============================== SRIM-2013.00 ==============================
==============================================================================
====== SRIM Outputs\RANGE_3D.txt : File of Final Ion Positions =====

Ion = Ar (18)   Ion Mass= 039.9620
Energy  = 1000000.E-04 keV
Ion Angle to Surface = 00.0 degrees
==================== TARGET =======================
  Layer # 1 - GaAs
  Layer # 1 - Bottom Depth=320000.E-02 A
  Layer # 1 - Density =0005.3200 g/cm3
  Layer # 1 -  50 % of Ga
  Layer # 1 -  50 % of As
様様様様様様様様様様様様様様様様様様様様様様様様様様
                                            
Ion       Depth  X   Lateral Y   Lateral Z  
Number    (Angstrom) (Angstrom)  (Angstrom) 
-------  ----------- ----------- -----------
0000001   1.0241E+03 -1.1663E+02  6.8381E+01
0000002   1.1377E+03 -4.4528E+02  2.5226E+02
0000003   1.5160E+03 -3.4414E+02 -2.7163E+02
0000004   1.0601E+03 -2.8249E+01  4.1679E+01
0000005   6.1684E+02  4.7633E+02 -1.1903E+02
0000006   1.1873E+03  2.6550E+02 -1.5623E+02
0000007   4.0188E+02  1.6023E+02  7.1069E+01
0000008   1.5292E+03 -8.3951E+02 -3.1235E+02
0000009   1.0496E+03 -3.6017E+02  4.8930E+02
0000010   1.3078E+03  8.9697E+01  3.3169E+02
0000011   7.3679E+02  2.8939E+00 -2.9673E+02
0000012   4.5599E+02 -3.0651E+02  7.1829E+02
0000013   6.6470E+02  3.7836E+02  6.6597E+02
0000014   5.2432E+02 -4.3766E+02  1.6375E+02
0000015   8.3847E+02  2.2049E+02 -2.3527E+02
0000016   8.7247E+02 -1.7107E+02  1.5460E+02
0000017   4.5171E+02 -2.3629E+02  4.2813E+02
0000018   2.7597E+02  6.4472E+01  2.8139E+02
0000019   7.4299E+02  9.5242E+01  8.0459E+02
0000020   9.8013E+02 -2.8862E+02 -4.8412E+02
0000021   8.7064E+02 -1.8369E+02  3.0223E+02
0000022   1.0742E+03  3.2679E+01  1.6984E+02
0000023   1.3891E+03 -2.2683E+02 -1.5529E+02
0000024   1.1938E+03  2.4827E+02  2.3659E+02
0000025   2.7821E+02  3.2358E+01 -5.1708E+01
0000026   8.0779E+02 -2.0329E+02  8.1635E+01
0000027   1.5990E+03  1.9546E+02 -4.9579E+02
0000028   1.6688E+03  1.5854E+02  9.6302E+02
0000029   1.1364E+02  2.4502E+00 -1.4301E+02
0000030   3.0894E+02  2.9073E+00  4.1604E+02
0000031   1.0119E+03  3.5674E+02 -2.9182E+02
0000032   1.0981E+03 -8.4095E+02 -1.4336E+02
0000033   1.0111E+03 -6.3864E+02  2.1040E+02
0000034   1.0075E+03 -5.6547E+02 -4.1598E+02
0000035   9.6532E+01  2.0062E+02  3.1382E+02
0000036   5.1309E+02  2.5593E+02 -8.3097E+02
0000037   7.0253E+02  4.3307E+02  3.7878E+02
0000038   3.9908E+02 -1.5219E+02  1.8877E+01
0000039   4.2305E+02 -6.5212E+02  1.0690E+02
0000040   3.4664E+02 -3.0341E+02 -1.5406E+02
0000041   5.9001E+02  1.6843E+02  2.5139E+02
0000042   1.0038E+03  3.0565E+01  9.1735E+02
0000043   9.2409E+02 -1.1835E+02  8.4392E+02
0000044   3.2903E+02 -9.9749E+01 -2.9942E+02
0000045   3.0853E+02 -6.5646E+02 -1.2750E+02
0000046   6.5505E+02  2.5077E+02  9.7781E+01
0000047   4.1572E+02  2.0939E+02 -1.1960E+01
0000048   2.1555E+02  1.8349E+02 -3.4223E+02
0000049   8.7904E+02  4.3607E+02 -4.5485E+02
0000050   8.1621E+02  4.5789E+01 -2.2259E+01
0000051   1.3036E+03 -1.4800E+02 -2.1135E+01
0000052   7.9788E+02 -1.1551E+02 -2.3171E+02
0000053   7.1228E+02 -3.3322E+02  8.9626E+01
0000054   7.0401E+02  8.4079E+01 -6.1122E+01
0000055   4.0058E+01  1.5995E+02  1.9315E+02
0000056   9.6558E+02 -2.5405E+02 -2.4254E+02
0000057   5.7639E+02 -6.3567E+02 -7.9646E+02
0000058   1.1960E+03 -1.0502E+02  8.0673E+01
0000059   7.7780E+02 -4.6492E+02 -8.8533E+01
0000060   1.0629E+03 -4.7763E+02 -5.7604E+02
0000061   8.0675E+02 -3.2100E+02  2.6065E+02
0000062   3.2483E+02 -3.6999E+02  5.3998E+01
0000063   6.5100E+02  1.0257E+01  1.5466E+02
0000064   8.3831E+02  3.8554E+02 -1.5906E+02
0000065   5.3047E+02 -1.1385E+01  6.3912E+02
0000066   8.7689E+02 -1.8951E+01  1.9850E+02
0000067   1.2446E+03 -6.5081E+01 -2.9499E+02
0000068   1.0972E+03 -3.3883E+02  3.1869E+02
0000069   9.4904E+02 -4.2740E+02 -8.8824E+01
0000070   8.7710E+02 -1.3933E+02 -1.4189E+02
0000071   6.3000E+02 -2.5548E+02 -5.3604E+01
0000072   1.0807E+03  1.8225E+02 -6.5187E+02
0000073   2.6646E+02 -2.3572E+02 -2.2848E+02
0000074   4.8414E+02 -5.5470E+02 -3.4087E+02
0000075   1.0541E+03 -6.0060E+01  2.2047E+02
0000076   2.4782E+02  5.2571E+02 -6.2298E+02
0000077   1.0922E+03  3.1485E+02  2.9887E+02
0000078   5.8690E+02 -1.7555E+02  2.2798E+02
0000079   4.3015E+02  2.6131E+02  3.5093E+02
0000080   7.0130E+02 -6.6507E+02  6.9925E+01
0000081   1.0655E+03  3.6803E+01  1.6365E+02
0000082   8.1443E+02 -9.7001E+01  8.5834E+02
0000083   1.0779E+03  9.3186E+01 -5.9814E+02
0000084   3.4042E+02 -1.0283E+02  6.3320E+01
0000085   6.0160E+02  3.0119E+02  3.5319E+01
0000086   7.7359E+02 -2.0718E+02  1.6443E+02
0000087   6.1921E+02  9.4727E+01  2.8360E+01
0000088   2.5502E+02 -3.8302E+02  1.1097E+01
0000089   8.3928E+02 -3.8116E+02  9.0969E+01
0000090   1.1570E+03  7.0040E+00  4.3317E+02
0000091   9.3813E+01 -2.1335E+02 -4.4944E+02
0000092   7.4331E+02 -2.5155E+02  4.1782E+01
0000093   1.0962E+03 -6.3526E+01 -7.0324E+02
0000094   1.6293E+03  8.7499E+02 -5.5793E+01
0000095   1.4793E+03 -6.6349E+02 -4.7227E+02
0000096   1.5234E+03 -2.6708E+02 -1.1701E+02
0000097   1.1939E+03  1.7814E+02  7.0445E+01
0000098   4.6413E+02 -5.7720E+01  4.3216E+02
0000099   5.0382E+02  4.3457E+02 -3.8371E+02
0000100   1.2499E+03  3.8305E+02 -2.8377E+01
0000101   1.2401E+03 -1.6038E+02 -5.8390E+01
0000102   9.4728E+02  4.4293E+02 -3.2410E+02
0000103   2.0770E+02 -4.9836E+01 -7.7739E+02
0000104   9.3229E+02 -7.1925E+01  5.2342E+00
0000105   5.2648E+02  7.3244E+02  3.8377E+02
0000106   1.1742E+03 -4.6177E+02 -7.0032E+01
0000107   5.4916E+02  2.3649E+02  5.9604E+02
0000108   1.2026E+03 -3.7359E+02 -2.6284E+02
0000109   6.8539E+02 -1.4091E+02 -2.2550E+02
0000110   8.6457E+02  1.3043E+01  4.5194E+02
0000111   1.1545E+03  2.6505E+00 -4.8155E+02
0000112   1.6729E+03 -1.3428E+02 -2.2762E+02
0000113   1.1486E+03 -4.2025E+02 -3.2675E+02
0000114   4.8732E+02  3.3021E+00 -2.5041E+01
0000115   7.3275E+02  2.8706E+02  7.0930E+01
0000116   8.2599E+02  4.5889E+02  3.8703E+02
0000117   1.0074E+03  3.4316E+02 -2.6299E+01
0000118   6.0254E+02  2.6962E+02  9.1750E+02
0000119   4.8536E+02  1.8547E+01  9.8019E+02
0000120   9.6433E+02  1.6955E+02  2.8546E+02
0000121   1.2661E+03 -3.3799E+02 -2.0914E+01
0000122   4.3884E+02  2.0633E+02  6.7552E+02
0000123   7.3048E+02  1.4747E+02  8.1784E+02
0000124   1.5800E+03  1.8977E+02  1.2225E+02
0000125   9.3005E+02  5.0780E+02 -1.3598E+02
0000126   1.6756E+03 -1.0411E+02 -6.6751E+02
0000127   1.5042E+01  4.8581E+02  9.2334E+01
0000128   8.0759E+02  2.9098E+02 -3.8366E+01
0000129   3.7743E+02  1.8603E+02 -1.1585E+02
0000130   1.1290E+03 -4.2399E+02  7.2054E+02
0000131   1.0812E+02 -4.6608E+02 -3.6909E+02
0000132   7.3244E+02 -2.8612E+02  3.4174E+02
0000133   8.7428E+02 -6.1386E+02  1.8741E+02
0000134   1.1646E+03 -1.2376E+02 -2.1472E+01
0000135   1.6214E+03 -4.1475E+02 -1.9375E+02
0000136   1.4812E+03  3.6283E+02 -2.2192E+02
0000137   7.3448E+02 -2.2378E+02  7.4232E+02
0000138   1.2828E+03 -2.9204E+02  2.3705E+02
0000139   7.5848E+02 -1.4894E+02 -1.1542E+02
0000140   9.9669E+02  2.0028E+02  1.5063E+02
0000141   1.4399E+03 -4.6621E+02 -5.0598E+02
0000142   1.2819E+03  2.0471E+02  8.8628E+02
0000143   8.5516E+02  2.3234E+02  4.3538E+02
0000144   7.7173E+02 -5.2923E+02 -6.2205E+02
0000145   7.8740E+02  1.2346E+02  4.3732E+02
0000146   9.2024E+02  1.3635E+02 -2.3819E+02
0000147   5.5904E+02  6.9148E+02 -3.9485E+02
0000148   7.7167E+02 -2.6312E+01 -3.4811E+02
0000149   8.8818E+02  1.5429E+02  3.5210E+02
0000150   9.8039E+02 -4.3967E+01  1.7454E+01
0000151   1.4533E+03 -8.1032E+02 -1.0290E+02
0000152   1.4962E+03  1.6131E+02  2.0192E+02
0000153   4.7528E+02 -1.8760E+02 -2.3534E+02
0000154   1.1924E+03  5.6507E+01  3.4716E+02
0000155   8.8060E+02 -4.7415E+02  3.5271E+02
0000156   8.2327E+02 -3.6635E+02  5.0584E+02
0000157   1.0767E+03  2.2909E+02 -9.5972E+02
0000158   4.7254E+02 -7.4422E+02  1.7594E+02
0000159   1.3870E+03  7.3300E+02 -2.8451E+02
0000160   5.6692E+02  8.0160E+02 -4.5096E+02
0000161   1.2677E+03 -1.5654E+01  6.4154E+02
0000162   3.4530E+02 -1.3820E+02  6.3643E+01
0000163   8.6176E+02 -1.5844E+02  2.1223E+02
0000164   4.2598E+02 -6.4817E+02  3.3338E+02
0000165   8.2303E+02 -4.1002E+02  7.2234E+02
0000166   3.3046E+02  1.1746E+02  5.2605E+01
0000167   9.2567E+02 -1.1759E+02  4.3067E+02
0000168   1.2362E+03 -7.1797E+01  6.0972E+01
0000169   6.0566E+02  2.3830E+02 -1.3930E+02
0000170   1.2636E+03  3.0438E+02  2.6108E+02
0000171   8.8339E+02  8.4425E+02 -7.3911E+01
0000173   1.6212E+03  1.1659E+02  5.3392E+02
0000174   3.2620E+02 -9.1316E+01 -6.9470E+01
0000175   6.0198E+02 -1.6353E+02 -3.9180E+02
0000176   2.4852E+02 -5.7572E+02  2.9957E+02
0000177   1.2145E+03 -3.0524E+02  1.1082E+02
0000178   9.1396E+02 -9.3614E+00 -2.7807E+02
0000179   4.1329E+02 -2.1253E+02 -1.3942E+02
0000180   4.9752E+02  1.1472E+02 -4.6162E+02
0000181   7.0673E+02 -2.1636E+02  2.1617E+02
0000182   9.0126E+02 -4.4287E+02  1.8118E+02
0000183   1.5513E+03 -4.4348E+01 -3.7884E+02
0000184   7.8690E+02  7.6681E+02  2.3491E+02
0000185   3.4268E+02  3.8135E+02 -2.8352E+02
0000186   4.5270E+02  1.5191E+02  8.9790E+01
0000187   4.7073E+01 -1.1392E+02 -1.4095E+02
0000188   1.5652E+03 -4.5620E+01  1.4373E+02
0000189   1.2572E+03 -1.1581E+02 -1.8927E+02
0000190   1.5944E+03 -8.6364E+01  3.8964E+02
0000191   9.2244E+02  2.5330E+02  6.0236E+02
0000192   1.0384E+03 -5.2374E+02  3.6055E+01
0000193   7.8981E+02 -1.1809E+02  1.1181E+02
0000194   2.8714E+02  1.0150E+01 -1.1420E+02
0000195   4.0689E+02 -5.6731E+01 -7.7257E+01
0000196   3.7717E+02 -4.4256E+02  7.5403E+02
0000197   1.3217E+03  2.6464E+01  6.9833E+01
0000198   6.7048E+02  2.2518E+02 -1.8627E+02
0000199   1.3519E+03  1.7826E+01  1.7835E+02
0000200   4.5990E+02 -1.9050E+02 -1.1749E+02
0000201   2.6684E+02 -3.6540E+02  1.3733E+02
0000202   5.7290E+02  2.4529E+01 -7.8407E+01
0000203   1.1510E+03  5.5986E+02  6.8542E+02
0000204   3.5920E+02 -4.8731E+02 -3.6101E+02
0000205   6.0217E+02 -1.0868E+02  6.0876E+01
0000206   1.4231E+03  5.0459E+02 -3.2386E+02
0000207   4.5887E+02  8.0931E+02 -3.3691E+02
0000208   3.6660E+02  1.3307E+02 -3.7923E+02
0000209   1.1626E+03 -6.7419E+02 -2.4525E+02
0000210   5.0500E+02  2.3543E+02  7.4029E+01
0000211   1.5622E+03  3.9464E+02 -4.7090E+01
0000212   1.7998E+02 -1.7429E+02  9.7306E+02
0000213   1.1273E+02 -8.0300E+02  3.4226E+02
0000214   8.8392E+02  3.5736E+01  3.3709E+02
0000215   1.1071E+03  2.3355E+02  1.2016E+03
0000216   5.0394E+02 -4.6971E+01  4.5181E+02
0000217   7.6897E+02 -2.3263E+02 -1.0612E+02
0000218   8.6014E+02  2.5166E+02 -3.7410E+02
0000219   6.1895E+02  2.3783E+02 -3.0105E+02
0000220   1.8352E+02  5.5242E+01 -4.6081E+01
0000221   1.3679E+03  9.1520E+01 -5.8969E+02
0000222   9.1016E+02  7.2409E+02  3.2393E+02
0000223   1.1130E+03 -1.1912E+03  4.7145E+01
0000224   3.4864E+02  3.4574E+02 -4.5398E+02
0000225   9.7036E+02 -2.3250E+02 -5.4738E+02
0000226   9.6239E+02  4.0625E+02  6.6085E+02
0000227   3.4544E+02 -5.6068E+02 -3.3827E+02
0000228   6.6958E+02  7.1470E+01  4.8001E+02
0000229   7.9064E+02 -8.1197E+02  2.9410E+02
0000230   1.4433E+03 -4.2810E+02 -1.6998E+02
0000231   4.8828E+02  4.4959E+01  1.6025E+02
0000232   9.2665E+02 -3.2148E+02 -1.1074E+02
0000233   4.9692E+02 -2.8338E+02  2.2243E+02
0000234   1.0499E+02 -3.6807E+01 -5.5880E+01
0000235   5.1152E+02 -5.3076E+02  1.0587E+02
0000236   5.9806E+02  4.6454E+02  2.2218E+02
0000237   7.1645E+02 -5.4553E+02 -4.8276E+02
0000238   7.5873E+02  5.0982E+02  1.6174E+02
0000239   1.0375E+03  8.0318E+01  1.9119E+02
0000240   4.1673E+02  1.4463E+02 -2.2066E+02
0000241   1.0396E+03 -8.2772E+02  6.2693E+02
0000242   9.1588E+01 -3.5212E+02 -6.9152E+01
0000243   1.2537E+03 -8.5022E+01 -1.4146E+02
0000244   1.4044E+01  4.9382E+01  2.3332E+01
0000245   4.0743E+02  2.1062E-01  2.3481E+02
0000246   2.7051E+02  1.7906E+02 -9.5736E+02
0000247   1.1344E+03  2.4724E+02  6.3104E+02
0000248   1.1005E+03 -5.5170E+02 -6.4442E+02
0000249   4.0061E+02  5.4334E+02 -2.1391E+02
0000250   1.2186E+03 -7.7289E+02 -2.9173E+02
0000251   7.2412E+02  2.1476E+02 -1.1164E+03
0000252   4.8003E+02 -6.1450E+01 -1.2845E+02
0000253   1.4288E+03 -1.5450E+02 -2.2006E+02
0000254   5.9858E+02 -1.3705E+02  1.2910E+02
0000256   7.0843E+02  2.0172E+01 -5.3797E+02
0000257   1.2159E+03  9.7748E+01 -4.9079E+02
0000258   6.4957E+02  4.3774E+02 -7.2869E+02
0000259   7.4663E+02  5.3142E+02  1.1829E+02
0000260   9.9746E+02 -2.2156E+02  2.8479E+02
0000261   1.0315E+03 -3.7844E+02  1.8061E+02
0000262   9.3961E+02 -1.3599E+02  2.4523E+02
0000263   4.3782E+02  2.2139E+02 -5.2491E+01
0000264   2.9558E+02  5.1748E+01  1.4891E+02
0000265   9.5202E+02  7.8597E+02 -2.4167E+01
0000266   7.6324E+02 -7.3387E+02 -3.6008E+02
0000267   6.4239E+02  2.4426E+02  6.1691E+02
0000268   5.8580E+02 -3.1802E+02  1.9456E+02
0000269   8.7378E+02  3.4837E+02 -6.4366E+02
0000270   1.0042E+03  5.0382E+01  2.8884E+02
0000271   4.9604E+02  1.0689E+01  2.2746E+02
0000272   1.1152E+03  4.5115E+02 -4.7853E+01
0000273   3.0506E+02  1.8680E+02  5.3917E+01
0000274   8.2021E+02  1.4139E+02 -4.2038E+01
0000275   1.2181E+03 -1.1018E+02  6.0569E+02
0000276   1.0016E+03 -1.5981E+02  5.5498E+02
0000277   1.8587E+02  7.8380E+02 -6.1616E+02
0000278   2.4032E+02  1.8249E+02  1.4064E+02
0000279   8.6440E+02 -2.0451E+02  1.8360E+02
0000280   8.9834E+02 -5.2511E+02 -4.4878E+02
0000281   8.8172E+02  9.9595E+01  5.3529E+02
0000282   7.9977E+02  1.5582E+02 -6.2973E+01
0000283   5.4349E+02 -1.8392E+02  2.1083E+02
0000284   1.6141E+03 -4.4374E+01 -1.3515E+02
0000285   1.1280E+03 -6.7356E+02 -4.9051E+02
0000286   6.7535E+02  6.0783E+02 -2.3884E+02
0000287   4.0204E+02 -8.8047E+01 -1.6100E+02
0000288   1.2618E+03 -2.7613E+02  5.8755E+01
0000289   2.6840E+02  8.3949E+01 -3.2299E+02
0000290   1.2100E+02 -7.0646E+02  1.3468E+02
0000291   1.0433E+03 -4.4700E+02 -1.3070E+01
0000292   6.2003E+02  1.6715E+02  6.1196E+01
0000293   9.5937E+02  6.1194E+02  1.0153E+02
0000294   1.0651E+03 -4.7244E+02 -1.3490E+02
0000295   1.2261E+03 -1.5777E+02 -5.3483E+02
0000296   7.3747E+02  5.8276E+02 -2.2239E+02
0000297   9.2733E+02  7.8367E+02  8.6999E+01
0000298   1.1699E+03  3.6246E+02  5.6957E+02
0000299   6.7049E+02 -3.8783E+02  2.6152E+02
0000300   4.0852E+02 -1.6602E+02  3.8530E+02
0000301   5.5591E+02  2.1386E+02 -7.3168E+01
0000302   7.0765E+02  4.1690E+01 -1.2097E+02
0000303   1.0445E+03  8.6915E+01 -2.7519E+01
0000304   3.7547E+02 -7.8732E+00 -4.4473E+02
0000305   1.5673E+02  3.2212E+02  1.2049E+02
0000306   1.0351E+03  3.8025E+02 -6.3581E+02
0000307   4.8468E+02 -2.3873E+02  4.9187E+02
0000308   1.0791E+03 -3.3401E+02  4.0079E+02
0000309   2.9233E+02 -1.1843E+02  1.4169E+02
0000311   6.0895E+02  5.0258E+02 -4.2408E+02
0000312   8.2512E+02  2.2182E+02  1.4133E+02
0000313   7.5467E+02  2.3943E+02  3.0982E+02
0000314   6.2671E+02 -3.0541E+02 -1.7316E+00
0000315   4.1340E+02 -1.7346E+02 -1.1715E+02
0000317   8.0875E+02 -3.4562E+02  1.6359E+02
0000318   1.0689E+03 -1.1259E+02 -4.9955E+02
0000319   7.8009E+01  2.6665E+01  1.2115E+02
0000320   1.0491E+02  2.9861E+02 -1.6032E+02
0000321   7.3512E+02 -2.7590E+02 -4.2554E+02
0000322   4.5064E+02 -4.2793E+01 -8.2516E+01
0000323   6.1963E+02 -5.8784E+02  8.3753E+02
0000324   3.6506E+02  2.6441E+02  7.5292E+02
0000325   8.4875E+02 -6.1174E+02  1.1969E+02
0000326   4.0848E+02  1.9023E+02 -6.8949E+01
0000327   1.5341E+03  8.3398E+02  7.0784E+01
0000328   1.0081E+03 -1.5565E+01 -2.3269E+02
0000329   5.4399E+01  1.0099E+02  3.0597E+02
0000330   7.2437E+02 -6.7505E+02 -2.1841E+02
0000331   5.1641E+02 -2.8336E+02  4.9073E+02
0000332   6.7323E+02 -1.4989E+02  5.3556E+02
0000333   8.7493E+02  2.6056E+02  3.8918E+02
0000334   1.7285E+01 -4.8450E+02 -7.6572E+01
0000335   7.8122E+02  4.2257E+01  4.5615E+02
0000336   5.3670E+02  1.1018E+02 -1.7716E+02
0000338   4.3247E+02 -4.2011E+01 -1.6857E+02
0000339   8.4785E+01  1.5540E+01 -1.3572E+02
0000340   1.0806E+03 -2.1932E+02  8.5250E+01
0000341   2.9764E+02 -9.3306E+01 -4.9244E+02
0000343   1.4928E+03 -5.2826E+02 -4.2297E+01
0000344   2.3072E+02  3.6778E+02 -3.0050E+01
0000345   9.3483E+02  1.8312E+02 -2.7041E+02
0000346   1.5259E+02  3.8794E+02  3.8391E+01
0000347   7.0394E+02 -3.9836E+02  4.0563E+02
0000348   5.5485E+02 -6.6202E+01  3.0566E+02
0000349   3.8294E+02 -2.2322E+01  1.1478E+02
0000350   4.7014E+02  3.5696E+02  1.4154E+01
0000351   1.4026E+03 -1.4998E+02 -9.9092E+01
0000352   7.3642E+02  5.3197E+02  6.6470E+02
0000353   1.1274E+03 -2.2298E+01 -2.2049E+01
0000354   9.9945E+02  2.7626E+02  2.9747E+02
0000355   7.8176E+02 -4.2354E+02  7.8429E-01
0000356   1.6132E+01  2.5272E+02 -1.6232E+02
0000357   1.0093E+03  4.6022E+01  1.2501E+02
0000358   5.9811E+02 -8.6947E+02 -2.1320E+02
0000359   1.4199E+02  7.0359E+02 -8.2599E+02
0000360   7.5107E+02  2.7356E+02  4.0030E+02
0000361   2.5068E+02 -2.6533E+02  6.1827E+02
0000362   6.4398E+02  7.0897E+01 -2.6083E+01
0000363   8.5591E+02  2.6822E+02 -2.1405E+02
0000364   1.0196E+03  6.8419E+02  4.6869E+02
0000365   8.1006E+02 -4.9026E+02 -1.0844E+02
0000366   8.6005E+02 -2.4032E+02  3.3675E+02
0000367   3.9238E+02  4.2110E+01 -2.9126E+01
0000368   3.7759E+02  8.9690E+01  3.8343E+01
0000369   8.9313E+02  5.9814E+02 -2.9494E+02
0000370   1.6963E+02 -2.6695E+02 -1.0232E+02
0000371   1.1734E+03  7.7582E+01  5.6336E+02
0000372   6.6216E+02 -6.0919E+01 -5.8657E+02
0000373   8.3480E+02 -5.3214E+02 -1.1104E+02
0000374   8.3547E+02  2.0564E+02  2.8285E+01
0000375   7.0212E+02 -5.8960E+01  3.6713E+02
0000376   4.7918E+02 -1.0050E+02  9.1560E+02
0000377   3.3740E+02 -1.5248E+02  1.9655E+01
0000378   4.7229E+02  5.3206E+01 -3.2214E+02
0000379   9.9381E+02  1.0699E+03 -3.5462E+02
0000380   6.1684E+02 -5.7829E+02  3.0746E+00
0000381   6.6951E+02 -4.3709E+02 -2.3891E+02
0000382   1.0068E+03 -5.1825E+01  5.6457E+01
0000383   6.4087E+02  1.7691E+02  8.3484E+02
0000384   7.7636E+02  7.5839E+02  1.2109E+03
0000385   5.3478E+02 -1.6209E+02  2.4943E+02
0000386   1.0378E+03 -3.0042E+02  8.3788E+02
0000387   5.8413E+02  2.7241E+02 -1.4098E+02
0000388   1.0040E+02 -1.5909E+02  6.5230E+01
0000389   7.6376E+02  1.4366E+02 -7.5620E+01
0000390   9.6764E+02  6.8796E+02 -4.2646E+02
0000391   9.3377E+02 -7.1339E+02 -2.1849E+02
0000392   1.1445E+03 -4.3836E+02  1.0292E+02
0000393   7.4576E+02 -1.7861E+02 -3.3409E+02
0000395   9.4566E+02 -1.9464E+02  7.7832E+00
0000396   1.1675E+03 -5.8900E+01  7.6529E+02
0000397   1.0243E+03  6.5973E+02  6.6783E+01
0000398   4.9657E+02 -1.9261E+02 -2.8804E+02
0000399   2.9537E+02  3.3221E+01  2.8182E+02
0000400   5.9391E+02 -1.1303E+02  1.4609E+02
0000401   6.9758E+02 -2.7323E+02  8.1048E+01
0000402   2.5206E+02 -8.6481E+01  2.0004E+02
0000403   7.1703E+02 -2.3270E+02  6.3798E+02
0000404   6.8028E+02  3.1194E+02 -4.2928E+02
0000405   1.0174E+03  8.4718E+00 -5.3546E+01
0000406   7.1751E+02  7.4805E+02  4.4812E+02
0000407   6.2728E+02  7.8530E+02 -3.7585E+02
0000408   1.6047E+03  1.4882E+02 -8.0517E+01
0000409   8.0986E+02  5.9479E+02  9.7195E+01
0000410   8.4886E+02 -6.4990E+02 -9.5404E+01
0000411   1.0430E+03  5.8239E+01  4.8532E+01
0000412   6.5108E+02 -4.0459E+02  2.2335E+02
0000413   6.5381E+02  2.6338E+02  5.9654E+02
0000414   1.3143E+03 -2.3160E+02  8.9676E+01
0000415   1.2296E+03  1.2592E+02  1.6794E+02
0000416   6.9711E+02  5.5713E+02  1.5280E+02
0000417   8.3986E+02 -6.3508E+01  2.7422E+02
0000418   5.7375E+02 -6.9907E+02  6.2615E+02
0000419   1.0069E+03 -5.0702E+02  2.1597E+02
0000420   3.6160E+02  1.3400E+02  2.7637E+02
0000421   9.4766E+02 -2.0868E+02  4.1352E+02
0000422   6.1236E+02  3.5260E+02 -3.6234E+02
0000423   7.5385E+02 -4.3301E+02  4.3727E+02
0000424   2.8908E+02  7.3954E+02  3.5147E+02
0000425   7.6885E+02  2.6896E+02 -2.1112E+02
0000426   1.5147E+03 -3.2236E+02  6.5042E+02
0000427   7.5946E+02 -7.6211E+02 -2.4540E+02
0000428   1.6515E+03  3.4878E+02  3.8578E+01
0000429   1.1199E+03  2.9605E+00 -2.0424E+02
0000430   1.2827E+03 -5.1032E+02  4.2932E+02
0000431   1.0720E+03  1.8592E+02  7.2760E+02
0000432   7.0756E+02  4.3415E+02  3.4134E+02
0000433   9.5965E+02 -1.1233E+02 -3.0099E+02
0000434   9.4654E+02  1.2106E+02  4.1112E+02
0000435   1.0846E+03 -3.7162E+02  6.6620E+02
0000436   4.5779E+02 -4.1381E+02  2.7960E+02
0000437   1.2205E+03 -8.2452E+02 -2.2477E+02
0000438   2.9068E+02  2.6031E+02  8.5334E+02
0000439   9.0258E+02 -6.7730E+02  1.9224E+02
0000440   7.9673E+02 -3.7172E+02  3.8334E+02
0000441   6.0083E+02 -8.9838E+01  8.6914E+01
0000442   1.4501E+03  2.6579E+02  1.7245E+02
0000443   1.2500E+03 -8.4907E+02 -3.6957E+02
0000444   1.1232E+03  4.9210E+02 -5.7067E+02
0000445   9.8853E+02 -5.4020E+02  3.6256E+02
0000446   1.6441E+02 -2.0955E+02 -3.7579E+02
0000447   1.6505E+03  5.1656E+02 -5.7601E+02
0000448   7.8970E+02  2.4332E+02 -4.4864E+02
0000449   2.6487E+02  4.0606E+01 -1.3566E+02
0000450   1.6005E+03  1.0032E+02 -1.5342E+02
0000451   2.1703E+02 -1.9480E+02  3.8767E+02
0000452   1.5824E+03 -2.4647E+02 -4.7736E+00
0000453   9.1938E+02  5.6479E+02 -6.1076E+02
0000454   3.5334E+02  4.5551E+02  6.2002E+01
0000455   1.1747E+03 -1.2650E+02 -4.8059E+01
0000456   3.2413E+02 -3.6282E+02  5.5745E+02
0000457   5.3459E+02  1.4203E+01 -1.5280E+02
0000459   7.3116E+02 -2.3013E+02 -3.8330E+02
0000460   7.3145E+02 -2.8713E+01 -1.8961E+02
0000461   6.7469E+02 -3.7712E+02 -1.0836E+02
0000462   1.1271E+03 -3.7398E+02  1.4598E+02
0000463   3.8648E+02  1.3796E+02  1.1975E+02
0000464   1.3459E+03 -2.2072E+02 -5.6527E+02
0000465   4.9251E+02  2.3121E+02 -3.1783E+01
0000466   1.0195E+03  2.6112E+02 -1.8984E+02
0000467   3.8869E+02  5.9166E+02 -3.1051E+02
0000468   7.9979E+02 -2.0531E+02 -1.6955E+02
0000469   4.8855E+02  4.2302E+01  3.9673E+02
0000470   1.2632E+03  2.3460E+02  2.8941E+02
0000471   1.5670E+03  1.6844E+01  1.8913E+01
0000472   6.0555E+02  9.0761E+01 -2.8234E+02
0000473   1.0183E+03 -1.7405E+02 -3.8499E+02
0000474   3.3616E+02 -4.0219E+02 -3.4960E+01
0000475   6.9194E+02  1.9294E+02 -2.3542E+01
0000476   5.7639E+02  5.5818E+02  3.5214E+02
0000477   3.1054E+02  1.7148E+02 -1.8867E+02
0000478   1.0295E+03 -9.3706E+02  3.6415E+02
0000479   4.8457E+02 -9.4797E+01 -3.4033E+02
0000480   1.3392E+03 -4.7144E+02  2.8288E+02
0000481   1.0637E+03 -9.2250E+02  8.7784E+01
0000482   6.5370E+02 -1.8167E+02 -9.3801E+01
0000483   1.1910E+03 -2.8306E+01  5.6382E+01
0000484   2.6838E+02 -9.0878E+01 -4.7231E+02
0000485   1.4098E+03  3.4163E+01 -2.9128E+02
0000486   7.9162E+02 -9.2538E+01  5.4142E+02
0000487   9.4752E+02  4.4817E+02  4.8998E+02
0000488   1.5249E+02  7.0812E+02 -5.0602E+02
0000489   1.4157E+02 -5.1992E+02  1.1611E+02
0000490   6.8019E+02  3.0884E+02 -1.4692E+02
0000491   9.1801E+02 -1.5753E+02  4.0549E+02
0000492   1.2078E+03 -1.0235E+02 -2.3317E+02
0000493   4.5189E+02  1.0650E+02  2.9306E+02
0000494   1.0717E+02 -2.2902E+02  2.3885E+02
0000495   2.8827E+02  3.5412E+02  3.0174E+02
0000496   7.4931E+02  2.5465E+02 -3.0632E+02
0000497   7.3045E+02  2.7465E+02 -3.5849E+02
0000498   1.0707E+03  4.4196E+02  1.5098E+02
0000499   5.0524E+02  1.6626E+02  3.2273E+01
0000500   7.8892E+02 -7.3687E+01  3.3994E+02
0000501   6.4311E+02  1.0267E+02  1.0474E+02
0000502   1.0874E+03 -3.4420E+02 -5.0573E+02
0000503   5.8513E+02 -3.3721E+02  7.3816E+00
0000504   4.2600E+02 -3.5968E+02  2.5975E+02
0000505   1.2422E+03 -5.3764E+01  2.4646E+02
0000506   4.1168E+02 -2.1564E+02 -4.6711E+02
0000507   1.1379E+03 -6.7507E+01 -6.7124E+02
0000508   1.5664E+02  1.5463E+02  2.6873E+01
0000509   1.3532E+03 -5.6825E+02 -5.3611E+02
0000511   1.3496E+03 -3.9972E+02  4.0903E+02
0000512   2.5864E+02 -1.8520E+02 -2.6644E+02
0000513   9.5776E+02 -4.3822E+02  7.8640E+01
0000514   1.1192E+03  4.9536E+02 -2.9014E+02
0000515   4.6444E+01  1.0428E+02 -5.8473E+02
0000516   1.4782E+03  2.3080E+02 -2.0037E+02
0000517   1.1463E+03  6.4242E+02 -2.0198E+01
0000518   7.5948E+02 -6.0000E+02  1.1081E+02
0000519   5.5107E+02  5.2992E+02 -2.7343E+02
0000520   4.2652E+01 -6.1484E+01  6.1691E+02
0000521   5.0222E+02  3.0713E+02 -2.0243E+02
0000522   7.1578E+02 -7.1097E+02  7.7824E+02
0000523   1.1147E+03 -1.5355E+02  8.1443E+00
0000524   3.2220E+02  3.6560E+02  3.6267E+01
0000525   1.0276E+03  1.8796E+02  4.8297E+02
0000526   1.2777E+03  2.9108E+02  2.1085E+01
0000527   4.7422E+02  4.6708E+00  5.5845E+02
0000528   1.3328E+03 -3.8962E+02  1.9195E+02
0000529   1.3467E+03  5.4268E+02  2.5781E+02
0000530   9.6758E+02 -3.0629E+02 -1.8141E+02
0000531   1.2467E+03  7.1805E+02 -1.7530E+02
0000532   1.5185E+03 -3.2932E+02 -6.8778E+02
0000533   8.9401E+02  1.9422E+02 -5.2226E+02
0000534   3.1284E+02  2.8850E+02  1.0341E+01
0000535   6.1886E+02  1.7565E+02  6.7723E+02
0000536   1.4542E+02 -1.1704E+01 -7.9435E+01
0000537   1.5107E+03 -2.5688E+01 -4.9771E+01
0000538   1.6733E+03 -3.4410E+02 -6.2365E+02
0000539   4.8169E+02  1.8771E+02  3.6232E+01
0000540   5.6734E+02 -5.7192E+02 -1.4610E+02
0000541   9.5944E+02  1.4030E+02 -1.8164E+02
0000542   4.8069E+01  1.2771E+02  1.3083E+02
0000543   1.2286E+03  1.3983E+02  9.4834E+02
0000544   4.1487E+02 -5.8627E+02 -6.5972E+02
0000545   1.7623E+03  2.9490E+02 -3.4709E+02
0000546   8.3694E+02  1.0239E+02 -4.3889E+02
0000547   7.0456E+02 -1.7793E+01  4.4377E+02
0000548   6.8414E+02 -1.5134E+02  1.1010E+02
0000549   1.0440E+03 -7.1663E+02  1.8763E+01
0000550   7.3465E+02 -2.7290E+02 -6.3280E+01
0000551   8.2320E+02 -1.7874E+02 -2.3027E+02
0000552   1.0653E+03  3.0460E+02 -3.2104E+02
0000553   1.5151E+03 -2.3504E+01  4.7834E+02
0000554   4.5498E+02 -2.5954E+02 -6.0564E+02
0000555   8.7429E+02  5.3742E+01  1.6624E+02
0000556   7.7171E+02  6.2222E+01 -5.1989E+02
0000557   3.4545E+02  5.8325E+02 -3.9398E+01
0000558   3.4973E+02  1.0519E+02  2.1047E+02
0000560   9.3781E+02 -2.9901E+02  4.8064E+02
0000561   1.0717E+03  2.7458E+02  4.2821E+02
0000562   1.2463E+03  8.8505E+02 -1.1417E+01
0000563   8.0663E+02  3.4899E+02 -8.7066E+00
0000564   1.0616E+03 -3.1317E+02 -3.3074E+02
0000565   5.3103E+02 -8.1616E+01 -6.6900E+02
0000566   7.4289E+02 -5.3129E+02 -3.6231E+02
0000567   1.0566E+03  3.1682E+02  3.2478E+02
0000568   1.2032E+03 -5.4510E+02  1.8025E+02
0000569   1.9489E+02  1.1498E+02  2.5697E+02
0000570   1.0990E+03 -3.6342E+02 -5.2582E+02
0000571   1.0010E+03 -7.1631E+02 -1.1194E+02
0000572   6.5262E+02  9.8986E+00  3.6332E+02
0000573   3.8809E+02 -1.9873E+02 -1.6550E+02
0000574   6.6450E+02 -7.4576E+02  1.8132E+02
0000575   1.0032E+03 -7.5069E+02 -2.4326E+02
0000576   6.2179E+02  2.4283E+02  8.1502E+02
0000577   7.7588E+01  3.9554E+02  1.0045E+02
0000578   9.1648E+02  5.0973E+01 -4.4333E+02
0000579   1.1733E+03  9.9235E+02 -6.1211E+02
0000580   2.2423E+02 -1.9873E+02  4.3663E+02
0000581   1.9867E+02  1.2591E+02 -1.8257E+02
0000582   4.3441E+02  3.5123E+02 -3.2769E+02
0000583   6.5457E+02 -5.3358E+02  8.6605E+01
0000584   4.8434E+02 -4.8048E+02 -1.5137E+02
0000585   6.7444E+02 -2.8691E+02  1.0772E+02
0000586   1.0970E+03 -1.3636E+02  2.7513E+02
0000587   7.6220E+02 -2.1801E+01 -1.2862E+02
0000588   7.5116E+02 -1.0681E+02  3.7127E+02
0000589   1.9500E+02  5.7523E+02 -3.0267E+02
0000590   5.5099E+02 -1.9610E+02  4.5289E+01
0000591   9.3330E+02 -2.5666E+01  4.9942E+01
0000592   5.8553E+02 -6.1267E+02 -3.9423E+02
0000593   1.1963E+03  3.4049E+02 -1.9496E+02
0000594   1.9657E+02 -5.2380E+02 -5.8172E+01
0000595   8.4007E+02 -4.4454E+02 -1.3385E+02
0000596   9.1277E+02 -3.2015E+00 -2.9295E+02
0000597   1.0008E+02 -1.5696E+02  5.3055E+02
0000598   1.1911E+02 -4.8689E+02  3.3193E+02
0000599   6.9137E+02 -6.0023E+02  6.7244E+01
0000600   7.2353E+02  5.7945E+01  2.2720E+02
0000601   8.4666E+02  2.1396E+02 -3.2644E+01
0000602   4.7626E+02  1.1081E+02 -3.2123E+02
0000603   5.2913E+02  4.7177E+02 -2.1041E+01
0000604   1.7209E+03 -2.4609E+02 -8.6856E+01
0000605   7.4953E+02  1.9613E+02 -6.1287E+01
0000606   8.0288E+02 -6.0038E+01 -2.4089E+02
0000607   5.4596E+02  1.8949E+00 -3.5147E+02
0000608   7.3051E+02 -4.3648E+01  1.7494E+02
0000609   6.9826E+02  1.3833E+02 -8.7518E+02
0000610   4.5179E+02  1.2990E+02 -1.2003E+02
0000611   7.1508E+02 -3.4798E+01 -3.6654E+02
0000612   1.6572E+02  3.3489E+02  1.3150E+02
0000613   5.6183E+01 -1.5207E+02 -9.4240E+01
0000614   1.1283E+03  9.0754E+00  2.2379E+02
0000615   1.0414E+03  1.3646E+02 -2.3903E+02
0000616   7.6342E+02  3.1699E+02  9.5807E+01
0000617   3.9802E+02 -3.0323E+02  3.2246E+02
0000618   7.9045E+02  4.0624E+02 -2.2126E+02
0000619   8.9418E+02  1.9564E+02 -1.1380E+02
0000620   3.6136E+02  3.4230E+02 -3.8316E+02
0000621   9.6714E+02  4.4022E+02 -3.2829E+02
0000622   7.5515E+02  3.7295E+02 -5.9599E+01
0000623   8.0056E+02 -2.6891E+01  4.9850E+01
0000624   9.4663E+02  1.8142E+02  3.0488E+01
0000625   5.7941E+02  1.3672E+02 -5.4260E+01
0000626   1.9225E+02  4.3270E+02  4.4863E+02
0000627   4.5751E+02 -1.0507E+02 -2.6017E+02
0000628   2.2246E+02 -3.9513E+02 -2.8519E+02
0000629   1.0317E+03 -7.9824E+02  4.8595E+02
0000630   1.1830E+03  2.5310E+01 -1.8490E+02
0000631   1.1764E+03  7.6427E+00 -8.0491E+01
0000632   6.7831E+02 -2.3262E+02 -8.9664E+02
0000633   1.0013E+03  4.9798E+02 -2.0430E+02
0000634   1.3253E+03 -3.7429E+02 -3.4119E+02
0000635   5.6688E+02 -4.5930E+02  3.8335E+02
0000636   1.9621E+02 -2.5542E+02 -6.5704E+01
0000637   9.2723E+02  4.8534E+02 -1.9676E+02
0000638   6.5996E+02 -1.7522E+02 -1.0912E+02
0000639   6.2559E+02  6.3308E+02  1.0275E+02
0000640   1.4452E+02  1.5049E+02 -2.3338E+02
0000641   7.5068E+02 -1.7523E+02  4.4174E+02
0000642   5.7295E+02 -3.0543E+02 -2.7991E+01
0000643   6.9507E+02 -3.3940E+02  1.4274E+02
0000644   4.8716E+02  1.1998E+02 -9.3392E+01
0000645   5.1003E+02  1.0193E+01 -6.0898E+01
0000646   4.5518E+02  3.5049E+02 -1.8728E+02
0000647   6.9155E+02 -5.4858E+02 -2.5915E+02
0000648   1.8010E+01  1.6452E+02 -4.0837E+02
0000649   9.5953E+02 -2.1676E+02  4.6310E+02
0000650   1.2987E+03  2.5342E+02 -1.4255E+02
0000651   1.2606E+03 -6.5305E+02 -9.0622E+01
0000652   7.5984E+02  5.2883E+02 -6.2934E+02
0000653   8.4897E+02 -2.9183E+02  5.5643E+02
0000654   1.1270E+03 -1.9792E+02  3.4183E+02
0000655   4.3292E+02 -3.7091E+02  3.2481E+02
0000656   3.6769E+02  2.3076E+02 -2.8948E+02
0000657   6.4672E+02 -3.3679E+02  2.4160E+02
0000658   1.2765E+03  8.8264E+01  4.9542E+02
0000659   7.3284E+02 -5.0983E+02  7.2069E+02
0000660   5.6153E+02  2.2748E+02 -2.2245E+02
0000661   8.4237E+02 -1.6216E+02 -4.2953E+02
0000662   8.4180E+02  3.8563E+02 -3.2988E+02
0000663   2.6307E+02  3.5246E+02 -1.8169E+02
0000664   1.2829E+03  2.0560E+02 -4.8776E+02
0000665   4.5254E+02 -2.3082E+02  5.1020E+02
0000666   7.5469E+02  1.5049E+02 -5.3865E+00
0000667   5.7755E+02 -1.3266E+02  2.6994E+01
0000668   4.3589E+02 -1.8902E+00  1.5814E+02
0000669   5.7426E+02  1.9771E+02  3.0528E+02
0000670   1.2327E+03  6.0457E+02 -4.6955E+02
0000671   5.0344E+02 -1.0910E+01 -2.6069E+02
0000672   9.0429E+02  3.5396E+02  1.3623E+02
0000673   2.7493E+02  2.5178E+02 -6.1146E-01
0000674   1.2189E+03 -4.0410E+02  5.2688E+02
0000675   8.0360E+02  4.4274E+02  5.9492E+00
0000676   1.2759E+03  6.4226E+01  4.6423E+01
0000677   9.0907E+02  5.5235E+01 -3.0759E+02
0000678   6.8422E+02 -3.1674E+02  1.6870E+02
0000679   2.1204E+02  1.1774E+02 -3.2011E+02
0000680   1.2042E+03 -5.0897E+02  4.1768E+02
0000681   1.0202E+03 -1.2190E+02 -2.5967E+02
0000682   9.1239E+02  9.7670E+01  1.7487E+02
0000683   9.7405E+02  4.3173E-01  2.7265E+01
0000684   1.2700E+03  2.6526E+02  4.5614E+02
0000685   7.3150E+02  5.9201E+02 -3.5627E+02
0000686   2.1256E+02  5.7832E+02 -8.7041E+01
0000687   8.9706E+02 -4.4302E+01 -4.7581E+02
0000688   1.0169E+03 -1.6564E+02  1.5986E+02
0000689   6.2882E+02  3.4027E+01 -5.7816E+02
0000690   3.4883E+02  2.7638E+02  6.4583E+02
0000691   8.4708E+02 -6.2424E+02  3.9007E+02
0000692   1.2096E+03  4.7285E+02 -1.7094E+02
0000693   6.5139E+02 -5.6723E+01  1.1978E+02
0000694   4.0099E+02 -3.4037E+02 -1.0347E+02
0000695   9.8285E+02 -8.0374E+02 -6.7374E+02
0000696   1.1202E+03  1.5084E+02  5.0505E+02
0000697   8.0115E+02 -3.8985E+02 -5.9028E+02
0000698   4.5027E+02  3.8300E+02  4.2253E+02
0000699   5.5110E+02  1.6179E+01  4.7657E+02
0000700   7.4140E+02  2.5579E+02 -1.2736E+02
0000701   3.2470E+02  1.9921E+02  1.9766E+01
0000702   2.6118E+02 -2.1364E+02  6.3627E+02
0000703   1.2131E+03 -3.2198E+00  3.3919E+01
0000704   1.1095E+03  2.1642E+02 -7.0932E+01
0000705   4.9395E+02 -5.4032E+02  1.3195E+02
0000706   5.1728E+02  2.7318E+02  6.2320E+02
0000707   3.2278E+02 -2.9802E+02 -4.0047E+02
0000708   1.3152E+03 -6.7641E+01 -3.1551E+02
0000709   7.3971E+02  4.3847E+02 -2.0266E+02
0000710   4.0573E+02 -3.7353E+02 -3.0466E+02
0000711   1.1136E+03 -1.0822E+02  6.3978E+02
0000712   7.8766E+02 -1.2296E+03 -1.6272E+02
0000713   3.8593E+02 -7.2023E+01  1.4975E+02
0000714   5.0523E+02  3.1092E+02 -3.6436E+02
0000715   8.3478E+02 -7.2423E+02  4.4804E+02
0000716   1.2525E+03 -4.0935E+02  3.4074E+02
0000717   1.1421E+03  1.0970E+02  5.4420E+02
0000718   1.8377E+02  5.5899E+00 -1.2676E+01
0000719   8.1355E+02 -5.5259E+02 -3.4324E+02
0000720   7.2739E+02 -8.2176E+02  6.7296E+02
0000721   4.6186E+02 -4.4172E+01 -1.1687E+02
0000722   5.3617E+02  9.3569E+01 -2.4840E+02
0000723   7.1447E+02  2.4829E+02 -2.7376E+02
0000724   7.0395E+02  9.6790E+02  1.0088E+02
0000725   3.5648E+02  9.3072E+01 -2.6275E+02
0000726   8.0610E+02 -7.0537E+02  6.6140E+02
0000727   1.1289E+02 -4.0441E+01 -1.9667E+01
0000728   7.6069E+02 -1.7175E+02 -7.8562E+01
0000729   8.7674E+02 -5.8950E+02 -9.5539E+01
0000730   1.0686E+03 -1.3437E+02  4.5018E+02
0000731   9.3550E+02 -1.4836E+01  2.2679E+02
0000732   1.2360E+02 -3.2134E+01 -3.1339E+01
0000733   1.4609E+03 -1.3023E+02  3.4394E+02
0000734   2.3770E+02 -1.0586E+02  4.0206E+02
0000735   1.1224E+03  6.4787E+02  1.4387E+02
0000736   1.0066E+03  1.2356E+02  1.2041E+02
0000737   5.8102E+02  3.3041E+02 -3.9583E+02
0000738   7.0382E+02  8.0601E+01  4.2627E+02
0000739   1.1157E+03 -2.0203E+02 -1.6559E+02
0000740   4.3530E+02 -6.3206E+02 -5.7859E+01
0000741   6.6414E+01  4.8729E+02 -1.6427E+02
0000742   7.9665E+02 -3.7233E+02 -2.2948E+02
0000743   3.6275E+02 -8.7499E+01  6.2763E+02
0000744   9.9958E+02  4.8101E+02  3.5643E+02
0000745   3.6977E+02  7.4436E+01 -4.8096E+02
0000746   1.0071E+03  1.0413E+03 -3.6618E+02
0000747   7.4981E+02  4.6002E+02  5.1198E+01
0000748   1.2251E+03 -1.1199E+02  3.4257E+02
0000749   4.9288E+02  2.1534E+02  2.1527E+02
0000750   4.5958E+02  2.5328E+02 -2.9342E+01
0000751   5.1256E+02  4.9669E+02  2.8529E+02
0000752   6.7396E+02  7.2608E+00 -4.4932E+02
0000753   8.6813E+02  1.8346E+01  4.5871E+02
0000754   9.3456E+02 -2.2802E+02 -2.7952E+01
0000755   7.0371E+02  2.9831E+02  6.9144E+02
0000756   1.1760E+03  1.2546E+02  6.5144E+01
0000757   9.9959E+02  3.9953E+02 -1.1769E+02
0000758   3.2662E+02  7.0959E+01  2.6968E+02
0000759   1.4036E+03 -6.8358E+02  3.8771E+02
0000760   6.5232E+02  5.5330E+00 -3.4603E+02
0000761   3.5366E+02  4.0005E+01 -3.2252E+02
0000762   8.9503E+02 -3.6853E+02  2.1089E+02
0000763   6.5640E+02  2.8513E+02  2.3798E+02
0000764   7.9309E+01 -4.1208E+02 -2.3577E+02
0000765   7.6645E+02  2.3900E+02  2.6692E+02
0000766   1.2359E+03  6.2062E+02  2.6834E+02
0000767   3.9974E+02 -1.1646E+02  7.6376E+01
0000768   5.2355E+02 -2.8446E+02 -2.5662E+01
0000769   5.7612E+02 -3.1925E+02 -5.2188E+02
0000770   2.5694E+01  2.5176E+02  3.7424E+02
0000771   1.5134E+02  4.4038E+02 -1.1285E-01
0000772   6.6247E+02 -5.8918E+02 -3.1278E+02
0000773   1.1892E+03 -1.1886E+02 -4.0354E+01
0000774   1.3071E+03  2.1281E+02 -7.4802E+01
0000775   3.9508E+02  1.2888E+03  4.1139E+02
0000776   3.3569E+02  4.2563E+02  1.0035E+02
0000777   1.0089E+03  2.1767E+02  1.6195E+02
0000778   5.1257E+02  8.9475E+00 -5.7145E+01
0000779   5.2159E+02  2.0138E+02 -6.4861E+02
0000780   8.7974E+02  3.7362E+02 -3.1923E+01
0000781   1.1002E+03  4.0760E+02  1.3268E-01
0000782   3.9693E+02  3.7677E+02  3.1968E+01
0000783   1.4857E+03 -3.5393E+02  2.5577E+02
0000784   1.2293E+03 -7.4766E+01  7.0542E+02
0000785   7.1227E+02  1.7317E+02  2.0934E+02
0000786   9.9603E+02  7.0814E+02 -1.2462E+01
0000787   1.3524E+03 -1.7845E+02  6.6282E+02
0000788   2.9527E+02  9.5644E+02 -1.4176E+02
0000789   1.6740E+02  5.1222E+01 -3.4968E+02
0000790   6.6665E+02  3.4790E+02 -3.1090E+02
0000791   1.0728E+03  7.8705E+02  2.7872E+02
0000792   9.2236E+02 -4.9345E+02  3.8414E+02
0000793   2.3784E+02  5.5021E+02  5.2714E+02
0000794   1.9423E+02 -8.7882E+01 -1.0215E+02
0000795   5.3852E+02  2.8509E+02 -1.2384E+02
0000796   4.7283E+02 -6.0669E+02 -2.4667E+02
0000797   5.8429E+02 -7.1680E+01  1.0086E+02
0000798   1.6003E+02 -3.9326E+02 -2.2374E+02
0000799   1.0202E+03 -4.7480E+02 -3.2772E+02
0000800   3.8405E+02 -2.2237E+02  4.9685E+02
0000801   1.0883E+03 -3.3996E+02 -5.3254E+02
0000802   6.9056E+02  1.5316E+02 -1.4304E+02
0000803   1.2392E+03  3.6916E+02  3.5944E+02
0000804   4.3579E+02 -5.2695E+02 -6.3158E+02
0000805   6.5750E+02 -2.3416E+02  2.2112E+01
0000806   4.2898E+02  5.2667E+01  1.0367E+02
0000807   6.1343E+02  3.0514E+01 -6.1651E+02
0000808   7.8325E+02 -7.0215E+01 -2.5011E+02
0000809   8.8037E+02 -3.6483E+02 -2.5100E+02
0000810   6.4370E+02  7.5077E+02  3.9067E+01
0000811   7.1330E+02  6.3777E+01 -3.0751E+02
0000812   7.0911E+02 -3.4616E+02  7.6000E+00
0000813   3.7686E+02 -2.9786E+02  3.9728E+02
0000814   9.1273E+02 -1.0404E+02  5.0654E+02
0000815   3.3781E+02 -2.5119E+02 -2.3274E+02
0000816   1.0254E+03  5.5035E+02  4.7437E+02
0000817   1.2440E+03  6.1370E+02  4.8637E+00
0000818   6.7181E+02 -5.9395E+02 -1.4526E+02
0000819   1.0198E+03 -1.6642E+02 -3.3910E+02
0000820   4.5710E+02 -1.6519E+02  5.4743E+02
0000821   3.0847E+02 -1.5431E+02 -2.4994E+02
0000822   9.2192E+02 -6.6237E+02 -1.4343E+01
0000823   6.9414E+02 -3.6519E+02  4.0509E+02
0000824   1.5063E+03 -3.5062E+02 -4.3000E+02
0000825   8.1239E+02  4.3028E+00  3.1822E+02
0000826   1.8182E+02 -1.2616E+02 -2.8172E+02
0000827   1.3332E+03  2.2243E+02 -3.0686E+02
0000828   9.1435E+02  2.7208E+02  6.8913E+02
0000829   2.1058E+02 -1.8008E+01  2.4210E+02
0000830   3.4937E+02  3.6067E+02  2.0190E+02
0000831   7.5424E+02  2.5216E+02 -6.7596E+01
0000832   3.4636E+02 -4.1363E+02 -9.3460E+02
0000833   6.0026E+02 -1.3544E+02 -1.0978E+02
0000834   6.4402E+02  8.0381E+00  2.6172E+02
0000835   6.3837E+02  2.9819E+02  9.7487E+01
0000836   1.0079E+03  6.1469E+02  3.4283E+02
0000837   1.3382E+03  1.2021E+02 -4.0594E+02
0000838   1.1059E+03  1.4208E+02  6.8807E+01
0000839   6.5261E+02 -2.1862E+02  9.3201E+01
0000840   4.4361E+02  1.8719E+02  1.0147E+02
0000841   4.5890E+02 -7.3319E+01 -1.5763E+02
0000842   4.6278E+02  7.0014E+01 -3.9970E+02
0000843   3.3162E+02 -1.9219E+02  4.2874E+01
0000844   1.3797E+03 -1.8311E+02 -8.8702E+02
0000845   5.2064E+02 -3.4692E+01  8.2100E+02
0000846   1.1943E+03  5.6053E+02  8.3266E+02
0000847   7.8004E+02 -8.7498E+02 -4.9534E+02
0000848   7.6111E+01  5.1587E+02  3.6550E+02
0000849   1.0283E+03 -2.9886E+01 -2.5114E+02
0000850   4.0990E+02 -8.7973E+01 -2.3845E+02
0000851   6.3842E+02  2.5314E+02 -7.0934E+02
0000852   3.9820E+02  1.3364E+02 -1.3608E+02
0000853   1.4401E+03  2.1288E+02  1.0825E+02
0000854   3.7804E+02 -6.9419E+01  1.9980E+02
0000855   1.0325E+03  5.7552E+02 -5.1053E+02
0000856   1.4010E+03 -2.2584E+02  9.3191E+01
0000857   9.8547E+02 -2.6568E+02 -4.2177E+02
0000858   3.5168E+02  5.5198E+02 -2.1307E+02
0000859   9.5146E+02  3.2189E+01 -1.7504E+02
0000860   4.6352E+02 -3.3223E+02  5.9485E+02
0000861   1.4723E+03  1.8521E+02 -2.9806E+02
0000862   1.1924E+03 -1.0375E+02 -6.1701E+02
0000863   6.9664E+02  4.6176E+02 -2.4796E+02
0000864   1.0906E+03 -6.5362E+02  5.6882E+02
0000865   4.8494E+02  2.1203E+02  1.9494E+02
0000866   8.3746E+02 -2.3512E+02  1.0071E+02
0000867   1.1601E+03 -5.4315E+02  1.7076E+02
0000869   1.2657E+03  1.8161E+02 -3.3629E+01
0000870   5.3814E+02 -5.1283E+01  1.7544E+02
0000871   4.6618E+02  4.7799E+01 -3.9059E+02
0000872   1.2484E+03  3.2302E+02 -1.4815E+02
0000873   9.7601E+02 -4.3158E+02  5.9013E+02
0000874   9.4001E+02  4.2485E+02 -4.0645E+02
0000875   7.5390E+02 -2.5056E+02  6.0366E+02
0000876   5.8749E+02  2.1627E+02  2.0172E+02
0000877   9.9349E+02 -5.3388E+02  1.8966E+02
0000879   6.6770E+02 -2.6439E+02  6.4182E+02
0000880   1.2365E+03 -3.6475E+02  1.4809E+02
0000881   6.2752E+02 -1.9124E+02  3.6499E+02
0000882   1.1051E+01 -3.4348E+01  2.2237E+01
0000883   5.5112E+02 -4.0747E+01 -1.1976E+02
0000884   3.6815E+02 -2.9201E+02  2.4934E+02
0000885   3.7638E+02  3.1489E+02 -3.5285E+00
0000886   1.3164E+03 -4.5360E+02  2.0302E+02
0000887   5.4264E+02  2.9800E+02  7.2996E+02
0000888   1.1095E+03 -1.3765E+02 -5.5196E+02
0000889   6.6812E+02 -7.5997E+02  4.6953E+02
0000890   5.1126E+02 -1.8089E+02  3.4904E+02
0000891   1.4274E+03 -1.1819E+02  2.3264E+02
0000892   6.0981E+02  3.4552E+02  3.6754E+02
0000893   3.9986E+02 -1.1304E+02  2.4585E+02
0000894   9.3794E+02  1.0374E+02 -4.4851E+02
0000895   1.4074E+03 -1.2326E+02  2.8635E+02
0000896   6.1260E+02 -9.1739E+00 -7.2075E+02
0000897   1.0963E+03  1.2997E+02  9.9118E+01
0000898   7.8592E+02  1.4064E+02  4.1450E+02
0000899   1.3169E+03 -8.5097E+01  6.8887E+02
0000900   6.5329E+01 -1.1771E+02  3.5215E+01
0000901   8.1939E+02  2.1321E+02  3.0669E+02
0000902   1.1412E+03  1.5913E+02 -3.1016E+00
0000904   6.1935E+02 -2.8934E+01 -2.1934E+02
0000905   1.3600E+03  5.3737E+02  2.2265E+02
0000906   4.2546E+02  3.7217E+02 -7.6886E+01
0000907   3.4102E+02 -2.3291E+02 -3.2522E+02
0000908   3.2918E+02 -6.1739E+01  2.0136E+02
0000909   6.1737E+02  3.5054E+01 -4.0685E+02
0000910   4.8872E+02 -1.4253E+02  6.5308E+01
0000911   1.0361E+03  4.4579E+02  3.8579E+02
0000912   9.8022E+02 -9.0558E+00  9.4989E+02
0000913   8.3421E+02 -3.8996E+02 -1.3118E+02
0000914   2.1662E+02 -2.6000E+02  1.9938E+02
0000915   6.9784E+02  1.1092E+02  4.5514E+02
0000916   9.1574E+02  4.9091E+02  6.0664E+02
0000917   1.3271E+02 -7.8415E+02 -6.1624E+02
0000918   1.0869E+03  6.8798E+02  1.6049E+02
0000919   3.1578E+02 -5.8239E+02  8.4108E+02
0000920   7.9096E+02  3.6444E+02 -1.9036E+02
0000921   7.0652E+02  7.0910E+01 -1.3172E+02
0000922   1.0319E+03  5.8268E+02  2.5633E+02
0000923   5.6814E+02 -2.8547E+02 -5.1925E+01
0000925   3.6799E+02  2.1138E+02 -3.2949E+00
0000926   4.6202E+02 -1.9289E+02 -4.4029E+02
0000927   6.3796E+02  1.7194E+02  7.6245E+01
0000928   9.9054E+02  1.5334E+02 -3.2167E+01
0000929   5.8824E+02  3.5151E+02 -2.2656E+02
0000930   5.0204E+02 -2.2879E+02 -1.1049E+02
0000931   3.2261E+02 -2.7191E+02  2.7038E+02
0000932   4.2205E+02  4.0099E+02  8.0979E+02
0000933   5.0372E+02  7.3806E+02  1.4353E+02
0000934   9.7600E+02 -1.0255E+03  5.9608E+01
0000935   7.3872E+02 -1.8060E+02  3.4194E+02
0000936   1.1411E+03  2.0434E+02  1.3717E+02
0000937   2.3170E+02 -1.0182E+01  1.9325E+02
0000938   1.1932E+03 -2.4513E+02  6.7642E+02
0000939   6.6501E+02  3.2697E+02 -2.9957E+02
0000940   4.7884E+02  2.3809E+02 -5.0269E+02
0000941   2.6461E+01  2.3113E+02  3.4890E+02
0000942   7.0804E+02  3.8305E+02 -7.4599E+02
0000943   8.4089E+02  7.7659E+02  2.1934E+01
0000944   4.8481E+02 -7.8983E+01 -2.6543E+02
0000945   8.4122E+02  4.7374E+02 -3.9995E+02
0000946   1.0740E+03 -1.8811E+02 -3.9318E+02
0000947   1.0219E+03 -1.4556E+02 -1.7998E+02
0000948   1.0893E+03  3.2028E+02 -7.3247E+01
0000949   8.9688E+02  3.1359E+02 -1.2873E+02
0000950   1.2518E+02  9.9759E+00 -7.0526E+01
0000951   3.4099E+02 -6.5707E+00  9.8516E+02
0000952   1.1438E+03  1.9986E+02 -6.9524E+02
0000953   2.0068E+02  4.8884E+02 -1.7253E+02
0000954   6.9130E+02 -2.3749E+02 -1.7034E+02
0000955   7.9420E+02 -2.7399E+02 -9.3613E+01
0000956   1.0855E+03 -2.0341E+02 -3.2744E+02
0000957   2.2582E+02 -3.6611E+02 -3.7092E+01
0000958   1.5239E+03  4.1718E+02  1.1144E+03
0000959   1.4499E+02  5.7723E+01 -3.7618E+01
0000960   9.1136E+02  5.8288E+02  4.1426E+02
0000961   1.2009E+02  3.7661E+02 -2.7152E+02
0000962   7.8517E+02  4.5999E+02  2.2642E+00
0000963   4.1182E+02 -4.6218E+02 -1.1040E+02
0000964   7.4306E+02  1.7374E+02 -3.3096E+02
0000965   4.1876E+02 -3.8395E+02  7.5187E+01
0000966   1.7483E+03 -4.5605E+02 -2.2658E+02
0000967   8.8862E+02 -1.6036E+02  5.9554E+01
0000968   9.0635E+02  6.0881E+02 -7.8350E+01
0000969   8.0729E+02 -2.8735E+02 -1.9717E+02
0000970   5.4397E+02 -1.3424E+02 -2.1222E+02
0000971   4.8673E+02  3.8912E+02  4.4746E+02
0000972   7.9932E+02 -2.7639E+02  2.8748E+02
0000973   6.2761E+02 -3.3971E+01 -2.1126E+02
0000974   7.4437E+02 -2.3088E+02  2.9298E+02
0000975   7.6328E+02 -9.5870E+01  3.0126E+00
0000976   1.0154E+03  4.2133E+02 -5.3149E+02
0000977   9.4481E+02 -5.9136E+02 -4.6805E+02
0000978   1.3838E+03  1.7185E+02 -1.3704E+02
0000979   8.0926E+02 -1.6221E+02 -8.0288E+02
0000980   4.4491E+02  1.2718E+02  4.6341E+01
0000981   7.8967E+02  2.6517E+01  7.4933E+02
0000982   1.4022E+03 -1.5750E+02 -5.3728E+02
0000983   9.6041E+01 -1.1677E+01  1.7601E+02
0000984   4.0482E+02 -2.9929E+02  3.4456E+02
0000985   1.2375E+03  5.2121E+02  2.6117E+02
0000986   2.7021E+01  7.6859E+01 -1.1734E+02
0000987   5.8743E+02 -1.9556E+02 -3.3244E+02
0000988   7.7823E+02 -1.3037E+02  4.6238E+02
0000989   9.5948E+02  6.3619E+00  8.8171E+02
0000990   3.6223E+02  3.2960E+02 -3.1241E+02
0000991   4.5629E+02  1.7791E+02  3.0487E+02
0000992   8.8788E+02  3.3691E+02  6.8195E+02
0000993   1.2712E+03 -3.0625E+02  6.9384E+02
0000994   3.4330E+02  1.7491E+02 -8.1713E+01
0000995   6.5472E+02  7.9003E+01 -1.3251E+01
0000996   1.5874E+03  3.3333E+02  7.2224E+01
0000997   3.5578E+02 -7.0430E+02  1.9978E+02
0000998   4.7188E+02  4.3089E+02 -1.2631E+02
0000999   6.0678E+02  5.9960E+01  1.8338E+02
0001000   8.8941E+02  7.9314E+02 -2.6926E+02
0001001   7.9461E+02  1.7188E+01 -1.2996E+02
0001002   6.7736E+02  2.9508E+02  1.9229E+02
0001003   7.4138E+02 -2.7637E+02  6.4878E+02
0001004   1.3076E+02 -4.6519E+01  1.1203E+02
0001005   8.4449E+02 -2.4820E+02  4.3039E+02
0001006   6.7616E+02  1.7762E+02 -2.8349E+02
0001007   6.4385E+02 -1.9090E+02 -3.9016E+02
0001008   9.9203E+02  1.3265E+02 -8.7340E+02
0001009   9.0000E+02  2.0425E+02  5.7267E+01
0001010   1.2282E+03  6.6136E+02  6.1089E+02
0001011   6.9275E+02  2.5673E+02  1.5140E+02
0001012   8.6461E+02  1.0124E+02 -5.6331E+01
0001013   4.4072E+02  6.5878E+01  5.9230E+01
0001014   1.1094E+03  2.6121E+01 -3.1821E+02
0001015   2.9376E+02  6.3110E+02 -2.4991E+02
0001016   5.9628E+02  1.1937E+02 -5.6569E+00
0001017   1.7622E+03  2.7358E+00  2.4664E+01
0001018   6.3733E+02 -3.0085E+02 -4.1774E+02
0001019   6.3401E+02  4.5722E+02 -5.4610E+02
0001020   4.7047E+02 -1.3825E+01 -2.9947E+02
0001021   4.6397E+02 -6.5091E+02 -5.7534E+01
0001023   1.1293E+03 -6.9312E+02  1.4732E+02
0001024   7.2094E+02 -3.4565E+02  7.0601E+01
0001025   6.0521E+02  1.9476E+01 -7.9522E+01
0001026   6.1437E+02  1.1610E+03 -3.5811E+02
0001027   2.8093E+02 -1.3498E+02 -4.5339E+02
0001028   5.4108E+02  2.0322E+02 -5.3063E+02
0001029   7.4792E+02  3.4885E+02 -3.1564E+02
0001030   8.4014E+02 -5.0506E+02 -3.3227E+02
0001031   7.6303E+02 -1.3919E+02  2.1719E+02
0001032   2.7992E+01  5.0686E+02 -1.5725E+02
0001033   7.1999E+02  2.5284E+02 -2.0360E+02
0001034   5.2057E+02  6.7520E+02  4.9928E+01
0001035   7.2939E+02 -5.2297E+02 -1.6818E+01
0001037   1.3573E+03 -2.8212E+02  6.6403E+01
0001038   1.2875E+03 -3.1749E+02  1.8843E+02
0001039   5.9103E+02  1.8926E+02 -6.9952E+02
0001040   5.7988E+02  4.1768E+02 -1.7597E+02
0001041   1.1184E+03  2.6001E+02 -3.7458E+02
0001042   3.9358E+02 -6.4947E+01  3.0829E+02
0001043   6.7205E+02 -1.8101E+02 -6.0323E+01
0001044   7.8030E+02 -6.1790E+02  3.6136E+02
0001045   1.3385E+03 -1.3670E+02  1.2306E+02
0001046   6.9208E+02  6.4622E+01 -9.7615E+01
0001047   6.5679E+02  1.6627E+02 -6.1431E+02
0001048   5.3484E+02  1.9887E+02  4.4004E+02
0001049   8.1808E+02 -5.1015E+02  4.3276E+02
0001050   8.4531E+02  1.9274E+02  2.8392E+02
0001051   1.7954E+03  5.9373E+02  2.2185E+01
0001052   6.0965E+02 -1.1100E+02 -1.9071E+02
0001053   1.1728E+03 -4.2237E+00 -2.5550E+02
0001054   1.3797E+03  8.9988E+01 -1.5501E+02
0001055   8.4580E+02  1.9521E+02 -2.1971E+02
0001056   4.6667E+02 -1.0619E+02  1.7903E+02
0001057   6.1004E+02  2.0647E+02 -3.8393E+02
0001059   3.5069E+02  7.1898E+02  4.0929E+02
0001060   3.1906E+02 -1.9270E+02  4.9610E+01
0001061   8.3563E+02 -1.3113E+02 -1.0174E+02
0001062   9.5965E+02  3.9692E+01 -4.8681E+02
0001063   8.6184E+02 -1.7417E+02  4.4820E+02
0001064   4.6063E+02  2.9488E+02  4.1874E+02
0001065   7.9143E+02  5.0904E+02  6.8863E+02
0001066   7.5470E+02 -3.0699E+02  9.9135E+01
0001067   7.9992E+02 -1.5444E+02  4.7937E+02
0001068   6.6136E+02 -3.8890E+02 -2.7792E+01
0001069   1.0442E+03 -2.5245E+01 -4.0428E+02
0001070   4.1943E+02 -1.7246E+02 -2.2537E+02
0001071   1.4629E+02 -5.6680E+02  3.2857E+02
0001072   1.0180E+03  4.3064E+01 -3.9327E+02
0001073   9.0147E+01 -7.4804E+02 -1.3954E+02
0001074   7.8497E+02 -2.1672E+02  3.8992E+02
0001075   6.0962E+02 -2.9158E+02  2.0813E+00
0001076   4.3167E+02 -2.1833E+02  3.1647E+02
0001077   9.5497E+02 -3.2266E+02 -1.0456E+02
0001078   1.7126E+03 -4.8161E+01  3.8455E+02
0001079   1.1101E+03  1.3524E+02  2.0555E+02
0001080   5.9432E+02  8.6360E+01  5.2884E+01
0001081   2.1413E+02 -5.8523E+02  5.1233E+02
0001082   1.4828E+03  4.7323E+01 -2.1061E+02
0001083   9.8962E+02 -1.1275E+02  5.1433E+02
0001084   7.6852E+02 -1.9561E+02  6.7491E+02
0001085   9.0886E+02  1.0297E+03 -4.9443E+00
0001086   9.1453E+02 -3.4486E+02  1.4161E+02
0001087   5.7939E+02 -4.4336E+01 -1.0560E+03
0001088   9.5759E+02  2.2403E+02  6.2703E+01
0001089   1.2316E+03  3.3098E+02 -3.0603E+02
0001090   4.9302E+02 -3.9866E+02 -4.9047E+01
0001091   1.2826E+03 -5.6453E+02 -3.2109E+02
0001092   1.1575E+03 -4.0830E+02 -3.4708E+02
0001093   1.3583E+03 -6.8011E+01  1.2405E+02
0001094   5.8037E+02  5.2342E+02  2.0211E+01
0001095   5.9919E+02  6.6003E+01 -1.6205E+02
0001096   5.0928E+02  2.7761E+02 -2.5002E+01
0001097   4.8278E+02 -3.3553E+02 -4.5056E+01
0001098   3.6961E+02  6.5093E+02 -9.9210E+01
0001099   6.0162E+02 -1.4487E+02  3.2767E+01
0001100   1.1046E+03 -5.2611E+02 -4.5271E+02
0001101   9.6939E+02 -2.2406E+02 -3.5535E+02
0001102   8.3504E+02 -4.8342E+02 -7.3116E+01
0001103   1.3632E+03 -1.6226E+02  1.8173E+02
0001104   6.2400E+02  2.2716E+02 -4.1245E+02
0001105   8.7833E+02 -3.7835E+02  4.8689E+01
0001106   1.0747E+03 -1.3451E+02 -4.1374E+02
0001107   8.9489E+02  7.2601E+00 -1.3193E+02
0001108   6.8243E+02 -1.0586E+02  8.3897E+02
0001109   1.0431E+03  6.4561E+02 -3.5958E+01
0001110   3.1163E+02 -1.9002E+02  5.5528E+02
0001111   7.0343E+02  2.6473E+01  4.5412E+02
0001112   6.9425E+02 -1.3069E+02 -7.1666E+00
0001113   5.2113E+02  1.6329E+02  7.7959E+01
0001114   8.6633E+02  2.2802E+02 -4.5406E+02
0001115   7.3643E+02 -3.6503E+02 -3.7961E+01
0001116   1.3960E+03  2.6441E+02 -1.1316E+02
0001117   5.0223E+02 -7.1398E+00 -7.5154E+01
0001118   5.8025E+02 -4.1486E+02  4.4046E+02
0001119   1.3290E+03 -4.8920E+00 -3.7688E+02
0001120   1.6405E+03  2.0998E+01  3.8922E+02
0001121   9.4814E+02  2.4322E+02 -9.6430E+01
0001122   3.4057E+02  2.2058E+02 -2.6938E+02
0001123   7.0529E+02 -7.9936E+02  3.8260E+02
0001124   9.5616E+02  7.2414E+01 -6.4864E+02
0001125   8.9862E+02  2.7347E+02  1.6743E+02
0001126   8.3763E+02 -1.1856E+02 -8.7367E+02
0001127   8.2328E+02 -3.0922E+02 -1.6611E+02
0001128   5.2570E+02  1.4610E+01  4.4490E+02
0001129   7.4782E+02  5.5956E+02  1.6239E+02
0001130   5.5673E+02  2.7270E+02 -1.8811E+02
0001131   3.5165E+02  1.3848E+02 -4.0498E+02
0001133   1.4035E+03  7.2136E+01  5.2479E+02
0001134   9.1113E+02  4.9374E+02 -2.8579E+02
0001135   1.3561E+03  2.4511E+02 -3.6815E+01
0001136   4.9856E+02  1.4397E+02 -9.7786E+01
0001137   6.1471E+02 -8.5057E+01 -4.3267E+01
0001138   1.6557E+03  2.1129E+02  5.1228E+02
0001139   1.0043E+03 -1.1884E+01 -6.6520E+01
0001140   1.0057E+03  5.6412E+01 -4.1428E+02
0001141   3.6385E+02 -3.7112E+02  1.8825E+02
0001142   9.7213E+02 -8.7464E+01  4.2209E+02
0001143   1.7320E+03  2.3594E+01 -7.7459E+01
0001144   1.6609E+02  5.7197E+02  2.3702E+02
0001145   6.3653E+02 -3.1650E+02  7.2738E+02
0001146   3.0950E+02  7.1043E+01  1.3924E+01
0001147   1.1133E+03  6.3976E+00  4.5616E+01
0001148   3.5455E+02  4.4127E+02 -5.9098E+02
0001149   4.5475E+02  1.8429E+02  3.1392E+02
0001150   9.8523E+02 -2.4544E+02  1.3096E+02
0001151   1.5051E+02 -4.0937E+02 -1.7203E+01
0001152   8.2164E+02  1.0511E+02 -9.0404E+01
0001153   5.8535E+02 -1.4094E+02  5.3910E+02
0001154   1.1292E+03  2.5088E+02  2.6497E+02
0001155   9.7552E+02  7.7105E+02  1.1750E+02
0001156   1.1431E+03  6.1643E+01 -5.2121E+02
0001157   6.3408E+02 -6.8415E+01  2.0536E+02
0001158   4.7968E+02  8.6769E+01 -1.4277E+02
0001159   1.1627E+03 -3.5172E+02  2.4088E+02
0001160   7.6136E+02  2.8377E+02  4.6358E+02
0001161   4.6620E+02 -1.3265E+02 -2.1043E+02
0001162   4.2144E+02 -1.8709E+02  1.5117E+01
0001163   1.2702E+03 -1.4865E+02  2.0592E+02
0001164   8.0729E+02  4.4496E+02 -2.0992E+02
0001165   7.3071E+02  1.6155E+02 -1.0886E+01
0001166   1.0854E+03 -4.0738E+02 -7.8052E+00
0001167   9.0561E+02  3.3250E+02  2.5599E+02
0001168   6.0347E+02  3.4606E+02 -5.2326E+02
0001169   3.9799E+02  1.4156E+02  1.3547E+02
0001170   7.9996E+02 -1.3399E+01 -3.3869E+01
0001171   1.3415E+03 -1.5850E+02 -2.4396E+02
0001172   7.2218E+02  3.8608E+02 -2.6597E+02
0001173   6.6820E+02 -1.3864E+02  3.1236E+02
0001174   7.2962E+02 -3.0135E+02 -4.0784E+02
0001175   1.9062E+03  4.2867E+02 -6.9167E+00
0001176   1.9758E+02 -4.7156E+01 -3.7872E+01
0001177   9.3415E+02  1.0787E+02 -4.2932E+02
0001178   9.6843E+02  2.4863E+02  2.7005E+02
0001179   5.5887E+02 -4.1146E+01 -5.7714E+02
0001180   1.3150E+03 -5.2550E+02 -3.4755E+02
0001181   5.8256E+02 -2.4141E+02 -1.8214E+02
0001182   8.6360E+02  4.0031E+00 -6.4295E+02
0001183   1.3705E+03 -2.1370E+01  3.2491E+02
0001184   6.9023E+02  1.0560E+02 -1.2609E+02
0001185   7.0190E+02 -4.8170E+02  4.7731E+02
0001186   9.5698E+02  9.7854E+01 -6.5441E+02
0001187   9.7992E+02 -2.8205E+02  8.1350E+02
0001188   1.9777E+02  2.5472E+02 -1.3001E+03
0001189   1.2212E+03 -5.2859E+02  6.2389E+02
0001190   5.2148E+02 -1.5798E+02  1.9369E+02
0001191   6.2542E+02  3.0636E+02  2.9846E+00
0001192   7.0499E+02 -1.9565E+02 -4.7446E+02
0001193   1.2776E+03 -4.6725E+02 -2.5178E+02
0001194   1.1650E+03 -1.0360E+01 -1.5046E+02
0001195   7.2283E+02  6.3899E+01  1.7959E+02
0001196   5.7961E+02 -3.9247E+02 -9.5074E+02
0001197   1.1381E+03 -1.0879E+02 -1.7862E+02
0001198   8.2056E+02 -3.1679E+02  2.3216E+02
0001199   8.2104E+02  4.6092E+02  1.2037E+02
0001200   1.5803E+03  2.5479E+02 -2.1620E+02
0001201   9.0237E+02 -3.9579E+02  7.1442E-01
0001202   1.0725E+03  1.9220E+02  8.9106E+00
0001203   6.2249E+02  7.9954E+02  7.4573E+02
0001204   6.5385E+02 -1.2832E+02 -2.5566E+02
0001205   1.0530E+03  2.5390E+01  3.0421E+02
0001206   2.6215E+02 -3.9932E+02 -8.1833E+02
0001207   6.0289E+02 -3.2571E+02  3.6880E+02
0001208   5.5566E+02  2.4869E+02 -4.5036E+02
0001209   1.5822E+02  2.8512E+02 -9.5712E+01
0001210   2.9844E+02  4.2825E+02  5.2027E+02
0001211   1.0339E+03  2.7347E+01  5.0547E+02
0001212   1.8583E+02 -2.0239E+02  8.7042E+01
0001213   8.4525E+02 -1.5969E+02 -1.0144E+02
0001214   6.7447E+02 -5.6907E+01 -1.0566E+02
0001215   4.8802E+02 -1.8975E+02 -9.8823E+01
0001216   4.3975E+02 -1.4553E+02 -1.6134E+02
0001217   9.3793E+02 -1.7611E+02 -5.1408E+00
0001218   2.9758E+02  2.1558E+02 -5.0387E+02
0001219   7.9699E+02 -2.7570E+02  3.3935E+02
0001220   6.0333E+02  2.3732E+02 -9.9301E+01
0001221   1.3570E+03  7.5805E+02  1.0767E+02
0001222   1.0888E+03 -3.9252E+01 -2.3217E+02
0001223   6.1910E+02 -5.0801E+02  4.2122E+02
0001224   6.1673E+02 -3.3774E+01  2.3802E+02
0001225   5.9343E+02  4.0280E+02 -4.1607E+02
0001226   9.1408E+02  3.0767E-01 -6.7069E+02
0001227   7.6468E+02  1.5212E+02  2.0777E+01
0001228   3.4368E+02  2.0292E+02 -5.3452E+02
0001229   9.7680E+02  8.6227E+02 -2.1327E+01
0001230   2.1956E+02  3.6892E+02 -1.2723E+01
0001231   4.3317E+02 -1.8148E+02 -2.4457E+01
0001232   7.2095E+02 -3.7801E+02  6.4675E+01
0001233   1.2121E+03  3.1726E+02 -1.3860E+02
0001234   5.6064E+02 -7.4654E+01 -6.4914E+02
0001235   3.6400E+02 -1.8027E+02 -7.1454E+01
0001236   5.9115E+01 -1.2063E+02  1.0763E+03
0001237   9.2153E+02  8.8630E+01  4.4946E+02
0001238   1.0271E+03 -2.6196E+02  7.2726E+02
0001239   1.1679E+03 -6.1235E+01  3.1959E+02
0001240   8.4706E+02 -2.1393E+02  3.4326E+02
0001241   1.3681E+03 -9.9325E+01 -1.2672E+02
0001242   6.6782E+02 -2.5240E+02  1.5389E+02
0001243   1.0193E+03  3.0398E+02 -1.3741E+01
0001244   9.0017E+02  2.8847E+02  7.1041E+02
0001245   8.2364E+02 -1.0792E+02  3.5201E+02
0001246   4.2452E+02  4.6821E+02  4.2789E+02
0001247   5.7539E+02  6.1167E+02 -1.1070E+02
0001248   7.4528E+02  5.7732E+02 -2.8914E+01
0001249   1.1424E+03  3.8613E+02 -1.0517E+02
0001250   7.7959E+02  1.2830E+02  5.4116E+02
0001251   8.2881E+02  2.3996E+02  4.3908E+02
0001252   1.1966E+03 -2.9872E+02  2.6112E+02
0001253   1.0357E+03  7.4447E+01 -3.5814E+02
0001254   8.0850E+02 -3.9457E+02  1.6695E+00
0001255   7.8459E+02  1.2518E+02 -6.6074E+01
0001256   9.0187E+02  2.5721E+02 -4.9731E+01
0001257   1.2536E+03  2.3341E+02  8.9923E+01
0001258   4.8146E+02 -3.6374E+01  2.7516E+02
0001259   6.0196E+02  9.8229E+02 -3.2684E+02
0001261   1.2302E+03  4.3233E+02 -1.1636E+02
0001262   8.2990E+02  5.8863E+02 -4.1028E+02
0001263   1.3341E+03 -1.3493E+02 -1.4792E+02
0001264   6.8025E+02  3.2198E+02 -5.2337E+01
0001265   1.1140E+03 -8.8577E+01  2.8773E+00
0001266   5.8075E+02 -1.7615E+02 -4.5442E+02
0001267   6.4350E+02 -3.3120E+02  4.1303E+02
0001268   1.0672E+03 -1.1594E+03 -1.6737E+02
0001269   9.9430E+02  3.1533E+02 -2.0256E+02
0001270   1.0692E+03 -3.8202E+02 -2.2038E+02
0001271   1.1245E+03 -1.7797E+02 -1.4699E+02
0001272   7.2173E+02 -3.7265E+02  3.4783E+01
0001273   1.3368E+03  5.9396E+01 -1.4279E+02
0001274   7.2428E+02 -1.1714E+02 -4.2989E+02
0001275   8.1115E+02  3.0864E+02  8.3422E+02
0001276   4.7320E+02 -7.9144E+02 -3.7654E+00
0001277   9.5005E+02 -2.4618E+02  2.7335E+02
0001278   2.6054E+02  3.3467E+02 -9.2444E+01
0001279   8.2341E+02 -3.7818E+01  7.6058E+01
0001280   8.8136E+02 -8.5804E+01 -8.7403E+01
0001281   4.5018E+02  2.9668E+02 -3.3433E+02
0001282   5.5961E+02  2.0924E+02 -4.5605E+02
0001283   1.0845E+03 -3.7813E+01 -1.2742E+02
0001284   7.5229E+02  2.1991E+02 -1.8159E+02
0001285   9.3939E+02  5.1721E+02  1.8729E+02
0001286   3.2009E+02 -5.9448E+02 -1.1202E+02
0001287   6.6171E+02 -6.0068E+01  2.6517E+02
0001288   6.2582E+02 -3.0220E+02 -1.7969E+02
0001289   8.5310E+02 -2.4359E+02 -2.6394E+02
0001290   1.1413E+03 -7.6108E+02  8.5052E+01
0001291   5.9902E+02  2.2002E+02 -2.5759E+01
0001292   9.4533E+02 -5.9681E+02  3.0513E+02
0001293   1.2917E+03  1.6222E+00 -1.1596E+03
0001294   8.8720E+02  6.2975E+01 -1.3232E+03
0001295   8.5864E+02 -1.8964E+02 -5.2819E+02
0001296   1.0600E+03 -5.4423E+02 -2.4229E+01
0001297   1.1514E+03  4.7592E+01 -8.6728E+02
0001298   1.0998E+03 -1.4203E+02 -2.5346E+02
0001299   1.0880E+03  1.5605E+02  3.1992E+01
0001300   3.8637E+02 -1.9411E+02 -5.2210E+01
0001301   1.2081E+03 -1.3065E+02 -3.7001E+02
0001302   7.3348E+02  1.1253E+02 -7.3647E+01
0001303   1.8444E+03  9.1851E+02 -8.9780E+02
0001304   7.1813E+02  1.7002E+02  2.4662E+02
0001305   1.3605E+03  2.7776E+02 -2.2925E+02
0001306   1.0772E+03  6.0338E+01 -2.0425E+02
0001307   1.1451E+03  5.2851E+01  2.0325E+02
0001308   1.4740E+03 -1.9667E+02 -3.8608E+02
0001309   6.8668E+02 -1.4807E+02  1.3991E+02
0001310   3.5271E+02 -2.7984E+02 -2.5108E+02
0001311   5.7147E+02  8.0138E+02 -2.9774E+02
0001312   1.0798E+03 -5.5356E+02  1.7580E+02
0001313   8.7259E+02 -2.8193E+02 -4.3844E+02
0001314   8.4917E+02 -6.1061E+00  2.3506E+02
0001315   6.6290E+02 -2.7856E+02 -4.3666E+02
0001316   1.0625E+03 -1.9182E+02  2.3012E+02
0001317   7.2333E+02  6.2807E+01  5.4530E+02
0001318   6.4560E+02 -1.1690E+03  1.8181E+02
0001319   1.0157E+03 -5.5020E+02 -1.0782E+02
0001320   3.3495E+02  2.9483E+02  5.1512E+02
0001321   4.1056E+01 -1.2376E+02  3.4031E+01
0001322   9.9689E+02 -8.1118E+01  1.1231E+02
0001323   7.2633E+02  1.2273E+02  2.8994E+02
0001324   6.2177E+02 -5.6342E+02  3.1027E+02
0001325   9.7565E+02  8.1532E+01  2.4226E+01
0001326   8.3941E+02 -3.1707E+01  9.2794E+01
0001327   1.8507E+02  3.2941E+02 -2.3582E+02
0001328   3.2527E+02 -5.2528E+01  3.5813E+02
0001329   1.5353E+03  2.6632E+02  9.4256E+01
0001330   1.2860E+03  1.0462E+02 -2.5827E+02
0001331   1.1772E+03  6.7172E+02 -4.2584E+02
0001332   5.0003E+02  1.1662E+03  5.8844E+02
0001333   3.7023E+02 -2.4507E+02 -1.5002E+02
0001334   1.4730E+03  1.7693E+01  3.0699E+02
0001335   6.1555E+02 -1.5844E+02  3.5935E+02
0001336   2.9938E+02  1.0059E+02 -8.3435E+00
0001337   1.1458E+03  2.5419E+02 -4.8279E+01
0001338   9.5894E+02  4.1512E+02  4.3292E+01
0001339   5.4554E+02  8.4527E+02 -2.0152E+01
0001340   4.8645E+02  1.0522E+02 -3.9166E+01
0001341   6.4652E+02 -4.9045E+02 -9.0753E+01
0001342   1.0665E+03 -8.6169E+01  2.8649E+02
0001343   8.9966E+02 -3.3406E+02 -1.4807E+02
0001344   6.1698E+02  1.7423E+02  2.5989E+02
0001345   1.0165E+02  9.0029E+01  1.1065E+01
0001346   4.4998E+02  6.2500E+01  2.1822E+02
0001347   4.9575E+02 -1.2528E+02 -4.0085E+00
0001348   8.8269E+02 -1.4666E+02  6.1989E+02
0001349   1.5675E+03 -6.3909E+02 -1.5064E+02
0001350   2.9743E+02  2.2716E+02 -1.3620E+02
0001351   9.5412E+02  2.8637E+02  4.2659E+02
0001352   5.9913E+02  9.0080E+01 -5.5778E+02
0001353   2.1299E+02 -4.6229E+01 -6.8305E+01
0001354   9.8576E+02 -1.3993E+01  1.4979E+02
0001356   1.1573E+03 -1.3992E+02  2.5197E+02
0001357   8.5108E+02  5.7314E+02  2.5616E+02
0001358   8.7367E+02 -4.0249E+02  6.3161E+02
0001359   7.1302E+02 -1.2790E+02  1.0647E+02
0001360   5.6193E+02  1.3571E+02  4.7548E+02
0001361   1.7441E+03 -2.5955E+02 -7.2857E+01
0001362   4.5305E+02  1.2597E+02 -2.8074E+02
0001363   5.7454E+02 -3.2030E+02 -2.8371E+01
0001364   2.3957E+02 -5.5082E+02  4.7382E+02
0001365   3.8776E+02 -6.2448E+02  2.4346E+02
0001366   8.2977E+02 -1.8803E+02 -3.0209E+02
0001367   1.3459E+03  9.6360E+01 -2.6685E+02
0001368   1.3503E+03 -2.1084E+02 -1.4311E+02
0001369   9.6060E+02 -6.8957E+02  1.5605E+02
0001370   1.0406E+03  1.8575E+02 -1.8944E+02
0001371   1.1675E+03  3.7857E+02  1.5641E+02
0001372   5.3070E+02  3.6073E+02  1.1886E+02
0001373   5.8327E+02 -4.3512E+02  3.6627E+02
0001374   6.6385E+02  4.5952E+02  3.9196E+01
0001375   1.6888E+02  1.5585E+01  3.6570E+02
0001376   1.1706E+03  3.3099E+02  1.4343E+02
0001377   1.0983E+03  2.8884E+02 -6.6736E+01
0001378   6.9006E+02 -1.3051E+02 -2.7959E+02
0001379   8.8799E+02  1.8621E+02 -5.7980E+02
0001380   4.5154E+02  5.1125E+02  3.4002E+01
0001381   4.7496E+02  3.9497E+01  2.2274E+02
0001382   1.0436E+03  3.6779E+02  2.3944E+02
0001383   3.7208E+02 -2.0979E+02  2.8173E+02
0001384   1.1871E+03  8.6759E+02 -3.8840E+02
0001385   1.6109E+03 -6.3225E+01 -3.8093E+02
0001386   6.9451E+02  4.7099E+02 -4.9280E+02
0001387   5.8190E+02 -7.9686E+02 -1.9362E+02
0001388   8.1090E+02 -1.0966E+03  2.8472E+02
0001389   9.2923E+02  1.4945E+02  9.1541E+01
0001390   4.8027E+02 -2.8036E+02  2.5495E+01
0001391   5.4182E+02  2.7142E+02  1.2395E+02
0001392   4.3430E+02 -3.6572E+02 -2.2137E+02
0001393   1.2794E+03  9.1262E+01  8.4769E+02
0001394   5.6397E+01  1.1176E+02 -1.2725E+02
0001395   8.3624E+02 -4.1511E+02 -7.7488E+02
0001396   8.7783E+02 -6.1312E+02  5.3841E+02
0001397   7.2179E+02 -3.6601E+02 -2.3865E+02
0001398   4.3454E+02 -5.1599E+02 -2.7075E+02
0001399   9.0372E+02 -2.4902E+02 -2.7532E+02
0001400   6.8380E+02 -1.4742E+02  5.0320E+02
0001401   1.2245E+03  7.5643E+02 -3.7450E+02
0001402   1.1900E+03 -4.3488E+02 -2.3869E+02
0001403   1.3752E+03  3.3255E+02  6.2471E+02
0001404   6.6637E+02 -4.3800E+02 -3.7482E+02
0001405   8.5890E+02 -6.8907E+01 -4.1476E+02
0001406   2.1664E+02  2.1673E+02 -6.8971E+02
0001407   8.8948E+02  7.4451E+02 -9.8963E+01
0001408   9.3856E+02 -7.1012E+02  2.7308E+02
0001409   5.6507E+02  5.6107E+02 -2.1312E+02
0001410   1.2941E+03  5.1226E+02  5.2737E+02
0001411   1.0652E+03  5.3690E+02 -1.4645E+02
0001412   1.0240E+03 -3.0203E+02 -8.5062E+01
0001413   1.1825E+03  4.6511E+02  5.4611E+02
0001414   6.0339E+02 -1.0383E+02 -4.1086E+00
0001415   2.7740E+02 -3.3775E+02 -4.0414E+02
0001416   1.3293E+03 -1.9440E+02 -3.5119E+00
0001417   7.3202E+02  4.5419E+02  8.0050E+00
0001418   1.4234E+03  2.0277E+02 -3.4083E+02
0001419   6.4626E+02 -2.1890E+02 -2.3524E+02
0001420   6.3381E+02  1.7531E+02  3.9211E+02
0001421   4.8103E+02  1.3687E+02  1.8856E+01
0001422   5.9452E+02 -4.6911E+02  3.9936E+02
0001423   1.3722E+02  1.6665E+02 -1.5048E+02
0001424   6.6763E+02 -1.3283E+02 -2.7453E+02
0001425   1.3795E+03  2.2913E+02 -9.4114E+02
0001426   5.0247E+02  4.9044E+01 -4.3408E+02
0001427   4.4782E+02 -1.4396E+01 -4.6289E+02
0001428   6.8563E+02  6.5270E+01  2.8910E+01
0001430   1.5629E+03  2.7947E+02  6.1253E+02
0001431   1.7013E+02 -6.6557E+02 -5.7669E+01
0001432   5.0317E+02 -5.4048E+02  1.3249E+02
0001433   5.9453E+02  5.4999E+01 -1.6257E+02
0001434   1.5217E+03 -4.8616E+02  4.5231E+02
0001435   1.3046E+03  4.0736E+02  7.3345E+02
0001436   1.3165E+03  1.3593E+02 -5.4562E+02
0001437   1.3288E+03  4.0853E+02 -3.9340E+02
0001438   6.1428E+02  7.0807E+01  2.0925E+02
0001439   4.7683E+02 -6.0358E+01 -1.6310E+02
0001440   1.1345E+03 -2.2544E+02  6.8497E+02
0001441   8.1038E+02  5.1084E+00  6.0473E+02
0001442   5.3412E+02  2.5427E+02  5.9622E+01
0001443   1.2376E+03 -3.7871E+01 -2.3717E+02
0001444   5.6611E+02  2.6703E+02  3.2843E+01
0001446   7.5059E+02 -1.3139E+02 -2.0458E+02
0001447   4.9859E+02  1.8449E+02 -1.4745E+02
0001448   1.0334E+03 -2.2611E+02  5.1679E+02
0001449   6.2638E+02  6.4404E+01 -1.1625E+01
0001450   6.2747E+02  1.2527E+02  5.1161E+02
0001451   6.4253E+02 -4.0378E+02 -1.0006E+02
0001452   1.8292E+02  1.9839E+02 -4.8615E+01
0001453   3.4832E+02 -2.2829E+02  4.3751E+02
0001454   7.6442E+02 -8.8203E+01  6.6747E+02
0001455   5.0314E+02  5.2743E+02 -2.0097E+02
0001456   1.0414E+03  3.9957E+02 -5.1274E+01
0001457   1.3955E+02  1.2794E+02  3.7721E+02
0001458   1.0614E+03  8.7693E+01  4.6368E+02
0001459   9.1864E+02  4.7831E+02  2.6211E+02
0001460   5.1734E+02 -4.8950E+02 -6.4865E+01
0001461   1.2472E+02  3.8739E+02 -5.5618E+02
0001462   1.3563E+03 -6.7943E+01  1.3699E+02
0001463   1.0807E+03  1.3723E+02 -1.1982E+02
0001464   4.3002E+02 -2.8831E+02 -9.3566E+01
0001465   7.9995E+02 -4.5780E+01  3.6142E+02
0001466   2.8279E+02  3.5683E+02 -3.8897E+02
0001467   8.0929E+02  1.1995E+01 -3.1214E+02
0001468   2.5911E+02  4.0806E+02 -1.0378E+02
0001469   9.4358E+02  5.1923E+02 -3.3738E+02
0001470   3.8643E+02 -6.0956E+02 -9.0041E+01
0001471   2.3066E+02 -5.2828E+02 -4.7775E+02
0001472   1.1998E+03  4.6176E+02  3.6130E+01
0001473   1.1922E+03 -5.4211E+02 -5.3977E+02
0001474   7.4365E+02  2.7954E+02  4.2823E+02
0001475   5.9291E+02  1.8154E+02 -4.0680E-01
0001476   1.1014E+03  5.2402E+01  4.8713E+02
0001477   6.3732E+02 -3.7124E+02  3.2435E+02
0001478   8.8507E+02  2.2156E-01 -5.8866E+01
0001479   1.1298E+03  3.1559E+02  6.2827E+02
0001480   1.1582E+03 -6.4380E+02  4.1121E+01
0001481   9.3216E+02  3.1023E+02 -7.9656E+02
0001482   7.1327E+02  6.6021E+02 -1.9492E+02
0001483   1.0224E+03  3.5383E+02  5.5450E+02
0001484   8.8248E+02 -5.5404E+02 -5.5514E+02
0001485   7.0953E+02 -1.0794E+02 -2.3681E+02
0001486   6.0860E+02  1.6908E+02 -1.2766E+02
0001487   3.4422E+02 -2.4213E+02  3.3483E+02
0001488   1.0984E+03 -2.5827E+02 -4.9821E+01
0001489   1.3039E+03  9.8367E+01  5.7538E+02
0001490   1.0526E+03  2.1271E+01 -4.3154E+02
0001491   8.9258E+02 -9.9506E+01 -1.0581E+02
0001492   6.2039E+02 -6.5868E+02  9.5026E+01
0001493   2.1942E+02  1.0720E+02 -2.1079E+02
0001494   6.4496E+02  5.0593E+02  9.0257E+01
0001495   1.0112E+03 -2.2336E+00 -1.3095E+02
0001496   1.0829E+03 -3.5941E+02  8.0799E+02
0001497   6.8918E+02 -2.1899E+02 -3.2794E+00
0001498   5.5339E+02 -5.3817E+01  9.5620E+01
0001499   7.5407E+02 -6.5157E+02 -1.5296E+02
0001500   8.3984E+02  8.1937E+02  8.9624E+01
0001501   9.3499E+02 -6.6214E+01 -2.6555E+02
0001502   3.2453E+02 -7.4051E+01 -1.1172E+02
0001503   1.3226E+03 -2.0000E+02 -6.7234E+02
0001504   4.5687E+02  1.3747E+01 -1.4854E+02
0001505   4.7076E+02 -1.1528E+02  7.2329E-01
0001506   4.3337E+02 -2.7742E+02 -1.4125E+02
0001507   7.9471E+02 -3.4853E+01 -6.0359E+02
0001508   1.4470E+03  1.3863E+02 -2.6205E+02
0001509   8.7764E+02  2.9749E+02  4.2644E+02
0001511   9.9787E+02  1.9589E+02  1.3845E+02
0001512   1.1282E+03  2.5245E+01 -4.6327E+00
0001513   3.0355E+02 -1.1370E+03  9.8020E+01
0001514   5.7789E+02 -1.0394E+02  2.2397E+02
0001515   5.2420E+02  6.8077E+01  7.8243E+01
0001516   1.1961E+03  1.2953E+02  3.3516E+02
0001517   4.9873E+02  2.2261E+02  2.0466E+01
0001518   4.8639E+02 -2.4899E+01  1.4200E+01
0001519   1.0409E+03 -7.8601E+02 -4.5672E+00
0001520   7.7998E+02 -2.4197E+01  5.6372E+02
0001521   1.4530E+03  5.5172E+02 -3.5067E+02
0001522   8.0460E+01 -6.3640E+02 -2.5207E+02
0001523   5.0099E+02  3.8761E+01  4.3649E-01
0001524   1.0442E+03 -4.4594E+02  5.7784E+02
0001525   1.1737E+03  2.1322E+02  5.4834E+01
0001526   1.1223E+03  6.4603E+00 -9.9165E+02
0001527   6.7903E+02  9.4213E+00  3.1910E+02
0001528   3.8654E+02 -4.1661E+02 -1.9887E+01
0001529   3.2556E+02 -3.6560E+02  2.3103E+02
0001530   1.1047E+03 -6.9776E+01 -1.2479E+02
0001531   8.6467E+02 -2.2052E+02 -9.2172E+02
0001532   8.6795E+02 -3.5971E+02  7.3391E+02
0001533   3.1814E+02 -1.6804E+02 -6.3985E+01
0001534   1.2828E+03  5.6040E+02 -9.6582E+01
0001535   1.0345E+03 -2.5525E-01  7.2588E+01
0001536   5.9477E+02  4.9875E+02  8.1157E+01
0001537   8.4707E+02  4.4921E+02 -4.3765E+02
0001538   6.2235E+02 -4.4781E+02 -5.6125E+01
0001539   4.7678E+02 -6.3834E+01 -4.0554E+02
0001540   1.0614E+03 -4.7922E+02 -2.2439E+02
0001541   4.9783E+02 -1.0625E+02  2.5011E+02
0001542   2.3221E+02  9.0706E+02  4.7780E+02
0001543   2.2988E+02  2.9383E+01 -5.5370E+01
0001544   3.8718E+02  1.7867E+02 -6.7222E+01
0001545   9.1688E+02 -3.3107E+02 -8.5883E+01
0001546   9.6474E+02 -3.1171E+02 -1.4750E+01
0001547   3.4893E+02 -3.7973E+02 -3.4048E+02
0001548   5.9783E+02  2.1499E+02  7.6600E+02
0001549   3.4231E+02  4.8981E+02  4.6855E+02
0001550   9.9493E+02  2.4689E+02 -5.8180E+02
0001551   3.5261E+02 -1.8098E+02  6.0771E+01
0001552   1.2411E+03 -7.3387E+02 -4.3056E+02
0001553   5.6198E+02 -3.5568E+02  2.7215E+02
0001554   3.2978E+02 -3.0930E+02  4.2778E+01
0001555   4.8549E+02  3.6163E+02  6.7780E+02
0001556   1.5620E+03  1.1747E+02 -4.0373E+02
0001557   1.2627E+03 -2.5274E+02  1.1194E+02
0001558   4.6908E+02 -2.4976E+01  3.1962E+02
0001559   1.4211E+02 -4.5942E+01  7.2592E+01
0001560   4.1067E+02 -2.4296E+01  2.0668E+01
0001561   1.0111E+03 -1.5659E+02 -5.4810E+01
0001562   6.0383E+02 -1.6500E+02 -2.8789E+02
0001564   5.4266E+02 -3.6364E+02 -1.2571E+02
0001565   9.2109E+02 -3.1376E+02 -5.9844E+02
0001566   1.0630E+03  5.5936E+01  5.3986E+02
0001567   7.6767E+02  2.6120E+02  2.4593E+02
0001568   1.2030E+03 -1.4393E+02  4.4349E+02
0001569   7.5538E+02  2.5883E+02  6.9674E+01
0001570   8.6372E+02  3.3851E+01 -1.3270E+02
0001571   4.7052E+02 -3.8772E+01 -7.8359E+01
0001572   1.0541E+03 -3.4520E+02 -3.0365E+02
0001573   1.1566E+03  3.4858E+02  7.6167E+01
0001574   5.5774E+02 -3.6519E+02 -2.4764E+02
0001575   1.0509E+03  1.8775E+02  2.9895E+02
0001576   5.4128E+02  9.0579E+02 -3.0446E+02
0001577   9.6176E+01 -7.9704E+01 -8.4966E+01
0001578   1.1910E+03 -4.8056E+02  2.6766E+02
0001579   6.3553E+02  5.7292E+02 -3.9127E+02
0001580   5.0934E+02  9.9638E+01 -2.4587E+01
0001581   4.4101E+02  2.8172E+02  3.1550E+02
0001582   8.5513E+02  4.2878E+02 -2.3396E+02
0001583   5.8648E+02  6.1202E+02  1.2766E+03
0001584   6.4597E+02 -8.9978E+02  1.6473E+02
0001585   8.5008E+02 -5.7872E+02 -1.3524E+02
0001586   8.2599E+02 -5.5845E+01  1.0839E+02
0001587   7.5981E+02  8.7481E+01  2.7962E+02
0001589   1.2527E+03 -3.4933E+02  2.9873E+02
0001590   7.4527E+02  2.2349E+02  5.4290E+02
0001591   8.8001E+02  1.4530E+02 -4.0413E+02
0001592   8.4657E+02  2.8163E+02  5.7289E+02
0001593   1.0746E+03  3.0915E+02  9.5377E+01
0001594   1.0024E+03  3.6489E+02  4.2161E+02
0001595   7.6825E+02  6.7050E+01 -5.3335E+02
0001596   1.1520E+03 -4.5670E+02 -1.7634E+02
0001597   4.8184E+02 -3.2396E+02 -6.2215E+02
0001598   2.3119E+02 -2.0406E+01 -1.1916E+02
0001599   3.3625E+02 -4.4410E+02  9.2186E+02
0001600   5.6081E+02  1.7793E+02  3.8961E+02
0001601   2.4227E+02 -1.1509E+02 -9.5670E+01
0001602   5.7722E+02 -1.9656E+02  4.5469E+02
0001603   1.2210E+03  4.6728E+02  4.9974E+02
0001604   3.9676E+02 -4.1854E+02  4.3237E+02
0001605   5.2052E+02  3.7180E+02 -4.7169E+02
0001606   1.1365E+03 -4.0371E+02 -9.1196E+01
0001607   1.4547E+03 -5.0768E+02  3.0032E+02
0001608   7.0900E+02  4.8996E+02  3.4382E+02
0001609   1.7868E+02  3.5408E+02  6.3074E+02
0001610   9.2419E+02  1.3100E+02 -1.3594E+02
0001611   2.8400E+02  2.2012E+00 -1.5455E+02
0001612   1.3250E+03  2.2488E+02 -4.2028E+02
0001613   1.0191E+03 -8.4456E+02 -2.1438E+02
0001614   1.0232E+03  3.0990E+02  4.6196E+02
0001615   8.3954E+02  9.7307E+02 -1.0082E+02
0001617   7.8642E+02  5.3922E+02  1.0486E+02
0001618   1.3937E+02 -1.0947E+02 -1.6801E+02
0001619   1.2131E+03  4.4561E+01  2.0469E+02
0001620   9.3175E+02 -3.4750E+02 -2.9063E+02
0001621   2.3045E+02 -2.5483E+02 -6.1051E+01
0001622   8.2945E+02  7.9015E+01 -7.7968E+02
0001623   4.5150E+02  3.1440E+02 -3.3312E+02
0001624   7.6867E+02  1.4741E+02  1.3211E+02
0001625   7.0123E+02  4.2876E+02 -8.3913E+01
0001626   5.3539E+02  2.3010E+01 -4.8339E+02
0001627   7.8826E+02 -2.6874E+02 -7.7121E+01
0001628   8.9314E+02 -3.4978E+02 -9.3488E+02
0001629   4.8796E+02  3.7072E+02  3.8534E+02
0001630   6.6470E+02  4.8081E+02  3.0187E+02
0001631   5.4345E+01  2.5946E+02 -5.5223E+02
0001632   5.6816E+02  5.5420E+02 -7.6464E+02
0001634   9.3672E+02 -6.0365E+02  1.6533E+02
0001635   5.4272E+02 -6.3594E+02 -7.7374E+02
0001636   4.7450E+02  3.3758E+02 -1.6210E+02
0001637   5.1493E+02 -4.8241E+01  3.7629E+01
0001638   9.7573E+02  1.5734E+02 -2.6382E+02
0001639   9.5876E+02 -3.9372E+02 -4.6057E+02
0001640   8.5074E+02 -3.5568E+01  2.6970E+00
0001641   4.1797E+02 -2.9772E+02 -5.4700E+01
0001642   7.8844E+02  8.0380E+01 -3.7444E+02
0001643   7.8358E+02  1.0153E+02  4.4576E+02
0001644   1.0409E+03  2.6767E+02 -2.3104E+01
0001645   1.3846E+03  2.4638E+02 -1.7209E+02
0001646   8.0370E+02 -4.4015E+02 -1.8072E+02
0001647   8.0124E+02  1.9162E+01  1.3854E+02
0001648   5.9370E+02  4.4114E+02  2.3650E+02
0001649   9.5498E+02  1.7216E+02 -1.2792E+01
0001650   6.7598E+02 -1.5173E+02 -3.8426E+01
0001651   1.1348E+03  2.1178E+02  2.6493E+02
0001652   1.8226E+03 -5.7258E+02  3.3274E+02
0001653   4.1198E+02 -8.9902E+01 -9.5354E+01
0001654   1.0408E+03  2.2597E+02  6.8235E+02
0001655   8.9775E+02 -4.3777E+02  7.4276E+01
0001656   7.4673E+02  4.3591E+01  2.2489E+02
0001657   6.5181E+02  4.0093E+02  9.8624E+01
0001658   7.3120E+02 -2.5533E+02  5.7592E+02
0001659   7.0820E+01 -2.6180E+02 -2.7626E+02
0001660   1.6241E+03  1.6039E+02  3.0262E+02
0001661   1.2182E+03  4.1140E+02  4.8262E+02
0001662   1.2658E+03 -2.0377E+02 -3.1957E+01
0001663   5.9699E+02  8.4347E+01 -6.3896E+01
0001664   1.5746E+02 -1.2260E+01 -3.0152E+01
0001665   6.6011E+02  3.7290E+02  7.3896E+01
0001666   5.7357E+02  1.8429E+02 -4.3578E+02
0001667   7.4574E+02 -1.4191E+02 -5.7418E+02
0001668   6.0807E+02  3.5094E+02 -9.2164E+01
0001669   1.5564E+03  2.6753E+02  1.9096E+02
0001670   6.0403E+02  1.7019E+01 -8.9510E+01
0001671   6.9006E+02 -2.2819E+02  1.1289E+02
0001672   1.3202E+01  8.7439E+00 -1.5128E+02
0001673   1.3411E+02  7.5176E+01  9.8717E+01
0001674   8.6040E+02 -3.7484E+02 -9.7371E+01
0001675   1.2353E+03 -1.9089E+02 -5.2128E+02
0001677   6.7779E+02  2.1751E+02  4.2092E+02
0001678   3.3251E+02  6.3067E+02  5.3907E+02
0001679   6.4444E+02  8.8055E+02 -6.4018E+02
0001680   6.4027E+02  1.4321E+02  3.5383E+02
0001681   3.8387E+02  2.5528E+02 -7.2458E+01
0001682   5.2504E+02 -5.6754E+02 -2.7245E+02
0001683   3.3832E+02  1.5013E+02  1.0675E+02
0001684   9.3155E+02 -2.0372E+02  9.1353E+01
0001685   4.0183E+02 -8.4552E+01  6.5134E+01
0001686   6.6965E+02 -3.1276E+02 -8.2355E+01
0001687   9.4470E+02  3.0545E+02 -2.1327E+02
0001688   7.6829E+02  3.6882E+02 -5.5132E+02
0001689   1.2250E+03 -4.1078E+02 -1.7631E+02
0001690   2.9685E+01 -1.6677E+02 -1.9210E+02
0001691   7.1057E+02 -1.5924E+02 -3.8836E+02
0001692   5.9847E+02  1.2911E+02 -7.6045E+01
0001693   6.1626E+02 -5.8015E+01 -5.0782E+02
0001694   2.5889E+02  1.2528E+02  8.0756E+01
0001695   4.2393E+02 -5.4805E+02 -4.8253E+01
0001696   5.3564E+02 -7.2376E+02 -1.2060E+02
0001697   2.4066E+02  5.7333E+01 -2.9868E+02
0001698   1.3680E+03 -1.0648E+02  2.3457E+01
0001699   1.3627E+02  3.0948E+02 -9.3511E+02
0001701   2.5760E+02  7.7214E+01  1.5136E+02
0001702   1.7526E+03 -7.2360E+02 -4.7029E+02
0001703   5.0456E+02  4.5729E+02  3.3313E+02
0001704   1.2523E+03  3.6728E+02 -2.9416E+02
0001705   8.3640E+02  1.7950E+02 -8.0114E+01
0001706   1.1922E+03  6.0105E+02  2.0925E+02
0001707   9.2741E+02  3.4302E+02 -2.6220E+02
0001708   8.1125E+02 -7.0116E+02 -2.3225E+02
0001709   1.3946E+02  6.0607E+02  6.9239E+01
0001710   1.4123E+03  1.1376E+03  1.7491E+01
0001711   3.9293E+02 -2.1588E+01  5.7179E+02
0001712   1.1747E+03 -4.5730E+01  3.0772E+01
0001713   2.1005E+02  7.3289E+01 -2.9801E+01
0001714   1.2225E+03  3.7329E+02 -2.4467E+02
0001715   1.4738E+02 -3.1844E+02 -7.3261E+01
0001716   6.0709E+02  2.7404E+02  3.3993E+02
0001717   2.4403E+02  2.7209E+02 -1.5575E+02
0001718   6.5656E+02 -3.4248E+02 -5.1804E+02
0001719   4.5164E+02 -6.7226E+02  1.7620E+02
0001720   5.5738E+01 -5.2340E+02  3.9530E+02
0001721   7.4095E+02  1.7495E+01 -1.0289E+02
0001722   9.5578E+02  1.3702E+02  5.5306E+02
0001723   5.1429E+02  5.2561E+02 -3.4876E+02
0001724   1.2432E+03  4.1461E+01 -3.6109E+02
0001725   5.5971E+01  1.6901E+01  6.3350E+02
0001726   8.9647E+02  3.0480E+02  8.8925E+01
0001727   1.3721E+03  4.7675E+02 -2.6538E+01
0001728   8.6737E+02  5.5135E+01  1.6746E+02
0001729   3.1630E+02 -5.7194E+01  1.5747E+02
0001730   9.1872E+02 -2.6919E+01  5.1138E+02
0001731   1.3731E+03 -2.1025E+01  1.1843E+02
0001732   1.5321E+03  5.8321E+00  2.5904E+02
0001733   3.5346E+02 -2.5367E+02  5.6566E+02
0001734   1.5236E+03 -2.9049E+02  4.2207E+02
0001735   8.5291E+02 -5.3214E+02  1.7068E+02
0001736   1.3543E+03 -4.3962E+02  5.5414E+02
0001737   6.7850E+02 -1.5394E+02  4.8808E+02
0001738   6.3784E+02  1.8212E+02  4.2182E+02
0001739   4.9790E+02 -3.8277E+02 -2.6275E+02
0001740   4.3812E+02  3.2768E+02  2.2222E+02
0001741   3.6537E+02 -2.5744E+02 -2.0290E+02
0001742   9.4083E+02 -9.8221E+01 -1.1124E+02
0001743   4.2118E+02  2.0625E+02 -2.3694E+02
0001744   8.6731E+02 -3.3226E+02  3.7843E+02
0001745   1.8280E+03  1.2145E+02  6.1696E+02
0001746   6.4951E+02 -4.3772E+02  4.1395E+02
0001747   3.7048E+02 -2.6046E+02 -4.9379E+01
0001748   1.5541E+03 -2.4096E+02 -4.6034E+02
0001749   1.5728E+03  1.7207E+02 -8.0037E+02
0001750   9.4902E+02 -3.3236E+02 -3.5312E+02
0001751   6.3549E+02  5.7980E+01  1.6554E+02
0001752   5.5786E+02 -1.6886E+02 -5.4734E+02
0001753   1.2970E+03 -5.0317E+02 -3.4890E+02
0001754   6.3113E+02 -1.2238E+02  4.9517E+02
0001755   9.5090E+02  7.8905E+02  2.9554E+02
0001756   1.0062E+03 -1.9992E+02 -2.0539E+02
0001757   8.3983E+02  3.5501E+01 -1.5281E+02
0001758   8.7206E+02  3.5461E+02 -4.7181E+02
0001759   6.3983E+02  8.4860E+01  2.7186E+01
0001760   2.4333E+02 -1.0031E+02  7.7221E+01
0001761   1.0480E+03 -1.8217E+02  1.7366E+02
0001762   2.2579E+02  1.5751E+02 -1.0974E+02
0001763   6.1276E+02 -2.5289E+02  4.3098E+02
0001764   1.1660E+03 -6.8114E+01  3.0297E+02
0001765   5.8560E+02  1.9622E+02  1.8705E+02
0001766   5.0451E+02 -2.4866E+02 -2.5876E+02
0001767   9.4797E+01  1.7524E+02  2.0973E+02
0001768   1.2423E+02 -4.4714E+02 -1.3324E+02
0001769   5.7202E+02 -3.9022E+02 -3.5901E+01
0001770   1.0712E+03 -1.2771E+02 -1.3018E+02
0001771   8.3099E+02  4.8076E+02  7.8460E+02
0001772   2.1095E+02  3.1142E+02 -2.7329E+02
0001773   1.0069E+03  1.9671E+01  6.0728E+01
0001774   6.4078E+02  1.2351E+02  1.9488E+02
0001775   1.4050E+03  6.8128E+02 -3.5294E+02
0001776   1.0781E+03  7.2235E+02 -4.4776E+02
0001777   5.3813E+02 -1.6484E+02 -1.5189E+01
0001778   1.0076E+02 -1.9903E+02  4.5079E+02
0001780   7.6553E+02 -3.0963E+02  1.8244E+02
0001781   4.2409E+02 -4.0093E+02 -4.3611E+02
0001782   8.4191E+02 -1.3002E+02 -1.6190E+02
0001783   5.6246E+02  2.7050E+02 -3.9747E+02
0001784   3.5753E+02  7.0013E+01 -6.5152E+01
0001785   3.1119E+02 -3.8738E+01  3.5042E+01
0001786   2.3215E+02  8.8286E+01  1.4462E+02
0001787   5.4323E+02  5.0025E+02  4.2205E+02
0001788   7.2253E+02 -9.2182E+01 -3.4136E+02
0001789   2.8110E+02  1.1036E+02 -3.6619E+01
0001790   1.0491E+03 -1.7066E+02 -1.7005E+02
0001792   8.7357E+02 -1.2365E+02  1.4392E+02
0001793   6.0170E+02 -6.1549E+02 -5.7148E+02
0001794   1.2828E+03  2.1701E+02 -5.8391E+02
0001795   4.7263E+02  4.8490E+02 -2.2991E+02
0001796   8.6366E+02 -3.5712E+02 -9.8697E+01
0001797   6.3235E+02 -5.5888E+02 -7.3889E+02
0001798   1.1836E+03  5.3580E+02  2.0137E+02
0001799   7.7590E+02  2.4101E+02  9.3488E+01
0001800   1.0719E+03 -4.5449E+02  7.1431E+02
0001801   5.5711E+02 -4.0700E+01  1.8143E+02
0001802   9.7914E+02  1.4400E+02 -1.9544E+02
0001803   1.0449E+03  4.3697E+01  1.1994E+01
0001804   7.2610E+02  1.7972E+02 -7.1928E+02
0001805   3.6196E+02 -1.0298E+02  1.9916E+02
0001806   1.1241E+03 -1.7807E+02  9.3827E+02
0001807   9.9673E+02  4.6660E+01 -1.5653E+02
0001808   2.9698E+02  3.9488E+01 -1.9860E+02
0001809   3.2138E+02  8.2111E+01  1.1473E+02
0001810   4.8797E+02 -1.9386E+01 -5.1113E+02
0001811   1.2332E+03 -2.9177E+02  4.0477E+02
0001812   1.1359E+03 -2.6689E+02  2.3354E+02
0001813   6.3040E+02  2.5478E+02 -2.4972E+02
0001814   1.1903E+03 -4.6748E+01 -3.8912E+02
0001815   8.1433E+02 -6.7004E+02 -3.0638E-01
0001816   5.2770E+02 -2.1651E+02  3.0121E+00
0001817   9.8388E+02 -1.0247E+02 -8.2374E+02
0001818   8.3456E+02 -2.2009E+02 -1.9173E+02
0001819   4.5285E+02  4.5574E+02  4.3040E+02
0001820   8.6395E+02 -5.2239E+01  4.7024E+02
0001821   6.5615E+02 -1.0185E+02  4.4875E+01
0001822   3.1016E+02  4.4755E+01  2.9596E+02
0001823   1.0988E+03 -6.0260E+02 -3.0387E+02
0001824   5.1595E+02 -1.0661E+02  6.6580E+01
0001825   3.6349E+02 -7.1765E+02  5.8975E+01
0001826   1.2990E+03  4.0669E+02  1.5734E+02
0001827   8.1126E+02  8.6492E+02  1.3686E+02
0001828   1.7061E+03  3.3406E+02  7.1081E+02
0001829   7.3638E+02 -4.0516E+02  1.0068E+02
0001830   8.4980E+02  6.3064E+02  6.3709E+01
0001831   7.6960E+02  2.3251E+02  3.2915E+02
0001832   3.5196E+02  2.2620E+02 -1.7214E+01
0001833   9.4334E+02  2.7590E+02  5.2385E+01
0001834   4.9280E+02 -1.2572E+02 -5.5499E+02
0001835   6.8916E+02  7.6764E+01 -2.2317E+02
0001836   6.4067E+02 -2.9206E+02  1.0820E+02
0001837   4.8470E+02 -2.4124E+02  4.5286E+02
0001838   6.8687E+02  2.4670E+02 -2.2263E+02
0001839   1.0085E+03  5.3207E+02  1.2283E+02
0001840   1.0438E+03  6.1790E+02  6.8390E+01
0001841   5.2568E+02  1.9143E+02  2.6280E+02
0001842   9.4031E+02 -4.2720E+01 -5.3031E+02
0001843   7.0815E+02  3.1841E+02  1.3383E+01
0001844   8.4636E+02  2.5363E+02  3.5669E+02
0001845   7.5423E+02  8.1631E+02 -1.3880E+02
0001846   6.7663E+02  5.7219E+02  1.2941E+02
0001847   4.2061E+02 -2.1551E+01 -9.8962E+02
0001848   4.0210E+02 -5.0246E+02 -1.6635E+02
0001849   9.7853E+02 -3.0778E+02  7.6836E+01
0001850   8.9090E+02  3.9406E+02 -8.1876E+02
0001851   7.7395E+02  6.7378E+02  4.5741E+01
0001852   7.7064E+02 -1.8201E+02  4.2173E+02
0001853   4.5631E+02  3.4325E+02  2.0023E+02
0001854   8.9241E+02 -1.9040E+02  1.8721E+01
0001855   9.3510E+02 -3.1014E+02 -1.6169E+02
0001856   1.2913E+03  3.5031E+02  1.9413E+02
0001857   1.0462E+03  7.5312E+01 -6.9479E+01
0001858   7.5346E+02 -3.1877E+02  6.4757E+01
0001859   2.9451E+02 -6.3625E+01 -1.0291E+02
0001860   9.0113E+02  3.6440E+02 -1.2188E+02
0001861   1.0242E+03 -3.4589E+02  3.6245E+02
0001862   4.4069E+02  3.2444E+00  7.9415E-01
0001863   5.8053E+02  1.1753E+03 -3.8981E+02
0001864   2.7084E+02 -5.7779E+01  2.3883E+02
0001865   2.0813E+02 -7.7665E+01  4.1484E+02
0001866   1.7847E+02 -3.7497E+02 -6.3407E+01
0001867   5.2524E+02  9.2551E+01 -4.2668E+02
0001868   7.9842E+02 -4.0301E+02  1.1482E+02
0001869   3.3269E+02 -4.2915E+02 -1.7459E+02
0001870   4.9668E+02 -5.8562E+01 -3.2065E-01
0001871   1.3204E+03 -1.4589E+02 -5.0086E+01
0001872   5.2095E+02 -6.5526E+01  3.2009E+02
0001873   4.2894E+01  1.1945E+02  1.8194E+01
0001874   4.9089E+02 -5.0739E+02  4.0290E+02
0001875   5.2769E+02  2.4833E+02  3.9938E+02
0001876   7.9584E+02  2.3792E+02  5.0044E+02
0001877   3.2181E+02  5.9400E+01 -3.3446E+02
0001878   3.7846E+02  1.7597E+01  9.4771E+02
0001879   4.8816E+02  6.6849E+01 -1.5956E+02
0001880   6.4417E+02 -6.6054E+02  3.3307E+02
0001881   2.6364E+02 -5.6129E+01  1.0920E+01
0001882   8.4627E+02 -1.7155E+02  2.9385E+02
0001883   1.5226E+03 -7.3402E+01 -4.5058E+02
0001884   5.1944E+02  3.5665E+01  9.5675E+02
0001885   5.1531E+02 -3.1376E+02 -8.2664E+00
0001886   7.5659E+02  9.7723E+02 -9.9086E+02
0001887   1.0836E+03  1.1412E+02 -2.2961E+02
0001888   2.9991E+02  4.1611E+02 -4.9947E+02
0001889   1.1252E+03  6.3533E+01 -3.8972E+02
0001890   9.8845E+02 -1.5464E+02 -2.2704E+02
0001891   1.0257E+03  3.9381E+01  1.9323E+02
0001892   9.9243E+02 -6.9055E+01  4.2414E+02
0001893   8.2022E+02  1.1978E+02 -1.4021E+02
0001894   5.8525E+02  1.5567E+02 -2.4067E+02
0001895   5.4926E+02 -4.3671E+02 -7.4524E+02
0001896   6.5906E+02  1.2574E+02  1.8243E+01
0001897   8.0976E+02 -3.6679E+01 -2.9914E+02
0001898   8.6305E+02 -3.0501E+02 -2.9862E+02
0001899   8.4163E+02 -5.1996E+02 -5.5861E+01
0001900   6.2185E+01 -5.1889E+01 -9.7693E+00
0001901   8.9053E+02  5.0564E+02  6.6333E+02
0001902   1.2575E+03  2.3522E+02 -7.2500E+01
0001903   7.2745E+02 -3.7434E+02  6.3898E+02
0001904   8.7718E+02  6.6922E+01  6.3627E+02
0001905   8.0767E+02 -1.4920E+02  7.0082E+01
0001906   1.1370E+03 -1.0682E+02  2.4492E+02
0001907   3.2850E+02  1.8505E+02 -1.9597E+01
0001908   5.3954E+02  1.3152E+02  6.0080E+00
0001909   1.2754E+03 -3.0117E+02  8.8665E+01
0001910   5.1471E+02 -6.9252E+02  5.5785E+01
0001911   1.0430E+03 -3.9799E+02 -6.9463E+01
0001912   4.6790E+02 -1.2486E+02  3.4548E+02
0001913   3.5561E+02 -3.7234E+02 -9.5051E+01
0001914   8.4817E+02  4.8661E+02  3.3335E+02
0001915   1.5153E+03  7.9757E+01  2.4979E+02
0001916   8.0613E+02 -7.6316E+01 -9.0000E+01
0001917   7.3125E+02  1.1054E+03 -1.7471E+02
0001918   4.7010E+02 -3.7879E+01 -1.4810E+02
0001919   4.1504E+02 -6.7360E+01 -1.8936E+01
0001920   1.1475E+03 -1.4797E+02 -4.2453E+02
0001921   7.5153E+02  3.1261E+02 -8.0280E+02
0001922   7.5834E+02 -2.4280E+02 -2.3552E+02
0001923   7.3623E+02 -8.2803E+02 -4.0669E+02
0001924   6.5809E+02  1.8767E+02  5.5500E+02
0001925   5.0006E+02 -3.3262E+02  7.3697E+02
0001926   8.8645E+02 -4.3599E+01  5.4343E+02
0001927   6.3183E+02 -3.8846E+02 -6.1069E+01
0001928   6.1603E+02  8.2618E+01  2.5032E+02
0001929   2.0215E+02 -1.0629E+03  2.4458E+02
0001930   6.0186E+02  4.3121E+02 -7.3013E+02
0001931   4.4544E+02  4.9638E+02 -3.9844E+02
0001932   7.7850E+02 -3.1827E+02  2.4653E+01
0001933   8.5881E+02  1.0833E+01  1.6828E+02
0001934   8.5669E+02 -2.6968E+02 -8.4083E+01
0001935   6.1972E+01 -2.7507E+02 -1.2169E+02
0001936   3.9605E+02  3.9270E+02 -1.2522E+02
0001937   9.2089E+02  6.0558E+02  1.7426E+02
0001938   4.7152E+02 -1.2612E+02  9.6670E+00
0001939   6.9629E+02 -1.2190E+02  5.3778E+01
0001940   1.0059E+03 -2.4498E+02 -1.4003E+02
0001941   6.7390E+02 -1.4489E+02  7.5851E+01
0001942   7.9073E+02  6.1819E+02 -5.1320E+01
0001943   6.9550E+02 -2.2220E+02 -7.3727E+02
0001944   8.8337E+02 -6.3485E+02 -3.8353E+02
0001945   8.3669E+02 -1.8177E+02 -7.2227E+01
0001946   1.2914E+03  1.3507E+02  8.0526E+00
0001947   1.6771E+03  1.4622E+02 -1.7017E+02
0001948   1.1639E+03 -5.3898E+02  4.0039E+02
0001949   8.0944E+02 -7.5973E+02 -4.6635E+02
0001950   1.3339E+03  9.4118E+01 -9.3544E+01
0001951   1.7859E+02 -3.8801E+00 -7.5091E+02
0001952   1.0033E+03  1.7241E+02  1.7386E+02
0001953   1.4583E+03 -5.4181E+02 -1.1193E+03
0001954   5.5995E+02 -1.8194E+01 -1.3046E+02
0001955   1.3779E+03 -2.9136E+02  1.0914E+02
0001956   7.0445E+02  2.3878E+00 -1.7143E+02
0001957   7.0080E+02  1.8729E+02  2.0332E+01
0001958   1.3656E+03 -3.6507E+02  1.4440E+02
0001959   6.7105E+02  9.6928E+01  5.0491E+01
0001960   7.3710E+02 -2.9180E+02 -1.3040E+02
0001961   1.0802E+03  7.5539E+01  2.0470E+02
0001962   1.4046E+03  2.0094E+02  5.3602E+02
0001963   8.3047E+02  3.3539E+02 -2.3244E+02
0001964   4.7800E+02  6.1614E+01 -5.1816E+01
0001965   1.0038E+03 -2.6157E+00 -3.4567E+02
0001966   1.7018E+01 -1.9512E+02 -1.3266E+02
0001967   8.5296E+02  2.5198E+02 -8.8013E+01
0001968   6.8965E+02  2.7122E+02  5.3532E+02
0001969   1.2162E+03  6.2302E+02  7.8330E+01
0001970   7.3786E+02 -1.7892E+02  4.5782E+02
0001971   5.4064E+02  3.2053E+02  4.3678E+02
0001972   1.5719E+02  7.9066E+02  7.9477E+01
0001973   1.3128E+03  1.9354E+02 -2.9293E+01
0001974   1.3634E+03  5.2216E+02  5.2144E+01
0001975   7.2956E+02 -9.0532E+01 -2.7446E+02
0001976   1.1141E+03  4.6333E+02 -3.7330E+01
0001977   5.6366E+02  3.3933E+01 -1.1839E+02
0001978   7.8802E+02 -4.0952E+02  4.9428E+02
0001980   1.0563E+03 -1.8320E+02 -6.8924E+02
0001981   5.1911E+02 -5.4897E+01 -1.4885E+02
0001982   1.1163E+03 -6.7251E+02  1.2146E+02
0001983   5.5238E+02 -5.5262E+02  7.5231E+01
0001984   6.4440E+02  9.7995E+01  4.1710E+02
0001985   1.2755E+03  4.5606E+00 -1.5570E+01
0001986   5.6436E+02 -6.1610E+02 -6.2049E+01
0001987   1.2187E+03 -2.1400E+02  2.4040E+02
0001988   8.0705E+02  9.5903E+01  3.1328E+02
0001989   4.4000E+02  3.1460E+02 -3.4707E+02
0001990   7.4295E+02  1.6266E+02 -6.6265E+02
0001991   6.8598E+02 -2.6157E+02  6.9132E+02
0001992   6.9909E+02 -4.8150E+02 -3.1942E+02
0001993   6.9342E+02  2.9382E+02  2.5207E+02
0001994   4.1404E+02  4.3939E+02  1.1258E+02
0001995   8.3767E+02 -5.8987E+02  2.4963E+02
0001996   6.0990E+02 -9.4267E+01 -3.7667E+02
0001997   6.5369E+02 -6.8462E+02  2.3587E+02
0001998   9.6168E+02  1.9667E+02  3.1726E+02
0001999   4.7829E+02  4.4682E+02 -1.2805E+02
0002000   1.2022E+03 -8.2185E+02 -4.1402E+02
0002001   9.6490E+02  6.3359E+01  3.1626E+02
0002002   2.3629E+02 -4.3477E+02  4.3650E+02
0002003   1.2810E+03 -2.3518E+01 -1.0503E+03
0002004   7.7698E+02  1.2048E+02 -6.6448E+02
0002005   8.3580E+02 -9.9755E+01 -3.3396E+02
0002006   3.9307E+02  2.2047E+02 -1.9137E+02
0002007   4.9164E+02 -2.5454E+02 -3.3129E+02
0002008   1.3699E+03 -6.7844E+00  6.2591E+02
0002009   5.7961E+02 -3.5992E+02  3.3190E+02
0002010   4.8950E+02  1.1604E+02 -5.5786E+02
0002011   5.3006E+02  3.1870E+02 -3.8779E+02
0002012   3.3597E+02 -9.0600E+01  1.9682E+02
0002013   6.4947E+02  2.1647E+02 -3.5346E+02
0002014   2.5770E+02  6.7693E+00  1.9684E+02
0002015   1.0676E+03 -3.2710E+02 -6.6355E+02
0002016   6.0684E+02  4.8592E+02 -7.6316E+01
0002017   8.2343E+02  6.1219E+02 -1.2489E+02
0002018   5.5968E+02  2.0853E+02 -1.2526E+02
0002019   8.3677E+02 -5.9529E+02 -1.3450E+02
0002020   6.5671E+02 -5.7101E+02 -2.3483E+02
0002021   8.4963E+02 -1.6150E+02 -2.9064E+01
0002022   8.3903E+02  2.3266E+02  4.6830E+02
0002023   9.8916E+02  8.4426E+01 -1.5098E+02
0002024   7.4440E+02 -4.0800E+02 -4.4260E+01
0002025   2.1749E+02  9.6802E+01 -4.0820E+02
0002026   1.4765E+03 -2.9329E+01  3.8680E+02
0002027   9.8551E+02 -3.8926E+02 -1.1705E+03
0002028   1.0233E+03  2.8455E+02 -5.4387E+02
0002029   7.2770E+02  1.6475E+02 -4.6595E+01
0002030   5.9494E+02 -8.8545E+01 -6.6427E+01
0002031   5.0157E+02  1.6954E+02  1.3720E+01
0002032   5.6496E+02 -3.4484E+02 -3.1523E+02
0002033   1.0616E+02  2.8399E+02 -5.7578E+02
0002034   3.5350E+02 -4.4768E+02  1.7742E+02
0002035   7.3084E+02 -6.3462E+00  1.2899E+02
0002036   1.2714E+03 -1.7897E+01 -4.1888E+02
0002037   1.0190E+03  1.5349E+02  5.5395E+02
0002038   2.0311E+02 -3.5756E+02  5.8476E+01
0002039   1.2248E+03  1.5908E+02  4.8600E+00
0002040   1.1345E+03 -6.1060E+02 -7.9058E+01
0002041   1.0275E+03 -1.8714E+00 -1.2282E+02
0002042   7.0769E+02  3.3485E+02  2.8620E+02
0002043   5.1016E+02 -2.1306E+02 -2.2154E+02
0002044   6.3359E+02 -1.5011E+02 -2.6297E+01
0002045   2.3367E+02  5.6279E+01  2.6197E+00
0002047   3.8963E+02 -6.6342E+00 -5.2002E+02
0002048   4.4906E+02  2.1331E+02  6.4471E+01
0002049   2.8827E+02 -7.3382E+02 -2.1266E+02
0002050   8.5326E+02 -2.1132E+02 -1.3338E+01
0002051   5.6477E+02  1.1390E+02 -3.1523E+02
0002052   3.4406E+02 -2.0047E+02 -8.6078E+01
0002053   9.3765E+02  1.2993E+02 -5.2139E+02
0002054   7.4251E+02  1.5136E+01 -1.5546E+01
0002055   1.1145E+03 -5.6811E+02 -1.1482E+02
0002056   6.5147E+02  9.0232E+01 -8.3119E+02
0002057   4.3989E+02  3.4618E+02 -2.9099E+02
0002058   7.1918E+02 -2.7470E+02  2.8217E+02
0002059   1.1424E+03  8.3806E+01 -2.4594E+02
0002060   7.8897E+02  4.0827E+02 -1.9180E+02
0002061   1.0795E+03 -2.6761E+02 -9.7953E+01
0002062   5.5691E+02  4.1614E+02  3.2826E+02
0002063   7.7392E+02 -3.2740E+02 -1.3640E+02
0002064   1.7736E+01  4.5397E+02  1.4892E+02
0002065   1.0110E+03 -5.8079E+02 -6.6678E+02
0002066   1.0276E+03 -4.2803E+02 -2.7188E+02
0002067   6.8563E+02  3.3197E+02 -4.1528E+02
0002068   6.9460E+02  4.6983E+02 -4.2597E+02
0002070   8.6261E+02 -3.8259E+02  8.1253E+02
0002071   4.5021E+02 -2.5083E+01  7.8207E+01
0002072   9.0206E+02  3.2103E+02 -5.8921E+02
0002073   1.2758E+03  2.2287E+02  4.3320E+02
0002074   7.8458E+02  3.6826E+02 -5.7863E+02
0002075   9.2863E+02 -1.4075E+02 -1.5384E+02
0002076   3.3629E+02 -6.0658E+02  5.4452E+02
0002077   1.9921E+02  2.8120E+01  4.3687E+01
0002078   1.1333E+03 -2.8766E+02 -6.8886E+01
0002079   7.5061E+02  1.7578E+02  1.0273E+01
0002080   9.1874E+02  1.3171E+02 -3.7944E+02
0002081   7.5681E+02 -1.6971E+02 -1.5124E+02
0002082   3.8417E+02  2.3784E+02 -5.3194E+02
0002083   8.1699E+02  2.2299E+02  1.2150E+02
0002084   7.1070E+02  3.8876E+01  6.4315E+01
0002085   3.5939E+02 -1.5212E+02 -7.5711E+01
0002086   5.2246E+02  1.0816E+02  2.9471E+02
0002087   5.6107E+02  9.6269E+02  8.3985E+02
0002088   1.3278E+03 -2.6259E+02  2.2853E+02
0002089   3.6158E+02  4.4267E+02 -8.3437E+01
0002090   1.1961E+03  1.4331E+02 -1.2196E+02
0002091   6.4632E+02  1.7125E+02  5.9640E+01
0002092   5.0942E+02 -1.0141E+02  5.8633E+01
0002094   5.6180E+02 -1.8493E+02 -2.2457E+01
0002095   7.4585E+02  3.8919E+02  1.2171E+02
0002096   2.5645E+02  3.2685E+02  6.2628E+01
0002097   5.8294E+02 -2.2359E+02 -5.3832E+01
0002098   6.2327E+02 -1.1500E+02  2.2463E+02
0002099   8.2454E+02  2.5537E+02  2.8110E+02
0002100   5.8650E+02 -1.9360E+02  9.6534E+01
0002101   8.2013E+02  3.2843E+02 -2.3746E+02
0002102   2.3599E+02  1.4464E+02 -2.2747E+02
0002103   6.2866E+02  2.6976E+01 -2.4373E+02
0002104   8.5976E+02  1.4318E+02 -1.4245E+02
0002105   8.7138E+02 -4.5240E+02 -1.7564E+02
0002106   7.6889E+02 -4.7181E+02  3.5762E+02
0002107   1.1386E+03  2.7464E+01 -5.9742E+01
0002108   8.6143E+02  4.5763E+02 -3.5202E+02
0002109   6.5831E+02 -3.7412E+02  7.5954E+01
0002111   4.8740E+02 -1.8830E+02 -9.8117E+01
0002112   9.3990E+02 -3.4266E+02  9.0547E+02
0002113   6.6280E+02 -2.0479E+02  9.6963E+02
0002114   6.6923E+02 -2.4277E+02  4.0648E+02
0002115   1.1098E+03 -3.6832E+02 -1.0657E+01
0002116   3.8386E+02 -3.7948E+02 -2.4191E+00
0002117   1.1433E+03  2.6189E+02 -4.3411E+02
0002118   1.5278E+03  5.6871E+01  1.6585E+01
0002119   9.0424E+02  3.2782E+02  3.3505E+02
0002120   9.0337E+02 -5.0687E+02 -3.1711E+02
0002121   1.1113E+03  3.7792E+01 -1.9150E+02
0002122   9.1488E+02 -3.8914E+02 -1.1914E+02
0002123   1.6756E+02  1.8768E+02  5.6661E+02
0002124   7.4947E+01  1.0937E+02 -3.6625E+01
0002125   8.6751E+02  2.7286E+02 -7.8131E+01
0002126   5.5132E+02  2.3807E+02 -6.6883E+00
0002127   3.5741E+02  3.7865E+02 -3.9066E+02
0002128   5.7805E+02 -7.6337E+02  3.0323E+02
0002129   7.8124E+02 -1.9964E+02  3.1332E+02
0002130   9.3259E+02  2.2811E+01 -7.6587E+02
0002131   1.5724E+03 -3.6867E+02 -3.0143E+02
0002132   2.5408E+02 -1.1181E+02 -2.5474E+02
0002133   6.7007E+01  1.0658E+02  9.0158E+02
0002134   8.0385E+02  4.0467E+02  2.8453E+02
0002135   1.2814E+03 -1.8624E+02  4.5521E+02
0002136   2.8039E+02  3.0777E+02  1.4671E+02
0002137   9.7225E+02 -3.0943E+02 -4.0605E+01
0002138   1.0887E+03 -1.5723E+02  4.8338E+02
0002139   1.5146E+03 -2.9441E+02  5.5744E+01
0002140   8.0701E+02 -3.3760E+02  2.1478E+02
0002141   8.1041E+02  8.9991E+01 -3.5636E+02
0002142   8.5304E+02  2.1050E+01  5.8866E+01
0002144   7.3894E+02 -4.9614E+02  1.4826E+02
0002145   1.2156E+03 -3.2035E+00 -1.2363E+02
0002146   7.3139E+02  1.0588E+02 -3.9703E+01
0002147   3.5448E+02  4.9771E+02 -7.9601E+02
0002148   5.5934E+02 -3.1828E+02 -3.3991E+02
0002149   1.0589E+03  4.8157E+02 -4.7238E+02
0002150   3.2922E+02 -3.8047E+02  7.6551E+02
0002151   3.7249E+02  8.1483E+02 -8.8756E+01
0002152   8.9358E+02  1.2026E+02 -2.4640E+02
0002153   1.3220E+03 -4.7230E+01  5.1755E+02
0002154   2.8681E+02 -1.2051E+02  2.6868E+02
0002155   5.1224E+02 -2.8789E+02  1.3183E+02
0002156   1.1392E+03 -7.7623E+01  3.9484E+02
0002157   9.8348E+02  4.1541E+02 -4.2164E+02
0002159   1.0818E+03 -8.8982E+01 -7.9795E+02
0002160   7.9702E+02  3.3767E+02  4.0155E+02
0002161   1.2978E+03  1.7350E+02 -3.0621E+02
0002162   1.6213E+02  5.0280E+02 -1.2225E+02
0002163   3.5684E+02 -1.3577E+02 -9.9728E+01
0002164   1.0605E+02  3.7576E+01 -1.7062E+01
0002165   1.1063E+03 -3.0937E+02 -5.7114E+02
0002166   1.4104E+03  1.1405E+02 -5.6169E+02
0002167   8.3868E+02 -4.9319E+02  3.8561E+02
0002168   5.5950E+02 -2.0048E+02 -1.5362E+02
0002169   9.3344E+02  7.1931E+02  2.0658E+02
0002170   1.3539E+02  7.3341E+01 -9.0532E+00
0002171   9.2371E+02 -1.7738E+02 -1.2868E+02
0002172   6.5018E+02 -2.2697E+01  8.1526E+01
0002173   8.1593E+02  6.2518E+01  1.1834E+02
0002174   8.5626E+02 -3.7774E+02  2.8511E+02
0002175   8.0016E+02  3.8086E+01 -4.3308E+02
0002176   8.2707E+02  1.3308E+02  7.6137E+02
0002177   9.5242E+02 -9.1833E+02  1.6893E+02
0002178   5.0778E+02  1.3824E+02 -2.8136E+02
0002179   5.7726E+02 -7.7061E+01  2.8619E+02
0002180   1.2577E+02  1.4858E+02 -1.6433E+01
0002181   5.1075E+02  1.9200E+02  2.5747E+01
0002182   7.0574E+02 -1.1851E+02 -3.0568E+02
0002183   1.2979E+02 -3.1851E+02 -1.7778E+02
0002184   1.3690E+03  1.1141E+02 -3.8593E+02
0002185   4.2953E+02 -2.5408E+02 -8.4710E+02
0002186   8.8036E+02 -2.6463E+02  1.3803E+02
0002187   8.2151E+02 -2.6629E+01 -2.9125E+02
0002188   5.2095E+02  4.1903E+02  1.1361E+02
0002189   5.9121E+02 -2.1227E+02  2.4286E+02
0002190   2.4513E+02 -6.8420E+01 -2.7131E+02
0002191   3.3098E+02  3.7319E+02  8.6619E+01
0002192   5.1026E+02 -5.2614E+02  3.6217E+02
0002193   7.8896E+02  1.8925E+01 -3.2210E+02
0002194   1.1043E+03 -1.2595E+02  1.8958E+02
0002195   1.2227E+03  3.2799E+02 -3.0813E+01
0002196   5.8617E+02 -1.9683E+01  5.7186E+02
0002197   5.9912E+02  1.1056E+01  7.9958E+01
0002198   7.1140E+02 -4.4599E+02 -4.1658E+02
0002199   5.6033E+02  5.0216E+02 -1.2897E+02
0002200   1.0246E+03  1.4662E+02 -2.7834E+02
0002201   5.4243E+02 -2.5237E+02 -3.7366E+01
0002202   2.9079E+02  7.8689E+02 -5.3161E+02
0002203   1.0429E+03 -6.4852E+02  6.3463E+02
0002204   2.3831E+02  2.5845E+02  6.1858E+01
0002205   7.1878E+02  2.2424E+02 -4.7158E+02
0002206   3.2217E+02  3.5090E+01 -2.1117E+02
0002207   7.3546E+02  5.2045E+01  4.3351E+02
0002208   7.3755E+02 -2.2256E+02  3.7252E+02
0002209   3.6942E+02 -2.5263E+02  3.8003E+02
0002210   1.4940E+02 -3.0382E+02  3.9949E+02
0002211   6.8909E+02 -2.7119E+02  8.7308E+01
0002212   8.8453E+02  2.3637E+02  2.2903E+01
0002213   1.2605E+03  3.5340E+02  2.3485E+02
0002214   6.9182E+02 -3.6820E+02 -2.6148E+02
0002215   2.6729E+02 -4.8724E+01 -1.8184E+02
0002216   1.1857E+03 -6.7407E+01  5.3870E+02
0002217   1.8907E+02  5.0223E+02 -2.7296E+02
0002218   4.4241E+02 -4.6415E+02 -8.3133E+02
0002219   1.2978E+03 -2.5101E+02  1.9554E+02
0002220   5.2434E+02  8.6040E+02  4.9981E+02
0002221   9.3802E+02 -5.6682E+02  6.7758E+02
0002222   8.7193E+02  3.5893E+02 -1.5471E+02
0002223   1.0061E+03 -5.0878E+02 -2.5453E+02
0002224   9.1976E+02  4.1883E+02 -2.3405E+02
0002225   7.0664E+02 -1.8925E+02  2.8249E+02
0002226   1.2759E+03  4.9047E+02 -3.6762E+02
0002227   4.2747E+02 -1.8265E+02 -2.3602E+02
0002228   1.1608E+03  7.4663E+01 -1.4938E+02
0002229   5.9330E+02  4.0238E+02 -1.5467E+02
0002230   1.1382E+03  5.1574E+02 -5.9092E+02
0002231   1.2817E+02  2.5682E+01 -1.2558E+02
0002232   5.9084E+02  4.7424E+02  3.7245E+02
0002233   7.1009E+02 -2.5279E+02 -8.0024E+02
0002234   1.0522E+03 -6.0032E+01  3.4217E+02
0002235   1.1960E+03  6.5827E+02  2.3039E+02
0002236   1.1609E+03 -4.9867E+00 -4.0280E+02
0002237   6.8143E+02  4.4317E+01  2.7877E+02
0002238   9.2994E+02  2.0287E+02  5.9901E+02
0002239   1.1204E+03  1.1924E+02  1.6918E+02
0002240   9.3642E+02  3.1263E+02 -3.2516E+02
0002241   8.4778E+02  1.9079E+02  4.6912E+02
0002242   1.5223E+03  2.6705E+02 -1.6804E+00
0002243   9.3868E+02  2.9557E+02 -3.8543E+02
0002244   4.5925E+02 -5.3941E+02  7.2929E+01
0002245   9.9522E+02  1.2701E+02 -6.8621E+02
0002246   9.7144E+02  4.1649E+02  4.4795E+02
0002247   1.2206E+03 -4.5688E+02 -1.0805E+02
0002248   8.3223E+02 -2.5258E+02 -1.0650E+03
0002249   6.1408E+02  1.3365E+02 -2.4330E+01
0002250   9.3746E+02 -1.8012E+02 -2.4676E+02
0002251   5.0762E+02 -1.3015E+02 -3.8302E+02
0002252   9.0571E+02  1.5233E+02  4.4914E+02
0002253   7.8268E+02 -6.3977E+01 -1.4416E+02
0002254   2.0033E+02 -3.7277E+02  4.8739E+02
0002255   5.2789E+02 -1.4870E+02 -6.1119E+02
0002256   1.1009E+03 -9.6456E+01 -8.5647E+02
0002257   5.0051E+02 -1.1065E+02  8.9446E+01
0002258   9.0450E+02  4.2058E+01 -4.0052E+02
0002259   2.8354E+02 -4.5225E+02  3.2011E+02
0002260   8.7570E+02  3.7194E+02  2.1577E+02
0002261   3.8192E+02 -4.2633E+02  4.8505E+02
0002262   8.4417E+02 -3.0641E+02  7.5170E+02
0002263   8.7215E+02 -5.7133E+01  7.8194E+02
0002264   8.3288E+02  5.2773E+02 -4.1686E+01
0002265   9.5706E+02  1.7648E+02 -2.0015E+02
0002266   7.0460E+02  1.1438E+02 -7.7235E+01
0002267   1.2561E+03 -2.0187E+02  1.2670E+02
0002268   4.0355E+02  5.1035E+02 -1.8741E+02
0002269   1.2340E+02 -4.7111E+02 -5.5286E+02
0002270   7.8859E+02  2.1989E+02  6.3063E+02
0002271   7.5944E+02  3.6702E+01  2.3177E+02
0002272   3.4229E+02 -5.0692E+02  6.8044E+01
0002273   1.5842E+02  2.9692E+02  1.5582E+02
0002274   9.9162E+02 -9.0249E+02 -1.3347E+02
0002275   9.6498E+02 -9.4025E+01  4.4797E+02
0002276   1.1840E+03  1.7777E+02  1.5197E+02
0002277   1.1193E+03  4.6450E+02 -6.6648E+01
0002278   3.2823E+02  2.3739E+02 -1.4106E+01
0002279   9.9785E+01 -1.3696E+02 -4.2569E+01
0002280   5.6268E+01  3.9091E+01 -1.4902E+02
0002281   7.0444E+02  2.3834E+02 -4.8844E+02
0002283   2.5211E+02  2.1226E+02 -4.5997E+02
0002284   5.9233E+02  8.7935E+01  8.2481E+02
0002285   2.6022E+02 -9.1604E+01 -1.8714E+02
0002286   5.3200E+02 -4.3438E+02  1.1673E+02
0002288   1.2098E+03  2.3776E+02  1.2546E+02
0002289   3.0223E+02  2.9860E+02 -5.0226E+02
0002290   9.0916E+02  1.8899E+02  3.0503E+02
0002291   2.2948E+02  5.3875E+02  6.7771E+01
0002292   6.2688E+02  6.3818E+02 -4.8852E+02
0002293   7.4826E+02 -6.0004E+02  2.4847E+02
0002294   4.2110E+02  4.8884E+02  1.6753E+02
0002295   7.9700E+02  1.4311E+02  5.4715E+02
0002296   2.4180E+02 -2.1249E+02  6.0297E+02
0002297   9.0937E+02 -3.1049E+02 -1.8650E+02
0002298   7.5605E+02 -1.9934E+02  3.6021E+01
0002299   1.6422E+02  6.4269E+02 -6.5420E+02
0002300   6.2605E+02 -3.3533E+01  1.3860E+02
0002301   1.3105E+03  7.6840E+02  1.1874E+01
0002302   1.0181E+03  2.4641E+02 -3.5038E+01
0002303   5.2928E+02 -4.5364E+02 -6.0057E+02
0002304   9.4456E+02  5.1008E-01 -1.7831E+02
0002305   6.8467E+02 -3.7279E+02 -6.0765E+02
0002306   4.2111E+02  5.9612E+02 -1.9899E+02
0002307   4.1155E+02  1.4722E+02  4.4925E+02
0002308   6.9691E+02 -6.0350E+01 -6.5557E+02
0002309   1.5928E+03 -2.1084E+02  2.9966E+01
0002310   5.2801E+02 -1.8351E+02 -2.8674E+02
0002311   6.7445E+02  7.2268E+01  5.5853E+01
0002312   1.0276E+03 -6.6116E+01 -1.0714E+02
0002313   3.0085E+02  1.9153E+02  3.6016E+02
0002314   4.1902E+02 -4.3770E+02 -6.4181E+01
0002315   1.1123E+02 -3.2368E+02 -1.6347E+02
0002316   1.2957E+03  3.0087E+02 -4.3370E+02
0002317   8.8758E+02 -5.7983E+02 -5.8917E+02
0002318   9.9364E+02 -1.8048E+02 -4.2489E+02
0002319   6.4549E+02  3.3169E+02  5.1867E+02
0002320   9.6712E+02  7.4009E+02  2.5362E+02
0002321   1.2586E+03  1.9547E+02  3.7671E+01
0002322   9.4278E+02 -2.6357E+02  9.9950E+01
0002323   5.5689E+02  3.4835E+02  1.0494E+02
0002324   6.6336E+02  3.0092E+02  1.0441E+01
0002325   1.5856E+03  1.8224E+02 -2.7051E+02
0002326   1.2277E+02 -6.6368E+01  8.1109E+01
0002327   5.7476E+02  1.6105E+02  2.5345E+02
0002328   1.5958E+02  1.7442E+02 -6.7031E+01
0002329   1.1188E+03  2.9623E+01  4.3004E+02
0002330   6.3995E+02 -3.5466E+01  3.9330E+02
0002331   9.6596E+02  7.0949E+02  3.0937E+02
0002332   2.9709E+02 -6.0969E+02  5.2671E+02
0002333   9.3880E+02  1.9612E+02 -2.4967E+02
0002334   9.5061E+02 -4.0334E+02  2.7949E+01
0002335   1.3581E+03  4.9601E+02 -1.4567E+02
0002336   1.4639E+03 -1.7962E+02  3.5448E+02
0002337   8.2454E+02 -1.3664E+02 -1.6839E+02
0002338   2.3592E+02 -1.2497E+02 -1.0324E+02
0002339   1.1380E+03  3.7955E+02  8.3388E+01
0002340   5.5480E+02  1.5247E+01 -3.1565E+02
0002341   9.6367E+02 -1.6724E+02  5.1944E+00
0002342   6.7937E+02 -3.1739E+02  1.6322E+02
0002343   8.2933E+02  2.2326E+02 -5.6021E+02
0002344   5.6844E+02 -1.2401E+02  2.4526E+02
0002345   8.0893E+02 -2.3183E+02 -1.0938E+02
0002346   6.3829E+02 -3.3704E+02  4.3462E+02
0002347   4.7539E+02 -9.4656E+02 -2.4572E+02
0002348   4.2377E+02 -8.8904E+01  5.2884E+02
0002349   2.2786E+02  1.3906E+02  8.8119E+01
0002350   1.1362E+03 -5.0581E+02 -4.6789E+02
0002351   1.2626E+03 -2.0114E+02  1.3337E+03
0002352   8.0068E+02 -2.4457E+02 -3.2746E+01
0002353   1.1164E+03  2.7082E+02 -1.9025E+02
0002354   5.7315E+02  5.4069E+02  1.5099E+02
0002355   7.3600E+02  2.6622E+02 -1.4382E+02
0002356   4.4135E+02 -2.6750E+02 -1.3107E+02
0002357   9.9125E+02 -3.8677E+02  5.0545E+02
0002358   1.4515E+03  1.5747E+02  8.8809E+01
0002359   8.4166E+02 -2.9721E+02 -6.9838E+02
0002360   1.2698E+03  1.3938E+01  1.5354E+02
0002361   2.7459E+02 -8.5002E+01 -1.3821E+02
0002362   4.8237E+01  2.8581E+01 -1.2789E+02
0002363   5.1655E+02 -4.4154E+02  1.8766E+02
0002364   8.7335E+01 -1.0473E+01 -4.7524E+01
0002365   9.6954E+02 -7.6140E+02  5.7431E+02
0002366   9.2746E+02  1.2505E+02  4.3886E+02
0002367   1.4560E+03  6.9155E+02  2.2999E+02
0002368   8.3351E+02 -2.0784E+02  4.4550E+01
0002369   5.3261E+02 -9.6585E+01 -7.9914E+02
0002370   1.5377E+03  1.7851E+02 -5.6504E+02
0002371   8.2922E+02 -6.5881E+01 -1.6540E+02
0002372   5.6533E+02  4.6831E+02  5.1632E+02
0002373   7.6887E+02  2.9134E+02  6.5876E+02
0002374   1.1767E+03 -4.7394E+01 -7.4834E+02
0002375   1.5666E+03  2.1378E+02 -2.3382E+02
0002376   1.4099E+03 -9.9447E+02 -1.5880E+02
0002377   7.0988E+02  3.4581E+02 -4.4471E+02
0002378   1.6296E+03  3.4836E+01 -2.7025E+02
0002379   1.1824E+03 -1.2274E+02 -6.2725E+02
0002380   1.2774E+03 -6.1223E+02  7.6915E+02
0002382   7.2725E+02 -7.4183E+02 -3.2304E+01
0002383   2.3999E+02 -1.1135E+02 -5.0169E+02
0002384   5.1767E+02 -2.4046E+01 -5.4006E+01
0002385   7.3647E+02  2.4479E+02  6.3183E+02
0002386   8.9662E+02 -6.0422E+01 -1.7877E+01
0002387   1.1487E+03  3.3625E+02 -9.9737E+02
0002388   9.8270E+02 -9.5863E+02  4.1459E+02
0002389   4.9396E+02  1.3892E+02  2.7968E+02
0002390   1.2775E+03 -6.3473E+02 -3.0177E+02
0002391   2.1432E+02 -1.7487E+02  7.0457E+02
0002392   1.0202E+03 -4.0612E+01  3.1537E+02
0002393   8.5053E+02 -1.3438E+02  7.3545E+02
0002394   1.5127E+01  9.7452E+01 -3.0991E+02
0002395   3.3089E+02  2.8946E+02  8.1712E+01
0002396   6.4065E+02 -8.1551E+02  3.5796E+02
0002397   2.4426E+02 -3.5815E+02  3.3824E+02
0002398   7.0736E+02 -5.3610E+00  2.5269E+01
0002399   1.2137E+03 -1.0948E+02 -4.3994E+02
0002400   1.1816E+03  3.2816E+02 -4.5449E+02
0002401   1.2179E+03  4.6659E+02  1.0901E+02
0002402   8.3239E+02  8.5681E+01  2.1889E+02
0002403   1.3091E+03  1.7287E+02 -2.5617E+02
0002404   5.1484E+02 -1.6949E+02 -1.7679E+02
0002405   1.1868E+03 -2.5495E+01 -6.2121E+02
0002406   1.0528E+03 -2.6917E+02 -1.0072E+02
0002407   8.5935E+02 -2.0249E+02 -2.2920E+02
0002408   7.5906E+02  9.0340E+01 -2.9130E+02
0002409   6.0841E+02 -4.8641E+02 -1.0854E+02
0002410   1.0911E+03 -1.4027E+02 -1.3087E+02
0002411   8.6112E+02  1.9328E+02 -4.9912E+01
0002412   1.3136E+03 -1.6445E+02 -4.7313E+02
0002413   9.1060E+02  1.0010E+02  1.6849E+02
0002414   8.5570E+02  6.8416E+00  2.0065E+02
0002415   1.0598E+03 -2.2674E+02 -4.6485E+02
0002416   2.9011E+02 -3.4109E+02  4.0837E+02
0002417   1.0808E+03 -9.2416E+00 -3.8314E+02
0002418   2.4335E+02 -1.5109E+02  1.7803E+02
0002419   6.7905E+02 -2.0787E+02 -8.3702E+01
0002420   1.2894E+03  7.5335E+01  1.0527E+02
0002421   1.0867E+03 -9.4306E+01  1.7308E+01
0002422   6.5829E+02  2.1521E+02 -3.0025E+02
0002423   7.3738E+02 -2.2895E+01  1.4897E+02
0002424   6.5972E+02  2.5721E+02 -4.3611E+02
0002425   1.0126E+03  3.6661E+02  2.2344E+01
0002426   4.8391E+02  1.9485E+02 -3.3504E+02
0002427   7.3578E+02 -5.2611E+02 -2.9388E+02
0002428   6.9874E+02 -2.9041E+01 -2.5492E+02
0002429   4.0443E+02 -1.5537E+02 -9.5258E+01
0002430   1.0055E+03 -5.6253E+02 -5.2958E+02
0002431   1.1368E+03 -7.4231E+01  4.7585E+01
0002432   1.0268E+03 -6.9069E+02 -4.4731E+02
0002433   1.0838E+03 -1.2753E+01 -1.5125E+02
0002434   6.4159E+02 -2.6840E+01 -2.1925E+02
0002435   6.3539E+02 -2.4653E+02  8.3549E+02
0002436   6.5470E+02  3.3377E+02  1.6974E+02
0002437   6.2203E+02 -2.4070E+02 -4.5870E+02
0002438   5.3132E+02  1.5074E+02  4.1670E+02
0002439   5.6511E+02 -2.9732E+02 -2.8737E+02
0002440   6.9272E+02  4.4399E+02 -1.3210E+02
0002441   1.3262E+03  1.7780E+02 -9.2654E+01
0002442   1.0922E+03  1.2565E+02  1.5712E+02
0002443   1.1042E+03 -3.6222E+02  4.8486E+02
0002444   2.5205E+02  2.2426E+02  1.7613E+01
0002445   8.3604E+02  2.5657E+02 -1.0198E+02
0002446   2.0764E+02 -4.1922E+01  9.0351E+01
0002447   1.3405E+03 -3.2214E+02 -1.5909E+02
0002448   9.5156E+02  7.6733E+02 -6.3842E+01
0002449   6.9390E+02  5.1442E+02  3.3604E+01
0002451   8.3210E+02 -1.2685E+02  2.0170E+02
0002452   6.4116E+02  7.9639E+01  4.2984E+01
0002453   7.5016E+02 -4.0371E+02 -3.3423E+01
0002454   9.4906E+02 -3.1736E+02  1.2181E+02
0002455   5.3115E+02 -1.0108E+02 -3.7352E+02
0002456   9.1171E+02  1.6414E+02  3.9640E+01
0002457   1.2661E+03  4.1837E+02 -3.7309E+02
0002458   5.0047E+02 -1.4185E+02 -1.9503E+02
0002459   5.2274E+02  2.7049E+02 -2.6202E+02
0002460   9.4479E+02  7.6208E+02  4.9343E+01
0002461   7.5765E+02 -5.7865E+00 -1.3713E+02
0002462   1.8582E+03 -2.8033E+02  1.6343E+02
0002463   7.6794E+02 -3.3508E+01 -4.0592E+02
0002464   7.1299E+02  1.9130E+01  2.4984E+02
0002465   6.8634E+02  1.8273E+02 -6.9969E+02
0002466   6.7460E+02  1.6467E+02  7.2983E+02
0002467   6.7952E+02 -1.0842E+02 -5.6525E+02
0002468   1.1283E+03  2.6207E+02 -2.0797E+02
0002469   6.2436E+02 -6.7093E+02  1.0720E+02
0002470   6.4243E+02  1.3783E+02 -5.3317E+02
0002471   7.2867E+02  1.9179E+02 -2.7849E+02
0002472   7.5711E+02 -1.4629E+02 -9.4848E+01
0002473   5.6605E+02  9.1225E+01  8.2949E+02
0002474   9.1335E+02 -2.4082E+02  2.5579E+02
0002475   1.3232E+03 -4.3236E+02 -2.8458E+02
0002476   8.7660E+02 -1.7553E+02  3.6337E+02
0002477   2.4157E+02 -5.0439E+02  3.7557E+02
0002478   1.5224E+02 -9.9080E+01  2.8470E+02
0002479   6.7180E+02 -1.0227E+01  1.7223E+02
0002480   5.7796E+02 -3.4419E+02  2.2358E+02
0002481   7.1470E+02 -1.4387E+02  2.1601E+02
0002482   7.6161E+02 -1.5616E+02  6.3006E+02
0002483   5.4165E+02 -2.8190E+01  1.9481E+02
0002484   7.6564E+02 -1.1073E+02 -5.4371E+02
0002485   9.0854E+02 -2.2247E+01 -4.4269E+02
0002486   7.2203E+02  3.3310E+02 -2.7921E+02
0002487   3.8866E+02 -5.1902E+02 -2.5061E+01
0002488   1.4330E+03  3.2200E+01  3.7029E+02
0002489   4.6039E+02  6.5453E+02 -2.8736E+02
0002490   1.2305E+03 -3.1498E+02 -1.5870E+02
0002491   4.2339E+02 -4.2974E+02  4.5764E+02
0002492   3.0140E+02 -2.2134E+02  6.9631E+02
0002493   1.1750E+03  2.4658E+02 -1.5507E+02
0002494   8.6436E+02  7.3197E+02  5.4932E+02
0002495   5.4575E+02  3.6588E+01 -2.8131E+01
0002496   1.1459E+02  2.1895E+02 -2.4259E+02
0002497   1.0342E+03  2.5051E+02 -4.0579E+02
0002498   1.1091E+03  7.8884E+02  1.2319E+02
0002499   4.0908E+02  1.3385E+02 -1.4795E+02
0002500   4.5320E+02  3.3365E+02 -1.3687E+02
0002501   9.7268E+02 -1.5221E+02  1.6922E+01
0002503   5.7794E+02  1.1873E+02 -6.0001E+02
0002504   5.0811E+02 -2.6725E+01 -5.6969E+01
0002505   4.6139E+02  3.2418E+02 -2.3487E+02
0002506   4.6965E+02  4.4036E+02 -4.7888E+02
0002507   9.9184E+02 -2.4309E+02 -4.1469E+02
0002508   9.5743E+02  3.4729E+02  3.8324E+02
0002509   8.1566E+02 -1.1371E+02  5.1458E+02
0002510   7.0186E+02  6.9390E+02 -9.6181E+00
0002511   8.8504E+02  8.8603E+01  1.3914E+02
0002512   1.6920E+02  2.4935E+02  1.1256E+02
0002513   1.1820E+03  3.1769E+02  3.6903E+02
0002514   9.6092E+02  1.0304E+02  3.0496E+01
0002515   8.2427E+02  6.1035E+02 -6.0835E+02
0002516   5.7191E+02  7.6815E+02  4.0495E+02
0002517   1.4004E+03 -5.3515E+01 -4.9891E+01
0002518   8.3399E+02  1.5500E+01  2.6137E+02
0002519   1.2154E+03  9.6777E+01 -2.4674E+02
0002520   8.6392E+02  3.9652E+02  1.1212E+02
0002521   4.4843E+02  1.0235E+02  5.1098E+02
0002522   9.3217E+02  1.6660E+02 -1.6170E+02
0002523   5.0322E+02  4.6149E+01  2.8433E+02
0002524   1.3309E+03  2.2243E+02  1.3695E+02
0002525   1.1752E+03  3.0513E+02  1.9972E+02
0002526   1.2390E+03 -2.5848E+02  3.1945E+02
0002527   7.8350E+02 -9.7943E+01 -1.8870E+02
0002528   1.2672E+03 -2.2672E+02  9.0614E+02
0002529   3.5495E+02  3.3794E+02  1.5971E+02
0002530   6.5097E+01  2.9385E+01 -1.1830E+02
0002531   1.1106E+03 -7.3618E+02 -6.4298E-01
0002532   5.7422E+02  8.8918E+02 -1.7490E+02
0002533   8.5670E+02 -1.8192E+02  2.1181E+02
0002534   8.8198E+02 -1.9441E+02 -6.0478E+01
0002535   1.0976E+02 -5.7395E+02 -3.6005E+01
0002536   1.2402E+03  3.6271E+02 -1.8814E+02
0002537   4.2302E+02 -2.8005E+02 -4.2542E+02
0002538   8.4615E+02 -4.6900E+02  4.3380E+02
0002539   5.9993E+02 -4.2902E+02  6.3795E+02
0002540   1.2422E+02 -1.8211E+02 -7.0897E+00
0002541   5.2652E+02 -5.7752E+02  5.7278E+02
0002542   1.2524E+03 -4.5531E+02  4.2298E+02
0002543   7.9953E+02 -5.8542E+02  2.8007E+02
0002544   6.0541E+02 -2.7065E+02  1.0473E+02
0002545   5.7194E+02 -1.6061E+02 -3.1700E+02
0002546   6.4661E+02  1.0632E+02  5.1198E+02
0002547   4.4385E+02 -2.7755E+02 -3.3430E+02
0002548   5.0348E+02 -2.2815E+02  2.9846E+02
0002550   6.2656E+02 -1.9643E+02  5.4643E+01
0002551   5.4919E+02 -2.2313E+02 -4.7741E+02
0002552   1.2356E+03  3.0268E+02 -5.0861E+01
0002554   1.0019E+03 -3.4383E+02 -7.1701E+01
0002555   1.2808E+03 -8.3160E+00  6.7422E+02
0002556   3.8870E+02 -6.0068E+01  1.7536E+02
0002557   7.2594E+02 -3.8005E+02 -2.5563E+02
0002558   3.0435E+01 -4.7637E+02 -2.1752E+02
0002559   1.1145E+03 -7.0197E+02 -2.6019E+02
0002560   1.0725E+03 -8.0767E+01  9.3595E+01
0002561   1.1909E+03  6.2107E+02  8.5020E+01
0002562   9.5643E+02  2.9619E+02 -1.6957E+01
0002563   2.1244E+02 -6.4708E+02 -1.4458E+02
0002564   1.1042E+03 -1.6192E+02  5.3744E+01
0002565   1.1890E+03 -1.3757E+01 -6.6141E+02
0002566   3.4366E+02 -1.0237E+02  3.0130E+01
0002567   9.7292E+02 -1.7607E+02  4.3455E+02
0002568   4.0817E+02 -6.5404E+02 -1.5988E+02
0002569   5.0750E+02  1.3711E+02  9.3062E+01
0002570   6.5411E+02  9.6732E+00  4.1496E+02
0002571   4.6536E+02 -2.8214E+01  8.5194E+01
0002572   4.4496E+02  4.9532E+01 -2.6931E+02
0002573   3.2227E+02  9.1756E+01 -1.4679E+02
0002574   6.3934E+02  3.3711E+02 -6.9800E+02
0002575   9.2160E+02 -1.5485E+02 -1.4400E+01
0002576   1.1311E+03 -1.1349E+02  5.2210E+02
0002577   1.1461E+03  7.3825E+02 -6.0020E+02
0002578   2.8505E+02 -2.5993E+02 -1.5218E+02
0002579   5.8560E+02  1.0328E+02 -3.9516E+02
0002580   1.9313E+03  3.2164E+02 -6.7372E+02
0002581   6.0286E+02 -3.7165E+01  2.3312E+02
0002582   1.5083E+03 -3.0324E+02  5.5275E+01
0002583   8.9257E+02  2.8755E+02  5.3973E+02
0002584   9.9328E+02 -1.3397E+02  3.4102E+00
0002585   1.1032E+03  8.0329E+02 -8.0636E+01
0002586   9.6916E+02 -3.6584E+02 -1.1429E+02
0002587   1.3843E+03  6.0206E+01  1.8341E+02
0002588   4.9066E+02  1.4585E+01  1.2897E+02
0002589   1.2924E+03 -1.7921E+02 -2.0601E+02
0002590   7.9958E+02  7.0146E-01  1.7322E+02
0002591   8.6853E+02 -4.9210E+01  7.2719E+01
0002592   8.0551E+02  2.7706E+02  9.6702E+02
0002593   6.5054E+02  3.2183E+02  2.9943E+02
0002594   3.4054E+02 -3.3820E+02  4.7355E+02
0002595   1.2583E+03 -3.2233E+02  1.8396E+02
0002596   1.3145E+03 -6.2938E+01 -1.3371E+02
0002597   1.1677E+03 -1.2275E+02  5.0982E+02
0002598   6.2784E+02 -6.4887E+01 -6.5026E+02
0002599   9.6587E+02 -4.9293E+01 -1.9134E+02
0002600   6.4237E+02  6.4049E+02  2.7255E+01
0002601   2.6214E+02  1.8359E+02 -3.8399E+01
0002602   2.4934E+02 -1.8975E+02  3.0215E+01
0002603   2.7241E+02 -2.0497E+02  3.8298E+02
0002604   7.2795E+01  1.0204E+02  5.6232E+02
0002605   3.5631E+02  1.0002E+02 -3.2698E+02
0002606   7.2381E+02  7.8263E+01  7.0426E+01
0002607   9.9794E+02  2.2278E+02 -2.4872E+02
0002608   6.2055E+02 -1.6352E+02 -1.4350E+02
0002609   1.0053E+03  9.6575E+01 -3.7937E+02
0002610   6.5046E+02  3.9166E+02  2.5468E+02
0002611   6.7277E+02  5.2936E+01 -5.2421E+02
0002612   2.7677E+02  2.5585E+02  6.2703E+01
0002613   6.3990E+02 -4.0222E+02  6.3345E+02
0002614   1.3912E+03  6.3171E+01  9.8392E+02
0002615   2.0255E+02 -3.9692E+01  2.1693E+02
0002617   1.7439E+03 -2.2930E+02  3.0987E+02
0002618   5.0740E+02 -3.5059E+02 -1.4635E+02
0002619   4.0131E+02 -8.3818E+01 -1.0941E+02
0002620   1.2069E+03  5.6643E+02 -8.2541E+01
0002621   5.9070E+02  5.3916E+01  5.8835E+01
0002622   6.2876E+02  1.5292E+02 -1.1096E+03
0002623   1.3696E+03  1.8914E+02 -6.9870E+02
0002624   5.9129E+02  2.5646E+02  2.2813E+01
0002625   1.0124E+03 -1.1917E+02 -2.2738E+02
0002626   7.8476E+02 -2.6103E+00 -5.6474E+02
0002627   8.1192E+02 -3.0589E+02  3.7631E+02
0002628   7.7848E+02  2.4367E+02 -2.8299E+02
0002629   1.1120E+03 -2.9489E+02 -2.6110E+02
0002630   5.4943E+02 -1.2447E+02  4.6128E+02
0002631   1.0164E+03  6.3148E+02 -8.3532E+01
0002632   1.2157E+03 -4.6412E+00 -8.8164E+02
0002633   9.3186E+02 -5.4538E+02  2.5809E+02
0002634   3.6397E+02 -4.2806E+01 -3.4000E+02
0002635   4.4755E+02 -1.4556E+02 -5.9967E+02
0002636   1.0269E+03  2.0423E+02 -4.6159E+02
0002637   2.3173E+02 -3.2509E+01  2.0054E+02
0002638   7.6820E+02  1.2233E+02  6.1082E+01
0002639   1.2780E+03 -6.9746E+02  3.8931E+02
0002640   2.9191E+02  3.8918E+01 -5.3462E+01
0002641   8.0299E+02 -2.3539E+02  2.8453E+02
0002642   4.0023E+02  4.7512E+02 -1.5071E+02
0002643   1.1342E+03  4.4583E+02 -7.1417E+02
0002644   1.1786E+03 -3.3628E+02 -2.0705E+02
0002645   3.2603E+02  2.9437E+01 -8.7101E+02
0002646   1.0991E+03 -2.7069E+02  6.0530E+02
0002647   6.5028E+02  1.7339E+02 -3.4817E+01
0002648   1.1194E+03  1.9511E+02 -6.7894E+01
0002649   1.2968E+03  4.0582E+02  1.0945E+02
0002650   4.2830E+02  1.8353E+02 -1.5054E+02
0002651   5.7154E+02 -1.5603E+02  2.2670E+02
0002652   1.3970E+03  2.5030E+02 -2.9622E+02
0002653   1.0483E+03  7.0659E+02 -1.0704E+03
0002654   5.0120E+02 -1.6828E+01  2.0964E+00
0002655   1.2357E+03  2.0449E+02  3.0939E+02
0002656   1.3543E+03  3.4339E+02  1.1482E+02
0002657   7.0391E+02  3.2897E+01  3.9010E+02
0002658   1.0280E+03  3.3323E+02 -3.3784E+02
0002659   7.7743E+02 -1.9280E+02 -1.1082E+02
0002660   6.9426E+02  2.4269E+01  1.7116E+02
0002661   5.6312E+02 -3.4213E+02  4.2458E+01
0002662   4.0461E+02 -1.3397E+02 -2.5538E+02
0002663   5.4930E+02 -3.3559E+02 -1.3047E+02
0002664   8.2810E+02  1.6952E+02  1.9430E+02
0002665   6.5214E+02 -3.0028E+02 -9.0506E+01
0002666   1.0366E+03 -4.1024E+02 -1.7484E+02
0002667   1.1461E+03 -2.6810E+01 -1.6194E+02
0002668   5.4929E+02 -8.3264E+01  1.5113E+02
0002669   9.7944E+02  4.1426E+02  3.2735E+02
0002670   7.7035E+02  2.7606E+02 -1.5896E+02
0002672   8.4333E+02  5.8360E+02  6.8663E+02
0002673   6.1396E+02  5.1509E+02  9.8005E+01
0002674   2.3626E+02  1.3006E+02  1.3681E+02
0002675   7.1731E+02 -2.8578E+02  2.0879E+02
0002676   8.6610E+02  2.2586E+02  2.9672E+02
0002677   1.0914E+03 -7.2816E+01 -3.5080E+02
0002678   4.8793E+02 -2.1077E+02 -5.1909E+01
0002679   7.3958E+02  4.0458E+02  1.5219E+02
0002680   5.9295E+02  6.6178E+02  6.6833E+02
0002681   6.7494E+02 -3.4842E+02 -1.5835E+00
0002682   6.9699E+02  3.9782E+01 -9.3500E+01
0002683   7.6483E+02  1.3676E+02  1.7263E+02
0002684   7.6310E+02 -1.4029E+02  9.4653E+01
0002685   6.5492E+02  5.4545E+02  2.5132E+02
0002686   6.8956E+02  2.6461E+02  4.6076E+02
0002687   5.6401E+02  4.2461E+02  2.5560E+01
0002688   5.8416E+02  6.6909E+02 -1.3563E+02
0002689   1.1639E+03 -3.6405E+02  1.2722E+02
0002690   9.4820E+02  6.2418E+02  1.4195E+02
0002691   5.2368E+02 -3.8715E+02 -7.3725E+01
0002692   7.8168E+02  2.0317E+01  7.2636E+02
0002693   6.0134E+02 -2.4838E+02  7.6547E+02
0002694   4.6911E+02 -5.5295E+01 -8.4064E+01
0002695   8.2737E+02 -5.1874E+02 -1.1651E+02
0002696   8.7066E+02  3.4332E+01 -4.1037E+02
0002697   8.6550E+02  4.2884E+02  5.9802E+02
0002698   8.3510E+02 -7.1139E+02  1.1366E+02
0002699   1.1963E+03  3.8108E+02  2.5652E+02
0002700   7.7427E+02 -3.9336E+02 -2.1689E+02
0002701   9.0978E+02 -3.8418E+02 -2.9307E+01
0002702   7.3373E+01  1.2910E+02 -2.0919E+01
0002703   1.2996E+02  1.8245E+01  3.0929E+01
0002704   5.8546E+02  9.0409E+02 -4.0589E+02
0002705   3.2819E+02 -5.8705E+02 -2.1246E+02
0002706   8.7077E+02  2.2432E+02 -1.0059E+03
0002707   9.9148E+01 -4.2501E+01 -2.9658E+01
0002708   4.7259E+02  3.0945E+02  2.4867E+02
0002709   1.0459E+03  5.1356E+02 -3.5604E+02
0002710   2.6876E+02  1.1754E+01 -2.9672E+02
0002711   5.5283E+02  2.7905E+02 -1.3841E+02
0002712   1.0746E+03  5.8720E+02 -1.4102E+02
0002713   4.3627E+02 -1.1099E+02 -3.1345E+01
0002714   3.0064E+02  2.3810E+02 -2.9692E+02
0002715   1.1115E+03  3.2857E+02 -1.2511E+03
0002716   1.1252E+03  7.1184E+01  1.8947E+00
0002717   6.0238E+02  7.1428E+02  1.1564E+02
0002718   8.6587E+02 -1.0425E+02 -4.2687E+02
0002719   9.8487E+01  5.2256E+00  3.1784E+01
0002720   2.7076E+02 -2.3803E+01  2.4456E+02
0002721   4.3008E+02  3.9071E+01 -2.7354E+02
0002722   5.7766E+02 -3.1623E+01  2.9636E+02
0002723   5.2351E+02  1.8741E+02  3.4020E+02
0002724   4.8769E+02  3.4150E+02  8.2384E+01
0002725   3.3635E+02 -3.2692E+02 -9.3679E+01
0002726   5.1082E+02  6.3323E+01 -1.8852E+02
0002727   1.2002E+03  2.0479E+02 -1.9967E+02
0002728   7.3399E+02  6.5255E+02 -2.8711E+01
0002729   1.2515E+03  9.7963E+01 -6.3661E+01
0002730   5.9179E+02  9.6277E+01  1.8034E+02
0002731   4.3675E+02  2.4101E+02 -5.6837E+02
0002732   7.6850E+02  2.2972E+02  7.5956E+01
0002733   7.1413E+02 -7.0436E+01  1.7779E+02
0002734   9.9463E+02 -4.0562E+02  4.7025E+00
0002735   1.2743E+03  1.0433E+02  1.7577E+02
0002736   4.9305E+02 -4.7289E+00 -2.4318E+02
0002737   1.1452E+03  5.1054E+01  6.2501E+02
0002738   1.3180E+03  1.9036E+02  1.4851E+01
0002739   8.0833E+02  1.7837E+02 -3.5736E+02
0002741   5.3852E+02  1.7308E+02  8.4791E+02
0002742   1.0962E+03 -5.4826E+02 -3.5927E+02
0002743   6.6248E+02 -3.9974E+02  1.8812E+02
0002744   7.0116E+02 -2.8111E+01 -2.8831E+01
0002745   1.0098E+03 -1.2580E+00 -1.4063E+02
0002746   9.4017E+02 -7.9767E+01  1.9220E+00
0002747   6.2639E+02 -3.6936E+01  2.0571E+02
0002748   9.4527E+02  3.1701E+02 -1.4985E+02
0002749   8.6343E+02  9.9718E+01  6.0036E+01
0002750   6.0956E+02 -2.7335E+02 -3.5049E+02
0002751   5.5532E+02  1.2767E+02  2.9778E+02
0002752   1.2565E+03 -2.6078E+02  1.5846E+02
0002753   3.0553E+02  4.7076E+00 -8.8152E+01
0002754   7.2659E+02  2.0831E+02 -2.5823E+01
0002755   1.2865E+03 -4.3244E+02 -4.4292E+02
0002756   9.4426E+02  5.4864E+01 -3.8433E+02
0002757   1.0920E+03 -4.1070E+02  7.4917E+01
0002758   1.0632E+03 -2.0013E+02  1.4109E+02
0002759   6.8110E+02  3.0502E+02  4.0469E+02
0002760   6.3179E+02 -4.9011E+02 -2.9003E+02
0002761   8.0835E+02 -3.2590E+02  5.5595E+02
0002763   1.0216E+03 -4.5305E+01  7.3622E+02
0002764   7.7040E+02 -4.6358E+02  3.6381E+02
0002765   5.7801E+02 -2.7151E+02  3.5920E+02
0002766   6.8940E+02 -1.9297E+02 -1.1775E+02
0002767   7.4065E+02 -6.4320E+02 -3.4925E+02
0002768   2.4628E+02  1.4891E+02 -5.2995E+02
0002769   4.1521E+02  2.7065E+02  2.9767E+02
0002770   5.0431E+02 -5.2062E+02  1.6282E+02
0002771   1.4289E+03  2.4423E+02  2.3537E+02
0002772   7.8744E+02 -1.5191E+01  9.8386E+01
0002773   7.3109E+02  2.8448E+01 -5.7369E+01
0002774   1.0014E+03  1.3403E+02  1.4498E+01
0002775   9.4306E+02  5.1577E+02 -8.5666E+02
0002776   1.2046E+03  6.2784E+02 -1.3395E+02
0002777   1.1482E+03 -6.9515E+02  7.5623E+01
0002778   7.6601E+02 -8.6475E+00 -9.3279E+00
0002779   9.0939E+02  2.1904E+01  3.9350E+02
0002780   7.5359E+02  2.6089E+02 -2.8810E+02
0002781   9.8595E+02 -2.6332E+02 -2.0571E+02
0002782   8.2118E+02 -4.1133E+02 -5.8541E+02
0002783   1.4478E+03  1.4484E+02  9.2846E+01
0002784   5.5529E+02 -7.4988E+00 -1.3755E+02
0002785   6.1038E+02 -4.5926E+02 -7.8350E+02
0002786   7.6790E+02  2.0616E+02  3.2386E+01
0002787   5.3052E+02 -2.5840E+02 -5.7522E+01
0002788   3.8579E+02 -5.0291E+02  3.7111E+02
0002789   1.0160E+03 -3.4285E+02  2.6891E+02
0002790   5.4389E+02  9.3641E+02  1.6683E+02
0002791   1.2492E+03 -1.7771E+02  1.7785E+02
0002792   8.3970E+02  2.4931E+02 -6.9105E+02
0002793   7.1519E+02 -3.6089E+02  1.9274E+02
0002794   4.9486E+02 -2.7229E+02  1.9482E+02
0002795   1.2009E+03 -1.6980E+02  2.8768E+01
0002796   1.3110E+03 -1.2166E+02  3.8861E+01
0002797   1.8244E+03  6.2394E+02 -7.3063E+01
0002798   1.3044E+03  4.1756E+01 -6.0122E+02
0002799   4.1027E+02  8.5471E+01  2.5813E+02
0002800   4.1135E+02 -7.9210E+02  2.7276E+02
0002802   4.6484E+02  2.1242E+01  3.5879E+02
0002803   5.5739E+02  3.3296E+01  2.5652E+01
0002804   7.1332E+02  4.5848E+01  2.1555E+02
0002805   8.1255E+02 -1.1027E+02 -1.7658E+02
0002806   3.5620E+02  3.3007E+02  9.0930E+01
0002807   8.4991E+02 -3.1667E+02 -1.3422E+02
0002808   6.3696E+02 -3.8020E+02 -8.7970E+01
0002809   7.2210E+02  2.4961E+02 -2.6876E+02
0002810   6.6185E+02  3.1077E+02  7.7835E+01
0002811   1.0729E+03 -3.6537E+02  9.3152E+01
0002812   3.9062E+02  1.0852E+02  4.5354E+01
0002813   4.7911E+02 -8.1541E+02 -1.1136E+02
0002814   4.5664E+02  3.1914E+02 -1.7787E+02
0002815   1.1139E+03 -4.3155E+02  1.4018E+02
0002816   1.3343E+03 -1.3880E+02  9.4245E+01
0002817   1.0711E+03 -1.5289E+02  3.6393E+02
0002818   4.2946E+02  5.4289E+01 -1.2628E+02
0002819   3.3427E+02 -2.8232E+02 -6.4404E+02
0002820   1.0168E+03 -1.5791E+02 -1.4002E+02
0002821   1.6777E+03  1.0595E+02 -1.2016E+02
0002822   7.5813E+02 -3.1317E+02  5.0987E+02
0002823   3.8422E+02 -4.5017E+02  2.7710E+02
0002824   4.4594E+02  4.0140E+02 -1.6263E+02
0002825   3.7784E+02  1.9329E+02 -3.8889E+02
0002826   7.3354E+02 -1.9191E+02  5.8908E+02
0002827   4.3208E+02 -2.9119E+02 -5.3134E+02
0002828   5.1853E+02 -3.6017E+02  1.2294E+02
0002829   9.2866E+02 -6.2346E+02  1.9710E+02
0002830   1.2293E+03  8.2168E+02  3.1777E+02
0002831   9.1362E+02 -9.5277E+01  4.2819E+00
0002832   6.6933E+02 -6.4788E+02 -2.9794E+02
0002833   5.1610E+02  1.5487E+02 -1.5044E+01
0002834   1.5620E+02  5.8929E+00  1.8937E+02
0002835   5.8548E+02  5.0172E+02  6.5286E+02
0002836   4.7415E+02  4.2463E+01  2.6027E+02
0002837   4.7148E+02  3.8187E+02 -3.1068E+02
0002838   2.6629E+02  4.7967E+01  5.2410E+02
0002839   6.6506E+02 -1.4707E+02  2.8103E+02
0002840   7.1369E+02 -7.5380E+01 -3.7347E+02
0002842   8.5615E+02  4.0750E+02  2.5453E+02
0002843   3.9940E+02 -5.5039E+02 -1.6624E+02
0002844   1.0777E+03  6.0947E+00  3.3739E+02
0002845   8.5511E+01 -3.7646E+02  4.4262E+02
0002846   9.2969E+02 -5.2376E+00 -4.6995E+02
0002847   7.7160E+02 -1.8558E+02 -1.5874E+02
0002848   8.5252E+02  9.1605E+00  2.8317E+02
0002849   1.5085E+03  5.5146E+02 -3.7563E+02
0002850   1.1575E+03 -8.2827E+02 -2.9019E+02
0002851   1.0948E+03 -9.5820E+02  1.6850E+02
0002852   3.0009E+02  1.7727E+02  2.9720E+02
0002853   4.0963E+02 -1.8603E+02  6.9172E+02
0002854   8.6086E+02 -3.3326E+01  5.6621E+02
0002855   3.3592E+02 -7.4985E+01  1.0475E+02
0002856   7.5175E+02 -5.2746E+02  1.9921E+02
0002857   5.7724E+02 -3.7545E+01 -5.2617E+01
0002858   8.9692E+02  2.3272E+02  5.2145E+02
0002859   1.5325E+03 -4.2602E+02 -3.7905E+02
0002860   9.6740E+02 -1.2696E+02  4.4862E+02
0002861   1.2486E+03  3.5008E+02  1.0906E+02
0002862   9.6305E+02  1.1450E+03  5.1360E+01
0002863   7.8319E+02  2.9774E+02 -2.3138E+02
0002864   7.8874E+02 -5.8677E+01 -5.2437E+02
0002865   4.1033E+02 -2.4103E+01  1.9020E+02
0002866   9.0738E+02 -4.5108E+02 -2.9778E+02
0002867   6.3029E+02 -4.4627E+02 -2.8565E+02
0002868   3.1673E+02 -5.3887E+02 -3.2642E+02
0002869   1.1537E+03  7.6834E+02 -1.9531E+02
0002870   4.8878E+02 -3.1077E+02  3.5582E+02
0002871   3.4604E+02 -1.0367E+02 -7.0279E+01
0002872   1.0236E+03  4.9236E+02  1.9631E+02
0002873   5.2246E+02  2.0729E+02 -4.2022E+02
0002874   5.0465E+02  2.3817E+01 -3.7141E+02
0002875   1.0871E+03 -1.1984E+02  2.3024E+02
0002876   6.9729E+02  9.4589E+01 -6.7107E+02
0002877   1.3365E+03  2.0539E+02  9.1349E-01
0002878   1.2038E+02 -3.9740E+02  3.7621E+02
0002879   5.7136E+02  4.1753E+02  4.2086E+02
0002880   8.5734E+02 -7.8703E+02 -1.6770E+02
0002881   9.5348E+02  5.3404E+01  3.7747E+02
0002882   9.3742E+02  3.3665E+02  1.9450E+02
0002883   1.4400E+03 -3.9041E+01 -3.7527E+02
0002884   4.8289E+02  5.6994E+02  2.4801E+02
0002885   1.2182E+03  1.9929E+02  4.2893E+02
0002886   3.8530E+02 -2.3870E+02  2.8507E+02
0002887   1.7513E+02  7.5498E+00 -7.1073E+01
0002888   1.7336E+02 -8.9401E+01 -2.2476E+02
0002889   8.5249E+02 -2.3495E+01  5.9981E+01
0002890   1.1786E+03  5.1172E+02  4.1708E+02
0002891   3.7982E+02  2.8301E+02  4.2024E+02
0002892   6.7675E+02  1.8289E+02 -5.2795E+01
0002893   8.3426E+02  1.6512E+02 -3.7370E+02
0002894   1.3123E+03  4.4619E+02  5.7414E+01
0002895   8.3337E+02 -2.0243E+01 -1.1319E+02
0002896   1.1409E+03 -4.1481E+01 -4.5371E+02
0002897   6.8024E+02  2.6972E+02 -3.5989E+02
0002898   3.6105E+02 -8.1884E+01 -6.5285E+01
0002899   1.0160E+03 -3.6864E+02 -4.4005E+01
0002900   9.8892E+02  4.9109E+02  1.2218E+01
0002901   1.1456E+03  1.2802E+02 -1.0058E+02
0002902   1.1264E+02 -4.0040E+02 -3.5684E+02
0002903   8.9461E+02  1.3216E+02 -2.1434E+01
0002904   1.0235E+03  4.7752E+02 -2.8384E+02
0002905   1.4719E+03  8.0260E+02 -3.7736E+02
0002906   6.3382E+02 -7.3654E+02 -4.7610E+02
0002907   1.3836E+03 -3.8482E+02 -5.9553E+02
0002908   2.1277E+02  4.3880E+02  1.7980E+02
0002909   5.0075E+01  1.6289E+02 -2.6549E+01
0002910   9.7785E+02  4.1642E+02 -1.8624E+02
0002911   3.5570E+02  4.6943E+01 -4.9968E+02
0002912   1.1584E+03 -3.6838E+02  5.4183E+02
0002913   8.6764E+02  1.5854E+02 -3.2776E+02
0002914   1.0510E+03 -1.0862E+02 -1.9008E+01
0002915   9.4447E+02 -8.1328E+01  7.1365E+02
0002916   1.0869E+03 -3.3882E+02 -3.0704E+02
0002917   8.7555E+02  4.9199E+02  1.5595E+02
0002918   3.2261E+02 -1.2221E+02  3.7468E+02
0002919   1.6473E+02 -3.5182E+01  6.3921E+01
0002920   5.7661E+02  5.9821E+02 -3.6970E+02
0002921   1.0818E+03  4.6515E+01  5.1444E+02
0002922   3.6537E+02  9.5044E+01 -1.3792E+02
0002923   8.0650E+02  3.1354E+02  3.5752E+02
0002924   6.0046E+02 -4.3050E+01  3.1868E+02
0002925   7.9643E+02 -8.0401E+02  9.1569E+02
0002926   9.6740E+02 -3.0592E+02  1.3496E+02
0002927   8.0680E+02 -5.3110E+02 -4.7376E+02
0002928   1.1337E+03  9.9655E+01 -1.5701E+02
0002929   8.6710E+02 -3.6487E+02 -4.6448E+02
0002930   5.7059E+02  1.6617E+01 -3.5435E+02
0002931   1.4387E+03 -1.6808E+02  2.3190E+02
0002932   1.9179E+02 -1.7428E+02 -1.4280E+02
0002933   8.8713E+02  1.0749E+02 -4.3154E+02
0002934   8.2917E+01  1.6172E+02 -1.6978E+02
0002935   1.2021E+01  3.4990E+02  1.3072E+02
0002936   1.4280E+03 -2.2715E+01 -4.9765E+02
0002937   1.0879E+03  4.1567E+02  1.2830E+01
0002938   6.4463E+02 -1.8446E+02 -8.3100E+01
0002939   9.8298E+02 -5.0155E+02 -3.0072E+02
0002940   9.2916E+02  1.7536E+02  5.4804E+02
0002941   5.2977E+02 -6.9654E+02 -9.1902E+01
0002942   1.0359E+03  6.9817E+02  4.8523E+02
0002943   1.4346E+03 -8.8015E+00  1.1266E+02
0002944   1.7064E+03  7.9395E+01  3.0148E+02
0002945   8.4580E+02 -1.6899E+02 -2.9602E+02
0002946   6.9937E+02 -2.3812E+02  3.7863E+01
0002947   7.1473E+02 -5.0535E+02  1.1796E+02
0002948   8.1984E+02 -1.0226E+02 -1.0325E+02
0002949   8.8541E+02  2.7183E+01  4.1992E+02
0002950   7.9190E+02  3.3342E+02  4.3187E+02
0002951   6.2772E+01  3.9371E+02 -7.0312E+02
0002952   8.8835E+02 -3.8005E+01  4.9232E+02
0002953   9.9771E+02  7.4879E+01  2.1287E+02
0002954   9.0539E+02  8.0112E+02  3.9639E+02
0002955   6.6527E+02 -2.9110E+02 -2.8743E+02
0002956   6.2476E+02 -2.6005E+01 -2.2995E+02
0002957   6.4060E+02  6.7178E+01 -3.0650E+02
0002958   1.0710E+03  1.9700E+02  2.9882E+02
0002959   7.6955E+02 -2.3400E+02 -2.0175E+02
0002960   1.8914E+02  2.4358E+02 -1.3110E+02
0002961   8.3431E+02  4.5180E+02 -1.7680E+02
0002962   1.2480E+03 -3.4631E+02 -4.8411E+02
0002963   4.3295E+02  2.4154E+02  4.6910E+02
0002964   5.3666E+02  2.6474E+02 -2.8440E+02
0002965   2.7715E+02 -2.9983E+02  6.1197E+02
0002966   1.8027E+02  5.0415E+02 -7.6209E+01
0002967   6.9947E+01  2.6374E+02  3.0519E+02
0002968   5.0462E+02  1.5041E+02 -5.8091E+02
0002969   6.6982E+02 -2.5747E+02 -2.9762E+01
0002970   9.8712E+02  2.9201E+02 -3.8468E+02
0002971   6.3711E+02  5.7269E+01  1.4124E+02
0002972   9.3580E+02 -2.4098E+02  3.9589E+01
0002973   1.1665E+03 -2.9129E+02  2.7899E+01
0002974   5.5467E+02  6.6504E+01 -1.1508E+02
0002975   4.3060E+01  2.1652E+02  1.6576E+02
0002976   5.4933E+02  9.5414E+02 -6.4373E+02
0002977   2.8037E+02  3.3937E+02 -1.9804E+02
0002978   4.3195E+02 -4.2183E+02  4.2939E+02
0002979   6.8943E+02  1.6630E+02  2.6994E+02
0002980   4.7540E+02 -4.3186E+02  1.2517E+02
0002981   3.0690E+02 -5.6706E+02  5.8790E+02
0002982   4.8696E+02 -3.6033E+02  5.4961E+02
0002983   1.5880E+03  5.6218E+02 -7.1052E+01
0002984   4.8555E+02  5.4613E+02 -1.6691E+02
0002985   1.2154E+03 -2.7601E+02 -2.0876E+02
0002986   9.0843E+02  2.7855E+02 -9.7248E+02
0002987   7.1062E+02  9.9518E+01  9.9529E+01
0002989   1.5896E+02 -1.5815E+02 -2.3524E+02
0002990   4.8993E+02  1.3285E+02 -2.2729E+02
0002991   5.2949E+02  7.1205E+02  2.1601E+02
0002992   2.5851E+02 -2.9593E+02 -3.7982E+00
0002993   6.7576E+02  1.7544E+02 -3.1838E+02
0002994   4.5224E+02 -4.1306E+02 -1.0872E+02
0002995   3.9566E+02 -1.1427E+03 -2.5843E+02
0002996   4.4147E+02 -3.9464E+02  2.8532E+02
0002997   8.1379E+02  2.7865E+02 -1.3893E+02
0002998   2.6135E+02 -4.5238E+02  3.4380E+02
0002999   2.8210E+02  6.4410E+01  5.9448E+01
0003000   7.5826E+02 -1.3572E+02 -2.8873E+01
0003001   1.3435E+03  4.6638E+02  3.7982E+02
0003002   3.2307E+02 -2.5706E-01 -3.1153E+02
0003003   1.1933E+03  5.3603E+02  2.9261E+02
0003004   5.2718E+02 -2.5370E+02  4.3338E+02
0003006   9.2197E+02 -6.7557E+01 -3.8378E+01
0003007   8.8204E+02 -1.5879E+01 -1.7320E+02
0003008   9.9615E+02  6.0569E+02  4.3291E+02
0003009   9.7205E+02 -3.0566E+02  6.7581E+01
0003010   1.0868E+03 -5.8466E+02 -5.6275E+01
0003011   9.4190E+02  2.0994E+02  2.1195E+02
0003012   1.0183E+03  4.4649E+02 -3.5807E+02
0003013   3.8387E+02 -1.4554E+02  2.9296E+01
0003014   8.7661E+02  4.4290E+02  1.1585E+01
0003015   7.9767E+01 -7.4812E+01 -3.4193E+01
0003016   7.8025E+02 -1.4327E+02 -1.0678E+02
0003017   7.2903E+02  4.5281E+01  6.2525E+01
0003018   1.0682E+03  4.4548E+02 -4.5639E+02
0003019   9.8837E+02  8.0271E+01  1.0499E+02
0003020   7.5641E+02 -5.5538E+02  6.6008E+02
0003021   3.2623E+02  2.1487E+02  1.3855E+02
0003023   1.1204E+03 -5.1098E+02  5.0792E+02
0003024   8.4299E+02 -5.9344E+02 -1.5512E+01
0003025   3.5718E+02  7.9305E+02  3.2478E+01
0003026   8.0327E+02 -7.8744E+01  3.4268E+02
0003027   1.0763E+03  5.4396E+02  2.6539E+00
0003028   1.9924E+02 -1.9726E+02  5.1022E+02
0003029   8.0742E+02  7.6530E+01 -9.6710E+01
0003030   1.0027E+03 -3.8794E+02  2.1009E+02
0003031   7.4609E+02  4.0304E+02 -1.2512E+01
0003032   8.0298E+02 -3.2930E+02  9.5871E+02
0003033   9.6442E+02  1.4482E+02  9.0040E+02
0003034   7.2040E+01  8.2575E+01 -8.9451E+02
0003035   6.7714E+02  2.0605E+02  3.5636E+02
0003036   7.1791E+02 -6.6507E+01 -3.0416E+02
0003037   6.2530E+02  4.0769E+00 -4.3335E+01
0003038   6.9466E+02 -3.1066E+02 -1.2795E+02
0003039   1.0640E+03  2.6525E+02  4.2572E+02
0003040   4.1452E+02  3.8703E+02 -5.2610E+02
0003041   1.1933E+03 -1.0411E+02 -4.0585E+02
0003042   5.8016E+02  2.8184E+02 -3.8026E+02
0003043   1.1605E+03  2.3781E+02 -3.7285E+02
0003044   1.3259E+03  8.0648E+02 -2.6392E+02
0003045   6.2388E+02  1.3366E+02 -1.1404E+02
0003046   4.6453E+02  3.6655E+02  6.0262E+02
0003047   1.1553E+03  2.0195E+02 -7.7982E+00
0003048   6.7950E+02 -2.4427E+02  5.8310E+01
0003049   3.0660E+02 -1.0633E+03 -3.5459E+01
0003050   9.3886E+02 -2.2313E+02 -2.9858E+02
0003051   8.7022E+02 -5.5482E+02  3.5959E+02
0003052   2.2361E+02  1.9657E+02  1.1430E+02
0003053   3.3359E+02  7.3578E+02  4.5925E+02
0003054   4.3122E+02  1.2547E+02  2.2674E+02
0003055   8.6214E+02  2.1383E+02 -6.2192E+01
0003056   6.7488E+02  1.9620E+01  1.7587E+01
0003057   7.1326E+02  6.2010E+02 -5.2106E+01
0003058   4.3558E+02 -6.8840E+02 -4.8529E+01
0003059   5.0179E+02  4.4398E+02  8.9196E+02
0003060   4.8113E+02  1.5106E+02  9.8024E+01
0003061   7.3576E+02 -2.0417E+02 -1.9466E+01
0003062   7.9112E+02 -1.3111E+02 -1.7188E+02
0003063   3.7093E+02  7.3216E+01 -1.8499E+02
0003064   1.4291E+03 -2.4837E+02  1.5874E+02
0003065   4.2142E+02  7.2265E+01  2.0660E+02
0003066   7.9733E+02  1.2131E+02 -1.1780E+02
0003067   8.1259E+02 -1.6210E+02  1.2443E+01
0003068   6.7754E+02 -5.4293E+01 -6.3537E+01
0003069   7.3310E+02  2.0193E+02  1.1722E+02
0003070   6.9642E+02 -1.4881E+02  9.7103E+00
0003071   7.0031E+02  1.6652E+02  6.5150E+02
0003072   7.8728E+02 -8.1377E+00 -2.8568E+02
0003073   6.4811E+02 -1.9983E+02  5.0261E+02
0003074   8.8221E+02 -5.4870E+02 -2.5118E+02
0003075   9.0224E+02 -1.0293E+01  1.5651E+01
0003076   8.6037E+02 -4.1365E+02  3.5913E+02
0003077   1.1775E+03 -4.4246E+02  1.1794E+02
0003078   9.3479E+02  1.3822E+02 -8.9646E+01
0003080   5.9848E+02 -9.3929E+02 -4.5977E+02
0003081   2.3277E+02 -7.9440E+02  3.1773E+02
0003082   1.1975E+03 -5.3347E+02  4.3429E+02
0003083   8.5392E+02 -1.9330E+02 -3.7848E+02
0003084   7.2943E+02 -1.1460E+02 -2.9823E+01
0003085   6.6591E+02 -1.9615E+02 -6.9540E+01
0003086   1.3578E+03 -3.0086E+02 -1.1923E+02
0003087   5.5460E+02  2.5803E+02 -1.4143E+02
0003088   6.4685E+02  3.1970E+02 -6.4612E+02
0003089   4.5345E+02 -2.8136E+02  3.2338E+02
0003090   8.1819E+02  3.8756E+02  7.7030E+01
0003091   9.1222E+02  3.8214E+02  3.3705E+02
0003092   9.3152E+02 -3.8160E+02  2.0402E+02
0003093   1.0130E+03 -1.2278E+02 -2.3665E+02
0003094   9.8659E+02 -2.6088E+02  6.3820E+01
0003095   1.9060E+01 -2.9512E+02 -1.4108E+02
0003096   2.3300E+02  2.1073E+02  2.0157E+02
0003097   8.5748E+02 -2.7050E+02  9.9325E+02
0003098   7.5865E+02  5.6507E+01 -2.1908E+02
0003099   5.0940E+02  6.4043E+02  6.1982E+02
0003100   1.0827E+03 -2.7565E+02  5.3632E+02
0003101   6.3789E+02 -2.6492E+02  1.4362E+02
0003102   3.8212E+02 -4.1517E+02  7.8609E+02
0003103   1.2397E+03 -1.7863E+02  1.8924E+02
0003104   1.3756E+03 -1.3066E+02  2.3314E+02
0003105   5.3758E+02 -7.1611E+01  1.4677E+02
0003106   5.3033E+02  6.5954E+01  4.1567E+02
0003107   9.2534E+01 -3.8750E+02  1.7619E+02
0003108   8.4349E+02  4.1057E+02  4.9711E+02
0003109   1.6342E+03 -2.1060E+02 -4.5917E+02
0003110   4.4293E+02 -3.9148E+02  3.7307E+02
0003111   1.0163E+03  4.6653E+01  1.9083E+02
0003112   4.4352E+02 -5.5474E+02 -9.6259E+01
0003113   7.5636E+02 -5.2840E+02  4.9279E+02
0003114   5.3395E+01  2.4572E+02  1.8163E+02
0003115   1.0796E+03 -2.9862E+02  2.7500E+02
0003116   1.0524E+03  5.9361E+02  3.8356E+02
0003117   6.0162E+02 -7.2736E+00  5.2847E+02
0003118   5.1427E+02  6.1472E+02 -7.3923E+01
0003119   1.0483E+03  5.9799E+02 -4.4357E+01
0003120   5.8383E+02 -4.9928E+02 -2.6100E+02
0003121   7.5819E+02  5.3071E+02 -6.6105E+02
0003122   3.0542E+02 -7.8770E+01 -2.1027E+02
0003123   5.1590E+02  5.3328E+02  7.5988E+02
0003124   1.0260E+03  3.7173E+02 -6.3227E+01
0003125   8.6715E+02  6.9609E+02 -4.3485E+02
0003126   6.9360E+02 -3.0443E+02 -8.6806E+02
0003127   1.1836E+03  1.2773E+02  3.0194E+02
0003128   1.2540E+03 -1.0622E+03 -7.6007E+02
0003129   9.1664E+02  4.0535E+02  1.3340E+02
0003130   4.5880E+02 -2.4451E+02  1.7097E+02
0003131   7.4403E+02 -2.2489E+02  3.4734E+02
0003132   4.3202E+02 -2.2477E+02  4.5885E+01
0003133   1.2752E+03 -1.8215E+01 -2.2320E+02
0003134   5.3406E+02  1.1557E+02 -3.3295E+02
0003135   2.6203E+02 -2.3818E+02  1.1131E+02
0003136   7.8290E+02 -4.3045E+02 -9.6991E+01
0003137   1.2190E+03  2.4787E+02  9.2419E+01
0003138   8.1054E+02 -2.5720E+01  2.8862E+02
0003139   6.7473E+02  1.1143E+02 -3.2661E+02
0003140   3.1247E+02  4.3384E+02 -3.3920E+02
0003141   1.2826E+03 -1.7964E+02 -1.8079E+02
0003142   9.5255E+02  1.3646E+02  2.0949E+02
0003143   6.1640E+02 -1.4809E+02  6.3418E+02
0003144   1.1109E+03 -7.4508E+02 -4.0831E+02
0003145   1.0447E+03  3.4243E+00  1.4124E+02
0003146   1.0301E+03  7.5546E+01 -3.3116E+02
0003147   1.5054E+03  2.8554E+02 -3.0669E+01
0003148   1.1634E+02  1.4212E+02 -1.5278E+02
0003149   3.9533E+02  3.7060E+02  2.1551E+01
0003150   1.0944E+02  6.7477E+00  2.2452E+02
0003151   8.4473E+02 -7.1895E+02  8.4090E+01
0003152   3.3206E+02 -2.4216E+02  4.0262E+02
0003153   4.5884E+02  1.9365E+02 -5.0184E+02
0003154   6.8273E+02  2.2452E+02  1.1733E+02
0003155   1.4115E+03  3.1741E+01  1.3278E+02
0003156   6.1119E+02  8.3967E+01 -2.3873E+01
0003157   7.5340E+02  2.2409E+02  4.0314E+01
0003158   5.9540E+02  6.2346E+01 -3.3761E+02
0003159   7.5209E+02  2.0158E+02  1.6883E+02
0003160   1.9263E+02 -2.4289E+02 -1.3186E+02
0003161   7.4499E+02  2.8422E+02 -8.1719E+01
0003162   3.0391E+02  5.9372E+02 -1.6308E+02
0003163   4.6776E+02 -6.4847E+02  1.1043E+02
0003164   9.2062E+02 -5.5348E+02 -3.8835E+01
0003165   9.6357E+02 -4.1603E+02  3.6884E+02
0003166   6.8805E+02  5.3365E+01 -2.8569E+02
0003167   1.8501E+03  1.7927E+00  5.9254E+02
0003168   5.6029E+02 -2.0905E+02  1.0866E+03
0003169   7.6476E+02 -1.8359E+02 -4.4616E+01
0003170   1.0395E+03 -5.6185E+01 -2.9918E+02
0003171   2.8795E+02  1.4455E+02 -3.4165E+01
0003172   3.4546E+02  2.5547E+01 -1.9157E+02
0003173   5.9376E+02  4.9266E+02 -1.0364E+02
0003174   8.6589E+02  1.9006E+02 -2.8126E+02
0003175   4.8365E+02  1.5195E+02  2.8484E+02
0003176   5.1073E+02 -2.5697E+02  3.6899E+02
0003177   7.9311E+02 -5.7237E+02  4.1136E+02
0003178   6.1128E+02 -1.2608E+02  1.0041E+01
0003179   1.2460E+03  2.5659E+02 -2.4619E+02
0003180   1.1432E+03 -1.1445E+02 -5.6507E+01
0003181   5.2713E+02 -3.0608E+02  2.6145E+02
0003182   8.8123E+02 -2.4699E+01 -4.7868E+02
0003183   6.8738E+02 -1.6809E+02 -8.8023E+01
0003184   1.5994E+03 -3.1920E+01  4.0101E+01
0003185   9.7467E+02  4.9825E+02  3.7997E+02
0003186   8.2540E+02  1.0189E+02  2.1757E+02
0003187   9.6535E+02  1.9829E+01 -1.7890E+02
0003188   7.0120E+02  3.9574E+02 -1.2971E+02
0003189   4.1200E+02 -7.2990E+02 -2.2390E+02
0003190   1.1485E+03 -8.6400E+01  2.9475E+02
0003191   2.9731E+02 -2.0729E+01  3.5556E+01
0003192   8.6359E+02  4.1969E+02  1.5503E+02
0003193   7.2678E+02 -1.5296E+02 -4.0572E+02
0003194   1.0516E+03 -4.7873E+00  9.9006E+01
0003195   9.1750E+02 -5.1536E+02 -9.1454E+02
0003196   6.8212E+02  2.7329E+02 -1.5268E+02
0003197   2.0624E+01  6.4313E+01 -4.3904E+02
0003198   5.5475E+02  2.8802E+00 -4.6623E+01
0003199   4.8107E+02 -9.8070E+01 -2.4455E+02
0003200   6.5124E+02 -6.7426E+02 -1.5739E+02
0003201   1.1924E+03  5.7048E+02 -3.2464E+01
0003202   9.4471E+02 -1.8587E+02 -3.2381E+02
0003203   1.3267E+03 -4.0491E+02  7.5770E+02
0003204   1.1457E+03 -2.0322E+02 -2.3827E+02
0003205   8.9154E+02  4.1442E+02  1.6220E+02
0003206   8.1175E+01  2.5919E+02  1.0665E+02
0003207   8.3621E+02  3.3545E+02  4.7561E+02
0003208   1.0901E+03  1.5753E+02 -1.3958E+02
0003209   2.7714E+02  6.8217E+02  3.6932E+02
0003211   3.8834E+02  1.3031E+02  3.9976E+02
0003212   1.3015E+03 -1.4753E+00  2.5470E+02
0003213   4.3261E+02 -5.6099E+02 -6.0852E+01
0003214   3.0886E+02  1.7719E+02 -6.4121E+02
0003215   2.8904E+02  4.1152E+02  2.4234E+02
0003216   1.3014E+03  1.5658E+02  1.4772E+02
0003217   8.3980E+02  6.4927E+02 -3.7083E+02
0003218   3.5019E+02  5.7355E+02  4.2927E+02
0003219   7.6184E+02  3.3399E+02  5.1588E+02
0003220   3.1506E+02 -2.5780E+02 -2.3682E+02
0003221   6.3236E+02 -6.2735E+01 -2.5333E+02
0003222   7.4609E+02  7.1535E+01  6.6199E+02
0003223   3.1555E+02 -1.2806E+02 -7.9195E+02
0003224   1.0359E+03  2.7334E+02  4.1481E+02
0003225   8.1907E+02  4.3621E+02  4.0468E+02
0003226   3.8064E+02  2.4274E+02 -4.0941E+02
0003227   1.4025E+03 -4.4695E+02 -1.4715E+02
0003228   1.6754E+02 -2.0248E+02  5.4798E+02
0003229   9.6053E+02  8.4669E+00  4.6703E+02
0003230   7.0721E+02  2.6055E+02  6.6173E+00
0003231   2.1797E+02 -2.2236E+02  4.1696E+02
0003232   1.6219E+03 -3.0452E+02  6.7509E+01
0003233   1.0351E+03  1.5044E+02  1.2465E+02
0003234   6.2539E+02 -6.2213E+00  3.1552E+02
0003235   4.9749E+02  2.1487E+02 -3.0519E+02
0003236   9.7635E+02 -3.5455E+02  6.2221E+02
0003237   6.0859E+02  2.1493E+02  2.1141E-02
0003238   3.9774E+02 -3.8891E+02  2.9972E+01
0003239   1.0054E+03 -1.4747E+02 -7.7168E+01
0003240   8.5928E+02 -7.3096E+01 -1.7536E+02
0003241   6.4769E+02 -4.3085E+02  3.5727E+02
0003242   1.3109E+02  1.6912E+02 -2.7018E+02
0003243   3.2587E+02  5.4117E+02  4.4484E+02
0003244   8.0707E+02 -5.0915E+02  3.8641E+01
0003245   6.4491E+02  5.4373E+02  4.6813E+02
0003246   4.0512E+02 -6.5167E+00 -2.0527E+02
0003247   9.4020E+02 -2.1137E+02 -4.2412E+02
0003248   1.3318E+03  4.6535E+02 -3.9639E+02
0003249   6.9687E+02  2.7340E+00  5.6811E+01
0003250   2.8076E+02  2.1972E+01  5.3101E+02
0003251   9.3949E+02  8.4914E+02  6.0719E+02
0003252   2.7505E+02 -7.0834E+02 -1.5085E+01
0003253   7.3853E+02 -9.6749E+01 -1.0991E+02
0003254   1.2903E+03  1.4548E+02  4.3848E+02
0003255   9.7280E+02 -5.2548E+02  3.3865E+02
0003256   9.0376E+02 -2.1486E+02 -4.2308E+02
0003257   7.1167E+02  1.3707E+02  1.6576E+01
0003258   6.5944E+02 -5.0932E+02 -3.4817E+02
0003259   1.0970E+03 -6.6912E+01 -1.9147E+02
0003260   3.3622E+02  1.3654E+02  8.3307E+01
0003261   1.4898E+03  2.3526E+02  2.3134E+02
0003262   2.0001E+02  4.1793E+02 -1.0847E+02
0003263   7.0027E+02 -1.9000E+01 -1.6364E+02
0003264   4.6201E+02 -6.3703E+01 -3.0391E+01
0003265   7.8385E+02 -2.5673E+02  5.5386E+02
0003266   6.0154E+02 -4.3799E+02 -1.1967E+02
0003267   5.7620E+02 -7.2754E+01  1.0852E+03
0003268   1.0502E+03  4.6850E+01 -7.5192E+00
0003269   6.4650E+02 -3.8799E+02 -7.2992E+02
0003270   8.0138E+02  2.5675E+02  2.7301E+02
0003271   1.0315E+03  3.9003E+00 -1.3013E+02
0003272   4.5946E+02 -5.2667E+02  2.0598E+01
0003273   1.1297E+03 -1.9221E+02 -3.1276E+02
0003274   5.0377E+02 -3.5861E+01  1.9993E+02
0003275   4.1870E+02 -3.1736E+01 -5.1348E+01
0003276   7.1818E+02  8.3828E+01  3.3169E+01
0003277   5.5004E+02  1.5172E+02 -4.2470E+02
0003278   1.3673E+03  1.1679E+03 -4.0432E+00
0003279   7.2855E+02  4.0710E+02 -1.0971E+02
0003280   7.0810E+02 -4.8802E+02 -2.1345E+02
0003281   9.0089E+02  1.7288E+02  3.9201E+02
0003282   7.5435E+02 -3.4398E+02 -1.1399E+02
0003283   8.5376E+02 -5.6042E+02 -5.3092E+02
0003284   1.2109E+03 -6.0660E+02 -4.5242E+02
0003285   7.9807E+02 -4.6887E+02  2.1687E+02
0003286   1.2474E+02  4.7251E+02 -2.2671E+01
0003287   6.5290E+02  1.5680E+02  4.6565E+02
0003288   8.2753E+02  1.4129E+02 -2.7599E+02
0003289   7.8591E+02 -1.2822E+02 -2.3893E+01
0003290   1.1913E+03 -3.5553E+02 -1.8235E+02
0003291   5.9973E+02 -5.2117E+02  3.2514E+02
0003292   2.6603E+02 -3.4728E+02  1.8975E+02
0003293   2.8360E+02 -2.0249E+02 -2.4718E+02
0003294   1.8851E+02 -2.4640E+02  2.7385E+02
0003295   8.2326E+02 -1.3848E+02  1.4138E+02
0003296   1.2622E+03  1.6334E+02  8.7654E+02
0003297   6.8533E+02  2.5873E+02 -6.7177E+01
0003298   1.0761E+03 -2.3878E+02  5.9823E+02
0003299   1.3647E+03 -6.9897E+01 -1.9937E+02
0003300   1.1341E+03  1.0106E+02  3.5654E+01
0003301   3.8426E+02 -1.0260E+03 -4.1372E+02
0003302   5.3697E+02  2.3617E+02 -8.5946E+01
0003303   3.9841E+02  1.7356E+02 -7.5963E+02
0003304   6.6514E+02 -1.0539E+02  7.1014E+02
0003305   1.3772E+03 -1.6817E+02 -5.0131E+02
0003306   1.1878E+03 -1.4145E+02  6.5825E+02
0003307   1.9361E+02 -5.9741E+02 -5.9719E+02
0003308   6.8950E+02  3.5139E+02 -4.7664E+02
0003309   4.4562E+02  2.8867E+02  7.4897E+02
0003310   3.3547E+02 -4.2593E+02  1.6042E+02
0003311   1.5209E+03  3.1611E+02  3.6283E+02
0003312   5.1511E+02 -8.0608E+02  1.0244E+02
0003313   1.2380E+03 -1.9777E+02  6.8500E+02
0003314   6.1817E+02  6.5285E+02  1.0546E+02
0003315   5.9605E+02 -7.1776E+01 -2.0571E+02
0003316   1.2916E+03 -2.5559E+02 -2.0743E+02
0003317   1.1450E+03 -1.2706E+02 -7.0748E-01
0003318   5.2980E+02 -1.3118E+02  5.3834E+01
0003319   8.6985E+02 -5.6020E+02 -2.8179E+02
0003320   5.0824E+02  1.9627E+02 -1.9022E+02
0003321   7.2123E+02  2.5477E+02 -6.0897E+02
0003322   9.8872E+02 -5.8708E+01  2.4413E+02
0003323   5.6163E+02 -3.2466E+02  1.1465E+02
0003324   6.6616E+02  3.3139E+02 -8.1881E+01
0003325   5.3011E+01  1.1853E+02 -2.4202E+02
0003326   1.3799E+03 -6.1271E+01  3.0627E+02
0003327   9.1777E+02  3.4584E+02 -2.7185E+01
0003328   1.0163E+03  1.8821E+02  3.0216E+02
0003329   5.7583E+02  4.4964E+02  5.3565E+02
0003330   4.8530E+02 -6.9890E+01  5.2460E+00
0003331   7.6778E+02 -3.4406E+02 -2.7453E+02
0003332   7.0883E+02 -7.3758E+02 -6.7712E+02
0003333   1.2236E+03 -3.3371E+02  4.8123E+02
0003334   9.6965E+02 -1.4421E+02 -2.2615E+02
0003335   6.7540E+02 -1.4815E+02 -5.5638E+02
0003336   4.6926E+02  4.7059E+01 -3.3333E+02
0003337   1.0270E+03  1.5303E+02 -7.4519E+02
0003338   1.7344E+03 -3.7943E+02  3.7359E+01
0003339   4.3984E+02 -6.1684E+02 -1.4667E+02
0003340   5.0978E+02 -3.5916E+02 -2.0864E+02
0003341   4.3637E+02 -2.4110E+02  1.0312E+02
0003342   1.0738E+03  3.8972E+02 -1.8929E+02
0003343   9.8736E+02  5.6306E-01 -2.7957E+02
0003344   1.0610E+03 -1.1116E+02  3.7484E+02
0003345   1.0353E+03 -1.4507E+02 -5.6636E+02
0003346   3.9574E+02 -8.6911E+01 -8.4431E+01
0003347   8.7211E+02  5.2435E+01  5.6273E+01
0003348   1.5532E+03  2.9441E+02 -6.0212E+02
0003349   9.3155E+02 -2.1119E+02  5.0244E+01
0003350   4.6941E+02  2.4269E+02  6.9460E+02
0003351   8.4399E+02 -7.1415E+01  1.4704E+02
0003352   2.4849E+02  2.9537E+02  1.5336E+02
0003353   1.4585E+03  6.1832E+02 -4.8339E+02
0003354   8.0439E+02  4.4458E+02  1.2136E+02
0003355   7.6948E+02 -3.8004E+01  3.1488E+02
0003356   5.2770E+02 -9.4229E+02 -3.1569E+02
0003357   4.5166E+02 -2.6182E+01  1.3217E+02
0003358   1.0850E+03  2.9575E+01 -1.5010E+02
0003359   7.0158E+02 -3.5226E+02  1.3860E+02
0003360   5.8758E+02 -4.5337E+02 -1.8500E+02
0003361   3.4223E+02  1.8796E+02 -3.1149E+02
0003362   8.7575E+02 -5.0276E+02 -2.4097E+00
0003363   6.1150E+02  5.2108E+02  2.4703E+02
0003364   2.7249E+02 -7.0098E+01  1.0001E+02
0003365   6.6041E+02  1.7615E+02  7.4200E+02
0003366   7.0587E+02 -9.0634E+01 -1.8372E+02
0003367   7.6250E+02  1.8978E+02 -3.1349E+02
0003368   5.0304E+02 -6.8919E+01 -9.4014E+02
0003369   2.8383E+02  1.3909E+02 -5.1663E+02
0003370   1.2081E+03 -1.4371E+02 -4.7203E+01
0003371   1.3717E+03  1.7509E+02 -4.9124E+01
0003372   9.0803E+02  5.3863E+01  3.1838E+02
0003373   1.2030E+03  1.4112E+02  7.9894E+02
0003374   2.8677E+02  3.3589E+02  3.8906E+02
0003375   8.0110E+02 -1.6822E+02  1.2825E+02
0003376   7.4557E+02 -4.1848E+01  4.5192E+02
0003377   1.2732E+03 -4.3397E+02  1.0615E+02
0003378   1.4357E+03 -2.2102E+02  4.6136E+02
0003379   5.5943E+02  3.7484E+01 -1.4944E+02
0003380   7.6079E+02 -4.3304E+02 -3.4967E+02
0003381   7.8374E+02 -6.6780E+02  6.1448E+02
0003382   4.0363E+02 -1.4435E+02 -2.2659E+02
0003383   6.8571E+02 -2.6274E+02 -4.6470E+02
0003384   1.1663E+03 -3.8132E+02 -4.0894E+02
0003385   7.9019E+02 -1.3524E+02 -1.2858E+02
0003386   1.3780E+03  4.1658E+02  1.4426E+01
0003387   3.3228E+02  2.3921E+01  2.4749E+01
0003388   8.0282E+02 -7.4080E+02  4.6511E+01
0003389   1.1243E+03  1.8507E+02 -3.3131E+02
0003390   9.4602E+02 -1.1637E+02 -3.4891E+02
0003391   6.3953E+02  1.0492E+02 -4.0460E+02
0003392   5.1073E+02  3.4063E+01  3.8188E+02
0003393   8.7273E+02 -5.6959E+01 -8.3534E+01
0003394   6.8967E+02 -1.8787E+02  1.6746E+02
0003395   1.0463E+03  8.8182E+02  1.5662E+02
0003396   8.7966E+02 -2.6052E+02 -2.1456E+02
0003397   3.6700E+02 -8.3209E+01  3.9290E+02
0003398   6.8288E+02  5.5879E+01 -6.8126E+01
0003400   8.2686E+02  7.5022E+01 -5.1343E+02
0003401   4.0232E+02 -4.0788E+02  6.2458E+01
0003402   3.8657E+02 -3.2640E+02  1.4433E+02
0003403   7.1942E+02  1.0990E+02  4.0498E+02
0003404   9.3990E+02  2.4692E+02  2.8656E+02
0003405   1.3966E+03  6.6750E+01  5.7123E+02
0003406   1.1683E+03  4.1115E+02  2.5485E+02
0003407   8.6909E+02  1.9389E+02 -7.3333E+02
0003408   9.2057E+02 -5.3275E+02 -3.7302E+02
0003409   4.8060E+02 -3.5249E+02 -9.1959E+01
0003410   6.1765E+02 -5.4666E+02  1.0752E+00
0003411   7.5496E+02  2.5993E+02 -1.5597E+02
0003412   1.1711E+03 -1.2327E+02 -2.6048E+02
0003413   6.9912E+02  9.5857E+02  2.2742E+02
0003414   6.3596E+02  5.1890E+02 -6.8605E+01
0003415   8.4915E+02  5.9801E+02 -1.0521E+02
0003416   5.3786E+02  3.7700E+00 -2.6058E+02
0003417   9.7737E+02 -1.9828E+02 -4.9554E+01
0003418   1.2998E+03  1.4285E+02  4.9396E+02
0003419   7.7954E+02 -5.4425E+02 -2.9215E+02
0003420   9.8592E+02 -3.9634E+02 -8.3418E+02
0003421   6.9771E+02  1.1560E+03  3.9788E+02
0003422   1.2028E+03 -4.3300E+02 -1.4924E+02
0003423   7.9496E+02 -7.2011E+01  5.7998E+02
0003424   1.3299E+03 -2.9931E+02 -5.3123E+02
0003425   2.7569E+02 -2.5949E+01 -1.1856E+02
0003426   9.9221E+02  5.8374E+01 -2.1387E+02
0003427   9.7180E+01  3.5888E+01 -1.0273E+02
0003428   1.0366E+03 -7.9911E+02  3.1286E+02
0003429   6.3547E+02 -3.5683E+02 -3.2072E+02
0003430   8.7689E+02 -2.5526E+02  2.7228E+02
0003431   4.9390E+02 -4.3330E+02  1.8676E+02
0003432   3.0446E+02  7.5378E+00 -1.3672E+01
0003433   6.2060E+02 -8.6468E+00 -5.3444E+02
0003434   4.0041E+02  5.1309E+02  2.2701E+02
0003435   3.6449E+02  4.4609E+02 -5.9788E+02
0003436   1.0255E+03 -7.0392E+01  4.3208E+02
0003437   1.0129E+03 -8.8888E+02 -9.2640E+02
0003438   5.1430E+02 -5.8599E+02  9.1907E+01
0003439   4.9159E+02 -1.3163E+02  9.8130E+01
0003440   3.1009E+02  2.6873E+02  3.8082E+02
0003441   1.0110E+03 -3.0758E+02  4.4980E+02
0003442   7.1028E+02  5.7258E+02 -5.4650E+02
0003443   2.7997E+02 -1.8323E+02  2.4451E+02
0003444   1.0021E+03 -7.1862E+02  7.7957E+02
0003445   3.8749E+02  2.4944E+01 -4.4793E+02
0003446   1.6401E+03  3.3007E+02  9.9819E+01
0003447   1.1051E+03 -1.3125E+02  9.2240E+02
0003448   1.3269E+03 -2.8313E+01  4.8008E+02
0003449   1.4499E+02 -5.6136E+02  7.3887E+01
0003450   8.2100E+02 -1.4223E+02 -3.5683E+02
0003451   6.7162E+02 -4.1492E+02  3.0007E+02
0003452   4.7500E+02 -4.2181E+02 -5.4322E+01
0003453   1.0010E+03  1.0579E+02  5.4324E+02
0003454   1.0492E+03 -1.2218E+03 -3.8595E+02
0003455   1.3859E+03 -3.9460E+01 -4.7113E+02
0003456   6.2394E+02 -2.5873E+02 -2.1622E+02
0003457   9.9330E+02  8.3226E+01 -1.3761E+02
0003458   1.4622E+03 -2.8388E+02 -5.8100E+02
0003459   5.9443E+02 -4.9051E+02 -3.1268E+02
0003460   8.1450E+01 -2.2392E+02  2.2415E+02
0003461   1.4110E+03 -2.5374E+02 -2.1394E+02
0003462   9.0284E+02  3.2563E+02  1.9606E+02
0003463   3.3663E+02  9.6099E+02  1.3180E+02
0003464   5.1938E+02  4.6096E+01  3.0265E+02
0003465   1.0269E+03 -7.2647E+02  7.4325E+02
0003466   7.5884E+02  2.3912E+02  8.8985E+01
0003467   9.2227E+02 -2.1390E+02  2.7494E+02
0003469   1.1323E+03 -9.6017E+01 -2.8050E+02
0003470   9.4522E+02  2.9348E+02 -8.0989E+02
0003471   1.3627E+02 -8.5616E+02 -6.8432E+02
0003472   2.8440E+02 -3.1466E+02  1.0450E+03
0003473   1.5434E+02 -3.0477E+02  1.4814E+02
0003474   1.1069E+03  5.3542E+02 -4.1146E+02
0003475   1.6505E+02  8.7238E+01 -5.0242E+01
0003476   8.7617E+02  6.2848E+02 -2.4079E+02
0003477   1.5057E+03  2.8366E+02  4.9172E+02
0003478   8.2509E+02 -4.7043E+02 -7.3884E+02
0003479   1.1148E+03 -1.8546E+01 -4.5706E+02
0003480   4.3510E+02  2.0511E+02 -1.5930E+02
0003481   6.5564E+02 -2.1805E+02 -8.5818E+01
0003482   8.4861E+02  1.9115E+02  4.9598E+02
0003483   8.3407E+02  5.4423E+02 -5.9076E+02
0003484   1.0939E+03  2.9589E+02  1.2210E+02
0003485   1.2396E+03 -4.6739E+01 -1.9239E+02
0003486   4.6375E+02 -1.2256E+02  2.4245E+02
0003487   6.4461E+02  1.4137E+02 -1.9016E+02
0003488   1.0978E+03  2.5878E+02 -2.5731E+02
0003489   1.0285E+03 -2.6589E+02 -7.7752E+01
0003490   3.4491E+02 -2.1622E+01 -5.9264E+01
0003491   6.8614E+02 -1.2173E+02 -1.8670E+02
0003492   1.1020E+03  5.5200E+00  6.0122E+01
0003493   2.2132E+02 -7.8139E+01 -3.5108E+02
0003494   1.2330E+03 -5.0958E+02  5.2342E+02
0003495   2.9975E+02 -1.7209E+02  5.8138E+02
0003496   8.9304E+02 -2.3837E+02  5.1963E+02
0003497   6.8846E+02  9.0348E+01 -5.5562E+02
0003498   5.3828E+02 -1.8489E+02  9.0543E+01
0003499   4.9936E+02  1.2444E+02 -2.3728E+02
0003500   1.5364E+03  5.8620E+02 -6.0668E+01
0003501   1.8891E+02  3.0551E+02  4.8184E+01
0003502   4.1493E+02  3.5333E+02  4.1400E+02
0003503   1.5381E+02 -2.4767E+01  2.5600E+00
0003504   8.3073E+02  3.8344E+02  9.6181E+01
0003505   2.1281E+02  3.0659E+01  3.1016E+02
0003506   1.9644E+02 -7.9930E+01  1.4511E+02
0003507   4.1139E+02 -1.1535E+02  6.8128E+02
0003508   1.1989E+03  5.0384E+02  2.8515E+01
0003509   7.0519E+02  6.4593E+02  1.0199E+01
0003510   5.0047E+02  1.1167E+03 -3.9999E+02
0003511   4.6438E+02  2.2068E+01 -2.3707E+02
0003512   5.1813E+02  1.4147E+02 -3.7461E+02
0003513   1.8849E+02  6.1869E+01 -2.0215E+02
0003514   1.2513E+03  1.7328E+02 -1.1921E+02
0003515   4.4190E+02 -2.7661E+02  1.8581E+02
0003516   5.3411E+02  8.0782E+02  5.4493E+02
0003517   7.0754E+02 -1.6585E+02 -2.7910E+02
0003518   1.2642E+03  2.5604E+02  8.0554E+02
0003519   6.7424E+01 -2.1386E+02  6.6947E+01
0003520   5.2046E+02 -7.3306E+01  4.6563E+01
0003521   9.7910E+02 -4.8224E+02 -1.9080E+02
0003522   9.5552E+02 -3.8907E+02 -4.1689E+01
0003523   4.8199E+02 -4.1005E+01  5.7676E+02
0003524   6.2224E+02  9.8688E+01  1.1391E+02
0003525   5.4945E+02  7.7454E+02  1.8275E+02
0003526   8.0246E+02  5.9932E+02 -1.4158E+02
0003527   7.5088E+02 -3.3109E+02 -1.1007E+02
0003528   4.2634E+02 -3.3946E+02  7.0768E+02
0003529   6.4060E+02  1.3607E+02  2.7578E+02
0003530   9.0861E+02  2.2236E+02 -1.0190E+02
0003531   3.3133E+02 -1.9274E+02 -5.8785E+02
0003532   4.3422E+02  1.7324E+02 -5.9152E+01
0003533   7.4493E+02 -5.0482E+02 -8.6063E+02
0003534   1.4503E+03 -4.1343E+02 -8.1976E+01
0003535   6.2633E+02  3.8187E+02  3.7571E+02
0003536   3.0487E+02  1.4248E+02 -6.7984E+01
0003537   1.9287E+01 -6.0193E+00  1.3255E+02
0003538   5.1713E+02 -2.7543E+02 -5.4808E+02
0003539   4.9536E+02  4.3264E+02 -4.0171E+02
0003540   3.0557E+02  3.2392E+02  7.4458E+01
0003541   1.4426E+03  1.9003E+02 -2.7146E+02
0003542   5.8288E+02  5.5260E+01 -2.0552E+02
0003543   5.1450E+02 -6.7068E+02  4.4751E+02
0003544   2.2651E+02 -5.7221E+02  4.3845E+02
0003545   9.1756E+02  1.0858E+02  4.6407E+01
0003546   8.1734E+02 -3.9449E+02 -2.2413E+02
0003548   9.0029E+02 -1.7181E+02  3.2920E+02
0003549   8.5839E+02 -2.0927E+02  2.3581E+02
0003550   7.0839E+02  1.8418E+01 -1.3441E+01
0003551   8.9126E+02 -1.1099E+02  3.0874E+02
0003552   8.6913E+02 -1.0252E+02  4.0746E+02
0003553   5.6344E+02 -2.9138E+02 -7.9872E+01
0003554   1.4406E+03 -4.5060E+01  5.5774E+02
0003555   9.2177E+02  4.9264E+02  4.9032E+02
0003556   9.0137E+02 -2.8156E+02  1.3843E+02
0003557   8.4275E+02  3.8253E+02 -2.5572E+02
0003558   6.5693E+02  4.3692E+02 -2.2018E+02
0003559   3.5848E+02 -2.9203E+02  4.6075E+02
0003560   9.7773E+02  3.8751E+02  2.4865E+02
0003561   4.9472E+02 -4.4243E+02 -3.2799E+02
0003562   2.4117E+02 -6.8162E+01 -3.2683E+02
0003563   4.5112E+02 -1.6202E+02  2.1877E+02
0003564   5.2881E+02 -2.2446E+02 -3.5783E+02
0003565   4.6282E+02 -8.2713E+01 -2.3611E+02
0003566   1.0047E+03 -3.5751E+02  3.6807E+02
0003567   6.1979E+02  3.8577E+02 -8.9020E+01
0003568   1.0868E+03 -3.3256E+02 -1.0947E+02
0003569   6.1690E+01 -1.2824E+02 -1.3892E+02
0003570   9.5226E+02  5.1935E+01 -5.1388E+02
0003571   9.1132E+02 -3.2887E+02  5.7076E+02
0003572   4.1366E+02 -9.3206E+02  3.1958E+01
0003573   4.8972E+02  1.6620E+01  2.9100E+02
0003574   1.2703E+03  1.3991E+02 -8.2657E+01
0003575   5.5023E+02 -3.9299E+01  2.2622E+02
0003576   1.4419E+03  2.1925E+02  1.2729E+02
0003577   9.4309E+02 -4.4458E+02 -4.0210E+02
0003578   8.0711E+02 -1.5559E+02  3.8358E+02
0003579   7.4588E+02  1.3793E+02  2.9554E+02
0003580   4.2115E+02 -1.1681E+02  2.4816E+02
0003581   1.6529E+03 -8.6828E+02 -4.2661E+01
0003582   6.6619E+02  5.2706E+02  1.1821E+02
0003583   5.0040E+02 -2.4669E+01  7.5757E+02
0003584   9.9577E+02  3.7247E+02  1.7487E+02
0003585   9.5926E+02 -1.5057E+02  2.0618E+02
0003586   1.2006E+03  1.9525E+02 -3.0587E+02
0003587   4.8683E+02 -2.0128E+02 -1.2990E+02
0003588   6.5615E+02  4.3899E+02  6.5158E+01
0003589   7.5440E+02  3.0392E+02  6.5348E+01
0003590   8.5932E+02  5.7235E+01  8.4148E+02
0003591   6.8013E+02  5.1633E+02 -2.4477E+02
0003592   7.6128E+02 -7.3880E+02 -2.4175E+02
0003593   6.7502E+02 -2.4235E+02 -2.4113E+02
0003594   5.8429E+02  9.7708E+01  2.4481E+02
0003595   2.2582E+02  1.7519E+02  6.7020E+01
0003596   2.3608E+02 -9.4038E+01  4.4241E+01
0003597   7.6099E+02  2.1096E+02 -1.1664E+02
0003598   9.8868E+02 -5.6522E+02  1.9159E+02
0003599   6.9606E+02 -2.9082E+02 -2.2174E+02
0003600   1.2954E+03  3.3543E+02 -7.2314E+01
0003601   4.2073E+02  1.7730E+02  4.3216E+01
0003603   4.1772E+02 -2.1501E+02  9.0973E+01
0003604   1.3122E+03 -3.4434E+02 -2.2454E+02
0003605   9.0829E+02 -3.3599E+02  1.1536E+02
0003606   5.0556E+02 -1.0991E+02 -1.2763E+02
0003607   1.8252E+03 -1.8519E+02 -1.6069E+01
0003608   8.8437E+02 -1.4013E+02  3.9493E+02
0003609   1.6454E+03 -1.7874E+02  9.2451E+02
0003610   3.6725E+02  2.6654E+02 -3.9402E+02
0003611   7.7600E+02  5.3893E+02  1.3223E+02
0003612   1.1181E+03 -2.7274E+02 -1.2484E+02
0003613   1.0300E+03 -2.6918E+02  2.5966E+02
0003614   9.3680E+02  8.1662E+02 -5.3150E+02
0003615   6.9968E+02  2.6284E+01  4.7893E+02
0003616   5.0892E+02 -2.0577E+01  2.7597E+02
0003617   1.3777E+03 -1.5017E+02 -3.1359E+02
0003618   9.0243E+02  4.7573E+01  2.5866E+02
0003619   7.9904E+02  4.0263E+02  8.3951E+01
0003620   1.1165E+03  3.2690E+02 -1.5932E+02
0003621   7.0978E+02 -5.1351E+02  1.1261E+02
0003622   2.7184E+02 -7.4092E+02 -4.7874E+02
0003623   9.9895E+02  2.1741E+02 -3.0900E+02
0003624   1.5210E+03  2.4037E+01 -3.0360E+02
0003626   8.9926E+02  5.0142E+02 -5.6649E+02
0003627   2.1404E+02 -1.8563E+02  8.9590E+01
0003628   1.0856E+03 -6.1266E+02 -4.1728E+02
0003629   6.9423E+02  1.2131E+02 -2.3483E+02
0003630   7.1118E+02  2.0702E+02  2.7402E+02
0003631   6.1672E+02 -4.8764E+02 -2.8019E+02
0003632   8.2712E+02 -3.9876E+00  5.6052E+01
0003633   6.3961E+02 -3.7231E+02 -3.6951E+02
0003634   5.6850E+02  4.0509E+02 -1.1510E+02
0003635   1.0593E+03  2.2778E+02 -2.3034E+02
0003636   6.4596E+02  5.9617E+02 -4.1181E+01
0003637   5.0025E+02  7.9359E+02  2.6071E+02
0003638   2.9384E+02 -2.9106E+01 -1.8679E+02
0003639   6.1980E+02  1.4115E+02 -6.7213E+02
0003640   7.6937E+02 -6.9403E+01  6.7479E+02
0003641   1.2918E+03  1.2190E+02 -2.6661E+02
0003642   4.1505E+02  2.2741E+01  2.3962E+02
0003643   1.0907E+03 -2.7094E+02 -3.7716E+02
0003644   6.2351E+02  1.0987E+03 -2.1325E+02
0003645   9.8375E+02  5.0921E+02 -3.2646E+02
0003646   1.1013E+03 -1.2252E+02  2.0507E+02
0003647   8.7024E+02 -1.6639E+02  4.5888E+02
0003648   1.1332E+03  4.7525E+01  1.2080E+02
0003649   6.2834E+02 -3.1300E+02 -7.9591E+00
0003650   6.3407E+02 -1.6149E+02 -3.6124E+01
0003651   5.4160E+02 -1.2448E+02 -2.1714E+02
0003652   2.4832E+02 -4.3758E+01 -1.1802E+03
0003653   1.0133E+03 -5.6245E+02  4.1426E+02
0003654   1.1524E+03 -3.0835E+02 -5.6080E+02
0003655   1.0220E+03 -2.2645E+02  3.8671E+02
0003656   5.0574E+02  4.2274E+02 -4.1546E+02
0003657   9.0616E+02 -6.4235E+02 -4.3366E+02
0003658   3.4850E+02  5.4902E+01  2.3247E+02
0003659   5.6253E+02 -2.3773E+02  2.3876E+02
0003660   7.2667E+02  3.5996E+01 -6.9805E+02
0003661   9.6566E+02 -3.8052E+02  6.2327E+02
0003663   9.1204E+02  3.1669E+02  2.9419E+02
0003664   9.9591E+02  5.1365E+02 -4.7874E+02
0003665   4.7553E+02 -2.7734E+02  3.3563E+02
0003666   1.3187E+02 -5.7926E+02  8.1662E+00
0003667   2.0557E+02  4.1817E+02 -8.9490E+01
0003668   5.2309E+02  5.0299E+02 -4.9035E+00
0003669   6.6834E+02 -3.5435E+02 -3.8787E+02
0003670   1.0855E+03  1.4055E+01 -1.2852E+02
0003671   8.5475E+02 -2.3012E+02 -4.5275E+02
0003672   9.2835E+02 -3.4860E+02  2.4258E+02
0003673   7.7075E+02  3.7506E+01  3.4466E+01
0003674   1.0700E+03 -2.1160E+02 -7.9882E+01
0003675   1.0288E+03  8.3976E+01  4.9970E+01
0003676   9.8862E+02 -2.0292E+02  3.3271E+02
0003677   9.7578E+02  9.0554E+00 -4.2622E+02
0003678   1.0118E+03 -2.7775E+02  2.3387E+02
0003679   7.3891E+02 -2.3107E+02 -4.5492E+00
0003680   3.5594E+02 -5.3671E+02  6.6827E+02
0003681   1.5235E+03  1.4229E+02 -8.6560E+02
0003682   1.3343E+03  6.7077E+02  2.1224E+02
0003683   7.9514E+02  2.4392E+02  4.1525E+02
0003684   8.2792E+02 -3.0109E+02  1.3548E+02
0003686   3.7868E+02 -4.6519E+00  3.0702E+02
0003687   4.6515E+02 -8.2346E+01  2.2421E+02
0003688   6.3803E+02  3.0721E+01  1.5409E+02
0003689   5.0461E+02  6.1884E+02 -3.5775E+02
0003690   1.8854E+02 -2.4033E+01  2.6986E+02
0003691   3.9976E+02  2.3486E+02 -6.4924E+02
0003692   3.7842E+02  8.7136E+01 -5.5425E+02
0003693   5.8841E+02 -2.2216E+02  7.3741E+00
0003694   6.6284E+02  3.8121E+02  7.4310E+02
0003696   8.2883E+02  1.9216E+02  3.0513E+02
0003697   9.7967E+02 -9.0696E+02  2.2110E+02
0003698   3.2265E+01 -3.0421E+02 -6.3345E+02
0003699   8.2132E+02  4.8481E+02  6.4849E+02
0003700   9.0921E+02 -1.5024E+02  3.4130E+02
0003702   2.6554E+02  4.4871E+02 -2.4021E+02
0003703   9.8982E+02 -6.7138E+02 -7.9821E+02
0003704   7.7981E+02 -7.9537E+01 -3.9416E+02
0003705   4.2252E+02  4.4223E+02  1.0545E+02
0003706   5.7774E+02 -1.4748E+02 -1.7591E+02
0003707   3.0660E+02  1.1491E+02 -1.8479E+02
0003708   4.9666E+02  2.0166E+02 -1.3913E+02
0003709   2.8707E+02  9.2145E+01  2.6866E+02
0003710   1.0416E+03  1.2031E+02 -3.6721E+02
0003711   2.4547E+02 -5.4028E+01  3.6885E+01
0003712   1.2213E+03 -9.0208E+01  4.3174E+02
0003713   1.1199E+03 -3.2575E+02  2.1769E+02
0003714   5.4521E+02  5.5050E+02  1.8673E+02
0003715   8.6528E+02  1.6987E+02  7.2767E+02
0003717   5.5249E+02  2.5186E+02  4.5505E+02
0003719   8.1889E+02  4.8004E+02  4.0761E+02
0003720   5.4803E+02 -7.1813E+02  2.6387E+02
0003721   3.1298E+02 -4.2394E+02  8.1830E+01
0003722   7.3500E+02  1.2104E+02 -1.8758E+02
0003723   1.0896E+03  1.3889E+02 -4.4824E+02
0003724   9.8960E+02 -7.7449E+02  7.2867E+01
0003725   4.1215E+02 -2.7598E+02  4.1574E+02
0003726   9.3650E+02  6.8195E+02 -4.5489E+02
0003727   7.3033E+02 -2.5008E+02  3.7633E+02
0003728   8.0848E+02 -1.3820E+03 -6.1347E+02
0003730   2.3438E+02  2.2178E+00 -1.9128E+02
0003731   8.4741E+02  7.7642E+02  7.3719E+02
0003732   1.2651E+03 -5.9644E+02 -5.1665E+02
0003734   4.2563E+02  2.9567E+02  3.3010E+02
0003735   1.1333E+03 -2.0989E+02 -3.6184E+02
0003736   4.6850E+02 -3.1084E+02 -4.9444E+01
0003737   8.2892E+02  5.0373E+02  1.0958E+02
0003738   7.7351E+02  9.5385E+01  5.4328E+01
0003739   6.1654E+02 -2.7190E+02  2.8968E+02
0003740   4.3557E+02  5.3724E+02 -4.1253E+01
0003741   7.3480E+02  1.9070E+02 -4.7229E+01
0003742   7.5671E+02  1.2818E+02  5.6689E+02
0003743   7.9104E+02  3.7088E+02 -1.6533E+02
0003744   3.1542E+02 -6.2880E+02  3.0211E+02
0003746   4.9761E+02 -3.3923E+02  1.8116E+02
0003747   6.4154E+02 -1.6953E+02 -5.4819E+02
0003748   2.2994E+02 -1.1580E+02 -4.4314E+02
0003749   5.4641E+02 -2.7286E+02 -2.7867E+02
0003750   9.1371E+02 -1.8381E+02 -1.2487E+02
0003751   1.0425E+03  4.7403E+01  3.3913E+02
0003752   5.8294E+02 -3.0309E+01  5.5293E+00
0003753   9.8436E+02  1.1603E+02  2.6720E+00
0003754   3.5203E+02 -7.1189E+01 -5.6011E+01
0003755   1.3668E+03 -3.2089E+02  4.0607E+02
0003756   1.1142E+03  7.5558E+01 -6.0378E+00
0003757   6.4454E+02 -1.0048E+02 -1.1182E+02
0003758   5.6361E+02 -2.7772E+02 -3.5891E+02
0003759   1.3243E+02  7.9143E+02 -3.8956E+01
0003760   6.5425E+02 -1.1489E+02  2.0625E+02
0003761   5.4745E+02 -3.6893E+02  7.5917E+01
0003762   1.1017E+03 -6.3949E+01 -4.7545E+01
0003763   7.7129E+02 -1.6618E+02  1.9103E+02
0003764   1.4682E+03  5.0444E+02 -4.5408E+02
0003765   1.1234E+03 -2.5260E+02  3.3255E+02
0003766   5.5622E+02  1.7325E+02 -2.0183E+01
0003767   3.2135E+02  5.6085E+01 -9.1139E+01
0003768   2.8584E+02 -2.6196E+01  7.9909E-01
0003769   7.1968E+02  9.3035E+01  6.6336E+02
0003770   7.5285E+02 -4.0403E+02  1.2014E+02
0003771   1.2349E+03 -1.8114E+02  1.9873E+02
0003772   6.0786E+02 -1.8968E+02 -3.2316E+01
0003773   2.7677E+02  2.6262E+02  3.4777E+02
0003774   8.8918E+02 -2.2605E+02  7.1452E+02
0003775   9.6076E+02  4.0372E+01 -2.1343E+02
0003776   5.8928E+02 -3.0356E+02  1.7726E+02
0003777   8.3501E+02 -1.0888E+03  1.3578E+02
0003778   6.4390E+02  1.0986E+02 -1.1161E+02
0003779   4.9880E+02 -4.0468E+02 -1.3423E+02
0003780   1.0369E+03 -3.0841E+02  1.0236E+03
0003781   1.1948E+03 -7.8675E+02  2.2657E+02
0003782   1.1529E+03 -3.6319E+02  1.6650E+02
0003783   6.4957E+02 -6.0109E+02 -6.6406E+01
0003784   5.5049E+02 -4.2871E+02  5.0815E+01
0003785   1.2444E+03 -4.1867E+02 -6.3725E+02
0003786   4.2849E+02 -2.0774E+02  5.4281E+02
0003787   8.0998E+02 -1.9677E+01  8.5021E+01
0003788   5.7002E+02  8.9129E+01  6.4103E+02
0003789   4.0554E+02 -6.2708E+02  3.5122E+02
0003790   1.1743E+03  1.2491E+02  5.9971E+02
0003791   9.6954E+02 -6.5435E+02  5.8438E+02
0003792   3.7123E+02 -6.2080E+02 -1.6957E+02
0003794   7.4695E+02 -4.4273E+02  2.7619E+02
0003795   1.4842E+03 -5.8580E+01  5.0379E+02
0003796   1.1129E+03 -2.9099E+02 -5.2835E+01
0003797   9.1402E+02 -7.0851E+01 -3.6825E+02
0003798   6.8671E+02 -5.3913E+01 -6.4052E+02
0003799   1.0197E+03  2.4399E+02 -5.8128E+01
0003800   8.2664E+02 -1.4317E+02 -1.5927E+02
0003801   8.0520E+02  5.8890E+02  1.7836E+02
0003802   1.2910E+03  2.7436E+02  2.0291E+02
0003803   2.6122E+02  1.7957E+02 -5.7845E+02
0003804   1.0439E+03  8.8044E+02  2.4750E+02
0003805   7.1427E+02 -1.3835E+02  5.8792E+01
0003806   4.8287E+02  8.2040E+01 -2.6123E+02
0003807   4.6551E+02 -3.5291E+02 -2.7819E+02
0003809   6.2401E+02  2.7384E+02 -7.0941E+01
0003810   8.5969E+02  6.4419E+02  5.3075E+01
0003811   8.0656E+02  7.0071E+02 -3.0326E+02
0003812   6.0821E+01 -3.1930E+02  9.7437E+01
0003813   3.7943E+02  2.7121E+02 -9.9544E+01
0003814   7.7492E+01  3.6577E+02 -2.1171E+02
0003815   6.9860E+02  9.0598E+01  2.3346E+01
0003816   6.8813E+02 -5.4569E+02  2.5617E+02
0003817   6.1486E+02  3.6311E+01  4.8750E+01
0003818   3.3590E+02 -3.1273E+01 -2.5766E+02
0003819   1.6348E+02  2.2034E+02 -7.7480E+01
0003820   7.1273E+02 -6.3503E+02  6.4198E+02
0003821   3.6302E+02 -3.3664E+02  1.8571E+02
0003822   1.2056E+03  4.8979E+02 -7.1436E+02
0003823   5.7175E+02  4.0367E+02  1.5788E+02
0003824   9.4395E+02  1.0914E+02  4.0441E+02
0003825   7.7078E+02 -5.9722E+02  7.2556E+01
0003826   1.0060E+03  4.0577E+02 -1.2182E+02
0003827   7.5248E+02  8.1243E+01  3.7433E+02
0003828   7.9802E+02  8.0989E+02  9.0272E+02
0003829   4.3856E+02 -4.5957E+02  3.9632E+00
0003830   7.3709E+02 -2.4564E+02  2.6077E+02
0003831   1.3631E+03  2.4013E+02 -5.6928E+02
0003832   8.3127E+02  3.1110E+02 -2.3086E+02
0003833   1.6447E+03  4.5331E+02 -3.9874E+02
0003834   1.1052E+03 -6.8898E+02 -3.6374E+02
0003835   1.5883E+03 -1.8715E+02  1.8958E+01
0003837   9.1305E+02 -2.1238E+02 -2.9625E+01
0003838   1.1753E+03 -1.9234E+02  3.5240E+02
0003839   5.4385E+02 -7.6491E+02  5.8079E+02
0003840   3.9128E+02  7.9596E+02  6.3806E+02
0003841   1.1670E+03  2.8435E+02 -2.3317E+02
0003842   1.3451E+03  3.0538E+02 -4.8428E+02
0003843   3.2872E+02  2.0393E+02  1.1397E+02
0003844   9.3018E+02  5.0312E+02  6.7457E+02
0003845   1.7249E+02  6.0506E+01  2.5823E+02
0003846   7.2088E+02  1.0201E+02 -6.3043E+02
0003847   1.0345E+03 -4.3088E+02  1.2174E+02
0003848   1.2327E+03  1.7378E+02  3.7876E+02
0003849   5.3432E+02 -1.0961E+02  1.3627E+02
0003850   1.1554E+03 -4.2804E+02  7.4547E+02
0003851   7.2440E+02  6.8917E+02 -2.0626E+02
0003852   7.2443E+02 -3.8785E+02 -1.8016E+02
0003853   1.6214E+02 -4.1855E+02 -5.6773E+02
0003854   3.4224E+02 -1.5344E+00  1.5247E+02
0003855   8.0139E+02  1.6223E+01 -3.6862E+02
0003856   2.0153E+02  5.7246E+01 -3.5093E+01
0003857   4.3610E+02  5.2283E+02  7.8863E+01
0003858   4.9416E+02 -5.1720E+02 -4.3222E+02
0003859   1.0582E+03  4.3974E+02 -4.8028E+02
0003860   6.1478E+02  1.5331E+02  3.4059E+02
0003861   8.1660E+02  8.7708E+00  2.1261E+02
0003862   1.3125E+03  4.4631E+02 -1.0856E+02
0003863   1.4723E+03  1.0913E+02  3.0450E+02
0003864   5.0577E+02 -1.7361E+02  4.7375E+02
0003865   1.2084E+03 -2.9830E+01 -6.1132E+01
0003866   5.8525E+02  4.2683E+01  1.4862E+02
0003867   6.8671E+02 -5.4673E+02 -3.6489E+02
0003868   9.8741E+02 -2.7581E+01 -2.0743E+02
0003869   4.9172E+02  2.1758E+02  1.0321E+03
0003870   1.2572E+03  3.5073E+02  5.3479E+02
0003871   8.5992E+02 -1.5851E+02  4.5812E+02
0003872   7.3063E+02 -8.5252E+02  4.9020E+02
0003873   1.2242E+03  5.4510E+02  5.5747E+00
0003874   7.0365E+02 -1.7654E+02 -1.1289E+02
0003875   2.6616E+02  3.6300E+02  2.6658E+02
0003876   4.5226E+02  1.8289E+02 -4.6643E+02
0003877   9.1010E+02 -1.0956E+02  9.7154E+02
0003878   1.2274E+03  5.6093E+02  6.3054E+02
0003879   8.4189E+02 -1.4454E+02  1.6453E+02
0003880   1.4891E+03 -1.1360E+02 -7.8561E+01
0003881   5.4053E+02  2.0488E+01 -3.7571E+02
0003882   1.0810E+03  5.2072E+01  1.0376E+02
0003883   1.9535E+03 -4.0546E+02 -3.7844E+02
0003884   7.6422E+02  1.0613E+02  4.1489E+02
0003885   1.0106E+03 -6.5685E+02 -4.0718E+01
0003886   7.5393E+02 -9.4582E+01  6.2980E+02
0003887   1.3751E+02  2.0880E+02  1.2016E+01
0003888   1.6777E+03 -1.5962E+02  9.0218E+01
0003889   5.9345E+02 -1.1989E+02  4.0856E+02
0003890   1.2655E+03 -5.4975E+02 -3.2101E+02
0003891   7.9139E+02  2.1505E+02 -1.0692E+01
0003892   1.1955E+03  5.4954E+02 -1.3105E+02
0003893   1.3956E+03 -2.3955E+02  3.7274E+02
0003894   4.4224E+02  4.5461E+02 -1.5953E+02
0003895   5.6314E+02 -4.6485E+02 -7.8975E+01
0003896   1.2068E+03 -1.4927E+02 -3.8219E+02
0003897   3.7830E+02  1.1456E+02 -4.1772E+02
0003898   9.4705E+02  2.0687E+02  1.6777E+02
0003899   1.3569E+03  1.1885E+02 -2.0954E+02
0003900   6.0526E+02 -2.0576E+02  5.4972E+02
0003901   6.4888E+02 -1.2300E+03 -2.7084E+02
0003902   5.9452E+02 -1.4200E+02 -1.5719E+01
0003903   6.2528E+02  1.6465E+02 -9.9058E+02
0003904   8.5373E+02  2.9142E+02 -2.3750E+02
0003905   1.0058E+03  5.8794E+02  1.0162E+02
0003906   8.6527E+02 -3.4504E+02 -4.2123E+02
0003907   9.1779E+02  1.3979E+01  8.5677E+00
0003908   3.0225E+02 -7.4904E+01  1.9444E+02
0003909   9.7383E+02 -3.7458E+02 -1.2327E+02
0003910   1.3546E+03  5.4556E+02  1.3987E+02
0003911   8.8802E+02 -1.7692E+02 -7.7804E+01
0003912   9.9923E+02  3.7952E+02  2.1467E+02
0003913   6.3529E+02  1.0531E+02  2.3571E+02
0003914   7.6503E+02 -9.5260E+01 -3.2490E+02
0003915   5.0245E+02 -6.7037E+01 -6.6785E+01
0003916   5.6468E+02 -4.9018E+02  4.8561E+02
0003917   6.0537E+02  4.8564E+01 -2.8788E+01
0003918   8.5933E+02  6.9223E+02 -4.4901E+02
0003919   4.9521E+02  8.0533E+01  5.3900E+02
0003920   1.3629E+03  7.2597E+02 -3.7596E+02
0003921   4.5411E+02 -2.4490E+02 -2.0849E+02
0003923   1.1715E+03  4.3354E+02 -2.8446E+02
0003924   2.6923E+02 -2.8510E+01 -2.1548E+02
0003925   4.5506E+02 -1.3414E+02 -8.8878E+01
0003926   1.0425E+03 -1.5575E+02 -2.3662E+02
0003927   9.7013E+02 -1.6892E+02  2.1379E+02
0003928   3.6054E+02 -1.1507E+02  3.9185E+02
0003929   3.6334E+02  2.2406E+02  2.7614E+02
0003930   4.6856E+02  5.4193E+02  2.3539E+02
0003931   1.0959E+03 -1.8902E+02 -1.4325E+01
0003932   6.1734E+02  2.0934E+02 -3.0177E+02
0003933   1.2028E+03  3.1329E+02  7.2523E+01
0003934   1.6818E+02 -3.4758E+02 -2.5403E+02
0003935   3.5997E+02  5.4367E+01  2.6953E+01
0003936   1.3284E+03  4.2390E+02 -1.9846E+02
0003937   8.8403E+02 -6.2045E+02 -4.4280E+01
0003938   6.6555E+02 -2.3209E+02  3.8052E+02
0003939   9.2129E+02  3.0893E+01 -3.5103E+02
0003940   3.5244E+02 -6.9446E+02  2.7321E+01
0003941   8.3091E+02 -2.9049E+02 -5.0475E+02
0003942   2.9671E+02 -3.5913E+01 -7.2038E+02
0003943   6.6025E+02  2.7295E+02 -4.9009E+01
0003944   5.7219E+02 -8.2949E+01  4.0970E+01
0003945   1.0130E+03 -4.4137E+02 -2.0624E+02
0003946   4.0062E+02 -2.7378E+02  2.5290E+02
0003947   1.6037E+03  6.9271E+02 -1.3758E+02
0003948   6.2140E+02 -8.3352E+01 -1.7843E+02
0003949   9.8598E+02  3.9639E+02 -3.1929E+02
0003950   3.6354E+02 -9.4179E+01 -6.7277E+01
0003951   1.0086E+03  5.1855E+02  2.5021E+02
0003952   7.3181E+02 -1.3895E+02  3.0263E+02
0003953   1.6063E+03  1.1585E+02 -4.9733E+02
0003954   5.9528E+02  2.4294E+02  5.1115E+01
0003955   5.1738E+02 -3.4692E+02  8.2038E+01
0003956   3.8166E+02 -1.6352E+02  1.0812E+02
0003958   1.1529E+03  1.0412E+02 -7.7848E+02
0003959   1.1188E+03 -7.4624E+02  3.3248E+02
0003960   9.0247E+02 -7.9015E+02 -1.3861E+02
0003961   2.9890E+02  2.4975E+02 -3.0685E+02
0003963   8.2355E+02  1.3549E+02 -2.3783E+02
0003964   7.4271E+02 -2.7405E+02  4.4784E+02
0003965   9.3658E+02 -1.2091E+03  1.9846E+02
0003966   6.6200E+02 -2.8015E+01  2.6666E+02
0003967   7.5501E+02  1.2982E+02 -3.6193E+02
0003968   1.2897E+03  4.7671E+02  8.4268E+00
0003969   5.0328E+02 -7.4330E+02 -4.8259E+02
0003970   9.4347E+02 -1.8194E+01 -7.8486E+01
0003971   1.2018E+03  9.5003E+01 -2.3915E+02
0003972   8.5707E+01 -1.7663E+01  1.8583E+02
0003973   3.6723E+02  3.2579E+02  1.1752E+02
0003974   6.0807E+02  1.6975E+02  1.8858E+02
0003975   7.5862E+02 -2.1044E+02 -1.8651E+02
0003976   1.0234E+03 -1.7160E+02 -6.7274E+02
0003977   6.8341E+02  2.7025E+01  9.0697E+01
0003978   3.9973E+02 -5.1785E+01  1.7263E+02
0003979   9.5384E+02 -1.3521E+02 -2.2444E+01
0003980   5.0025E+02  1.8159E+02  7.2427E+01
0003981   6.0258E+02 -5.2013E+01 -1.1855E+02
0003982   3.9964E+02 -4.9643E+01 -2.7564E+02
0003983   7.3250E+02 -6.3309E+01  6.1786E+02
0003984   1.2014E+03  1.6875E+02 -6.1008E+01
0003985   7.9316E+02 -4.6536E+02 -5.6656E+02
0003986   1.0754E+03  6.3299E+02  4.5373E+02
0003987   2.3965E+02  4.7013E+02 -1.9148E+02
0003988   2.4689E+02  8.2873E+01 -3.6250E+02
0003989   4.9305E+02  9.8331E+02 -2.4101E+02
0003990   8.5487E+02  4.0664E+02  1.9429E+02
0003991   7.2148E+02 -4.3248E+02  1.0746E+02
0003992   7.3677E+02 -1.8177E+02 -6.7683E+02
0003993   1.1890E+03 -1.9019E+02  8.9971E+01
0003994   1.7684E+03  3.5283E+02 -9.3209E+00
0003995   8.7125E+02 -9.8905E+02  2.2348E+02
0003996   4.2449E+02  1.4913E+02 -2.3451E+02
0003997   4.9499E+02  1.6426E+02  2.1389E+02
0003998   1.1472E+03 -2.6336E+01  6.6194E+02
0003999   1.4103E+03 -3.8889E+02 -5.4942E+01
0004000   7.7154E+02 -4.2228E+01  2.8667E+02
0004001   9.9582E+02  1.5606E+02 -4.4635E+02
0004002   6.6569E+02  2.1798E+02  1.8585E+02
0004003   1.0924E+03  2.0582E+02  8.9201E+01
0004004   6.3353E+02  1.5415E+02 -5.7148E+01
0004005   7.5016E+02 -6.8371E+02  6.2507E+02
0004006   8.7760E+01  2.9837E+01 -7.6845E+02
0004007   6.9627E+02  7.9302E+02  2.0288E+02
0004008   7.6068E+02 -2.0329E+02 -5.7400E+02
0004009   8.4236E+02 -2.2840E+02 -4.3750E+02
0004010   9.2374E+02 -3.2722E+02  3.9950E+02
0004011   9.3999E+02 -5.3274E+02  4.5186E+02
0004012   7.1537E+02  5.0602E+02 -3.1308E+02
0004013   1.0117E+02  3.8509E+02 -1.9554E+02
0004015   7.7951E+02 -2.4703E+02 -9.1404E+01
0004016   6.5030E+02  3.3582E+02  6.5302E+02
0004017   2.9550E+02 -7.4685E+02  3.4811E+02
0004018   6.2219E+02 -1.9994E+02 -1.1300E+01
0004019   9.9004E+02 -7.5501E+01  6.8271E+01
0004020   6.3667E+02 -1.8668E+01 -7.8777E+02
0004021   3.1310E+02 -1.0766E+02 -2.3173E+02
0004022   7.2569E+02  6.6890E+02 -2.0212E+02
0004023   1.2391E+03 -4.4847E+02  4.3752E+01
0004024   8.8284E+02  2.7226E+02 -4.3730E+02
0004025   1.3577E+03  1.1143E+03  4.9925E+02
0004026   2.3464E+02 -2.4814E+02 -3.1233E+02
0004028   3.6342E+02 -2.1139E+02  8.1218E+01
0004029   1.1515E+03 -4.1488E+02  9.6130E+02
0004030   9.2276E+02 -4.4707E+02 -8.7503E+02
0004031   6.9291E+02  2.4932E+02 -1.2198E+02
0004032   1.2877E+03 -1.5983E+02 -5.3335E+02
0004033   1.2406E+03  9.2554E+01  1.3938E+02
0004034   4.0055E+02 -6.3138E+02 -3.7100E+02
0004035   9.3028E+02  6.8323E+01  5.6687E+02
0004036   4.3984E+02 -3.5055E+02  1.9689E+02
0004037   2.0092E+02  1.1108E+02 -1.1228E+03
0004038   5.5164E+02 -5.3406E+01  2.6785E+02
0004039   5.4253E+02 -1.4034E+02  1.4407E+02
0004040   1.0152E+03 -5.4449E+02 -4.8773E+02
0004041   7.3456E+02 -6.2225E+02 -9.7557E+01
0004042   1.2671E+03  1.0691E+02  8.5117E+02
0004043   7.2321E+02  3.0537E+02  3.8964E+02
0004044   1.3574E+03 -1.8140E+02  2.8539E+02
0004045   7.5235E+02 -1.0814E+02 -2.9713E+01
0004046   8.5113E+02 -1.3455E+02  1.7212E+02
0004047   5.1766E+02  2.9863E+02 -1.9915E+02
0004048   1.3132E+03 -3.9882E+02  9.2885E+01
0004049   4.5369E+02 -4.6770E+01  3.6843E+02
0004050   1.1943E+03  2.3449E+02  5.9192E+02
0004051   6.5450E+02  2.4387E+02 -2.3472E+02
0004052   9.5167E+02  3.8577E+01 -5.5703E+01
0004053   6.7800E+02 -1.4135E+02  4.4042E+02
0004054   3.8316E+02  7.8862E+02 -4.0594E+02
0004055   8.4930E+02  1.3719E+02  3.3976E+02
0004056   1.4999E+03  1.0758E+02  3.7684E+02
0004057   9.1411E+02 -2.4476E+02  1.4251E+02
0004058   8.2843E+02 -1.6460E+02  8.7250E+01
0004059   4.9319E+02  1.3978E+02  5.4723E+02
0004060   1.6039E+02  7.6953E+02  1.6982E+02
0004061   7.4032E+02 -3.3675E+02 -2.0195E+02
0004062   9.3060E+02 -3.9473E+02 -1.6015E+02
0004063   6.9289E+02  3.3611E+01 -8.7446E+02
0004064   5.9047E+02 -2.3028E+02  2.3539E+02
0004065   1.6404E+03 -7.6327E+02 -5.8508E+02
0004066   9.4505E+02 -4.7544E+02  3.8917E+02
0004067   1.8158E+02  5.2226E+02  3.3780E+02
0004068   7.9303E+02  3.8950E+02 -1.8473E+02
0004069   1.0178E+03 -4.3494E+02 -3.9300E+01
0004070   1.1980E+03  1.2978E+02 -3.9124E+01
0004071   6.8375E+02 -4.4777E+02  3.2230E+02
0004072   8.6340E+02  1.5302E+02  1.1218E+02
0004073   1.3681E+03 -4.3297E+02  8.2480E+01
0004074   1.3176E+03  4.5403E+02 -1.8750E+02
0004075   9.5004E+01 -3.3159E+02 -3.3813E+02
0004076   6.5349E+02 -9.9203E+01 -3.0063E+02
0004077   6.9990E+02 -1.6835E+02  4.9887E+02
0004078   5.4422E+02  1.8728E+02  3.4790E+02
0004079   1.1594E+03 -2.8062E+02  3.4643E+02
0004080   1.0499E+03 -3.5602E+02 -2.6236E+02
0004081   2.2517E+02 -7.1984E+01 -4.1753E+02
0004082   8.5749E+02  6.1965E+01  2.0096E+02
0004083   6.7221E+02  3.4150E+02  2.3044E+02
0004084   3.8366E+02 -1.1037E+02 -1.1561E+02
0004085   1.2163E+03 -2.7855E+02  8.5426E+02
0004086   6.3533E+02  1.9616E+01 -7.5634E+01
0004087   3.4042E+02  1.1743E+02 -1.6736E+02
0004088   4.8135E+02 -2.0114E+02  5.7286E+02
0004089   9.6210E+02  2.8416E+02  4.7879E+02
0004090   8.7652E+02  3.6515E+02  2.1720E+01
0004091   4.8654E+02  4.8515E+02 -2.5110E+02
0004092   7.3971E+02 -2.6146E+02 -3.7934E+02
0004093   8.7907E+02  4.5339E+02  1.5172E+02
0004094   5.9549E+02  3.1959E+02 -3.5569E+02
0004095   4.9839E+02  5.9602E+02  5.3522E+02
0004096   7.7324E+02  1.2172E+02 -1.3622E+01
0004097   7.1448E+02  1.3819E+02 -1.6526E+01
0004099   1.3485E+03 -2.4863E+02 -1.5475E+02
0004100   1.1138E+03  1.0196E+02 -1.1601E+02
0004101   9.4267E+02  6.2426E+02 -1.4737E+02
0004102   5.0997E+02 -2.4218E+02  1.6789E+02
0004103   7.4818E+02 -1.7596E+02  1.3671E+02
0004104   9.2456E+02 -3.7591E+02  1.6157E+02
0004105   4.8800E+02  5.2075E+01 -4.0981E+02
0004106   8.1885E+02  8.8673E+02 -5.2942E+02
0004107   3.2466E+02  3.9067E+02  9.2650E+01
0004108   9.5624E+02  2.5281E+02  3.0828E+02
0004109   9.7373E+02  8.1084E+02 -1.3075E+02
0004110   6.1597E+02  2.5472E+02 -5.3786E+01
0004111   1.3369E+03 -1.5471E+02  7.8861E+02
0004112   1.1721E+03 -2.3691E+02  2.7468E+02
0004113   5.8660E+02  1.1027E+03  7.8527E+01
0004114   1.1097E+03 -7.8314E+02  4.4448E+02
0004115   2.0875E+02 -2.7702E+01  5.3460E+01
0004116   3.5834E+02  1.9345E+01 -1.0988E+02
0004117   2.8384E+02  3.8829E+02  6.3268E+01
0004118   1.1082E+03 -5.0729E+02  5.3475E+02
0004119   9.1168E+02 -4.4599E+02  4.0755E+02
0004120   1.1549E+03  2.7061E+02 -3.1515E+02
0004121   2.0077E+02  4.0108E+02  1.2489E+02
0004122   1.1877E+03  7.4999E+02  7.8982E+01
0004124   1.0923E+03 -6.6237E+02  5.8874E+01
0004125   2.4242E+02 -2.8908E+01 -1.9275E+02
0004126   8.1288E+01  3.8546E+02 -3.8729E+01
0004127   9.2387E+02 -2.7035E+02 -2.5724E+02
0004128   5.9341E+02  2.8515E+01  1.5025E+02
0004129   3.9428E+02  5.5097E+00 -2.3181E+01
0004130   1.1944E+03 -1.4972E+02  7.7922E+01
0004131   1.0882E+03 -2.5607E+02  5.2975E+02
0004132   8.7484E+02  8.6604E+01  3.7453E+02
0004133   1.1725E+02  1.8568E+02  5.6952E+01
0004134   1.1806E+03 -1.9230E+02  4.0283E+01
0004135   1.0203E+03  3.2736E+02  3.3068E+02
0004136   3.0176E+02 -2.9566E+00  2.2569E+02
0004137   8.7880E+02 -6.3360E+01  1.3916E+02
0004138   7.4199E+02  2.9230E+02 -1.0382E+02
0004139   9.6434E+02  1.1920E+02 -4.9614E+02
0004140   9.3873E+02 -4.9680E+02 -9.5548E+02
0004141   3.2451E+02 -3.7486E+02  4.8301E+01
0004142   1.2166E+03 -1.9552E+02 -1.6206E+02
0004143   8.1493E+02 -5.4989E+02 -2.5826E+02
0004144   7.1148E+02  9.2759E+01  6.3405E+02
0004145   1.0145E+03 -5.5215E+02  2.8964E+02
0004146   7.9381E+02  1.6762E+01  4.7910E+01
0004147   1.8576E+03  5.2409E+02  5.4392E+00
0004148   8.5220E+02  4.1874E+02 -1.8498E+02
0004149   4.5973E+02  2.2248E+02 -6.9765E+02
0004150   2.8035E+02  5.6711E+01 -2.6863E+02
0004151   9.0017E+02  3.1283E+01 -9.2875E+01
0004152   6.8988E+01  2.0364E+01  5.3348E+02
0004153   9.0852E+02 -1.0932E+02 -2.5530E+02
0004154   8.7129E+02  3.6582E+02  1.3174E+02
0004155   8.1494E+02 -2.7570E+02 -7.5854E+01
0004156   5.8619E+02  1.6037E+02  3.6555E+02
0004157   9.3918E+02 -3.1571E+02  2.6222E+02
0004158   7.1781E+02  3.9576E+02 -1.6560E+01
0004159   1.4636E+03  2.7902E+02 -6.4706E+01
0004160   8.0633E+02  1.7576E+02  1.3534E+02
0004161   7.4873E+02  2.2151E+02 -5.3106E+02
0004162   4.5492E+02  9.4520E+02 -9.0457E+01
0004163   5.9171E+02 -2.9264E+02  2.5735E+02
0004164   5.8632E+02  4.0741E+02  1.0192E+02
0004165   7.3016E+02  3.2062E+02  2.8511E+02
0004166   6.7310E+02  5.3315E+02 -5.1201E+01
0004167   1.6550E+03 -2.6544E+02 -3.0206E+02
0004168   7.4045E+02  4.6646E+02  3.4798E+02
0004169   9.9035E+02 -4.1186E+02 -1.4475E+02
0004170   1.0999E+03  7.3605E+02 -2.9997E+02
0004171   6.7237E+02 -2.8431E+02 -7.6677E+02
0004172   1.0719E+03 -1.9332E+02  8.8367E+01
0004173   7.6669E+02 -2.8906E+02 -7.9604E+02
0004174   8.3298E+02  4.4608E+02  4.3413E+01
0004175   3.2923E+02 -4.5944E+02 -6.4253E+02
0004176   2.1587E+02  3.2300E+02  6.1021E+02
0004177   7.1601E+02  3.6847E+02  3.4574E+01
0004178   1.2292E+03  2.1523E+01  1.4026E+02
0004179   8.4989E+02 -4.5723E+02 -6.0670E+01
0004180   6.6562E+02  3.7444E+02 -1.6255E+02
0004181   1.0596E+03 -5.1216E+02  6.0625E+02
0004182   1.1415E+03 -2.7436E+01  2.0351E+01
0004183   4.6634E+02  1.1281E+02 -3.9889E+02
0004184   5.8681E+02 -1.2841E+02 -3.8549E+02
0004185   4.7771E+02  3.2765E+02  6.3314E+02
0004186   1.0112E+03 -8.6699E+01  1.7192E+02
0004187   8.1836E+02 -4.4057E+02  2.3471E+02
0004188   2.4766E+02  3.4551E+01 -6.3915E+01
0004189   6.9460E+02 -1.6263E+02 -2.5880E+01
0004190   2.3988E+02 -2.9708E+02 -3.9734E+02
0004191   3.1559E+02  1.3434E+02 -5.1500E+02
0004192   5.3737E+02 -3.0461E+02  2.0337E+02
0004193   7.5873E+02  2.4678E+02  7.2975E+01
0004194   4.8525E+02  1.2926E+02 -1.7330E+02
0004195   3.1057E+02  1.6329E+02 -4.1417E+02
0004196   4.5448E+02  8.4114E+01  7.3385E+02
0004197   9.9572E+02  4.0272E+02 -4.4799E+02
0004198   7.6235E+02  2.0807E+02 -6.2426E+01
0004199   3.8821E+02 -4.1103E+02 -3.5842E+02
0004200   1.4234E+03  6.3475E+02  5.9824E+00
0004201   1.1111E+03  4.4687E+02 -4.9044E+02
0004202   7.0740E+02  2.2134E+01 -1.1098E+02
0004203   6.9077E+02 -1.2448E+02 -8.9247E+01
0004204   2.3323E+02  4.3373E+02 -3.5124E+01
0004205   8.4546E+02 -8.5199E+01 -4.2205E+02
0004206   7.2393E+02 -1.5951E+01 -1.8857E+02
0004207   1.2349E+03  1.7028E+01 -1.3515E+02
0004208   6.1954E+02 -4.0702E+01 -2.1049E+01
0004209   3.5723E+02  2.2894E+02  3.0069E+02
0004210   1.1728E+03 -1.5028E+02 -2.5983E+02
0004211   1.2149E+03 -1.4970E+02  2.1190E+00
0004212   4.4926E+02  1.7387E+02  1.4736E+02
0004213   8.2254E+02 -1.7267E+02  2.2184E+02
0004214   1.2943E+02  1.1443E+02  1.9735E+02
0004215   7.2186E+02  4.4899E+02  5.2303E+01
0004217   1.0477E+03  1.3924E+02 -7.5382E+01
0004218   7.5977E+02  1.6747E+02  1.1810E+02
0004219   9.9937E+02 -9.2941E+01  1.3471E+02
0004220   9.2834E+02  5.1969E+02  1.6213E+02
0004221   8.4638E+02  5.8361E+02 -1.1493E+01
0004222   1.3592E+03  5.7464E+02  1.3539E+03
0004223   4.2081E+02  3.9815E+02 -1.6396E+02
0004224   4.9684E+02 -3.1926E+02 -1.5370E+02
0004225   6.4501E+02  6.7691E+01  8.1133E+02
0004226   6.9603E+02  4.5001E+02  1.9152E+02
0004227   5.9948E+02 -3.0561E+02  1.4358E+01
0004228   8.6869E+02  2.8473E+02  9.0648E+01
0004229   7.2135E+02  1.9048E+02 -2.0864E+02
0004230   6.3249E+02 -1.0377E+02 -1.5583E+02
0004231   6.4961E+01  2.2121E+02  9.1063E+02
0004232   9.5865E+02  1.9135E+02  1.7010E+02
0004233   5.5919E+02 -5.1371E+02  5.2287E+02
0004234   8.5140E+02 -2.9939E+01 -2.8350E+02
0004235   7.6519E+02  5.8399E+02 -2.3342E+02
0004236   9.2779E+02  5.1583E+02  3.1846E+02
0004237   5.5602E+02 -2.2401E+02 -4.4672E+02
0004238   6.0863E+02 -1.0805E+02  1.0169E+01
0004239   8.7116E+02  1.1060E+02 -1.9585E+02
0004240   7.5838E+02  4.1282E+02 -5.2416E+02
0004241   2.7045E+02  7.5331E+01  2.1675E+02
0004242   7.7644E+02  2.7668E+02  3.2686E+02
0004243   1.3506E+03  6.0713E+01 -3.5554E+02
0004244   1.1806E+03  5.3725E+02  4.4710E+02
0004245   4.1925E+02  1.8494E+00  6.4636E+01
0004246   8.4385E+01  4.4752E+02  2.7898E+02
0004247   1.5658E+03 -3.1408E+02  2.2927E+02
0004248   4.0471E+02  5.6414E+02  3.7622E+02
0004249   1.0422E+03 -1.7487E+02  7.5570E+02
0004250   1.0373E+02  3.0082E+01 -3.2376E+02
0004251   5.8134E+02  2.4322E+02 -2.2445E+02
0004252   9.7233E+02 -1.0608E+02 -2.8616E+01
0004253   7.5906E+02 -2.9978E+02  6.7756E+02
0004254   4.7866E+02  2.4705E+01  5.1867E+02
0004255   8.7197E+02 -2.2944E+02 -2.4650E+02
0004256   7.0055E+02 -6.0880E+01  1.8812E+02
0004257   3.2559E+02 -9.9465E+01  5.1973E+01
0004258   1.0992E+03  2.7470E+02 -8.5210E+01
0004259   8.1907E+02  2.1411E+02  9.4213E+02
0004260   1.0453E+03 -1.4699E+02  6.1766E+02
0004261   1.0011E+03 -1.3689E+02  3.5081E+01
0004262   1.3653E+03 -2.4570E+02  1.5810E+02
0004263   1.7483E+03  1.3261E+02  2.6264E+02
0004264   7.0973E+02 -1.4052E+02 -3.1240E+02
0004265   7.0975E+02  1.0079E+02  3.5177E+02
0004266   1.3674E+03  6.3788E+02 -2.3206E+01
0004267   9.7983E+02 -1.6465E+02  3.5471E+02
0004268   4.5229E+02 -1.0407E+02  4.3948E+02
0004269   1.1264E+03  6.7734E+02 -2.7345E+02
0004270   4.0276E+02  3.4258E+01  5.3666E+02
0004271   1.1252E+03  2.7179E+02 -9.8443E+01
0004272   3.0838E+02 -2.9122E+02 -2.2505E+02
0004273   9.0600E+01  7.5797E+00  1.5610E+02
0004274   1.0859E+03  6.1508E+02  5.0069E+02
0004275   6.8039E+02  5.3945E+01  7.5128E+02
0004276   8.5323E+02 -3.7339E+02 -2.8067E+02
0004278   6.2334E+02 -8.2153E+01  2.1639E+01
0004279   6.4796E+02 -4.9720E+02 -1.5508E+02
0004280   1.1747E+03  3.4419E+00  4.5165E+01
0004281   1.3232E+03 -3.7978E+02  1.0597E+02
0004282   1.1386E+03  1.9560E+02  7.1411E+02
0004283   1.1753E+03  1.8848E+02 -5.4846E+02
0004284   1.0029E+03 -7.4778E+01  3.6198E+01
0004285   5.7647E+02  4.7843E+02 -5.9192E+02
0004286   9.8141E+02  6.6991E+01 -2.9703E+02
0004287   1.3249E+03  2.4595E+02  1.4622E+02
0004288   1.3607E+03 -2.0681E+02  8.2163E+01
0004289   3.3538E+02  3.2907E+02 -2.0873E+02
0004290   9.3051E+02  2.4350E+02 -3.3296E+02
0004291   7.5644E+02  2.5857E+02  3.0946E+02
0004292   1.0028E+02  7.1648E+02  7.5112E+01
0004293   1.0372E+03 -6.4007E+02  1.2997E+02
0004294   5.5880E+02  9.3855E+01  6.6746E+01
0004295   5.9015E+02 -2.9083E+02  3.9944E+02
0004296   6.4242E+02  2.6523E+02  4.3434E+02
0004297   9.7508E+02  2.8669E+02  1.1439E+02
0004298   6.5871E+02 -1.6588E+02  4.2592E+02
0004299   1.3221E+03  6.4919E+02 -3.1475E+02
0004300   8.8294E+02  1.6151E+02  1.9906E+01
0004301   4.8776E+02 -4.7097E+02 -4.0382E+02
0004302   1.6114E+03  5.0575E+02  3.5870E+02
0004303   7.8695E+02  4.7072E+02  3.3804E+02
0004304   8.3866E+02 -3.5575E+02 -3.0167E+02
0004305   7.1155E+02 -1.1615E+02  1.7598E+01
0004306   4.6629E+02 -1.0072E+02 -4.4693E+02
0004307   1.1376E+03 -4.7288E+02  3.0720E+02
0004308   1.0996E+03 -5.9147E+02 -5.4021E+02
0004309   7.5598E+02  1.8270E+02 -5.0330E+01
0004310   4.9040E+02  1.9433E+02 -6.2618E+01
0004311   1.3593E+03  6.9081E+02  2.2278E+02
0004312   3.4970E+02  2.3712E+01 -4.2888E+01
0004313   3.6857E+02 -4.6121E+02  1.8533E+02
0004314   3.3407E+02  4.3224E+00  4.7444E+02
0004315   4.3733E+02 -1.7263E+02 -1.4590E+02
0004316   8.5945E+02 -5.5592E+02 -2.7747E+02
0004317   1.5825E+03  6.3684E+02  3.1274E+02
0004318   6.8135E+02 -9.2511E+01  9.3443E+01
0004319   7.7171E+02 -3.1321E+02 -2.3396E+02
0004320   4.6270E+02 -2.8623E+02  2.0373E+02
0004321   9.1829E+02  2.6293E+02  2.3184E+02
0004322   1.2918E+03 -6.9512E+02 -2.4474E+02
0004323   2.4563E+01  1.5717E+01 -4.7374E+01
0004324   8.0400E+02  7.5363E+01  2.8421E+01
0004325   1.0570E+03 -1.8698E+02  2.9159E+02
0004326   9.0450E+02 -1.0328E+02  2.6475E+02
0004327   1.7846E+03 -3.0229E+02  5.5732E+01
0004328   5.2445E+02  8.2381E+01  6.1283E+02
0004329   8.4747E+02 -3.1597E+02 -1.7298E+02
0004330   1.3204E+03 -2.8259E+02  4.4443E+01
0004331   5.3164E+02 -4.9606E+02  3.4478E+02
0004332   1.0276E+03  5.8194E+02 -1.3585E+02
0004333   9.0674E+02  8.9620E+01  1.7710E+02
0004334   8.7427E+02 -2.2684E+02 -2.6961E+02
0004335   6.3588E+02  6.9834E+02  4.1521E+02
0004336   8.9099E+02  1.7966E+02  4.5612E+02
0004337   1.0909E+03 -7.5920E+01  4.6370E+02
0004338   7.9568E+02  5.7042E+02  2.6030E+02
0004339   6.3422E+02 -3.3282E+02 -2.7477E+02
0004340   3.5130E+02  1.1442E+02 -3.3970E+01
0004341   1.2311E+03 -9.9691E+00  1.1503E+02
0004342   8.9397E+02 -5.4512E+02 -5.4972E+02
0004343   9.6358E+02  2.0205E+02  1.3397E+01
0004344   6.0986E+02  2.8322E+01  2.8118E+02
0004345   5.7479E+02  9.2380E+01  3.2388E+02
0004346   9.9933E+02 -5.0012E+02  7.7390E+00
0004347   1.0027E+03  2.5435E+01 -5.2252E+01
0004348   9.7916E+02  8.6053E+02  1.8201E+01
0004349   7.9376E+02 -2.4072E+02  6.1963E+02
0004350   1.1380E+03  6.1417E+02 -4.5878E+02
0004351   1.0078E+03  1.7335E+02 -8.1398E+01
0004352   6.0645E+02  1.1933E+01 -7.7465E+02
0004353   1.1926E+03 -2.9723E+02  4.0949E+02
0004354   9.0742E+02 -2.4453E+02  8.8533E+01
0004355   8.2056E+02 -1.5996E+02  3.2852E+01
0004356   5.5227E+02  1.3796E+02  2.9602E+02
0004357   1.3728E+03  2.4435E+01  1.5555E+02
0004358   4.2798E+02  2.2233E+02 -9.5150E+01
0004359   5.8292E+02 -8.8701E+02 -2.9093E+02
0004360   1.0649E+03  9.5442E+01 -3.9725E+02
0004361   9.0697E+02  3.0079E+02  4.9077E+02
0004362   4.5596E+02  1.0326E+03  1.0158E+02
0004363   9.6549E+02 -1.5995E+02 -7.7601E+01
0004364   1.3224E+03 -7.0774E+02  6.6503E+02
0004365   4.2921E+02  1.2116E+02 -2.7113E+02
0004366   4.9639E+02  3.6639E+02  2.2141E+02
0004367   9.8086E+02  2.7745E+02 -2.3487E+02
0004368   1.4027E+03 -3.1264E+02  3.3733E+02
0004369   5.8360E+02  2.6160E+02  4.2020E+02
0004370   8.2882E+02 -1.8886E+02  3.1204E+02
0004371   9.2700E+02 -6.0700E+01 -4.7038E+02
0004372   1.8421E+02 -2.3053E+02 -1.4623E+02
0004373   5.5816E+02  2.8342E+02 -4.9947E+02
0004374   5.2891E+02  7.7387E+01  1.3208E+02
0004375   4.3776E+02  6.2142E+02 -9.4016E+02
0004376   2.8424E+02  3.7094E+02 -2.4515E+01
0004377   1.5693E+02  8.7826E+01  1.4388E+02
0004378   7.1772E+02 -2.9747E+01 -5.1449E+02
0004379   3.9695E+02 -4.0582E+02 -4.7181E+02
0004380   3.9971E+02 -4.8010E+02  3.6033E+02
0004381   8.8336E+02  6.2769E+02 -3.5702E+02
0004382   2.9230E+02 -5.5449E+02  8.3557E+01
0004383   1.3410E+02  8.5657E+01  3.5624E+02
0004384   3.1532E+02  4.2540E+01  5.2026E+00
0004385   7.1262E+02 -9.3078E+01  1.8743E+02
0004386   4.5422E+02 -4.6532E+02 -5.6105E+02
0004387   6.9268E+01 -3.4127E+01 -4.3525E+02
0004388   2.9170E+02  8.2823E+01  2.6848E+02
0004389   4.7852E+02  1.2366E+02  2.9528E+01
0004390   1.5412E+03  4.9666E+02 -2.6671E+02
0004391   9.2076E+02 -8.4264E+01  3.0452E+02
0004392   4.5954E+02 -2.8794E+02  5.1763E+01
0004394   1.0266E+03  2.6403E+02  2.7045E+02
0004395   8.3485E+02 -3.8116E+02  9.9224E+01
0004396   7.8808E+02 -2.2606E+02  1.6098E+02
0004397   7.7699E+01  1.4246E+02 -3.6037E+02
0004398   1.0653E+03  3.5702E+02  4.5451E+02
0004399   7.5382E+02  3.2518E+02  7.7003E+02
0004400   1.1377E+03 -1.7540E+02  4.3598E+02
0004401   1.0660E+03  5.4865E+02  7.7236E+02
0004402   8.4408E+02 -5.4868E+02  2.7767E+02
0004403   8.2559E+02 -5.7517E+02 -4.1767E+02
0004404   1.1396E+03  1.8720E+02  4.4852E+01
0004405   1.4154E+03 -5.1556E+02 -6.2563E+02
0004406   2.1899E+02  7.4877E+01  1.7161E+01
0004407   1.1782E+03 -2.3543E+02  3.2681E+02
0004408   4.0765E+02 -1.7839E+02  1.2225E+02
0004409   7.9423E+02 -2.9496E+01 -4.1382E+02
0004410   3.0960E+02 -3.8753E+02  6.3970E+01
0004411   3.6770E+02 -1.0029E+03 -2.7972E+02
0004412   1.1891E+03  4.4788E+02  3.9903E+02
0004413   5.4514E+02 -1.9083E+02 -9.3034E+02
0004414   5.2402E+02  1.5918E+01 -8.2362E+02
0004415   1.1900E+03  2.2094E+01 -2.8754E+02
0004416   1.0317E+03  1.6782E+02 -5.1392E+02
0004417   7.4756E+02  7.8775E+01 -8.3316E+00
0004418   1.0285E+03  2.7951E+02 -1.3974E+02
0004419   1.0241E+02 -1.6741E+02  3.8769E+02
0004420   3.8176E+02 -4.0031E+02 -1.0157E+02
0004421   1.1419E+03  2.8441E+02  3.3076E+02
0004422   1.4990E+03  8.7516E+00  2.9153E+02
0004424   5.3086E+02 -2.0980E+02  2.9585E+01
0004425   3.8254E+02 -2.4337E+02  3.2203E+01
0004426   6.5771E+02  4.1851E+02  1.1622E+02
0004427   1.1095E+03  4.1340E+01 -1.4373E+02
0004428   8.1189E+02  1.9662E+02 -8.3110E+00
0004429   7.3601E+02  8.4942E+01  3.7744E+02
0004430   9.6871E+02 -1.2938E+02 -1.1700E+02
0004431   4.4956E+02 -5.1636E+02  1.3804E+02
0004432   3.1403E+01 -6.9657E+00 -5.5234E+01
0004433   1.5043E+03 -9.7462E+01  6.2533E+02
0004434   9.3581E+02  3.4512E+02  4.0821E+02
0004435   7.9190E+02 -1.3006E+02  5.2317E+02
0004436   7.1774E+02  2.3297E+02 -4.1391E+01
0004437   6.5355E+02 -5.4297E+02 -6.1857E+01
0004438   2.5609E+02 -7.5066E+01  9.7139E+01
0004439   6.4416E+02  1.2951E+02  1.4718E+02
0004440   1.2223E+03  3.7684E+02 -3.3046E+02
0004442   5.0288E+02  1.6636E+00 -3.6936E+01
0004443   5.1638E+02 -5.1918E+02 -5.3162E+01
0004444   4.7040E+01  1.7505E+02  1.7892E+02
0004445   4.6166E+02 -7.3244E+01 -1.2996E+02
0004446   1.1327E+03 -2.4127E+02 -1.9499E+02
0004447   5.9623E+02  2.7864E+02  1.4984E+02
0004448   3.2353E+02  2.8051E+02 -3.2542E+02
0004449   2.5884E+02 -2.6639E+02 -1.7773E+02
0004450   5.2596E+02  7.9138E+01  3.4792E+02
0004451   1.0632E+03 -1.7641E+01  4.2137E+02
0004452   7.3014E+02  6.8334E+01  5.9541E+02
0004453   7.7548E+02  3.0611E+02 -6.0280E+02
0004454   9.2183E+02 -9.3985E+02  4.3816E+01
0004455   6.5797E+02 -8.2549E+01 -3.2333E+02
0004456   9.9724E+02  5.9327E+02 -3.6983E+02
0004457   1.2982E+03 -6.7642E+02 -4.3963E+02
0004458   1.2781E+03  3.4297E+02  7.0773E+01
0004459   1.0965E+03  3.4139E+02 -8.1683E+01
0004460   4.3809E+02  1.2601E+02 -1.7394E+00
0004461   6.2296E+02 -2.0411E+02 -6.9820E+02
0004462   4.7496E+02 -4.3319E+01 -8.8762E+01
0004463   3.4472E+02  1.8737E+02  5.5714E+01
0004464   8.9731E+02 -2.0917E+02  4.2313E+02
0004465   1.6819E+03  3.5822E+01  1.7953E+02
0004466   1.0564E+03 -5.1223E+01  2.8839E+02
0004467   1.2375E+02 -8.2023E+01  2.4748E+01
0004468   6.1203E+02  8.8073E+02 -2.5392E+02
0004469   9.8694E+02  3.0628E+02 -1.9137E+02
0004470   5.6251E+02 -2.3034E+02  1.6962E+02
0004471   4.2558E+02  6.3596E+02  3.9009E+02
0004472   1.1431E+03 -1.7287E+02  4.7319E+02
0004473   7.0018E+02  5.9801E-01  6.1582E+02
0004474   3.2322E+02 -4.4572E+01  6.7137E+01
0004475   3.1916E+02 -3.1987E+02 -6.7708E+02
0004476   4.1225E+02  5.0384E+00 -4.8773E+02
0004477   4.9244E+02  3.8435E+02 -2.6908E+01
0004478   4.8943E+02 -1.5499E+02  2.2772E+02
0004479   6.2736E+02  5.4801E+02 -6.7620E+01
0004480   4.4025E+02  1.5685E+02  6.5459E+02
0004481   5.8317E+02  6.5518E+01  4.6322E+02
0004482   7.3553E+02 -4.2911E+02  2.0613E+02
0004483   1.2317E+03  1.8432E+02  2.6928E+02
0004484   9.3020E+02  2.9658E+02 -2.5470E+01
0004485   7.6922E+02  3.6558E+02 -2.3177E+02
0004486   7.3525E+02  6.1868E+02  9.7540E+01
0004487   1.1232E+03 -2.3886E+02  1.7289E+02
0004488   7.7603E+02  1.0221E+02  5.4042E+02
0004489   2.7966E+02 -2.2522E+02  2.2036E+02
0004490   7.5318E+02  6.4147E+02  1.2068E+02
0004491   6.4634E+02  6.3566E+02  2.3603E+02
0004492   1.3693E+03  2.3657E+02  4.3485E+02
0004493   1.1431E+03  2.6026E+02  9.8167E+02
0004494   7.4831E+02 -3.4993E+02  2.6431E+02
0004495   2.2314E+02  6.3779E+00 -4.9008E+02
0004496   1.1421E+03 -5.1228E+02  4.8216E+02
0004497   7.8635E+02  3.6149E+02 -3.3342E+01
0004498   8.2957E+02  1.6219E+02  7.3763E+01
0004499   1.2295E+03  1.8851E+02 -3.7376E+02
0004500   7.1306E+02  2.6996E+01  4.7071E+02
0004501   1.1500E+03  4.2522E+02 -3.6041E+02
0004502   1.3231E+03  4.4983E+01 -2.0274E+02
0004503   6.4053E+02  2.8856E+01 -4.5612E+02
0004504   8.6400E+02 -1.0785E+02  2.9435E+02
0004505   9.1450E+02 -7.0592E+02 -2.9910E+02
0004506   4.8029E+02 -1.7465E+02 -1.9357E+01
0004507   1.5088E+03  2.8361E+02 -1.6689E+02
0004508   6.9429E+02  2.4672E+02 -1.0853E+02
0004509   1.2736E+03  1.0758E+02  8.1012E+01
0004510   8.9662E+02  4.8760E+02 -1.7162E+02
0004511   6.9761E+02  7.3943E+02  1.6589E+01
0004512   1.1836E+03  1.6051E+01  3.6637E+02
0004513   8.6065E+02  7.3317E+02  3.4994E+01
0004514   7.2771E+01  2.2180E+02  4.9740E+00
0004515   1.4955E+03  4.1001E+02  3.0809E+02
0004516   5.7965E+02 -3.8668E+02  2.8626E+02
0004517   1.1257E+03 -3.2042E+02  2.1815E+02
0004518   1.0235E+03 -3.0466E+02  1.6790E+02
0004520   9.8738E+02  2.9874E+01 -1.9752E+02
0004521   5.9760E+02  1.9540E+02  3.6633E+02
0004522   1.2609E+03  5.3813E+01 -9.9342E+02
0004524   1.4758E+03 -1.6034E+02  3.1662E+02
0004525   1.2692E+03 -6.3680E+02  1.5377E+01
0004526   1.1677E+03  1.5318E+01 -5.9008E+02
0004527   1.1510E+03 -1.4399E+02  1.8480E+02
0004528   9.0855E+02 -1.8006E+02  6.1574E+01
0004529   9.9079E+02 -2.4696E+02  2.9029E+02
0004530   5.4760E+02 -9.0752E+01 -8.4746E+01
0004531   3.0699E+02  3.1896E+02  1.8839E+02
0004532   6.5059E+02 -1.8085E+02 -3.9126E+02
0004533   3.3420E+02  7.8657E+01 -4.9755E+02
0004534   6.7500E+02  2.8873E+02 -2.2594E+02
0004535   1.0034E+03  9.2472E+00  4.7562E+02
0004536   8.5723E+02 -1.8829E+02 -2.3597E+02
0004537   1.1177E+03  5.1278E+02 -6.1322E+02
0004538   5.4995E+02  4.8914E+02 -3.6359E+02
0004539   8.9069E+02 -4.0004E+02  4.0116E+01
0004540   7.9887E+02 -3.9178E+02 -1.0133E+02
0004541   1.1200E+03  3.9660E+02 -3.2013E+02
0004542   4.7042E+02  2.6465E+02  2.9910E+01
0004543   5.2392E+02 -5.5218E+01 -3.4036E+02
0004544   2.0689E+03 -2.8219E+02 -8.6090E+02
0004545   8.2237E+02 -2.9681E+02 -2.8989E+02
0004546   3.5525E+02  2.2250E+02  5.6695E+02
0004547   9.4333E+02 -6.8641E+02 -3.0666E+02
0004548   9.2362E+02 -1.3515E+01 -1.7208E+02
0004550   1.5006E+03  5.0781E+02  1.0181E+02
0004551   3.2696E+02 -1.6119E+02  2.8305E+02
0004552   1.5562E+03 -6.1302E+02  5.9574E+02
0004553   1.1405E+03 -1.9811E+02 -1.8534E+02
0004554   1.0365E+03 -4.3800E+02  4.2225E+02
0004555   7.4159E+02 -4.4934E+02 -1.8558E+02
0004556   9.4884E+02  3.4035E+01  1.8894E+02
0004557   7.3006E+02 -6.7267E+02  2.3738E+02
0004558   1.0177E+03  5.5251E+01  2.9966E+02
0004559   5.6717E+02 -4.8786E+00  5.6533E+02
0004560   9.5585E+02  1.6424E+02 -5.9822E+02
0004561   3.7770E+02  9.9866E+01  9.2959E+01
0004562   1.0909E+03  1.4964E+02  7.0520E+02
0004563   4.2424E+02 -2.7152E+02  4.6506E+02
0004564   9.0014E+02  3.6629E+02 -4.8529E+02
0004565   1.8088E+02 -5.1517E+01 -5.1420E+00
0004566   8.1647E+02 -3.6942E+01 -1.5183E+02
0004567   6.3769E+02  5.1639E+02  2.8497E+02
0004568   6.9458E+02  2.5162E+02 -5.3801E+01
0004569   5.6872E+02  3.1085E+01  6.8985E+02
0004570   8.0986E+02 -2.6386E+02  6.5876E+01
0004571   6.8852E+02 -9.5023E+01  2.8024E+02
0004572   1.1938E+02 -8.7197E+02 -2.4757E+02
0004573   9.2077E+02 -5.7552E+01 -1.0770E+03
0004574   6.4099E+02 -1.2384E+02 -5.3686E+01
0004575   3.2559E+02 -3.1895E+02 -2.0124E+02
0004576   9.7861E+02 -1.1395E+02 -1.3135E+02
0004577   1.1837E+03  1.1041E+01  1.8247E+02
0004578   5.8830E+02  8.5930E+01  1.7366E+02
0004579   8.5670E+02  3.2888E+02  1.2493E+02
0004580   4.8373E+02  3.0319E+02  9.0559E+02
0004581   1.2089E+03  2.5149E+02  2.6679E+02
0004582   6.1432E+02  2.1691E+02  3.4308E+02
0004583   6.0935E+02 -1.1980E+02  1.6320E+02
0004584   1.0730E+03 -2.1601E+02  1.3018E+02
0004585   1.0276E+03 -2.9527E+02  5.7191E+02
0004586   7.5734E+02  5.1319E+02  3.9402E+01
0004587   7.6123E+02 -3.0946E+02 -9.9158E+01
0004588   3.7692E+02  2.1066E+02  7.6969E+02
0004589   3.2881E+02  1.1469E+02 -1.3514E+02
0004590   7.2112E+02 -2.9651E+02  1.1294E+02
0004591   4.5546E+02  7.1784E+02  3.7732E+02
0004592   5.9216E+02 -3.3197E+02 -3.2084E+02
0004593   4.9237E+02 -1.8894E+02  3.9359E+02
0004594   9.5694E+02  6.6800E+02  3.7249E+02
0004595   5.4111E+02  1.1666E+01  1.0717E+00
0004596   3.5759E+02 -2.6393E+02 -5.1106E+02
0004597   7.1457E+02  9.4975E+01  2.6961E+01
0004598   1.2604E+03 -2.6852E+01 -3.3549E+02
0004599   6.6038E+02 -4.6705E+02  1.9001E+02
0004600   1.3677E+03  6.8884E+01  1.3319E+02
0004601   8.3932E+02 -4.3708E+02 -1.2708E+02
0004602   9.5746E+02 -2.5411E+02 -6.9034E+02
0004603   8.3039E+02  6.9700E+02  2.7314E+02
0004604   1.2705E+03 -4.0860E+01 -9.4605E+01
0004605   2.4852E+02 -2.2753E+02  1.6083E+02
0004606   1.1646E+03 -9.4751E+01  7.4107E+02
0004607   6.7563E+02 -2.8997E+02  1.9688E+01
0004608   4.9720E+02 -3.1245E+02 -5.1408E+02
0004609   6.3599E+02 -3.7697E+02  1.8193E+01
0004610   9.2278E+02 -8.3166E+01 -3.1028E+02
0004611   7.0031E+02  4.3442E+01 -1.8227E+02
0004612   6.9382E+02  4.0925E+02 -8.8302E+02
0004613   1.2888E+03  2.5182E+02  4.5845E+02
0004614   4.2907E+02  3.4582E+02  1.4446E+01
0004615   8.0030E+02 -1.0008E+00 -3.5519E+02
0004616   9.8966E+02 -7.6508E+01  4.4454E+02
0004617   7.1347E+02  5.0484E+02 -3.2114E+02
0004618   7.1926E+02  9.4239E+01 -3.4621E+01
0004619   9.5229E+02 -5.7162E+02  2.9288E+02
0004620   1.0969E+03  8.1268E+02 -2.3233E+02
0004621   1.0186E+03  3.2827E+02 -2.1112E+02
0004622   1.8946E+02  6.5427E+01  2.8174E+01
0004623   4.2126E+02 -1.8259E+02 -2.8355E+01
0004624   5.3109E+02 -1.2333E+00  4.9257E+02
0004625   2.7622E+02 -5.7608E+01  7.0114E+02
0004626   1.2948E+03  6.6149E+02 -9.0825E+01
0004627   9.1197E+02 -1.3795E+02  3.5989E+02
0004628   2.2898E+02  4.9670E+02 -5.7947E+02
0004629   5.9609E+02 -4.0081E+02  4.3315E+02
0004630   7.1422E+02  1.4864E+02 -2.8983E+02
0004631   9.1192E+02  1.9655E+02  3.1545E+02
0004632   8.1116E+02 -5.6243E+01  1.4625E+02
0004633   1.3127E+03  2.7961E+01  1.7258E+02
0004634   2.7498E+02  8.5252E+01 -8.8412E+01
0004635   4.0022E+02  8.5496E+02  5.2634E+01
0004636   7.5778E+02 -2.4258E+01  7.0590E+01
0004637   1.3622E+03  2.5574E+02  4.8977E+02
0004638   6.2707E+02  2.2865E+02 -8.1734E+01
0004639   7.7226E+02 -4.9055E+02  2.6559E+02
0004640   1.5948E+03  7.1035E+01 -2.9700E+02
0004641   1.3992E+03 -9.6689E+01  4.5488E+02
0004642   1.8267E+03  3.3202E+02  7.4042E+02
0004644   5.7765E+02 -1.1028E+03 -3.1640E+02
0004645   8.8667E+02  1.4577E+02  3.4334E+02
0004646   1.4466E+03 -3.1704E+02 -3.2880E+01
0004647   3.7941E+02 -2.4363E+02 -6.7468E+01
0004648   5.0030E+02  3.5617E+02 -1.2699E+02
0004649   1.1136E+03 -8.0675E+02  3.0657E+02
0004650   6.9598E+02 -8.7416E+01  8.0048E+02
0004651   1.5365E+02  6.9991E+00 -1.5835E+01
0004653   1.0386E+03  2.4172E+02 -3.8921E+02
0004654   4.0734E+02 -3.1161E+02 -3.4774E+02
0004655   1.2300E+03 -7.5734E+02  2.6595E+02
0004656   7.5078E+02 -3.8578E+02  7.5860E+01
0004657   6.1263E+02  9.8701E+01 -1.1999E+02
0004658   4.5613E+02 -3.7439E+02 -7.0271E+01
0004659   1.6315E+03  1.0339E+01  1.5059E+02
0004660   1.0425E+03 -4.6325E+02 -2.5506E+02
0004661   1.8708E+02 -7.6158E+02  6.2958E+01
0004662   1.0933E+03  4.2005E+01 -1.8307E+02
0004663   7.8095E+02 -1.6508E+02 -4.8768E+02
0004664   1.0139E+03 -3.6258E+02 -5.6896E+01
0004665   7.7872E+02  2.2202E+02  1.2325E+02
0004666   1.2520E+03 -7.7757E+00 -1.1958E+02
0004667   5.3737E+02  6.6668E+02  2.3279E+02
0004668   1.4956E+03 -7.8910E+01  4.8299E+01
0004669   1.3243E+03  2.9327E+02 -4.6597E+02
0004670   3.8631E+02  3.2874E+02  2.4500E+02
0004671   8.6418E+02  1.8903E+02 -1.0094E+02
0004672   1.4452E+02  1.0365E+03 -7.5975E+02
0004673   6.0449E+02  3.9737E+02  2.5943E+02
0004674   2.7066E+02  3.1183E+02 -7.2323E+02
0004675   2.4575E+02 -4.4337E+02  2.4906E+02
0004676   9.2746E+02  1.4522E+02 -9.0363E+02
0004677   8.4433E+02  3.1622E+01 -2.7426E+02
0004678   3.6801E+02  2.8801E+01  1.6411E+02
0004679   9.2020E+02  2.9128E+02  2.0206E+01
0004681   1.6051E+03  5.1475E+02 -3.4548E+02
0004682   2.1729E+02 -7.2571E+01 -2.5552E+02
0004683   8.9295E+02 -6.4205E+01 -4.0857E+02
0004684   1.0600E+03  3.8153E+02  5.9978E+01
0004685   8.0091E+02  2.6215E+02  1.4655E+02
0004686   8.3894E+02  3.7970E+02  2.4243E+02
0004687   9.7708E+02  4.3747E+02  3.8966E+02
0004688   6.4513E+02 -2.9184E+02  2.3921E+02
0004690   3.7315E+02 -1.2424E+01  1.9266E+01
0004691   6.5631E+02 -5.7549E+02 -1.0081E+02
0004692   8.2087E+02  8.3487E+01  2.8865E+02
0004693   1.4385E+03 -4.4216E+02 -2.6048E+02
0004694   1.0203E+03  1.7519E+02  6.2371E+02
0004695   7.5352E+02 -2.8764E+01 -4.4028E+01
0004696   2.5669E+02 -4.1693E+02 -1.3926E+02
0004697   1.1010E+03 -6.8217E+02 -8.9847E+01
0004698   4.0686E+02 -2.0583E+02  6.3334E+01
0004699   5.9328E+02 -1.6582E+01 -6.0988E+01
0004700   9.0019E+02  1.9919E+02 -6.3379E+02
0004701   5.8053E+02  1.5256E+02  1.9958E+02
0004702   8.1969E+02 -7.7483E+02 -5.4971E+02
0004703   4.5862E+02  3.7703E+02  1.8216E+01
0004704   1.2096E+03 -3.7699E+02  5.9649E+02
0004705   4.0449E+02  3.6884E+02  1.7866E+00
0004706   3.5870E+02  9.0733E+01 -1.9824E+01
0004707   9.5194E+02 -1.0149E+03  3.8131E+02
0004708   1.3533E+03 -7.0550E+00 -8.3340E+01
0004709   4.0868E+02  9.5450E+01 -2.4872E+02
0004710   4.9354E+02 -4.4275E+01 -5.6313E+02
0004711   1.0517E+03  2.3012E+02 -3.9903E+01
0004712   8.2397E+02 -6.1241E+01 -3.6988E+02
0004713   1.3996E+03  9.4627E+01 -3.0486E+02
0004714   7.2347E+02  5.5724E+02  1.8633E+02
0004715   1.5673E+02  2.9336E+01 -3.4649E+02
0004716   2.9425E+02  2.0350E+02  2.3115E+02
0004717   4.5341E+02 -1.4447E+02 -1.2025E+02
0004718   9.8742E+02 -8.1731E+01 -7.2234E+01
0004719   3.4485E+02 -2.6402E+02 -2.9103E+02
0004720   1.2960E+03 -3.6689E+02  2.2986E+02
0004721   8.8929E+02 -2.2734E+02 -1.4328E+02
0004722   4.5459E+02  8.5356E+02 -1.6243E+02
0004723   5.2148E+02  4.0388E+02  4.7429E+02
0004724   1.1334E+03  6.1290E+02  3.8480E+02
0004725   1.2147E+03 -4.6932E+02  5.8100E+02
0004726   1.0401E+03 -3.5462E+02 -5.2008E+02
0004727   1.1098E+03 -4.6021E+02  4.4337E+02
0004728   8.8245E+02  1.6816E+02  5.2954E+01
0004729   5.5119E+02 -1.5279E+02 -2.1630E+02
0004730   2.1331E+02 -2.2233E+02 -1.7340E+02
0004731   6.0859E+02 -6.5352E+02  7.5566E+02
0004732   8.6445E+02  3.3610E+02 -7.2255E+02
0004733   4.6153E+02  1.4616E+02 -5.3706E+02
0004734   2.9252E+02  4.5766E+02  8.8283E+02
0004735   1.1402E+03 -8.8439E+02  2.5508E+02
0004736   5.4377E+02 -8.3779E+02  9.5309E+01
0004737   6.5458E+02 -4.5593E+02 -4.1066E+01
0004738   7.8267E+02  2.4460E+02  1.6162E+02
0004739   8.0757E+02 -2.9704E+02 -8.6463E+02
0004740   6.9362E+02 -6.1698E+02 -3.3856E+02
0004741   9.0987E+02 -1.3797E+02 -4.4482E+02
0004742   4.4008E+02 -2.7086E+02 -6.9011E+01
0004743   8.1827E+02  3.9109E+02  1.0388E+02
0004744   5.6314E+02 -9.7840E+01  5.4349E+02
0004745   6.6612E+02  2.4688E+02  2.9544E+02
0004746   1.2615E+03 -2.5501E+02  5.3733E+01
0004747   3.3001E+02 -2.9087E+02  1.2690E+02
0004749   8.8561E+02  5.8460E+02 -1.0157E+02
0004750   3.1308E+02 -1.5384E+02  4.7075E+02
0004751   9.6292E+02  5.0083E+02 -1.5584E+02
0004752   8.1546E+02 -1.1598E+02  8.2249E+02
0004753   1.0619E+03 -5.3471E+02 -7.4241E+02
0004754   1.8766E+02  1.8789E+02 -5.2741E+02
0004755   7.7270E+02  4.3506E+02 -9.2536E+01
0004756   5.7480E+02 -2.5292E+02  6.1260E+00
0004758   9.8984E+02 -1.6516E+02 -3.0095E+02
0004759   3.8989E+02 -2.1621E+02  9.7122E+01
0004760   5.7239E+02  2.7854E+02 -2.7702E+02
0004761   8.1700E+02  4.0229E+01 -1.5338E+02
0004762   1.0306E+03 -2.3870E+02  3.5541E+01
0004763   2.6540E+02 -2.4045E+02  1.3515E+02
0004764   6.9241E+02 -3.6511E+01  3.5140E+02
0004765   1.5093E+03  3.2791E+01  1.1933E+02
0004766   2.8759E+02  1.7826E+02 -9.8831E+02
0004767   5.8120E+02 -2.7816E+02  9.6481E+02
0004768   1.4061E+03 -3.2589E+02  1.2931E+02
0004769   1.3017E+03 -2.9328E+00  3.7334E+02
0004770   1.1378E+03  3.8586E+01  2.5319E+02
0004771   5.8073E+02 -4.7576E+02  2.2236E+00
0004772   7.0553E+02 -2.7777E+02 -2.5710E+02
0004773   9.1811E+02 -8.0688E+02 -5.1200E+01
0004774   3.8210E+02 -2.9090E+02  9.7499E+01
0004775   1.3328E+03 -3.6590E+02 -2.8437E+02
0004776   3.3270E+02  2.6217E+02  6.5136E+02
0004777   8.1512E+02  2.0001E+02 -1.9862E+02
0004778   6.9384E+02 -1.2467E+02  2.7826E+02
0004779   4.1634E+02 -9.9953E+01 -5.0158E+02
0004780   1.4847E+03 -7.7526E+01 -6.9565E+02
0004781   9.9625E+02 -7.6302E+01  5.0455E+01
0004782   5.1400E+02 -1.1106E+02 -3.3448E+02
0004783   7.7084E+02 -3.8565E+01  3.2357E+02
0004784   1.1441E+03  1.2360E+02 -6.7311E+02
0004785   2.8151E+02 -3.1488E+02  1.1632E+02
0004786   1.1268E+03  4.7100E+01 -3.3775E+02
0004787   8.5710E+02 -1.1744E+02  9.1783E+01
0004788   3.7324E+02 -1.0597E+02  7.6323E+01
0004789   3.7252E+02 -1.8061E+02 -5.3024E+02
0004790   6.1849E+02  4.6158E+02  1.4238E+02
0004791   6.9168E+02  1.6514E+02 -3.6223E+02
0004792   6.5295E+02 -4.3060E+02  3.8096E+01
0004793   3.7619E+02 -2.9803E+02  2.1422E+02
0004794   1.9480E+02  7.0083E+02 -3.3096E+02
0004795   8.6928E+02 -1.5056E+02 -5.0530E+02
0004796   9.0647E+02  2.1876E+01 -2.7696E+02
0004797   8.4216E+02  3.7312E+02  4.0199E+02
0004798   5.4545E+02 -9.8595E+01  1.9241E+02
0004799   6.8997E+02 -9.7569E+00  4.8513E+02
0004800   8.8980E+02  2.6320E+02  2.0232E+02
0004801   9.1200E+02  1.0546E+02 -8.6341E+01
0004802   6.2158E+02 -3.5491E+02 -6.4980E+02
0004803   3.6952E+02  1.0640E+03  2.4245E+02
0004804   5.6075E+02 -1.1408E+02 -3.1353E+02
0004805   5.0480E+01  1.8502E+02 -2.8979E+02
0004806   1.1865E+03 -2.4688E+02 -2.8481E+02
0004807   6.5957E+02 -2.6641E+02  3.2385E+02
0004808   1.2775E+03  3.4180E+02 -1.9427E+02
0004809   4.2782E+02 -2.1929E+01  2.7752E+01
0004810   3.0866E+02 -5.2261E+02 -6.3809E+02
0004811   1.3713E+03  2.6101E+02  3.4124E+02
0004813   6.3138E+02 -1.0411E+03 -7.1502E+01
0004814   8.6343E+02 -2.3304E+02  5.4541E+01
0004815   9.6201E+02 -3.7154E+02 -2.6720E+02
0004816   7.7244E+02 -3.2438E+02  1.9126E+02
0004817   1.3274E+03  5.4542E+02  3.0716E+02
0004818   6.2629E+02  4.2595E+02 -1.4736E+02
0004819   1.0946E+03  6.9104E+01  3.0999E+01
0004820   5.8032E+02 -7.7701E+01 -6.0488E+02
0004821   4.6159E+02 -2.5400E+02  8.1365E+02
0004822   5.2452E+02  2.3901E+02  1.8183E+02
0004823   1.1613E+03  3.3465E+02  4.0585E+02
0004824   9.5415E+02 -8.8630E+02 -8.2561E+02
0004825   9.6074E+02 -1.3208E+02  2.8116E+02
0004826   8.4461E+02  1.9984E+00 -4.5910E+02
0004827   2.8716E+02  4.5069E+02 -1.9494E+02
0004828   1.0945E+03  6.3541E+01 -9.2342E+01
0004829   2.5338E+02 -6.9341E+02  8.0846E+02
0004830   1.0727E+03 -4.8708E+02 -1.3577E+02
0004831   2.9310E+02 -3.0195E+02 -2.0697E+02
0004832   8.4623E+02  8.9230E+01  1.7241E+02
0004833   1.1943E+02  2.8358E+02 -3.1495E+01
0004834   3.9225E+02  1.5787E+02 -1.9832E+02
0004835   1.1743E+03  1.8111E+02  1.0651E+02
0004836   1.1891E+03  1.4688E+02  4.9247E+02
0004837   5.4076E+02 -2.4617E+01 -4.4540E+01
0004838   1.2719E+03  2.9703E+02  5.1926E+02
0004839   3.9408E+02  4.5875E+02 -2.8310E+02
0004840   9.1958E+02  1.6662E+00 -4.4289E+02
0004841   3.3329E+02 -2.6233E+02  3.2194E+00
0004842   8.7463E+02  1.9106E+02  6.7916E+01
0004843   1.3113E+03 -5.5261E+02  9.4886E+02
0004844   1.2889E+03 -1.7579E+02  1.6107E+01
0004845   1.0377E+03  4.3511E+02 -2.7564E+02
0004846   8.1905E+02  6.7960E+00  4.7686E+01
0004847   6.1333E+02 -1.6754E+02  1.3578E+02
0004848   1.2626E+03  1.9762E+02 -2.2374E+02
0004849   6.0836E+02 -1.1700E+02  1.9771E+02
0004850   5.7783E+02  2.1207E+02 -1.0877E+02
0004851   9.8702E+02 -3.1644E+02  6.9672E+02
0004852   4.2245E+02  2.4361E+02  4.8387E+02
0004853   3.3268E+02 -3.0515E+02 -2.0249E+02
0004854   5.6789E+02  4.5863E+01 -9.3207E+01
0004855   5.7351E+01  2.1680E+01  2.0651E+02
0004856   1.0003E+03  8.0476E+01  1.0616E+02
0004857   1.4309E+03 -1.3986E+02 -2.4256E+02
0004858   7.8698E+02 -4.6474E+02  4.6383E+02
0004859   5.2770E+02  3.1338E+01 -6.0242E+00
0004860   1.1012E+03 -2.5734E+01  1.3071E+02
0004861   1.1654E+03  5.4889E+02  1.2656E+02
0004862   1.7404E+03 -2.7678E+01  8.6734E+01
0004863   5.7926E+02 -3.5183E+02 -6.3362E+02
0004864   7.8024E+02  1.6100E+01  2.0898E+02
0004865   7.2281E+02  5.1325E+02  5.6475E+02
0004866   7.7107E+02 -4.8740E+02  5.3400E+02
0004867   8.1425E+02 -5.5720E+02  8.5200E-01
0004868   3.8199E+02 -1.6254E+02  5.7287E+01
0004869   2.1004E+02 -9.3807E+02 -8.1743E+01
0004870   1.4685E+03  3.9697E+02 -3.4974E+02
0004871   6.1297E+02  3.3776E+02  4.3219E+02
0004872   7.2458E+02  4.6831E+01  1.2505E+02
0004873   1.1647E+03 -3.2711E+02 -9.7777E+00
0004874   8.8938E+02  1.6722E+02  6.9386E+02
0004875   1.2636E+03  3.5800E+02 -2.6731E+01
0004877   6.9815E+02 -1.0085E+02  6.1560E+01
0004878   8.6823E+02 -5.4176E+02 -5.3497E+02
0004879   8.9961E+02 -3.9710E+02  5.4754E+02
0004880   9.4756E+02 -7.3295E+00  5.0575E+01
0004881   1.3540E+03 -3.0080E+01  7.7784E+00
0004882   8.0551E+02 -5.0675E+02 -3.6490E+02
0004883   9.8356E+02 -1.1793E+02  5.1295E+02
0004884   6.5400E+02 -7.8232E+02 -2.3355E+02
0004885   1.1058E+03  1.7551E+02 -5.2139E+02
0004886   1.1747E+03  2.1400E+02  9.0181E+02
0004887   4.9723E+02 -7.1344E+01 -4.1521E+01
0004888   8.4445E+02  2.6420E+02  7.8520E+02
0004889   1.3231E+03  6.6688E+02  3.3736E+02
0004890   5.1005E+02 -2.2826E+02 -7.6292E+02
0004891   9.7597E+02 -2.0136E+02  6.5401E+01
0004892   1.1209E+03  2.7837E+02  2.2539E+02
0004893   9.2255E+02 -2.9804E+02  1.7096E+02
0004894   6.8432E+02 -1.6726E+02  1.8600E+02
0004895   2.6794E+02 -5.4071E+02  4.4379E+01
0004896   8.0122E+02 -4.4305E+02  2.9800E+02
0004897   3.7814E+02 -3.3703E+02  7.3429E+02
0004898   1.3471E+03 -3.1745E+02 -4.2167E+02
0004899   4.3939E+02 -5.5182E+01  6.5933E+02
0004900   4.9760E+02  4.0701E+02 -2.7101E+02
0004901   3.6990E+02  3.7183E+02 -4.9542E+02
0004902   1.0456E+03  1.9353E+02 -3.1451E+02
0004903   9.2908E+02 -4.1372E+01 -7.7102E+02
0004904   6.2363E+02  4.6541E+02 -5.3292E+02
0004905   7.8242E+02  3.1292E+02  2.1550E+02
0004906   7.9292E+02 -5.8733E+02  2.7593E+02
0004907   5.7088E+02 -6.4888E+02 -2.5153E+02
0004908   7.6761E+02  1.3175E+02  6.7672E+02
0004909   9.2596E+02  4.5288E+01  2.6934E+02
0004910   5.1275E+02  7.8886E+01 -2.2179E+01
0004911   7.3882E+02  6.5320E+01 -7.0452E+01
0004912   1.7809E+02 -2.2217E+02 -2.8474E+02
0004913   6.5643E+02 -2.7083E+02  2.2997E+02
0004914   8.6024E+02 -1.4158E+02  4.8765E+02
0004915   2.5721E+02 -7.7938E+01 -4.2311E+02
0004916   7.8541E+02  2.5439E+02 -3.2202E+01
0004917   5.4370E+02  1.1943E+02 -5.0067E+02
0004918   5.5230E+02 -8.1246E+01 -4.1906E+01
0004919   7.3641E+02  5.2903E+02  1.2472E+02
0004920   8.9092E+02  2.2681E+02 -1.1732E+03
0004921   5.3810E+02 -4.8329E+02 -2.3463E+02
0004922   9.8291E+02  1.3923E+00 -3.0909E+02
0004923   6.8458E+02 -1.6804E+02 -1.2511E+02
0004924   8.8018E+02  5.4854E+02 -2.3642E+02
0004925   1.0710E+03  4.7264E+02 -4.1469E+02
0004926   6.4873E+02 -2.3974E+01  3.8500E+02
0004927   4.4577E+02 -1.8463E+02 -9.0317E+02
0004928   1.4491E+03 -1.0995E+03  3.7643E+02
0004929   8.4547E+02  7.2058E+01 -1.9446E+02
0004930   1.4906E+02  2.0381E+02 -7.3416E+02
0004931   1.1699E+03  8.3562E+01 -3.6271E+02
0004932   9.0967E+02 -1.9975E+02 -8.4323E+02
0004933   3.4659E+02  1.0997E+02 -2.4588E+02
0004934   1.4989E+03  5.2035E+02  3.1965E+02
0004935   9.3041E+02 -3.6369E+02 -1.9706E+02
0004936   7.4446E+02 -4.2687E+02  4.6714E+01
0004937   7.1974E+02  2.6958E+02  3.7092E+02
0004938   5.0461E+02  8.0543E+01 -3.0580E+02
0004939   1.1828E+03 -4.7970E+02 -2.0378E+02
0004940   6.4941E+02  4.5992E+02  1.8184E+00
0004941   8.8268E+02  5.1071E+01 -1.5850E+02
0004942   1.0966E+03 -5.3518E+01 -9.9114E+02
0004943   1.2957E+02  1.4118E+02  1.5231E+02
0004944   1.1203E+03 -6.7171E+01 -2.1644E+01
0004945   1.0136E+03  4.6595E+01 -1.3931E+02
0004946   3.9272E+02  7.0786E+01  1.4227E+02
0004947   6.0337E+02 -6.5118E+01 -3.4230E+02
0004948   1.4219E+03  1.1110E+02  1.5229E+02
0004949   4.4330E+02  2.2733E+02 -1.0356E+02
0004950   3.4085E+02 -1.3225E+02  4.1063E+00
0004951   6.2399E+02 -2.4534E+02 -5.7113E+02
0004952   3.2488E+02  1.5262E+02 -3.8186E+02
0004953   2.8060E+02 -6.8541E+02  3.6800E+02
0004954   2.8409E+02  2.8828E+00 -1.7589E+02
0004955   6.8400E+02 -4.9273E+02 -3.2101E+02
0004956   1.0244E+03  6.8940E+01  2.9975E+02
0004957   1.0451E+03 -3.5177E+02  1.2229E+02
0004958   1.6435E+03 -1.3864E+02 -6.9929E+02
0004959   5.1609E+02  2.6686E+01  2.6910E+02
0004960   1.0338E+03  1.8785E+02 -5.9949E+02
0004961   1.0629E+03  8.8205E+02  2.9467E+02
0004962   3.6007E+02  4.8946E+02 -2.5498E+02
0004963   6.9716E+02 -9.8262E+01 -4.0374E+02
0004964   5.5409E+02 -3.0354E+02  6.8078E+01
0004965   1.0280E+03  6.5054E+01 -9.0348E+02
0004966   5.7577E+02  4.6866E+02  9.8977E+02
0004967   6.6661E+02  3.4780E+02  1.3316E+02
0004968   1.0136E+03  2.3119E+02 -3.8301E+02
0004969   3.7635E+02 -1.8580E+02  7.8699E+01
0004970   1.4643E+03 -9.1335E+02 -5.6400E+02
0004971   1.3047E+03 -2.5904E+02  2.6728E+02
0004972   9.1189E+02  1.6645E+02 -5.3514E+01
0004973   8.2487E+02 -2.9137E+02 -4.1050E+02
0004974   3.6246E+02 -3.5003E+02  3.5840E+02
0004975   1.1538E+03 -1.9880E+02  5.3447E+02
0004976   1.1258E+03 -5.5345E+02  4.5865E+02
0004977   1.2131E+03 -1.9970E+01  3.2687E+02
0004978   1.3840E+03  5.3728E+02 -3.4776E+02
0004979   1.1733E+03 -2.1968E+02 -3.0641E+02
0004980   3.9011E+02 -1.9513E+02 -4.8344E+02
0004981   1.0166E+03  3.5403E+01 -1.7571E+02
0004982   4.9085E+02  1.0678E+02  1.6192E+02
0004983   4.2038E+02 -2.3588E+02 -2.5815E+02
0004984   1.1300E+03  2.0484E+02  2.1927E+02
0004985   1.1163E+03 -5.3385E+02 -7.5127E+01
0004986   2.0642E+02 -8.8952E+02  3.5513E+02
0004987   6.3793E+02 -2.3387E+02  8.0796E+01
0004988   7.5965E+02  1.7561E+02 -4.4916E+02
0004989   5.3732E+02 -7.9659E+02  6.8713E+02
0004990   6.3422E+02  1.5637E+02  6.4451E+02
0004991   1.2101E+03 -2.3971E+02 -4.1149E+02
0004992   1.0537E+03 -1.9805E+02 -1.4895E+02
0004993   1.1103E+03 -6.2611E+01 -3.5763E+02
0004994   5.7443E+02 -4.2387E+02 -4.8950E+02
0004995   5.2880E+02 -1.0709E+02  2.6320E+02
0004996   6.3096E+02  1.6256E+02  1.1343E+02
0004997   6.0491E+02  2.4213E+02  3.7390E+02
0004998   1.5879E+02  1.9935E+02 -5.1580E+02
0004999   9.8147E+02 -3.3526E+02 -1.9551E+02
0005000   1.0859E+03  6.5434E+01  5.2634E+02
0005001   4.5655E+02 -8.6804E+02  4.6420E+02
0005002   4.8341E+02 -2.7138E+02 -4.0712E+02
0005003   2.2055E+02 -3.5172E+02  5.0796E+01
0005004   6.4689E+02 -3.5237E+01  7.8907E+02
0005005   1.0548E+03  1.2029E+03  2.2769E+02
0005006   2.2059E+01 -4.4678E+01  5.7594E+02
0005007   8.6957E+02 -6.2147E+02 -3.6622E+02
0005008   1.2197E+03  2.0022E+02  7.4356E+02
0005009   1.1466E+03 -9.5437E+01 -2.8571E+02
0005010   3.8440E+02  1.5394E+02  1.1977E+02
0005011   4.7325E+02  1.2241E+02 -9.8582E+02
0005012   1.0521E+03 -1.9817E+02  1.4663E+02
0005013   4.8980E+02  3.3690E+02  3.2624E+02
0005014   5.2634E+02 -2.9972E+02 -4.7436E+02
0005015   3.7389E+02 -2.0998E+02 -2.4124E+02
0005016   6.0897E+01 -3.6353E+02  1.8134E+02
0005017   8.6889E+02 -3.6746E+02 -2.3588E+02
0005018   2.0825E+02  3.0834E+02 -4.9088E+01
0005019   8.5650E+02 -4.7169E+02  1.2706E+02
0005020   1.2724E+03 -3.5551E+02  1.0868E+02
0005021   1.1725E+02  3.4450E+02  6.8780E+02
0005022   1.0248E+03  4.4242E+02  4.0964E+02
0005023   8.7214E+02  2.3372E+02  2.6659E+02
0005024   9.7051E+02 -1.4634E+02  2.2246E+02
0005025   8.7777E+02  2.8546E+02  7.9583E+02
0005026   5.0100E+02  4.4420E+02 -1.9058E+02
0005027   1.0042E+03  3.9890E+02  1.3782E+02
0005028   8.0457E+02 -7.8645E+02 -8.3245E+01
0005029   6.2875E+02  5.2451E+02  1.1064E+02
0005030   9.7770E+02 -1.8248E+00 -2.1019E+02
0005031   5.3639E+02  1.1701E+03  1.1138E+02
0005032   5.7592E+02  2.7963E+01 -1.3415E+02
0005034   8.0792E+02  1.7351E+02  7.4218E+01
0005035   1.2008E+02  1.8493E+02  1.9513E+02
0005036   7.5412E+02 -3.0552E+02 -2.2246E+02
0005037   5.4143E+02 -5.2219E+00  3.8812E+02
0005038   6.5593E+02 -2.3351E+02  3.2995E+01
0005039   3.9021E+02 -2.6884E+01  3.2501E+01
0005040   2.8833E+02 -2.3045E+02  5.8968E+01
0005041   3.5708E+02 -2.4765E+02 -2.6116E+02
0005042   4.6845E+02 -7.4520E+02  2.6079E+02
0005043   1.1013E+03  1.3727E+02  1.3009E+01
0005044   1.0505E+03 -2.6779E+02 -3.8677E+02
0005045   2.3328E+01  4.1840E+02  4.9355E+02
0005046   9.2281E+02  1.9817E+02 -1.6454E+02
0005047   1.0819E+03  2.8503E+02  6.7860E+02
0005048   1.0228E+03 -2.3932E+02  2.4655E+02
0005049   4.5949E+02 -3.0788E+02  3.1140E+02
0005050   9.1075E+02  1.6784E+02 -5.7604E+01
0005051   1.1079E+03 -5.1127E+02 -1.9339E+02
0005052   1.1744E+03 -1.5529E+01  3.5058E+00
0005053   1.0642E+03  3.4777E+02  8.1360E+01
0005054   2.9996E+02 -6.4262E+00  1.6892E+02
0005055   5.0239E+02 -5.8693E+02  2.5429E+02
0005056   7.0417E+02  3.0614E+02 -2.7177E+01
0005057   1.0574E+03 -4.8192E+02 -1.3996E+02
0005058   8.8329E+02  5.0637E+02  3.2861E+02
0005059   6.0341E+02  7.5879E+02 -4.2733E+02
0005060   5.1125E+02  3.0318E+02 -3.2020E+02
0005061   1.0747E+03 -2.2192E+02  2.0429E+01
0005062   7.0205E+02  1.2011E+02 -1.7775E+02
0005063   3.4454E+02  1.1754E+02  2.2726E+02
0005064   5.3493E+02 -9.8157E+02 -1.1023E+02
0005065   1.0114E+03  4.8314E+02  1.4407E+02
0005066   1.4769E+03 -2.6935E+02 -2.5963E+02
0005067   7.8151E+02  6.5147E+02 -5.4336E+02
0005068   8.8459E+02 -8.4398E+02  3.9897E+02
0005069   5.1359E+02 -1.3570E+02 -1.9398E+02
0005070   7.0865E+02  8.9940E+01 -1.2444E+02
0005071   9.7855E+02 -1.3500E+02 -6.5665E+01
0005072   9.4981E+02  3.6070E+01  9.6724E+01
0005073   1.2144E+03  3.8014E+02 -1.6981E+02
0005074   8.8394E+02  1.2899E+02 -7.1884E+02
0005075   3.0289E+02 -3.4990E+02  2.3637E+02
0005076   1.9177E+02  4.2037E+02  1.6973E+02
0005077   5.2179E+02  3.1554E+01  3.1413E+02
0005078   7.6394E+02 -1.6254E+02 -6.2311E+02
0005079   1.5232E+03 -3.0943E+02  5.8247E+02
0005080   5.6170E+02 -4.3934E+02 -4.4477E+02
0005081   1.1655E+03  1.5509E+02  3.9038E+02
0005082   1.5108E+03 -1.4881E+02  8.2037E+01
0005083   1.3118E+02  1.3347E+02  7.8914E+01
0005084   7.6332E+02 -1.4069E+02 -1.8190E+02
0005085   5.0678E+02 -3.1378E+02 -7.8977E+01
0005086   4.9883E+02 -2.3494E+02  2.1484E+02
0005087   6.4178E+02  8.1176E+02 -5.1205E+02
0005088   3.4443E+02 -4.9420E+01 -8.8867E+02
0005089   9.8019E+02 -7.3574E+02 -3.2210E+02
0005090   7.4650E+02  1.0768E+03  3.6020E+02
0005091   7.1484E+02 -7.5818E+02 -1.1750E+02
0005092   5.9966E+02  1.1665E+02  3.8957E+02
0005093   6.9726E+02  2.4088E+02  7.7090E+02
0005094   5.7369E+02 -3.1702E+01  2.6732E+02
0005095   6.0075E+02  2.5541E+02 -2.7940E+01
0005096   1.0383E+03 -8.4150E+01  2.2789E+02
0005097   1.1145E+03 -3.3957E+02 -6.6150E+02
0005098   5.9435E+02  8.2084E+01 -6.2415E+02
0005099   7.7177E+02  2.4266E+02 -6.0863E+02
0005100   8.2312E+02  7.0857E+01 -6.2805E+01
0005101   1.1112E+03 -5.8240E+01 -3.9331E+02
0005102   1.1410E+03 -3.1928E+02  5.4994E+02
0005103   8.0188E+02 -1.6534E+02 -4.4876E+02
0005104   6.7925E+02 -4.1111E+02  7.5034E+02
0005105   6.9522E+02 -1.1935E+02  5.9529E+02
0005106   1.2431E+03 -3.2406E+02  9.4791E+01
0005107   1.2169E+03 -4.4852E+02  6.2474E+02
0005108   7.1893E+02 -3.9313E+02  2.3534E+01
0005109   1.1694E+03 -2.4015E+02 -2.9554E+02
0005110   2.9700E+02 -7.0315E+01  1.0791E+01
0005112   5.1921E+02 -3.1216E+02  1.2761E+02
0005113   5.5277E+02  1.8439E+02 -3.9642E+02
0005114   4.6475E+02  6.9264E+02  4.9457E+01
0005115   8.1505E+02 -3.0477E+02  4.6358E+01
0005116   1.2090E+03 -3.4826E+02  3.1669E+02
0005117   1.1025E+03 -3.6951E+02 -5.6748E+02
0005118   1.6741E+03 -6.0941E+01  1.3795E+02
0005119   1.5373E+03  5.0938E+02 -2.5996E+02
0005120   7.8178E+02 -5.2696E+01 -4.0394E+02
0005121   1.8387E+02 -7.7888E+01  6.4401E+01
0005122   3.5908E+02  5.8544E+02  4.3020E+02
0005123   1.3043E+03 -7.7543E+02 -7.2215E+02
0005124   9.6023E+02  4.2917E+02  4.8219E+02
0005125   6.5373E+02  3.4988E+02  6.7956E+02
0005126   8.9500E+02 -8.4207E+01 -3.1079E+02
0005127   1.1424E+03 -9.0755E+01 -6.0748E+02
0005128   1.0531E+03  5.5166E+01  5.5542E+02
0005129   4.9764E+02 -1.6184E+02 -5.2360E+02
0005130   6.6297E+02 -7.1614E+01  1.1850E+02
0005131   5.5224E+02  3.8166E+02 -9.0438E+02
0005132   6.8019E+02 -3.0413E+02  2.6225E+02
0005133   5.1593E+02  2.2157E+02 -1.2784E+02
0005134   8.7158E+02  3.3308E+01 -4.9283E+02
0005135   8.8616E+02 -2.3490E+02  5.4336E+01
0005136   1.7580E+02  2.7181E+02  3.5894E+02
0005137   1.3818E+03  4.4974E+02  7.8870E+01
0005138   5.0794E+02  4.9073E+01  1.7322E+02
0005139   1.1086E+03  2.3655E+02 -2.8866E+02
0005140   9.2760E+02 -2.2723E+02  2.4219E+02
0005141   5.5298E+02 -2.3049E+02  1.8705E+02
0005142   1.0823E+03 -6.1451E+02 -1.5321E+02
0005143   3.1932E+02  2.4026E+01  1.4205E+02
0005144   9.1807E+02 -1.2999E+02 -6.1363E+01
0005145   8.3650E+02 -8.5042E+01 -7.8669E+01
0005146   3.5622E+02  4.7665E+02 -4.1149E+02
0005147   7.0584E+02  1.9592E+02  6.7485E+01
0005148   9.5071E+02 -4.5265E+02  1.5806E+02
0005149   9.5428E+02  2.7774E+02 -9.4482E+02
0005150   8.0254E+02  3.6920E+02 -6.9499E+02
0005151   4.2948E+02  4.3211E+02 -4.3690E+02
0005152   1.1115E+03  3.6984E+02 -8.3735E+01
0005153   1.3333E+03 -7.4789E+01  2.4714E+02
0005154   8.1107E+02 -6.4304E+01 -4.8496E+01
0005155   1.3051E+03  3.5204E+01 -3.5546E+02
0005156   5.8264E+02  3.4655E+02  6.2467E+01
0005157   5.2663E+02 -1.8146E+02 -1.8247E+01
0005158   6.0606E+02 -1.6772E+00  2.1458E+01
0005159   3.9168E+02 -9.0485E+01  1.2385E+02
0005160   7.6002E+02  3.3414E+02  5.3561E+01
0005161   1.0005E+03 -3.7257E+02  2.8372E+02
0005162   7.1425E+02  5.7594E+02 -6.1593E+01
0005163   1.2106E+02 -3.1573E+01 -4.5766E+02
0005164   1.3533E+03  8.5803E+01  1.0943E+02
0005165   1.3461E+03 -1.1854E+02  3.2896E+02
0005166   1.0079E+03  6.7213E+02 -2.1004E+00
0005167   9.4232E+02  3.3783E+01  1.0619E+03
0005168   8.1316E+02  4.8455E+01  3.3466E+02
0005169   5.3919E+02  4.0402E+02  2.9292E+02
0005170   4.5880E+02 -3.5736E+02 -1.6122E+02
0005171   9.0688E+02 -1.8912E+02 -7.4790E+01
0005172   4.2135E+02 -2.5710E+02 -1.2231E+02
0005173   1.3903E+03  2.7810E+02 -3.5446E+02
0005174   4.9024E+02  1.1260E+02  1.2031E+02
0005175   1.4189E+02 -8.9630E+01  3.2201E+01
0005176   1.1984E+03 -4.8885E+02  2.3504E+02
0005177   6.0668E+02  3.8121E+02 -4.3875E+02
0005179   7.8424E+02  3.3310E+01 -2.8113E+02
0005180   7.3023E+02  2.1188E+02  4.6667E+01
0005181   1.5459E+03 -6.6541E+00 -4.8447E+02
0005182   3.0649E+02 -5.3514E+01  2.4021E+02
0005183   5.8388E+02 -1.2119E+02  7.1224E+02
0005184   6.1256E+02 -1.1785E+02 -4.2298E+02
0005185   5.1708E+02 -9.7129E+01 -4.5050E+02
0005186   2.5858E+02  6.7506E+01 -1.5126E+02
0005187   1.4044E+02 -1.2990E+02  2.9429E+02
0005188   9.1938E+02  1.2658E+02  1.2033E+02
0005189   9.8394E+01  3.2872E+02  1.0664E+02
0005190   4.4513E+02  3.1608E+02  1.1316E+02
0005191   7.2501E+02  5.8253E+02 -3.8751E+01
0005192   6.0217E+02  3.1957E+02 -1.1674E+02
0005193   1.2916E+03 -3.7046E+02  4.7630E+02
0005194   1.5021E+03  6.9757E+01 -9.2609E+02
0005195   7.7687E+02  3.4624E+02  6.4261E-02
0005196   3.0182E+02  1.2605E+02 -1.5266E+02
0005197   1.0739E+03 -2.2235E+02 -2.4482E+02
0005198   9.1887E+02  4.9046E+02 -1.3597E+02
0005200   1.1123E+03  1.1935E+02  4.5065E+02
0005201   1.5135E+02  9.6226E+01  3.6135E+02
0005202   1.2813E+03 -1.4881E+02 -3.2315E+01
0005203   3.0659E+01  9.7846E+00  1.1797E+02
0005204   1.1289E+03 -4.1425E+02 -1.0306E+03
0005205   2.5833E+02 -3.5552E+01  2.1313E+02
0005206   9.0890E+02  5.9886E+01  8.8140E+02
0005207   6.5978E+02 -1.0848E+02 -1.0402E+02
0005208   1.1359E+03  2.9234E+02 -2.0824E+02
0005209   1.0616E+03 -1.7565E+02  7.8613E+00
0005210   8.0694E+02  8.9933E+01 -5.6641E+02
0005211   1.4144E+03 -8.2652E+02  3.5757E+02
0005212   8.7318E+02  4.6652E+02 -6.3065E+02
0005213   1.0782E+03 -5.0205E+02 -6.0318E+01
0005214   1.1741E+03 -3.8644E+02  5.4689E+01
0005215   5.3524E+02 -8.5355E+01  4.7395E+02
0005216   6.1565E+02 -1.2279E+02  4.2950E+01
0005217   4.7923E+02  6.2547E+02 -2.0782E+02
0005218   1.0721E+03 -8.6104E+02  2.1471E+02
0005219   1.2255E+02  1.9023E+02  5.5718E+01
0005220   8.9915E+02 -6.7502E+02 -2.6833E+02
0005221   4.5269E+02  6.0922E+02 -5.2783E+02
0005222   2.8292E+02  2.7085E+02  1.5894E+01
0005223   6.3746E+02  2.5504E+02 -3.1377E+01
0005224   6.1957E+02  3.6266E+02 -1.3839E+02
0005225   3.1679E+02 -3.2514E+02 -3.7686E+02
0005226   5.1809E+02 -1.9485E+01  1.4062E+02
0005227   8.9840E+02 -2.6883E+02 -3.2388E+02
0005228   6.6017E+02  3.0958E+01  2.9618E+01
0005229   9.1681E+02 -1.7286E+02 -9.3437E+01
0005230   1.0410E+03  5.3244E+02  4.4066E+02
0005231   7.5478E+02  4.3813E+02 -1.0085E+02
0005232   1.0546E+03 -2.0170E+02  3.1787E+02
0005233   1.3118E+03  4.5458E+02 -3.0903E+01
0005234   7.5031E+02  2.9841E+02 -1.7833E+02
0005236   6.6456E+02  2.9843E+01 -5.9620E+02
0005237   5.7104E+01  2.1557E+02  2.6839E+01
0005238   1.8117E+03 -8.0628E+02  1.5144E+02
0005239   9.2857E+02 -3.4464E+02  3.2866E+02
0005240   6.5261E+02 -1.4696E+02  1.3068E+02
0005241   1.3787E+03 -4.0634E+01 -4.5104E+02
0005242   7.5429E+02 -1.7384E+02 -7.7669E+01
0005243   4.5006E+02 -5.4423E+02  1.1176E+02
0005244   6.2827E+02 -5.1507E+01  1.2078E+01
0005245   1.5636E+03  4.8421E+02 -2.9055E+02
0005246   3.6324E+02 -2.5313E+02  4.5810E+01
0005247   1.0385E+03 -7.7388E+02 -6.4028E+02
0005248   8.3095E+02 -1.0275E+02 -3.7723E+00
0005249   6.9610E+02  3.2802E+02 -4.5395E+01
0005250   3.8773E+02 -7.2189E+01  2.5009E+01
0005251   3.1128E+02 -2.9511E+01  5.0217E+01
0005252   9.5299E+02  4.4120E+02  2.8720E+00
0005254   1.0404E+03 -7.4060E+02 -3.4998E+02
0005255   7.2829E+01 -3.4382E+02  1.5963E+02
0005256   2.7495E+02 -2.2187E+02  2.1644E+01
0005257   9.5657E+02 -8.2521E+01 -1.6558E+02
0005258   3.9511E+02 -1.4872E+01 -1.5835E+02
0005259   4.0423E+02 -3.2719E+01 -1.2149E+03
0005260   9.4868E+02 -8.0205E+02  1.9904E+02
0005261   5.5518E+02  9.0166E+01 -5.1668E+02
0005262   6.2822E+02  6.4163E+02  4.0524E+01
0005263   8.1453E+02 -1.2492E+01 -7.8023E+01
0005264   9.4121E+02 -2.2628E-01 -2.9487E+02
0005265   1.2047E+03 -1.1904E+02 -4.9823E+02
0005266   1.1954E+03 -5.6568E+00  2.2066E+02
0005267   7.0844E+02  5.7343E+02  2.6755E+02
0005268   1.7908E+02  1.1237E+02  5.5583E+02
0005269   4.1539E+01 -2.9727E+00 -4.6832E+02
0005270   1.0709E+03  2.5761E+02  3.1660E+02
0005271   6.3200E+02  8.1810E+02  1.3723E+02
0005272   8.2200E+02  2.3915E+02 -8.6728E+01
0005273   7.5145E+02 -1.3573E+02 -2.4269E+02
0005274   5.0976E+02 -4.9241E+02  5.3189E+01
0005275   4.7996E+02 -4.7709E+02 -4.8829E+02
0005276   6.5192E+02 -2.5207E+02 -3.8518E+02
0005277   7.0355E+02  5.7755E+02 -3.2450E+02
0005278   5.9861E+02  8.2330E+02  1.2836E+02
0005279   2.1454E+02 -4.7330E+02  5.2536E+02
0005280   1.1459E+03  3.3500E+02 -6.5857E+02
0005281   1.9519E+02  3.0891E+01 -2.1786E+01
0005282   2.3952E+01  7.4829E+02  1.2726E+02
0005283   8.2924E+02 -5.4872E+01 -2.4306E+02
0005284   9.4772E+02 -5.6980E+02  2.7978E+02
0005285   6.9964E+02  3.2369E+02  1.2751E+02
0005286   1.0066E+03  7.6831E+02 -4.4245E+02
0005287   5.1295E+02 -5.9238E+01 -1.2872E+02
0005288   7.7825E+02 -1.3894E+01  3.2424E+02
0005289   6.3706E+02 -2.6902E+02  6.8465E+02
0005290   1.0650E+03  3.2770E+02 -1.1108E+02
0005291   5.1507E+02 -3.9692E+02  7.5596E+02
0005292   5.0248E+02 -3.4967E+02  4.7953E+01
0005293   4.2786E+02 -4.5699E+02  7.2254E+00
0005294   7.2369E+02 -1.2082E+01  3.8934E+02
0005295   4.0106E+02  3.1150E+01  4.5157E+02
0005296   2.6355E+02 -5.3334E+01 -5.5710E+02
0005297   1.4161E+03 -4.7172E+02  7.5573E+02
0005298   1.3213E+03 -1.3080E+02 -1.8529E+02
0005299   1.0087E+03 -4.5926E+02 -2.2130E+01
0005300   4.9394E+02 -5.6305E+02 -5.1683E+02
0005301   1.0481E+03  2.9604E+02 -2.2909E+02
0005302   1.1751E+03  3.0316E+02  7.2130E+00
0005303   5.4318E+02  1.8265E+02  8.9922E+00
0005304   7.4589E+02  6.9925E+01  2.2668E+02
0005305   4.1618E+02 -2.1282E+02 -3.7620E+02
0005306   7.2684E+02 -5.5748E+02 -9.1224E+01
0005307   1.6035E+03 -1.6198E+02  9.7917E+00
0005308   1.4022E+03 -6.9629E+01 -4.6857E+02
0005309   6.0761E+02  6.1122E+02 -7.3424E+02
0005310   6.4127E+02  1.7852E+02 -1.4563E+01
0005311   7.8950E+02  1.7778E+02  4.8093E+02
0005312   3.3886E+02  3.4598E+02 -2.8410E+02
0005313   6.3091E+02 -2.9347E+01  3.1051E+02
0005314   1.3556E+02 -1.0085E+02  2.2919E+02
0005315   1.0838E+03  5.7615E+02 -1.3441E+02
0005316   9.4672E+02  6.0046E+00  7.2615E+01
0005317   5.2688E+02  8.6947E+01 -7.5930E+01
0005318   1.1381E+03  4.1506E+02 -2.1775E+02
0005319   1.0876E+03 -5.2105E+02  3.8692E+02
0005320   7.7874E+02  2.1903E+02 -4.5767E+02
0005321   8.0738E+02 -4.1653E+02 -5.8422E+02
0005322   1.2059E+03 -1.3337E+02 -2.8880E+02
0005323   7.7305E+02  3.8893E+02  2.8432E+02
0005324   9.8136E+02 -9.4996E+01 -9.4304E+01
0005325   6.7605E+02  5.2889E+02 -1.1035E+02
0005326   1.4725E+03 -2.2217E+02  3.9050E+02
0005327   9.8143E+02  2.0488E+02  5.0690E+02
0005328   7.2365E+02 -8.8289E+01 -1.0712E+02
0005329   1.0160E+03  4.9930E+02 -4.3093E+02
0005330   7.0731E+02 -4.5883E+02  2.8859E+02
0005331   6.2183E+02 -5.3222E+01  2.7801E+02
0005332   8.6148E+02  4.5660E+01 -2.6838E+02
0005333   7.1438E+02  3.4280E+02 -1.2023E+02
0005334   1.1507E+03  1.1036E+01 -3.7141E+02
0005335   5.7727E+02  9.9750E+01  3.2038E+02
0005336   4.4796E+02  4.0208E+02 -2.2463E+01
0005337   8.4785E+02 -2.8000E+02 -8.2347E+02
0005338   7.0022E+02 -5.1517E+02  3.8108E+02
0005339   1.0850E+03  4.1988E+02 -8.5533E+02
0005340   1.0293E+03  1.0298E+02 -1.2645E+02
0005341   8.1147E+01  1.2858E+02  1.1785E+02
0005342   1.0595E+03 -5.6241E+02 -7.8611E+01
0005343   1.2703E+03  1.3983E+02 -5.7090E+02
0005344   3.2006E+02  1.4155E+02  7.6519E+01
0005345   9.8280E+02 -2.3884E+02 -8.8948E+01
0005346   7.3559E+02  5.3782E+02 -6.4955E+02
0005347   4.8618E+02 -2.1456E+02 -6.6015E+00
0005348   7.7127E+02 -4.8682E+02  2.4954E+02
0005349   4.8592E+02  1.1665E+02  9.1694E+01
0005350   5.5474E+02  8.2509E+02  2.7327E+02
0005351   1.6049E+03 -2.0776E+02  2.2474E+02
0005352   5.9642E+02  3.7167E+02 -1.4921E+01
0005353   2.5822E+02 -2.4717E+01 -1.8400E+01
0005354   8.4409E+02 -7.8335E+01  5.4146E+02
0005355   7.8054E+02  4.4923E+00  4.3007E+01
0005356   6.5979E+02 -4.6626E+02  7.7147E+01
0005357   3.4069E+02  1.1678E+02 -3.5737E+01
0005358   7.0801E+02  4.2614E+01 -2.9284E+02
0005359   3.4228E+02 -7.7373E+02 -3.3178E+02
0005360   8.1629E+02  5.2411E+02 -4.5462E+02
0005361   9.3126E+02 -1.8914E+02  7.1713E+02
0005362   4.6694E+02  3.6467E+01 -6.4438E+02
0005363   2.3816E+02 -2.6708E+02 -2.7620E+02
0005364   1.1041E+03 -3.3812E+02 -4.6021E+01
0005365   9.3077E+02  8.1168E+01  5.7350E+02
0005366   8.9975E+02  4.6629E+02  1.4821E+02
0005367   1.0145E+03 -5.5563E+02 -2.7152E+02
0005368   5.5650E+02  7.1948E+02 -4.0927E+01
0005369   8.3843E+02 -4.6118E+01  8.0451E+02
0005370   8.0466E+02 -6.3737E+01 -1.2897E+02
0005371   5.6560E+02 -1.9532E+02 -1.3611E+02
0005372   5.6338E+02 -4.4335E+02  5.7537E+02
0005373   2.4735E+02  1.0602E+02 -8.4270E+01
0005374   4.8936E+02  4.2867E+02  2.7326E+02
0005375   6.1556E+02 -4.9441E+02 -2.4257E+02
0005376   6.5959E+02 -2.7292E+02 -2.2655E+02
0005377   9.0169E+02 -2.7636E+01  7.2648E+00
0005378   1.2142E+03  4.1966E+02  1.7532E+02
0005379   9.0630E+01  2.9255E+02 -1.0648E+01
0005380   5.4656E+02 -4.1404E+01 -1.8714E+02
0005381   6.2192E+02  8.1302E+01 -7.2228E+02
0005382   7.6605E+02  1.8937E+02  7.2641E+02
0005383   7.7980E+02 -1.1537E+03  6.7170E+01
0005384   4.1493E+02  2.1051E+02  9.0078E+01
0005385   7.8219E+02 -9.2207E+01  2.0436E+02
0005386   7.3258E+02 -1.6079E+02 -5.6348E+02
0005387   7.9832E+02 -2.4428E+02  9.2808E+02
0005388   1.0644E+03  2.0672E+00  7.9892E+02
0005389   1.0299E+02 -3.3832E+02 -1.9087E+02
0005390   1.3664E+03  2.6515E+02  8.1045E+02
0005391   3.0727E+02 -1.0057E+02 -6.4995E+02
0005392   1.7184E+03  1.5407E+02 -1.3599E+02
0005393   1.4714E+03  3.2484E+02  6.0853E+02
0005394   4.0370E+02  9.8850E+01 -5.0345E+02
0005395   1.0675E+03  4.4679E+02  1.7895E+02
0005396   8.9850E+02  1.0266E+02 -1.9701E+01
0005397   7.3221E+02  6.6905E+01  4.4877E+02
0005398   1.5815E+03 -1.5979E+02 -4.1798E+02
0005399   1.1880E+03 -1.9442E+01  1.0538E+02
0005400   9.5179E+02 -1.6701E+02  7.4319E+02
0005401   3.3770E+02 -3.2100E+01  3.6147E+02
0005402   7.8076E+02  3.6685E+02  3.3967E+02
0005403   5.8396E+02 -3.5472E+02  4.9629E+02
0005404   1.7594E+03 -2.2839E+02  1.2205E+02
0005405   2.9278E+02 -2.3497E+02  3.8467E+02
0005406   1.2587E+03  7.4403E+01 -4.8573E+02
0005407   7.8652E+02  7.7656E+01 -2.6051E+01
0005408   5.1980E+02  2.0796E+02 -6.7511E+00
0005409   6.9337E+02 -1.0826E+03 -2.7232E+02
0005410   7.6306E+02  4.0998E+01  9.9793E+01
0005411   8.0033E+02 -5.3508E+02  6.1869E+02
0005412   3.8407E+02 -2.0619E+02 -2.3637E+00
0005413   3.4392E+01 -9.6429E+02 -2.1045E+01
0005414   6.7190E+02  5.0363E+01 -9.2932E+02
0005415   1.4522E+03  5.2046E+02 -2.7389E+02
0005416   1.2787E+02 -8.6670E+01 -1.4642E+01
0005417   3.6785E+02 -6.7474E+02  3.9623E+01
0005418   1.0835E+03 -1.1779E+02 -3.2296E+01
0005419   5.4003E+02 -3.1160E+02 -3.4597E+02
0005420   1.1511E+03 -2.7158E+02 -2.7530E+02
0005421   8.0608E+02  2.8764E+02  3.4386E+02
0005422   1.0526E+03 -3.8102E+02  5.5135E+02
0005423   3.2099E+02 -1.3965E+02  3.3600E+02
0005424   4.9652E+02  6.6286E+02  6.4835E+02
0005425   8.4288E+02  1.9996E+02 -3.2404E+02
0005427   7.1571E+02 -2.8032E+02 -1.2030E+02
0005428   9.1314E+02  3.2501E+02  1.8872E+02
0005429   8.2031E+02  1.1921E+02 -4.3242E+02
0005430   1.1054E+03  5.0177E+01 -7.5128E+01
0005431   8.3107E+02  1.2127E+02 -3.2596E+02
0005432   8.9526E+02 -1.3731E+02  5.4344E+02
0005433   2.2401E+02 -3.8814E+02  5.4131E+01
0005434   8.6956E+02 -1.7764E+02  3.6282E+02
0005435   1.2086E+03 -1.1171E+02  8.5115E+01
0005436   1.2549E+03 -2.1704E+02  6.3847E+02
0005438   6.6882E+02 -2.6978E+02  1.8764E+02
0005439   5.7405E+02 -2.4135E+02  2.6744E+02
0005440   4.7604E+02  1.0951E+01  8.8127E+01
0005441   6.4942E+02  6.0371E+02 -1.0101E+02
0005442   2.2809E+02  4.9808E+02  3.0958E+02
0005443   3.0658E+02  5.1200E+02 -1.5113E+02
0005444   1.8643E+02  3.3413E+02  4.7943E+02
0005445   8.3379E+02  1.9738E+02 -1.1043E+02
0005446   1.5884E+03  2.5876E+02  3.6516E+02
0005447   4.2480E+02 -1.8009E+01  2.4724E+02
0005448   7.7915E+02  3.3916E+02  1.0121E+02
0005449   9.3215E+02  3.2912E+02 -3.6838E+02
0005450   1.1032E+03  8.6645E+02 -2.4743E+02
0005451   8.9363E+02 -1.4314E+02  8.7241E+01
0005452   1.2917E+03  8.4132E+01  6.7531E+01
0005453   1.1292E+03  2.6373E+02  4.3898E+02
0005454   8.4899E+02 -1.9602E+02  5.8103E+02
0005455   5.7937E+02  2.0123E+02  4.5803E+02
0005456   2.0123E+01 -1.4996E+01  3.0522E+02
0005457   5.0826E+02 -2.3145E+02  3.9512E+02
0005458   1.2924E+03 -2.0534E+02 -2.4186E+02
0005459   3.1464E+02  5.8447E+01  3.0509E+02
0005460   5.4519E+02  2.0142E+02  3.0371E+02
0005461   6.7921E+02  9.5251E+01  3.7801E+01
0005462   4.6592E+02  1.6011E+02 -1.6627E+02
0005463   1.6572E+03 -5.2994E+02 -2.1306E+02
0005464   1.1487E+03 -8.3695E+01  5.7735E+01
0005465   8.8885E+02  1.9307E+01  2.1305E+02
0005466   1.1542E+03  2.2063E+02 -6.2849E+02
0005467   2.0303E+02  3.4763E+02  5.2026E+01
0005468   1.0212E+03  2.4806E+02 -1.4440E+02
0005469   1.3496E+03 -3.7536E+02 -1.4626E+02
0005470   8.9350E+02  2.7737E+02  3.8936E+02
0005471   5.7698E+02  5.2880E+01  6.5559E+02
0005472   7.2521E+02  1.0690E+02 -2.8358E+01
0005473   6.0674E+02  4.1975E+00  4.1441E+02
0005474   1.0738E+03 -1.6192E+02  8.4917E+01
0005475   1.3885E+03 -3.4563E+02  2.0140E+02
0005476   8.3683E+02  3.5657E+02 -2.7229E+02
0005477   1.0245E+03 -1.0147E+03 -2.7147E+02
0005478   6.7713E+02 -3.7222E+02  1.4061E+02
0005479   3.2388E+02  1.1851E+01 -1.3049E+02
0005480   8.7776E+02  6.4340E+02 -3.0587E+01
0005481   1.1847E+03  2.6123E+01 -1.7438E+02
0005482   3.9420E+02 -4.8814E+02  2.3397E+02
0005483   1.1589E+03  6.3134E+01  5.9398E+02
0005484   1.1748E+03  6.1852E+02 -2.3022E+02
0005485   6.4492E+02  3.1876E+02 -4.5952E+02
0005486   1.8938E+02  7.2548E+02 -9.5609E+02
0005487   7.7905E+02 -8.7847E+01 -6.2724E+02
0005488   1.1077E+03 -2.1673E+02 -2.4581E+01
0005489   1.2676E+03 -5.9414E+02 -8.6543E+02
0005490   1.4223E+03 -3.6486E+02 -4.5452E+02
0005491   1.2013E+03  4.6638E+02  5.4584E+01
0005492   7.7653E+02  1.2118E+02  1.1556E+02
0005493   1.2971E+03  4.2278E+02  4.2870E+01
0005494   4.4673E+01  8.2922E+02 -4.2603E+02
0005495   1.0481E+03 -3.8226E+02  3.8246E+02
0005496   9.7670E+02 -1.5397E+02 -1.2160E+02
0005497   7.1190E+02  5.3883E+01  1.1901E+02
0005498   8.8704E+02 -1.0989E+02  5.6438E+02
0005499   7.0390E+02 -2.2818E+02  9.8799E+01
0005500   7.1019E+02  5.0384E+02  3.4068E+02
0005501   3.0148E+01  2.6064E+02 -9.2713E+00
0005502   1.1527E+03 -5.5397E+02 -4.6444E+02
0005503   5.2095E+02 -2.1282E+02 -2.8543E+02
0005504   5.0381E+02  9.8570E+01  1.7351E+02
0005505   9.7671E+02 -2.2002E+02  3.4725E+02
0005506   1.0625E+03 -1.5035E+02 -2.8871E+02
0005507   5.7156E+02 -6.4157E+02  4.3278E+02
0005508   5.0344E+02  1.3566E+02 -3.0854E+02
0005509   6.5721E+02  6.4699E+02  8.0247E+01
0005511   1.0994E+02  1.6314E+02 -1.9892E+02
0005512   2.6430E+02  6.3559E+02 -1.0236E+03
0005513   8.4158E+02  2.2363E+02 -5.8725E+01
0005514   8.4607E+02  3.4268E+02 -1.1301E+02
0005515   7.8146E+02 -1.6585E+02  3.7967E+01
0005516   4.7101E+02 -4.2166E+01  8.4760E+01
0005517   1.1073E+03 -2.4642E+01 -3.9372E+01
0005518   9.8394E+02  2.4696E+02  7.1291E+01
0005519   2.9661E+02 -1.3542E+02 -9.6328E+02
0005520   5.1337E+02  1.9478E+02  3.8730E+02
0005521   2.9388E+02 -1.7585E+02  6.4201E+02
0005522   5.1362E+02 -1.6621E+02  7.8644E+01
0005523   4.1114E+02 -1.7258E+02  1.6074E+02
0005524   1.0351E+03  6.3423E+02  6.2262E+02
0005525   4.6376E+02 -4.9872E+02  2.2690E+02
0005526   6.5429E+02  3.9260E+02  3.2488E+02
0005527   4.4246E+02  7.7409E+01  2.2006E+02
0005528   5.3615E+02 -1.7724E+02  8.7105E+01
0005529   6.3534E+02  1.9136E+02 -2.2272E+02
0005530   9.1017E+02  3.5277E+02 -1.4489E+02
0005531   1.2731E+02 -2.3991E+02 -2.6723E+02
0005532   1.1595E+03  4.0839E+02  7.9112E+00
0005533   7.0367E+02 -2.9588E+01  3.9652E+01
0005534   4.3368E+02 -2.3131E+02 -9.8614E+01
0005535   1.6314E+02 -2.6427E+02 -1.3871E+02
0005536   5.4695E+02 -2.4736E+02  3.4281E+02
0005537   4.5320E+02 -2.4085E+02 -3.3119E+02
0005538   1.2958E+03 -9.9358E+01  7.6766E+01
0005539   2.5087E+02 -2.7659E+02  2.5531E+02
0005540   1.6462E+03  3.3219E+00 -5.1461E+02
0005542   7.2886E+02 -5.9100E+02 -7.8245E+02
0005543   1.1305E+03  4.2178E+02 -4.0139E+02
0005544   1.0978E+03 -2.0008E+02  1.2784E+02
0005545   4.5133E+02  4.8376E+01 -1.8327E+02
0005546   1.0807E+02  3.2657E+02  6.0225E+02
0005547   6.2502E+02 -3.6589E+01 -8.9318E+01
0005548   6.3273E+02 -1.3128E+02  3.2272E+02
0005549   1.8474E+02  8.7928E+01  1.8260E+02
0005550   7.0036E+02  4.8820E+02  1.4726E+02
0005551   3.8263E+02 -6.6150E+01 -1.0094E+01
0005552   6.6060E+02  3.7318E+02  3.1501E+02
0005553   5.0103E+02  3.9311E+02 -6.0260E+02
0005554   8.6566E+02  1.1563E+02  2.9964E+02
0005555   1.5508E+03 -3.3297E+01  3.2495E+02
0005556   4.9655E+02  2.2857E+02 -8.7632E+02
0005557   8.4595E+02 -3.1552E+02  1.9884E+02
0005558   1.5268E+03  3.4404E+02 -4.5025E+02
0005559   7.0465E+02 -4.9259E+02  4.8533E+02
0005561   5.9500E+02 -2.9275E+02  2.7929E+02
0005562   7.7355E+02 -3.6296E+02  1.5002E+02
0005563   1.0249E+03 -4.7688E+02  3.1282E+02
0005564   1.0372E+03 -4.1973E+01  9.3160E+01
0005565   8.1193E+02 -2.0134E+02  3.7806E+02
0005566   1.1816E+03  4.4764E+02  1.0894E+03
0005567   7.6868E+02 -4.3987E+02 -7.5566E+02
0005568   5.1620E+02  3.0119E+02 -5.1118E+01
0005569   1.0548E+03  4.7364E+02  3.3882E+00
0005570   5.8613E+02  1.7225E+02 -2.0789E+02
0005571   3.0092E+02  1.9416E+02 -1.6942E+02
0005572   8.1731E+02  4.3191E+02  1.0732E+02
0005573   3.4539E+02  2.9108E+02 -6.5499E+01
0005574   6.5587E+02  5.1376E+02  4.1772E+02
0005575   1.3372E+03  2.2866E+02  5.9219E+02
0005576   7.0891E+02 -1.9937E+02 -6.1492E+01
0005577   1.0293E+03 -2.7405E+01  7.3056E+02
0005578   5.8053E+02 -1.8422E+02 -4.3192E+02
0005579   4.8743E+02 -1.8761E+02 -1.5612E+02
0005580   9.5315E+02  4.1744E+02 -4.5368E+02
0005581   9.5372E+02 -1.4524E+01 -3.7156E+02
0005582   4.6806E+02  1.0490E+02  1.1989E+02
0005583   7.2197E+02 -8.4977E+01  2.0830E+02
0005584   4.1125E+02  1.5009E+02 -5.3679E+02
0005585   7.4490E+02 -6.4539E+02  2.1867E+02
0005586   8.6528E+02 -9.9443E+02 -3.3729E+02
0005587   5.1632E+01  2.3446E+02  2.6396E+02
0005588   7.7759E+02  2.3778E+02 -6.5632E+01
0005589   8.5647E+02 -7.4055E+02 -1.7880E+02
0005590   2.6861E+02  6.0745E+02 -3.5745E+02
0005591   1.2110E+03  1.9201E+02 -7.1778E+02
0005592   6.1413E+02 -4.1512E+02 -1.4455E+02
0005593   1.2965E+02  1.2491E+02 -1.0674E+02
0005594   1.1661E+03 -5.8026E+02  2.9095E+02
0005595   6.1096E+02 -2.6444E+02 -4.6787E+02
0005596   9.6155E+02 -2.4918E+01 -5.1801E+02
0005597   6.0985E+02 -8.7274E+01 -4.1447E+02
0005598   4.4430E+02 -3.5323E+02  9.4888E+02
0005599   1.8674E+02  1.5157E+02  9.8348E+00
0005600   7.0826E+02  1.5720E+02  3.4569E+02
0005601   7.1867E+02 -3.7625E+02 -1.0107E+02
0005602   3.9634E+02 -1.1809E+02 -4.0767E+02
0005603   7.0189E+02 -2.6817E+02 -2.7697E+02
0005604   7.6203E+02  3.1198E+02  2.4328E+02
0005605   9.3879E+02  1.5488E+02 -9.5730E+01
0005606   1.6222E+03  2.2162E+01  2.9319E+01
0005607   5.6516E+02 -3.6221E+02  7.5259E+02
0005608   9.3183E+02  9.6578E+02 -9.1331E+01
0005609   2.9117E+02  3.1858E+02  3.1067E+02
0005610   3.2077E+02 -2.8125E+01 -9.8567E+01
0005611   1.6885E+03 -2.6251E+02 -2.5530E+02
0005612   3.8405E+02 -3.1379E+02  4.9086E+02
0005613   4.7525E+02 -1.7647E+02  6.0610E+01
0005614   4.3658E+02 -2.9530E+02 -3.1877E+02
0005615   8.8856E+02 -4.6164E+02 -3.9112E+02
0005616   1.3281E+03 -6.8872E+00 -4.7744E+02
0005617   3.2102E+02  4.8126E+02 -3.7712E+02
0005618   2.1702E+02 -1.2209E+02 -1.1834E+01
0005619   5.0860E+02  3.1163E+01 -1.2888E+02
0005620   6.6516E+02 -9.4889E+01  2.4857E+02
0005621   4.6795E+02  2.3621E+02  3.3898E+02
0005622   1.1850E+03  9.2453E+01 -3.1434E+02
0005623   2.9082E+02 -1.6403E+02 -1.9950E+02
0005624   1.0952E+03 -5.4269E+02 -1.9441E+02
0005625   8.9562E+02 -5.4136E+02  1.3929E+02
0005626   9.4669E+02 -1.4740E+02 -5.9896E+02
0005627   8.5868E+02  1.0085E+02  1.4848E+01
0005628   4.0165E+02  1.6827E+01 -4.2601E+01
0005629   5.4248E+02 -1.7384E+02 -3.1786E+01
0005630   1.0399E+03  2.7634E+00 -2.3802E+02
0005631   1.0546E+03 -6.6625E+01  6.0969E+02
0005632   6.5715E+02  3.6911E+02  1.6874E+02
0005633   4.5444E+02 -2.7945E+02  2.3590E+02
0005634   3.2678E+02 -1.5256E+02  6.0986E+02
0005635   1.3327E+03 -1.4054E+02 -3.2821E+02
0005636   1.1254E+01 -3.3239E+02 -1.9547E+02
0005637   9.1806E+02 -7.7780E+02 -2.9100E+02
0005638   5.3496E+02 -1.9377E+02  1.6697E+02
0005639   1.3472E+03 -3.3443E+02  1.5716E+02
0005640   1.0384E+03  8.4811E+02  6.9526E+02
0005641   3.3121E+02  1.7339E+01 -8.3281E+01
0005642   7.7434E+02 -1.7308E+02 -2.3442E+02
0005643   1.3970E+03 -2.8075E+01  1.6778E+02
0005644   5.2303E+02 -1.5475E+02 -4.2416E+02
0005645   1.1773E+03 -9.6998E+02  5.6217E+01
0005646   1.0023E+03  2.4333E+02  7.7078E+02
0005647   8.6402E+02 -5.0068E+02  6.1146E+02
0005648   3.8636E+02 -1.6787E+02  3.2898E+02
0005649   9.9507E+02  9.6497E+02 -5.2272E+02
0005650   9.0567E+02  1.6482E+02 -1.9527E+02
0005651   8.5466E+02 -1.2780E+02 -5.1659E+02
0005652   5.2561E+02  5.1485E+01  1.4576E+02
0005653   2.9313E+02  3.2826E+02  7.1837E+01
0005654   7.5331E+02  1.0545E+02  1.3305E+02
0005655   5.1044E+02  1.5684E+02  5.5709E+01
0005656   8.8780E+02 -2.7078E+01 -2.6731E+02
0005657   5.0334E+02  4.8684E+02 -4.7621E+02
0005659   5.9043E+02 -5.0588E+02  5.8485E+02
0005660   6.0051E+02 -2.8110E+01 -4.3491E+02
0005661   1.1073E+03  3.2511E+02  7.9975E+01
0005662   3.4240E+02  9.2402E+02 -3.0987E+02
0005663   1.3714E+03 -2.0651E+02 -1.3295E+02
0005664   1.1507E+03 -1.3406E+02 -1.0402E+03
0005665   1.0208E+03  2.9960E+02  1.2379E+02
0005666   7.4863E+02 -6.9279E+01  2.1067E+01
0005667   8.2906E+02  1.5337E+02  1.1091E+02
0005668   1.0308E+03 -1.7829E+01 -6.3304E+02
0005670   7.3809E+02  3.4105E+02  3.8146E+02
0005671   6.7848E+02  2.3847E+01  3.8107E-03
0005672   6.4212E+02  1.9256E+02  2.0629E+02
0005673   2.4347E+02 -5.5827E+02 -4.2582E+02
0005674   7.7091E+02  5.4824E+02  4.7180E+02
0005675   1.4212E+03  3.6388E+02  5.3573E+02
0005676   8.6599E+02 -6.1090E+02  3.9393E+02
0005677   8.1983E+02  1.7416E+02  4.2444E+02
0005678   3.7235E+02 -6.8437E+02  6.5023E+02
0005679   1.2717E+03 -4.3859E+02  3.8624E+02
0005680   8.5930E+02  5.9717E+02 -4.6745E+02
0005681   4.1630E+02 -2.0081E+01 -7.6099E+01
0005682   9.7408E+02  2.6548E+02 -3.3437E+02
0005683   5.8815E+02  1.1005E+01 -3.4619E+02
0005684   4.8961E+02 -2.9252E+02  3.2326E+02
0005685   1.4881E+03  4.0235E+02 -2.2665E+01
0005686   1.3421E+03  2.8736E+02 -8.1317E+02
0005687   8.7022E+02  1.7563E+02  1.3678E+02
0005688   7.1408E+02 -1.7710E+02 -6.5849E+02
0005689   3.3299E+02  4.9878E+02 -1.0701E+02
0005690   5.7686E+02  9.5523E+02 -1.7630E+02
0005691   6.6030E+02  1.3541E+02 -3.8603E+02
0005692   9.6208E+02  7.0349E+01 -1.1218E+02
0005693   1.3515E+03 -1.9611E+02 -2.7206E+02
0005694   1.9107E+02 -1.0092E+02  1.7105E+02
0005695   9.4556E+02 -2.3668E+01 -3.0003E+02
0005696   4.9519E+02  7.5135E+02  1.6469E+02
0005697   3.0900E+02  2.0974E+02 -8.5994E+02
0005698   1.4340E+03  5.6879E+02 -2.7214E+02
0005699   3.7736E+02 -8.9620E+01 -1.1031E+02
0005700   7.7232E+02  4.6601E+02 -2.0103E+02
0005701   7.0715E+02  1.0151E+02 -3.4193E+01
0005702   3.7138E+02  1.6459E+02 -3.9712E+02
0005703   1.1018E+03  6.3416E+01  5.7303E+02
0005704   1.2611E+03 -3.2555E+02 -9.2569E+01
0005705   3.2626E+02 -2.1506E+02 -1.3561E+02
0005706   1.0460E+03 -8.0979E+02  3.3953E+02
0005707   8.6374E+02 -2.6726E+02 -2.9051E+02
0005708   4.3747E+02 -4.5703E+02 -3.1972E+02
0005709   6.9996E+02 -7.8098E+01  2.4884E+02
0005710   1.5550E+02 -1.0710E+02 -5.2350E+02
0005711   3.8523E+02  9.5207E+00 -7.5232E+01
0005712   1.1273E+03 -3.2690E+02 -2.5780E+02
0005713   7.3644E+02 -2.7864E+02  1.8177E+01
0005714   2.8321E+02  3.0639E+02  1.7039E+02
0005715   3.8863E+02  1.4043E+02 -4.4037E+01
0005716   8.8967E+01  2.8689E+02 -1.1166E+02
0005717   5.6319E+02 -5.7857E+01 -1.7452E+02
0005718   5.0677E+02 -1.2617E+02 -3.5897E+01
0005719   7.8590E+02  2.0838E+01 -7.3408E+01
0005720   7.3328E+02 -1.8065E+02 -2.0367E+02
0005721   2.6642E+02 -3.8204E+02  3.9350E+02
0005722   2.7887E+02 -2.3851E+02 -3.5944E+01
0005723   9.3209E+02  9.5528E+01 -9.2543E+02
0005724   7.5076E+02 -5.8513E+02  5.2494E+02
0005725   6.0387E+02 -2.2508E+02  6.4423E+01
0005726   1.0750E+02 -5.1170E+01 -6.1970E+02
0005727   6.5742E+02  2.4309E+02 -2.6171E+02
0005728   1.6618E+03  4.8038E+02  4.1783E+02
0005729   7.5674E+02 -2.1433E+02 -4.6257E+02
0005730   8.4711E+02  3.0767E+01  3.4708E+02
0005731   1.1718E+03  4.8742E+02 -1.5476E+02
0005732   6.3050E+02 -3.3668E+02  7.1691E+01
0005733   9.2937E+02  4.0775E+02 -1.4715E+01
0005734   1.2487E+02 -4.7826E+01 -2.2280E+02
0005735   1.2233E+03  3.1925E+02  9.3823E+01
0005736   9.9087E+02 -2.8907E+02 -5.5860E+02
0005737   1.1679E+03 -9.0432E+01  6.6381E+02
0005738   4.4083E+02  2.9671E+02 -1.6799E+02
0005739   8.6558E+02  1.8329E+02 -5.3194E+02
0005740   8.5246E+02 -2.2516E+02  2.1451E+02
0005741   6.1123E+02  3.8691E+02 -1.2503E+02
0005742   1.1297E+03 -6.1308E+01 -1.2936E+02
0005743   9.1323E+02 -2.4584E+02 -2.1136E+01
0005744   7.0585E+02 -1.1613E+02 -2.8163E+02
0005745   9.5218E+02  1.1863E+02  1.2424E+02
0005746   1.2263E+03 -4.7467E+01  4.4360E+01
0005747   1.0851E+03 -2.2886E+02  1.5580E+01
0005748   1.8037E+02 -2.2784E+01  7.8016E+01
0005749   1.4259E+03  4.1607E+02 -9.0949E+02
0005750   2.9902E+02  4.9235E+02 -3.9150E+01
0005751   8.3468E+02 -4.3265E+02 -3.1705E+02
0005752   4.4283E+02  4.6745E+02  7.9485E+02
0005753   5.0887E+02  5.1245E+02 -6.2912E+02
0005754   6.7611E+02 -2.6380E+01 -5.4919E+02
0005755   9.3027E+02  2.0313E+02 -2.5179E+02
0005756   1.6070E+03 -2.6945E+02  2.4847E+02
0005757   7.1830E+02 -7.4510E+02  7.5657E+02
0005758   1.1338E+03  4.0065E+02 -2.9418E+02
0005759   5.7328E+02 -2.1496E+02  2.5492E+02
0005760   6.0317E+02 -3.9945E+02  2.1611E+02
0005761   5.9013E+02  2.2908E+02 -1.2682E+02
0005762   5.4965E+02 -4.5802E+01 -2.5725E+01
0005763   9.6907E+02  3.7032E+02 -1.8024E+01
0005765   4.0294E+02  5.8230E+01 -3.1339E+02
0005766   7.4996E+02 -4.3054E+02  5.4356E+02
0005767   5.1663E+02 -4.6014E+01  4.5059E+02
0005768   6.2436E+02 -4.7960E+02 -2.9987E+02
0005769   1.0204E+03 -2.7616E+02  4.1391E+02
0005770   9.9514E+02 -4.2396E+02 -6.4765E+02
0005771   1.4695E+03 -4.2627E+02  6.4629E+01
0005772   2.5684E+02  2.4730E+02 -1.1477E+02
0005773   1.2452E+03  1.7694E+02  8.3221E+01
0005774   2.4004E+02 -9.2796E+00 -7.8929E+01
0005775   1.0745E+03 -3.6700E+02  4.8133E+02
0005776   2.8660E+02 -6.4470E+02 -1.7342E+02
0005777   6.7844E+02 -3.9574E+02  8.1263E+02
0005778   5.0731E+02 -1.9161E+02  3.0945E+02
0005779   4.7644E+02  2.8377E+02 -2.0008E+02
0005780   2.1997E+02 -3.9922E+02  5.6155E+02
0005781   4.3705E+02 -4.2079E+01 -2.8642E+02
0005782   2.9186E+02  1.7722E+02 -7.0150E+02
0005783   2.8423E+02  2.8801E+02 -6.8454E+02
0005784   7.8815E+02 -2.5580E+01 -1.0836E+02
0005785   2.5837E+02  3.5315E+02 -2.8777E+02
0005786   1.1849E+03 -1.4054E+02 -5.6218E+02
0005787   1.5535E+02  4.0818E+02 -2.3840E+02
0005788   1.4384E+03  4.8481E+01 -1.8073E+02
0005789   1.5153E+03 -1.2045E+02  2.4636E+02
0005790   6.5387E+02  7.5616E+01  9.4501E+01
0005791   7.4615E+02 -6.3886E+01  2.9849E+02
0005792   1.0052E+03 -1.0105E+02  8.1769E+01
0005793   1.2433E+03  3.7201E+01 -3.5389E+02
0005794   9.8677E+02 -6.0850E+00  3.1036E+02
0005795   1.1639E+03  2.8330E+02  7.4927E+02
0005796   8.6310E+02 -6.3278E+02 -2.7630E+01
0005797   7.8195E+01 -6.7414E+02  5.8976E+01
0005798   1.0021E+03 -1.9016E+02  6.4908E+02
0005799   2.3012E+02  1.2277E+02  4.4500E+01
0005800   9.6386E+02 -2.3944E+02  4.9669E+02
0005801   1.0810E+03  3.8739E+02 -7.8842E+01
0005802   4.7141E+02 -4.3549E+02 -5.6449E+01
0005803   8.5789E+02 -4.2940E+02  2.0597E+01
0005804   4.3300E+02 -2.1303E+02  1.2787E+02
0005805   5.7547E+02 -3.6698E+02  1.7576E+02
0005806   8.4258E+02  7.9794E+01  1.0988E+02
0005807   8.1601E+02  3.2844E+02 -1.4044E+02
0005808   1.5788E+02  4.3604E+02 -3.3271E+02
0005809   1.1503E+03 -5.3134E+02  4.0232E+02
0005810   8.0116E+02  8.2716E+01  1.9506E+01
0005811   1.6154E+03 -2.4333E+02  2.9612E+02
0005812   2.9602E+02 -8.1511E+02  1.8990E+02
0005813   8.3943E+02  2.7832E+01  5.8850E+01
0005814   2.5274E+02 -2.1134E+02 -1.2150E+02
0005815   5.8268E+02 -2.6474E+02 -2.6980E+02
0005816   1.0507E+02 -2.3823E+02 -3.6970E+02
0005817   6.4194E+02 -4.9745E+02 -4.0815E+02
0005818   7.9929E+02 -2.6649E+02 -3.3330E+02
0005819   1.5284E+03 -2.3311E+02 -5.0285E+02
0005820   4.8208E+02 -4.0210E+01 -2.3828E+02
0005821   7.2631E+02 -2.2678E+02 -2.7726E+02
0005822   8.1942E+02  5.5208E+02  1.0063E+02
0005823   2.1459E+02 -7.6937E+01  1.4317E+02
0005824   4.6752E+02  3.2656E+02 -2.1933E+02
0005825   1.3312E+03  2.3057E+02 -5.8141E+02
0005826   6.7308E+02 -1.8241E+02 -2.7529E+02
0005827   3.0608E+02 -3.3677E+02  2.8393E+02
0005828   9.2198E+02  4.7855E+02 -3.5630E+02
0005829   9.9064E+02  3.5013E+01  8.4874E+02
0005830   8.8328E+02  4.6656E+02  9.0455E+02
0005831   8.0760E+02  4.0148E+02 -1.2839E+02
0005832   8.0255E+02  3.0961E+02 -2.5833E+02
0005833   1.0358E+03 -1.5619E+02  1.2473E+02
0005834   4.6885E+02 -2.4938E+02 -3.3839E+02
0005835   1.4369E+03  1.3830E+02  4.8394E+02
0005836   1.1387E+03 -2.5738E+02 -8.0162E+02
0005837   1.0337E+03 -3.0965E+02 -6.7417E+02
0005838   1.0621E+03  5.4712E+02  3.2473E+02
0005839   1.0899E+03 -1.6312E+02  1.1058E+02
0005840   5.2603E+02 -1.0164E+03  5.8588E+02
0005841   5.5453E+02 -4.1843E+02  9.5364E+01
0005842   2.2323E+02 -1.6395E+02  1.3347E+02
0005843   1.5592E+03 -8.5595E-01 -1.3692E+02
0005844   4.9907E+02  2.9596E+02 -3.5657E+02
0005845   7.1073E+02 -1.2515E+02  1.8888E+02
0005846   1.0066E+02  2.2175E+02  3.1244E+02
0005847   1.8345E+02  5.4629E+01 -1.7867E+02
0005848   1.0418E+03  1.5314E+02 -8.3462E+00
0005849   5.3187E+02 -8.8548E+01  7.2427E+01
0005850   6.9247E+02  7.7331E+01 -3.0206E+01
0005851   9.4192E+02  2.0095E+02  1.6735E+02
0005852   7.9803E+02 -3.4812E+02 -3.2892E+02
0005853   3.5351E+02  1.7294E+02 -3.1711E+02
0005854   1.4328E+03 -1.2376E+01 -1.4121E+01
0005855   1.0855E+03  3.9330E+02  2.6790E+02
0005856   4.3354E+02  4.6330E+02 -2.3177E+02
0005857   5.2813E+02 -2.9443E+02  2.3442E+02
0005858   1.1491E+03  5.2798E+02 -1.4070E+02
0005859   5.1622E+02  2.3189E+02  1.6415E+02
0005860   8.0661E+02 -1.9643E+02 -4.1019E+02
0005861   8.7533E+02  4.2931E+02 -6.3572E+02
0005862   1.3370E+03  3.0969E+02 -1.8719E+02
0005863   7.3728E+02 -2.1469E+02 -1.3148E+02
0005864   4.5543E+02 -1.9204E+02  3.7750E+02
0005865   7.4670E+02 -3.1719E+02 -3.3032E+02
0005866   5.1493E+02  3.3201E+02  1.3940E+01
0005867   4.6451E+02  5.5657E+02  2.5298E+02
0005868   1.2016E+03 -1.5099E+02 -1.4127E+02
0005869   7.0400E+02  1.7095E+02 -1.9465E+02
0005870   1.6201E+02  5.8208E+02 -9.1529E+01
0005871   1.7810E+02 -6.4473E+01 -3.5948E+01
0005872   8.2182E+02  2.6886E+02  4.2609E+01
0005873   7.4814E+02  3.7308E+02  7.2642E+02
0005874   7.2962E+02  4.1210E+01  2.1192E+02
0005875   3.4553E+02 -6.0008E+01  2.7261E+02
0005876   2.2181E+02  9.6607E+01 -7.9224E+01
0005877   5.3660E+02 -4.4417E+02 -3.2662E+02
0005878   8.8565E+02  2.7122E+02 -7.7448E+01
0005879   3.1126E+02  4.8630E+01 -4.2688E+02
0005880   1.1417E+03 -4.2559E+02 -2.0718E+02
0005881   1.2705E+03  9.4596E+01  4.7644E+01
0005882   8.3690E+02  3.3697E+02  1.6585E+02
0005883   4.6808E+02  2.9691E+02 -5.2217E+02
0005884   3.6356E+02 -2.2503E+02  1.0135E+03
0005885   6.2814E+02  6.6925E+02 -4.4603E+02
0005886   1.0170E+03 -1.7350E+02 -2.1374E+02
0005887   6.4369E+02  5.3722E+02 -3.9412E+02
0005888   7.0320E+02 -2.5354E+02  1.3837E+02
0005889   2.9153E+02 -1.1127E+02  3.6850E+02
0005890   1.3680E+03 -6.6122E+01 -3.6506E+02
0005891   4.4857E+02 -4.0490E+02  1.6751E+02
0005892   6.0769E+02  4.8878E+02 -7.5082E+02
0005893   8.0734E+02 -5.9348E+02 -1.2393E+02
0005894   7.7019E+02 -1.1593E+02  2.5259E+02
0005895   8.1154E+02 -2.9788E+02 -6.2902E+02
0005896   8.5308E+02  6.7650E+02  2.6959E+02
0005897   9.6344E+02 -3.5594E+02 -9.7682E+01
0005898   9.4255E+02 -1.6803E+02  1.9973E+02
0005899   1.1467E+03 -2.2885E+02  5.7715E+02
0005900   1.0788E+03 -1.9327E+01 -3.4606E+02
0005901   6.7619E+02  1.3824E+02  2.1923E+02
0005902   4.8049E+02  3.0694E+01 -4.9300E+02
0005903   2.6962E+02 -1.5267E+02  1.4489E+02
0005904   4.2657E+02 -2.3584E+02 -4.8456E+02
0005905   4.6940E+02 -3.7435E+02 -9.4463E+01
0005906   4.5931E+02 -1.1593E+02 -4.0453E+02
0005907   8.2898E+02 -2.5988E+02 -4.6100E+02
0005908   1.1428E+03 -7.1813E+01 -3.1861E+02
0005909   7.7500E+02  1.3012E+02  1.0771E+02
0005910   1.5054E+03 -1.8058E+02 -2.0414E+02
0005911   7.1196E+02  3.1848E+01  1.5306E+02
0005912   7.7636E+01 -3.6590E+02 -6.0984E+02
0005913   8.8686E+02 -3.9179E+02  8.4242E+02
0005914   1.2352E+03 -1.6718E+02 -2.1703E+02
0005915   6.0880E+02  8.5639E+02 -7.4291E+01
0005916   3.6439E+02 -1.1453E+02 -3.0909E+02
0005917   5.9773E+02 -4.6678E+01  1.2815E+01
0005918   3.4566E+02 -6.5402E+02 -6.9480E+01
0005919   9.8603E+02 -1.2349E+03  1.4067E+02
0005920   6.8161E+02  9.1626E+01 -2.1803E+02
0005921   1.6117E+03 -5.5726E+01 -3.0975E+02
0005922   1.0650E+03 -5.3189E+02  1.1081E+02
0005923   1.1921E+03 -8.4169E+02 -2.9824E+02
0005924   1.2343E+03 -9.8617E+01 -4.7673E+02
0005925   1.1116E+03 -5.0837E+02  9.6701E+01
0005926   9.9085E+02  2.1150E+02  2.1533E+01
0005927   2.5489E+02 -4.6441E+02  5.0346E+02
0005928   9.8679E+02 -2.2936E+02 -1.6712E+01
0005929   1.3995E+03  4.3921E+00  4.7912E+02
0005930   7.2443E+02 -4.6475E+02 -1.6850E+02
0005931   6.4717E+02  1.0620E+02  1.4564E+02
0005932   3.4390E+02 -1.0624E+02  1.5818E+02
0005933   5.2771E+02  1.7246E-01  2.6013E+02
0005934   6.4013E+02  1.9540E+02  1.6513E+02
0005935   9.7824E+02  2.5715E+02 -1.1635E+02
0005936   1.3914E+03  1.8529E+02  3.0922E+02
0005937   6.2511E+02  1.4060E+02  2.8288E+02
0005938   3.0572E+02 -4.7096E+01 -3.2014E+01
0005939   5.7215E+02  1.5590E+02 -6.6988E+02
0005940   1.5619E+03  5.6286E+01  3.5083E+02
0005941   2.0044E+02 -1.0492E+02  7.1555E+02
0005942   1.1166E+03 -2.0149E+01 -1.6986E+02
0005943   1.2229E+03 -2.8582E+02 -2.7143E+02
0005944   5.8756E+02  7.2907E+01  7.5312E+01
0005945   4.1873E+02  1.5833E+02  2.3237E+02
0005946   1.1447E+03 -8.6700E+02 -3.3529E+02
0005947   7.9144E+02 -6.6303E+01 -3.3254E+00
0005948   1.8555E+02  2.1993E+02 -2.7329E+02
0005949   4.9452E+02 -4.7584E+02  3.9728E+02
0005950   1.3165E+03 -1.4891E+02 -4.9236E+02
0005951   6.8102E+02 -9.3376E+01  5.2607E+02
0005952   1.0285E+03  2.3154E+02  7.2419E+02
0005953   6.0081E+02 -6.0340E+00  3.8578E+02
0005954   5.6097E+02 -1.5367E+02  1.0144E+02
0005955   5.4760E+02  7.8126E+01 -3.2083E+01
0005956   2.6628E+02 -7.5424E+01  6.0499E+02
0005957   1.3063E+03 -6.2642E+02  3.7086E+02
0005958   5.1554E+02 -5.0819E+02  3.6268E+02
0005959   8.0968E+02  4.7786E+02 -2.9763E+02
0005960   1.2557E+03  8.4200E+02  3.0636E+02
0005961   8.9463E+02 -7.0464E+01  4.0709E+01
0005962   1.1114E+03  1.3224E+02  8.0347E+01
0005963   9.9470E+02 -3.6303E+02 -1.3177E+02
0005964   8.5552E+01 -4.8294E+02 -2.4464E+02
0005965   9.8271E+01  2.5575E+02 -2.4332E+02
0005966   7.4910E+02 -2.8269E+02 -1.2336E+02
0005967   7.4424E+02 -6.9972E+01  3.1476E+02
0005968   5.1132E+01 -7.3756E+02 -3.4055E+02
0005969   1.1893E+03 -1.6626E+02 -1.1916E+02
0005970   7.0387E+02  2.9971E+01 -3.5441E+02
0005971   7.1476E+02 -3.6484E+02 -4.3386E+02
0005972   4.1887E+02  3.3665E+02 -2.4561E+02
0005973   1.9285E+02  1.6021E+02 -4.0006E+02
0005974   8.6978E+02  5.0661E+01  6.8096E+01
0005975   9.4650E+02  1.9859E+02  1.8306E+02
0005976   3.8558E+02  2.1346E+02 -9.2826E+02
0005977   5.5397E+02  1.0162E+03 -4.0271E+01
0005978   6.9435E+02 -4.2358E+02  2.6331E+01
0005979   6.3424E+02 -4.9204E+02  1.3266E+00
0005980   1.1865E+03  5.3818E+02 -3.7580E+01
0005981   9.0136E+02  2.6662E+02 -5.3081E+02
0005982   8.0063E+02 -2.6570E+02 -8.6972E+01
0005983   8.6276E+02  3.6026E+02 -3.9551E+02
0005984   5.1264E+02 -5.9181E+02  2.5507E+02
0005985   6.0837E+02 -4.3426E+01 -2.5929E+02
0005986   5.3614E+02  3.5083E+02 -5.2806E+02
0005987   1.2321E+03  2.7372E+02 -2.3635E+02
0005988   4.1479E+02 -3.9692E+02  4.8213E+01
0005989   8.1886E+02 -3.1597E+02  2.4461E+02
0005990   4.6189E+02  1.7886E+01  2.0819E+02
0005991   3.6436E+02  4.1305E+02 -2.3042E+02
0005992   8.4032E+02 -4.2433E+02 -1.9837E+02
0005993   1.1380E+03  1.7759E+01 -6.4953E+00
0005994   5.2219E+02 -3.7316E+02  8.1315E+01
0005995   3.8467E+02 -2.6535E+02  3.6460E+02
0005996   9.4901E+02 -3.3709E+02  1.2873E+02
0005997   5.5712E+02  4.4116E+01  3.3887E+02
0005998   7.3846E+02 -8.8223E+01 -4.5651E+02
0005999   3.6736E+02  3.6238E+02  9.8810E+01
0006000   3.9865E+02 -6.7291E+01 -1.1582E+02
0006001   6.6516E+02 -5.2714E+02 -6.4014E+01
0006002   6.2922E+02  5.0841E+02  6.3587E+01
0006003   1.4668E+02 -3.9293E+02  2.2602E+02
0006004   1.5088E+02 -2.4726E+02 -1.3102E+02
0006005   8.3634E+02  4.9017E+02 -1.8619E+02
0006006   9.6064E+02 -2.2458E+02 -4.9231E+01
0006007   9.1011E+02  5.1807E+02 -2.9542E+02
0006008   4.5802E+02  3.3550E+02  3.0178E+02
0006009   9.1711E+02  8.2743E+01  6.9644E+02
0006010   8.8831E+02  2.4563E+02  1.6460E+02
0006011   7.1471E+02 -1.2713E+02  3.6175E+02
0006012   6.1124E+02  2.6167E+01  1.3213E+02
0006013   8.7423E+02 -5.5951E+01 -1.2817E+02
0006014   1.0768E+03  5.9937E+02 -1.5817E+02
0006015   8.0330E+02  5.9306E+02 -4.6742E+02
0006016   5.9391E+02 -2.5444E+02  4.8099E+02
0006018   1.2906E+03 -3.2797E+02  8.1638E+01
0006019   7.4881E+02 -8.8920E+01 -1.5884E+02
0006020   8.8805E+02 -7.3895E+02 -2.4857E+02
0006021   2.8536E+02 -5.1232E+01  1.0960E+01
0006022   5.5658E+02 -2.3713E+02  1.8073E+01
0006023   1.6841E+03  3.6931E+02  2.8428E+02
0006024   4.1591E+02  9.1769E+02 -1.5846E+02
0006025   4.8262E+02  1.1217E+03  2.0739E+02
0006026   4.0926E+02 -1.4882E+02 -2.4304E+02
0006027   5.6472E+02  7.4379E+01 -3.2101E+02
0006028   2.7045E+02  2.1023E+02 -1.7089E+02
0006029   1.5551E+03  1.0260E+02 -1.6252E+02
0006030   9.8031E+02  7.1932E+02  4.4218E+01
0006031   6.2511E+02 -4.0100E+02  4.3924E+02
0006032   3.4476E+02  5.2130E+01 -1.4562E+02
0006033   8.0292E+02 -3.9158E+02 -6.3989E+02
0006034   7.0530E+02 -2.8001E+02  5.5243E+01
0006035   1.1571E+03  5.5683E+02 -1.4440E+02
0006036   6.7495E+02  8.6127E+02  6.7247E+02
0006037   1.8109E+02  1.1797E+02  3.8137E+01
0006038   5.5188E+02  5.0656E+01  6.4056E+02
0006039   1.2425E+03  4.5866E+01  5.3900E+02
0006040   3.5450E+02  2.0249E+02 -3.0499E+02
0006041   1.7049E+03  4.5618E+02  2.9851E+02
0006042   8.4640E+02 -3.8509E+02 -1.4058E+02
0006043   1.2689E+03  9.3150E+01 -1.4218E+02
0006044   9.6387E+02 -2.4761E+02  2.1779E+02
0006045   2.9980E+01 -1.5084E+02  1.8141E+01
0006046   1.4814E+02 -2.8341E+02 -2.6125E+01
0006047   2.5617E+02 -2.3731E+02  2.3110E+02
0006048   3.2707E+02 -1.6947E+01  4.9092E+02
0006049   2.2958E+02  6.5880E+01  4.9704E+01
0006050   8.4116E+02 -4.6167E+02 -6.4805E+02
0006051   7.7128E+02 -7.9405E+02  2.0630E+02
0006052   7.9560E+02  3.5051E+02  3.8165E+02
0006053   6.1772E+02 -6.8922E+00  5.0076E+02
0006054   7.3889E+02 -3.6533E+02  1.4327E+01
0006055   9.8773E+02 -3.7791E+02 -5.8074E+02
0006056   3.1045E+02  8.6162E+01  3.7202E+02
0006057   2.1415E+02 -1.3210E+02 -2.9577E+02
0006058   8.6082E+02  2.3499E+02  1.5466E+02
0006059   5.2358E+02 -1.3195E+02  4.0387E+02
0006060   4.1794E+02 -2.7287E+02  4.3457E+02
0006061   3.3060E+02 -1.0446E+02 -1.5039E+02
0006062   4.2713E+02 -5.4676E+02 -3.0949E+02
0006063   6.6452E+02 -2.8942E+02 -2.9426E+02
0006064   1.2532E+03  9.4233E+01  2.5292E+01
0006065   1.5962E+03  2.2708E+02  7.6384E+01
0006066   1.7359E+02 -3.9458E+01 -7.4132E+01
0006067   1.2481E+02  1.5570E+02  1.2488E+03
0006069   1.1416E+03  1.2311E+02  1.1334E+01
0006070   5.5315E+02  3.6434E+01 -1.5659E+02
0006071   7.1628E+02  5.1665E+02 -2.7019E+02
0006072   1.1035E+03  5.4622E+02  4.6138E+02
0006073   9.2503E+02 -3.6201E+02 -2.0047E+02
0006074   6.1243E+02  6.8563E+02  2.2228E+02
0006075   1.0730E+03  2.0479E+02 -2.7664E+02
0006076   1.6678E+02 -1.6186E+02 -5.0887E+02
0006077   9.8405E+02  2.3663E+02 -5.6388E+02
0006078   7.1002E+02 -4.2525E+02  2.6546E+01
0006079   1.0154E+02  1.2672E+02  1.8155E+02
0006080   1.7643E+03  1.5963E+02 -1.9465E+02
0006081   1.4445E+03  1.3566E+02  2.0289E+02
0006082   3.8237E+02 -1.1576E+02 -8.5447E+01
0006083   8.6865E+02  3.3124E+02  1.8889E+02
0006084   1.2267E+03  7.8085E+01 -1.3192E-01
0006085   1.0537E+03  1.9048E+02  2.9951E+01
0006086   8.8084E+02  2.1242E+02  8.8293E+02
0006087   9.2586E+02 -3.4583E+02  7.1697E+02
0006088   5.0954E+02  4.1960E+02 -6.9222E+02
0006089   9.5606E+02  6.7674E+02  3.9772E+02
0006091   6.1580E+02  1.9975E+02  2.8964E+02
0006092   9.3966E+02 -9.2834E+02 -7.7391E+01
0006093   9.7809E+02  2.0280E+02 -2.6191E+02
0006094   5.5485E+02  4.4190E+02  7.0303E+01
0006095   1.4232E+03 -7.3507E+01  5.6981E+02
0006096   5.3343E+02 -3.9734E+01 -6.1837E+01
0006097   6.5102E+02  5.2794E+02 -2.6490E+02
0006098   6.3581E+02  1.5766E+02  7.4374E+02
0006099   5.7372E+02 -8.9671E+01  1.2668E+02
0006100   2.4236E+01 -1.3132E+01 -5.3510E+01
0006101   8.7986E+02 -4.5700E+02 -1.4194E+01
0006102   5.2071E+02 -4.6767E+02  2.2451E+02
0006103   3.6934E+02 -7.2697E+02 -4.6511E+01
0006104   9.2994E+02  3.9335E+02 -5.2668E+02
0006105   8.3143E+02  4.2059E+01 -9.2697E+02
0006107   1.5053E+03  3.1097E+02 -2.5092E+02
0006108   3.7427E+02 -3.8077E+02  8.6347E+01
0006109   8.3479E+02  5.3207E+02  1.5879E+02
0006110   1.8205E+03  5.5918E+01  2.3391E+02
0006111   6.7121E+02 -8.8482E+01 -1.3017E+02
0006112   7.6528E+02 -4.1651E+02 -5.1048E+02
0006113   7.9818E+02  5.3791E+02 -5.2104E+02
0006114   3.7607E+02 -3.8344E+02  1.9753E+02
0006115   1.0736E+02 -1.2297E+02  6.9226E+02
0006116   5.8941E+02  3.0314E+02 -4.3845E+02
0006117   3.5868E+02 -7.3676E+01  5.9466E+02
0006118   3.7450E+01 -3.8603E+02 -1.3165E+02
0006119   8.3317E+02  1.1307E+02 -6.5695E+02
0006120   9.9783E+02 -1.4087E+02 -1.5358E+02
0006121   1.6767E+03  3.5106E+02 -1.6147E+02
0006122   9.4888E+02  3.1581E+00  4.8730E+02
0006123   5.5579E+02  3.7714E+02  5.9555E+02
0006124   8.4335E+02  7.0254E+02 -1.7250E+02
0006125   1.3257E+03  2.0591E+02  2.0954E+02
0006126   1.3350E+03 -4.8037E+02  2.0302E+02
0006127   3.2194E+02 -1.0530E+02  2.9596E+02
0006128   7.8740E+02 -3.7782E+02 -1.8562E+02
0006129   1.0654E+03 -4.0148E+01  3.4695E+02
0006130   8.5849E+02 -1.2187E+02  3.2606E+02
0006131   1.1672E+03 -9.1123E+02 -3.0412E+02
0006132   1.3414E+03 -3.1503E+01  3.0884E+02
0006133   6.3062E+02  6.2225E+01 -2.9682E+02
0006134   7.9835E+02  2.3990E+02  1.8937E+02
0006135   6.6872E+02  2.5121E+02 -4.9671E+02
0006136   1.1711E+03 -7.9138E+01  1.0739E+02
0006138   7.7806E+02  1.2406E+02  7.0579E+02
0006139   4.5211E+02 -4.2566E+02  2.5541E+01
0006140   2.6350E+02  1.3220E+01 -5.9663E+01
0006141   9.6663E+02 -3.6660E+02 -2.7832E+00
0006142   1.0187E+03 -4.5395E+02  5.2482E+02
0006143   9.0574E+02 -3.2231E+02  6.2325E+01
0006144   1.6745E+03 -6.0181E+01  1.4950E+02
0006145   5.0832E+02  1.0670E+02  2.5146E+02
0006146   7.4813E+02 -4.8567E+02 -1.3358E+02
0006147   6.1603E+02  1.4559E+02 -1.8823E+02
0006148   5.1535E+02  2.4011E+02  8.6463E+02
0006149   1.6944E+03 -5.8978E+01  1.5099E+01
0006150   1.5054E+03 -4.6753E+01  1.4881E+02
0006151   4.8129E+02 -4.6979E+02 -2.7110E+02
0006152   5.3069E+02  9.7232E+01 -6.6759E+02
0006153   8.1416E+02  1.6449E+02  1.4810E+02
0006154   6.8625E+02  4.2779E+02  6.1591E+02
0006155   6.5016E+02 -4.7229E+02  1.2601E+02
0006156   8.2715E+02 -4.7507E+01 -1.6228E+02
0006157   7.3742E+02 -3.7707E+02  6.7591E+02
0006158   6.5584E+02 -7.3754E+02  2.5523E+02
0006159   2.2554E+02  1.0596E+02  1.5409E+02
0006160   9.0041E+02  1.9302E+01 -1.9307E+02
0006161   7.5439E+02  2.7147E+02  2.0954E+02
0006162   2.2126E+02 -6.8426E+02  3.1522E+02
0006163   1.2965E+03  4.3748E+02  1.7758E+02
0006164   8.9284E+02  1.7634E+02  5.5179E+02
0006165   5.3466E+02 -5.4103E+02  7.1589E+01
0006166   2.1693E+02  3.5978E+01 -4.1813E+01
0006167   6.4999E+02 -6.2810E+02  5.4202E+02
0006168   5.2927E+02  5.8134E+01 -2.8458E+02
0006169   4.3105E+02 -2.1635E+02 -8.5956E+02
0006170   6.8693E+02  8.6880E+01  2.6091E+02
0006171   2.1366E+02  1.1171E+02 -2.7907E+02
0006172   5.8077E+02 -1.4502E+02  6.2416E+01
0006173   9.3654E+02 -5.4467E+02 -5.6048E+01
0006174   6.6690E+02 -8.6891E+01 -2.1386E+02
0006175   6.4882E+01  6.3485E+01  3.1643E+02
0006176   8.3547E+02  4.6382E+02  2.0100E+02
0006177   6.6988E+02  6.0136E+01 -1.1969E+01
0006178   1.0778E+03  6.0857E+02 -7.1243E+02
0006179   1.0396E+03  5.8767E+01  1.2095E+02
0006180   1.3740E+03  3.1111E+02  3.7287E+02
0006181   7.1829E+02  5.0640E+02 -6.9590E+02
0006182   9.0423E+02 -2.0555E+02  2.9748E+02
0006183   8.0667E+02 -5.0594E+01 -5.2988E+02
0006184   5.6968E+02 -4.5515E+01  1.6989E+02
0006185   1.2954E+03 -1.2348E+02  4.2959E+02
0006186   1.0834E+03  3.4069E+02 -5.5377E+01
0006187   2.6873E+02 -1.3463E+02 -2.2576E+02
0006188   9.5911E+02  1.6829E+01  2.0108E+02
0006189   9.0982E+02  3.6763E+02  8.4844E+02
0006190   9.2029E+02 -3.0815E+02 -2.7788E+02
0006191   1.2751E+03  4.0853E+02 -1.2880E+02
0006192   6.0778E+02 -2.8095E+02  2.1847E+02
0006193   6.1872E+02 -8.3183E+01 -5.7220E+02
0006194   1.0001E+03  4.8079E+02  2.1717E+02
0006195   7.4421E+02  4.3054E+02  2.3365E+02
0006196   1.2151E+03  3.3858E+02  5.4136E+02
0006197   1.1410E+03 -4.3008E+02 -2.1048E+02
0006198   1.4997E+03  4.4278E+02  2.8839E+01
0006199   6.9321E+02 -1.4360E+02 -1.6158E+02
0006200   1.0422E+03 -6.2614E+02  2.6249E+02
0006201   6.0310E+02 -9.4695E+01  3.2468E+02
0006202   3.4051E+02  1.1898E+02 -2.0489E+02
0006203   6.1367E+02 -3.3208E+02  1.1776E+02
0006204   5.6781E+02  8.4843E+02 -6.7121E+02
0006205   6.0736E+02  2.7772E+02 -1.9991E+02
0006206   6.0827E+02  4.5088E+02  4.0969E+02
0006207   1.3452E+03  1.6417E+02 -3.2345E+01
0006208   7.0230E+02  1.4804E+02 -3.3221E+02
0006209   1.1763E+03  6.3801E+02  5.9351E+02
0006210   6.9780E+02 -1.6760E+02 -2.8950E+02
0006211   1.2213E+03  3.3268E+01  2.3993E+02
0006212   7.3526E+02 -7.6290E+02 -2.6579E+02
0006213   2.4747E+02  3.6235E+02 -2.4051E+02
0006214   5.9077E+02 -4.4467E+00  1.5424E+02
0006215   4.1292E+02 -4.1774E+02 -4.1525E+02
0006216   9.1516E+02  9.6022E+01 -9.3714E+01
0006217   1.1491E+03  4.9148E+02 -4.9146E+02
0006218   5.2973E+02  1.0123E+02  7.5818E+02
0006219   9.0489E+02  9.2384E+02 -2.2746E+02
0006220   1.3184E+03  4.2413E+02 -1.0734E+03
0006221   6.3623E+02 -6.4080E+01 -1.4146E+02
0006222   3.1569E+02 -1.8178E+02 -4.1383E+02
0006223   7.9810E+02 -5.1031E+02  5.7628E+01
0006224   8.0870E+02 -5.0993E+02 -4.9229E+02
0006225   9.8963E+02  1.7209E+02  3.8596E+01
0006226   9.9475E+02 -1.9540E+02  6.3801E+01
0006227   4.6844E+02  9.0804E+01  4.1202E+02
0006228   8.4064E+02  4.3434E+02  1.6540E+02
0006229   7.8745E+02  2.2539E+02  1.4455E+02
0006230   3.7087E+02  1.8024E+00  2.4024E+02
0006231   8.6612E+02  5.5872E+02  1.3078E+02
0006232   3.9012E+02  1.8090E+02  3.3839E+02
0006233   3.7045E+01 -5.3835E+02 -3.0637E+02
0006234   1.1861E+03  4.2535E+02 -2.1997E+02
0006235   4.0251E+01 -2.0877E+02  1.5532E+02
0006236   4.5821E+02  4.4443E+02  5.6389E+01
0006237   5.7706E+02  3.9729E+02 -7.1554E+02
0006238   3.5285E+02 -3.2167E+02 -7.3580E+02
0006239   1.0125E+03  7.6629E+01  4.2940E+02
0006240   1.0539E+03 -1.5216E+02  2.9904E+02
0006241   2.2224E+02  9.1906E+01 -4.1897E+02
0006242   7.8336E+02  3.5764E+02  4.5716E+02
0006243   4.0414E+02  1.8836E+02  1.9433E+02
0006244   7.5738E+02  3.2130E+02  2.8850E+00
0006245   1.0722E+03  2.2202E+02 -6.2387E+01
0006246   7.5043E+02 -8.1665E+01 -2.8422E+02
0006247   6.5629E+02  1.2684E+02 -6.5300E+02
0006248   7.9238E+01 -2.1774E+02  4.3548E+01
0006249   3.4426E+02  5.2972E+02 -1.2209E+02
0006250   5.5731E+02 -1.0485E+02  2.4231E+02
0006251   1.0583E+03  3.3710E+01 -2.1204E+02
0006252   8.5985E+02  5.3055E+02  2.6121E+02
0006253   8.2932E+02  1.7686E+02  5.6502E+02
0006254   1.0148E+03  4.2181E+02 -5.7061E+01
0006255   8.2225E+02 -2.8037E+01 -3.1531E+02
0006256   3.5560E+02 -5.5168E+02 -2.1008E+02
0006257   1.0213E+03  2.5613E+02  4.3062E+02
0006258   1.1221E+03  1.9112E+02  2.2858E+02
0006259   3.7438E+02 -9.8046E+02 -6.6925E+02
0006260   1.2654E+03  7.0578E+02 -5.8852E+01
0006261   6.2141E+02 -2.9128E+02 -9.1488E+02
0006262   4.7198E+02 -2.1274E+02  7.6685E+02
0006263   1.7414E+03  3.2268E+02  3.7508E+02
0006264   3.9327E+02  3.5309E+02 -5.7016E+01
0006265   6.4052E+02  5.5934E+02 -6.2939E+02
0006266   7.8285E+02  1.4317E+02 -8.9862E+01
0006267   5.0689E+02 -3.4018E+01  3.5314E+02
0006268   3.9581E+02  1.0661E+02 -1.0824E+02
0006269   7.8864E+02 -9.6594E+00 -1.4015E+02
0006270   9.9402E+02 -1.4928E+02 -5.0529E+02
0006271   6.9162E+02  3.1327E+02  2.2588E+02
0006272   2.9459E+02 -4.2172E+01  6.3363E+01
0006273   5.6848E+02 -3.7232E+02 -2.2490E+02
0006274   1.5915E+03 -1.8536E+02  4.4895E+02
0006275   6.9527E+02  2.8442E+02 -7.4445E+02
0006276   1.1582E+03 -7.8040E+02 -7.8516E+01
0006277   9.0224E+02 -1.3877E+02 -9.7419E+01
0006278   1.4184E+03  1.2247E+03 -6.4485E+02
0006279   9.9013E+02 -3.2140E+02  6.1423E+02
0006280   8.3164E+01 -1.2503E+02 -2.5645E+02
0006281   1.6317E+03  2.4891E+02 -4.7835E+02
0006282   1.4859E+03  3.9016E+01 -3.2167E+02
0006283   7.5665E+02  1.2767E+01  7.0894E+01
0006284   3.9519E+02 -4.8370E+02  1.0393E+02
0006285   7.3994E+02 -1.0630E+02 -3.1186E+01
0006286   9.3746E+02  6.9014E+02  3.9927E+02
0006287   1.3768E+02 -3.2360E+02 -2.0326E+02
0006288   1.0760E+03  3.0570E+01 -1.0005E+02
0006289   6.6107E+02 -5.1618E+01  3.1504E+02
0006290   8.8688E+02 -1.1451E+02 -3.8400E+02
0006291   5.7183E+02  5.5179E+02  1.1161E+02
0006292   4.7365E+02 -2.5781E+02  2.7951E+02
0006293   5.0547E+02  6.3579E+02  4.4188E+02
0006294   7.9544E+02 -1.4480E+02 -1.4442E+02
0006295   1.3628E+03  8.0396E+02 -6.6203E+02
0006296   1.0160E+03  7.5444E+01  7.7479E+01
0006298   8.3656E+02 -3.4901E+02 -2.9194E+02
0006299   8.4731E+02  8.8784E+01 -1.9283E+02
0006300   6.9171E+02  6.5772E+02  8.7855E+01
0006301   6.8231E+02 -4.2460E+02 -2.6132E+01
0006302   2.7749E+02 -2.4204E+02 -1.0141E+02
0006303   6.4539E+02  3.1519E+02  1.6255E+02
0006304   1.1054E+03 -4.0923E+01 -3.5211E+02
0006305   5.2608E+02 -1.4306E+02 -1.6728E+02
0006306   8.6564E+02 -1.5839E+02  5.1456E+02
0006307   9.8650E+02 -5.6593E+02 -4.8249E+02
0006308   7.5183E+02 -3.3904E+02  3.6188E+02
0006309   6.7887E+02  1.0869E+02 -1.1059E+02
0006310   6.7265E+02 -2.9952E+02 -3.9643E+02
0006311   6.3703E+02 -2.1552E+02 -1.9615E+01
0006312   4.9003E+01  1.1490E+02  3.9729E+02
0006313   8.0182E+02 -3.4770E+02 -2.8286E+02
0006314   6.1176E+02 -2.5406E+02 -1.3721E+02
0006315   3.5981E+02 -1.9337E+02 -4.7516E+01
0006316   6.9384E+02  1.7863E+02 -4.9886E+02
0006318   8.8206E+02  2.6364E+02  8.9804E+01
0006319   3.1586E+02 -4.1134E+02  9.5366E+02
0006320   2.0573E+02 -6.7235E+01  4.0144E+02
0006321   1.1536E+03 -1.0813E+02  3.6919E+02
0006322   1.3057E+03  2.0327E+02 -4.1156E+02
0006323   1.5388E+03  3.1823E+02 -6.2136E+02
0006324   1.4929E+03 -4.9582E+02 -1.3855E+02
0006325   1.2138E+03 -2.7379E+02 -2.5061E+02
0006326   1.4351E+03  1.1259E+02  1.0146E+02
0006327   9.9102E+02  7.3106E+01  2.2203E+02
0006328   8.1261E+02  6.3160E+02  4.7844E+02
0006329   1.2020E+03 -1.2393E+02 -5.4642E+01
0006330   6.8807E+02  4.1529E+02  4.4840E+02
0006331   1.1957E+03  6.6581E+02 -5.6219E+02
0006332   7.0205E+02  9.3810E+02  4.8795E+02
0006333   5.2711E+02  1.5594E+02 -7.8551E+01
0006334   6.6530E+02 -5.0127E+02  1.5722E+02
0006335   6.5694E+02  1.5894E+02 -3.5352E+02
0006336   5.6581E+02 -2.3068E+02 -3.3040E+02
0006337   6.6826E+01 -4.6631E+02  1.9992E+02
0006338   9.4072E+02 -5.5297E+02 -1.8340E+01
0006339   1.4378E+03  3.2666E+02  2.9037E+01
0006340   1.0153E+03  1.6904E+02 -5.9054E+01
0006341   7.9553E+02  6.4437E+02  1.2210E+02
0006342   1.3922E+03  1.8531E+02  5.5137E+02
0006343   1.1243E+03  2.1386E+02 -1.3628E+02
0006344   8.4606E+02  4.0387E+02  2.5086E+02
0006345   1.4416E+03  3.8901E+02  6.1894E+02
0006346   1.0147E+03 -1.3610E+02  8.2264E+01
0006347   1.0865E+02 -3.9930E+02 -2.5393E+02
0006348   1.3609E+03  1.4099E+02 -6.4509E+02
0006349   5.6365E+02  2.6619E+02  1.1597E+02
0006350   2.8601E+02  4.2548E+02  3.0658E+00
0006351   5.3366E+02  1.8552E+02 -1.8555E+02
0006352   1.1147E+03 -4.0366E+02 -3.5320E+02
0006353   6.3859E+02 -5.7635E+02  7.4588E+02
0006354   1.0310E+03 -5.5848E+02  8.8158E+02
0006355   8.5856E+02  2.3443E+01  3.3010E+02
0006356   6.5879E+02  7.0115E+02  4.7271E+02
0006357   6.1083E+02  3.7197E+02 -5.3055E+02
0006358   3.0766E+01 -1.7610E+02 -3.7928E+02
0006359   1.0721E+03 -1.1376E+02 -1.7787E+02
0006360   1.0162E+03  5.2645E+02 -3.6616E+02
0006361   1.0911E+03  3.6299E+00 -4.0122E+02
0006362   1.2301E+03 -1.6733E+02 -1.1302E+02
0006363   4.1666E+02  4.9552E+02  4.0759E+02
0006364   3.0857E+02 -2.1476E+02 -1.7843E+02
0006365   1.3634E+02 -2.7200E+02  1.6762E+02
0006366   1.9134E+02 -3.2049E+02  2.0369E+02
0006367   9.4987E+02  3.3934E+02  7.1918E+01
0006368   6.8427E+02 -3.5850E+02 -3.1315E+02
0006369   3.2375E+02 -6.2504E+02  1.9393E+02
0006370   6.5634E+02 -8.1327E+02  3.9186E+02
0006371   1.2287E+03 -2.6333E+02  2.3622E+02
0006372   5.3575E+02  1.3005E+01  1.1650E+01
0006373   6.0320E+01  2.5099E+02 -1.9201E+02
0006374   8.2680E+02  1.4996E+02 -2.0569E+02
0006375   1.0921E+03  7.8147E+01  5.1962E+02
0006376   1.3399E+03 -1.8488E+02 -4.1778E+02
0006377   3.4611E+02 -3.2860E+02  9.4356E+01
0006378   1.1033E+03 -4.6008E+02  1.6816E+02
0006379   5.7720E+02 -1.8664E+02 -3.0298E+01
0006380   1.4800E+03  2.3372E+02  1.6716E+02
0006381   1.4227E+03  4.4708E+02  1.0749E+02
0006382   1.0774E+03  7.1697E+01  6.6118E+02
0006383   1.3419E+03 -5.5595E+02  3.4226E+02
0006384   9.1560E+02  6.5559E+01  1.9145E+02
0006385   1.3133E+03  5.0099E+02 -2.6154E+02
0006386   5.3623E+02 -5.8354E+02  1.4335E+02
0006387   5.3314E+02 -1.5435E+02  2.8806E+02
0006388   2.7797E+02 -1.0535E+02  4.5335E+02
0006389   1.4798E+02 -2.0711E+01 -2.5269E+02
0006390   1.1683E+03  1.6507E+02  5.3404E+02
0006391   8.1710E+02  2.7904E+02 -1.2277E+02
0006392   7.4267E+02 -4.7788E+01 -5.3506E+01
0006393   2.8124E+02  5.9048E+02 -1.2061E+02
0006394   8.2110E+02 -2.1889E+02 -2.0986E+02
0006395   1.0084E+03  2.3396E+02  3.1371E+02
0006397   1.1182E+03  8.0325E+01 -1.4393E+01
0006398   1.4065E+03 -1.1649E+02  3.5532E+01
0006399   1.3362E+03 -1.4492E+02 -2.0336E+02
0006400   5.2612E+02  3.7398E+02  3.0150E+01
0006401   5.9326E+02 -2.6466E+02  1.4582E+02
0006402   3.3163E+02 -6.9176E+02  1.0128E+02
0006403   1.1264E+03  1.2985E+02 -5.8323E+02
0006404   1.7816E+02 -4.9274E+02 -2.1585E+02
0006405   2.5251E+02 -7.2369E+02  4.8483E+02
0006406   8.3566E+02 -2.0662E+01  6.0862E+01
0006407   5.5628E+02  2.3200E+02 -2.8543E+02
0006408   6.4528E+02  2.0126E+02  3.1027E+02
0006409   1.2891E+03  7.0764E+02  4.8134E+02
0006410   1.8588E+03 -3.9619E+01  4.1083E+02
0006411   2.8229E+02 -1.1932E+02 -3.8213E+02
0006412   4.3758E+02 -3.1325E+02 -5.7549E+02
0006413   1.1186E+03 -4.0218E+02 -4.6960E+02
0006414   1.3065E+03 -5.9818E+02  2.9605E+02
0006415   7.9916E+02  1.8786E+01 -6.0342E+02
0006416   1.0104E+03  1.6664E+02  1.3573E+02
0006417   4.4859E+02 -3.0727E+01 -4.1386E+02
0006418   7.3927E+02 -6.7799E+02  4.0834E+01
0006419   7.3163E+02  1.6962E+01  8.6216E+02
0006420   7.8160E+02 -1.5309E+02  8.9015E+01
0006421   4.4224E+02 -4.6792E+02 -1.8956E+02
0006422   1.0093E+03  1.1106E+02  4.6180E+02
0006423   1.1900E+03 -1.0719E+02  3.5867E+02
0006425   4.4826E+02  4.5104E+02  8.8097E+01
0006426   4.0484E+02 -2.7017E+02 -9.0694E+01
0006427   1.0932E+03 -9.8828E+01 -5.0504E+02
0006428   9.8641E+02 -1.0237E+01  5.6573E+01
0006429   1.1625E+03 -1.1682E+03 -3.1633E+02
0006430   6.6782E+02  5.0297E+02  2.2970E+02
0006431   3.3846E+02  4.1229E+02  9.7002E+01
0006432   1.0866E+03  6.5524E+02 -8.9047E+01
0006433   8.3424E+02 -2.4442E+02 -5.0375E+02
0006434   7.2954E+02 -1.5565E+02 -5.6062E+02
0006435   1.7715E+02  3.6035E+01 -1.2150E+02
0006436   5.7278E+02 -9.5096E+01 -1.2112E+02
0006437   6.6068E+02  2.5253E+02 -8.4397E+02
0006438   1.4536E+02  1.5245E+02  4.0200E+02
0006439   1.5546E+03  1.2926E+02  1.6191E+02
0006440   5.7025E+02 -5.0430E+02  2.6121E+02
0006441   5.4395E+02 -5.4463E+01  1.8699E+02
0006442   1.4727E+03 -1.3694E+02 -4.6853E+02
0006443   7.3836E+02 -3.4781E+02  1.5201E+02
0006444   8.2681E+02 -8.3788E+01  5.2812E+02
0006445   5.8511E+02 -1.8413E+02 -1.6877E+02
0006446   9.2065E+02 -1.9870E+01  2.9499E+02
0006447   8.9152E+02 -3.0818E+02  1.3450E+02
0006449   1.0497E+03 -5.9000E+02 -3.0776E+01
0006450   3.5892E+01 -6.6618E+01  3.1931E+02
0006451   5.2889E+02  3.3149E+02 -1.8873E+02
0006452   1.0164E+03 -3.7632E+02 -4.6636E+02
0006453   8.6514E+02  2.0002E+02 -4.0781E+02
0006454   7.4568E+02 -5.3911E+02  2.4519E+02
0006455   2.1796E+03  1.0113E+02  3.3248E+02
0006456   1.4357E+03  1.3121E+02 -2.4100E+02
0006457   4.3142E+02  3.5603E+02  7.7053E+01
0006458   6.9206E+02 -6.8936E+02  9.3714E+01
0006459   2.4105E+02  1.0284E+02 -9.0623E+01
0006460   6.3119E+02 -2.4399E+01  7.8286E+02
0006461   4.5247E+02 -1.4173E+02  2.8176E+02
0006462   6.3152E+02  7.3857E+01 -2.1698E+01
0006463   7.5263E+02  4.1869E+02  2.1181E+02
0006464   4.5097E+02 -4.8645E+02 -2.6457E+02
0006465   9.5982E+02  7.7534E+02  5.8175E+02
0006466   8.2153E+02  7.1768E+00 -3.4749E+02
0006467   5.7481E+02  1.8167E+02  2.9399E+02
0006468   5.8037E+02 -2.7355E+02  4.0317E-01
0006469   6.5154E+02 -4.0044E+02 -1.5668E+01
0006470   2.1418E+02 -1.4348E+02  1.4752E+02
0006471   7.5238E+02  1.9617E+02  5.2946E+02
0006472   5.8487E+02  2.1033E+02  9.8141E+01
0006473   8.0945E+02  4.0949E+01  2.3703E+02
0006474   1.3135E+03 -7.7915E+01 -1.2833E+02
0006475   2.8054E+02 -6.5526E+00 -5.2625E+02
0006476   1.2866E+03  6.9971E+01  1.4459E+02
0006477   1.0791E+03 -9.3676E+02  3.1512E+02
0006478   7.4662E+02  6.6391E+01 -1.2410E+02
0006479   4.7512E+02 -5.2753E+01  1.7153E+02
0006480   2.3534E+02 -3.7310E+02 -3.9161E+02
0006481   8.7052E+02 -1.8159E+01 -1.8465E+00
0006482   5.6233E+02  3.6010E+02 -4.6022E+02
0006483   4.4082E+02 -2.5129E+02  1.1361E+01
0006484   6.1800E+02  2.4840E+02  1.2448E+02
0006485   1.1735E+03 -2.3174E+02 -5.6012E+02
0006486   1.0935E+03  7.0466E+02  8.5038E+02
0006487   1.1152E+02 -6.9417E+01 -1.0947E+02
0006488   6.2185E+02  9.9930E+01 -2.7295E+02
0006489   1.0705E+03 -7.4379E+02  1.3159E+02
0006490   8.2473E+02  6.0578E+00 -2.7916E+02
0006491   2.3399E+02 -8.7086E+00  5.5939E+01
0006492   3.4731E+02  3.1176E+02 -5.0232E+02
0006493   4.3323E+02  3.9040E+01 -1.5172E+02
0006494   5.3257E+02 -2.0737E+02 -5.0104E+02
0006495   8.5010E+02  3.6805E+02  4.2690E+02
0006496   1.1507E+03  1.7697E+02  4.7382E+02
0006497   3.6186E+02 -1.7281E+02 -4.1201E+02
0006498   7.7635E+02 -2.1964E+02  1.0960E+02
0006499   8.9674E+02  1.0775E+02 -3.1052E+02
0006500   9.7762E+02  4.6186E+02 -6.9614E+01
0006501   8.6830E+02  2.2235E+02 -2.3090E+02
0006502   1.0326E+03  3.5599E+02  3.7665E+02
0006503   7.8564E+02  6.3643E+00 -8.2068E+01
0006504   1.4080E+03  1.4524E+02 -1.0226E+02
0006505   7.1708E+02  9.9451E+01  2.5039E+02
0006506   1.5585E+03 -2.0902E+02  8.1446E+01
0006507   7.7759E+02 -4.6386E+02 -2.1281E+02
0006508   6.7304E+02 -1.8834E+02  3.1282E+02
0006509   1.1856E+03  1.6865E+02 -4.7768E+02
0006510   1.1000E+03 -6.7535E+01 -2.4053E+02
0006511   7.8102E+02 -1.6717E+02  6.4537E+01
0006512   8.7181E+02  5.3543E+02  6.1156E+02
0006513   5.0065E+02 -1.6690E+01 -7.8332E+02
0006514   1.0107E+03 -4.5283E+02  5.2964E+01
0006515   1.1931E+03  1.1709E+02  3.3404E+02
0006516   1.4623E+03  6.3304E+01  6.7517E+01
0006517   3.3622E+01  2.5931E+01  3.0601E+02
0006518   3.2870E+02  3.6664E+02  1.8964E+02
0006519   5.2255E+01  2.2153E+02  4.4785E+02
0006521   7.5606E+02  2.6924E+02 -3.0302E+01
0006522   8.6304E+02 -7.2946E+01 -7.8634E+01
0006523   2.9218E+02  1.1438E+02  1.8277E+02
0006524   1.1433E+03 -5.8542E+01 -2.7016E+02
0006525   5.9389E+02 -8.1856E+01  1.4911E+02
0006526   1.1183E+03 -1.3147E+02 -1.8371E+01
0006527   7.6783E+02  1.6591E+02 -6.6702E+01
0006528   8.5566E+02 -2.6203E+02 -3.7262E+01
0006529   9.3259E+02  2.9931E+02 -2.2800E+02
0006530   5.3121E+02 -3.2012E+02 -6.7998E+02
0006531   2.7533E+02  3.2152E+01  2.3692E+02
0006532   1.1245E+03 -4.0433E+02  3.4228E+02
0006533   7.9949E+02  3.5778E+02 -8.4580E+01
0006534   1.2853E+03  3.4813E+02  5.4909E+02
0006535   2.7427E+02 -4.2222E+02 -3.5443E+02
0006536   6.9726E+02  4.4186E+02 -1.9111E+01
0006537   1.3371E+03  2.5894E+02 -9.4389E+02
0006538   2.9993E+02 -6.9894E+02 -7.6628E+02
0006539   1.1812E+03  3.0492E+01  3.4870E+02
0006540   5.9057E+02  6.2115E+01  1.4728E+03
0006541   1.0481E+03 -8.8986E+01  1.3284E+01
0006542   4.1526E+02  3.5199E+02 -3.0021E+02
0006543   1.7094E+02  2.6969E+02 -1.1538E+01
0006544   2.9215E+02 -8.4936E+01 -3.1716E+02
0006545   7.3633E+02 -6.2934E+01 -1.7230E+02
0006546   1.0771E+03 -1.9247E+02 -1.2515E+03
0006547   6.1499E+02 -5.6747E+01  3.9242E+02
0006548   7.8426E+02 -6.2611E+02  8.8160E+00
0006549   8.5435E+02 -2.1523E+01 -7.5559E+01
0006550   5.5338E+02  6.0754E+02  1.2353E+02
0006551   1.2390E+03  4.1873E+02  2.3576E+02
0006552   7.6318E+02 -3.2016E+02  6.9639E+01
0006553   8.6146E+02  4.7815E+02  3.4846E+02
0006554   2.5670E+02  6.7002E+01 -1.7822E+02
0006555   3.8064E+02  8.8928E+02 -2.3332E+02
0006556   3.2970E+02 -3.2703E+02  4.8955E+01
0006557   3.2695E+02  1.6807E+02 -3.0402E+02
0006558   3.8925E+02  4.1846E+02 -3.8456E+01
0006559   2.8615E+02 -3.4975E+02  2.5857E+02
0006560   1.2258E+03  2.4834E+01  2.8818E+01
0006561   2.2849E+02  3.5489E+02  3.1352E+02
0006562   8.4931E+02  1.1494E+02 -4.4823E+02
0006563   6.3751E+02  4.0052E+02  2.7454E+02
0006564   2.5540E+02 -8.1800E+01 -2.1833E+02
0006565   6.3152E+02 -1.1153E+02 -4.2007E+02
0006566   3.0934E+02 -2.1975E+02  5.3003E+02
0006567   6.9651E+02  4.6518E+01  3.0161E+02
0006568   1.1310E+03  3.1357E+02  6.5030E+02
0006569   6.1826E+02  1.2960E+02 -5.8947E+01
0006570   4.1280E+02 -3.0212E+01  1.1771E+02
0006571   8.4569E+02  2.0618E+02  7.7358E+01
0006572   7.2935E+02 -7.7923E+02 -9.9652E+01
0006573   1.1180E+03  1.0874E+02 -1.0038E+02
0006574   1.6931E+03 -1.6945E+02 -1.2874E+02
0006575   7.5451E+02 -2.3398E+02  8.1318E+01
0006576   3.1081E+02  4.4605E+02 -1.9470E+02
0006577   5.1579E+02  2.9374E+02  6.3036E+02
0006578   1.2668E+03 -8.2385E+01 -8.0568E+02
0006580   9.7965E+02  5.5863E+02  5.5956E+02
0006581   1.7230E+02  5.1028E+02  2.9693E+02
0006582   8.1947E+02  3.7186E+02 -8.3495E+02
0006583   8.8706E+02 -6.8595E+01  3.0570E+02
0006584   1.0723E+03  3.5975E+02 -2.6470E+02
0006585   6.2306E+02  2.1587E+02 -6.7880E+02
0006586   9.1105E+02 -1.2213E+02 -1.1176E+02
0006587   5.5239E+02 -1.3829E+02 -1.7126E+01
0006588   6.0778E+02  1.3104E+02  4.2060E+02
0006589   1.3743E+02 -5.9320E+02 -6.8094E+02
0006590   1.1808E+03  2.5332E+02  1.0125E+03
0006591   1.4833E+03  2.6319E+02  3.2075E+02
0006592   7.4181E+02  3.4190E+01  5.1194E+01
0006593   1.3649E+03 -3.6430E+01 -3.3830E+02
0006594   6.7912E+02 -6.2010E+01 -2.2003E+02
0006595   9.5792E+02 -6.3934E+01  5.0353E+02
0006596   9.5560E+02 -5.1429E+01  3.8951E+02
0006597   1.1723E+03 -3.7376E+02 -4.2488E+02
0006598   4.9454E+02  2.7532E+02  2.9531E+02
0006599   3.8331E+02 -4.6083E+02  1.0923E+02
0006600   9.0348E+02 -2.2987E+02 -6.7252E+02
0006601   8.8452E+02 -1.6846E+00 -7.7133E+01
0006602   9.1039E+02  1.5020E+02  2.0345E+02
0006603   8.1430E+02  3.3950E+02  7.4305E+01
0006604   8.8338E+02 -1.7444E+01 -6.2633E+02
0006605   7.9369E+02  4.3087E+02 -2.6904E+02
0006606   3.6600E+02 -1.7346E+02 -1.2325E+02
0006607   3.4107E+02  3.9895E+02 -9.6652E+01
0006608   1.0980E+03 -3.9548E+02 -5.2246E+02
0006609   5.2118E+02 -7.6952E+01  2.6616E+02
0006610   1.2096E+03 -4.9704E+02  2.4164E+02
0006611   5.2680E+02  8.8660E+02  1.0686E+02
0006612   6.6709E+02 -9.6372E+02 -6.7623E+00
0006613   6.6597E+02 -9.3262E+01  6.0248E+01
0006614   1.0827E+03  6.9271E+02  1.4862E+02
0006615   9.4865E+02 -3.7537E+02  8.3444E+01
0006616   6.8819E+02 -7.7026E+02  1.7851E+02
0006617   5.6635E+02  4.0742E+02 -1.4998E+02
0006618   4.8006E+02 -1.4865E+02 -1.5017E+02
0006619   9.4398E+02  8.1062E+00  4.8692E+01
0006620   1.2592E+02  3.7618E+02  1.8001E+02
0006621   1.5294E+03 -2.8225E+02  1.5808E+02
0006622   7.8861E+02 -2.1054E+02 -1.4549E+02
0006623   6.8258E+02 -4.0151E+02 -7.0125E+02
0006624   3.7335E+02  3.3968E+01 -8.5543E+01
0006625   5.3745E+02 -4.2014E+02 -3.5388E+00
0006627   4.5868E+02  2.2495E+02  2.1486E+01
0006628   7.4479E+02 -8.9589E+02  6.2141E+02
0006629   6.6855E+02 -1.1766E+02  1.7973E+02
0006630   4.5231E+02 -1.2454E+02 -4.5113E+02
0006631   4.8482E+02 -3.0225E+02 -2.2111E+02
0006632   1.7534E+03  1.5687E+02 -2.6262E+02
0006633   1.3958E+02  4.2171E+01  3.0575E+02
0006634   6.5767E+01 -1.6431E+02 -1.3778E+02
0006635   6.4160E+02  5.8928E+02 -5.3707E+02
0006636   1.9918E+02 -4.2590E+01  1.7848E+01
0006637   1.3880E+02 -6.3421E+01  4.2311E+02
0006638   9.5233E+02  2.1221E+02 -4.0183E+01
0006639   5.2186E+02  5.8679E+02  1.5376E+02
0006640   4.0814E+02 -4.5155E+02 -5.5195E+02
0006641   1.2772E+03 -5.8798E+02  2.1195E+02
0006642   7.3523E+02 -4.3910E+02 -1.0507E+02
0006643   4.7256E+02 -6.7060E+02 -1.7920E+02
0006644   4.4480E+02  2.8306E+02  5.7888E+02
0006645   1.4310E+01  5.6156E+02 -1.3541E+02
0006646   1.4103E+03  4.5778E+02 -2.2211E+02
0006647   4.9722E+02 -3.3989E+01  5.4231E+02
0006648   1.1492E+03 -3.4322E+02  8.5789E+01
0006649   9.4813E+02 -6.4818E+02  1.1029E+02
0006650   6.4337E+02  1.5331E+02  8.0337E+01
0006651   9.9715E+02 -2.2649E+02  3.8917E+02
0006652   8.9739E+01  2.9416E+02 -8.1299E+02
0006653   9.1170E+02  2.7770E+02 -3.3093E+02
0006654   2.4818E+02 -1.5624E+01 -2.1244E+02
0006655   7.3277E+02 -2.6729E+02 -2.8703E+02
0006656   1.0807E+03 -2.5949E+02 -6.6321E+01
0006657   1.0577E+03 -3.4078E+02  1.4297E+01
0006658   7.2099E+02 -5.2362E+01  3.1510E+01
0006659   5.4996E+02 -6.4891E+01  6.6315E+02
0006660   5.2538E+02 -3.5400E+02 -2.4028E+02
0006661   2.9078E+02 -2.1594E+02  5.4468E+02
0006662   6.6056E+02 -5.0131E+02 -3.7168E+02
0006663   7.9068E+01 -3.4799E+02  7.7153E+01
0006664   5.8895E+02  4.0537E+02  1.3556E+02
0006665   6.3089E+02 -7.2053E+02  7.0403E+01
0006666   9.8221E+02 -8.2738E+01 -1.0163E+03
0006667   6.5313E+02 -2.9027E+02  1.3879E+02
0006668   1.0733E+03 -5.6323E+02 -4.2709E+02
0006669   6.3860E+02 -1.0553E+02 -6.8421E+02
0006670   1.1225E+03 -3.7926E+02 -6.5948E+01
0006671   4.7086E+02  1.8731E+02 -1.8862E+02
0006672   2.4853E+02  3.4577E+02  5.5422E+02
0006673   7.1915E+02  8.5488E+02 -2.1660E+01
0006674   8.3260E+02  1.4862E+02 -3.4345E+02
0006675   2.0212E+02  4.9948E+02 -5.0507E+02
0006676   2.5117E+02  7.5168E+02 -1.7028E+01
0006677   4.6437E+02  2.6862E+02  2.1790E+00
0006678   2.5525E+02 -3.8867E+02 -9.9654E+01
0006679   5.7393E+02  3.5972E+01 -5.1364E+01
0006680   7.2079E+02 -1.3974E+01 -1.6082E+02
0006681   6.3844E+02 -2.9266E+01  3.6512E+02
0006682   1.1756E+03 -6.1143E+01 -3.7009E+02
0006683   7.9859E+02  1.4369E+02 -2.8246E+02
0006684   7.8949E+02  6.8219E+02  4.8061E+02
0006685   1.2283E+03  1.6848E+02 -6.6377E+02
0006686   1.2411E+03  6.6152E+02  1.7073E+02
0006687   1.0181E+03 -1.4036E+03  6.0571E+01
0006688   8.6922E+02  2.3829E+02  3.2517E+02
0006689   2.2848E+02 -4.0704E+02  2.7972E+01
0006690   9.6853E+02  4.0496E+02  3.6876E+02
0006691   1.5869E+03  3.8046E+02  2.4237E+02
0006692   1.2153E+03 -5.0345E+02  4.8103E+02
0006693   1.6643E+03  3.8971E+02  8.0298E+02
0006694   7.8068E+02 -1.3229E+02 -1.4002E+02
0006695   3.7325E+02  4.4546E+01 -1.0226E+03
0006696   9.5776E+02  4.3509E+02 -5.1641E+02
0006697   4.7266E+02 -1.7709E+02  5.6501E+01
0006698   7.8659E+02 -3.7632E+02  6.6407E+02
0006699   2.7265E+02 -3.5927E+02  9.3372E+02
0006700   1.9052E+02 -2.7936E+02  2.5280E+02
0006701   4.9432E+02  9.7303E+01  2.6194E+02
0006702   2.7355E+02  4.0306E+02 -9.2389E+01
0006703   6.2880E+01 -7.3729E+01  1.6003E+02
0006704   6.2916E+02 -3.4482E+02  2.1239E+02
0006705   1.0101E+03 -1.1817E+02 -9.7795E+01
0006706   9.4898E+02  3.1084E+02 -2.5359E+02
0006707   2.5953E+02  5.3510E+01 -2.5011E+02
0006708   5.8989E+02  2.1062E+01  4.0723E+02
0006709   1.2456E+02 -5.8196E+00  2.3436E+02
0006710   2.6331E+02  3.7024E+02 -5.8806E+02
0006711   1.1193E+03  3.2990E+01  4.9699E+02
0006712   4.0540E+02 -8.7960E+02  6.9529E+02
0006713   5.8613E+02  2.2050E+02  8.3366E+01
0006714   1.0422E+03  3.4603E+02 -4.5193E+02
0006715   5.7059E+02 -6.4637E+01  4.4331E+01
0006716   7.9486E+02  3.3220E+02  3.2630E+01
0006717   5.9207E+02  5.2390E+02 -1.5829E+02
0006718   6.2351E+02 -4.1515E+01 -2.4945E+02
0006719   5.4911E+02  1.0218E+02  1.3157E+02
0006721   1.2961E+03 -2.2620E+02 -7.0758E+01
0006722   8.2292E+02  2.3043E+02  2.2740E+02
0006723   7.5583E+02 -6.6478E+02  3.8884E+02
0006724   9.0113E+02  3.9032E+00 -3.3551E+02
0006725   6.1798E+02  5.3010E+01 -1.4677E+02
0006726   1.1916E+03 -3.6034E+02 -7.7495E+01
0006727   2.3704E+02 -1.0771E+02  3.6010E+02
0006728   6.6977E+02 -4.6245E+02  2.4355E+02
0006729   1.1085E+03  3.9290E+02 -3.6861E+02
0006730   6.4441E+02  3.5382E+02 -2.5404E+02
0006731   6.3405E+02  1.7674E+02  2.4125E+02
0006732   1.2799E+03 -2.7755E+02 -6.0241E+02
0006733   1.1671E+03  4.4986E+01  5.9057E+01
0006734   1.9883E+02 -1.3938E+01 -9.3812E+01
0006735   6.2938E+02  6.8674E+01  6.7127E+02
0006736   6.8876E+02  5.2596E+02 -3.5063E+02
0006737   1.0496E+03  3.7820E+02 -1.0924E+03
0006738   2.8010E+02 -8.6808E+01 -1.9219E+02
0006739   4.8577E+02 -1.6434E+01 -1.6959E+02
0006740   2.3316E+02 -5.1754E+02  4.5726E+02
0006741   6.3792E+02 -1.5861E+02  7.6917E+01
0006742   6.0024E+02  3.7498E+02  1.5806E+02
0006743   7.9505E+02 -2.6549E+01  2.6666E+02
0006744   1.2613E+03 -2.8178E+02  5.8073E+01
0006745   9.9690E+02  5.0500E+02 -2.3205E+02
0006746   9.3372E+02  4.4302E+02 -3.8361E+02
0006747   6.8890E+02 -1.0130E+03 -6.1108E+02
0006748   4.8414E+02  2.7303E+02  6.8727E+01
0006749   8.8262E+02 -6.7058E+02 -8.1253E+02
0006750   1.2625E+03 -5.7677E+02 -5.5984E+02
0006751   8.6730E+02 -3.0874E+02 -6.1081E+02
0006752   6.7218E+02 -5.9888E+02 -1.1204E+02
0006753   1.0136E+03 -5.4563E+02  3.5395E+02
0006754   5.8066E+02  2.9459E+01  4.6778E+02
0006755   5.9571E+02  6.0729E+02 -2.3680E+02
0006756   2.7442E+02  8.5260E+01  1.0661E+02
0006757   6.4172E+02  4.6626E+02 -4.9592E+01
0006758   7.1253E+02  5.5823E+02  2.3878E+02
0006759   4.4533E+02 -1.6349E+02  7.4628E+02
0006760   6.4938E+02  1.5770E+02  4.6697E+02
0006761   4.3954E+01  4.1549E+01  9.8753E+01
0006762   8.3585E+02  8.9638E+02 -1.8981E+02
0006763   1.2494E+03 -1.4819E+02 -1.8372E+02
0006764   5.0500E+02 -6.8442E+02 -3.2031E+01
0006765   6.8406E+02 -6.2782E+01 -2.3559E+01
0006766   8.0237E+02 -8.2976E+02  1.1915E+02
0006767   8.6491E+02 -2.4578E+02  2.5641E+01
0006768   7.3262E+02  1.7428E+02  3.6850E+02
0006770   1.0629E+03 -6.6670E+01  8.7210E+02
0006771   7.8235E+02  4.0302E+02 -1.8195E+02
0006772   1.0329E+03  5.6059E+01  6.2124E+00
0006773   1.1016E+03  9.3269E+00 -2.8875E+01
0006774   5.7112E+02  1.5646E+00  1.4376E+01
0006775   1.0808E+03  3.8634E+02  4.9128E+02
0006776   2.2319E+02  2.6284E+02  1.2853E+02
0006777   2.2603E+02 -1.4998E+01  1.5566E+02
0006778   9.1201E+02  4.9934E+02 -3.7236E+01
0006779   1.1156E+03 -3.9184E+02 -4.0718E+02
0006780   1.4838E+03  1.0704E+01 -4.7634E+02
0006781   7.1699E+02 -7.0058E+01  7.8132E+01
0006782   7.6479E+02 -3.0462E+02  3.1754E+02
0006783   7.7931E+02  8.2749E+02 -1.7167E+02
0006784   9.0397E+02 -4.3519E+01  6.3269E+02
0006785   7.1274E+02  1.2685E+02 -3.8936E+02
0006786   1.6477E+03 -6.8302E+02 -4.3029E+02
0006787   8.8961E+02 -1.2208E+03 -4.0188E+02
0006788   7.3383E+02  1.2117E+02 -3.9645E+02
0006789   7.1211E+02  2.9298E+02 -3.9358E+02
0006790   1.7787E+02  3.2214E+02 -3.6153E+02
0006791   1.8173E+03 -7.3789E+02  2.6350E+02
0006792   1.0940E+03  2.9663E+02 -2.5927E+02
0006793   4.6746E+02 -1.2200E+02 -4.2143E+02
0006794   1.0118E+03  6.6621E+02  2.5844E+02
0006795   1.2536E+03 -2.7474E+02  4.2239E+02
0006796   3.1970E+02  3.0570E+02 -1.4116E+02
0006797   5.8399E+02  5.9956E+02 -1.5084E+02
0006798   3.0797E+02  4.1594E+02  3.0521E+02
0006799   3.1081E+02  3.2229E+02  3.3318E+02
0006800   9.7461E+02  3.4344E+02 -1.0709E+02
0006801   7.3718E+02  2.4427E+02 -4.3273E+02
0006802   1.0302E+03  9.9654E+01 -5.0120E+02
0006803   1.0958E+03 -5.9799E+02 -2.0942E+02
0006804   6.8487E+02  2.6116E+02 -3.9413E+02
0006805   9.0554E+02 -3.8359E+02  2.5016E+02
0006806   7.9659E+02  7.4390E+02  2.7229E+01
0006807   4.6495E+02 -5.2071E+02 -2.5713E+02
0006808   5.1892E+02 -1.4134E+02 -1.9983E+02
0006809   1.2597E+03 -7.4396E+02 -1.0126E+02
0006810   8.7779E+02 -2.9838E+02  4.6426E+01
0006811   5.0510E+02  8.9624E+02 -6.1335E+01
0006812   3.1509E+02 -1.1332E+02 -1.0227E+02
0006813   4.4327E+02  3.1948E+02  8.4859E+01
0006814   6.5885E+02  4.5079E+02 -5.6237E+02
0006815   5.5942E+02 -6.9610E+02  5.1367E+02
0006816   6.4512E+02 -2.6427E+02  2.4416E+02
0006817   7.0664E+02  3.6080E+02  3.0935E+02
0006818   7.5160E+02  1.8238E+02  1.2851E+02
0006819   2.7163E+02 -4.0928E+01 -3.5177E+02
0006820   7.7534E+02 -2.1152E+02  1.8852E+02
0006821   9.1822E+02  4.1117E+02 -2.2101E+02
0006822   1.1843E+03 -5.4955E+02  6.0009E+02
0006823   1.3545E+03 -7.5892E+02  2.8016E+02
0006824   1.0207E+03 -1.9970E+02  3.2870E+02
0006825   1.3918E+03  9.8116E+01  5.4808E+02
0006826   1.2693E+03  9.5913E+01  3.0774E+02
0006827   1.0290E+03 -7.1029E+02  6.9178E+02
0006828   6.7927E+02 -1.9628E+02  4.8770E+02
0006829   3.7379E+02 -1.7177E+02 -1.8914E+02
0006830   4.4611E+02  6.4440E+01  2.0141E+02
0006831   1.9817E+02  2.5617E+02  2.0000E+02
0006832   6.1955E+02 -3.6383E+02  2.8097E+02
0006833   4.6276E+02  5.1581E+02  7.6033E+01
0006834   7.6188E+02  6.3331E+01 -4.2166E+02
0006835   6.2005E+02 -1.1600E+02  5.1846E+01
0006836   7.1943E+02 -7.5634E+01 -4.4269E+02
0006837   8.2013E+02  3.1571E+02 -3.1833E+02
0006838   6.5763E+02 -5.8260E+02  2.9664E+02
0006839   1.4737E+03 -2.0637E+02  8.3082E+02
0006840   4.4761E+02  2.9833E+02  6.3665E+02
0006841   5.2324E+02 -1.0916E+02  2.1425E+02
0006843   5.5499E+02  4.2155E+01 -1.3149E+02
0006844   7.9481E+02 -3.9189E+01  3.2385E+02
0006845   5.3146E+02  8.1623E+01 -5.3774E+02
0006846   9.0510E+02 -2.3145E+02  1.4348E+02
0006847   5.5568E+02 -2.8950E+02  2.7963E+02
0006848   9.1965E+02  4.0746E+02 -2.0570E+02
0006849   2.7507E+02 -4.1659E+02 -3.9026E+02
0006850   5.2085E+02 -7.8252E+01  2.3521E+02
0006851   5.9266E+02  6.5129E+01 -1.1920E+02
0006852   9.4258E+02 -3.7026E+00  1.0624E+02
0006853   1.2858E+03 -5.8329E+02 -3.3265E+02
0006854   9.7501E+02 -3.7332E+02 -3.6513E+02
0006855   4.7359E+02 -1.3948E+02 -3.7204E+02
0006856   5.6344E+02  2.8822E+02 -1.6735E+01
0006857   8.9499E+02 -4.1628E+02  3.0142E+02
0006858   6.6148E+02 -3.0583E+01  3.0656E+02
0006859   7.0832E+02  5.8130E+01 -3.0884E+02
0006860   3.5128E+02 -6.1072E+01 -1.1733E+01
0006861   1.7859E+02  6.4458E+02 -5.0593E+02
0006862   6.0668E+02 -2.2401E+02  1.3750E+02
0006863   1.2072E+03  1.3274E+01  1.4236E+02
0006864   1.0811E+03 -1.9423E+02  1.3380E+02
0006865   9.3656E+02  2.5512E+02  3.2844E+02
0006866   1.5419E+03  2.2894E+02  1.1403E+01
0006867   1.3819E+03  5.1210E+02  2.0950E+02
0006868   3.6681E+02 -1.5428E+02 -4.6028E+01
0006869   6.8941E+02 -4.4159E+02  3.8766E+02
0006870   3.3340E+02  1.4268E+02  1.6778E+02
0006871   6.7285E+02  4.5685E+02  4.9794E+02
0006872   1.2274E+03 -2.7534E+02 -6.1226E+02
0006873   7.7328E+02 -5.7295E+02  3.0722E+02
0006874   9.1148E+02 -4.7365E+02 -2.1420E+02
0006875   1.8029E+02  2.7225E+02 -1.3181E+02
0006876   1.1779E+03 -4.6402E+01  9.2068E+01
0006877   2.9119E+02  1.0744E+02  3.4141E+02
0006878   1.1658E+03  2.1833E+02 -5.1753E+02
0006879   1.3756E+03  4.0107E+02 -6.9184E+02
0006880   4.8936E+02  4.4700E+01 -6.4479E+00
0006882   3.7304E+02  1.2957E+02 -1.5290E+02
0006883   1.1638E+03 -3.2470E+02  9.4580E+02
0006884   5.6309E+02  7.9335E+01  5.1192E+02
0006885   6.3762E+02  1.3505E+02  2.5929E+02
0006886   3.5485E+02  2.9945E+02  3.4135E+02
0006887   1.2654E+03  9.7505E+01 -6.4778E+02
0006888   1.1884E+03  2.0337E+02 -8.1511E+00
0006889   2.5122E+01 -1.7316E+02 -1.2020E+02
0006890   1.0792E+03  1.6108E+02  6.2484E+01
0006891   1.2867E+03 -5.6544E+02  3.8100E+02
0006892   1.0368E+03 -1.0282E+02  7.0957E+02
0006893   4.4140E+02 -2.1683E+02  3.6086E+02
0006894   5.7224E+02  1.9601E+02  9.9127E+02
0006895   1.0591E+03  2.5477E+02 -1.7338E+02
0006896   1.4185E+03  2.0290E+02  2.1924E+02
0006897   1.4963E+03 -2.8897E+02  1.5800E+00
0006898   7.2497E+02  5.2634E+01  5.0059E+01
0006899   3.4300E+02 -3.5735E+02  1.0285E+02
0006900   1.1442E+03 -1.2993E+02  8.2076E+01
0006901   8.5780E+02  1.5035E+02 -2.9545E+02
0006902   5.5687E+02  1.0046E+02 -8.8776E+01
0006903   9.1085E+02  4.3790E+02  9.0696E+01
0006904   4.6817E+02  2.9492E+02  5.9294E+02
0006905   7.2076E+02  1.8239E+02  1.1546E+02
0006906   5.0462E+02  5.1767E-01 -2.4013E+02
0006907   9.5624E+02 -1.1235E+02 -7.3913E+02
0006908   1.3998E+03 -3.1525E+02  1.4432E+02
0006909   6.2158E+02  4.3461E+02 -3.1486E+02
0006910   3.6705E+02  7.6912E+01 -7.2217E+02
0006911   5.9550E+02  2.9249E+02 -1.7745E+02
0006912   1.4062E+03  2.0117E+02 -3.9685E+02
0006913   7.3762E+02 -2.9084E+02 -1.8592E+02
0006914   8.0540E+02 -5.2398E+02 -1.2724E+02
0006915   6.1977E+02  1.4533E+02 -4.1309E+02
0006916   1.4119E+03 -4.9906E+00  2.3524E+02
0006917   6.6392E+02 -6.6245E+01  2.4459E+02
0006918   8.9588E+02 -2.7345E+02 -4.1141E+02
0006919   1.6748E+03  6.5588E+02 -3.3299E+02
0006920   9.7966E+02 -5.4271E+02 -2.4675E+02
0006921   8.3534E+02 -1.8862E+02  5.0042E+01
0006922   5.7803E+02  1.7397E+02 -2.2069E+02
0006923   6.6027E+02 -1.0124E+02  5.8930E+00
0006924   7.4619E+02  5.2967E+02 -4.9968E+02
0006925   1.0303E+02 -5.3272E+02 -1.8008E+02
0006926   1.3620E+03  1.5826E+01 -6.6599E+02
0006927   9.8166E+02  3.4076E+02 -1.0016E+02
0006928   6.2962E+02  4.9324E+02 -3.5891E+02
0006929   1.2314E+03  9.4964E+02  2.8127E+02
0006930   1.0540E+03  3.7152E+02  7.3711E+02
0006931   5.8737E+02  3.4399E+02 -7.9752E+02
0006932   1.2012E+03  2.2747E+02  1.0849E+02
0006933   6.5334E+02  4.3625E+02  3.3479E+02
0006934   5.0812E+02 -3.1103E+02  2.0535E+02
0006935   1.1741E+03 -4.8738E+02 -1.8019E+02
0006936   1.2502E+03 -1.1457E+02 -2.0845E+01
0006937   1.4681E+03  7.4412E+02  4.2398E+02
0006938   7.3404E+02  1.6146E+02 -6.1265E+02
0006939   6.3299E+02 -1.6221E+02  7.1254E+01
0006940   3.2813E+02 -5.5114E+02 -1.7400E+02
0006941   1.5189E+03 -3.5721E+02 -2.8553E+02
0006942   3.8107E+02  3.1663E+02 -3.3939E+02
0006943   5.9742E+02 -2.7981E+02  5.7333E+01
0006944   5.2013E+02 -4.7946E+02 -4.0033E+02
0006945   9.4967E+02 -2.0069E+01 -9.6019E+01
0006946   1.3659E+03  1.4978E+02  5.2533E+02
0006947   5.7244E+02 -3.4027E+02 -2.1825E+02
0006948   1.0180E+03 -2.3088E+01 -3.3302E+02
0006949   8.6360E+02  6.1343E+01 -1.0529E+00
0006950   8.4418E+02 -6.8176E+02 -2.9182E+02
0006951   4.7195E+02  1.3896E+02  5.7835E+01
0006952   8.5504E+02  1.3109E+02  2.3230E+02
0006953   1.3061E+03 -5.3088E+02 -4.6879E+02
0006954   2.5505E+02 -1.7312E+02 -1.0956E+02
0006955   1.2301E+03  3.6900E+02  7.2930E+02
0006956   5.8253E+02  5.8838E+01  9.9188E+01
0006957   1.2307E+03 -1.9429E+02 -9.8402E+02
0006958   1.3425E+03 -4.8095E+01 -1.5594E+02
0006959   8.4289E+02 -5.7860E+02  5.5970E+02
0006960   6.9655E+02  3.5413E+01  3.1228E+02
0006961   3.8059E+02 -5.7632E+02  2.5769E+02
0006962   4.7791E+02 -1.1891E+02 -6.3636E+02
0006963   8.5903E+02  3.0169E+02 -4.7904E+01
0006964   1.6614E+02 -3.2727E+02  1.5025E+02
0006965   8.7375E+02 -1.0989E+02  3.0037E+02
0006966   2.8351E+02  9.6498E+01 -1.2206E+02
0006967   2.7151E+02 -5.0202E+02 -2.1515E+02
0006968   1.1841E+03  4.7345E+02  8.1543E+01
0006969   8.4668E+02  6.4210E+02  7.4723E+01
0006971   8.1056E+02 -8.8690E+01 -1.6396E+02
0006972   1.9636E+02 -3.0347E+02 -1.0623E+02
0006973   5.2574E+02 -2.5653E+02  5.7880E+02
0006974   6.7442E+02  1.8693E+02 -4.1515E+01
0006975   8.3770E+02 -2.5772E+02  1.2332E+02
0006976   3.0772E+02  1.8525E+02  1.5096E+02
0006977   1.0310E+03  1.3952E+02  9.6960E+02
0006978   7.1290E+02  4.6614E+02 -1.8438E+02
0006979   2.4165E+02 -2.6827E+02 -9.8079E+01
0006980   2.8543E+02  8.7496E+02  7.2618E+02
0006981   1.1330E+03  6.0496E+02 -6.5186E+01
0006982   4.6959E+02 -1.5577E+02 -1.0381E+02
0006983   1.3877E+03  3.7466E+01 -9.1353E+00
0006985   7.1756E+02 -7.7513E+02 -3.6578E+01
0006986   7.2740E+02 -7.9624E+01 -2.9969E+02
0006987   9.9449E+02 -1.7888E+02 -5.1638E+02
0006989   5.9706E+02  1.9926E+02  5.2328E+02
0006990   1.4280E+03 -5.3781E+02  6.1575E+01
0006991   8.0049E+02 -1.7818E+02  2.1964E+02
0006992   6.4770E+02  2.7494E+02 -6.1223E+01
0006993   5.0839E+02  4.6589E+02  4.8645E+01
0006994   1.0759E+03  1.5712E+02 -2.2289E+02
0006995   7.6371E+02  3.8686E+01  2.8967E+02
0006996   9.9793E+02 -1.5430E+02  4.7645E+02
0006997   2.9335E+02 -1.6677E+02  5.1377E+01
0006998   1.2488E+03 -7.6698E+02  1.0518E+02
0006999   9.4372E+02  2.2889E+02 -1.7517E+02
0007000   2.9930E+02 -2.4697E+02  3.1639E+01
0007001   2.2371E+02 -2.2650E+02 -5.0573E+02
0007002   3.5569E+02 -3.4329E+01 -1.3479E+02
0007003   1.4350E+03  4.6002E+02  6.8529E+02
0007004   6.4357E+01 -8.5476E+01 -3.2419E+02
0007005   1.1708E+03  1.9901E+02  1.0467E+02
0007006   6.8148E+02  1.8419E+02 -1.3697E+02
0007007   5.0894E+02  2.6987E+02 -9.6144E+01
0007008   1.6575E+02 -9.3384E+01 -5.1105E+00
0007009   1.1618E+03  2.0591E+02 -4.2959E+01
0007010   1.7876E+02  2.6540E+02  1.3787E+02
0007011   7.8759E+02 -1.8538E+02  1.7883E+02
0007012   5.0943E+02 -5.1374E+02 -2.3073E+02
0007013   1.0697E+03 -3.0770E+02  1.0090E+01
0007014   1.5577E+03  2.7469E+02  7.6374E+01
0007015   8.6127E+02  3.0712E+02 -2.4476E+02
0007016   9.5254E+02  5.3591E+02 -4.9595E+02
0007017   1.7624E+02 -9.9404E+01 -4.2176E+01
0007018   9.6922E+02 -2.7651E+01  1.5729E+02
0007019   1.1587E+03  2.3121E+02 -1.9483E+01
0007020   1.2476E+03 -5.2712E+01 -3.6546E+01
0007021   1.1474E+03 -1.4167E+02 -2.2096E+02
0007022   1.3021E+03 -2.0552E+02  6.2205E+01
0007023   1.0742E+03  3.5349E+02  2.3231E+02
0007024   3.4231E+02  2.2220E+01  3.1844E+01
0007025   1.0970E+02 -4.5715E+02 -2.5207E+02
0007026   1.0130E+03  1.9833E+02 -1.6984E+01
0007027   8.7146E+02 -1.5830E+02 -1.4293E+01
0007028   6.6988E+02  1.9668E+02  1.0461E+02
0007029   3.2332E+02 -8.1225E+02 -1.0883E+02
0007030   7.8271E+02 -3.9631E+02  2.2874E+02
0007031   1.0404E+03  2.4384E+01 -1.3471E+02
0007032   4.5780E+02  1.5087E+02 -2.0441E+02
0007033   4.2620E+02 -1.2926E+02 -4.3691E+02
0007034   7.7950E+02 -1.2149E+02  3.3096E+02
0007035   5.4602E+02 -2.2387E+02 -6.0050E+01
0007036   1.6245E+02  2.0359E+02 -2.7137E+02
0007037   1.1337E+03 -2.6713E+02 -3.1008E+02
0007038   1.1048E+03 -6.3067E+02 -1.3930E+02
0007039   5.4903E+02  6.0514E+02  5.9631E+02
0007040   3.6109E+02 -2.8584E+02  2.4836E+02
0007041   6.2391E+02  1.2069E+02  6.5605E+02
0007042   1.0573E+03  7.5034E+01  2.4505E+01
0007043   8.8057E+02 -2.6602E+02 -4.0388E+02
0007044   5.8981E+02  4.0250E+02  8.9378E+00
0007045   8.5783E+02 -4.1534E+02 -3.2144E+02
0007046   8.9553E+02  1.6573E+02 -1.8874E+02
0007047   9.7152E+02 -5.3869E+00  1.0751E+02
0007048   9.6929E+02  3.8874E+02 -4.9452E+01
0007049   3.4663E+02 -3.7575E+02 -4.0120E+02
0007050   2.2062E+02  8.4613E+02 -1.0722E+02
0007051   1.3223E+03 -3.8778E+02 -3.0962E+02
0007052   7.2049E+02  4.0119E+01  1.2846E+02
0007053   2.9301E+02  2.7331E+01  1.1594E+02
0007054   5.7341E+02 -1.6680E+01  1.1256E+02
0007055   3.9494E+02  4.4649E+01  9.6312E+01
0007056   2.5194E+02 -2.3008E+02 -5.6602E+02
0007057   9.3805E+02 -2.3433E+02 -2.1556E+02
0007058   7.1213E+02  4.1253E+02 -2.1214E+02
0007059   9.2054E+02 -4.0223E+02  3.0929E+02
0007060   7.0861E+02  6.9042E+01  3.8712E+02
0007061   6.3298E+02  9.9403E+01  6.3053E+00
0007062   1.4594E+03 -5.7643E+00  3.3691E+02
0007063   8.1675E+02  2.8993E+02 -4.5772E+02
0007064   1.4820E+02 -1.3640E+02  3.1109E+02
0007065   1.2334E+03  2.8290E+02 -5.7702E+02
0007066   6.8701E+02 -1.4416E+02  1.3178E+02
0007067   5.6607E+02 -1.7576E+02 -2.6880E+02
0007068   1.4695E+03  2.8920E+02 -9.2073E+01
0007069   4.1322E+02 -2.2819E+02  5.4204E+01
0007070   1.2744E+03 -7.2437E+02 -1.2072E+02
0007071   6.6034E+02  4.7797E+01 -1.8706E+01
0007072   7.3065E+02  4.6163E+02 -4.5911E+02
0007073   1.3390E+02  1.1167E+02  1.8215E+02
0007074   1.0813E+02  4.6412E+01  1.4608E+02
0007075   1.4759E+03  2.3849E+01  2.7125E+02
0007076   7.6286E+02 -2.3699E+02 -4.1202E+01
0007077   2.5261E+02  9.6654E+01  1.3040E+02
0007078   4.7987E+02  4.5436E+02  3.0023E+02
0007079   2.6322E+02 -5.6671E+02 -2.7572E+02
0007080   1.3840E+03  1.0394E+02 -2.6973E+02
0007081   8.3812E+02  4.8414E+02  1.9460E+02
0007082   4.6379E+02 -4.6381E+02 -2.2160E+02
0007083   7.4290E+02  4.4439E+02 -4.9927E+02
0007084   2.8834E+02  2.5020E+02  2.4654E+02
0007085   1.1167E+03 -1.5938E+02  1.2388E+02
0007086   7.0912E+02 -2.2822E+02  8.7135E+01
0007087   4.5061E+02 -1.0427E+02  3.0926E+02
0007088   1.0006E+03  1.2096E+02  6.1739E+02
0007089   1.1517E+03 -5.1215E+02  9.4606E+01
0007090   5.7783E+02 -3.7103E+02 -6.7784E+02
0007091   1.3706E+03  2.3910E+02  2.3322E+02
0007092   8.8955E+02 -1.9904E+02 -5.4566E+02
0007093   5.2835E+02  4.2441E+01 -4.8065E+02
0007094   7.5588E+02  3.9179E+02  2.3409E+01
0007095   1.2574E+03  1.7354E+02  2.5390E+02
0007096   6.1500E+02  1.7528E+02  5.1691E+02
0007097   9.2820E+02 -6.6147E+01 -4.9971E+01
0007098   6.5913E+02  1.0721E+02  1.4425E+02
0007099   8.1739E+01 -5.4974E+02 -1.0608E+02
0007100   3.4907E+02 -1.9851E+02 -1.0486E+02
0007101   1.2503E+03 -3.4469E+02 -6.3834E+02
0007102   1.1635E+03  5.1768E+01 -3.0676E+02
0007103   6.7024E+02  5.7572E+02 -6.2170E+02
0007104   1.3851E+03 -5.9648E+01  4.4244E+02
0007105   3.8301E+02 -7.7908E+02 -5.9910E+01
0007106   1.2608E+03 -2.6683E+01 -1.6650E+01
0007107   7.0796E+02  4.5382E+02  1.2601E+01
0007108   6.7456E+02 -1.2714E+02  2.9346E+02
0007109   1.2617E+03  6.8100E+02 -4.4708E+02
0007110   7.0296E+02 -3.3218E+02  1.0427E+02
0007111   5.9567E+02 -6.1516E+02  4.0221E+02
0007112   2.4490E+02  1.8185E+01  1.2982E+01
0007113   6.1483E+02  1.8951E+02 -5.7071E+02
0007114   2.8029E+02  7.3431E+01 -2.2807E+02
0007115   9.8995E+02 -5.3920E+00 -1.5185E+02
0007116   5.6939E+02  3.7527E+02 -4.5464E+02
0007117   9.6223E+02 -2.0031E+02 -2.5827E+02
0007118   3.9660E+02 -2.0478E+02  1.7686E+02
0007119   6.0023E+02 -4.7769E+01 -3.7321E+02
0007120   6.2952E+02  4.3085E+02  4.3355E+02
0007121   9.6431E+02 -3.0038E+02 -3.3804E+02
0007122   7.6876E+02 -4.3585E+02 -2.3339E+02
0007123   5.3444E+02  2.1750E+02  2.2249E+01
0007124   1.0875E+03 -1.5717E+01  2.6562E+02
0007125   1.2030E+03  8.0774E+01 -1.0338E+02
0007126   7.2114E+02 -7.6208E+01 -4.3713E+02
0007127   1.0770E+03  4.4113E+02  1.0173E+03
0007128   1.5702E+03 -2.3343E+01 -4.6301E+02
0007129   5.9440E+02  2.1020E+02 -3.8430E+02
0007130   2.0432E+02  1.9658E+02 -2.6022E+02
0007131   1.0274E+03  6.2492E+02  8.1109E+01
0007132   5.3265E+02 -4.2321E+02  2.2051E+02
0007133   6.9667E+02 -4.2846E+02 -3.6738E+02
0007134   8.9573E+02  1.0102E+02 -5.9115E+01
0007135   8.8327E+02  5.3759E+02 -1.5168E+02
0007136   1.2297E+03  5.0218E+02  7.3379E+00
0007137   9.3373E+02  5.3603E+02 -2.8084E+02
0007138   2.4831E+02 -2.4716E+01 -8.9933E+00
0007139   4.8544E+02 -3.6090E+02  4.8147E+02
0007140   1.0916E+03 -4.0375E+01 -2.1783E+02
0007141   7.6447E+02  9.1990E+01 -3.7916E+02
0007142   2.3856E+01 -9.1966E+01 -3.0678E+02
0007143   7.0004E+02 -2.0487E+02  6.1933E+02
0007144   1.2241E+03 -1.0622E+02  1.4525E+02
0007145   1.8807E+02 -6.2746E+01  1.3465E+02
0007147   7.5404E+02  5.2004E+00  2.3755E+02
0007148   6.3926E+02  4.5997E+02 -8.7304E+02
0007149   1.0088E+03  3.0513E+02  4.1355E+01
0007150   3.3626E+02 -2.5246E+02 -5.4476E+02
0007151   1.1134E+03  1.0694E+02 -4.1046E+01
0007152   1.3369E+03  1.2935E+01 -3.7976E+02
0007153   3.9267E+02 -4.3429E+02  4.2316E+01
0007154   2.8069E+02  3.3145E+01  4.0303E-01
0007155   8.5995E+02  4.3656E+02  1.2831E+02
0007156   3.7550E+02 -1.0905E+02 -4.9358E+02
0007157   7.2046E+02 -9.1230E+01  7.9224E+01
0007158   3.2331E+02 -4.1644E+02 -4.4462E+02
0007159   8.4085E+02 -4.3035E+02 -6.0197E+01
0007161   1.0717E+03 -5.4261E+02  2.9803E+02
0007162   1.1430E+03 -2.9093E+02  3.6792E+02
0007163   8.4442E+02  6.8422E+02  1.4490E+02
0007164   1.6085E+03 -9.6590E+01  3.0110E+01
0007165   1.1913E+03 -1.7485E+02  6.9555E+01
0007166   3.3004E+02  7.8341E+01 -1.4751E+02
0007167   8.2700E+02  2.0701E+02 -3.0732E+02
0007168   1.1277E+03  2.1673E+02  3.4178E+02
0007169   4.9346E+02 -2.3371E+02  5.9263E+02
0007170   4.7875E+02  9.5279E+02  3.3791E+02
0007171   1.1180E+03 -4.3341E+02 -5.1394E+01
0007172   1.2536E+03  5.5293E+02 -2.7840E+02
0007173   9.1438E+02 -1.2275E+02  4.3184E+02
0007174   1.5360E+03  1.1537E+02  1.6127E+02
0007175   1.0824E+03  1.6827E+02  8.1267E+01
0007176   9.1494E+02 -2.9479E+02 -3.6427E+02
0007177   7.3802E+02  7.2068E+01  5.0238E+02
0007178   6.4676E+02 -3.0946E+02  1.2133E+02
0007180   6.8057E+01  2.2597E+02 -5.3347E+02
0007181   7.2181E+02  9.6860E+01  3.2050E+02
0007182   2.2433E+02 -4.8183E+02 -1.0735E+02
0007183   6.8309E+02 -1.4429E+02 -1.7454E+02
0007184   4.3172E+02 -6.8237E+01 -4.3888E+01
0007185   1.3004E+03  4.0686E+02  2.7299E+02
0007186   1.1247E+03  6.5289E+02  1.4284E+02
0007187   1.1135E+03  1.2454E+02  4.2956E+02
0007188   5.9817E+02 -3.3266E+02  4.5366E+02
0007189   7.1504E+02 -2.4257E+02 -1.6242E+02
0007190   5.3736E+02 -4.8727E+02 -1.1651E+02
0007191   6.7485E+02  4.2978E+01 -7.7321E+02
0007192   5.3004E+02 -1.5140E+02  7.8794E+02
0007193   8.8117E+02  3.0683E+01  1.7008E+02
0007194   1.1596E+03  1.8712E+02 -9.6091E+01
0007195   1.2530E+03 -1.1983E+02  4.6490E+01
0007196   7.5286E+02 -3.3015E+02  4.4001E+02
0007197   8.5781E+02  3.2358E+02  3.4535E+02
0007198   9.9141E+02  2.5929E+02 -3.9649E+02
0007199   7.0744E+02  2.3837E+02 -1.0661E+02
0007200   1.4135E+03 -1.3555E+02  3.4981E+02
0007201   1.1794E+03  3.0974E+01  7.2428E+01
0007202   4.5668E+02  1.6500E+02  1.7222E+02
0007203   1.5097E+03 -4.6645E+01 -1.4999E+02
0007204   9.0421E+02 -5.1271E+02  5.2973E+02
0007205   1.5110E+03  2.3537E+02 -5.1567E+02
0007207   5.3467E+02  3.3291E+02 -1.2247E+02
0007208   2.0344E+02  7.3401E+01  3.4959E+01
0007209   5.0782E+02 -2.1529E+02 -2.7118E+02
0007210   5.1986E+02 -3.3281E+02 -4.0204E+01
0007211   9.8564E+02  7.5823E+02 -1.6764E+02
0007212   7.0481E+02  1.6436E+02  1.3034E+02
0007214   1.2543E+03 -1.2677E+02  3.5864E+02
0007215   1.0189E+03 -8.9158E+01  2.8096E+02
0007216   5.8441E+02  5.2211E+02  1.2985E+02
0007217   7.8216E+02 -9.8001E+02 -3.5101E+02
0007218   4.6811E+02 -3.4321E+02  4.2270E+02
0007219   8.2239E+02 -3.2103E+00  1.2947E+02
0007220   9.6924E+02 -1.2306E+02 -2.3960E+02
0007221   1.1996E+03  3.5181E+02  2.7539E+02
0007222   8.8695E+02  3.2111E+02  5.0757E+02
0007223   7.7841E+02 -7.6193E+02 -5.6154E+02
0007224   1.5761E+03  7.5249E+01 -5.8448E+02
0007225   8.6393E+02 -1.8138E+02  2.6919E+01
0007226   1.1933E+03 -9.4762E+02 -1.8585E+02
0007227   4.8062E+02  2.3405E+02 -1.2164E+01
0007228   1.5675E+03 -5.6538E+01 -6.1683E+01
0007229   7.1932E+02  4.6643E+02  3.2705E+02
0007230   7.4051E+02 -5.5122E+01  6.2126E+02
0007231   4.0334E+02 -7.1881E+02  4.2339E+02
0007232   7.5055E+02 -1.7175E+02 -4.8745E+01
0007233   8.2596E+02 -2.4663E+02 -4.4202E+02
0007234   2.6222E+02 -8.0754E+02 -1.0034E+02
0007235   5.9293E+02 -1.0122E+02 -3.8146E+02
0007236   3.9560E+02  1.0884E+02 -9.9013E+01
0007237   1.2214E+03 -1.6418E+02 -2.3705E+02
0007238   9.0344E+02  1.2660E+02 -1.4070E+02
0007239   1.2272E+03  1.5066E+02  2.1027E+02
0007240   3.9369E+02 -7.7455E+01  6.9690E+01
0007241   8.1425E+02  1.9777E+01  7.1907E+01
0007242   9.2914E+02 -1.2064E+02 -9.3207E+01
0007243   6.7506E+02  3.5223E+01  9.3619E+01
0007244   7.8903E+02 -1.2536E+02  5.2368E+02
0007245   5.1425E+02  9.7925E+01 -8.7718E+02
0007246   5.5510E+02 -7.1415E+01  2.8142E+02
0007247   1.2751E+03 -2.4953E+02  6.7245E+01
0007248   5.4419E+02  1.3960E+02 -3.4975E+02
0007249   1.1025E+03 -4.1682E+02 -3.6161E+02
0007250   8.5406E+02 -1.7219E+02 -3.8585E+02
0007251   1.4533E+03 -5.8028E+01 -6.0684E+01
0007252   1.2565E+03 -7.2697E+01 -3.3046E+02
0007253   4.9036E+02 -8.6451E+01 -1.0546E+02
0007254   6.1159E+02 -3.9032E+02  2.8233E+02
0007255   6.6885E+02  4.7541E+02  1.1439E+02
0007256   7.3839E+02 -6.1688E+02  2.8647E+02
0007257   4.5348E+02  3.7047E+02  2.0698E+02
0007258   9.2114E+02  5.3450E+01  3.6465E+02
0007259   1.6656E+02  9.5469E+01  2.2388E+02
0007260   1.1837E+02 -1.3465E+02  5.7116E+02
0007261   1.0812E+03 -9.6431E+01 -3.1969E+02
0007262   7.4715E+02 -4.3440E+02  1.5036E+02
0007263   9.9369E+02 -6.5200E+02  1.1029E+03
0007264   6.7624E+02  2.0677E+02 -2.9135E+02
0007265   7.3254E+02 -4.7911E+01 -9.2737E+02
0007266   1.0459E+03  5.1636E+02 -2.5078E+02
0007267   1.6877E+03 -2.9589E+02 -3.4908E+02
0007268   7.7041E+02 -6.8164E+02  1.4912E+02
0007269   4.9557E+02  5.8299E+01 -4.8974E+01
0007270   4.2430E+02 -8.0098E+02  3.3499E+01
0007271   7.3491E+02 -1.3035E+02  1.5164E+02
0007272   1.0391E+03  5.9794E+02 -2.7447E+02
0007273   9.9599E+02 -7.2613E+02  4.3377E+02
0007274   4.5185E+02  4.7648E+01  3.6449E+02
0007275   5.6123E+02  1.1665E+02 -2.5667E+02
0007276   8.4432E+02 -3.0017E+02 -1.2031E+02
0007277   1.0022E+03  2.2668E+02  1.2492E+02
0007278   4.9576E+02 -2.5899E+02 -1.7927E+02
0007279   9.8854E+02  3.7354E+02 -8.4836E+01
0007280   6.7957E+02 -8.2167E+01  8.0188E+02
0007281   4.6288E+02  8.8783E+01  2.3154E+01
0007282   8.2135E+02  5.7380E+01 -4.9776E+02
0007283   5.9707E+02  3.8641E+02  2.3815E+02
0007284   4.6644E+02 -1.0409E+02  3.5387E+02
0007285   1.4108E+03 -1.5245E+02  2.0522E+02
0007286   2.1200E+02 -1.9052E+02  1.5457E+02
0007287   8.7024E+02 -5.2902E+01  1.9349E+02
0007288   1.8941E+02 -6.2530E+01 -2.0182E+02
0007289   6.2076E+02  6.1871E+01  2.4629E+02
0007290   8.7855E+02 -6.6459E+00 -6.4289E+02
0007291   3.8592E+02 -2.9645E+01  1.3927E+02
0007292   1.3023E+03  3.0211E+01  4.2284E+02
0007293   8.5953E+02 -3.5623E+01  5.6032E+02
0007294   9.4553E+02 -1.9267E+02  9.0586E+01
0007295   1.0152E+03 -1.6035E+02 -2.4556E+02
0007296   4.8217E+02  2.9288E+02 -6.9034E+01
0007297   9.9048E+02  1.5862E+02  2.0227E+02
0007298   1.2169E+03 -9.6959E+02 -5.3572E+02
0007299   1.1070E+03 -9.2338E+01 -2.1958E+02
0007300   9.2022E+02  4.7005E+02 -7.4740E+02
0007301   1.1905E+03  6.3394E+01  1.7192E+02
0007302   1.2776E+03 -2.1839E+02 -1.5500E+02
0007303   6.8594E+02  8.4162E+02  1.0011E+02
0007304   1.0646E+03  7.0825E+02  3.6873E+02
0007305   1.6879E+02  6.8753E+01 -8.8708E+01
0007306   6.5797E+02  6.2803E+01  8.0341E+01
0007307   1.3000E+03  3.6696E+01 -1.9161E+02
0007308   1.1946E+03  2.2596E+02 -1.1013E+02
0007309   9.4058E+02  1.8178E+02  4.0689E+01
0007310   9.2310E+02  2.0865E+02 -8.3162E+02
0007311   1.0114E+03 -6.2310E+01  6.7906E+02
0007312   1.5481E+03  1.3071E+02 -1.2384E+02
0007313   1.2741E+03  1.4995E+02 -3.8434E+02
0007314   6.6075E+02 -7.8445E+02 -2.1923E+02
0007315   1.3261E+03 -5.0204E+02 -4.4754E+02
0007316   9.1578E+02  9.7435E+01 -8.6230E+02
0007317   7.2094E+02 -3.7460E+02  1.5684E+02
0007318   9.5156E+02  1.5583E+02  8.2415E+02
0007319   3.7216E+02  2.7583E+02 -3.6937E+02
0007320   3.5396E+02 -3.3371E+02  1.8888E+01
0007321   7.3040E+02  3.1142E+01 -3.5816E+01
0007322   8.6187E+02  6.8498E+02  3.7939E+01
0007323   9.4715E+02  4.8730E+02  2.4276E+01
0007324   1.0152E+03  3.6266E+02  1.0603E+02
0007325   3.5852E+02  8.8659E+02 -9.4100E+01
0007326   8.7740E+02 -5.0550E+02  9.3812E+00
0007327   4.9968E+02  3.3595E+02 -1.6987E+02
0007328   1.0338E+03 -8.3168E+01  7.5739E+02
0007329   1.4234E+03  5.1294E+02 -3.7553E+02
0007330   1.0593E+03 -3.4488E+01 -2.8007E+02
0007331   3.7081E+02 -4.5065E+02  5.2296E+02
0007332   4.0872E+02 -6.5763E+02  7.1645E+02
0007333   4.5296E+01  3.1834E+02  5.9633E+00
0007334   5.8267E+02 -1.2292E+02  3.1613E+02
0007335   1.4068E+03 -9.6912E+01 -9.7501E+01
0007336   6.7429E+02  2.5408E+02 -4.5788E+02
0007337   9.0156E+02 -3.8205E+02 -3.6687E+01
0007338   8.1516E+02 -4.7147E+01  2.3375E+02
0007339   1.1632E+03 -1.1911E+02 -4.5466E+02
0007340   1.2564E+03 -1.3102E+02 -3.8562E+02
0007341   6.9435E+02  5.2967E+01  3.3017E+02
0007342   1.0398E+03 -1.7009E+02 -6.2252E+02
0007343   6.6097E+02  5.5391E+02 -3.9969E+02
0007344   4.9575E+02  4.5949E+02  5.9814E+02
0007345   5.3166E+02  1.0044E+02  1.9794E+02
0007346   1.0934E+03 -5.3766E+02  2.9042E+02
0007347   9.0387E+02  1.9111E+01  6.6310E+01
0007348   9.5908E+02  7.1355E+02 -8.7156E+01
0007349   5.5070E+02 -3.0806E+02 -8.4594E+02
0007350   3.6191E+02 -7.0052E+02  3.3486E+02
0007351   6.9796E+02  4.3261E+01 -4.5366E+02
0007352   1.2111E+03  2.1051E+02  2.4217E+02
0007353   7.6023E+02 -1.9283E+02  3.9383E+01
0007354   6.8075E+02  4.1365E+02  1.0928E+03
0007355   1.0809E+03  7.2890E+02 -8.6508E+01
0007356   3.9035E+02  6.6183E+02 -3.2033E+00
0007357   6.3738E+02 -6.4363E+02 -2.3617E+02
0007358   1.3583E+03 -3.3961E+01  4.8476E+00
0007359   9.7684E+02 -7.9128E+01 -3.8073E+00
0007360   3.9645E+02 -2.3462E+02 -6.2830E+01
0007361   3.3409E+02 -2.7187E+01  4.1040E+02
0007362   5.9789E+02  4.3758E+02  3.2684E+02
0007363   4.5764E+02  5.4345E+01 -1.6336E+02
0007365   8.9614E+02  4.9165E+01 -8.4623E+01
0007366   6.5817E+02  1.0169E+02 -2.3621E+02
0007367   4.6969E+02  7.9865E+02  5.0786E+02
0007368   7.0204E+02 -9.0111E+02  3.4133E+02
0007369   4.7908E+02 -1.9874E+01  4.7715E+02
0007370   1.2257E+03  1.6551E+02  1.9615E+02
0007371   7.1640E+02  5.0982E+02  1.5474E+02
0007372   6.6022E+02 -5.9850E+02  4.1934E+02
0007373   3.0224E+02  5.0932E+01  1.3397E+02
0007374   9.2823E+02  4.3169E+01 -1.7457E+02
0007375   8.1271E+02  9.5789E+02 -4.1102E+02
0007376   9.4288E+02 -2.1434E+02 -1.4665E+02
0007377   6.6500E+02  4.8728E+02  5.0631E+02
0007379   9.2435E+02  5.7266E+01 -1.2874E+02
0007380   4.8638E+02 -4.4847E+02  2.1246E+02
0007381   1.2341E+03  2.7018E+02  2.4220E+02
0007382   5.0958E+02  7.8326E+02  1.8438E+02
0007383   6.3119E+02 -3.1922E+02  4.8132E+02
0007384   8.2300E+02 -2.2028E+02 -2.7060E+02
0007385   2.2842E+02  7.1621E+02 -2.2959E+02
0007386   3.5107E+02  7.4351E+02  3.5306E+02
0007387   6.3118E+02  1.2685E+02 -4.3525E+02
0007388   9.8082E+02 -3.7981E+02  1.0648E+02
0007389   6.4378E+02 -6.4769E+02 -2.0156E+01
0007390   1.4444E+03 -4.5938E+01 -1.5553E+02
0007391   4.8338E+02 -4.6596E+01  2.1342E+01
0007392   1.0786E+03 -7.3525E+01 -6.3925E+01
0007393   4.8662E+02 -9.4598E+01 -2.8532E+02
0007394   1.2386E+03  3.7489E+02  3.9878E+02
0007395   6.0402E+02 -1.0901E+02  4.4092E+02
0007396   8.3511E+02 -5.7402E+01 -1.5869E+02
0007397   2.8146E+02 -5.0442E+02  8.0405E+02
0007398   4.1530E+02 -7.1193E+01 -1.6298E+02
0007399   1.0632E+03  3.8554E+02 -1.6298E+01
0007400   4.9821E+02 -9.4679E+01  2.9352E+02
0007401   3.7675E+02 -7.0124E+02 -4.1050E+02
0007402   7.3788E+02 -5.1099E+01  1.7313E+02
0007403   7.2289E+02 -2.9612E+02  2.1838E+02
0007404   5.0668E+02  2.9287E+01  8.4439E+01
0007405   1.0665E+02 -8.0110E+01  1.6114E+02
0007406   1.1689E+03  1.7000E+02 -4.8121E+01
0007407   5.9033E+02  2.3891E+02  6.2117E+02
0007408   1.1289E+03  3.5987E+01 -5.0827E+02
0007409   1.0002E+03 -6.8968E+01 -7.0225E+02
0007410   7.4042E+02 -4.2218E+02  4.5026E+02
0007411   1.0415E+03 -6.0164E+00  9.5027E+01
0007412   4.4315E+02 -1.0109E+02 -1.8350E+02
0007413   5.5638E+02  9.3551E+01  2.8813E+02
0007414   7.7075E+02  3.0746E+02  1.8170E+02
0007415   2.2249E+02  2.4568E+02  1.0279E+02
0007417   1.3029E+03 -2.3398E+02  1.1990E+02
0007418   2.6774E+02  4.1977E+01 -4.6008E+02
0007419   7.1418E+02 -2.8254E+02 -3.5237E+01
0007420   6.8538E+02  2.5860E+02 -3.7561E+02
0007421   1.6447E+02 -3.4419E+02  3.6423E+01
0007422   1.0770E+03  5.6307E+01 -2.8063E+02
0007423   7.7262E+02 -4.0655E+02 -2.0837E+02
0007424   1.2520E+03 -3.5780E+01  2.0508E+02
0007425   3.0547E+02  2.1838E+02 -1.3612E+02
0007426   5.5327E+02 -4.0705E+02 -2.0317E+01
0007427   1.0932E+03 -1.5744E+02  4.3792E+02
0007428   6.1815E+02  5.2722E+01  2.2780E+02
0007429   5.6016E+02 -3.0845E+02  2.3433E+02
0007430   9.0558E+02  3.6410E+02 -2.8441E+02
0007431   5.9258E+02  4.7847E+02 -3.2658E+01
0007432   8.0587E+02  6.6866E+02  5.3932E+02
0007433   5.0558E+02 -1.1253E+03 -6.7656E+01
0007434   1.3050E+03 -6.4516E+01 -5.7903E+02
0007435   7.2980E+02  3.2173E+02  3.8129E+02
0007437   5.1898E+02 -3.3008E+02 -7.4827E+01
0007438   7.6936E+02 -5.8466E+02  2.3761E+02
0007439   3.5946E+02  2.6802E+02 -1.8782E+02
0007440   5.0048E+02 -9.6606E+01  1.3347E+02
0007441   6.9191E+02 -1.2540E+02 -1.3369E+02
0007442   9.3353E+02  1.4307E+02  2.4311E+02
0007443   1.0256E+03  4.8871E+01 -3.7158E+02
0007444   6.7937E+02  2.0143E+02  5.1830E+01
0007445   5.8654E+02  2.0789E+02 -2.0924E+02
0007446   5.5116E+02 -5.0864E+02 -5.1497E+01
0007447   8.8605E+02 -1.0497E+03  3.5689E+02
0007448   1.1868E+03 -8.0078E+00 -2.7064E+02
0007449   4.3981E+02  9.9954E+01 -2.9901E+02
0007450   5.0515E+02 -3.1649E+02 -3.7641E+02
0007451   7.5115E+02  2.8026E+02  1.6659E+02
0007452   1.2153E+03  2.9257E+02  4.5949E+02
0007453   1.3426E+03 -6.8750E+02  1.6956E+02
0007454   1.4805E+03  3.4508E+02  2.9338E+02
0007455   4.7613E+02  1.0792E+02 -1.2108E+02
0007456   5.5554E+02  1.9188E+02  1.7098E+02
0007457   1.6223E+03 -2.6386E+02  8.5128E+00
0007458   1.3540E+03  5.1916E+02 -7.7153E+02
0007459   7.3341E+02 -6.4394E+01  9.8672E+01
0007460   6.4078E+02 -9.0589E+01 -3.6146E+02
0007461   1.0435E+03  4.4695E+02 -1.8144E+01
0007462   1.1088E+03  1.0036E+02  4.0308E+02
0007463   3.2768E+02 -4.8353E+01 -2.7572E+01
0007464   1.3144E+03  3.9103E+02  3.4128E+02
0007465   4.8750E+02 -1.5477E+02  2.6173E+01
0007466   1.3567E+03 -3.3623E+02  2.0251E+02
0007467   1.0289E+03 -4.2469E+02  2.6785E+02
0007468   1.2070E+03 -1.5500E+02  1.3189E+02
0007469   1.0501E+03 -1.0968E+02 -1.5431E+02
0007470   6.7252E+02  5.1451E+02 -1.5271E+02
0007471   8.8884E+02 -2.0959E+01  4.3900E+02
0007472   3.2497E+02 -8.6706E+01  3.2377E+01
0007473   7.1584E+02  8.9229E+00  5.1547E+02
0007474   9.5287E+02 -4.3031E+02  2.2233E+02
0007475   8.9484E+02  1.0114E+02 -1.2304E+02
0007476   2.0732E+01  1.6972E+02 -9.1477E+01
0007477   5.9703E+02  2.1786E+02  9.3928E+01
0007478   5.8554E+02 -2.6150E+02 -8.0790E+01
0007479   3.2864E+02  2.8921E+02 -4.8317E+02
0007480   1.4337E+03  1.7220E+01 -4.7718E+02
0007481   1.1495E+03  1.4640E+01  3.1343E+01
0007482   4.1584E+02 -5.0043E+01  7.3539E+01
0007483   4.8450E+02  3.4964E+02  4.6348E+02
0007484   4.8161E+02  5.0415E+01  4.9823E+02
0007485   1.1799E+03 -2.6795E+02  1.4290E+02
0007486   2.6922E+02 -1.6868E+02  2.3771E+02
0007487   1.2365E+03 -7.5984E+02 -7.1573E+02
0007488   6.0237E+02 -2.4357E+02 -3.0671E+02
0007489   7.7821E+02 -1.2576E+01 -6.7374E+02
0007490   8.2465E+02 -8.5007E+02 -2.4418E+02
0007491   1.0551E+02  3.5030E+02  2.6591E+02
0007492   1.1828E+03 -1.7302E+02 -2.0588E+01
0007493   5.1668E+02  1.0169E+02  3.3569E+02
0007494   9.2033E+02 -3.1725E+02 -7.0996E+02
0007495   1.1805E+03 -1.9100E+02 -1.6381E+02
0007496   7.1657E+02 -2.6532E+02  2.6653E+02
0007497   1.0336E+03  2.9959E+01 -1.4827E+02
0007499   6.8547E+02  3.3528E+02  3.5270E+02
0007500   4.4462E+02 -9.5077E+00 -7.5808E+02
0007501   9.5718E+02  5.9915E+02  2.6941E+01
0007502   7.8575E+02 -4.8534E+02 -2.3275E+02
0007503   1.2581E+02  1.5297E+00 -5.2119E+01
0007504   3.2120E+02 -3.8696E+02  1.0376E+02
0007505   4.0045E+02  4.6404E+02  5.1285E+01
0007506   6.8878E+02 -3.1842E+02  2.4687E+02
0007507   7.9656E+02  4.5129E+02 -1.2107E+02
0007508   1.1251E+03  1.8548E+02  3.9135E+02
0007509   1.2075E+03  5.7526E+01  2.2127E+02
0007510   1.0639E+03 -5.7088E-01 -5.5183E+02
0007511   6.4735E+02  1.3121E+01  1.3103E+00
0007512   4.4183E+02  1.1132E+02  3.4664E+02
0007513   7.4095E+02  3.6468E+02 -7.0719E+02
0007514   1.9372E+02  4.4480E+01  5.5229E+02
0007515   6.0523E+02  5.3042E+02  2.0326E+02
0007516   7.9525E+02 -3.2820E+02  4.1946E+02
0007517   7.9836E+02  2.0331E+02  2.6813E+02
0007518   1.4058E+03 -6.5766E+02  4.2150E+02
0007519   1.4153E+03  9.6918E+01  1.8923E+02
0007520   1.0726E+03  2.8608E+02 -2.8879E+02
0007522   6.4345E+02  3.6590E+02 -8.3810E+01
0007523   6.3041E+02  2.9073E+01 -3.2811E+00
0007524   1.0003E+03  9.2168E+01  5.8379E+02
0007525   3.9575E+02 -1.9083E+02  6.4495E+02
0007526   6.1892E+02  2.2963E+02 -8.7844E+01
0007527   8.2304E+02 -7.6984E+01  5.5130E+02
0007528   9.3011E+02 -4.4643E-01  2.7680E+01
0007529   9.4466E+02 -7.1570E+02 -7.3795E+02
0007530   6.2853E+02 -1.1363E+00 -3.1429E+02
0007531   5.9544E+02 -1.8745E+02 -1.6786E+01
0007532   9.7345E+02 -7.5000E+02  3.3376E+02
0007533   1.0421E+03 -4.1384E+02 -4.3302E+02
0007534   9.1440E+02 -1.0515E+02 -2.1892E+02
0007535   6.4618E+02  1.1059E+02  2.1831E+01
0007536   4.1478E+02  5.6400E+02 -1.6194E+02
0007537   1.3018E+03  5.4641E+02  3.3766E+01
0007538   5.9964E+02  3.5385E+02 -2.2226E+02
0007539   1.5780E+03  8.5798E+02 -1.8474E+02
0007540   1.0189E+03 -5.6565E+01 -2.5919E+01
0007541   5.3396E+02 -1.9019E+02  2.9348E+02
0007542   3.7138E+02 -1.1479E+02 -1.5623E+02
0007543   9.2632E+02  4.4875E+01  4.7235E+02
0007544   1.2850E+03  2.7302E+02 -9.8726E+01
0007545   2.0317E+02 -1.9148E+02  4.5922E+02
0007546   6.1561E+02  1.3328E+02  5.6238E+01
0007547   5.5479E+01  2.9466E+02  1.7443E+02
0007548   7.5014E+02 -3.8218E+02 -8.3599E+01
0007549   5.3136E+02 -1.1931E+02 -4.0169E+02
0007550   9.5094E+01 -3.8307E+02  3.1150E+02
0007551   5.2659E+02 -6.5996E+01 -3.5547E+02
0007552   1.1294E+03 -9.0785E+01  3.7201E+02
0007553   5.4021E+02  1.0393E+03  1.6108E+02
0007554   9.4278E+02 -1.3054E+02  1.2525E+02
0007555   1.3045E+03  6.6224E+02  3.7996E+02
0007556   1.1647E+03 -9.2093E+01  2.7274E+02
0007557   8.9197E+02  4.1394E+01  1.5364E+02
0007559   1.3462E+03  3.5767E+02  2.5073E+02
0007560   5.0813E+02  2.2423E+02 -3.4774E+02
0007561   1.6023E+03  4.0098E+02  3.1294E+02
0007562   1.2777E+03 -5.5651E+01 -2.8968E+02
0007563   5.1862E+02 -2.2222E+01  1.1090E+03
0007564   3.5569E+02 -2.9009E+02 -4.2928E+02
0007565   4.9084E+02 -2.8826E+02  7.9418E+01
0007566   1.2821E+03  8.8061E+02 -5.1664E+01
0007567   1.2490E+03  6.7652E+02 -5.0279E+02
0007568   4.2264E+02  7.3709E+02 -3.7944E+02
0007569   8.0113E+02  7.5668E+01  8.3181E+01
0007570   2.2158E+02 -9.8001E+01  4.5542E+02
0007571   1.8875E+02  6.2063E+01 -3.8875E+02
0007572   1.2603E+03 -5.7287E+01 -5.8187E+02
0007573   1.3322E+03  1.1631E+02 -1.8655E+02
0007574   1.2708E+03  4.7648E+02 -5.6978E+02
0007575   1.3276E+03  3.7439E+02  4.0785E+02
0007576   6.1268E+02 -1.4329E+01 -2.0239E+02
0007577   1.5022E+03 -2.4141E+02  9.7295E+00
0007578   1.0971E+03  1.7163E+02 -6.1539E+02
0007579   1.2865E+03 -5.2892E+02  6.7692E+02
0007580   4.4362E+02  3.2083E+01 -2.5020E+02
0007581   4.1433E+02 -3.5920E+02 -7.0017E+00
0007583   1.3932E+03  2.6163E+02  3.7843E+00
0007584   1.2008E+03  3.9367E+01  5.5646E+01
0007585   1.7345E+03 -9.0230E+01 -2.5646E+02
0007586   5.5689E+02 -1.8823E+02 -8.4836E+02
0007587   1.1020E+02 -4.6704E+02  1.7199E+02
0007588   6.4965E+02 -5.3326E+02 -2.9252E+02
0007589   1.3075E+02 -1.0673E+02  3.2101E+02
0007590   8.3404E+02  1.8148E+02 -3.5633E+02
0007591   2.5408E+02  2.4337E+02  3.4407E+02
0007592   9.5425E+02  3.5317E+00  4.4948E+02
0007593   6.2920E+02  6.9934E+01 -7.2876E+02
0007594   1.2593E+03  4.1771E+02  2.1760E+02
0007595   4.5752E+02  3.5585E+02  1.1753E+02
0007596   2.0384E+02  7.5752E+02  8.6685E+02
0007597   1.2916E+02  2.0032E+02  3.2362E+01
0007598   3.6781E+02 -3.9977E+02  5.9128E+02
0007599   9.8918E+02 -7.1557E+01  3.5220E+02
0007600   1.4838E+03 -8.0761E+00 -7.2147E+02
0007601   6.9291E+02  2.6469E+01  1.4505E+02
0007602   8.7586E+02 -2.7103E+02  2.0136E+02
0007603   9.9410E+02 -1.2243E+02 -3.6969E+02
0007604   1.1031E+03  9.1851E+02  3.0062E+02
0007605   9.6572E+02 -3.7156E+02  1.9722E+02
0007606   3.5815E+02  3.2500E+02 -2.0940E+02
0007607   7.7865E+02 -7.4468E+02 -1.1132E+02
0007608   8.9507E+02  9.9829E+01 -8.3833E+01
0007609   5.7249E+02  2.5799E+02  5.5142E+02
0007610   2.3776E+02  3.9910E+02  4.4037E+02
0007611   6.6495E+02 -3.2674E+02 -5.3723E+02
0007613   9.4004E+02  2.9596E+02 -7.3068E+02
0007614   1.0050E+03 -5.6363E+02  7.7427E+02
0007615   2.3173E+02  1.8020E+02 -3.0295E+02
0007616   1.3945E+03 -1.8574E+02 -5.5832E+02
0007617   1.3057E+03 -4.9916E+02 -5.8004E+01
0007618   4.5023E+02  2.7279E+02 -2.7597E+02
0007619   5.8288E+02  6.5414E+01 -9.9443E+01
0007620   8.4290E+02 -7.0993E+02 -1.8392E+02
0007621   1.3256E+02  5.5664E+01 -6.0748E+00
0007622   1.2184E+03  1.3085E+02 -2.8375E+02
0007623   7.7751E+02  2.3731E+02  7.2231E+02
0007624   5.2893E+02 -3.7615E+02  5.6163E+02
0007625   2.3030E+02 -7.7558E+02 -2.7682E+01
0007626   1.0901E+03  7.3987E+02 -3.4292E+02
0007627   8.3433E+02 -4.6462E+02 -3.2726E+02
0007628   6.8698E+02 -2.4246E+02  3.7618E+02
0007629   5.3602E+02 -5.9167E+01  1.5945E+02
0007630   3.9873E+02  2.1820E+01  3.2014E+02
0007631   1.0389E+03 -1.5399E+02  1.0819E+01
0007632   4.5739E+02 -2.0475E+02  6.3368E+01
0007633   9.5128E+02 -1.9051E+01 -7.3218E+00
0007634   1.4885E+02  7.2788E+01 -5.1666E+01
0007635   6.8263E+02  7.7802E+02  2.2437E+02
0007636   9.3237E+02  4.8159E+02  3.1886E+02
0007637   7.5624E+02  1.0451E+02  3.3111E+02
0007638   8.1866E+02 -6.7129E+02 -3.2516E+02
0007639   6.6324E+02 -3.8228E+02  4.1974E+01
0007640   9.2001E+02  6.6237E+02 -1.6111E+02
0007641   6.0005E+02 -8.6838E+02 -9.0957E+02
0007642   1.2289E+03  7.7861E+02  3.1439E+02
0007643   1.5143E+03 -4.5518E+02  1.2151E+01
0007644   1.1541E+03  9.5812E+01 -2.4601E+02
0007645   9.0723E+02  1.6299E+02  4.0348E+02
0007646   9.6768E+02  1.1176E+03  4.2717E+02
0007647   4.3432E+02  4.6912E+01  2.0147E+01
0007648   9.3880E+02 -3.1410E+02  5.8674E+02
0007649   5.3223E+02  1.0430E+02 -7.4307E+02
0007650   7.7412E+02 -2.1653E+02  8.4003E+01
0007651   7.9786E+02 -2.1781E+02  1.1517E+01
0007652   3.9903E+02 -5.0285E+00 -1.5471E+02
0007653   1.1226E+03 -3.9230E+02  5.6585E+02
0007654   5.1077E+01  1.0134E+02  1.3583E+02
0007655   1.5641E+03  3.9796E+01 -2.4626E+02
0007656   1.2198E+03 -6.2111E+02 -3.6385E+02
0007657   8.3676E+02  1.6478E+02  1.1035E+02
0007658   3.7427E+02 -3.2670E+01 -8.1537E+01
0007659   6.2619E+02  8.8781E+01  3.4358E+02
0007660   9.5599E+02  1.6132E+02  6.6013E+01
0007661   5.0864E+02 -3.8922E+02  7.9670E+02
0007662   8.2533E+02 -7.0828E+01  5.7093E+02
0007664   3.2833E+02 -7.3888E+02  1.5435E+02
0007665   1.2894E+03  1.5639E+02  7.5463E+02
0007666   8.8456E+02  3.1374E+02 -4.9334E+02
0007667   1.1882E+03  2.2151E+02 -1.6114E+02
0007668   3.2960E+02 -4.7741E+02 -4.7855E+02
0007669   3.8597E+02 -1.7607E+02 -3.6796E+02
0007670   5.4118E+02 -4.0315E+01  9.4459E+01
0007671   6.2743E+02  4.4550E+02 -2.3386E+02
0007672   6.7456E+02 -3.6809E+02 -1.3765E+02
0007673   2.2065E+02  4.3217E+00  1.6446E+02
0007674   6.7195E+02 -3.6027E+02  3.7932E+02
0007675   1.3374E+03  8.2224E+01 -2.6874E+02
0007676   5.9089E+02 -1.3374E+02 -2.7277E+02
0007677   1.2656E+03  4.2650E+02 -2.0465E+02
0007678   4.0920E+02  6.7884E+02 -1.9697E+02
0007679   8.3050E+02  1.6487E+02  1.6013E+01
0007680   7.7431E+02 -2.5329E+02 -4.1223E+01
0007681   7.8480E+02  2.5349E+02  2.1505E+02
0007682   7.6843E+02 -3.8411E+02 -5.5189E+02
0007683   1.1873E+03 -5.3781E+02  2.2655E+02
0007684   5.2905E+02  4.5806E+02 -3.7809E+02
0007685   1.8665E+02  1.1517E+02 -2.3067E+02
0007686   9.6931E+02 -4.3505E+02  4.9751E+02
0007687   9.0667E+02 -7.8188E+01  5.2690E+01
0007688   1.0269E+03  1.6962E+02  7.0266E+02
0007689   6.5046E+02  7.8240E+01  2.8307E+01
0007690   1.3887E+03  2.4884E+02  1.3783E+02
0007691   8.5184E+02  1.4126E+02  7.1190E+00
0007692   1.1024E+03  1.5214E+02 -1.8507E+02
0007693   5.7641E+02 -1.8142E+02 -1.8313E+02
0007694   4.1831E+02  2.9577E+02  3.0759E+02
0007695   1.3695E+03  4.1457E+02 -2.0493E+02
0007696   6.4785E+02 -5.3667E+02 -2.4819E+02
0007697   5.2939E+02 -2.4027E+02 -8.4290E+01
0007698   6.3377E+02 -4.3140E+02 -3.2871E+02
0007699   8.0632E+02  3.4423E+00  1.3003E+02
0007700   1.6629E+02  6.3340E+01 -1.0111E+02
0007701   1.1883E+02 -2.5703E+02 -2.8695E+02
0007702   1.1500E+03  4.1958E+02  3.7565E+02
0007703   5.8096E+02 -1.9801E+02  2.2857E+02
0007704   6.9949E+02  4.2206E+02  5.2145E+02
0007705   1.1175E+03  1.7295E+02  5.6093E+01
0007706   3.4699E+02  3.8796E+02  3.1064E+02
0007707   7.0226E+02 -3.2900E+01  4.2703E+01
0007708   6.0939E+02 -1.5268E+02 -2.1516E+02
0007709   5.2847E+02  1.3370E+02  1.0797E+03
0007710   1.4383E+03  6.4170E+02 -4.7708E+02
0007711   1.4558E+02  4.9895E+02 -3.4814E+02
0007712   9.0760E+02 -2.9009E+02 -1.7360E+02
0007713   1.3434E+03 -1.3959E+02 -4.3884E+02
0007714   2.5396E+02  7.8028E+01  1.9607E+02
0007715   2.7703E+02 -6.8031E+01 -1.0219E+02
0007716   6.7662E+02 -3.6740E+01 -3.7848E+01
0007717   1.3158E+03  2.4842E+02  6.4973E+02
0007718   1.0435E+03 -3.4627E+02  5.8293E+01
0007719   2.8773E+02 -6.6173E+01  1.5070E+01
0007720   6.7635E+02  1.9745E+02 -2.8834E+02
0007721   4.1969E+02  5.6915E+02 -6.1298E+02
0007722   1.2010E+03  9.4488E+02 -8.0833E+01
0007723   1.3608E+03  1.8090E+02  1.9021E+02
0007724   1.0311E+03  5.9888E+02 -7.1606E+02
0007725   8.1033E+02 -5.5637E+02 -1.5088E+02
0007726   9.9266E+02  2.5092E+02 -2.6917E+02
0007727   4.5687E+02 -2.6886E+02  5.1397E+02
0007728   8.7648E+02  1.2074E+02 -5.0186E+01
0007729   1.1139E+03 -1.4780E+02  3.5278E+01
0007730   1.3671E+03 -3.5979E+02 -6.4249E+02
0007731   1.0041E+03 -1.9433E+02  4.4537E+02
0007732   5.0490E+02 -1.3269E+02 -2.2268E+02
0007733   9.0584E+02 -6.9461E+02 -9.0280E+01
0007734   3.9758E+02 -1.0601E+02  2.1994E+02
0007735   8.8119E+02 -3.5941E+02 -1.9939E+01
0007736   9.0297E+02 -5.4233E+02  3.7577E+02
0007737   9.3198E+01 -2.2844E+02 -5.2886E+01
0007738   5.9705E+01 -3.2045E+02 -2.6894E+02
0007739   4.9408E+02 -3.4329E+02  4.2557E+02
0007740   8.4796E+02  3.6649E+02  2.1443E+01
0007741   1.4525E+03  1.8632E+02 -1.0951E+02
0007742   1.0157E+03  5.7799E+02 -2.9166E+02
0007743   7.7300E+02  1.3786E+02 -3.5019E+02
0007744   5.4348E+02 -3.8640E+01  1.6087E+02
0007745   1.3603E+03  1.7534E+02  1.7272E+02
0007746   1.0080E+03  2.0441E+02  3.9397E+02
0007747   2.1901E+02  6.8645E+02  4.1440E+01
0007748   1.2176E+02 -3.7613E+01 -1.2303E+02
0007749   5.1103E+02  6.4161E+02 -9.4610E+02
0007751   5.9007E+01 -1.3964E+02  9.2787E+01
0007752   6.6968E+02  2.4797E+02 -1.4842E+02
0007753   7.1524E+02 -5.7328E+02  2.4840E+02
0007754   1.5039E+03  5.6804E+02 -1.8297E+02
0007755   6.6335E+02 -3.4833E+02 -4.2122E+01
0007756   5.4742E+02  1.4318E+02  6.4561E+01
0007757   5.0902E+02 -4.5599E+01  2.1220E+02
0007758   7.2477E+02  2.6687E+02 -3.9144E+02
0007759   1.1388E+03 -3.9216E+02 -5.7880E+01
0007760   9.1417E+02 -6.0671E+02 -1.4214E+02
0007761   5.2884E+02 -1.0722E+02 -1.9366E+02
0007762   6.6549E+02  6.4071E+01  1.6421E+02
0007763   7.7374E+02 -2.2409E+02  3.8229E+02
0007764   7.7923E+02  4.5318E+02  9.8134E+01
0007765   1.0626E+03 -9.8954E+01  1.6884E+02
0007766   8.9797E+02  3.6708E+02 -2.1388E+02
0007767   3.9332E+02 -4.7651E+02 -2.8478E+02
0007768   8.1546E+02 -6.2576E+00 -5.0690E+02
0007769   3.6293E+02  5.7502E+02  3.2357E+01
0007770   4.8210E+02  5.0011E+02 -4.8334E+01
0007771   1.1867E+03  2.2100E+02  6.4668E+02
0007772   1.1309E+03  2.4377E+02 -2.1126E+02
0007774   1.9737E+02 -6.2713E+01  2.4166E+01
0007775   3.4144E+02  7.5856E+02 -2.6741E+02
0007776   6.8132E+02  3.0997E+02  2.4394E+02
0007777   8.1328E+02  4.3360E+02 -2.2951E+01
0007778   1.0794E+03  3.3765E+01  4.7685E+02
0007779   8.7975E+02 -2.2259E+02  4.2989E+01
0007780   4.4155E+02 -1.1013E+02 -3.0071E+00
0007781   1.0449E+03  2.9092E+02  3.3063E+00
0007782   7.7124E+02  3.4833E+02 -4.0265E+02
0007783   9.8309E+02  9.5745E+01 -3.5886E+02
0007784   1.3528E+03  1.7693E+02  4.2627E+02
0007785   3.9517E+02 -1.8755E+01 -4.5031E+02
0007786   1.2538E+03  6.8630E+02 -2.0069E+02
0007787   1.0592E+03  6.9982E+02  1.4290E+02
0007788   7.6125E+02  5.0731E+01 -2.1771E+02
0007790   3.3188E+02 -5.7264E+01  3.7257E+02
0007791   9.8534E+02  3.9639E+02 -3.5797E+02
0007792   9.1036E+02  4.5690E+02 -2.9401E+02
0007793   1.1955E+03  5.2505E+02 -6.1717E+01
0007794   6.8539E+02 -2.1175E+02 -4.3413E+02
0007795   1.0593E+02 -1.2871E+02 -1.4993E+02
0007796   8.8441E+02 -3.9043E+02 -5.1819E+02
0007797   3.6325E+02  2.7220E+02  3.0924E+01
0007798   5.1497E+02 -6.0680E+02 -2.7833E+02
0007799   4.3385E+02  1.9454E+02  4.4781E+01
0007800   5.5597E+02  4.7886E+02 -2.6784E+02
0007801   1.3187E+03  5.9886E+02 -3.3372E+01
0007802   8.9993E+02 -3.5299E+02 -3.2305E+01
0007803   4.9968E+02  3.8187E+02  8.3547E+02
0007804   9.9875E+02  1.5350E+01 -3.0685E+02
0007805   1.1274E+03  1.1609E+02  2.7055E+01
0007806   3.7881E+02 -1.9564E+02  3.3724E+02
0007807   2.9380E+02  3.4993E+02 -9.8747E+01
0007808   2.8096E+02  2.2072E+02 -2.0562E+02
0007809   7.0816E+02 -5.6517E+02 -3.7006E+02
0007810   7.6956E+02  5.5070E+02  2.7589E+02
0007811   1.0978E+03  9.0267E+02  6.9708E+02
0007812   8.3151E+02 -1.0717E+03 -1.1408E+01
0007813   3.8599E+02  2.7186E+02  1.3368E+01
0007814   6.8944E+02 -4.2385E+02 -9.2848E+01
0007815   6.3982E+02 -3.6244E+02  1.9700E+02
0007816   1.5256E+03  4.4204E+02 -7.2729E+02
0007817   1.7857E+03 -1.6769E+02 -8.2627E+02
0007818   8.1833E+02  7.1545E+02 -2.0104E+02
0007819   1.1958E+03 -4.9436E+02 -3.7066E+01
0007820   7.7772E+02  1.1051E+03 -3.7466E+02
0007821   3.9299E+02  7.6938E+01  5.5824E+02
0007822   6.7030E+02 -3.5930E+02 -1.8266E+02
0007823   7.8125E+02  3.0044E+02  2.8232E+01
0007824   1.4192E+03  1.1843E+02 -3.0515E+01
0007825   2.0536E+02 -9.9974E+00  2.9475E+02
0007826   4.7084E+02  6.9579E+01 -4.0347E+01
0007827   9.8951E+02  5.1466E+02 -1.3658E+02
0007828   8.9038E+02  4.8182E+02 -1.7542E+02
0007829   7.1558E+02 -5.2687E+01 -4.8440E+02
0007830   1.2462E+03  1.6093E+02  5.4810E+02
0007831   9.8140E+02  3.5198E+01 -2.9368E+02
0007832   4.2676E+02 -5.4320E+02  4.2127E+02
0007833   5.5819E+02 -1.1315E+01 -2.6074E+02
0007834   1.0474E+03  1.4340E+01  5.8045E+02
0007835   6.9642E+02 -1.2084E+02 -4.2359E+02
0007836   6.1268E+02  4.4200E+02  1.8360E+02
0007837   9.4559E+02  9.2417E+02  1.8019E+02
0007838   7.4162E+02 -2.1582E+02  2.7804E+01
0007839   1.1634E+03  2.5928E+02 -1.5706E+02
0007840   2.8541E+02 -7.0197E+02 -1.9341E+02
0007841   1.1005E+03  3.0865E+02  2.7248E+02
0007842   9.4814E+02  2.1399E+02 -6.3401E+02
0007843   1.0463E+03  5.1996E+02  1.5022E+02
0007844   1.3167E+03 -7.1014E+01  2.9919E+02
0007845   8.4847E+02  2.3224E+02 -2.6717E+02
0007846   1.4473E+03 -3.3298E+02 -7.4827E+01
0007847   1.0285E+03 -3.6726E+01  1.3360E+01
0007848   1.0778E+03  2.2640E+02 -4.2495E+02
0007849   1.0586E+03 -4.7613E+01  6.3187E+01
0007850   6.8538E+02 -1.6453E+02  1.7843E+02
0007851   7.2389E+02  1.6695E+02 -4.9088E+01
0007852   9.3385E+02 -3.7300E+02 -5.0728E+00
0007853   1.0042E+03  4.8402E+02  5.5447E+02
0007854   5.8382E+02  8.6509E+01  2.4836E+02
0007855   9.9966E+02 -3.0140E+01 -4.0995E+01
0007856   1.2646E+03 -2.4793E+02 -1.9890E+02
0007857   1.4481E+02 -4.8793E+02 -3.2777E+02
0007858   8.4144E+02  2.2915E+02  3.0793E+01
0007859   1.1635E+03 -4.1682E+02  9.4556E+01
0007860   1.2390E+03 -5.7963E+02 -4.0907E+00
0007861   7.6677E+02  3.0012E+02  3.2958E+02
0007862   1.0920E+03 -2.9004E+02 -4.1700E+02
0007863   9.2029E+02  3.4333E+02 -1.6014E+02
0007864   7.9923E+02 -8.8103E+02  4.0567E+01
0007865   3.1107E+02 -2.6136E+02 -9.5928E+01
0007866   6.3617E+02 -1.1228E+02  2.2480E+02
0007867   1.2074E+03  1.3702E+02  1.4184E+01
0007868   8.9111E+02 -7.6180E+02  1.8381E+02
0007869   1.0711E+03 -2.2281E+01  8.4148E+02
0007870   7.2807E+02 -3.9478E+01  6.5814E+02
0007871   5.8402E+02 -4.7659E+02 -7.4207E+02
0007872   5.1175E+02 -5.7461E+01  1.0284E+02
0007873   8.5796E+02 -4.0820E+02  1.0928E+02
0007874   8.8835E+02 -2.9156E+01 -1.0217E+02
0007875   1.0965E+03  1.2155E+02  1.1972E+02
0007876   1.6787E+03  1.3291E+01  4.4816E+00
0007877   1.0868E+02  2.9175E+02  2.3970E+02
0007878   4.0378E+02  5.9888E+00  5.5985E+02
0007879   9.0284E+02  2.8730E+02 -3.5429E+01
0007880   7.1233E+02 -9.6644E+01 -4.9894E+02
0007881   1.0652E+03  1.7462E+02  2.3729E+02
0007882   1.3603E+03 -3.0856E+02  2.7112E+01
0007883   7.1377E+02  4.8804E+02 -5.2238E+02
0007884   1.8978E+02 -1.9072E+02  4.3035E+02
0007885   9.8276E+02  9.8710E+00 -3.1446E+02
0007886   1.0450E+03  2.9466E+02  1.1819E+02
0007887   4.6326E+02  1.7936E+02 -3.6331E+02
0007888   2.8728E+02  1.5606E+02  2.3523E+01
0007889   7.2289E+02  4.3622E+01  9.6390E+01
0007890   1.0601E+03  2.0194E+02  1.0076E+02
0007891   1.0398E+03  6.4565E+01  3.3332E+01
0007892   1.1844E+03 -1.9878E+02  7.2539E+01
0007893   8.9135E+02 -2.5344E+02 -4.9753E+02
0007894   2.6773E+02 -2.4600E+02 -1.5863E+01
0007895   6.4039E+02  3.0498E+02 -5.6719E+01
0007896   9.9438E+02 -5.3006E+02 -6.5876E+01
0007897   3.4307E+02 -4.5892E+02  4.3958E+02
0007898   4.9041E+02  5.2627E+02 -4.9982E+01
0007899   5.5599E+02 -3.3064E+01  3.1705E+02
0007900   9.6775E+02  1.4375E+02  5.8451E+02
0007901   1.5388E+03 -2.6900E+02  2.5778E+02
0007902   1.1889E+03 -2.8565E+02 -1.0511E+01
0007903   1.3189E+03 -1.1757E+02 -4.1025E+02
0007904   5.8697E+02  1.4594E+02  2.1449E+02
0007905   1.0455E+03  2.2651E+02 -2.4238E+02
0007906   9.7741E+02  1.2204E+03 -1.1520E+02
0007907   7.9822E+02 -6.8996E+02 -8.2029E+01
0007908   1.2748E+03  4.1096E+02  2.3302E+02
0007909   7.9841E+02 -1.7771E+02  8.7910E+02
0007910   1.0023E+03 -4.4219E+02  1.6977E+02
0007911   8.7278E+02  1.4606E+02 -2.3184E+01
0007912   8.0916E+02  2.3548E+02  8.7844E+01
0007913   6.2501E+02  1.0467E+02 -3.2197E+02
0007914   2.6569E+02 -5.9624E+02  1.6914E+01
0007915   1.2556E+02  1.3455E+02 -3.1543E+02
0007916   9.6814E+02 -3.4580E+02 -1.2932E+02
0007917   2.9285E+02  4.1400E+02 -3.8982E+02
0007919   8.4378E+01 -9.7300E+01  2.0377E+02
0007920   5.8557E+02  6.3858E+02 -2.1233E+02
0007921   1.3314E+03 -8.3359E+02 -2.9419E+02
0007922   1.0116E+03  1.4260E+02  2.6227E+02
0007923   8.2156E+02  2.7800E+02  8.6649E+01
0007924   1.0899E+03  1.3889E+01 -4.2642E+01
0007925   9.8990E+02  7.9839E+02 -5.0442E+02
0007926   5.3673E+02  1.4769E+01 -2.4113E+02
0007927   1.2664E+02  8.0259E+01 -6.1818E+01
0007928   9.2350E+02  3.1792E+02 -6.3508E+02
0007929   6.7137E+02 -1.7476E+02 -1.5068E+02
0007930   2.8636E+02  5.1957E+02 -9.3540E+00
0007931   1.2197E+03 -1.4414E+02  3.7739E+02
0007932   1.5412E+03  3.7265E+02 -4.3735E+02
0007933   7.9166E+02  5.9958E+01 -3.8541E+02
0007934   3.6532E+02  9.0674E+02  5.3904E+02
0007935   4.1478E+02 -1.8227E+01  6.6146E+01
0007936   8.5231E+02 -3.4626E+01  3.7450E+02
0007937   8.7796E+02 -3.0183E+02 -7.1325E+01
0007938   1.7375E+01 -2.8854E+02 -1.9525E+01
0007939   1.0366E+03 -2.6146E+02 -1.6067E+02
0007940   8.5952E+02 -3.8970E+02 -7.3997E+02
0007941   4.3427E+02  5.3363E+02 -2.3916E+01
0007942   9.6917E+02 -8.4360E+02  3.3973E+02
0007943   1.0269E+03  2.0230E+02  2.9121E+01
0007944   1.2441E+03  6.1240E+02  4.4103E+02
0007945   7.6257E+02  3.1370E+02  1.8476E+02
0007946   8.5318E+02 -2.5259E+02 -3.4576E+01
0007947   1.0852E+03 -2.5820E+02  2.9874E+02
0007948   6.8602E+02  5.2262E+02  3.1349E+02
0007949   8.7170E+02  8.5301E+01  1.3866E+02
0007950   8.3614E+02  2.7978E+02  8.8349E+00
0007951   4.4565E+02 -3.5370E+02 -9.2524E+01
0007952   8.1378E+02 -1.5082E+02 -1.2082E+02
0007953   9.1218E+02 -3.2328E+02  2.4729E+02
0007954   1.4547E+02 -3.5893E+02 -1.0174E+02
0007955   9.5685E+02 -2.2622E+01  2.1967E+02
0007956   8.5292E+02  1.5931E+02  6.9918E+01
0007957   8.8035E+02 -3.5366E+02  3.4049E+02
0007958   6.6670E+02  9.0226E+01 -2.0012E+02
0007959   5.6499E+02  8.9790E+02 -3.5241E+01
0007960   3.5635E+02 -1.6442E+02  1.2866E+02
0007961   1.1529E+03 -2.1300E+02  2.8361E+02
0007962   5.9946E+02 -4.9392E+02  1.0294E+02
0007963   6.6302E+02  4.7937E+02  1.5529E+02
0007964   1.5631E+03  3.9303E+02 -9.7689E+02
0007965   8.0724E+02  1.1222E+02  7.9435E+02
0007966   1.0930E+03 -6.7485E+01  4.1776E+02
0007967   9.9525E+02 -4.2561E+02 -2.6082E+02
0007968   1.2079E+03  1.2112E+02  6.6984E+01
0007969   1.0239E+03  3.0207E+02 -3.6489E+02
0007970   4.3737E+02 -6.6074E+01  2.0073E+02
0007971   1.0291E+03 -4.5559E+02  2.6973E+02
0007972   7.1707E+01 -4.7319E+02  3.3289E+02
0007973   8.6605E+02 -3.5978E+02  3.2699E+02
0007974   7.5150E+02  4.1196E+02  2.5856E+02
0007975   8.2363E+02 -5.4025E+02 -1.2710E+02
0007976   9.0324E+01 -7.2420E+01 -9.1846E+01
0007977   7.5898E+02  1.0404E+03  4.1441E+02
0007978   1.0854E+03 -1.6826E+02 -9.4817E+01
0007979   2.3251E+02  1.2409E+02 -1.2145E+03
0007980   7.2727E+02 -6.8145E+02 -1.8961E+02
0007981   1.1156E+03 -6.8728E+02  9.3297E+01
0007982   5.0222E+02 -5.8485E+02  7.1875E+00
0007983   5.6304E+02 -8.2596E+02 -3.5138E+02
0007984   1.3187E+02 -5.5597E+02 -1.3965E+02
0007985   6.1562E+02 -2.4609E+02  1.6412E+02
0007986   9.7391E+02  4.4623E+02 -1.8819E+02
0007988   1.9153E+02 -1.4974E+01  1.8643E+02
0007989   6.4443E+02  8.0539E+02  7.5634E+02
0007990   7.9839E+02  4.3448E+01  4.6068E+02
0007991   7.3664E+02 -6.4880E+01  4.7934E+02
0007992   2.5788E+02 -1.7509E+02 -1.4491E+02
0007994   1.2863E+03 -2.7614E+02 -2.6359E+02
0007995   7.2844E+02  2.8184E+02 -5.7854E+00
0007996   5.5855E+02 -5.9814E+01  9.5054E+01
0007997   1.0075E+03 -1.3654E+02  3.5702E+02
0007998   6.2709E+02  3.8275E+02  4.2169E+02
0007999   8.9384E+02  4.8657E+02 -6.8368E+01
0008000   4.1770E+02 -1.9374E+02  1.6828E+01
0008001   1.1153E+03 -5.8085E+02  5.1845E+02
0008002   8.5121E+02 -5.2357E+02  7.4853E+02
0008003   1.7627E+03  1.2244E+02  6.6517E+02
0008004   1.5409E+02 -1.9907E+02  3.5147E+02
0008005   3.4433E+02 -1.1620E+02  7.2257E+02
0008006   3.7982E+02 -2.3333E+02 -7.1943E+01
0008007   1.0762E+03 -2.5306E+02 -1.5029E+02
0008008   9.1819E+02 -2.9201E+02  4.3910E+01
0008009   8.8398E+02 -6.8326E+02 -8.9885E+02
0008010   2.0680E+02 -1.4404E+02  1.0184E+03
0008011   1.2365E+03 -9.1863E+02  4.0920E+02
0008012   1.2633E+03  6.9305E+01 -1.8231E+02
0008013   7.8323E+02 -3.2674E+02  4.6637E+02
0008014   1.1519E+02  2.6567E+02  3.6537E+02
0008015   3.2403E+02 -3.8720E+02 -2.8634E+02
0008016   8.5369E+02  2.8450E+02 -1.0865E+00
0008017   2.4131E+02  7.9068E+02 -1.1061E+02
0008018   4.8907E+02 -2.4341E+02  6.8572E+01
0008019   8.4426E+02 -5.2148E+02 -2.9227E+02
0008020   1.3531E+03  5.8498E+02 -2.7175E+00
0008021   6.9524E+02  9.7950E+01  3.6756E+02
0008022   6.1272E+02 -3.3188E+01  2.1204E+02
0008023   1.0830E+03 -1.8629E+02 -3.4879E+02
0008024   1.4527E+03 -4.0243E+02  1.3737E+02
0008025   1.6267E+03 -6.7037E+02  3.1068E+02
0008027   9.1057E+01  1.9684E+02  3.7822E+02
0008028   9.6850E+02  1.9822E+02  6.7616E+02
0008029   8.5426E+02 -4.2900E+01 -1.4311E+02
0008030   4.6647E+02 -8.9602E+01 -7.3145E+02
0008031   4.2255E+02  3.4945E+02  7.3208E+01
0008032   1.2817E+03  4.7855E+02  2.0426E+01
0008033   7.6863E+02 -1.0718E+02  3.5278E+02
0008034   6.1511E+02 -1.3857E+02 -4.8121E+02
0008035   6.5501E+02  1.6406E+01 -6.0064E+02
0008036   9.0866E+02 -6.3831E+02 -2.9648E+02
0008037   4.9084E+02 -2.3937E+02  3.5667E+02
0008038   5.6393E+02  3.7037E+02 -4.0063E+02
0008039   2.0550E+02  4.1825E+02  4.6469E+02
0008040   8.0794E+02 -3.0426E+02  7.6844E+01
0008041   6.0156E+02 -5.1505E+02 -2.2940E+02
0008042   7.0238E+02 -7.6366E+02 -1.3096E+02
0008043   5.8970E+02  1.9401E+02  4.6815E+01
0008044   1.0430E+03  1.5963E+02 -1.6761E+02
0008045   1.1027E+03  3.8286E+02 -4.9125E+02
0008046   8.6826E+02  3.0116E+02 -3.6480E+02
0008047   9.0131E+02  8.8088E+00 -2.5698E+01
0008048   5.5710E+02 -2.1893E+02  2.7747E+01
0008049   9.4278E+02  3.1750E+02 -4.3951E+00
0008050   4.8388E+02  3.7218E+02  4.8030E+01
0008051   2.5996E+02 -1.4860E+02 -2.1096E+02
0008052   6.3861E+02 -1.3897E+02  1.7359E+01
0008053   4.5732E+02  1.7920E+02 -6.1290E+02
0008054   1.0550E+03 -3.4557E+02 -3.7478E+02
0008055   6.8904E+02 -1.6593E+02 -2.7176E+02
0008056   8.0327E+02  1.4199E+02  8.2440E+02
0008057   4.0147E+02  1.8332E+02 -3.2392E+02
0008058   6.7501E+02  1.9593E+02  2.0825E+02
0008059   3.9399E+02  4.4175E+02 -1.5165E+00
0008060   8.1715E+02 -3.6977E+02  7.1046E+02
0008062   1.1957E+03  1.5762E+02 -4.4812E+02
0008063   7.0636E+02  3.2559E+01  4.3248E+02
0008064   1.0779E+03 -1.1965E+02  6.2008E+02
0008065   1.1202E+03 -2.4677E+02  3.5108E+02
0008066   1.0281E+03 -6.3941E+01 -3.8428E+01
0008067   6.8231E+02 -2.8105E+02  3.3545E+02
0008068   9.7489E+02  6.7427E+02 -5.8782E+02
0008069   5.9444E+02  2.6784E+01 -3.2176E+02
0008070   3.6806E+02 -5.3678E+02  4.2857E+02
0008071   4.6538E+02  4.3301E+02  2.8018E+02
0008072   7.7259E+02 -3.1891E+02 -1.5645E+02
0008074   6.2494E+01  4.7442E+02 -5.6916E+02
0008075   1.1649E+03 -4.9915E+02  5.9918E+01
0008076   1.4136E+03 -2.6848E+02 -8.2612E+00
0008077   7.2998E+02 -1.3380E+02  3.4622E+02
0008078   1.3893E+03 -3.3188E+02 -4.9226E+02
0008079   9.9912E+02 -3.1220E+02 -7.4400E+01
0008080   5.1759E+02 -1.5221E+02  3.7285E+02
0008081   1.2566E+03 -1.0522E+01  4.2921E+01
0008082   1.0770E+03  2.6710E+02  4.6627E+01
0008083   7.4143E+02  2.6340E+02  8.8377E+01
0008084   9.5900E+02 -8.2196E+01  6.2863E+02
0008085   8.0695E+02  4.5607E+02  1.7607E+02
0008086   6.9546E+02 -7.2322E+02 -2.7440E+02
0008087   2.0152E+02  1.8550E+02 -2.5740E+02
0008088   8.2854E+01 -7.8143E+01  1.5351E+02
0008089   1.8090E+02 -2.3076E+01 -2.3977E+01
0008090   1.4528E+03 -6.2441E+02 -4.9270E+02
0008091   3.5552E+02 -1.0640E+02 -1.0418E+02
0008092   1.1294E+03 -6.7149E+02  1.4948E+02
0008093   7.4220E+02  2.9274E+02 -7.4395E+02
0008094   1.2934E+03 -9.7221E+01  4.4139E+02
0008095   1.1216E+03  1.3151E+02 -1.7068E+02
0008096   9.6250E+02  3.8920E+02  3.4603E+01
0008097   2.0796E+02 -2.7424E+01 -3.6215E+01
0008098   6.5309E+02  2.7768E+02 -1.3932E+02
0008099   9.1382E+02  1.4793E+02 -2.2931E+02
0008100   5.9061E+02 -2.6284E+01  9.0659E+02
0008101   8.3770E+02 -4.1596E+02 -3.9177E+02
0008102   1.0345E+02  2.6111E+02  2.4482E+02
0008103   8.9670E+02 -7.4393E+02  3.2116E+02
0008104   4.9745E+02 -1.8413E+02 -5.5793E+01
0008105   5.5849E+02  2.6293E+02 -1.6030E+02
0008107   1.0790E+03  3.1726E+02  1.8289E+02
0008108   3.0833E+01  1.3616E+02  4.6823E+01
0008109   1.1369E+03  2.1562E+02  3.4520E+02
0008110   5.9392E+02 -3.4449E+02  1.3225E+00
0008111   1.0017E+03  7.0847E+02 -2.4877E+02
0008112   4.1529E+02  1.1567E+02  2.7937E+02
0008113   1.6301E+03  6.5741E+02 -5.8563E+02
0008114   1.1667E+02 -5.0869E+02 -3.8053E+02
0008115   1.1403E+03 -5.5470E+02 -7.1730E+02
0008116   8.7998E+02  5.5941E+01  3.6057E+02
0008117   1.0048E+03 -1.2250E+02  6.0881E+02
0008118   4.3458E+02  2.7588E+02 -2.2589E+02
0008119   6.3369E+02 -2.7113E+00 -7.4562E+01
0008120   3.5528E+02  3.0124E+01 -3.3076E+02
0008121   1.1695E+03  7.7026E+02  4.8201E+02
0008122   9.4041E+01 -1.0892E+03  7.5274E+01
0008123   7.9321E+02  3.9031E+02 -8.0340E+01
0008124   7.3688E+02 -2.8255E+02  4.0054E+02
0008125   5.4633E+02  2.9397E+02  1.4540E+02
0008126   7.6549E+02 -4.8709E+02  6.3716E+02
0008127   1.3507E+03 -5.8649E+02 -3.0344E+02
0008128   4.1142E+02  4.2363E+00  6.6754E+01
0008129   5.3242E+02 -7.0102E+02 -1.0793E+02
0008130   6.6311E+02  3.8184E+02  2.9499E+02
0008131   6.1999E+02 -1.1885E+01  9.2069E+01
0008132   1.2176E+03 -9.3678E+02 -4.5879E+02
0008133   1.0039E+03 -3.9662E+02 -3.2893E+02
0008134   4.8582E+02  1.9546E+02  1.4953E+02
0008135   9.0721E+02 -2.4093E+02  2.9382E+02
0008136   8.2149E+02  2.4835E+02 -2.8393E+02
0008137   1.1149E+03  5.7055E+02  2.4656E+02
0008138   3.6451E+02 -4.8410E+02  3.6251E+02
0008139   1.5032E+03 -7.0263E+02 -2.8722E+02
0008140   3.1513E+02  2.3551E+01 -5.1572E+02
0008141   1.2095E+03 -1.4162E+02  8.5967E+01
0008142   1.0574E+03  7.3826E+00  6.0685E+01
0008143   1.1773E+03  1.4741E+02  3.4232E+02
0008144   8.4986E+02  3.1926E+02 -8.1429E+01
0008145   1.1738E+03 -2.9450E+02 -3.9302E+02
0008146   5.4364E+02  1.3362E+01 -1.0830E+02
0008147   4.7392E+01 -1.4933E+02 -2.8118E+02
0008148   8.7513E+02 -2.2405E+02 -7.8932E+02
0008149   8.9129E+02  2.4600E+02  1.9503E+02
0008150   1.1679E+03 -1.5914E+02 -7.1212E+02
0008151   1.2306E+03  3.2373E+02  4.7602E+02
0008152   3.6440E+02  2.5769E+02  4.0380E+02
0008153   1.5384E+03 -5.5135E+01 -2.1096E+02
0008154   6.7331E+02 -1.1513E+02 -1.0703E+03
0008155   8.8317E+02 -2.5425E+02 -1.8535E+02
0008156   1.0939E+03 -2.0295E+02  2.6850E+02
0008157   6.8835E+02 -1.8790E+02 -1.2888E+02
0008158   7.3323E+02 -4.7971E+02 -2.2755E+02
0008159   5.1787E+02 -4.4225E+02 -2.8339E+02
0008160   7.6499E+02 -4.1544E+02 -5.6757E+02
0008161   7.8489E+02  8.4251E+02 -4.4398E+02
0008162   1.3043E+03 -1.4192E+02 -4.9801E+01
0008163   1.1627E+03  1.8190E+02 -9.2291E+02
0008164   6.3868E+02 -3.1269E+02  1.5562E+02
0008165   1.0165E+03 -1.0915E+02  9.4516E+01
0008166   1.5599E+03 -4.3623E+02  6.6359E+01
0008167   1.1024E+03 -3.4252E+02 -6.9887E+01
0008168   8.0533E+02  2.6229E+02  2.5693E+01
0008169   1.1833E+02  2.1303E+02 -5.3651E+00
0008170   1.0834E+03  4.7581E+02  5.9532E+01
0008171   5.5956E+02  4.6645E+02  1.9326E+02
0008172   7.0921E+02 -6.9028E+01  2.3369E+02
0008173   6.4708E+02  3.7212E+02 -2.8691E+02
0008174   6.2730E+02  9.6595E+01 -4.2142E+02
0008175   3.8829E+02  3.1295E+02  1.0326E+02
0008176   1.4249E+02  2.6972E+01 -2.7688E+02
0008177   4.0515E+02  3.2441E+02  7.8011E+01
0008178   3.2898E+02 -3.3411E+02 -1.7320E+02
0008179   1.1794E+03 -5.0646E+02  1.3991E+02
0008180   1.2444E+03  1.7943E+02 -5.6039E+00
0008181   5.9142E+02 -8.1808E+02 -7.1529E+02
0008182   1.3410E+03 -8.1136E+02  1.2972E+02
0008183   2.5511E+02  3.3166E+02 -6.6080E+02
0008184   1.0080E+03 -1.9682E+01 -1.1121E+02
0008185   1.0094E+03 -4.5280E+02 -4.0039E+02
0008186   9.0615E+02  2.7117E+02 -2.8334E+02
0008187   6.2988E+02 -7.9381E+01  2.8225E+02
0008188   1.0059E+03 -7.3778E+02  2.6197E+02
0008189   9.7301E+02  8.2900E+01 -5.9420E+02
0008190   7.5094E+02  1.1623E+02 -3.9364E+01
0008191   1.1346E+03  4.3941E+02  6.3829E+01
0008192   1.1005E+03 -3.5380E+02 -2.4609E+02
0008193   9.4832E+02 -1.8346E+02  3.7908E+02
0008194   1.8746E+03  3.0630E+02  1.5481E+02
0008195   8.6753E+02  2.6739E+01 -5.5607E+01
0008196   2.9716E+02  4.6071E+02 -1.7699E+02
0008197   1.0945E+03 -3.2514E+02  9.6878E+01
0008198   3.1843E+02  1.8634E+02 -1.3605E+02
0008199   3.5308E+02 -2.3214E+02 -1.6609E+02
0008200   6.2909E+02  3.2569E+02  7.9213E+01
0008201   1.0215E+03 -6.6602E+02  2.4865E+02
0008202   1.0296E+03 -7.1075E+01 -3.1427E+02
0008203   1.1368E+03  4.5696E+01  2.2882E+02
0008204   7.3626E+02 -2.0523E+02 -2.6895E+02
0008205   1.1897E+03 -1.3296E+02  4.9274E+02
0008206   6.9108E+02  6.5871E+02 -1.6478E+02
0008207   3.0094E+02 -1.0307E+02  5.4516E+02
0008208   4.6641E+02  1.3687E+02 -3.5911E+02
0008209   7.7913E+02  2.7508E+02  5.1215E+02
0008210   1.4276E+02  9.4925E+01 -3.3384E+01
0008211   2.8537E+02 -4.2412E+01  1.0541E+02
0008212   1.0224E+03  1.4955E+02 -5.3271E+02
0008213   9.1630E+02 -3.4676E+02 -3.6103E+02
0008214   5.8506E+02  1.4958E+02 -8.3723E+01
0008215   1.5195E+03 -2.4547E+02 -8.0262E+02
0008217   6.9130E+02  1.8396E+02  1.1074E+02
0008218   6.2045E+02 -4.9925E+02  2.1854E+02
0008219   1.3801E+03  1.0327E+02  3.8839E+01
0008220   2.0674E+02  1.7198E+02 -1.7430E+02
0008221   6.2815E+02 -3.6538E+02 -1.8530E+02
0008222   1.0481E+03  2.5349E+02  1.7928E+02
0008223   1.0648E+03 -2.3916E+02  3.6098E+02
0008224   6.3440E+02 -6.9909E+02 -7.3682E+02
0008225   9.9359E+02  4.0903E+02 -7.8894E+02
0008226   9.8488E+02 -2.7552E+02  1.1485E+02
0008228   6.6687E+02 -6.3771E+01  5.1113E+02
0008229   7.9133E+02 -1.4492E+02 -1.4998E+02
0008230   8.6219E+02 -3.7198E+01 -2.1737E+02
0008231   2.4856E+02  4.3216E+02  5.0601E+02
0008232   4.6849E+02 -1.5876E+02  6.1652E+02
0008233   1.9228E+02 -1.1286E+02  1.0543E+02
0008234   4.0335E+02  4.7824E+01 -3.8348E+02
0008235   6.5200E+02 -2.0199E+02 -1.6203E+02
0008236   6.3911E+02  5.6194E+02 -3.7516E+02
0008237   3.2005E+02 -1.4541E+02  8.8572E+01
0008238   2.1008E+02  6.7100E+02  4.5097E+02
0008239   1.1208E+03 -3.1421E+02 -4.0131E+02
0008240   1.2553E+03 -2.2402E+02  2.9398E+02
0008241   8.3697E+02 -2.8794E+02  1.6857E+02
0008242   1.1523E+03 -5.4824E+01 -1.3466E+02
0008243   4.8421E+02  3.1084E+02  4.0913E+02
0008244   1.1437E+03 -3.9890E+02  8.3104E+02
0008245   8.0719E+02 -4.1491E+02  1.6667E+02
0008246   8.8725E+02  3.4271E+02  2.6951E+02
0008247   7.0649E+02  4.4927E+02 -7.0211E+02
0008248   1.0634E+02  5.3631E+01 -1.2315E+02
0008249   1.0618E+03 -2.8536E+02  9.0517E+01
0008250   1.6308E+01 -1.5040E+02  3.4379E+02
0008251   6.6109E+02 -1.6099E+02 -1.1604E+02
0008252   6.1628E+02 -6.1592E+01  7.2757E+01
0008253   1.4257E+03 -5.0952E+02 -5.6506E+02
0008254   3.6667E+02  1.5717E+02  6.8724E+02
0008255   9.0006E+02 -4.0399E+02 -5.0695E+02
0008256   7.0002E+02 -2.9549E+02  5.4360E+01
0008257   5.9226E+02 -5.1125E+01 -2.5711E+02
0008258   5.9571E+02  2.5757E+02  1.2545E+02
0008259   4.9757E+02  7.3496E+01  3.8595E+02
0008260   7.6570E+02  1.2713E+02  4.5419E+01
0008261   1.2852E+03 -1.1843E+02  4.8084E+02
0008262   6.1947E+02 -3.9239E+02  3.8866E+02
0008263   5.5137E+02 -7.9083E+02 -4.5004E+02
0008264   6.5943E+02  9.6635E+02  3.6494E+02
0008265   1.4715E+02 -2.4992E+02  3.1479E+02
0008266   5.3127E+02  4.0541E+02  3.2782E+02
0008267   3.0945E+02  1.1737E+02  1.9028E+01
0008268   5.3794E+02 -1.7132E+02 -7.8211E+01
0008269   6.6268E+02  8.3211E+02  7.5724E+02
0008270   8.2370E+02 -4.3918E+01 -3.5068E+02
0008271   1.3525E+03 -4.5242E+02 -5.3700E+02
0008272   4.4191E+02 -7.3705E+02  4.5853E+01
0008273   1.2183E+03  6.6504E+02 -5.6275E+02
0008274   2.6729E+02  4.0728E+02  1.7580E+02
0008275   4.6243E+02  4.3953E+02 -2.1504E+02
0008276   4.2223E+02 -1.9621E+02  3.7604E+02
0008277   7.9370E+02  1.6550E+01 -1.2898E+02
0008278   1.2615E+03 -6.1055E+01 -1.0590E+02
0008279   1.0180E+03 -1.0044E+02 -5.7889E+02
0008280   5.7601E+02  4.3574E+02  3.3216E+02
0008281   1.0628E+03 -4.2263E+02 -5.7475E+02
0008282   5.6157E+02  2.3089E+02  3.5317E+02
0008283   6.8219E+01 -1.3325E+02 -8.5462E+01
0008284   1.1128E+03  1.2301E+02  2.0615E+02
0008285   1.5326E+03  5.8135E+02  5.3400E+02
0008286   1.7105E+03 -4.5159E+01  3.8225E+01
0008287   3.3855E+02  9.3420E+01  5.0072E+02
0008288   7.8301E+01 -1.3689E+02 -1.7676E+00
0008290   6.9330E+02 -5.1700E+02 -3.3341E+02
0008291   1.1671E+02  3.0530E+02  1.9607E+02
0008292   1.7172E+03 -4.2202E+02 -3.5260E+02
0008293   1.3598E+03  2.3205E+02 -6.5347E+01
0008294   8.2081E+02  1.6943E+02  6.7934E+02
0008295   7.6332E+02  1.0308E+02  3.8802E+01
0008296   2.7063E+02  3.7149E+01 -2.0500E+02
0008297   4.2763E+02  4.4095E+02 -9.7014E+00
0008298   1.7008E+02  3.4311E+02  8.4381E+01
0008299   3.4605E+02  2.4902E+02  4.5136E+01
0008300   2.1190E+02  3.5625E+02 -5.7406E+01
0008301   4.6750E+02  7.2936E+02 -6.0348E+02
0008302   6.6929E+02  5.5994E+01  3.4062E+02
0008303   4.6758E+02 -2.7252E+02 -2.8473E+02
0008304   1.0360E+03 -6.0734E+01 -5.6750E+02
0008305   7.2110E+02 -3.4107E+02 -3.0476E+02
0008306   1.1523E+03 -3.6644E+02 -1.2565E+02
0008307   1.2498E+03  6.9967E+00  1.0503E+02
0008308   8.3728E+02 -2.1796E+02  1.7348E+02
0008309   7.9803E+02 -3.3154E+00 -2.3475E+02
0008310   1.2021E+03  6.7432E+02 -5.2163E+02
0008311   5.8915E+02  7.3558E+02  8.0116E+02
0008312   6.7166E+02 -2.1327E+02  5.7537E+02
0008313   9.1460E+02 -1.4351E+01  1.9762E+02
0008314   1.1694E+03  1.7079E+02  5.1513E+01
0008315   1.2301E+03  5.2498E+02 -1.8265E+02
0008316   8.5576E+02 -1.5087E+02 -2.5191E+01
0008317   1.3770E+02 -5.2555E+01 -9.4609E+01
0008318   1.2604E+03  2.1364E+02 -2.3241E+02
0008319   1.0663E+03 -2.7139E+02  4.3044E+02
0008320   7.0276E+02 -6.7317E+02  2.6749E+02
0008321   1.2049E+03 -4.3206E+02 -8.2824E+01
0008322   5.2821E+02 -4.0032E+01 -1.0045E+03
0008323   1.3113E+03  7.5648E+02  4.1954E+02
0008324   1.2812E+03  2.3432E+02  4.1306E+02
0008325   5.5006E+02  3.2111E+02  2.6979E+02
0008326   6.6024E+02 -8.9798E+01 -3.3714E+02
0008327   8.5999E+02 -3.5324E+02 -2.4344E+02
0008328   1.4182E+03 -1.1859E+02  1.1955E+02
0008329   9.4204E+02  5.7994E+01 -6.4523E+02
0008331   4.2009E+02  2.0873E+01 -3.9865E+01
0008332   3.7905E+02 -1.3716E+02  7.3627E+02
0008333   7.6691E+02  1.1271E+02 -6.2705E+01
0008334   6.6336E+01 -5.3677E+01  9.4002E+01
0008335   1.0158E+03  1.4015E+02 -2.4108E+02
0008336   1.2136E+02  1.4677E+02 -1.5725E+02
0008337   4.6816E+02 -8.3976E+02  1.9388E+02
0008338   8.0928E+02 -4.8560E+02  9.8739E+01
0008339   4.3449E+02  1.3532E+01  3.3231E+02
0008340   4.0623E+02 -4.3958E+02  1.7514E+02
0008341   5.9783E+02 -5.7880E+02 -2.1060E+02
0008342   7.6050E+02 -3.0304E+02  3.2158E+02
0008343   9.6525E+02  2.2531E+02 -1.8340E+02
0008344   5.2748E+01 -4.3808E+01 -6.7087E+01
0008345   8.4761E+02  5.3752E+02 -4.3209E+02
0008346   6.4441E+02  3.4302E+02 -9.3894E+01
0008347   5.5389E+02 -2.0938E+02 -3.3507E+02
0008348   3.1722E+02  2.4731E+02  6.1808E+01
0008349   6.0254E+02  1.9356E+02  1.8758E+02
0008350   1.3082E+03 -1.0659E+02  9.0488E+01
0008351   1.2996E+03  2.5127E+02 -1.9835E+02
0008352   1.2325E+03  3.0798E+01 -1.7809E+02
0008353   2.8512E+02 -2.8685E+02 -9.3500E+02
0008354   1.2657E+03 -1.0361E+02  1.1253E+02
0008355   7.3693E+02 -1.1629E+02  3.1801E+02
0008356   3.1219E+02  3.2845E+02 -3.2323E+02
0008357   9.7453E+02 -4.2460E+02  4.0815E+02
0008358   7.1925E+02  5.9963E+02  1.6014E+00
0008360   8.1461E+02 -1.8610E+02  5.4675E+02
0008361   9.5426E+02 -2.2129E+02  3.1589E+02
0008362   1.6251E+03 -7.0218E+02 -4.6382E+02
0008363   1.2917E+03 -4.0085E+01 -1.8637E+02
0008364   4.6787E+02 -4.8003E+02 -7.7106E+02
0008365   1.2305E+03 -7.6198E+02  4.9343E+02
0008366   6.0395E+02 -2.0895E+02 -6.6816E+02
0008367   6.9736E+02 -3.3215E+02  5.3252E+02
0008368   7.2791E+02 -1.9759E+02 -3.1894E+02
0008369   9.0321E+02 -2.4444E+02 -3.2308E+02
0008370   7.9549E+02 -4.8995E+02  2.7126E+01
0008371   3.4612E+02 -4.4658E+02 -3.6874E+01
0008372   7.1387E+02  9.8276E+01  2.8453E+01
0008373   4.7606E+02  6.0872E+02 -1.5888E+02
0008374   1.2859E+03 -3.7539E+02 -3.2054E+02
0008375   5.1272E+02  1.9043E+02 -1.5348E+02
0008376   8.4627E+02 -1.2329E+02 -2.4605E+02
0008377   8.5577E+02  5.0161E+01  1.0248E+03
0008378   1.4105E+03 -4.7965E+02 -2.6442E+02
0008379   3.0453E+02  1.8863E+02 -4.1485E+02
0008380   1.0466E+03  6.2627E+02 -6.7000E+02
0008381   1.1190E+03  6.3359E+02  7.7208E+02
0008382   3.6318E+02  1.2878E+02  7.3995E+01
0008383   1.1055E+03  4.0494E+02  6.9688E+02
0008384   8.0527E+02  1.0014E+02  2.4758E+02
0008385   9.8622E+02  4.0120E+02  1.2228E+02
0008386   9.0753E+02  3.5763E+02  1.8196E+02
0008387   6.5152E+02 -6.7242E+01 -4.2818E+02
0008388   1.1592E+03 -5.9022E+02  1.6732E+02
0008389   9.0117E+02 -2.8392E+02 -2.1039E+02
0008390   5.4610E+02 -1.0178E+02  1.9593E+02
0008391   1.3479E+03  1.2004E+02 -4.4239E+02
0008392   5.0422E+02 -1.9738E+02  1.4691E+02
0008393   3.5423E+02  3.5593E+02 -7.0400E+02
0008394   5.3152E+02  4.6935E+01  7.3196E+02
0008395   9.3799E+02 -3.2896E+02 -4.5282E+02
0008396   7.0934E+02  3.9394E+02 -2.5300E+02
0008397   1.2920E+03  7.1654E+02 -2.9228E+02
0008398   1.0738E+03  1.4385E+02  8.2342E+01
0008399   6.9621E+02  5.4339E+02  5.9430E+02
0008400   5.3545E+02 -2.4620E+02  2.0851E+02
0008401   2.1483E+02  2.8067E+02 -1.1257E+02
0008402   1.5800E+03  3.0156E+02  6.5214E+02
0008403   8.0197E+02 -1.0102E+03 -5.0628E+02
0008404   1.9780E+02 -4.5313E+02  1.1523E+02
0008405   9.4405E+02  2.7258E+01 -1.0545E+02
0008406   8.2146E+02 -8.4572E+01  3.3314E+02
0008407   1.5122E+03 -2.4179E+02  2.7296E+02
0008408   1.0890E+03  1.3062E+02 -6.1407E+01
0008409   1.0202E+03 -4.3067E+02  6.0959E+01
0008410   1.1000E+03 -6.4140E+02 -1.8878E+01
0008411   9.6331E+02 -9.0163E+02 -5.4944E+01
0008412   1.7593E+03  2.4429E+02  7.7723E+01
0008413   1.2341E+03  2.4442E+02  5.5301E+02
0008414   1.0552E+03 -2.7950E+02 -1.4228E+03
0008415   8.5922E+02 -2.3878E+02 -5.4534E+02
0008416   4.2867E+02 -9.6828E+01 -8.8012E+01
0008417   1.0441E+03 -6.6033E+01  3.0686E+01
0008418   8.5543E+02 -5.5952E+02  1.1196E+01
0008419   7.3483E+02  1.0233E+02 -7.1555E+01
0008420   7.8894E+02  3.8652E+02 -4.4551E+01
0008421   3.8807E+02  1.9656E+02 -2.9682E+01
0008422   1.0475E+03 -2.5124E+02  2.0829E+02
0008423   1.0398E+03 -7.2087E+01  3.0072E+02
0008424   4.5268E+02  3.3935E+02  2.4247E+02
0008425   9.6611E+02 -6.4346E+01  2.3556E+02
0008426   6.8568E+02  3.4082E+02 -6.8512E+02
0008427   1.0303E+03 -5.2369E+01 -4.2882E+02
0008428   1.2399E+03 -1.6867E+02 -2.0953E+02
0008429   6.1141E+02  1.0025E+01 -3.7472E+02
0008430   9.1559E+02 -1.1883E+02  8.1927E+02
0008431   1.1015E+03 -7.6589E+01  3.1211E+02
0008432   1.0253E+03 -5.2220E+02  7.6311E+01
0008433   1.0504E+03  4.8256E+02 -3.8259E+01
0008434   3.7331E+02  3.5557E+02 -6.9990E+02
0008435   9.0093E+02  1.1534E+02  1.0604E+02
0008436   1.5690E+02 -1.7312E+02 -1.1268E+02
0008437   1.3826E+03  9.1816E+02  9.2675E+01
0008438   4.8624E+02  4.9955E+02 -1.6188E+02
0008439   1.0205E+03 -7.2404E+02 -4.4756E+02
0008441   1.4593E+03  3.4888E+02 -4.2125E+02
0008442   3.1403E+02 -2.5523E+02 -3.6937E+01
0008443   1.3293E+03 -1.2592E+02  4.5648E+01
0008444   1.3317E+03 -8.6022E+02 -2.0798E+02
0008445   8.1363E+02  1.1242E+02 -3.3042E+02
0008446   8.7318E+02  5.4171E+02  4.5309E+02
0008447   2.9864E+02  2.2017E+02  2.0857E+02
0008448   8.5260E+02  7.6900E+02 -7.8370E+02
0008449   1.2651E+03  2.8571E+02 -4.4645E+02
0008450   1.4728E+03 -4.2571E+02  4.0557E+02
0008451   7.3428E+02 -3.1669E+02  2.9567E+02
0008452   8.3355E+02 -1.0135E+02  1.6941E+02
0008453   9.6069E+02  6.9101E+01  2.9236E+02
0008454   2.4543E+02 -1.4019E+02 -7.0660E+02
0008455   4.0139E+02  5.9843E+02 -5.7162E+02
0008456   5.3412E+02 -6.0726E+02  1.3535E+02
0008457   8.5454E+02 -2.8365E+02 -1.3814E+02
0008458   5.2078E+02  5.8107E+00 -4.5935E+02
0008459   9.2350E+02 -2.9949E+02 -7.2877E+02
0008460   3.0869E+02  3.8614E+02 -3.3676E+02
0008461   4.2116E+02  5.3514E+02  2.4079E+00
0008462   6.2912E+02 -3.8448E+02  3.5858E+02
0008463   3.1193E+02 -3.4390E+02 -7.7858E+02
0008464   7.9208E+02  2.3859E+02  7.4869E+00
0008465   6.9302E+02 -1.3783E+02  4.4642E+01
0008466   5.3173E+02 -3.9320E+02 -2.6649E+02
0008467   4.4408E+02 -9.4402E+01 -1.2734E+02
0008468   6.0339E+02  2.4944E+02  5.3433E+02
0008469   7.7723E+02  7.1172E+02 -5.9954E+02
0008470   9.2842E+02 -6.7632E+02  1.3349E+02
0008471   1.0278E+03 -7.2303E+02 -3.3717E+02
0008472   5.0638E+02 -3.4271E+01  2.8166E+02
0008473   8.5841E+02 -1.8613E+02  4.6605E+01
0008474   7.1995E+02  1.5036E+02 -6.2821E+02
0008475   4.2526E+02  2.2550E+02  6.8580E+02
0008476   2.4750E+02  2.3236E+02  3.8414E+02
0008477   1.4110E+03 -2.1464E+02  8.1402E+01
0008478   8.8239E+02  6.3199E+02 -3.0027E+02
0008479   1.2059E+03  4.8926E+01  3.2910E+01
0008480   1.0799E+03 -2.3292E+02  7.5808E+02
0008481   9.9363E+02  4.1043E+02 -1.8632E+01
0008482   6.9602E+02  8.9682E+01  3.9252E+02
0008483   8.6963E+02  9.4426E+02 -2.0758E+02
0008484   9.5219E+02  2.0589E+02 -3.3415E+02
0008485   4.9262E+02 -2.8157E+02 -3.6641E+02
0008486   2.2104E+02  3.7235E+01 -3.5293E+01
0008487   2.7861E+02  4.4894E+02 -1.4897E+02
0008488   9.5835E+02 -1.1561E+02  1.9237E+02
0008489   1.3179E+03  1.6489E+02  7.1615E+01
0008490   4.6934E+02 -3.7585E+02 -5.2179E+02
0008491   6.7811E+02  1.6266E+02 -1.0687E+02
0008492   9.3975E+01  4.3507E+01  3.9749E+02
0008493   5.7054E+02 -3.2506E+02 -3.4007E+02
0008494   6.2822E+02 -7.7809E+02  7.3066E+02
0008495   6.9154E+02  1.6542E+02 -2.2790E+02
0008496   5.5264E+02 -3.5915E+02 -1.4436E+02
0008497   1.0886E+03  1.4652E+02  3.4728E+02
0008498   1.0604E+03  1.1152E+02 -7.6234E+02
0008499   1.0119E+03  3.5192E+01  1.2935E+01
0008500   1.1175E+03  6.2042E+02 -6.7964E+01
0008501   2.1667E+02  1.7292E+00 -3.8001E+01
0008502   1.4298E+03  5.1672E+01 -2.4734E+02
0008503   1.0237E+03  6.4348E+01  2.1880E+02
0008504   8.0718E+02  9.2379E+01  3.9844E+02
0008505   7.6411E+02  8.1590E+01  5.3642E+02
0008506   7.4721E+02  1.0294E+02  2.4385E+02
0008507   1.3888E+03 -4.8054E+02  1.5047E+02
0008508   5.7881E+02  1.7235E+02  7.1281E+01
0008509   5.1569E+02  3.6609E+02 -2.2584E+01
0008510   5.7986E+02 -1.7301E+02  3.2723E+01
0008511   8.6896E+02 -1.6874E+01 -5.6424E+01
0008512   6.1973E+02 -8.3042E+01 -3.9242E+02
0008513   5.7473E+02 -4.6495E+02  4.0531E+02
0008514   1.1708E+03  1.3988E+02  1.1408E+02
0008515   4.3341E+02 -3.6593E+02  1.5623E+02
0008516   7.4096E+02 -7.2313E+02 -4.9948E+02
0008517   9.3553E+02 -5.4920E+01  3.1956E+02
0008518   8.9164E+02  5.5724E+02 -1.2690E+02
0008519   5.1204E+02 -3.5612E+02  4.9576E+02
0008520   6.4510E+02  1.4727E+02 -4.4538E+02
0008521   6.1448E+02  2.0479E+02  7.4365E+02
0008522   2.2672E+02 -6.3239E+02 -1.3044E+02
0008523   1.0966E+03 -2.5666E+02 -2.7419E+02
0008524   1.7346E+03 -1.3936E+01 -2.9845E+02
0008525   1.1759E+03  7.4671E+00 -2.0426E+02
0008526   3.6529E+02  8.8472E+01  8.1198E+01
0008527   2.1644E+02 -5.5570E+01 -3.0402E+02
0008528   2.6325E+02 -2.1169E+02  5.0542E-01
0008529   1.1101E+03 -4.3116E+02  1.8484E+02
0008530   4.3183E+02  2.4623E+02  7.7262E+01
0008531   5.6253E+02  3.6190E+02  3.4375E+02
0008532   1.0020E+03 -4.0530E+02 -1.7301E+01
0008533   1.0255E+03  1.2429E+02 -1.4025E+02
0008534   1.0190E+03  1.5292E+02 -9.2307E+01
0008535   1.5142E+03  7.8879E+02 -2.4516E+02
0008536   3.6002E+02  1.5664E+02 -8.2183E+01
0008537   5.2671E+02 -2.8625E+02 -6.7697E+01
0008538   1.1528E+03 -1.0023E+02 -1.6027E+02
0008539   1.1067E+03 -2.1865E+02  1.6463E+02
0008540   1.1440E+03  3.2412E+02  4.2455E+02
0008541   8.5285E+02  1.5400E+02 -8.4000E+01
0008542   8.2491E+02 -1.2677E+02 -3.1246E+01
0008543   1.4627E+03 -3.5325E+02 -5.1046E+02
0008544   7.7484E+02 -5.7059E+01 -1.5271E+02
0008545   5.9983E+02 -6.4180E+02 -2.9684E+02
0008546   6.2157E+02  3.9064E+02 -5.4980E+02
0008547   8.3902E+02  5.2209E+02  2.6831E+02
0008548   8.5372E+02 -4.7025E+01 -2.5909E+02
0008549   1.0612E+03 -1.2136E+02  4.1762E+02
0008550   9.6906E+01 -1.7008E+02 -4.2651E+02
0008551   6.6685E+02  3.8240E+02 -7.3635E+00
0008552   4.2816E+02 -3.4470E+02 -8.6492E+02
0008553   8.2886E+02  9.7845E+01 -1.3464E+02
0008555   6.1249E+02  3.9086E+02  6.0786E+02
0008556   7.4510E+02  2.9873E+02  4.4229E+02
0008557   7.7896E+02  1.3296E+01 -2.4000E+02
0008558   9.2066E+02  2.3488E+02 -4.1990E+02
0008559   7.7962E+02  7.1603E+00  1.9398E+02
0008560   4.6443E+01 -2.3481E+02 -5.9359E+01
0008561   8.6197E+02 -1.2116E+02 -2.8757E+02
0008562   1.0021E+03  8.0354E+01  5.5259E+02
0008563   6.8012E+02 -4.1404E+02 -5.2445E+02
0008564   7.4745E+02  3.0899E+02  2.1252E+02
0008565   3.9268E+02 -2.3612E+01 -1.0142E+02
0008566   9.0404E+02  1.0012E+03  7.6292E+02
0008567   7.8743E+02  3.7042E+02 -5.4986E+02
0008568   7.2576E+02 -3.1894E+02 -3.8154E+02
0008569   6.6037E+02 -3.8458E+02  2.5263E+02
0008570   3.3331E+02 -1.3841E+02  1.7307E+02
0008571   3.5230E+02  5.5896E+01  2.3384E+02
0008572   1.2578E+03  2.8773E+02 -1.4998E+02
0008573   4.8501E+02 -2.4998E+02  5.3869E+02
0008574   4.1573E+02 -2.1462E+02 -1.2642E+02
0008575   1.1348E+03 -1.1038E+02  4.3394E+01
0008576   1.9685E+02 -2.0712E+02 -3.0795E+00
0008577   3.0353E+02  1.8411E+02 -2.9176E+02
0008578   5.0193E+02  8.1108E+02  6.6863E+02
0008579   4.8389E+02 -4.1985E+02  4.9228E+01
0008580   4.6433E+02  4.7330E+02 -2.9339E+02
0008581   1.1530E+03 -4.9349E+02  7.4548E+01
0008582   3.8989E+02 -4.6685E+02 -4.8147E+01
0008583   9.3377E+02 -5.2989E+01 -3.1839E+02
0008584   4.2947E+02 -4.9605E+02 -4.9738E+01
0008585   7.0723E+02 -3.1859E+02  2.0026E+02
0008586   6.0925E+02 -3.3614E+02  1.3331E+02
0008587   5.3720E+02 -1.0202E+02  7.6602E+02
0008588   1.2883E+03  2.4032E+02  1.1335E+02
0008589   7.0684E+02  2.3139E+02  3.5447E+02
0008590   1.2094E+03  2.1407E+02  5.5830E+01
0008591   8.5200E+02  5.3264E+01  3.1142E+02
0008592   5.4994E+02 -1.1576E+02  6.5371E+01
0008593   4.0870E+02 -6.8405E+01 -6.3339E+01
0008594   5.2902E+02 -2.1999E+01 -7.8718E+02
0008595   7.6732E+02  3.4164E+00 -4.0975E+01
0008596   1.0725E+03 -3.1737E+02  6.6688E+02
0008597   4.1745E+02 -4.8402E+02  3.6346E+02
0008598   6.9775E+02 -2.3982E+01 -1.3925E+02
0008599   1.1937E+03 -6.0104E+02  1.9387E+02
0008600   1.3617E+03  7.6590E+01 -2.4977E+02
0008601   1.6058E+02 -1.4581E+02  1.3021E+02
0008602   1.2416E+03 -1.6444E+02 -1.5381E+02
0008603   7.0667E+02 -6.0614E+02  2.7216E+02
0008604   7.2755E+02 -2.8416E+02 -5.2387E+01
0008605   9.2593E+02  6.4695E+02 -7.4802E+02
0008606   8.2014E+02  1.6601E+02  1.2016E+02
0008607   1.1570E+03 -4.8352E+02 -3.2824E+02
0008608   6.4621E+01 -7.2104E+02  5.4112E+02
0008609   8.5455E+02 -5.3443E+02 -1.7345E+02
0008610   3.7983E+02  8.0788E+02 -7.0272E+01
0008611   6.2102E+02  7.6213E+02  6.9528E+01
0008612   9.4146E+02 -2.5449E+02  1.0750E+01
0008613   6.8716E+02  4.1668E+01  1.8271E+02
0008615   9.1908E+02  3.9441E+02 -6.2691E+02
0008616   4.3216E+02 -5.6329E+02 -1.2173E+02
0008617   3.0845E+02 -2.3124E+02 -2.0010E+01
0008618   8.9411E+02  2.4803E+02  1.8785E+02
0008619   9.9652E+02 -1.0286E+02 -1.9829E+02
0008620   7.6752E+02  8.6599E+02  3.1421E+02
0008621   6.0538E+02  3.7561E+01  7.8763E+02
0008622   8.7129E+02 -1.4482E+02 -2.2348E+02
0008623   1.0699E+03  6.6951E+01 -5.4495E+01
0008624   9.3954E+02  2.8496E+02 -2.2100E+02
0008625   5.5897E+02  7.1326E+02 -2.1047E+02
0008626   1.0294E+03  4.3680E+02  9.3577E+01
0008627   4.2247E+02 -8.3025E+01 -9.7869E+01
0008628   1.8404E+02  3.3924E+02  4.3382E+02
0008629   1.3422E+02 -3.8333E+02  2.7637E+02
0008630   1.3583E+03 -6.6490E+01  9.4167E+01
0008631   4.2470E+02 -4.4355E+02 -1.2372E+01
0008632   1.3780E+03 -1.4971E+02  1.9934E+02
0008633   3.4219E+02  5.5307E+01  3.6070E+02
0008634   1.2163E+03  4.3944E+01  1.5433E+02
0008635   5.0569E+02 -4.2573E+02 -5.5015E+00
0008636   1.4508E+03 -5.3184E+02 -2.4958E+02
0008637   8.4003E+02  1.2705E+00  7.7550E+01
0008638   1.4094E+03  5.9452E+01  3.3699E+02
0008639   1.4333E+03  6.6227E+02 -3.2652E+02
0008640   8.9284E+02 -1.0267E+03 -3.7545E+01
0008641   8.8867E+02 -1.2379E+02  3.5866E+02
0008642   1.0103E+03 -1.0538E+02  9.7501E+01
0008643   6.1897E+01 -4.8004E+02 -3.8485E+02
0008644   1.2360E+03 -8.0795E+01 -1.9584E+02
0008645   8.1811E+02  1.5862E+02 -3.0696E+02
0008646   2.7323E+02  1.0724E+03 -8.6548E+01
0008647   8.0682E+02 -2.7711E+02 -7.6105E+01
0008648   7.2666E+02  7.6646E+02 -1.7710E+02
0008649   1.0334E+03  4.8593E+02 -5.4026E+02
0008650   3.0884E+02 -1.0668E+02 -4.9378E+02
0008651   1.0397E+03 -6.7135E+02 -2.8708E+02
0008652   4.2714E+02 -8.5710E+02  3.2402E+02
0008653   7.1777E+01 -3.4183E+02 -3.2462E+02
0008654   2.2390E+02  4.3161E+01 -2.6368E+02
0008655   1.6364E+03 -2.2009E+02  4.1348E+02
0008656   3.5783E+02 -2.6628E+02 -3.8195E+02
0008657   5.0389E+02  3.7055E+02 -5.9297E+01
0008658   8.4788E+02 -3.1354E+02  4.1231E+01
0008659   8.6451E+02  5.6482E+02 -3.3712E+02
0008660   1.3091E+02 -4.3866E+02  3.7337E+02
0008661   1.5145E+03  4.6138E+02 -2.7551E+02
0008662   7.7744E+02  5.2707E+02  1.0024E+01
0008663   8.4330E+02  5.4375E+01  2.3096E+02
0008664   2.2337E+02 -1.2064E+02 -1.4170E+02
0008665   7.6631E+02  1.0817E+03  2.2092E+02
0008666   6.1289E+02 -4.0245E+02 -6.7808E+02
0008667   4.5438E+02 -1.0052E+02  2.5185E+02
0008668   1.4287E+03  6.8925E+01 -9.5733E+02
0008669   3.9572E+02 -5.8681E+02  1.7537E+02
0008670   4.2622E+02  9.5586E+01  2.0405E+02
0008671   1.3074E+03 -5.2893E+02  4.3033E+01
0008672   3.8223E+02 -4.9950E+01  4.8908E+02
0008673   1.1160E+03 -5.2613E+02 -3.5340E+02
0008674   1.2125E+03 -7.3439E+02  6.5565E+01
0008675   6.5056E+02 -4.1169E+02  8.5162E+02
0008676   3.9474E+02  5.2510E+02 -1.3519E+02
0008677   1.0338E+03  3.3052E+02  5.2371E+02
0008678   3.2160E+02  5.2473E+02 -3.0085E+02
0008680   1.1580E+03  6.5695E+02  4.8955E+02
0008681   1.2229E+03 -8.6838E+01 -6.3383E+02
0008682   1.2162E+02  1.1421E+02 -1.7112E+02
0008683   9.5648E+02 -3.7396E+02 -1.3334E+02
0008684   3.8027E+02 -6.2265E+02  8.9053E+01
0008685   3.3332E+02  1.0886E+02  1.8845E+02
0008686   1.1177E+03 -5.9297E+02  2.0585E+02
0008688   1.2684E+03 -2.5968E+02 -2.9687E+02
0008689   6.7820E+02 -2.9373E+02 -8.0694E+02
0008690   7.6719E+02 -1.4194E+02 -8.9474E+01
0008691   1.0176E+03  5.3667E+02 -1.0833E+02
0008692   9.9999E+02 -7.2371E+01  4.8069E+02
0008693   8.2470E+02  9.0600E+01  7.2459E+01
0008694   5.8151E+02 -5.0927E+01 -7.9913E+01
0008695   5.7111E+01 -4.6781E+02 -4.3933E+01
0008696   1.2201E+03  6.1918E+02  5.0363E+01
0008697   1.1446E+03 -4.3671E+02  6.3608E+02
0008698   6.4124E+02 -3.3771E+02 -3.1731E+02
0008699   1.0047E+03 -5.5921E+02 -6.5140E+02
0008700   9.7320E+02 -1.8668E+02  2.5896E+01
0008701   6.3727E+02 -5.3691E+02 -3.2868E+02
0008702   1.0866E+03 -6.1765E+02 -1.1792E+02
0008703   2.4019E+02 -7.1957E+01  5.4914E+02
0008704   1.1954E+03  3.7431E+02  2.6401E+02
0008705   9.3067E+02 -2.9222E+02  1.2948E+02
0008706   9.5103E+02  3.0980E+01 -2.7752E+02
0008707   1.0054E+03 -4.5456E+02  1.5725E+01
0008708   1.2613E+03 -2.3719E+01 -2.5513E+02
0008709   6.9169E+02 -2.6564E+02 -2.1861E+02
0008710   1.0076E+03 -1.8809E+02 -8.8959E+01
0008711   4.4276E+02  1.4707E+02  3.5832E+02
0008712   2.8068E+02 -9.6745E+01 -2.9022E+02
0008713   7.4760E+02 -3.1241E+01 -1.0043E+03
0008714   8.5929E+02 -5.3519E+02 -1.4497E+02
0008715   1.0729E+03 -2.9365E+02  3.6625E+02
0008716   4.0265E+02  3.1150E+02 -1.8865E+02
0008717   1.3939E+03  1.4270E+02 -9.1735E+01
0008718   5.9609E+02 -1.3180E+02 -3.2439E+01
0008719   1.4368E+03 -3.4692E+02 -6.1425E+01
0008720   7.4671E+02  3.6299E+02 -2.2055E+02
0008721   9.4799E+02  9.0336E+00  1.0792E+02
0008722   8.7555E+02 -2.5960E+02 -6.6049E+01
0008723   5.7419E+02  3.6546E+02  2.1954E+01
0008724   8.1488E+02  1.4263E+02 -3.3394E+02
0008725   7.1699E+02 -2.0644E+02 -1.5552E+02
0008726   5.9741E+02  2.6674E+02  5.6085E+00
0008727   8.8739E+02 -3.4261E+02  6.8039E+01
0008728   9.3133E+02  3.1676E+01  5.8261E+02
0008729   7.9361E+02  8.9037E+01  8.2034E+02
0008730   1.2324E+03  3.6503E+02 -7.1495E+01
0008731   5.7607E+02  2.1524E+02  1.4615E+02
0008732   1.1548E+03 -3.0030E+02  1.3783E+01
0008733   6.7569E+02 -3.2177E+02 -1.9863E+02
0008734   4.5489E+02  6.7074E+02  4.9450E+02
0008735   1.0308E+03 -1.3109E+02  5.5140E+02
0008736   7.4221E+02  2.0828E+02  3.0763E+02
0008737   3.6865E+02 -8.5381E+01 -1.3832E+02
0008738   7.3489E+02  4.2050E+02 -4.3034E+02
0008739   7.9725E+02  5.2028E+02 -6.2592E+02
0008740   1.3575E+03  2.7937E+02 -4.2240E+02
0008741   8.4201E+02  3.6019E+02 -1.9832E+02
0008742   3.2008E+02 -1.3676E+02 -1.0868E+02
0008743   6.6237E+02  2.0301E+02  2.9358E+02
0008744   6.0273E+02  6.1573E+02 -3.1308E+02
0008745   1.2774E+03  2.8112E+02  9.6312E+01
0008746   1.1370E+03  5.3051E+02  4.2642E+02
0008747   9.9043E+02 -3.6712E+02  2.2250E+01
0008748   4.5698E+02 -3.4880E+02  4.0131E+01
0008749   9.8175E+02  1.5956E+02  1.1819E+02
0008750   1.2189E+03  2.0798E+02  3.3826E+02
0008751   1.0962E+03 -3.3748E+02 -7.4801E+02
0008752   7.4405E+02  8.3977E+01 -4.5628E+02
0008753   7.4410E+02  3.1831E+02  2.8672E+02
0008754   1.5453E+03 -3.0960E+02  4.9241E+02
0008755   5.7299E+02 -1.2258E+02 -6.3937E+02
0008756   1.1696E+03  2.4815E+00  1.2126E+02
0008757   6.6088E+02  2.8060E+02  2.7520E+02
0008758   5.0953E+02 -2.2741E+02  9.1097E+01
0008759   4.0931E+02 -3.5283E+01 -4.5990E+02
0008760   5.2388E+02  5.5459E+02 -4.1200E+02
0008761   5.1949E+02  1.4948E+02 -1.9150E+02
0008762   1.2104E+03 -7.6825E+02  4.0176E+02
0008763   7.3671E+02 -2.8356E+02 -2.7316E+02
0008764   4.3511E+01  1.9557E+02 -1.7047E+02
0008765   1.7488E+02  1.4679E+02  9.5381E+02
0008766   8.1506E+02 -6.0825E+02 -1.6141E+01
0008767   8.9790E+02 -2.2993E+02  5.0816E+01
0008768   1.4894E+03 -6.6957E+02  1.9639E+02
0008769   9.4685E+02  4.0985E+02  8.4904E+02
0008770   5.2866E+02 -1.8203E+02 -2.5589E+02
0008771   1.1135E+02 -1.0961E+02 -1.8188E+02
0008772   1.0088E+03 -1.1320E+02 -1.4334E+02
0008773   5.6178E+01  1.3380E+02  4.2320E+01
0008774   6.0321E+02  1.4145E+02  1.6059E+02
0008775   9.9211E+02 -1.9478E+02 -5.2011E+02
0008776   8.6180E+02  7.9033E+01 -2.6432E+02
0008777   4.7922E+02 -2.8614E+02 -3.5566E+02
0008778   1.5564E+03  9.7958E+01  6.1632E+02
0008779   7.6609E+02  5.7077E+02  6.7822E+01
0008780   5.5874E+02  2.3305E+02 -4.4469E+02
0008781   6.4489E+02 -2.9843E+02 -2.3390E+01
0008782   6.9788E+02  2.4447E+02  2.1560E+02
0008783   5.1940E+02 -2.4446E+01 -2.4340E+02
0008784   1.1677E+03 -1.1274E+02  9.4902E+01
0008785   9.1075E+02 -4.2416E+01 -1.1705E+02
0008786   8.7247E+02  7.8960E+01  8.9172E+01
0008787   5.8114E+02  4.3776E+02 -1.2294E+03
0008788   2.7291E+02  1.4644E+02 -9.9664E+01
0008789   1.1520E+03  6.1875E+02  5.7945E+01
0008790   1.5023E+03  2.8965E+02 -2.7956E+02
0008791   9.0462E+02  2.9679E+02  9.6337E+01
0008792   4.1617E+02 -2.5055E+02 -1.2983E+02
0008793   1.3954E+03  4.6635E+02  4.9813E+02
0008794   2.3563E+02  1.8125E+02 -9.0070E+00
0008795   3.0677E+02  3.1905E+00 -1.8570E+02
0008797   3.1526E+02  9.4199E+02  1.9953E+02
0008798   1.4498E+03 -2.1277E+02  2.9213E+02
0008799   1.0200E+03 -1.2284E+02 -1.8331E+02
0008800   1.0383E+03  4.7595E+02  2.0335E+02
0008801   5.0061E+02 -1.3890E+02  3.1816E+02
0008802   5.6637E+02 -2.4705E+02 -2.1584E+02
0008803   8.4397E+02 -2.4061E+02 -3.0546E+02
0008804   1.1515E+03  2.1187E+02  8.8387E+02
0008805   6.3253E+02  1.2922E+02 -5.8628E+02
0008806   1.3399E+03  1.9256E+02 -1.6888E+02
0008807   6.4827E+02 -3.2011E+02  9.9693E+01
0008808   1.8974E+02 -5.3457E+01  3.8746E+01
0008809   1.0994E+03 -8.2938E+02  2.7469E+02
0008810   8.4208E+02  9.1623E+01 -6.2012E+02
0008811   7.8267E+02 -2.6727E+00 -6.8279E+01
0008812   6.4342E+02 -4.6916E+02 -3.1177E+02
0008813   1.2565E+03  4.0780E+02  5.0669E+02
0008814   7.9482E+02  5.1778E+00 -1.2136E+02
0008815   5.2576E+02 -3.3929E+02 -3.2451E+01
0008816   7.7106E+02 -1.3872E+02 -9.4345E+00
0008817   9.0045E+02 -5.3465E+02 -3.2123E+02
0008818   8.1151E+02 -1.7026E+02 -3.3782E+02
0008819   9.1266E+02 -6.7465E+02 -4.7737E+02
0008820   3.7881E+02 -9.0857E+01 -1.4887E+02
0008821   5.9538E+02  2.3540E+02  1.6476E+02
0008822   6.9598E+02 -2.1293E+02 -1.5216E+02
0008823   7.8541E+02  5.5884E+02 -5.8424E+02
0008824   1.4308E+03  1.6050E+02  2.2590E+02
0008825   5.1090E+02 -7.1075E+01 -2.2213E+02
0008826   1.1661E+03 -5.7348E+02 -3.0000E+02
0008827   1.0376E+03 -1.9425E+02 -2.8007E+02
0008828   4.9765E+02 -6.7159E+02  7.4843E+02
0008829   7.4836E+02  4.1157E+02 -1.5329E+02
0008830   4.3862E+02 -2.2741E+01 -6.2507E+01
0008831   7.6188E+02 -2.0305E+01 -2.2655E+01
0008832   1.0949E+03 -9.8332E+00  5.1430E+02
0008833   1.0337E+03 -8.8993E+02  3.8011E+02
0008834   6.6722E+01 -1.1098E+02 -4.9716E+02
0008835   7.0077E+02 -2.3212E+01  1.0666E+02
0008836   8.3869E+02  8.5660E+02  2.4876E+02
0008837   2.0073E+02 -2.8074E+02 -7.8370E+01
0008838   1.3522E+03 -4.0303E+02 -7.7281E+01
0008839   2.8423E+02 -9.0076E+01  1.8382E+02
0008840   5.0707E+02  2.4935E+02 -5.8796E+01
0008841   3.9306E+02 -7.1519E+01 -4.3293E+01
0008842   1.5374E+03 -3.0379E+02  3.8987E+02
0008843   7.6994E+02 -2.1851E+02  2.6456E+02
0008844   1.3820E+03  2.7279E+02  1.4835E+02
0008845   1.3345E+03  4.6452E+01  4.1435E+02
0008846   9.5575E+02 -3.1468E+02  4.8852E+02
0008847   1.8064E+02 -8.1846E+01  5.0514E+02
0008848   4.3921E+02  1.0411E+02  1.9841E+02
0008849   1.0520E+03  2.3160E+02 -9.6428E+01
0008850   7.3573E+02 -4.2973E+01 -9.1247E+01
0008851   8.1216E+02 -5.3426E+02 -2.4695E+01
0008852   2.5806E+02 -3.6802E+01  6.5803E+02
0008853   1.0929E+03 -5.5324E+02  5.5793E+01
0008854   1.0678E+03  9.9941E+01  1.4792E+02
0008855   6.4054E+02  4.3996E+02 -1.5224E+01
0008857   9.0749E+02 -5.8531E+02 -2.8996E+02
0008858   1.4382E+03 -3.5259E+02 -1.9959E+02
0008859   7.4163E+02 -3.6561E+02 -1.2119E+03
0008860   1.0718E+03  3.1206E+02 -4.2497E+02
0008861   4.0348E+02 -5.6605E+02 -2.3702E+02
0008862   1.0338E+03 -2.0682E+02  9.8578E+02
0008863   1.0759E+03  3.2845E+02 -1.5486E+02
0008864   1.3675E+03  1.7901E+02  4.3751E+02
0008865   1.2183E+03  5.6670E+02  4.1531E+02
0008866   3.0432E+02  4.4317E+02 -1.5500E+02
0008867   5.1788E+02 -1.1884E+03 -2.6921E+02
0008868   7.0023E+02 -2.3698E+02  4.7761E+02
0008869   3.5443E+02 -1.8960E+02 -1.0156E+02
0008870   7.5170E+02 -2.2303E+02  4.0095E+02
0008871   1.0976E+03  2.4885E+02  2.0486E+02
0008872   1.6041E+03 -1.6863E+02 -3.0627E+02
0008873   1.0702E+03  4.1044E+02 -4.0230E+02
0008874   9.7771E+02 -1.7877E+02  3.4278E+02
0008875   9.5740E+02 -1.6527E+02  4.8532E+02
0008876   1.1795E+03 -6.4250E+02 -2.5879E+01
0008877   9.6094E+02 -3.1192E+02 -1.0261E+01
0008878   4.7248E+02 -1.5596E+02 -5.7434E+00
0008879   6.5488E+02 -1.7645E+01  4.1853E+02
0008880   8.6890E+02 -2.3704E+02 -4.2375E+02
0008881   7.6748E+02  4.6902E+02  5.7411E+01
0008882   1.2561E+03  1.8794E+02  2.3210E+02
0008883   2.4565E+02  1.2121E+02  4.1319E+02
0008884   8.3806E+01 -2.7902E+02 -7.8766E+01
0008885   9.6117E+02  7.7282E+01  1.5315E+02
0008886   2.8318E+02 -1.8726E+02 -2.8114E+01
0008887   8.8825E+02  2.7735E+02  3.3233E+02
0008888   1.9899E+02  5.7885E+02 -3.4470E+02
0008889   1.6326E+03  2.1521E+02  7.0492E+01
0008890   6.7809E+02  5.3917E+02 -2.2835E+02
0008891   5.7125E+02 -2.2940E+02  2.6262E+01
0008892   9.3453E+02 -7.8133E+02 -9.5961E+00
0008893   1.1100E+03  4.9267E+01  9.5823E+02
0008894   4.2225E+02 -2.4668E+02 -5.2262E+02
0008895   1.4948E+03  3.3167E+02 -6.1119E+02
0008896   1.3342E+03  1.7893E+02 -5.8210E+02
0008897   7.8839E+02  5.1037E+02 -1.8594E+01
0008898   4.7695E+02 -5.7320E+01 -4.2736E+02
0008899   6.1561E+02 -2.9228E+02 -4.7566E+02
0008900   6.7901E+02  2.3857E+02  1.4315E+02
0008901   8.1121E+02  7.2247E+02  2.2767E+02
0008902   5.4960E+02  1.7733E+02  7.8806E+01
0008903   8.3267E+02 -9.9946E+01  3.0953E+00
0008904   1.3877E+02 -1.7937E+02  1.8637E+02
0008906   4.7658E+02 -2.7692E+02 -3.7646E+02
0008907   1.1017E+03  2.1324E+02 -7.6364E+02
0008908   6.6417E+02  3.1713E+02 -4.0421E+02
0008909   8.4479E+02 -6.4903E+02  9.8858E+01
0008910   8.6459E+02  1.2311E+02  5.2141E+02
0008911   7.5057E+02  6.8448E+01  3.8004E+02
0008912   7.4183E+02  1.8378E+02  1.0993E+02
0008913   8.0898E+02 -2.6261E+02 -1.2118E+02
0008914   1.2460E+03 -5.7603E+02 -5.0658E+02
0008915   4.4281E+02 -7.6252E+01 -8.9144E+01
0008916   9.9050E+02 -4.5376E+02  3.6642E+02
0008917   5.3680E+02 -3.1605E+01 -1.9187E+02
0008918   1.4081E+03  3.6608E+02 -8.1954E+01
0008919   3.7003E+02 -4.3341E+02 -5.8567E+02
0008920   1.0216E+03 -5.4180E+02  9.4698E+01
0008921   7.2756E+02 -4.3384E+02 -2.6869E+02
0008922   7.9346E+02 -1.1635E+01 -1.7501E+02
0008923   1.3264E+03 -4.9651E+01 -2.5128E+02
0008924   8.6964E+02 -5.0623E+02 -2.4793E+01
0008925   3.3686E+02 -1.8771E+02 -5.2814E+02
0008926   1.3376E+03  7.7514E+01  6.3839E+01
0008927   3.9348E+02  4.8254E+02 -2.1377E+02
0008928   8.1303E+02  8.1157E+02 -4.1694E+02
0008929   8.4810E+02 -1.1367E+02 -5.3505E+02
0008930   6.6010E+02  2.2490E+02 -9.3246E+02
0008931   7.0778E+02  1.2456E+02 -3.4919E+02
0008932   1.2732E+03 -2.4484E+02 -4.3530E+02
0008933   1.1615E+03  6.7067E+02 -3.4148E+02
0008934   1.1976E+03  4.0613E+02  7.9352E+01
0008935   1.1914E+03  2.0145E+02  2.0819E+02
0008936   1.2175E+03  8.9716E+01  4.7182E+01
0008937   1.1311E+03 -1.5794E+02 -4.1439E+00
0008938   7.1860E+02  2.9133E+02 -7.3897E+02
0008939   9.2353E+02 -6.5681E+01  2.3354E+02
0008940   8.0728E+02  9.4007E+00 -2.1266E+02
0008941   5.9521E+02  4.1888E+02 -2.3279E+02
0008942   6.8738E+02  1.5771E+02  2.3702E+02
0008943   8.9346E+02  2.1574E+02  9.5292E+01
0008944   1.8358E+02 -1.6290E+02  1.5500E+02
0008945   6.0725E+02 -1.5489E+02 -3.4638E+02
0008946   9.0791E+02  8.0325E+02 -1.3985E+02
0008947   6.9772E+02 -2.4339E+02  7.2760E+01
0008948   8.1366E+02  5.5816E+02 -3.6693E+02
0008949   7.9473E+02  2.7164E+02 -2.6484E+02
0008950   9.5698E+02  3.3152E+02 -7.2493E+01
0008951   3.8686E+02  3.8053E+01 -1.0785E+02
0008952   1.0412E+03 -2.7144E+02  9.7520E+01
0008953   9.2145E+02  3.3535E+02 -2.4808E+02
0008954   6.8666E+02  5.2626E+02  3.9116E+02
0008955   3.4386E+02  4.5221E+02 -5.6812E+02
0008956   3.0713E+02  9.8771E+01 -1.1154E+02
0008957   9.8237E+02 -1.3723E+02  3.7420E+02
0008958   3.2712E+02 -2.7715E+02 -2.2001E+02
0008959   1.3853E+03  3.3435E+02  5.0921E+01
0008960   5.3278E+02 -2.3133E+02 -1.0538E+03
0008961   6.6326E+02  1.9575E+01 -1.6283E+02
0008962   1.0805E+03  3.3564E+02 -2.6017E+02
0008963   1.4260E+03  3.2682E+02 -6.6277E+02
0008964   6.6893E+02 -1.5924E+01 -5.5657E+02
0008965   7.1711E+02  1.4194E+02  1.9956E+02
0008966   6.1573E+02  1.3120E+02  7.1304E+02
0008967   5.9545E+02 -5.2609E+02 -4.8794E+00
0008968   2.0070E+02  4.4103E+01 -2.8054E+02
0008969   2.7447E+02  2.4724E+02 -8.1791E+02
0008970   1.0659E+03 -2.5429E+01  9.9312E+00
0008971   8.6804E+02 -6.0823E+02 -3.0065E+02
0008972   5.8819E+02  6.0779E+01  3.7493E+02
0008973   4.6704E+02 -6.1336E+01  1.2358E+02
0008974   1.2021E+03 -5.8261E+02 -2.2741E+01
0008975   8.9683E+02  1.4437E+02 -2.2237E+02
0008976   7.0260E+02 -5.4734E+02  1.9216E+02
0008977   1.5384E+03  1.6392E+02  5.3344E+02
0008978   2.3138E+02  5.1662E+01 -9.5779E+01
0008979   5.4888E+02 -6.3187E+02 -1.2155E+03
0008980   5.5409E+02 -3.0230E+00 -1.0083E+03
0008981   9.3453E+02 -3.1696E+02  2.7806E+02
0008982   9.2095E+01  2.7152E+02 -5.9165E+01
0008983   1.2286E+03  6.0139E+00 -3.7690E+02
0008984   9.7537E+02 -8.3871E+01  1.3692E+02
0008985   5.4120E+02 -3.2165E+02 -3.5423E+02
0008986   1.4310E+03  4.7525E+02  5.2440E+02
0008987   8.3822E+02 -1.6306E+02 -9.2323E+02
0008988   9.8685E+02  5.3239E+02  1.2834E+02
0008989   6.3817E+02 -1.5638E+02  2.9987E+01
0008990   7.5139E+02  2.2195E+02 -3.8371E+01
0008991   8.8763E+02  3.0490E+01  4.9151E+02
0008992   4.6093E+02 -1.3549E+02 -6.1258E+01
0008993   7.0250E+02  3.1683E+02  7.8953E+02
0008994   8.1871E+02  5.0581E+02  3.6352E+02
0008995   9.7795E+02  8.8613E+02  4.9071E+02
0008996   3.5427E+02  5.7984E+02 -2.8882E+01
0008997   2.3989E+02  3.0317E+02  2.4267E+02
0008998   1.4850E+03 -3.7039E+02 -4.2936E+02
0008999   1.9653E+02 -6.7172E+01  2.9235E+02
0009000   1.0311E+03  1.8809E+02  1.8172E+02
0009001   1.0460E+03  4.1339E+02  7.8499E+01
0009002   1.4837E+03 -1.6105E+02 -3.5545E+02
0009003   1.1500E+03 -3.1559E+02  5.6560E+02
0009004   2.4377E+02 -7.0723E+02 -2.9945E+01
0009005   1.6090E+03 -1.2665E+01 -3.4923E+02
0009006   3.8236E+02  2.7034E+02 -1.1386E+02
0009007   8.5990E+02  3.6916E+02  1.5403E+02
0009008   9.6894E+02 -5.7433E+02 -4.1004E+01
0009009   1.2747E+02  4.3128E+02 -1.5329E+02
0009010   6.4136E+02 -8.7409E+01  2.9389E+02
0009011   1.1455E+03  5.1983E+02 -2.7209E+02
0009013   4.4606E+02 -1.0375E+01 -1.1302E+02
0009014   1.0548E+03 -1.0651E+02 -1.1386E+02
0009015   5.3715E+02 -2.5064E+02  2.8626E+02
0009016   7.7769E+02  1.2839E+02  4.0460E+02
0009017   2.3553E+02  1.6471E+02 -2.3514E+02
0009018   5.5276E+02  1.9649E+02 -1.9024E+02
0009019   1.5222E+03  4.8739E+02 -2.6568E+02
0009020   9.3246E+02  3.2210E+02 -1.4950E+01
0009021   1.1657E+03 -4.4873E+02  4.7438E+02
0009022   5.8573E+02 -2.1702E+02 -1.6173E+02
0009023   7.5765E+02  3.9660E+02  5.1715E+02
0009024   7.7148E+02 -8.4540E+01 -1.9345E+02
0009025   1.1941E+03  9.8210E+01  5.8251E+02
0009026   1.1287E+02  1.9304E+02 -1.7911E+02
0009027   5.2208E+02  1.2471E+02  9.9937E+01
0009028   5.5658E+02 -8.0267E+01  4.6702E+02
0009029   9.3019E+02  2.0342E+02  4.8193E+02
0009030   3.9866E+02 -1.7401E+02 -8.8741E+01
0009031   1.0563E+03  1.0039E+02  5.2392E+02
0009032   3.4028E+02  3.7988E+02 -4.2359E+02
0009033   3.9301E+02  7.6011E+01 -1.0905E+02
0009034   6.3912E+02 -5.4941E+02 -3.2394E+01
0009035   8.3149E+02 -5.1876E+02 -6.7616E+02
0009036   6.3929E+02  3.9057E+02  5.6879E+02
0009037   7.6041E+02  5.8159E+02  4.6738E+02
0009038   9.1798E+02  4.2820E+01 -6.0066E+01
0009039   4.2406E+02  1.3208E+02 -2.7818E+01
0009040   8.4357E+02  4.7003E+02  3.3735E+02
0009041   6.5252E+02 -9.2696E+01  4.8531E+02
0009042   3.8622E+02  1.0637E+02  1.4475E+02
0009043   8.1577E+02  1.7188E+02 -1.4608E+02
0009044   1.1250E+03 -1.4502E+02  6.6419E+01
0009045   1.0381E+03  3.5158E+01 -5.8557E+01
0009046   4.3609E+02  3.5754E+02  1.2528E+02
0009047   3.2200E+02  4.7840E+02  5.5706E+02
0009048   9.7693E+02 -8.6040E+02 -4.9275E+02
0009049   1.5819E+02  1.8827E+02 -3.2238E+02
0009050   7.7143E+02 -2.1766E+02 -8.7526E+01
0009051   8.5780E+02 -3.2831E+02  8.5270E+01
0009052   4.8944E+02 -2.4735E+02  3.6086E+02
0009053   9.2499E+02 -8.9265E+01 -3.2392E+02
0009054   7.3970E+02  3.2014E+02 -4.0827E+02
0009055   6.7223E+02 -3.8742E+02 -3.4526E+02
0009056   8.3467E+02 -1.7827E+02  4.6904E+02
0009057   3.3584E+02  8.7129E+01  4.3691E+02
0009058   2.6543E+02  5.7920E+02 -4.1376E+02
0009061   3.0936E+02  2.6814E+01  4.7780E+02
0009062   3.8179E+02 -2.9199E+02  2.0295E+02
0009063   6.5620E+02 -6.0331E+01  5.0873E+02
0009064   8.6016E+02 -8.5353E+01 -5.8403E+02
0009065   4.3136E+02  3.7029E+01 -4.6267E+02
0009066   1.3091E+03 -5.3478E+02 -5.9794E+02
0009067   4.7057E+02 -2.4165E+01  6.1462E+02
0009068   1.5913E+03 -7.2078E+02 -2.2603E+02
0009069   5.5441E+02  1.3244E+02 -1.0505E+02
0009070   1.2773E+03  1.6130E+02  3.5953E+02
0009071   8.4982E+02 -1.6997E+02 -2.4371E+02
0009072   5.7142E+02 -1.9692E+02  5.6130E+02
0009073   8.0638E+02 -2.2675E+02 -1.9147E+02
0009074   1.0028E+03  5.3172E+02 -3.3812E+02
0009075   4.8993E+02 -4.1417E+02 -9.9227E+01
0009076   3.7735E+02  1.8288E+02 -1.1877E+02
0009077   1.2419E+03  3.4892E+02 -7.7491E+01
0009078   2.3747E+02 -3.6265E+02 -5.9746E+01
0009079   1.0882E+03  1.7183E+02  6.9535E+02
0009080   1.1160E+03 -4.5946E+02 -6.1865E+02
0009081   9.2070E+02  9.2284E+01 -7.9672E+01
0009082   9.2466E+02  4.0060E+02  2.9461E+02
0009083   6.3149E+02  7.1518E+01  2.3853E+02
0009084   1.3344E+02 -1.1806E+02  4.4052E+02
0009085   6.3486E+02 -6.7877E+02 -1.3093E+02
0009086   5.4988E+02  3.0263E+02 -4.5667E+02
0009087   9.4003E+02 -3.1255E+02  6.2539E+02
0009088   9.8466E+02 -1.4961E+02 -6.1816E+02
0009089   4.0475E+01 -7.8034E+02 -1.4523E+02
0009090   6.1505E+02 -2.2656E+02  1.9946E+02
0009091   3.2173E+01  2.7127E+02 -1.6121E+02
0009092   5.4657E+02 -2.2397E+02  7.5936E+01
0009093   4.0359E+02  4.3734E+02  2.0782E+02
0009094   9.0769E+02  2.7352E+02  1.8970E+02
0009095   8.8279E+02 -2.6964E+02 -5.7517E+02
0009096   8.8944E+02 -4.5253E+02 -4.5271E+02
0009097   1.1120E+03 -4.3418E+00  1.0514E+03
0009098   7.1636E+02 -3.7529E+02 -5.7435E+01
0009099   1.0929E+03 -6.0189E+02 -3.6830E+01
0009100   1.1223E+02  3.5885E+02 -5.2488E+02
0009101   9.6510E+02  4.3586E+02  3.9854E+02
0009102   4.0128E+02  2.0799E+02 -2.0620E+02
0009103   8.4821E+02 -6.2444E+02 -3.0546E+02
0009104   8.9706E+02  5.1751E+01 -2.7359E+02
0009105   6.5741E+02  3.6267E+02 -3.2117E+02
0009106   1.4461E+03 -6.5218E+02 -2.3806E+02
0009107   1.0718E+03  1.5578E+02 -3.9504E+01
0009108   7.2612E+02 -3.3188E+02  6.0799E+01
0009109   5.6399E+02 -3.0584E+02  1.0723E+02
0009110   7.1199E+02 -8.6122E+01  1.2668E+02
0009111   3.6645E+02  7.3064E+00 -2.1345E+02
0009112   7.2435E+02  1.0275E+02  6.8335E+02
0009113   3.0903E+02  2.9336E+02  7.3818E+01
0009114   7.1217E+02 -3.8930E+02 -4.3469E+02
0009115   1.1482E+03  9.3491E+01 -1.2785E+02
0009116   9.1900E+02  6.3491E+02 -1.8397E+01
0009117   4.7136E+02 -1.1990E+02  2.7704E+02
0009118   8.0941E+02  2.7323E+02  2.6277E+02
0009119   1.0460E+03 -1.1606E+02 -4.3425E+01
0009120   7.2704E+02 -5.7994E+02  3.2629E+01
0009121   1.4579E+03 -3.3796E+02 -1.5473E+02
0009122   1.6201E+02 -6.4504E+02 -2.4695E+02
0009123   6.2931E+02  1.0827E+02 -1.7613E+02
0009124   1.2586E+03 -2.4233E+02 -4.1535E+01
0009125   8.2083E+02 -6.5505E+01 -1.1883E+02
0009126   7.7488E+02 -5.3780E+02  1.7783E+02
0009127   1.1296E+03 -1.5283E+02  6.5178E+02
0009128   9.8807E+02  3.5150E+02  1.5110E+02
0009129   6.2357E+02  2.5151E+02 -1.2452E+02
0009130   7.4912E+02 -1.4853E+02  1.4339E+02
0009131   5.1341E+02 -1.1794E+01  1.2732E+02
0009132   6.2698E+02  4.2762E+02  6.3955E+02
0009133   5.6976E+02  3.5864E+01 -1.9564E+02
0009134   7.0174E+02  3.1021E+02 -2.9852E+02
0009135   7.6963E+02 -4.1450E+02  3.0034E+01
0009136   7.1104E+02 -4.0856E+02  5.3923E+02
0009137   8.5959E+02 -7.3774E+01 -4.7211E+02
0009138   9.1363E+02  1.4853E+02 -4.0605E+02
0009139   5.7099E+02 -8.5879E+02 -1.7590E+01
0009140   6.4962E+02  7.3008E+00  2.3861E+02
0009141   1.0903E+02  1.7958E+02 -1.4332E+02
0009142   3.2438E+02 -2.9329E+02  1.1245E+02
0009143   1.3266E+03 -7.4955E+02 -1.4437E+02
0009144   4.6073E+02  3.8885E+02  1.7863E+02
0009145   6.1515E+02 -6.8938E+01  7.5997E+02
0009146   1.1589E+03 -7.1898E+01 -6.5559E+02
0009147   3.5573E+02  7.4215E+01 -4.7717E+01
0009148   3.1171E+02 -4.8386E+02 -4.9985E+02
0009149   8.1852E+02  2.0398E+02  5.4983E+02
0009150   1.0532E+03 -8.5660E+00  3.1139E+02
0009151   1.3542E+03  3.2361E+02  3.7064E+01
0009152   6.8349E+02 -9.5746E+01  7.9914E+02
0009153   6.3433E+02 -6.5633E+01  5.9754E+01
0009154   7.3698E+02  1.2202E+02 -4.4767E+02
0009156   3.7772E+02 -3.4952E+01  5.6914E+02
0009157   6.0096E+02  2.9601E+02  2.8322E+02
0009158   9.2811E+02  3.8851E+01  3.4647E+02
0009159   1.0110E+03 -4.1640E+02  3.1807E+02
0009161   8.8650E+02  7.7490E+02  1.0511E+02
0009162   7.0324E+02  2.9131E+02 -4.5282E+02
0009163   8.8686E+02 -9.7777E+01 -6.6238E+00
0009164   1.2243E+03 -1.1047E+03  3.6858E+02
0009165   1.0749E+01 -1.7859E+02 -3.0521E+02
0009166   1.0760E+03 -4.1383E+02  2.7801E+02
0009167   1.1469E+03 -2.1047E+02 -3.7621E+02
0009168   1.0653E+03  6.4074E+02  1.6210E+02
0009170   6.1281E+02  2.3456E+02 -1.9083E+02
0009171   1.3389E+03 -8.4784E+02  8.4765E+02
0009172   1.0420E+03 -2.4183E+02 -6.3246E+02
0009173   2.6301E+02 -1.2756E+02  3.3154E+02
0009174   9.9711E+02  6.1306E+02 -3.5498E+02
0009175   9.4565E+02  2.7324E+02 -1.1152E+02
0009176   7.3221E+02 -4.9995E+02  4.4871E+02
0009177   6.8463E+02 -1.7131E+02  1.4510E+02
0009178   6.8083E+02 -4.3131E+01 -4.0089E+02
0009179   1.2396E+03  3.0166E+02  3.7928E+02
0009180   1.0156E+03  8.7246E+02  3.5923E+02
0009181   5.6755E+02 -2.0237E+02  3.2690E+02
0009182   8.0697E+02 -2.8735E+02  3.2810E+02
0009183   3.3639E+02 -3.8391E+02 -2.3162E+02
0009184   7.2220E+02 -1.2117E+02 -8.3781E+02
0009185   9.9040E+02  5.3138E+02  1.5792E+02
0009186   5.3041E+02 -7.4401E+01  8.9740E+01
0009187   3.3971E+02  7.8009E+02 -2.8184E+02
0009188   9.2883E+02  2.0247E+02 -3.5115E+02
0009189   1.0165E+02 -1.1319E+02  1.1238E+02
0009190   4.4036E+02 -2.2215E+02  1.8051E+02
0009191   1.5335E+03  8.3991E+01 -1.6552E+02
0009192   1.0083E+03  5.6798E+02 -8.2908E+01
0009193   1.3766E+03  1.1282E+02 -1.6010E+02
0009194   9.1699E+02  4.3329E+02  4.3807E+02
0009195   2.6897E+02 -4.3456E+02 -1.2677E+01
0009196   4.4695E+02 -2.0230E+02 -4.9781E+02
0009197   7.6313E+02 -4.2286E+02  1.6098E+02
0009198   1.1892E+02  2.1527E+02 -1.7921E+02
0009199   9.9340E+02 -9.4529E+01  1.8268E+02
0009200   2.6168E+02 -3.2670E+02 -1.3505E+02
0009201   4.8939E+02 -2.6887E+01 -3.7627E+02
0009202   1.1988E+03 -2.2521E+02 -3.6230E+02
0009203   4.8178E+02  2.5433E+02 -2.1718E+02
0009204   7.3136E+02  5.5732E+02 -4.8985E+02
0009205   5.7084E+02 -2.6868E+02  1.0986E+02
0009206   6.0966E+02 -2.9546E+02 -2.7194E+01
0009207   8.3487E+02  5.3212E+01  3.0061E+02
0009208   6.7015E+02 -3.6436E+02  3.9890E+01
0009209   4.2213E+02 -4.4240E+02 -5.8745E+02
0009210   1.4974E+03 -1.9761E+01 -1.2558E+02
0009211   1.1887E+03 -4.8767E+02 -3.0163E+02
0009212   1.0406E+03  7.3132E+02 -8.8709E+01
0009213   3.4321E+02  4.1649E+02  5.3555E+02
0009214   8.6932E+02 -3.1024E+02  3.6246E+02
0009215   8.7945E+02 -1.2360E+01 -1.0898E+03
0009216   8.9144E+02  2.8728E+02 -2.9974E+01
0009217   4.2728E+02 -2.2893E+02  4.7480E+01
0009218   6.6269E+02  2.4952E+01  1.1199E+02
0009219   2.6742E+02 -5.7930E+01 -9.9774E+01
0009220   6.5198E+02 -9.5161E+02 -9.4083E+00
0009221   5.3887E+02 -3.4135E+02 -1.6738E+02
0009222   2.8937E+02  1.8673E+02 -6.5634E+02
0009223   4.4281E+02  2.9966E+02  3.3996E+02
0009224   7.5896E+02 -5.8158E+01  1.4729E+02
0009225   8.2118E+02 -6.3197E+02 -2.2835E+02
0009226   7.0062E+02  7.4010E+02 -2.3200E+02
0009227   1.2880E+03  1.2451E+02 -3.6310E+01
0009228   2.6224E+02  3.4898E+02 -5.7754E+01
0009229   9.7150E+02  9.7701E+01 -5.3012E+02
0009230   9.3096E+02  7.4543E+02  8.2513E+01
0009231   2.1983E+02 -1.3110E+02  8.8642E+02
0009232   1.0435E+03  1.0347E+02  1.0180E+02
0009233   1.0144E+03 -7.0385E+02  1.8880E+02
0009234   1.1698E+03  2.7529E+01  1.7080E+02
0009235   3.6540E+02  5.7588E+02 -9.5624E+01
0009236   6.4512E+02  4.7789E+01 -1.3757E+02
0009237   1.0945E+03  2.6537E+02  6.4337E+02
0009238   1.0644E+03  6.2490E+01 -2.0458E+02
0009239   4.5230E+02 -2.8712E+02 -5.4653E+02
0009240   1.0146E+03  4.0424E+02  1.4257E+02
0009241   5.7887E+02  3.9946E+02 -2.8738E+02
0009242   1.0558E+03  2.4206E+02  4.1775E+02
0009243   3.4058E+02 -6.7232E+01 -2.6889E+02
0009244   8.4610E+02  9.1263E+01 -7.0886E+01
0009245   7.4977E+02 -1.2678E+02  2.2211E+02
0009246   1.1878E+03 -7.7909E+02  3.2606E+02
0009247   1.1807E+03 -4.0455E+02 -2.1582E+02
0009248   1.1152E+03  7.4785E+01  1.6758E+02
0009249   4.1140E+02  8.4610E+01  2.5106E+02
0009250   1.2231E+03 -4.4474E+02 -6.8291E+02
0009251   5.2499E+02  2.6652E+02 -4.1069E+02
0009252   1.1142E+03 -1.3985E+02 -4.6583E+02
0009253   5.6415E+02  5.2074E+02 -7.2124E+01
0009254   3.1693E+02 -2.6967E+02 -1.8892E+02
0009255   5.3804E+02  2.3487E+02 -2.3086E+01
0009256   7.6750E+02 -1.9267E+02 -2.9945E+02
0009257   9.4714E+02  3.8856E+02 -5.6871E+01
0009258   3.0444E+02  8.2539E+02 -4.9134E+02
0009259   9.1624E+02 -6.4148E+01 -1.0932E+01
0009260   9.4989E+02  3.4631E+02  3.2613E+02
0009261   1.1675E+03  4.1324E+02 -4.5379E+02
0009262   5.0951E+02 -3.4156E+00 -1.2037E+02
0009263   1.4983E+03 -3.6530E+01 -1.8240E+00
0009264   7.2720E+02 -2.3881E+02  4.4951E+02
0009265   9.5686E+01  6.4265E+01  6.0034E+00
0009266   6.7987E+02  3.8997E+02  2.6978E+01
0009267   1.3864E+02  1.0273E+02 -4.6135E+02
0009268   6.7092E+02  6.3069E+01  1.8159E+02
0009269   9.6104E+02 -3.0897E+02  3.2921E+02
0009270   4.7758E+02  1.2728E+02 -3.3198E+02
0009271   5.8659E+02  1.7926E+02  1.2712E+02
0009272   1.2192E+03 -2.1236E+02  1.5383E+01
0009273   1.3876E+03  1.4148E+02  6.0756E+01
0009274   9.1440E+02 -8.1876E+02  2.3393E+02
0009275   5.3366E+02 -2.9251E+02 -2.3248E+02
0009276   9.6344E+02 -1.0289E+02  1.8175E+02
0009277   3.1678E+02  1.6571E+02 -1.9734E+02
0009278   3.1657E+02 -2.6973E+02  1.8995E+02
0009279   4.9172E+02 -4.5826E+02  4.5746E+02
0009280   1.0087E+03 -8.5689E+02 -7.1502E+01
0009281   9.5440E+02 -2.5458E+02  2.0919E+02
0009282   1.3682E+03  6.8299E+01  5.7858E+02
0009283   9.8087E+02 -3.5240E+02 -7.4715E+01
0009284   3.1854E+02 -2.0966E+02  1.7574E+02
0009285   1.2097E+03  4.5314E+02 -3.2793E+01
0009286   9.1533E+02 -7.1854E+02  2.2329E+02
0009287   1.1645E+03 -6.1870E+01  1.5790E+02
0009288   9.0653E+02 -2.8117E+02  4.3123E+02
0009289   2.3958E+02  4.3474E+02  3.8298E+02
0009290   1.0028E+03  3.9281E+02 -6.0026E+02
0009291   1.2857E+03 -6.4303E+02 -3.3337E+02
0009292   5.1061E+02  1.9530E+02  4.2952E+01
0009293   4.9674E+02 -3.7555E+02 -6.9755E+02
0009294   1.9840E+02 -1.3381E+02  1.4809E+02
0009295   3.5672E+02  4.0456E+02  1.6684E+02
0009296   5.4483E+02 -2.1633E+02  5.0343E+02
0009297   8.7976E+02  5.9912E+02  6.4221E+02
0009298   7.3313E+02 -2.9748E+00  5.5569E+00
0009299   7.8977E+02  6.3472E+02  2.4909E+02
0009300   1.0533E+03 -4.9124E+01 -2.5686E+02
0009301   3.7907E+02 -5.7157E+01  4.1123E+01
0009302   5.7613E+02  4.8291E+02  2.0017E+01
0009303   8.8278E+02 -8.4411E+02 -3.5616E+02
0009304   9.0122E+02 -1.7817E+02 -2.0121E+02
0009305   3.5457E+01  8.3172E+02 -2.4774E+02
0009306   1.0213E+03 -4.0448E+02 -2.4975E+01
0009307   6.2877E+02  2.8596E+01  5.1407E+00
0009308   9.1355E+02 -3.5055E+01 -2.5527E+02
0009309   9.6111E+02 -3.7475E+02 -4.0511E+02
0009310   9.2514E+02 -8.4554E+02  4.0107E+01
0009311   5.6697E+02  3.1592E+02  1.9585E+02
0009312   4.3333E+02 -2.0097E+02 -5.8518E+02
0009313   1.3678E+03 -1.5021E+02  2.8746E+01
0009314   1.4850E+03  2.2542E+02 -1.7996E+00
0009315   1.3369E+03  8.8685E+02 -9.9216E+02
0009316   1.1639E+03 -5.4721E+02  3.8509E+02
0009317   2.4407E+02 -7.3722E+01  6.6002E+02
0009318   5.6959E+02 -4.6929E+01  3.9587E+02
0009319   9.3020E+02 -2.3957E+02  8.4256E+01
0009320   3.5971E+02 -2.2834E+02 -1.1319E+02
0009321   1.2034E+03 -1.5429E+02  5.3984E+01
0009322   1.6422E+02 -1.9936E+02  2.1125E+02
0009323   2.7840E+02  7.6552E+02  4.5403E+02
0009324   1.2392E+03 -1.9192E+02  4.4401E+02
0009325   1.0460E+03 -2.8230E+02  2.5986E+02
0009326   7.8508E+02 -3.1410E+02 -2.3627E+02
0009327   9.0097E+02  6.5320E+00  8.7131E+01
0009328   6.3181E+02 -2.4419E+02  1.2442E+02
0009329   6.6505E+00  9.1995E+01 -1.1313E+02
0009330   9.7072E+02 -3.7922E+02 -5.5642E+01
0009331   3.2239E+02 -8.3121E+01  3.6762E+01
0009332   6.7426E+02  2.9413E+02  1.5226E+02
0009333   5.5674E+02 -3.2815E+02 -1.2902E+02
0009334   1.7519E+02 -1.3485E+02  4.5945E+02
0009335   9.6946E+02  5.7722E+02 -2.1161E+02
0009336   5.5439E+02 -2.7837E+02  2.4219E+02
0009337   8.6578E+02 -1.4381E+02  4.0121E+02
0009338   6.3683E+02  9.8376E+01 -2.4704E+02
0009339   6.6876E+02 -6.2817E+01  3.5142E+02
0009340   8.5911E+02 -8.8379E+01 -3.0029E+02
0009341   1.3352E+03  5.4425E+02  1.3135E+01
0009342   7.6334E+02  5.2979E+02  4.5162E+02
0009343   8.0196E+02  3.1109E+02  6.2126E+02
0009344   1.0577E+02 -2.8465E+02  2.1852E+02
0009345   8.1671E+02  1.1131E+02 -2.1325E+02
0009346   3.2860E+02  7.3581E+01  2.8077E+02
0009347   6.2504E+02  8.3499E+01 -2.6403E+01
0009348   7.9497E+02 -4.0901E+02 -4.9286E+02
0009349   3.1124E+02  2.0027E+02  2.5463E+02
0009350   6.5579E+02 -5.5373E+02 -4.8324E+02
0009351   1.0126E+03 -3.3606E+02  4.0761E+01
0009352   3.2060E+02 -3.0889E+02 -1.7710E+02
0009353   3.3704E+02  3.2492E+02 -4.5647E+02
0009354   4.4956E+02  6.5408E+01 -1.8362E+02
0009355   7.0204E+01  7.7382E+02  2.5579E+02
0009356   1.1732E+03 -2.4654E+02  4.9617E+02
0009357   1.0966E+03  9.2534E+01  6.0878E+01
0009358   8.4960E+02 -4.5130E+01 -3.8434E+02
0009359   5.3570E+02 -2.3067E+02 -1.1928E+02
0009360   7.8811E+02  1.5196E+02  1.2830E+02
0009361   3.4081E+02  4.8917E+02  3.6045E+02
0009362   7.8615E+02  7.0669E+02  6.5805E+01
0009363   1.3510E+03 -1.1296E+01 -3.2629E+01
0009365   7.8174E+02  3.2207E+01 -2.2694E+02
0009366   9.9857E+02 -3.4879E+02 -7.7998E+02
0009367   9.4936E+02 -5.4005E+01 -2.5741E+01
0009368   3.4604E+02  1.1929E+02  4.3269E+02
0009369   5.3324E+02 -2.5427E+02  3.4361E+01
0009370   6.2320E+02  7.1563E+02 -3.0442E+02
0009371   1.5176E+03  4.8682E+01 -4.7258E+02
0009372   3.8124E+02  8.0737E+01  3.7888E+02
0009373   5.7359E+02  2.4604E+02 -2.4001E+02
0009374   2.9339E+02  3.2807E+01  7.6697E+01
0009375   6.1313E+02  2.2919E+01  1.0442E+02
0009376   1.0962E+03  1.6742E+02 -1.4610E+02
0009377   5.0004E+02  1.8587E+02 -2.9749E+02
0009378   6.1832E+02  9.1133E+01  1.2669E+02
0009379   3.3024E+02  6.5152E+01  1.8782E+02
0009380   7.6735E+02 -4.3583E+02 -2.5327E+02
0009381   1.2420E+03 -2.3875E+02  9.7250E+02
0009382   7.8412E+02 -2.2045E+02  6.7895E+02
0009383   1.0466E+03  2.5206E+01  3.4609E+02
0009384   1.5816E+03  2.8763E+00  1.4618E+02
0009385   9.5043E+02  3.6143E+02  2.9994E+02
0009386   6.4652E+02  2.0696E+00  8.1529E+02
0009387   2.4689E+02  1.4452E+02  9.3025E+01
0009388   3.6437E+02 -1.9358E+02  6.1133E+02
0009389   1.2780E+02  2.5540E+02  5.9247E+01
0009390   5.8620E+02 -8.2026E+02  1.5252E+01
0009391   3.4679E+02 -2.4923E+01 -8.6417E+01
0009392   6.2334E+02 -5.4319E+02 -1.1704E+02
0009393   3.0314E+02 -2.0294E+02  3.4163E+00
0009394   8.9984E+02 -2.3338E+02  5.2449E+02
0009395   7.8705E+02  7.6309E+00 -1.4713E+02
0009396   7.2372E+02 -3.8432E+02 -2.4284E+02
0009397   8.2214E+02 -1.7295E+02  3.4901E+02
0009398   4.9581E+02  4.6983E+02  5.2970E+02
0009399   9.4194E+02  6.0230E+02  4.2003E+02
0009400   1.0442E+02  1.2438E+02 -2.8942E+02
0009401   1.1676E+03 -2.4968E+02  5.9604E+02
0009402   1.2412E+03 -6.7715E+00 -3.2669E+02
0009403   4.8073E+02 -3.9479E+02 -1.4332E+02
0009404   5.1769E+02  7.4923E+02  8.6121E+01
0009405   1.7015E+03  2.4826E+02 -1.2451E+02
0009406   4.3691E+02  1.1090E+03  1.0863E+02
0009407   2.3680E+02 -2.5450E+02  3.7052E+02
0009408   8.8213E+02  9.5861E+01  7.0079E+01
0009409   6.8278E+02 -6.2935E+01 -2.6369E+02
0009410   6.3912E+02  7.0992E+01  1.4317E+02
0009411   5.6237E+02  5.5782E+02 -7.5744E+01
0009412   7.3649E+02  1.1916E+01  1.0472E+02
0009413   1.1161E+03  3.4577E+02  1.2443E+02
0009414   1.2369E+03  7.3428E+02  3.5288E+02
0009415   8.9562E+02 -1.0830E+02 -4.2072E+01
0009416   5.1591E+02  4.7177E+01  9.3840E+01
0009417   1.2080E+03  2.6529E+02 -5.6837E+01
0009418   7.8230E+02 -1.3425E+02 -6.9024E-01
0009419   7.4462E+02  9.5004E+02  3.1758E+02
0009420   1.7793E+02 -3.0411E+02  4.5905E+02
0009421   4.5261E+02  4.7636E+02  3.5912E+02
0009422   9.4918E+02  1.7829E+02  1.5100E+02
0009423   1.3763E+03 -2.4547E+02 -2.2716E+02
0009424   6.8918E+02 -2.2445E+01 -8.7845E+01
0009425   8.5373E+02  6.1063E+02  1.7427E+02
0009426   9.7562E+02 -4.4681E+02  2.9902E+02
0009427   2.4819E+02 -1.5090E+02 -7.0374E+02
0009428   3.4121E+02 -1.3751E+02  1.0809E+02
0009429   3.9468E+02  1.2648E+02  1.8875E+02
0009430   1.0054E+03  3.3058E+02  4.7931E+02
0009431   6.0521E+02 -7.8938E+01 -1.1667E+02
0009432   5.9630E+02 -3.5313E+02  2.7892E+01
0009433   6.3923E+02  3.8486E+02  5.7351E+02
0009434   4.8793E+02 -2.0623E+02  7.8247E+01
0009435   6.8840E+02 -1.4575E+02 -1.0327E+02
0009436   5.3689E+02 -5.6441E+02 -8.6261E+02
0009437   1.4312E+03 -4.7078E+02 -3.9546E+02
0009438   3.3968E+02 -6.8322E+01 -4.7317E+02
0009439   1.0738E+03  9.5489E+02  9.3491E+01
0009440   1.1361E+03  5.8049E+02  6.0129E+02
0009441   1.1939E+03  4.9680E+02 -4.0497E+02
0009442   1.2139E+03 -1.1246E+02  2.5450E+02
0009443   1.6526E+02 -1.1170E+02 -1.0338E+02
0009444   2.7531E+02 -5.1626E+01 -5.8330E+02
0009445   1.2870E+03 -3.8476E+01  9.1284E+01
0009446   4.5838E+02 -2.5401E+02 -6.6185E+02
0009447   1.2403E+03  2.4272E+02  5.2234E+02
0009448   6.9806E+02 -7.9455E+01  7.5463E+02
0009449   7.0162E+02  7.5440E+02  1.6143E+02
0009450   1.1907E+03  4.9387E+02  1.5861E+02
0009451   1.1158E+03 -2.0851E+02 -2.9720E+02
0009453   8.5541E+02  4.4533E+02  8.9330E+02
0009454   5.9128E+02  4.7159E+02 -3.3123E+01
0009455   1.7935E+03 -3.0092E+01  3.1689E+01
0009456   8.4446E+02  1.2587E+02  3.4369E+02
0009457   1.0247E+03 -5.3015E+02  2.6589E+02
0009458   6.3327E+02 -1.3801E+02  5.2963E+02
0009459   8.8659E+02  1.3988E+02 -6.8522E+01
0009460   1.0251E+03 -5.4811E+01 -7.5059E+02
0009461   5.2044E+02  7.0322E+01 -2.4753E+02
0009462   1.2324E+03  6.4079E+01  2.1133E+00
0009463   3.4740E+02  5.6750E+01  2.0524E+02
0009464   9.7840E+02 -2.8872E+02 -7.8991E+01
0009465   7.1644E+02  1.0452E+03  1.4542E+02
0009466   5.0492E+02 -4.3313E+02 -2.4816E+02
0009467   7.9290E+02  4.9788E+02  2.7607E+02
0009468   5.5760E+01  3.8938E+01  1.3784E+02
0009469   1.0610E+03  1.6652E+02  1.6006E+02
0009470   5.4259E+02 -3.4843E+02  2.0397E+02
0009471   8.7281E+02 -7.6356E+02  3.3293E+02
0009472   9.5209E+02 -2.6388E+02  1.0427E+02
0009473   5.3026E+02  6.2654E+02 -3.5804E+02
0009474   1.6186E+03  5.4857E+02  2.9459E+02
0009475   5.4025E+02 -1.1240E+02  3.3495E+02
0009476   6.3316E+02  3.4654E+02  2.9884E+02
0009477   5.5054E+02  2.6741E+02  5.9352E+02
0009478   7.8663E+02 -5.9257E+02 -3.4349E+02
0009479   1.1442E+03 -1.3470E+01  2.6703E+02
0009480   8.3387E+02 -2.1597E+02  1.4198E+02
0009481   6.1196E+02  3.8129E+02  2.7544E+02
0009482   1.0420E+03 -6.1474E+02  5.4383E+02
0009483   1.8316E+02  1.9075E+02  4.5608E+02
0009484   1.4030E+03  4.7186E+02  1.1597E+02
0009485   4.4672E+02 -2.8666E+02 -9.1117E+00
0009486   6.3518E+02  7.5607E+02 -1.3213E+02
0009487   1.3599E+03 -3.0586E+02 -5.5982E+00
0009488   9.5689E+02  1.6677E+02  3.4453E+01
0009489   1.1905E+03  1.0647E+02 -4.0180E+02
0009490   6.8830E+02 -5.5942E+02 -6.3649E+01
0009491   7.6730E+02  6.6630E+02 -4.1552E+02
0009492   2.4680E+02 -1.8715E+02  2.5983E+02
0009493   3.6094E+02 -4.3523E+02 -2.2607E+02
0009494   5.5847E+02 -1.1758E+02  4.4920E+02
0009495   6.8884E+02  7.8588E+01  2.5867E+02
0009497   7.0227E+02  3.0655E+02 -3.4278E+02
0009498   8.2532E+02 -6.6890E+02 -2.6440E+02
0009499   5.3336E+02 -2.5842E+02 -4.0411E+01
0009500   1.3144E+03  5.7682E+02 -1.2337E+02
0009501   3.7877E+02 -3.3824E+02  2.2422E+02
0009502   5.4129E+02  4.3982E+02 -1.1667E+02
0009503   1.4376E+03 -5.8758E+02  3.3813E+02
0009504   8.4425E+02 -2.1086E+02 -4.8464E+01
0009505   1.3151E+03  4.7117E+02 -7.6927E+01
0009506   1.0354E+03 -3.9867E+02 -6.8223E+01
0009507   4.9860E+02  1.6669E+02  9.6292E+01
0009508   3.7893E+02 -2.6461E+02 -2.8568E+02
0009509   3.7825E+02 -3.9183E+02 -2.2268E+02
0009510   7.8359E+02  2.7613E+02 -2.3190E+02
0009511   1.4679E+02 -4.4908E+02 -1.8406E+02
0009512   3.4433E+02 -1.2036E+02 -2.9918E+02
0009513   4.6542E+02 -8.3892E+02  2.8308E+02
0009514   4.3075E+02  2.0453E+02  2.2527E+02
0009515   1.3783E+03 -3.1991E+02  3.9645E+02
0009516   7.3895E+02 -8.5224E+01  4.9229E+02
0009517   4.8368E+02 -2.9842E+02  4.3886E+01
0009518   1.0222E+03  5.1529E+02  2.4700E+02
0009519   1.0747E+03 -1.0398E+02  4.4190E+01
0009520   1.2257E+03  8.5344E+02  7.3375E+01
0009521   9.6151E+02 -3.8835E+02 -1.6781E+02
0009522   1.0106E+03 -3.7859E+02  6.7760E+02
0009523   7.9683E+02  1.7674E+02 -3.5626E+02
0009524   7.2473E+02  3.3345E+02 -1.3458E+02
0009525   3.3345E+02 -1.6553E+02  1.6914E+02
0009526   2.1982E+02  5.5187E+02  4.8491E+02
0009527   1.1343E+03  5.9813E+02 -3.9788E+01
0009528   1.1594E+03  5.1891E+02  1.8966E+02
0009529   3.1587E+02 -4.7040E+01 -5.0630E+02
0009530   3.2949E+02 -4.5734E+01  1.5550E+02
0009531   2.7048E+02  2.2101E+02  4.0651E+02
0009532   1.0104E+03 -7.5413E+00 -5.3013E+02
0009533   7.8020E+01  3.6345E+01  3.3081E+01
0009534   1.1188E+03 -7.5549E+02 -4.0727E+02
0009535   9.1767E+02 -5.9181E+02 -2.3285E+02
0009536   1.0759E+03  8.3842E+01 -3.4233E+02
0009537   7.7508E+02 -6.5481E+02  1.9565E+02
0009538   1.3448E+03  1.5120E+02 -6.4732E+01
0009539   1.3352E+03  5.7840E+01  2.1243E+02
0009540   6.3369E+02 -1.2132E+02  6.9911E+02
0009541   1.2694E+03  3.2519E+02  1.5288E+02
0009542   6.4495E+02  2.8313E+02 -1.4403E+02
0009543   1.2959E+03  3.8330E+02 -2.5014E+01
0009544   8.2942E+02  1.8828E+02 -6.0247E+02
0009545   9.6414E+02  1.3051E+02 -6.3659E+02
0009546   5.8980E+02  4.2950E+02 -1.0977E+02
0009547   2.2812E+02  4.1776E+02  3.1877E+02
0009548   8.0279E+02  2.0680E+02 -1.0184E+03
0009549   9.9588E+02  3.3459E+02 -4.5773E+02
0009550   8.6689E+02 -5.5224E+02  6.1208E+01
0009551   6.5003E+02  2.7907E+02 -6.0417E+01
0009552   1.7201E+03 -6.2803E+02  2.9537E+02
0009553   5.7121E+02  1.1101E+02  3.3113E+02
0009554   5.2492E+01  2.4857E+02 -1.6284E+02
0009555   6.8223E+02 -9.0383E+01 -1.2449E+02
0009556   9.0643E+02 -3.0668E+02  1.0696E+02
0009557   1.0268E+03 -2.1829E+02 -2.0489E+02
0009558   8.9227E+02 -4.2668E+02  6.4275E+01
0009559   8.4631E+02  4.3236E+02  6.7169E+02
0009560   7.3063E+02  2.2675E+02 -2.7187E+02
0009561   8.2829E+02  4.4717E+01 -2.2312E+02
0009562   5.1237E+02 -4.7583E+02  3.9395E+02
0009563   8.9501E+02 -9.9220E+02  9.9522E+01
0009564   3.3898E+02 -2.7954E+02  4.1491E+02
0009565   6.3828E+02  7.5777E+02 -6.6445E+02
0009566   8.9035E+02 -7.0057E+01  6.0203E+02
0009567   6.3044E+02  1.1340E+02  4.2233E+01
0009568   1.2273E+02 -1.2797E+02 -2.7708E+02
0009569   8.4023E+02  5.7468E+02  2.9774E+02
0009570   9.3764E+02 -5.1142E+02  1.9050E+02
0009571   1.0397E+03  1.2539E+02  1.9442E+02
0009572   1.7135E+03 -7.3228E+02 -1.1038E+02
0009573   1.2965E+03 -8.2553E+01  1.8204E+02
0009574   9.1985E+02  1.0422E+02  1.3159E+02
0009575   1.1462E+03 -1.2911E+02 -5.9963E-01
0009576   6.5168E+02 -2.6913E+02  2.8322E+02
0009577   8.4415E+02 -5.7069E+02 -7.9956E+00
0009578   3.8348E+02  5.3123E+02  3.1278E+01
0009579   9.2281E+02 -3.6846E+02 -4.8473E+02
0009580   5.9013E+02  2.3077E+01 -8.0231E+01
0009581   2.4233E+02 -8.2320E+01 -2.5957E+00
0009582   6.5368E+02  6.4075E+01 -3.3269E+01
0009583   2.5260E+02 -1.1777E+02  4.2570E+01
0009584   1.1729E+03  2.3470E+02  4.6062E+02
0009585   1.0059E+03 -5.8154E+01 -7.3052E+02
0009586   5.8918E+02 -1.4195E+02 -1.0182E+02
0009587   7.3365E+02 -2.3488E+02  4.6518E+02
0009588   8.9611E+02  6.2686E+01  1.7780E+02
0009589   5.1365E+02 -1.4345E+02 -8.6596E+01
0009590   1.0441E+03  1.7739E+02  1.4113E+02
0009591   3.0330E+01 -7.7199E+00 -1.7204E+02
0009592   4.8321E+02 -2.4753E+02 -2.0441E+01
0009593   1.5445E+03  8.4642E+01 -3.0155E+02
0009594   8.1718E+02 -1.7247E+02  2.8883E+02
0009595   1.5825E+03 -3.1994E+00  7.0784E+01
0009596   4.7983E+02 -8.1276E+02 -1.6596E+02
0009597   1.4443E+03 -1.5908E+02  4.9575E+02
0009598   7.7704E+02  2.2588E+02 -4.6129E+02
0009599   1.1099E+03  3.9972E+01  3.6357E+01
0009600   7.3273E+02  1.2720E+02 -4.5543E+00
0009601   7.6315E+02  2.6105E+02 -2.7891E+02
0009602   2.8033E+02  2.1539E+02 -8.9014E+01
0009603   5.5269E+02  3.6065E+02  1.0940E+02
0009604   1.5685E+02 -1.2050E+02 -1.6486E+02
0009605   4.8610E+02  1.3281E+02  3.4405E+01
0009606   1.2629E+03 -3.3472E+02  2.0916E+01
0009607   6.6458E+02 -7.4345E+02  4.0255E+02
0009608   7.4321E+02  4.3230E+02 -2.5229E+02
0009609   4.0692E+02  6.4616E+02  1.1271E+02
0009610   4.6994E+02  5.4524E+02 -1.5689E+02
0009611   3.2222E+02  4.7406E+02  6.2659E+02
0009612   1.0940E+03  3.4412E+02  2.8255E+02
0009613   1.1258E+03 -8.1056E+02  8.0271E+02
0009614   1.2585E+03  2.0984E+02  2.9979E+02
0009615   9.6713E+02  1.8203E+01 -3.4772E+02
0009616   1.0655E+03 -4.6969E+02  1.3689E+02
0009617   5.5926E+02 -5.5511E+01  1.3629E+03
0009618   4.2185E+02 -3.4090E+02 -7.4520E+01
0009619   1.3786E+03  7.0211E+02 -8.6917E+02
0009620   4.1293E+02 -4.3196E+01 -5.7998E+02
0009621   9.8525E+02 -5.6494E+02  1.2911E+02
0009622   1.2223E+03  1.3343E+02 -3.7879E+01
0009623   8.6059E+02 -5.1012E+02 -6.1248E+02
0009624   1.0578E+03  3.1834E+02  3.8831E+02
0009625   7.8905E+02  1.4881E+02  3.7536E+02
0009626   8.5011E+02 -2.0774E+02  6.8502E+02
0009627   9.8167E+02  2.7264E+02 -4.8589E+02
0009628   8.6714E+02 -3.1251E+01  2.3287E+02
0009629   4.2783E+02 -4.6991E+01 -1.7611E+01
0009630   1.3777E+03  3.4235E+02  3.4158E+02
0009631   5.3441E+02  1.6691E+02 -2.5248E+02
0009632   6.4493E+02 -6.0142E+02 -1.0565E+02
0009633   3.8642E+02  2.8530E+01 -1.6856E+02
0009634   1.0878E+03  4.5493E+02  8.7669E+02
0009635   3.0205E+02 -4.0399E+02 -1.9582E+02
0009637   1.1783E+03  2.8340E+02  5.3250E+02
0009638   1.4635E+03  1.8010E+02  2.5496E+02
0009639   6.6348E+02  1.9653E+02 -1.5611E+02
0009640   3.2723E+02  3.8980E+02 -7.7761E+00
0009641   1.2058E+02 -1.5738E+02  1.4309E+02
0009642   9.5086E+02  3.3107E+02 -2.0174E+02
0009643   3.8889E+02 -4.0634E+01  2.8532E+02
0009644   1.5378E+03 -6.9077E+01  3.2072E+02
0009645   1.0403E+03 -1.9651E+02  8.3211E+02
0009646   5.5265E+02 -3.3761E+02 -8.6587E+01
0009647   7.0182E+02 -5.2294E+02  5.7039E+02
0009648   2.5758E+02 -6.2919E+02  2.5931E+02
0009649   1.5029E+03 -2.2650E+02  7.5960E+02
0009650   3.9652E+02 -2.3646E+02 -6.8873E+01
0009651   9.2850E+02  5.8622E+01  1.6377E+01
0009652   5.5503E+02  7.4106E+02  2.8723E+02
0009653   5.3114E+02  1.5819E+02  3.9356E+02
0009654   6.9530E+02 -3.3210E+01  2.6186E+02
0009655   6.0592E+02  3.9937E+02 -3.1026E+02
0009656   6.0191E+02  3.1232E+02  5.8352E+02
0009657   5.3736E+02 -2.0207E+02  1.0207E+03
0009658   7.1049E+02  1.8922E+02  3.9819E+02
0009659   6.1050E+02 -4.1643E+02 -1.2500E+01
0009660   5.2531E+02 -1.6022E+02 -3.3508E+02
0009661   1.1161E+03  1.5971E+02 -1.5979E+02
0009663   1.4349E+02  1.2707E+02 -9.4744E+02
0009665   1.4398E+03  5.7071E+02 -9.5266E+02
0009666   7.4863E+02 -7.6174E+02  3.6243E+02
0009667   8.9603E+01  3.3664E+00 -1.7701E+02
0009669   1.0414E+03  1.0584E+02  2.0015E+02
0009670   7.0138E+02  1.1136E+02 -1.6862E+02
0009671   6.3431E+02  5.3602E+02 -1.5318E+02
0009672   3.0004E+02  5.9669E+02  5.8964E+02
0009673   2.7128E+02  4.2627E+02 -1.0243E+02
0009674   8.1586E+02 -2.1958E+02 -5.3971E+02
0009675   7.8377E+02  1.5937E+02 -3.1864E+02
0009676   6.1026E+02  1.2419E+03  5.3117E+02
0009677   1.4438E+03  2.4041E+02 -1.5914E+02
0009678   5.3482E+02  4.4244E+00 -1.8956E+02
0009679   1.1029E+03 -1.2976E+02  2.4268E+02
0009680   7.6701E+02  5.4719E+02  1.5218E+02
0009681   5.2901E+02 -1.5901E+02  4.4181E+02
0009682   9.2304E+02 -1.6773E+02 -6.9134E+01
0009683   6.2062E+02 -3.0150E+01  6.0177E+01
0009684   7.5431E+02  5.3075E+02 -2.0977E+02
0009685   4.0553E+02 -5.8305E-01  3.4872E+02
0009686   1.0730E+03  1.6080E+02  1.0358E+03
0009687   8.3336E+02  4.4416E+02  7.7269E+02
0009688   1.1454E+03  3.0751E+02  1.8563E+02
0009689   9.8018E+02  5.7902E+00  4.0562E+02
0009690   5.1697E+02  3.8736E+02  3.7403E+02
0009691   7.0955E+02  2.3960E+02 -2.7835E+02
0009692   6.8898E+02 -4.0923E+02 -4.9425E+02
0009693   6.9182E+01  1.9215E+02  5.8051E+02
0009695   7.6923E+02  1.2381E+02  3.5345E+02
0009696   6.7110E+02  1.5500E+02 -2.8471E+02
0009697   4.0200E+02  3.8188E+02  2.7470E+01
0009698   9.7721E+02  8.8045E+02 -3.3679E+02
0009699   9.3086E+02  3.4558E+02  2.1550E+02
0009700   3.5920E+02 -4.0928E+01  2.0636E+01
0009701   4.3883E+02  3.2803E+02  2.7290E+02
0009702   9.0174E+02 -3.3640E+02  2.4534E+02
0009703   8.5312E+02 -5.0095E+02  4.1336E+02
0009705   1.0274E+03 -3.8704E+02 -1.0576E+03
0009706   9.4855E+02  5.1227E+02  1.5148E+02
0009707   3.7156E+02  1.6996E+02  4.8494E+02
0009708   3.3327E+02 -2.4018E+01 -2.0874E+02
0009709   8.1870E+02  1.0440E+02 -3.1168E+02
0009710   1.1678E+03 -4.9808E+01 -6.5245E+01
0009711   5.8334E+02  2.8019E+02  1.4843E+02
0009712   5.3528E+02 -2.2882E+02  1.7264E+02
0009713   6.8014E+02  1.3954E+02 -3.2559E+02
0009714   8.5372E+02 -2.5142E+02  3.8849E+02
0009715   3.7077E+02 -3.2511E+02 -1.1644E+02
0009716   1.2132E+03 -3.5771E+02  5.9722E+02
0009717   6.8292E+02  2.6175E+02  9.8323E+01
0009718   5.6587E+02  6.7839E+01  1.5832E+02
0009719   8.8696E+02 -1.2508E+02 -3.8793E+02
0009720   1.0729E+03 -4.3298E+02 -2.3360E+02
0009721   4.8037E+02 -9.5382E+01  1.2795E+02
0009722   7.0165E+02 -1.4928E+02 -3.2519E+02
0009723   7.8731E+02 -3.8298E+02  1.8153E+02
0009724   1.0797E+03  3.0611E+02 -6.3050E+01
0009725   7.4252E+02  9.3422E+02 -3.8513E+02
0009726   9.1757E+02  1.4812E+02 -1.3954E+02
0009727   5.6893E+02  8.3566E+02 -3.1804E+02
0009728   2.7995E+02  3.9447E+02 -4.3326E+02
0009729   4.0498E+02  2.8492E+01  3.1771E+02
0009730   9.9890E+02 -3.1569E+02 -6.4834E+02
0009731   8.5205E+02 -5.2856E+02 -2.3863E+02
0009732   5.9566E+01  6.9381E+02 -3.8834E+01
0009733   1.1936E+03 -1.6464E+02  6.8544E+02
0009734   6.2336E+02 -7.8295E+01 -4.0608E+02
0009735   1.1996E+03 -4.6529E+01 -8.3747E+01
0009736   8.7544E+02 -9.3477E+01  6.9090E+02
0009737   4.1887E+02 -8.2404E+01 -1.1450E+02
0009738   9.9593E+02 -4.3133E+01 -2.9766E+02
0009739   7.4397E+02  6.5470E+02  6.1146E+01
0009740   3.5590E+02  5.5365E+01 -2.1524E+02
0009741   1.2257E+03 -7.5869E+02 -1.1761E+02
0009742   1.7610E+02 -3.5787E+00  4.5793E+02
0009743   9.3397E+02  2.7549E+02  9.0153E+02
0009744   9.2751E+02 -7.8956E+02  2.7019E+02
0009745   1.8979E+02 -4.0389E+01  6.6031E+00
0009747   1.1767E+03 -1.1476E+02  8.4297E+01
0009748   4.7495E+02 -3.9640E+02 -4.7506E+02
0009749   3.6976E+02  1.4147E+02 -1.4481E+02
0009750   4.1010E+02  1.1098E+02 -3.2284E+02
0009751   3.3439E+02 -7.8532E+01  2.3204E+02
0009752   1.2795E+03  2.2117E+02 -2.9025E+02
0009753   2.9797E+02  3.4920E+02  5.9875E+02
0009754   1.2259E+03 -7.5355E+02  2.2151E+02
0009755   1.4249E+02 -6.0822E+02 -4.8523E+02
0009756   1.1718E+02 -2.9682E+01 -4.2551E+02
0009757   9.8014E+02 -7.2214E+01 -3.9279E+02
0009758   8.2851E+02 -3.7727E+02 -7.2821E+00
0009759   3.1683E+02 -3.7360E+02 -4.3703E+02
0009760   4.3543E+02  4.1196E+02 -1.8774E+02
0009761   7.5147E+02  1.4999E+02  7.2872E+01
0009762   6.7831E+02  2.7840E+02 -2.1488E+02
0009763   2.2929E+02  1.9733E+02  2.5340E+02
0009764   1.4035E+02  2.9875E+02 -8.7518E+02
0009765   1.1752E+02 -1.9853E+02 -2.7165E+01
0009766   1.1038E+03  6.2522E+02 -1.1443E+03
0009767   6.8352E+02  1.3737E+02  6.6299E+02
0009768   8.0693E+02 -6.0552E+01 -4.4960E+02
0009769   9.9758E+02 -6.7679E+01  3.5531E+02
0009770   9.2241E+02  8.1633E+02 -3.5530E+02
0009771   1.6855E+03 -1.2917E+02 -2.0780E+02
0009772   7.1141E+02 -1.7020E+02  1.1996E+02
0009773   1.0679E+03  4.6894E+02  3.0247E+02
0009774   1.1221E+03 -1.4419E+02 -4.5315E+02
0009775   8.0381E+02 -7.1400E+02  8.3644E+02
0009776   7.3113E+02  2.3441E+02 -6.2831E+02
0009777   2.5879E+02  1.6668E+02  4.1763E+02
0009778   7.0773E+02 -4.0638E+01 -4.8645E+02
0009779   7.2009E+02  4.3606E+02 -6.5763E+02
0009780   4.9842E+02 -3.0995E+02 -4.1661E+01
0009781   9.2667E+02 -4.5637E+02  3.2824E+02
0009782   1.1242E+03  2.9197E+02  7.4264E+02
0009783   7.6922E+02  3.2728E+02 -2.5704E+02
0009784   1.2280E+03  3.2844E+01  6.0036E+02
0009785   1.0326E+03 -6.5939E+01 -4.0470E+02
0009786   1.3019E+03  4.1208E+02 -1.5930E+02
0009787   4.8156E+02 -7.6266E+01  1.0231E+02
0009789   1.0499E+03 -7.5843E+02 -5.6272E+02
0009790   1.5241E+02 -5.8166E+02  1.7024E+02
0009791   1.1238E+03  1.1328E+02  1.4143E+02
0009792   2.1583E+02  4.9237E+02  4.0334E+02
0009793   3.4548E+02 -6.5966E+02  9.5427E+01
0009794   1.0508E+03  1.9096E+02  1.9382E+02
0009796   1.4794E+03 -3.4690E+02 -3.2124E+02
0009797   1.0155E+03 -2.4058E+02 -5.9921E+02
0009798   5.6205E+02  2.1235E+02  1.1036E+02
0009799   7.5668E+02  5.1288E+02  2.2839E+02
0009800   6.7282E+02 -1.2393E+01 -3.2297E+02
0009801   9.0875E+02  4.1867E+02  1.3497E+02
0009802   8.6884E+02  7.4038E+02  5.3896E+02
0009803   7.1358E+02 -4.2567E+01 -8.9527E+01
0009804   3.7152E+02 -2.1907E+02 -1.4175E+02
0009805   4.1566E+02  5.6153E+02 -5.1040E+02
0009806   1.0765E+03  3.9267E+02 -5.5049E+02
0009807   9.0603E+02 -3.6921E+01 -2.6113E+02
0009808   1.5188E+03 -4.7257E+02  1.3112E+01
0009809   5.4067E+02  1.6879E+02  5.7985E+01
0009810   5.0371E+02  4.0570E+02  2.2735E+02
0009811   3.7122E+02  4.1887E+02 -7.2851E+02
0009812   6.1731E+02 -2.6951E+01  7.2054E+02
0009813   1.2029E+03  1.7784E+02 -3.5945E+02
0009814   1.0901E+03  1.4659E+02 -1.6156E+02
0009815   1.3335E+03 -3.1633E+02  7.5391E+02
0009816   2.4463E+02  4.9489E+02  2.7101E+01
0009817   1.0083E+03 -4.1095E+02 -9.1832E+02
0009818   9.9550E+02 -2.4037E+02  3.5155E+01
0009819   1.3957E+03  2.8905E+01 -3.3343E+02
0009820   1.5543E+02  5.5672E+02  3.2826E+02
0009821   9.3473E+02 -1.5288E+02 -1.3454E+02
0009822   1.4665E+03  2.3131E+02  1.4204E+02
0009823   4.4543E+02 -1.9356E+01  2.4091E+02
0009824   7.2746E+02  3.4412E+02  2.9786E+02
0009825   5.3583E+02  2.1171E+02 -4.4246E+02
0009826   1.8937E+02 -2.2567E+02 -1.6868E+02
0009827   1.0845E+03  5.0445E+02  2.0833E+02
0009828   3.0171E+02  2.3496E+01  1.9602E+02
0009829   2.6599E+02  5.3406E+02 -1.0128E+02
0009830   1.1252E+03  4.3466E+02  1.7217E+02
0009831   1.4305E+02  3.6679E+01  1.7488E+02
0009832   1.5107E+03  1.3921E+02  2.9442E+02
0009833   2.9319E+02 -6.7033E+01  2.6912E+02
0009834   9.6149E+02 -5.0058E+02  9.4548E+01
0009835   7.1617E+02 -4.5480E+02 -4.1018E+02
0009836   5.6549E+02  6.1861E+02  8.8830E+01
0009837   6.0656E+02  7.1578E+02 -5.0813E+02
0009838   9.1466E+02  4.9159E+02  1.7484E+02
0009839   7.3682E+02  1.5968E+02 -4.8245E+02
0009840   1.2901E+03  3.6066E+01 -1.5405E+01
0009841   1.0654E+03  1.2496E+02  2.9058E+02
0009842   9.8528E+02  3.5724E+02 -4.2728E+00
0009843   3.2361E+02  2.4108E+02  4.2104E+02
0009844   5.1829E+02  9.3326E+01 -1.4337E+02
0009845   7.2427E+02 -3.2487E+02 -1.8885E+02
0009846   1.5226E+03  5.4916E+02  8.7065E+01
0009847   9.0101E+02  2.4973E+02 -3.7192E+01
0009848   1.7762E+02 -7.5778E+02 -2.4043E+02
0009849   1.0556E+03  2.7355E+02 -3.7308E+02
0009850   1.1595E+03 -5.6577E+02 -7.2882E+02
0009851   7.3007E+02 -2.1232E+02 -5.7881E+02
0009852   8.2054E+02 -5.9812E+01 -2.2755E+02
0009853   1.1110E+03 -3.0888E+02  3.8641E+02
0009854   1.2245E+03  5.4767E+02 -4.1057E+02
0009855   2.8832E+02  2.1657E+01 -5.9504E+02
0009856   1.5468E+03  2.8485E+02 -2.1902E+02
0009857   1.0603E+03  2.9288E+02 -6.8454E+02
0009858   8.8776E+02  7.3334E+02  7.3129E+02
0009859   5.4355E+02 -1.4804E+02  5.5441E+01
0009860   4.5837E+02 -4.1490E+02 -3.3232E+02
0009861   8.7008E+02 -3.6956E+02 -1.0292E+02
0009862   7.0762E+02 -5.5709E+02  1.1449E+02
0009863   4.0297E+02 -6.0570E+02 -3.4299E+02
0009864   5.5610E+02  1.2352E+01 -8.3709E+01
0009865   1.0586E+03 -1.5650E+02  2.9912E+02
0009866   1.0611E+03 -4.4324E+01  7.2453E+01
0009867   7.3283E+02 -4.5246E+02  3.5554E+02
0009868   1.0158E+03  2.6836E+02  1.2984E+02
0009869   4.1073E+02  1.0742E+03 -2.6539E+02
0009870   1.2156E+03  1.1736E+01  1.8936E+02
0009871   7.1825E+02 -4.7531E+02 -4.8642E+02
0009872   8.3070E+02  6.1556E+01 -4.1892E+02
0009873   9.2317E+02 -5.6648E+02 -5.1978E+02
0009874   7.2274E+02 -3.0007E+02  1.0318E+03
0009875   1.1962E+03  1.3633E+02  2.6226E+02
0009876   5.2534E+02  1.8436E+02  2.4862E+02
0009877   6.7313E+02  4.5923E+02 -1.5535E+02
0009878   9.3924E+02 -1.7252E+02 -4.4809E+02
0009879   1.2251E+03  7.7416E+02 -6.2135E+01
0009880   4.0295E+02  2.6198E+01  1.7259E+02
0009881   7.0540E+02  2.6238E+02  1.1500E+01
0009882   9.0849E+02 -9.1448E+02 -2.9998E+02
0009883   9.7540E+02  1.0870E+02  1.7010E+02
0009884   6.7982E+02  2.9255E+02 -4.6361E+02
0009885   4.7659E+02 -3.3448E+02  2.6187E+02
0009886   1.1712E+03 -1.6040E+02  2.3537E+02
0009887   8.0066E+02  1.6404E+02 -6.8620E+02
0009888   3.4153E+02  6.0684E+01 -8.1807E+00
0009889   1.3850E+03  7.6524E+02 -7.3189E+02
0009890   4.4456E+02 -3.3648E+02 -6.1654E+02
0009891   8.6440E+02  3.2418E+02  1.2257E+02
0009892   1.2265E+03  6.4845E+01 -4.1347E+01
0009893   6.2099E+02 -2.4276E+02 -3.0904E+02
0009894   1.5079E+03  2.9371E+02  4.5414E+02
0009895   8.8155E+02  7.8122E+02 -3.7891E+02
0009896   9.9801E+02  1.0460E+02  6.0979E+02
0009897   1.2005E+03 -8.2290E+02 -5.5730E+02
0009898   2.5898E+02 -2.8173E+02 -1.2487E+02
0009899   7.6105E+02 -1.8759E+00 -9.0277E+01
0009900   4.3526E+02  1.8501E+02  1.5318E+02
0009901   5.5428E+02 -2.9329E+02  1.6976E+01
0009902   7.1754E+02 -2.0598E+02 -2.2651E+02
0009903   6.7458E+02 -1.2475E+02 -9.0054E+01
0009904   1.3952E+03  9.7451E+02 -1.9861E+02
0009905   2.0235E+01  4.6630E+02 -2.3809E+02
0009906   6.7752E+02  1.6423E+02 -2.2760E+02
0009907   9.1839E+02  1.4632E+02 -3.2454E+02
0009908   9.3524E+02 -4.0754E+02  3.7076E+02
0009909   2.9877E+02 -5.5643E+01 -6.3187E+02
0009910   5.4334E+02 -1.2208E+02  1.8199E+02
0009911   1.0268E+03 -6.0634E+02  2.9094E+01
0009912   1.1474E+03  3.6098E+02  1.5932E+02
0009913   8.0787E+02 -2.9719E+02  3.7749E+02
0009914   5.6203E+02 -1.2643E+02 -3.5488E+02
0009915   1.4024E+03 -2.4258E+02  7.5895E+02
0009916   6.7927E+02  4.2334E+02 -2.0158E+02
0009917   8.8317E+02 -9.3208E+01 -5.8427E+02
0009918   1.0681E+03  2.3583E+01  1.6925E+01
0009919   1.1564E+03 -3.3498E+02  1.2244E+02
0009920   1.0386E+03 -2.3710E+02 -8.3724E+02
0009921   5.9294E+01 -2.7469E+02  3.7636E+02
0009922   8.5683E+02 -2.5224E+02 -2.7719E+02
0009923   5.8121E+02  3.7389E+02  6.6744E+01
0009924   2.5851E+02  1.8272E+02 -6.8641E+01
0009925   6.4318E+02  3.9718E+01 -1.3082E+02
0009926   2.3690E+02 -2.2280E+02 -1.7803E+02
0009927   8.5915E+02 -2.1374E+02 -6.1370E+02
0009928   9.8938E+02  2.6631E+02 -4.1628E+02
0009929   8.2519E+02  5.6016E+01 -2.0772E+02
0009930   3.3264E+02 -3.6721E+02  8.3009E+01
0009931   9.8883E+02 -9.5867E+01 -2.8373E+02
0009932   4.5784E+02 -7.0703E+01  4.6633E+02
0009933   2.9995E+02 -2.5605E+02 -1.8962E+01
0009934   4.4355E+02 -3.0900E+02  3.6162E+01
0009935   7.7081E+02 -2.0682E+02 -1.2465E+02
0009936   5.6278E+02  5.7609E+01  7.0452E+01
0009937   1.4068E+02  1.9104E+02 -1.2983E+02
0009938   4.5179E+02  3.6118E+02 -3.2768E+02
0009939   9.0163E+02 -3.3436E+02  3.0618E+01
0009940   7.0774E+02  5.9961E+02 -3.3464E+02
0009941   5.4054E+02 -1.6030E+02  2.5967E+02
0009942   1.0698E+03 -5.0163E+01  9.6468E+01
0009943   4.0740E+02 -3.7540E+02 -2.3113E+01
0009944   7.4505E+02  2.5601E+02 -2.5190E+02
0009945   6.1090E+02  7.7453E+01  1.2698E+02
0009946   4.2227E+02  7.2067E+02  4.7831E+02
0009947   9.0201E+02  5.8825E+02  9.5503E+01
0009948   6.5072E+02 -2.7242E+02  1.7766E+02
0009949   6.0451E+02 -1.5918E+02 -7.3479E+02
0009950   6.2704E+02  3.5007E+00  4.2354E+02
0009951   6.9323E+02  1.8716E+02 -9.4473E+01
0009952   6.6220E+02  8.1847E+02 -6.0444E+02
0009953   7.8466E+02 -1.4116E+02 -1.0542E+02
0009954   6.5955E+02  3.4064E+02 -5.8309E+01
0009955   6.6068E+02  4.3573E+02 -2.6861E+02
0009956   5.8868E+02  2.7724E+02  7.1185E+00
0009957   1.4766E+03 -2.3007E+02 -3.8411E+02
0009958   7.2670E+02 -4.4488E+02  3.8425E+02
0009959   8.9425E+02  6.5200E+01  2.9077E+02
0009960   5.8717E+02 -1.5459E+02  2.5588E+02
0009961   6.3901E+02 -3.7640E+02 -1.0790E+01
0009962   5.7488E+02 -2.8086E+02 -5.5178E+01
0009963   1.0933E+03 -7.1523E+02  6.5230E+02
0009964   4.9365E+02  9.6400E+01  6.0756E+00
0009965   4.5390E+02 -1.1015E+03 -1.8237E+02
0009966   8.3216E+02  6.2441E+02 -2.0456E+01
0009967   3.2937E+02  1.7343E+00  3.4102E-01
0009968   1.2644E+02 -9.5654E+01 -8.2779E+01
0009969   3.6752E+02 -3.9422E+01  1.5361E+02
0009970   6.7667E+02  6.9055E+01  3.4453E+02
0009971   8.2132E+02  1.5326E+02 -5.2302E+02
0009972   6.2226E+02  1.9521E+02  6.1017E+02
0009973   8.1693E+02 -3.7522E+02 -4.2444E+02
0009974   5.7077E+02  2.2467E+02 -7.1932E+02
0009975   5.3074E+02 -9.4620E+02 -8.3022E+02
0009976   5.0120E+02 -1.1226E+03  7.2699E+02
0009977   3.5896E+02 -6.3794E+01  2.2329E+02
0009978   4.1514E+02 -2.3046E+02 -1.3155E+02
0009979   6.3593E+02 -2.0872E+02 -9.0544E+01
0009980   1.0283E+03 -1.0939E+02  2.4414E+02
0009981   5.9003E+02  2.3565E+02  1.4996E+00
0009982   1.1045E+03  5.9673E+01  1.0450E+02
0009983   1.0676E+03 -1.4755E+02 -5.1871E+01
0009984   8.1939E+02  1.6722E+02  3.9640E+02
0009985   3.0016E+02 -6.1832E+01 -3.9303E-02
0009986   8.0917E+02 -3.9511E+02 -3.4356E+02
0009987   1.0133E+03 -2.4896E+01 -1.0757E+03
0009988   4.0197E+02 -9.4749E+01 -2.8655E+02
0009989   6.1144E+02  8.3706E+01  2.0050E+01
0009990   1.7168E+02 -1.6912E+02 -1.8179E+01
0009992   4.9725E+02  3.3178E+02  1.1147E+02
0009993   4.2336E+02 -1.5432E+02  2.6688E+00
0009994   5.0997E+02 -3.4397E+02 -1.7321E+02
0009995   9.5509E+02  2.4034E+02 -3.4665E+02
0009996   3.6712E+02  2.1104E+02 -4.2386E+02
0009997   8.1679E+02  8.7491E+01  3.2642E+02
0009998   3.3918E+02  4.8396E+02 -1.8915E+02
0009999   7.9986E+02  1.6122E+02 -1.2959E+01
0010000   1.1312E+03  6.1138E+02 -3.5984E+02
0010001   2.3352E+01  3.5859E+02 -1.7629E+02
0010002   1.2097E+03  4.9951E+02 -8.1522E+02
0010003   1.1279E+03  3.0985E+02  3.2174E+02
0010004   1.1842E+03  5.3876E+02 -6.6580E+02
0010005   8.9979E+02  2.8353E+02 -4.8967E+02
0010006   1.2135E+03 -1.9427E+02 -5.5639E+02
0010007   1.0652E+03  5.5829E+02  3.0750E+02
0010008   2.5044E+02  9.2623E+01 -4.1842E+01
0010009   1.2341E+03 -1.4345E+02 -3.6221E+01
0010010   2.0243E+02 -6.1361E+00 -4.1456E+02
0010011   8.2897E+02 -3.7195E+02 -4.6317E+02
0010012   5.3807E+02 -5.5924E+01  3.3895E+01
0010013   1.1055E+03  2.4528E+02 -5.2879E+02
0010014   1.0380E+03  5.1307E+02  3.8733E+02
0010015   5.5612E+02  3.6728E+00 -1.2620E+02
0010016   3.4949E+02 -2.1681E+02  4.6319E+02
0010017   8.9006E+02  3.8965E+02  8.9919E+01
0010018   5.6585E+02 -1.1139E+02 -4.2507E+02
0010019   9.1010E+02  2.3591E+02 -2.2768E+02
0010020   1.9073E+02  4.0668E+01  1.3329E+02
0010021   8.1653E+02  4.6552E+01  4.4327E+02
0010022   1.3361E+03 -3.1021E+02  2.5155E+02
0010023   1.3496E+03  3.8442E+02 -3.6186E+01
0010024   8.3423E+02  2.6867E+02 -3.8189E+02
0010025   3.3198E+02  5.0452E+01 -3.9337E+02
0010026   1.7219E+03 -1.6232E+01 -4.6770E+01
0010027   2.6260E+02 -1.9117E+02 -1.8859E+02
0010028   1.0416E+03 -1.5516E+02 -8.0963E+02
0010029   4.2123E+02 -1.1958E+02  4.0217E+02
0010030   1.0491E+03 -2.6193E+02  6.1738E+01
0010031   8.8561E+02  9.5304E+01  4.9286E+01
0010032   3.8822E+02 -2.7991E+02  4.5849E+02
0010033   6.4567E+02 -2.7101E+01  1.0556E+03
0010034   1.0614E+03 -4.2703E+02  3.1153E+01
0010035   9.0412E+02 -9.4126E+01  4.6703E+02
0010036   1.9760E+02 -5.4818E+02  2.8740E+02
0010037   8.6076E+02 -4.0136E+02  1.7221E+02
0010038   3.8514E+02  2.7194E+02  5.9070E+02
0010039   6.8779E+02  3.6032E+02 -4.3810E+02
0010041   8.6573E+02 -3.6320E+02  4.3232E+02
0010042   7.8691E+02 -7.3775E+02  1.8063E+02
0010043   3.7053E+02  1.5804E+01 -8.4558E+01
0010044   1.1107E+03  6.7066E+01  1.0522E+02
0010045   8.9488E+02  7.9178E+02  4.0612E+02
0010046   1.0127E+03 -1.0019E+02 -1.5398E+02
0010047   1.2172E+03  3.0423E+02  3.8228E+02
0010048   1.5945E+03  4.8595E+02  8.6187E+02
0010049   1.6618E+03 -5.7053E+02 -3.3203E+02
0010050   8.0802E+02  4.0611E+02  4.3314E+02
0010051   1.5391E+02  5.9790E+02  1.6634E+01
0010052   9.2452E+02  1.7447E+02 -2.7726E+02
0010053   5.7283E+02 -1.6716E+02  4.0352E+02
0010054   7.3978E+02 -4.0188E+01 -2.1023E+01
0010056   6.5224E+02  2.1900E+02 -6.0268E+02
0010057   3.9531E+02 -1.7097E+02  1.3456E+02
0010058   7.6874E+02 -1.6880E+01  4.0729E+01
0010059   8.5726E+02 -2.4328E+02 -1.0625E+02
0010060   3.3008E+02 -1.3280E+02  1.2680E+02
0010061   7.6629E+02  2.7912E+02 -8.7981E+02
0010062   1.3051E+03 -2.5308E+02  6.9005E+01
0010063   7.9421E+02  2.0932E+02 -7.2603E+02
0010064   1.3864E+03 -2.4178E+02  2.9975E+02
0010065   5.2270E+02  1.8467E+02  2.2070E+02
0010066   7.3210E+02  2.4375E+02  7.8628E+01
0010067   5.9815E+02  2.8848E+02 -2.2748E+02
0010068   1.2864E+03 -4.2289E+02  3.3099E+02
0010069   6.6762E+02  4.3557E+02  2.5586E+02
0010070   1.0214E+03 -3.6182E+02  1.6115E+02
0010071   6.9356E+02 -4.4083E+01  7.4761E+02
0010072   3.8759E+02  3.5551E+01 -5.8023E+01
0010073   1.4580E+02 -3.2352E+02 -4.0893E+01
0010074   1.3458E+03 -5.4226E+02  3.0154E+02
0010075   6.7451E+02  5.6931E+02  1.0595E+02
0010076   1.0455E+03  9.9479E+01 -4.6840E+02
0010077   5.6522E+02 -2.6583E+02  3.7673E+02
0010078   8.7175E+02  3.8975E+02  2.2402E+02
0010079   1.2116E+03 -5.6311E+02  6.9176E+01
0010080   9.3247E+01  4.7723E+01  5.4160E+02
0010081   1.0921E+03  3.3018E+01 -4.2089E+02
0010082   5.9728E+02  2.2629E+02  6.4545E+00
0010083   5.2138E+02 -2.3132E+02  7.3667E+02
0010084   1.1163E+03 -1.2093E+02  1.4094E+02
0010085   2.4069E+02  1.3754E+02  6.8039E+02
0010086   5.1189E+02 -2.9934E+02 -8.3131E+02
0010087   1.1229E+03  3.6346E+02  1.2116E+02
0010088   5.6123E+02  3.7962E+01 -2.2096E+02
0010089   4.4166E+02 -1.9612E+02  4.2506E+02
0010090   2.4807E+02 -1.4732E+02 -5.8151E+01
0010091   1.2033E+03 -2.2809E+02  2.3291E+02
0010092   5.5162E+02 -1.6692E+02  3.1480E+02
0010093   1.1356E+03  2.2393E+02 -3.0396E+02
0010094   1.0508E+03 -2.7474E+02 -1.1592E+01
0010095   6.2400E+02  3.3079E+02  6.1700E+02
0010096   1.2133E+03  2.9231E+02  7.0064E+00
0010097   5.0216E+02 -2.3506E+01 -2.9370E+02
0010098   5.9103E+02 -1.6504E+02  6.4373E+02
0010099   9.2649E+02  2.3729E+02  2.2969E+02
0010100   6.3997E+02 -5.8652E+02  1.1852E+02
0010101   5.4964E+02  3.0130E+02  7.4627E+01
0010102   1.0614E+03  3.2492E+02 -3.2275E+02
0010103   6.6602E+02 -3.7377E+02  2.4954E+02
0010104   7.9698E+02 -5.2558E+02 -2.0874E+02
0010105   1.4489E+03 -2.5384E+02 -2.8873E+02
0010106   1.0527E+03 -4.0897E+01 -6.0805E+02
0010107   3.6012E+02 -2.1707E+02  2.1141E+02
0010108   8.7294E+02 -2.9520E+01 -4.0159E+02
0010109   5.2890E+02 -2.2133E+02  9.3506E+01
0010110   1.2655E+03 -6.4935E+02 -2.4269E+02
0010111   7.1605E+02 -2.4192E+02 -2.5364E+02
0010112   1.4024E+03  3.5635E+02  2.5997E+02
0010113   5.5314E+02  1.8925E+01  6.7969E+01
0010114   6.7020E+02 -1.0122E+02  2.1156E+02
0010115   5.6543E+02  8.1835E+01 -9.9373E+01
0010116   5.8903E+02 -3.1072E+02  2.0084E+02
0010117   9.7373E+02 -6.4175E+02 -2.8097E+02
0010118   1.2243E+03 -3.9038E+02 -4.5542E+02
0010119   1.1082E+03  9.0848E+02 -4.4523E+02
0010120   1.0791E+03 -1.2250E+03  3.6512E+02
0010121   9.1506E+02 -2.6202E+02 -1.0133E+03
0010122   3.6002E+02 -3.3122E+02 -1.6036E+02
0010123   9.3983E+02  6.8850E+00 -1.5984E+02
0010124   1.0579E+02  8.4873E+02  1.5373E+02
0010125   7.7716E+02  4.2546E+02  3.3643E+01
0010126   1.0223E+03 -3.1364E+02 -1.7027E+02
0010127   1.2796E+02 -4.8461E+02 -1.2104E+02
0010128   4.6210E+02  9.2726E+01 -4.6812E+01
0010129   9.7960E+02 -4.8326E+02  1.7703E+02
0010130   1.2471E+02 -6.1515E+02 -3.1183E+02
0010131   8.9841E+02 -3.5473E+02 -2.1247E+02
0010132   1.1958E+03  1.1571E+01 -3.7368E+02
0010133   5.9149E+02 -5.3904E+02  5.5624E+02
0010134   3.0050E+02  3.2722E+02  1.0844E+02
0010135   9.0982E+02  2.5314E+02  5.6606E+02
0010136   9.4777E+02  2.4498E+02 -2.5223E+02
0010137   3.8367E+02 -7.6924E+02  4.9950E+02
0010138   8.4674E+01 -2.5417E+02  3.7464E+01
0010139   6.2704E+02 -3.5049E+02 -1.1189E+02
0010140   9.1233E+02  1.1272E+02  4.2635E+02
0010141   3.5609E+01 -6.5812E+01  8.7162E+01
0010142   2.3842E+02 -1.3902E+02 -1.1590E+03
0010143   2.5494E+02 -3.7329E+02  2.0391E+02
0010144   1.1388E+02  3.1780E+01 -4.8699E+01
0010145   6.5251E+02 -6.4676E+02 -6.1869E+02
0010146   4.0310E+01  4.4356E+02 -4.5454E+02
0010147   8.0945E+02 -4.9313E+02  1.1467E+02
0010148   9.8434E+02 -2.8133E+02  4.5869E+02
0010149   1.7486E+02 -1.7265E+02 -8.3618E+00
0010150   3.3961E+02 -7.7714E+01  3.8627E+02
0010151   8.5918E+02  1.0376E+02  1.3917E+02
0010152   5.2429E+02  3.5627E+02  1.3152E+02
0010153   7.8658E+02 -5.0740E+01  2.2663E+02
0010154   6.4344E+02  1.5762E+02  5.3249E+02
0010155   3.1249E+02  9.3252E+01  4.7891E+02
0010156   9.6418E+02  2.5976E+02  3.0252E+02
0010157   1.0153E+02 -3.2537E+02 -9.7871E+01
0010158   1.9795E+02  1.2554E+02 -6.8350E+01
0010159   1.0732E+03  3.9721E+02 -1.5150E+02
0010160   7.8704E+02 -3.7866E+01  3.5085E+02
0010161   7.9213E+02 -1.7829E+02 -1.8023E+02
0010162   9.5943E+02  8.0005E+01  7.7034E+02
0010163   3.3123E+02 -3.4726E+02 -1.1150E+03
0010164   1.1076E+03 -3.6315E+02  7.8473E+01
0010165   6.8026E+01 -2.0100E+02  1.2394E+02
0010166   7.8152E+02 -2.9039E+02 -2.4786E+02
0010167   1.1748E+03 -6.0019E+02  5.5746E+02
0010168   1.1993E+03  3.4608E+01 -5.8145E+02
0010169   1.4129E+03 -5.2805E+02 -1.4663E+02
0010170   1.0171E+03 -1.1333E+02  2.4012E+02
0010171   3.4234E+02 -1.0075E+03 -5.9014E+02
0010172   8.1152E+02  3.7719E+02  3.6904E+02
0010173   3.8540E+02  2.3950E+01  2.8688E+02
0010174   7.3058E+02 -3.9285E+02 -2.7658E+02
0010175   1.4866E+03  5.3944E+02  9.0424E+01
0010176   1.2513E+03 -5.7958E+02 -1.8085E+02
0010177   1.0145E+03  4.6286E+02  5.7205E+02
0010178   2.8830E+02  3.9127E+02 -1.1586E+02
0010179   8.3672E+02  5.1803E+02  2.8757E+02
0010180   7.0042E+02  3.5871E+02 -7.2668E+02
0010181   5.4793E+02 -2.4704E+02  1.7437E+02
0010182   2.7125E+02 -7.9044E+02 -3.6900E+02
0010183   1.2775E+03 -9.4022E+01  2.1061E+02
0010184   9.7898E+02 -5.8710E+01 -4.3772E+02
0010185   5.8546E+02  5.5829E+02 -6.5718E+02
0010186   4.8377E+02  3.2966E+02  1.5995E+02
0010187   7.8096E+02  5.8381E+02 -2.2919E+02
0010188   1.5377E+02 -1.5227E+01  6.7949E+01
0010189   5.2886E+02 -4.6288E+02 -2.4812E+02
0010190   8.1196E+02  2.5530E+02 -9.5303E+01
0010191   3.1992E+02 -1.5261E+02 -1.5008E-01
0010192   6.6629E+02  3.3449E+01 -3.7136E+02
0010193   1.0697E+02  1.7506E+02 -8.1489E+01
0010194   6.9641E+02  4.5283E+02  7.8662E+02
0010195   1.1683E+03 -1.1023E+01 -4.5689E+02
0010196   6.1305E+02 -5.6638E+01  9.7716E+01
0010197   6.0863E+02  9.7482E+01 -3.7877E+01
0010198   8.8870E+02  8.2023E+02  7.7217E+02
0010199   6.3681E+02  2.5790E+02 -9.2227E+01
0010200   1.1927E+03  1.1426E+03 -2.2678E+02
0010201   1.2144E+03 -3.7411E+02  3.0642E+02
0010202   7.8460E+02  7.4743E+02 -4.3093E+02
0010203   6.6982E+02  8.5911E+01 -1.0414E+02
0010204   1.2588E+03 -1.7442E+02  3.4332E+02
0010205   1.5195E+03  4.0690E+02 -5.4445E+02
0010206   5.4786E+02 -2.4725E+02  2.6803E+01
0010207   6.0529E+02 -3.5681E+01  3.4274E+01
0010208   3.8162E+02 -2.3241E+02 -2.2374E+02
0010209   1.1904E+03 -4.2391E+01 -2.3748E+02
0010210   5.7084E+02  7.0995E+02 -1.2231E+02
0010211   1.0274E+03 -4.1288E+02  5.7081E+02
0010212   9.0361E+02  2.0495E+02 -3.1660E+01
0010213   1.0302E+03  3.7041E+02 -9.9903E+01
0010214   1.2073E+03 -1.2501E+02  2.2807E+02
0010215   8.4133E+02  2.4561E+02  1.5730E+02
0010216   8.2534E+02  2.3591E+02 -3.3517E+02
0010217   4.5023E+02 -2.4884E+02  5.0521E+02
0010218   8.5570E+02  2.2082E+02  4.4553E+02
0010219   7.3015E+02 -3.7572E+02  2.5911E+02
0010220   1.0522E+03  3.7664E+02 -3.4970E+02
0010221   7.4252E+02  3.9355E+01 -3.3990E+02
0010222   4.6489E+02  7.1875E+01  1.9383E+02
0010223   1.2284E+03 -5.1410E+02  6.5702E+01
0010224   9.5992E+02 -1.6925E+02 -2.1293E+02
0010225   1.0192E+03  1.5965E+01  7.0826E+01
0010227   1.0970E+03  3.5276E+02 -5.0263E+02
0010228   1.3563E+03  3.2076E+02 -2.9916E+02
0010229   6.3112E+02 -1.3983E+02  4.5802E+01
0010230   5.4376E+02  7.0229E+02  5.7184E+02
0010231   8.4769E+02  3.6932E+02 -2.1861E+02
0010232   9.2779E+02  7.4683E+02 -1.0494E+02
0010233   6.0740E+02  1.0144E+02 -2.6807E+02
0010234   1.0818E+03 -2.7388E+01  1.5464E+02
0010235   1.2368E+03 -6.4145E+02 -7.1309E+02
0010236   2.6981E+02  7.8922E+01 -9.5464E+01
0010237   5.6179E+02 -8.0303E+01  1.0640E+02
0010238   3.8094E+02  7.3429E+02 -3.2581E+02
0010239   1.2002E+03 -2.4057E+02 -2.8141E+02
0010240   7.9348E+02  7.3376E+01 -2.6860E+02
0010241   9.4175E+02 -5.0165E+01  2.4156E+02
0010242   8.8020E+01 -2.2230E+02  1.3897E+00
0010243   8.0246E+01  2.4516E+01  7.0026E+01
0010244   1.5066E+03  5.5883E+01  4.5638E+02
0010245   4.8343E+02  2.0512E+01 -1.1522E+03
0010246   1.3991E+03  3.6833E+02 -4.3480E+02
0010247   5.9961E+02  2.7861E+02  3.4680E+02
0010248   9.5512E+02 -2.1560E+02 -1.8278E+01
0010249   7.0468E+02 -4.5965E+02 -2.0873E+02
0010250   3.7334E+02 -3.9262E+00 -3.8023E+02
0010251   5.8838E+02  3.6019E+02  1.3388E+02
0010252   1.1637E+03  5.2812E+01  2.3468E+02
0010253   1.2054E+03  3.2216E+02  8.7727E+01
0010254   7.3891E+02 -1.4856E+02 -4.6162E+02
0010255   9.3177E+02 -2.2185E+02  5.4710E+01
0010256   2.7264E+02 -4.3846E+01  5.0013E+02
0010257   1.1957E+03 -3.6807E+02  2.8501E+01
0010258   1.7041E+02  5.6395E+01  7.9910E+01
0010259   1.3069E+03 -2.5756E+02 -3.3358E+02
0010260   1.0391E+03  4.3696E+02 -3.0211E+02
0010261   1.3864E+03 -7.8091E+01 -1.6991E+02
0010262   8.7757E+02 -4.0804E+02 -6.0408E+01
0010263   1.2285E+03  6.2414E+02 -1.4450E+01
0010264   1.6761E+03  9.2196E+01 -3.0579E+02
0010265   9.5353E+02 -4.6948E+01 -5.6384E+02
0010266   7.9453E+02  5.3601E+01 -7.2317E+02
0010267   1.0997E+03  2.4164E+01  2.1168E+02
0010268   6.3731E+02 -7.3659E+01  1.4921E+02
0010269   5.5763E+02  8.8071E+01  5.6696E+01
0010270   9.0198E+02  5.7804E+02  3.1285E+02
0010271   7.9952E+02 -1.1923E+02  3.8900E+02
0010272   1.0444E+03  2.9424E+02 -6.1627E+02
0010273   1.1981E+03 -4.4018E+02 -3.7370E+02
0010274   5.4130E+02  9.7995E+02 -6.6645E+02
0010275   8.6495E+02 -9.8850E+02  4.5480E+02
0010276   1.7549E+03 -6.0925E+01 -3.4931E+02
0010277   4.3542E+02  2.9365E-02  4.8254E+01
0010278   6.6539E+02 -1.6313E+02 -2.0271E+02
0010279   4.9421E+02  4.1631E+01  4.7706E+01
0010280   3.6192E+02 -3.6087E+02  7.1443E+02
0010281   1.0700E+03 -5.5489E+02 -8.8614E+02
0010282   1.0791E+03 -2.2297E+02  3.1210E+02
0010283   3.7646E+02 -2.4217E+02  1.8954E+02
0010284   7.5789E+02  6.6703E+02  2.6459E+02
0010285   7.1877E+02 -1.1188E+02 -1.4725E+02
0010286   7.6806E+02 -6.2802E+02 -6.3214E+02
0010287   2.9250E+02 -7.1394E+01  2.4665E+02
0010288   1.0377E+03  1.9084E+02 -8.8585E+02
0010289   3.1891E+02  1.1867E+02  1.0216E+02
0010290   6.4196E+02 -5.2318E+02 -4.8109E+01
0010291   4.7429E+02 -2.3238E+02 -1.4172E+01
0010292   1.3696E+03  1.2280E+02  9.6426E+02
0010293   5.5320E+02  1.8898E+02  1.6944E+02
0010294   8.7196E+02  7.2590E+01  4.6077E+02
0010295   8.3307E+02 -1.4249E+02  8.3540E+01
0010296   6.8567E+02 -4.8180E+01 -3.7595E+02
0010297   6.6501E+02  2.2238E+02 -2.0242E+02
0010298   1.3631E+03  7.6622E+02  8.0694E+01
0010299   8.1869E+02 -3.8523E+02 -2.8235E+02
0010300   4.2300E+02  1.2159E+02 -5.5886E+02
0010301   3.7087E+02 -5.3379E+02  1.1164E+02
0010302   1.9640E+02 -7.0523E+01 -2.6184E+01
0010303   9.7873E+02 -2.7126E+02 -2.6767E+00
0010304   2.4996E+02 -1.1505E+01 -2.9865E+02
0010305   7.8927E+02 -6.5918E+02 -2.8147E+02
0010306   1.3747E+03 -1.8443E+02  6.5376E+02
0010307   3.6000E+02 -1.7980E+02 -6.5602E+00
0010308   9.1098E+02 -7.0215E+02  3.0834E+02
0010310   6.7652E+02 -2.5826E+02 -5.8482E+02
0010311   1.1420E+03 -2.4767E+02  8.4573E+02
0010312   1.2207E+03 -4.9858E+02 -2.8867E+02
0010314   7.4890E+02 -9.2093E+01  1.2743E+02
0010315   7.4336E+02 -3.7605E+00  5.4241E+02
0010316   6.8318E+02 -4.1206E+02  1.9891E+02
0010317   5.2357E+01 -8.9859E+01 -4.2124E+02
0010318   6.4853E+02 -3.6840E+02 -6.2398E+02
0010319   5.1366E+02 -8.4365E+02 -4.5949E+02
0010320   7.6782E+02 -2.2735E+02 -6.5663E+02
0010321   8.1761E+02 -1.8873E+01  5.9198E+02
0010322   2.3888E+02  7.5446E+02 -3.6792E+02
0010323   3.7391E+02  1.6526E+02 -3.5434E+01
0010324   1.1088E+03 -8.0433E+01  2.6778E+02
0010325   9.5040E+02 -2.0836E+02 -2.0038E+02
0010326   1.2789E+03  1.0688E+02  5.8102E+02
0010327   7.0926E+02  1.2726E+02 -2.2308E+02
0010328   5.8201E+02  2.4345E+02 -1.8222E+02
0010329   1.1685E+02 -3.9957E+02  6.9475E+01
0010330   4.3390E+02 -3.9640E+02  6.3528E+02
0010331   1.1249E+02  2.3068E+02  1.6060E+02
0010332   1.1162E+03 -1.4046E+02 -2.7135E+02
0010333   1.1279E+03 -2.6587E+02  4.8030E+02
0010334   6.1940E+02  5.7047E+01 -4.7390E+01
0010335   6.5631E+02 -3.2892E+02 -9.8661E+01
0010336   5.8534E+02 -2.2306E+02  7.4411E+02
0010337   1.1796E+03 -3.6230E+02 -1.1297E+02
0010338   3.6816E+02  3.6959E+02  7.3919E+01
0010339   5.0937E+02  1.3691E+02  5.4496E+01
0010340   1.2417E+03 -1.3585E+02  6.2793E+02
0010341   4.3539E+02 -9.9279E+02 -7.5583E+01
0010342   6.5778E+02  7.3203E+01 -1.6238E+02
0010343   1.0120E+03 -6.9921E+01 -7.1850E+02
0010344   1.2168E+02 -1.3235E+02 -2.5604E+00
0010345   5.5135E+02 -1.7337E+02  8.9452E+01
0010346   4.7957E+02  1.0118E+02  7.9787E+01
0010347   9.7275E+02  1.4703E+02  1.9177E+02
0010348   9.5862E+02  8.2977E+02 -3.0214E+01
0010349   1.7776E+02 -4.0758E+01 -1.4111E+02
0010350   9.6623E+02  7.6585E+02 -2.8838E+02
0010351   1.0740E+03 -2.8332E+02  5.5274E+02
0010352   3.4031E+02  2.5098E+02  8.1336E+02
0010353   2.5258E+02 -1.9720E+02 -5.2296E+01
0010354   1.3849E+03 -5.8389E+02  1.5892E+02
0010355   1.2844E+03 -9.2969E+01  2.4776E+01
0010356   5.8742E+02 -5.6744E+02 -2.4898E+02
0010358   6.5072E+02  1.6484E+02 -5.4145E+01
0010359   8.7187E+02  3.8521E+02  6.1266E+02
0010360   6.9280E+02  1.8401E+02 -2.6483E+02
0010361   7.4862E+02  1.9838E+02 -3.7576E+02
0010362   1.6247E+02 -7.1160E+01  7.5196E+00
0010363   7.1905E+02 -2.5713E+00  5.2919E+02
0010364   4.9295E+02  5.8486E+01  2.1741E+02
0010365   4.3430E+02 -9.1014E+01 -3.3150E+02
0010366   7.7837E+02  4.1189E+02  8.5139E+01
0010367   7.0628E+02  6.0555E+01  8.4954E+02
0010368   1.0735E+03  2.7476E+02  4.9058E+02
0010369   6.6870E+02 -2.1363E+02  8.1488E+02
0010370   7.1393E+02 -1.1551E+02  3.3432E+02
0010371   5.3945E+02 -2.9917E+02  6.7952E+00
0010372   2.0711E+02  2.4842E+01 -2.3043E+02
0010374   8.9170E+02  1.1984E+02 -3.3303E+02
0010375   8.0875E+02 -4.2108E+02  5.8270E+02
0010376   7.0557E+02  4.0950E+02 -6.8602E+02
0010377   6.4093E+02  2.7623E+02  9.0770E+02
0010378   9.7257E+02 -2.6052E+02 -7.2077E+02
0010379   1.3398E+03  4.8041E+01 -3.2208E+02
0010380   1.2895E+03  4.4440E+00  1.3389E+02
0010381   8.3419E+02  2.4530E+02 -3.6066E+02
0010382   7.9674E+02 -2.0825E+02  1.0736E+01
0010383   1.2240E+03 -5.8841E+02  1.6101E+02
0010384   3.2136E+01  2.1598E+02  1.5497E+02
0010385   5.8283E+02  2.1037E+01 -1.3952E+02
0010386   1.1215E+03 -3.8029E+02 -5.6109E+02
0010387   1.5105E+03 -3.9656E+01  1.3092E+02
0010388   3.5075E+02 -3.3897E+02  1.8237E+02
0010389   8.5499E+02 -4.0500E+02 -4.7361E+02
0010390   4.3758E+02 -3.8179E+02  2.3129E+01
0010391   9.3352E+02  4.2820E+02 -5.2408E+02
0010392   8.4670E+02 -3.6204E+02 -3.6532E+02
0010393   3.5394E+02  1.9389E+02 -4.3329E+02
0010394   9.0037E+02  1.5972E+02  4.1593E+02
0010395   8.0932E+02 -7.3147E+01  5.4519E+02
0010396   4.7847E+02  3.9441E+02  1.0284E+02
0010397   8.5525E+01 -2.1687E+02  3.9534E+02
0010398   3.5110E+02 -3.5370E+02 -4.9438E+02
0010399   7.8457E+02 -2.8187E+02 -4.1940E+02
0010400   9.7257E+02  3.8538E+01  2.5050E+02
0010401   1.4419E+02 -1.8729E+02 -2.1681E+01
0010402   6.4045E+02  4.0475E+01 -5.5353E+02
0010403   5.4307E+02 -4.8658E+02 -2.9327E+02
0010404   3.9034E+02  2.8076E+02  1.9454E+02
0010405   8.2996E+02  1.1009E+02 -6.8645E+02
0010406   9.7039E+02 -1.0231E+02  1.3668E+02
0010407   5.3148E+01 -4.3459E+02 -4.7479E+02
0010408   3.5720E+02 -1.2402E+02 -9.8555E+01
0010409   8.1149E+02 -2.5007E+02 -6.0900E+02
0010410   8.9140E+02  1.0138E+02  1.6928E+02
0010411   7.7485E+02  6.2157E+02  7.0842E+01
0010412   1.3545E+03  3.6418E+01  1.2709E+02
0010413   9.7330E+02 -2.7229E+02  2.1108E+02
0010414   3.6805E+02 -3.5900E+02  2.8584E+02
0010415   1.0165E+03  5.6742E+02 -5.4575E+02
0010416   1.2147E+03  4.8541E+02 -6.0157E+02
0010417   8.8740E+02  4.6479E+02  5.3308E+01
0010418   1.0883E+03 -4.9472E+01 -3.0419E+02
0010420   8.0492E+02 -2.8407E+02  2.3718E+02
0010421   5.1565E+02  2.1548E+02  9.9093E+00
0010422   6.4682E+02  9.0929E+01 -7.7979E+02
0010423   5.2876E+02 -7.0410E+01  1.2188E+02
0010424   1.1882E+03 -6.1273E+02 -5.6802E+02
0010425   4.7521E+02 -2.6289E+02 -4.9455E+02
0010426   6.7674E+02  1.1182E+02  6.1942E+02
0010427   7.0205E+02  1.2838E+02 -1.9719E+02
0010428   9.6975E+02  8.9102E+00  9.8947E+01
0010429   5.1877E+01 -2.8994E+02  4.2655E+01
0010430   8.3910E+02  2.7883E+02 -4.3310E+02
0010431   5.1380E+02 -4.4606E+02  8.9467E+02
0010432   9.8845E+02 -1.2617E+02  4.9315E+02
0010433   7.0238E+02  3.1892E+02 -3.6022E+02
0010434   7.5818E+02 -2.8578E+02 -2.9292E+02
0010435   4.6629E+02  2.0033E+02 -5.3428E+01
0010436   8.8040E+02  2.0481E+02  6.6554E+01
0010437   8.8179E+02 -2.0060E+02  3.2945E+02
0010438   9.2732E+02 -1.5434E+02  3.5163E+02
0010439   1.0557E+02 -1.7104E+02 -1.4809E+02
0010441   1.3241E+03  1.4879E+02 -3.0240E+00
0010442   5.8944E+02  9.0281E+01  7.0201E+02
0010443   5.8205E+02 -4.4987E+02 -3.1364E+01
0010444   9.0771E+02  3.7614E+02  7.4275E+01
0010445   9.9344E+01  2.2049E+01 -9.2440E+01
0010446   5.0685E+02 -4.2713E+02 -1.6147E+02
0010447   1.4609E+03  6.3633E+01  3.7662E+01
0010448   5.9958E+02  2.3433E+02 -2.9246E+02
0010449   6.2405E+02 -4.6379E+02  6.6632E+01
0010450   7.4378E+02 -6.9689E+02 -1.9796E+02
0010451   7.8309E+02  3.0974E+02  1.6901E+02
0010452   5.0120E+02 -1.6066E+02  1.9372E+02
0010453   1.1605E+03  2.5100E+02  6.7048E+02
0010454   1.4212E+03  7.5267E+02  5.7799E+02
0010455   6.1347E+02  3.2809E+02  3.3039E+01
0010456   6.6850E+02 -9.3125E+02 -1.1680E+02
0010457   5.5857E+02  2.3446E+02 -2.7797E+02
0010459   6.6126E+02  1.1121E+02  2.6647E+02
0010460   6.6979E+02  6.2642E+02 -2.5060E+01
0010461   2.1050E+02  3.7172E+02  5.4117E+02
0010462   4.9158E+02  5.3203E+02  1.7599E+02
0010463   1.4220E+03  6.2136E+02  2.9855E+02
0010464   3.2140E+02 -5.2921E+01 -2.3812E+02
0010465   1.0790E+03 -3.9770E+02  8.0958E+01
0010466   6.0645E+02 -1.0242E+03  1.3859E+02
0010467   1.2102E+03  2.8808E+02 -4.5186E+02
0010468   9.8092E+02  4.6675E+01 -3.8176E+02
0010469   6.9493E+02 -8.4603E+00 -1.2891E+02
0010470   4.7808E+02 -2.6187E+01  1.1817E+01
0010471   9.7974E+02  8.3442E+02  2.4263E+02
0010472   3.4888E+02 -5.9067E+02 -8.5700E+01
0010473   8.4301E+02 -4.4429E+02 -6.0950E+01
0010474   1.8965E+03 -3.6653E+02 -3.0787E+01
0010475   9.0368E+02  2.1545E+02  6.8073E+01
0010476   5.0421E+02 -7.6721E+00 -1.1942E+02
0010477   9.1414E+02 -2.9119E+02 -2.4796E+02
0010478   9.7101E+02 -3.1157E+01 -1.1346E+02
0010479   3.0815E+02  2.2684E+02  5.1074E+02
0010480   3.4550E+02 -1.0384E+02 -5.8679E+02
0010481   4.5430E+02  4.9608E+02 -8.7771E+01
0010482   8.4511E+02  3.9335E+02 -6.2393E+01
0010483   7.5015E+02 -3.4409E+02  1.9113E+02
0010484   7.0428E+02  1.9136E+02  7.5499E+02
0010485   1.3126E+03  3.5039E+02  1.8833E+02
0010486   1.3338E+03  1.6232E+02 -4.8657E+02
0010487   3.3493E+02 -4.7549E+02  3.4858E+02
0010488   2.5479E+02 -1.4271E+02  1.8685E+02
0010489   1.3448E+02  1.4578E+02 -5.5149E+02
0010490   5.6995E+02  5.8692E+01 -6.8436E+01
0010491   9.9889E+02  1.7435E+02 -8.1885E+01
0010492   4.9957E+02 -3.4457E+01  1.6097E+02
0010493   7.8953E+02 -2.6322E+02 -6.2493E+02
0010494   8.4947E+02  2.5632E+02  8.7707E+01
0010495   1.2703E+03  4.9584E+02  3.6116E+02
0010496   1.3364E+03 -4.4994E+01  2.5058E+02
0010497   8.7505E+02 -4.7589E+01 -3.1639E+02
0010498   8.7220E+02 -2.9994E+02  1.3057E+02
0010499   1.0720E+03 -3.7098E+02  2.5238E+02
0010500   1.1183E+03 -8.9708E+02 -1.1656E+02
0010501   8.3292E+02 -4.4557E+01 -1.2483E+02
0010503   1.2852E+03  4.6360E+01  6.9859E+02
0010504   7.1362E+02  9.3006E+01 -4.1855E+02
0010505   4.2629E+02  1.7693E+02 -1.6476E+01
0010506   1.1721E+02  7.8267E+01  8.3514E+01
0010507   7.0900E+02 -1.4659E+02  7.3567E+01
0010508   7.0855E+02 -5.9889E+01 -1.8959E+02
0010509   4.8330E+02 -6.2055E+02  7.5320E+02
0010510   8.3515E+02 -6.1444E+02  9.9363E+01
0010511   5.7086E+02  3.6486E+01  1.5380E+02
0010512   8.3846E+02 -2.5282E+02  3.5731E+02
0010513   9.6783E+02 -1.5782E+02 -3.2307E+02
0010514   2.5197E+02  2.3665E+02  2.7839E+02
0010515   1.1858E+03 -1.4355E+02 -4.3521E+02
0010516   1.3163E+02 -9.8635E+00  4.4947E+01
0010517   4.6389E+02  3.2678E+02 -3.1028E+01
0010518   5.8835E+02  3.9034E+01  2.1826E+02
0010519   1.0416E+01  1.5593E+02 -1.1739E+02
0010520   2.8445E+02  2.0598E+02  2.2820E+02
0010521   4.1972E+02  1.6393E+02 -3.9486E+02
0010522   8.6024E+02 -1.7316E+02 -5.5188E+02
0010523   4.3099E+02  4.7241E+02 -1.9569E+02
0010524   1.0602E+02 -3.8673E+02  2.8714E+02
0010525   1.1700E+03 -3.8119E+02  1.2885E+02
0010526   1.2065E+03 -2.1189E+01 -2.2624E+02
0010527   5.9222E+02  1.5007E+02 -1.3461E+02
0010528   6.1309E+02  9.3170E+02  1.2947E+02
0010529   7.0494E+02  9.3136E+01  2.2920E+02
0010530   7.7454E+02 -6.2698E+02  4.7280E+02
0010531   1.1503E+03  4.1841E+02  9.0836E+00
0010532   7.4650E+02 -7.2310E+01 -1.9410E+02
0010533   5.3654E+02 -6.8341E+02 -7.0950E+02
0010535   3.9279E+02  2.5916E+02 -4.0458E+01
0010536   1.1043E+03 -4.3604E+02  3.4281E+02
0010537   1.4068E+03  2.0451E+02 -6.0397E+01
0010538   1.1423E+03 -3.8735E+02 -4.5985E+02
0010539   1.4311E+03 -1.5721E+02 -5.0769E+02
0010540   2.9230E+02  5.6611E+01  2.4180E+01
0010541   6.0336E+02 -6.3290E+02 -3.7759E+01
0010542   6.1538E+02  7.9157E+02 -2.8775E+00
0010543   2.5245E+02  2.9397E+01 -5.0559E+01
0010544   8.1821E+02 -3.8261E+00 -2.2609E+02
0010545   1.3065E+03  2.6122E+02 -3.9559E+02
0010546   4.8865E+02  5.0901E+02 -1.6371E+02
0010547   5.4152E+02 -7.4747E+01  6.9566E+01
0010548   9.7979E+02 -5.3674E+01  1.1949E+02
0010549   5.3208E+02  4.3781E+02  7.6135E+02
0010550   5.1542E+02 -6.4336E+02 -1.1937E+02
0010551   5.4387E+02  1.8407E+02  3.7215E+02
0010552   6.9996E+02 -9.0627E+02 -3.7409E+02
0010553   1.3243E+03 -2.7120E+02 -1.8895E+02
0010554   3.0922E+02 -2.2188E+02 -5.1720E+02
0010555   7.9048E+02  1.6175E+02 -1.5816E+01
0010556   9.2710E+02 -3.9132E+02 -6.4711E+01
0010557   6.2390E+02  1.9178E+01  4.0009E+02
0010558   6.6950E+02 -3.7221E+02 -3.8143E+02
0010559   5.1160E+02 -1.4140E+02 -1.5069E+02
0010560   9.2863E+02  2.6965E+02 -1.2694E+02
0010561   7.5224E+02  4.7560E+01  4.0971E+02
0010562   6.4094E+02 -6.0343E+02 -4.7017E+02
0010563   3.8496E+02 -5.0022E+01  8.5498E+01
0010564   1.2781E+03 -7.1654E+02 -1.8342E+02
0010565   5.1873E+02 -1.9315E+02  3.5224E+02
0010566   2.5414E+02 -3.7830E+02 -2.3249E+02
0010567   1.3392E+02  1.3628E+02  3.3188E+02
0010568   6.9701E+02 -2.3595E+01  4.3263E+02
0010569   1.6141E+02  1.4450E+02 -1.4475E+02
0010570   1.3228E+03 -4.5137E+01  4.5847E+02
0010571   1.9730E+02 -1.9976E+02 -2.5570E+01
0010572   8.9924E+02  4.6595E+02 -5.7008E+02
0010573   5.0504E+02  9.5058E+02 -3.4736E+02
0010574   4.5605E+02  6.2996E+01  6.7516E+02
0010575   5.9397E+02  1.3729E+02 -1.0078E+02
0010576   1.0886E+03 -1.4532E+02  1.6664E+02
0010577   4.2260E+02  2.0419E+02  2.5572E+02
0010578   1.2761E+03  1.3034E+02  6.2957E+01
0010579   7.5750E+02 -5.6978E+01  3.0205E+02
0010580   6.7628E+02 -8.5302E+02  7.0121E+02
0010581   5.8907E+02  3.4293E+02 -4.9984E+02
0010582   1.4991E+03  3.6587E+02 -1.6083E+02
0010583   1.2537E+03  3.6759E+02  2.3342E+02
0010584   8.6847E+02 -1.5731E+02  5.3471E+02
0010585   7.2592E+02  6.7493E+02 -3.6228E+02
0010586   3.7258E+02  2.4124E+01  9.3767E+00
0010587   1.0005E+03 -5.8641E+02  3.1342E+02
0010588   8.6411E+02 -4.0892E+02 -3.8266E+02
0010589   6.4223E+02 -1.1095E+02 -9.7132E+02
0010590   6.0611E+02  7.5787E+02 -6.1569E+02
0010591   2.3093E+02 -4.7895E+02  1.9657E+02
0010592   1.1221E+03 -1.3674E+02  2.1987E+02
0010593   6.1563E+02  1.4542E+02 -5.6696E+02
0010594   6.0209E+02 -2.9867E+01  1.2075E+02
0010595   1.0861E+03  1.5146E+02  9.1625E+01
0010596   7.6137E+02  2.1862E+01  2.2223E+02
0010597   2.3144E+02  6.9552E+01 -1.8895E+02
0010599   7.9553E+02 -4.9587E+02  1.5302E+02
0010600   7.2495E+02  1.4286E+02 -7.9079E+01
0010601   9.7247E+02  1.4042E+02  3.2709E+02
0010602   5.2546E+02  2.3417E+02  3.4831E+01
0010603   9.5369E+02  2.2215E+02 -4.5444E+02
0010604   9.7424E+02 -1.6057E+02  7.9955E+02
0010605   8.3862E+02  3.7314E+01  2.3869E+02
0010606   3.6999E+02  1.6459E+02 -3.1097E+00
0010607   7.1048E+01 -6.9835E+02  4.4527E+02
0010608   4.2136E+02 -2.8628E+02  2.9645E+02
0010609   8.4544E+02  1.5109E+02  2.1573E+02
0010610   9.6562E+02 -2.9242E+02 -4.4190E+01
0010611   9.7891E+02  3.5060E+02  4.2233E+02
0010612   4.2350E+02 -1.9477E+02  1.6399E+02
0010613   1.0890E+03  1.4507E+02 -7.6643E+02
0010614   8.2470E+02  9.1702E+01  2.6553E+02
0010615   4.2980E+02 -1.1603E+02  1.1494E+02
0010616   1.1800E+03 -1.3854E+01  2.1051E+02
0010617   9.1973E+02  6.2090E+01 -2.9802E+02
0010618   3.8869E+02 -4.4421E+02 -1.9243E+02
0010619   7.0782E+02  3.3779E+02 -2.6148E+02
0010620   7.9968E+02 -2.5288E+02  7.8412E+01
0010621   8.5451E+02  1.9690E+01 -2.5798E+02
0010622   8.5930E+02  3.1728E+02  3.1580E+02
0010623   7.4613E+02 -3.7089E+02  1.9597E+02
0010624   9.4848E+02  5.7203E+02  5.7935E+02
0010625   8.7382E+02  3.0404E+02  5.4131E+02
0010626   8.7727E+02  7.5822E+01  3.1178E+02
0010627   6.2722E+02 -2.2513E+01 -4.5384E+01
0010628   4.3205E+02 -1.2086E+02 -2.7589E+02
0010629   3.4239E+02 -4.2182E+01 -4.7045E+02
0010630   3.3579E+02 -3.0076E+02  3.6079E+02
0010631   9.4683E+02 -4.7627E+02  6.0071E+02
0010632   3.3147E+02 -3.8887E+02 -7.6091E+01
0010633   1.4597E+03  5.4183E+02  4.5646E+01
0010634   5.0350E+02  2.3248E+02  1.1872E+02
0010635   7.9596E+02 -1.2038E+02 -4.3021E+02
0010636   1.1911E+03 -4.8367E+02 -1.4870E+02
0010637   9.7754E+02  3.2440E+02  4.9190E+02
0010638   4.3221E+02  1.0211E+03  3.0309E+02
0010639   5.2554E+02 -3.5548E+02 -5.0502E+02
0010640   7.1767E+02  5.3550E+01 -7.4315E+02
0010641   5.5775E+02  8.6652E+01  4.3529E+02
0010642   3.5435E+02  8.4951E+01  7.4241E+02
0010643   6.9000E+02 -2.6862E+02 -3.9648E+02
0010644   5.4763E+02  1.6910E+02  4.3896E+02
0010645   8.8434E+02  2.8990E+02 -4.5039E+02
0010646   9.1629E+02 -1.3559E+02  5.6848E+01
0010647   9.2915E+02 -2.5170E+02 -7.2763E+02
0010648   7.9347E+02 -8.3209E+01 -1.4362E+02
0010649   9.2406E+02 -8.5154E+01  3.8438E+02
0010650   8.8868E+02  6.6794E+02  7.7037E+02
0010651   6.2865E+02  2.4354E+02 -3.5326E+02
0010652   1.2655E+03 -4.9216E+02  4.8042E+01
0010653   5.9780E+02 -5.6418E+02  1.7148E+02
0010654   7.9693E+02  5.5272E+02  5.6673E+01
0010655   1.0207E+02 -2.6946E+02 -5.6897E+00
0010656   9.3346E+02 -2.1453E+02  2.8145E+02
0010657   7.0541E+02 -8.0019E+02 -2.9875E+02
0010658   3.4325E+02 -5.0847E+01 -8.9423E+02
0010659   7.3863E+02 -4.5772E+00 -8.2976E+02
0010660   1.7724E+02 -1.3520E+02 -4.1192E+02
0010661   1.1706E+03  3.3201E+01  2.3187E+02
0010662   1.3581E+03  5.9256E+02  1.0022E+02
0010663   5.3769E+02 -5.7177E+02  5.4939E+01
0010664   7.7100E+02 -4.1990E+02 -2.1867E+01
0010665   3.8713E+02 -2.3119E+02  1.5849E+02
0010666   4.5840E+02  1.5728E+02  1.6154E+02
0010667   9.7425E+02 -4.2291E+02  3.4256E+02
0010668   1.2017E+03 -3.2193E+02 -1.5474E+02
0010669   8.0745E+02  3.4006E+02 -4.0070E+02
0010671   8.7975E+02 -6.0828E+01 -3.4106E+02
0010672   7.3968E+02  4.5682E+02  8.8191E-01
0010673   1.4430E+03  1.0927E+02 -4.5741E+02
0010674   4.5076E+02 -5.3825E+01  4.1913E+02
0010675   5.0210E+02 -3.9318E+02 -7.1821E+02
0010676   9.4596E+02  2.2938E+02 -1.3211E+02
0010677   7.1889E+02  3.4754E+01  4.6683E+01
0010678   7.9933E+02 -8.8371E+02  1.9387E+02
0010679   7.0933E+02  2.0466E+02 -5.1882E+02
0010680   7.5115E+02  5.9127E+02  2.5024E+02
0010681   8.4228E+02 -1.9756E+02  4.1844E+02
0010682   1.3379E+02  8.2297E+01 -5.7909E+01
0010684   4.6677E+02 -3.4416E+02  4.3470E+02
0010685   8.8528E+02 -4.5569E+02 -2.6562E+02
0010686   5.8879E+02 -1.1859E+02 -1.8420E+01
0010687   7.3786E+02  3.3834E+02  1.1751E+02
0010689   2.5108E+02 -1.1172E+02  4.6038E+02
0010690   8.9546E+02  1.2887E+01 -1.0413E+02
0010691   5.3135E+02 -6.9474E+01  7.7928E+01
0010692   4.1195E+02 -3.3601E+01 -5.9546E+01
0010693   7.8239E+02  1.8112E+02  9.2398E+01
0010694   7.5569E+02  8.4223E+01 -2.3439E+02
0010695   2.0967E+02 -4.4569E+02  9.4730E-01
0010696   8.5917E+02  6.4335E+02 -3.2088E+02
0010698   6.3920E+02  3.7610E+02 -1.9658E+02
0010699   7.1317E+02 -3.3919E+02  1.7750E+02
0010700   6.9774E+02  1.5351E+02  3.6181E+02
0010701   1.0908E+02 -1.8172E+02 -3.3253E+02
0010703   6.9273E+02 -1.4744E+02  5.8746E+01
0010704   6.7015E+02 -3.7304E+02  7.7538E+01
0010705   6.3346E+02 -2.8882E+02 -1.1826E+01
0010707   1.1871E+02  1.6132E+02 -4.5581E+02
0010708   9.0362E+02 -4.9838E+02 -2.5061E+02
0010709   3.0379E+02 -6.0572E+01 -2.3028E+01
0010710   9.2300E+02 -1.5515E+01 -2.1526E+01
0010711   9.1420E+02 -3.7396E+01 -3.9448E+02
0010712   1.0584E+03 -1.9712E+02 -2.5426E+02
0010713   1.5073E+03 -5.2614E+02  3.4511E+01
0010714   1.5413E+03 -4.0221E+02 -3.2341E+02
0010715   1.1377E+03 -2.0490E+02  7.2070E+01
0010716   6.0381E+02  2.5920E+02 -5.1277E+01
0010717   3.8162E+02  5.7132E+01  1.4283E+01
0010718   3.0198E+02 -3.0109E+02  8.5331E+02
0010719   1.5702E+03 -2.4094E+02 -6.0487E+02
0010720   1.1424E+03 -1.1534E+02  3.5182E+02
0010721   7.9865E+02 -3.6016E+02  4.7663E+02
0010722   2.9314E+02 -1.0851E+02 -9.5793E+02
0010723   7.9861E+02  1.3435E+02  8.6422E+00
0010724   6.3349E+02 -4.1123E+02  5.3460E+02
0010725   1.1765E+03 -2.6804E+02 -4.3542E+02
0010726   2.9328E+02  2.7267E+02 -4.8122E+01
0010727   1.1462E+03 -2.6279E+02  8.1990E+01
0010728   6.5380E+02  4.9125E+02  1.7754E+02
0010729   5.1523E+02  6.9140E+02 -2.6340E+02
0010730   1.4858E+03 -4.0175E+02  2.4212E+01
0010731   2.3301E+02  4.3423E+02 -1.1885E+02
0010732   4.1043E+02  4.8531E+02 -7.3522E+00
0010733   4.2386E+02 -1.5127E+02  4.5622E+02
0010734   8.0825E+02 -3.5634E+02  3.3606E+01
0010735   2.1609E+02  1.3277E+02 -5.8778E+00
0010736   6.1494E+02 -1.1259E+03 -2.3234E+02
0010737   8.9557E+02 -5.9609E+02 -1.8098E+02
0010738   6.5052E+02  3.4200E+02  1.7791E+02
0010739   7.7450E+02 -2.5979E+02  1.7812E+02
0010740   7.6119E+02  3.6484E+02  2.3544E+02
0010741   3.9701E+01 -2.3852E+02 -6.1891E+02
0010742   7.1819E+02 -7.5695E+01  7.1851E+02
0010743   4.1251E+02 -4.6487E+01 -6.0982E+01
0010744   5.8045E+02 -2.7669E+02 -1.4776E+02
0010745   5.5526E+02  1.9666E+02 -1.8282E+02
0010746   1.1762E+02 -2.2787E+02 -8.6026E+01
0010747   9.3804E+02 -1.4577E+01 -8.0565E+02
0010748   9.1912E+02 -3.5998E+02 -2.3089E+02
0010749   9.1544E+01 -5.8493E+01  4.8590E+02
0010750   5.4132E+02  2.8537E+01  2.5514E+02
0010751   1.1957E+03 -1.0873E+02 -9.9778E+01
0010752   1.1194E+03 -1.8822E+02  5.8212E+02
0010753   1.4905E+02 -9.2269E+02  4.6787E+02
0010754   2.2676E+02  1.7584E+01  3.1867E+02
0010756   4.8027E+02  1.7063E+02  8.4461E+02
0010757   7.2548E+02  6.1968E+01  6.0218E+02
0010758   6.1508E+02 -9.5407E+01  4.1918E+02
0010759   8.6557E+02 -2.7105E+02 -3.1714E+02
0010760   2.1377E+02 -2.3558E+02 -2.6889E+02
0010761   6.0347E+02  3.7139E+01 -9.9709E+01
0010763   1.2627E+03 -1.0370E+02 -2.3797E+02
0010764   8.7290E+02  4.6191E+01 -2.1684E+02
0010765   1.2554E+03 -4.9439E+02  1.4197E+02
0010766   4.2965E+02  2.9349E+01 -8.4462E+02
0010767   6.7660E+02 -3.7230E+02 -3.2698E+01
0010768   6.3105E+02  4.2795E+02 -4.9401E+02
0010769   2.1092E+02 -1.9899E+00 -9.5754E+01
0010771   9.0152E+02 -1.4309E+02 -1.6897E+02
0010772   1.0925E+03 -3.4892E+02  2.2276E+02
0010773   8.1528E+02  1.5877E+02 -1.5545E+02
0010774   1.2962E+03  3.0902E+01 -5.0868E+02
0010775   5.8198E+01 -3.3047E+02  8.2060E+02
0010776   2.6723E+02  4.7274E-01 -2.3079E+02
0010777   1.1786E+03  4.4356E+02  3.0637E+01
0010778   1.6318E+02  2.2083E+02  7.4445E+02
0010779   9.5634E+02 -6.3188E+01 -2.5730E+02
0010780   1.5491E+03  4.0624E+01  2.8977E+02
0010781   9.8287E+02  2.9021E+02 -1.3625E+02
0010782   1.3750E+03 -8.0589E+02  1.8397E+02
0010783   1.3836E+03 -1.9380E+02 -1.2473E+02
0010784   1.1111E+03  8.2039E+02  2.0926E+02
0010785   1.1848E+03  6.0338E+02 -3.0958E+02
0010786   7.4249E+02  4.3177E+01  1.2685E+02
0010787   8.8862E+02  5.1809E+02  4.2420E+02
0010788   5.8433E+02 -4.0010E+02  9.2886E+01
0010789   9.0757E+02 -1.2738E+02 -5.4832E+02
0010790   2.8345E+02  7.8675E+02  1.6765E+02
0010791   1.5655E+02  2.3070E+02  3.4674E+02
0010793   4.8172E+02  5.0144E-01  3.6171E+01
0010794   3.5899E+02 -7.1004E+01 -3.1929E+02
0010795   1.2784E+03  1.9974E+02  3.8222E+02
0010796   1.5175E+02  1.0351E+02  1.6163E+02
0010797   1.0669E+03 -4.3415E+02  2.6416E+02
0010798   9.1855E+02  3.2352E+02  2.8968E+02
0010799   6.9776E+02 -3.5515E+02 -1.8762E+02
0010800   2.0605E+02 -1.8869E+02 -6.9166E+02
0010801   1.5403E+02 -2.2289E+02  5.3456E+00
0010802   4.9928E+02  1.4463E+02 -1.1804E+02
0010803   1.2611E+03  3.5290E+02  2.0622E+02
0010804   8.7547E+02  1.2320E+02 -4.1889E+02
0010805   4.9227E+02  5.8481E+02 -1.2463E+02
0010806   8.2859E+02 -3.1750E+02  1.7660E+02
0010807   1.3851E+03 -1.1183E+02 -4.5922E+02
0010808   8.0781E+02  3.2246E+02 -6.1975E+01
0010809   1.0839E+03  5.2302E+02  2.6523E+01
0010811   1.1255E+03 -7.8982E+01  3.0292E+02
0010812   5.8584E+02 -1.1348E+02 -2.5811E+02
0010813   4.8458E+01 -6.9331E+02 -2.8770E+02
0010814   8.8707E+02 -1.9870E+00  1.2319E+02
0010815   3.2121E+02 -1.9148E+02  1.1414E+02
0010816   1.5108E+03  2.9348E+02 -4.8873E+02
0010817   7.0563E+02 -3.3532E+02  1.0857E+02
0010818   5.2713E+02  1.5163E+02 -5.5547E+01
0010819   6.8773E+02 -1.3401E+02 -1.2747E+02
0010820   8.3914E+02 -1.0845E+02  1.9245E+02
0010822   1.0974E+03 -3.9064E+02 -4.3086E+02
0010823   1.1102E+03 -6.2542E+01  2.1951E+02
0010824   1.0159E+03  2.4172E+02 -3.6984E+01
0010825   1.1351E+03 -2.2198E+02  9.0880E+02
0010826   9.2962E+02  5.5352E+02 -4.7601E+02
0010827   6.5781E+02  3.2503E+02  2.3205E+02
0010828   9.7748E+02  1.6059E+02  6.9821E+01
0010829   5.3266E+02  2.1814E+02  4.9579E+01
0010830   4.0371E+02 -6.4620E+01 -9.9488E+02
0010831   2.0918E+02  1.1016E+02  1.2187E+02
0010832   5.2235E+02  2.7339E+02 -1.9306E+02
0010833   8.9505E+02 -3.0732E+01 -2.8421E+02
0010835   1.0533E+03  4.1860E+02 -1.4615E+02
0010836   3.0397E+02 -8.7984E+01 -1.1697E+02
0010837   1.2072E+03 -7.9823E+01  4.9927E+01
0010838   8.8654E+02 -1.5757E+02 -2.1294E+02
0010839   5.7257E+02 -1.6765E+01 -2.1893E+01
0010840   1.2331E+03 -3.5452E+02  9.4375E+01
0010841   1.2035E+03 -4.5515E+01  4.0551E+02
0010842   7.8193E+02  1.1167E+02 -8.0697E+01
0010843   8.2996E+02 -4.9917E+02 -5.9146E+02
0010844   1.3541E+03  1.3152E+02 -3.6206E+01
0010845   1.1557E+03 -9.5106E+01  9.8714E+01
0010846   4.0073E+02 -1.9340E+02  3.3044E+02
0010847   6.7812E+02 -7.1243E+02 -6.9331E+01
0010848   8.6332E+02  5.2688E+02 -5.4512E+02
0010849   7.3908E+02 -4.4712E+02 -1.3108E+02
0010850   1.2374E+02 -6.0647E+01  1.9943E+02
0010851   1.0981E+03  4.5178E+02  1.3626E+02
0010852   1.1484E+03  7.8941E+02 -2.4567E+02
0010853   5.5133E+02  3.1349E+01 -9.0155E+01
0010854   1.0030E+03 -1.2627E+02  2.4585E+02
0010855   1.5245E+03 -3.9397E+02  9.5342E+01
0010856   8.4764E+02  2.2010E+02  9.1919E+01
0010857   4.4586E+02 -7.2070E+02  2.6886E+02
0010858   4.0073E+02 -3.0283E+02  1.0229E+02
0010859   1.0878E+03  5.0694E+02 -1.8383E+02
0010860   2.7454E+02 -2.4709E+02  7.4057E+01
0010861   1.7146E+03  3.7352E+01 -5.5876E+01
0010862   1.2661E+03 -3.2418E+02 -1.0223E+03
0010863   8.9773E+02 -1.9870E+02 -1.2829E+02
0010864   2.1008E+02 -4.8407E+02  8.4845E+02
0010865   7.8755E+02 -6.7388E+02 -1.1045E+02
0010866   4.6918E+02  4.3660E+02  3.9732E+02
0010867   1.3102E+03 -3.8379E+02  3.9893E+02
0010868   7.5158E+02 -1.9689E+02  2.5162E+02
0010869   1.3905E+03  3.2803E+02  4.3349E+01
0010870   8.1232E+02 -2.6389E+01 -2.2775E+02
0010872   2.3288E+02 -8.8649E+01  2.1609E+02
0010873   6.2052E+02 -1.2191E+02 -6.1503E+02
0010874   5.5134E+02  5.0257E+02  5.4334E+02
0010875   2.5923E+02  6.3816E+02 -3.7352E+02
0010876   8.6065E+02  2.9195E+02  1.4827E+02
0010877   5.1682E+02  5.3866E+02  4.5811E+01
0010878   5.7430E+02  4.0745E+02  7.1888E+02
0010879   7.2333E+02  2.2384E+02  3.0229E+02
0010880   3.5995E+02  1.5468E+02  3.9273E+02
0010881   5.8218E+02  6.6587E+01  5.2347E+01
0010882   9.1576E+02  1.8392E+02  3.4714E+02
0010883   1.2226E+03  2.0562E+02 -1.2480E+02
0010884   1.0245E+03 -5.1124E+02  5.0917E+02
0010885   4.8313E+02 -2.3641E+02 -2.5787E+02
0010886   1.4158E+03  1.6905E+02  5.2622E+01
0010887   1.3669E+03 -7.1793E+02  3.2121E+02
0010888   2.2818E+02 -6.6158E+02  2.8827E+02
0010889   6.6323E+02 -1.5857E+02  1.4783E+02
0010890   5.8402E+02 -6.7253E+02 -3.1950E+02
0010891   9.1734E+02 -3.1090E+02 -3.4371E+02
0010892   7.6170E+02 -2.4648E+02 -2.7390E+01
0010893   1.0344E+03  1.0365E+00  3.3774E+01
0010895   1.6732E+02 -2.2838E+02  1.7028E+02
0010896   1.1451E+03  3.4309E+02 -2.9965E+02
0010897   4.1646E+02 -2.6121E+02 -4.1290E+02
0010898   1.5149E+02 -1.1810E+01 -3.4908E+01
0010899   2.5577E+02  4.2225E+02 -1.3944E+02
0010900   4.1230E+02  9.6377E+01  8.9211E+01
0010901   1.0359E+03 -5.6694E+02  4.8432E+01
0010902   8.9379E+02 -2.7649E+02 -4.5975E+02
0010903   6.5874E+02  5.4205E+02 -7.8034E+02
0010904   7.8332E+02  6.6122E+02  2.9780E+02
0010905   3.2209E+02  3.5978E+02 -4.6165E+01
0010906   5.3722E+02  1.5463E+02  4.0649E+01
0010907   4.1669E+02  9.3068E+01 -3.6854E+02
0010908   3.4123E+02 -8.8529E+02  2.7136E+02
0010909   1.1238E+03 -3.8981E+02  4.2041E+02
0010910   6.8023E+02  9.1918E+01 -9.9185E+01
0010911   9.2622E+02  6.7547E+02 -1.2215E+02
0010912   1.1580E+03 -2.4793E+02  8.3604E+00
0010913   8.3866E+02  3.4749E+02 -6.6815E+02
0010914   1.3475E+03  2.7267E+02  2.8647E+02
0010915   6.5737E+02 -4.5481E+02  5.5304E+00
0010916   5.2217E+02  1.5260E+02 -2.6250E+02
0010917   2.2601E+01  3.5530E+00  2.4167E+02
0010918   4.4663E+02  2.6790E+02 -5.4248E+02
0010919   3.4521E+02 -7.7538E+02 -1.0450E+02
0010920   6.8810E+02 -1.3209E+02  6.2195E+02
0010921   1.0069E+03  2.3577E+02 -4.5258E+02
0010922   7.2374E+02  3.0850E+01 -1.2407E+03
0010923   5.3693E+02 -3.3906E+02  3.6536E+02
0010924   9.6869E+02  2.6270E+01 -4.9387E+02
0010925   2.4892E+02 -2.5585E+01 -1.3973E+02
0010926   6.1703E+02 -3.9538E+02 -3.3320E+02
0010927   1.1102E+03 -1.0116E+02  8.8964E+01
0010928   8.7291E+02 -1.9455E+02  7.3727E+02
0010929   6.3566E+02 -3.1896E+02  4.5585E+02
0010930   1.2711E+03 -1.9806E+02  2.7444E+02
0010931   6.9521E+02  4.8452E+01  5.7740E+02
0010932   1.3507E+03 -8.3518E+02  1.0476E+02
0010933   1.4863E+03 -9.4004E+01 -3.9502E+02
0010934   1.1359E+03  1.3887E+01 -1.8704E+02
0010935   1.4138E+03  7.0702E+01 -7.9774E+02
0010936   7.5368E+02 -7.6816E+02 -8.9218E+01
0010937   1.1800E+03 -2.5893E+02  1.9726E+02
0010938   5.5622E+02  5.6394E+02 -4.0360E+02
0010939   1.1089E+03 -4.6581E+02 -8.8174E+01
0010940   1.1450E+03 -5.5787E+02  1.8791E+02
0010941   3.5107E+02 -2.0707E+01  6.6895E+01
0010942   3.5297E+02  4.9510E+02 -1.3057E+02
0010943   9.1267E+02  4.9556E+02 -1.6137E+02
0010944   5.4584E+02  1.5243E+02  2.1486E+02
0010945   7.1888E+02  4.7724E+01  3.3365E+02
0010946   5.1838E+02 -2.6331E+02  1.4934E+02
0010947   6.8001E+02 -8.4621E+02  2.8990E+02
0010948   1.1628E+03  1.8832E+02  2.3949E+02
0010949   7.0687E+02  6.1836E+02 -1.9841E+02
0010950   3.5686E+02  1.3367E+01  1.2464E+02
0010951   5.0668E+02 -2.2528E+02  3.5582E+02
0010952   1.9096E+02  4.8378E+02 -6.6915E+02
0010953   3.4762E+02 -1.6784E+01  1.6865E+02
0010954   8.5316E+02 -9.2414E+01  2.1241E+02
0010955   9.3593E+02 -5.1493E+02 -3.2931E+02
0010956   4.1022E+02  9.3949E+01 -1.0714E+02
0010957   4.5553E+02 -1.9699E+02  1.1181E+02
0010958   1.2703E+03  7.4519E+02 -2.7687E+02
0010959   1.0008E+03 -7.2458E+02  2.4743E+02
0010960   6.3606E+02 -7.2789E+02  1.2185E+02
0010961   1.5562E+02  1.9456E+02 -5.9806E+02
0010962   4.8562E+02  4.9208E+01 -3.1228E+01
0010963   1.4470E+03  2.2744E+02  8.5474E+01
0010964   8.7731E+02  4.2037E+02 -1.7583E+02
0010965   1.1075E+03 -2.9853E+02 -2.3947E+02
0010966   1.1823E+03 -6.1926E+01  1.9388E+02
0010967   2.3280E+02 -9.5730E+02  3.5053E+02
0010968   4.4704E+02  2.1058E+02  2.0012E+02
0010969   3.2200E+02  4.2817E+02  9.8862E+01
0010970   6.3268E+02 -2.1788E+02  3.4330E+02
0010971   9.8511E+02 -1.4856E+02  6.4192E+02
0010972   9.8643E+02 -1.5380E+02  6.0822E+01
0010973   6.7454E+02 -1.0405E+02  1.6486E+02
0010974   4.8718E+02  2.7691E+02 -4.2936E+01
0010975   1.0972E+03  6.2054E+01 -7.7751E+01
0010976   1.3327E+03 -2.7372E+02  1.2868E+02
0010977   7.3812E+02  8.0013E+02 -6.0818E+02
0010978   6.0827E+02  3.3131E+02  8.7947E+00
0010979   2.9109E+02 -7.0007E+01 -4.9381E+01
0010980   6.5802E+02  4.6044E+02  8.5424E+02
0010982   5.5163E+02 -2.0387E+02  5.8035E+02
0010983   1.0446E+02  5.5640E+02  5.4692E-01
0010984   1.3407E+03  1.2339E+02  5.3878E+01
0010985   5.6431E+02  4.4394E+02 -4.0126E+02
0010986   1.0054E+03  8.8149E+01 -2.5297E+02
0010987   7.7969E+02  1.8197E+02  7.3584E+01
0010988   9.7943E+02 -6.1993E+00  7.5600E+02
0010989   1.6292E+02 -2.0057E+02 -1.1743E+02
0010990   6.1834E+02  2.5497E+02  6.9061E+01
0010991   3.0365E+02  1.3466E+02  4.5179E+02
0010992   5.2842E+02 -1.1958E+03  5.7564E+02
0010993   1.3800E+03  2.6703E+02  1.6136E+02
0010994   3.9433E+02  1.1590E+02  5.6392E+01
0010995   8.5121E+02 -1.6918E+02  5.2695E+02
0010996   1.4698E+03  3.2443E+02 -3.0632E+02
0010997   7.2641E+02 -1.3545E+02 -4.4209E+02
0010998   4.6630E+02 -2.8053E+00 -2.8504E+01
0010999   9.3078E+02 -4.6460E+02 -2.8682E+02
0011000   1.3608E+03 -9.3364E+01 -2.3074E+02
0011001   2.8288E+02 -5.5061E+01 -9.9931E+00
0011002   6.9036E+02 -5.9045E+02 -7.0814E+02
0011003   8.1211E+02  1.8976E+02 -4.5919E+02
0011004   2.8487E+02 -1.5639E+02  4.5484E+02
0011005   7.0508E+02  2.6724E+02  5.8531E+02
0011006   1.3285E+03  4.0826E+02  8.8460E+01
0011007   1.0560E+03  5.5412E+02  2.1296E+02
0011008   8.1752E+02  5.1849E+02 -8.8670E+01
0011009   8.8823E+02  5.8587E+02 -4.1494E+02
0011010   9.1101E+02 -1.0120E+02 -1.2340E+02
0011011   8.9657E+02 -2.6600E+02  3.1230E+02
0011012   9.6194E+02  1.5669E+02 -2.3409E+02
0011013   5.6283E+02  1.6992E+02 -1.5955E+02
0011014   1.1973E+03  7.4522E+02 -2.8067E+02
0011015   3.8293E+02  9.9772E+00 -2.8619E+01
0011016   4.3588E+02 -2.7204E+02 -2.5357E+02
0011017   8.8138E+02  4.8818E+02  9.5617E+01
0011019   9.3118E+02 -4.2657E+02 -2.2908E+02
0011020   5.5468E+02  3.9286E+02  3.4443E+02
0011021   4.5770E+02  5.4016E+02 -4.7979E+02
0011022   9.2057E+02  2.1930E+02 -2.8868E+02
0011023   1.0609E+03  2.8580E+01  2.1098E+02
0011024   8.0117E+02  2.3594E+02 -3.4089E+01
0011025   1.1150E+03  9.9779E+01 -9.4130E+00
0011027   5.0435E+02  4.6647E+01 -3.6080E+02
0011028   1.3773E+03  6.6348E+01  8.2655E+01
0011029   6.3475E+02  1.4152E+02  3.7528E+02
0011030   1.6224E+02  4.2183E+02 -1.5618E+02
0011031   1.2696E+03  1.3137E+02 -6.6600E+02
0011032   7.2331E+02  3.2406E+02 -6.4595E+00
0011033   9.4283E+02  1.0147E+02 -1.0180E+00
0011034   5.0647E+02 -5.6637E+02 -3.1270E+02
0011035   2.9562E+02  4.0910E+02 -1.5864E+02
0011036   8.9950E+02 -1.9361E+02  3.0863E+02
0011037   6.9829E+02  3.6913E+02 -1.3740E+02
0011038   9.9792E+02  5.1811E+02 -4.0934E+02
0011039   5.4587E+02  2.5739E+02  3.2018E+02
0011040   7.4276E+02 -4.8664E+02 -1.3519E+02
0011041   6.2027E+02  1.1321E+02 -1.3109E+02
0011042   1.0887E+03 -4.8243E+02 -1.5610E+02
0011043   1.1038E+03  3.5398E+02 -3.2832E+02
0011044   1.0396E+03 -3.3512E+02 -3.1763E+01
0011045   6.0718E+02 -1.8075E+02 -1.3196E+02
0011046   5.1260E+02  7.0576E+01  5.3074E+00
0011047   7.0629E+02  1.8319E+02 -1.1458E+03
0011048   1.1037E+03 -4.0328E+02 -5.5148E+02
0011049   9.9685E+02  2.0023E+02 -9.0605E+01
0011050   9.9701E+02 -1.3420E+02 -3.2684E+02
0011051   3.2110E+01  3.8331E+02  1.7341E+02
0011052   2.2615E+02 -2.9397E+02 -6.0610E+02
0011053   4.1984E+02 -2.9014E+02  1.5448E+01
0011054   9.2229E+02 -1.3626E+01 -1.0379E+03
0011055   4.9316E+02 -1.1281E+02  1.0344E+02
0011056   9.1465E+02  4.8700E+01  5.5883E+02
0011057   9.3468E+02  2.3973E+02 -2.2681E+02
0011058   8.8844E+02 -4.9088E+02 -5.0841E+02
0011059   9.1359E+02 -2.3261E+02  5.0824E+02
0011060   1.2195E+03  1.7495E+02 -2.6326E+02
0011061   1.0756E+03  1.5844E+02  3.0345E+02
0011062   1.1430E+03 -1.5636E+02  1.5308E+02
0011064   7.2312E+02 -2.8617E+02  1.4250E+02
0011065   6.7762E+02  4.9591E+02 -7.7321E+01
0011066   9.4495E+02 -2.6960E+02 -5.3373E+02
0011067   7.1391E+02 -1.6404E+02 -4.2522E+02
0011068   2.7144E+02 -1.1917E+02 -4.7133E+02
0011069   5.9640E+02 -4.5265E+01  4.5890E+02
0011070   2.5075E+02 -5.9014E+01  2.7725E+02
0011071   8.8502E+02 -7.9978E+01  2.7902E+02
0011072   5.5651E+02  2.7909E+01 -9.2357E+01
0011073   2.8055E+02  1.9741E+02 -2.5069E+02
0011074   8.5934E+02  7.6083E+01 -3.8883E+02
0011075   2.8021E+02  1.2955E+02 -7.8311E+02
0011076   3.4962E+02  4.6372E+00 -2.4556E+01
0011077   4.9905E+02 -3.3700E+02  2.9889E+02
0011078   6.4750E+02 -1.5500E+02  1.2246E+02
0011079   1.4469E+03 -1.1338E+02 -1.9156E+02
0011080   1.1234E+03 -1.5754E+02 -4.8341E+02
0011081   6.9570E+02 -8.1464E+02 -5.0695E+01
0011082   1.1654E+03  7.6419E+00  1.3385E+02
0011083   1.8175E+03 -3.6406E+02 -4.1082E+01
0011084   8.0026E+02  5.0220E+02 -3.6849E+02
0011085   1.1388E+03 -2.3164E+02  1.2174E+00
0011086   1.0595E+03 -2.0590E+02 -6.5036E+01
0011087   3.3584E+02 -1.0021E+01 -2.5098E+02
0011088   4.4265E+02  9.8774E+01  9.2587E+01
0011089   9.6242E+02 -4.5527E+02  1.3812E+02
0011090   1.2128E+03 -3.1595E+02  5.3053E+02
0011091   1.1196E+03 -1.4320E+01  1.8760E+02
0011092   1.3300E+03 -6.2836E+01 -3.0388E+02
0011093   8.0536E+02 -5.2014E+01  4.5759E+02
0011094   6.2926E+02  5.9430E+01 -1.0063E+03
0011095   7.6271E+02 -4.2369E+02 -1.1117E+02
0011096   6.1779E+02  2.7163E+02 -2.8460E+02
0011098   1.8944E+02  3.6984E+02 -3.3682E+02
0011099   1.0396E+03  1.5293E+02 -2.7010E+02
0011100   5.6830E+02  9.8320E+01 -1.0927E+02
0011101   7.4845E+02  4.4851E+01 -1.4074E+01
0011102   8.6656E+02 -8.6897E+01 -6.3787E+02
0011103   3.4977E+02 -8.1710E+01  1.1877E+01
0011104   9.3866E+02  3.9091E+02 -7.3373E+02
0011105   2.1579E+02 -5.8334E+02 -3.9132E+02
0011106   6.1081E+02 -1.9646E+02  2.0523E+02
0011107   1.0359E+03  3.2317E+02 -3.3988E+02
0011108   1.1107E+03  4.7021E+02 -3.6464E+02
0011109   4.5937E+02 -2.3736E+02 -2.7970E+02
0011110   3.5265E+02  1.7337E+02 -1.7906E+02
0011111   8.4957E+02 -9.0074E+01 -1.4991E+02
0011112   7.2851E+02  1.0386E+02 -1.3457E+02
0011113   4.0473E+02 -2.6821E+02  5.1601E+01
0011114   4.2636E+02  7.7697E+01 -1.4569E+02
0011115   6.6905E+02 -4.0715E+02  7.0030E+02
0011116   2.3013E+02  1.3464E+02 -4.7250E+02
0011117   7.4131E+02  3.8466E+02  5.7288E+00
0011118   1.8545E+02  3.1051E+02 -8.6831E+02
0011119   7.4818E+02 -2.5476E+02  1.6152E+02
0011120   8.4945E+02 -3.5715E+02 -1.0502E+01
0011121   9.8761E+02 -4.7426E+02  1.5624E+02
0011122   1.3773E+03  8.5760E+01 -3.8885E+01
0011123   7.1535E+02 -3.7325E+02  3.1030E+01
0011124   2.2722E+02  1.7251E+02  3.5406E+00
0011125   3.4039E+02  7.1249E+01  6.3300E+01
0011126   1.2105E+03 -8.0576E+00 -2.9539E+02
0011127   5.8175E+02 -6.6926E+01 -2.4459E+02
0011128   5.5514E+02 -3.3527E+02  5.5809E+02
0011129   3.2794E+02  5.2896E+02 -4.5841E+02
0011130   7.3869E+02  4.3585E+01 -4.0263E+02
0011131   6.4528E+02 -2.3463E+02 -1.0260E+02
0011132   4.2437E+02  1.1199E+02  3.4226E+02
0011133   1.2053E+03  1.5172E+02 -4.6507E+02
0011134   7.5946E+02 -8.4990E+02  3.3298E+01
0011135   5.7799E+02  2.9925E+01 -1.9529E+02
0011136   5.0190E+02  2.3982E+02 -2.2501E+02
0011137   1.2216E+03 -3.0690E+01 -1.0876E+02
0011138   6.5225E+02  4.2909E+01 -3.2539E+02
0011139   1.0382E+03 -1.6609E+02 -4.3717E+02
0011140   6.4137E+02 -3.9279E+02  1.7563E+02
0011142   5.6853E+02 -3.4194E+01  1.4320E+02
0011143   3.4352E+02 -2.1532E+02  5.7790E+02
0011144   8.7556E+02 -6.1063E+02  2.9679E+02
0011145   1.0581E+03  4.6828E+02 -2.5567E+02
0011147   1.1822E+03 -8.2888E+02 -1.2735E+02
0011148   4.4629E+02 -4.0960E+02  7.9757E+02
0011149   5.4703E+02 -2.5995E+01 -4.2856E+01
0011150   3.4415E+02 -1.8818E+02  5.7412E+01
0011151   4.5395E+02 -4.2776E+02  9.9010E+01
0011152   6.9904E+02 -4.1644E+02 -6.2262E+02
0011153   4.0177E+02  9.1236E+01  1.1944E+02
0011154   6.4757E+02  1.4668E+02 -1.5648E+02
0011155   4.0352E+02 -2.9155E+02 -1.4508E+01
0011156   5.3642E+02 -1.7515E+02 -1.6060E+02
0011157   1.3062E+03 -1.1071E+02  3.7129E+02
0011158   6.6705E+02  2.5487E+01  3.0264E+02
0011159   1.2206E+03  1.1151E+02 -9.9541E+00
0011160   1.2413E+03 -1.0563E+02 -7.5833E+00
0011161   4.1865E+02  2.1876E+02  2.8065E+02
0011162   8.6571E+02 -3.6260E+01  1.6434E+02
0011163   7.3023E+02  4.2585E+02 -6.0510E+02
0011164   2.8344E+02  6.7953E+02  1.8941E+02
0011165   7.3287E+02 -1.8677E+02 -1.4690E+02
0011166   1.2185E+03 -1.4740E+02 -8.9087E+01
0011167   4.7396E+02 -1.4956E+02  2.4648E+02
0011168   3.9819E+02 -2.3177E+02  4.3996E+01
0011169   1.0641E+03  7.1159E+01 -1.0119E+02
0011170   4.9672E+02 -1.8013E+02 -2.3554E+01
0011171   1.6469E+02  1.1797E+02  1.5806E+02
0011172   1.1989E+03 -1.8154E+02  2.8237E+02
0011173   6.6910E+02  2.2600E+02 -2.0803E+02
0011174   7.4267E+02  5.6391E+02 -9.4011E+01
0011175   1.2323E+03 -5.8676E+02 -6.5554E+02
0011176   1.0768E+03 -5.7948E+02 -1.8728E+02
0011177   6.6308E+02  2.8395E+02 -2.1517E+02
0011178   7.5554E+02  4.6291E+02  8.9076E+02
0011179   4.9519E+02  7.9524E+01 -4.1874E+01
0011180   1.0850E+03 -1.5394E+02 -4.6624E+02
0011181   6.0092E+02 -5.0455E+02  5.4479E+02
0011182   1.1288E+03  2.0602E+02  3.7338E+02
0011183   6.2780E+02  8.7824E+02 -4.9511E+02
0011184   7.5702E+02 -1.9718E+02  4.3387E+02
0011186   7.9428E+02  2.6968E+02  8.0396E+01
0011187   5.3630E+02 -1.2686E+02  5.4057E+02
0011188   6.6955E+02  7.3249E+01 -7.5317E+02
0011189   8.4461E+02  1.8261E+02 -2.3031E+02
0011190   8.8103E+02 -2.0603E+01 -1.1742E+02
0011191   8.1781E+02  7.3398E+02 -3.2265E+02
0011192   1.1010E+03  3.4377E+02 -6.9146E+02
0011193   5.5757E+02  3.6063E+02 -2.1897E+01
0011194   8.7619E+02 -3.3789E+01  2.8779E+02
0011195   3.8422E+02  2.6223E+02 -3.4562E+01
0011196   9.8583E+02 -3.4694E+02  2.8157E+02
0011197   4.5067E+02 -3.8730E+02  1.0186E+02
0011198   1.0075E+03 -3.7152E+01  4.3521E+02
0011199   8.2933E+02 -9.2447E+02 -4.5424E+02
0011200   1.2622E+03  4.3214E+02 -1.4125E+02
0011201   1.9204E+02 -5.2124E+02 -4.3220E+02
0011202   5.6354E+02 -2.8225E+02  1.8661E+02
0011203   6.1669E+02 -3.5518E+02  8.5950E+01
0011204   7.6642E+02  1.6719E+02 -1.1734E+02
0011205   5.5891E+02  8.3378E+01 -6.0579E+02
0011206   7.4451E+02 -2.8354E+02  1.9435E+02
0011207   4.5435E+02 -2.6308E+02  2.9727E+01
0011208   3.1120E+02  3.6271E+01 -9.2970E+01
0011209   8.0140E+02  6.5647E+02 -3.2878E+02
0011210   1.2612E+03  2.6069E+02 -4.2041E+02
0011211   3.9527E+02 -4.1124E+01 -3.7064E+02
0011212   8.2031E+02  3.1686E+02 -6.4388E+02
0011213   3.9088E+02 -4.3723E+02 -5.7007E+01
0011214   1.1296E+02  1.8028E+02 -5.0641E+02
0011215   8.4991E+02  4.9727E+02 -5.0002E+01
0011216   2.2686E+02 -3.1828E+02 -6.9766E+01
0011217   1.5079E+03  2.7894E+00 -8.0746E+02
0011218   4.7190E+02 -3.7236E+02  4.0992E+02
0011219   6.1809E+02  8.8746E+01  5.5543E+02
0011220   7.9087E+02 -2.1020E+02  2.8026E+02
0011221   8.0979E+02  7.5724E+00 -4.9761E+02
0011222   5.6029E+02  1.6349E+02  2.2533E+02
0011223   2.0470E+02  1.4490E+02  6.9227E+01
0011224   3.1708E+02 -2.4739E+02 -3.7104E+02
0011225   1.2249E+03 -2.8959E+02  8.5992E+01
0011226   1.2610E+03 -5.5397E+02 -1.0480E+02
0011227   1.0815E+03 -1.4715E+02 -5.8959E+02
0011228   8.6160E+02 -6.1361E+02 -5.7483E+00
0011229   6.3227E+02  1.0490E+02  1.2660E+02
0011230   7.7837E+02 -5.0144E+02 -3.1260E+02
0011231   4.1215E+02  2.2974E+02  1.7606E+02
0011232   3.7291E+02  3.6358E+02 -1.7525E+01
0011233   5.2712E+02  4.4967E+02  1.5789E+02
0011234   5.5266E+02  8.6682E+02 -1.9305E+02
0011235   1.0858E+03  2.2577E+02  5.7186E+02
0011236   1.9916E+01 -3.1437E+02 -9.8371E+02
0011237   4.1728E+02  7.6537E+02 -3.2503E+02
0011238   7.9168E+02  5.1129E+02  4.4036E+02
0011239   5.4648E+02 -2.1864E+02 -4.2312E+02
0011240   1.0246E+03  2.2357E+02  1.1013E+02
0011241   3.9034E+02 -1.3082E+02  2.5101E+02
0011242   1.1081E+03  2.2349E+02  2.9098E+02
0011243   8.6689E+02 -8.4974E+02  3.8713E+02
0011244   1.0336E+03  8.0676E+02 -3.8038E+02
0011245   8.0655E+02  3.4671E+02  5.8586E+01
0011246   7.2976E+02 -3.4915E+02 -8.4660E+01
0011247   1.3412E+03 -3.1893E+02  6.7332E+01
0011248   9.2214E+02  8.5049E+01  2.3543E+02
0011249   1.2109E+02 -1.0302E+02 -1.2586E+02
0011250   7.4049E+02  1.9935E+02 -3.5897E+02
0011251   1.1965E+03  2.7912E+02  8.8610E+02
0011252   8.8521E+02  3.9913E+02  2.8722E+01
0011253   3.9448E+02 -6.9574E+01  2.3078E+02
0011254   3.6906E+02 -1.3950E+02  1.3848E+02
0011255   1.6143E+03 -2.4159E+02 -1.5158E+02
0011256   5.1944E+02  7.3747E+01 -1.9517E+01
0011257   3.2918E+02  1.9863E+02  7.2977E+02
0011258   9.1419E+02 -5.9243E+02  3.5321E+01
0011259   7.6882E+02  3.3301E+02 -4.1999E+02
0011260   1.2375E+03  4.2307E+02 -5.6588E+02
0011261   1.1657E+03 -1.1220E+03  8.8114E+01
0011262   9.7774E+02 -3.8666E+01 -3.6318E+02
0011263   1.4222E+03  3.1094E+02 -5.9179E+02
0011264   5.1898E+02 -9.8146E+01 -4.3514E+02
0011265   1.0936E+03  2.4232E+02 -3.4541E+01
0011266   3.2447E+02  4.9497E+02  1.0720E+01
0011267   9.3200E+02  3.2952E+02  1.7688E+01
0011268   6.2239E+02  3.8736E+02  4.0918E+01
0011269   9.4418E+02  2.2853E+02 -5.8606E+02
0011270   6.5525E+02 -3.2586E+02 -1.2420E+02
0011271   6.6705E+02  4.4850E+01  8.9316E+01
0011272   5.9954E+02 -5.6896E+02  3.0675E+02
0011273   2.0010E+02 -3.9403E+02 -8.0963E+01
0011274   9.9862E+02  2.3282E+02  1.9613E+01
0011275   7.7650E+02 -3.5475E+02 -3.6612E+01
0011276   5.7250E+02  5.5481E+02  2.6871E+02
0011277   8.2640E+02  6.4891E+02 -1.6718E+02
0011278   1.1557E+03  6.1862E+02  8.6137E+02
0011279   1.3025E+03  5.1522E+02 -1.0677E+02
0011280   6.3146E+02 -2.8032E+02 -3.4971E+01
0011281   1.3728E+03 -5.1854E+01  5.0644E+02
0011282   6.8227E+02 -4.3492E+01 -8.4757E+02
0011283   1.0788E+03 -8.3911E+01 -4.1305E+01
0011284   8.4515E+02 -1.6337E+01 -2.5039E+02
0011285   4.1803E+02  3.5916E+02  3.4808E+02
0011286   2.0752E+02 -1.2486E+02 -4.7243E+00
0011287   1.4476E+03  1.8484E+02  1.1282E+02
0011288   6.8100E+02 -2.2776E+01 -1.1136E+02
0011289   2.9679E+02 -6.4999E+02 -3.0427E+02
0011290   5.2094E+02 -2.1069E+02 -8.1152E+01
0011291   7.0389E+02  1.6087E+02  3.0951E+02
0011292   9.0037E+02 -5.0820E+02  2.3419E+01
0011293   1.4330E+02  6.9366E+01 -2.8280E+02
0011294   6.7200E+02 -1.2155E+02  3.6375E+02
0011295   2.3954E+02 -5.8914E+02  2.5260E+02
0011296   2.1028E+02  2.4620E+02  1.2958E+02
0011297   1.1918E+03 -3.6020E+01  1.6186E+02
0011298   1.4324E+03 -6.3668E+02 -2.7348E+02
0011299   6.6623E+02  1.1456E+02  7.2629E+02
0011300   6.3922E+01 -8.9027E+01 -1.5184E+02
0011301   7.9149E+02  3.2117E+02 -3.6198E+02
0011302   6.1503E+02  1.3284E+02  5.5812E+02
0011303   1.5462E+03  1.4866E+02 -8.9674E+02
0011304   8.4288E+02 -1.5135E+02 -7.8256E+01
0011305   2.3338E+02 -1.1652E+02  2.7779E+01
0011306   4.2487E+02 -2.9444E+02 -2.7956E+02
0011307   9.5085E+02 -1.2405E+02 -4.9768E+02
0011308   5.8447E+02  1.6742E+02 -2.1569E+02
0011309   1.5986E+03  1.6237E+02 -6.9995E+02
0011310   4.7542E+02  1.2250E+02  2.7486E+02
0011311   8.3869E+02 -6.3417E+02 -2.4946E+02
0011312   3.5865E+02  5.5769E+02  7.8135E+02
0011313   4.5841E+02  3.6872E+02 -4.9248E+02
0011314   1.0491E+03  4.7787E+02 -3.6256E+02
0011315   3.9376E+02 -5.8476E+01  7.1187E+01
0011316   6.6431E+02  9.8866E+01  4.1663E+02
0011317   1.1060E+03  1.1565E+02 -6.0048E+02
0011318   7.0116E+02 -2.1823E+02  2.1314E+02
0011319   6.4001E+02 -8.4715E+02 -4.0662E+02
0011320   8.9284E+02 -2.9051E+02  1.3676E+02
0011321   8.6039E+02 -4.4822E+02  6.2981E+02
0011322   1.3092E+03 -3.3555E+02  6.1539E+02
0011323   4.6897E+02 -5.7421E+02 -2.2396E+02
0011324   6.1898E+02  5.1968E+02  9.5952E+02
0011325   8.6858E+02 -4.1704E+02 -7.2607E+01
0011326   5.9534E+02 -2.1753E+02  2.5984E+02
0011327   8.0798E+02 -3.9062E+02  8.2756E+01
0011328   2.8350E+02 -9.4887E+01  4.3723E+01
0011329   5.6415E+02  2.5756E+02 -1.1202E+03
0011330   6.6084E+02  3.3736E+02  2.9815E+02
0011331   7.1671E+02  7.2051E+02 -3.6820E+02
0011332   2.6961E+02  2.0165E+02  3.7419E+01
0011333   6.4711E+02  4.8337E+02  8.3882E+02
0011334   8.1833E+02 -9.0485E+01  2.7951E+02
0011335   9.9504E+02  6.7357E+02  1.2303E+02
0011336   1.1299E+03  2.9727E+02 -1.9940E+00
0011337   1.5234E+02  9.6794E+02  7.1212E+02
0011338   9.4430E+02  3.6595E+02 -2.5615E+02
0011339   5.9303E+02  4.5302E+02  2.2812E+02
0011340   5.5794E+02  9.0491E+02 -2.6310E+02
0011341   5.2350E+02  3.1473E+02 -3.8580E+02
0011342   1.2074E+03 -4.4041E+02 -5.1569E+02
0011343   1.3030E+03 -1.1534E+02 -3.5382E+02
0011344   1.1955E+03 -2.3711E+02 -5.9508E+02
0011345   6.9439E+02  3.3897E+02 -4.4624E+01
0011347   8.3340E+02 -3.8851E+02  2.3774E+02
0011348   1.2106E+03 -4.9647E+02  7.2592E+02
0011349   6.7821E+02  2.7906E+02 -4.0254E+02
0011350   6.5215E+02 -2.5908E+02 -2.9778E+02
0011351   1.1773E+03  2.8283E+02 -5.4423E+02
0011352   9.8351E+02 -2.4988E+02  2.6845E+01
0011353   2.7693E+02 -3.7979E+01 -2.7061E+02
0011354   9.7311E+02 -1.7819E+02  1.3308E+02
0011355   2.2690E+02  4.6375E+02 -2.0158E+02
0011356   8.1161E+02 -1.6302E+02 -2.3244E+02
0011357   2.2908E+02  3.6569E+02  2.7925E+02
0011358   1.1503E+03 -1.0401E+03  6.4941E+01
0011359   7.3561E+02 -4.2243E+02 -2.1635E+02
0011360   1.0986E+03 -5.2601E+02 -3.7202E+02
0011361   7.7425E+02  1.8842E+02 -9.0696E-01
0011362   9.8145E+01 -3.8673E+01 -8.7033E+01
0011363   1.1080E+02 -3.8120E+02 -3.2187E+02
0011364   6.6060E+02 -4.9606E+00  7.7943E+02
0011365   1.0252E+02  1.7144E+02  1.2505E+02
0011366   1.1871E+03  2.1239E+01 -7.0607E+01
0011367   1.0944E+03 -1.0402E+02 -1.6056E+02
0011369   4.5695E+02  1.5371E+01 -2.6103E+02
0011370   5.4674E+02 -1.2348E+02  8.8145E+01
0011371   7.1267E+02  5.2355E+02  3.3717E+02
0011372   5.6402E+02 -2.1830E+02 -5.1959E+01
0011373   5.7739E+02 -1.8603E+02  5.6064E+02
0011374   2.9877E+02 -2.6186E+02  1.2754E+02
0011375   1.1072E+03  8.8093E+01  1.3451E+02
0011376   5.0881E+02  8.3086E+01 -1.9955E+02
0011377   1.2892E+03  8.9235E+01 -1.4145E+02
0011378   8.7484E+02  7.0717E+01  4.8454E+02
0011379   3.2300E+02 -2.8476E+02 -4.1635E+01
0011380   6.9742E+02  4.7370E+01 -8.4849E+02
0011381   4.2545E+02 -2.3911E+02  6.7122E+01
0011382   1.1083E+03 -5.9330E+02  4.5868E+02
0011383   1.1932E+03  1.8044E+02  2.3628E+02
0011384   6.6136E+02 -9.5027E+02  1.6536E+02
0011385   5.5775E+02 -5.8963E+02 -4.9674E+01
0011386   1.0628E+03  2.7374E+02 -1.5358E+01
0011387   5.4439E+02 -4.9082E+02 -2.1741E+02
0011388   7.8990E+02  4.2326E+02 -3.2724E+01
0011389   1.3409E+02 -2.2434E+02 -1.9996E+02
0011390   4.7511E+02  4.6514E+01 -1.2937E+02
0011391   9.0791E+02 -4.0205E+01 -1.7025E+02
0011392   1.0666E+03  7.0446E+01  9.4710E+00
0011393   1.6623E+03  2.4010E+02  1.0397E+02
0011394   9.2606E+02  1.2106E+02  8.4065E+02
0011395   1.2513E+03 -4.3033E+02  2.0313E+02
0011396   6.2305E+02 -3.0544E+02  3.6100E+02
0011397   2.5344E+02  1.1498E+02  4.0174E+01
0011398   8.6534E+02 -5.8912E+01 -4.8488E+02
0011399   8.4703E+02 -2.8104E+02 -4.7437E+02
0011400   4.0853E+02  2.2127E+02  4.0673E+01
0011401   6.1529E+02  2.1538E+00  2.0484E+02
0011402   9.9528E+02  5.2016E+02 -8.9012E+02
0011403   3.9573E+02  1.2286E+02 -1.0889E+02
0011404   8.4017E+02 -9.8684E+02  1.5053E+02
0011405   1.0078E+03  4.2132E+02 -2.5840E+02
0011406   9.3823E+02  4.8287E+02  2.2914E+02
0011407   8.2910E+02 -4.0552E+02  1.3811E+02
0011408   6.9129E+02 -3.3514E+02 -3.4813E+02
0011409   9.2576E+02  7.5478E+00 -1.7701E+02
0011410   8.1447E+02 -4.3056E+02  8.6327E+02
0011411   1.3591E+02  1.4970E+02 -4.0519E+02
0011412   8.2801E+02  2.2638E+02  3.4658E+02
0011413   5.8129E+02  2.0119E+02 -2.9103E+02
0011414   1.2813E+03  1.1239E+02 -2.7928E+02
0011415   1.1020E+03 -1.6351E+02  4.9265E+02
0011416   5.1550E+02  7.0082E+01 -1.8290E+01
0011418   6.6225E+02 -6.1193E+02 -6.1778E+02
0011419   8.2514E+02 -4.6229E+01  4.3110E+02
0011420   3.6664E+02 -4.3101E+02 -2.1692E+02
0011421   4.0738E+02  9.1710E+01 -2.3847E+02
0011422   4.9433E+02 -3.5056E+02 -1.9332E+02
0011423   1.6021E+03 -1.6611E+02  1.8535E+01
0011424   7.0183E+02 -5.8549E+02 -6.3955E+01
0011425   4.7299E+02  9.4430E+02  9.1843E-01
0011426   6.3701E+02 -5.4139E+02 -3.0599E+02
0011427   8.3059E+02 -2.1493E+02  1.6468E+02
0011428   1.0223E+03  1.0558E+01  1.8651E+02
0011429   1.1875E+03 -3.5879E+02 -9.5083E+01
0011430   8.3593E+02  1.7014E+02 -8.1700E+02
0011431   3.9398E+02 -2.7883E+01  1.6703E+01
0011432   6.5193E+02 -5.3309E+02  3.1406E+02
0011433   4.9679E+02 -1.4450E+02  8.3360E+01
0011434   4.1661E+02  1.4958E+02 -3.1038E+02
0011435   1.1189E+03 -2.5095E+02  2.8220E+02
0011436   4.6573E+02  3.4531E+02 -1.9467E+01
0011437   4.6449E+02 -8.3946E+02 -5.0021E+02
0011438   5.0365E+02 -1.1408E+01 -2.0813E+02
0011439   5.4483E+02 -3.0939E+02  3.1763E+01
0011440   1.0826E+03 -3.7999E+02 -8.2352E+02
0011441   8.4056E+02 -1.1863E+02 -8.8357E+01
0011442   9.7614E+02  2.0742E+01  4.3728E+02
0011443   4.1682E+02 -1.1060E+02  1.6018E+02
0011444   3.4711E+02  2.5696E+02 -2.8159E+02
0011445   8.8217E+02 -2.5217E+02  5.0030E+02
0011446   8.5730E+02  6.8465E+02 -7.8531E+02
0011447   8.9482E+02 -1.1165E+02  8.5117E+00
0011448   2.9407E+02  7.1246E+01  5.6761E+00
0011449   5.8143E+02  1.4667E+02 -6.2355E+02
0011450   7.6724E+02  7.4496E+02  5.3815E+02
0011451   6.1135E+02  2.5390E+02  3.1389E+01
0011452   4.8274E+02 -9.3487E+01 -3.5928E+02
0011453   3.2985E+02 -1.0704E+02  4.6703E+02
0011454   1.0408E+03  6.4140E+01  1.7701E+02
0011455   6.9518E+02 -4.6589E+02  4.9454E+02
0011456   4.2930E+02 -1.3922E+02 -1.6558E+02
0011457   1.2347E+03  3.6855E+02  1.4141E+02
0011458   4.2643E+02  1.3045E+02 -3.2252E+02
0011459   9.8099E+02  1.9411E+02 -1.4115E+02
0011460   8.3037E+02  4.4753E+02 -2.7198E+00
0011461   2.0372E+02  4.3326E+01 -8.6716E+01
0011462   2.4330E+02  2.2253E+02  5.1806E+02
0011463   8.2571E+02 -4.0239E+02  1.5728E+02
0011464   4.1240E+02 -5.9948E+02 -8.1956E+01
0011465   1.4344E+03 -2.8591E+02  5.3751E+02
0011466   3.7024E+02 -3.5097E+02 -2.7752E+02
0011467   7.5157E+02 -8.7130E+01  1.0815E+02
0011468   1.2729E+03  8.4604E+00 -6.8212E+02
0011469   1.8804E+02  2.1333E+02 -5.9897E-01
0011470   2.4552E+02  2.4639E+02 -6.1817E+01
0011471   6.0638E+01  9.4892E+02 -1.7599E+02
0011472   8.0452E+02  2.5853E+02 -1.0204E+02
0011473   1.0200E+03 -3.4079E+02  4.3144E+01
0011474   8.2028E+02 -9.4139E+02 -3.1605E+01
0011475   3.5575E+02 -7.0415E+01 -7.7724E+02
0011476   9.7897E+02  4.8456E+02  3.2863E+02
0011477   6.8208E+02 -8.9473E+02 -5.4024E+02
0011478   8.8414E+02  4.1470E+01  2.2925E+02
0011479   9.3764E+02  1.4211E+02  8.5610E+02
0011480   6.9295E+02  8.9258E+01 -4.8501E+02
0011481   6.7380E+02  1.0930E+02  7.6378E+01
0011482   1.1465E+03 -1.5836E+02 -4.2334E+02
0011483   9.0833E+02  1.0807E+02  6.9874E+02
0011484   1.1320E+03  6.2497E+02 -2.2891E+02
0011485   2.4574E+02 -6.4879E+01  6.3409E+01
0011486   1.5399E+03  5.6765E+01  7.7046E+01
0011487   5.7465E+02 -7.1320E+01 -1.5946E+02
0011488   9.4635E+02  7.0623E+02 -3.2571E+01
0011489   5.8784E+02 -5.6261E+01 -1.8577E+01
0011490   9.8157E+02  9.3289E+01  1.4387E+02
0011491   9.7779E+01 -1.5984E+01 -2.8364E+02
0011492   1.0132E+03 -9.7542E+02 -1.6467E+02
0011493   9.8943E+02  2.7802E+02  4.7732E+02
0011494   1.1977E+03  1.2167E+02  2.0128E+02
0011495   1.5418E+02 -2.8033E+02  1.5746E+02
0011496   6.8816E+02  1.5891E+02 -8.4075E+01
0011497   5.4331E+02  4.8297E+02  4.1976E+02
0011498   7.8654E+02  4.4960E+02 -1.9914E+02
0011499   7.1900E+02  2.8480E+02  4.4654E+02
0011500   7.8416E+02  8.0524E+01 -1.6922E+02
0011501   9.4594E+02  3.6295E+02  1.0667E+02
0011502   1.1774E+03  2.8776E+02  2.9067E+01
0011503   4.3810E+02  5.7760E+02 -3.9450E+02
0011504   1.2507E+03 -1.4223E+02  2.0978E+02
0011505   1.2896E+03  7.7541E+02 -6.6314E+02
0011506   7.4568E+02 -7.7244E+02  1.7103E+02
0011507   2.8153E+02  4.1695E+02  4.2161E+02
0011508   1.9884E+02  1.6667E+02 -3.3066E+02
0011509   3.4679E+02  1.1070E+02 -4.4059E+02
0011510   6.5268E+02 -2.9754E+02  7.3649E+02
0011511   5.8553E+02 -7.1265E+02 -2.5359E+02
0011512   3.4130E+02 -3.2183E+02  5.2299E+02
0011513   3.8715E+02  2.3150E+02 -5.3372E+01
0011514   3.0928E+02 -1.3776E+02 -2.2578E+01
0011515   6.6354E+02  2.4774E+02 -4.9063E+02
0011516   7.1783E+02 -4.7491E+01 -3.9748E+02
0011517   5.5851E+02 -2.3781E+02 -1.3919E+02
0011518   1.3056E+02  1.7429E+00 -6.0076E+02
0011519   6.3975E+02  2.4967E+02  4.9548E+02
0011520   7.5945E+02 -6.4174E+02  3.6947E+02
0011521   9.3200E+02 -1.1577E+02  3.4209E+02
0011522   5.3885E+02  1.2226E+02 -2.9859E+02
0011523   7.6049E+02 -7.7439E+02 -4.8144E+02
0011524   1.4423E+03  3.6356E+02  1.4810E+02
0011525   5.1834E+02  9.3334E+01 -5.4683E+01
0011526   1.2120E+03  8.1699E+02  8.6605E+01
0011527   5.9320E+02 -6.5965E+02  1.4825E+02
0011528   1.0192E+03 -2.2845E+02 -4.1857E+02
0011529   1.0705E+03  1.0612E+02  2.3760E+02
0011530   1.0539E+03 -1.8658E+02  1.0587E+02
0011531   6.9088E+02 -2.3579E+02  2.5492E+02
0011532   9.5856E+02 -3.2082E+02  3.8204E+02
0011533   5.3964E+02  2.2616E+02  1.0277E+03
0011534   9.1694E+02 -7.3993E+01  9.2880E+02
0011535   4.7794E+02  2.0541E+02 -1.7242E+02
0011536   1.0366E+03 -6.3637E+02 -2.6478E+02
0011537   3.7709E+02 -3.7837E+01  1.4888E+02
0011538   6.8478E+02  9.1534E+01 -1.8410E+01
0011539   1.2107E+03  3.0518E+02  2.9534E+02
0011540   5.1839E+02  1.0696E+02  5.0623E+02
0011541   1.0256E+03  2.4667E+02  7.2633E+01
0011542   9.0682E+02  2.6865E+02  4.1047E+02
0011543   5.9264E+02  8.9120E+01 -1.9303E+02
0011544   2.4582E+02  3.5154E+02 -7.8775E+02
0011545   7.0520E+02 -1.7871E+02 -4.1585E+02
0011546   3.9524E+02 -3.3709E+02 -1.6333E+02
0011547   1.1745E+03  7.2390E+01  3.0196E+02
0011548   5.9998E+02  1.4150E+02  1.4299E+02
0011549   8.0832E+02  7.8927E+01 -1.8612E+02
0011550   4.4127E+01 -1.3169E+02 -1.6536E+02
0011551   1.0303E+03  1.3238E+02  1.0579E+02
0011552   7.7619E+02  5.9384E+01 -8.3005E+01
0011553   1.1289E+02  2.9596E+02  7.5891E+02
0011554   1.3066E+03 -1.4494E+03  3.2228E+02
0011555   9.0558E+02 -4.2708E+02 -5.4700E+02
0011556   1.2064E+03 -2.0192E+02  3.0293E+02
0011557   1.2580E+03  3.0986E+02  1.7533E+02
0011558   7.8989E+02  3.3366E+02 -2.8498E+02
0011559   1.1917E+03 -5.1843E+02 -1.3350E+02
0011560   3.4740E+02 -1.5081E+02  4.6227E+02
0011561   5.1480E+02 -5.8210E+02  3.1501E+02
0011562   5.8603E+02 -5.8141E+02 -1.0366E+02
0011563   7.1258E+02  1.2944E+01 -2.6091E+02
0011564   3.4706E+02 -1.6449E+02 -3.0317E+02
0011565   4.5897E+02  7.7007E+01  1.6089E+02
0011566   8.7604E+02 -1.8803E+01  1.5394E+02
0011567   6.2612E+02 -3.2025E+02  8.2194E+01
0011568   7.2600E+02  4.4656E+02 -6.0918E+02
0011570   5.1046E+02 -1.4433E+02  3.3274E+01
0011571   6.2231E+02  7.0811E+02  5.6664E+02
0011572   5.0561E+02 -1.0804E+02  2.3391E+02
0011573   3.3347E+02 -1.4526E+02 -1.6967E+02
0011574   1.6293E+03 -4.9985E+02 -4.1258E+02
0011575   1.3971E+02 -1.0693E+02 -1.8436E+02
0011576   9.7850E+02 -2.9982E+02  1.1155E+02
0011577   4.6133E+02  2.1290E+02  3.4260E+02
0011579   8.9176E+02 -3.3648E+02 -1.4387E+02
0011580   9.9747E+02  6.6927E+02 -5.8510E+02
0011581   1.2098E+03 -2.0239E+02 -2.4191E+02
0011582   1.9609E+02 -1.5460E+02 -5.5785E+02
0011583   1.0692E+03 -5.6377E+01  6.5809E+02
0011584   9.5515E+02 -2.3703E+02  2.5107E+01
0011585   3.1154E+02  3.7700E+02 -2.6658E+02
0011586   6.2222E+02  1.0890E+01 -2.2821E+02
0011587   6.4992E+02 -7.5268E+01  7.7507E+01
0011588   1.7818E+02  4.0421E+02  2.9958E+02
0011589   1.0783E+03  2.1230E+02  5.9742E+02
0011590   1.1649E+03  2.4292E+02  1.6155E+02
0011591   1.1353E+03  2.3107E+02 -3.8284E+01
0011592   6.1613E+02  6.2098E+02  1.9828E+02
0011593   7.6338E+02 -3.4355E+01 -2.5386E+02
0011594   9.7481E+02  6.8718E+02  3.0897E+02
0011595   9.6316E+02  3.3039E+02  2.7290E+02
0011596   8.1319E+02  1.4209E+02 -2.5909E+02
0011597   4.0348E+02 -2.9408E+01 -7.9894E+02
0011598   1.1297E+02 -3.3474E+00  7.3541E+01
0011599   9.5454E+02  1.1045E+02  2.5521E+02
0011600   8.6928E+02 -8.2263E-01 -5.0959E+02
0011601   8.2344E+02 -3.5430E+02 -4.4422E+02
0011602   1.1410E+03 -2.5181E+02 -1.9775E+02
0011603   1.5759E+02 -3.4222E+02  2.8595E+01
0011604   1.2074E+03  7.4592E+02 -1.5081E+01
0011605   8.3586E+02  5.8764E+02 -1.2976E+02
0011606   8.7679E+02 -4.3787E+02  6.5974E+02
0011607   6.7822E+02  1.3481E+00  1.4688E+02
0011608   6.3548E+02  2.0986E+02  1.3638E+03
0011609   5.0620E+02 -3.2864E+02  3.0070E+02
0011610   1.2330E+03  4.3886E+02 -1.8529E+02
0011611   8.0647E+02 -5.0201E+02  6.8805E+02
0011612   1.0547E+03 -7.3822E+02  9.6796E+02
0011613   1.4549E+02 -4.6861E+02  4.7962E+02
0011614   6.4349E+02  3.7839E+02 -2.1819E+02
0011615   1.2224E+03 -1.5278E+02 -9.9373E+00
0011616   1.4250E+03  3.5259E+01 -6.2536E+01
0011617   1.9812E+02 -1.6155E+02  2.0078E+02
0011618   4.3341E+02  5.0231E+02 -5.5589E+01
0011619   1.6715E+02  3.9486E+02  1.6482E+02
0011620   6.3491E+02  5.2048E+02  4.4115E+02
0011621   2.6950E+02  5.4474E+02  1.6681E+02
0011622   9.5109E+02 -7.8304E+02 -7.7142E+02
0011623   4.7558E+02 -1.7648E+02 -1.6051E+02
0011624   9.2007E+02 -5.0703E+02 -4.5028E+01
0011625   7.3408E+02  3.0506E+02  2.6312E+02
0011626   1.1050E+03  8.9404E+02 -7.5924E+01
0011627   1.2950E+03 -9.1680E+02 -1.3842E+02
0011628   7.8617E+02  4.5757E+02 -6.0727E+01
0011629   1.0447E+03  3.7290E+02 -4.7041E+01
0011630   1.0824E+03 -1.8099E+02 -3.9487E+02
0011631   4.1197E+02  1.8380E+02 -1.6461E+02
0011632   2.6095E+02 -4.1746E+02  4.2756E+02
0011633   9.6160E+02 -8.0720E+02 -4.2727E+02
0011634   1.1383E+03 -1.1992E+02 -1.8589E+02
0011635   8.7332E+02 -1.0552E+02 -1.4622E+02
0011636   1.0849E+03  5.2356E+02 -7.8112E+01
0011637   3.1559E+02  4.2569E+02  4.5659E+02
0011638   8.1116E+02 -5.6452E+01  4.2966E+02
0011639   1.4666E+03  8.9009E+00 -3.0402E+02
0011640   7.7865E+02 -4.5685E+02 -1.5156E+02
0011641   1.1292E+03  1.1385E+02  1.5017E+03
0011643   1.9661E+02 -3.7249E+01 -1.1193E+02
0011644   6.5343E+02 -6.2251E+02  1.6492E+02
0011645   3.5278E+02  3.8704E+02  5.6002E+02
0011646   9.9664E+02 -6.0744E+02 -1.7414E+01
0011647   7.2063E+02  2.4080E+02  6.7502E+00
0011648   1.2136E+03 -4.3636E+01 -3.8061E+02
0011649   6.2914E+02  3.5413E+02 -1.5744E+02
0011650   5.3985E+02  1.2600E+02  6.0950E+02
0011651   7.1033E+02 -1.1133E+03  4.9319E+02
0011652   6.9101E+02 -4.3792E+02 -9.6513E+02
0011653   3.0905E+02 -1.8151E+02  5.8729E+01
0011654   9.5680E+02  7.3394E+01 -1.0922E+02
0011655   5.0473E+02  2.6252E+02  6.3832E+02
0011656   8.2285E+02 -7.6518E+02  3.5870E+02
0011657   1.5737E+03 -1.0285E+02  3.6034E+02
0011658   2.7919E+02  1.3410E+02  1.0107E+02
0011659   2.8492E+02  3.1510E+02  9.1613E+01
0011660   5.8006E+02  1.4426E+01  2.6816E+02
0011661   7.7744E+02 -4.7981E+02  7.2774E+02
0011662   6.4741E+02  3.4607E+02 -2.6930E+02
0011663   6.2843E+02 -1.0976E+02  8.1718E+00
0011664   9.9610E+02 -3.0312E+02  1.5316E+02
0011665   2.5311E+02 -9.0560E+02  3.9315E+02
0011666   4.1305E+02  3.8308E+02  6.3471E+01
0011667   1.2381E+03  9.3762E+02 -5.1466E+02
0011668   9.1141E+02  2.2611E+02  1.8400E+02
0011669   9.8361E+02  3.3294E+01 -2.1303E+02
0011670   5.2046E+02  3.7408E+02  3.5762E+02
0011671   1.1939E+03 -5.9142E+02  1.5702E+01
0011672   1.1808E+03  1.4752E+02  1.1624E+02
0011673   2.3553E+02  2.9512E+02 -2.6817E+02
0011674   1.3896E+02  1.2885E+02  6.5527E+01
0011675   1.1333E+03 -3.9676E+02  4.7337E+02
0011676   6.2941E+02 -3.6963E+02  8.9045E+01
0011677   6.0879E+02  5.2721E+02  3.1641E+02
0011678   6.0126E+02  7.7027E+02  1.4166E+02
0011679   3.2642E+02  9.6096E+01  2.4662E+02
0011680   9.9594E+02 -4.5243E+02 -4.8641E+02
0011681   9.2458E+01  2.5695E+02  4.5708E+01
0011682   8.2031E+02  1.0372E+03  8.9513E+01
0011683   9.8775E+02 -4.4673E+02 -3.5071E+02
0011684   1.1944E+03 -1.2036E+02  7.5959E+01
0011685   4.3371E+02  1.6835E+02 -3.7388E+02
0011686   1.0424E+03 -6.2018E+02 -2.7766E+02
0011688   9.3881E+02  1.8311E+02 -1.3502E+02
0011689   1.7119E+03  4.0173E+02 -6.1058E+02
0011690   6.5819E+02 -7.4974E+02 -8.6107E+01
0011691   1.3133E+03  1.7569E+01  3.2048E+01
0011692   7.3218E+02 -2.0915E+02  1.9826E+02
0011693   8.2668E+02  6.0388E+01 -5.2122E+02
0011694   8.4998E+02 -2.4063E+02  1.4130E+01
0011695   8.4915E+02 -4.9703E+02 -3.1523E+02
0011696   5.5773E+02 -1.7850E+02  4.5657E+02
0011697   5.2920E+02 -2.4012E+02 -1.4806E+02
0011698   5.0062E+02  1.6328E+02  1.0488E+02
0011699   5.5073E+02 -1.1963E+01 -2.3557E+02
0011700   4.0361E+02 -5.0322E+02 -3.7625E+02
0011701   9.3234E+02 -4.2572E+02 -6.9838E+02
0011702   3.7461E+02  3.0191E+02 -5.7883E+02
0011703   9.7405E+02  3.7316E+02 -9.8060E+01
0011704   5.2593E+02  4.0694E+02  6.7420E+02
0011705   8.9267E+02  2.3077E+02 -3.0955E+02
0011706   5.9068E+02 -2.5763E+02  1.2782E+02
0011707   1.0050E+03 -7.0887E+02  3.3932E+02
0011708   1.2967E+03  5.9162E+02 -4.6458E+01
0011709   9.5813E+02  1.7781E+02  1.4350E+02
0011710   8.7098E+02  3.3518E+02 -1.1722E+02
0011711   6.3024E+02  3.1431E+02 -2.9464E+02
0011712   1.1854E+03 -3.1754E+02 -3.5086E+02
0011713   7.8556E+02 -2.0240E+02  8.7891E+01
0011714   9.1398E+02 -4.6281E+01 -6.3595E+02
0011715   6.3071E+02 -2.8604E+02  1.5241E+02
0011716   1.9438E+02 -1.3972E+02  7.7752E+01
0011717   2.4441E+01 -3.6223E+01 -9.4822E+01
0011718   6.8309E+02 -1.0318E+02 -7.3616E+01
0011719   3.3611E+02 -2.8446E+02 -5.9008E+01
0011720   8.0315E+02 -5.9718E+01  4.7598E+02
0011721   4.2515E+02  1.1094E+02  2.4971E+01
0011722   9.6859E+02 -1.2662E+02 -3.5099E+01
0011723   4.2851E+02  3.1640E+02 -1.1700E+02
0011724   9.6423E+02 -6.2111E+01 -4.2142E+02
0011725   7.3715E+02  9.2878E+01 -5.1102E+02
0011726   9.0114E+02 -1.0529E+02  3.7820E+02
0011727   2.5267E+02 -2.2908E+02  2.3848E+02
0011728   4.8219E+02 -4.8390E+02 -6.3054E+01
0011729   7.9646E+01 -1.2768E+02 -6.0959E+02
0011730   1.3178E+03  1.9075E+02  5.9506E+02
0011731   1.0153E+03 -7.3651E+01  7.4375E+02
0011732   4.2371E+02 -1.5759E+02  1.9528E+02
0011733   5.8834E+02 -3.6416E+02 -3.2820E+02
0011734   6.4742E+02  1.6890E+01 -2.5885E+02
0011735   1.1515E+03 -5.4087E+02  8.4999E+02
0011736   9.0959E+02 -6.4131E+02  2.3706E+02
0011737   8.5734E+02 -3.9996E+02 -7.1414E+02
0011738   4.0088E+02  1.7918E+02 -1.6368E+02
0011739   1.2633E+03  4.7062E+02  1.8566E+02
0011740   9.2898E+02 -9.9790E+01 -1.4098E+02
0011741   8.9693E+02  5.7129E+01 -3.6108E+02
0011742   5.6498E+02 -2.0729E+02  9.1702E+01
0011743   1.1461E+03 -3.2485E+02  7.7812E+01
0011744   1.3380E+03  3.4592E+02  4.6416E+02
0011745   1.2203E+03 -5.5702E+02 -7.6096E+02
0011746   7.4722E+02 -4.8915E+02 -5.0427E+01
0011747   7.9165E+02  2.2777E+02 -1.1843E+02
0011748   7.5337E+02 -1.6332E+02 -1.1528E+02
0011749   1.2340E+03 -3.2963E+01  5.7606E+02
0011750   1.2432E+03  6.2552E+01  3.0539E+02
0011751   3.4789E+02  9.5535E+01 -1.2984E+02
0011752   8.2750E+02 -4.6281E+02  9.3230E+01
0011753   1.1786E+03 -4.9046E+02  3.4247E+02
0011754   1.3083E+03 -8.9404E+00 -1.4530E+02
0011755   9.6361E+02 -8.2078E+02 -1.6888E+02
0011756   5.7161E+02 -9.5154E+01  4.5217E+02
0011757   5.7061E+02 -2.0000E+02  2.5658E+02
0011758   5.3281E+02  4.5644E+02 -9.3610E+01
0011759   4.9383E+02 -3.2102E+02  2.7154E+02
0011760   1.0377E+03  3.3476E+02 -1.7682E+02
0011761   3.3870E+02  5.1670E+02  3.2468E+02
0011762   1.1279E+03  1.0504E+02 -5.9933E+02
0011763   1.2031E+03  8.5688E+02  2.4705E+01
0011764   1.1459E+03  1.8449E+02 -2.2524E+02
0011765   4.8568E+02 -1.7861E+02  1.6711E+02
0011766   1.0315E+03 -5.8723E+01  4.5483E+02
0011767   9.3176E+02 -5.0420E+02 -2.9092E+02
0011768   6.0552E+02  3.2722E+02  8.4286E+01
0011769   7.3348E+02  1.2152E+02 -4.4310E+02
0011770   1.3965E+02 -1.3074E+02  1.1206E+02
0011771   9.7258E+02  7.6584E+00 -7.1566E+02
0011772   1.6277E+02 -1.8332E+02  2.6124E+02
0011773   9.8523E+02  9.4612E+02  3.2221E+02
0011774   8.7440E+02 -5.7114E+02 -1.0761E+03
0011775   8.8608E+02  6.7117E+02 -8.3418E+01
0011776   1.2811E+03  1.5272E+02  8.6963E+01
0011777   9.5569E+02 -3.0281E+02 -1.2506E+02
0011778   7.7579E+02  4.4554E+02 -1.0774E+02
0011779   7.3623E+02 -6.0316E+01  4.6648E+02
0011780   5.3979E+02  4.0377E+02  4.7612E+02
0011781   3.0328E+02  1.2265E+02 -1.0599E+02
0011782   5.0949E+02  2.4395E+02  1.2057E+02
0011783   1.4274E+03  3.5699E+01 -9.8226E+01
0011784   7.0643E+02 -3.2706E+02 -2.7999E+02
0011785   6.4883E+02  2.6433E+02 -1.0306E+02
0011786   1.0358E+03 -2.9355E+01  3.1105E+02
0011787   9.7265E+02  1.4365E+02  1.1797E+02
0011788   1.1972E+03  1.5027E+02  5.6951E+02
0011789   5.2920E+02  1.2560E+02 -6.0500E+02
0011790   9.0216E+02  5.6554E+02 -4.5923E+02
0011791   1.5375E+02 -4.9088E+02  1.6028E+02
0011792   4.5475E+02  6.9730E+02  5.1442E+02
0011793   7.4071E+02 -1.8667E+02 -5.3004E+02
0011794   8.8254E+02 -4.4555E+02  3.7243E+02
0011795   9.9158E+02  9.7881E+01 -1.6276E+02
0011796   9.7674E+02  2.8283E+02 -6.4511E+02
0011797   8.4882E+02  9.1910E+01 -1.0946E+02
0011798   7.0393E+02 -3.6230E+02 -3.9516E+02
0011799   4.2549E+02 -1.2602E+02 -2.6361E+02
0011800   1.0573E+03  1.2832E+02  4.2493E+01
0011801   4.3906E+02 -2.6454E+02 -4.2187E+02
0011802   5.0828E+02  6.4806E+02  1.5084E+02
0011803   9.0692E+02 -2.2971E+02  1.1897E+02
0011804   1.0609E+03 -4.9608E+02  2.8247E+01
0011805   8.2063E+01  1.8756E+02 -1.8587E+02
0011806   5.3255E+02 -3.5743E+02  5.3581E+02
0011807   5.0890E+02 -2.7814E+02  3.4384E+02
0011808   6.2240E+02  4.8409E+02  2.1133E+02
0011809   8.5652E+02 -5.2945E+02  3.2247E+02
0011810   2.6566E+02 -3.1581E+02 -6.4040E+02
0011811   8.9065E+02  7.1792E+02 -4.5611E+02
0011812   9.5677E+02 -3.3011E+02  3.2621E+02
0011813   5.8781E+02  2.8367E+02  8.4932E+02
0011814   8.6332E+02  7.7911E+01  2.8355E+02
0011815   4.0125E+02 -9.3608E+02 -2.2441E+02
0011816   4.9317E+02  4.4434E+01  1.5636E+02
0011817   6.0747E+02  1.7689E+02  3.4949E+02
0011818   8.9753E+02  4.4375E+01 -4.0249E+02
0011819   2.3065E+02  2.5609E+02 -2.6287E+02
0011820   8.6367E+02 -7.1983E+02 -3.3518E+01
0011821   8.5383E+02 -1.4493E+02  5.0074E+01
0011822   1.2437E+03 -4.4393E+02 -6.9480E+02
0011823   7.2250E+02 -1.8180E+02  4.1808E+02
0011824   3.4553E+02  7.2731E+02  3.3322E+02
0011825   7.4246E+02 -1.3613E+01  4.5482E+02
0011826   5.2193E+02 -1.8111E+02 -5.3912E+02
0011827   8.5384E+02  1.9158E+02 -1.0203E+02
0011828   2.8427E+02  1.0874E+02 -1.2306E+02
0011829   5.1492E+02  3.2243E+02  6.8059E+01
0011830   6.8917E+02 -2.8161E+02  4.2634E+02
0011831   1.3240E+03 -5.1744E+02  2.3772E+02
0011832   1.1122E+03 -4.8594E+02 -4.3356E+02
0011833   7.3822E+02 -4.0726E+02 -1.5115E+02
0011834   7.3000E+02 -1.0458E+02 -4.3415E+02
0011835   9.0019E+02 -1.5580E+01 -1.8722E+02
0011836   1.0586E+03 -1.0764E+01 -1.1869E+02
0011837   1.0399E+03 -5.1881E+02 -3.5490E+02
0011838   8.8927E+02  4.6159E+02 -2.1791E+02
0011839   7.1476E+02 -4.2487E+02  9.0656E+02
0011840   4.3164E+02  8.7640E+01 -2.4878E+01
0011841   8.1359E+02  2.9945E+02 -5.1969E+02
0011842   1.5961E+03 -1.4048E+02 -2.9909E+02
0011843   1.3281E+02  3.6604E+02 -1.8859E+02
0011844   6.4129E+02 -3.1286E+02 -2.5262E+02
0011845   6.7137E+02  2.9601E+02  7.9243E+01
0011846   1.0179E+03  5.9235E+02  3.4664E+01
0011847   3.7616E+02  5.1848E+01 -2.1057E+01
0011848   1.2821E+03  2.0733E+02 -5.9745E+01
0011849   7.5876E+02  3.0988E+02 -3.6212E+02
0011850   8.4272E+02 -2.9568E+02 -2.3019E+01
0011851   8.3395E+02 -1.9563E+02  1.0523E+02
0011852   7.2760E+02  1.4778E+02  2.8643E+02
0011853   1.0913E+03  5.1018E+02 -9.3743E+01
0011854   7.6254E+02 -7.0904E+01  1.2464E+02
0011855   6.1766E+02 -5.5348E+01 -9.0998E+01
0011856   2.9171E+02  3.8684E+02  9.6391E+02
0011857   1.2724E+03  2.1111E+02  5.6086E+01
0011858   3.1484E+02 -6.3422E+02  1.8948E+02
0011859   8.3592E+02 -5.9490E+02  2.9605E+02
0011860   6.4632E+02 -3.6830E+02  7.3309E+01
0011861   4.6928E+02 -2.0175E+02  3.2534E+02
0011862   1.1127E+03  3.3148E+01 -3.6625E+02
0011863   4.2664E+02  3.8543E+02  2.2012E+02
0011864   8.2677E+02  2.3559E+02 -9.9759E+00
0011865   4.5590E+02  3.0580E+01 -9.2791E+00
0011866   9.1889E+02  3.6929E+02 -3.2174E+02
0011867   9.3799E+02 -2.2007E+02 -3.6285E+01
0011868   6.8494E+02  1.5014E+02  6.8234E+02
0011869   1.5300E+03 -1.8924E+02  2.0651E+02
0011870   6.5105E+02 -2.8123E+02  1.5204E+02
0011871   1.3545E+03 -7.0909E+01  1.7627E+02
0011872   8.8089E+02  4.8011E+02 -4.5029E+02
0011873   4.8878E+02 -4.1280E+02 -9.1817E+01
0011874   1.2235E+03 -6.2881E+02  5.3225E+02
0011875   2.8864E+01  7.3046E+01 -7.8068E+00
0011876   8.3716E+02 -4.6053E+01  5.3571E+02
0011878   5.3761E+02 -1.1882E+02  7.7899E+02
0011879   8.3822E+02 -3.3754E+01 -2.0031E+02
0011880   6.2317E+02  3.0298E+01  2.7414E+01
0011881   5.7518E+02  2.0805E+01 -2.2490E+02
0011882   1.0359E+03 -4.0859E+02 -1.0338E+02
0011883   2.5553E+02 -3.7824E+02  9.0218E+01
0011884   3.9099E+02 -6.2208E+02  1.9473E+02
0011885   3.0133E+02 -2.5444E+02  1.7644E+02
0011886   1.4559E+03 -8.6255E+01  5.0898E+02
0011887   9.7081E+02 -2.3774E+01 -4.8917E+02
0011888   7.3224E+02  3.6429E+02  2.1313E+02
0011889   1.1773E+02  3.5646E+02  5.4924E+02
0011890   1.1518E+03  2.4006E+02 -4.2317E+02
0011891   7.6921E+02  5.1196E+02  2.5192E+01
0011892   3.5984E+02 -3.3579E+02 -5.4325E+00
0011893   1.2259E+02 -5.4168E+01 -2.8668E+01
0011894   1.0125E+03 -1.0575E+01  1.6641E+02
0011895   1.1184E+03 -1.7277E+02 -1.1026E+02
0011896   8.1964E+02 -3.6594E+02 -2.6141E+02
0011897   1.2079E+03  3.3439E+02  4.2388E+01
0011898   4.3798E+02 -6.9607E+01  8.7669E+01
0011899   3.1077E+02 -3.2796E+02 -4.3487E+02
0011900   2.1087E+02  9.7908E+00 -2.2307E+02
0011901   7.8147E+02 -9.2191E+01 -3.1303E+01
0011902   6.9686E+02  2.2400E+02  4.9208E+02
0011903   6.0731E+02 -1.5312E+02  4.4664E+02
0011904   1.3884E+02 -3.0873E+02 -1.2812E+02
0011905   4.3325E+02 -6.9445E+01 -5.6880E+02
0011906   8.6800E+02 -9.1567E+01 -6.2887E+02
0011907   4.1241E+02  2.5234E+02  2.8965E+02
0011908   1.4085E+03 -4.2447E+02  3.6607E+02
0011909   4.2913E+02 -4.3837E+02  6.0295E+02
0011910   4.4284E+02 -4.1433E+02 -5.4753E+02
0011911   7.0773E+02  5.8541E+02 -1.0515E+01
0011912   7.3561E+02  6.9034E+01  3.5737E+02
0011913   3.9218E+02 -5.5667E+02 -1.9351E+02
0011914   5.4576E+02  3.3645E+02 -1.3581E+02
0011915   8.9945E+02 -2.4108E+02  3.5889E+02
0011916   7.6280E+02  7.8545E+01  4.3141E+02
0011917   2.9040E+02 -4.1766E+02 -5.5298E+02
0011918   1.0732E+02  7.6037E+02  4.8344E+00
0011919   1.1406E+03 -3.8533E+02  2.9650E+02
0011920   1.1188E+03 -8.0442E+01 -3.8382E+02
0011921   2.0593E+02  9.7717E+01  2.1398E+02
0011922   9.4023E+02 -6.6015E+02  1.2079E+02
0011923   1.3725E+03  3.2086E+02 -4.0022E+02
0011924   6.5468E+02 -1.0566E+02 -2.6397E+02
0011925   1.2913E+03  4.7423E+02 -1.7625E+02
0011926   1.4667E+03 -3.1446E+02  1.0600E+02
0011927   1.7112E+03 -2.8666E+02  2.3259E+01
0011928   6.2777E+02 -4.0633E+01 -7.6989E+01
0011929   3.7611E+02  1.8192E+02  1.9874E+02
0011930   6.6858E+02 -1.4488E+02  1.9913E+02
0011931   8.6808E+02  4.4414E+02 -1.7965E+02
0011932   1.6243E+03 -1.9707E+02  1.5066E+02
0011933   6.9285E+02 -3.8075E+02 -2.9726E+02
0011934   5.1171E+01 -8.6003E+01  5.2991E+01
0011935   6.0697E+02 -7.3364E+01  3.6158E+02
0011936   8.5044E+02 -1.3046E+02  8.3500E+02
0011937   8.9380E+02  4.0717E+02  1.5277E+02
0011938   9.5161E+02  3.2160E+01 -1.3398E+02
0011939   1.3694E+03 -8.6077E+02 -7.7742E+02
0011940   1.3702E+03 -3.6634E+02  5.8399E+02
0011941   3.3212E+02 -4.3101E+01 -3.0879E+02
0011942   9.9150E+02  2.8089E+02  7.4779E+01
0011943   6.3770E+02  2.2923E+02  1.4094E+01
0011944   1.1149E+03  8.3278E+01 -3.5446E+02
0011945   1.8595E+02 -1.1927E+02  1.3948E+01
0011946   4.6110E+02  8.5254E+01  3.8571E+02
0011947   8.4908E+02 -7.9825E+01  1.0198E+01
0011948   4.1694E+02 -1.6365E+02 -4.1460E+02
0011949   6.7841E+02  3.2323E+01  2.3711E+02
0011950   8.7666E+02  4.5658E+02  1.4851E+02
0011951   9.5691E+02 -5.4113E+01 -4.7602E+02
0011952   9.8544E+02 -3.4971E+02 -3.3823E+02
0011953   9.0334E+02  4.2414E+02 -2.0347E+02
0011954   7.8763E+02  1.9599E+02  4.0617E+02
0011955   7.4104E+02 -3.2499E+02 -7.8674E+01
0011956   1.0236E+03 -5.8356E+01 -1.7442E+02
0011957   1.5580E+02 -4.4867E+01  2.0751E+02
0011958   7.1419E+02 -6.3212E+01 -7.9193E+01
0011959   4.9482E+02  1.7109E+02  1.5435E+02
0011960   2.2377E+02  2.2581E+02  1.4045E+02
0011961   6.0157E+02 -4.5606E+02 -2.2618E+02
0011962   4.4311E+02  5.1203E+02  3.8887E+02
0011963   7.8706E+02  2.0884E+02 -1.6274E+02
0011964   9.3894E+02  2.2369E+02  5.0844E+02
0011965   7.5269E+02  6.0317E+01  1.0616E+02
0011966   5.8479E+02 -5.2876E+02 -2.9775E+02
0011967   1.1084E+03  1.2724E+02 -4.2501E+01
0011968   6.2765E+02  3.4358E+02  7.6652E+02
0011969   5.5460E+02  1.5830E+02 -8.7752E+01
0011970   5.7008E+02  3.1091E+02 -3.2695E+02
0011971   8.7294E+02  2.0699E+02  4.3816E+02
0011972   3.2570E+02 -4.0600E+02 -1.3806E+01
0011973   7.6349E+02  6.9703E+01 -2.4685E+02
0011974   4.9477E+02  1.0009E+02  4.9783E+01
0011975   1.2227E+03 -5.3278E+02 -8.4660E+02
0011976   9.1219E+02 -1.1815E+02 -2.8082E+02
0011977   1.2898E+03  1.1527E+01 -8.4570E+01
0011978   1.2388E+03  2.3478E+02  2.6940E+01
0011979   9.9653E+02  1.6347E+02 -7.0434E+02
0011980   8.4981E+02 -2.7014E+02 -3.2960E+02
0011981   7.0406E+02  3.6500E+02 -6.7031E+02
0011982   6.7272E+02 -9.5775E+02 -2.6437E+02
0011983   2.2487E+02 -4.4360E+02  2.7203E+02
0011984   5.1883E+02  7.5586E+01  4.8782E+01
0011986   1.1243E+03  7.5112E+02 -5.7300E+01
0011987   1.1719E+03  6.4937E+02  2.9003E+02
0011988   6.7154E+02 -7.0906E+02  1.0147E+02
0011989   2.9068E+02 -1.9870E+02  4.0356E+02
0011990   8.7059E+02 -2.5842E+02 -3.1280E+02
0011991   4.2423E+02  1.0552E+02  5.7811E+02
0011992   2.6718E+02 -2.6065E+01 -1.6192E+02
0011994   1.0798E+03 -1.5699E+02  1.1779E+02
0011996   3.7956E+02  5.2363E+01  2.2446E+02
0011997   9.2846E+02  9.4905E+01 -2.4047E+02
0011998   7.3882E+02 -7.4093E+02  2.4299E+02
0011999   4.4249E+02 -2.0877E+01  1.2435E+02
0012000   7.0369E+02 -1.3015E+02 -3.1893E+02
0012001   3.8492E+02  3.3581E+02 -2.7932E+00
0012002   4.4004E+02  2.7005E+02  6.8324E+02
0012003   8.6459E+02  2.0277E+01  9.0095E+01
0012004   6.9918E+02  1.1887E+02  3.4292E+02
0012005   7.0335E+02 -5.7332E+02  5.7311E+02
0012006   8.0623E+02 -4.8084E+02  1.2354E+02
0012007   1.7759E+03  2.5575E+02 -9.4389E+01
0012008   4.7408E+01 -2.6251E+01 -1.1421E+02
0012009   5.4931E+02 -3.3640E+02  3.3433E+02
0012010   6.0360E+02  8.4312E+00 -1.3681E+02
0012011   1.2130E+03  7.0385E+02 -9.4418E+02
0012012   6.0236E+02  2.7705E+02 -1.7124E+02
0012013   1.0213E+03 -5.7078E+02 -3.9123E+02
0012014   6.3469E+02  3.1959E+02  1.4425E+02
0012015   8.1357E+02 -4.4051E+00 -3.3729E+02
0012016   5.6257E+02  4.5468E+02  5.4079E+02
0012017   5.3245E+02 -7.5805E+02  5.8516E+02
0012018   4.7754E+02  1.6910E+02  8.2036E+01
0012019   1.2254E+03 -9.5397E+02  9.5349E+01
0012020   9.2691E+02  3.2247E+02 -3.0425E+02
0012021   9.2930E+02 -4.6611E+02 -1.1313E+02
0012022   5.5860E+02 -1.8661E+02 -2.2806E+02
0012023   1.2600E+03 -4.6606E+02  3.2440E+01
0012024   1.2728E+03 -4.9458E+02  9.0682E+01
0012026   7.3626E+02 -6.6870E+02 -1.0911E+02
0012027   7.4814E+02 -3.7266E+02 -5.1178E+01
0012028   6.3950E+02  5.6084E+02  4.2486E+02
0012029   9.2074E+02 -5.9146E+02 -8.2990E+01
0012030   8.0136E+02 -3.5324E+01  1.3476E+02
0012031   8.2508E+02  2.1048E+02  4.0404E+02
0012032   1.5278E+03 -1.8778E+02  9.2397E+01
0012033   4.8409E+01  4.3844E+02 -2.4975E+02
0012034   1.1243E+03  3.3322E+02  4.2099E+02
0012035   3.8508E+02  2.0298E+02 -2.9405E+02
0012036   4.9871E+02 -1.1439E+01 -5.3734E+01
0012037   4.3469E+02  2.0330E+02 -3.8386E+02
0012038   3.3957E+02  1.1935E+02 -1.2396E+02
0012039   9.2531E+02 -3.0926E+02  5.8430E+02
0012040   5.5454E+02  4.7019E+02  6.7424E+01
0012041   7.4893E+02 -4.1017E+02  2.5343E+02
0012042   9.1938E+02 -6.3706E+02 -2.5451E+02
0012043   2.6264E+02  2.2267E+02  6.5152E+02
0012044   3.7696E+02  3.1114E+02  1.3136E+02
0012045   6.6118E+02 -1.7407E+02 -2.3577E+02
0012046   4.5335E+02 -2.1135E+02 -8.1413E+02
0012047   5.8675E+02  5.5915E-01 -3.2589E+02
0012048   1.1185E+03  4.6700E+02  1.0433E+03
0012049   9.1338E+02  2.6356E+02  2.4764E+01
0012050   9.9430E+02 -7.1960E+01  1.1850E+02
0012051   1.0567E+03  1.1560E+02  9.2842E+01
0012052   8.2062E+02  2.9629E+01 -2.9599E+02
0012053   3.2879E+02  1.5904E+02  8.7231E+01
0012054   6.7469E+02 -4.9805E+02  6.7757E+01
0012055   4.3051E+02 -4.3053E+02  2.7049E+01
0012056   3.3594E+02 -1.2138E+02 -3.5165E+02
0012057   1.0725E+03  1.4037E+02 -3.4392E+02
0012058   1.2180E+03 -1.3792E+02 -8.5430E+01
0012059   4.1762E+01 -2.2904E+02 -2.0089E+02
0012060   4.2294E+02 -3.5593E+02 -6.4191E+02
0012061   4.6037E+02 -2.1628E+02  3.5880E+02
0012062   1.1565E+03  1.0717E+02  5.1450E+02
0012063   4.4029E+02 -7.8221E+01 -4.2025E+01
0012064   2.0059E+02  1.8588E+02  1.9664E+02
0012065   1.1398E+03 -3.1168E+01  6.4036E+02
0012066   8.9640E+02 -9.5960E+01 -6.9995E+00
0012067   9.5905E+02  7.0014E+02 -7.6642E+02
0012068   1.4413E+03 -1.7180E+02 -3.2804E+02
0012070   1.3409E+02  1.5123E+02  6.9774E+01
0012071   1.5712E+03 -2.6188E+02 -1.7204E+02
0012072   1.7145E+03  3.3255E+02 -2.6728E+02
0012073   1.1178E+03 -6.4703E+02  4.3375E+02
0012074   9.9675E+02  2.4164E+02 -5.6374E+02
0012075   8.0879E+02  2.6340E+02  1.2740E+02
0012076   1.1506E+03  2.1797E+02 -1.7930E+02
0012077   8.5777E+02  7.3776E+01  4.8660E+01
0012078   1.1795E+03 -3.5379E+02 -2.5945E+02
0012079   1.0351E+03  1.3392E+02  1.3577E+02
0012080   3.2021E+02 -5.5839E+01 -3.0484E+01
0012081   6.2491E+02  1.0105E+02 -9.2013E+01
0012082   2.5215E+02 -7.3461E+01  1.4210E+02
0012083   1.1315E+02 -2.3379E+02 -3.9672E+02
0012084   1.7178E+02 -2.9216E+02  1.0751E+01
0012085   1.3514E+03  1.5143E+02 -1.2642E+02
0012086   6.3518E+02  4.2868E+01  1.5640E+02
0012087   5.2462E+02  2.0755E+02  1.5016E+02
0012088   5.2703E+02  2.1284E+02 -5.8346E+01
0012089   1.1943E+03  1.1056E+02  8.9020E+01
0012090   8.8363E+02  6.3792E+01  2.9438E+02
0012091   2.8137E+02 -3.1240E+01  2.6625E+02
0012092   3.2802E+02  4.3524E+02 -2.3195E+02
0012093   5.0267E+02 -5.8700E+00  8.3886E+01
0012094   8.9476E+02  2.9048E+02  3.5751E+02
0012095   8.8942E+02 -3.0971E+02 -1.2685E+02
0012096   7.7075E+02 -3.9110E+02  3.1250E+02
0012097   3.2528E+02  2.4447E+02  3.3834E+02
0012098   6.9627E+02  1.0169E+01 -3.0235E+02
0012099   5.7178E+02  2.5775E+01  7.8124E+02
0012100   1.1405E+03 -1.1378E+02 -2.7532E+02
0012101   1.2276E+03 -5.5179E+02 -5.4000E+02
0012102   7.7633E+02  2.2817E+02 -1.4934E+02
0012103   4.9983E+02 -1.0065E+00  1.7454E+02
0012104   8.7636E+02 -9.6539E+01  2.7220E+02
0012105   2.2107E+02  1.9730E+02  3.8725E+01
0012106   1.2043E+03 -7.4677E+01  5.3540E+02
0012107   4.0113E+02 -2.9184E+02  4.5400E+02
0012108   6.8415E+02 -1.1770E+02  4.2769E+02
0012109   1.9442E+02 -1.7196E+02 -1.2801E+02
0012110   8.8759E+02  6.6307E+02 -5.5743E+01
0012111   4.5529E+02  8.6027E+01  4.0755E+02
0012112   1.3358E+03  1.8635E+02 -1.7626E+01
0012113   1.3014E+03 -3.3772E+02  3.3665E+02
0012114   5.2168E+02 -2.8529E+02 -2.9170E+01
0012115   5.6495E+02  2.0469E+02 -6.1594E+01
0012116   2.1467E+02  1.1752E+02  2.7332E+02
0012117   1.0974E+03  3.3472E+02  6.5665E+02
0012118   2.8003E+02  1.4132E+00  3.8283E+02
0012119   1.0914E+03 -2.1732E+02 -2.3994E+02
0012120   2.0682E+02  1.6972E+02 -1.6944E+02
0012121   7.9987E+02 -1.5650E+02 -2.7565E+02
0012122   7.1374E+02  4.4289E+02 -8.1358E+01
0012123   8.0768E+02  8.6101E+02  4.5485E+02
0012124   3.0824E+02  1.2618E+02  2.9845E+02
0012125   7.7297E+02 -3.1159E+02 -5.0179E+02
0012126   6.0081E+02 -5.6524E+00 -7.7859E+00
0012127   1.3498E+02  4.1375E+02 -4.4862E+02
0012128   1.0616E+03  3.0595E+01  3.2157E+02
0012129   6.0193E+02  3.4615E+02  3.6974E+02
0012130   3.9557E+02 -5.7656E+01  6.5304E+01
0012131   9.3931E+02 -2.8884E+02  3.1167E+01
0012132   6.4491E+02 -4.6858E+02 -3.8447E+02
0012133   2.2705E+02 -1.7371E+02  4.7493E+01
0012134   7.0793E+02 -2.0114E+01 -4.7493E+02
0012135   1.2825E+03  2.9916E+02 -4.4173E+02
0012136   8.5848E+02  2.5253E+02 -5.9814E+02
0012137   9.6967E+02  4.1517E+02 -4.8857E+02
0012138   2.7508E+02  1.0734E+02  4.8830E+02
0012140   4.1896E+02 -8.5617E+01 -3.4500E+02
0012141   9.9306E+02 -3.9896E+02 -4.7048E+02
0012142   5.5966E+01  1.1850E+02 -6.1115E+01
0012143   9.4097E+02 -6.3144E+01 -1.5099E+02
0012144   1.1942E+03 -1.5467E+02 -5.2373E+02
0012145   5.8938E+02  3.3676E+02  1.4058E+01
0012146   1.2353E+02  3.4771E+02 -2.0464E+01
0012148   5.2432E+02  5.5708E+02 -1.6242E+02
0012149   6.2786E+02  5.4884E+01  6.8141E+02
0012150   8.8362E+02 -8.7758E+02  3.4971E+02
0012151   3.3361E+02 -7.7523E+02  3.9949E+02
0012152   3.7527E+02 -4.1590E+02  4.2249E+01
0012153   7.2892E+02 -3.5370E+02 -6.8600E+01
0012154   1.2308E+03  1.2765E+02  9.1532E+01
0012155   1.2847E+03 -2.7119E+02 -6.9624E+02
0012156   5.5554E+02 -2.2716E+02  3.0183E+02
0012157   7.1690E+02 -3.4864E+02  6.8441E+01
0012158   2.7952E+02 -9.6415E+01 -1.7435E+01
0012159   6.4491E+02  4.2113E+02  3.0457E+02
0012160   3.2082E+02  6.0225E+01  2.3022E+02
0012161   8.6630E+02 -3.6590E+02  4.4813E+02
0012162   1.5873E+02 -2.1348E+02  3.9949E+01
0012163   5.9845E+02 -2.9212E+02  5.4765E+02
0012164   9.4307E+02 -7.8274E+02 -6.2265E+02
0012165   8.8563E+02 -2.7103E+02 -8.0386E+00
0012166   4.2172E+02 -9.0384E+01  1.4498E+02
0012167   6.2642E+02  8.7349E+01  2.8103E+02
0012168   7.5703E+02  3.7233E+02 -6.5007E+02
0012169   9.4845E+02  7.6164E+01  2.7086E+02
0012170   1.4709E+03 -6.0610E+02  3.8822E+02
0012171   1.9694E+02  2.8901E+02  2.6386E+02
0012172   1.4123E+03  5.8568E+02  6.5665E+02
0012173   7.5497E+02  2.1418E+02  3.7005E+02
0012174   6.0124E+02 -1.4524E+02 -5.6304E+02
0012175   1.3892E+03  3.3824E+02  3.8312E+02
0012176   2.4625E+02  1.7330E+02  5.3093E+02
0012177   2.4186E+02 -1.8193E+02 -2.2545E+02
0012178   8.1591E+02  5.9344E+02  1.7747E+02
0012179   7.4432E+02 -5.2017E+02 -1.8339E+02
0012180   9.6693E+02  3.0956E+02 -5.7160E+02
0012181   1.7426E+02 -1.0949E+02  3.0973E+02
0012182   1.1207E+03 -3.7357E+02 -5.2537E+02
0012183   1.3499E+03 -4.2020E+02  4.2860E+02
0012184   1.1668E+03  6.4306E+02 -5.0958E+02
0012185   1.9547E+02  6.0677E+01 -4.6140E+02
0012186   1.3898E+03 -5.4402E+02 -1.6193E+02
0012187   7.7063E+02  2.0079E+02 -2.6033E+02
0012188   5.0154E+02  1.4556E+02  6.6339E+02
0012189   7.0450E+02  3.2549E+02 -1.2157E+02
0012190   4.7630E+02  5.2031E+02  2.8231E+02
0012191   1.0201E+03  6.9770E+02  7.6431E+02
0012192   9.4236E+02 -2.3776E+02  1.8197E+01
0012193   1.5785E+02  4.8377E+02  2.5118E+02
0012194   9.3985E+02 -8.2996E+02 -4.8137E+02
0012195   3.5414E+02 -3.4034E+02 -2.6177E+02
0012197   1.3257E+03 -3.9499E+02  1.6802E+02
0012198   5.6986E+02  3.2381E+02 -2.9522E+02
0012199   1.1142E+03  1.8925E+02 -9.2677E+01
0012200   8.5563E+02  3.6259E+01  4.0310E+02
0012201   1.2600E+03 -2.2295E+02 -3.4812E+02
0012202   7.7774E+02 -1.2507E+02 -3.5499E+02
0012203   1.9629E+02  1.4710E+02  4.8565E+01
0012204   1.1686E+03  5.4790E+02  6.7354E+02
0012205   5.5030E+02 -6.1998E+01 -4.6691E+01
0012206   8.7155E+02 -3.3070E+02 -1.9543E+02
0012207   7.0333E+02 -8.1003E+01 -2.3972E+01
0012208   5.3713E+02  2.2649E+02  2.4564E+02
0012209   1.1305E+03 -1.2528E+02  4.3410E+02
0012210   3.8076E+02  1.6084E+02  1.8400E+02
0012211   6.2433E+02  3.0245E+02  4.6889E+02
0012212   1.1544E+03  9.9291E+02  4.0513E+02
0012213   8.8122E+02  4.6646E+02 -3.8872E+02
0012214   3.4404E+02  4.4103E+02 -2.5441E+02
0012215   8.7092E+02 -3.9851E+02 -4.8653E+01
0012216   5.0723E+02  5.8907E+02  8.6763E+02
0012217   1.0909E+03 -3.7243E+02  5.8509E+02
0012218   4.7668E+02  1.3276E+02  7.1869E+02
0012219   8.7824E+02 -9.8388E+00  2.2432E+01
0012220   1.3515E+03  1.9179E+02  2.8144E+02
0012221   1.3357E+03 -5.6126E+02  6.8816E+01
0012222   6.7726E+02  4.4390E+02  4.5402E+02
0012223   8.2166E+02  4.9177E+02 -8.8077E+02
0012224   6.7580E+02 -3.8350E+02  7.1454E+01
0012225   9.3703E+02  5.4827E+01 -2.3437E+02
0012226   1.2063E+03 -1.2175E+02  2.9080E+02
0012227   2.5932E+02 -2.7339E+02  2.8339E+02
0012228   1.0815E+03  2.0287E+02 -3.7267E+01
0012229   9.2218E+02  4.4184E+02 -4.4581E+02
0012230   6.0590E+02 -3.4349E+02  1.0830E+02
0012231   5.6489E+02  3.3019E+02 -1.1345E+02
0012232   5.5431E+02  4.0271E+02 -1.9792E+02
0012233   1.8050E+02 -4.0840E+02  1.2362E+01
0012234   1.3889E+03 -8.4351E+02 -1.9887E+01
0012235   3.6497E+02  2.5106E+02  1.1586E+03
0012236   2.3733E+02 -1.2786E+02  2.1851E+01
0012237   1.3624E+03  3.3510E+02 -5.4167E+01
0012238   7.5291E+02  1.6744E+02 -3.4453E+02
0012239   5.7406E+02 -1.2964E+02  1.9681E+02
0012240   1.9029E+02 -1.0272E+02 -3.0790E+02
0012241   4.3490E+02 -2.2588E+02  6.0954E+01
0012242   1.0134E+03  1.2101E+03  3.0507E+02
0012244   4.7834E+02 -1.1808E+02  3.6207E+02
0012245   8.3760E+02 -6.7625E+02 -3.7099E+02
0012246   7.8447E+02  6.1440E+02  1.3773E+02
0012247   4.8667E+02  7.6127E+01 -2.2343E+02
0012248   1.2080E+03 -3.0217E+02 -5.0979E+02
0012249   1.4225E+03 -1.0232E+02 -2.5484E+02
0012250   6.7963E+02  2.3427E+02  2.4427E+02
0012251   6.4929E+02  2.6599E+02 -1.5184E+02
0012252   5.2087E+02 -1.5587E+02  1.7699E+02
0012253   5.4648E+02  1.1719E+02  1.1288E+03
0012254   1.1905E+03 -1.3116E+02 -2.5415E+01
0012255   9.0662E+02 -1.7417E+02 -5.4759E+01
0012256   5.0222E+02 -6.4131E+01  7.3285E+02
0012257   1.9139E+02  7.0736E+01  1.1788E+01
0012258   2.6949E+02  5.3517E+01  2.1790E+01
0012259   1.0904E+03  1.5612E+02 -3.3698E+02
0012260   1.5645E+03  3.9767E+01 -2.5071E+02
0012261   4.0485E+02 -3.5511E+01 -5.4923E+00
0012262   1.2066E+03 -1.9759E+02  6.2529E+01
0012263   7.0747E+02 -1.6938E+02 -3.4516E+02
0012264   1.2020E+03 -1.1085E+02  2.6093E+02
0012265   1.2897E+03 -4.2146E+02 -1.9620E+02
0012266   1.0655E+03 -1.5920E+02 -4.8831E+01
0012267   6.8780E+02  1.0647E+03 -3.7562E+01
0012268   3.5214E+02  5.2116E+02  1.4845E+02
0012269   9.5989E+02  5.2674E+02  7.3776E+02
0012270   1.1879E+03 -3.3458E+02  3.8612E+02
0012271   1.1959E+03 -1.8735E+02 -2.5557E+02
0012272   4.0937E+02  1.3194E+02 -7.5398E+01
0012273   9.3789E+02 -8.3464E+01  1.3459E+02
0012274   7.9844E+02 -1.3302E+02 -4.6887E+02
0012275   5.7082E+02  3.0377E+00 -2.7424E+02
0012276   1.1201E+03 -6.7004E+01  7.1958E+00
0012277   1.2158E+03  6.0015E+01  6.6730E+01
0012278   2.8848E+02 -2.5975E+02 -4.3462E+02
0012279   1.4330E+03  3.1029E+02  3.8564E+02
0012280   9.1432E+02  1.0624E+03 -4.2764E+01
0012281   1.0120E+01 -1.0664E+01  6.0801E+01
0012282   1.0472E+03 -1.8192E+02 -2.2968E+02
0012283   7.9660E+02  3.4420E+02 -3.9994E+02
0012284   6.8872E+02 -1.9492E+02 -1.2410E+02
0012285   7.6091E+02  2.7617E+02 -3.7697E+02
0012286   3.0914E+02  8.5593E+02  1.3555E+02
0012287   3.8910E+02 -2.2802E+01 -9.4822E+01
0012288   8.1702E+02  1.4240E+01 -7.9833E+00
0012289   8.0372E+02  7.4788E+02  9.8922E+01
0012290   7.5255E+02  5.4244E+01  2.0193E+02
0012291   2.5636E+02 -4.0924E+02  5.9081E+01
0012292   1.1738E+03  6.2369E+02  1.0983E+02
0012293   1.1006E+03 -3.5371E+02 -3.3034E+01
0012294   8.7991E+02 -5.3821E+02 -5.6365E+02
0012295   6.5926E+02  6.1163E+02  4.1803E+02
0012296   7.1829E+02 -9.6625E+02 -2.2951E+02
0012297   6.0308E+02 -1.8570E+02 -4.3226E+02
0012298   9.7665E+02  4.3857E+01  7.6895E+02
0012299   1.1719E+03 -1.9403E+02  2.6541E+01
0012300   8.0840E+02  7.5507E+01 -3.1068E+02
0012301   6.7280E+02 -8.5635E+01  3.2540E+02
0012302   8.6657E+02 -1.1405E+02 -6.5860E+02
0012303   1.0360E+03  5.8736E+02  4.0801E+02
0012304   3.0826E+02 -1.9608E+02 -6.1665E+01
0012305   4.5058E+02 -1.7845E+02 -5.1790E+02
0012306   5.3233E+02 -2.3350E+02  3.9236E+02
0012307   1.1116E+03 -5.4828E+02  2.3809E+02
0012308   7.8408E+02  4.1165E+02 -8.9547E+00
0012309   9.5580E+02  2.3704E+02 -3.0032E+01
0012310   2.1572E+02  9.5076E+00  3.9721E+02
0012311   8.5585E+02  1.3340E+02 -8.5154E+01
0012312   4.7199E+02 -7.1338E+02 -1.2258E+02
0012313   6.1143E+02  3.4629E+02  4.6239E+02
0012314   4.7352E+02  4.8328E+01 -4.8855E+01
0012315   1.2998E+03 -2.8758E+02  4.8850E+02
0012316   1.1156E+03  3.3683E+02 -6.0700E+02
0012317   1.2845E+03  3.3744E+02 -1.9169E+02
0012318   8.4919E+02 -2.9815E+02 -5.2846E+02
0012319   1.0384E+03 -4.0325E+02  2.6649E+02
0012320   1.4826E+03  1.4502E+02 -8.2203E+02
0012321   6.1598E+02  1.8985E+02  3.8983E+02
0012322   3.7396E+02 -2.0073E+02  3.8074E+02
0012323   2.3841E+02 -7.5134E+00 -4.4754E+02
0012324   1.0726E+03  6.3788E+02  2.6739E+02
0012325   8.1449E+02  2.8646E+02  6.5029E+02
0012326   1.2567E+03 -1.9061E+01  1.3193E+02
0012327   8.5207E+02 -2.4528E+02  4.3111E+02
0012328   7.7788E+02 -2.5668E+02  4.6097E+02
0012329   5.1451E+02  3.6467E+02  4.2936E+02
0012330   4.9715E+02 -2.3788E+02  1.0294E+02
0012331   6.4972E+02 -2.9721E+02 -4.8496E+02
0012332   6.7696E+02  3.9123E+02 -6.1499E+02
0012333   9.7221E+02 -3.2734E+02  4.0686E+01
0012334   5.7569E+01 -2.9384E+02 -1.7823E+02
0012335   8.3815E+02 -9.7108E+01 -4.5550E+02
0012336   1.7840E+03 -1.0338E+02 -3.7328E+02
0012337   6.4436E+02 -1.5686E+02  1.1369E+02
0012338   5.4070E+02 -2.9651E+02 -2.8884E+02
0012339   7.2872E+02 -1.9719E+02  2.8824E+02
0012340   7.4133E+02 -1.6845E+02 -1.0366E+02
0012341   4.1845E+02  1.1209E+02 -1.8858E+02
0012342   1.1104E+03  7.0135E+01 -3.5219E+02
0012343   7.5229E+02 -8.4610E+01  7.6013E+02
0012344   9.1202E+02  1.1308E+02  3.3890E+02
0012345   2.5805E+02 -3.6520E+00 -2.4187E+01
0012346   1.1031E+03 -2.6775E+01  1.3807E+02
0012347   6.0517E+02  5.9524E+01 -1.9437E+02
0012349   8.2721E+02 -2.4896E+02 -2.6586E+02
0012350   8.5881E+02 -9.6622E+01  4.0421E+02
0012351   1.2950E+03  9.1967E+01 -1.0908E+02
0012352   7.3787E+02 -3.5148E+02  1.6367E+02
0012353   8.7306E+02  1.0849E+02 -5.5334E+02
0012354   5.8027E+02  1.9918E+02 -3.0085E+01
0012355   6.2543E+02 -2.4649E+02  3.9941E+02
0012356   3.7493E+02 -1.7930E+02 -2.6686E+00
0012357   1.0402E+03  3.0682E+02 -1.5877E+02
0012358   6.9165E+02  8.1255E+01  4.8075E+02
0012359   1.1872E+03  8.2266E+01 -2.7809E+02
0012360   1.1496E+03 -1.9893E+02  3.6883E+01
0012361   4.2141E+02  3.7921E+02  4.9833E+02
0012362   5.5905E+02  8.9011E+01 -7.0411E+01
0012363   1.1801E+03 -2.8086E+02 -5.4288E+02
0012364   5.8109E+02 -1.6825E+02 -2.9691E+02
0012365   4.0622E+02  5.7253E+01  1.8339E+02
0012366   5.3343E+02 -2.7929E+02 -2.2381E+02
0012367   1.0356E+03  5.3129E+02  3.9645E+01
0012368   3.9718E+02  1.8290E+02  2.9125E+02
0012369   7.7559E+02 -2.7468E+02 -4.7040E+02
0012370   3.9323E+02 -1.8319E+02 -3.4699E+02
0012371   5.3856E+02  5.3760E+02  2.4076E+02
0012372   3.3467E+02 -6.6345E+01  1.1245E+02
0012374   1.5688E+02 -1.6892E+02 -1.9209E+02
0012375   1.2982E+01  2.2697E+01  1.0962E+02
0012376   4.4709E+02 -5.0650E+02  2.3567E+02
0012377   1.1182E+03  3.7469E+02 -3.8722E+02
0012378   8.3135E+02  3.6565E+02 -2.6501E+02
0012379   1.4612E+03  7.4771E+01  4.2095E+02
0012380   1.9666E+02 -1.3883E+02  5.7108E+01
0012381   6.2424E+02  1.7759E+02 -4.4587E+01
0012382   1.1118E+03 -1.7162E+02  9.1651E+01
0012383   1.0271E+03  5.9392E+01 -8.4542E+02
0012384   3.3759E+02 -6.6694E+02 -6.4545E+01
0012385   9.1459E+02  4.8070E+02 -3.4736E+02
0012386   1.3298E+03  2.9621E+02  2.7579E+02
0012387   7.3113E+02 -1.6991E+01 -6.1441E+01
0012388   1.0997E+03  4.7519E+02 -2.6837E+02
0012389   1.1563E+03 -3.0828E+02 -5.0219E+02
0012390   7.7215E+02 -6.2935E+01 -4.1574E+02
0012392   7.8472E+02 -3.1503E+02  3.7506E+01
0012393   4.4333E+01 -6.2547E+01 -1.1644E+01
0012394   1.2260E+03  2.4859E+02 -2.9275E+01
0012395   5.6263E+02 -3.8753E+02 -2.9882E+02
0012396   1.1862E+03 -2.2353E+02 -1.0563E+02
0012397   4.1433E+02  1.1259E+02 -3.0621E+02
0012398   1.7408E+03 -5.0323E+02 -7.1026E+02
0012399   9.8178E+02  1.1722E+02  4.2735E+02
0012400   1.3235E+03  2.0515E+02 -5.8026E+02
0012401   1.1617E+02 -3.7533E+02  7.0095E+02
0012402   4.5686E+02  2.8259E+02 -1.8941E+02
0012403   8.6642E+02  2.0351E+02 -2.7194E+00
0012404   9.7353E+02  3.1253E+02  2.2969E+02
0012406   1.1683E+03 -3.7895E+01 -2.4786E+02
0012407   9.3726E+02  2.6365E+01 -1.4507E+02
0012409   1.0507E+03 -1.8614E+02  3.8723E+02
0012410   5.8455E+02  5.1807E+02  3.7192E+02
0012411   3.8209E+02 -2.4389E+02 -4.5478E+02
0012412   1.7844E+03 -2.7550E+02  3.0542E+01
0012413   1.1844E+03  4.4472E+02  1.1983E+02
0012414   8.7815E+02  2.1046E+02 -5.7325E+02
0012415   1.2601E+03  7.2962E+01  5.7267E+02
0012416   4.7787E+02  7.4382E+02  2.9705E+02
0012417   5.8812E+02  1.7231E+02  4.6143E+01
0012418   1.3217E+03 -4.0066E+02  1.1123E+02
0012419   9.7922E+02 -3.2603E-01  1.5738E+02
0012420   1.1493E+03 -6.4338E+02  2.9540E+02
0012421   3.7936E+02  4.5835E+02 -3.2503E+02
0012422   1.2558E+02  6.6530E+01  6.4843E+01
0012423   8.3507E+02 -4.7125E+02 -2.6056E+02
0012424   1.3860E+02 -1.0455E+02 -2.1556E+01
0012425   3.2344E+02 -9.1086E+01  1.4462E+02
0012426   7.9232E+02  1.2720E+03 -4.2246E+01
0012427   1.3588E+03  8.2889E+01 -1.6275E+02
0012428   1.0099E+03 -6.1440E+01  1.0645E+02
0012429   8.4502E+02  2.4548E+02 -3.5674E+02
0012430   6.9971E+02 -1.2931E+02 -1.8635E+02
0012431   1.2372E+03  2.1367E+02 -2.5788E+02
0012432   7.2387E+02  3.2396E+02 -3.6994E+01
0012433   1.0038E+03 -4.3347E+02  5.3940E+01
0012434   7.6135E+02  9.5527E+02  1.5097E+02
0012435   4.6820E+02  1.3272E+02  4.8598E+02
0012436   4.2704E+02  2.0527E+02  9.8311E+01
0012437   8.0175E+02 -2.0340E+02  3.7918E+02
0012438   2.7613E+02 -6.3150E+01  3.5711E+02
0012439   1.0099E+03  1.5144E+02  7.8801E+01
0012440   4.9064E+02  1.4161E+02  3.9088E+02
0012441   7.5638E+02 -7.5691E+00  1.2398E+02
0012442   3.5488E+02  2.9732E+02  1.8702E+02
0012443   4.9270E+02 -2.7648E+02 -1.3201E+02
0012444   1.1870E+03  1.1529E+02 -1.4333E+02
0012445   3.7474E+02 -2.4653E+02  2.5325E+02
0012446   1.1876E+03 -4.0970E+02 -1.4149E+02
0012447   7.9899E+02 -3.0560E+02  2.6546E+02
0012448   1.0170E+03 -1.3456E+01 -1.6810E+02
0012449   1.0758E+03  1.6642E+02  2.3826E+02
0012450   3.9986E+02  1.6803E+01 -3.7454E+00
0012451   9.8798E+02  4.1625E+01 -3.1145E+02
0012452   1.6352E+03  4.3943E+02 -3.5613E+02
0012453   8.0049E+02 -1.1112E+02 -3.0249E+01
0012454   1.8294E+02 -3.8435E+02 -1.7861E+02
0012455   4.4463E+02 -1.4207E+02 -5.9212E+01
0012457   6.2708E+02 -5.1410E+02  3.3740E+02
0012458   8.7956E+02  8.1482E+01  3.2681E+02
0012459   7.4847E+02  4.7180E+02 -6.0153E+02
0012460   1.0760E+03 -1.5056E+02 -1.5871E+02
0012461   1.2716E+03 -7.1467E+02  4.2286E+01
0012463   8.2735E+02 -2.4610E+02 -6.7291E+02
0012464   8.7936E+02 -5.3414E+01  9.6849E+01
0012465   5.9427E+02  3.6712E+02 -5.5251E+01
0012466   5.6273E+02  1.0883E+02 -1.2178E+02
0012467   5.8320E+02 -7.2814E+02 -1.6686E+02
0012468   6.3478E+02 -8.0343E+02  3.8783E+02
0012469   5.9104E+02 -5.3230E+02  2.5644E+02
0012470   6.3230E+02  9.2908E+01 -5.7535E+02
0012471   1.9840E+02 -1.1987E+02 -2.6579E+02
0012472   9.4664E+02  1.9288E+02  3.4723E+02
0012473   1.9513E+02 -3.3349E+02 -8.0135E+01
0012474   6.9439E+02 -9.4024E+02  4.7142E+02
0012475   6.3383E+02  6.8179E+02 -7.0528E+02
0012476   5.2847E+02 -1.5763E+02 -7.4050E+02
0012477   6.9600E+02  3.7320E+02  5.6232E+02
0012478   9.0014E+02 -1.1923E+02 -4.9207E+02
0012479   5.8621E+02 -4.1213E+02 -3.4501E+02
0012480   1.1272E+03  1.7304E+02 -7.0504E+01
0012481   6.3177E+01 -5.0294E+02 -1.8625E+02
0012482   1.3478E+03 -4.0817E+02  1.2409E+02
0012483   3.2382E+02  8.3990E+02  2.1067E+02
0012484   8.1889E+02 -2.8969E+01  7.0233E+02
0012485   5.2722E+02  2.7497E+02  3.0463E+02
0012486   1.1150E+03  6.9413E+02 -4.9840E+02
0012487   4.4520E+02  6.9688E+02  2.1651E+00
0012488   1.1508E+03  4.8657E+02  3.1086E+02
0012489   6.8406E+02 -5.4757E+02 -1.5233E+02
0012490   4.5670E+02  1.1752E+02  4.5125E+01
0012491   1.3100E+02  1.6751E+02  3.2014E+02
0012492   1.3061E+03  2.3425E+02 -3.4509E+02
0012493   6.8440E+02  1.8440E+02  2.6453E+02
0012494   1.0076E+03 -1.4570E+02 -2.3536E+02
0012495   3.4168E+02 -9.6706E+01  2.8592E+01
0012496   6.9384E+02  1.8071E+02 -2.0347E+01
0012497   1.0105E+03  6.7340E+02 -2.8840E+02
0012498   1.0718E+03  3.8010E+02  3.3269E+02
0012499   6.8369E+02  8.2499E+02  1.3425E+02
0012500   4.5987E+02  4.4721E+02 -5.8453E+02
0012501   7.4100E+02  2.2132E+02 -1.8226E+02
0012502   2.3492E+02 -9.1358E+01  1.9922E+02
0012503   8.4579E+02  4.8834E+02  3.2926E+02
0012504   9.3681E+02  7.1328E+02  1.7176E+02
0012505   1.0513E+03  1.4644E+01  3.3483E+02
0012506   5.9399E+02  3.7829E+02 -6.4594E+02
0012507   1.3224E+03 -6.9587E+02 -1.0194E+02
0012508   6.8700E+02 -3.6246E+02 -3.1866E+02
0012509   6.2368E+02 -2.0979E+02 -2.5612E+02
0012510   5.2596E+02  2.6585E+02 -7.7690E+01
0012511   3.7948E+02  2.4452E+02  3.6224E+02
0012512   6.2657E+02 -3.7775E+02 -2.1535E+02
0012513   8.6645E+02 -3.8141E+02  2.4361E+02
0012514   4.3682E+02 -1.5816E+02 -2.3505E+01
0012515   2.4002E+02  2.7161E+02  4.3224E+02
0012516   1.0103E+03 -6.9298E+02  6.5653E+02
0012517   1.1064E+03 -7.2641E+02 -5.5935E+02
0012518   3.0131E+02 -3.1020E+02 -7.4223E+02
0012519   8.9898E+02  5.6356E+02 -3.0558E+02
0012520   8.6594E+02 -4.4006E+02  2.8150E+02
0012521   9.1461E+02 -2.5386E+01  2.5242E+02
0012522   1.1392E+03  4.6909E+02  5.8448E+02
0012523   8.8265E+02  6.1314E+01 -4.3494E+02
0012524   1.0494E+03  1.9057E+02  8.8771E+01
0012525   2.6723E+02 -1.3682E+02 -5.9876E+00
0012526   3.0806E+02  5.2991E+02 -1.9637E+02
0012527   2.3978E+02 -6.5134E+02 -1.9454E+01
0012528   7.5900E+02 -2.7726E+02  5.5488E+02
0012529   1.3508E+03 -9.1830E+01  2.5722E+02
0012530   2.9417E+02 -8.8361E+01  1.2037E+02
0012531   5.3776E+02 -7.6187E+02 -9.3758E+02
0012532   1.0482E+03 -1.9725E+02 -1.1617E+02
0012533   1.0393E+03  1.5090E+02 -1.3650E+02
0012534   6.8782E+02 -1.7794E+02  3.4720E+02
0012535   6.8434E+02 -5.2115E+02  1.9758E+02
0012536   9.7525E+02  3.0232E+02  2.5103E+02
0012537   7.2356E+02 -2.9350E+02 -3.9157E+02
0012538   5.9051E+02 -3.0971E+02  1.9313E+02
0012539   1.8803E+02 -2.5589E+02  6.2733E+01
0012540   1.0349E+03  5.2522E+02 -1.0498E+02
0012541   2.7153E+02 -1.6888E+02  2.7308E+02
0012542   3.1298E+02 -4.9391E+02 -5.4412E+02
0012543   4.7801E+02  5.4604E+01 -5.1763E+02
0012544   3.5164E+02  6.1456E+02  3.9969E+02
0012545   4.1850E+02 -5.1872E+01 -4.3242E+02
0012546   9.5360E+02 -4.2657E+02  1.5976E+02
0012547   9.0604E+02 -2.8240E+02 -5.6968E+01
0012548   9.9899E+02  1.5778E+02  4.4440E+01
0012549   1.0869E+03 -4.0350E-01 -3.6386E+02
0012550   1.1791E+03  2.2259E+02  6.4559E+02
0012551   1.0619E+03  5.3686E+01  2.7060E+02
0012552   1.6470E+02  2.4710E+01  1.5235E+02
0012553   1.2988E+03  3.0379E+02 -1.8615E+02
0012554   9.2236E+02  3.9012E+02  2.2542E+02
0012555   1.2918E+03 -6.6918E+02 -2.4847E+01
0012556   5.3843E+02  1.4309E+02  3.7060E+01
0012557   1.9908E+02  1.0368E+02 -2.8966E+02
0012558   3.1038E+02 -1.7314E+02  4.6006E+02
0012559   7.3500E+02 -5.9662E+01  2.1018E+02
0012560   6.9068E+02 -3.1476E+02  1.0598E+02
0012561   1.6888E+02 -8.0103E+01  3.0343E+01
0012562   6.5344E+02 -1.6269E+02 -7.2933E+02
0012563   1.3154E+03 -1.0126E+02 -3.0590E+02
0012564   7.0170E+02  1.7467E+02 -3.7163E+02
0012565   7.7325E+02  1.6853E+02  3.0297E+02
0012566   8.9750E+02  2.4342E+02 -3.7710E+01
0012567   7.5343E+02 -4.1337E+02 -2.2968E+02
0012568   5.7041E+02 -9.0906E+02 -5.2008E+02
0012569   8.8035E+02  8.0930E+01  6.8321E+01
0012570   6.2895E+02 -1.3032E+02  7.7458E+01
0012571   7.9945E+01  2.1296E+02 -6.2270E+02
0012572   8.7493E+02  7.1548E+02 -7.9127E+01
0012573   7.8299E+02  1.3977E+02 -1.3090E+02
0012574   1.0577E+03  3.2403E+02 -5.5010E+01
0012575   1.1360E+03 -3.7546E+02 -5.1204E+02
0012576   8.1762E+02 -2.8023E+02  3.9126E+01
0012577   1.0315E+03  9.5149E+02  1.2304E+03
0012578   7.9701E+02 -5.2932E+01  7.8804E+02
0012579   8.6501E+02  3.1861E+02 -4.3202E+02
0012580   1.2455E+03  2.6265E+02  4.7585E+02
0012581   1.1001E+03  3.7028E+02  6.2569E+02
0012582   8.4438E+02 -3.4039E+02  8.1263E+02
0012583   4.5452E+02  2.8739E+02 -5.6213E+02
0012584   7.8842E+02  3.3038E+02 -9.3153E+01
0012585   6.4049E+02 -3.9315E+02  6.3153E+01
0012586   7.3017E+02 -1.8113E+02  1.0509E+02
0012587   1.3255E+03 -2.6072E+01  3.2148E+02
0012588   6.1938E+02  8.7189E+01 -1.5001E+02
0012589   1.5764E+03  7.5374E+02  4.4692E+02
0012590   3.9922E+02 -2.4632E+02  4.3225E+02
0012591   7.2493E+02 -3.1780E+02 -3.8561E+02
0012592   1.0143E+03 -6.1060E+02  1.7925E+02
0012593   5.2553E+02  3.0104E+02 -5.5810E+01
0012594   9.1738E+02  1.2673E+01  6.6854E+02
0012595   3.2103E+02 -7.5634E+02  6.7326E+02
0012596   4.5440E+02  3.9119E+02 -2.4520E+00
0012597   7.9440E+02 -2.5345E+02 -1.9781E+02
0012598   8.3354E+02  6.4773E+02  2.9257E+02
0012599   8.9743E+02  3.7688E+02  1.8538E+01
0012600   1.2155E+03 -3.2553E+02 -2.7682E+02
0012601   4.0523E+02 -9.1876E+01 -4.9175E+02
0012602   1.2262E+03  3.5949E+00 -9.8375E+02
0012603   2.3788E+02  1.0906E+02 -8.5713E+01
0012604   7.8725E+02  3.1606E+02 -5.6584E+02
0012605   3.6787E+02  2.4982E+01  3.4963E+02
0012606   6.5292E+02 -8.9207E+01  4.7330E+01
0012607   1.3467E+03  2.2976E+02 -1.3194E+02
0012608   1.1921E+02  3.1418E+02 -4.0152E+02
0012609   5.4127E+02 -1.9320E+02 -1.1421E+03
0012610   6.6845E+02 -1.3665E+02  2.0266E+02
0012611   1.5116E+03  6.9087E+02 -1.2488E+03
0012612   1.3219E+03  5.5699E+02  5.3182E+01
0012613   7.4292E+02  3.1972E+02 -1.4790E+02
0012614   7.5838E+02  5.2698E+02  3.6268E+00
0012615   7.9523E+02 -3.6264E+02  4.2629E+02
0012616   1.2044E+03 -6.4111E+02 -9.1576E+01
0012617   1.2079E+03 -2.5971E+02  2.1017E+02
0012618   7.3844E+01 -1.0462E+02 -4.8177E+01
0012619   7.7298E+02  2.5371E+02  4.1518E+02
0012620   1.2322E+03  2.0963E+02  1.7681E+02
0012621   2.0423E+02 -2.8836E+02 -2.5444E+02
0012622   1.2790E+03 -1.1654E+02  1.9174E+02
0012623   3.2941E+02  1.4157E+02 -4.8099E+01
0012624   7.6468E+02 -1.2900E+02  3.3041E+02
0012625   3.4756E+02 -1.2820E+02 -1.5471E+02
0012626   1.4664E+03  9.1606E+01 -3.2964E+02
0012627   1.2072E+03  6.7786E+02  1.9414E+02
0012628   6.4940E+02 -7.7221E+00  2.0165E+01
0012629   1.2100E+03  2.1285E+01  2.3012E+02
0012630   6.9181E+02 -7.5758E+02  3.9378E+02
0012631   4.9161E+02 -1.7615E+02  2.3252E+02
0012632   8.3320E+02 -2.5800E+02  2.9513E+02
0012634   1.1572E+03 -3.3496E+02 -2.8509E+02
0012635   1.0876E+03 -1.1716E+02 -1.7331E+02
0012636   3.8659E+02  1.1394E+02 -2.2865E+02
0012637   8.6293E+02 -5.2828E+02  9.3739E+00
0012638   9.4608E+02  2.2117E+02 -9.4584E+01
0012639   1.7668E+02  3.4296E+02  6.6798E+01
0012640   6.7770E+02  9.4227E+01 -2.1084E+02
0012641   2.9626E+02 -1.8098E+02  1.2481E+02
0012642   6.2221E+02  3.4654E+02  2.6025E+02
0012643   5.2106E+01 -2.1946E+02  5.3657E+01
0012644   5.9890E+02  3.0970E+02  2.8613E+02
0012645   6.1506E+02  1.6449E+02  8.5541E+01
0012646   6.8025E+02  9.8230E+00 -2.5638E+02
0012647   6.9058E+02 -4.8992E+01  8.1822E+01
0012648   3.3509E+02  2.0803E+02  1.9634E+02
0012649   5.5008E+02  3.6990E+02  7.8409E+02
0012650   1.1960E+03  3.1294E+02 -4.0685E+02
0012651   8.9605E+02 -6.6462E+02 -4.1722E+01
0012652   1.6576E+02 -2.3241E+02 -2.8429E+02
0012653   6.0190E+02  6.5179E+01  1.9686E+02
0012654   3.7323E+02  7.0862E+01  2.8849E+02
0012655   8.8740E+02 -4.4800E+02 -9.3460E+01
0012656   1.0950E+03  4.0743E+02 -1.6950E+02
0012657   7.3139E+02 -4.2281E+02 -3.6308E+02
0012658   4.2353E+02  4.9277E+02  1.0877E+02
0012659   2.6214E+02  1.9489E+02 -7.9471E+02
0012660   1.5567E+03  1.1448E+02  4.6259E+02
0012661   7.3185E+02  2.3820E+02 -6.4107E+01
0012662   1.0112E+03 -2.4626E+02  8.1703E+01
0012663   2.1564E+02  4.4365E+01  2.1130E+02
0012664   1.4571E+03  6.7305E+02  4.5133E+01
0012665   1.4627E+03  1.9153E+02  3.2636E+02
0012666   1.3187E+03 -3.2366E+02  5.2251E+02
0012667   8.3567E+02 -1.6505E+02  2.5743E+02
0012668   8.6537E+02  4.9570E+02 -5.8459E+00
0012669   1.4096E+02  2.9110E+02  3.6808E+02
0012670   6.2645E+02 -7.6633E+02  8.1132E+02
0012671   1.0954E+02  3.5677E+02  2.5883E+02
0012672   4.7436E+02  6.3272E+01  1.8973E+02
0012673   9.4262E+02 -2.3930E+02 -6.0466E+02
0012674   2.2093E+02  2.0913E+01 -5.0224E+02
0012675   1.1809E+03  6.7117E+02  4.7935E+02
0012676   3.9752E+02  3.1122E+02 -3.3508E+02
0012677   2.8022E+02 -3.7967E+01 -1.6190E+02
0012678   6.9201E+02 -4.9509E+02  1.0224E+02
0012679   7.9361E+02 -3.9521E+02  8.8973E+02
0012680   5.2929E+02  4.2608E+02  4.6150E+02
0012681   8.3272E+02 -1.1025E+02  3.5707E+02
0012682   5.8717E+02 -5.7024E+02  6.4484E+01
0012683   1.0373E+03  5.1896E+02 -3.8156E+01
0012684   4.2936E+02  2.2065E+02 -3.4802E+02
0012685   8.1981E+02 -5.7525E+02 -4.8137E+02
0012686   9.3115E+02  4.9640E+02  3.6296E+02
0012688   4.7416E+02 -4.0185E+01 -8.3926E+01
0012689   3.8973E+02  1.4747E+02 -7.4113E+01
0012690   1.4538E+02  8.7511E+01 -1.4466E+02
0012691   6.5526E+02  2.6646E+01 -3.5542E+02
0012692   9.6673E+02  5.8392E+01 -2.7536E+02
0012693   7.8348E+02  6.4150E+02  4.5641E+01
0012694   8.8118E+02  4.4931E+02 -2.2987E+02
0012695   4.3813E+02 -2.9618E+02 -2.8705E+01
0012696   4.5113E+02  1.2875E+02 -1.0132E+02
0012697   1.1831E+03  3.4156E+02 -2.3280E+02
0012698   1.9439E+02 -8.4261E+01  6.2439E+02
0012699   5.8558E+02 -9.4604E+01 -1.4221E+01
0012700   3.5699E+02 -1.0685E+02 -4.0195E+02
0012701   5.6702E+02 -9.6541E+01 -6.3221E+02
0012702   1.1607E+03 -4.8172E-01  3.8678E+00
0012703   1.0880E+03 -2.4469E+02 -5.6782E+02
0012704   1.3856E+03  6.8964E+02  6.8231E+02
0012705   5.8495E+02 -4.2337E+02 -3.9036E+02
0012706   7.1341E+02 -4.3689E+02  4.5041E+02
0012707   5.1100E+02  4.7959E+02 -1.0227E+02
0012708   8.4155E+02  1.9500E+02  4.2929E+02
0012709   1.2100E+03  5.0254E+02  1.9991E+01
0012710   1.2221E+03  5.0608E+02 -8.4770E+02
0012711   5.7427E+02 -2.0172E+02 -1.1653E+02
0012712   2.7465E+02 -6.0464E+01 -1.9352E+02
0012713   3.8754E+02  2.2678E+01  1.7621E+00
0012714   6.9400E+02  5.2617E+01 -5.0596E+02
0012715   1.6245E+03 -3.0361E+02 -2.9388E+02
0012716   2.1190E+02 -2.8487E+02 -3.1213E+02
0012718   6.3015E+02 -4.3098E+01 -2.5104E+01
0012719   4.2385E+02  5.7533E+02  2.4645E+02
0012720   7.1015E+02 -3.6136E+02  8.7199E+00
0012721   5.2944E+02  1.2477E+02 -4.6695E+01
0012722   4.7309E+02  1.3398E+02  7.9941E+02
0012723   7.7298E+02  5.4241E+02  1.5268E+02
0012725   9.2738E+02 -7.7355E+01 -2.6850E+02
0012726   3.0476E+02 -2.1400E+02  7.8783E+01
0012727   1.0597E+03 -3.5556E+02  7.7246E+02
0012728   8.4797E+02  1.2908E+01  1.5797E+02
0012729   1.0334E+03 -1.9099E+02 -7.0054E+00
0012730   1.2749E+03 -2.0191E+02  8.2061E+02
0012731   1.6178E+02 -7.3628E+01  2.3054E+02
0012732   5.6426E+02  7.2900E+01  2.1677E+02
0012733   1.2686E+03 -8.1822E+01 -2.6537E+02
0012734   7.2823E+02  4.1622E+02 -1.9569E+02
0012735   8.1355E+02 -1.6641E+02  1.2714E+02
0012736   7.6267E+02 -2.6383E+02  1.9988E+02
0012737   1.1753E+03 -5.4718E+02  3.2600E-01
0012738   6.6627E+02 -5.6683E+01 -4.5914E+02
0012739   6.0456E+02 -7.0119E+01 -2.9476E+01
0012740   4.9419E+02  2.4358E+02  2.3195E+01
0012741   7.0319E+02 -3.3855E+02 -1.8383E+02
0012742   9.7143E+02  5.5691E+02  4.6882E+02
0012743   4.9971E+02  1.4282E+02 -3.7492E+02
0012744   1.4956E+03  1.3674E+02 -2.2971E+02
0012745   1.2757E+03 -5.4697E+02 -3.1510E+02
0012746   6.0713E+02  1.3573E+02 -6.3053E+02
0012747   4.6091E+02  1.1542E+01  1.6988E+02
0012748   7.2231E+02  2.8152E+02  2.8063E+02
0012749   1.1120E+03 -4.1818E+02 -1.9660E+02
0012750   8.9158E+02 -5.6503E+02  4.8885E+02
0012752   1.2521E+03  2.4046E+02  8.2258E+02
0012753   6.8482E+02  1.3770E+02  1.5668E+02
0012754   3.2079E+02 -2.3154E+02  2.1140E+02
0012755   9.7390E+02  1.3457E+00 -1.4818E+02
0012756   1.5036E+03 -5.7071E+02  4.8937E+02
0012757   6.3704E+02 -4.6829E+01 -4.2217E+02
0012758   5.3443E+02  2.6970E+01 -2.9500E+02
0012759   5.3055E+02 -1.1295E+02  1.7897E+02
0012760   6.7155E+02 -9.0052E+01  1.3434E+02
0012761   1.5651E+03  1.2305E+02 -2.9611E+02
0012762   6.0994E+02 -9.7172E+01 -2.4779E+02
0012763   5.8631E+02 -2.3132E+02  6.0534E+01
0012764   8.3584E+02  3.4641E+02 -3.9253E+01
0012765   1.1529E+03  4.7249E+02 -6.4765E+01
0012766   1.4456E+03 -5.3223E+01 -6.4709E+01
0012767   7.6018E+02 -6.8037E+02 -6.7686E+02
0012768   8.2837E+02 -8.3526E+01  2.0074E+02
0012769   2.1980E+02 -4.0110E+02  1.2399E+02
0012770   1.1947E+03  2.0374E+01  7.6537E+02
0012771   8.9525E+02  1.4811E+02  5.4674E+02
0012772   5.9008E+02  9.0646E+02  1.1738E+02
0012773   1.3138E+03 -6.2591E+02  2.2902E+02
0012774   3.2061E+02 -2.4965E+02 -7.7784E+01
0012775   1.0161E+03  3.0281E+02 -1.1401E+02
0012776   1.1619E+03  6.6066E+02  1.1015E+03
0012777   9.5042E+02  6.3151E+02 -3.2439E+01
0012778   4.7020E+02  2.1177E+00 -5.6828E+02
0012779   7.2518E+02  5.0014E+02 -2.5406E+02
0012780   4.1427E+02  1.5341E+02  1.1016E+03
0012781   1.5887E+02  9.4298E+02  1.3464E+02
0012782   5.8074E+02  5.3473E+02  1.1576E+02
0012783   9.1042E+02  1.6861E+02 -3.8334E+02
0012784   1.0598E+03  4.4090E+02 -5.9106E+02
0012785   3.4019E+02 -1.5724E+01 -4.1724E+01
0012786   9.6327E+02  3.8961E+02  5.8830E+02
0012788   1.2946E+03 -2.6131E+02 -3.9480E+02
0012789   1.1674E+03 -2.4178E+02  1.1129E+02
0012790   6.8844E+02 -3.3833E+02  8.8055E+01
0012791   1.4348E+03 -7.2772E+01  1.1557E+02
0012792   6.6384E+02  1.9036E+02 -3.3270E+02
0012793   2.0530E+02  5.1116E+00 -2.4142E+02
0012794   3.0349E+02 -6.0356E+02 -2.1142E+02
0012795   5.1492E+02  2.2130E+02 -2.3374E+02
0012796   9.6118E+02 -5.3805E+01  1.1634E+02
0012797   1.5279E+03  4.0861E+02 -2.3856E+02
0012798   6.5239E+02 -5.9892E+02  6.7357E+02
0012799   9.6826E+02  3.0044E+02  7.0820E+02
0012800   1.0768E+03 -1.1330E+02  3.9587E+02
0012801   6.0902E+02  7.5658E+02 -8.8774E+01
0012802   2.4912E+02  1.5060E+02 -4.9622E+01
0012803   2.0527E+02 -1.4061E+02 -2.8034E+02
0012804   7.8845E+02 -6.6361E+01 -3.3524E+02
0012805   9.7144E+02 -3.9553E+02  7.7043E+01
0012806   1.1150E+03 -7.5416E+01  1.6034E+02
0012807   7.7936E+02 -3.2663E+02 -5.2466E+02
0012808   9.5291E+02  2.6718E+02 -7.1025E+01
0012809   2.1569E+02 -4.8634E+02 -3.0674E+02
0012810   5.3531E+02 -3.2789E+02 -7.5330E+01
0012811   8.0003E+02 -6.4106E+01  7.0380E+02
0012812   1.0131E+03 -4.4052E+02  4.0137E+02
0012813   3.2124E+02  2.0936E+02 -2.2636E+02
0012814   4.7858E+02  1.7348E+02 -3.4845E+02
0012815   6.9836E+02  3.7526E+02 -6.3893E+02
0012816   3.1348E+02 -1.6686E+02  5.6911E+02
0012817   5.7672E+02 -2.0441E+01 -3.7780E+02
0012818   7.0633E+02 -1.3873E+02  1.6625E+02
0012819   2.7608E+02  1.2335E+02  3.4269E+00
0012820   1.0688E+03  1.9803E+02 -8.7029E+02
0012821   5.0096E+02 -1.9550E+02 -1.0805E+02
0012822   1.0425E+03  1.1018E+02 -1.9452E+02
0012823   1.0500E+03 -2.1119E+02 -2.6321E+02
0012824   4.0885E+02  2.5602E+02  2.1374E+02
0012825   6.7798E+02  2.1406E+02  1.2028E+02
0012826   1.0681E+03 -9.7374E+01 -6.2601E+02
0012827   6.3120E+02 -2.2542E+02  7.1950E+00
0012828   1.5634E+03 -2.7788E+01  4.2944E+02
0012829   1.0187E+03 -8.8012E+01 -1.2994E+02
0012830   4.5506E+02 -4.2848E+02 -1.5775E+02
0012831   5.6692E+02  6.1077E+02 -4.0137E+02
0012832   2.7071E+02 -1.5851E+02  9.5734E+02
0012833   1.0377E+03 -2.0072E+02 -6.8814E+01
0012834   4.8785E+02 -5.9143E+02 -1.3938E+02
0012835   8.9812E+02  5.3269E+02 -2.0476E+02
0012836   4.7636E+02  9.3254E+01 -1.0601E+02
0012837   7.8083E+02 -2.2358E+02 -4.1377E+01
0012838   7.9072E+02  1.6224E+02 -3.3523E+02
0012839   1.1119E+03 -5.5722E+02 -5.3107E+01
0012840   4.6741E+02 -1.6771E+02  8.0170E+01
0012841   1.2581E+03  6.9452E+00 -8.2755E+01
0012842   8.8458E+02  8.2901E+01 -3.0672E+02
0012843   1.1733E+03 -1.2068E+01  2.7564E+01
0012844   9.1273E+02 -7.0882E+01  2.2742E+02
0012845   1.4185E+03  8.1493E+02  5.0855E+01
0012846   8.3433E+02  2.5492E+02  2.5555E+01
0012847   7.5697E+02 -2.0283E+02  1.7128E+02
0012848   9.8666E+02 -1.7831E+02 -7.0661E+01
0012849   1.0614E+03 -1.5735E+02  2.3775E+02
0012850   1.2125E+03 -2.4110E+02  3.6077E+02
0012851   1.3607E+03  4.3251E+02  3.6254E+02
0012852   7.7800E+02 -3.3321E+02 -9.8362E+01
0012853   1.2660E+03  3.9720E+02 -1.9923E+02
0012854   5.0514E+02  4.8829E+01  2.2418E+02
0012855   9.1524E+02 -5.9428E+02  3.5712E+02
0012856   5.3678E+02  5.1786E+02 -1.9617E+02
0012857   5.3133E+02  1.6700E+01  3.5826E+02
0012858   1.2689E+03 -9.1398E+02 -4.7661E+02
0012859   9.0781E+02  8.8707E+01  3.7962E+02
0012860   1.2598E+03  5.5446E+02 -3.4643E+02
0012861   1.7212E+02 -4.0647E+01  1.4653E+01
0012862   4.8636E+02 -3.8393E+02  2.9902E+02
0012863   1.1808E+03  1.3807E+02 -7.5692E+02
0012864   1.1999E+03  1.0232E+02 -1.0537E+03
0012865   1.1024E+03 -3.2688E+02 -2.4626E+02
0012866   6.7334E+02  2.1153E+02  2.1517E+02
0012867   1.0508E+03  4.4868E+02 -5.7850E+01
0012868   9.0180E+02  2.3702E+02 -6.2653E+02
0012869   8.9214E+02  2.6058E+02 -1.3737E+02
0012870   8.4352E+02 -1.3611E+02 -1.9061E+02
0012871   2.6664E+01  3.3940E+01  2.0338E+02
0012872   1.1759E+03 -2.4743E+02  3.5387E+02
0012873   5.8641E+02  3.7136E+01  3.2654E+02
0012874   8.5926E+02  3.3085E+02  1.7873E+02
0012875   3.3255E+02  3.1637E+02  3.2127E+00
0012876   6.5155E+02 -1.0673E+02 -1.1562E+02
0012877   5.7866E+02 -2.6806E+01  1.2351E+02
0012878   2.5296E+02 -4.1048E+02  4.8356E+02
0012880   9.2175E+02 -4.6532E+02  3.6506E+02
0012881   1.0181E+03  3.2697E+02  3.7391E+02
0012882   6.8874E+02 -4.0926E+02  1.1667E+02
0012883   6.9289E+02  6.9482E+02 -1.3798E+02
0012884   5.6548E+02  3.3590E+01  1.9941E+02
0012886   1.2042E+03  3.5174E+02 -1.0150E+01
0012887   1.5374E+02  4.8754E+01 -1.4081E+02
0012888   7.3119E+02  5.7948E+02 -3.0012E+02
0012889   5.8499E+02 -5.2705E+02  2.7911E+01
0012890   5.1351E+02  1.2116E+02  1.5918E+02
0012891   2.4894E+02 -1.0929E+02  3.1717E+02
0012892   5.9436E+02 -2.5937E+02  2.3666E+02
0012893   1.4875E+03 -3.0272E+02  1.6170E+02
0012894   5.8024E+02 -1.0568E+02 -3.7212E+02
0012895   7.4978E+02  2.3021E+02  2.6618E+02
0012896   1.0199E+03  1.5859E+02  1.0789E+02
0012897   5.2535E+02  1.6309E+01 -7.2548E+01
0012898   9.4478E+02  2.0796E+02 -3.7150E+00
0012899   1.1458E+03  3.6784E+02  3.6964E+02
0012900   6.0922E+02  4.4595E+01 -3.4523E+02
0012901   8.0305E+02 -2.5655E+01  8.7197E+01
0012902   8.1177E+02  2.1638E+02 -1.1373E+02
0012903   6.5580E+02 -1.9661E+02  8.2448E+02
0012904   2.9919E+02  3.5401E+02 -7.9333E+01
0012905   9.0694E+02 -1.9891E+02 -2.7587E+02
0012906   4.5261E+02  1.4805E+02 -3.9112E+02
0012907   1.4831E+03 -2.8556E+02  2.1799E+02
0012908   8.2262E+02  1.5267E+02  1.8221E+01
0012909   2.1997E+02  3.6839E+02 -3.5657E+02
0012910   1.0047E+03  1.9890E+02 -8.5379E+01
0012911   7.5940E+02  2.1124E+01 -4.3989E+02
0012912   2.1782E+02  5.7667E+01  1.0104E+02
0012913   4.2340E+02  1.9817E+02 -1.6728E+02
0012914   2.8227E+02 -1.1770E+01  1.1868E+01
0012915   9.7440E+02 -5.6844E+02  1.1393E+02
0012916   9.4351E+02  5.1314E+02  6.6877E+02
0012917   2.4911E+01  2.4524E+02 -3.2536E+02
0012918   4.9142E+02 -5.1267E+02 -4.8328E+02
0012919   7.6268E+01  2.3796E+02  4.2692E+01
0012920   9.6819E+02  7.0540E+01  5.5818E+01
0012921   5.1176E+02 -6.8781E+02 -4.6152E+02
0012922   1.7029E+02 -1.6731E+02  4.0110E+02
0012923   3.9823E+02 -1.0825E+02  2.3308E+02
0012924   1.0233E+03  6.7542E+02 -1.3950E+02
0012925   1.3242E+03  2.2145E+02 -1.6644E+02
0012927   7.0999E+02 -3.8581E+02  1.7983E+02
0012928   6.3964E+02 -2.6633E+01 -2.7795E+02
0012929   1.5190E+03  3.9913E+02  4.4165E+02
0012930   1.5305E+02  2.3915E+02 -3.9180E+01
0012931   1.1294E+03  4.2177E+02  3.0185E+02
0012932   7.7159E+02 -5.1367E+02  1.0044E+02
0012933   4.6751E+02 -9.2074E+02  7.8140E+02
0012934   4.4850E+02  6.3706E+02  2.9176E+00
0012935   4.5037E+02  5.2815E+02 -2.6535E+01
0012936   4.0363E+02  1.6126E+02 -4.8856E+01
0012937   7.7347E+02 -6.3084E+02  1.3019E+02
0012938   8.6288E+02  5.2022E+02 -5.6972E+01
0012939   1.1268E+03  4.0453E+02  1.5540E+02
0012940   4.2772E+02  1.3840E+02  1.4658E+02
0012941   1.1338E+03 -1.4612E+02  4.4200E+02
0012942   2.0342E+02 -5.9815E+02  6.2392E+02
0012943   1.3685E+03  5.7416E+02 -2.3415E+02
0012944   1.5458E+03  2.9631E+02  5.1958E+02
0012945   3.7396E+02  1.8817E+02 -1.2534E+02
0012946   3.3089E+02  4.0597E+02 -8.7706E+01
0012947   1.2698E+03  3.5196E+02  7.5749E+01
0012948   4.8501E+02  1.1261E+02 -4.3693E+02
0012949   1.4449E+03 -2.1340E+02  8.8996E+02
0012950   1.0960E+03 -2.6137E+02  8.5402E+01
0012951   9.1537E+02  5.6317E+02 -6.7640E+02
0012952   1.3670E+03  7.6081E+02  2.4619E+01
0012953   1.6655E+02 -1.5559E+02  1.8888E+02
0012954   7.3078E+02  3.9382E+02  7.2563E+02
0012955   8.6898E+02 -4.5780E+02  6.0270E+01
0012956   8.0384E+02  3.7804E+01 -1.3749E+02
0012957   8.6221E+02  3.2048E+02 -1.5517E+02
0012958   7.9541E+02 -5.6804E+02  6.6781E+02
0012959   6.9110E+02 -8.3794E+01  6.4557E+02
0012960   9.5045E+01  1.4826E+02 -2.6766E+02
0012961   1.1039E+03 -1.4969E+02 -5.8657E+02
0012962   4.6850E+02  1.0682E+02 -7.4124E+01
0012963   5.6763E+02  5.5365E+01 -9.5316E-01
0012964   7.5457E+02  2.7547E+02  2.3104E+02
0012965   1.0514E+03 -3.9865E+02  2.3888E+02
0012966   4.1356E+02 -3.6522E+02  3.8098E+02
0012967   8.2297E+02 -3.7604E+02 -7.0494E+01
0012968   2.2120E+02  8.5758E+02  2.8031E+02
0012969   1.2785E+03  1.1268E+02  2.3266E+02
0012970   1.0498E+03  3.0013E+02 -6.1851E+01
0012971   8.0907E+02  3.5480E+01  1.2243E+02
0012972   1.1679E+03  2.4788E+02 -3.6193E+02
0012973   1.3434E+03  2.0527E+02  2.8477E+02
0012974   7.0340E+02 -2.4759E+02  1.8102E+02
0012975   1.0969E+03 -2.6517E+01  1.0935E+03
0012976   9.3524E+02 -4.1737E+02  1.0991E+02
0012977   3.7593E+02 -1.5083E+02 -2.0443E+02
0012978   5.7823E+02  1.7769E+02 -5.6410E+02
0012979   9.0364E+02 -5.2618E+02 -6.0874E+01
0012980   2.0371E+03  4.6460E+02  3.8554E+02
0012981   6.0469E+01  7.4970E+02 -2.5747E+02
0012982   9.7182E+02  4.5743E+02 -4.9467E+02
0012983   8.4905E+02  4.3863E+02  3.1316E+02
0012984   1.3809E+03 -4.5083E+02 -2.4276E+02
0012985   8.0102E+02  1.4368E+02 -5.7587E+02
0012986   1.2545E+03  7.4310E+02  2.2815E+02
0012987   2.8787E+02  3.2084E+02 -2.7609E+02
0012988   4.4799E+02  3.6486E+02  5.9323E+00
0012989   6.4333E+02 -3.9571E+02  6.3279E+02
0012990   9.3217E+02  1.5078E+02 -2.0237E+02
0012991   5.9007E+02 -1.4920E+02  1.5116E+02
0012992   7.4835E+02  1.1790E+01  3.3153E+02
0012993   6.1616E+01 -5.9007E+00  7.4749E+01
0012994   7.0479E+02  4.5975E+02 -2.5095E+02
0012995   5.7102E+02 -1.1733E+03  1.0641E+02
0012996   5.0603E+02  2.3005E+02 -4.1253E+02
0012997   6.9146E+02 -2.1588E+02  1.9369E+02
0012998   2.3612E+02  7.9908E+02  4.5302E+01
0012999   1.2597E+03 -1.0641E+02 -3.4765E+02
0013000   3.7729E+02 -4.5642E+02  1.9233E+01
0013001   2.4553E+02 -6.2717E+02  3.2969E+02
0013002   3.9551E+02  8.6909E+01  2.3058E+02
0013003   7.9021E+02  2.9477E+01  6.3978E+01
0013004   7.5249E+02  3.1852E+02 -2.2244E+02
0013005   8.7769E+02 -4.3143E+02  1.3371E+02
0013006   1.1480E+03 -1.0523E+01 -3.6795E+02
0013007   4.3268E+02 -4.9996E+02  1.7803E+01
0013008   8.3866E+02  6.3503E+02 -1.2890E+02
0013009   8.3992E+02  4.2709E+02  5.7514E+02
0013010   9.0601E+02 -2.0321E+02 -1.0155E+02
0013011   3.5190E+02 -4.5389E+02  7.0607E+01
0013012   1.0719E+03 -3.1269E+02  7.1446E+02
0013013   1.1886E+03 -1.6661E+02 -2.7024E+02
0013014   1.0903E+03  3.3810E+01 -2.6347E+02
0013015   1.3247E+03  1.5520E+01  1.8364E+01
0013016   8.7799E+02  2.0051E+02  5.0769E+02
0013017   9.9753E+02  1.1274E+02 -3.7118E+02
0013018   7.7001E+02 -1.7730E+02 -4.4513E+02
0013019   8.7523E+02 -5.8432E+02  1.6324E+01
0013020   8.3118E+02  2.2501E+02 -2.4179E+02
0013021   1.1339E+03  4.8998E+01 -1.7990E+02
0013022   1.6740E+03 -2.4837E+01  3.7791E+02
0013023   8.7987E+02  1.2415E+02 -1.2321E+03
0013024   9.8492E+02  5.5196E+02 -5.0673E+02
0013025   7.7789E+02 -9.6135E+01  4.3448E+02
0013026   3.2223E+02 -2.9527E+02 -3.2673E+02
0013027   4.7469E+02  2.3351E+02  9.1789E+01
0013028   2.2291E+02  4.3015E+02  1.7665E+02
0013029   4.5704E+02 -3.5670E+02  1.5816E+02
0013030   1.5435E+02  2.6188E+02 -3.3353E+02
0013031   3.3231E+02 -9.7700E+01 -5.2254E-01
0013032   4.7947E+02  6.9586E+01 -3.4718E+02
0013033   1.1099E+03 -7.4388E+01 -4.4948E+02
0013034   2.6906E+02 -1.2940E+02 -1.0850E+02
0013035   1.1272E+03  8.7765E+02 -1.6376E+02
0013036   8.6847E+02 -1.3093E+02  4.2213E+01
0013037   2.2213E+02 -4.8624E+02  2.9544E+02
0013038   1.2029E+03 -1.3188E+02 -1.4292E+02
0013039   8.8178E+02  3.4650E+02  3.4879E+02
0013040   9.7597E+01  2.3999E+02  1.0615E+02
0013041   5.9242E+02  5.9609E+01 -3.2626E+02
0013042   7.6441E+02 -5.0462E+02 -7.2061E+01
0013043   4.0067E+01  8.0655E+02  1.3589E+02
0013044   1.2240E+03 -2.6427E+02  1.8927E+02
0013045   5.2896E+02  2.9173E+02  4.3191E+01
0013046   3.4903E+02  4.1320E+02 -5.7831E+02
0013047   1.3993E+03  1.8981E+02  5.8967E+02
0013048   6.0448E+02  4.6105E+01 -1.7831E+02
0013049   8.2383E+02  1.2104E+02  2.5930E+02
0013050   3.8108E+02 -2.0411E+02  1.9056E+02
0013051   5.6574E+02 -8.3796E+02  1.4511E+02
0013052   1.1855E+02  2.6099E+02  2.6784E+02
0013053   6.0063E+02 -2.4162E+02  3.7232E+02
0013054   6.1404E+02 -2.7717E+01  8.1243E+02
0013055   6.9771E+02  5.4283E+02 -3.3987E+02
0013056   7.1457E+02 -1.1104E+02 -3.8353E+02
0013057   1.9065E+02  1.1707E+01  2.1828E+01
0013058   7.1193E+02  2.7602E+02 -7.6512E+01
0013059   6.9113E+02 -2.1975E+02 -3.7299E+02
0013060   2.9997E+02  1.2454E+02  4.1873E+02
0013061   9.2971E+02 -8.8629E+01 -1.6834E+02
0013062   7.5959E+02 -7.4586E+02  3.8371E+02
0013063   1.2100E+03  4.4191E+02 -4.4958E+02
0013064   1.1876E+03 -3.1618E+02  2.8479E+02
0013065   4.7668E+02 -6.5057E+01 -4.2827E+02
0013066   8.6584E+02  5.3235E+02 -2.8768E+02
0013067   3.6230E+02 -1.2654E+02  1.6530E+00
0013068   5.2890E+02 -2.0143E+02  1.0048E+03
0013069   1.3706E+03 -6.2211E+02  3.1421E+02
0013070   1.1786E+03  3.1351E+02 -6.1299E+01
0013071   6.5783E+02 -1.7679E+02  4.9035E+01
0013072   5.5757E+02  3.2033E+02 -9.9992E+02
0013073   7.5374E+02  1.0496E+03 -2.3318E+02
0013074   7.6892E+02  2.4160E+02  3.5206E+02
0013075   1.2990E+02 -4.6093E+02  8.4520E+02
0013076   8.8424E+02  3.0402E+02  7.7117E+02
0013077   1.4152E+02  2.1702E+02 -4.2942E+02
0013078   9.1213E+02 -1.5107E+02  7.9864E+01
0013079   8.9895E+02 -1.4940E+02 -1.5815E+02
0013080   6.1338E+02  1.3603E+02  1.9322E+02
0013081   3.6605E+02  1.3372E+02  2.6258E+01
0013082   3.2876E+02  2.1294E+02 -3.4044E+01
0013083   6.0943E+02 -1.8948E+02  2.1610E+02
0013084   1.4623E+03  1.7655E+02  3.1400E+02
0013085   3.1830E+02 -2.1382E+02  1.0421E+02
0013086   8.2005E+02 -4.2640E+02 -2.3508E+02
0013087   1.0932E+03 -2.7247E+02 -2.2930E+02
0013088   8.0588E+02  8.2917E+01  4.6837E+02
0013089   4.9759E+02  4.4276E+01  1.5537E+02
0013090   1.6863E+03  1.5581E+02  1.9435E+02
0013091   5.6747E+02 -1.6171E+02  1.1533E+02
0013092   9.0041E+02  1.5860E+02 -2.6271E+02
0013093   9.7845E+02 -9.1334E+02  7.8850E+01
0013094   7.8870E+02  1.7248E+02 -1.6175E+02
0013095   6.0621E+02 -5.7315E+02  1.2236E+02
0013096   1.1733E+03 -6.9522E+01 -5.0636E+02
0013097   2.4439E+02  2.2824E+02 -4.1080E+02
0013098   4.5236E+02  1.1054E+02  2.6739E+02
0013099   5.6002E+02  1.8478E+02  1.2457E+02
0013100   1.2188E+03 -3.8609E+02  1.6916E+02
0013101   5.1531E+02  7.6042E+02 -6.7869E+01
0013102   6.7419E+02 -1.8775E+02 -7.8083E+02
0013103   1.1145E+03 -1.8463E+02  3.8199E+02
0013104   7.8525E+02  7.4158E+02 -4.3892E+02
0013105   1.1042E+03  5.8977E+02  1.2076E+02
0013106   8.9097E+02  2.5469E+02  1.8270E+02
0013107   3.7378E+02  3.4834E+02  5.3901E+01
0013108   6.5659E+02 -1.1330E+02 -4.6056E+01
0013109   9.8648E+02 -6.0396E+02 -3.6603E+02
0013110   1.3526E+03 -2.7960E+02  7.2784E+01
0013111   7.4596E+02  1.1524E+02  1.3871E+02
0013112   2.4120E+02  3.7426E+01  1.2492E+02
0013113   1.2379E+03  3.1909E+02  4.9786E+01
0013114   5.5102E+02  1.8926E+02 -2.1016E+02
0013115   1.2416E+03 -3.7349E+02  4.3647E+02
0013116   1.2067E+03  5.8647E+02 -2.8066E+02
0013117   4.5721E+02  3.4867E+02  3.5891E+01
0013118   1.2829E+02 -2.2347E+02  4.2770E+02
0013119   8.1916E+02  2.8539E+02 -1.5703E+02
0013120   5.5626E+02 -5.7796E+01 -9.5581E+01
0013121   5.4878E+02 -1.6727E+02 -2.2781E+02
0013122   1.2106E+03  3.2308E+02 -2.0289E+02
0013123   6.5119E+02 -4.5967E+02 -1.6989E+02
0013124   7.4773E+02 -1.4603E+01  2.9086E+02
0013125   7.4013E+02 -1.5699E+01  7.0087E+02
0013126   9.7903E+02  7.0175E+02 -3.4202E+02
0013127   1.3580E+03  1.8842E+01  6.3317E+01
0013128   7.4919E+01 -6.4784E+02  3.4366E+02
0013129   3.7554E+02  4.4243E+01  4.3188E+02
0013130   8.5968E+02  3.3894E+02  1.4432E+02
0013131   6.7151E+02  2.2691E+02  1.4730E+02
0013132   7.2343E+02 -3.7300E+02 -2.4483E+02
0013133   7.9709E+02 -3.6341E+00  8.8012E+02
0013134   6.3872E+02  4.9813E+02 -1.5506E+02
0013135   1.1656E+03  5.5135E+02  2.3874E+02
0013136   3.4120E+02  7.6591E+01  2.5801E+01
0013137   1.2080E+03 -6.7564E+02  1.7707E+02
0013138   2.6323E+02  2.1926E+02 -2.6526E+02
0013139   2.7880E+02  4.6185E+01  4.2397E+02
0013141   8.6524E+02  5.2556E+02  7.2342E+02
0013142   5.3563E+02 -1.6249E+02 -2.9551E+02
0013143   1.7908E+03  4.0855E+02 -2.9222E+02
0013144   5.9763E+02 -8.6522E+01 -1.9509E+02
0013145   3.3300E+02  1.1624E+02  4.2480E+02
0013146   4.4607E+02  1.8411E+02  6.3008E+02
0013147   6.6363E+01  6.8821E+02 -1.3113E+02
0013148   6.8706E+02  1.5937E+02 -1.7127E+01
0013149   3.4230E+02  1.8922E+01 -1.1152E+01
0013150   8.7061E+02  3.9735E+02  4.5957E+02
0013151   8.6441E+02  2.3670E+02  5.2544E+02
0013152   6.7334E+02 -1.0379E+01 -2.2040E+02
0013153   5.7550E+02  4.2926E+02  6.1762E+01
0013154   4.1355E+02  1.0619E+02  5.2051E+02
0013155   1.0804E+03 -4.5589E+02  4.5099E+02
0013156   2.7632E+02 -1.4301E+02  8.7773E+01
0013157   6.6050E+02 -5.6768E+02  9.4239E+01
0013158   8.6469E+02  2.6834E+02 -2.7178E+02
0013159   1.1983E+03  1.3145E+02  5.7658E+01
0013160   2.5817E+01  1.7595E+02  4.1421E+02
0013161   8.4223E+02  3.7677E+02  3.1776E+02
0013162   1.3857E+03 -6.8228E+02  1.0109E+02
0013163   8.4199E+02  3.2346E+02 -5.9433E+02
0013164   5.0736E+02  3.1186E+02 -1.7693E+02
0013165   9.9893E+02 -6.6562E+02  6.2978E+02
0013166   6.2641E+02  1.3468E+02  1.8415E+02
0013167   5.7401E+02  1.4045E+02  3.2855E+02
0013168   1.4223E+03  3.4351E+02  2.5028E+02
0013169   9.6319E+02  3.7205E+02 -2.9585E+02
0013170   7.3457E+02 -1.9989E+02  2.9463E+01
0013171   2.7429E+02 -6.7150E+01  2.8936E+02
0013172   1.0645E+03  1.9829E+02 -4.9890E+02
0013173   8.5666E+02  9.5710E+01 -1.0344E+02
0013174   8.9454E+02 -9.6304E+01  2.0298E+02
0013175   1.0811E+03 -1.3793E+02 -3.2047E+02
0013176   5.4240E+02  9.2714E+02 -6.8384E+02
0013177   4.6944E+02  1.4315E+01  2.9899E+02
0013178   3.1446E+02  1.4381E+00 -1.6979E+02
0013179   1.6260E+03  6.3162E+01  4.1884E+00
0013180   2.0162E+02  4.1703E+02  5.1716E+02
0013181   9.3570E+02  2.5280E+02 -1.0413E+02
0013182   4.0809E+02 -8.4368E+02 -1.0692E+02
0013183   4.8228E+02  1.1392E+02 -4.2396E+02
0013184   5.6810E+02  2.0806E+02  4.0696E+02
0013185   5.4922E+02  7.2176E+02  1.8523E+02
0013186   2.0598E+02 -6.2976E+01 -2.7120E+02
0013187   5.9382E+02  3.7610E+01 -1.7339E+02
0013188   1.0611E+03 -1.3483E+02  1.4265E+02
0013189   1.2318E+03  3.2936E+02  9.9681E+01
0013190   7.0128E+02 -3.1719E+02 -2.9323E+02
0013191   8.2439E+02 -5.2428E+01  3.5366E+02
0013192   7.8807E+02  2.0135E+02 -5.2605E+01
0013193   8.6342E+02 -1.9096E+02 -4.3019E+01
0013194   5.6529E+02  1.6964E+02  4.4564E+02
0013195   1.4600E+03 -3.7595E+02 -9.4524E+02
0013196   8.6490E+02  5.7041E+01 -8.2378E+02
0013197   2.4157E+02  2.2287E+02  3.3871E+02
0013198   4.6313E+02  2.3187E+00  8.1457E+01
0013199   1.2643E+02 -5.9123E+01 -9.1245E+01
0013200   1.0862E+03 -6.5005E+02 -3.7431E+02
0013201   5.3997E+02  2.5011E+01 -1.3912E+02
0013202   7.5997E+02 -3.9807E+02  2.5091E+02
0013203   9.5071E+02 -4.2185E+02  1.9057E+02
0013204   1.4529E+03  3.8322E+02 -1.8972E+01
0013205   4.3972E+02  7.1318E+02  4.1589E+02
0013206   2.1127E+02  2.9629E+02  7.9775E+02
0013207   1.2365E+03 -1.0026E+02  7.0930E+01
0013208   8.5668E+02  3.6056E+01 -1.9173E+02
0013209   1.3195E+02  1.2303E+02  5.9843E+01
0013210   1.2142E+03  2.4563E+02 -6.8923E+02
0013211   6.8574E+02  1.0367E+03 -5.0529E+02
0013212   1.1397E+03  5.6096E+02  7.5459E+02
0013213   1.9898E+02  4.4468E+01  1.0998E+02
0013214   3.9999E+02  2.5793E+02  5.3191E+02
0013215   1.3498E+03  1.3925E+02  2.2131E+01
0013216   5.3954E+02 -3.1640E+01 -1.1845E+02
0013217   8.8224E+02 -1.3294E+02  2.3307E+02
0013219   7.2062E+02 -3.8643E+02 -2.7028E+02
0013220   5.5549E+02  5.6073E+01  4.6934E+02
0013221   3.4739E+02  2.4048E+02  2.9172E+02
0013222   4.9781E+02 -3.3501E+02  2.9046E+02
0013223   6.2793E+02 -6.5354E+02 -1.0830E+03
0013224   4.3995E+02  4.4572E+02  1.4906E+02
0013225   8.4372E+02 -4.2383E+02 -2.3399E+02
0013227   6.7341E+02 -3.8008E+01  4.4648E+02
0013228   1.3742E+03  2.4003E+02 -2.9622E+02
0013229   8.4132E+02  1.5579E+02  7.8727E+02
0013230   9.0634E+02  1.1490E+02 -3.7406E+02
0013231   3.9580E+02  1.7782E+02  2.5726E+02
0013232   3.7121E+02 -3.7329E+02 -1.0567E+02
0013233   1.3857E+02 -5.2035E+02  3.3734E+02
0013234   1.1259E+03  1.3092E+01 -1.1673E+02
0013235   6.1928E+02 -8.2261E+01  2.7842E+02
0013236   1.0249E+03 -4.1826E+02  3.4702E+02
0013237   8.5790E+02 -7.0969E+02 -1.7496E+02
0013238   6.8271E+02 -3.1438E+02  4.4567E+02
0013239   9.1970E+02 -2.2726E+02  3.7725E+02
0013240   3.9307E+02 -2.7748E+02  4.0946E+01
0013241   9.2909E+02  1.1007E+03 -5.7247E+01
0013242   7.9680E+02  2.7360E+02  1.4168E+02
0013243   5.3135E+02 -3.2173E+01  7.0212E+02
0013244   2.5060E+02  2.5984E+02 -5.4966E+01
0013245   1.1410E+03  1.2238E+02 -5.4599E+02
0013246   7.8474E+02  2.2603E+02  1.9816E+02
0013247   7.5814E+02 -3.6911E+01 -2.7794E+02
0013248   5.7708E+02  3.0405E+02  3.6525E+01
0013249   9.2076E+02  3.9068E+02  9.0140E+01
0013250   8.2342E+02 -5.9833E+02  1.5573E+02
0013251   2.6201E+02  7.3783E+01 -4.8777E+02
0013252   5.5050E+02 -6.0084E+02  6.2086E+01
0013253   6.7456E+02  3.2399E+02  1.0393E+02
0013254   1.0971E+03  1.4615E+02  6.5958E+02
0013255   6.4067E+02 -6.5234E+02 -4.5650E+02
0013256   4.5174E+02 -6.3995E+02  7.6522E+01
0013257   6.0529E+02 -6.5338E+02  1.3662E+02
0013258   9.0599E+02 -2.3956E+02  4.3782E+02
0013259   3.2936E+02 -3.4068E+02  1.4510E+02
0013260   1.6385E+02 -1.6415E+01  7.0785E+01
0013261   4.9656E+02 -4.9737E+02 -1.7672E+02
0013262   1.1741E+02  1.0842E+02 -5.4420E+00
0013263   6.5766E+02 -2.1658E+02 -1.7247E+02
0013264   1.2919E+03  2.2424E+02  1.3857E+02
0013265   1.0221E+03 -4.2537E+02 -1.9852E+02
0013266   7.7426E+02 -6.2804E+02 -2.2551E+02
0013267   4.7295E+02 -2.2470E+02 -6.4659E+02
0013268   3.3732E+02  1.3108E+02  1.3327E+02
0013269   3.3146E+02  2.3809E+02  5.8637E+01
0013270   9.7765E+02 -4.0667E+02  2.4956E+02
0013271   1.1656E+03  5.1974E+01  1.4578E+02
0013272   6.3323E+02 -3.6603E+02  6.4094E+02
0013273   7.0192E+02 -1.6165E+02  2.0685E+01
0013274   1.1709E+03  6.3625E+02 -9.8917E+00
0013275   1.8013E+02  2.7515E+02  1.1414E+02
0013276   6.2534E+02 -2.6266E+02  4.5267E+02
0013277   9.6627E+02  1.3205E+02 -2.9324E+02
0013278   4.4690E+02  3.7357E+02 -1.0764E+02
0013279   7.5518E+02 -3.1156E+02  4.0850E+01
0013280   8.3447E+02  6.0882E+01 -1.1264E+02
0013281   1.3752E+03  3.8328E+02 -4.8360E+00
0013282   5.6202E+02 -2.4787E+02  2.2532E+02
0013283   1.3401E+03 -3.5616E+02  5.8727E+02
0013284   1.0621E+03 -1.2429E+02  3.6503E+01
0013285   9.7253E+02  6.9066E+01 -1.1906E+02
0013286   8.6438E+02 -6.9536E+02  7.7529E+01
0013287   7.3511E+02 -5.9850E+02 -3.5109E+02
0013288   1.8829E+03  5.2179E+02  4.4140E+02
0013289   8.0613E+02  8.6120E+01  4.0753E+02
0013290   8.9222E+02 -3.5563E+02  3.3081E+02
0013291   6.6688E+02 -2.4077E+02 -1.1526E+02
0013292   1.2042E+03 -2.8868E+01  2.8881E+02
0013293   2.1835E+02  3.8074E+02 -1.5090E+03
0013294   9.4200E+02 -6.3998E+02 -8.8655E+02
0013295   5.0712E+02 -1.0592E+02 -2.1965E+02
0013296   1.0731E+03  4.6196E+01  8.6911E+02
0013297   5.7086E+02  5.8134E+02 -4.6334E+01
0013298   5.9891E+02 -9.2390E+01 -5.3980E+02
0013299   7.3927E+02 -1.2813E+02  1.8908E+02
0013300   7.2521E+02 -3.9558E+02  2.2221E+02
0013301   7.1793E+02  6.0446E+02 -2.0900E+02
0013302   7.5434E+02  1.4291E+02  4.9256E+01
0013303   7.2624E+02  2.7533E+02  2.3606E+02
0013304   8.8246E+02  4.5075E+02  1.1433E+01
0013305   3.8251E+01  2.8294E+02 -2.4591E+02
0013306   2.6379E+02 -2.5748E+02 -2.6072E+02
0013307   5.1270E+02 -3.2996E+02 -1.3981E+02
0013308   5.2186E+02 -1.4692E+01 -4.1109E+02
0013309   4.8426E+02 -1.9535E+02 -3.2174E+02
0013310   7.8119E+02  3.0023E+02  1.3722E+02
0013311   1.5442E+03  6.5022E+01 -8.2758E+01
0013312   5.0220E+02 -1.0801E+02 -2.2085E+02
0013313   4.7348E+02  1.0906E+03  7.4132E+01
0013314   1.5775E+03 -1.9482E+02  2.1605E+02
0013315   8.2386E+02 -7.5503E+01  3.5472E+02
0013316   9.6121E+02 -1.1282E+02  3.2283E+01
0013317   1.0409E+03  4.9055E+02 -3.6872E+02
0013318   1.2972E+03 -4.7749E+02 -6.5577E+02
0013319   2.6845E+02  1.5763E+02 -5.8143E+01
0013320   7.0069E+02 -2.9193E+00 -1.9129E+02
0013321   9.1349E+02  2.7340E+02  4.3704E+02
0013322   9.5107E+02  7.5627E+02 -1.8598E+02
0013323   2.1447E+02  2.3406E+02  2.3527E+02
0013324   3.3196E+01 -1.5612E+02  2.4512E+00
0013325   4.3904E+02 -3.9897E+02  4.5622E+01
0013326   8.8126E+02  1.6130E+02  1.4861E+02
0013327   5.4361E+02  2.3229E+02 -3.0708E+02
0013328   7.8875E+02 -2.7946E+02 -4.7445E+02
0013329   3.0341E+02 -7.4392E+01  9.8543E+01
0013330   3.2209E+02  6.1957E+01  1.6304E+02
0013331   4.7885E+02 -2.2486E+02  2.5360E+02
0013332   4.3552E+02  2.0608E+02 -2.2049E+01
0013333   9.0858E+02  1.7309E+02 -1.1879E+02
0013334   1.0307E+03  4.2122E+02 -2.3491E+02
0013335   7.9756E+02 -1.6280E+02  1.5362E+02
0013336   6.1259E+02 -2.2111E+02  2.7345E+02
0013337   5.8076E+01  7.9581E+00  5.5333E+01
0013338   6.8330E+02 -5.4518E+02  5.1701E+02
0013339   3.0901E+02 -2.9466E+02 -4.6013E+02
0013340   9.9597E+02  2.5944E+02  2.2586E+02
0013341   2.9194E+02 -7.8937E+02  2.4368E+02
0013342   8.4593E+02 -3.0953E+02 -1.1068E+03
0013343   2.9266E+02 -5.3915E+02  7.8268E+02
0013344   3.9366E+02 -1.6874E+02  2.8360E+02
0013345   7.2760E+02  6.3329E+02 -3.3298E+02
0013346   8.2295E+02  3.1441E+02  5.0700E+02
0013347   8.2978E+02  1.1247E+02 -3.2949E+02
0013348   1.0124E+03  6.3565E+02  1.2923E+02
0013349   1.6854E+02  4.8452E+02 -9.8699E+02
0013350   1.0155E+03  2.6142E+02  6.4744E+02
0013351   9.1137E+02 -5.2765E+02 -7.5423E+02
0013352   4.5184E+02 -4.1502E+02  2.8703E+02
0013353   1.5552E+03  1.6278E+02 -1.3537E+02
0013354   1.3194E+02 -2.5978E+01 -3.4779E+02
0013355   9.4842E+02 -1.7148E+02  9.2649E+02
0013356   9.8105E+02  4.2070E+02  4.7495E+01
0013357   5.9192E+01 -6.8386E+02 -2.0424E+02
0013358   4.0802E+02 -4.4836E+01 -3.5520E+02
0013359   8.4275E+01  2.2212E+02 -6.5694E+01
0013360   8.0745E+02 -2.6546E+02 -2.3016E+02
0013361   9.6219E+02 -3.5059E+02  2.1379E+02
0013362   2.2117E+02 -9.3239E+01  6.3009E+01
0013363   5.9796E+02 -2.2971E+02  1.1229E+03
0013364   3.6172E+02  2.5052E+01  4.4782E+01
0013365   2.9955E+02 -8.7310E+01  2.3581E+02
0013366   1.2499E+03  3.8008E+01  3.5473E+02
0013367   5.3453E+02 -1.1960E+02 -3.4307E+02
0013369   1.0676E+03  2.9407E+02  1.1921E+02
0013370   1.2263E+03  4.4800E+02 -1.4991E+02
0013371   1.1790E+03 -6.0679E+01  9.9538E+01
0013372   9.6859E+02 -2.5995E+02 -6.7093E+02
0013373   7.3889E+02 -6.1605E+01 -4.9607E+00
0013374   1.2397E+03  1.2033E+02 -3.9722E+02
0013375   1.0474E+03 -9.3963E+01  1.6494E+02
0013376   7.4810E+02 -1.9515E+02 -4.3875E+01
0013377   3.6947E+02  3.4083E+01 -9.9217E+01
0013378   3.5938E+02  2.5068E+00 -1.1671E+02
0013379   9.9186E+02 -4.1703E+02 -1.5307E+02
0013380   1.0833E+03  1.1111E+02  3.6605E+02
0013381   6.9287E+02  4.1369E+01 -3.3418E+02
0013382   9.7085E+02 -3.7894E+02 -1.0959E+02
0013383   9.3358E+02 -2.7099E+02 -1.3198E+02
0013384   1.9374E+02  7.4467E+01 -7.1004E+02
0013385   5.1042E+02 -2.2107E+02  7.2974E+01
0013386   4.6826E+02 -7.1047E+02 -3.1248E+02
0013387   5.5575E+02  2.4004E+01  1.1032E+02
0013388   1.0818E+03 -7.1262E+02  3.3551E+02
0013390   8.3625E+02  6.4876E+01 -1.0551E+03
0013391   6.6906E+02 -3.0327E+02  5.0063E+01
0013392   5.0645E+02  5.2419E+01  2.7701E+02
0013393   7.9806E+02 -6.2344E+02  3.5272E+02
0013394   1.1165E+03 -8.9058E+02 -4.4397E+02
0013395   6.8555E+02  1.9286E+02  2.9926E+01
0013396   9.7723E+02 -1.2518E+02  2.0007E+02
0013397   8.3981E+02 -1.6805E+02  4.2517E+02
0013398   3.5666E+02  6.4229E+01  1.3363E+02
0013399   6.2813E+02 -8.9352E+01  1.6119E+02
0013400   4.9596E+02  3.3496E+01  1.0415E+02
0013401   1.3379E+03  3.2190E+02  3.6414E+00
0013402   9.9603E+02  1.1257E+02 -2.3739E+01
0013403   5.2937E+02 -4.8069E+02  1.0837E+03
0013404   2.5018E+02  1.2564E+01 -2.6009E+01
0013405   1.2520E+03  5.0175E+02  5.2913E+00
0013406   7.7289E+02  2.0862E+02 -4.1016E+02
0013407   1.1996E+03  7.3405E+02 -4.0752E+02
0013408   6.6970E+02 -3.7292E+02 -6.3911E+02
0013409   7.1653E+02  2.9215E+02 -6.0701E+02
0013410   1.9556E+01  4.7169E+00 -8.3052E+00
0013411   7.9638E+02 -7.3481E+01 -3.0889E+02
0013412   1.0963E+03  5.9931E+02 -5.3737E+02
0013413   6.6675E+02 -9.0663E+01  2.1503E+02
0013414   6.2998E+02 -3.5531E+02  2.3686E+02
0013415   6.2438E+02  1.5881E+02  6.3804E+02
0013416   1.3087E+03  3.0104E+01 -5.5720E+01
0013417   1.3676E+02  7.4953E+01  1.4214E+02
0013418   9.4765E+02 -1.1336E+02  2.1963E+02
0013419   8.4802E+02 -5.7456E+01  6.4391E+02
0013420   4.5415E+02 -2.5950E+02 -5.6901E+00
0013421   3.9075E+02 -3.3493E+01 -3.2968E+02
0013422   4.3367E+02  2.1340E+02  7.5202E+02
0013423   1.2079E+03  7.4171E+02 -1.9477E+02
0013424   9.9086E+02  1.5642E+02  1.6930E+01
0013425   9.4278E+02 -3.2121E+02  1.6931E+02
0013426   7.9652E+02  3.9375E+02  6.8522E+00
0013427   8.3701E+02 -5.5877E+02 -2.4423E+02
0013428   1.1019E+03  1.9659E+02 -1.7002E+01
0013429   6.0283E+02 -3.3785E+02  2.2099E+01
0013430   3.1120E+02  1.0547E+02  5.8427E+01
0013431   4.2920E+02  6.1193E+02  6.1159E+02
0013432   1.2967E+02  4.1289E+02 -1.9526E+02
0013433   1.2300E+03 -4.1086E+02 -2.9806E+01
0013434   9.4556E+02 -3.4119E+02 -5.6857E+02
0013435   7.0261E+02 -2.8349E+01  6.5982E+01
0013436   6.8031E+02  5.7260E+01  2.5780E+02
0013437   4.3950E+02  2.1093E+02 -2.5039E+02
0013438   4.2448E+02 -2.3366E+02  5.0916E+02
0013439   8.5726E+02 -2.3760E+01  1.5680E+02
0013440   7.4099E+02 -3.7008E+02  3.7789E+01
0013441   4.9887E+02  5.4548E+01  9.7594E+01
0013442   2.2068E+02  2.7307E+02  2.8131E+01
0013443   9.2835E+02  4.6441E+02 -4.8760E+02
0013444   4.3840E+02  1.0410E+02 -3.2172E+02
0013445   4.6191E+02  6.7950E+02 -7.0679E+02
0013446   9.2524E+02  4.7869E+02 -4.1776E+02
0013447   2.7024E+02 -3.8206E+02 -7.2920E+02
0013448   1.1135E+03  4.6443E+02 -1.7974E+02
0013449   1.0762E+03  4.4757E+02  2.2062E+02
0013450   7.6964E+02 -2.0112E+02 -1.0339E+01
0013451   5.7293E+02  1.2799E+02 -7.7739E+01
0013452   3.8034E+02  1.5451E+02  5.5839E+01
0013453   4.9192E+02 -5.6278E+01 -3.7351E+02
0013454   2.6805E+02  2.7075E+01 -4.6884E+02
0013455   2.3372E+02 -3.0928E+02  5.5297E+02
0013456   7.4184E+02 -3.8970E+02  1.5592E+02
0013457   6.0687E+02  2.8186E+02  6.1775E+02
0013458   1.3581E+03 -7.1789E+02 -3.1937E+02
0013459   5.1752E+02 -9.1950E+02  2.9176E+01
0013460   5.2147E+02  7.6254E+02  1.3977E+01
0013461   7.9374E+02  5.3711E+02  7.6387E+02
0013462   4.3221E+02 -3.6128E+02  5.4921E+02
0013463   1.4421E+03  1.4817E+02  1.1153E+02
0013464   1.0890E+03  3.4809E+02  7.1416E+01
0013465   4.6644E+02  2.3017E+02  1.4245E+02
0013466   9.9567E+02 -4.9171E+02 -1.3584E+02
0013467   4.3561E+02 -7.1970E+02  2.2117E+02
0013468   1.1100E+03  1.0007E+02 -5.1021E+02
0013469   1.0111E+03 -6.1372E+01 -3.4087E+02
0013470   1.0795E+03 -1.8863E+02  2.2488E+02
0013471   1.0154E+03  1.3210E+02 -3.9183E+02
0013472   1.5151E+03 -1.8741E+01 -3.3602E+02
0013473   5.9128E+02 -3.8006E+02  3.0842E+02
0013474   1.6489E+03  2.2529E+02  3.2137E+02
0013475   9.4269E+02  4.8392E+02  1.9787E+01
0013476   4.2160E+02 -1.7716E+02  5.7181E+02
0013477   7.7900E+02  5.7607E+02 -5.8362E+02
0013478   1.2393E+03 -3.2865E+02 -4.0755E+02
0013479   1.3107E+02 -2.8258E+02 -2.8947E+02
0013480   5.9469E+02 -6.6130E+02  4.6311E+01
0013481   9.6471E+02 -9.0817E+01  3.2901E+02
0013482   4.7052E+02 -3.7794E+02 -1.9251E+02
0013483   9.8136E+02 -3.3990E+02  6.7495E+02
0013484   1.0286E+03  7.9786E+01 -4.3103E+02
0013485   7.2889E+02  4.9004E+02  5.2552E+02
0013486   3.4706E+02 -6.3825E+02  1.3405E+02
0013487   5.2925E+02 -6.9843E+02  1.6653E+02
0013488   1.3603E+03  6.2951E+01 -3.8121E+02
0013489   5.0989E+02  2.6902E+02 -4.2285E+02
0013490   2.2511E+02 -3.1859E+02 -3.6634E+02
0013491   5.0214E+02 -4.3107E+01  3.4143E+01
0013492   4.8996E+02 -2.8428E+02 -3.5635E+02
0013493   7.3255E+02 -2.9514E+02  1.0627E+02
0013494   5.4648E+02 -4.1039E+02 -3.8777E+02
0013495   1.5735E+03 -1.2498E+03  4.4630E+02
0013497   1.0510E+03  6.2327E+02 -1.2330E+02
0013498   6.8566E+02 -3.1542E+02  7.0362E+02
0013499   4.5109E+02 -2.9837E+02  3.8016E+02
0013500   1.0953E+03  6.4805E+02 -1.7017E+02
0013501   8.6627E+02 -6.3449E+02 -2.0813E+02
0013502   8.2488E+02  4.8207E+02 -1.5614E+02
0013503   5.4486E+02 -3.1680E+02 -1.0071E+02
0013504   1.0507E+03 -3.0757E+02 -7.2018E+01
0013505   7.8988E+02 -3.0232E+01 -3.2155E+02
0013506   9.0962E+02  1.5903E+02  2.0149E+02
0013507   6.4464E+02 -1.7928E+01  2.0265E+02
0013508   1.2016E+03  5.2836E+01 -1.3322E+02
0013509   7.1732E+02 -4.7066E+02 -3.2721E+02
0013510   1.1839E+03 -6.2347E+02  5.6951E+02
0013511   6.4900E+02 -4.4185E+02  5.2968E+02
0013512   6.0780E+02 -1.8818E+02 -6.7577E+01
0013513   4.6548E+02  4.4896E+01 -1.0059E+02
0013514   3.0653E+02  4.5088E+02  1.1920E+02
0013515   6.4132E+02 -3.2234E+02  8.9471E+01
0013516   3.6184E+02 -4.1708E+02 -1.1074E+02
0013517   7.9908E+02 -1.9121E+02  2.9682E+02
0013518   8.1334E+02 -2.8242E+02 -2.9047E+02
0013519   1.0803E+03 -3.1323E+01 -5.7973E+02
0013520   3.9020E+02  5.2639E+02 -8.6260E+02
0013521   1.4681E+03  6.7000E+02  2.5466E+02
0013522   7.0256E+02  1.5720E+02 -2.1524E+02
0013523   5.2825E+02 -3.7269E+02  1.2037E+02
0013524   9.3493E+02 -4.5754E+02 -8.1560E+01
0013525   1.8110E+03 -2.5903E+02 -4.4041E+02
0013526   5.6515E+02 -2.3101E+02  3.1999E+02
0013527   4.8299E+02 -5.8526E+02  1.0176E+02
0013528   6.4026E+02 -3.2080E+01  2.0487E+02
0013529   8.0380E+02 -2.8827E+02  4.9244E+02
0013530   5.1483E+02 -5.1415E+02 -2.4398E+02
0013531   1.5117E+03  6.4661E+02  4.6732E+01
0013532   8.5814E+02 -4.4863E+02 -1.4829E+02
0013533   8.1444E+02  5.6471E+02  1.5609E+02
0013534   3.9055E+02 -4.2020E+02  2.6090E+02
0013535   1.3185E+03 -3.8345E+02  6.2116E+01
0013536   1.8613E+02 -1.1011E+01 -6.2449E+02
0013537   8.3623E+02 -4.0220E+02  2.8617E+02
0013538   1.8987E+02  9.3212E+01  1.6331E+00
0013539   8.1875E+02  3.0318E+02  4.2510E+01
0013540   1.0931E+03  5.5024E+02 -1.6204E+02
0013541   9.8936E+02  1.9319E+02  1.1445E+02
0013542   6.0604E+02 -1.8232E+02  5.2391E+00
0013543   5.1855E+02  4.8082E+02  1.7844E+02
0013544   1.3656E+03 -2.3941E+02  4.9972E+01
0013545   6.6184E+02  2.1804E+02  1.5358E+02
0013546   6.3312E+02 -3.7100E+02 -1.1416E+02
0013547   1.4049E+02  3.1147E+01 -4.9517E+01
0013548   6.4417E+02  3.8149E+01 -2.2946E+02
0013549   1.0995E+03  5.5819E+02 -5.3850E+01
0013550   7.1067E+02 -1.8975E+02  1.6523E+02
0013551   3.7398E+02  1.1174E+02  7.7721E+02
0013552   7.2771E+01 -3.7394E+02 -1.5954E+02
0013553   8.4467E+02 -1.3172E+02  4.8715E+02
0013554   8.7616E+01  2.8681E+02  3.8729E+02
0013555   8.1880E+02 -2.6353E+02  3.0907E+02
0013556   3.5466E+02  1.2572E+02 -2.3860E+02
0013557   1.1910E+03  4.3602E+02 -4.0930E+02
0013558   1.3543E+03  1.0247E+02 -1.2497E+02
0013559   4.9193E+02 -7.2822E+01  3.1818E+02
0013560   8.8243E+02 -2.7367E+02 -2.1080E+02
0013561   8.8678E+02 -4.1560E+02  7.9428E+01
0013562   2.8756E+02  3.0324E+02 -7.6730E+02
0013563   7.4474E+02  4.6810E+01  2.8956E+02
0013564   9.0041E+02  3.3304E+02  1.4215E+01
0013565   7.7613E+02  9.0739E+01  8.2966E+01
0013566   4.1079E+02  1.7392E+02 -9.7694E+01
0013567   8.3659E+02 -1.4744E+01  6.2757E+02
0013568   4.5086E+02  7.0209E+02 -4.8694E+02
0013569   1.3829E+03 -2.9179E+02 -6.4011E+01
0013570   5.1247E+02  1.0088E+02  2.0912E+02
0013571   7.7144E+02  3.7801E+01  1.1452E+02
0013572   5.4040E+02  7.7311E+01 -4.5597E+02
0013573   4.5156E+02 -4.7493E+02  8.1827E+01
0013574   4.8107E+02 -1.1836E+02  7.5996E+02
0013575   1.1046E+03 -1.9198E+01 -1.4649E+02
0013576   8.2272E+01 -6.5463E+02  3.0095E+02
0013577   1.2661E+03 -1.9842E+02 -1.2384E+02
0013578   5.2562E+02  4.2390E+02 -1.5005E+02
0013579   1.7667E+03 -2.4076E+02 -3.7311E+02
0013580   8.6734E+02 -7.2169E+02 -5.4073E+01
0013581   1.1236E+03 -1.5870E+02 -1.0573E+03
0013582   6.4172E+02  6.5343E+02  3.2085E+02
0013583   1.3634E+03  1.4389E+02 -7.5671E+02
0013584   6.3604E+02 -4.0556E+02 -9.7162E+01
0013585   6.8536E+02 -3.6315E+02  2.5860E+02
0013586   8.4447E+02 -2.4031E+02 -1.2160E+02
0013587   1.0805E+03 -4.5306E+02  3.0799E+02
0013588   7.6712E+02  1.0983E+02  1.9584E+02
0013589   6.0257E+02 -3.0663E+02 -5.3206E+01
0013590   6.0319E+02 -4.3293E+02  4.0351E+02
0013591   8.9911E+02 -6.2687E+01 -7.8062E+02
0013592   1.1618E+03 -4.7112E+02  6.7039E+01
0013593   1.0019E+03 -7.2911E+02  2.1115E+01
0013594   1.3015E+03  3.3136E+02  1.5244E+02
0013595   4.7820E+02  1.1822E+02 -3.5102E+01
0013596   1.0862E+03  4.7852E+02  4.2791E+01
0013597   8.3801E+02  2.2858E+02  8.2300E+01
0013598   7.9177E+02  2.0509E+02  4.5232E+02
0013599   1.0277E+03  1.1025E+03 -5.0238E+01
0013600   8.4083E+02 -6.8115E+02  2.6526E+02
0013601   8.7390E+02  1.0413E+01 -2.6269E+02
0013602   7.3672E+02 -1.1762E+02  1.5244E+02
0013603   5.6617E+02  4.9860E+02 -6.8066E+02
0013604   9.9767E+02  2.5939E+02  3.9519E+02
0013605   8.9075E+02  4.3488E+02 -5.8789E+02
0013606   8.4017E+02  4.7505E+02  3.6540E+02
0013607   1.1121E+03 -1.0241E+02 -4.4895E+02
0013608   1.1966E+03  1.7376E+02 -4.5623E+02
0013609   6.7798E+02  1.9195E+02  1.7175E+02
0013610   1.2138E+03 -9.6438E+01 -8.0789E+01
0013611   3.4946E+02 -2.3601E+02 -1.5166E+02
0013612   3.4994E+02 -5.1278E+02 -7.6941E+01
0013613   6.4861E+02 -1.5850E+02  9.5245E+01
0013614   9.2325E+02 -6.7524E+02  9.6887E+01
0013615   5.7085E+02  4.3111E+02  2.3423E+02
0013616   9.3880E+02 -1.0693E+02 -3.9542E+02
0013617   1.4541E+03  1.8309E+02  2.5286E+02
0013618   7.8317E+02 -2.9318E+02  5.7230E+02
0013619   1.0804E+02 -3.9624E+02  2.5487E+02
0013620   6.6203E+02 -1.6804E+02 -2.6260E+02
0013621   7.1535E+02 -7.1353E+01 -3.2547E+02
0013622   6.4399E+02  4.1390E+02 -8.7858E+01
0013623   7.4370E+02 -5.6042E+02  1.9706E+02
0013624   9.5854E+02 -1.9961E+02 -1.4424E+02
0013625   1.1373E+03  2.9653E+02  5.5879E+02
0013626   6.3935E+02 -2.5830E+02 -6.7187E+01
0013627   4.9821E+02  6.1134E+02  1.5885E+02
0013628   1.3096E+03  8.3889E+02  4.9608E+02
0013629   1.0891E+03  9.7534E+01 -1.0288E+02
0013630   7.7248E+02 -1.8449E+02 -3.4039E+02
0013631   6.8929E+02  6.2539E+01  2.0266E+02
0013632   3.7264E+02 -1.1552E+02 -2.7498E+02
0013633   4.8208E+02  9.4818E+01 -4.9007E+00
0013634   8.0987E+02  5.7132E+02  4.7300E+02
0013635   9.6741E+02  3.4239E+02 -4.8540E+02
0013636   4.2727E+02 -6.8742E+01  1.4130E+02
0013637   5.6930E+02  4.8725E+02 -1.6641E+02
0013638   8.1573E+02  9.4342E+01  1.2731E+02
0013639   9.7502E+02  5.0172E+02 -6.8255E+01
0013640   6.7459E+02  4.1286E+02 -3.8419E+02
0013641   9.5769E+02  2.9728E+01  8.6054E+02
0013642   6.6944E+02 -6.1098E+01 -4.3810E+02
0013643   1.3927E+02  2.6013E+02  6.2665E+02
0013644   4.6141E+02  6.1707E+02 -4.8452E+02
0013645   4.4051E+02 -8.6255E+02  4.0486E+02
0013646   3.0813E+02 -2.1557E+02  6.1926E+02
0013647   5.5442E+02  5.9534E+02 -2.3390E+02
0013648   1.6847E+03  4.6028E+02 -2.8439E+02
0013649   9.8705E+02 -7.5290E+01  5.9059E+02
0013650   4.8434E+02  2.5059E+02 -5.7314E+02
0013651   9.6664E+02  6.0420E+02  1.4110E+02
0013652   1.2842E+02 -9.4748E+01  3.4704E+02
0013653   1.0898E+03  4.8604E+02 -5.3450E+02
0013654   7.2457E+02  3.3666E+02 -1.4800E+02
0013655   3.7286E+02  3.0414E+02  9.3411E+00
0013656   6.0871E+02 -3.1919E+02 -3.5622E+02
0013657   3.6272E+02 -7.7750E+01  5.1979E+02
0013658   9.6233E+02  3.1880E+02 -2.4029E+02
0013659   9.1170E+02 -2.4586E+02 -5.0534E+01
0013660   5.2117E+02  7.4280E+01  3.2568E+02
0013661   7.4672E+02 -5.5054E+02 -2.9082E+02
0013662   7.9267E+02 -2.7522E+02  7.6280E+02
0013663   1.0917E+03 -2.9682E+02 -4.7122E+02
0013664   2.5536E+02  2.0215E+02  3.7107E+02
0013665   3.4645E+02 -2.5474E+02 -2.8539E+02
0013666   8.3383E+02  2.0605E+02  6.1695E+02
0013667   6.9455E+02  9.3829E+01 -5.0752E+02
0013668   2.4997E+02 -2.2878E+02  2.0809E+02
0013669   1.0695E+03  7.9464E+02  6.5299E+02
0013670   6.1747E+02  9.8751E+01 -4.5933E+02
0013671   1.1679E+03  6.9396E+01 -4.0513E+01
0013672   4.3132E+02  1.4745E+02  5.9752E+02
0013673   8.4621E+02  4.8057E+02  2.4371E+02
0013674   1.6350E+03  4.7969E+02 -3.9151E+02
0013675   9.2740E+02  3.9498E+02  3.4261E+02
0013676   8.0606E+02 -2.3730E+02  1.1616E+02
0013677   6.4751E+02 -4.8982E+02 -2.4025E+02
0013678   6.2524E+02  5.5218E+02 -5.8467E+02
0013679   1.4375E+03 -4.4897E+02 -8.7570E+01
0013680   7.1023E+02  4.6979E+02 -3.9098E+01
0013681   3.9442E+02 -9.3514E+00  2.9887E+01
0013682   7.6605E+02 -4.5920E+01  1.0092E+00
0013683   7.1457E+02 -3.9701E+02  2.3831E+02
0013684   4.7227E+02  2.3583E+02  3.4001E+02
0013685   5.3480E+02  2.6576E+02 -3.8498E+02
0013686   6.5763E+02 -1.3099E+02  2.4672E+02
0013687   1.0460E+03 -5.1038E+02  7.5124E+02
0013688   9.2519E+02  2.6622E+02 -1.9897E+02
0013689   8.0436E+02  3.8523E+02  2.1972E+02
0013690   2.9626E+02 -3.0254E+02  3.2545E+02
0013691   1.0448E+03 -2.1287E+02 -1.0727E+02
0013692   8.5798E+02  3.4768E+01  1.5190E+02
0013693   1.5162E+02 -1.5351E+02 -2.4022E+02
0013695   5.7138E+02 -1.2683E+01 -2.8902E+02
0013696   6.3016E+02 -6.5862E+02  9.0255E+02
0013697   3.0532E+02 -1.4213E+02 -8.1926E+02
0013698   6.9679E+02 -4.0808E+02 -3.2343E+01
0013699   8.1496E+02 -7.2060E+01  2.2508E+02
0013700   3.4228E+02  8.5180E+01  6.4945E+01
0013701   7.3882E+02  7.9929E-01  4.7697E+02
0013702   6.7244E+02  2.1376E+02  4.1962E+02
0013703   3.6580E+02 -1.0827E+02 -1.8792E+01
0013704   7.2026E+02 -4.8500E+02  1.7283E+02
0013705   1.4244E+02  4.0986E+02 -4.0933E+01
0013706   9.7867E+02  9.8003E+01 -5.4724E+02
0013707   5.1634E+02  2.9812E+01 -1.9831E+02
0013708   1.3141E+03 -3.9127E+02  3.2397E+02
0013709   1.3541E+03 -6.2492E+02  1.5780E+01
0013710   6.4704E+02  2.3484E+01  3.8237E+01
0013711   3.8660E+02 -2.1915E+02  3.4252E+02
0013712   4.1160E+02 -2.9013E+02 -1.5686E+02
0013713   1.5457E+03 -5.6170E+02 -1.1240E+03
0013714   8.6975E+02  9.7886E+01  2.0660E+02
0013715   6.0544E+02 -5.3504E+01  1.4118E+02
0013717   4.4656E+02  5.3324E+02  2.3224E+02
0013718   1.1428E+03 -3.0678E+02 -1.3670E+02
0013719   2.2294E+02 -4.2967E+02  1.8721E+02
0013720   7.4876E+02 -1.7131E+02  2.4718E+02
0013721   7.0940E+02  1.6482E+02 -3.8886E+02
0013722   9.1355E+02  7.8160E+01 -1.3315E+02
0013723   6.4527E+02  1.1208E+02 -2.6920E+02
0013724   7.1136E+02 -3.9997E+02 -5.6323E+02
0013725   6.2436E+02 -2.5266E+02 -1.1572E+02
0013726   9.5181E+02  2.8954E+01  4.8217E+01
0013727   5.4164E+02  9.7713E+01 -5.2578E+02
0013728   9.6279E+02  1.7473E+02 -4.8620E+01
0013729   3.7778E+02 -3.5597E+02 -4.9545E+02
0013730   8.9146E+02  1.7337E+02  4.6303E+01
0013731   1.0377E+03 -1.9159E+02  5.2834E+02
0013732   4.8064E+02 -2.6735E+01 -4.2549E+02
0013733   1.1539E+03  1.0960E+02  2.8145E+02
0013734   1.8765E+03  5.5934E+02 -3.1205E+02
0013735   6.4244E+02 -1.3614E+02 -2.0043E+01
0013736   1.1300E+03  3.2326E+02 -5.7620E+02
0013737   5.7714E+02 -1.2132E+02  6.7911E+02
0013738   1.1143E+03  1.1507E+02  3.1120E+02
0013739   1.3944E+03 -4.7562E+02 -3.4519E+02
0013740   3.5180E+02 -5.1118E+02  2.8660E+02
0013741   6.3353E+02 -5.2868E+02  2.8218E+02
0013742   4.9577E+02  1.1249E+02 -4.6536E+01
0013743   5.6725E+02  3.8574E+02  5.2965E+01
0013744   1.2195E+03  1.2013E+02 -1.3192E+01
0013745   9.4543E+02 -1.1411E+02 -3.6860E+02
0013746   7.5659E+02 -3.3091E+02  5.3296E+02
0013747   1.4047E+02 -4.1957E+01 -2.5917E+02
0013748   1.3328E+03  3.2371E+02 -1.4359E+02
0013749   8.9733E+02 -2.7834E+02 -6.2280E+01
0013750   1.2017E+03  2.2429E+02  9.9153E+02
0013751   1.1674E+03 -1.3108E+01  3.6231E+02
0013752   7.8560E+02  1.6580E+02  1.6170E+02
0013753   9.2426E+02 -1.1582E+02 -6.0356E+02
0013754   1.3402E+03  5.3957E+02 -5.5883E+02
0013755   5.3593E+02  1.6744E+02  3.4388E+02
0013756   7.8153E+02  1.8549E+02  8.5183E+01
0013757   1.0676E+03 -1.2825E+02  8.3265E+01
0013758   1.7050E+02  6.6364E+02  1.7825E+02
0013759   1.1022E+03 -1.9901E+02 -5.7258E+01
0013760   6.4174E+02 -1.5583E+02  7.2909E+02
0013761   1.1605E+03 -4.5914E+02  2.5316E+02
0013762   4.0371E+02 -1.5423E+02 -5.2474E+01
0013763   3.1453E+02  3.8850E+02  1.6058E+02
0013764   1.2853E+03  2.7153E+01 -3.4376E+02
0013765   9.4257E+02 -2.6197E+01  2.4300E+02
0013766   1.8272E+03  4.1487E+02 -5.5041E+02
0013767   3.9531E+02 -2.2217E+02  7.4652E+01
0013768   8.6589E+02 -2.2908E+02  5.1397E+02
0013769   1.2389E+03 -6.1445E+02  1.3054E+02
0013770   5.8469E+02 -6.6704E+02  3.5350E+02
0013771   6.3838E+02 -9.6436E+02 -2.6359E+02
0013772   8.9702E+02  2.0737E+02  1.4265E+02
0013773   6.0693E+02  2.6986E+02 -3.7042E+02
0013774   1.5886E+03  4.5105E+02  5.6857E+01
0013775   1.3748E+03 -2.2907E+02  3.9108E+00
0013776   1.0531E+03  1.9490E+02 -3.1922E+02
0013777   1.0173E+03  3.5914E+02  1.4910E+02
0013778   7.5122E+02 -2.5278E+02 -1.1685E+01
0013779   1.1033E+03 -3.1072E+02 -6.1003E+02
0013780   6.8006E+02  7.3889E+01 -5.8321E+01
0013781   1.3070E+03 -2.9570E+02  5.4364E+02
0013782   1.3921E+03  1.1728E+02 -2.7078E+02
0013783   2.8973E+02  4.6872E+02  3.8408E+01
0013784   4.8799E+02  2.0701E+02  3.3648E+02
0013785   9.9786E+02  8.4200E+01  4.6453E+02
0013786   3.1585E+02 -1.4835E+02  1.6376E+02
0013787   1.1563E+03 -3.5788E+02  3.3628E+02
0013788   1.0713E+03  2.6396E+02 -2.6353E+02
0013789   3.8407E+02 -4.2577E+02 -5.1940E+02
0013790   3.3400E+02  7.9875E+01 -6.1981E+01
0013791   9.1172E+02  2.1194E+02 -7.2671E+02
0013792   5.6591E+02  6.9229E+01  6.3297E+01
0013793   1.1340E+03  1.8454E+01 -3.4746E+02
0013794   9.3357E+02 -5.5459E+01 -2.7554E+02
0013795   5.9890E+02  1.1744E+03  7.9139E+02
0013796   8.7078E+02 -3.0774E+02 -2.4240E+02
0013797   5.0631E+01 -3.9048E+02 -4.7068E+02
0013798   9.3890E+01  4.2059E+02  1.6105E+01
0013799   7.6994E+02 -7.2255E+02  4.4366E+02
0013800   6.5013E+02 -4.8770E+02  1.0303E+03
0013801   1.4792E+03 -3.8595E+02 -6.2039E+01
0013802   1.0131E+03 -5.1810E+01  4.4503E+01
0013803   1.2018E+03  6.9249E+02  5.4680E+02
0013804   1.1063E+03  3.9383E+01 -2.5896E+02
0013805   7.1217E+02 -1.2025E+02  2.1839E+02
0013806   8.2617E+02  5.9241E+01  2.9274E+02
0013807   9.1497E+02  5.6234E+02  4.2412E+02
0013808   4.4075E+02  1.5575E+01 -1.2349E+02
0013809   2.3965E+02 -5.3609E+02  2.1756E+02
0013810   6.8963E+02 -2.6247E+02  4.9388E+02
0013811   8.1449E+02 -2.5211E+02 -3.5044E+01
0013812   8.2639E+02  4.0734E+02 -5.4882E+01
0013813   1.1088E+03  2.4108E+02 -7.4225E+02
0013814   4.1170E+02 -1.3170E+02 -2.1824E+02
0013815   4.0188E+02  1.7109E+02 -1.5176E+02
0013816   1.2249E+03 -1.5395E+02 -3.5454E+01
0013817   3.3322E+02 -3.9758E+02 -1.3663E+02
0013818   6.5172E+02 -2.9902E+02  2.4266E+02
0013819   2.8957E+02 -9.5434E+02  1.5769E+02
0013820   4.4974E+02 -1.9657E+02  6.0943E+02
0013821   3.7532E+02  1.2188E+01 -8.9759E+01
0013822   2.8448E+02 -2.0738E+02  1.1781E+02
0013823   2.8882E+02  5.2153E+02  7.0120E+02
0013824   8.0152E+02 -3.8138E+02 -7.2149E+02
0013825   9.9992E+02 -1.1958E+02  2.2640E+02
0013826   1.3531E+03 -4.9053E+02  5.7711E+02
0013827   4.5053E+02 -1.2284E+02  1.8971E+02
0013828   8.2946E+02  8.7212E+02 -4.0729E+01
0013829   1.0358E+03 -7.3890E+01  3.8537E+02
0013830   5.7673E+01  3.8643E+00  1.1884E+01
0013831   4.9276E+02 -1.5136E+02 -1.5359E+02
0013832   1.0364E+03  4.2095E+02  2.2383E+02
0013833   8.1995E+02  1.3443E+02  3.8410E+01
0013834   8.7606E+02  1.9245E+02 -2.0701E+02
0013835   7.6308E+02 -1.2630E+02  1.5015E+02
0013836   1.2871E+03  1.4919E+02  7.9205E+02
0013837   5.9327E+02 -3.4725E+02  3.2785E+02
0013838   7.9097E+02  2.2175E+02  5.9270E+02
0013839   9.3369E+02 -6.4459E+01 -1.4563E+01
0013840   1.2983E+03 -3.5165E+02 -1.1430E+01
0013841   5.4493E+02  1.9098E+02 -5.6150E+02
0013842   5.9489E+02  1.1207E+02 -1.3963E+02
0013843   8.8078E+02  5.6614E+01 -3.8374E+02
0013844   6.0231E+02 -1.8253E+02  1.8411E+02
0013845   1.0405E+03  5.4332E+02  1.5255E+02
0013846   1.1306E+03  7.7215E+02  1.8091E+02
0013847   4.9982E+02 -3.7201E+02 -4.4356E+01
0013848   7.4569E+02  1.8372E+02 -1.0737E+02
0013849   1.2742E+03  2.6775E+02  4.0263E+02
0013850   5.0872E+02 -5.5124E+02 -1.9144E+02
0013851   1.0409E+03 -5.6804E+02  5.0810E+02
0013852   2.3037E+02  3.4206E+02 -1.5671E+02
0013853   1.2462E+03  5.7640E+02 -3.1808E+02
0013854   5.7695E+02 -6.1534E+02 -1.0146E+03
0013855   4.4975E+02 -1.4015E+01  1.3749E+02
0013856   8.0252E+02  4.0560E+02 -2.5089E+02
0013857   5.8902E+02  1.5368E+02  2.0399E+02
0013858   9.3676E+02 -5.5604E+02 -1.5915E+02
0013859   7.3639E+02  4.3399E+01 -1.0687E+02
0013860   6.1964E+02  2.5846E+02 -4.6534E+02
0013862   4.2545E+02  1.3526E+02  1.2748E+02
0013863   8.1495E+02 -6.5436E+02 -1.4194E+02
0013864   3.6984E+02 -1.3250E+02  2.1970E+02
0013865   3.1725E+02  3.3146E+01  2.2300E+01
0013866   1.0095E+03  4.5098E+02  3.7372E+02
0013867   8.1060E+02 -2.7314E+01 -4.6977E+02
0013868   1.2031E+03 -5.2933E+01 -4.9223E+02
0013869   1.2439E+03  1.5694E+02 -1.4673E+01
0013870   8.2234E+02 -2.7211E+02 -3.2649E+02
0013871   5.9309E+02  1.8881E+02  4.4065E+00
0013872   8.4631E+02 -7.9938E+02  2.6058E+02
0013873   6.6035E+02 -3.6487E+02  5.2071E+02
0013874   1.5622E+03 -4.2136E+02  1.9228E+02
0013875   9.6764E+02 -1.8805E+02 -1.2222E+01
0013876   4.2752E+02 -1.8030E+02  2.1480E+02
0013877   5.1614E+02  6.9278E+02  8.3852E+01
0013878   8.4584E+02  1.0002E+01 -3.9930E+02
0013879   7.1555E+02 -1.4878E+02 -1.6547E+02
0013880   3.7127E+02  6.5656E+02 -4.2203E+02
0013881   6.8201E+02  4.7555E+02  4.9527E+02
0013882   1.2636E+03 -6.6984E+02  2.8580E+02
0013883   1.2526E+03  7.7089E+01  2.5616E+02
0013884   8.7002E+02  4.0855E+01  2.1960E+02
0013885   7.9975E+02  1.9935E+02  4.7969E+02
0013886   7.1162E+00  3.1612E+02  3.5864E+01
0013887   3.4952E+02  7.6694E+02 -5.1397E+02
0013888   6.6554E+02 -1.9438E+01  1.1452E+02
0013889   6.6278E+02 -7.1569E+01 -2.8831E+02
0013890   4.2432E+02  2.7321E+02 -7.6033E+02
0013891   8.0907E+02 -6.4545E+01  3.0061E+02
0013892   2.4442E+02 -3.1436E+02 -5.5228E+01
0013893   5.4694E+02  4.1992E+02 -1.4509E+02
0013894   4.3390E+02  7.9919E+01  1.6897E+02
0013895   1.1775E+03  6.0155E+02  8.5277E+00
0013896   1.2347E+03  3.8130E+02  2.8271E+02
0013897   8.8967E+02 -1.8394E+01  5.1938E+02
0013898   7.5541E+02 -5.6379E+02 -2.7492E+02
0013899   1.2313E+03 -4.1245E+02 -2.7542E+02
0013900   1.2962E+03  5.9282E+02 -5.5518E+02
0013901   4.6467E+02  4.4113E+01 -5.0239E+01
0013902   7.7902E+02 -2.4176E+02 -5.0027E+01
0013903   7.2712E+02  2.9204E+02 -2.6534E+02
0013904   4.6132E+01  2.0471E+02 -9.4267E+01
0013905   1.1680E+02  4.8990E+02 -6.4183E+01
0013906   2.3111E+02  2.2427E+02  6.0740E+02
0013907   4.6938E+02 -1.7060E+02 -1.5901E+02
0013908   3.3563E+02  3.9400E+01 -4.1335E+02
0013909   6.6754E+02  3.5093E+02 -9.5823E+01
0013910   7.0250E+02  2.1161E+02 -1.3716E+02
0013911   4.7974E+02  5.2452E+02 -2.2546E+02
0013912   5.2718E+02 -2.4038E+02 -3.8971E+02
0013913   1.0462E+03  3.4870E+02  1.1015E+02
0013914   3.4312E+02 -3.9500E+01 -9.9733E+00
0013915   1.2001E+03 -2.9827E+02  5.4163E+02
0013916   1.7787E+03  1.1175E+02 -3.8205E+02
0013917   9.8348E+02  2.6432E+02  8.7701E+01
0013918   1.0460E+03 -3.2386E+02  4.2635E+02
0013919   7.8585E+02 -2.8607E+02  2.4719E+02
0013920   9.9308E+02 -1.8876E+01  5.2718E+02
0013921   1.1549E+03 -1.8151E+02  2.7398E+02
0013922   4.5177E+02  7.3103E+02  4.7861E+01
0013923   3.3062E+02 -2.5049E+02 -4.2624E+02
0013924   7.5716E+02  8.4561E+02 -2.2908E+02
0013925   1.2150E+03 -6.2031E+01 -1.7061E+02
0013926   1.1932E+03 -5.5541E+02 -2.9977E+02
0013927   6.1168E+02 -5.4944E+01 -1.3932E+02
0013928   6.6177E+02 -2.4408E+02  2.5955E+02
0013929   1.3827E+03 -3.6215E+02  3.1599E+01
0013930   1.2877E+03  1.3682E+02  9.3391E+01
0013931   1.2693E+03  5.1857E+01  3.8232E+01
0013932   6.4573E+02  4.4413E+01 -4.2218E+02
0013933   1.2503E+03  2.5027E+02  1.9183E+02
0013934   3.5237E+02  4.6833E+02 -6.4874E+00
0013935   1.2136E+03  3.7820E+02  1.2639E+02
0013936   9.4343E+02  4.9748E+02 -1.1600E+02
0013937   1.2707E+03 -3.4118E+02 -6.7181E+02
0013938   2.1139E+02  9.4323E+01 -1.3792E+02
0013939   6.1343E+02 -3.8562E+02 -2.7300E+01
0013940   8.5510E+02 -1.4141E+02 -1.1394E+01
0013941   1.4937E+03  1.6417E+02  3.5258E+02
0013942   5.3840E+02 -5.3816E+02  2.8487E+02
0013943   1.2304E+03  2.9423E+02  2.2820E+02
0013944   1.0491E+03 -3.4893E+02 -3.5060E+02
0013946   1.2734E+03  1.4671E+02  1.3595E+02
0013947   1.4135E+03  5.7327E+02  3.4336E+02
0013948   2.0619E+02 -7.2256E+02  6.7616E+01
0013949   1.8720E+02  1.8705E+01  1.0543E+02
0013950   1.1374E+03 -4.0505E+02  8.7521E+00
0013951   4.4920E+02  2.8631E+02  3.8643E+02
0013952   2.8013E+02 -2.2775E+02 -1.4613E+02
0013953   6.0051E+02 -3.1549E+02  2.6008E+02
0013954   7.7086E+02  5.2777E+00 -1.8802E+02
0013955   1.4557E+03  4.3459E+02  4.7828E+02
0013956   1.1690E+03  4.1264E+02 -5.9930E+01
0013957   1.0155E+03  8.8440E+02  1.1523E+02
0013958   9.4593E+02 -1.4388E+02 -2.0569E+02
0013959   4.9006E+02 -3.7925E+02  1.4118E+02
0013960   2.4352E+02  7.6541E+02  3.5367E+02
0013961   1.3124E+03  1.9307E+02  7.9122E+02
0013962   1.0607E+02 -3.1771E+01  2.0486E+02
0013963   8.5548E+02  4.5627E+02  1.8689E+02
0013964   7.9906E+02  2.0163E+02  2.5857E+01
0013965   8.2961E+02 -1.7692E+02 -8.7761E+00
0013966   7.2154E+02 -3.3237E+02  1.9314E+02
0013967   1.2372E+03  3.6279E+02  5.7352E+02
0013968   6.9730E+02  2.5538E+02  7.3572E+01
0013969   7.5271E+02 -2.5839E+02  6.4492E+02
0013970   7.1584E+02 -4.4349E+02 -1.3258E+02
0013971   6.1528E+02 -1.0212E+00 -1.8068E+02
0013972   8.5485E+02 -7.9507E+02 -3.2240E+02
0013973   9.2800E+02 -3.5336E+01  7.1971E+02
0013974   8.2321E+02  4.2305E+02  1.4743E+02
0013975   4.0919E+02 -1.1301E+02 -7.7393E+01
0013976   7.3235E+02 -3.1724E+01  3.3491E+01
0013978   6.1556E+02 -4.4051E+02  4.7915E+02
0013979   1.3635E+03  1.8804E+02 -3.4733E+02
0013980   1.1809E+03 -6.0214E+02  2.3932E+02
0013981   9.7979E+02 -4.1511E+02  1.2875E+02
0013982   1.2268E+02  3.0900E+02  1.6441E+02
0013983   1.5675E+03 -1.0067E+02  3.0522E+02
0013984   7.0214E+02  2.2717E+02 -2.6868E+02
0013985   1.0692E+03 -1.9153E+02 -9.5475E+01
0013986   9.6532E+02 -1.4612E+02 -1.8112E+02
0013987   2.3283E+02 -3.3087E+02  6.1489E+01
0013988   5.2733E+02 -2.3915E+01  3.6378E+02
0013989   1.1112E+03 -4.7792E+01 -8.7158E+01
0013990   4.4948E+02  4.8345E+02 -1.0702E+02
0013991   6.3901E+02 -4.9989E+02  1.0674E+02
0013992   1.3818E+03  6.2853E+02 -2.7759E+02
0013993   1.2700E+03  1.0893E+02 -4.0239E+02
0013994   1.0007E+03 -1.0359E+02 -1.6473E+02
0013995   4.0534E+02 -2.5265E+02  3.9208E+02
0013996   8.5905E+02  2.3473E+02  4.3892E+02
0013997   4.1559E+02 -1.6368E+02 -6.0622E+01
0013999   9.3209E+02 -2.3176E+02 -4.2102E+02
0014000   9.7537E+02 -1.0762E+02 -6.6616E+02
0014001   8.6556E+02 -1.0934E+02  1.2861E+02
0014002   1.0172E+03 -2.0811E+02 -2.8432E+02
0014003   4.8837E+02 -5.3291E+01  1.6962E+02
0014004   1.1678E+03 -1.4844E+02  6.7465E+02
0014005   6.9371E+02  2.4624E+02 -2.7649E+02
0014006   1.1111E+03  3.8282E+01  9.1928E+02
0014007   4.3438E+02  2.1291E+02  1.4197E+02
0014008   5.6825E+02  2.7086E+02 -2.8520E+01
0014009   9.2196E+02 -6.1002E+02  3.7489E+02
0014010   8.6943E+02 -3.2966E+02 -2.7980E+02
0014011   9.5690E+02 -4.2511E+02 -4.2868E+02
0014012   9.9742E+02 -3.7357E+02  8.1731E+02
0014013   1.6631E+03  7.6580E+01 -3.6337E+02
0014014   1.1571E+03 -5.0022E+00  2.0417E+02
0014015   6.5101E+02 -8.5576E+02 -9.6691E+02
0014016   1.0123E+03  2.3688E+02 -2.2380E+02
0014017   8.5554E+02  7.0087E+02 -2.6142E+02
0014018   8.3109E+02 -2.4818E+02  1.0925E+01
0014019   1.8066E+03  3.4652E+01 -1.5928E+02
0014020   7.1953E+02  1.2051E+02  6.2911E+02
0014021   7.5942E+02  5.6708E+02  5.3265E+02
0014022   8.9889E+02  1.2629E+02 -2.3838E+02
0014023   8.3280E+02 -1.2696E+02 -5.0955E+01
0014024   1.0693E+03  8.6336E+02  6.3830E+02
0014025   9.0941E+02 -5.0437E+02 -6.4983E+02
0014026   3.1573E+02  4.4379E+01  8.3244E+02
0014027   9.8389E+02  2.2534E+02  4.0702E+02
0014028   1.2843E+02  1.0042E+02 -1.7678E+02
0014029   8.8405E+02 -1.6895E+02 -5.5190E+02
0014030   1.1544E+03 -1.0382E+02 -1.9892E+02
0014031   1.0065E+03  1.0066E+03 -4.0122E+02
0014032   1.1539E+03 -5.1828E+02  6.6074E+02
0014033   1.0511E+03  1.5720E+02  7.4587E+02
0014034   8.1789E+02 -1.9678E+02  1.3360E+02
0014035   1.0490E+03  4.4265E+02 -2.3197E+02
0014036   1.0613E+03  1.4564E+02  1.1515E+02
0014037   7.8998E+02  8.3496E+01  5.2111E+02
0014038   8.7899E+02 -3.7136E+02  2.0615E+02
0014039   6.3117E+02 -1.0902E+03  3.6525E+01
0014040   8.9502E+02  2.0822E+02  7.0457E+01
0014041   1.0596E+03  1.0522E+02 -3.4030E+02
0014042   2.0613E+02 -6.7810E+00 -1.7822E+02
0014043   1.1934E+03  1.6041E+02  5.4821E+01
0014044   1.5419E+03 -1.3567E+00  3.5757E+02
0014045   5.1260E+02  7.5254E+02 -6.9511E+01
0014046   1.1409E+03  2.2630E+01  9.6015E+01
0014047   1.9461E+02  3.3371E+02  1.3124E-02
0014048   1.7791E+03  5.7927E+02 -4.1357E+02
0014049   7.5685E+02 -1.9303E+01  2.2617E+02
0014050   1.0147E+03  4.5218E+02 -5.3023E+02
0014051   4.2869E+02 -1.1787E+02  2.7389E+02
0014052   9.9762E+02 -2.2356E+02  2.8513E+02
0014053   1.1739E+03 -1.5124E+02 -6.2663E+02
0014054   3.2009E+01 -1.5918E+01  1.0697E+02
0014055   1.8997E+03 -2.5662E+02 -6.5854E+02
0014056   8.4692E+02  4.0752E+02 -6.1126E+02
0014057   5.0066E+02  1.9904E+02  3.8283E+02
0014058   9.4198E+02 -8.2234E+01 -3.3350E+02
0014059   7.9613E+02 -2.7639E+02 -1.3489E+02
0014060   8.0748E+02 -1.1701E+02 -2.8416E+02
0014061   3.1076E+02  1.4577E+00 -1.7543E+02
0014062   6.6230E+02  8.3369E+02 -2.9882E+02
0014063   1.2545E+03 -4.4518E+02  5.8704E+01
0014064   7.8460E+02  9.9303E+01 -1.8692E+02
0014065   9.8881E+02 -5.6214E+02 -6.9015E+01
0014066   5.3446E+02 -1.6198E+02  6.6787E+01
0014067   6.1736E+02  2.2925E+02 -2.3641E+02
0014068   8.4492E+02  4.4336E+02  1.0743E+03
0014070   1.2281E+03 -2.7831E+01 -2.4814E+02
0014071   7.7129E+02  5.5547E+02  3.4256E+02
0014072   6.2162E+02  5.4856E+02 -4.0898E+02
0014073   4.1393E+02  2.9452E+02  2.2097E+02
0014074   9.1373E+02 -3.3651E+02 -5.8719E+02
0014075   9.6464E+02 -6.9029E+01 -1.7890E+02
0014076   8.3491E+02  8.1750E+02  6.7960E+01
0014077   8.0725E+02  2.8719E+02  6.0213E+02
0014078   7.6656E+02 -7.8474E+01 -5.9227E+02
0014079   4.8861E+02  3.7201E+02 -1.0482E+02
0014080   1.4086E+03 -8.4769E+01 -1.2358E+02
0014081   5.2805E+02  1.7202E+02 -2.9713E+02
0014082   8.8784E+02 -2.6028E+02  7.6012E+02
0014083   8.0674E+02 -2.5541E+02  3.9259E+02
0014084   1.3060E+02  5.5226E+02 -3.1048E+02
0014085   2.7763E+02  4.0828E+02  1.4228E+02
0014086   5.3684E+02 -5.8684E+02  2.0830E+01
0014087   1.0069E+03 -3.0255E+02 -2.9990E+02
0014088   5.5194E+02 -9.6131E+01  1.9147E+02
0014089   9.0346E+02 -2.9993E+02  1.5982E+02
0014090   1.1941E+03  4.9821E+02 -3.1081E+02
0014091   5.6405E+02  1.2850E+02  3.1852E+02
0014092   1.1625E+03  1.1329E+02  1.7718E+02
0014093   1.5249E+02 -5.5383E+02 -1.5050E+02
0014094   1.3003E+03  2.9656E+02 -4.4208E+02
0014095   6.2482E+02  5.8451E+02  8.4928E+01
0014096   1.1440E+03 -4.6403E+02  3.0999E+02
0014097   3.3310E+02  7.9296E+02  1.9931E+02
0014098   5.9440E+02  2.5201E+02  6.8414E+01
0014099   7.6641E+02 -5.6871E+02 -1.3389E+02
0014100   9.7886E+02  6.9616E+01 -1.3343E+02
0014101   5.7892E+02 -1.4134E+02  5.8938E+02
0014102   5.8021E+02 -4.7734E+02 -4.5498E+02
0014103   7.8836E+02  3.8440E+02  6.3560E+01
0014104   7.0039E+02  6.3945E+02 -2.6484E+01
0014105   7.8258E+02  1.2411E+02 -1.0417E+02
0014106   1.0154E+03  1.9837E+01 -3.1722E+02
0014107   9.0871E+02 -2.7074E+02 -5.3764E+01
0014108   1.1918E+03 -4.5733E+02 -3.3516E+02
0014109   5.0372E+02  2.5680E+02 -5.4698E+02
0014110   8.8722E+02 -3.3626E+01 -3.7329E+02
0014111   1.3882E+02  2.7558E+02  2.0765E+02
0014112   1.1013E+03  1.5387E+01 -3.2716E+02
0014113   7.5341E+02 -3.9219E+01 -1.7017E+02
0014114   1.2679E+03 -2.5957E+02 -4.5192E+02
0014115   1.0324E+03  1.7512E+02 -8.3532E+01
0014116   7.6702E+02 -2.3937E+02  4.6252E+00
0014117   6.3854E+02  2.7886E+01  1.9994E+02
0014118   1.2143E+03 -2.1136E+02  4.9619E+02
0014119   1.3392E+03 -2.5245E+02  3.2352E+02
0014120   7.3061E+02  1.3361E+02 -1.2176E+02
0014121   9.9767E+02 -2.5936E+02 -4.4967E+02
0014122   7.7904E+02 -1.3298E+02  2.2532E+02
0014123   4.9779E+02 -1.6540E+02 -1.3079E+01
0014124   1.2684E+03 -1.8003E+02  4.2124E+02
0014125   1.6124E+03  1.1200E+02 -3.0196E+02
0014126   9.0335E+02 -9.7427E+00  5.1401E+02
0014127   5.6820E+02  1.5712E+02  3.1118E+01
0014128   1.2396E+03 -4.4249E+01 -4.8659E+02
0014129   9.9433E+02 -5.1736E+01 -6.9231E+02
0014130   9.6861E+02  2.0225E+02 -7.0951E+02
0014131   8.0581E+02  5.6796E+01 -2.7915E+02
0014132   2.6704E+02 -4.4126E+02  1.3809E+02
0014133   5.7064E+02  1.9419E+01  1.6287E+02
0014134   4.1765E+02 -4.8216E+02 -5.4974E+01
0014135   7.2467E+02  5.0640E+02 -2.3746E+02
0014136   8.5319E+02  1.9792E+02 -3.1229E+02
0014137   4.7130E+02 -3.5942E+02  1.9356E+02
0014138   1.2125E+03 -3.9303E+02 -3.5196E+02
0014139   2.6931E+02  4.3620E+02  5.1371E+02
0014140   9.3011E+02  1.1530E+02 -3.8619E+02
0014141   2.8019E+02 -8.5289E+02 -1.0931E+03
0014142   2.3852E+02  4.1418E+02  1.5683E+02
0014143   1.0500E+03  3.6807E+02 -4.0104E+01
0014144   6.1553E+02  2.8544E+02 -3.7805E+02
0014145   9.6608E+02  1.4483E+01 -4.7983E+02
0014146   6.0068E+02 -8.3515E+02  2.9287E+02
0014147   1.2657E+02  4.6802E+02 -5.1861E+01
0014148   4.0323E+02 -2.0533E+02  2.4447E+02
0014149   8.0635E+02  6.6849E+02  5.0234E+02
0014150   8.3390E+02 -1.2029E+02  1.4748E+02
0014151   6.6886E+02  2.2156E+02  3.0679E+02
0014152   1.2161E+03  2.3746E+01  1.6941E+02
0014153   1.0101E+03 -3.3860E+01  8.9194E+01
0014154   3.7822E+02 -1.6529E+02 -4.7154E+02
0014155   8.4288E+02  1.4100E+02  3.9925E+02
0014156   1.0278E+03 -3.6322E+02  1.7531E+02
0014157   9.8956E+02  6.7290E+02 -5.6941E+02
0014158   4.6530E+02 -5.6318E+01 -3.8285E+02
0014159   6.0550E+02 -5.2309E+02  6.0222E+02
0014160   9.7906E+02 -4.2715E+02  2.0692E+02
0014161   1.4710E+03  2.0727E+02 -4.4073E+02
0014162   3.7311E+02 -9.5610E+00 -3.3732E+01
0014163   3.6827E+02 -9.7742E+01 -4.4842E+02
0014164   4.7988E+02 -3.4324E+02  3.5825E+02
0014165   7.7104E+02  1.6408E+02 -5.7117E+02
0014166   9.3352E+02  2.1324E+02  3.0654E+01
0014167   9.4285E+02 -8.0327E+01 -6.2828E+02
0014168   1.6541E+02 -2.9516E+01  4.6753E+02
0014169   1.2230E+03  4.6328E+02  2.4074E+01
0014170   5.4053E+02  2.4969E+02 -3.1092E+02
0014171   1.8604E+02 -6.8723E+01  1.4325E+02
0014172   1.0895E+03  6.5368E+02  2.2467E+02
0014173   6.7612E+02 -4.4165E+02  5.9185E-01
0014174   1.3044E+03  5.8118E+02 -4.2238E+02
0014175   1.0271E+03  2.6262E+02  4.8637E+02
0014176   8.2531E+02 -3.5252E+02 -4.0950E+02
0014177   4.2900E+01 -2.3122E+01  7.3780E+01
0014178   7.3477E+02 -3.9881E+02 -4.5903E+02
0014179   1.6707E+02 -4.6763E+02 -5.7442E+02
0014180   3.9442E+02  2.1678E+02  6.4783E+02
0014181   6.5169E+02 -2.2075E+02 -2.8169E+02
0014182   1.1244E+03 -2.5445E+01  3.4668E+02
0014183   7.0103E+02  5.1552E+01 -6.9913E+01
0014184   1.4225E+03  5.7265E+02  4.8798E+02
0014186   1.3184E+03 -2.0496E+02  2.8076E+02
0014187   7.5901E+02  7.4866E+01 -1.2777E+02
0014188   8.9447E+02 -5.5878E+00  2.8054E+02
0014189   1.1133E+03  4.3258E+02  1.0075E+03
0014190   7.1358E+02 -3.0780E+02  6.6466E+01
0014191   6.8308E+02 -4.1549E+02 -4.7919E+01
0014192   8.9817E+02  3.0917E+02 -4.3669E+02
0014193   6.6672E+02 -5.6976E+01  8.1106E+01
0014194   2.5578E+02 -1.9697E+02  1.1900E+02
0014195   4.1220E+02 -1.8432E+02 -1.5909E+02
0014196   7.9230E+02 -2.5293E+01 -4.8611E+02
0014197   5.4174E+02 -1.1010E+02 -4.0688E+02
0014198   7.0270E+02 -3.1985E+02 -1.2952E+02
0014199   3.9544E+02 -4.1074E+02 -2.4854E+02
0014200   1.0795E+03 -3.1539E+02 -6.1354E+02
0014201   5.5904E+02  6.8972E+00  1.1556E+02
0014202   8.7970E+02 -4.3936E+01 -6.9838E+01
0014203   2.1118E+02 -5.4092E+01  2.5643E+01
0014204   6.7923E+02 -6.5417E+02  7.4797E+02
0014205   1.4316E+03 -1.3113E+02  4.9328E+02
0014206   9.9089E+02  3.1992E+02 -3.0269E+01
0014207   9.4345E+02 -5.5018E+02 -3.8299E+02
0014208   8.5720E+02 -1.1380E+02  2.1100E+02
0014209   1.1951E+03 -7.3852E+01 -1.8687E+02
0014210   6.7135E+02  1.6651E+02  1.5144E+02
0014212   3.3501E+02 -4.8205E+02  2.3655E+02
0014213   6.5939E+02  1.4919E+02 -2.2559E+01
0014214   1.0203E+03  2.6838E+02  3.5123E+01
0014215   5.9399E+01  1.2741E+02 -2.5636E+01
0014217   8.6116E+02  1.0433E+03 -4.1240E+02
0014218   5.6507E+02 -1.8396E+02  4.4547E+01
0014219   1.1028E+03  6.4139E+01 -2.0760E+02
0014220   9.9906E+02  7.0969E+01  1.1132E+01
0014221   1.4131E+02  4.2628E+02  9.0986E+02
0014222   3.7215E+02 -1.4690E+02 -1.5734E+02
0014223   6.3149E+02 -1.0669E+03 -4.0229E+01
0014224   9.3274E+02 -7.2009E+02 -2.2108E+02
0014225   1.3598E+03 -2.5857E+02 -3.0394E+02
0014226   8.1980E+02  6.4056E+01 -6.0974E+02
0014227   9.9420E+02 -5.9063E+02 -3.8286E+02
0014228   8.4542E+02 -3.5453E+02 -2.4500E+02
0014229   5.3896E+02  4.5721E+02  2.6852E+02
0014230   7.3916E+02  1.5960E+02  5.2893E+02
0014231   5.7918E+02 -3.7781E+01 -6.0748E+02
0014232   8.8618E+02  3.4943E+02  2.7535E+02
0014233   1.0300E+03 -2.9472E+02  2.5517E+02
0014234   1.2663E+03  4.8238E+02  8.2794E+01
0014235   9.6867E+02 -1.3777E+02 -2.4179E+02
0014236   4.9510E+02  9.3208E+01 -4.2405E+02
0014237   1.0032E+03  3.3492E+02 -5.3595E+01
0014238   2.9410E+02  1.6057E+02 -2.8964E+02
0014239   4.9670E+02  1.2359E+02 -4.9009E+02
0014240   1.6235E+03  2.6319E+01 -5.0781E+02
0014242   5.6356E+02 -2.9959E+02  4.6035E+01
0014243   2.0410E+02 -4.8626E+02 -3.7423E+02
0014244   2.4041E+02  2.6279E+02 -4.7289E+02
0014245   1.3412E+03  3.0924E+02 -2.4662E+02
0014246   7.4973E+02  1.5132E+02 -2.8048E+01
0014247   9.3871E+02 -2.0639E+02  6.1367E+01
0014248   9.8838E+02 -7.3814E+02 -2.4094E+02
0014249   9.2560E+02 -1.8503E+02 -2.5157E+02
0014250   1.0119E+03  2.9020E+02  1.1726E+01
0014251   8.6984E+02  2.4504E+02  5.4298E+01
0014252   7.9648E+02 -2.8148E+02 -3.1712E+02
0014253   1.2597E+03  1.4086E+02 -5.3788E+01
0014254   8.9769E+01  2.4725E+00 -1.1031E+01
0014255   8.5558E+02 -5.6542E+02 -9.1172E+01
0014256   3.6189E+02 -6.6599E+02 -6.2465E+02
0014257   6.7364E+02  1.9273E+02  3.6308E+02
0014259   7.2352E+02 -2.3413E+02  2.0926E+02
0014260   3.7841E+02 -4.4297E+02  2.3527E+02
0014261   7.0653E+02 -5.6066E+02  2.8279E+02
0014262   1.1675E+03 -3.6287E+02 -1.5614E+02
0014263   5.7082E+02 -3.4015E+02 -5.4007E+01
0014264   1.1028E+03 -2.9342E+02  1.3375E+02
0014265   1.4601E+03 -6.7775E+02  4.5273E+01
0014266   1.0224E+03 -4.9382E+02 -1.4944E+02
0014267   2.1374E+02 -1.1185E+02 -2.3570E-01
0014268   7.1427E+02  2.7883E+01  1.0764E+02
0014270   1.1070E+03  2.1964E+01  4.7741E+02
0014271   3.1216E+02  3.1505E+02 -1.9578E+02
0014272   1.4309E+03 -7.5830E+01  3.4639E+02
0014273   1.0735E+03  3.7431E+02 -3.3931E+02
0014274   9.1865E+02  1.6890E+02  6.6295E+01
0014275   1.2352E+02 -1.3113E+02 -1.6320E+02
0014276   1.1665E+03  4.8811E+01 -7.0131E+01
0014277   4.8137E+02 -5.7005E+01  8.8132E+02
0014278   8.8650E+02  1.7996E+02  2.9765E+02
0014279   6.5800E+02  2.9168E+02  4.0178E+02
0014280   6.5888E+02  1.2387E+02  1.7750E+02
0014281   3.9854E+02  1.9188E+02  1.2408E+02
0014282   6.9794E+02 -7.6928E+02 -3.0061E+02
0014283   9.3941E+02  7.7137E+02 -2.2682E+02
0014284   1.2915E+03  2.7838E+02 -6.2400E+02
0014285   7.8851E+02 -4.4144E+02 -1.9207E+02
0014286   1.3134E+03  2.6695E+02 -2.4588E+02
0014287   4.1732E+02  1.4067E+02 -1.1916E+02
0014288   9.4569E+02 -4.9402E+02  9.8993E+01
0014289   1.1348E+03 -1.8087E+02  1.1811E+02
0014290   9.1464E+02  4.0320E+02 -5.4576E+01
0014291   1.5512E+03  6.0355E+02  2.2016E+02
0014292   4.5360E+02 -3.9267E+02 -4.8253E+02
0014293   6.1021E+02 -3.1640E+02  1.2709E+02
0014294   5.7612E+02 -4.4139E+02 -8.2989E+02
0014295   1.2728E+03  2.0686E+01 -1.3762E+02
0014296   8.9640E+02 -5.9157E+02 -3.7495E+02
0014297   5.0254E+02  4.5749E+02  3.1399E+02
0014298   3.3396E+02  1.3415E+02  7.7850E+02
0014299   4.5142E+02  8.1091E+01 -2.6560E+02
0014300   8.1081E+02  4.5430E+02  2.4189E+02
0014301   1.0626E+03 -1.5511E+00 -4.2513E+01
0014302   9.3858E+02  7.3047E+02  2.6623E+02
0014303   5.3913E+02 -2.3467E+02  2.8202E+02
0014304   9.2799E+02  8.9706E+01  2.3930E+02
0014305   7.8454E+02  2.4522E+01 -1.1989E+02
0014306   1.0775E+03 -4.8766E+02 -8.5972E+02
0014307   7.2469E+02  5.5140E+02 -4.9699E+01
0014308   1.1727E+03 -1.7422E+02  1.8089E+02
0014309   1.0138E+03 -7.2140E+01  1.6510E+02
0014310   4.4742E+02 -3.0292E+01  4.7291E+01
0014311   1.3737E+03 -3.1890E+02 -3.7386E+02
0014312   6.6876E+02  2.1870E+02 -1.4464E+02
0014313   7.4381E+02 -2.8395E+01 -1.0876E+02
0014314   5.7641E+02 -2.0613E+02 -1.7597E+01
0014315   9.9538E+02 -1.9347E+02  3.6704E+02
0014316   5.7441E+01  9.0289E+01  1.7005E+02
0014317   7.3217E+02  2.6013E+02  2.8505E+02
0014318   5.6885E+02  5.1107E+02  4.1460E+02
0014319   3.5987E+02 -2.7590E+01  2.0715E+02
0014320   1.0333E+03  5.5681E+02 -4.4441E+02
0014322   6.5261E+02 -1.7641E+02 -2.7404E+01
0014323   1.2569E+03 -3.8728E+02 -3.7290E+02
0014324   6.6568E+02  3.2799E+01  6.4209E+02
0014325   4.8437E+02  2.2435E+02  4.7791E+02
0014326   1.1726E+03  3.3927E+02 -4.1663E+02
0014327   7.9465E+02 -6.5271E+02 -1.5050E+02
0014328   1.2771E+03  2.7067E+01  1.4914E+02
0014329   7.2368E+02 -7.1549E+02 -1.0945E+02
0014330   6.7506E+02  1.8834E+01  1.6078E+02
0014332   5.2845E+02  5.1535E+02  4.3809E+01
0014333   3.2340E+02 -1.4497E+02  8.3629E+02
0014334   1.4015E+03 -6.0892E+02  1.2598E+02
0014335   5.1958E+02  4.0499E+02  2.7204E+01
0014336   5.6971E+02 -4.8754E+02  2.3769E+02
0014337   7.6465E+02 -4.8649E+01 -3.3995E+02
0014338   4.3846E+02 -9.5600E+01  4.4891E+02
0014339   7.3063E+02  2.3402E+02  4.2505E+02
0014340   8.9016E+02 -5.4941E+02 -5.0215E+02
0014341   5.6821E+02 -1.5287E+02 -9.2090E+01
0014342   1.1097E+03 -4.2722E+02  7.4079E+02
0014343   1.2991E+03  4.6142E+02 -1.8332E+01
0014344   6.5378E+02  3.4709E+02  5.5818E+01
0014345   5.0958E+02 -4.7440E+02  3.7251E+02
0014346   5.9978E+02  9.9036E+01 -3.0483E+01
0014347   1.1826E+03 -6.8805E+02 -3.9038E+02
0014348   8.8021E+02 -1.7441E+02  5.3961E+01
0014349   3.3351E+02  1.4513E+01  2.9751E+02
0014350   8.9268E+02 -4.0745E+02 -3.4213E+02
0014351   1.8059E+03 -5.6099E+02 -2.2177E+02
0014352   5.7304E+02  3.4792E+02  3.3968E+02
0014353   5.6694E+02 -3.9458E+02 -9.0358E+01
0014354   9.3015E+02 -1.1495E+02 -3.7969E+02
0014355   1.2278E+03  1.3289E+02 -5.0533E+02
0014356   7.6899E+02 -9.1892E+01 -2.6196E+02
0014357   1.7331E+02  1.2325E+02 -3.9521E+02
0014358   5.3427E+02  5.6682E+01 -4.7382E+02
0014359   7.6184E+02  1.7945E+02 -6.2571E+02
0014360   3.5030E+02  3.2319E+02 -4.9537E+02
0014361   6.8068E+02 -2.2018E+01 -5.0276E+01
0014362   1.2073E+03  1.4480E+02 -2.1191E+02
0014363   1.2618E+03  2.7439E+02  5.0900E+02
0014364   3.9487E+02 -3.3280E+02 -6.2137E+01
0014365   9.5516E+02  2.8064E+02 -1.8950E+02
0014366   1.1510E+03  2.1416E+02 -4.9125E+02
0014367   5.6503E+02 -4.5138E+01 -4.0875E+01
0014368   5.1943E+02 -4.3767E+02  2.1036E+01
0014369   1.7656E+02  3.5998E+02 -3.5593E+02
0014370   1.2688E+03 -4.2720E+02  4.9241E+02
0014371   1.7495E+02 -1.3473E+02  1.7083E+02
0014372   3.8925E+02 -2.2852E+02  1.3928E+02
0014373   6.0708E+02 -1.5013E+02 -1.0506E+02
0014374   1.6622E+03  1.7446E+02 -4.9348E+02
0014375   1.0063E+03  3.1122E+02  1.9026E+02
0014376   1.5729E+03  1.2314E+02 -8.7431E+01
0014377   1.4595E+03  2.0311E+02 -2.1701E+02
0014378   3.6016E+02 -1.1470E+03  3.1662E+02
0014379   5.9947E+02 -7.9147E+01  2.7171E+02
0014380   1.6822E+02 -2.4432E+00 -9.6191E+01
0014381   5.8037E+02 -8.1765E+01  4.9297E+02
0014382   1.4125E+03 -4.7722E+02 -2.6548E+02
0014383   7.5532E+02 -2.1136E+02  3.3793E+02
0014384   8.6888E+02 -7.1957E+00  3.0218E+02
0014385   1.4677E+03  1.2286E+02  2.8874E+01
0014386   1.1084E+03  7.3563E+02 -4.8036E+02
0014387   6.1892E+02 -1.5596E+02 -1.6320E+02
0014388   5.0824E+02 -2.2992E+02 -5.2005E+02
0014389   7.2811E+02 -4.2441E+02  3.6854E+01
0014390   8.3311E+02  3.6384E+02  4.5840E+02
0014391   4.9689E+02  4.2932E+02  6.0177E+02
0014392   7.4912E+02 -2.0368E+02  3.4829E+02
0014393   9.3039E+01 -4.8174E+02  1.2692E+02
0014395   9.4890E+02  5.2618E+02 -1.2956E+01
0014396   6.4322E+02 -6.2334E+02 -2.7520E+02
0014397   6.2174E+02  1.1770E+02 -7.2130E+01
0014398   2.4909E+02 -4.7624E+01 -3.0639E+02
0014399   6.7499E+02 -9.1075E+01 -2.5194E+02
0014400   1.4494E+02  5.1768E+01  1.1687E+02
0014401   1.1413E+03  8.6999E+01  6.6665E+02
0014402   4.6246E+02  3.4932E+02 -1.1750E+02
0014403   7.3131E+01 -1.9723E+02 -3.8896E+02
0014404   7.9950E+02 -1.0138E+02 -4.1480E+02
0014405   9.5021E+02 -9.6799E+01 -1.0308E+02
0014406   4.2170E+02 -2.2443E+02 -3.7210E+02
0014407   7.6149E+02 -5.3178E+01 -6.1064E+01
0014408   5.6635E+02 -7.2927E+02 -4.2224E+02
0014409   6.6620E+02  3.1327E+02 -2.5832E+02
0014410   8.7254E+02  1.7845E+02  1.9543E+02
0014411   9.9934E+02  1.3399E+02 -2.0290E+02
0014412   4.2233E+02  2.4481E+02  8.2869E+01
0014413   5.7746E+02 -4.9355E+02 -4.4581E+02
0014414   1.0550E+03 -4.0563E+02 -2.8709E+02
0014415   1.0723E+03  6.0767E+02 -1.6062E+02
0014416   9.2905E+02  2.9022E+02  1.0021E+01
0014417   5.4312E+02 -4.5128E+02  3.0540E+02
0014418   1.3869E+03  1.8227E+02  2.9691E+02
0014419   5.6671E+02 -4.8129E+02 -1.2757E+02
0014420   1.3011E+03 -8.4320E+02 -3.1444E+00
0014421   8.9888E+02 -7.5526E+02 -3.1527E+01
0014422   1.3134E+03 -7.4124E+01 -1.7067E+02
0014423   1.4615E+03 -4.1228E+01 -4.3529E+02
0014424   9.2240E+02  2.2108E+02 -3.6944E+02
0014425   8.9095E+02  1.4688E+02 -5.3473E+02
0014426   9.3455E+02  3.3297E+02  4.0693E+02
0014427   4.5805E+02  4.3432E+01  3.3720E+02
0014428   8.3021E+02  2.8286E+02 -2.6311E+02
0014429   8.8235E+02 -3.1510E+02  4.5892E+02
0014430   6.8055E+02  5.0586E+02 -2.3333E+02
0014431   6.5230E+02 -1.2119E+02  6.8029E+02
0014432   3.7559E+02  1.6418E+02 -1.3593E+02
0014434   6.1919E+02  1.2870E+02  8.9647E+01
0014435   6.4026E+02  8.7966E+00  6.2606E+01
0014437   3.2491E+02 -3.4541E+02  9.4553E+02
0014438   1.3386E+03 -6.1625E+02 -1.2613E+02
0014439   6.6229E+02 -1.1042E+03 -4.9020E+02
0014440   7.6798E+02  3.5153E+02  3.7140E+02
0014441   1.1302E+03 -6.4650E+01 -1.3858E+02
0014442   3.5204E+02 -3.3526E+02  2.5284E+02
0014443   9.4658E+02  4.9649E+02 -2.2954E+02
0014444   7.8903E+02 -6.0373E+02  7.9392E+01
0014445   1.4417E+03  1.7460E+02  4.1340E+02
0014446   4.7206E+02 -1.4407E+02 -1.9258E+02
0014447   1.4516E+03  6.8164E+01 -3.1668E+02
0014448   1.6803E+02  7.5024E+01  8.8931E+01
0014449   5.6834E+02  2.1478E+02 -5.9357E+02
0014450   7.9884E+01 -7.7819E+02 -1.0548E+01
0014451   1.1265E+03 -7.2657E+01  5.3255E+02
0014452   1.2054E+03  1.3944E+00  8.0388E+01
0014453   9.7455E+02 -5.0216E+02 -7.5964E+01
0014454   9.5873E+02 -7.8252E+01 -4.4873E+02
0014455   1.2639E+03  4.8312E+01  1.1800E+02
0014456   3.4915E+02  5.3897E+01 -9.2583E+01
0014457   5.3373E+02  3.8034E+00 -3.4940E+02
0014458   9.7329E+02  3.0158E+02  1.6540E+02
0014459   8.8135E+02  1.4789E+02  3.2595E+02
0014460   1.1802E+03 -3.9239E+02  3.5533E+02
0014461   5.9559E+02 -2.7193E+01 -2.0477E+02
0014462   6.1234E+02  9.0223E+01 -9.8992E+02
0014464   4.5911E+02 -1.4059E+02  1.4529E+02
0014465   7.0550E+01  6.2102E+01  3.7942E+02
0014466   1.3611E+03  1.2468E+02 -6.9326E+02
0014467   1.0466E+03  4.0599E+01  3.4662E+02
0014468   9.1944E+02  4.7150E+01 -4.9602E+01
0014469   8.0065E+02  3.2899E+02  6.6081E+01
0014470   1.5197E+03 -2.4945E+02 -6.9564E+02
0014471   1.1907E+03  8.9540E+01  3.4706E+02
0014472   1.2939E+03 -2.0743E+02 -5.8944E+02
0014473   4.8101E+02  4.2312E+02 -2.9595E+02
0014474   5.5220E+02 -6.7491E+02 -4.2784E+02
0014475   7.4652E+02  3.2221E+02  9.6354E+01
0014476   6.7753E+02  1.6736E+02 -1.0484E+02
0014477   1.2028E+03  5.8078E+01  8.8746E+01
0014478   6.9362E+02 -8.1524E+02  5.7053E+01
0014479   1.1201E+03 -1.4274E+02 -5.4934E+02
0014480   1.3793E+02 -1.2596E+02 -4.4894E+01
0014481   7.1820E+02  1.5005E+02 -7.0866E+01
0014482   9.4088E+02 -1.2735E+02 -4.0685E+01
0014483   8.3392E+02 -3.0430E+02 -6.9450E+02
0014484   1.2595E+03 -3.7000E+02  1.4383E+02
0014485   1.2655E+03  1.1553E+03  2.1450E+02
0014486   1.1836E+03  3.6916E+02 -1.4577E+02
0014487   1.2479E+03 -9.7300E+00 -3.1695E+02
0014488   9.8934E+02 -1.6362E+02  1.3640E+02
0014489   9.9853E+02 -5.1258E+02 -1.4376E+02
0014490   1.0232E+03  5.7511E+01 -2.2785E+02
0014491   1.0443E+03  7.2335E+00 -2.0095E+02
0014492   5.2895E+02  2.7818E+01 -1.0869E+01
0014493   7.5987E+02 -2.1610E+02 -3.4698E+02
0014494   4.3898E+02 -2.3930E+02  3.5975E+02
0014495   7.7372E+02  2.3358E+02 -4.3017E+02
0014496   1.1454E+02 -7.6639E+01 -8.3133E+01
0014497   9.0438E+02 -8.6015E+02  4.6305E+02
0014498   8.3393E+02  3.1312E+02 -3.6819E+02
0014499   5.5378E+02 -1.7183E+01  1.1521E+02
0014500   6.9998E+02 -1.8290E+02 -1.7081E+02
0014501   4.4572E+02 -1.9920E+02  3.3683E+01
0014502   7.4863E+02 -3.0473E+02  3.4828E+02
0014503   1.0099E+03  2.9975E+02 -6.1001E+02
0014504   1.1260E+03 -7.4363E+01 -1.9940E+02
0014505   5.3859E+02 -2.5642E+00  7.8624E+00
0014506   1.8728E+02  1.3810E+02 -1.7770E+02
0014507   1.1978E+03 -1.8711E+02 -2.7391E+02
0014508   1.1514E+03  4.0152E+02  3.3037E+02
0014510   8.2294E+02  5.5247E+02  1.6884E+02
0014511   3.9279E+02 -2.0614E+02  4.6372E+02
0014512   9.4862E+02 -3.7502E+02 -5.3066E+02
0014513   9.8591E+02 -3.1525E+01 -2.7678E+01
0014514   6.6678E+02  5.5611E+02 -2.9386E+02
0014515   5.6835E+02 -4.9524E+02 -2.6665E+01
0014516   3.0895E+02 -1.4196E+02  2.1660E+02
0014517   1.0435E+03 -3.2946E+02 -3.6146E+02
0014518   7.4654E+02 -2.1960E+02 -8.5473E+01
0014519   8.2390E+02  4.8174E+02  3.3951E+02
0014520   7.4777E+02 -3.9799E+02  3.5771E+02
0014521   8.1167E+02  2.1859E+02 -3.3999E+02
0014522   8.4739E+02  7.2192E+02  2.3504E+02
0014523   3.7655E+01 -3.7664E+02  3.2766E+02
0014524   1.0152E+03  6.0628E+02  1.3623E+02
0014525   4.2954E+02  2.1596E+02  1.2725E+02
0014527   1.4362E+02  2.1930E+02 -5.3447E+02
0014528   2.6537E+02 -4.9916E+02  5.3605E+02
0014529   7.6939E+02 -5.9753E+02 -1.9700E+02
0014530   7.1233E+02  6.2072E+02  5.0494E+01
0014531   7.2095E+02 -1.4069E+02 -4.0599E+01
0014532   6.5379E+02 -5.2634E+02 -5.6116E+00
0014533   1.4927E+02  1.2833E+02  5.8170E+02
0014534   1.5088E+03  3.1791E+02 -2.2561E+02
0014535   6.6315E+02  6.5204E+02 -1.0203E+01
0014536   7.7603E+02 -6.7141E+02 -1.0761E+02
0014537   6.1699E+02 -4.5630E+02 -3.1278E+02
0014538   8.3241E+02 -5.0005E+02  3.7044E+02
0014539   5.3565E+02  5.9881E+02 -1.6231E+02
0014540   1.4446E+03  6.7212E+02  7.3595E+02
0014541   7.3249E+02  7.2211E+02  8.8552E+01
0014542   1.2902E+03  5.6960E+01 -3.3637E+02
0014543   1.0940E+03 -2.8303E+02 -1.8238E+02
0014544   1.8487E+03 -3.0519E+02 -1.7079E+02
0014545   1.0409E+03  1.1799E+01  8.8157E+00
0014546   1.2852E+03  2.2709E+02 -2.5894E+02
0014547   6.9648E+02  1.3010E+02 -5.4770E+02
0014548   8.7138E+02 -3.7600E+02 -7.1643E+02
0014549   8.6101E+02  8.5543E+02 -1.0447E+02
0014550   3.8003E+02 -1.6513E+02  2.2019E+01
0014551   8.9332E+02  2.1971E+02 -4.9658E+01
0014552   1.0764E+03 -9.0424E+01  6.7956E+01
0014553   8.8373E+02 -4.1375E+02 -5.1971E+02
0014554   5.3852E+02  3.0049E+02  1.5823E+01
0014555   7.8646E+02  2.2450E+02 -3.3739E+02
0014556   9.1092E+02  5.0017E+02 -3.0352E+02
0014557   7.0541E+02 -7.4269E+02  3.8469E+01
0014558   7.7279E+02  4.3434E+01  1.6559E+02
0014559   5.6499E+02  2.4447E+02 -2.7742E+02
0014560   3.3411E+02 -1.8454E+02  1.7737E+02
0014561   7.7806E+02 -2.4692E+02  2.7923E+02
0014562   7.7752E+02  3.9988E+02 -1.8104E+02
0014563   6.2848E+02  2.6068E+02 -3.5876E+02
0014564   4.9528E+02  5.2342E+01  3.0311E+01
0014566   3.8262E+02  5.2151E+02  7.6292E+02
0014567   5.8720E+02  3.4370E+02 -1.2208E+02
0014568   8.4916E+02  1.2964E+02  1.0794E+02
0014569   7.8528E+02  1.7612E+01 -3.7254E+02
0014570   1.6088E+02 -7.1972E+01 -9.6011E+01
0014571   9.9799E+02  2.6306E+02  5.7530E+02
0014572   9.4735E+02  2.8935E+02 -7.0902E+02
0014573   3.4836E+02  6.4550E+02  8.1307E+01
0014574   6.1915E+02  1.1847E+02 -5.2924E+02
0014575   6.1727E+02 -3.1191E+02  1.3597E+02
0014576   4.8848E+02 -2.9261E+02  5.3810E+02
0014577   7.7866E+02  3.2652E+01  2.3224E+02
0014578   8.7691E+02  1.0510E+02  5.1455E+02
0014579   9.5531E+02  4.5747E+02 -4.1131E+02
0014580   7.5187E+02  7.4420E+01  2.6580E+02
0014581   2.0721E+02 -3.6495E+02 -9.7391E+01
0014582   6.9595E+02 -3.9598E+02 -7.2125E+01
0014583   1.1183E+03  5.9542E+02  3.8403E+02
0014584   2.5671E+02 -4.0741E+02  1.5092E+02
0014585   3.3209E+02 -2.7628E+02 -1.6599E+00
0014586   7.7298E+02  9.4010E+01 -2.9856E+02
0014587   9.9660E+02  1.2643E+02 -9.3951E+01
0014588   6.1791E+02 -9.0721E+02 -6.2880E+01
0014589   5.3327E+02  1.1815E+02  2.0701E+02
0014590   1.1973E+03 -3.2708E+02  2.3240E+02
0014591   1.3931E+03 -1.2570E+01 -6.9438E+02
0014592   9.3115E+02  9.2201E+02 -1.5534E+02
0014593   6.7985E+02  8.7383E+01 -1.4023E+02
0014594   4.3087E+02  3.8394E+02  8.1555E+01
0014595   4.7698E+02 -7.3291E+01  6.2230E+02
0014596   4.3385E+02  6.8576E+02 -8.0177E+02
0014597   3.3360E+02 -1.6861E+02 -7.6057E+02
0014598   6.8967E+02  8.0439E+01  4.6105E+00
0014599   8.3593E+02 -1.0344E+01 -3.3955E+02
0014600   9.6693E+02  4.1744E+02 -2.1334E+02
0014601   1.4602E+02 -9.0477E+01  7.2954E+02
0014602   2.3774E+02  1.6266E+02  3.6608E+02
0014603   9.9746E+02  2.9476E+02  2.9533E+02
0014604   1.0284E+03 -4.2382E+02 -9.8687E+01
0014605   1.7756E+03 -1.1072E+02  2.6192E+02
0014606   1.0921E+03 -2.5818E+02 -1.8463E+02
0014607   7.4871E+02  3.4654E+02 -1.0973E+03
0014608   6.3622E+02  7.9104E+01 -2.2765E+02
0014609   6.7542E+02 -4.4922E+02 -1.5811E+02
0014610   1.2149E+03  2.0435E+02  8.8701E+01
0014611   3.6725E+02 -1.1251E+02  1.5022E+02
0014612   3.4083E+02  1.7842E+02  2.4976E+02
0014613   5.3258E+02 -6.2549E+02  1.8085E+02
0014614   5.7299E+02  2.8614E+02 -2.2069E+02
0014615   7.7322E+02 -3.7536E+02  1.0202E+03
0014616   8.3970E+02 -2.5724E+02 -5.1436E+02
0014617   1.4832E+03  4.5823E+02 -3.8550E+01
0014619   9.2192E+01  2.8673E+02  1.3186E+02
0014620   8.5308E+02  6.1201E+02  2.7159E+02
0014621   1.0758E+03  6.6676E+02 -3.4650E+02
0014622   5.0240E+02  1.6000E+02  7.6679E+02
0014623   7.4339E+02  2.7860E+02 -1.4505E+02
0014624   1.5175E+03  3.9441E+02 -6.4662E+01
0014625   9.1098E+02 -2.0822E+02 -3.3504E+02
0014626   8.8814E+02 -5.3911E+02 -5.1369E+02
0014627   2.8096E+02 -3.1745E+02  5.8307E+02
0014628   7.1007E+02  4.6200E+02 -1.5135E+02
0014629   7.5191E+02  2.4669E+01 -3.7618E+02
0014630   6.6237E+02  8.9646E+02  2.7448E+02
0014631   3.8056E+02  3.9857E+02 -3.9745E+02
0014632   8.4322E+02 -4.5112E+02 -4.3634E+02
0014633   9.9869E+02  1.9935E+02 -1.4135E+02
0014634   3.9847E+02  1.3155E+02  3.5784E+02
0014635   7.1819E+02  1.5402E+02  4.0828E+01
0014636   7.8489E+02  6.9905E+02  4.4541E+02
0014637   4.7220E+02 -5.6802E+02 -1.9662E+02
0014638   3.5263E+02  4.2898E+02  6.8075E+02
0014639   5.2658E+02 -6.3086E+02  9.9520E+01
0014640   9.3255E+02 -3.3976E+02  7.1116E+01
0014641   4.5517E+02 -5.2370E+01 -1.7015E+02
0014642   7.8015E+02 -4.2188E+02 -6.8328E+02
0014643   7.2912E+01  3.1290E+00  1.1379E+02
0014644   8.8147E+02  5.6354E+01 -1.8055E+02
0014645   1.2856E+03  2.7146E+02 -3.2764E+02
0014646   9.6043E+02 -1.5073E+02 -1.2052E+02
0014647   5.4347E+02 -6.3898E+01  5.7708E+01
0014648   7.9806E+02  1.2571E+02 -4.5069E+02
0014649   2.2142E+02  1.9239E+01 -4.5459E+01
0014650   1.2495E+03 -4.4169E+02  1.3460E+02
0014651   3.1422E+02  4.7903E+02  1.5629E+02
0014652   1.4465E+03  7.0119E+01 -2.8527E+02
0014653   5.8414E+02 -6.2783E+01  1.5938E+02
0014654   1.1294E+03  4.0653E+02 -5.3570E+02
0014655   7.8744E+02 -7.1533E+02  3.1951E+02
0014656   1.0438E+03 -4.6318E+02  1.7399E+02
0014657   1.3415E+03  1.1414E+01 -1.8671E+02
0014658   1.4013E+03 -1.8473E+02 -1.6279E+02
0014659   7.8374E+02 -4.0374E+02  3.7959E+01
0014660   6.3499E+02  2.8923E+02 -1.4213E+02
0014661   1.1983E+03  6.2694E+02 -2.4489E+02
0014662   1.1324E+03  1.0048E+02  3.1001E+02
0014664   5.0843E+02 -1.8089E+02  2.2743E+02
0014665   9.6359E+02 -8.8658E+01  4.6329E+02
0014666   1.1307E+03  4.2885E+02  2.4953E+02
0014667   2.0283E+02  3.8971E+02 -3.7626E+01
0014668   1.2515E+03 -3.8600E+01 -7.3070E+00
0014669   5.4532E+02 -5.0452E+02  3.0297E+02
0014670   2.2787E+02  2.0187E+02  7.4123E+01
0014671   1.1956E+02 -2.0660E+01 -1.7041E+02
0014672   9.9266E+02  1.4421E+02 -3.3973E+02
0014673   1.3021E+03 -1.2323E+02  3.5961E+02
0014674   1.3221E+03  8.4115E+01 -3.0969E+02
0014675   3.2486E+02 -2.9756E+02  3.5794E+02
0014676   7.4025E+02 -4.7998E+02  4.4898E+02
0014677   1.6082E+03  5.2072E+02 -1.3445E+02
0014678   7.2105E+02  7.6709E+01  4.8918E+01
0014679   2.3762E+02 -3.0619E+02  6.4589E+02
0014680   3.3432E+02 -4.1094E+02  2.4818E+02
0014681   1.5314E+03  2.7783E+02 -1.2796E+02
0014682   1.1174E+03 -4.9824E+01 -1.6446E+01
0014683   3.7721E+02 -6.7206E+01 -4.6064E+02
0014684   2.8040E+02 -6.4907E+02 -7.7158E+02
0014685   8.9345E+02  6.0200E+02  2.6358E+02
0014686   1.1394E+03 -4.7918E+02 -2.7665E+02
0014687   1.1456E+03  6.9779E+02  2.8282E+02
0014688   8.1486E+02 -4.2873E+02 -6.9644E+02
0014689   7.9732E+02  3.4434E+02 -2.7872E+02
0014690   8.6973E+02  1.6379E+02  4.3786E+01
0014691   4.0093E+02  3.4239E+02  9.8737E+02
0014692   1.5565E+03 -2.9145E+02  1.0662E+02
0014693   6.2866E+02  1.6024E+01  1.9782E+02
0014694   1.0798E+03 -4.5626E+02 -4.1534E+02
0014695   1.8510E+02 -4.1795E+01 -1.5123E+01
0014696   6.4748E+02  3.8688E+02 -1.0788E+02
0014697   3.8023E+02  6.4178E+02  5.9999E+02
0014698   1.0624E+02  2.0973E+02  3.0195E+02
0014699   9.1177E+02  7.0239E+01  4.2161E+02
0014700   3.2827E+02 -3.9675E+02  2.7535E+02
0014702   8.7064E+02  2.2440E+02 -5.1727E+01
0014703   1.2777E+03 -7.2886E+01 -4.1424E+01
0014704   1.2251E+02  2.8472E+02  2.6164E+02
0014705   1.3727E+03 -4.1294E+02  5.3119E+02
0014706   8.7711E+02 -2.5679E+02  8.8758E+01
0014708   6.5350E+02 -8.2624E+02  2.6768E+02
0014709   1.2021E+03  2.4230E+00 -6.5191E+01
0014710   4.2740E+02  3.1488E+02 -1.7930E+02
0014711   3.7683E+02  1.7471E+02 -2.3438E+02
0014712   4.7886E+02  7.6980E+01 -2.8672E+01
0014713   2.8766E+02  4.1465E+02  3.1827E+02
0014714   7.8567E+02  5.5981E+02 -4.6783E+02
0014715   2.6272E+02  3.2799E+02  2.7826E+02
0014716   1.1197E+03 -8.7222E+02  3.7839E+02
0014717   6.2281E+02 -3.1917E+02  1.3119E+02
0014718   1.0364E+03  5.9754E+02 -6.1706E+02
0014719   8.7264E+02 -4.9200E+02  1.6317E+02
0014720   2.9642E+02  4.8168E+02  1.5178E+02
0014721   8.8990E+02 -2.8536E+02  3.7867E+02
0014722   3.5746E+02 -3.0861E+02 -4.1797E+02
0014723   4.5782E+02 -6.7415E+01  1.0318E+02
0014724   3.2139E+02  4.5292E+01 -3.2143E+02
0014725   1.0736E+03 -9.1622E+01 -1.6446E+02
0014726   5.1117E+02 -3.0530E+02  7.3021E+02
0014727   1.0701E+03 -8.4366E+01  2.7457E+02
0014728   3.6391E+02 -3.2980E+02  5.7532E+01
0014730   1.6423E+02  3.8908E+02 -1.1735E+02
0014731   8.4728E+02 -7.2824E+01  6.6575E+02
0014732   6.6659E+01 -2.0544E+02  4.9316E+02
0014733   6.7396E+02  2.7232E+01 -1.3764E+02
0014734   1.4407E+03  4.4712E+01 -1.6912E+01
0014735   4.1218E+02 -4.8532E+02  2.3588E+02
0014736   9.0525E+02 -3.0542E+02 -4.0888E+02
0014737   1.6882E+03 -4.8080E+02  4.1562E+02
0014738   2.2812E+01 -2.7291E+02 -9.8500E+02
0014739   6.5650E+02  8.4887E+02  1.5237E+02
0014740   5.1575E+02 -2.0017E+02  4.8766E+02
0014741   6.7797E+02 -7.7848E+01 -3.5421E+02
0014742   6.2353E+02  9.4785E+01  2.7729E+02
0014743   6.8013E+02 -7.9869E+02 -2.3165E+01
0014744   9.6685E+02 -3.1865E+02  8.0497E+00
0014745   1.1982E+03  3.8105E+02 -1.7326E+02
0014746   4.4702E+02  3.5723E+02 -2.5099E+02
0014747   8.1806E+02 -2.5323E+02  1.1762E+01
0014748   1.0913E+03 -7.4549E+02 -6.3034E+02
0014749   1.0713E+02 -2.8939E+01 -1.5671E+02
0014750   2.8647E+02 -9.1268E+01  2.4748E+02
0014751   9.1163E+02  5.1665E+01  1.0695E+02
0014752   9.0765E+02 -3.5741E+02 -1.7231E+02
0014753   2.6198E+02  1.4027E+02  1.1984E+02
0014754   4.2171E+02  1.7496E+02 -3.5063E+02
0014755   1.1911E+03 -5.8647E+02 -1.9909E+02
0014756   1.9019E+02  4.2438E+02 -2.8624E+02
0014757   5.7972E+02  5.6238E+02 -1.4271E+02
0014758   8.4946E+02 -2.6789E+02 -1.9294E+02
0014759   3.7284E+02 -7.9093E+02  4.8208E+01
0014760   5.3805E+02  8.8220E+01  5.5875E+02
0014761   8.0650E+01 -9.2595E+00  3.2086E+02
0014762   1.8320E+03  3.0118E+02 -1.0412E+02
0014763   8.3600E+02 -4.3289E+02  2.6428E+02
0014764   8.8200E+02  1.1018E+02 -2.5670E+02
0014765   5.8361E+02  3.3546E+02  1.3809E+02
0014766   4.6346E+02  3.3681E+02  3.6918E+02
0014767   9.2702E+02  6.4421E+02  2.9517E+02
0014768   6.9945E+02  3.3205E+02  2.1189E+02
0014769   2.2287E+02 -8.4936E+01 -2.5448E+02
0014770   5.9137E+02  3.2459E+02  1.3172E+03
0014771   9.3080E+02  4.0274E+02 -5.8692E+02
0014772   7.2612E+02 -1.3251E+02 -1.9341E+02
0014773   9.3233E+02  1.8734E+02  1.6829E+02
0014774   7.2349E+02  3.9404E+01 -4.9303E+02
0014775   8.4039E+02  5.4289E+02 -3.8721E+02
0014776   3.8852E+02  8.8599E+01  1.2073E+02
0014777   8.4532E+02 -3.0354E+02  2.7521E+02
0014778   1.3684E+03 -6.1691E+02  1.3932E+02
0014779   9.6198E+02 -5.1821E+02 -4.7709E+02
0014780   9.9671E+02  3.1845E+02  6.1833E+02
0014781   1.2381E+03  4.0423E+02 -2.2354E+02
0014782   3.6313E+02  2.3979E+02 -1.0167E+02
0014783   4.0281E+02  3.4823E+02  2.4735E+02
0014784   9.8767E+02  9.4498E+01 -2.5542E+02
0014785   1.0195E+03  2.0786E+02 -6.0718E+01
0014786   9.7623E+02 -1.9095E+02  5.7172E+01
0014787   1.1930E+03 -1.6460E+02  4.4887E+01
0014788   8.4200E+02  1.5619E+02 -6.7243E+01
0014789   5.0568E+02 -1.7414E+02 -1.0383E+02
0014790   9.1388E+01  2.1142E+02 -2.6866E+02
0014791   3.3352E+02  3.4469E+02  5.6588E+02
0014792   5.3629E+02  8.0831E+01 -2.5008E+02
0014793   7.0930E+02  2.9426E+02  4.0483E+02
0014794   1.1541E+03 -4.0053E+02  3.9498E+02
0014795   1.5845E+03 -2.4422E+02  4.3765E+02
0014796   1.2835E+03 -1.2094E+02 -7.3628E+01
0014797   4.4186E+02  1.5008E+02  5.6102E+02
0014798   5.8013E+02  1.0404E+01  2.0499E+02
0014799   1.0661E+03  5.6871E+02 -4.0478E+02
0014800   1.0529E+03 -3.2478E+02 -3.5366E+02
0014801   2.6441E+02  3.0695E+02  6.3533E+02
0014802   4.8203E+02  1.6729E+02 -1.3696E+02
0014803   5.2463E+02 -3.5233E+01  2.1423E+02
0014804   3.0095E+02 -1.1453E+01  2.0257E+02
0014805   6.6123E+02  3.4544E+02  1.1007E+02
0014806   9.6719E+02 -3.3520E+02  1.0823E+02
0014807   9.3705E+02  2.4984E+01 -3.9820E+02
0014808   3.1607E+02 -2.2186E+02 -3.4265E+02
0014809   3.6975E+02  3.3785E+00  5.8554E+01
0014810   4.2546E+02 -1.2408E+02  1.2518E+02
0014812   9.6712E+02  1.0074E+02 -4.4665E+01
0014813   2.7482E+02 -5.7494E+02 -4.3210E+01
0014814   1.0782E+03 -4.2809E+02 -6.9471E+02
0014815   6.8351E+02 -3.4514E+02 -5.9849E+02
0014816   3.6948E+02 -2.0360E+02  7.5150E+01
0014818   7.5981E+02  1.1050E+03  4.7980E+01
0014819   2.6043E+02 -7.6629E+02  3.0223E+02
0014820   3.3028E+02  5.3724E+01  7.6896E+01
0014821   1.2607E+03  6.3125E+02 -1.5297E+02
0014822   3.3563E+02 -4.5174E+01  6.4892E+02
0014823   4.6579E+02 -7.7099E+01  1.1523E+02
0014824   5.9819E+02  2.1409E+02  4.7783E+02
0014825   5.4544E+02  4.6432E+02 -8.8230E+02
0014826   1.1094E+03  1.7631E+02 -5.7880E+02
0014827   8.3462E+02 -5.5064E+02 -6.3253E+01
0014828   1.2097E+03 -5.9209E+02 -3.4600E+02
0014829   2.7827E+02  3.0731E+02  1.5364E+02
0014830   6.8118E+02 -8.0807E+02  4.9192E+02
0014831   1.2046E+03  2.9856E+02 -4.6040E+02
0014832   5.6974E+02  5.6502E+02  1.0068E+02
0014833   1.0219E+03  1.0949E+02 -2.5706E+02
0014834   5.6512E+02  2.4300E+01  3.1845E+02
0014835   7.2735E+02 -3.3547E+02  3.2614E+01
0014836   6.2598E+02 -2.3336E+02 -1.9149E+02
0014837   6.6028E+02 -3.9083E+02 -1.0519E+02
0014838   6.2309E+02 -3.4400E+02  1.1027E+03
0014839   1.3303E+03 -1.5235E+02  2.4810E+02
0014840   3.7029E+01 -3.0703E+02  1.3519E+01
0014841   6.6980E+02 -2.2306E+02  1.3208E+02
0014842   5.6656E+02  1.4952E+02 -3.3382E+01
0014843   8.5893E+02 -1.1766E+02 -1.7749E+02
0014844   7.8212E+02  4.1938E+01 -2.4849E+02
0014845   5.7201E+02 -2.5745E+02 -7.4658E+02
0014846   3.3791E+02 -5.7282E+01 -4.7786E+02
0014847   6.3729E+02 -1.2178E+02  4.5467E+02
0014848   1.1349E+03  1.0812E+01 -3.2741E+02
0014849   1.1745E+03  5.9688E+02 -2.4529E+02
0014850   1.1257E+03 -1.3191E+02  6.0715E+01
0014851   1.0665E+03 -3.2866E+02 -1.6231E+02
0014852   9.2931E+02 -1.0407E+03  5.9065E+01
0014853   7.7188E+02 -1.7217E+02  6.1205E+02
0014854   5.5013E+02  4.5304E+02 -4.8307E+01
0014855   1.2358E+03 -5.9184E+02  2.8697E+02
0014856   9.7167E+02  2.4600E+02  5.9269E+01
0014857   8.7059E+02  8.4253E+01  3.0792E+02
0014858   2.8714E+02 -5.4595E+02 -6.1118E+02
0014859   7.3871E+02  1.5407E+02 -1.7150E+02
0014860   3.5095E+02  6.9491E+02  5.0744E+02
0014861   3.3621E+02 -1.4476E+02  4.0081E+01
0014862   3.8844E+02  4.3272E+01 -6.4400E+01
0014863   6.9679E+02  5.0243E+02  1.3674E+01
0014864   1.1130E+03 -5.2203E+02  4.5527E+01
0014866   7.1188E+02  5.2864E+02  4.9265E+02
0014867   2.0129E+02 -5.1074E+02 -3.5819E+02
0014868   6.1342E+02 -3.1740E+02 -7.3131E-01
0014869   2.2349E+02 -1.0458E+02  3.0259E+02
0014870   1.5569E+03 -3.9883E+02 -3.1611E+01
0014871   1.8344E+03  1.7072E+02 -5.1687E+01
0014872   4.7325E+02 -1.2592E+02 -5.7319E+02
0014873   8.3442E+02  2.9988E+02  1.0214E+02
0014874   6.9747E+02  1.9014E+02 -2.2550E+02
0014875   1.0115E+03 -4.9968E+02 -8.4389E+01
0014876   9.5641E+02  1.8125E+02 -2.1662E+02
0014877   2.5802E+01 -1.0000E+02 -2.7211E+02
0014878   1.1454E+03  1.0582E+03 -3.7366E+02
0014879   1.0135E+03  2.3699E+02 -2.0181E+02
0014880   6.3914E+02 -2.1007E+02 -5.7034E+01
0014881   6.3855E+02  5.6901E+01  3.4022E+02
0014882   6.9875E+02  3.8444E+02 -4.3125E+02
0014883   1.2250E+03  3.5299E+02  3.9487E+01
0014884   5.3447E+02 -3.5934E+01  2.2443E+02
0014885   6.1257E+02  3.1447E+02 -1.0401E+02
0014886   3.6513E+02 -6.7410E+01 -3.3645E+02
0014887   1.2343E+03  5.9847E+02  7.4773E+01
0014888   1.0602E+03  2.7861E+02  5.0049E+02
0014889   8.9848E+02 -1.5627E+02  2.0884E+02
0014890   1.0507E+03  4.8187E+01 -1.1936E+02
0014891   1.1266E+03 -3.7512E+02  2.9074E+02
0014892   1.1864E+03  4.9849E+02  1.7230E+02
0014894   2.5422E+02 -7.0197E+01 -7.5449E+01
0014895   4.2768E+02  4.6901E+02 -6.8483E+02
0014896   6.3186E+02 -3.5003E+02 -3.4405E+02
0014897   9.5753E+02 -2.5839E+01  2.4299E+02
0014898   5.0997E+02 -1.2950E+02 -1.7515E+02
0014899   3.9408E+02 -1.4258E+02  1.8392E+02
0014900   5.3109E+02 -2.4271E+02  6.0904E+01
0014901   3.9196E+02  1.2718E+02 -3.2012E+02
0014902   9.4054E+02  2.0691E+02  5.0398E+02
0014903   7.0524E+02 -1.1555E+02  3.8929E+02
0014904   8.5464E+02 -5.2428E+02  5.7963E+02
0014905   6.0808E+02 -3.0621E+02  1.6843E+02
0014906   8.9707E+02  4.7634E+02  1.9270E+02
0014908   1.2301E+03  5.6836E+02 -7.2505E+02
0014909   9.1009E+02  2.3265E+02 -4.7654E+02
0014910   1.4690E+01 -1.0741E+02 -1.2190E+02
0014911   5.5020E+02  3.1314E+01 -3.1958E+02
0014912   1.0567E+03  8.5021E+01  3.0506E+02
0014913   7.9189E+02  3.7926E+01 -9.8343E+00
0014914   3.2287E+02  5.6020E+02 -2.3539E+02
0014915   8.0439E+02 -3.1697E+02  8.0228E+02
0014916   6.0998E+02 -1.7692E+02  6.0854E+02
0014917   9.3380E+02 -4.1588E+02 -4.0288E+02
0014918   1.8561E+03  3.8075E+02  3.9833E+02
0014919   7.7378E+02 -1.7910E+02  5.7711E+00
0014920   6.9518E+02 -6.9114E+02  3.8012E+02
0014921   8.7913E+01  2.3152E+02 -4.7493E+02
0014922   7.5826E+02 -3.5589E+02  6.1228E+02
0014923   3.0656E+02 -6.2069E+02 -1.1675E+02
0014924   1.2054E+03 -2.2073E+01  8.5194E+01
0014925   1.1717E+03 -5.8736E+02  1.0187E+03
0014926   1.0515E+03  5.6848E+02  5.4117E+02
0014927   7.0984E+02  6.1799E+02 -8.6972E+01
0014928   8.3483E+02 -1.1696E+02  9.4099E+02
0014929   6.5503E+02 -4.5301E+02 -2.2051E+02
0014930   1.1595E+03 -1.5537E+02 -2.2924E+02
0014931   9.1427E+02  1.9456E+02  2.5934E+02
0014932   7.0018E+02 -3.3644E+02  2.1429E+01
0014933   1.0976E+03  4.4348E+02 -1.4938E+02
0014934   6.0539E+02 -2.9005E+02 -3.5462E+02
0014935   2.4019E+02  2.2585E+01  1.6566E+02
0014936   1.2339E+03 -1.9205E+02 -2.1073E+01
0014937   9.5274E+02 -6.0665E+02 -4.0466E+02
0014938   5.9584E+02  7.0106E+02  5.9326E+02
0014939   1.1696E+03  5.4308E+02  2.0698E+02
0014940   1.4311E+03 -5.8006E+02 -1.5287E+02
0014941   1.0449E+03 -4.4160E+02 -1.4170E+02
0014942   9.7748E+01  4.0731E+01 -8.8678E+01
0014943   1.0503E+03  7.3852E+01 -3.5881E+02
0014944   6.5831E+02 -5.9501E+02  3.9527E+02
0014945   9.9446E+02  2.8154E+02  3.5020E+02
0014946   5.2967E+02  2.7075E+02 -4.6830E+02
0014947   1.6707E+03 -2.2340E+02  2.7819E+02
0014948   7.5427E+02  8.7863E+01  7.0660E+02
0014949   5.8541E+02 -4.6370E+02 -1.1934E+02
0014950   6.5028E+02 -1.7489E+02  4.5761E+01
0014951   4.3328E+02 -1.3222E+02 -2.2601E+01
0014952   6.8981E+02 -2.7684E+02  1.8164E+02
0014953   4.5856E+02  5.6462E+02  3.0076E+02
0014954   1.9081E+02  1.6914E+02 -2.4529E+02
0014955   6.9100E+02  4.9369E+02 -2.2259E+02
0014956   7.2075E+02 -5.8545E+02  2.6588E+02
0014957   4.3214E+02 -4.9771E+02  3.5394E+01
0014958   1.7276E+02  1.4094E+02 -2.6500E+01
0014959   7.6949E+02 -4.2115E+02  5.9529E+01
0014960   2.6044E+02  9.9286E+01 -1.9488E+02
0014961   1.2004E+03  3.2364E+02 -1.2545E+02
0014962   4.1319E+02  1.0663E+01  5.6737E+02
0014963   1.0492E+03  9.3963E+01  6.9084E+02
0014964   1.0023E+02 -1.1095E+02 -1.7274E+02
0014965   8.3604E+02  9.5779E+01  2.2956E+02
0014966   3.5505E+02 -2.2727E+02  4.2473E+01
0014967   3.1072E+02 -2.4367E+01  1.9537E+02
0014968   1.0674E+03 -4.7316E+02 -2.1667E+02
0014969   9.3926E+02  7.1048E+01  5.1138E+02
0014970   8.6160E+02  2.2014E+02  2.6292E+02
0014971   1.1427E+03 -3.6652E+02  6.8158E+02
0014972   5.9717E+02  8.3919E+02 -5.9331E+01
0014973   1.1175E+03  2.8007E+02 -9.5619E+01
0014974   1.2891E+03  2.5462E+02  1.4010E+02
0014975   3.4174E+02 -7.0933E+02 -1.2149E+03
0014976   4.7784E+02  3.7016E+02 -4.0394E+02
0014977   7.6064E+02 -2.4485E+02  4.8007E+02
0014978   1.1701E+03 -6.2751E+02  3.9817E+02
0014979   1.0205E+03 -1.8762E+02  7.4452E+01
0014980   5.1949E+02 -3.0638E+01  8.8145E+02
0014981   1.0863E+03 -2.4540E+02  4.2788E+02
0014982   4.3202E+02 -2.1446E+02 -5.6359E+02
0014983   1.0867E+03  4.7477E+02 -8.1027E+01
0014984   6.4862E+02  9.2280E+01  4.4967E+02
0014985   7.7852E+02 -1.3268E+02  2.2829E+02
0014986   1.1653E+03 -5.9650E+02  1.7261E+02
0014987   4.4848E+02 -2.8545E+02  2.7549E+02
0014988   1.0565E+03  9.4913E+02 -2.2287E+02
0014989   1.0463E+03 -3.1429E+01  6.9140E+01
0014990   6.7583E+02 -2.2193E+02  7.7967E+02
0014991   1.2646E+03  2.3241E+02 -7.8751E+01
0014992   7.1791E+02 -2.5016E+02 -4.3644E+02
0014993   1.1283E+03 -4.2456E+02 -1.7127E+02
0014994   1.5003E+03 -7.6940E+01 -3.0634E+01
0014995   1.0348E+03 -1.5046E+02  2.8519E+02
0014996   5.1135E+02 -1.0069E+03  1.6580E+02
0014997   1.2566E+03 -5.0663E+02 -5.1601E+02
0014998   8.0828E+02 -7.6369E+01  1.7205E+01
0014999   1.9825E+02 -1.4749E+02  2.7655E+00
0015000   6.2038E+02 -4.7385E+02  6.7016E+02
