============================== SRIM-2013.00 ==============================
==============================================================================
====== SRIM Outputs\RANGE_3D.txt : File of Final Ion Positions =====

Ion = Ar (18)   Ion Mass= 039.9620
Energy  = 1000000.E-03 keV
Ion Angle to Surface = 00.0 degrees
==================== TARGET =======================
  Layer # 1 - GaAs
  Layer # 1 - Bottom Depth=160000.E-01 A
  Layer # 1 - Density =0005.3200 g/cm3
  Layer # 1 -  50 % of Ga
  Layer # 1 -  50 % of As
様様様様様様様様様様様様様様様様様様様様様様様様様様
                                            
Ion       Depth  X   Lateral Y   Lateral Z  
Number    (Angstrom) (Angstrom)  (Angstrom) 
-------  ----------- ----------- -----------
0000001   4.2639E+03 -2.6906E+02  4.2579E+02
0000002   8.0945E+03 -1.7176E+03 -2.8226E+03
0000003   8.2018E+03 -3.6055E+01 -4.6322E+02
0000004   4.5012E+03  7.9514E+02  1.3098E+03
0000005   7.6267E+03 -3.1519E+03  1.6484E+03
0000006   7.3163E+03  3.2242E+03  3.1028E+03
0000007   6.4677E+03 -4.2554E+02  1.1740E+03
0000008   6.1147E+03 -3.1823E+03  2.0150E+03
0000009   5.4682E+03 -2.3531E+03  9.3508E+02
0000010   8.9687E+03  2.2246E+01 -1.8146E+03
0000011   5.7217E+03  3.8432E+03  3.1586E+03
0000012   6.8528E+03  1.5996E+03  3.0310E+02
0000013   9.8852E+03 -9.7731E+02 -1.1109E+03
0000014   4.9831E+02  2.4201E+03  3.6507E+03
0000015   8.7994E+03 -7.3075E+01  3.7597E+02
0000016   5.9480E+03  6.7331E+02  2.7512E+01
0000017   9.0057E+03 -2.7665E+02 -3.5549E+02
0000018   8.5121E+03 -2.3730E+03  1.1093E+03
0000019   9.3567E+03 -8.4209E+02 -2.1092E+03
0000020   7.6526E+03 -2.5880E+03 -3.6212E+02
0000021   7.7317E+03 -2.2778E+03  2.3548E+03
0000022   6.9091E+03 -5.1731E+02  1.4706E+03
0000023   8.1168E+03 -1.2108E+03 -5.3910E+03
0000024   5.8227E+03  1.2860E+03  3.1613E+03
0000025   9.7781E+03 -7.7834E+02  1.8304E+02
0000026   6.7702E+03 -1.9038E+03  1.2131E+03
0000027   6.7803E+03 -2.1558E+03 -1.5734E+03
0000028   6.9740E+03 -8.7469E+02 -2.4063E+02
0000029   6.0794E+03  1.0077E+03 -1.6476E+02
0000030   3.8735E+03 -4.9719E+03 -3.9821E+03
0000031   6.1035E+03  6.8080E+02  1.1850E+03
0000032   8.1863E+03  1.4939E+03 -1.7546E+03
0000033   9.3027E+03  2.6235E+03  2.0728E+03
0000034   9.2820E+03  1.3064E+03 -3.0873E+03
0000035   7.7460E+03  3.6263E+03  9.3399E+01
0000036   7.8837E+03 -5.7816E+03  2.2498E+03
0000037   8.0106E+03 -9.4904E+02  2.8864E+03
0000038   7.4025E+03 -3.5277E+03  2.3843E+03
0000039   7.3926E+03  3.1713E+03 -2.1398E+03
0000040   1.0700E+04 -4.7783E+02 -3.0875E+01
0000041   8.4010E+03 -2.1198E+03  3.1909E+02
0000042   8.6488E+03 -1.2610E+03  1.2143E+03
0000043   6.5587E+03  3.8062E+03 -3.2418E+03
0000044   5.4146E+03  4.2054E+03  1.2903E+03
0000045   8.1025E+03  2.4345E+03  3.1558E+03
0000046   6.0161E+03  2.3440E+01 -2.0292E+03
0000047   5.7657E+03  4.3523E+03 -2.3708E+03
0000048   8.7069E+03 -9.8845E+02 -2.2229E+03
0000049   6.7112E+03  9.0334E+01  2.2487E+03
0000050   8.5994E+03  9.5540E+02  1.9952E+03
0000051   4.8785E+03  2.9507E+03  1.6788E+03
0000052   5.0640E+03 -3.7732E+03 -1.6555E+03
0000053   5.5834E+03  7.7455E+02 -1.9899E+02
0000054   3.8597E+03  1.1485E+03 -4.2579E+03
0000055   7.3509E+03 -1.5071E+03  1.7363E+03
0000056   5.7050E+03 -3.6934E+03  1.1585E+03
0000057   7.8238E+03 -8.1428E+02 -3.4619E+02
0000058   3.6383E+03 -2.3140E+03 -8.8245E+02
0000059   7.4856E+03  1.7358E+02  7.1454E+02
0000060   7.2058E+03 -4.1198E+02  1.4301E+03
0000061   5.1510E+03  3.9903E+01 -7.4277E+02
0000062   5.2557E+03 -4.6052E+02  3.9065E+03
0000063   4.8673E+03 -3.3654E+03  6.4184E+02
0000064   8.5558E+03 -1.4218E+03 -9.1094E+02
0000065   8.7261E+03 -1.2129E+03 -1.2253E+03
0000066   3.9369E+03  2.1990E+02 -2.0962E+03
0000067   6.6608E+03  1.1949E+03 -8.6395E+02
0000068   5.7097E+03  1.2524E+03  2.3952E+02
0000069   6.8036E+03 -2.6800E+03  2.0032E+03
0000070   6.2398E+03  2.9472E+03  3.1108E+03
0000071   8.8573E+03 -2.8270E+03  1.8664E+03
0000072   8.0516E+03 -1.4011E+03 -2.7656E+03
0000073   1.0651E+04  1.4749E+03  2.4492E+03
0000074   4.8500E+03 -4.0930E+03  1.0980E+03
0000075   7.5048E+03 -2.3344E+03 -6.0516E+02
0000076   7.5594E+03 -1.2471E+03 -1.1892E+02
0000077   7.3495E+03  1.2089E+03  3.5428E+03
0000078   8.9212E+03 -8.2163E+02  3.5229E+03
0000079   6.8755E+03 -1.1271E+03  1.1937E+03
0000080   7.5321E+03  6.4497E+02 -5.2670E+02
0000081   9.5854E+03  1.0647E+03  6.9049E+02
0000082   1.0143E+04 -3.5084E+03  5.9736E+00
0000083   4.6800E+03  2.1104E+03  8.3755E+02
0000084   7.0503E+03 -2.9612E+03 -1.0843E+03
0000085   5.4418E+03  4.2363E+03  7.2641E+02
0000086   6.1566E+03  2.5235E+02  4.5539E+03
0000087   9.4948E+03  2.1416E+03 -2.0273E+03
0000088   8.1241E+03 -1.8669E+03  1.7557E+03
0000089   7.9726E+03 -1.1781E+02  1.5420E+02
0000090   6.9700E+03  9.3146E+02 -3.5319E+02
0000091   4.6587E+03 -9.1138E+02  3.1274E+03
0000092   3.6954E+03 -3.3348E+03  2.1486E+03
0000093   4.9970E+03 -1.7953E+03  4.6362E+03
0000094   3.4892E+03 -6.5093E+03  6.1367E+01
0000095   9.5804E+03 -2.1062E+03 -1.4567E+03
0000096   6.0274E+03  1.5959E+03  5.6340E+03
0000097   6.9345E+03  1.9568E+03  4.9504E+03
0000098   6.1065E+03  2.0426E+03 -2.2773E+02
0000099   8.6072E+03  1.2765E+02  2.3544E+03
0000100   5.7189E+03 -5.1500E+02 -3.3151E+03
0000101   9.4298E+03  5.9043E+02 -6.6168E+02
0000102   9.3744E+03  3.4740E+02  2.5434E+02
0000103   7.8010E+03  2.6012E+02  3.9654E+02
0000104   3.2744E+03  1.1602E+03 -2.9899E+03
0000105   7.1049E+03  4.8864E+03 -1.4456E+03
0000106   6.5850E+03  1.1977E+03 -2.6496E+03
0000107   7.5203E+03  9.1348E+02 -2.9073E+02
0000108   5.3249E+03  5.7804E+03  1.5706E+03
0000109   7.4036E+03 -2.7089E+03 -2.8641E+03
0000110   6.2116E+03 -3.2666E+03 -4.3798E+03
0000111   8.7529E+03  1.6469E+03  3.3032E+02
0000112   8.7039E+03 -1.9759E+03 -9.4754E+02
0000113   7.5285E+03 -5.0300E+01  8.0015E+02
0000114   8.5392E+03  2.1864E+03  6.8094E+02
0000115   1.0448E+04  2.4292E+02 -3.5942E+02
0000116   6.3440E+03 -2.5191E+03 -2.5628E+03
0000117   6.1413E+03 -2.2917E+03 -3.4836E+03
0000118   9.1301E+03  2.2167E+03 -1.5535E+03
0000119   9.7364E+03  8.5207E+02  2.7902E+03
0000120   9.5806E+03  1.8195E+03  3.5352E+03
0000121   1.0100E+04 -9.6911E+02 -4.5025E+02
0000122   9.4642E+03  7.5399E+02 -5.3653E+02
0000123   6.5264E+03  5.8715E+02 -2.5206E+03
0000124   8.0253E+03  4.5162E+03 -1.9580E+03
0000125   1.6239E+03 -2.7827E+03  3.3138E+02
0000126   8.2135E+03 -1.9474E+03 -5.7988E+02
0000127   6.5820E+03 -5.8948E+03  3.3409E+03
0000128   3.1083E+03 -1.6814E+03 -4.3459E+02
0000129   6.9955E+03  2.6441E+03  1.7626E+02
0000130   7.9625E+03 -5.0056E+03 -4.5002E+03
0000131   6.9645E+03  4.4948E+01  1.5327E+03
0000132   6.7743E+03 -4.1864E+03  7.9818E+02
0000133   7.5614E+03  1.1334E+03 -5.4029E+02
0000134   8.6003E+03  1.4508E+03  2.9854E+03
0000135   5.3231E+03 -4.7446E+02  3.6055E+03
0000136   6.2501E+03  3.2931E+03 -3.5692E+03
0000137   7.4802E+03 -1.8553E+02 -1.6573E+03
0000138   5.1829E+03 -5.2554E+02 -4.6062E+03
0000139   6.7925E+03  1.0412E+03  1.9569E+03
0000140   6.3636E+03 -2.7713E+03 -2.6051E+03
0000141   1.1641E+04  1.2659E+03  9.2345E+02
0000142   7.1275E+03  2.5604E+03 -1.9503E+03
0000143   4.4861E+03 -2.1008E+03 -5.0311E+03
0000144   5.1076E+03  3.9942E+03  3.2867E+03
0000145   9.0896E+03  3.9886E+03 -1.1714E+03
0000146   7.5750E+03  1.3115E+02  1.1801E+03
0000147   1.1124E+04  1.0722E+03  2.1822E+03
0000148   3.6078E+03  8.3955E+02 -3.6401E+02
0000149   7.5895E+03 -8.4080E+01 -1.5588E+03
0000150   6.9748E+03  2.3190E+03 -1.5850E+03
0000151   5.9429E+03 -9.2850E+02 -2.7924E+02
0000152   7.2322E+03  3.4195E+02  1.9261E+03
0000153   8.9051E+03 -1.9780E+03 -2.7890E+03
0000154   8.7487E+03 -7.8743E+02 -3.8819E+02
0000155   7.5346E+03 -1.7832E+03 -1.8025E+03
0000156   9.6857E+03  1.0580E+03  7.9653E+02
0000157   3.4844E+03 -4.3743E+02 -2.7109E+03
0000158   9.5012E+03 -1.2370E+03  3.3936E+03
0000159   1.0167E+04  2.5470E+03 -1.6561E+03
0000160   7.4914E+03 -4.8349E+02  2.5943E+03
0000161   8.1531E+03  4.8624E+03 -1.7487E+03
0000162   7.7272E+03 -2.2416E+03  2.0399E+03
0000163   5.3547E+03 -2.0193E+03  9.7986E+02
0000164   1.0324E+04  1.5174E+03 -1.4236E+03
0000165   9.2461E+03 -2.1830E+02  2.1962E+02
0000166   6.1109E+03  5.9457E+02  4.1124E+03
0000167   7.1964E+03 -3.0988E+03 -1.7081E+03
0000168   4.4681E+03 -1.9622E+03 -2.5285E+02
0000169   3.2099E+03  1.9317E+03 -1.9345E+03
0000170   3.5992E+03  1.3664E+03  4.5783E+03
0000171   7.4274E+03 -2.0570E+03  2.7035E+03
0000172   8.7075E+03 -1.4191E+03  2.7525E+03
0000173   7.1841E+03  2.8655E+03 -4.6219E+01
0000174   6.4567E+03  1.9550E+03  3.2511E+02
0000175   6.7648E+03  7.5721E+02 -2.3392E+03
0000176   3.0821E+03  4.5410E+03  1.3837E+03
0000177   7.1474E+03  1.8262E+03  8.7602E+02
0000178   8.3890E+03 -1.4873E+03  1.8723E+03
0000179   7.5922E+03  2.9022E+03  7.6717E+02
0000180   9.0286E+03 -2.8327E+02  2.5643E+03
0000181   7.9003E+03  1.1830E+03  1.1108E+03
0000182   8.1704E+03  1.3135E+03  1.0219E+02
0000183   8.8648E+03 -1.6675E+03  1.0752E+01
0000184   7.9000E+03  1.2943E+03 -7.6295E+02
0000185   7.9673E+03  2.3636E+03 -1.7833E+03
0000186   6.0958E+03  6.2521E+02  4.3754E+03
0000187   7.9403E+03  2.7104E+02  4.4766E+03
0000188   6.4858E+03  1.1031E+03  5.2519E+02
0000189   6.9245E+03 -2.6871E+03 -4.0613E+03
0000190   9.4096E+03  2.0016E+03  7.5014E+02
0000191   5.5684E+03  1.0731E+03 -7.0681E+02
0000192   7.2200E+03  8.8461E+02  2.2768E+03
0000193   8.8889E+03  1.9734E+03  1.9782E+02
0000194   5.2323E+03  1.8450E+02  3.1984E+02
0000195   7.6264E+03 -1.8105E+02  7.4299E+02
0000196   8.5732E+03 -2.2536E+03 -9.7548E+02
0000197   9.6389E+03 -3.9745E+02  2.4594E+03
0000198   1.0181E+04 -3.4334E+03 -2.0506E+03
0000199   5.8034E+03  2.9595E+03  2.0105E+03
0000200   6.9101E+03  3.0534E+03 -1.8523E+03
0000201   4.3987E+03 -2.4258E+03  3.4860E+03
0000202   9.8898E+03 -2.5588E+03 -5.0197E+02
0000203   4.1512E+03 -1.1660E+03  2.4203E+03
0000204   1.5166E+03  5.2424E+03 -9.7631E+02
0000205   8.9882E+03  2.2083E+03 -9.1294E+01
0000206   5.2758E+03 -1.6086E+02 -1.0111E+03
0000207   5.1327E+03  1.2958E+03  3.8037E+03
0000208   8.4245E+03  1.6583E+03  2.0609E+03
0000209   6.3329E+03  2.5029E+03 -4.1700E+02
0000210   8.4149E+03  1.5826E+03 -3.7496E+02
0000211   2.3042E+03 -1.3811E+03  5.1157E+03
0000212   2.2009E+03  8.1650E+02 -1.5520E+03
0000213   7.7715E+03 -3.2577E+03  9.8702E+02
0000214   9.7741E+03 -3.7318E+02  4.0701E+02
0000215   8.6434E+03  1.0281E+03  3.9683E+03
0000216   7.2274E+03 -2.0700E+03  6.8111E+03
0000217   9.0483E+03  1.4031E+02  1.8594E+03
0000218   7.4963E+03 -3.1362E+03 -1.0891E+03
0000219   3.0925E+03 -2.0616E+03  8.3600E+02
0000220   5.5945E+03  1.8110E+03  3.0147E+03
0000221   7.8155E+03  5.6350E+02 -2.2606E+03
0000222   1.1012E+04 -2.6919E+02  2.1223E+03
0000223   6.3730E+03 -6.3006E+02 -3.5592E+03
0000224   9.2521E+03  2.0610E+03 -8.8053E+02
0000225   5.3959E+03 -2.6834E+03  3.2798E+03
0000226   5.9713E+03 -3.2778E+03  4.0045E+02
0000227   7.4505E+03  4.4297E+02  1.3288E+03
0000228   3.9084E+03 -2.1900E+03 -1.8310E+02
0000229   5.6871E+03  7.0554E+02  1.1204E+03
0000230   5.7990E+03 -1.5513E+03 -2.2793E+02
0000231   4.2637E+03  4.0471E+02  6.8499E+02
0000232   7.5562E+03 -1.0535E+03  1.7325E+03
0000233   5.5732E+03  3.5016E+03 -1.9057E+03
0000234   5.2120E+03  9.7353E+02 -3.4781E+03
0000235   8.6561E+03 -1.6322E+03 -4.2653E+02
0000236   7.8538E+03 -1.1022E+03  4.5802E+03
0000237   7.1905E+03  2.0390E+03 -4.2385E+03
0000238   6.4643E+03  1.0565E+03  2.8847E+02
0000239   9.5272E+03  6.3383E+02 -2.2983E+02
0000240   8.7904E+03 -2.9450E+03  2.4238E+02
0000241   8.8282E+03 -1.0963E+03  2.9354E+03
0000242   9.0522E+02  3.2311E+03 -1.2435E+03
0000243   3.3124E+03  1.2251E+03 -3.1261E+03
0000244   3.3775E+03  3.5700E+03 -1.3417E+03
0000245   5.0261E+03 -1.5069E+03 -3.7596E+02
0000246   9.9089E+03  8.3031E+02 -4.6265E+02
0000247   9.0416E+03 -1.3712E+03  1.1489E+03
0000248   8.0392E+03 -3.3370E+03 -3.8371E+03
0000249   8.1068E+03  2.7808E+03 -8.1666E+02
0000250   3.7621E+03 -2.7268E+03  3.6954E+03
0000251   6.7429E+03 -2.6533E+03  3.8389E+03
0000252   7.9812E+03  1.8612E+03  1.2728E+02
0000253   9.1360E+03  5.9787E+02  5.6287E+02
0000254   5.0742E+03 -1.4226E+03  1.5812E+03
0000255   7.3767E+03 -3.3275E+03 -1.4624E+03
0000256   6.3801E+03  2.5425E+02 -1.3772E+03
0000257   1.0375E+04  2.1187E+03  2.3284E+02
0000258   8.8656E+03  1.1530E+03  1.3886E+03
0000259   6.5793E+03  1.2195E+02  1.4527E+03
0000260   8.0039E+03  1.9040E+02 -3.9266E+03
0000261   7.2818E+03  2.7976E+03 -2.8035E+03
0000262   8.9695E+03  6.1659E+02  3.6484E+02
0000263   7.4165E+03 -2.3988E+03 -1.0753E+02
0000264   7.7007E+03 -1.8921E+02  2.7000E+03
0000265   8.5724E+03 -1.3266E+03  1.3317E+03
0000266   7.2808E+03  2.7554E+03  4.8969E+02
0000267   4.4722E+03 -5.2638E+02 -7.7283E+01
0000268   8.8436E+03 -2.2978E+03 -1.9508E+03
0000269   7.9926E+03 -1.2244E+03  9.1835E+02
0000270   7.4472E+03 -4.3045E+03 -1.8449E+03
0000271   6.0468E+03 -1.6961E+03  2.5413E+03
0000272   7.1638E+03 -2.4307E+03 -1.6811E+03
0000273   7.3844E+03  3.1336E+03 -1.7666E+03
0000274   8.0942E+03 -1.2804E+03  4.0999E+02
0000275   7.3159E+03  3.2663E+03 -1.1291E+03
0000276   5.2917E+03  3.1470E+02  4.2934E+03
0000277   9.2155E+03  1.1295E+03 -1.1779E+03
0000278   8.6374E+03 -1.2147E+03 -2.2212E+03
0000279   4.8690E+03  2.4434E+03 -2.4550E+03
0000280   6.5964E+03 -1.5002E+03  1.4049E+03
0000281   7.2706E+03 -3.9594E+02  4.0734E+03
0000282   6.7971E+03  3.8590E+02 -3.8743E+03
0000283   7.6232E+03  1.3964E+03 -2.7919E+01
0000284   4.1024E+03  7.0424E+02  2.5269E+03
0000285   9.7018E+03 -9.7794E+02  4.8543E+02
0000286   8.6007E+03 -2.5246E+03  1.3405E+03
0000287   6.7358E+03  7.3488E+02  1.5897E+03
0000288   7.8587E+03  1.5798E+03 -1.1055E+03
0000289   5.7328E+03 -2.9038E+03 -9.4473E+02
0000290   7.3848E+03  2.6839E+02 -4.3723E+02
0000291   7.5707E+03  1.9577E+03  4.1108E+03
0000292   7.2412E+03  7.7645E+02 -2.2794E+03
0000293   9.2050E+03  4.0023E+03  1.8299E+03
0000294   7.4330E+03  3.4726E+03 -4.2893E+03
0000295   8.8191E+03 -7.0434E+02  6.7261E+02
0000296   7.5907E+03  9.3460E+01  1.3791E+03
0000297   1.0763E+03 -5.8012E+02  1.4876E+03
0000298   4.3604E+03 -1.8674E+03 -1.6908E+03
0000299   8.3703E+03  2.1160E+03 -1.4136E+03
0000300   5.2730E+03  1.1535E+03  1.7977E+03
0000301   9.3564E+03 -1.1626E+03 -3.0503E+03
0000302   7.5211E+03 -2.9855E+03 -5.4962E+02
0000303   6.7878E+03 -2.2085E+03 -5.5060E+03
0000304   3.0684E+03  7.5722E+02 -3.0904E+01
0000305   8.3350E+03  7.2560E+02  3.9230E+03
0000306   8.2761E+03  3.2652E+02  2.7056E+03
0000307   8.2932E+03  1.2190E+03  1.1144E+03
0000308   8.1731E+03 -1.8888E+03  2.4698E+03
0000309   9.0757E+03  1.9480E+03  2.2755E+03
0000310   9.2987E+03  4.3375E+02  1.5672E+03
0000311   6.8637E+03  5.9052E+02  3.3304E+03
0000312   8.2452E+03 -4.6234E+03 -2.5947E+03
0000313   9.1411E+03  7.7713E+02 -1.0838E+02
0000314   5.0892E+03  8.5073E+01 -1.5616E+03
0000315   2.7419E+03 -4.4821E+02 -1.4660E+02
0000316   9.7911E+03 -2.4937E+03  1.6720E+03
0000317   7.3961E+03  2.2427E+03 -2.2692E+03
0000318   7.8999E+03  2.3565E+03 -4.1160E+03
0000319   5.5002E+03 -9.0982E+02  7.0021E+02
0000320   8.6279E+03 -4.6835E+02  1.3634E+03
0000321   5.8382E+03  2.8392E+03  2.9880E+03
0000322   9.7972E+03 -3.6063E+02  1.2115E+03
0000323   5.4212E+03 -2.5521E+03  1.5715E+03
0000324   7.0423E+03  3.7294E+03 -1.9433E+03
0000325   9.5275E+03 -1.4358E+03  1.1636E+03
0000326   7.4332E+03  8.2692E+02  2.9453E+03
0000327   6.1425E+03  1.4200E+03  3.0073E+03
0000328   1.6319E+03 -2.7324E+03 -3.9488E+03
0000329   4.8619E+03  2.1572E+03 -3.3459E+03
0000330   7.4808E+03 -8.0507E+02 -1.3727E+03
0000331   7.9515E+03 -2.3019E+03 -2.8585E+03
0000332   9.0600E+03 -3.6488E+02  2.1039E+03
0000333   9.0182E+03 -8.4047E+02 -8.9114E+02
0000334   6.9373E+03  4.1397E+03 -5.3135E+00
0000335   9.1114E+03 -1.0575E+03 -2.6623E+02
0000336   6.4579E+03 -2.5854E+03  1.0057E+03
0000337   7.6865E+03  1.3508E+03 -9.3069E+02
0000338   6.6457E+03  4.7862E+02 -1.2547E+03
0000339   6.1705E+03  3.0690E+03  2.3001E+03
0000340   8.5891E+03  1.3073E+03 -1.7128E+03
0000341   9.1497E+03 -1.6717E+03  2.3963E+03
0000342   6.7377E+03 -3.5856E+02  3.2355E+02
0000343   7.2971E+03  3.0187E+03 -5.4400E+03
0000344   4.0306E+03 -4.4740E+02  1.5740E+02
0000345   8.2458E+03  2.3200E+03 -2.8788E+02
0000346   6.3871E+03 -3.5220E+03  3.0380E+03
0000347   3.3450E+03 -4.3068E+03 -2.6955E+03
0000348   9.9705E+03 -5.5973E+02  2.3995E+03
0000349   6.4283E+03 -1.4538E+03  6.9429E+02
0000350   4.1421E+03 -4.2235E+03 -2.2253E+02
0000351   6.1545E+03 -5.8540E+01 -3.3034E+03
0000352   7.9942E+03 -1.5362E+02 -1.5177E+02
0000353   8.6482E+03  1.7284E+03  2.8215E+02
0000354   8.2482E+03 -1.9670E+02 -9.8551E+02
0000355   5.4306E+03 -2.6601E+01  3.5901E+03
0000356   9.5264E+03  1.2211E+03 -9.0299E+02
0000357   6.4774E+03 -1.9996E+03 -3.4167E+03
0000358   6.2780E+03  2.4614E+03  3.7206E+03
0000359   9.2698E+03  1.7978E+02 -1.4257E+02
0000360   5.3375E+03  1.5773E+03 -3.7386E+03
0000361   9.3652E+03 -7.8288E+02  3.2607E+03
0000362   9.2834E+03  1.0460E+03 -6.4132E+02
0000363   8.2134E+03  1.5101E+03  3.4901E+02
0000364   8.7474E+03  4.0803E+02 -3.1589E+03
0000365   7.9184E+03 -2.1294E+03  1.1654E+03
0000366   6.1584E+03  1.3685E+03 -2.7573E+03
0000367   5.9689E+03  4.4495E+03  8.8781E+02
0000368   8.5465E+03 -5.3151E+02  3.5208E+03
0000369   5.6665E+03  5.7521E+03 -8.0450E+02
0000370   6.0257E+03  4.1347E+03 -2.5216E+03
0000371   1.0343E+04 -3.6310E+02 -1.0555E+02
0000372   4.6527E+03  2.9778E+03 -4.2770E+02
0000373   7.4723E+03  2.6091E+01  1.4034E+03
0000374   5.6409E+03  2.9176E+03 -1.7247E+02
0000375   8.6567E+03 -1.4282E+03  1.1695E+03
0000376   6.7510E+03  3.1206E+03 -3.7632E+03
0000377   6.8822E+03 -3.5000E+03  2.5218E+02
0000378   3.6715E+03  1.2431E+03 -6.8442E+02
0000379   6.9603E+03  2.5745E+03  2.6325E+03
0000380   5.5386E+03  9.4910E+02  2.7875E+03
0000381   5.1315E+03 -4.2738E+03 -3.0830E+03
0000382   5.2770E+03 -1.7331E+03  5.7240E+01
0000383   8.6226E+03 -3.8221E+02 -1.7027E+02
0000384   6.9707E+03 -2.4548E+03  1.5192E+03
0000385   7.6245E+03 -3.6472E+03  6.1482E+02
0000386   8.5075E+03 -1.4988E+03 -1.2428E+03
0000387   5.4275E+03  1.8640E+03 -7.0269E+02
0000388   5.8910E+03  4.0414E+02 -1.2612E+01
0000389   8.2466E+03 -2.2050E+03 -5.4859E+02
0000390   8.2918E+03  3.0414E+02  1.7944E+03
0000391   3.0748E+03 -3.3434E+01 -7.4597E+02
0000392   1.0089E+04 -1.3942E+03  1.4910E+03
0000393   8.6451E+03 -2.2506E+03 -1.1674E+03
0000394   7.4552E+03 -1.9885E+03  4.0109E+03
0000395   5.7613E+03  1.2411E+03  3.5265E+03
0000396   7.1515E+03  2.2192E+03  1.8942E+03
0000397   5.2489E+03 -1.5637E+03 -4.6346E+03
0000398   8.2322E+03 -8.0814E+02 -1.9825E+03
0000399   5.0711E+03 -9.4782E+02  1.9589E+03
0000400   5.7424E+03 -2.8955E+03 -1.6340E+01
0000401   7.9351E+03 -3.1603E+03  2.2525E+03
0000402   2.0070E+03  1.4636E+03 -5.7293E+02
0000403   9.1771E+03 -1.5210E+03 -1.1051E+03
0000404   7.6316E+03 -5.6078E+01 -5.2256E+02
0000405   7.6249E+03 -2.0563E+03  1.7955E+03
0000406   6.0921E+03 -3.1711E+02  7.1271E+02
0000407   5.3840E+03 -1.9443E+02 -1.8263E+02
0000408   6.9629E+03 -3.6702E+03  2.0814E+03
0000409   7.7241E+03  3.3177E+03 -3.4777E+03
0000410   6.7634E+03  1.9016E+03  5.7559E+02
0000411   8.1061E+03  5.7720E+02 -7.7667E+02
0000412   7.4802E+03  3.1841E+03 -1.8158E+03
0000413   6.4688E+03 -1.2012E+03 -2.1391E+03
0000414   8.4220E+03  5.8735E+02 -5.9255E+02
0000415   5.7143E+03 -1.3962E+03  2.9184E+02
0000416   1.1076E+04 -1.4866E+03 -2.1078E+01
0000417   8.6137E+03  3.9501E+02 -3.7177E+03
0000418   6.9499E+03  1.7781E+03  2.9381E+03
0000419   7.9646E+03  3.8900E+03 -1.0532E+03
0000420   5.5158E+03 -1.5091E+03 -1.6153E+03
0000421   3.0101E+03  9.3249E+01  8.8336E+02
0000422   4.9436E+03  8.8387E+02 -4.4354E+03
0000423   6.7575E+03 -6.6212E+02  1.1690E+03
0000424   8.6735E+03 -9.8689E+02 -1.3946E+03
0000425   4.5840E+03  3.2204E+03 -7.1606E+01
0000426   5.4429E+03  2.1288E+03 -2.9382E+03
0000427   1.0474E+04  2.0063E+02  1.0747E+03
0000428   7.4450E+03  2.4697E+03  1.7311E+03
0000429   6.3273E+03 -2.1472E+03  3.8203E+03
0000430   5.9308E+03 -8.1253E+02  1.2683E+03
0000431   6.9110E+03 -3.8707E+03 -1.3210E+03
0000432   2.6236E+03  1.8543E+02 -7.5557E+02
0000433   5.8712E+03  1.0394E+03  3.4083E+03
0000434   6.1284E+03 -3.0911E+03 -6.5367E+02
0000435   8.0678E+03  1.6137E+03  1.2836E+03
0000436   8.9297E+03 -4.6017E+02 -1.1291E+03
0000437   9.7626E+03  2.6014E+02 -1.1099E+03
0000438   7.2680E+03  2.2217E+02  1.4594E+03
0000439   6.1419E+03 -8.0005E+02  7.1930E+02
0000440   8.3857E+03  1.0818E+03 -4.0505E+03
0000441   5.7322E+03 -4.0060E+02 -2.4068E+03
0000442   9.5894E+03 -9.0685E+02 -2.1020E+03
0000443   6.4623E+03 -1.0979E+03 -4.8660E+02
0000444   8.0420E+03 -3.8739E+03  1.1444E+03
0000445   5.2380E+03 -4.8277E+03  2.1913E+02
0000446   7.7497E+03 -1.8544E+03  8.3241E+02
0000447   7.9740E+03  2.1416E+03  8.9081E+02
0000448   5.6074E+03 -8.2483E+01 -1.5931E+03
0000449   3.9078E+03  2.5189E+03 -2.7089E+03
0000450   6.6485E+03  2.1134E+02 -1.6785E+03
0000451   7.8393E+03  1.4272E+02  1.0929E+02
0000452   7.3751E+03 -1.6822E+02 -4.1458E+03
0000453   8.3385E+03  8.4577E+02  5.3421E+02
0000454   6.4320E+03 -2.6146E+03 -1.7286E+03
0000455   7.6085E+03 -8.6849E+02 -1.8156E+03
0000456   7.9386E+03 -2.8013E+03  9.5352E+02
0000457   8.5882E+03  8.8024E+01  1.5239E+03
0000458   7.6035E+03 -3.8426E+03  5.4987E+02
0000459   5.9059E+03  5.8462E+02  1.1266E+03
0000460   8.0226E+03 -6.8462E+02 -1.2218E+03
0000461   8.1455E+03 -2.8663E+03  2.4081E+03
0000462   3.4353E+03  1.0984E+03  3.4784E+02
0000463   4.0449E+03 -6.1291E+03 -2.2406E+03
0000464   7.0873E+03  1.3088E+03 -3.2284E+03
0000465   1.9253E+03  1.8693E+03 -3.1002E+03
0000466   8.4749E+03 -1.7053E+03  2.1444E+03
0000467   6.9254E+03 -7.1939E+02 -8.5191E+02
0000468   4.4538E+03 -2.6847E+03  1.5733E+03
0000469   7.9323E+03  3.6760E+03 -3.2646E+02
0000470   8.7261E+03  2.5779E+03 -5.0050E+02
0000471   9.8972E+03  3.2330E+02 -1.1194E+03
0000472   9.1407E+03  5.9749E+02 -2.3088E+03
0000473   9.9940E+03  1.2040E+03 -5.4349E+02
0000474   4.9520E+03 -3.0499E+03  2.8564E+03
0000475   5.3239E+03 -8.0676E+02  1.1730E+03
0000476   4.7146E+03 -2.1164E+03  1.5268E+03
0000477   7.1757E+03  2.6157E+03 -1.4189E+03
0000478   1.0627E+04 -2.3731E+03  1.7291E+03
0000479   6.8492E+03 -4.6372E+03  2.4566E+03
0000480   9.7890E+03  7.5589E+02 -1.7576E+03
0000481   5.3111E+03  1.1400E+03 -3.4757E+03
0000482   9.4877E+03 -6.7481E+02 -1.9945E+02
0000483   8.1247E+03 -7.4739E+02  4.6042E+02
0000484   9.1395E+03  3.9249E+01  1.5578E+03
0000485   7.1397E+03  1.4089E+03  3.0510E+03
0000486   7.2909E+03  8.0640E+02  7.0404E+02
0000487   6.1396E+03  3.2348E+03  6.2236E+02
0000488   5.9185E+03 -8.6719E+02 -2.3097E+03
0000489   5.8544E+03 -6.0795E+02  1.6067E+03
0000490   5.9377E+03 -1.9302E+03 -2.1120E+02
0000491   9.5710E+03  2.3809E+03 -1.1779E+03
0000492   6.5771E+03 -1.9368E+03  8.6535E+01
0000493   9.9837E+03  8.8285E+02 -1.0503E+03
0000494   5.3919E+03  3.2492E+03 -1.3113E+02
0000495   6.0670E+03 -3.2311E+03  2.8875E+03
0000496   8.5596E+03 -1.3464E+03 -1.6223E+03
0000497   9.4154E+03 -1.0429E+03  2.2735E+03
0000498   4.4921E+03  2.6357E+02 -6.0171E+01
0000499   5.6560E+03 -3.6202E+03  3.7251E+02
0000500   7.8424E+03  1.3045E+03  9.6977E+02
0000501   3.2754E+03  7.6324E+02 -6.9201E+02
0000502   8.4529E+03 -1.1890E+03  6.4535E+02
0000503   3.1334E+03 -6.2330E+02 -8.9540E+02
0000504   3.1875E+03  1.6407E+03 -8.6354E+02
0000505   4.8889E+03  1.8978E+03 -2.1248E+03
0000506   1.0393E+04  7.4604E+02 -1.1371E+03
0000507   6.4826E+03  4.8169E+02  3.8768E+02
0000508   6.7139E+03  2.0730E+03  3.0119E+03
0000509   8.2657E+03 -3.1726E+03  4.0942E+02
0000510   8.7980E+03 -1.3347E+03  1.4682E+03
0000511   7.1726E+03 -8.5748E+02  2.6455E+02
0000512   4.3637E+03 -1.9013E+03  4.7580E+02
0000513   4.8788E+02 -2.1013E+02 -4.6980E+03
0000514   9.1383E+03  6.2349E+02 -2.7100E+03
0000515   9.5393E+03 -1.2374E+03  1.3597E+03
0000516   7.6609E+03  8.5516E+02  1.4512E+03
0000517   2.3535E+03  2.0547E+02 -8.9334E+02
0000518   6.9599E+03 -1.8339E+03 -2.7864E+01
0000519   6.5861E+03 -5.4017E+02  6.5086E+02
0000520   8.4515E+03  1.5084E+03 -8.8283E+02
0000521   9.2305E+03  2.2539E+03  2.1996E+03
0000522   5.2370E+03  1.6958E+03 -6.1249E+03
0000523   9.1742E+03 -4.6644E+02  1.6326E+03
0000524   9.7020E+03  2.1261E+03  8.9636E+02
0000525   8.4167E+03 -8.2111E+02 -2.5825E+02
0000526   6.0242E+03 -4.8425E+03  3.8432E+03
0000527   6.9333E+03 -1.0455E+03  3.3271E+03
0000528   9.3197E+03  2.8390E+03 -1.7972E+03
0000529   3.8234E+03  4.7685E+02  2.8288E+03
0000530   8.7262E+03 -6.2528E+02 -9.9550E+02
0000531   7.8688E+03 -8.3263E+02 -7.2757E+01
0000532   5.0528E+03  1.5419E+03  3.1329E+03
0000533   1.0178E+04 -1.8048E+03  3.2553E+03
0000534   1.0121E+04 -1.0478E+03  9.5373E+01
0000535   5.7408E+03  2.1217E+03  4.7744E+03
0000536   5.3146E+03 -7.3317E+02 -2.4212E+03
0000537   5.5574E+03  1.7979E+02  1.0176E+03
0000538   8.4878E+03 -8.3987E+02  3.0248E+03
0000539   7.1071E+03 -2.8576E+03  3.1660E+02
0000540   7.9516E+03  1.3112E+02 -1.7111E+03
0000541   7.6845E+03 -1.4165E+03  1.9222E+03
0000542   9.5639E+03  1.1505E+02 -6.7422E+02
0000543   4.3282E+03 -1.2310E+03 -1.4768E+03
0000544   7.1926E+03 -1.4911E+03 -2.2621E+01
0000545   9.5108E+03  1.8367E+03 -2.6971E+03
0000546   7.9069E+03 -1.6605E+03 -5.9234E+02
0000547   6.7795E+03 -5.7945E+02 -3.2582E+03
0000548   8.4564E+03 -4.4900E+02 -3.2515E+02
0000549   7.5872E+03 -2.3469E+03 -2.9491E+03
0000550   7.3981E+03  1.8142E+03 -2.3479E+03
0000551   6.0015E+03 -3.7604E+02  1.3837E+03
0000552   6.8354E+03  7.9334E+02 -2.4236E+03
0000553   7.3735E+03  1.1559E+03 -2.3136E+03
0000554   7.3896E+03  3.2218E+02 -2.9043E+03
0000555   2.5280E+03  1.5434E+02 -1.2622E+03
0000556   7.1176E+03 -7.9488E+02 -1.0022E+02
0000557   3.6693E+03 -1.2035E+03 -7.4393E+02
0000558   7.7312E+03  7.1807E+02 -1.3444E+03
0000559   5.2812E+03  1.2350E+03  1.8281E+03
0000560   8.5843E+03  1.1333E+03  4.3013E+03
0000561   2.5982E+03  1.7056E+03 -1.6523E+03
0000562   8.0795E+03  1.2669E+03 -2.0025E+03
0000563   7.3438E+03  1.5696E+03 -5.5276E+03
0000564   7.2837E+03 -2.9783E+03 -3.6548E+02
0000565   7.0066E+03  5.6434E+02 -3.8673E+02
0000566   7.6175E+03 -4.8530E+02  3.3558E+03
0000567   8.9310E+03 -2.7459E+02 -3.4759E+03
0000568   1.1009E+04 -1.1920E+03  9.0439E+02
0000569   9.6586E+03 -5.2589E+02 -1.6543E+03
0000570   4.0580E+03 -3.0638E+02  6.4404E+02
0000571   6.8744E+03  3.1751E+03  2.4928E+03
0000572   8.4257E+03  1.7411E+03 -1.7232E+03
0000573   4.6005E+03  4.3297E+02 -2.5518E+02
0000574   8.4101E+03 -2.7242E+03  3.8886E+03
0000575   4.6914E+03 -2.1901E+03  1.9990E+03
0000576   8.2729E+03  3.6710E+03 -1.8999E+03
0000577   7.9140E+03 -3.4824E+03  7.0390E+02
0000578   7.5636E+03  9.3226E+02 -1.8527E+03
0000579   5.2778E+03 -5.4752E+03  3.2875E+03
0000580   7.0301E+03 -7.6943E+02 -1.9044E+02
0000581   8.7855E+03 -1.3677E+03 -1.9178E+03
0000582   8.4587E+03  1.4242E+03  1.3105E+03
0000583   6.4925E+03  8.2881E+02  4.0463E+03
0000584   8.8293E+03 -4.1005E+03  3.1042E+03
0000585   8.1090E+03  3.0715E+03 -3.3368E+03
0000586   8.0007E+03  3.5012E+03 -3.0076E+03
0000587   7.6536E+03  1.2350E+03  1.4026E+02
0000588   8.2864E+03  1.2996E+03 -1.6034E+03
0000589   7.8390E+03  3.5092E+03 -5.2968E+02
0000590   7.8636E+03  7.0468E+02 -1.2094E+03
0000591   9.4451E+03  8.5977E+01 -3.0709E+03
0000592   8.6513E+03 -1.2252E+02 -3.4934E+03
0000593   1.0042E+04  3.7770E+02  3.4759E+03
0000594   8.1434E+03 -1.0032E+03  1.4228E+03
0000595   4.6438E+03 -2.5500E+03  7.9168E+02
0000596   6.0205E+03 -1.2067E+03 -1.1772E+03
0000597   6.8570E+03  1.8800E+03  1.8822E+03
0000598   7.6908E+03 -1.3336E+03  1.2181E+03
0000599   3.9061E+03  1.2402E+03  1.2817E+02
0000600   6.0105E+03 -3.4295E+02 -1.2966E+03
0000601   3.8085E+03  1.3803E+03 -2.2912E+03
0000602   8.3475E+03 -2.2281E+03 -2.5619E+03
0000603   6.6936E+03 -3.3482E+03 -9.2605E+02
0000604   9.4063E+03 -2.4403E+03 -4.0190E+03
0000605   6.3864E+03  3.4627E+02  7.3902E+03
0000606   7.3721E+03  1.3341E+03 -3.9126E+03
0000607   5.3319E+03 -3.4312E+03  2.4334E+03
0000608   8.1536E+03  4.3911E+03 -6.3741E+02
0000609   8.4293E+03 -7.8125E+02  5.3924E+02
0000610   4.6192E+03 -1.8101E+03 -1.4680E+03
0000611   2.3916E+03 -4.8301E+03  3.8468E+02
0000612   3.9625E+03 -4.2297E+03 -2.8028E+03
0000613   7.2991E+03 -5.1583E+02  2.2262E+03
0000614   7.0333E+03  1.1229E+02 -8.6276E+01
0000615   1.0830E+04 -7.7473E+02  8.7779E+02
0000616   8.8318E+03  2.0990E+03 -1.8776E+03
0000617   7.8555E+03 -7.2791E+02  1.3793E+03
0000618   6.3711E+03 -3.4994E+03 -2.0814E+03
0000619   5.3955E+03  1.1554E+03  3.1721E+03
0000620   9.2695E+03 -5.1144E+02 -3.2861E+03
0000621   8.6412E+03  1.5286E+03 -6.2919E+02
0000622   8.8638E+03  2.5273E+02 -1.3063E+03
0000623   4.7037E+03  8.9631E+02  2.6976E+03
0000624   7.0832E+03 -1.1349E+03  4.3513E+03
0000625   5.7687E+03 -2.7803E+03 -1.9446E+03
0000626   1.1275E+04 -2.1100E+03 -2.1352E+03
0000627   9.5674E+03  7.6676E+02  8.7338E+02
0000628   6.1910E+03 -5.0856E+02  1.7491E+03
0000629   7.3367E+03 -3.3630E+03 -4.3037E+03
0000630   8.4596E+03  1.0006E+03 -1.5840E+03
0000631   6.6134E+03  3.5806E+03 -8.9979E+01
0000632   6.9481E+03  1.2399E+03 -3.0919E+03
0000633   5.2880E+03 -3.5411E+02 -4.4641E+02
0000634   7.1637E+03  3.4243E+03 -4.5615E+02
0000635   6.7700E+03  1.3880E+03  2.1058E+02
0000636   7.9977E+03 -8.7895E+02  1.2278E+03
0000637   3.6415E+03 -1.6854E+03  7.2557E+02
0000638   9.3910E+03  5.5383E+02  9.3188E+02
0000639   7.0635E+03  7.4157E+02  1.5787E+03
0000640   6.6595E+03 -2.3135E+03 -4.6590E+02
0000641   7.7516E+03  3.3727E+03  2.5086E+03
0000642   6.8712E+03 -4.3361E+02 -1.3859E+03
0000643   6.7749E+03 -1.2578E+03 -2.1039E+03
0000644   5.7182E+03  4.3255E+03 -4.4022E+03
0000645   6.5226E+03  3.8426E+03 -2.4239E+03
0000646   3.1859E+03 -3.7850E+03  3.7498E+03
0000647   7.2818E+03  6.9884E+02  2.5032E+03
0000648   4.4416E+03  4.0646E+03 -3.1324E+03
0000649   4.2579E+03  2.4189E+01 -1.2342E+03
0000650   7.5845E+03 -3.0511E+02 -1.4872E+03
0000651   5.5578E+03 -1.2295E+03 -3.7275E+03
0000652   8.2894E+03  1.7111E+03  3.7795E+03
0000653   6.9852E+03  9.4501E+02 -1.6042E+02
0000654   8.7257E+03 -4.0995E+01 -5.3706E+02
0000655   8.8931E+03  4.8216E+02 -3.8239E+01
0000656   7.5641E+03 -4.5967E+03 -1.8315E+03
0000657   8.8149E+03  4.9598E+01  1.2494E+02
0000658   8.2140E+03 -1.4018E+02 -3.7253E+03
0000659   2.2468E+03 -2.1979E+03 -9.7318E+02
0000660   5.5759E+03  1.6813E+03  2.1008E+03
0000661   7.0858E+03  1.5093E+03  4.2552E+03
0000662   9.9825E+03  2.0777E+03  3.3338E+03
0000663   5.3649E+03  1.3416E+02 -7.7922E+02
0000664   8.9468E+03  3.2551E+03  5.1952E+02
0000665   5.8765E+03 -1.0279E+02 -5.4612E+03
0000666   6.5898E+03 -8.5326E+02  9.2874E+02
0000667   4.6748E+03 -1.5235E+03 -3.5561E+03
0000668   9.3978E+03 -1.4089E+03  3.1010E+03
0000669   8.1744E+03 -4.0163E+02 -9.5478E+02
0000670   2.3817E+03  5.9100E+02 -4.5623E+03
0000671   6.2825E+03 -1.9766E+03 -3.1459E+03
0000672   1.0296E+04  1.5361E+02  1.2195E+03
0000673   4.5248E+03 -2.4892E+03 -7.2965E+01
0000674   9.2014E+03 -2.8718E+02 -2.8952E+02
0000675   9.5394E+03  2.4648E+03  4.9540E+01
0000676   6.1050E+03 -2.1006E+03  6.1354E+02
0000677   4.7771E+03 -3.0789E+03 -2.4518E+03
0000678   4.6445E+03 -6.3919E+02 -5.7966E+03
0000679   7.6992E+03  4.1032E+03  1.1706E+03
0000680   8.1806E+03  2.4723E+03 -1.5885E+03
0000681   7.0289E+03 -1.4228E+03 -5.2304E+03
0000682   8.0637E+03 -2.9624E+03  1.4809E+02
0000683   7.8635E+03 -8.6491E+02  2.5630E+03
0000684   9.4596E+03 -6.5511E+02 -1.9190E+03
0000685   7.1989E+03 -4.8322E+02 -8.3988E+02
0000686   5.8451E+03 -1.4835E+03  3.3535E+02
0000687   6.5803E+03  1.0225E+03 -8.3883E+02
0000688   2.8969E+03 -1.2079E+03 -2.7597E+03
0000689   6.0623E+03  1.2873E+03  1.5903E+02
0000690   4.8706E+03 -4.2955E+03 -3.1814E+02
0000691   8.4280E+03 -1.1225E+03  2.3204E+03
0000692   4.3587E+03  7.6689E+02  1.1784E+03
0000693   6.8064E+03  1.1718E+03  3.8143E+03
0000694   2.2336E+02  1.7551E+02  7.2021E+02
0000695   2.7508E+03 -2.2060E+03 -4.6350E+03
0000696   9.8794E+03  1.7216E+03 -2.8717E+02
0000697   8.5792E+03 -1.3983E+02 -1.1359E+03
0000698   6.7925E+03 -1.9758E+03 -1.0960E+02
0000699   7.1652E+03  1.3428E+03 -1.0832E+03
0000700   8.7513E+03  8.9289E+01 -2.2760E+03
0000701   9.0366E+03 -3.0643E+03 -1.3712E+03
0000702   9.3793E+03  1.9020E+03  4.3409E+02
0000703   7.3013E+03 -7.7775E+01  2.1728E+01
0000704   6.1734E+03 -1.1016E+03 -5.0416E+03
0000705   4.3008E+03 -3.7510E+03 -1.3031E+02
0000706   3.2931E+03  1.1718E+03 -2.5181E+03
0000707   7.6068E+03  1.9791E+02 -1.2393E+03
0000708   7.5356E+03 -1.4210E+02 -3.7098E+03
0000709   7.6197E+03 -2.1562E+03  3.4768E+03
0000710   7.1517E+03 -3.9767E+00 -1.5013E+02
0000711   8.5934E+03 -5.0663E+02 -1.4536E+03
0000712   7.0183E+03  3.2338E+03  5.3541E+02
0000713   8.3687E+03 -3.5710E+03 -1.3075E+03
0000714   4.7412E+03  3.4043E+03 -6.8995E+02
0000715   5.2054E+03 -1.2926E+03 -7.8624E+02
0000716   6.3116E+03 -3.6972E+03  9.8085E+02
0000717   8.1326E+03 -3.3144E+03 -1.7217E+03
0000718   6.3517E+03 -2.3171E+03 -3.3224E+03
0000719   6.0765E+03 -4.5426E+02  1.6840E+03
0000720   9.4370E+03 -1.1639E+03 -8.5584E+02
0000721   6.9574E+03 -1.0582E+03 -2.3254E+02
0000722   7.0771E+03  1.2956E+03  3.2164E+03
0000723   8.5348E+03 -1.3998E+03  1.6923E+03
0000724   8.6484E+03 -1.1262E+02 -9.2690E+01
0000725   8.4606E+03 -4.6759E+03  1.2735E+03
0000726   8.0064E+03 -2.5412E+03 -3.3938E+02
0000727   8.4727E+03 -6.8423E+02  1.0537E+03
0000728   2.1256E+03  1.6728E+03 -2.2323E+03
0000729   5.8774E+03 -4.7025E+03  3.4591E+03
0000730   8.8097E+03  1.8143E+02 -9.5824E+02
0000731   7.4430E+03  3.4733E+03  2.0540E+03
0000732   8.2369E+03  1.5995E+03 -3.9424E+03
0000733   6.6198E+03 -1.4868E+03  1.1258E+03
0000734   7.7316E+03  3.8793E+03 -4.6826E+02
0000735   8.2358E+03  2.2443E+03 -1.2126E+03
0000736   9.4717E+03 -1.5373E+03 -3.1916E+00
0000737   9.7612E+03  5.4518E+02  3.7342E+01
0000738   6.5050E+03 -1.3258E+03 -1.6211E+03
0000739   9.9317E+03 -2.3823E+02  6.1568E+02
0000740   1.7962E+03 -2.0091E+03 -1.8217E+03
0000741   7.2529E+03 -3.1889E+03 -1.1886E+03
0000742   2.0101E+03 -5.1982E+03 -1.0465E+03
0000743   8.1089E+03 -1.6323E+03  2.6814E+03
0000744   8.2733E+03 -9.4225E+02 -1.3344E+03
0000745   5.7594E+03  1.5442E+03 -1.0242E+03
0000746   8.9564E+03  5.5373E+02  2.7104E+02
0000747   5.6015E+03  3.7876E+03  9.5194E+02
0000748   6.9119E+03 -3.8556E+03  1.0949E+03
0000749   6.6650E+03  4.1048E+03 -1.7768E+03
0000750   7.7790E+03  1.1246E+03  6.9230E+02
0000751   5.8769E+03 -8.0987E+02 -1.5940E+03
0000752   4.4515E+03  2.0614E+02  4.1435E+03
0000753   9.3498E+03  4.3341E+03  3.4584E+02
0000754   5.2187E+03 -2.3504E+03  1.4075E+03
0000755   8.3029E+03 -2.3861E+03 -3.0197E+03
0000756   8.6808E+03  8.1319E+00 -3.2675E+03
0000757   8.6773E+03 -4.7287E+02 -1.5773E+02
0000758   5.5239E+03  1.8411E+03  6.3867E+03
0000759   7.8688E+03 -4.3866E+02 -2.6227E+03
0000760   6.6304E+03 -4.3255E+03  2.9566E+03
0000761   4.8066E+03 -1.3405E+02 -1.9282E+03
0000762   7.2240E+03  1.6341E+03  6.2948E+02
0000763   4.4664E+03  1.2533E+03  3.1028E+03
0000764   8.1520E+03  5.8491E+01 -1.1369E+03
0000765   8.4377E+03  2.0205E+03  2.3530E+03
0000766   9.0415E+03 -1.5832E+03 -7.4787E+02
0000767   6.3782E+03  3.1099E+03 -5.5356E+01
0000768   7.8438E+03 -3.8018E+03  7.3559E+02
0000769   6.6651E+03 -2.3226E+03  1.4956E+02
0000770   7.9963E+03  1.9551E+03 -2.1168E+03
0000771   1.7021E+03  2.4310E+03  4.9266E+03
0000772   7.1956E+03 -1.5227E+03  1.0303E+03
0000773   8.8635E+03  9.6287E+02 -1.8758E+03
0000774   5.8226E+03  4.4171E+03  2.1966E+02
0000775   9.3676E+03 -8.0932E+02 -1.5769E+03
0000776   7.4438E+03  2.8675E+02 -3.8826E+03
0000777   1.0066E+04 -1.3642E+03 -2.7367E+03
0000778   8.9655E+03  8.3952E+02 -5.1824E+02
0000779   7.7041E+03 -1.6690E+02  3.7644E+03
0000780   8.5696E+03 -3.5259E+03  3.0724E+02
0000781   6.0110E+03  2.9377E+03 -8.6384E+02
0000782   5.7092E+03  4.0154E+02  4.6659E+03
0000783   8.8041E+03 -1.7309E+03 -3.2441E+03
0000784   9.0302E+03  1.3084E+03  8.5040E+02
0000785   9.4925E+03  3.0746E+01  2.4701E+03
0000786   7.5593E+03  1.6517E+03  1.4684E+02
0000787   7.9155E+03  6.9787E+02  1.3856E+03
0000788   8.4819E+03 -2.1321E+01  3.5746E+02
0000789   6.1683E+03  5.6890E+02 -1.1928E+03
0000790   9.0690E+03 -2.3665E+03 -3.2152E+03
0000791   7.0911E+03  1.5752E+03 -1.4584E+03
0000792   6.8264E+03 -1.0920E+03  3.1530E+03
0000793   5.5915E+03  2.1793E+03  2.2147E+02
0000794   7.0205E+03 -2.3234E+03 -2.6042E+03
0000795   5.8838E+03 -3.2548E+03  2.9800E+03
0000796   6.0776E+03 -2.7627E+03  3.4681E+03
0000797   8.2154E+03 -4.6910E+02 -9.3898E+02
0000798   9.2745E+03 -8.7192E+02  2.5338E+02
0000799   9.1885E+03 -7.1691E+02  1.6806E+03
0000800   8.4476E+03  3.0053E+03  1.8375E+03
0000801   6.5515E+03  1.9473E+03 -1.8026E+03
0000802   8.8339E+03  1.3618E+03 -3.0108E+03
0000803   1.1442E+03  1.6707E+03 -1.8074E+03
0000804   1.4342E+03  6.2681E+02  6.9145E+02
0000805   9.7570E+03  1.2670E+03  2.3605E+03
0000806   5.2692E+03  2.1265E+03 -1.5901E+03
0000807   9.4763E+03 -2.5972E+03 -2.2774E+02
0000808   6.5189E+03 -3.2371E+03 -1.7463E+03
0000809   3.3641E+03 -1.5968E+03  1.2441E+03
0000810   7.8656E+03 -1.1055E+03 -1.8709E+03
0000811   7.8466E+03  1.3071E+03 -1.6860E+03
0000812   7.0137E+03  4.9094E+02 -3.2330E+03
0000813   9.6863E+03 -2.7014E+02  3.9477E+03
0000814   6.8516E+03  1.7548E+03  4.7526E+02
0000815   5.0899E+03  2.3902E+03  2.6297E+02
0000816   6.5144E+03  1.0316E+03 -9.0410E+02
0000817   7.5397E+03  1.1212E+03  1.2616E+03
0000818   6.6263E+03 -3.7769E+03 -2.4561E+03
0000819   6.8212E+03  4.9394E+02  3.0506E+03
0000820   9.5597E+03  3.0135E+03  8.6884E+02
0000821   6.7390E+03  2.0288E+03 -3.2554E+03
0000822   8.3789E+03  7.2524E+01 -2.8102E+03
0000823   8.7344E+03 -3.2772E+03 -2.1339E+03
0000824   9.1468E+03  4.1477E+02 -2.7089E+03
0000825   9.4326E+03  1.6628E+03 -1.4775E+03
0000826   9.6833E+03  5.9546E+02 -2.8915E+03
0000827   6.7018E+03  1.9129E+03 -1.4169E+03
0000828   6.4725E+03 -1.3383E+03 -3.5370E+03
0000829   7.3439E+03  3.0791E+02  2.2058E+03
0000830   8.5724E+03 -9.1795E+02  2.2988E+03
0000831   5.1643E+03  2.5936E+03 -1.7809E+03
0000832   8.9278E+03 -1.4880E+03  3.0595E+03
0000833   1.1244E+04 -7.4338E+02  8.1997E+02
0000834   1.0152E+04 -1.3666E+03 -2.2641E+03
0000835   9.0232E+03  3.3015E+03 -2.5538E+02
0000836   6.3562E+03  1.6372E+03  5.7847E+02
0000837   6.3301E+03 -3.4192E+03  9.0971E+02
0000838   7.3213E+03 -2.1051E+03 -6.5475E+02
0000839   6.4657E+03 -1.4843E+03  1.0616E+03
0000840   6.9503E+03  6.7378E+02 -2.9436E+03
0000841   7.2343E+03  1.1416E+03  9.0890E+02
0000842   7.8093E+03  1.0084E+03  1.7213E+03
0000843   5.5598E+03  4.4209E+03  1.5222E+03
0000844   6.6603E+03  1.6632E+03 -3.0190E+03
0000845   7.7612E+03 -1.5088E+03  7.1829E+02
0000846   7.7759E+03 -1.6036E+03 -5.1049E+02
0000847   9.1852E+03  3.8414E+03 -1.8369E+02
0000848   4.3877E+03 -1.0248E+03  2.7929E+03
0000849   6.0183E+03  5.7425E+02  2.1370E+03
0000850   9.5869E+03  2.1169E+03  3.1489E+03
0000851   9.3536E+03  1.3655E+03  4.2566E+03
0000852   6.2825E+03  1.2624E+03 -3.3658E+03
0000853   8.2601E+03 -1.9081E+03 -1.9321E+03
0000854   6.1034E+03 -1.3886E+02  2.3156E+03
0000855   8.2355E+03 -1.2499E+03  4.9706E+01
0000856   8.2087E+03 -4.5571E+03  3.1091E+03
0000857   4.2811E+03 -3.1116E+03  1.5157E+03
0000858   9.1746E+03  2.6499E+03 -2.8897E+03
0000859   1.5446E+03 -2.3614E+03 -1.8791E+03
0000860   5.0963E+03 -2.0601E+03 -3.0094E+03
0000861   4.7318E+03  3.2333E+03  7.8839E+02
0000862   5.8314E+03 -1.0456E+03 -3.6796E+03
0000863   5.8053E+03  5.5680E+02  1.6534E+02
0000864   6.6991E+03 -2.3653E+03 -2.2140E+03
0000865   5.3539E+03  2.2734E+03  3.1946E+03
0000866   5.0157E+03 -4.2906E+03  1.7458E+03
0000867   5.5801E+03 -1.5209E+03 -8.7480E+02
0000868   8.7062E+03  1.9497E+03 -1.6187E+03
0000869   6.7682E+03  6.8565E+01 -2.8402E+03
0000870   7.2425E+03  8.6678E+02  1.1559E+02
0000871   7.5529E+03  1.4523E+03 -9.6492E+02
0000872   5.4467E+03 -1.5690E+03  1.0156E+03
0000873   6.3195E+03 -2.1008E+03 -2.0929E+03
0000874   7.6923E+03  2.9308E+03  2.0100E+03
0000875   7.9544E+03  6.2902E+02 -8.7311E+02
0000876   7.4370E+03 -2.0369E+03  1.7214E+03
0000877   8.5715E+03  1.3417E+03  1.1259E+03
0000878   7.1079E+03  4.5378E+03 -2.1868E+03
0000879   4.6045E+03  5.9410E+02  1.3864E+03
0000880   8.5386E+03 -2.5189E+03 -3.2409E+03
0000881   7.7391E+03  8.5199E+02 -1.3196E+03
0000882   7.0004E+03  2.8946E+02  5.6137E+03
0000883   4.2219E+03  2.5482E+03  1.5405E+03
0000884   7.1333E+03 -3.0746E+02  4.0530E+03
0000885   6.6614E+03 -2.9624E+03 -2.4518E+03
0000886   4.9079E+03 -2.5437E+03 -1.9366E+03
0000887   8.9006E+03 -1.2531E+03 -2.5425E+01
0000888   8.6049E+03 -1.7205E+03 -7.6185E+02
0000889   8.9322E+03 -2.6048E+03  2.9554E+02
0000890   7.5066E+03  1.2127E+03 -7.4678E+02
0000891   7.3430E+03  1.4780E+03 -8.3791E+02
0000892   7.9192E+03 -2.0833E+03 -9.6279E+01
0000893   4.3337E+03  3.2749E+03  3.4146E+03
0000894   9.4545E+03  1.1663E+03  8.3428E+00
0000895   8.3874E+03  1.4610E+03  3.5449E+03
0000896   7.2277E+03 -1.5808E+03 -2.5564E+03
0000897   1.0126E+04 -2.8453E+02 -2.1862E+03
0000898   6.3707E+03  7.0647E+03 -6.7183E+02
0000899   3.7932E+03 -2.7434E+03 -3.6615E+03
0000900   7.9463E+03 -1.7100E+03 -6.5100E+02
0000901   5.4338E+03 -1.9274E+03  1.1478E+03
0000902   6.8834E+03  2.6264E+03 -2.8112E+03
0000903   7.0342E+03  2.3225E+02  3.2715E+03
0000904   7.2290E+03 -2.0363E+03 -4.9643E+03
0000905   7.8044E+03  8.5393E+02 -4.3325E+02
0000906   6.7828E+03 -1.5689E+03 -1.3711E+03
0000907   6.2566E+03  1.4867E+03 -1.4202E+03
0000908   6.8311E+03  6.2763E+03  3.6069E+03
0000909   6.7645E+03 -4.3645E+03 -1.1473E+03
0000910   6.5427E+03 -2.4432E+02 -3.9553E+02
0000911   5.5253E+03 -1.9336E+03  1.8339E+03
0000912   8.3408E+03 -2.4085E+02 -1.2341E+03
0000913   5.1174E+03 -2.2263E+03  2.4886E+03
0000914   7.7727E+03 -2.8712E+03  1.9962E+03
0000915   9.6252E+03  2.9127E+03 -3.5859E+01
0000916   7.3151E+03  2.8235E+03  2.0440E+03
0000917   6.7368E+03 -3.3345E+03 -2.0379E+03
0000918   3.7411E+03 -1.6767E+03 -3.1032E+03
0000919   3.7434E+03 -1.1767E+03  1.5867E+03
0000920   5.3916E+03 -3.1959E+03 -2.1704E+03
0000921   7.5551E+03 -3.7814E+03 -4.2598E+03
0000922   9.9553E+03 -1.2517E+03  6.5442E+02
0000923   6.1566E+03 -3.4350E+01 -2.0924E+03
0000924   3.3896E+03  6.4075E+02  4.8924E+03
0000925   6.7943E+03  6.0914E+02 -1.1783E+03
0000926   2.3601E+03 -3.7562E+03 -2.5664E+03
0000927   5.4471E+03  1.3671E+03 -4.3478E+03
0000928   4.2513E+03  1.5153E+03 -2.1232E+03
0000929   7.5377E+03 -9.3150E+02 -1.6089E+03
0000930   1.0285E+04  1.2316E+03  6.1115E+02
0000931   8.9634E+03  6.4279E+02  6.2946E+02
0000932   6.9100E+03 -6.3154E+02  2.2831E+03
0000933   8.2866E+03 -3.3384E+03 -9.8451E+02
0000934   7.2020E+03  7.6478E+02  6.1240E+02
0000935   8.2656E+03  5.1533E+02 -7.6623E+00
0000936   5.5124E+03  6.4304E+03 -2.1074E+03
0000937   7.1445E+03 -3.9297E+03 -5.5671E+02
0000938   7.3264E+03 -1.5900E+03 -7.1897E+02
0000939   8.3907E+03  5.1383E+02  4.4589E+02
0000940   6.6388E+03 -3.5239E+03  3.0993E+03
0000941   6.5631E+03  1.7094E+02  3.8961E+03
0000942   8.0144E+03 -1.8736E+03  3.7744E+02
0000943   4.1222E+03 -8.7569E+01  2.3643E+02
0000944   8.0241E+03 -2.3838E+03 -2.4653E+03
0000945   8.0667E+03 -1.3819E+03 -1.6049E+03
0000946   9.5569E+03  2.9790E+03  2.5599E+02
0000947   6.2789E+03  2.7248E+03 -1.1302E+03
0000948   6.1977E+03  2.9680E+03  1.5486E+03
0000949   8.1745E+03 -3.6361E+03 -1.9477E+03
0000950   5.9216E+03  1.0689E+03  1.2887E+03
0000951   9.3676E+03 -2.6841E+02  1.5928E+03
0000952   2.5624E+03  1.3449E+02  1.1163E+03
0000953   7.9400E+03  1.4974E+03  3.3841E+03
0000954   9.3784E+03  2.4477E+03 -5.5536E+02
0000955   8.4407E+03 -1.5320E+03 -7.3978E+02
0000956   9.0911E+03  4.6545E+02 -2.3212E+03
0000957   7.9934E+03  1.6532E+03 -2.6789E+03
0000958   5.7976E+03 -2.0303E+02  3.7957E+02
0000959   2.8119E+03 -2.7598E+03 -1.3891E+03
0000960   7.2743E+03  5.0887E+02 -1.7199E+03
0000961   8.7532E+03  1.7382E+03 -4.1578E+02
0000962   9.2150E+03 -5.0130E+02 -1.0584E+03
0000963   5.8831E+03  2.5047E+03 -3.1983E+03
0000964   7.7580E+03 -8.0939E+02  3.8061E+03
0000965   9.1161E+03  1.6596E+03  1.8863E+03
0000966   6.0183E+03 -2.0141E+03 -7.7153E+02
0000967   9.1223E+03 -1.0025E+03  5.4622E+02
0000968   8.2998E+03 -2.9793E+03  1.1050E+03
0000969   3.7310E+03 -2.4089E+03 -2.2855E+03
0000970   9.2703E+03  6.0616E+01 -7.0700E+02
0000971   8.2639E+03 -9.5280E+02 -6.2343E+02
0000972   7.2247E+03  8.3546E+02  1.0326E+02
0000973   6.3490E+03 -2.1511E+03  1.3517E+03
0000974   5.2170E+03  6.7233E+02 -2.7654E+03
0000975   7.8030E+03  1.0630E+03  2.3286E+03
0000976   6.1542E+03 -1.2492E+03 -3.0869E+03
0000977   4.7733E+03  3.0731E+03 -2.5315E+03
0000978   8.0140E+03  2.7494E+03  1.2226E+03
0000979   5.5674E+03  6.2072E+03  2.1355E+03
0000980   6.6223E+03  1.0867E+03  1.2141E+03
0000981   7.6609E+03  1.7343E+03  2.7671E+01
0000982   7.7396E+03 -1.5478E+03 -3.0989E+02
0000983   7.7255E+03 -4.8718E+02 -2.7947E+03
0000984   4.4721E+03  1.3484E+03 -1.9298E+03
0000985   6.0169E+03  1.6960E+03 -1.1564E+02
0000986   7.0393E+03 -2.6306E+03 -5.3070E+02
0000987   8.5160E+03 -1.6540E+03  1.6655E+03
0000988   6.6830E+03  1.5593E+03 -2.0870E+03
0000989   3.4569E+03 -5.3843E+02  8.3320E+02
0000990   9.7407E+03 -5.1482E+02 -1.7586E+03
0000991   1.0243E+04 -2.5865E+03  1.3801E+02
0000992   6.1534E+03  3.9192E+02 -2.6366E+03
0000993   9.6682E+03 -4.7227E+02 -1.0533E+03
0000994   1.0894E+04  5.9440E+02 -3.5858E+03
0000995   7.3092E+03  1.6643E+03  7.0225E+02
0000996   6.4166E+03 -6.3802E+02 -3.8311E+02
0000997   9.3231E+03  9.8103E+02 -1.9613E+03
0000998   9.6292E+03  2.0072E+03  1.0028E+02
0000999   5.1826E+03  4.3236E+03 -2.2966E+03
0001000   5.5381E+03 -5.4204E+02  9.4088E+01
0001001   8.6628E+03  1.0641E+02 -3.7594E+03
0001002   7.5570E+03  3.9423E+03 -1.3564E+03
0001003   6.5262E+03 -2.8315E+03  1.9707E+03
0001004   8.0885E+03  2.9123E+03 -2.1288E+03
0001005   9.0797E+03  8.2729E+02 -2.9478E+03
0001006   7.8432E+03  3.0773E+03 -1.5556E+03
0001007   8.9400E+03 -3.2900E+03  5.4397E+02
0001008   6.1979E+03 -1.5507E+03  6.4788E+03
0001009   7.1195E+03  2.0455E+03  3.4265E+03
0001010   7.9372E+03  1.8135E+02 -1.5883E+03
0001011   7.0096E+03  1.4628E+03  2.9073E+03
0001012   8.8891E+03 -1.0926E+03 -2.0429E+03
0001013   8.8100E+03  9.3411E+02  1.2772E+03
0001014   7.9649E+03 -4.4966E+03  8.6875E+02
0001015   6.0228E+03 -2.1986E+03  7.6252E+02
0001016   7.5671E+03  2.1457E+03  5.7673E+03
0001017   7.7419E+03 -2.0099E+03 -9.2060E+01
0001018   9.9202E+03 -3.2871E+02 -1.6661E+03
0001019   8.1116E+03 -8.1857E+02 -4.0137E+02
0001020   8.9027E+03  1.5248E+03 -3.8029E+02
0001021   7.0620E+03  1.3106E+03 -9.6557E+02
0001022   8.9552E+03  3.9863E+03 -1.7546E+03
0001023   7.1406E+03 -1.7757E+03 -1.3684E+03
0001024   6.6314E+03  2.8799E+03  4.3294E+02
0001025   9.9187E+03  1.4991E+03  7.3567E+02
0001026   8.2426E+03  3.4600E+03  4.7131E+01
0001027   8.0612E+03  2.2121E+03  1.3674E+03
0001028   8.1327E+03  2.5380E+03  1.3808E+03
0001029   7.6511E+03 -1.3046E+03  1.3363E+03
0001030   6.7733E+03 -1.1181E+03 -3.6553E+03
0001031   1.8003E+03  2.6734E+03 -2.6901E+03
0001032   8.9547E+03  4.4412E+02 -1.0748E+03
0001033   8.2657E+03  1.8454E+03  2.2735E+03
0001034   7.5121E+03  8.3525E+02 -2.3180E+03
0001035   6.0677E+03 -2.7908E+03 -8.6142E+02
0001036   5.5281E+03  9.8430E+02 -3.0426E+03
0001037   8.5530E+03 -9.8809E+01 -2.8402E+03
0001038   7.6463E+03  2.5569E+03  2.3303E+03
0001039   5.5729E+03  4.8643E+03  2.4243E+03
0001040   8.6820E+03  3.1766E+03  7.0368E+02
0001041   5.6728E+03  2.0000E+03 -2.1170E+03
0001042   3.4593E+03 -2.3727E+02 -1.7453E+03
0001043   6.1698E+03 -1.4035E+03  1.6545E+02
0001044   8.0281E+03 -6.0794E+02 -3.5012E+03
0001045   1.0263E+04  2.1198E+03 -5.0425E+02
0001046   1.0040E+04 -6.3977E+02 -1.9255E+03
0001047   9.4683E+03  4.0813E+03 -1.3364E+03
0001048   9.1514E+03 -1.7485E+02  7.2602E+02
0001049   7.4021E+03 -3.0031E+03  2.3634E+03
0001050   9.5692E+03 -2.0408E+03  4.8099E+02
0001051   8.8955E+03  5.5480E+02 -2.4367E+03
0001052   8.0440E+03 -1.4991E+03  1.4780E+03
0001053   9.1144E+03  2.4493E+03  1.3295E+03
0001054   3.6951E+03  1.1805E+03  5.2419E+03
0001055   2.0412E+03 -1.2213E+03 -2.1918E+03
0001056   7.8581E+03  1.0220E+03  2.1327E+03
0001057   4.5943E+03 -1.9683E+03  1.6386E+03
0001058   3.4437E+03  2.1859E+03  2.5686E+03
0001059   3.5350E+03 -3.4327E+03  5.2978E+03
0001060   5.9002E+03 -1.9150E+03  3.2840E+03
0001061   6.6793E+03 -1.4183E+03 -1.9794E+03
0001062   3.0447E+03  4.1741E+03  5.7533E+02
0001063   5.2221E+03 -1.3611E+03 -5.6190E+02
0001064   9.3093E+03 -1.3072E+03  4.3020E+02
0001065   4.6113E+03  4.1753E+03 -2.5405E+03
0001066   8.2581E+03 -2.8047E+03 -1.5784E+03
0001067   8.0379E+03 -9.0635E+02 -4.8600E+03
0001068   9.1767E+03  2.8797E+03 -1.6022E+03
0001069   6.3159E+03 -2.0841E+02  6.4566E+03
0001070   7.8597E+03 -3.9887E+03 -9.9636E+02
0001071   6.1586E+03 -1.6077E+03  1.0651E+03
0001072   9.6076E+03  2.2083E+03 -6.7838E+02
0001073   8.0448E+03 -2.5806E+02 -1.1625E+03
0001074   8.8768E+03 -8.7232E+02 -8.9025E+02
0001075   8.0721E+03  2.3679E+03  2.5369E+03
0001076   8.7409E+03  2.3057E+02 -1.0245E+03
0001077   7.2165E+03 -4.1513E+03  7.0235E-01
0001078   4.3787E+03  5.3129E+03  2.8313E+03
0001079   4.0764E+03  1.5409E+03 -1.1628E+03
0001080   6.3460E+03 -2.4239E+03 -2.2895E+03
0001081   7.7394E+03  2.0765E+03 -1.3713E+03
0001082   6.6454E+03 -2.1086E+03 -3.8733E+03
0001083   7.1608E+03 -2.0387E+02 -6.4262E+02
0001084   6.9755E+03  1.0594E+03  2.0544E+02
0001085   6.9631E+03 -9.5622E+02  1.6198E+03
0001086   8.5846E+03 -1.9902E+03  3.1167E+03
0001087   7.2147E+03 -2.4033E+03 -1.2948E+03
0001088   8.2809E+03 -1.2254E+03 -1.0311E+03
0001089   8.5447E+03 -1.9391E+03  6.5096E+02
0001090   9.0655E+03 -5.3964E+02 -2.7221E+02
0001091   3.4687E+03  2.1260E+02  6.9210E+02
0001092   1.1117E+04  8.0161E+02  1.3381E+03
0001093   6.9519E+03  1.1899E+03 -2.8080E+02
0001094   5.1488E+03  3.8466E+03  1.3477E+03
0001095   7.4294E+03  2.2381E+03  1.1224E+03
0001096   7.5668E+03  1.9816E+03  1.3741E+03
0001097   9.4424E+03  1.9524E+02 -1.1796E+03
0001098   7.0233E+03 -1.8760E+03 -2.6778E+03
0001099   7.0017E+03  2.3271E+02  3.8211E+03
0001100   4.8701E+03  1.0914E+03  3.7233E+03
0001101   4.5066E+03 -3.8801E+03 -1.8137E+03
0001102   7.0838E+03 -2.7211E+03 -7.0017E+02
0001103   8.9713E+03  1.2403E+02 -8.8327E+02
0001104   3.9193E+03  3.6352E+01 -9.5062E+02
0001105   6.9923E+03 -2.5590E+03  4.0045E+03
0001106   1.0451E+04 -4.8979E+02 -1.2306E+02
0001107   6.0397E+03  1.1353E+03 -1.2895E+03
0001108   1.0990E+04 -2.3275E+03  3.8647E+02
0001109   2.7320E+03  2.6391E+03 -3.6349E+03
0001110   6.7293E+03  2.0803E+03  6.1098E+03
0001111   8.1079E+03 -8.2036E+02  2.8025E+03
0001112   4.6853E+03  2.4319E+03  4.4097E+03
0001113   9.0479E+03 -3.4655E+02 -9.3710E+02
0001114   7.1654E+03  2.4109E+03  1.1958E+03
0001115   3.0655E+02 -2.6213E+03  9.8648E+02
0001116   8.1753E+03 -7.7895E+01  2.4898E+03
0001117   2.3231E+03 -5.4112E+01 -1.3484E+03
0001118   7.1891E+03 -3.0516E+03 -1.3205E+02
0001119   8.6628E+03 -1.6297E+03  8.0467E+02
0001120   8.0617E+03  3.8481E+02 -2.4536E+03
0001121   3.0622E+03 -2.2041E+02 -1.4205E+03
0001122   9.0214E+03 -2.8339E+03  2.1546E+02
0001123   5.6583E+03 -6.8214E+02  2.4529E+03
0001124   9.4235E+03  2.1609E+02  2.7448E+03
0001125   9.3183E+03  6.4079E+02  2.0271E+03
0001126   2.0447E+03 -1.4733E+03 -1.3459E+03
0001127   8.3210E+03 -2.4845E+02  8.0638E+02
0001128   7.8594E+03  4.2234E+03 -1.5340E+03
0001129   7.3752E+03  1.6948E+02  2.9392E+03
0001130   7.4569E+03 -1.5665E+03 -2.0925E+03
0001131   4.5188E+03  1.6304E+03  1.3080E+03
0001132   2.4649E+03 -1.8592E+03  1.3101E+03
0001133   8.7158E+03 -4.5430E+02  8.9119E+02
0001134   4.5171E+03 -1.2885E+03  2.4333E+03
0001135   1.0486E+03 -1.7213E+03  2.3011E+03
0001136   9.8781E+03 -1.5533E+02 -8.2591E+02
0001137   6.0155E+03 -1.1047E+03 -1.3540E+03
0001138   9.0352E+03 -4.3445E+02 -2.8068E+03
0001139   9.1588E+03  1.9839E+03 -1.2596E+03
0001140   7.3206E+03 -1.1701E+03 -8.0146E+01
0001141   4.8424E+03 -1.2405E+03  5.1188E+03
0001142   9.4017E+03 -7.2075E+02 -1.2583E+02
0001143   8.2355E+03  1.6657E+03 -1.1498E+03
0001144   6.6588E+03  9.4907E+02  3.0488E+02
0001145   6.2343E+03  1.0763E+03 -4.2254E+03
0001146   7.2238E+03 -5.0383E+02  3.3341E+03
0001147   2.0768E+03 -1.0794E+02  6.5779E+01
0001148   7.0435E+03  2.3255E+03  2.0123E+03
0001149   4.9036E+03  2.5044E+03 -2.5410E+03
0001150   1.9631E+03  2.8173E+03 -8.3260E+02
0001151   6.5529E+03  6.5651E+02  7.1141E+02
0001152   4.6668E+03  1.0131E+03  1.4643E+03
0001153   4.1819E+03  2.0111E+03  1.5437E+03
0001154   6.9448E+03 -1.0114E+03 -1.1748E+03
0001155   6.0564E+03 -7.8500E+02 -6.2108E+03
0001156   9.2409E+03 -6.9696E+02  3.5214E+03
0001157   8.1700E+03 -1.2797E+03 -8.4426E+02
0001158   1.0248E+04  1.6532E+03 -2.1824E+03
0001159   7.1287E+03  3.3103E+03 -7.0686E+02
0001160   5.0826E+03  3.9004E+03 -1.6244E+03
0001161   7.0486E+03  2.5241E+03  1.0905E+03
0001162   4.9476E+03  1.9319E+03  3.7198E+03
0001163   4.8453E+03  2.1912E+03 -7.6250E+01
0001164   7.7218E+03  3.9653E+02  1.7738E+03
0001165   6.3530E+03  2.8009E+02  1.3732E+03
0001166   7.9218E+03  2.8626E+03 -8.3521E+02
0001167   8.8103E+03 -2.1174E+03 -3.4629E+02
0001168   1.0169E+04 -1.3129E+03 -1.2548E+03
0001169   8.0192E+03 -2.6274E+03  3.2417E+02
0001170   5.9145E+03 -3.6291E+02 -1.4230E+03
0001171   7.0101E+03 -3.8626E+03 -3.3452E+03
0001172   9.7687E+03 -3.6985E+02  4.2304E+03
0001173   9.3463E+03  4.1569E+02  1.2035E+03
0001174   9.3912E+03  2.7481E+03  1.3841E+03
0001175   5.8768E+03 -1.9107E+02  1.1774E+03
0001176   7.8383E+03 -2.4618E+03 -1.9970E+03
0001177   6.8030E+03 -3.8014E+03  1.2095E+03
0001178   8.8771E+03  1.6559E+03 -1.2402E+03
0001179   4.7846E+03  1.9284E+03  5.0357E+02
0001180   9.6191E+03  2.4758E+03  2.5887E+03
0001181   6.6652E+03 -3.4320E+03  2.8867E+03
0001182   7.6512E+03  1.9511E+03  1.9828E+02
0001183   9.2820E+03 -9.1240E+02 -2.9995E+02
0001184   7.8050E+03  3.4538E+03  1.0579E+03
0001185   9.5967E+03 -1.3012E+03 -6.7722E+02
0001186   6.1247E+03 -3.1556E+02 -2.0157E+03
0001187   1.8593E+03 -3.6124E+03  3.5150E+03
0001188   6.3002E+03  9.4725E+02  6.0635E+02
0001189   3.3892E+03  2.4863E+03 -7.5420E+02
0001190   3.6933E+03 -1.5075E+03  2.2299E+03
0001191   5.8430E+03 -3.5846E+03 -2.3431E+02
0001192   2.8981E+03  3.0080E+03  3.3783E+03
0001193   6.4096E+03  1.1858E+03  2.8749E+03
0001194   2.9737E+03 -2.5000E+03 -1.5497E+03
0001195   9.1165E+03  7.8357E+02 -1.3504E+03
0001196   4.0248E+03  4.9688E+02  1.4508E+03
0001197   6.9641E+03  4.4306E+03 -6.7386E+02
0001198   3.6476E+03 -5.3371E+03  2.5512E+03
0001199   6.5680E+03  1.8890E+03  1.8414E+03
0001200   7.4615E+03 -2.1243E+03 -1.0072E+03
0001201   4.7633E+03  1.5735E+03  7.7034E+02
0001202   7.7469E+03 -1.2869E+03  3.3563E+03
0001203   7.9421E+03  3.3815E+02  3.6420E+02
0001204   6.3140E+03 -4.9572E+02  1.4848E+03
0001205   9.0105E+03  1.0335E+03 -2.1031E+03
0001206   7.9765E+03  3.7426E+03  8.4690E+01
0001207   4.0839E+03 -1.3114E+03  9.7175E+01
0001208   6.0779E+03  1.5327E+03 -3.3146E+02
0001209   7.9665E+03  3.7071E+03 -4.4930E+02
0001210   6.5943E+03 -4.0255E+03  9.5996E+02
0001211   8.3491E+03 -4.7944E+00 -5.0704E+02
0001212   8.1906E+03 -2.1892E+03 -1.5016E+03
0001213   7.3502E+03  1.0299E+03  1.4691E+03
0001214   7.3537E+03  1.2168E+03 -2.0995E+03
0001215   7.8426E+03 -2.7552E+03  8.2678E+02
0001216   6.7541E+03  3.4886E+03 -5.6417E+02
0001217   7.5042E+03 -3.0308E+03  1.0372E+03
0001218   8.5459E+03 -1.6988E+03  3.4503E+03
0001219   7.1338E+03  1.3609E+03  3.6156E+03
0001220   7.8796E+03  3.1679E+02  5.9703E+02
0001221   8.0594E+03 -1.8364E+02 -1.9343E+03
0001222   5.8505E+03 -3.8630E+03 -3.0552E+03
0001223   7.7271E+03 -8.7674E+02  3.7980E+02
0001224   6.3204E+03  4.9407E+02  3.3815E+02
0001225   9.3158E+03 -1.0242E+02  3.6980E+03
0001226   6.2947E+03  1.0459E+03  1.9059E+03
0001227   9.3702E+03 -1.8329E+02 -4.3745E+01
0001228   5.1327E+03 -5.4264E+02 -4.5636E+02
0001229   8.4816E+03  3.7156E+03  3.4060E+03
0001230   7.3895E+03  4.2196E+03  1.8356E+03
0001231   8.3427E+03  3.1282E+02  5.6410E+02
0001232   8.7434E+03  1.2492E+03  2.0263E+03
0001233   9.2393E+03  2.6060E+03 -5.8893E+02
0001234   6.4086E+03 -3.9170E+03 -8.2325E+02
0001235   5.2401E+03  2.2441E+03 -2.1939E+02
0001236   3.7510E+03  9.3476E+02 -3.6661E+03
0001237   8.8929E+03  5.3089E+02 -7.3668E+02
0001238   7.0538E+03 -4.0887E+02 -1.1496E+03
0001239   6.3394E+03  1.0915E+03 -3.9592E+03
0001240   5.8262E+03 -9.9801E+02  2.4071E+03
0001241   6.0620E+03  1.1203E+03  1.7560E+03
0001242   7.3888E+03  1.7182E+03  1.4560E+03
0001243   6.1407E+03 -2.2625E+03  4.3276E+03
0001244   6.3238E+03 -3.9494E+02 -3.9883E+03
0001245   7.3056E+03  1.2436E+03 -4.2529E+03
0001246   4.6440E+03 -7.5819E+02  1.4002E+03
0001247   9.8719E+03  2.1275E+03  1.1425E+03
0001248   9.4061E+03 -2.1097E+03  3.4152E+01
0001249   1.0979E+04 -1.0388E+03 -1.4808E+03
0001250   7.2653E+03  5.1013E+03  2.6420E+03
0001251   8.4200E+03  5.7820E+02 -1.0519E+03
0001252   8.1806E+03  2.4671E+03  2.9220E+03
0001253   9.6466E+03  6.1661E+02  3.1608E+03
0001254   8.4319E+03 -6.5969E+02 -3.6943E+03
0001255   5.6691E+03 -3.6842E+03  5.1358E+02
0001256   4.3649E+03  1.2908E+01 -3.1323E+02
0001257   7.1872E+03  8.4358E+02 -4.0679E+03
0001258   7.1826E+03  6.8626E+02  4.1305E+03
0001259   6.2966E+03 -4.1293E+03  4.6480E+03
0001260   6.8306E+03 -2.4195E+03  9.8525E+02
0001261   7.1582E+03 -2.9725E+03 -2.7460E+03
0001262   7.2176E+03  2.1956E+03  4.5298E+03
0001263   5.2118E+03 -4.9677E+03 -3.4809E+02
0001264   6.8409E+03 -4.0167E+03 -5.4713E+02
0001265   5.3299E+03 -1.0750E+03 -2.0779E+02
0001266   6.0212E+03  3.5796E+03  4.9403E+03
0001267   5.9007E+03  2.1426E+03 -4.1988E+03
0001268   8.6348E+03 -1.6920E+03  4.1588E+02
0001269   3.8458E+03 -1.8424E+03 -1.5465E+02
0001270   5.5385E+03 -4.0929E+03 -3.5511E+03
0001271   6.2129E+03 -2.7068E+03  9.5642E+02
0001272   5.8399E+03 -4.9287E+03 -9.4783E+02
0001273   6.6565E+03  1.7966E+03  2.6481E+03
0001274   2.2161E+02  4.2541E+02 -6.7030E+02
0001275   7.1863E+03 -1.9050E+02  4.6696E+02
0001276   8.6332E+03 -4.9630E+02 -9.3140E+02
0001277   1.0165E+04  7.9838E+02 -2.6579E+02
0001278   4.5201E+03  2.4818E+03 -9.5739E+02
0001279   8.7808E+03 -4.4234E+03 -5.6894E+02
0001280   8.0718E+03  1.0471E+03  5.1223E+02
0001281   8.8824E+03 -1.2770E+03 -3.2891E+02
0001282   9.0091E+03 -2.7744E+03 -2.5447E+03
0001283   8.5513E+03  2.0028E+03 -5.7032E+01
0001284   3.9761E+03  1.3186E+02 -1.9575E+01
0001285   7.0459E+03  3.1864E+02  4.3004E+02
0001286   9.1645E+03 -6.5040E+02  3.4194E+03
0001287   7.4683E+03 -7.1147E+02  4.5960E+02
0001288   7.8759E+03  1.3774E+03 -3.9133E+03
0001289   6.8347E+03 -1.6994E+03  2.7337E+03
0001290   8.2725E+03  2.1950E+03  2.5100E+03
0001291   9.0601E+03  8.8562E+02 -8.7416E+02
0001292   7.6423E+03 -1.6129E+03 -1.0557E+03
0001293   9.1812E+03  6.8110E+02 -4.3729E+02
0001294   6.9501E+03  1.1716E+03  2.3895E+03
0001295   8.1383E+03 -1.6132E+03  1.0937E+03
0001296   7.6444E+03  1.7169E+03 -8.9765E+02
0001297   6.7291E+03  3.2013E+02  1.0165E+03
0001298   8.1305E+03  2.3937E+02 -1.5290E+03
0001299   8.1513E+03 -2.0867E+02 -2.3810E+03
0001300   5.4998E+03 -9.0453E+02 -1.7407E+03
0001301   7.2294E+03 -4.7795E+02  4.9690E+03
0001302   7.3585E+03  2.3578E+02 -1.5283E+03
0001303   8.4476E+03 -2.2796E+03  1.1239E+03
0001304   4.4326E+03 -1.5934E+03  1.4192E+02
0001305   5.1608E+03 -4.8920E+03  3.2522E+03
0001306   8.6373E+03  1.7343E+03 -2.6624E+02
0001307   6.5615E+03 -6.6076E+02 -4.4895E+03
0001308   6.3989E+03  3.8113E+02  3.8379E+03
0001309   8.5743E+03  2.1816E+03 -3.2398E+03
0001310   7.3670E+03 -7.4143E+01 -1.7759E+03
0001311   6.6241E+03  2.8342E+03  3.2977E+03
0001312   2.3192E+03  2.2224E+02 -2.7939E+01
0001313   7.9583E+03  3.0287E+03 -1.0016E+03
0001314   7.7269E+03 -3.2247E+02  2.4730E+03
0001315   7.1174E+03  4.8046E+03  3.2092E+02
0001316   1.0500E+04 -1.5472E+03  2.0336E+03
0001317   6.3604E+03 -2.3114E+03  2.0556E+03
0001318   9.8187E+03 -2.6386E+03  2.2728E+03
0001319   5.8256E+03  2.8598E+03  3.3401E+02
0001320   8.8963E+03  8.6581E+02 -5.2472E+02
0001321   9.7459E+03  7.2074E+02 -3.3937E+03
0001322   8.1709E+03 -7.0171E+02 -1.2044E+01
0001323   6.2210E+03 -3.9887E+02 -8.7457E+02
0001324   6.6052E+03 -1.8244E+03  1.8639E+03
0001325   6.9751E+03  2.9581E+03 -2.2532E+03
0001326   7.6041E+03  1.0707E+03  3.3325E+02
0001327   6.2142E+03  3.2244E+03  8.4769E+02
0001328   6.2577E+03  2.5285E+03 -4.4786E+03
0001329   7.5828E+03 -6.4728E+02  2.6921E+03
0001330   5.9919E+03  2.4126E+03  3.9880E+03
0001331   7.7460E+03  7.2000E+01 -1.3180E+03
0001332   8.6831E+03 -1.5818E+03  1.2035E+03
0001333   9.0792E+03 -8.1190E+02 -8.5645E+02
0001334   5.1047E+03  5.5119E+03 -2.5252E+03
0001335   6.6580E+03  2.5067E+03 -6.1285E+02
0001336   6.3946E+03  3.3099E+03  3.2689E+03
0001337   7.2937E+03  3.4911E+03  1.2500E+03
0001338   5.9349E+03  4.4772E+03 -1.8241E+02
0001339   8.0731E+03  2.2200E+02 -2.9200E+02
0001340   9.1258E+03 -1.1322E+03 -1.4899E+03
0001341   5.9295E+03  3.1486E+03 -2.3031E+03
0001342   5.2914E+03 -3.5125E+03  8.9189E+02
0001343   7.3990E+03 -7.5715E+02  7.1189E+02
0001344   6.9460E+03  1.3151E+03  2.7287E+03
0001345   6.2879E+03 -1.9906E+03 -1.6386E+03
0001346   3.8999E+03 -2.7912E+03 -4.6996E+02
0001347   3.8552E+03 -5.8546E+02  1.0396E+03
0001348   6.2222E+03  1.6501E+03  2.8276E+03
0001349   9.3088E+03  1.9865E+03 -3.1853E+02
0001350   5.9856E+03 -3.4991E+02 -1.7825E+03
0001351   7.7837E+03  1.9396E+03 -1.5218E+03
0001352   9.1123E+03 -1.9079E+03  1.3780E+03
0001353   5.8462E+03  2.5578E+03 -4.4803E+02
0001354   6.6574E+03 -5.6982E+02  4.4297E+03
0001355   9.7286E+03 -7.5441E+02 -2.7363E+02
0001356   4.3425E+03 -1.2902E+03  2.8334E+03
0001357   2.8496E+03  3.2273E+03  1.0344E+03
0001358   7.5726E+03 -2.4374E+02 -2.6059E+03
0001359   5.8476E+03 -1.1486E+03  2.3311E+02
0001360   7.8589E+03  1.5171E+03  2.4501E+01
0001361   7.8990E+03 -2.0749E+03 -1.0707E+03
0001362   9.9482E+03  3.5439E+03 -4.6748E+01
0001363   9.2176E+03 -3.2284E+03  1.8008E+02
0001364   8.1055E+03 -8.9736E+02 -6.6658E+02
0001365   6.3147E+03  2.0375E+03  1.1353E+03
0001366   6.8875E+03  1.5817E+03 -2.6461E+01
0001367   6.3084E+03  1.6489E+03 -1.2187E+03
0001368   9.8911E+03 -5.4460E+02  2.3139E+03
0001369   2.0571E+03 -1.4824E+02  3.8665E+02
0001370   1.0084E+04  5.9505E+02 -7.1407E+02
0001371   4.9927E+03  1.2596E+03 -1.0853E+03
0001372   9.9501E+03  9.3520E+02  2.7979E+03
0001373   8.3054E+03  4.0747E+03  1.4078E+03
0001374   7.6938E+03 -3.7099E+03 -1.5039E+02
0001375   8.5122E+03  1.9939E+03 -2.1960E+03
0001376   8.4708E+03 -2.7224E+03  4.5375E+03
0001377   3.4084E+03  2.9465E+03 -4.3472E+01
0001378   6.2336E+03  5.4056E+02 -7.8022E+02
0001379   7.0120E+03 -3.1830E+03  5.0843E+01
0001380   3.7935E+03  6.8209E+02  2.4436E+03
0001381   4.0828E+03 -8.4030E+02  5.2691E+02
0001382   6.7597E+03  1.7089E+03 -3.9857E+03
0001383   8.1200E+03  7.0714E+02  4.8892E+03
0001384   6.9149E+03 -3.9546E+03 -1.8119E+03
0001385   2.2379E+03  3.7015E+03  1.2299E+03
0001386   9.7325E+03 -1.6420E+03 -7.0395E+02
0001387   4.5368E+03 -4.2732E+03  3.7252E+03
0001388   9.2948E+03 -1.7396E+03 -2.2704E+03
0001389   5.1707E+03  1.7180E+02  3.9085E+03
0001390   5.0048E+03 -1.9724E+03 -1.9271E+03
0001391   5.6794E+03  3.3595E+03 -1.2598E+03
0001392   5.0874E+03  9.5529E+02 -3.9562E+02
0001393   5.5300E+03  6.5744E+02 -2.6520E+03
0001394   7.7131E+03 -1.0932E+03  1.9530E+03
0001395   9.4417E+03  5.4387E+02 -2.0093E+03
0001396   5.7221E+03  1.2014E+03 -3.8604E+03
0001397   7.0492E+03  6.3609E+02 -3.8645E+02
0001398   7.1741E+03  8.9843E+02  1.8376E+02
0001399   4.3923E+03  3.4449E+03  4.6326E+03
0001400   6.1194E+03 -2.7905E+03 -4.0866E+03
0001401   1.0088E+04 -1.1403E+03 -1.3321E+02
0001402   5.4954E+03  8.1873E+02  7.8567E+02
0001403   8.0578E+03 -2.6726E+02 -1.3055E+03
0001404   5.5674E+03 -1.1311E+03  1.1650E+03
0001405   6.2911E+03 -1.0201E+03  1.7246E+02
0001406   3.4085E+03  2.3576E+03  3.6698E+03
0001407   7.1830E+03  2.0689E+03  1.6785E+03
0001408   6.6378E+03 -2.7844E+03  1.5233E+03
0001409   7.9572E+03  2.1184E+03 -2.5541E+03
0001411   9.8879E+03  4.9603E+01  1.0501E+02
0001412   5.0276E+03  2.0340E+03  3.9521E+03
0001413   7.5372E+03 -1.3577E+03  1.2170E+03
0001414   8.0300E+03 -2.2104E+03 -3.2403E+03
0001415   6.2675E+03 -3.2404E+02 -4.7695E+01
0001416   8.3025E+03  1.7302E+03  4.8554E+01
0001417   6.0802E+03 -8.6836E+02 -4.6444E+03
0001418   5.4129E+03 -1.8968E+03 -3.2908E+02
0001419   9.3817E+03  1.8026E+03 -1.6667E+02
0001420   8.0355E+03  9.6939E+02  2.3085E+03
0001421   9.7828E+03 -2.4906E+03 -1.0323E+02
0001422   8.2993E+03 -2.5981E+03  2.2680E+01
0001423   8.1225E+03  2.8448E+03 -3.2422E+03
0001424   6.4225E+03 -2.1757E+03  6.3735E+02
0001425   4.6125E+03  3.2718E+03 -3.3628E+02
0001426   7.8432E+03 -9.4893E+02  6.1504E+03
0001427   9.5831E+03  1.8739E+03  1.9060E+02
0001428   8.7293E+03  1.9108E+03  3.3020E+03
0001429   7.1251E+03 -9.5248E+02 -2.8888E+03
0001430   7.6149E+03 -4.9013E+02  1.8184E+03
0001431   4.1365E+03 -2.0034E+03 -3.3456E+03
0001432   8.4124E+03 -2.8275E+02 -2.1004E+03
0001433   9.5555E+03  2.0929E+03  3.6013E+02
0001434   7.7364E+03  2.4789E+03  3.3137E+03
0001435   3.2915E+03 -3.2844E+03 -1.6261E+03
0001436   1.0654E+04  1.1239E+03 -1.2905E+03
0001437   1.0082E+04  2.0541E+03 -5.6966E+02
0001438   6.2204E+03  4.1465E+03 -3.8471E+03
0001439   7.8643E+03 -2.4721E+03  1.1220E+03
0001440   6.6540E+03  2.7762E+03 -3.0838E+02
0001441   1.0612E+04  4.3600E+02  1.4168E+03
0001442   8.9354E+03 -3.5675E+01  6.8024E+02
0001443   5.5914E+03  2.5862E+02 -1.3478E+03
0001444   7.1873E+03 -1.3909E+03 -1.2722E+03
0001445   7.5129E+03 -1.0068E+03 -2.6015E+03
0001446   5.5395E+03  8.3036E+02 -6.0741E+02
0001447   7.6303E+03 -1.5002E+02  3.5362E+03
0001448   5.6091E+03 -2.1128E+02 -1.7173E+03
0001449   6.2910E+03 -3.6343E+03  4.0830E+03
0001450   9.6611E+03  2.6785E+03  2.6052E+01
0001451   4.5025E+03 -1.9649E+03  9.7797E+02
0001452   7.4352E+03  5.0278E+03  5.0555E+02
0001453   4.3611E+03  3.0845E+03 -2.3840E+03
0001454   6.0944E+03  1.1567E+03 -4.6575E+03
0001455   5.4798E+03  2.4314E+03 -2.1559E+03
0001456   4.8555E+03 -1.7790E+03  2.1028E+03
0001457   7.6566E+03  1.6666E+03 -8.7691E+02
0001458   8.4139E+03 -2.7738E+02 -2.3333E+03
0001459   5.9415E+03  1.7807E+03 -4.9290E+02
0001460   2.7037E+03 -3.2290E+03 -3.0703E+03
0001461   7.9494E+03 -8.3970E+02  1.2550E+03
0001462   3.8187E+03  2.5063E+03  2.7230E+03
0001463   5.9441E+03  3.7616E+02  1.9981E+03
0001464   5.6097E+03 -1.5400E+03  1.8313E+03
0001465   7.0132E+03  8.2334E+02 -3.3591E+02
0001466   5.5243E+03  1.2393E+03 -4.4820E+03
0001467   7.8733E+03 -2.7745E+03  4.0633E+03
0001468   9.0320E+03 -6.0799E+02  3.2279E+03
0001469   6.6269E+03  3.3486E+03 -5.2048E+02
0001470   7.6032E+03  1.6432E+03  4.6455E+03
0001471   5.4850E+03  8.4400E+02 -1.5699E+03
0001472   8.9263E+03 -2.3012E+02 -1.5559E+03
0001473   6.7957E+03 -8.5248E+02  4.8275E+02
0001474   7.0476E+03  3.2185E+03  2.7347E+03
0001475   1.0541E+04 -2.3070E+03  2.8774E+03
0001476   7.1812E+03  2.1572E+03 -2.9076E+03
0001477   6.2317E+03 -2.8137E+03 -2.9587E+03
0001478   2.9539E+03  8.7860E+02 -1.5353E+03
0001479   1.8916E+03  4.2728E+03 -2.3381E+03
0001480   6.6123E+03  3.0294E+03 -2.0533E+02
0001481   7.9049E+03  9.9839E+02 -4.6908E+03
0001482   1.0053E+04 -3.3486E+03 -2.7398E+03
0001483   4.8967E+03 -1.3252E+03  3.1427E+03
0001484   7.7687E+03 -4.1385E+02  3.3242E+03
0001485   6.5214E+03 -6.4963E+02  2.0094E+03
0001486   7.3164E+03 -3.0792E+03 -6.1282E+02
0001487   7.1386E+03  1.3070E+03 -9.5577E+02
0001488   7.8365E+03  5.7371E+02 -2.6086E+03
0001489   6.0569E+03 -2.9227E+03  2.7517E+02
0001490   6.4379E+03 -1.0774E+03  5.5121E+01
0001491   7.6664E+03 -1.1584E+03  1.2398E+03
0001492   9.3525E+03 -3.1948E+03  1.6415E+03
0001493   9.8586E+03 -2.9315E+02  8.7446E+02
0001494   4.8980E+03  5.3172E+01 -4.3766E+02
0001495   2.3289E+03  5.4285E+02 -3.8068E+03
0001496   9.0972E+03 -2.6671E+03  1.3143E+03
0001497   3.6885E+03 -1.5848E+02 -1.8067E+02
0001498   6.1146E+03 -4.1654E+03  3.5431E+03
0001499   8.5991E+03 -2.8257E+03  2.6736E+03
0001500   3.9563E+03  8.0391E+02  3.8547E+03
0001501   7.9451E+03 -2.4047E+02  1.0593E+02
0001502   8.5258E+03  5.6046E+02 -7.4713E+02
0001503   2.8111E+03  4.1557E+02  3.2276E+03
0001504   7.2906E+03  2.5166E+03  2.5784E+03
0001505   7.7106E+03  6.8314E+02 -2.3143E+03
0001506   4.2359E+03  1.9400E+03  1.5892E+03
0001507   6.8039E+03 -3.8424E+03  2.1104E+03
0001508   6.7884E+03  2.0222E+03 -4.8318E+02
0001509   8.2923E+03 -1.1266E+03 -4.1020E+02
0001510   8.2002E+03 -8.8222E+02 -4.1413E+03
0001511   7.6032E+03 -2.7486E+03  1.0242E+03
0001512   7.1300E+03 -2.5135E+03  3.8083E+02
0001513   5.4340E+03  4.0394E+03  3.6739E+03
0001514   5.8498E+03 -2.9853E+03  1.0174E+03
0001515   8.6309E+03  8.3049E+02 -4.3201E+03
0001517   8.1203E+03  1.4928E+03  2.8591E+03
0001518   7.3495E+03  1.1539E+03 -7.3093E+02
0001519   7.4838E+03  1.4722E+03 -5.0253E+02
0001520   4.3677E+03 -1.2266E+03  1.7870E+03
0001521   8.2720E+03  1.4746E+03  1.6971E+02
0001522   8.1222E+03  2.1811E+02 -7.3395E+02
0001523   7.0866E+03  1.1792E+03 -2.0640E+03
0001524   6.8451E+03 -2.2033E+03  8.3578E+02
0001525   8.4780E+03 -9.4970E+02  3.1151E+03
0001526   9.3240E+03  1.0227E+02  1.1176E+03
0001527   5.7862E+03 -4.5285E+03 -1.4066E+03
0001528   6.6449E+03 -3.0087E+03  2.4007E+03
0001529   5.1166E+03 -4.2442E+02  1.1006E+03
0001530   6.0475E+03 -1.5585E+03 -3.8065E+03
0001531   9.2224E+03 -7.7168E+02 -1.3956E+01
0001532   5.7046E+03  2.0587E+02  2.0045E+03
0001533   8.1831E+03  1.3809E+02  1.3718E+03
0001534   6.3867E+03 -3.3282E+03  7.2389E+01
0001535   7.1050E+03  1.0621E+03  1.4341E+03
0001536   6.6123E+03  5.0218E+02 -1.0446E+03
0001537   7.6181E+03  3.4613E+03  8.4429E+02
0001538   4.5263E+03 -4.5400E+03 -3.3941E+02
0001539   4.5762E+03  1.0461E+03 -3.4736E+02
0001540   4.4326E+03  3.5909E+03  1.5906E+02
0001541   8.9542E+03 -9.9657E+02  1.7215E+03
0001542   8.1760E+03  1.9133E+03 -1.8148E+03
0001543   6.0636E+03 -3.2239E+03 -1.3717E+03
0001544   8.6770E+03  6.5545E+02  4.3950E+03
0001545   6.4784E+03  5.5088E+02  1.6190E+03
0001546   9.2246E+03  1.1784E+03  3.3802E+02
0001547   6.7761E+03  3.6285E+02 -2.4723E+02
0001548   9.4895E+03  8.7485E+02  1.6199E+03
0001549   6.4284E+03 -4.2287E+03 -2.0941E+03
0001550   8.8577E+03  2.2960E+03 -8.8333E+02
0001551   5.1950E+03  3.1033E+03  1.6021E+02
0001552   8.2587E+03 -3.0252E+03  1.7568E+03
0001553   7.2593E+03  7.6017E+02 -1.2892E+01
0001554   5.0257E+03  1.5177E+03 -2.1395E+03
0001555   4.5766E+03 -4.7603E+03  2.3019E+03
0001556   6.9666E+03  5.8361E+01  2.7246E+03
0001557   9.1181E+03 -2.1297E+03  1.6508E+03
0001558   5.3184E+03  2.2506E+03  9.8438E+02
0001559   7.9919E+03 -1.7375E+03 -5.5558E+02
0001560   2.5515E+03 -2.2891E+03 -1.7015E+03
0001561   9.2070E+03  1.3371E+03 -2.8383E+03
0001562   1.0140E+04 -9.7250E+02 -2.3726E+03
0001563   3.2891E+02 -2.0948E+03 -4.0358E+02
0001564   4.7817E+03  2.6327E+02 -8.1867E+02
0001565   8.0550E+03  3.2156E+03  4.7525E+02
0001566   8.5742E+03 -4.1283E+02  1.1669E+03
0001567   9.3684E+03  4.8040E+02 -1.2152E+03
0001568   6.9903E+03  3.0703E+02  3.6136E+03
0001569   5.4567E+03  4.1492E+03  2.1797E+03
0001570   3.9388E+03  1.4635E+03  7.2152E+02
0001571   3.9983E+03 -1.7018E+03 -2.3282E+03
0001572   8.1876E+03  4.5560E+03 -1.8163E+03
0001573   6.4959E+03 -3.2765E+03  2.1092E+03
0001574   6.7770E+03  1.7052E+03  8.1646E+02
0001575   7.4072E+03 -2.3254E+03 -3.2413E+02
0001576   5.0091E+03 -2.4777E+03  7.8016E+02
0001577   6.9152E+03  3.0927E+03 -9.7060E+02
0001578   5.1172E+03  1.5449E+03 -5.6050E+03
0001579   7.4230E+03 -8.6167E+02 -1.8747E+03
0001580   8.5289E+03 -1.0846E+03  9.0766E+02
0001581   6.4048E+03  2.2907E+03 -1.5481E+03
0001582   6.6258E+03 -1.8820E+02  1.8784E+03
0001583   6.9950E+03 -7.5455E+02 -2.5060E+03
0001584   3.6536E+03  7.7854E+02 -1.4800E+03
0001585   8.0987E+03  2.0942E+03  1.0177E+03
0001586   7.2985E+03 -4.1236E+03 -2.3541E+03
0001587   4.9651E+03 -2.3295E+03 -5.9230E+02
0001588   7.4354E+03 -2.6506E+03 -2.2775E+03
0001589   7.1397E+03 -3.5597E+03 -4.4211E+03
0001590   8.4511E+03 -1.3135E+03  7.6909E+02
0001591   7.8310E+03  2.7389E+03  1.6388E+02
0001592   6.2461E+03  3.5503E+03  8.1831E+01
0001593   7.6617E+03 -2.2801E+03 -5.1158E+03
0001594   7.0946E+03  1.7510E+03  1.4125E+03
0001595   1.0299E+04  1.1484E+03 -1.7799E+03
0001596   8.3080E+03  2.2295E+03 -2.0986E+02
0001597   5.6494E+03 -2.6121E+03 -3.2280E+03
0001598   7.3881E+03 -2.1552E+03 -3.3086E+03
0001599   6.1249E+03 -1.0848E+03 -5.5212E+02
0001600   7.8667E+03 -1.8489E+03  3.4590E+03
0001601   4.1205E+03 -4.4012E+03 -4.7743E+03
0001602   3.1457E+03 -2.2167E+03 -3.0501E+02
0001603   7.1523E+03 -2.3662E+03 -2.3135E+03
0001604   1.0377E+04  3.9291E+02 -1.4241E+03
0001605   9.5256E+03  4.3576E+03 -1.5322E+03
0001606   5.2136E+03 -3.5265E+03  3.3199E+03
0001607   7.1762E+03 -1.4136E+02 -1.7003E+03
0001608   6.7574E+03  4.5058E+03 -2.6688E+03
0001609   9.9448E+03 -1.6522E+03 -3.4610E+03
0001610   4.6879E+03 -1.2087E+03 -6.6166E+02
0001611   4.1950E+03  1.8031E+03  3.1471E+03
0001612   5.3630E+03 -1.9822E+03 -2.4491E+03
0001613   4.9707E+03 -3.4372E+03  7.7088E+02
0001614   9.1133E+03  9.3768E+02 -2.1440E+02
0001615   7.5154E+03 -1.9037E+03  1.0114E+03
0001616   9.4043E+03 -1.4143E+03 -8.4767E+02
0001617   1.0196E+04 -1.4209E+03  1.5993E+03
0001618   1.0233E+04  2.0731E+03  1.2989E+02
0001619   7.1869E+03  1.1953E+03  5.3815E+02
0001620   5.7785E+03 -1.7209E+03  1.1122E+03
0001621   3.9289E+03  3.9146E+03 -5.4963E+03
0001622   8.0187E+03  4.0846E+03 -1.5137E+03
0001623   9.7903E+03 -1.4328E+03 -1.0311E+03
0001624   1.0606E+04 -1.4785E+03  6.7159E+02
0001625   7.3658E+03 -3.1502E+03 -1.3622E+03
0001626   8.3462E+03  2.9533E+02  1.0636E+03
0001627   8.7952E+03 -1.9488E+03 -3.4460E+03
0001628   9.1986E+03  1.6384E+03  7.3365E+02
0001629   1.0340E+04 -8.8411E+02  2.6572E+02
0001630   7.8154E+03  2.3696E+03 -2.4659E+03
0001631   8.3299E+03  2.2484E+03 -6.0536E+02
0001632   8.3227E+03 -3.4864E+03  1.8077E+03
0001633   7.0505E+03 -2.4961E+03 -2.1600E+03
0001634   8.9796E+03 -1.0487E+03 -1.5144E+03
0001635   7.4546E+03  1.8635E+03  1.8307E+03
0001636   7.6159E+03 -1.4101E+03  2.9027E+03
0001637   8.5272E+03 -1.5238E+03  4.4809E+02
0001638   7.5893E+03  2.7834E+03 -9.0786E+02
0001639   8.5652E+03  1.2193E+03 -2.1497E+03
0001640   5.7016E+03 -9.2018E+02 -4.3218E+03
0001641   3.2831E+03 -1.7714E+03 -2.9868E+03
0001642   8.2378E+03  5.0890E+02  1.2287E+03
0001643   8.8597E+03  7.7389E+02 -5.0756E+03
0001644   4.0175E+03 -5.4032E+02  2.7484E+02
0001645   8.7782E+03 -9.8911E+02  2.4004E+03
0001646   3.3379E+03  3.7470E+03 -9.2346E+02
0001647   9.0755E+03  1.2357E+03 -2.2711E+03
0001648   5.8791E+03 -5.8940E+03  8.6513E+02
0001649   8.5766E+03  3.5782E+02 -6.1549E+01
0001650   4.3699E+03 -3.6940E+03 -3.3238E+01
0001651   6.7997E+03  2.9462E+03  1.7697E+03
0001652   8.5673E+03  2.1882E+03 -5.6605E+02
0001653   1.0250E+04  1.2429E+03  7.4269E+02
0001654   8.2060E+03 -1.2366E+02 -2.0067E+03
0001655   7.0951E+03 -1.1592E+03 -3.8793E+02
0001656   7.6043E+03  1.9601E+03 -3.9894E+03
0001657   2.5813E+03  8.3716E+02  1.6875E+03
0001658   8.2778E+03  4.6617E+02  1.3309E+03
0001659   3.6643E+03  2.0958E+03 -4.4035E+03
0001660   5.0630E+03  4.2009E+03  3.1142E+01
0001661   6.4896E+03  1.9726E+03 -4.3852E+03
0001662   6.6799E+03  5.0255E+03 -3.4996E+03
0001663   9.4602E+03 -1.2105E+03 -8.9441E+02
0001664   5.5933E+03  2.9061E+03  4.0799E+03
0001665   7.8019E+03 -1.4062E+03  2.0752E+03
0001666   8.3015E+03  7.4555E+02 -2.2313E+03
0001667   3.4080E+03 -1.9649E+03 -2.5893E+02
0001668   6.4895E+03 -2.7426E+03 -2.1242E+03
0001669   8.5529E+03  1.8369E+03  1.1487E+03
0001670   5.3511E+03  2.6140E+03 -2.2010E+03
0001671   1.0667E+04  1.4761E+03 -1.8093E+03
0001672   8.4165E+03 -7.0674E+02 -1.6738E+02
0001673   8.6919E+03 -5.2944E+02 -1.5069E+03
0001674   9.0384E+03 -9.6101E+02 -8.0323E+01
0001675   7.4478E+03 -7.7643E+02 -1.9618E+03
0001676   9.8762E+03  3.5015E+03  1.0722E+03
0001677   6.8556E+03 -4.4558E+03 -2.3615E+03
0001678   1.0174E+04  2.8006E+03  4.2885E+02
0001679   8.7583E+03 -2.1799E+03  2.7912E+03
0001680   7.9957E+03  1.2199E+03 -1.4247E+03
0001681   6.9751E+03  1.3365E+03  1.0390E+03
0001682   8.5027E+03 -3.6618E+02 -1.2746E+03
0001683   9.5571E+03  2.2154E+03  1.2604E+03
0001684   6.9024E+03  3.6827E+02 -3.6523E+03
0001685   8.0168E+03  1.2370E+03  1.8704E+02
0001686   9.0762E+03  3.2473E+03  1.7830E+02
0001687   7.8978E+03 -4.0657E+02  4.0609E+02
0001688   9.5944E+03 -2.3716E+03 -1.2825E+03
0001689   6.1056E+03 -2.7643E+02  1.9736E+03
0001690   5.8857E+03 -1.0215E+03  2.7733E+03
0001691   4.5653E+03  1.3822E+03  3.2117E+03
0001692   3.5615E+03 -6.3821E+03  4.3264E+03
0001693   6.3773E+03  9.3238E+02 -5.0985E+03
0001694   8.6808E+03 -8.1436E+02 -1.0016E+02
0001695   8.1098E+03  2.4301E+03  2.9165E+02
0001696   5.2042E+03 -4.7402E+03  2.4528E+03
0001697   6.0843E+03  3.2606E+03 -1.6073E+03
0001698   6.9158E+03  3.5185E+02 -1.7185E+03
0001699   6.0078E+03  1.7973E+03 -1.9292E+03
0001700   8.5470E+03  2.1445E+03 -2.2619E+02
0001701   8.4858E+03 -8.8272E+02 -3.4160E+03
0001702   8.3685E+03 -2.8736E+03  2.8777E+02
0001703   4.7684E+03  1.7111E+02 -1.6829E+03
0001704   8.7182E+03  4.0592E+03 -1.1973E+03
0001705   3.2567E+03 -1.9002E+03  2.2717E+03
0001706   5.7293E+03 -6.9004E+02 -3.1002E+01
0001707   7.0930E+03  1.4317E+03 -2.7665E+02
0001708   6.5862E+03 -3.6921E+03 -4.3200E+02
0001709   4.0909E+03 -3.1641E+03 -1.0142E+03
0001710   5.0087E+03 -4.2575E+03  1.5823E+03
0001711   6.6232E+03  2.3087E+03 -4.8433E+01
0001712   9.3357E+03 -4.8340E+01  2.6619E+03
0001713   9.0692E+03  1.2163E+03  1.4541E+03
0001714   5.0821E+03 -2.1253E+03  2.6936E+03
0001715   4.0226E+03  9.0082E+02  2.4140E+03
0001716   5.9642E+03  9.1350E+02 -1.7727E+03
0001717   7.6703E+03 -1.5423E+03  1.2338E+03
0001718   6.4089E+03  4.9528E+03  4.0792E+02
0001719   8.8296E+03  1.6025E+03  1.0842E+03
0001720   8.0429E+03  1.5522E+03 -2.6544E+03
0001721   2.2787E+03 -9.9214E+02  5.7307E+03
0001722   7.7241E+03  1.5928E+03 -1.7135E+03
0001723   6.6095E+03  1.0535E+03  3.0489E+03
0001724   5.6725E+03 -1.2960E+03  5.7970E+02
0001725   5.9972E+03 -3.1014E+03  2.2701E+03
0001726   7.1930E+03  4.5239E+02  3.3825E+03
0001727   5.1369E+03 -1.2288E+03 -1.2236E+03
0001728   8.1798E+03  2.2316E+03 -7.5192E+01
0001729   8.7594E+03 -2.0885E+03  3.5450E+01
0001730   6.5213E+03  3.0278E+03  6.5829E+02
0001731   7.8619E+03 -4.4656E+03  1.6997E+03
0001732   8.6104E+03  4.1707E+03 -2.3759E+02
0001733   7.1097E+03 -2.9482E+03  2.3382E+03
0001734   7.2383E+03  4.1494E+03 -1.1261E+03
0001735   5.5426E+03 -2.5346E+03 -8.2847E+00
0001736   6.7331E+03 -2.1144E+03  1.5493E+03
0001737   7.5461E+03 -4.7924E+02  1.0756E+03
0001738   5.7402E+03  2.0219E+03 -4.4491E+03
0001739   8.9772E+03  1.0719E+01  3.3875E+02
0001740   6.0130E+03 -2.4665E+03 -5.9016E+00
0001741   8.9303E+03  2.4221E+03  4.0133E+02
0001742   6.0156E+03  1.1121E+03 -1.7651E+03
0001743   8.2021E+03  1.4597E+03 -1.9004E+03
0001744   8.6876E+03  1.1914E+03  6.9972E+02
0001745   9.1817E+03 -8.2010E+01  1.1115E+03
0001746   6.6884E+03  5.8459E+02  1.8193E+02
0001747   6.3203E+03  2.4823E+02 -2.4842E+03
0001748   2.7514E+03  2.6898E+03 -2.7137E+03
0001749   5.1183E+03  4.7028E+03  1.3459E+03
0001750   4.8717E+03  4.5036E+03  2.5504E+03
0001751   5.8240E+03  3.1265E+03  4.0538E+03
0001752   9.9967E+03 -2.7895E+03 -6.1650E+02
0001753   6.9415E+03  2.2321E+03  1.5339E+03
0001754   6.3249E+03  4.0297E+03  2.9309E+03
0001755   3.4244E+03 -1.6769E+03 -1.6476E+03
0001756   8.3371E+03  2.4733E+03 -1.2012E+03
0001757   9.2807E+03 -2.2976E+03 -2.7622E+03
0001758   5.8420E+03 -2.3946E+03  2.0512E+03
0001759   7.2222E+03  2.4477E+03  4.6155E+03
0001760   7.0535E+03 -5.5096E+02  1.2137E+03
0001761   2.9672E+03  1.2562E+03  2.1625E+03
0001762   8.5146E+03 -5.8749E+03 -1.5491E+03
0001763   9.2089E+03  1.5161E+03  5.4895E+02
0001764   5.5027E+03  1.6635E+03  1.9288E+02
0001765   8.5419E+03 -7.7219E+01 -1.0763E+03
0001766   6.3799E+03 -3.6400E+03 -2.7358E+03
0001767   7.6576E+03  1.4539E+03  1.0288E+03
0001768   6.5291E+03 -3.5709E+03 -3.4598E+03
0001769   7.7401E+03  9.8543E+02  1.3470E+03
0001770   1.0105E+04 -7.9728E+02  3.4705E+02
0001771   4.4171E+03  3.5934E+03  1.9992E+03
0001772   5.1650E+03 -4.8735E+03 -7.4478E+01
0001773   6.4406E+03  1.5816E+03 -1.1361E+03
0001774   6.9310E+03 -1.1794E+03 -1.9900E+03
0001775   7.5812E+03 -2.4534E+03  1.0917E+03
0001776   4.6439E+03  6.4284E+02 -3.5180E+03
0001777   8.2971E+03  1.3306E+03  3.0134E+02
0001778   5.3252E+03 -6.0978E+03  2.2868E+01
0001779   7.9749E+03 -1.8309E+03  1.0075E+03
0001780   5.0271E+03 -2.0960E+03 -4.8935E+03
0001781   2.3302E+03  4.9665E+03 -1.0086E+03
0001782   7.7637E+03  4.1415E+03 -4.1770E+03
0001783   9.4228E+03 -5.2370E+02  2.5126E+03
0001784   8.0437E+03  5.4964E+02  3.1523E+02
0001785   8.9400E+03 -2.3417E+03 -1.7783E+03
0001786   7.4787E+03 -2.4917E+03 -4.6706E+03
0001787   6.6517E+03 -1.6304E+03  1.9434E+03
0001788   1.0222E+04  1.0854E+03  1.7498E+03
0001789   5.6681E+03 -7.3529E+02  1.3118E+02
0001790   6.9583E+03  1.1439E+03 -5.2788E+02
0001791   7.2697E+03 -4.3585E+03  4.2859E+02
0001792   5.9122E+03 -4.2898E+03  1.8609E+02
0001793   7.0809E+03  2.4530E+03 -1.6265E+03
0001794   7.5308E+03  3.7838E+03  2.2070E+03
0001795   5.9427E+03  3.5286E+03 -5.8300E+02
0001796   5.8601E+03 -8.3436E+02  1.1382E+03
0001797   8.1776E+03  1.3742E+03  4.7463E+03
0001798   7.2927E+03  4.3615E+03  1.9507E+02
0001799   8.8669E+03  1.0723E+03  3.0048E+03
0001800   7.9334E+03 -9.8614E+02  7.2164E+02
0001801   5.4904E+03 -2.4599E+03 -2.7338E+03
0001802   7.3096E+03 -2.3644E+03 -2.9513E+03
0001803   6.4440E+03 -1.1463E+03 -2.1312E+02
0001804   4.4549E+03 -1.3886E+03 -9.3188E+02
0001805   4.3655E+03  7.7816E+02  4.4785E+03
0001806   7.0825E+03  1.8441E+03 -2.0238E+03
0001807   7.3041E+03 -3.6997E+03 -5.5832E+03
0001808   5.1455E+03  3.9449E+03  2.4189E+03
0001809   8.9423E+03 -1.1855E+03  1.3000E+03
0001810   7.6677E+03 -4.3259E+03  1.0956E+03
0001811   1.0905E+04 -5.1869E+02 -2.4260E+02
0001812   8.4272E+03  1.9111E+03 -1.2492E+03
0001813   5.7467E+03  3.9863E+03 -5.5786E+02
0001814   8.5228E+03  1.9254E+02  6.0092E+02
0001815   2.1205E+03 -2.1421E+03  2.3238E+03
0001816   9.2940E+03 -3.4588E+03  1.6113E+03
0001817   9.1617E+03 -4.3872E+03 -1.3139E+03
0001818   4.3389E+03 -3.2014E+03  4.3895E+03
0001819   9.0029E+03 -9.8067E+02 -2.1922E+03
0001820   7.5710E+03  1.1293E+03 -1.3358E+03
0001821   7.7003E+03 -4.0145E+03  2.7616E+03
0001822   7.7701E+03  1.4851E+03 -1.8847E+03
0001823   9.7452E+03  1.4714E+03  1.0092E+03
0001824   9.3474E+03 -2.7838E+03  3.9063E+02
0001825   4.8791E+03  3.1839E+03 -1.6263E+02
0001826   1.1487E+04  8.7069E+02  1.1149E+02
0001827   7.0096E+03 -1.3402E+03 -4.2383E+03
0001828   6.7850E+03  3.7338E+02  3.6041E+03
0001829   7.7579E+03  4.0232E+03  1.6770E+03
0001830   6.8952E+03 -8.1040E+02 -5.8694E+03
0001831   8.7498E+03 -1.2192E+03  2.2604E+03
0001832   7.7719E+03  1.4786E+03  1.7470E+02
0001833   6.1198E+03  2.0904E+02 -6.9238E+02
0001834   6.2721E+03 -4.2338E+03  2.9830E+03
0001835   6.1737E+03  2.4270E+03  9.7156E+02
0001836   7.3768E+03  4.2222E+03  1.3281E+03
0001837   7.1832E+03  5.1869E+02  2.0782E+02
0001838   8.6024E+03  5.3350E+02 -3.2804E+03
0001839   7.4392E+03  2.3133E+03 -9.5514E+02
0001840   8.3560E+03  2.0412E+03  2.9225E+03
0001841   3.7616E+03 -3.9120E+03 -3.7111E+03
0001842   7.8258E+03 -2.2887E+03  4.7599E+02
0001843   7.7245E+03 -8.2131E+02 -3.6326E+03
0001844   6.3194E+03  2.7465E+03  2.3148E+03
0001845   8.8104E+03  1.4143E+02  8.8516E+02
0001846   4.8126E+03 -2.1580E+03  1.6261E+03
0001847   6.5310E+03  3.1598E+03  3.5940E+03
0001848   5.7174E+03  1.9911E+03 -7.4121E+02
0001849   5.4975E+03 -4.6257E+02 -4.3872E+02
0001850   9.2907E+03 -8.5051E+02  8.5399E+01
0001851   2.9695E+03 -3.4429E+02  1.0429E+03
0001852   6.6275E+03 -1.0964E+03  3.4487E+02
0001853   6.2510E+03  1.5548E+03  8.2988E+02
0001854   7.0322E+03  4.8318E+03  1.8079E+03
0001855   7.9884E+03  1.1075E+03  2.0450E+03
0001856   7.5886E+03 -3.3974E+03 -1.1628E+03
0001857   6.4645E+03 -2.4363E+03  2.3316E+03
0001858   7.1805E+03  2.7385E+03 -1.1828E+03
0001859   8.3827E+03 -8.6954E+02  1.8220E+03
0001860   7.3744E+03 -4.1460E+03  1.0854E+03
0001861   8.2598E+03 -1.2850E+03 -1.2168E+03
0001862   9.3259E+03 -2.0587E+03  7.0382E+02
0001863   3.6047E+03  5.4088E+02 -4.5895E+03
0001864   7.7599E+03 -3.2441E+02 -1.7423E+03
0001865   8.5536E+03  1.0491E+01 -3.8893E+02
0001866   7.8645E+03 -1.4076E+03 -2.8389E+02
0001867   2.9365E+03  4.3879E+01 -1.1245E+03
0001868   8.7000E+03  4.4705E+02  9.2985E+02
0001869   6.4996E+03  1.6307E+03 -4.2070E+03
0001870   4.3194E+03  9.7546E+02 -2.0883E+03
0001871   8.5215E+03  2.6889E+02 -1.4139E+03
0001872   6.2755E+03 -8.4421E+02 -2.4319E+03
0001873   5.0640E+03  4.3748E+03 -1.6480E+03
0001874   7.5736E+03  8.0237E+02 -1.1961E+03
0001875   7.5403E+03 -3.7365E+03 -2.2055E+03
0001876   5.0920E+03  1.1663E+03  5.1953E+01
0001877   6.9840E+03 -4.8572E+03 -7.1767E+02
0001878   7.9116E+03  2.7640E+03  1.7695E+03
0001879   5.7242E+03  9.6612E+02  3.3765E+03
0001880   2.8871E+03 -7.6920E+01  1.6959E+03
0001881   6.6209E+03  4.7979E+03 -1.7076E+02
0001882   8.3574E+03  2.7804E+03 -1.2443E+02
0001883   8.1748E+03 -2.6410E+03  2.6038E+03
0001884   5.4963E+03 -2.2370E+03  2.1796E+03
0001885   9.4658E+03 -9.3075E+02  1.5714E+03
0001886   8.8921E+03  1.3700E+01  1.3515E+03
0001887   7.5981E+03 -2.7152E+03 -2.3664E+03
0001888   7.4176E+03  2.1187E+03 -4.0408E+03
0001889   4.3051E+03 -1.7696E+03 -6.5138E+02
0001890   5.6138E+03 -3.3639E+03 -2.0251E+03
0001891   8.6565E+03 -2.6934E+02  1.1679E+03
0001892   6.7471E+03  7.3721E+02  2.8986E+03
0001893   7.1287E+03 -2.1346E+03 -6.3850E+02
0001894   8.4371E+03 -6.4619E+02  1.9639E+03
0001895   7.3244E+03 -8.7198E+02  2.0010E+03
0001896   7.6027E+03 -1.8685E+03  1.9141E+03
0001897   8.3230E+03  2.8905E+03  1.1465E+03
0001898   9.4086E+03  9.9091E+02  2.1158E+03
0001899   8.2700E+03  1.0859E+03 -3.2632E+02
0001900   3.4555E+03 -6.1246E+02 -6.7848E+03
0001901   9.3652E+03 -5.5394E+02 -3.8957E+03
0001902   6.8369E+03  3.3752E+03  6.0331E+02
0001903   9.0002E+03 -1.6722E+02  1.1016E+03
0001904   4.9997E+03 -4.2315E+03 -1.4632E+03
0001905   9.1590E+02 -3.7219E+03 -2.1413E+03
0001906   6.8757E+03  2.1456E+03 -1.2257E+03
0001907   8.1697E+03 -3.9871E+03  2.9499E+02
0001908   6.8139E+03  6.0827E+02 -7.9349E+02
0001909   7.8563E+03  6.2617E+03 -9.0551E+02
0001910   3.7413E+03  6.0625E+02 -5.6844E+03
0001911   6.0477E+03 -1.4828E+03 -6.9445E+02
0001912   6.9919E+03 -2.5847E+03  1.2023E+03
0001913   7.1493E+03  5.6741E+03  8.1627E+02
0001914   4.7507E+03 -1.7686E+03  3.4836E+03
0001915   8.2249E+03  1.4440E+03  6.8834E+02
0001916   5.1875E+03 -5.5960E+03 -3.5943E+02
0001917   9.7300E+03 -9.8901E+01 -1.1157E+02
0001918   5.6909E+03 -1.0502E+03  4.5009E+03
0001919   6.5031E+03 -7.6064E+02  4.0450E+01
0001920   7.5268E+03  1.4504E+02 -4.2349E+03
0001921   4.7492E+03  2.7337E+03 -3.1576E+03
0001922   9.1616E+03 -3.3845E+02  1.9820E+03
0001923   4.4922E+03 -2.7781E+03 -1.9958E+03
0001924   5.7406E+03  1.7509E+03  6.6979E+02
0001925   1.0327E+04  1.4606E+02 -1.0017E+03
0001926   5.6880E+03 -7.1902E+02  1.4195E+02
0001927   6.2766E+03  2.0840E+03  1.2954E+03
0001928   7.7987E+03 -1.3913E+03  3.3368E+03
0001929   8.8448E+03 -2.7642E+03  1.4395E+03
0001930   8.2512E+03 -2.7205E+03 -1.7815E+03
0001931   5.4660E+03 -3.5088E+03  4.2175E+03
0001932   6.6175E+03  2.3595E+03 -8.3169E+02
0001933   9.1063E+03 -6.9991E+02 -7.6767E+02
0001934   6.1984E+03 -2.7523E+03 -2.8522E+03
0001935   5.1984E+03 -1.3885E+03  1.3349E+03
0001936   6.2173E+03  2.2329E+03  4.5236E+03
0001937   6.4733E+03  3.2877E+02  3.9101E+03
0001938   4.7033E+03  2.9326E+03  1.3528E+03
0001939   7.6593E+03  7.3668E+02 -1.6935E+02
0001940   3.2368E+03 -5.6567E+03  2.7701E+03
0001941   8.1879E+03  1.9595E+03  4.1596E+03
0001942   7.8078E+03 -1.4686E+02 -2.1999E+03
0001943   3.1052E+03  2.9185E+03  1.7804E+03
0001944   9.4291E+03 -3.3942E+03 -2.5145E+03
0001945   8.1031E+03 -1.8495E+03  2.6119E+03
0001946   6.2159E+03  1.6134E+03  1.4221E+03
0001947   6.7004E+03  1.6547E+03 -1.1424E+03
0001948   9.1321E+03  3.5041E+03  2.4149E+03
0001949   8.3272E+03 -1.6114E+03  2.4697E+03
0001950   4.6184E+03 -2.3393E+01  1.9045E+03
0001951   1.0025E+04 -1.3383E+03 -5.3083E+02
0001952   9.2070E+03  8.0067E+02  1.3666E+03
0001953   8.0719E+03 -6.4960E+01 -2.6411E+02
0001954   9.4042E+03 -3.2313E+02 -2.1356E+03
0001955   6.7543E+03 -1.1635E+03  1.7836E+03
0001956   9.0039E+03  4.7169E+03  1.9691E+02
0001957   9.0617E+03 -9.6551E+02 -2.9066E+01
0001958   7.8189E+03  2.0809E+03  3.6959E+03
0001959   7.7131E+03 -4.3752E+03  1.4764E+03
0001960   6.4108E+03 -3.9709E+02  2.3663E+03
0001961   9.3715E+03  2.5934E+03  1.3934E+03
0001962   4.9169E+03 -2.7765E+03  3.1724E+03
0001963   7.4928E+03  2.7133E+03 -6.5325E+02
0001964   9.4654E+03  1.9261E+02  2.1617E+03
0001965   9.5790E+03 -3.2659E+03  3.8253E+02
0001966   8.1983E+03 -6.6253E+02 -1.2609E+03
0001967   6.6087E+03 -2.9212E+03 -5.0389E+03
0001968   7.9440E+03  1.7485E+02  3.7706E+03
0001969   8.0996E+03  1.9288E+03 -6.4547E+02
0001970   4.3535E+03  1.8757E+02  6.9290E+02
0001971   9.1011E+03 -3.4063E+03  1.5987E+03
0001972   4.3600E+03 -4.1670E+03 -1.6574E+03
0001973   1.0157E+04 -1.6415E+03  4.3123E+02
0001974   5.2200E+03  2.9590E+03 -5.2881E+03
0001975   9.1519E+03  4.0560E+03 -9.6635E+02
0001976   4.1702E+03  2.6607E+03 -3.9449E+02
0001977   6.2784E+03  1.6850E+03 -7.2776E+02
0001978   5.8644E+03 -1.2976E+03 -1.8146E+03
0001979   3.5156E+03 -1.4142E+03 -1.9884E+03
0001980   5.8648E+03  2.8985E+03 -8.2240E+02
0001981   8.6173E+03 -5.1262E+02  2.2626E+03
0001982   8.0364E+03  2.3335E+03 -1.0698E+03
0001983   3.5962E+03  2.1754E+02  3.0165E+02
0001984   7.6011E+03  1.5294E+03  2.8443E+03
0001985   6.6953E+03 -1.6809E+03  8.9372E+02
0001986   8.5647E+03 -3.3312E+03  3.2333E+03
0001987   7.6525E+03  3.7266E+03 -8.0999E+02
0001988   7.9142E+03  4.6861E+02  1.5723E+03
0001989   8.2140E+03 -8.1212E+02 -2.8493E+02
0001990   6.5782E+03  3.9140E+03 -4.7343E+02
0001991   7.6395E+03 -1.8615E+03  1.3110E+03
0001992   7.1399E+03 -4.7369E+02 -1.8514E+02
0001993   8.6043E+03  1.4091E+03 -2.7251E+02
0001994   7.7136E+03  2.1584E+03 -3.2263E+03
0001995   9.7337E+03  3.2129E+03  1.0663E+03
0001996   8.1919E+03  3.2249E+03 -6.5628E+02
0001997   8.7445E+03  9.7373E+02 -6.1833E+02
0001998   8.9528E+03 -1.9522E+03  1.7904E+03
0001999   8.5533E+03  6.2499E+02 -6.9742E+01
0002000   1.0733E+04  5.7215E+02 -1.0793E+03
0002001   5.2097E+03 -3.3116E+03  4.7520E+03
0002002   3.8856E+03 -1.1172E+03 -2.1969E+03
0002003   8.6903E+03  1.0605E+03  1.4389E+03
0002004   4.2019E+03  1.7834E+03  8.0576E+02
0002005   8.0321E+03  4.4518E+03  2.0274E+03
0002006   9.4967E+03 -4.0310E+02  4.1119E+02
0002007   6.9163E+03 -2.8095E+02 -7.9359E+02
0002008   6.2322E+03  2.7648E+03  5.3464E+02
0002009   7.1600E+03 -8.1370E+02  2.2056E+01
0002010   8.0388E+03  1.6929E+03 -8.8920E+02
0002011   6.9868E+03  2.8239E+03  4.9290E+03
0002012   8.8239E+03  2.1923E+03  1.8923E+02
0002013   9.0416E+03  6.1316E+02  1.2114E+03
0002014   7.3461E+03  5.3958E+03  8.9815E+02
0002015   1.0394E+04  2.7570E+02 -8.4774E+02
0002016   8.2998E+03 -1.1728E+03  8.6053E+02
0002017   6.4733E+03 -3.8003E+03  3.1288E+02
0002018   8.5267E+03 -2.1183E+02  1.8695E+03
0002019   5.7743E+03  2.8180E+03 -2.7271E+03
0002020   6.7400E+03 -1.3139E+03  1.8409E+03
0002021   7.4415E+03 -2.9021E+00  4.0048E+03
0002022   8.5057E+03  1.1025E+03  8.9709E+02
0002023   6.4190E+03  1.3222E+03 -1.1504E+03
0002024   6.5040E+03 -2.8410E+03  5.3262E+03
0002025   7.1167E+03  5.5498E+03 -1.8837E+03
0002026   5.7548E+03  1.2115E+02  2.3712E+02
0002027   8.1904E+03 -5.8301E+02  8.2742E+02
0002028   5.3664E+03  5.8374E+03 -2.0049E+03
0002029   6.5867E+03  1.0883E+03  3.5098E+03
0002030   3.0710E+03 -2.5309E+02  1.8950E+03
0002031   6.6290E+03  8.6913E+02 -6.5594E+03
0002032   6.8948E+03  1.4165E+02  1.4655E+03
0002033   7.5440E+03 -1.2108E+02  3.9635E+02
0002034   3.8929E+03  4.2559E+02 -1.1434E+03
0002035   5.5656E+03 -1.8324E+03 -1.4097E+03
0002036   8.3799E+03 -8.6750E+02  2.9340E+03
0002037   6.9770E+03  1.8318E+03 -3.2622E+03
0002038   9.4479E+03 -3.9550E+01  5.8029E+02
0002039   9.3199E+03  1.7784E+03 -2.6446E+03
0002040   5.3698E+03 -8.6834E+02  1.8168E+03
0002041   4.5871E+03  2.8016E+03  1.3571E+03
0002042   2.8081E+03 -1.2785E+02 -2.0572E+03
0002043   1.0516E+04  3.1271E+02 -1.2374E+03
0002044   7.4968E+03 -2.1982E+02 -1.9623E+03
0002045   5.7123E+03  2.0238E+03  1.8734E+03
0002046   9.9069E+03 -2.9333E+02 -6.4306E+02
0002047   9.8364E+03  9.5401E+02 -1.9196E+02
0002048   2.4770E+03  1.3877E+03  3.7691E+02
0002049   9.8487E+03  8.6053E+02 -1.6105E+03
0002050   8.5211E+03 -1.4368E+03 -2.8873E+03
0002051   6.4821E+03 -1.1047E+03 -1.4964E+03
0002052   6.7690E+03  4.3416E+03  2.5604E+03
0002053   9.3483E+03 -1.2341E+03 -1.4899E+03
0002054   7.0953E+03  1.8196E+03  3.5157E+03
0002055   4.7746E+03  2.6557E+03 -7.1411E+02
0002056   4.0258E+03 -1.1264E+03 -4.0645E+03
0002057   4.2798E+03  1.7853E+03  5.7234E+02
0002058   6.5512E+03 -1.4541E+02  1.0721E+03
0002059   7.0604E+03  7.8554E+02 -2.6621E+03
0002060   6.0618E+03 -3.6702E+03  1.4768E+03
0002061   4.5408E+03 -2.1796E+02 -3.2606E+02
0002062   9.4435E+03 -1.1207E+03 -8.0217E+02
0002063   7.7086E+03 -3.0941E+03 -2.1391E+03
0002064   7.3001E+03 -4.0997E+03  7.2160E+02
0002065   8.0442E+03  8.1140E+02 -3.0020E+02
0002066   9.2273E+03 -1.2376E+00 -1.1796E+01
0002067   9.6742E+03 -8.6138E+02  1.2115E+03
0002068   8.7328E+03  2.4187E+03 -2.2377E+02
0002069   3.8962E+03 -4.7127E+02 -5.6179E+01
0002070   7.3102E+03 -2.3053E+02 -1.9152E+03
0002071   4.8972E+03 -2.5837E+03  3.2724E+03
0002072   5.1968E+03  9.1877E+02  7.6547E+02
0002073   9.0243E+03  1.3575E+03 -2.4733E+03
0002074   3.0484E+03 -1.5431E+03 -3.1491E+03
0002075   7.1396E+03  2.2042E+03  4.8397E+03
0002076   7.1150E+03 -8.3360E+02  5.6713E+02
0002077   6.6703E+03 -8.3059E+02  1.8510E+03
0002078   6.2423E+03  4.4234E+01  4.4426E+03
0002079   9.6738E+03 -2.3354E+03  7.4690E+02
0002080   4.7719E+03  2.0967E+03  1.5796E+03
0002081   6.7866E+03  4.7513E+03 -2.1611E+02
0002082   4.6832E+03  1.2039E+03 -1.7249E+03
0002083   7.9043E+03 -8.2868E+01  1.4048E+03
0002084   6.4566E+03 -3.0968E+03 -5.6029E+02
0002085   5.6876E+03 -3.2773E+03  2.1003E+03
0002086   5.9768E+03  4.2742E+03 -3.7782E+03
0002087   6.0065E+03 -5.5747E+02  4.8731E+02
0002088   7.0717E+03  2.9539E+03  2.0517E+02
0002089   6.4643E+03 -1.9832E+03  1.0371E+03
0002090   7.0597E+03  3.1836E+03 -4.4509E+03
0002091   3.5145E+03 -6.0789E+03 -2.1698E+03
0002092   8.0153E+03 -3.8768E+02  3.1503E+03
0002093   9.1272E+03 -2.5010E+03 -7.3460E+02
0002094   9.7660E+03 -1.7848E+03  1.0312E+03
0002095   4.8096E+03 -4.8763E+02  2.0969E+03
0002096   7.9610E+03  4.8455E+03 -2.8575E+02
0002097   8.8164E+03  1.7948E+03 -3.1160E+03
0002098   7.3928E+03 -3.5244E+03  6.6449E+01
0002099   5.1972E+03 -3.6626E+03  2.2885E+03
0002100   4.6652E+03  5.9727E+02 -3.5326E+03
0002101   9.3853E+03  2.4675E+03 -4.4210E+02
0002102   3.0772E+03 -2.8375E+03  3.4139E+03
0002103   3.6904E+03  2.9120E+02 -3.4603E+03
0002104   3.4627E+02  5.5065E+02  2.3838E+03
0002105   6.3319E+03 -3.5037E+02 -3.2390E+03
0002106   5.3201E+03 -3.3424E+03  3.7188E+03
0002107   3.3244E+03 -2.9699E+03 -9.1612E+02
0002108   7.1134E+03  3.4648E+02 -2.8517E+03
0002109   7.1877E+03  8.7523E+02 -5.7497E+02
0002110   4.7007E+03 -4.0454E+03 -5.2193E+02
0002111   8.4114E+03  2.0125E+03  4.5688E+02
0002112   9.4953E+02  1.8562E+02 -6.5208E+02
0002113   9.0359E+03  2.4359E+03  5.2138E+02
0002114   5.1762E+03 -4.1697E+03 -1.1900E+03
0002115   8.0924E+03  3.1766E-01 -1.7129E+03
0002116   3.8589E+03 -3.8787E+03 -1.0949E+03
0002117   9.6805E+03  4.6467E+02  2.6738E+03
0002118   8.2528E+03 -4.3032E+03 -1.0616E+03
0002119   9.6441E+03  1.6692E+03  2.1165E+03
0002120   9.2356E+03 -1.2167E+03 -4.3075E+02
0002121   9.4082E+03  2.7384E+01  8.6393E+02
0002122   7.1295E+03  9.9905E+02  1.0852E+03
0002123   3.7353E+03 -5.6291E+03 -1.9683E+03
0002124   9.3227E+03 -4.8987E+02 -1.2623E+03
0002125   4.4610E+03 -5.0528E+03  3.4295E+03
0002126   7.6103E+03  2.2523E+03  1.3135E+03
0002127   5.2320E+03  4.2109E+03 -2.6450E+03
0002128   7.3544E+03  1.0631E+03  2.4104E+03
0002129   9.8446E+03  3.4864E+03  7.9871E+02
0002130   4.5686E+03 -3.9109E+03  1.7314E+03
0002131   8.7602E+03  1.2434E+03 -1.3887E+03
0002132   5.6383E+03 -6.1542E+02 -4.3329E+02
0002133   7.1080E+03 -3.0272E+02  4.9035E+02
0002134   8.3007E+03 -3.1056E+02 -1.8417E+03
0002135   7.2044E+03 -1.6203E+03  2.3062E+03
0002136   4.8246E+03  5.8737E+02  8.1938E+02
0002137   8.7892E+03 -5.1107E+02 -8.3685E+02
0002138   9.5227E+03 -1.7719E+03  8.6333E+02
0002139   6.1489E+03 -1.6694E+03  4.9327E+02
0002140   6.9857E+02  5.4618E+02  2.1861E+03
0002141   7.8958E+03  1.2081E+03  1.7964E+03
0002142   8.9655E+03 -1.2520E+03  2.4501E+03
0002143   7.1224E+03  3.6009E+03  1.5535E+03
0002144   9.4541E+03  3.4618E+02  5.5001E+02
0002145   9.0708E+03 -8.6287E+02  1.0488E+03
0002146   8.9680E+03  1.0442E+03 -7.5550E+02
0002147   8.2330E+03 -1.4713E+03  1.3743E+03
0002148   4.1641E+03  1.0088E+03 -2.9633E+03
0002149   1.0604E+04  1.0071E+03  3.1869E+02
0002150   8.6845E+03  1.0773E+03  1.6764E+02
0002151   9.2328E+03  1.3756E+03  5.5353E+02
0002152   4.1318E+03 -1.6544E+03 -1.7923E+03
0002153   5.4878E+03  1.4615E+03 -1.7031E+03
0002154   3.9477E+03 -7.5636E+02  3.0243E+03
0002155   8.5905E+03  9.6667E+02 -3.0378E+03
0002156   7.5471E+03 -9.7523E+02  5.6089E+02
0002157   6.6583E+03 -3.4105E+03  5.1106E+03
0002158   8.0647E+03  2.4067E+03 -3.7652E+02
0002159   3.7045E+03  3.8506E+03 -5.3192E+03
0002160   7.6446E+03  1.1774E+02 -7.5030E+02
0002161   6.3753E+03  4.0350E+03  2.5064E+00
0002162   9.4360E+03 -1.7347E+03  3.1998E+03
0002163   9.9953E+03  2.2300E+02  3.1450E+02
0002164   6.2118E+03 -2.3937E+03  2.1334E+03
0002165   4.8621E+03  8.3459E+02  1.1584E+03
0002166   1.0185E+04  1.4554E+03  1.3098E+02
0002167   5.2165E+03 -1.1492E+03 -2.5835E+03
0002168   9.7017E+03  1.5922E+03 -2.4166E+03
0002169   3.7634E+03 -2.7316E+03 -2.1940E+03
0002170   7.9701E+03  4.5584E+02 -2.3199E+03
0002171   1.0033E+04  2.4827E+03 -7.2696E+02
0002172   9.4156E+03 -1.6113E+02  1.2414E+03
0002173   7.4712E+03 -5.9337E+02 -1.3713E+03
0002174   6.5182E+03 -1.0922E+03 -1.0153E+03
0002175   7.3797E+03  4.6048E+02  4.8839E+02
0002176   7.7321E+03 -2.0859E+03 -1.1387E+03
0002177   9.6398E+03 -6.8745E+01  2.0659E+03
0002178   8.1065E+03  2.1166E+03  2.0224E+03
0002179   5.5573E+03 -1.8357E+03  1.5306E+03
0002180   5.0201E+03  2.9921E+03 -4.4893E+03
0002181   6.1199E+03  2.7248E+03 -4.4452E+03
0002182   8.9864E+03  1.4823E+03  4.1244E+03
0002183   6.7440E+03 -3.9125E+02 -4.3918E+02
0002184   8.0871E+03 -2.1443E+03 -2.2981E+03
0002185   7.0630E+03 -4.1867E+03  2.9809E+03
0002186   5.0455E+03 -5.2331E+02  3.7823E+02
0002187   6.7679E+03 -1.5324E+03  1.0429E+02
0002188   5.1543E+03 -3.7116E+02 -3.5450E+03
0002189   6.6595E+03  5.8414E+03  2.5027E+03
0002190   1.0696E+04 -2.4032E+03 -8.6950E+02
0002191   3.3219E+03  2.1400E+03 -1.9074E+03
0002192   3.4587E+03  3.0398E+03 -1.1987E+03
0002193   1.0410E+04  1.4191E+03  2.9857E+02
0002194   7.1811E+03 -1.5127E+03 -1.8545E+03
0002195   5.8971E+03  2.3293E+03  2.6328E+03
0002196   7.8072E+03  1.0550E+03  1.9466E+03
0002197   5.3489E+03  3.6990E+03  3.3676E+02
0002198   7.8768E+03  1.3563E+03  4.3669E+03
0002199   6.5795E+03  2.4661E+02  2.5141E+03
0002200   9.1801E+03 -9.3436E+02 -1.7432E+03
0002201   8.2947E+03 -2.4140E+03  1.9039E+03
0002202   8.4142E+03 -3.1885E+03 -2.3477E+03
0002203   3.2435E+03 -7.3056E+02  4.5133E+03
0002204   8.5420E+03  1.9581E+03  1.3651E+03
0002205   8.9373E+03  4.5491E+02  5.2603E+02
0002206   8.1738E+03 -6.5878E+02 -4.3631E+03
0002207   8.6697E+03  3.3682E+03 -6.1259E+02
0002208   4.8304E+03 -4.8395E+03  1.8221E+02
0002209   6.6888E+03  1.0642E+03  4.3048E+03
0002210   8.3155E+03 -1.3939E+03 -1.5776E+03
0002211   7.9739E+03 -1.8735E+03 -1.1908E+03
0002212   1.0048E+04 -2.0428E+03  8.5240E+02
0002213   5.7934E+03  2.3882E+03  4.6294E+02
0002214   4.2335E+03 -1.0352E+03  1.7614E+03
0002215   9.2791E+03  2.7517E+03  5.8839E+02
0002216   6.2445E+03  1.7180E+03  2.3479E+03
0002217   8.8172E+03  2.0016E+02 -2.0984E+03
0002218   7.2527E+03  7.0034E+02  2.0085E+03
0002219   5.5160E+03 -7.8653E+02  4.6985E+03
0002220   1.7483E+02 -2.9040E+03 -1.4186E+03
0002221   6.4623E+03 -9.4715E+02  4.2426E+03
0002222   9.2521E+03  1.8209E+03 -1.2035E+03
0002223   1.0053E+04 -1.2796E+03  4.2540E+03
0002224   2.1880E+03 -2.9773E+03  2.2224E+03
0002225   6.0718E+03  1.9980E+03  4.2634E+03
0002226   7.2427E+03 -4.9351E+03 -1.6846E+03
0002227   7.9259E+03  9.2750E+02  6.8351E+02
0002228   8.0197E+03  8.1118E+02  2.4819E+03
0002229   8.0432E+03  3.1521E+02 -2.5419E+03
0002230   8.9711E+03 -3.7770E+03 -3.1175E+03
0002231   1.3483E+03 -3.7395E+03  1.7520E+03
0002232   6.8623E+03 -2.9062E+03 -4.2356E+03
0002233   4.7321E+03 -1.1378E+03  1.1814E+03
0002234   8.7898E+03 -2.8056E+03 -2.4504E+02
0002235   7.0466E+03 -1.0295E+03  6.3874E+03
0002236   5.3049E+03  2.5827E+03 -1.2282E+03
0002237   7.3420E+03 -4.7940E+03 -4.7978E+02
0002238   3.5564E+03  2.1179E+03 -1.2092E+03
0002239   6.6733E+03 -2.4364E+03  1.2215E+03
0002240   6.1761E+03  6.3107E+03 -3.9082E+02
0002241   8.0317E+03 -1.7999E+03  1.3116E+03
0002242   7.2630E+03  5.0516E+02  6.3860E+02
0002243   9.5536E+03 -1.5854E+03  1.6104E+03
0002244   6.5895E+03 -2.7547E+03 -6.9643E+02
0002245   6.5613E+03  2.1969E+03 -6.8281E+02
0002246   6.9911E+03  1.0263E+03  3.7847E+03
0002247   6.8868E+03  1.2513E+03 -3.2560E+03
0002248   7.5150E+03 -1.0757E+01 -3.1926E+03
0002249   6.8423E+03 -1.8931E+03 -1.7130E+03
0002250   8.1042E+03  4.4657E+02 -8.6114E+01
0002251   6.1819E+03 -3.3454E+02 -2.8177E+03
0002252   6.3168E+03 -2.5265E+03 -8.4638E+01
0002253   6.5308E+03 -1.8765E+03  7.5521E-01
0002254   8.2869E+03 -2.2711E+03  5.1456E+02
0002255   1.9704E+03  8.8136E+02 -4.7784E+02
0002256   8.0855E+03 -2.8153E+03  2.8445E+03
0002257   6.5372E+03 -3.2535E+02 -4.1064E+02
0002258   1.6312E+03 -8.7195E+02  2.4699E+03
0002259   7.2025E+03 -3.5787E+03 -2.9893E+03
0002260   7.0988E+03 -1.7953E+03  2.5262E+03
0002261   5.3358E+03 -3.8099E+03 -2.6785E+03
0002262   5.7939E+03  1.0358E+03 -3.4539E+03
0002263   4.5574E+03 -4.5570E+03  3.2694E+03
0002264   7.4744E+03 -5.8995E+01 -3.8889E+03
0002265   6.1833E+03 -1.2189E+03  4.4301E+03
0002266   5.5615E+03  5.4027E+03  1.9961E+03
0002267   6.9237E+03 -7.7185E+02  2.1171E+03
0002268   7.8890E+03  1.9467E+02 -1.9806E+03
0002269   8.5384E+03  3.2321E+03  2.0784E+03
0002270   4.5556E+03  1.7062E+03  9.4696E+02
0002271   9.2236E+03 -2.1411E+02 -5.3760E+02
0002272   7.6834E+03 -4.0344E+03  7.1293E+02
0002273   9.0872E+02 -9.8960E+02 -3.5898E+02
0002274   6.0632E+03  8.2547E+02 -2.0510E+03
0002275   6.7994E+03  2.0871E+03  2.5920E+03
0002276   1.0859E+04  4.5226E+02  1.5756E+03
0002277   7.4425E+03  4.8709E+03 -4.2839E+02
0002278   8.7968E+03 -1.6657E+02 -6.3648E+02
0002279   3.9298E+03 -3.4969E+03 -2.9926E+03
0002280   9.2204E+03 -1.0709E+03 -7.4502E+02
0002281   7.9831E+03  9.9762E+02  7.2636E+01
0002282   7.6234E+03 -2.0656E+02 -2.7145E+03
0002283   7.4334E+03 -6.0698E+02 -6.1225E+02
0002284   8.5992E+03  2.7848E+03 -3.9273E+02
0002285   8.4770E+03  2.6254E+03 -2.6411E+02
0002286   3.4459E+03  4.8996E+03 -3.9830E+03
0002287   7.0828E+03  1.2793E+03  2.3994E+03
0002288   5.6080E+03  7.6936E+02 -5.1444E+02
0002289   7.0353E+03 -4.4863E+02 -6.2349E+03
0002290   6.2402E+03  8.8250E+02  2.1467E+02
0002291   8.3742E+03 -2.2660E+02  1.2441E+03
0002292   9.4786E+03 -1.5568E+03 -1.1190E+03
0002293   7.5375E+03  1.4922E+03  1.0264E+03
0002294   8.0339E+03 -2.0060E+03  4.3725E+03
0002295   8.0810E+03 -8.7749E+02  3.2482E+03
0002296   6.3084E+03 -2.3582E+03  1.2982E+03
0002297   1.7209E+03  2.3072E+03 -2.9608E+02
0002298   5.8606E+03  1.0107E+03  5.4508E+02
0002299   4.9467E+03 -7.2469E+02 -3.8884E+03
0002300   6.9271E+03  2.1474E+03 -2.0665E+03
0002301   7.7039E+03 -2.3050E+03 -6.0258E+02
0002302   5.8273E+03 -3.8037E+03 -1.9786E+03
0002303   5.7859E+03 -2.0470E+02  2.2053E+03
0002304   7.5991E+03  1.7050E+03 -2.5223E+03
0002305   9.2503E+03  2.5093E+03  3.4917E+03
0002306   8.3061E+03 -1.7958E+03 -1.4952E+03
0002307   5.8897E+03  2.7529E+03 -1.1352E+03
0002308   6.1769E+03  1.8495E+03 -2.3779E+03
0002309   4.6789E+03 -3.3626E+03 -1.9338E+03
0002310   6.2066E+03 -2.1240E+03 -2.2017E+03
0002311   1.7474E+03  1.4981E+03  5.9204E+02
0002312   5.9333E+03 -1.0799E+03  4.6214E+02
0002313   8.5447E+03  2.4782E+03  1.1429E+03
0002314   7.1277E+03 -2.0207E+03 -1.5385E+03
0002315   6.3817E+03 -9.7750E+02 -7.5984E+02
0002316   9.7903E+03  6.7101E+02 -1.6210E+03
0002317   7.1277E+03 -1.7085E+03  5.4656E+03
0002318   1.0561E+04 -5.0493E+02 -1.0957E+02
0002319   8.1299E+03  1.1275E+03  2.7713E+02
0002320   6.0130E+03  2.1083E+03  1.5860E+03
0002321   8.6874E+03 -8.2193E+02 -2.5058E+03
0002322   8.0912E+03  1.5849E+02 -1.0938E+03
0002323   1.9783E+03 -2.7052E+03  1.9847E+03
0002324   7.5424E+03 -8.1664E+01 -1.2992E+03
0002325   6.1637E+03  7.4469E+02 -1.8580E+03
0002326   4.5303E+03 -3.3461E+03  2.2065E+03
0002327   8.1690E+03  1.8663E+03  2.0530E+03
0002328   8.0725E+03  1.2138E+02  1.7391E+03
0002329   8.0688E+03 -1.9030E+03 -3.7954E+03
0002330   8.4239E+03  1.3403E+03 -8.6623E+02
0002331   5.0400E+03  2.0262E+03 -1.8505E+03
0002332   8.2922E+03 -2.8110E+03 -4.1473E+02
0002333   8.1891E+03 -2.7293E+03  2.7095E+03
0002334   7.3181E+03  1.3173E+03 -3.2433E+03
0002335   9.0306E+03  3.8244E+02 -2.3171E+03
0002336   4.5847E+03  1.5859E+03 -3.5446E+02
0002337   5.1918E+03  1.0562E+03 -3.3001E+03
0002338   8.3991E+03 -2.2493E+03 -3.3348E+03
0002339   7.6581E+03 -1.3890E+03 -2.0202E+03
0002340   7.2166E+03  9.1400E+02  8.4884E+02
0002341   9.3964E+03  2.5386E+03  3.0597E+03
0002342   8.2381E+03  4.0348E+03 -1.2971E+03
0002343   6.4307E+03 -2.2685E+03  7.1559E+02
0002344   1.0103E+04 -1.3307E+03 -3.0215E+03
0002345   7.3791E+03 -4.8641E+01  1.0130E+03
0002346   8.9172E+03 -2.5174E+03  1.2590E+03
0002347   8.6670E+03 -2.0857E+03 -6.1515E+02
0002348   5.3736E+03 -1.1221E+03  2.6791E+02
0002349   7.2877E+03  2.9383E+03 -1.7551E+03
0002350   7.2483E+03  1.4190E+03  2.0426E+03
0002351   8.6995E+03 -1.3808E+03 -5.7562E+01
0002352   7.9955E+03  9.3673E+02  1.7130E+03
0002353   5.4647E+03 -1.4091E+03 -1.4676E+03
0002354   7.5076E+03 -8.8686E+01  2.6860E+03
0002355   9.8677E+03 -7.9659E+01 -4.0104E+02
0002356   8.6525E+03 -1.3441E+03  8.4874E+01
0002357   9.7451E+03 -7.7490E+02 -1.0823E+03
0002358   9.3815E+03 -3.0199E+03  1.8524E+03
0002359   9.1750E+02  2.3828E+02 -5.0861E+02
0002360   4.5073E+03 -6.1638E+02 -1.1001E+03
0002361   6.4121E+03  3.0141E+03  4.9437E+03
0002362   5.4773E+03 -3.0159E+02  6.3387E+03
0002363   8.6061E+03 -2.0238E+03 -9.0936E+02
0002364   7.7794E+03 -1.4479E+02 -4.0626E+02
0002365   8.3224E+03  1.3506E+03  1.0427E+03
0002366   8.1041E+03  2.7771E+03  2.6306E+02
0002367   8.9940E+03  3.2054E+02  6.7696E+02
0002368   7.1327E+03 -1.2533E+03 -3.7089E+03
0002369   7.4798E+03 -2.1564E+03  1.4566E+03
0002370   8.6669E+03 -3.0624E+03  4.7180E+01
0002371   3.9100E+03  2.7230E+03  1.0330E+03
0002372   7.2548E+03 -6.0528E+02 -1.5411E+03
0002373   6.7239E+03 -9.6867E+02  3.2711E+03
0002374   4.6836E+03  9.3601E+02 -1.9470E+03
0002375   8.1839E+03 -4.6112E+02  1.4149E+02
0002376   8.5647E+03 -3.7298E+02 -1.0046E+03
0002377   8.5066E+03  3.1933E+03  2.8598E+03
0002378   6.5637E+03  2.7516E+02 -5.2388E+03
0002379   8.1929E+03 -3.4520E+03  9.4598E+02
0002380   7.9017E+03  2.7587E+03  1.5190E+03
0002381   3.2986E+03  1.3569E+03  6.2233E+01
0002382   7.9422E+03  1.8260E+03  9.1138E+02
0002383   5.6982E+03 -2.5704E+03 -4.6301E+03
0002384   6.9345E+03  7.4066E+02 -4.7026E+03
0002385   7.4672E+03 -3.7286E+03  2.9837E+03
0002386   6.8451E+03  3.5098E+01  3.2278E+03
0002387   9.0285E+03 -9.5279E+02 -3.1872E+03
0002388   9.6278E+03 -5.8683E+02  2.1411E+03
0002389   7.1204E+03 -2.0049E+03  2.0675E+03
0002390   5.4622E+03 -4.1460E+03  4.6280E+03
0002391   3.9611E+03  1.4285E+03 -3.2363E+03
0002392   6.5566E+03  7.6572E+02 -2.5152E+03
0002393   7.8344E+03 -3.9120E+03  2.9358E+01
0002394   6.4937E+03 -1.2855E+03  9.8337E+02
0002395   7.6696E+03 -4.6750E+03 -2.6849E+03
0002396   3.9619E+03  2.2946E+03 -1.6472E+03
0002397   6.0856E+03  4.4908E+01  4.2137E+02
0002398   8.0786E+03  2.1113E+03  2.7205E+03
0002399   8.3299E+03  4.6694E+02  5.4118E+02
0002400   8.9596E+03 -1.2340E+03 -1.7372E+03
0002401   7.1033E+03  6.9641E+02 -1.4110E+03
0002402   8.3341E+03  2.3634E+03 -2.3859E+03
0002403   4.9446E+03  1.9140E+03 -4.3705E+03
0002404   6.2808E+03 -1.5798E+03 -4.0234E+03
0002405   4.9270E+03 -1.7669E+03  3.5228E+03
0002406   6.9728E+03  3.4618E+03  2.6654E+03
0002407   6.9056E+03  2.8352E+03 -4.4139E+03
0002408   7.6620E+03  1.4965E+02  3.4732E+03
0002409   5.4233E+03 -4.9181E+03  3.0601E+03
0002410   8.9115E+03 -1.3134E+03 -5.7011E+02
0002411   6.8348E+03  2.6857E+03 -7.9006E+00
0002412   7.9619E+03 -2.4086E+02 -3.3200E+03
0002413   2.1468E+03  1.0133E+02  3.9743E+02
0002414   1.9850E+03 -1.3699E+03  1.4021E+03
0002415   8.2249E+03 -8.6736E+01  7.9780E+02
0002416   6.2902E+03 -3.6060E+03 -1.0407E+03
0002417   9.2251E+03  8.1613E+02  4.5892E+02
0002418   4.8983E+03 -3.5994E+02  4.7017E+03
0002419   8.9427E+03  1.6193E+03 -3.7611E+03
0002420   8.6059E+03 -5.9706E+02  1.9236E+03
0002421   9.1847E+03  2.0338E+03 -3.0999E+03
0002422   4.3836E+03  4.5205E+02  1.3853E+03
0002423   1.0067E+04 -1.7609E+03 -1.0318E+02
0002424   5.7292E+03  1.8370E+03 -1.7062E+03
0002425   6.9080E+03 -2.9353E+02  2.5389E+03
0002426   1.0199E+04  1.8921E+03  2.0884E+02
0002427   2.5130E+03  4.9207E+03 -2.4784E+03
0002428   8.5552E+03 -2.7334E+03 -9.8002E+02
0002429   4.2558E+03  1.9818E+02 -5.4182E+02
0002430   4.9541E+03  8.8754E+02 -2.4730E+03
0002431   6.0117E+03  1.8695E+03  2.1821E+03
0002432   8.1611E+03 -5.3845E+02  3.2482E+03
0002433   8.9601E+03 -8.5379E+02 -1.8614E+03
0002434   6.8456E+03  4.6212E+03  4.9923E+02
0002435   7.1134E+03 -3.9215E+01 -2.3623E+03
0002436   5.4198E+03  5.2018E+03  6.8647E+02
0002437   6.0551E+03 -9.9770E+02 -1.1398E+03
0002438   8.7379E+03  5.0312E+02 -5.7186E+02
0002439   7.3208E+03 -8.1661E+02  2.4578E+03
0002440   6.4386E+03 -2.4278E+03  1.6725E+03
0002441   7.1027E+03 -9.1567E+02 -3.3739E+03
0002442   8.0551E+03  1.0258E+03 -2.2464E+03
0002443   5.3526E+03 -7.8542E+02  3.7101E+02
0002444   3.4531E+03 -9.0097E+02  9.9503E+02
0002445   5.7455E+03 -2.7033E+02 -3.1928E+02
0002446   8.0858E+03 -4.0232E+02 -1.7398E+03
0002447   8.1845E+03  1.8370E+03  1.1537E+03
0002448   6.9782E+03  9.7683E+02  2.4421E+03
0002449   5.7021E+03 -5.1597E+03 -1.0039E+03
0002450   9.0644E+03 -9.9885E+02 -3.0413E+02
0002451   8.5153E+03 -2.0196E+03 -1.0273E+03
0002452   7.9824E+03  1.2533E+03  3.8435E+02
0002453   6.9969E+03  6.0372E+02  1.2954E+03
0002454   5.6127E+03 -3.1502E+02 -2.4125E+03
0002455   6.6960E+03 -1.3863E+02 -5.6855E+02
0002456   6.1414E+03 -3.0434E+03  1.1949E+03
0002457   9.4248E+03 -9.1374E+02 -7.4310E+01
0002458   6.0709E+03 -5.3794E+02 -6.6147E+02
0002459   6.0089E+03 -4.3377E+02  3.0830E+02
0002460   5.7258E+03 -7.1574E+02 -1.7023E+03
0002461   6.9598E+03  1.1869E+03  2.1801E+03
0002462   8.8191E+03  9.8157E+02  2.4961E+03
0002463   5.5816E+03  9.4440E+02  3.9966E+02
0002464   4.5184E+02  9.5409E+02 -7.5438E+01
0002465   3.3773E+03  1.0364E+03 -3.6279E+03
0002466   8.0785E+03  7.3331E+02  2.1035E+03
0002467   3.9731E+03  1.4858E+03  1.4968E+03
0002468   9.8761E+03  2.1214E+03  7.2856E+02
0002469   7.7768E+03 -7.5856E+02 -3.9993E+02
0002470   2.4378E+03  4.0176E+02  2.5986E+03
0002471   8.3834E+03 -1.1383E+03 -2.8946E+03
0002472   7.6906E+03  1.9362E+03  1.2041E+03
0002473   6.6805E+03  6.3922E+02 -8.5463E+02
0002474   8.8005E+03  1.1016E+03  2.9379E+03
0002475   6.9426E+03  3.3742E+03  8.6817E+02
0002476   5.9369E+03  5.0170E+02 -1.8697E+03
0002477   8.5014E+03  8.2328E+02  1.3345E+01
0002478   5.9725E+03 -1.5992E+03 -1.2246E+02
0002479   8.3279E+03 -3.5811E+01  3.6395E+03
0002480   9.6601E+03  1.8680E+03  1.2339E+03
0002481   7.5351E+03  1.6603E+03 -2.3661E+02
0002482   7.5986E+03  1.1754E+03 -3.0841E+03
0002483   6.5809E+03 -4.3937E+03  4.9911E+02
0002484   5.5021E+03 -2.1820E+03  3.6646E+03
0002485   8.0009E+03 -1.4906E+03  1.5314E+03
0002486   7.9629E+03  1.2749E+03  2.1913E+03
0002487   7.9373E+03 -8.4388E+02  1.4048E+03
0002488   6.2292E+03  1.3705E+03 -3.4413E+03
0002489   5.8306E+03  4.7008E+02 -8.1355E+03
0002490   8.9971E+03  9.4794E+02 -1.0483E+03
0002491   9.3461E+03  2.3981E+03  1.0912E+03
0002492   5.7918E+03 -1.8119E+03  1.9028E+03
0002493   9.8692E+03  2.1540E+03 -1.9772E+03
0002494   7.6259E+03 -2.8184E+02  1.0031E+03
0002495   8.6373E+03 -2.6985E+02 -3.7762E+03
0002496   6.8661E+03  1.3475E+03  4.1981E+03
0002497   8.9035E+03  9.4638E+02 -3.7687E+02
0002498   7.7608E+03 -9.7126E+02 -3.6228E+03
0002499   8.1027E+03 -1.1715E+03  1.0335E+03
0002500   2.3269E+03 -1.0290E+03  3.3057E+03
0002501   9.2015E+03 -2.1395E+03  1.4588E+02
0002502   6.4451E+03  2.7358E+03  1.1116E+03
0002503   7.3533E+03 -3.6685E+02  1.3715E+03
0002504   3.6706E+03  3.7675E+03  9.0761E+02
0002505   8.3850E+03 -3.5763E+03  1.3764E+03
0002506   4.7906E+03  9.2294E+02  4.1459E+03
0002507   7.1730E+03 -8.4817E+02 -6.2114E+02
0002508   7.9762E+03 -1.6364E+02  1.1870E+03
0002509   8.7993E+03 -6.4045E+02  3.4217E+02
0002510   7.1879E+03 -6.6053E+02  2.2361E+03
0002511   8.2616E+03  8.5498E+02 -3.0172E+02
0002512   6.7990E+03 -2.5150E+03  1.8958E+03
0002513   4.7150E+03  2.6360E+02 -4.0015E+03
0002514   9.0378E+03 -8.3680E+02 -2.6934E+03
0002515   8.0480E+03 -5.0655E+03  2.8761E+03
0002516   7.4032E+03  2.4757E+03 -1.3999E+03
0002517   3.7491E+03  2.4318E+03  4.7865E+03
0002518   1.0482E+04 -8.7865E+02  1.4496E+03
0002519   6.7435E+03  1.4425E+03  2.6477E+03
0002520   1.0200E+04 -3.4783E+02 -1.2009E+02
0002521   6.9935E+03 -7.8249E+02  4.1517E+03
0002522   4.0758E+03  1.7124E+03  1.2473E+02
0002523   9.2287E+03 -3.7587E+03 -1.8616E+03
0002524   9.3996E+03 -5.7909E+01  1.0123E+02
0002525   8.1975E+03 -7.6167E+02 -2.6080E+03
0002526   7.9678E+03  1.8043E+03  2.6834E+03
0002527   7.3819E+03 -2.6715E+03 -9.8530E+02
0002528   5.4263E+03  2.4020E+03  1.2404E+03
0002529   4.9601E+03 -1.2100E+03  2.7996E+02
0002530   9.6252E+03 -9.1849E+02  1.4610E+03
0002531   3.5554E+03 -3.0656E+02 -1.4733E+03
0002532   9.0029E+03 -2.3244E+03 -2.5252E+03
0002533   3.9862E+03 -1.4441E+03 -1.9492E+03
0002534   1.5854E+03 -2.3622E+02  9.4429E+02
0002535   8.5668E+03 -1.1930E+03 -7.5411E+02
0002536   7.2934E+03  9.5549E+02  2.9002E+03
0002537   5.6564E+03 -5.7251E+03 -3.5639E+02
0002538   7.3551E+03 -1.6464E+02  4.8375E+02
0002539   8.4142E+03  2.2727E+03  3.0951E+03
0002540   6.0739E+03 -4.1703E+02  1.9183E+03
0002541   9.6120E+03 -1.0354E+03  1.3408E+02
0002542   4.9777E+03  2.8991E+03  1.2188E+03
0002543   7.8491E+03 -4.4945E+03  1.4690E+03
0002544   7.5843E+03  1.5374E+03 -2.8748E+03
0002545   9.1442E+03 -4.1880E+02 -1.5503E+03
0002546   4.6095E+03  3.3040E+03  2.1300E+03
0002547   8.2355E+03  3.3407E+03 -1.8566E+03
0002548   8.5665E+03 -4.3344E+02 -7.3337E+02
0002549   6.1353E+03  1.8447E+03 -1.8483E+03
0002550   3.6539E+03  1.3173E+03 -2.0553E+03
0002551   6.0101E+03  1.9479E+03 -1.6364E+03
0002552   8.4728E+03  4.3754E+03 -4.9292E+03
0002553   9.2088E+03 -1.6955E+02  8.8285E+02
0002554   1.0357E+04 -2.9591E+03  1.1359E+03
0002555   9.5525E+03 -9.5115E+02  5.1075E+03
0002556   9.0091E+03 -2.3655E+03  1.0925E+03
0002557   2.1942E+03 -7.0384E+02  1.3354E+03
0002558   1.0756E+04  9.0095E+02 -5.5669E+02
0002559   8.4663E+03  4.0397E+03  3.0651E+01
0002560   5.4693E+03 -1.1543E+03  3.3716E+03
0002561   6.8222E+03  1.2637E+03  1.4930E+03
0002562   8.2980E+03 -6.2929E+02 -1.6693E+03
0002563   8.2515E+03  1.3997E+03  5.7608E+02
0002564   7.9836E+03  1.4933E+03  1.5332E+03
0002565   6.4031E+03  5.1485E+02 -9.8360E+02
0002566   7.3297E+03 -1.6724E+03 -8.3312E+02
0002567   9.2219E+03  1.0305E+02 -3.9315E+03
0002568   6.2102E+03  4.7037E+03  5.2969E+02
0002569   7.4370E+03 -1.1581E+03 -9.0851E+01
0002570   5.6571E+03 -1.8533E+03 -1.9297E+03
0002571   7.8972E+03  3.6890E+03  5.9803E+02
0002572   5.9582E+03 -1.4879E+02  2.6661E+02
0002573   8.6622E+03  1.4218E+03 -1.6893E+03
0002574   4.8613E+03 -1.3573E+03 -2.5248E+03
0002575   7.5034E+03  1.8714E+01  2.2464E+03
0002576   7.1836E+03 -2.0024E+03 -7.8917E+02
0002577   5.4725E+03  1.9301E+03 -2.4745E+03
0002578   6.2205E+03 -2.3788E+03  4.0271E+03
0002579   4.8975E+03 -1.4451E+03  5.5053E+02
0002580   8.2214E+03  2.6058E+03 -2.5992E+02
0002581   8.0513E+03  3.3357E+02 -1.1159E+02
0002582   3.5550E+03 -3.1859E+03  2.2244E+03
0002583   8.6636E+03 -7.2301E+02 -2.1616E+03
0002584   1.0990E+04 -3.2541E+03  1.6330E+03
0002585   5.2536E+03 -2.2611E+03  2.5287E+03
0002586   5.0382E+03  1.6422E+03 -3.6290E+03
0002587   2.0993E+03 -8.5579E+02  4.0094E+02
0002588   6.1384E+03 -1.5956E+03 -5.9796E+02
0002589   7.2741E+03  9.5871E+02  4.1762E+02
0002590   5.9289E+03 -8.3337E+02  6.2146E+03
0002591   7.4552E+03  1.1557E+03  1.3687E+03
0002592   3.5638E+03  2.1493E+03 -5.6105E+02
0002593   7.5340E+03  1.9698E+03  2.1261E+03
0002594   3.2333E+03  1.8422E+03  1.5193E+03
0002595   7.6759E+03  2.8175E+03 -7.3405E+02
0002596   5.1025E+03 -3.6570E+03 -4.1227E+03
0002597   9.3457E+03  7.4555E+02 -2.0725E+03
0002598   5.2057E+03  1.9527E+03  2.1173E+02
0002599   6.1185E+03  3.9882E+03  5.6486E+02
0002600   7.4075E+03 -1.3040E+03 -1.0045E+01
0002601   7.2374E+03 -2.8393E+03 -3.3695E+03
0002602   6.8371E+03  1.0051E+03  3.4674E+03
0002603   6.9946E+03  4.7904E+02  6.8637E+02
0002604   6.6414E+03 -3.2191E+03 -4.0403E+03
0002605   7.3909E+03  3.1078E+02  3.3622E+02
0002606   3.3417E+03  5.6377E+02  2.0833E+02
0002607   7.3687E+03 -3.2846E+03  1.0004E+03
0002608   8.6450E+03  3.6981E+03  1.5029E+01
0002609   7.4347E+03  1.0705E+03  2.2951E+03
0002610   6.5008E+03 -1.5840E+03  5.1840E+03
0002611   9.2928E+03 -1.5104E+03 -3.4035E+03
0002612   7.0497E+03 -4.0096E+02  2.8816E+03
0002613   7.2269E+03 -1.9249E+03  3.5805E+03
0002614   5.9746E+03 -1.4470E+03 -2.2083E+03
0002615   9.1502E+03  2.1712E+03  4.6511E+02
0002616   5.7980E+03 -5.0530E+02  2.3843E+03
0002617   3.7789E+03 -3.7024E+02 -9.8527E+02
0002618   8.0537E+03  1.9559E+03 -2.5800E+03
0002619   9.8051E+03  1.0387E+03  1.9523E+02
0002620   2.9132E+03  2.7625E+03 -2.2821E+03
0002621   8.0496E+03  1.9150E+03  1.4386E+03
0002622   6.8704E+03 -5.6938E+03  1.3220E+03
0002623   4.8209E+03  1.5993E+03 -1.2583E+03
0002624   7.5361E+03 -8.5387E+01  8.7508E+02
0002625   8.4331E+03 -2.9672E+03  2.2065E+03
0002626   8.0574E+03  1.6306E+03  3.6869E+03
0002627   2.9367E+03  2.9164E+03 -6.3736E+02
0002628   1.0932E+04 -1.0409E+03  3.4615E+02
0002629   8.2332E+03  1.2947E+03  2.7570E+03
0002630   5.2783E+03 -3.3366E+03  2.5762E+02
0002631   7.0555E+03  2.9910E+03  1.2474E+03
0002632   9.3357E+03  4.5303E+03  1.3994E+03
0002633   6.1935E+03  1.8655E+03 -5.4500E+03
0002634   8.4804E+03 -1.9743E+03 -1.1186E+02
0002635   8.0602E+03  6.0587E+02 -1.6577E+02
0002636   7.3953E+03 -2.3956E+03  1.5518E+03
0002637   3.0364E+03 -5.1653E+03 -2.3469E+03
0002638   6.1325E+03 -1.8913E+03 -2.4561E+03
0002639   8.5747E+03  1.9836E+01 -2.2917E+02
0002640   9.1426E+03 -1.1884E+03  5.2517E+03
0002641   7.1125E+03 -3.2023E+03  2.1043E+03
0002642   3.1589E+03  2.1030E+03  2.1271E+03
0002643   6.8886E+03 -1.2393E+03  3.2835E+03
0002644   5.8819E+03  5.3117E+02 -2.5309E+03
0002645   2.4465E+03 -1.6416E+03  1.0247E+03
0002646   5.6412E+03  5.1548E+03 -1.5455E+02
0002647   7.1038E+03 -2.4235E+02 -2.0027E+03
0002648   1.0167E+04  7.6956E+02 -2.6818E+03
0002649   8.0537E+03 -3.3702E+03  1.0538E+03
0002650   9.3577E+03  1.2520E+03  1.8135E+02
0002651   4.9769E+03 -1.1840E+03 -1.7227E+03
0002652   8.0946E+03  3.7366E+03 -2.9169E+03
0002653   8.5980E+03 -1.1291E+03  2.6309E+03
0002654   8.7804E+03 -2.2737E+02 -1.7898E+03
0002655   2.5460E+03  1.5499E+03 -2.8672E+03
0002656   9.3613E+03  2.9235E+03 -1.3997E+02
0002657   8.2924E+03  3.6829E+03 -1.9285E+00
0002658   8.0317E+03 -3.7555E+03 -4.4387E+03
0002659   1.0930E+04 -1.3230E+02 -1.1557E+03
0002660   5.4215E+03 -4.9113E+02  1.5756E+03
0002661   7.0970E+03 -2.8324E+03  1.8069E+03
0002662   9.0817E+03  1.0271E+03 -1.4435E+03
0002663   8.1357E+03 -9.6810E+01 -1.0610E+03
0002664   8.2712E+03  6.3485E+02 -3.3749E+02
0002665   5.4654E+03 -1.2755E+03 -4.1868E+03
0002666   5.3334E+03 -2.9574E+03 -9.9909E+02
0002667   5.9973E+03 -1.9902E+03  2.9321E+03
0002668   5.8699E+03  3.6155E+02 -8.0475E+02
0002669   9.5862E+03 -5.2489E+02 -1.0224E+03
0002670   4.9041E+03  2.2479E+03  2.0324E+03
0002671   6.8908E+03 -1.7480E+03 -4.3882E+03
0002672   1.0226E+04 -9.1468E+01 -8.5531E+02
0002673   5.4076E+03  4.2979E+03  3.6327E+03
0002674   5.6178E+03  3.3079E+03 -2.0881E+03
0002675   4.6775E+03 -2.3228E+03  5.1319E+03
0002676   6.0021E+03 -3.7465E+03 -4.3351E+03
0002677   7.5266E+03 -1.4792E+03  2.8072E+03
0002678   6.0691E+03 -1.4276E+03 -1.6706E+03
0002679   7.2986E+03 -6.7841E+02 -1.1640E+03
0002680   7.9096E+03 -1.8911E+02  2.5234E+03
0002681   7.5596E+03  2.1244E+03  4.2759E+03
0002682   7.1902E+03  1.9608E+03  2.2572E+03
0002683   9.2877E+03  8.6631E+02 -2.6045E+03
0002684   8.1427E+03  1.6744E+03  8.1346E+02
0002685   8.5478E+03  4.4731E+02 -4.6397E+02
0002686   9.0327E+03 -9.3734E+01 -9.1968E+01
0002687   7.7423E+03 -1.7414E+03  1.9192E+03
0002688   3.1683E+03 -4.6072E+02  1.2326E+03
0002689   8.5980E+03 -8.2457E+02  2.3121E+03
0002690   8.6063E+03 -1.2408E+03  1.3774E+03
0002691   6.8726E+03  3.9093E+03  9.2695E+02
0002692   6.5905E+03  1.3175E+03 -2.1236E+03
0002693   6.8196E+03  2.6521E+02  7.0328E+01
0002694   8.7276E+03  1.8984E+03 -2.7394E+03
0002695   6.9898E+03 -2.6258E+03 -3.1462E+02
0002696   3.5403E+03 -2.4334E+03  3.7112E+03
0002697   8.8190E+03  1.2383E+03  1.8957E+03
0002698   7.6667E+03  1.9501E+03 -3.7199E+02
0002699   6.1575E+03 -7.0278E+02  4.9667E+03
0002700   9.7646E+03  1.2535E+03 -2.2561E+03
0002701   2.1599E+03 -1.8719E+02  1.4212E+02
0002702   7.5601E+03  4.9310E+03 -6.9572E+02
0002703   9.6242E+03  2.6566E+03 -1.6908E+03
0002704   7.9749E+03  7.2150E+02 -1.7923E+03
0002705   4.6473E+03  3.1716E+03 -3.9639E+02
0002706   7.4901E+03  4.1556E+03  1.8250E+03
0002707   7.2063E+03 -2.6734E+03 -7.5204E+02
0002708   8.5806E+03 -3.4506E+03 -1.3901E+03
0002709   3.9554E+03 -1.4063E+02  1.7823E+03
0002710   7.9827E+03  6.8077E+01 -2.9480E+03
0002711   6.2331E+03  3.9968E+03  1.0169E+03
0002712   5.5993E+03  2.8159E+03 -3.9690E+02
0002713   7.3773E+02  1.8667E+03  5.0939E+02
0002714   6.2024E+03  2.0364E+03  1.2038E+03
0002715   7.1329E+03 -5.6637E+02 -1.2214E+02
0002716   7.8052E+03  1.5524E+03 -1.3465E+03
0002717   7.7806E+03  3.0516E+02 -1.2118E+03
0002718   5.5987E+02  2.0480E+03  2.4407E+03
0002719   9.6547E+03 -9.3331E+01 -4.4577E+02
0002720   5.9707E+03  2.4946E+03 -6.2268E+02
0002721   8.5447E+03  2.0446E+03 -3.6635E+01
0002722   3.8666E+03 -4.4001E+03  7.0457E+02
0002723   5.4881E+03  6.9958E+01 -1.1103E+03
0002724   7.9217E+03 -2.9719E+03 -1.8921E+03
0002725   5.0878E+03 -2.7250E+03  2.7123E+03
0002726   7.3137E+03  2.0360E+03 -7.6245E+02
0002727   6.9592E+03 -1.6960E+03 -1.7263E+03
0002728   9.1358E+03  1.8576E+03  1.5913E+03
0002729   9.6902E+03  4.1819E+02 -3.0794E+03
0002730   8.3242E+03 -3.5636E+03 -2.8350E+03
0002731   8.3882E+03  1.2779E+03  2.1150E+02
0002732   7.6470E+03 -1.7579E+03  3.7664E+03
0002733   7.5681E+03  2.2879E+03 -1.0559E+03
0002734   6.9132E+03  1.7542E+03 -1.8288E+02
0002735   3.5216E+03  1.9523E+03 -2.1785E+03
0002736   1.7169E+03 -3.8703E+02 -3.1771E+03
0002737   7.9642E+03  1.6032E+03 -6.6710E+02
0002738   6.9960E+03 -2.3124E+03  2.5406E+03
0002739   6.5980E+03 -2.9802E+03 -1.3651E+03
0002740   9.7111E+03 -8.0620E+02  8.9743E+02
0002741   3.9173E+03  1.1228E+03 -1.6881E+03
0002742   6.8366E+03 -2.3015E+03 -2.1934E+03
0002743   6.9116E+03  1.5239E+02  7.3841E+02
0002744   5.2757E+03 -3.2759E+03  3.5368E+03
0002745   8.8163E+03  1.1628E+03 -9.1063E+01
0002746   7.9412E+03 -1.3966E+03  4.5483E+03
0002747   8.2135E+03  2.3425E+02  2.6582E+03
0002748   5.4152E+03 -1.0357E+03  3.1116E+03
0002749   6.0599E+03 -7.8437E+02  3.5225E+03
0002750   7.8137E+03 -1.0353E+03 -9.9107E+02
0002751   5.3447E+03 -1.2741E+03 -1.1384E+02
0002752   6.9436E+03 -6.3620E+01  7.9633E+02
0002753   7.0141E+03  1.2664E+03 -6.9463E+02
0002754   7.7375E+03  4.8067E+02  6.0438E+02
0002755   5.6994E+03  2.6817E+03 -3.4773E+03
0002756   6.3245E+03  2.8055E+03  3.0607E+03
0002757   7.6568E+03 -1.1979E+03 -1.8612E+02
0002758   8.8591E+03  8.3957E+02 -3.2179E+03
0002759   5.5100E+03  2.5811E+02  2.7142E+03
0002760   7.6478E+03 -1.5507E+03 -9.2509E+02
0002761   5.1402E+03  2.5579E+03  4.0079E+03
0002762   1.0065E+04  3.1726E+02 -2.0713E+03
0002763   6.4370E+03  3.4888E+03 -3.7054E+03
0002764   5.3522E+03 -4.8408E+03  3.6899E+03
0002765   9.5446E+03 -5.8947E+02 -1.6569E+01
0002766   7.5260E+03 -1.1552E+03 -3.4064E+03
0002767   6.7325E+03  3.8400E+02 -7.6918E+02
0002768   7.8931E+03  2.0649E+03  5.3007E+01
0002769   8.0581E+03 -1.1088E+03  3.2056E+03
0002770   7.5314E+03  3.4263E+03  8.6724E+02
0002771   6.0910E+03  1.7496E+03 -2.4014E+03
0002772   4.1935E+03 -1.1680E+02  3.6030E+02
0002773   8.9766E+03  2.4891E+03  1.5325E+03
0002774   2.7928E+03  1.0262E+03  1.2226E+03
0002775   9.9986E+03 -2.4324E+02  3.8293E+02
0002776   6.2766E+03  1.0892E+03 -4.2055E+03
0002777   8.7687E+03  4.6406E+02 -9.8804E+02
0002778   9.9560E+03 -4.7610E+03 -2.7211E+02
0002779   8.2401E+03  3.6351E+03  2.3922E+03
0002780   5.0577E+03  4.7070E+02  2.6877E+03
0002781   4.9577E+03  2.6684E+03  5.2579E+03
0002782   8.5878E+03 -2.2554E+02  2.2515E+03
0002783   7.2608E+03  4.5694E+02  1.1608E+03
0002784   4.1973E+03 -2.4667E+03  7.8584E+02
0002785   3.3380E+03 -1.0037E+02  3.7038E+03
0002786   5.5963E+03  3.3261E+03 -1.3511E+02
0002787   6.2052E+03  1.3165E+03  5.3964E+02
0002788   7.9817E+03  1.3992E+03  9.6147E+02
0002789   4.9690E+03 -2.3148E+03  1.0131E+03
0002790   6.4361E+03 -3.3535E+03 -2.7309E+03
0002791   6.3327E+03  2.0393E+03  3.9613E+03
0002792   7.7191E+03  1.1192E+03 -2.8467E+03
0002793   7.1124E+03  4.9926E+02  3.4694E+03
0002794   6.1575E+03 -3.2459E+03  7.1972E+02
0002795   9.0421E+03  7.4416E+02  1.0641E+03
0002796   7.6051E+03  2.0916E+03 -8.7088E+02
0002797   3.8042E+03  5.1052E+03 -8.7209E+02
0002798   7.8333E+03 -1.3945E+03  3.5559E+02
0002799   6.3963E+03 -3.1286E+03  3.2073E+02
0002800   7.3228E+03 -1.9424E+03 -9.0338E+02
0002801   3.2689E+03 -1.4906E+03  4.5107E+03
0002802   7.0580E+03 -2.2715E+03 -2.2382E+03
0002803   7.4358E+03  2.6337E+02  1.0785E+03
0002804   7.2906E+03 -1.4894E+03  2.8343E+01
0002805   1.6252E+03 -1.1997E+03  3.0475E+03
0002806   6.7031E+03 -2.4416E+03  2.0657E+03
0002807   8.3632E+03 -7.6294E+02 -1.4411E+03
0002808   7.4327E+03  4.2805E+03  1.3883E+03
0002809   8.1852E+03  3.6140E+03  1.8585E+03
0002810   1.0431E+04  1.3660E+03 -1.0624E+03
0002811   7.6828E+03  5.7481E+02 -1.5725E+03
0002812   7.0089E+03  7.7404E+02 -3.5246E+03
0002813   8.0349E+03 -3.0514E+03 -2.4597E+03
0002814   8.7770E+03  7.2906E+01 -1.9475E+03
0002815   6.0604E+03 -7.4571E+02  4.7418E+03
0002816   8.5037E+03 -1.1867E+02 -7.8725E+02
0002817   3.0841E+03  2.6064E+03  2.0007E+02
0002818   8.5638E+03  2.5090E+03 -2.3588E+03
0002819   8.7435E+03  6.9491E+02 -2.5532E+03
0002820   8.1708E+03 -1.3689E+03 -2.5654E+03
0002821   3.5339E+03 -4.0215E+02 -1.0704E+03
0002822   8.0684E+03  6.7015E+02  2.4880E+03
0002823   5.0921E+03 -1.0109E+03  7.8938E+02
0002824   9.0472E+03  4.9305E+02 -7.1609E+02
0002825   5.4481E+03  3.8241E+01 -4.5468E+03
0002826   5.9373E+03 -7.3985E+02  8.2398E+02
0002827   6.6685E+03  1.6973E+03  2.7492E+03
0002828   8.5457E+03 -7.0136E+02 -3.2721E+03
0002829   9.0951E+03 -2.9456E+02  9.0212E+02
0002830   8.2011E+03  2.1422E+02  2.0803E+03
0002831   2.1784E+03 -4.2201E+03 -2.3755E+03
0002832   7.0626E+03  6.1074E+02 -1.1439E+03
0002833   6.4694E+03 -1.8090E+03  2.8526E+03
0002834   5.7171E+03 -1.2798E+03  2.0576E+02
0002835   9.4876E+03 -1.2028E+03  4.2084E+02
0002836   8.9831E+03 -1.4401E+03  5.3077E+02
0002837   4.1492E+03  5.4299E+02 -4.5821E+03
0002838   4.7636E+03 -5.8042E+02 -2.2185E+03
0002839   4.7755E+03  7.4844E+02  1.4222E+03
0002840   7.5766E+03  9.9452E+02 -2.9581E+03
0002841   7.1130E+03  3.7682E+03  1.6679E+03
0002842   5.6467E+03 -1.2889E+02 -5.3391E+01
0002843   5.5405E+03 -5.4897E+02 -1.2810E+03
0002844   4.6618E+03  1.3606E+03  2.9862E+03
0002845   7.2241E+03  2.6138E+03 -4.0028E+03
0002846   2.9206E+03 -1.5522E+03  2.8190E+03
0002847   6.4713E+03 -3.6831E+03  1.4404E+03
0002848   4.7841E+03 -2.2095E+03  3.1231E+03
0002849   8.0860E+03 -1.4988E+03  1.7383E+03
0002850   8.9686E+03  9.2853E+02 -9.7642E+02
0002851   4.4464E+03 -2.3436E+03 -6.6045E+02
0002852   8.6478E+03  7.4617E+02 -4.3378E+03
0002853   9.4798E+03 -6.1889E+02 -1.4126E+02
0002854   7.0503E+03  8.0774E+02 -3.7385E+03
0002855   6.7494E+03 -8.2436E+02  1.4086E+03
0002856   5.9225E+03 -5.4162E+03  1.0002E+03
0002857   3.7043E+03 -1.9341E+02  1.2999E+03
0002858   9.5489E+03 -5.3371E+02  2.3140E+03
0002859   1.0898E+04  6.7911E+02 -1.3114E+03
0002860   9.2340E+03  3.0558E+03 -3.1463E+02
0002861   9.5683E+03 -4.1134E+03  8.6835E+01
0002862   7.1370E+03  3.4810E+03  2.1253E+03
0002863   4.1250E+03  7.2714E+02 -5.3264E+03
0002864   8.3703E+03  1.1552E+02 -4.1804E+03
0002865   7.1717E+03  3.9830E+03  7.4051E+02
0002866   8.5523E+03  2.3842E+03 -2.7005E+03
0002867   5.9378E+03 -2.1710E+03 -2.8567E+03
0002868   6.5151E+03  2.1222E+03 -1.4314E+03
0002869   7.9024E+03  3.6747E+02  1.4168E+02
0002870   6.7816E+03  3.8664E+03 -1.3159E+03
0002871   5.9380E+03  1.2212E+03 -3.3739E+02
0002872   2.1125E+03 -6.0268E+03 -1.5744E+02
0002873   6.2840E+03  1.2027E+02  2.0678E+03
0002874   8.0117E+03 -3.2712E+03  1.8401E+02
0002875   5.9070E+03  4.0535E+02 -2.4239E+03
0002876   4.2457E+03  5.5448E+03  1.0211E+03
0002877   6.4239E+03  4.9941E+02  3.8100E+03
0002878   7.7662E+03 -1.0572E+03 -1.9377E+02
0002879   7.2135E+03  1.4964E+02 -1.7362E+03
0002880   7.3273E+03  1.5795E+03 -2.7272E+03
0002881   6.7594E+03 -3.2261E+03  3.5276E+03
0002882   8.9299E+03  2.2181E+03  1.2717E+03
0002883   4.5693E+03 -1.7601E+03 -1.0299E+03
0002884   6.4713E+03 -2.1397E+03  4.0850E+03
0002885   9.4206E+03 -2.6214E+02 -6.7502E+02
0002886   8.5216E+03  4.0868E+02 -1.2676E+03
0002887   9.8664E+02  1.4976E+03 -7.4661E+02
0002888   4.2566E+03  3.3243E+02 -4.8567E+03
0002889   8.0674E+03 -2.1711E+03  1.0065E+03
0002890   8.2512E+03  3.0762E+03 -2.3684E+03
0002891   8.2466E+03  3.7073E+02 -4.3464E+03
0002892   6.0359E+03 -5.0910E+03 -1.0862E+03
0002893   6.0801E+03  2.1308E+03 -5.6445E+02
0002894   6.9718E+03  3.6715E+03 -1.0471E+03
0002895   9.2971E+03 -9.7682E+02  4.5679E+03
0002896   6.3251E+03  1.8050E+03 -3.4915E+03
0002897   6.3491E+03 -1.8925E+03  2.6324E+03
0002898   8.6337E+03 -1.1514E+03 -3.1847E+03
0002899   6.6606E+03  6.6756E+03 -2.3132E+03
0002900   1.0407E+04  2.2105E+03  6.9718E+02
0002901   8.3728E+03 -1.9052E+03  3.7136E+03
0002902   7.6208E+03  1.0841E+03 -2.2435E+03
0002903   3.4208E+03 -3.7757E+03 -5.3249E+02
0002904   5.5849E+03 -1.9341E+03 -5.3792E+02
0002905   8.0156E+03  3.1761E+03 -3.9584E+02
0002906   7.0104E+03  1.4031E+03 -1.9510E+03
0002907   3.7849E+03  1.4488E+03  1.4164E+03
0002908   8.1516E+03 -2.2724E+03  2.9708E+02
0002909   9.3264E+03 -1.4697E+03 -2.2615E+03
0002910   1.0352E+03  8.1949E+02  1.2430E+03
0002911   6.1645E+03  9.0610E+02  3.0422E+03
0002912   6.4834E+03  1.1402E+03  2.9657E+03
0002913   8.6376E+03 -1.6781E+03 -5.5367E+02
0002914   7.1730E+03  2.1645E+02  4.2181E+03
0002915   5.9922E+03 -1.3620E+03 -1.0431E+03
0002916   9.8307E+03 -7.4479E+02 -1.5282E+03
0002917   9.1515E+03  2.3446E+03  1.6085E+02
0002918   7.3346E+03  7.1161E+01 -3.1465E+03
0002919   8.9535E+03 -1.7654E+03 -2.8408E+03
0002920   5.9013E+03  2.5149E+03  2.4946E+03
0002921   2.1475E+03  1.5427E+03  5.0768E+02
0002922   9.1875E+03  1.7235E+03  1.1719E+03
0002923   8.6711E+03 -1.3586E+02  2.1223E+03
0002924   4.8455E+03  8.4992E+02 -5.2375E+03
0002925   5.1905E+03 -2.6834E+03 -1.4035E+03
0002926   8.3250E+03  2.7977E+03 -1.0390E+03
0002927   9.0479E+03 -7.9895E+02  2.3829E+03
0002928   7.9324E+03 -2.9125E+03 -3.2987E+03
0002929   7.1577E+03  6.6638E+02 -2.4071E+03
0002930   5.9122E+03 -1.5137E+03 -1.2438E+03
0002931   6.0178E+03  2.0631E+03 -4.7287E+03
0002932   5.4345E+03  1.5763E+03  9.6955E+02
0002933   9.1348E+03  1.9289E+03 -6.1704E+02
0002934   6.8226E+03  2.7694E+02  4.4008E+03
0002935   6.6473E+03 -5.5301E+03 -5.3347E+02
0002936   7.3584E+03  1.4129E+03  2.5241E+03
0002937   5.7887E+03  9.8500E+02  3.1299E+02
0002938   4.2048E+03  3.5248E+03 -1.7017E+03
0002939   5.4067E+03  2.0205E+03 -1.7258E+03
0002940   6.6649E+03  1.0923E+03 -2.1868E+03
0002941   6.7941E+03 -9.0156E+02  2.0209E+02
0002942   9.4030E+03 -2.1257E+03 -1.0563E+03
0002943   9.5579E+03 -6.6733E+02  1.4560E+01
0002944   7.1559E+03  3.7620E+03  3.8164E+03
0002945   4.5003E+03  1.7724E+03  3.5782E+02
0002946   8.1568E+03 -1.5614E+01 -3.7336E+02
0002947   9.0703E+03 -2.5062E+02 -2.7433E+03
0002948   7.3617E+03 -2.2303E+03  1.9061E+03
0002949   8.6204E+03 -2.3607E+03 -1.8997E+03
0002950   7.2788E+03  5.1558E+03 -2.7359E+03
0002951   5.0264E+03 -3.3984E+03  3.3745E+03
0002952   4.0953E+03 -2.0978E+03 -8.4730E+02
0002953   4.9819E+03  1.3956E+03 -1.7452E+02
0002954   9.4733E+03 -3.0411E+03 -5.9970E+02
0002955   7.7811E+03  1.8726E+03 -1.1192E+02
0002956   9.2008E+03 -1.7333E+02 -2.1055E+03
0002957   4.1921E+03  3.2490E+03 -1.0702E+03
0002958   9.4086E+03  1.4428E+03  1.1254E+03
0002959   5.6329E+03  2.3646E+03 -1.2675E+03
0002960   8.8629E+03 -3.1651E+02 -1.3059E+03
0002961   7.7710E+03 -1.1206E+03 -3.8630E+03
0002962   8.7350E+03  4.3028E+02  2.7521E+03
0002963   6.0711E+03 -6.7386E+02 -5.1856E+01
0002964   8.6766E+03 -2.5529E+03  6.2000E+01
0002965   1.0090E+04 -2.1623E+03 -1.1272E+03
0002966   1.5815E+03 -2.0199E+03 -4.7907E+03
0002967   7.2448E+03 -2.7881E+03  1.0238E+03
0002968   7.8547E+03  9.4217E+02  2.0164E+03
0002969   8.9194E+03  4.4949E+03 -1.5981E+03
0002970   6.6845E+03 -4.4355E+03  1.2218E+03
0002971   1.0104E+04  1.7470E+03  8.6701E+02
0002972   6.3386E+03 -1.2623E+03 -3.4030E+03
0002973   1.0338E+04  3.4931E+03  4.5552E+02
0002974   7.3424E+03 -2.6496E+03 -7.8334E+01
0002975   8.8321E+03  1.2921E+03 -4.0910E+03
0002976   5.8869E+03 -1.1263E+03  1.6178E+03
0002977   7.8948E+03  1.0359E+03  2.3025E+03
0002978   5.7978E+03  5.7810E+01  3.0482E+03
0002979   9.1099E+03 -4.8195E+02 -1.6453E+03
0002980   5.7291E+03 -1.1364E+03 -4.4141E+03
0002981   1.8910E+03  1.4763E+03  1.3793E+03
0002982   9.5553E+03  3.1097E+03  2.2408E+03
0002983   3.3823E+03  3.4752E+03  1.5422E+03
0002984   9.6995E+03 -1.4811E+02  1.8068E+03
0002985   9.5262E+03  7.8323E+02 -2.5929E+03
0002986   2.3727E+03  1.6609E+03  2.6160E+03
0002987   6.2619E+03 -3.4922E+03  3.7990E+03
0002988   9.0353E+03 -3.7111E+03  3.3925E+03
0002989   8.1264E+03 -1.8421E+03 -5.7193E+03
0002990   6.7981E+03  4.0938E+03  3.3513E+03
0002991   5.6448E+03  2.5890E+03 -3.7155E+02
0002992   5.3061E+03  3.2210E+03  6.2099E+02
0002993   3.1511E+03 -2.9770E+03 -9.1368E+02
0002994   6.7315E+03  2.5523E+03  6.2306E+02
0002995   7.6804E+03 -2.8442E+03 -2.2704E+03
0002996   8.8942E+03  1.5088E+03  9.1464E+02
0002997   9.1602E+03 -2.1132E+03  1.8288E+03
0002998   8.0552E+03  1.1364E+03  3.0399E+03
0002999   8.3035E+03 -9.4097E+02 -4.7194E+03
0003000   6.9577E+03  6.2192E+03 -4.9281E+02
0003001   8.1841E+03  6.2180E+01  2.4162E+03
0003002   5.1386E+03  3.6012E+02  2.2377E+03
0003003   6.6292E+03  2.3031E+03  9.2829E+02
0003004   7.2045E+03 -3.7323E+03  1.1468E+03
0003005   9.9527E+03  2.4426E+03 -1.8435E+01
0003006   7.5975E+03 -2.0512E+03  1.4581E+03
0003007   7.1923E+02  4.1617E+02  3.7104E+02
0003008   6.6255E+03  2.6228E+03 -3.3702E+03
0003009   4.4923E+03 -6.5621E+02  4.8721E+02
0003010   7.4438E+03 -1.8586E+03 -1.8580E+03
0003011   2.6388E+03 -1.8057E+03 -2.6710E+03
0003012   8.9207E+03 -1.8422E+03 -1.8901E+03
0003013   2.3801E+03  2.6807E+03 -6.8669E+02
0003014   6.4404E+03  1.1832E+03 -3.3007E+03
0003015   5.5440E+03 -3.0041E+03 -3.7112E+03
0003016   7.3602E+03  1.2166E+03 -1.4423E+03
0003017   8.7258E+03 -1.7883E+03  2.2143E+03
0003018   7.8508E+03  1.6785E+03 -1.5502E+03
0003019   6.9509E+03 -2.7663E+03 -1.2241E+03
0003020   3.4682E+03  8.9443E+02 -4.4417E+03
0003021   6.2548E+03 -5.5535E+02  4.0702E+03
0003022   7.4837E+03 -2.1359E+03  2.0326E+03
0003023   9.0621E+03 -1.2265E+03 -1.8548E+03
0003024   8.4325E+03  7.6247E+02  3.4898E+03
0003025   8.3001E+03  1.2446E+03 -1.8012E+02
0003026   8.9621E+03 -3.1810E+03  1.3655E+03
0003027   8.1186E+03 -3.6269E+02 -1.0884E+03
0003028   7.5119E+03 -1.5575E+03  1.3428E+03
0003029   5.5045E+03  4.8257E+02  2.5731E+03
0003030   8.3887E+03 -6.0341E+02  2.2915E+03
0003031   6.3004E+03 -4.0503E+03  1.6323E+03
0003032   1.0014E+04  1.2966E+03  1.5740E+03
0003033   4.4365E+03 -2.0775E+03  1.9351E+03
0003034   8.6537E+03 -5.6258E+02  3.1325E+02
0003035   9.9647E+03  1.9305E+03  1.8422E+03
0003036   7.0297E+03 -8.8055E+02 -3.4290E+03
0003037   8.8065E+03 -1.0831E+03 -1.6268E+02
0003038   8.1745E+03 -1.1253E+03  1.4219E+03
0003039   4.4001E+03  2.7272E+03 -9.5180E+02
0003040   5.7749E+03 -4.0486E+03 -1.1533E+03
0003041   7.7126E+03  2.4512E+03  2.2760E+03
0003042   5.6692E+03 -4.1051E+03 -2.6409E+03
0003043   7.7111E+03  4.4702E+02  3.7717E+02
0003044   8.8199E+03 -1.4546E+03 -2.0384E+03
0003045   7.5776E+03 -9.7782E+02  2.1953E+03
0003046   3.8805E+03  1.9673E+03 -1.4072E+02
0003047   8.6010E+03 -1.7485E+02 -1.7936E+03
0003048   6.5546E+03  6.5662E+02 -2.7783E+03
0003049   8.5478E+03 -1.3723E+03 -7.8172E+02
0003050   6.0120E+03  3.2469E+03  2.5911E+03
0003051   6.3644E+03  4.2110E+03 -3.3394E+02
0003052   5.4274E+03 -1.1655E+03 -2.5167E+03
0003053   7.0817E+02  1.0094E+02  4.6701E+03
0003054   7.6638E+03  6.0633E+03  1.9525E+03
0003055   8.6441E+03 -1.5792E+02 -3.6915E+03
0003056   6.4728E+03 -2.0476E+03  1.0254E+03
0003057   7.7792E+03 -6.5921E+02 -3.9262E+03
0003058   2.9931E+03 -2.9833E+03  3.1611E+03
0003059   8.3657E+03 -2.4057E+03  2.7083E+00
0003060   8.7390E+03  8.7540E+01  3.2942E+02
0003061   7.4676E+03  1.6248E+03 -3.4341E+03
0003062   9.6519E+03  1.3115E+03  2.0513E+03
0003063   6.8547E+03 -2.0359E+03  1.9394E+03
0003064   8.1753E+02 -3.1998E+02 -5.1767E+03
0003065   7.3805E+03 -9.2274E+02 -1.8208E+03
0003066   8.5287E+03  2.4968E+03  1.1875E+03
0003067   6.5882E+03  1.6137E+03  2.4664E+03
0003068   5.5007E+03 -2.3541E+03  5.1466E+03
0003069   6.9128E+03  9.1786E+01 -3.5679E+02
0003070   7.9952E+03  2.7826E+03 -3.2595E+03
0003071   5.2933E+03 -5.4840E+03  3.0767E+03
0003072   7.9148E+03 -1.5405E+03  1.7242E+03
0003073   7.9555E+03  1.1352E+03  2.0611E+02
0003074   6.9922E+03  1.9867E+03 -3.0028E+03
0003075   6.6659E+03  1.5646E+03  8.1110E+02
0003076   8.9200E+03  6.1978E+02 -3.3607E+03
0003077   8.0652E+03  1.2283E+03 -1.7802E+03
0003078   3.0264E+03  1.1202E+03 -6.5130E+01
0003079   8.5750E+03 -1.9358E+03 -1.0006E+03
0003080   9.9110E+03 -6.6816E+02  3.8990E+02
0003081   7.7094E+03  3.1262E+03  2.8577E+03
0003082   4.8383E+03  7.0946E+03 -1.9515E+01
0003083   5.6673E+03 -1.5419E+03 -4.9434E+03
0003084   4.6065E+03  2.2400E+03  2.3990E+02
0003085   6.4923E+03  8.6128E+02  1.8693E+03
0003086   7.1748E+03  2.0062E+03  5.8978E+02
0003087   8.3612E+03  2.3943E+03  1.4616E+03
0003088   5.9654E+03 -1.0205E+02 -7.5772E+02
0003089   6.8209E+03 -6.3135E+03 -4.8868E+02
0003090   7.3503E+03 -5.4311E+02  3.4192E+03
0003091   5.7864E+03  3.2087E+03  1.6492E+03
0003092   8.4057E+03  3.5471E+03  2.7687E+02
0003093   8.4787E+03 -1.6136E+03  1.0580E+02
0003094   6.3137E+03  4.9751E+02  1.3201E+03
0003095   6.3932E+03 -1.1150E+03 -2.3123E+02
0003096   9.0580E+03 -6.5838E+02  9.9755E+02
0003097   7.3805E+03  9.6322E+02  2.2852E+03
0003098   7.9254E+03 -2.7097E+03 -2.6090E+03
0003099   5.2578E+03 -4.0697E+03  1.9834E+03
0003100   5.8248E+03 -1.1155E+03  1.8642E+03
0003101   8.5490E+03 -2.1897E+03 -3.0179E+03
0003102   6.5317E+03  1.2286E+03 -1.3645E+03
0003103   8.7297E+03  2.5436E+03 -6.2915E+02
0003104   4.5270E+03  1.5708E+03 -1.9254E+03
0003105   9.7532E+03 -1.2543E+03  1.3621E+03
0003106   7.3576E+03 -1.2097E+02 -1.1941E+03
0003107   7.4724E+03  1.0542E+02  1.4494E+03
0003108   7.3514E+03  1.0968E+03 -2.2153E+03
0003109   9.9587E+03  5.3914E+02  4.6151E+02
0003110   9.3081E+03  1.2327E+03  6.2786E+02
0003111   2.3550E+03 -2.6552E+03  5.1428E+02
0003112   8.7494E+03 -8.9935E+02  1.0967E+03
0003113   9.9549E+03  2.4869E+02  2.4035E+03
0003114   5.3243E+03  2.4897E+03  2.8878E+03
0003115   3.8145E+03  4.5436E+03  6.0882E+02
0003116   7.5736E+03  1.5218E+03 -1.0190E+03
0003117   5.7724E+03 -1.2719E+03 -1.4445E+03
0003118   7.0552E+03 -2.9862E+03  1.4830E+03
0003119   8.6356E+03  1.6741E+02 -4.2015E+03
0003120   6.9888E+03  9.4393E+02  1.7175E+03
0003121   9.5722E+03 -3.9731E+02  7.7156E+02
0003122   6.5928E+03  2.5128E+03  2.3337E+03
0003123   8.1018E+03  4.8081E+02  1.3765E+03
0003124   5.2633E+03 -3.1150E+03 -1.0062E+03
0003125   7.9826E+03 -3.4635E+03 -4.6572E+03
0003126   7.7910E+03 -8.5632E+02  2.8199E+03
0003127   9.2478E+03  3.8686E+03 -8.4489E+02
0003128   8.7012E+03  5.8799E+02  1.3159E+03
0003129   4.3044E+03  2.6394E+02 -2.0085E+03
0003130   6.2505E+03  6.5159E+02 -1.5589E+02
0003131   4.6508E+03  2.6289E+03  1.4792E+03
0003132   8.1767E+03  2.0868E+03 -3.6975E+03
0003133   8.3470E+03  1.1171E+03 -1.6892E+03
0003134   6.9769E+03  1.4683E+03 -1.0659E+03
0003135   6.1853E+03 -1.2079E+03  3.7131E+03
0003136   6.5640E+03 -2.2915E+03  2.4286E+03
0003137   8.5180E+03  4.9042E+03 -1.9973E+03
0003138   6.9021E+03 -1.2983E+03 -4.2078E+03
0003139   9.6757E+03 -3.1813E+02  2.8825E+03
0003140   8.8004E+03  1.8913E+03  3.0710E+03
0003141   9.6958E+03  6.1532E+02  8.9937E+02
0003142   6.5391E+03 -2.7092E+02  2.3620E+03
0003143   4.2737E+03  4.7152E+03 -2.8991E+03
0003144   9.0102E+03 -1.4926E+02 -1.9113E+02
0003145   3.2788E+03 -1.3538E+03 -5.7062E+02
0003146   3.7649E+03 -3.8850E+03  2.5664E+03
0003147   3.6301E+03 -6.5230E+02  2.2007E+03
0003148   8.3784E+03  3.2842E+03 -1.6551E+03
0003149   7.1357E+03 -5.2254E+03  1.0080E+03
0003150   8.3447E+03  2.7110E+03  2.5502E+02
0003151   8.6199E+03  1.0595E+02  1.4462E+03
0003152   8.1821E+03  5.0792E+02  3.0724E+03
0003153   6.4747E+03 -7.7520E+02 -1.1205E+03
0003154   8.5001E+03  2.2513E+03 -2.1472E+03
0003155   7.3290E+03 -1.4922E+03 -1.5827E+03
0003156   4.2858E+03  9.6762E+02 -6.2589E+02
0003157   6.5868E+03 -3.6499E+03  9.0428E+02
0003158   7.0092E+03  1.4992E+03 -1.1035E+03
0003159   5.9306E+03 -5.0157E+03 -1.1522E+03
0003160   8.6124E+03 -2.4103E+03 -1.0775E+03
0003161   6.6689E+03  4.4871E+02  1.5187E+03
0003162   9.0137E+03 -1.7052E+03 -3.1216E+03
0003163   8.4319E+03 -1.6045E+03  2.0277E+03
0003164   6.3137E+03 -2.8598E+03 -3.1901E+03
0003165   9.5422E+03  2.6474E+03  1.0051E+03
0003166   5.6445E+03  3.5830E+03 -3.0011E+03
0003167   7.0299E+03  2.6439E+03  1.9537E+03
0003168   8.6095E+03  1.0800E+03 -1.0865E+03
0003169   5.5736E+03 -1.4035E+03  7.6263E+02
0003170   6.9491E+03 -1.9477E+03  1.6395E+03
0003171   7.6315E+03  1.3325E+03  2.7913E+02
0003172   8.0618E+03 -3.8108E+03 -1.5720E+03
0003173   1.5960E+03  3.4647E+02  3.5432E+03
0003174   1.0104E+04  1.8908E+03 -1.8284E+03
0003175   7.6149E+03 -3.4346E+02 -2.3954E+03
0003176   7.8458E+03  8.9084E+02 -2.6126E+03
0003177   7.5307E+03  3.1980E+02  4.1621E+03
0003178   7.4739E+03  3.6664E+03  2.3226E+02
0003179   8.2818E+03  1.6753E+03 -6.2248E+03
0003180   3.4325E+03 -4.9379E+03 -1.4240E+03
0003181   9.3686E+03  2.3454E+03 -5.6363E+02
0003182   1.0609E+04 -2.7806E+03 -9.5448E+02
0003183   6.2897E+03  3.3480E+03 -7.0959E+02
0003184   5.1547E+03  1.0440E+03  1.8401E+03
0003185   5.8838E+03 -1.9549E+03  4.4019E+02
0003186   6.6115E+03 -5.3435E+03  4.3327E+02
0003187   9.3386E+03  2.0767E+02  2.4911E+03
0003188   8.5161E+03  1.7771E+03 -2.6368E+03
0003189   6.0583E+03  6.8279E+03 -2.6805E+03
0003190   2.5285E+03  1.5624E+03 -2.6102E+03
0003191   4.1313E+03  6.5237E+02  2.0308E+03
0003192   4.0569E+03 -3.3915E+03 -1.3911E+03
0003193   8.7354E+03  1.8129E+03  5.1707E+02
0003194   7.1815E+03  2.8419E+02 -7.7416E+02
0003196   4.3673E+03 -1.1586E+03  3.3847E+03
0003197   9.9256E+03  4.3418E+03  4.3949E+02
0003198   5.8697E+03 -8.4080E+02  2.0623E+02
0003199   8.5629E+03 -4.8682E+01  1.8688E+03
0003200   7.0249E+03  7.3378E+02 -3.5239E+03
0003201   9.6460E+03  3.7174E+02 -3.0713E+03
0003202   8.9682E+03  4.9522E+02  1.9213E+03
0003203   9.2182E+03 -1.2941E+03  2.6860E+03
0003204   8.3054E+03  6.7052E+02 -2.9784E+03
0003205   7.8299E+03  3.7982E+02 -1.4160E+03
0003206   8.1761E+03 -3.6090E+02  1.5102E+03
0003207   7.8651E+03  8.4953E+02  5.8075E+02
0003208   7.3654E+03  1.9526E+03 -3.8923E+03
0003209   6.3596E+03  1.9493E+03 -2.0607E+03
0003210   6.5492E+03 -1.8634E+03  1.2479E+03
0003211   8.8957E+03 -5.8469E+02 -5.7710E+02
0003212   5.6336E+03 -3.1588E+02 -2.4391E+03
0003213   6.4219E+03  2.9570E+03 -6.1006E+02
0003214   4.0833E+03  8.1992E+02 -3.1206E+03
0003215   7.0927E+03 -6.9940E+02 -6.8295E+02
0003216   1.0161E+04  4.3763E+02  3.6049E+03
0003217   8.4377E+03  1.2142E+03 -1.0394E+03
0003218   6.2692E+03 -4.3771E+02  4.5396E+03
0003219   7.5596E+03  2.5373E+03 -2.9564E+03
0003220   8.6539E+03 -8.8896E+02 -2.0765E+03
0003221   7.4515E+03  1.2363E+03 -4.5020E+03
0003222   6.2859E+03  1.3817E+03 -1.5341E+03
0003223   7.5942E+03  3.5173E+03  1.5016E+03
0003224   7.1529E+03  2.7840E+03  1.8980E+03
0003225   5.8203E+03  2.4250E+03 -1.6087E+03
0003226   5.6942E+03  7.5928E+02  2.5527E+03
0003227   8.5389E+03 -5.2038E+02  3.7495E+03
0003228   9.9328E+03 -1.3602E+03  1.1192E+03
0003229   7.0775E+03 -5.4120E+03 -1.9637E+03
0003230   7.3848E+03  1.2809E+03 -3.1964E+03
0003231   7.1171E+03 -2.0565E+03  4.8452E+03
0003232   3.1813E+03  3.0108E+03 -3.5435E+03
0003233   9.5849E+03 -1.2165E+02  3.0054E+02
0003234   4.7014E+03  1.1219E+03  6.4236E+02
0003235   8.9249E+03  1.5241E+03  1.1434E+03
0003236   6.4479E+03  1.6014E+03 -8.2146E+01
0003237   5.9645E+03  2.0480E+03  1.6730E+03
0003238   8.5264E+03 -2.1391E+02  1.5358E+03
0003239   8.4309E+03 -1.1240E+03  2.1245E+03
0003240   8.6454E+03  1.2292E+03  1.0745E+01
0003241   3.8165E+03 -1.3551E+03 -2.7830E+03
0003242   9.1106E+03 -2.7821E+03 -2.5669E+03
0003243   8.1801E+03  1.7774E+03  1.9462E+03
0003244   6.6577E+03  4.5833E+03 -9.5193E+01
0003245   8.1807E+03  2.5896E+03  3.9045E+02
0003246   6.7324E+03 -2.1650E+03 -3.7632E+03
0003247   4.4430E+03  4.3714E+03  2.0384E+03
0003248   7.1006E+03 -3.7508E+03  1.1663E+03
0003249   8.1110E+03  8.4499E+02  5.5570E+02
0003250   6.6440E+03  4.4174E+01 -1.2260E+03
0003251   7.3135E+03  3.0056E+02 -1.2455E+03
0003252   6.8413E+03 -7.4152E+02 -1.7090E+03
0003253   7.3218E+03  2.6080E+03 -5.9811E+01
0003254   8.0019E+03  2.2448E+02  1.8163E+03
0003255   8.3714E+03  1.1379E+03  1.4240E+03
0003256   7.5202E+03 -2.0400E+02 -1.4365E+03
0003257   7.6327E+03  8.1773E+02 -2.8106E+03
0003258   2.0756E+03 -3.6954E+03 -2.5641E+03
0003259   7.8741E+03 -5.3882E+02  2.3294E+03
0003260   4.4094E+03  4.1002E+02  4.9925E+02
0003262   7.4935E+03  2.5501E+03  1.1322E+03
0003263   6.1751E+03 -2.4713E+03 -3.9706E+02
0003264   8.8336E+03  2.3852E+03 -3.7205E+03
0003265   6.0086E+03  1.1455E+03  2.0524E+03
0003266   5.2812E+03 -1.3014E+03 -8.1136E+02
0003267   9.6121E+03  2.3888E+02  3.4103E+00
0003268   4.2749E+03  3.2663E+03 -5.7173E+02
0003269   5.4217E+03 -3.0979E+03 -1.8751E+02
0003270   9.0617E+03  1.7277E+03  2.6777E+03
0003271   6.6385E+03  2.0492E+03  1.9294E+03
0003272   9.8585E+03 -1.1161E+03 -2.3909E+03
0003273   8.1059E+03  1.9743E+03 -3.0440E+03
0003274   6.8853E+03 -1.6876E+03  4.0375E+01
0003275   5.5667E+03  2.1708E+03  4.4186E+02
0003276   5.0813E+03  5.5576E+03 -3.3873E+03
0003277   7.5001E+03  2.1754E+03  3.0975E+03
0003278   7.5312E+03 -1.9764E+03 -2.5332E+03
0003279   8.6125E+03  9.4075E+02  1.3641E+03
0003280   5.5108E+03  2.5590E+03 -2.6219E+03
0003281   2.8373E+03 -3.3443E+03 -2.8349E+03
0003282   7.9808E+03  1.9450E+03 -1.7703E+02
0003283   7.2826E+03  3.4327E+03  6.3508E+02
0003284   8.6441E+03  1.8580E+03 -1.9786E+02
0003285   9.5372E+03  6.7981E+02 -3.1515E+03
0003286   8.0824E+03  1.7268E+03 -4.5533E+03
0003287   7.1562E+03  4.7229E+02 -1.6047E+02
0003288   8.8785E+03  1.5239E+02  4.8278E+03
0003289   8.2546E+03  1.6929E+03 -2.5344E+03
0003290   7.6633E+03  1.3894E+03  4.2069E+02
0003291   8.1444E+03 -1.1669E+03 -2.8497E+03
0003292   6.1953E+03  6.0091E+02  3.8470E+03
0003293   7.3394E+03  2.4083E+03 -4.8354E+02
0003294   7.2662E+03 -1.5050E+03  1.2008E+03
0003295   8.2008E+03  3.6764E+03 -9.9474E+00
0003296   8.0130E+03  7.0644E+02  8.1794E+02
0003297   7.3358E+03 -1.7401E+03  7.9834E+01
0003298   1.8270E+03 -1.0798E+03 -4.2738E+01
0003299   1.0900E+04 -8.7869E+02 -1.0303E+03
0003300   1.0477E+04  2.8016E+03  1.4052E+03
0003301   7.3535E+03 -1.7078E+03 -2.5999E+02
0003302   7.9206E+03  1.5194E+03  8.2768E+02
0003303   6.5924E+03 -4.3110E+02 -8.9651E+02
0003304   7.0076E+03  2.4943E+03 -3.3695E+03
0003305   6.8274E+03 -1.4166E+03  2.2604E+03
0003306   7.8519E+03  3.6100E+03 -3.2406E+03
0003307   8.6881E+03  1.0601E+03  9.8001E+02
0003308   2.6888E+03 -5.2097E+03 -4.0086E+03
0003309   8.3692E+03  3.4664E+02  2.5831E+02
0003310   7.8790E+03 -2.6339E+03  2.1757E+03
0003311   9.2621E+03  2.1194E+03 -1.0793E+03
0003312   5.9260E+03 -3.3170E+02 -1.5725E+03
0003313   8.7049E+03 -1.6919E+03  2.2763E+03
0003314   8.3011E+03 -2.3733E+03 -4.6544E+02
0003315   6.0650E+03  2.6621E+03  1.2420E+02
0003316   8.6678E+03 -1.8127E+03 -6.5252E+01
0003317   1.7703E+03  1.1433E+03 -3.9476E+03
0003318   2.8552E+03  1.8872E+03 -1.5148E+03
0003319   7.0863E+03 -3.6947E+02  2.0938E+03
0003320   3.9546E+03  2.6586E+03 -3.6089E+03
0003321   8.5379E+03 -5.6369E+02 -1.5901E+03
0003322   5.4506E+03  2.2074E+03 -1.3778E+03
0003323   1.0831E+04  3.9069E+03  1.4109E+02
0003324   6.6981E+03 -2.9720E+03 -2.2242E+03
0003325   1.0057E+04  5.9851E+02  4.3892E+02
0003326   7.0434E+03  3.0370E+03  1.3280E+03
0003327   8.6402E+03 -9.8609E+02 -1.2037E+03
0003328   6.6099E+03 -6.8131E+02  3.8021E+03
0003329   7.3803E+02 -1.4997E+03  2.0360E+03
0003330   5.9176E+03  5.3025E+02  1.5131E+02
0003331   7.2377E+03  3.7669E+03 -2.2665E+03
0003332   5.8825E+03 -7.4832E+02  3.7520E+03
0003333   9.4802E+03  6.9401E+01 -1.8151E+03
0003334   6.3194E+03 -4.5089E+03  2.0672E+03
0003335   7.0107E+03  4.2019E+03 -7.1921E+00
0003336   7.4892E+03  2.0114E+03 -4.1166E+03
0003337   4.3454E+03  1.3180E+03  2.1088E+03
0003338   7.7665E+03  6.1697E+01  3.6399E+01
0003339   4.1220E+03 -8.9388E+02 -2.3934E+03
0003340   8.6544E+03  4.7328E+02  1.4087E+03
0003341   7.8639E+03  1.7926E+02 -1.4177E+03
0003342   7.2822E+03 -1.9216E+03  9.0181E+02
0003343   9.5340E+03 -1.4742E+02 -1.2987E+03
0003344   4.0167E+03 -3.5919E+03 -2.1565E+02
0003345   9.1191E+03  4.6904E+01 -4.8779E+03
0003346   6.8597E+03  4.0497E+03 -2.5310E+03
0003347   6.7518E+03  4.8588E+03  2.6739E+03
0003348   1.0052E+04  8.5576E+02  8.3662E+02
0003349   4.0818E+03 -1.2429E+03 -2.0782E+03
0003350   9.5818E+03 -1.6024E+02 -2.2137E+03
0003351   4.4127E+03 -2.3564E+03 -1.6298E+03
0003352   8.5169E+03 -9.6998E+02 -2.1284E+03
0003353   6.2774E+03  3.6592E+03 -1.4506E+02
0003354   9.0754E+03  1.3974E+03 -1.6715E+03
0003355   7.5171E+03  9.7448E+01 -9.0740E+02
0003356   9.5286E+03 -6.3186E+02 -9.7437E+02
0003357   7.0615E+03  1.8595E+03  2.1192E+03
0003358   7.1239E+03 -1.6490E+03  4.8803E+02
0003359   7.7499E+03 -1.2283E+03  5.2151E+02
0003360   6.0040E+03  1.7606E+03 -5.3639E+02
0003361   7.6935E+03 -3.6427E+03  1.1492E+03
0003362   7.0269E+03  1.8702E+02  6.3996E+01
0003363   6.4833E+03 -1.1236E+03  5.9782E+03
0003364   6.6595E+03  1.0645E+03  1.5974E+03
0003365   8.4909E+03 -3.6279E+03 -7.1921E+02
0003366   3.6889E+03  1.2003E+03  2.2575E+03
0003367   4.3976E+03 -4.0545E+03 -2.2138E+03
0003368   7.9682E+03 -6.2091E+02 -1.1611E+03
0003369   7.9175E+03 -4.0226E+03  4.8525E+02
0003370   2.8355E+03  1.9743E+02 -1.9931E+03
0003371   4.4554E+03 -2.4066E+03  5.1934E+02
0003372   5.5212E+03  3.3935E+02  1.7890E+03
0003373   1.0168E+04  1.7975E+03  3.5614E+03
0003374   6.8435E+03 -2.5806E+03 -1.2919E+02
0003375   4.8086E+03  2.8131E+03  4.2889E+03
0003376   3.3773E+03 -2.5056E+03 -6.5538E+02
0003377   8.6319E+03  1.6416E+03  2.1086E+03
0003378   4.5810E+03 -1.0329E+03 -3.7675E+03
0003379   7.8078E+03 -4.2157E+02  3.2505E+03
0003380   8.8870E+03 -1.3779E+03 -1.3854E+03
0003381   9.5641E+03  3.1942E+03  2.6358E+03
0003382   7.4596E+03 -1.7670E+03  9.4090E-01
0003383   6.8209E+03  2.6787E+03  3.9284E+03
0003384   7.4318E+03  1.6515E+03 -6.5298E+02
0003385   5.4425E+03 -2.8283E+03  1.9283E+03
0003386   9.0745E+03  3.6373E+03  7.7828E+01
0003387   7.6101E+03  3.8842E+03 -9.7028E+02
0003388   6.6212E+03  1.9817E+03  5.9541E+02
0003389   8.8255E+03  2.8472E+02  4.7202E+02
0003390   4.7886E+03 -6.3320E+03 -1.9026E+03
0003391   8.6656E+03  4.3840E+02  5.6114E+00
0003392   2.7467E+03  1.1167E+03  1.5957E+03
0003393   3.5147E+03 -6.1757E+03  5.7809E+02
0003394   5.5957E+03  3.0000E+03 -3.4181E+03
0003395   8.3744E+03  1.1620E+03  7.7234E+02
0003396   6.1349E+03  1.9239E+03 -3.1694E+03
0003397   8.0314E+03 -3.5098E+01 -2.8206E+03
0003398   5.3614E+03  4.2458E+02  6.1552E+03
0003399   5.4882E+03  1.2040E+03 -3.7289E+03
0003400   4.5137E+03  7.2721E+02 -3.2858E+03
0003401   8.0153E+03  2.4280E+03  1.5799E+03
0003402   8.0191E+03  7.5263E+02  2.5529E+03
0003403   7.3583E+03 -9.6364E+01 -1.8701E+03
0003404   4.0391E+03 -5.0198E+02 -2.3061E+02
0003405   9.3319E+03 -1.6326E+03 -9.2259E+02
0003406   7.6608E+03  1.4742E+03 -4.6994E+02
0003407   8.1928E+03  1.0976E+03 -9.9053E+02
0003408   7.8723E+03  2.9779E+03 -2.3942E+03
0003409   7.8073E+03  9.3779E+02 -1.4103E+03
0003410   6.5432E+03 -1.0455E+03  3.2143E+02
0003411   7.1978E+03 -1.4507E+03 -4.2901E+03
0003412   8.8698E+03 -2.1389E+03  1.1736E+02
0003413   4.3806E+03  3.2833E+03  2.4347E+03
0003414   7.4141E+03  7.9417E+02 -8.7649E+02
0003415   7.4731E+03 -1.4013E+01 -1.9868E+03
0003416   4.6844E+03 -2.8145E+02 -3.8799E+03
0003417   7.7695E+03 -4.4339E+02 -3.6247E+03
0003418   4.5156E+03  1.2985E+03  1.0058E+02
0003419   7.3294E+03 -7.4753E+02 -2.2813E+03
0003420   7.3399E+03  2.6863E+03  1.8488E+03
0003421   5.6451E+03  8.3733E+01 -1.9398E+03
0003422   7.2895E+03 -3.1774E+03 -1.4632E+03
0003423   7.4807E+03 -9.7671E+02 -4.2761E+02
0003424   6.7622E+03 -4.7101E+02  1.9687E+03
0003425   7.9040E+03 -3.4415E+03  1.4803E+03
0003426   7.9179E+03  5.2642E+02  2.7837E+03
0003427   9.2456E+03 -7.6821E+02 -6.6973E+02
0003428   7.3441E+03 -7.4350E+02 -3.6309E+03
0003429   7.3629E+03  1.6482E+03 -4.3116E+03
0003430   5.7992E+03  8.1615E+02 -3.4158E+03
0003431   6.3312E+03 -2.6854E+03 -9.9628E+02
0003432   9.4665E+03 -2.0953E+02 -1.7439E+03
0003433   6.8039E+03 -2.0313E+03 -1.5790E+03
0003434   6.5279E+03  2.0631E+03 -3.8031E+03
0003435   7.5043E+03  1.0392E+03  1.3901E+03
0003436   9.0523E+03  1.5618E+03  2.8427E+03
0003437   6.9809E+03 -5.6364E+03 -1.0812E+03
0003438   8.1794E+03 -1.2948E+03  5.1448E+02
0003439   1.0170E+04  6.4767E+02  3.6130E+03
0003440   6.6448E+03 -1.0831E+03  1.8506E+03
0003441   9.2289E+03  3.1461E+02  2.9242E+03
0003442   7.8358E+03 -2.6252E+02  2.7213E+03
0003443   8.3330E+03  2.7099E+03  4.4435E+03
0003444   4.6831E+03 -3.9164E+03 -6.7065E+02
0003445   6.9014E+03 -7.2033E+02  2.8855E+03
0003446   8.2020E+03  3.9829E+02 -6.7825E+02
0003447   2.2987E+03 -1.4979E+03 -2.1611E+03
0003448   7.4673E+03  7.2579E+02 -1.8139E+03
0003449   8.2387E+03  2.1174E+03 -4.6099E+02
0003450   5.2128E+03  9.5788E+02 -1.5982E+03
0003451   6.5822E+03 -3.7856E+03  4.6181E+02
0003452   6.6662E+03 -2.1258E+03 -1.3311E+03
0003453   6.2126E+03 -1.1622E+03 -2.2470E+03
0003454   8.5280E+03 -1.6349E+03  1.9194E+02
0003455   8.9203E+03 -1.4713E+03  1.6226E+03
0003456   5.0067E+03 -3.2871E+02 -1.5186E+02
0003457   7.3100E+03 -1.4933E+03 -1.2509E+03
0003458   6.7715E+03 -9.1339E+02 -9.5563E+02
0003459   5.8255E+03 -1.3545E+03  4.8671E+02
0003460   5.9119E+03 -8.6359E+02 -2.6858E+03
0003461   7.3986E+03  3.6712E+02  7.3655E+02
0003462   4.9681E+03  4.7152E+03  5.7457E+02
0003463   8.4557E+03  9.4066E+02  5.1708E+03
0003464   8.7841E+03 -1.5858E+03 -6.2846E+02
0003465   6.7491E+03  9.3694E+02  2.4530E+03
0003466   1.0885E+04  2.0022E+03 -1.9222E+03
0003467   9.5554E+03  6.6456E+01  1.8029E+03
0003468   8.8545E+03  9.0937E+02 -2.5520E-01
0003469   1.0276E+04  1.6660E+03  3.7576E+02
0003470   1.0114E+04  2.0685E+03  9.0407E+02
0003471   9.0811E+03 -1.1737E+03  1.0987E+02
0003472   6.2411E+03 -5.4083E+02  3.3944E+03
0003473   1.0623E+04  7.9854E+02  7.6274E+02
0003474   4.9709E+03 -9.2761E+02 -1.5527E+03
0003475   7.3615E+03 -4.8606E+03 -2.0747E+03
0003476   1.6024E+03 -3.5359E+02  2.3702E+02
0003477   5.8049E+03 -9.7961E+02  7.3672E+02
0003478   7.5530E+03  3.7037E+03 -7.1967E+02
0003479   5.1097E+03 -5.5776E+03 -8.9917E+02
0003480   1.1038E+03  3.7508E+03 -7.7947E+02
0003481   4.4670E+03  1.3781E+03  5.9100E+03
0003482   8.8055E+03  3.5732E+03 -5.7874E+02
0003483   4.5885E+03 -8.1268E+02 -3.1042E+03
0003484   8.9001E+03 -3.6846E+03  1.7566E+03
0003485   8.1074E+03  6.3086E+02  9.1470E+02
0003486   8.5854E+03  3.3516E+03  1.8338E+03
0003487   9.9241E+03  8.8824E+02  1.6806E+03
0003488   8.1386E+03 -3.2538E+02  9.3012E+02
0003489   5.5790E+03 -2.2945E+03  4.0212E+03
0003490   8.4988E+03  4.1565E+03 -3.3886E+03
0003491   8.1105E+03 -4.9837E+03  1.0623E+03
0003492   8.4420E+03  2.9660E+03 -1.0192E+03
0003493   5.3212E+03  7.4177E+02  3.7901E+02
0003494   5.3140E+03 -3.4195E+03 -2.0267E+03
0003495   1.0492E+04  2.7133E+02 -6.7330E+02
0003496   8.8390E+03 -4.9192E+03  8.3305E+02
0003497   6.0221E+03  3.5027E+01 -2.8428E+03
0003498   6.5016E+03 -1.1537E+03  7.2137E+01
0003499   1.8552E+03  2.3855E+03 -6.4984E+01
0003500   8.5581E+03  3.7285E+03 -1.9994E+01
0003501   7.2138E+03 -3.2306E+03  5.4391E+02
0003502   4.3899E+03 -2.7090E+03 -6.1062E+02
0003503   7.2401E+03 -2.0811E+03 -1.4233E+03
0003504   9.9291E+03 -9.1662E+02  2.8593E+03
0003505   8.8521E+03  1.5509E+03 -2.0734E+02
0003506   3.6079E+03 -6.4045E+02 -5.1056E+03
0003507   9.3106E+03 -2.4592E+03 -2.4808E+03
0003508   5.5825E+03  9.7578E+02  8.7356E+02
0003509   6.3881E+03 -9.4127E+02  5.2642E+03
0003510   7.6353E+03 -2.7103E+03  2.2609E+03
0003511   9.9964E+03 -1.8116E+03 -6.3857E+02
0003512   9.9504E+03 -2.7172E+03  1.7652E+03
0003513   9.0449E+03 -5.1008E+03  8.3888E+02
0003514   7.6844E+03  4.8658E+02  2.1344E+03
0003515   8.9282E+03  2.1592E+03 -2.3222E+03
0003516   3.2270E+03 -1.4384E+03  5.5303E+02
0003517   8.9337E+03  2.5115E+02 -4.2475E+03
0003518   6.0935E+03 -1.2236E+03 -2.1560E+03
0003519   6.4985E+03  5.0032E+03 -3.0670E+03
0003520   7.3153E+03  9.7001E+02 -1.3010E+03
0003521   7.4772E+03  3.1592E+03 -3.5989E+03
0003522   5.8217E+03 -2.5833E+03  2.0462E+02
0003523   9.4959E+03  2.1299E+03  5.3679E+01
0003524   6.3661E+03 -1.1875E+03 -4.3200E+02
0003525   9.7635E+03 -1.0069E+03  2.0517E+02
0003526   9.4451E+03  2.7376E+03  7.7875E+02
0003527   7.6977E+03  1.8646E+03 -4.8249E+03
0003528   8.0924E+03 -1.0856E+03 -1.8303E+03
0003529   6.5555E+03  3.0094E+03 -3.6384E+03
0003530   1.0462E+04  1.5278E+02  4.3619E+03
0003531   6.5032E+03  5.1645E+02 -2.1465E+03
0003532   6.8548E+03  2.0498E+03  2.1195E+03
0003533   7.0603E+03 -1.2977E+02  1.4959E+02
0003534   6.0988E+03 -3.3897E+03 -4.2928E+03
0003535   7.6676E+03  1.1348E+03 -1.7578E+03
0003536   8.7612E+03  6.6764E+02 -2.4059E+03
0003537   8.8696E+03  3.0930E+02  4.8438E+02
0003538   5.5425E+03 -1.8169E+03 -8.1872E+02
0003539   5.4516E+03  1.9304E+03  6.4862E+01
0003540   4.1490E+03 -4.9492E+02 -3.3733E+03
0003541   6.8279E+03 -1.4880E+03  1.6763E+02
0003542   8.1647E+03  2.4530E+03 -1.8609E+03
0003543   6.5882E+03  1.1896E+03  1.3876E+03
0003544   9.3161E+03 -6.5355E+02 -5.8415E+02
0003545   5.9055E+03 -9.3106E+02  7.1928E+02
0003546   9.0685E+03  4.8441E+02  1.2283E+03
0003547   8.3046E+03 -1.6699E+03 -1.7159E+03
0003548   8.2912E+03 -4.5450E+02 -8.0166E+02
0003549   8.1265E+03 -1.1396E+03 -5.7008E+02
0003550   7.0188E+03  9.0919E+02 -3.8464E+03
0003551   7.3777E+03  3.7793E+02 -2.2417E+03
0003552   5.2500E+03 -2.7898E+03  2.9086E+03
0003553   1.0473E+04  1.1410E+03 -1.2442E+02
0003554   9.3749E+03 -1.1926E+03  7.0632E+02
0003555   7.4321E+03  3.2017E+03 -9.0104E+02
0003556   7.1938E+03  1.4671E+03 -2.0652E+03
0003557   7.5888E+03  6.2030E+01  1.7839E+03
0003558   7.1364E+03  2.3043E+02 -6.1869E+02
0003559   9.4507E+03  8.5359E+00 -1.6474E+03
0003560   8.3048E+03  1.2672E+03  8.2231E+01
0003561   5.2580E+03  3.1240E+02 -1.1933E+03
0003562   5.6619E+03  2.6626E+03 -1.3091E+01
0003563   9.1618E+03 -3.8828E+03  1.3612E+03
0003564   8.4502E+03  2.0729E+03 -1.7946E+03
0003565   2.5751E+03 -1.6946E+03  1.1453E+03
0003566   7.2126E+03 -6.0263E+02 -3.1771E+03
0003567   5.8624E+03 -4.7752E+03 -4.6613E+02
0003568   4.7165E+03 -2.0423E+03  4.7422E+03
0003569   5.4741E+03  2.6217E+03 -3.3292E+02
0003570   6.3683E+03  2.0991E+03 -2.3379E+03
0003571   6.1608E+03 -2.0538E+03 -2.5206E+03
0003572   7.6685E+03 -1.4106E+03  9.2784E+02
0003573   3.5549E+03  2.0958E+02  2.8596E+03
0003574   9.1811E+03  2.4550E+02  2.2224E+03
0003575   5.6315E+03 -7.3715E+01  2.7874E+03
0003576   8.4876E+03  3.8390E+02  2.8755E+02
0003577   2.5929E+03  2.3332E+03  1.0542E+02
0003578   5.8672E+03 -1.5081E+03  1.2064E+03
0003579   8.1292E+03  1.1064E+02  1.0402E+03
0003580   6.5025E+03 -3.5624E+03  6.4979E+02
0003581   8.0844E+03 -3.3959E+02  2.2084E+03
0003582   7.6799E+03  2.7938E+02 -4.0827E+02
0003583   9.7183E+03  1.1417E+03 -1.4359E+03
0003584   7.3199E+03  2.0829E+03 -3.5082E+03
0003585   6.2765E+03 -4.3199E+02  2.7385E+03
0003586   7.7408E+03  1.6708E+03  1.9039E+03
0003587   7.1207E+03 -1.6601E+03  3.5723E+03
0003588   6.2192E+03  2.0448E+03 -2.5583E+03
0003589   7.3826E+03 -1.6672E+03 -3.5317E+03
0003590   6.4952E+03  2.4791E+03 -2.1835E+03
0003591   7.1344E+03 -2.6772E+03  1.2042E+03
0003592   7.8053E+03 -2.1673E+03  3.0205E+03
0003593   7.5735E+03  1.6269E+03  2.8218E+02
0003594   1.0606E+04 -1.3701E+03  9.1597E+02
0003595   1.7230E+03  2.9918E+03  4.2325E+03
0003596   6.2332E+03  1.2115E+03  1.0078E+03
0003597   6.2566E+03  6.4800E+02 -2.6355E+03
0003598   7.9817E+03 -3.5586E+03 -2.0309E+03
0003599   5.5536E+03 -3.3078E+02 -3.3938E+03
0003600   6.7174E+03  1.7948E+03 -3.7511E+03
0003601   5.8506E+03 -1.1288E+02  3.5466E+03
0003602   4.8878E+03  3.2052E+03 -5.0929E+02
0003603   5.8225E+03 -1.9442E+03  1.2178E+03
0003604   7.4826E+03  2.2192E+02 -1.2428E+03
0003605   6.6442E+03 -1.5477E+03  6.8146E+02
0003606   5.9717E+03  2.8327E+03  2.2037E+03
0003607   9.0095E+03 -1.9769E+03  1.8351E+03
0003608   3.7776E+03  1.9701E+03 -1.8656E+02
0003609   8.4645E+03  1.8591E+03  9.5785E+02
0003610   3.2649E+03  2.8845E+02 -1.6713E+03
0003611   3.8712E+03 -1.3891E+03 -2.6146E+03
0003612   7.0188E+03 -2.0560E+03 -1.2965E+03
0003613   9.7893E+03 -2.5496E+03  5.8093E+02
0003614   5.3652E+03 -7.2096E+02 -1.6778E+03
0003615   7.3372E+03  2.5034E+03  3.8518E+02
0003616   6.5660E+03  1.4076E+03  6.3696E+01
0003617   9.4308E+03 -1.7616E+03 -2.3703E+03
0003618   5.0322E+03 -6.4183E+02 -1.0288E+03
0003619   6.0980E+03  1.2315E+03 -1.1143E+03
0003620   6.5431E+03 -7.8455E+02  7.6263E+02
0003621   8.6572E+03 -1.5575E+01 -2.8941E+02
0003622   8.2977E+03 -1.2837E+03  1.4392E+03
0003623   5.5539E+03 -1.1745E+03  2.4767E+03
0003624   7.4238E+03 -4.1451E+02  1.1270E+03
0003625   8.4681E+03  1.4963E+03  2.5356E+03
0003626   8.8291E+03  3.4532E+02  8.1128E+02
0003627   9.4963E+03 -1.3030E+02 -2.3140E+03
0003628   7.0184E+03  2.1329E+03  7.7766E+02
0003629   4.5045E+03  1.1934E+03  1.3878E+03
0003630   7.8535E+03  6.2047E+02  2.5173E+03
0003631   6.1927E+03  4.2149E+03 -1.5735E+03
0003632   5.4298E+03  4.9171E+02  1.5330E+03
0003633   9.9621E+03  1.2367E+03  1.3582E+03
0003634   5.1182E+03 -5.1991E+02 -4.8251E+03
0003635   9.2815E+03  4.7128E+03  1.4898E+02
0003636   7.2011E+03 -1.9382E+03 -1.2835E+02
0003637   6.4264E+03 -5.3767E+03 -8.3277E+02
0003638   8.5303E+03  6.6345E+01 -4.7319E+02
0003639   6.3992E+03 -1.8069E+03 -4.8727E+02
0003640   7.8735E+03  2.8720E+03 -2.0152E+03
0003641   8.8383E+03 -2.0592E+03  1.8051E+03
0003642   4.9091E+03  1.7507E+02 -2.7869E+03
0003643   5.6701E+03 -1.6700E+03 -2.4659E+03
0003644   5.9613E+03 -2.6459E+03 -5.1859E+02
0003645   9.8240E+03 -1.0547E+03 -2.0350E+02
0003646   9.8632E+03 -5.4756E+02 -5.5467E+02
0003647   8.1449E+03 -2.4305E+03  1.7916E+03
0003648   7.0413E+03  2.4696E+03 -4.3858E+03
0003649   7.1141E+03 -3.5046E+03  4.3546E+02
0003650   4.6289E+03  1.4957E+03 -4.4407E+03
0003651   6.5750E+03  1.4520E+03  5.8288E+03
0003652   6.5887E+03 -1.7820E+03  1.3210E+03
0003653   5.1618E+03  7.1966E+02 -3.1988E+03
0003654   6.6249E+03  1.8898E+03  1.1409E+03
0003655   8.6180E+03 -1.9449E+03 -1.8060E+03
0003656   9.2961E+03 -2.3368E+03  1.6669E+03
0003657   8.5313E+03  3.7962E+03 -8.3221E+02
0003658   7.5570E+03  5.4000E+03  2.8654E+03
0003659   7.5114E+03 -3.5573E+02  3.1110E+02
0003660   8.8046E+03  1.7673E+02 -2.9528E+03
0003661   6.7446E+03 -6.1629E+02 -2.9749E+03
0003662   6.1395E+03  8.9391E+01 -5.3298E+02
0003663   3.9197E+03  1.5107E+03  2.9290E+03
0003665   7.7128E+03 -6.9327E+02  1.1212E+03
0003666   7.5789E+03  4.1273E+03 -6.3855E+02
0003667   3.9438E+03  1.9053E+03  3.2346E+03
0003668   7.7058E+01 -4.7829E+02 -1.9588E+03
0003669   1.0311E+04  1.8409E+03 -1.8302E+03
0003670   9.2321E+03  1.4031E+03 -2.3600E+02
0003671   9.5603E+03 -1.3425E+03  2.7264E+03
0003672   5.8980E+03  1.9339E+03  1.2063E+02
0003673   4.4171E+03  1.2085E+03 -3.2329E+03
0003674   7.2965E+03 -2.7695E+03  1.7575E+03
0003675   5.9573E+03 -3.2506E+03  2.4888E+03
0003676   6.2050E+03 -2.6497E+02  4.1652E+03
0003677   9.4713E+03  1.2534E+02 -1.7241E+03
0003678   9.5138E+03 -1.5734E+03 -1.1319E+02
0003679   8.2639E+03  7.8142E+02 -1.2520E+03
0003680   8.4756E+03  5.9543E+02 -3.3730E+03
0003681   8.4021E+03 -8.5685E+02 -3.9190E+03
0003682   5.0601E+03  1.4694E+03 -1.7632E+03
0003683   7.1172E+03  3.2795E+02  1.5535E+03
0003684   9.1174E+03 -8.0025E+02  2.5957E+03
0003685   4.3156E+03 -8.4964E+01 -1.5015E+03
0003686   1.0004E+04  1.7708E+02 -6.7244E+02
0003687   6.6680E+03 -5.7772E+02  1.1984E+03
0003688   5.8367E+03  2.3680E+03 -1.0586E+03
0003689   6.6394E+03 -5.4447E+02 -6.1231E+02
0003690   9.2153E+03 -7.0728E+02 -3.0087E+03
0003691   5.8812E+03 -2.6992E+03  2.3048E+03
0003692   8.3243E+03  1.6293E+03  2.4027E+02
0003693   5.5230E+03 -4.5594E+03 -1.0654E+03
0003694   8.6190E+03 -7.4765E+02 -2.5371E+03
0003695   8.7721E+03  8.0878E+02 -8.7737E+02
0003696   3.0476E+03  3.3466E+03 -6.4685E+02
0003697   7.4102E+03  3.2031E+03 -2.0365E+03
0003698   9.2497E+03  4.3634E+03  6.5151E+02
0003699   5.0125E+03  1.4030E+03  2.3921E+03
0003700   1.9336E+03  3.7830E+03 -2.0496E+03
0003701   9.3964E+03  2.7779E+02  3.9045E+02
0003702   5.0597E+03  3.1455E+03 -1.2018E+02
0003703   9.2650E+03  1.4526E+03 -8.7206E+02
0003704   8.0043E+03  5.0660E+02  5.5735E+02
0003705   3.9649E+03  2.0296E+03  2.2876E+03
0003706   9.4231E+03 -1.0497E+03 -6.5137E+01
0003707   7.9461E+03  1.2047E+03 -1.1398E+03
0003708   8.3910E+03  2.3831E+03 -8.3247E+02
0003709   2.5717E+03  4.1334E+03 -2.6192E+03
0003710   7.1602E+03  9.7961E+02 -2.8333E+03
0003711   7.5701E+03  2.7588E+03 -1.2861E+03
0003712   1.0894E+04  1.3966E+03 -3.3655E+03
0003713   3.1240E+03  6.7692E+02  4.0932E+03
0003714   2.0263E+03  5.9389E+02  3.0877E+03
0003715   8.2222E+03 -2.4161E+03  2.2801E+03
0003716   5.4103E+03  1.6988E+03  5.2123E+01
0003717   5.8401E+03 -4.0525E+03  1.9821E+03
0003718   3.1061E+03  3.1148E+03 -3.0762E+03
0003719   8.2374E+03 -9.6997E+02  2.4233E+03
0003720   7.4887E+03 -1.8532E+03 -2.0758E+03
0003721   6.5730E+02  3.6500E+02  1.5228E+03
0003722   8.7127E+03 -2.3517E+03  4.8048E+02
0003723   6.7345E+03 -7.1185E+02 -1.4113E+03
0003724   7.2578E+03  1.9411E+03  5.8723E+02
0003725   9.5079E+03  2.2481E+03  1.0054E+02
0003726   8.5374E+03  1.6761E+01  3.7799E+03
0003727   6.1012E+03  3.1583E+03 -3.4395E+03
0003728   6.6244E+03 -1.8417E+03 -1.7769E+02
0003729   6.5288E+03  2.7163E+03 -7.0715E+02
0003730   6.3790E+03  5.7081E+02 -1.6983E+03
0003731   5.7700E+03  3.1715E+03 -2.2763E+03
0003732   7.0809E+03 -4.1116E+02  1.5390E+03
0003733   6.8490E+03 -8.0713E+02 -7.3560E+01
0003735   7.6535E+03  4.8220E+02  3.5835E+03
0003736   3.1722E+03 -3.8867E+03 -3.2877E+02
0003737   3.9751E+03  3.2603E+03 -3.2579E+03
0003738   7.0216E+03 -6.4981E+03 -5.2628E+02
0003739   7.8271E+03  2.2535E+03  3.7380E+03
0003740   8.3936E+03 -4.6944E+01  1.4505E+03
0003741   8.1424E+03  9.5027E+02 -1.5274E+02
0003742   9.4983E+03  1.1288E+03 -1.1719E+03
0003743   5.0074E+03  2.7427E+02 -4.3555E+02
0003744   1.7606E+03 -3.4119E+02  7.8977E+02
0003745   9.1128E+03  1.6977E+03 -1.0720E+03
0003746   2.9814E+03 -2.4138E+03 -7.0577E+02
0003747   7.6651E+03 -1.9082E+03  4.1561E+03
0003748   7.9403E+03 -4.1410E+02  3.0208E+02
0003749   8.0749E+03  3.8070E+02  3.7699E+03
0003750   9.2264E+03 -2.8667E+02 -2.0719E+03
0003751   2.5653E+03  3.3031E+03  3.3129E+03
0003752   7.8540E+03  1.3695E+03  1.4719E+03
0003753   7.2911E+03  1.1738E+03  6.9939E+02
0003754   9.5353E+03 -5.0802E+02 -3.6931E+03
0003755   9.7971E+03  2.6547E+03 -3.0406E+02
0003756   1.8643E+03  1.9518E+03 -2.5191E+03
0003757   6.5669E+03  2.8520E+02 -2.7874E+03
0003758   7.3392E+03 -2.1804E+03 -3.6247E+03
0003759   7.0135E+03  1.1740E+03  1.6368E+03
0003760   3.1955E+03 -4.5147E+02 -4.4408E+03
0003761   7.8232E+03 -1.4482E+03 -2.4154E+03
0003762   3.9015E+03  1.3418E+03  1.4508E+03
0003763   6.7055E+03  1.2953E+03  9.1445E+02
0003764   7.5421E+03  4.9224E+03  2.3127E+03
0003765   8.1538E+03  2.8663E+03  1.2287E+03
0003766   9.7456E+03  9.6009E+02  2.3304E+02
0003767   4.9537E+03  2.9474E+03  6.0320E+01
0003768   9.5061E+03 -1.0388E+03  1.1391E+03
0003769   7.6672E+03  1.4531E+03  1.6068E+03
0003770   6.8895E+03 -1.4042E+03  1.3306E+03
0003771   8.7699E+03 -9.4763E+02 -3.4791E+03
0003772   5.2302E+03 -3.3582E+03  3.5736E+02
0003773   3.2785E+03 -1.4525E+03 -5.7545E+03
0003774   7.0607E+03 -8.7714E+02  7.4243E+01
0003775   9.4637E+03 -3.3985E+02 -3.4645E+03
0003776   1.0225E+03  1.1849E+03  1.0211E+03
0003777   9.4999E+03  1.8625E+03 -6.4553E+02
0003778   3.1488E+03 -3.4245E+03 -2.7940E+03
0003779   6.1221E+03  2.0887E+03  6.3005E+01
0003780   5.9260E+03 -4.5337E+03  1.6210E+03
0003781   6.2220E+03 -2.1772E+03  3.2346E+03
0003782   8.3481E+03 -3.2096E+03  7.6003E+02
0003783   7.9160E+03  3.1353E+02 -3.9235E+02
0003784   5.5174E+03  1.5458E+03  1.1954E+03
0003785   9.0021E+03 -1.0879E+02 -8.1556E+02
0003786   9.1039E+03 -8.6919E+02  4.7606E+03
0003787   6.2513E+03  4.5968E+03 -2.3865E+03
0003788   8.7571E+03 -3.8467E+03 -8.2640E+02
0003789   5.9075E+03  2.7547E+03 -1.8850E+03
0003790   7.9225E+03 -2.2203E+03  7.3353E+01
0003791   7.5364E+03 -3.2945E+03 -2.7683E+03
0003792   8.9702E+03  1.7781E+03  1.9046E+03
0003793   7.5552E+03 -3.5212E+03  3.9899E+03
0003794   8.1871E+03 -3.6681E+02 -1.6068E+03
0003795   8.2893E+03  7.4061E+02  3.4032E+03
0003796   6.8686E+03 -1.9109E+03 -4.4969E+03
0003797   8.2531E+03  1.1184E+03 -9.7809E+02
0003798   7.2165E+03 -3.6214E+03 -1.9094E+03
0003799   6.6714E+03 -3.9779E+03 -1.7010E+03
0003800   7.5066E+03 -2.7852E+03  7.4998E+02
0003801   7.6683E+03  1.0734E+03 -2.8799E+02
0003802   5.4674E+03  7.7962E+02  9.9591E+02
0003803   8.6830E+03  1.7940E+03  1.7474E+03
0003804   9.2645E+03 -7.4938E+02  8.4938E+02
0003805   8.2739E+03  1.8753E+03 -8.5145E+02
0003806   8.6872E+03 -4.0028E+01 -3.0579E+02
0003807   6.9749E+03  4.3074E+03 -4.0171E+03
0003808   2.7328E+03  3.4180E+03 -1.1398E+03
0003809   3.3948E+03 -1.0815E+03 -2.5002E+03
0003810   5.2757E+03  5.3512E+03 -2.9111E+03
0003811   8.3633E+03  1.5921E+03 -9.3705E+02
0003812   5.9994E+03  8.4999E+02  3.2088E+03
0003813   9.9395E+03 -1.8338E+03  1.0392E+03
0003814   4.9695E+03  1.8864E+03 -4.9751E+03
0003815   5.1379E+03  9.7889E+02  2.2825E+03
0003816   7.1835E+03  2.4556E+03  4.6471E+03
0003817   9.9937E+03 -7.7751E+02 -3.2512E+03
0003818   6.6443E+03  2.0271E+03 -3.9732E+03
0003819   6.0225E+03 -2.1644E+03 -4.8680E+03
0003820   7.2379E+03 -2.4411E+03 -2.2026E+01
0003821   5.4287E+03 -1.7384E+03  2.9494E+03
0003822   6.8362E+03 -1.6990E+03 -1.0166E+02
0003823   3.8566E+03 -2.3158E+03 -2.7142E+03
0003824   7.4499E+03  2.9716E+03  2.1614E+03
0003825   9.2703E+03 -2.1583E+03 -1.1929E+03
0003826   7.3027E+03 -4.9838E+02 -2.5771E+03
0003827   8.8844E+03  5.0326E+02 -3.1708E+02
0003828   2.8971E+03  1.8870E+03 -2.5629E+03
0003829   8.1614E+03  1.7667E+03 -9.3998E+02
0003830   3.9398E+03  8.8685E+02  3.6888E+03
0003831   7.3051E+03  1.3852E+03 -2.7018E+03
0003832   1.0134E+04 -1.0340E+03 -1.4307E+03
0003833   6.0974E+03  2.3954E+03  4.0945E+02
0003834   7.2080E+03 -1.0705E+03  5.4618E+02
0003835   1.0040E+04 -2.1933E+03  9.5949E+00
0003836   5.3907E+03  3.2091E+02  1.3393E+03
0003837   5.0295E+03 -1.1059E+03  3.7283E+03
0003838   6.4379E+03 -3.6951E+03 -5.4354E+01
0003839   7.6394E+03 -5.6107E+01 -2.0200E+03
0003840   6.9818E+03  2.3605E+03  3.6119E+03
0003841   8.3240E+03  3.7169E+03 -1.3829E+03
0003842   8.6461E+03  9.8069E+02  4.4716E+02
0003843   8.3581E+03  1.7104E+03  2.5077E+03
0003844   5.0920E+03  1.6778E+03  1.6363E+03
0003845   7.1739E+03  2.2241E+03 -2.0584E+03
0003846   1.0039E+04  1.2910E+03  3.0999E+03
0003847   8.7102E+03 -1.0948E+03 -2.1932E+03
0003848   6.9109E+03 -6.8298E+02 -1.5484E+03
0003849   7.6733E+03  2.2916E+03 -3.9671E+03
0003850   4.6690E+03  1.9214E+01 -2.8874E+03
0003851   7.5597E+03 -1.2604E+03  3.3083E+03
0003852   7.9758E+03 -3.0965E+02 -1.3515E+03
0003853   8.2797E+03  1.0131E+03 -3.0911E+03
0003854   8.7493E+03 -2.2516E+03 -1.1730E+03
0003855   5.4764E+03 -3.1977E+03 -1.1454E+03
0003856   9.2807E+03 -1.3424E+03  2.7544E+03
0003857   9.9875E+03 -2.3160E+03 -5.7826E+02
0003858   5.1218E+03 -2.2277E+03  3.1074E+03
0003859   8.7222E+03  4.6206E+03 -2.5107E+02
0003860   8.0301E+03 -2.5807E+02  1.5813E+03
0003861   9.4386E+03  5.8103E+02 -1.8134E+03
0003862   9.9036E+03 -2.1303E+03 -5.2493E+02
0003863   4.7196E+03 -5.1065E+01  1.4108E+03
0003864   6.9381E+03  1.6104E+03  7.4584E+02
0003865   9.0308E+03 -1.1864E+03  1.4770E+03
0003866   5.6320E+03 -3.5360E+01  2.0843E+03
0003867   9.7226E+03  1.4336E+03 -1.9343E+03
0003868   9.3990E+03  7.3509E+02  1.4803E+03
0003869   8.7318E+03 -3.3058E+03 -1.4058E+02
0003870   5.3871E+03  3.1087E+03  4.3733E+03
0003871   2.8040E+03  1.1940E+03 -1.6218E+02
0003872   8.9456E+03 -1.1887E+03 -1.6682E+03
0003873   8.4759E+03  7.1044E+02 -3.3746E+03
0003874   7.0330E+03 -1.8590E+03  1.9429E+03
0003875   8.6009E+03  2.0392E+03  7.8782E+02
0003876   7.0156E+03  4.1245E+02 -2.1411E+03
0003877   4.1400E+03 -1.9246E+02 -1.1242E+03
0003878   8.4680E+03  4.9500E+02 -1.8421E+03
0003879   9.9429E+03  2.5062E+03 -3.2246E+03
0003880   9.4698E+03  1.1679E+03 -2.2177E+03
0003881   9.2713E+03  2.9364E+03  2.7062E+03
0003882   4.7669E+03 -1.9569E+03  3.2126E+03
0003883   6.9597E+03  1.9290E+03 -2.5086E+03
0003884   5.9773E+03 -2.3804E+03 -3.2927E+03
0003885   9.2538E+03 -1.8991E+03  8.9502E+02
0003886   8.7035E+03  2.8043E+03  5.1129E+02
0003887   5.6846E+03  1.3898E+03 -1.8997E+03
0003888   8.9899E+03 -9.5319E+02  1.8142E+03
0003889   6.5033E+03 -1.0647E+03 -1.6158E+03
0003890   9.0997E+03 -3.7815E+02 -3.1126E+02
0003891   5.5310E+03  3.2191E+03 -1.1508E+03
0003892   4.1041E+03  5.7406E+03 -3.0291E+03
0003893   3.2070E+03  3.2092E+02 -4.5103E+03
0003894   9.9738E+03 -4.4210E+02 -6.9056E+02
0003895   6.6719E+03 -1.4538E+03 -2.0092E+03
0003896   6.3362E+03  1.6873E+03 -3.0790E+03
0003897   7.9417E+03 -3.3462E+03  2.0427E+03
0003898   6.9683E+03  1.9676E+03  4.2450E+03
0003899   8.5002E+03 -2.7063E+03  1.4853E+03
0003900   6.2944E+03 -1.7967E+03 -2.0819E+03
0003901   6.0097E+03  1.7826E+02 -1.1388E+03
0003902   6.4551E+03 -1.9633E+03  9.1039E+02
0003903   3.5819E+03 -5.7148E+03  1.2056E+03
0003904   8.9640E+03  2.7867E+03 -2.8684E+03
0003905   5.2585E+03 -7.3656E+02 -4.4903E+03
0003906   4.7926E+03  6.0399E+02 -1.9129E+03
0003907   1.0918E+04  2.3154E+03 -2.1951E+03
0003908   6.4188E+03 -4.3255E+03  1.0844E+03
0003909   7.7695E+03  1.2150E+03 -2.9441E+03
0003910   8.1005E+03  2.6272E+03  3.5401E+03
0003911   2.0498E+03 -1.7941E+03  3.0785E+03
0003912   8.4095E+03 -3.1088E+03 -4.4813E+01
0003913   7.7302E+03 -2.1885E+03  4.9110E+03
0003914   8.1031E+03  3.4080E+03 -3.0893E+03
0003915   7.3316E+03  2.5077E+02 -3.1010E+03
0003916   9.3031E+03 -2.5643E+03  1.8141E+03
0003917   7.0298E+03 -2.8586E+03  1.7496E+03
0003918   5.0469E+03 -1.6317E+03  4.3015E+03
0003919   7.7009E+03  4.4152E+03 -1.3462E+03
0003920   2.8297E+03  3.3742E+02 -2.4221E+03
0003921   8.1774E+03 -1.3949E+02  8.6544E+02
0003922   6.8318E+03  8.1945E+02  7.2908E+02
0003923   6.2134E+03 -2.9465E+02  1.1554E+03
0003924   7.0188E+03  8.5595E+02 -4.2098E+03
0003925   1.0002E+04  7.3954E+02  1.2935E+03
0003926   1.0207E+04 -2.3652E+02 -1.6914E+03
0003927   8.3970E+03 -2.4309E+03 -1.7013E+03
0003928   3.6733E+03  3.1502E+03  1.2664E+03
0003929   4.4520E+03  5.5283E+02  7.6461E+02
0003930   8.0107E+03 -1.0601E+03  2.5781E+02
0003931   9.9764E+03 -1.4898E+02  2.1624E+02
0003932   7.4727E+03 -1.7009E+03  1.5900E+02
0003933   4.3987E+03 -2.8175E+03 -2.7080E+03
0003934   7.0787E+03 -1.2365E+03  1.6315E+03
0003935   7.3478E+03 -1.2870E+03 -1.1747E+03
0003936   8.6018E+03 -3.0134E+02 -1.6673E+03
0003937   8.7088E+03  2.2833E+01 -4.0660E+03
0003938   1.0141E+04  9.0991E+02 -2.0179E+03
0003939   9.0130E+03  2.1313E+03  1.0130E+03
0003940   7.0976E+03 -2.0091E+03 -2.7238E+00
0003941   7.3479E+03  2.2600E+03 -1.3809E+03
0003942   5.4507E+03 -3.7487E+02  1.3310E+03
0003943   5.5650E+03  1.6200E+03  2.7078E+03
0003944   1.1937E+03  3.2147E+03 -1.0143E+03
0003945   5.1641E+03  5.5288E+02 -2.4650E+03
0003946   6.8395E+03  8.3435E+01  1.2076E+03
0003947   7.2749E+03 -1.8134E+02 -2.1943E+03
0003948   6.6369E+03  2.1073E+03  1.9722E+03
0003949   7.4433E+03  2.5740E+03 -9.8731E+02
0003950   4.0169E+03 -3.2655E+03  2.1126E+03
0003951   7.4577E+03 -1.5127E+02 -4.0650E+03
0003952   7.0702E+03 -3.4400E+03  1.4269E+03
0003953   8.8727E+03  5.8101E+02 -8.5374E+02
0003954   8.2064E+03  1.9729E+02  6.6583E+02
0003955   1.0176E+04 -2.1164E+03  2.3626E+03
0003956   4.8386E+03  1.7521E+03  4.3573E+03
0003957   7.0726E+03  2.5611E+03 -2.5571E+03
0003958   9.3827E+03 -2.7892E+03 -2.5192E+03
0003959   1.0753E+04 -2.2599E+03  2.4133E+03
0003960   4.4606E+03 -1.4111E+03  1.3642E+03
0003961   8.1482E+03  8.3165E+02 -2.1357E+03
0003962   6.4486E+03  6.0880E+02 -2.4610E+03
0003963   8.5024E+03  3.6798E+03  1.7657E+03
0003964   3.8992E+03  1.8621E+03 -4.0524E+03
0003965   7.7851E+03 -2.5113E+03 -1.9792E+03
0003966   8.2325E+03  2.7143E+02  3.1606E+03
0003967   3.8263E+03  2.6315E+03  7.6685E+02
0003968   5.0315E+03 -4.8408E+02 -1.8607E+03
0003969   8.0936E+03  9.6929E+02 -2.5571E+03
0003970   7.0582E+03  1.2568E+03 -4.4155E+03
0003971   8.7030E+03  2.4600E+03  2.1198E+03
0003972   7.6476E+03  1.4822E+03 -3.8502E+02
0003973   7.8382E+03 -3.2705E+02  1.7790E+02
0003974   8.2732E+03 -4.9050E+03 -1.0824E+03
0003975   5.5568E+03 -3.3271E+02 -1.4677E+03
0003976   7.0415E+03 -2.5866E+03  4.6743E+02
0003977   7.9078E+03  3.3137E+03 -1.3751E+02
0003978   6.6628E+03 -1.9146E+02 -2.5172E+03
0003979   8.9582E+03 -4.3267E+03  3.7779E+03
0003980   9.1113E+03  1.3341E+03 -1.1212E+03
0003981   6.8100E+03 -1.9672E+03 -2.2968E+03
0003982   8.7616E+03 -3.0426E+02 -2.6613E+03
0003983   6.2375E+03  9.8219E+02 -2.7776E+03
0003984   3.9917E+03 -4.6380E+02 -9.8709E+02
0003985   7.8251E+03  7.4782E+01  2.0615E+03
0003986   1.0169E+04 -1.5244E+02 -3.1297E+03
0003987   6.4049E+03 -1.7107E+03 -1.8163E+03
0003988   5.5030E+03  1.8953E+03 -2.5211E+03
0003989   9.6092E+03  2.0899E+03  2.1456E+02
0003990   8.5492E+03  9.4042E+02 -6.6991E+01
0003991   4.9629E+03  2.1890E+03  1.9306E+03
0003992   7.5316E+03  1.9796E+03  3.3457E+03
0003993   9.0872E+03  2.5195E+03 -6.8607E+02
0003994   5.3280E+03 -2.2786E+03  3.1023E+03
0003995   4.9315E+03 -1.8920E+03  4.6054E+03
0003996   6.4034E+03  7.9297E+02 -5.8697E+02
0003997   9.0549E+03 -1.9643E+03  4.9231E+02
0003998   8.9663E+03  1.6747E+03  2.5693E+02
0003999   8.0471E+03  3.0593E+02 -2.7142E+03
0004000   4.2691E+03 -2.3441E+03  2.3657E+03
0004001   9.1520E+03 -3.6161E+03  7.4497E+02
0004002   4.6117E+03  7.8625E+02 -9.8623E+02
0004003   5.5176E+03  1.0725E+03 -2.2919E+03
0004004   6.7052E+03 -1.6465E+03  9.5496E+02
0004005   8.0533E+03 -1.5589E+03 -3.1077E+03
0004006   3.5420E+03 -3.2356E+03 -3.4631E+03
0004007   7.2251E+03 -2.2608E+03 -9.8102E+02
0004008   3.9009E+03  5.7984E+01  1.1643E+02
0004009   3.7917E+03 -4.5926E+02  2.9769E+03
0004010   9.5848E+03  4.5936E+02 -2.3599E+03
0004011   7.3882E+03 -2.6443E+03 -3.2204E+03
0004012   6.2766E+03 -1.3613E+03  3.7481E+03
0004013   8.8901E+03  2.3135E+03 -8.4011E+02
0004014   3.9773E+03  3.7265E+02 -3.2073E+02
0004015   8.4528E+03  2.4961E+03 -2.5924E+03
0004016   7.7064E+03 -2.0093E+03  3.8833E+02
0004017   6.2139E+03 -2.5663E+03 -1.0965E+03
0004018   8.6132E+03 -6.7040E+02  4.9171E+02
0004019   6.8442E+03 -8.5828E+02 -2.0947E+03
0004020   7.4743E+03  1.7813E+03  2.7429E+03
0004021   9.0425E+03 -1.1838E+03  1.0421E+03
0004022   7.3775E+03  3.0870E+03  2.7305E+02
0004023   7.1590E+03 -3.0164E+03  1.1520E+03
0004024   8.7979E+03  3.9000E+03  1.3010E+03
0004025   5.1219E+03 -3.3719E+03  4.0598E+03
0004026   8.0774E+03 -2.4168E+03  2.0781E+03
0004027   9.2898E+03 -2.0671E+03  4.0685E+01
0004028   5.9091E+03  1.8685E+03  4.8789E+02
0004029   8.6911E+03  1.5904E+03 -3.1753E+02
0004030   4.2173E+03 -1.4813E+03  2.7924E+03
0004031   3.3038E+03  3.6858E+03 -3.1231E+03
0004032   8.8664E+03 -2.9492E+02  2.0137E+03
0004033   4.6956E+03 -1.2869E+03 -1.1712E+03
0004034   7.8213E+03 -3.0351E+03 -3.1117E+03
0004035   4.9712E+03  2.8838E+03  4.1518E+03
0004036   8.3036E+03 -3.9382E+02  2.0036E+03
0004037   9.3966E+03  2.2720E+03  2.1368E+02
0004038   5.7381E+03  8.5104E+02  3.9455E+02
0004039   8.2017E+03 -1.2054E+03 -6.0982E+02
0004040   4.8080E+03  1.4955E+03 -3.3145E+03
0004041   7.7814E+03 -2.6718E+03 -1.2008E+02
0004042   6.0093E+03 -7.9848E+02  1.0880E+03
0004043   7.7465E+03 -3.4153E+02  1.3219E+03
0004044   9.2564E+03  3.8441E+01 -8.2920E+01
0004045   9.1839E+03  7.3089E+01 -1.6452E+03
0004046   9.2880E+03  1.4737E+02  3.0600E+02
0004047   7.2132E+03 -6.1887E+02 -1.3074E+03
0004048   6.3341E+03  1.4138E+02 -2.3633E+03
0004049   6.6358E+03  1.1928E+03  4.2185E+02
0004050   3.8247E+03  6.7804E+02 -4.4177E+02
0004051   6.8636E+03  3.8127E+03 -4.4399E+03
0004052   6.0764E+03 -1.6436E+03  1.0684E+03
0004053   7.4353E+03  2.0481E+03 -3.1928E+03
0004054   4.9779E+03 -1.4798E+03 -9.7787E+02
0004055   6.9788E+03 -2.2705E+03 -2.0044E+03
0004056   9.5789E+03 -6.9858E+02 -3.6803E+03
0004057   9.8893E+03  1.1906E+03  2.7333E+03
0004058   7.7212E+03 -3.2650E+02  1.2663E+03
0004059   7.9524E+03  1.5469E+03 -6.2120E+02
0004060   6.1871E+03  3.6546E+03  2.5485E+03
0004061   8.6519E+03  1.8383E+01 -2.3934E+03
0004062   7.2768E+03  2.8134E+03  3.3249E+03
0004063   6.6620E+03  2.5338E+03  6.6136E+02
0004064   8.1831E+03 -2.6756E+02  3.6349E+02
0004065   6.2630E+03  4.0526E+03  1.1164E+03
0004066   7.9631E+03 -3.2275E+03  2.5819E+03
0004067   5.5032E+03 -1.0162E+03 -5.1739E+02
0004068   7.4935E+03  5.4459E+02 -1.2426E+03
0004069   7.2774E+03  5.1782E+02  3.0379E+03
0004070   6.1207E+03 -2.3467E+03 -2.6183E+03
0004071   6.3084E+03 -2.0479E+03  3.8436E+03
0004072   1.0389E+04  1.8368E+03 -5.5261E+02
0004073   6.9987E+03 -2.1918E+03 -1.4341E+03
0004074   6.2136E+03  4.4323E+03  1.3537E+03
0004075   9.0587E+03  1.2821E+03 -1.1724E+03
0004076   7.3067E+03 -7.0622E+02 -2.2043E+03
0004077   3.5209E+03 -3.6766E+03  7.0722E+02
0004078   4.1267E+03 -1.2139E+03  4.7259E+03
0004079   6.6140E+03  1.3701E+03  1.8075E+03
0004080   8.7983E+03  6.9737E+02 -3.0269E+03
0004081   4.6107E+03  4.0265E+03 -1.5341E+03
0004082   7.5704E+03  2.8311E+03  1.3714E+03
0004083   9.9715E+03 -3.0912E+03 -8.5957E+02
0004084   4.6682E+03 -1.3050E+03 -2.5204E+03
0004085   9.1060E+03 -8.5079E+02  5.3618E+02
0004086   6.7102E+03  4.7846E+03  3.5360E+03
0004087   7.1895E+03 -3.5645E+03 -2.0994E+03
0004088   7.9349E+03  1.7100E+03 -1.5521E+03
0004089   9.6501E+03  9.9310E+02  6.4790E+02
0004090   7.2086E+03  4.6027E+03  1.6781E+03
0004091   6.3298E+03 -1.7629E+03 -3.4422E+03
0004092   6.6842E+03 -1.6816E+03 -4.2880E+03
0004093   7.4934E+03  5.2365E+03  5.3014E+02
0004094   8.1415E+03 -2.5670E+03  8.9909E+02
0004095   3.4097E+03 -2.6068E+03  4.2179E+03
0004096   4.2453E+03 -3.3166E+03  9.7105E+02
0004097   7.2347E+03 -1.7892E+02 -5.4900E+03
0004098   9.1941E+03  3.4309E+03  2.2785E+03
0004099   7.5715E+03 -1.6827E+03  1.2164E+03
0004100   4.8602E+03  1.5885E+02 -4.4827E+03
0004101   5.5126E+03 -1.1034E+03  1.7608E+02
0004102   8.9783E+03 -2.0342E+03  6.8720E+02
0004103   3.2452E+03  1.3916E+03  1.1523E+03
0004104   9.6749E+03  2.6179E+02  2.4917E+03
0004105   8.1228E+03 -5.6529E+02 -1.1333E+01
0004106   7.3683E+03 -2.5200E+03  2.4341E+03
0004107   7.2054E+03  2.1933E+03 -1.9799E+03
0004108   6.1857E+03  1.9843E+03  5.4673E+02
0004109   6.2400E+03  1.7583E+03 -1.0639E+03
0004110   9.3547E+03  9.9390E+02  1.4815E+03
0004111   9.4031E+03 -1.3560E+03 -2.2703E+03
0004112   9.0377E+03  2.7687E+03  1.4134E+03
0004113   5.9553E+03  8.5573E+02  1.8958E+03
0004114   7.5371E+03 -1.5500E+03  6.8013E+02
0004115   3.4345E+03  5.5485E+03  3.2992E+03
0004116   5.3890E+03  1.6004E+03  1.6770E+03
0004117   8.6242E+03  2.5871E+03 -1.9545E+03
0004118   7.3672E+03 -1.9656E+03  4.1072E+03
0004119   4.2918E+03 -1.9141E+02  1.9719E+03
0004120   8.9659E+03 -3.1327E+03 -2.9115E+02
0004121   8.0083E+03 -2.7657E+02 -2.7436E+03
0004122   1.1583E+03 -8.4262E+02 -6.9872E+02
0004123   6.3440E+03 -3.8595E+03  8.5738E+02
0004124   7.9373E+03  3.1048E+03  1.8541E+03
0004125   5.5006E+03 -2.0663E+03  2.8043E+03
0004126   3.6694E+03 -6.2307E+02 -3.7518E+03
0004127   6.4853E+03  2.2135E+03 -4.0289E+03
0004128   6.9406E+03  5.1654E+03  2.3945E+03
0004129   8.8264E+03 -1.2997E+03  2.8076E+03
0004130   5.0259E+03  3.1967E+02 -9.5851E+02
0004131   7.7226E+03  3.5451E+03  2.8397E+03
0004132   6.2462E+03 -5.3693E+02  9.3588E+02
0004133   6.1472E+03  1.1471E+03  6.8050E+03
0004134   7.1218E+03  1.9481E+03 -4.3329E+02
0004135   9.9060E+03  1.8070E+02 -2.1048E+03
0004136   6.0327E+03  4.6968E+03 -1.6674E+03
0004137   6.2107E+03  1.4156E+03  2.1242E+03
0004138   6.7735E+03  3.3030E+03  1.5685E+02
0004139   8.7454E+03  2.9177E+03  3.8277E+03
0004140   9.0441E+03 -1.4068E+03 -4.5270E+02
0004141   7.2472E+03  2.4654E+03 -1.7218E+03
0004142   2.7968E+03  2.1878E+03  2.9126E+03
0004143   8.2244E+03  1.0589E+03  1.3243E+03
0004144   1.0878E+03  1.2149E+03  1.0808E+03
0004145   5.8256E+03  4.6816E+03  8.8913E+02
0004146   8.7364E+03 -4.7973E+02 -1.4077E+03
0004147   8.2392E+03  4.7059E+02  2.0448E+03
0004148   6.4299E+03  1.7980E+03  3.9565E+03
0004149   9.5887E+03 -4.5814E+03  1.3905E+02
0004150   8.2428E+03 -1.1813E+03  2.5101E+03
0004151   7.7364E+03  7.5308E+02  1.6894E+03
0004152   1.6662E+03  2.6308E+02 -9.0137E+02
0004153   4.9159E+03 -3.9119E+02  3.1864E+03
0004154   9.4278E+03 -2.0205E+02 -2.5558E+03
0004155   7.1308E+03 -1.8212E+03 -3.2869E+02
0004156   8.0198E+03 -1.7737E+03  6.6362E+02
0004157   9.2823E+03  6.9369E+02  8.6783E+02
0004158   6.3828E+03  2.7121E+02  2.3038E+03
0004159   8.8145E+03 -6.7381E+02 -1.5530E+03
0004160   6.3696E+03  2.2335E+02  1.2010E+03
0004161   7.6397E+03 -3.2828E+03  4.5776E+03
0004162   7.2903E+03  1.4790E+03 -1.7407E+02
0004163   5.2016E+03  2.1185E+03 -6.0984E+02
0004164   6.8068E+03 -1.0112E+03  2.0148E+03
0004165   7.7476E+03 -2.5739E+03  4.6856E+02
0004166   6.3186E+03 -4.1926E+02 -3.4858E+03
0004167   7.2194E+03 -1.8407E+03 -1.3782E+02
0004168   5.2488E+03  5.4218E+03 -3.2496E+02
0004169   8.1663E+03 -1.0699E+03  2.0839E+03
0004170   5.6173E+03  2.3468E+02  1.6189E+03
0004171   8.1214E+03  9.4262E+02 -1.1216E+03
0004172   9.6714E+03 -1.6660E+03 -1.8695E+03
0004173   9.3142E+03  5.9128E+02  1.1738E+03
0004174   9.3637E+03 -1.0526E+03 -2.3131E+01
0004175   4.2249E+03  3.0941E+03 -2.1109E+03
0004176   6.8196E+03 -6.6622E+02 -1.2827E+03
0004177   5.7106E+03 -2.7561E+03 -4.2211E+03
0004178   6.6158E+03  3.6168E+02 -1.1787E+03
0004180   7.5626E+03 -1.9161E+03  3.2457E+03
0004181   7.0548E+03  3.0664E+03 -2.4574E+03
0004182   7.4313E+03  5.2278E+02  1.0347E+03
0004183   5.9232E+03 -8.2400E+02  1.2301E+03
0004184   9.9261E+03 -3.1497E+02  3.7378E+02
0004185   6.7280E+03 -1.1903E+03 -8.3270E+02
0004186   8.6382E+03  3.4856E+02  2.8626E+03
0004187   6.9469E+03 -5.8162E+03  2.6740E+03
0004188   9.3318E+03 -2.1148E+03  2.5002E+03
0004189   2.7524E+03 -7.1899E+02 -4.0031E+03
0004190   5.0514E+03 -6.6235E+02 -2.2407E+03
0004191   8.5970E+03  3.7321E+03  3.4490E+03
0004192   9.5673E+03  2.9203E+03  1.2910E+03
0004193   6.9182E+03 -4.2286E+03  1.5114E+02
0004194   7.7328E+03  3.3812E+03 -5.2329E+02
0004195   5.7878E+03  7.0488E+02 -8.5028E+02
0004196   4.9168E+03 -2.4716E+03 -2.0424E+03
0004197   2.5399E+03 -4.8104E+03 -2.9049E+03
0004198   9.2492E+03  6.9051E+02 -2.1393E+03
0004199   6.3201E+03 -3.4903E+03 -2.2820E+03
0004200   1.0035E+04  2.6180E+03 -6.3960E+02
0004201   8.9408E+03 -3.9557E+03  3.6484E+02
0004202   9.0147E+03  1.2585E+03  2.6985E+03
0004203   4.5695E+03  1.7899E+02  3.0902E+03
0004204   5.9930E+03 -3.9487E+03 -4.3006E+03
0004205   5.5804E+03 -2.4529E+02  9.0932E+02
0004206   7.5888E+03  4.4080E+02 -3.1426E+03
0004207   6.0744E+03 -3.4179E+03  3.0355E+03
0004208   8.8851E+03 -9.3926E+02 -1.1492E+03
0004209   5.3948E+03 -2.0060E+03  2.9907E+02
0004210   8.5952E+03 -3.1521E+02 -1.9132E+03
0004211   5.3576E+03  1.2067E+03 -6.1250E+02
0004212   6.9803E+03  2.9722E+03  2.9001E+03
0004213   8.1448E+03 -3.1762E+02  9.9136E+02
0004214   8.2070E+03 -1.8221E+03 -1.2198E+03
0004215   8.7503E+03 -1.2159E+03 -2.2369E+03
0004216   7.8472E+03 -5.8175E+02 -1.1994E+03
0004217   6.5214E+03 -1.5166E+03 -3.9867E+03
0004218   6.4359E+03  2.4154E+02 -2.6680E+02
0004219   9.0106E+03  1.6240E+03 -2.6753E+03
0004220   6.4554E+03 -1.6513E+03 -9.6694E+02
0004221   6.7782E+03  1.3773E+03 -1.1611E+03
0004222   4.1688E+03 -2.6508E+03 -1.5867E+03
0004223   7.3178E+03 -1.6500E+03 -3.5613E+03
0004224   7.0958E+03  2.5389E+02 -3.2151E+03
0004225   6.4534E+03  1.6267E+03 -1.2492E+03
0004226   8.3149E+03 -2.0092E+02 -2.7614E+03
0004227   8.5380E+03 -5.3358E+02 -1.3535E+02
0004228   2.6789E+03  3.3550E+01 -5.2662E+03
0004229   3.2610E+03  2.1975E+03  5.0293E+02
0004230   8.5002E+03  3.3158E+03 -1.5995E+03
0004231   7.8443E+03  3.9184E+03 -4.4846E+02
0004232   7.4714E+03  1.5977E+03 -3.1698E+03
0004233   6.7877E+03  2.6429E+03  1.3883E+03
0004234   5.1997E+03 -6.0366E+02  1.8086E+03
0004235   2.6853E+03 -1.2066E+03  3.9014E+03
0004236   4.2795E+03 -4.1903E+03 -8.6765E+02
0004237   5.6711E+03  1.0540E+03 -4.1476E+03
0004238   9.6302E+03 -7.7985E+02  3.4288E+01
0004239   6.7195E+03  1.4422E+03  1.4124E+02
0004240   4.1277E+03 -4.2484E+03  2.8106E+03
0004241   3.7989E+03  4.2728E+03 -2.1054E+02
0004242   6.8471E+03  1.2011E+03 -3.5242E+02
0004243   5.1417E+03 -3.2410E+03  3.1167E+03
0004244   6.3480E+03 -8.2331E+01 -2.8647E+03
0004245   5.0824E+03  6.1347E+02 -3.1117E+03
0004246   5.9150E+03  4.4981E+03 -4.4219E+03
0004247   9.1613E+03  1.0388E+03 -2.3888E+03
0004248   7.5539E+03 -1.4557E+03  2.2887E+03
0004249   7.3636E+03 -2.4741E+03 -2.0165E+02
0004250   7.9826E+03 -1.0946E+03 -2.1056E+03
0004251   8.0916E+03  2.7303E+03  2.4126E+03
0004252   4.2044E+03 -1.7329E+03  6.9029E+02
0004253   5.6398E+03  7.8414E+02  4.3299E+03
0004254   8.4873E+03 -1.9013E+03 -1.5918E+03
0004255   6.5472E+03 -6.3460E+00  3.0906E+03
0004256   6.6013E+03 -4.0090E+03  6.4643E+02
0004257   6.7022E+03  1.5912E+03 -8.9631E+02
0004258   8.1520E+03  1.7988E+03 -2.7844E+03
0004259   6.0986E+03  4.4777E+03  1.1142E+03
0004260   6.3533E+03 -5.5347E+03 -1.1427E+03
0004261   9.8554E+03 -2.1021E+03 -1.7943E+03
0004262   6.1401E+03  1.0122E+03  3.2869E+03
0004263   9.1736E+03 -1.4032E+03 -2.3410E+03
0004264   9.9351E+03  2.5705E+03 -2.6425E+02
0004265   5.2532E+03  1.0224E+03 -4.0304E+01
0004266   1.0746E+04  1.0494E+03  9.4457E+02
0004267   8.2554E+03 -5.9802E+01  1.9229E+03
0004268   8.3123E+03 -4.9279E+02 -1.1916E+02
0004269   3.7920E+03  4.2368E+03  1.2592E+03
0004270   6.0727E+03  6.1229E+02  5.0650E+03
0004271   3.1418E+03 -7.8838E+02 -1.9063E+03
0004272   6.3648E+03  6.8513E+02  3.5619E+03
0004273   6.4037E+03 -1.0625E+03 -2.4126E+02
0004274   7.5633E+03 -3.5201E+03 -6.2837E+02
0004275   1.5642E+03  1.5400E+03  7.5202E+02
0004276   5.7064E+03 -8.0494E+02  4.8533E+03
0004277   3.8271E+03  1.6550E+03 -4.4085E+03
0004278   8.8878E+03 -2.2326E+02 -7.2377E+02
0004279   6.8561E+03  1.2593E+03 -1.2230E+03
0004280   6.6014E+03 -4.2922E+03 -4.1229E+03
0004281   7.1954E+03 -8.6174E+02 -3.6655E+03
0004282   5.6754E+03  1.3403E+03  9.8213E+02
0004283   6.9982E+03 -8.9119E+02  4.0211E+02
0004284   7.0095E+03 -4.5934E+02  4.1865E+03
0004285   2.3075E+03 -1.0219E+03 -5.4851E+03
0004286   8.2356E+03 -2.6841E+03  1.7068E+03
0004287   9.2027E+03  4.3282E+02  3.7389E+02
0004288   8.0104E+03 -1.5382E+03 -2.3546E+03
0004289   5.6528E+03  3.6667E+03  1.8042E+03
0004290   2.7476E+03  4.0792E+03  2.1039E+03
0004291   9.2941E+03 -1.3870E+03 -1.8282E+03
0004292   8.2101E+03 -7.4989E+02  1.4489E+03
0004293   6.8172E+03  1.7627E+03 -6.8061E+02
0004294   7.3280E+03  4.4196E+03  2.9360E+03
0004295   8.6982E+03 -5.7145E+02 -2.8092E+03
0004296   9.5966E+03  6.1928E+02 -2.1804E+03
0004297   7.6028E+03 -8.1449E+02 -6.2921E+02
0004298   9.1376E+03  3.0113E+03  1.2566E+03
0004299   7.8295E+03  8.9383E+02  6.8970E+02
0004300   7.9559E+03 -1.9465E+03 -2.1231E+03
0004301   6.5646E+03 -4.4904E+02  1.9482E+03
0004302   7.9878E+03 -1.3898E+03  2.4956E+03
0004303   5.8729E+03 -8.7557E+02 -3.2301E+02
0004304   5.0577E+03  8.2863E-01  1.0375E+03
0004305   9.0869E+03  3.8592E+02  1.0398E+02
0004306   8.2676E+03 -1.3487E+03 -2.3096E+03
0004307   4.7591E+03 -1.8521E+02  3.6104E+02
0004308   4.6077E+03  1.7174E+03  1.6174E+03
0004309   8.8166E+03  1.5929E+02 -9.9434E+02
0004310   5.6783E+03 -2.9938E+03 -5.1595E+02
0004311   7.2591E+03  2.1760E+03  3.6361E+03
0004312   6.9072E+03  2.4151E+03  3.0991E+03
0004313   9.5239E+03 -1.4366E+03 -2.0003E+02
0004314   8.1975E+03 -4.8385E+03  8.1042E+02
0004315   5.7839E+03 -9.2205E+02  3.9022E+03
0004316   5.0870E+03  1.6343E+03 -1.4713E+03
0004317   6.4386E+03  2.7860E+03 -3.5387E+03
0004318   8.0503E+03 -2.9647E+03 -5.3343E+03
0004319   7.8487E+03  2.8930E+03  3.4917E+03
0004320   5.3153E+03 -2.5063E+03 -2.5634E+03
0004321   8.4334E+03 -8.1616E+02  9.4284E+02
0004322   9.7827E+03  3.2543E+03 -6.0711E+02
0004323   9.8399E+03  1.9790E+03 -3.4038E+02
0004324   8.7498E+03 -2.0648E+03  4.7918E+02
0004325   9.3810E+03 -1.8793E+03 -9.4925E+02
0004326   7.7842E+03 -8.6573E+02  8.8423E+02
0004327   4.7989E+03 -1.6879E+03 -5.1268E+03
0004328   5.3192E+03 -3.0956E+02  2.3048E+02
0004329   6.4211E+03  2.8483E+03  1.0166E+03
0004330   9.2675E+03 -1.0202E+02 -8.3790E+02
0004331   8.2977E+03 -1.0532E+03 -1.1394E+03
0004332   9.5365E+03  1.8539E+03 -5.4225E+02
0004333   4.7267E+03 -4.1778E+02 -1.8752E+03
0004334   6.1785E+03  1.4531E+03  2.2015E+03
0004335   5.8902E+03 -3.3749E+03  5.3754E+02
0004336   7.6825E+03  9.1379E+02  3.8295E+02
0004337   6.7562E+03 -2.0694E+03  3.7899E+03
0004338   4.7832E+03  4.1395E+02  1.5665E+03
0004339   7.8334E+03  1.9256E+03  4.3132E+03
0004340   6.6835E+03 -1.2663E+02 -1.8653E+02
0004341   6.6805E+03  1.2822E+03 -1.6450E+03
0004342   8.7254E+03  2.9044E+03 -1.4414E+02
0004343   6.6113E+03  5.4016E+02  1.6247E+03
0004344   6.9054E+03  2.6246E+03 -1.8493E+03
0004345   7.7817E+03  2.4544E+03 -1.7394E+03
0004346   8.5776E+03  2.6235E+03 -2.8386E+01
0004347   6.1400E+03  4.2302E+03 -3.2298E+03
0004348   7.7927E+03 -1.4530E+03 -2.3962E+03
0004349   6.9849E+03 -1.7518E+03  3.8350E+03
0004350   9.3318E+03  1.8066E+01  2.9954E+02
0004351   5.6299E+03 -6.2028E+02 -2.9963E+03
0004352   4.9797E+03  5.1135E+03  2.1427E+01
0004353   7.5950E+03  2.5490E+03  2.1993E+03
0004354   4.5320E+03 -1.3034E+03 -1.3368E+03
0004355   8.3262E+03  3.2996E+03  1.8849E+03
0004356   3.2764E+03  5.5004E+02  8.2923E+01
0004357   9.2739E+03  2.7226E+03  4.6924E+03
0004358   8.5037E+03  8.5764E+02  3.6785E+03
0004359   4.5341E+03 -2.3270E+02  3.9926E+03
0004360   2.5565E+03  3.4315E+03 -2.2871E+03
0004361   6.6561E+03 -1.5568E+03  6.2669E+02
0004362   6.8042E+03 -2.2300E+01  1.5695E+03
0004363   4.1308E+03 -1.6722E+03  1.8972E+03
0004364   9.3422E+03  1.8077E+01  4.2283E+03
0004365   6.8471E+03 -2.9397E+03  3.3790E+03
0004366   9.1458E+03  7.0010E+02 -1.5338E+03
0004367   4.5575E+03 -2.6856E+03  2.1105E+03
0004368   6.0913E+03  2.9193E+03  3.6713E+03
0004369   7.2401E+03  1.7142E+03  5.7627E+02
0004370   9.8760E+03  5.9292E+02 -8.5055E+02
0004371   7.5664E+03 -1.8852E+03  7.2627E+02
0004372   1.0382E+04  1.2027E+03  6.6996E+02
0004373   6.5270E+03  5.3131E+02  1.2687E+03
0004374   9.4920E+03 -1.5295E+03 -1.0266E+03
0004375   4.9076E+03 -1.4282E+03  1.0423E+02
0004376   8.9191E+03  2.1886E+03 -2.4626E+03
0004377   6.7233E+03 -3.1602E+03 -1.7408E+03
0004378   6.2021E+03  2.2534E+02  1.0843E+03
0004379   3.7154E+03 -9.7332E+02 -5.1760E+02
0004380   9.7883E+03 -2.7028E+03  7.7253E+02
0004381   2.9308E+03  7.2624E+02 -7.7829E+01
0004382   9.1880E+03  3.7517E+03 -6.6562E+02
0004383   8.2852E+03 -2.5181E+03  1.6698E+03
0004384   1.0657E+03  1.2740E+03  2.5476E+03
0004385   7.4815E+03 -5.1314E+02  2.1441E+03
0004386   6.5332E+03 -2.7386E+02  2.2305E+03
0004387   7.6449E+03  1.7787E+03  4.3111E+03
0004388   9.9850E+03  2.8754E+03  4.7407E+02
0004389   7.8479E+03  7.5711E+02 -3.0304E+03
0004390   8.6442E+03 -1.3621E+03  2.9598E+03
0004391   7.1123E+03 -3.5765E+03 -1.5291E+03
0004392   3.1527E+03 -7.5280E+02  1.0613E+03
0004393   7.7975E+03  2.1689E+01 -9.3286E+01
0004394   3.7462E+03 -1.3461E+03 -3.5945E+03
0004395   7.7571E+03  1.8598E+03  2.6779E+03
0004396   8.5258E+03 -2.7881E+02 -1.7702E+03
0004397   5.0417E+03 -2.3810E+03 -2.9193E+03
0004398   7.6897E+03 -1.7022E+03 -1.9339E+03
0004399   4.5685E+03  3.8889E+03 -3.3709E+03
0004400   2.5100E+03 -1.9371E+03  1.9123E+03
0004401   6.9481E+03  3.3496E+03  4.4095E+02
0004402   4.6562E+03  2.3838E+03  4.9089E+03
0004403   8.5402E+03  4.8002E+00 -6.0766E+02
0004404   8.0495E+03  1.9085E+03  3.3649E+03
0004405   4.8840E+03  3.2556E+03  2.1281E+03
0004406   9.7276E+03 -2.0901E+03 -2.0261E+03
0004407   7.5788E+03  2.6020E+03  1.6286E+03
0004408   3.2320E+03 -1.3877E+03  4.0259E+03
0004409   6.0569E+03 -3.1310E+03 -1.1705E+03
0004410   5.7171E+03 -1.2545E+03  6.7082E+02
0004411   7.6463E+03  1.2888E+03  1.3374E+03
0004412   5.2096E+03 -1.9070E+03 -1.8401E+02
0004413   8.4234E+03  3.4255E+02  3.2830E+00
0004414   7.7914E+03 -9.4747E+02  2.0467E+03
0004415   7.3229E+03 -3.6051E+02  2.1374E+03
0004416   7.2795E+03  1.8646E+03  8.1741E+02
0004417   6.3793E+03 -1.1731E+03  4.6053E+02
0004418   7.4485E+03  1.8738E+03 -1.0530E+03
0004419   6.6518E+03  7.9354E+02 -1.7906E+03
0004420   7.4860E+03  3.3310E+03  2.0762E+02
0004421   6.9959E+03  1.0539E+03  2.6536E+03
0004422   8.2498E+03 -2.8343E+02 -1.6884E+03
0004423   8.8080E+03 -3.8154E+03  1.2360E+02
0004424   4.9849E+03  3.4297E+03 -3.9729E+03
0004425   9.7507E+03 -1.9622E+03  1.6124E+03
0004426   7.8555E+03 -5.2009E+02  5.7122E+02
0004427   9.2127E+03  1.4492E+03  8.0376E+01
0004428   8.9108E+03  1.6843E+03  1.1297E+03
0004429   8.8686E+03 -4.8161E+02  1.8130E+02
0004430   5.6028E+03 -8.2645E+02 -4.1351E+03
0004431   4.6720E+03  3.1946E+03 -7.0438E+02
0004432   3.1107E+03 -3.1832E+03  1.6942E+03
0004433   7.0054E+03  3.4682E+03  1.5671E+03
0004434   1.0122E+04 -2.2593E+02  7.1559E+02
0004435   9.3181E+03  1.0313E+03  2.7563E+03
0004436   1.0146E+04 -2.2540E+03  5.6041E+02
0004437   4.7226E+03  1.8972E+03  4.4817E+02
0004438   9.2191E+03  3.9457E+02  1.6632E+02
0004439   6.7437E+03 -6.6960E+02  9.6212E+02
0004440   8.4601E+03  4.3784E+02 -4.0931E+02
0004441   3.5178E+03 -1.7501E+03 -2.3459E+03
0004442   6.9131E+03 -3.7309E+03  3.4021E+02
0004443   8.7318E+03 -4.0753E+03 -8.2491E+02
0004444   9.1826E+03 -4.0063E+02 -5.7508E+02
0004445   7.5566E+03 -6.6766E+03  1.4975E+03
0004446   7.9909E+03  2.3962E+03 -1.4615E+03
0004447   8.0315E+03 -2.1083E+02  2.1856E+03
0004448   5.7574E+03  1.8034E+03 -2.4744E+03
0004449   7.4363E+03 -1.9804E+03 -7.8887E+02
0004450   9.7133E+03 -3.0826E+03 -1.3410E+03
0004451   7.3580E+03 -3.1073E+03  1.6495E+03
0004452   5.8955E+03 -1.5837E+03 -2.9899E+02
0004453   2.9422E+03  1.3871E+03  1.8992E+03
0004454   8.0649E+03  1.5707E+03 -4.8503E+02
0004456   7.3796E+03  1.0742E+03  4.5693E+03
0004457   7.8158E+03 -6.8273E+02 -2.3246E+03
0004458   3.8305E+03  6.3588E+02  3.3061E+03
0004459   6.1522E+03 -1.2442E+03 -7.1431E+01
0004460   5.7958E+03  2.6529E+03  3.7782E+03
0004461   1.0094E+04  1.6834E+03 -3.6241E+02
0004462   7.3738E+03  5.2128E+03 -1.5137E+03
0004463   5.4941E+03  9.1058E+02  3.9139E+03
0004464   5.5953E+03  1.4606E+02  1.6789E+03
0004465   6.9700E+03 -1.7148E+03 -2.3754E+03
0004466   9.9679E+03  5.7435E+02 -7.0554E+02
0004467   8.8678E+03 -1.2588E+03 -1.3925E+03
0004468   4.9753E+03  1.8323E+02  1.1155E+03
0004469   4.9010E+03  2.5444E+03  1.1370E+03
0004470   9.4181E+03  7.4292E+02 -2.3062E+03
0004471   7.8149E+03  2.3567E+03 -8.4617E+02
0004472   7.8626E+03  1.1662E+03 -2.2247E+03
0004473   4.9377E+03  7.0860E+02 -1.1241E+03
0004474   6.0904E+03 -2.8410E+03 -2.0231E+03
0004475   7.1959E+03  1.2221E+03 -1.1987E+03
0004476   3.6446E+03 -4.9072E+03  1.4646E+03
0004477   6.8367E+03  2.2988E+03 -1.2912E+03
0004478   1.0471E+04 -1.0450E+03 -3.1695E+02
0004479   4.9291E+03  3.8276E+03  2.5521E+03
0004480   6.3971E+03  1.9291E+03 -2.2680E+03
0004481   7.6565E+03  1.7723E+03 -3.0360E+02
0004482   9.5341E+03  1.3924E+03 -2.3278E+01
0004483   8.2915E+03  1.7684E+03 -1.8007E+03
0004484   6.6320E+03 -7.2405E+02 -2.1043E+02
0004485   7.9165E+03  3.8750E+03  1.5224E+03
0004486   5.1897E+03  1.3326E+02 -1.1819E+02
0004487   8.6573E+03 -1.2797E+03  3.7972E+02
0004488   6.3375E+03 -2.2889E+03 -1.7120E+03
0004489   1.0804E+04  2.4824E+03 -4.9218E+02
0004490   4.2084E+03  2.8522E+03 -1.5534E+03
0004491   8.8829E+03 -1.5259E+02 -1.4034E+03
0004492   9.6070E+03  1.0975E+03  8.0895E+02
0004493   7.6190E+03  6.5427E+02 -6.4496E+02
0004494   8.5953E+03  1.5422E+03 -4.2139E+00
0004495   8.5550E+03  1.5853E+03 -4.4389E+02
0004496   8.1228E+03 -1.8566E+03 -1.8520E+03
0004497   6.1229E+03 -8.4872E+02  1.2738E+03
0004498   6.2325E+03 -4.0648E+03 -8.3324E+01
0004499   6.6971E+03  1.6882E+03  2.7396E+03
0004500   6.4511E+03  1.3142E+03 -1.7637E+03
0004501   4.6884E+03 -9.6245E+02  3.1722E+03
0004502   7.4235E+03  8.9227E+02  3.4064E+03
0004503   7.9889E+03  1.8788E+03 -5.3824E+01
0004504   7.7298E+03 -2.7949E+02 -1.7902E+03
0004505   4.5467E+02  3.8848E+03 -4.1096E+03
0004506   8.0768E+03 -6.0606E+01 -1.4682E+03
0004507   9.2017E+03 -3.4870E+03 -1.1853E+03
0004508   7.6366E+03  2.7920E+03  5.6576E+02
0004509   4.1501E+03  2.6482E+03 -2.2984E+03
0004510   4.5665E+03 -6.9234E+02  1.7963E+03
0004511   6.7436E+03 -1.1883E+02  1.1260E+03
0004512   7.2474E+03 -4.5946E+03 -1.4839E+03
0004513   9.5320E+03 -1.5369E+03  9.6364E+02
0004514   5.9968E+03 -2.6146E+03 -2.7422E+03
0004515   7.7745E+03  4.6342E+02 -4.5475E+02
0004516   8.6337E+03  2.1747E+03 -8.5377E+01
0004517   9.3760E+03  7.3361E+02 -1.7425E+03
0004518   8.0388E+03  1.7763E+03 -4.6734E+03
0004519   7.5153E+03 -1.1725E+03 -2.6280E+03
0004520   6.1241E+03 -3.8415E+02 -1.4711E+03
0004521   4.8350E+03 -1.5070E+03  1.5367E+03
0004522   7.3468E+03  2.9809E+03  2.8332E+03
0004523   8.2793E+03  2.6288E+03 -4.6698E+02
0004524   9.0431E+03 -3.7288E+02  6.5717E+02
0004525   9.6176E+03  7.3013E+02 -1.8705E+03
0004526   8.6472E+03  9.1347E+02  9.7997E+02
0004527   7.6355E+03  7.0267E+02  1.3100E+03
0004528   8.6997E+03  3.8388E+03  2.4338E+02
0004529   4.2039E+03 -1.9269E+03 -1.3817E+03
0004530   7.4136E+03 -1.5372E+02  3.7869E+02
0004531   7.1304E+03 -1.7351E+03 -1.3639E+02
0004532   1.0698E+04  1.2680E+03 -2.1921E+03
0004533   7.1858E+03  6.3050E+01 -2.5377E+03
0004534   1.0851E+04  1.6623E+02 -2.5397E+03
0004535   9.6844E+03  1.9159E+03 -3.0283E+03
0004536   6.2814E+03 -7.5232E+01 -4.2063E+03
0004537   7.9840E+03  4.2976E+02 -1.7724E+03
0004538   6.0617E+03 -4.5682E+03  1.3530E+03
0004539   6.1272E+03  1.8050E+03 -1.2002E+03
0004540   7.1476E+03  5.1282E+02 -9.2134E+02
0004541   8.6343E+03 -6.4954E+02  1.1750E+03
0004542   6.6664E+03  4.3574E+03  1.0879E+03
0004543   8.7282E+03  2.6126E+03 -1.7555E+03
0004544   7.2894E+03  4.5875E+03 -2.0874E+03
0004545   3.7230E+03  4.4172E+02 -9.4682E+02
0004546   8.4034E+03 -6.3988E+02 -2.8460E+02
0004547   9.8746E+03  1.5628E+03 -1.8379E+03
0004548   7.6816E+03 -1.5343E+01 -2.7268E+03
0004549   6.7296E+03  3.1020E+03  6.5002E+02
0004550   1.0074E+03 -2.7275E+03  3.8090E+03
0004551   3.8748E+03  3.7047E+03  9.2056E+02
0004552   6.4063E+03 -1.3311E+02  3.6386E+03
0004553   9.9415E+03 -1.4226E+03 -8.5184E+02
0004554   5.3445E+03 -1.2519E+03 -2.0422E+03
0004555   6.3541E+03  2.2976E+03 -4.5581E+03
0004556   8.5068E+03 -1.4656E+02 -2.5486E+03
0004557   9.9521E+03 -7.4665E+02  2.1466E+03
0004558   7.2977E+03  1.7731E+03 -1.1134E+03
0004559   8.7924E+03  1.0819E+03  5.2502E+01
0004560   5.9804E+03  1.1798E+02 -9.8043E+02
0004561   4.1197E+03 -1.7213E+03 -3.6600E+02
0004562   8.0511E+03 -3.0756E+02  2.5996E+02
0004563   8.1619E+03  1.5946E+03  1.7052E+03
0004564   5.7985E+03  2.9959E+03  3.4053E+03
0004565   7.9471E+03  2.5385E+03 -2.2660E+03
0004566   6.7519E+03 -3.0152E+03  1.0782E+03
0004567   6.7847E+03  4.3076E+03 -2.6274E+03
0004568   7.0094E+03  1.1397E+03  2.1554E+03
0004569   6.6745E+03 -2.2297E+03 -3.2072E+02
0004570   6.7213E+03  1.9310E+03 -1.7780E+03
0004571   8.6220E+03  7.6333E+02 -2.1964E+03
0004572   8.2627E+03 -4.1807E+02  2.0248E+03
0004573   6.8620E+03 -1.9870E+03  2.0319E+03
0004574   3.9818E+03  4.0422E+02 -1.9899E+03
0004575   5.8214E+03  3.4064E+02  2.5366E+03
0004576   8.3044E+03  2.9539E+01 -2.5228E+02
0004577   9.3635E+03  1.3906E+03 -8.1591E+02
0004578   8.3012E+03  1.1736E+03  4.0012E+03
0004579   1.0109E+04  1.2783E+03  1.3147E+03
0004580   5.9762E+03  1.7094E+03 -2.3403E+02
0004581   7.0608E+03  6.8651E+02 -2.0576E+03
0004582   5.9436E+03  1.7530E+03  4.7475E+03
0004583   8.6235E+03  5.0516E+02  5.9126E+02
0004584   7.0074E+03 -3.9346E+03 -8.8993E+02
0004585   4.2061E+03  2.4841E+03 -4.7891E+03
0004586   8.0564E+03 -4.6752E+02  2.2461E+02
0004587   1.3255E+03  9.1704E+02 -2.8657E+03
0004588   9.3695E+03 -4.3523E+03  3.1026E+02
0004589   9.7516E+03  2.1743E+02  7.0859E+02
0004590   6.3225E+03  3.5928E+03 -2.3047E+03
0004591   7.4378E+03  1.8626E+03 -3.7325E+03
0004592   8.1341E+03 -1.0194E+02  5.4430E+02
0004593   7.8665E+03  9.1077E+01 -1.0398E+03
0004594   8.3475E+03  2.2236E+03 -1.6334E+03
0004595   7.8524E+03  2.0187E+03 -2.9520E+02
0004596   8.9180E+03 -7.4037E+02  2.4377E+02
0004597   3.0243E+03 -4.8519E+01 -1.4212E+03
0004598   7.0677E+03 -2.1873E+03  1.7148E+03
0004599   9.7248E+03  9.2221E+02 -1.0947E+03
0004600   8.2810E+03 -1.5090E+03  1.7200E+02
0004601   8.3822E+03  1.9333E+03 -5.5747E+02
0004602   7.7049E+03 -1.5743E+03 -2.8090E+03
0004603   5.5005E+03  7.9380E+01  5.8741E+02
0004604   9.2475E+03  8.5439E+02 -3.2791E+03
0004605   5.5462E+03  1.4108E+03 -4.2120E+03
0004606   5.3279E+03 -3.0569E+03  2.3873E+03
0004607   9.1607E+03 -3.9878E+02  7.5538E+02
0004608   9.4697E+03 -1.6155E+03  4.6007E+03
0004609   4.4301E+03  2.6417E+03  1.2100E+03
0004610   1.0060E+04 -3.7130E+01 -9.6768E+02
0004612   1.0087E+04  3.6322E+03  9.7405E+01
0004613   3.7939E+03 -4.1455E+03  8.6991E+02
0004614   2.0838E+03 -3.9099E+03  2.0842E+03
0004615   7.1300E+03 -1.5530E+02 -3.3119E+02
0004616   5.9622E+03 -4.0788E+03 -1.0263E+03
0004617   7.5535E+03 -1.2137E+03 -5.2429E+02
0004618   2.3180E+02 -3.8017E+02  2.0172E+02
0004619   1.0237E+04 -2.0272E+03 -8.4234E+02
0004620   6.5247E+03 -2.9159E+03 -1.1418E+03
0004621   1.0930E+04 -1.6087E+02  2.6261E+03
0004622   8.4584E+03 -4.5405E+02 -3.1630E+02
0004623   8.8257E+03  1.9940E+03 -1.5880E+03
0004624   6.9239E+03 -3.1408E+03  4.6718E+03
0004625   5.1704E+03  3.7687E+03 -3.1254E+03
0004626   9.2505E+03 -1.4797E+03  5.0833E+02
0004627   4.3039E+03  2.8104E+02 -2.2906E+03
0004628   3.1776E+03  7.4725E+02  5.5933E+02
0004629   3.6811E+03 -4.0504E+03 -2.8793E+03
0004630   3.1304E+03 -3.7531E+03  1.1199E+03
0004631   4.1570E+03 -5.0852E+02  2.8061E+02
0004632   7.4641E+03  1.5437E+03 -1.7833E+03
0004633   5.9551E+03  2.5172E+03  1.9773E+03
0004634   5.2293E+03  2.5053E+03  7.5429E+03
0004635   4.9243E+03 -2.2020E+03 -1.8804E+03
0004636   8.1155E+03 -1.3763E+03  3.4936E+03
0004637   1.0409E+04 -9.8618E+02  1.9923E+03
0004638   6.1582E+03  5.1217E+03 -1.0523E+03
0004639   9.3833E+03  6.2171E+02 -3.4847E+02
0004640   1.0048E+04 -4.0855E+02  7.4068E+02
0004641   6.5555E+03 -3.2697E+02 -4.9915E+03
0004642   3.9810E+03  5.7325E+02 -4.0847E+03
0004643   5.3524E+03  2.3047E+03 -1.1638E+03
0004644   9.2556E+03 -4.0882E+03  1.6489E+03
0004645   5.3004E+03  1.5914E+03  4.7437E+02
0004646   8.4309E+03 -4.3193E+03  3.9457E+03
0004647   5.4720E+03 -3.1041E+03 -4.1848E+03
0004648   5.4968E+03  3.2491E+03  4.4198E+03
0004649   7.8558E+03 -3.3453E+03  9.7087E-01
0004650   6.9990E+03 -1.8769E+03 -4.7091E+03
0004651   9.0766E+03  8.2780E+01  5.2594E+02
0004652   7.7545E+03 -3.4394E+03 -8.1751E+02
0004653   7.6715E+03 -3.6402E+02 -1.6147E+03
0004654   6.1006E+03 -3.8002E+01  6.8139E+02
0004655   9.6769E+03 -1.1762E+02 -3.6125E+02
0004656   7.4853E+03 -5.0373E+03  1.8489E+03
0004657   5.7251E+03 -1.1634E+03 -8.4096E+02
0004658   4.0907E+03 -2.9548E+02  2.2031E+03
0004659   8.4193E+03 -8.0479E+02  3.7879E+02
0004660   6.2115E+03  1.4956E+02 -2.4080E+02
0004661   7.6260E+03 -3.4064E+02  9.7510E+02
0004662   6.1456E+03 -2.1444E+03  5.2244E+02
0004663   2.4243E+03  3.0294E+03 -3.1544E+03
0004664   6.2502E+03  9.8941E+02 -1.7980E+03
0004665   6.6793E+03  2.8203E+03 -2.7048E+03
0004666   6.2377E+03 -9.1334E+02  2.9321E+03
0004667   7.3373E+03 -1.7275E+03 -2.9985E+03
0004668   9.1172E+03 -6.3967E+02  7.9255E+02
0004669   7.3995E+03  2.9372E+03 -1.4268E+03
0004670   8.9254E+03 -1.2988E+03 -1.6379E+03
0004671   1.0890E+04 -5.2617E+02  7.3336E+02
0004672   7.2331E+03  2.8187E+02  2.5978E+03
0004673   7.7896E+03 -1.6854E+03  9.3403E+01
0004674   6.7097E+03 -1.5774E+03  2.2632E+03
0004675   5.8135E+03 -3.0193E+03 -3.6248E+03
0004676   2.1012E+03 -2.6784E+02 -2.8725E+02
0004677   6.0936E+03  2.9954E+03  2.8462E+03
0004678   9.6026E+03  1.4683E+03  6.0982E+03
0004679   5.5609E+03  2.5579E+03 -1.6554E+03
0004680   7.7927E+03  1.6490E+03  7.7859E+02
0004681   9.2682E+03 -3.7765E+02 -3.1725E+03
0004682   8.6574E+03 -3.0147E+03  1.6214E+03
0004683   6.5880E+03 -1.1209E+03  2.0025E+01
0004684   9.5549E+03 -2.5110E+02 -2.7880E+02
0004685   4.5001E+03  3.0398E+01 -3.7076E+03
0004686   8.2876E+03 -2.2775E+03  2.1281E+03
0004687   8.1172E+03  2.2733E+03  3.4340E+03
0004688   3.5980E+03 -1.0435E+02  2.8657E+02
0004689   9.6395E+03 -4.1375E+02 -3.2585E+02
0004690   7.0249E+03  2.0770E+03 -3.4733E+03
0004691   6.2074E+03  5.5737E+03 -1.7327E+03
0004692   8.8039E+03 -8.4456E+02 -2.7441E+03
0004693   6.2398E+03  2.0435E+03  6.4073E+02
0004694   8.8495E+03 -9.5347E+02 -8.6423E+02
0004695   9.2342E+03 -3.0456E+03 -1.2090E+03
0004696   9.0543E+03  1.0190E+03  1.0361E+03
0004697   9.9498E+03  1.7337E+03 -1.4025E+03
0004698   6.8051E+03 -1.2041E+03  2.9626E+03
0004699   1.0112E+04 -1.9668E+03 -1.9233E+03
0004700   7.8577E+03  4.9300E+03 -3.6124E+02
0004701   7.4692E+03 -2.1954E+02 -5.1769E+02
0004702   7.1883E+03 -3.8241E+01 -2.4156E+03
0004703   9.6120E+03  1.3566E+03  2.9491E+03
0004704   8.2240E+03 -2.5716E+03 -1.1080E+03
0004705   7.6294E+03  1.9136E+03  4.4355E+02
0004706   7.5459E+03 -3.1115E+03 -2.6403E+03
0004707   3.9371E+03  1.4388E+03 -1.4918E+03
0004708   8.1666E+03  2.5883E+03 -1.0684E+03
0004709   7.2713E+03  1.4584E+03 -2.1962E+03
0004710   9.1526E+03 -5.6810E+02  7.9771E+02
0004711   1.0073E+04 -2.4540E+03  1.7212E+03
0004712   5.9632E+03 -2.2969E+03 -4.6400E+03
0004713   8.6931E+03 -2.9210E+03  1.0640E+02
0004714   9.2112E+03  4.3053E+02  4.1649E+02
0004715   4.7392E+03 -1.0707E+03  1.7150E+03
0004716   8.6524E+03 -5.1307E+02 -2.7887E+03
0004717   7.0462E+03 -1.6777E+03  9.0721E+02
0004718   7.2467E+03 -2.9500E+03 -5.5477E+02
0004719   7.5608E+03  9.0489E+02 -1.7096E+03
0004720   6.4445E+03 -2.3230E+03  2.5584E+03
0004721   5.0151E+03  1.7605E+03  2.2937E+02
0004722   9.1477E+03 -1.1327E+03  1.9036E+03
0004723   7.0915E+03  4.2518E+02  7.0217E+02
0004724   8.3981E+03  3.8001E+02 -4.7498E+02
0004725   7.7354E+03  5.4350E+02  2.4739E+03
0004726   9.5659E+03  5.3009E+02 -2.0501E+03
0004727   7.4658E+03  7.5652E+02 -4.2609E+02
0004728   8.5631E+03  1.8642E+02 -1.4660E+03
0004729   9.9692E+03 -2.5069E+03 -6.9200E+02
0004730   6.0184E+03 -5.6302E+02  9.6766E+02
0004731   5.5756E+03  1.4931E+03 -7.1774E+02
0004732   7.3375E+03 -8.3205E+02 -1.9451E+03
0004733   1.0593E+04 -2.4753E+03  1.1569E+02
0004734   7.5406E+03 -2.0242E+03 -2.2806E+03
0004735   9.0648E+03 -1.7705E+03 -1.5490E+02
0004736   1.0275E+04  2.0523E+02 -5.8606E+02
0004737   8.8456E+03 -2.5484E+03 -1.5312E+03
0004738   6.9528E+03 -3.6244E+03  2.2420E+03
0004739   7.6405E+03 -2.6176E+03  1.1604E+03
0004740   6.5341E+03 -4.0732E+03 -1.7051E+03
0004741   5.7118E+03 -1.6207E+03  3.3822E+03
0004742   6.5195E+03 -1.5911E+03  1.6265E+03
0004743   6.2492E+03  1.5685E+03 -1.6569E+03
0004744   7.2942E+03  3.3381E+03  5.1019E+02
0004745   9.7569E+03  1.1570E+03  2.8020E+03
0004746   6.7614E+03 -1.7809E+03 -3.3862E+03
0004748   7.8012E+03  1.6659E+03 -2.4101E+02
0004749   7.7897E+03 -8.0110E+02 -6.8308E+02
0004750   4.6310E+03  1.6653E+02  1.5603E+03
0004751   7.9290E+03 -1.8692E+03  1.1029E+02
0004752   9.3751E+03 -8.6622E+02 -2.7323E+03
0004753   8.1956E+03  2.3683E+03 -8.9905E+02
0004754   7.8469E+03  2.5083E+03  4.8683E+02
0004755   7.5256E+03  1.1018E+03  2.5405E+03
0004756   5.9530E+03 -3.9255E+01 -1.2358E+03
0004757   7.5781E+03 -2.0396E+02  2.0897E+03
0004758   7.1622E+03  5.0029E+03  5.6788E+02
0004759   6.2537E+03 -8.5020E+02  2.6773E+03
0004760   1.0043E+04 -1.0860E+03 -2.6549E+03
0004761   9.1399E+03 -1.4771E+03  5.2896E+02
0004762   1.9725E+03  6.7907E+02  1.2975E+03
0004763   8.6922E+03 -2.9230E+03 -7.1399E+02
0004764   7.7568E+03  1.6213E+03 -5.4661E+03
0004765   4.0040E+03 -5.6557E+03 -1.5724E+02
0004766   7.9479E+03 -4.3592E+02  3.6927E+03
0004767   6.8138E+03 -2.8702E+03  5.8126E+02
0004768   6.2423E+03  5.5801E+03 -6.2061E+02
0004769   7.7493E+03  1.9159E+03 -4.9400E+02
0004770   5.1737E+03 -4.9938E+03 -3.4921E+03
0004771   7.0962E+03 -3.7605E+03 -2.7721E+03
0004772   4.4891E+03 -2.4278E+03  1.6745E+03
0004773   7.0490E+03  3.0326E+02  3.4993E+03
0004774   8.8077E+03 -1.0594E+03  4.0689E+03
0004775   8.5364E+03 -2.6465E+03 -2.4458E+03
0004776   8.3637E+03 -8.0736E+02 -2.2657E+03
0004777   6.6390E+03  1.4028E+03 -4.0826E+03
0004778   8.2985E+03 -2.3822E+02 -1.0792E+03
0004779   6.3126E+03 -3.6359E+03  3.9250E+02
0004780   8.8686E+03  1.3400E+03 -1.9007E+03
0004781   9.5320E+03 -2.5884E+02  1.4808E+03
0004782   6.9042E+03  3.7453E+02  1.2488E+03
0004783   7.6745E+03 -2.6351E+03  8.3325E+01
0004784   6.8998E+03 -2.2043E+03 -3.9432E+03
0004785   9.2123E+03 -2.5424E+03 -6.1038E+02
0004786   1.0287E+04 -5.3237E+02  2.8474E+03
0004787   8.3638E+03 -4.5149E+02  3.7772E+03
0004788   5.8181E+03  2.3875E+03 -1.7250E+03
0004789   8.5437E+03 -1.3681E+03  1.4588E+03
0004790   1.0295E+04  1.0733E+03 -2.6818E+02
0004791   5.8426E+03  3.2600E+03 -2.6657E+03
0004792   7.3412E+03  2.4787E+03 -5.1321E+03
0004793   7.6876E+03  2.6463E+03  7.7851E+02
0004794   5.5511E+03 -1.9806E+03  1.2872E+03
0004795   8.9535E+03  8.4806E+02 -4.2546E+03
0004796   6.7466E+03  6.1923E+02 -1.3513E+03
0004797   3.8914E+03  2.0189E+03 -2.7330E+02
0004798   7.7479E+03 -4.2547E+02  5.9614E+02
0004799   7.0876E+03  2.7087E+03  2.2399E+03
0004800   7.8857E+03 -3.6385E+03  6.3837E+02
0004801   5.3926E+03  2.1829E+03 -2.8651E+03
0004802   7.6216E+03 -1.9573E+03  7.6781E+02
0004803   7.4451E+03  2.1351E+02 -1.7747E+03
0004804   7.1231E+03 -4.1210E+02  1.4585E+03
0004805   7.3771E+03  3.5570E+02  5.6438E+03
0004806   7.2311E+03  3.8573E+02 -1.2891E+03
0004807   6.4129E+03 -3.8457E+02 -2.8040E+03
0004808   6.3073E+03  3.0153E+03  2.5927E+03
0004809   4.8864E+03 -5.0267E+03  3.3002E+03
0004810   9.3505E+03  1.6391E+03  1.8114E+02
0004811   6.1373E+03 -2.6081E+03  1.6134E+02
0004812   6.2019E+03  2.5046E+02  2.3783E+02
0004813   8.1145E+03 -1.7466E+03  1.0723E+01
0004814   9.2545E+03  2.8570E+03 -1.3704E+03
0004815   4.6630E+03  2.8663E+02 -5.2379E+02
0004816   6.7219E+03 -1.4867E+03  3.6724E+03
0004817   4.5642E+03  3.9101E+03 -1.8432E+03
0004818   9.6663E+03 -3.2246E+02 -2.5220E+02
0004819   8.7053E+03 -2.7368E+03  1.5723E+03
0004820   6.4326E+03 -2.3976E+03  6.4165E+02
0004821   6.6176E+03 -3.0120E+03 -1.7708E+03
0004822   6.0956E+03 -2.2304E+02 -4.8908E+02
0004823   6.5321E+03 -9.6170E+02  9.9374E+02
0004824   6.5273E+03  2.5621E+03 -2.9337E+03
0004825   9.3007E+03 -2.4867E+03 -7.7625E+02
0004826   7.7183E+03  2.9188E+03  1.1347E+03
0004827   6.3343E+03  3.1511E+03  3.7929E+02
0004828   5.8173E+03  2.7613E+03 -1.3838E+03
0004829   8.3460E+03 -6.9433E+02  1.5582E+03
0004830   3.2071E+03  4.5523E+03  4.8111E+02
0004831   7.1657E+03  1.8224E+03 -3.0742E+03
0004832   8.1010E+03  8.4101E+02 -3.8423E+03
0004833   6.3013E+03  3.2102E+02  2.2744E+03
0004834   9.7071E+03 -2.6376E+03 -1.9242E+03
0004835   5.6666E+03  6.5770E+03  2.6234E+03
0004836   7.7528E+03  5.4165E+02  7.9141E+02
0004837   9.5468E+03  3.6101E+03  2.1453E+03
0004838   7.7392E+03  3.7970E+03 -1.2010E+03
0004839   9.3572E+03  7.4889E+01 -3.2833E+02
0004840   7.8025E+03  2.5453E+03  3.9083E+02
0004841   8.1601E+03  8.5885E+02  2.6590E+03
0004842   8.2431E+03  2.6239E+03  3.7122E+02
0004843   2.8262E+03  1.2943E+03 -1.2458E+03
0004844   6.3752E+03 -2.5775E+03 -4.1675E+03
0004845   8.6106E+03 -1.6213E+03 -4.8168E+02
0004846   1.0456E+04 -1.5950E+03 -5.0883E+01
0004847   9.2127E+03  2.1221E+03  1.1776E+02
0004848   7.1508E+03  4.2153E+03  4.5211E+02
0004849   6.3737E+03 -4.1836E+03  4.3221E+02
0004850   8.5394E+03 -3.3261E+03 -2.0688E+03
0004851   5.8620E+03  2.3453E+03  5.7058E+02
0004852   8.8054E+03  2.7838E+03 -2.4905E+03
0004853   6.0414E+03  4.5247E+03 -5.4904E+02
0004854   7.2104E+03 -2.8813E+03 -1.9119E+03
0004855   1.2166E+03 -2.2257E+02  3.6391E+02
0004856   8.3961E+03 -5.5426E+02 -8.8578E+02
0004857   7.5722E+03  5.1986E+02  1.7342E+03
0004858   7.3058E+03  1.7569E+03 -7.3648E+02
0004859   8.9941E+03  6.7196E+00 -1.8843E+03
0004860   7.2440E+03  3.4539E+02 -2.7390E+03
0004861   8.9845E+03  8.4712E+02 -5.9981E+02
0004862   1.8203E+03 -2.8215E+03  1.8201E+03
0004863   5.9698E+03  2.7477E+03 -6.6566E+02
0004864   8.1965E+03  1.5833E+02 -1.2103E+02
0004865   8.1307E+03  4.2295E+03 -2.1724E+02
0004866   7.3093E+03  9.1798E+02 -2.4578E+03
0004867   7.0513E+03 -2.4691E+03  2.0621E+03
0004868   8.1559E+03  2.1519E+03 -3.7317E+03
0004869   6.0989E+03 -1.1976E+03  4.6684E+03
0004870   6.9682E+03  1.0375E+03 -2.0032E+03
0004871   8.1587E+03  3.6309E+03 -2.8187E+03
0004872   7.0188E+03  2.1124E+03 -2.6706E+03
0004873   7.8145E+03  1.6964E+02 -1.1400E+03
0004874   8.2243E+03 -1.1483E+03  5.8325E+02
0004875   7.6793E+03  3.8520E+02  3.0410E+02
0004876   7.0920E+03  1.0946E+03  3.4649E+03
0004877   6.7441E+03  2.8549E+03  1.8169E+03
0004878   9.2002E+03  6.5371E+02  2.1032E+03
0004879   8.1866E+03 -4.9422E+02  1.1079E+03
0004880   7.3417E+03 -1.5076E+02 -1.2526E+03
0004881   2.1983E+03  3.3420E+03  2.2291E+03
0004882   8.5766E+03  4.3812E+03  7.9386E+02
0004883   1.6833E+03 -4.1005E+03  7.0756E+02
0004884   7.3215E+03  2.5482E+03  2.4316E+03
0004885   6.3692E+03 -3.6069E+03 -1.6962E+03
0004886   7.0959E+03  2.8140E+03 -2.5298E+03
0004887   9.2849E+03  3.0719E+03  3.2366E+03
0004888   4.2071E+03 -2.9969E+01  4.6462E+03
0004889   9.6105E+03  2.3106E+03 -1.2051E+02
0004890   8.3603E+03 -2.5271E+02  2.9608E+02
0004891   8.0514E+03  1.4074E+03 -1.2131E+03
0004892   4.9767E+03  1.2047E+03  5.0930E+02
0004893   8.7597E+03  1.6081E+03 -2.3322E+03
0004894   7.4079E+03  4.2258E+03 -2.2809E+03
0004895   8.1106E+03 -2.6919E+03  4.8223E+02
0004896   9.5585E+03  1.2403E+03  7.5271E+02
0004897   5.7596E+03 -3.4209E+03  1.3717E+03
0004898   8.2692E+03  1.0662E+03  1.0051E+03
0004899   7.3832E+03 -2.1882E+03 -1.2337E+03
0004900   7.7422E+03  7.2859E+02 -5.9889E+02
0004901   6.8339E+03  1.0173E+03 -4.7464E+02
0004902   7.8799E+03  3.2377E+02  3.6094E+03
0004903   7.9555E+03  1.3115E+03  2.6933E+03
0004904   9.4510E+03  1.0288E+03  9.1446E+02
0004905   7.1864E+03  3.2483E+02  4.8581E+02
0004906   8.5078E+03 -3.5999E+03  2.2198E+03
0004907   5.7513E+03 -2.9087E+03 -1.5209E+03
0004908   5.7414E+03 -2.2204E+03 -5.1129E+02
0004909   8.4332E+03  6.7308E+02  1.2668E+03
0004910   6.9907E+03  2.1167E+03 -1.4016E+03
0004911   8.1707E+02 -4.7025E+02  2.5564E+03
0004912   4.9072E+03 -6.0329E+01  1.1707E+03
0004913   5.4140E+03  3.6284E+03 -1.6025E+03
0004914   5.4422E+03 -1.9548E+03  9.0920E+01
0004915   7.9217E+03 -9.2114E+02  1.2706E+03
0004916   3.3797E+03  2.9933E+03  2.9765E+03
0004917   7.3147E+03  4.1200E+02 -6.6644E+00
0004918   9.3002E+03  2.2256E+03 -2.3254E+03
0004919   8.5032E+03 -4.5818E+02  5.2318E+03
0004920   3.5941E+03 -2.7029E+03 -1.8521E+03
0004921   8.1279E+03 -1.1517E+03 -2.3967E+03
0004922   1.0210E+04 -4.9148E+02 -2.5079E+02
0004923   9.0319E+03 -5.7368E+02 -4.2815E+02
0004924   1.0107E+04 -3.8631E+03  1.8711E+03
0004925   6.4420E+03 -2.8021E+03  3.7996E+03
0004926   7.7634E+03  6.2442E+02 -3.9765E+03
0004927   8.2933E+03  3.4832E+03  1.1249E+03
0004928   7.7769E+03  2.7742E+03  2.6333E+03
0004929   7.3221E+03  2.5206E+03  1.1445E+03
0004930   5.6229E+03  1.7354E+03 -6.8189E+02
0004931   9.5463E+03  8.0502E+02 -6.1710E+02
0004932   5.2665E+03 -2.6607E+02 -6.8785E+02
0004933   4.1596E+03  4.7947E+03 -6.8741E+02
0004934   6.8308E+03  2.6657E+03 -3.6640E+03
0004935   4.3906E+03  1.0263E+03 -2.7307E+03
0004936   6.9125E+03 -2.7551E+03 -5.7744E+02
0004937   1.1018E+04  5.7360E+02  5.7898E+02
0004938   7.9444E+03 -4.0600E+02 -2.7079E+03
0004939   5.9399E+03 -1.4358E+03 -5.3910E+03
0004940   7.7458E+03 -2.2077E+03  4.6195E+03
0004941   4.9029E+03 -1.2948E+02 -8.6926E+02
0004942   8.4942E+03  4.3480E+03  3.1226E+02
0004943   9.4878E+03 -2.7650E+03  4.8924E+02
0004944   5.3176E+03  1.7416E+03  3.0481E+03
0004945   7.8097E+03 -1.5746E+02  2.4112E+03
0004946   9.2079E+03 -1.5961E+03 -8.2757E+01
0004947   9.0605E+03  1.9827E+03  2.5017E+03
0004948   5.2694E+03 -1.3647E+03  5.3363E+02
0004949   7.9517E+03  3.8077E+03  1.7886E+02
0004950   8.3175E+03  3.1668E+03  2.1531E+03
0004951   4.5740E+03 -5.7082E+03 -2.1491E+03
0004952   7.1135E+03  2.4699E+03  1.7699E+03
0004953   9.7006E+03 -2.5821E+03  2.6931E+03
0004954   1.0427E+04 -2.1994E+03 -1.7202E+03
0004955   6.6275E+03  3.1562E+03  2.4079E+03
0004956   2.9091E+03 -1.4175E+03  3.1860E+03
0004958   9.6816E+03 -5.5976E+02 -7.2250E+02
0004959   8.1784E+03  1.4868E+03 -1.3406E+03
0004960   7.9783E+03  2.9307E+03 -2.2146E+03
0004961   7.1296E+03  2.0777E+03  3.3449E+03
0004962   6.3739E+03 -3.0210E+03  2.3895E+03
0004963   8.4578E+03 -1.2500E+03 -7.9617E+02
0004964   5.1516E+03 -1.4810E+03  3.5198E+03
0004965   1.0197E+04  1.1016E+03 -4.1823E+02
0004966   6.6565E+03  3.9267E+03  3.8267E+03
0004967   8.4925E+03  2.7452E+03 -2.9312E+03
0004968   6.7207E+03 -2.0741E+03  1.6844E+03
0004969   7.3489E+03  3.1655E+03  3.3102E+03
0004970   8.4736E+03  9.6447E+02 -2.1191E+02
0004971   5.2352E+03  1.4826E+03 -8.5939E+02
0004972   8.1409E+03  2.7022E+03  1.6363E+03
0004973   9.1793E+03 -1.0227E+03 -8.1798E+02
0004974   6.9967E+03  8.2935E+02  3.7060E+03
0004975   8.6959E+03  2.8517E+03  4.9244E+02
0004976   8.2336E+03  3.2831E+03  3.1973E+03
0004977   8.2858E+03 -3.0998E+03 -5.5066E+03
0004978   7.9064E+03 -1.0224E+03  2.5621E+03
0004979   5.5155E+03 -1.3390E+03 -2.2955E+03
0004980   8.3661E+03 -1.2003E+03  2.0333E+03
0004981   4.7351E+03 -9.6416E+02  1.8311E+03
0004982   4.5410E+03  8.0617E+02  4.2268E+03
0004983   7.8518E+03 -2.2704E+03 -8.1640E+02
0004984   9.2528E+03  1.8550E+03 -1.9904E+03
0004985   6.8678E+03 -2.3332E+03  4.6794E+02
0004986   7.6281E+03 -2.4773E+02 -2.5270E+03
0004987   7.6671E+03  3.9786E+02 -1.4726E+03
0004988   7.7772E+03 -1.1957E+02  1.7837E+03
0004989   4.9098E+03 -1.6478E+03 -2.0468E+03
0004990   7.1093E+03  4.5715E+02 -1.6803E+03
0004991   8.8272E+03 -2.6837E+03  8.2075E+02
0004992   8.1156E+03  1.8442E+03  1.3483E+03
0004993   7.8802E+03  9.1828E+02  1.8772E+03
0004994   7.6110E+03 -3.2500E+03 -9.0942E+02
0004995   8.5497E+03  9.3625E+02 -1.5752E+03
0004996   4.8938E+03  3.1777E+02  6.2756E+02
0004997   7.2543E+03  3.5206E+03  3.0082E+03
0004998   4.7293E+03 -2.6065E+03  2.1232E+02
0004999   9.2939E+03  1.5356E+03  1.7487E+03
0005000   9.2713E+03  3.8674E+02 -6.2408E+02
0005001   8.2819E+03  3.7274E+01 -7.8771E+02
0005002   9.9206E+03 -1.2973E+03 -8.6606E+02
0005003   8.1775E+03  4.4538E+03 -1.1640E+03
0005004   4.7784E+03 -4.8179E+02  7.3111E+02
0005005   7.8358E+03 -3.4298E+02 -4.8725E+02
0005006   6.7126E+03  5.6072E+00 -4.1682E+03
0005007   8.5599E+03 -2.7063E+03 -6.6271E+02
0005008   8.6446E+03 -4.7339E+02  4.1758E+02
0005009   3.0584E+03 -1.8264E+03 -1.6920E+03
0005010   4.5578E+03 -2.6371E+03  3.4429E+01
0005011   3.6670E+03  1.3625E+01  1.4285E+03
0005012   8.1506E+03 -8.2111E+02  2.8869E+03
0005013   9.3837E+03  2.1036E+02  2.5985E+03
0005014   7.7151E+03 -1.5470E+03  6.6015E+02
0005015   6.2177E+03  4.7337E+01  3.8359E+02
0005016   2.9193E+03 -3.4682E+03 -9.0427E+02
0005017   3.9492E+03 -9.6909E+02 -3.5400E+03
0005018   2.8415E+03  2.2535E+03  1.2006E+03
0005019   9.5380E+03  2.5069E+03 -4.6013E+02
0005020   9.6935E+03  2.1069E+00 -1.1526E+02
0005021   6.2877E+03  2.3707E+03  2.3385E+03
0005022   7.9000E+03 -1.5278E+03 -2.1045E+03
0005023   7.5261E+03 -1.6230E+03 -3.8253E+03
0005024   7.6801E+03  8.7885E+02 -1.6589E+03
0005025   5.4530E+03  2.5349E+03 -1.7717E+03
0005026   8.6944E+03  9.5197E+02 -8.6662E+02
0005027   9.4308E+03 -4.4962E+02 -1.0099E+03
0005028   8.3745E+03 -3.2189E+03  1.5690E+03
0005029   2.3068E+03 -2.8017E+03  1.7968E+03
0005030   8.3327E+03 -6.3204E+02  5.0103E+02
0005031   1.0074E+04  2.3857E+03 -1.6709E+02
0005032   7.8292E+03  4.9443E+02  3.5918E+03
0005033   7.0708E+03 -2.2110E+03  3.3512E+03
0005034   7.4012E+03  2.3410E+03  2.9351E+03
0005035   2.3124E+03 -2.0077E+03 -3.8535E+03
0005036   5.4018E+03  3.2039E+03 -6.9087E+02
0005037   6.9162E+03  2.9347E+03  1.2054E+03
0005038   6.5743E+03 -7.8903E+02  4.1419E+03
0005039   7.5911E+03 -1.6288E+03 -1.7283E+03
0005040   1.0023E+04  1.5955E+03  1.3380E+03
0005041   7.8198E+03 -1.8592E+03  2.4623E+03
0005042   7.7167E+03 -4.3222E+03 -3.9817E+02
0005043   9.6191E+03  2.5187E+03  1.9011E+02
0005044   7.2075E+03 -5.4703E+02 -9.1223E+02
0005045   9.5919E+03 -1.7818E+03  1.9570E+03
0005046   9.5040E+03 -1.2124E+03 -2.5376E+02
0005047   3.8273E+03  3.9254E+02 -3.3435E+02
0005048   3.7467E+03 -4.2159E+03 -3.3390E+02
0005049   7.7945E+03 -3.4448E+03 -2.2100E+03
0005050   8.8538E+03 -1.5451E+03  9.1124E+02
0005051   7.9988E+03  1.0848E+03  1.8363E+03
0005052   6.4767E+03  7.8082E+02  2.4843E+03
0005053   7.1181E+03 -9.9994E+02 -3.0621E+03
0005054   5.2891E+03 -1.6397E+02 -3.5446E+03
0005055   9.2357E+03 -6.1214E+02 -4.2083E+03
0005056   9.0041E+03  1.0633E+03  2.4868E+03
0005057   9.0217E+03  1.9042E+03  2.7864E+03
0005058   6.9317E+03 -5.2656E+03  3.2067E+03
0005059   1.0566E+04 -1.9588E+03 -4.4860E+02
0005060   7.4153E+03  1.6306E+02  2.3047E+03
0005061   9.6640E+03  1.2257E+03  8.4258E+02
0005062   2.7296E+03  6.8626E+02  5.1453E-01
0005063   8.1774E+03 -1.1900E+03 -7.1347E+02
0005064   8.0379E+03 -3.3812E+02 -2.1432E+02
0005065   8.1747E+03  1.3946E+03 -1.3045E+03
0005066   7.9409E+03  2.1466E+03  1.3617E+01
0005067   5.9159E+03 -1.0350E+03 -1.7004E+03
0005068   6.5113E+03  3.5728E+03  1.0080E+02
0005069   1.3408E+02  1.3563E+03  1.6337E+03
0005070   8.0199E+03 -6.4232E+02 -8.2154E+02
0005071   7.5416E+03 -5.0526E+03 -9.7085E+02
0005072   6.3562E+03 -1.3515E+03 -1.2337E+03
0005073   1.1521E+03 -1.1530E+03  1.6643E+03
0005074   2.2108E+03  1.0726E+03 -5.3669E+03
0005075   7.8936E+03 -1.8059E+03 -1.8323E+03
0005076   7.3431E+03 -1.1493E+02  1.7123E+03
0005077   7.0569E+03  1.0583E+03  1.7062E+03
0005078   4.9985E+03  3.0330E+03  4.1250E+03
0005079   6.3049E+03  1.9464E+03  1.8976E+03
0005080   9.6302E+03  1.9630E+02 -4.9891E+02
0005081   7.6470E+03  1.5784E+03 -4.7474E+02
0005082   7.4210E+03  1.0138E+02  2.4141E+03
0005083   6.4348E+03  2.2114E+03  9.1192E+00
0005084   3.5998E+03  5.2259E+03  2.3131E+03
0005085   5.0556E+03  4.1052E+03 -1.6358E+03
0005086   1.0356E+04  1.8348E+03 -7.3365E+02
0005087   7.7361E+03 -7.7525E+02  9.2219E+02
0005088   8.4998E+03  1.2096E+03  1.2704E+03
0005089   6.3931E+03 -2.2686E+03 -5.0445E+02
0005090   6.4031E+03 -2.3466E+03 -3.7196E+02
0005091   9.2328E+03 -1.8374E+03 -1.0890E+03
0005092   8.9747E+03 -7.7722E+02 -2.4722E+03
0005094   5.8145E+03  2.9443E+03 -1.4441E+03
0005095   9.6944E+03  1.1102E+03  1.0524E+03
0005096   8.5195E+03 -1.9494E+03 -1.8151E+03
0005097   8.5497E+03  7.3073E+02 -2.8466E+02
0005098   6.9970E+03  5.5658E+03  9.7475E+01
0005099   5.6151E+03 -1.1715E+03 -2.1882E+03
0005100   9.6095E+03  1.8997E+03 -4.6589E+02
0005101   8.9642E+03  1.7230E+03  1.0734E+03
0005102   6.8176E+03 -3.5255E+03  1.1133E+03
0005103   5.6062E+03 -4.9886E+03  2.7125E+03
0005104   6.8211E+03 -2.3113E+03  3.3954E+01
0005105   6.0897E+03 -8.8426E+02  6.6399E+02
0005106   9.3498E+03 -3.6793E+03  2.9300E+03
0005107   1.0305E+04 -4.5280E+02  1.8896E+03
0005108   8.2291E+03 -1.0187E+03 -1.9957E+03
0005109   4.0318E+03  1.7981E+03  8.1772E+02
0005110   8.1550E+03 -1.5698E+03  1.5919E+03
0005111   7.6563E+03  1.9388E+03 -5.8040E+02
0005112   5.1534E+03 -3.5006E+03 -4.6505E+02
0005113   6.1520E+03 -1.2997E+03 -4.8186E+03
0005114   8.7329E+03 -8.9565E+02  3.5791E+02
0005115   7.9175E+03  9.0412E+02 -2.9432E+03
0005116   8.7757E+03  1.3754E+03 -6.8730E+02
0005117   9.3237E+03  3.3780E+02 -5.2359E+02
0005118   7.2900E+03  1.2576E+03  7.1231E+02
0005119   9.3313E+03 -1.9392E+03  6.6521E+02
0005120   6.3456E+03  2.7524E+03 -1.7508E+03
0005121   5.1724E+03 -3.0548E+03  1.3736E+03
0005122   7.2825E+03 -2.5887E+02 -1.4914E+03
0005123   8.2209E+03 -2.7759E+03 -1.9986E+03
0005124   7.0193E+03  2.0852E+03  7.5454E+02
0005125   2.8384E+03 -1.2085E+03  3.5774E+03
0005126   8.3321E+03  1.0881E+03 -2.6157E+03
0005127   7.9255E+03  3.3608E+02 -2.6405E+03
0005128   8.4776E+03 -3.5169E+03  1.4933E+03
0005129   5.0569E+03 -3.9681E+03 -1.9237E+03
0005130   7.5635E+02 -3.0753E+03  2.6304E+03
0005131   8.9271E+03 -4.1676E+02 -5.7147E+02
0005132   1.4543E+03  1.3556E+03 -2.4879E+03
0005133   7.9938E+03 -3.8355E+03  2.0425E+03
0005134   7.8092E+03  8.0491E+02 -1.3455E+03
0005135   8.0833E+03 -2.4091E+02  2.8715E+03
0005136   1.0068E+04  2.1189E+03 -2.0901E+03
0005137   9.5120E+03  3.5015E+02 -2.8622E+03
0005138   6.8394E+03 -2.7874E+03  3.8345E+03
0005139   3.3504E+03  3.5735E+03 -4.6398E+03
0005140   1.1624E+04 -9.1146E+02  6.7691E+02
0005141   8.6368E+03  2.5463E+03  6.5317E+02
0005142   7.9713E+03  1.2746E+03  5.7691E+03
0005143   9.7961E+03  6.5124E+02 -9.3881E+02
0005144   9.9347E+03 -1.0755E+03  9.6724E+02
0005145   9.1168E+03 -1.9541E+02  4.3113E+01
0005146   6.9887E+03  1.6270E+02  4.2482E+03
0005147   8.0193E+03  9.1396E+02 -1.2522E+03
0005148   6.4965E+03  3.5776E+03 -2.7364E+03
0005149   6.9317E+03  1.7995E+03  1.2921E+03
0005150   7.1046E+03  2.9206E+03 -3.1350E+03
0005151   6.2415E+03  4.7396E+03  6.0411E+02
0005152   5.9963E+03 -1.3016E+03  8.7009E+02
0005153   8.0872E+03 -1.1097E+03  1.4997E+03
0005154   4.7149E+03  1.8225E+03  1.9160E+03
0005155   7.5668E+03  1.3948E+03 -1.8799E+03
0005156   9.5550E+03 -9.4871E+01  2.8914E+03
0005157   8.7738E+03  8.4492E+02  7.6849E+01
0005158   8.9324E+03  9.7165E+01  4.2386E+02
0005159   5.2296E+03 -8.2354E+02 -1.0143E+03
0005160   6.8029E+03 -2.3935E+03  3.9963E+03
0005161   6.5891E+03  3.0573E+01  1.9774E+03
0005162   9.0216E+03 -1.9934E+03 -1.2687E+03
0005163   8.4239E+03 -1.7916E+03  1.2778E+03
0005164   7.5045E+03 -1.2640E+03 -1.4035E+03
0005165   7.9832E+03 -1.5326E+03  2.6091E+03
0005166   7.4216E+03  7.2789E+01  1.4526E+03
0005167   9.0883E+03 -2.4769E+02  3.2615E+03
0005168   8.3664E+03  8.8282E+00  1.7248E+03
0005169   1.1299E+04  1.4448E+03 -1.4291E+01
0005170   5.3610E+03  1.2541E+03 -5.1853E+02
0005171   8.6510E+03  2.2527E+02 -2.8505E+03
0005172   6.8886E+03  1.5499E+03 -8.4681E+02
0005173   7.8530E+03 -1.0501E+01  3.7681E+03
0005174   3.8484E+03  6.4159E+02  2.1728E+03
0005175   7.8796E+03  3.3391E+03  9.8041E+02
0005176   5.4049E+03 -5.6022E+03  1.5195E+03
0005178   7.9852E+03 -2.8493E+03 -2.7349E+03
0005179   8.1643E+03  1.0771E+02  1.6788E+03
0005180   9.1139E+03 -1.7304E+03 -1.0565E+03
0005181   6.2485E+03  3.8431E+03 -7.9381E+02
0005182   7.5383E+03  9.6692E+02 -5.5801E+01
0005183   7.7684E+03  1.5458E+03 -2.6955E+02
0005184   5.7896E+03 -4.0381E+03 -6.8027E+02
0005185   4.8113E+03  6.8648E+02  4.1348E+02
0005186   9.6539E+03  9.8977E+02 -1.4101E+03
0005187   3.8548E+03 -2.7964E+03 -1.8814E+03
0005188   7.2468E+03 -9.6308E+02 -1.6501E+03
0005189   9.7121E+03  3.2406E+02 -3.3875E+03
0005190   5.1073E+03  2.4267E+03 -4.4884E+03
0005191   9.6160E+03  2.1397E+01 -3.4084E+03
0005192   4.0139E+03 -1.4822E+03  4.1180E+03
0005193   7.5926E+03  2.4968E+03  2.8756E+03
0005194   8.2834E+03  8.5017E+02 -1.3298E+03
0005195   2.7023E+03  3.1737E+03  2.9043E+03
0005196   5.0696E+03  1.4157E+03 -2.3990E+03
0005197   6.7800E+03  2.7596E+02 -3.1636E+03
0005198   9.9800E+03 -5.7101E+02 -1.5893E+03
0005199   7.1903E+03 -4.2566E+02 -3.2859E+03
0005200   2.2164E+03  2.8030E+03  2.1682E+03
0005201   6.7741E+03  1.0591E+03  5.9532E+03
0005202   6.3790E+03 -2.4342E+03 -2.2418E+03
0005203   8.2066E+03 -3.9479E+03  2.3651E+03
0005204   1.9429E+03 -4.5444E+02 -3.0068E+03
0005205   2.3901E+03  2.5268E+02 -4.9962E+02
0005206   5.3771E+03 -9.0777E+02  2.0732E+03
0005207   1.6599E+03 -3.7035E+03  2.5182E+03
0005208   9.6527E+03  8.7249E+02  2.2998E+03
0005209   1.1440E+04  8.1599E+00 -3.9617E+02
0005210   7.7112E+03  2.7344E+03 -1.6852E+03
0005211   8.6336E+03 -1.6960E+03  2.0401E+03
0005212   7.5646E+03 -2.7947E+03  4.0754E+03
0005213   3.6264E+03  4.7352E+02 -6.7934E+02
0005214   7.1023E+03  1.8823E+03  1.5724E+03
0005215   7.7165E+03  2.1487E+03 -1.3116E+01
0005216   6.5012E+03 -5.4950E+02  4.5282E+03
0005217   5.6526E+03 -1.9364E+02 -3.7385E+02
0005218   9.2198E+02  9.6411E+02 -3.2409E+03
0005219   5.8453E+03  2.9937E+03  2.6605E+03
0005220   7.8799E+03  4.3237E+01 -8.7711E+02
0005221   7.7720E+03  3.7752E+03 -1.0839E+02
0005222   8.1956E+03  1.8431E+03 -1.7792E+02
0005223   6.0677E+03 -7.0225E+02 -2.9769E+03
0005224   7.0178E+03 -3.0775E+03  4.3793E+03
0005225   7.1282E+03 -4.3012E+03  2.3455E+02
0005226   6.3857E+03  2.1824E+02  3.5570E+02
0005227   1.0041E+04  3.5045E+02  1.3315E+03
0005228   8.8892E+03  1.0905E+03 -2.0950E+03
0005229   4.6884E+03 -4.6271E+03  5.0538E+02
0005230   4.1528E+03 -4.9746E+03 -1.3224E+02
0005231   3.2827E+03  2.5862E+03  1.1490E+03
0005232   8.2670E+03 -8.3978E+02 -9.9760E+02
0005233   7.7007E+03 -4.5512E+03 -1.6941E+03
0005234   8.9577E+03  7.8655E+02 -1.5303E+03
0005235   9.3321E+03 -2.7293E+03 -1.2184E+03
0005236   7.3335E+03 -3.6720E+02  1.7622E+03
0005237   9.2243E+03 -3.9614E+03  1.5127E+02
0005238   6.8353E+03 -3.1435E+02  1.0961E+03
0005239   6.1054E+03  6.7268E+01 -4.4174E+03
0005240   9.0080E+03 -2.7387E+03 -7.2336E+02
0005241   1.0077E+04 -2.2987E+03  2.0521E+02
0005242   7.5545E+03 -1.5871E+03 -9.7985E+02
0005243   9.3074E+03  1.5955E+03  2.4894E+03
0005244   8.4435E+03 -7.4782E+02  1.6577E+03
0005245   7.0403E+03 -1.6146E+03  7.9766E+02
0005246   6.4090E+03 -1.0485E+03  2.2214E+03
0005247   4.4711E+03 -2.8949E+03 -2.5450E+03
0005248   5.5056E+03 -3.9139E+02  1.0242E+03
0005249   8.4115E+03  2.2654E+03 -2.1068E+03
0005250   5.8543E+03 -6.9851E+02  1.0125E+03
0005251   6.2928E+03 -3.5937E+03 -3.1559E+02
0005252   6.4338E+03  2.3365E+03  3.2114E+03
0005253   8.3817E+03 -1.0509E+03  1.1583E+03
0005254   8.4722E+03 -3.2008E+03  1.8703E+02
0005255   4.7386E+03 -4.3099E+03 -5.5513E+03
0005256   6.9659E+03 -2.7323E+03 -3.1950E+03
0005257   3.8360E+03 -1.8023E+03 -7.3508E+02
0005258   6.3727E+03 -8.3263E+01 -2.0222E+02
0005259   6.5421E+03 -1.5893E+03  6.6541E+02
0005260   6.9131E+03 -3.7900E+02 -1.2711E+03
0005261   7.4302E+03  1.1101E+03  4.9857E+03
0005262   8.7390E+03  4.9147E+02 -3.3102E+03
0005263   1.0072E+04 -1.3789E+03  4.4787E+02
0005264   4.5969E+03  1.2804E+03  5.3785E+03
0005265   7.9622E+03  2.6234E+03  7.8129E+02
0005266   6.8042E+03  2.4274E+03 -2.2704E+03
0005267   7.8130E+03 -3.5831E+02  6.2223E+01
0005268   5.0814E+03  9.9522E+02 -1.2547E+03
0005269   5.9899E+03  5.4807E+02  2.0402E+02
0005270   6.8882E+03  2.7630E+03  8.1082E+02
0005271   1.9240E+03  2.4272E+03 -1.4161E+03
0005272   2.9140E+03 -2.2384E+03 -2.3943E+03
0005273   8.3773E+03 -1.3696E+03 -2.2587E+03
0005274   6.7545E+03 -2.3478E+03 -1.5789E+03
0005275   6.1570E+03  3.4694E+03 -3.2859E+02
0005276   8.0213E+03  2.0107E+03  1.6982E+03
0005277   3.9948E+03 -3.8601E+02 -9.3650E+01
0005278   8.5896E+03  2.9260E+03  9.4079E+02
0005279   7.9850E+03  1.9127E+01 -1.1121E+03
0005280   7.4716E+03  1.7593E+03 -2.6337E+03
0005281   5.6315E+03  3.1368E+03  1.9778E+03
0005282   5.4405E+03 -1.6438E+03 -2.6714E+03
0005283   5.0473E+03  4.1200E+03  1.5685E+03
0005284   5.9483E+03 -5.6943E+03 -1.7172E+03
0005285   6.4473E+03 -2.1551E+02  1.6298E+03
0005286   4.1067E+03 -3.3771E+03  2.4992E+03
0005287   8.9495E+03  1.6767E+03  9.1555E+02
0005288   9.4404E+03 -1.4893E+03 -1.0104E+03
0005289   6.8457E+03  2.0323E+03 -1.0956E+03
0005290   9.2469E+03  1.2608E+03  6.8408E+02
0005291   5.6959E+03 -4.2875E+03  2.4891E+03
0005292   7.3672E+03 -3.1938E+03  6.4857E+02
0005293   7.5075E+03  1.9601E+03 -2.0064E+03
0005294   6.5932E+03  1.7066E+03 -2.2745E+03
0005295   9.8078E+03  5.7692E+02  2.9290E+03
0005296   9.3822E+03 -1.5397E+03 -3.0595E+03
0005297   1.1050E+04  1.7609E+03  1.8421E+03
0005298   5.8134E+03 -1.7801E+03 -2.2064E+03
0005299   6.5381E+03 -2.9330E+03 -3.0776E+03
0005300   2.8624E+03  3.6611E+03 -4.9425E+03
0005301   9.1942E+03  2.3951E+03 -5.1610E+01
0005302   8.6021E+03  1.0078E+03  8.7981E+02
0005303   3.1380E+03 -8.8091E+02  2.5394E+03
0005304   4.8283E+03 -9.0584E+02 -5.3863E+03
0005305   9.5297E+03 -1.3916E+03 -2.0154E+03
0005306   9.7524E+03  2.8298E+03 -3.3171E+03
0005307   5.8731E+03  5.1269E+03  3.1841E+02
0005308   7.0191E+03 -1.7106E+03  8.5841E+02
0005309   6.7496E+03 -2.9596E+03 -2.3803E+03
0005310   6.8845E+03 -1.1839E+01  9.8061E+02
0005311   5.4040E+03 -4.3636E+03 -4.8618E+02
0005312   1.0497E+04 -3.6763E+02 -1.0946E+03
0005313   6.9832E+03  4.1613E+03  1.1753E+03
0005314   5.6845E+03 -3.7442E+01  1.2391E+03
0005315   8.3130E+03  5.9994E+02 -2.4794E+03
0005316   9.7045E+03  2.3532E+03  8.2177E+02
0005317   6.2497E+03 -3.9660E+02  5.2395E+02
0005318   4.1956E+03  4.3286E+03  4.0512E+02
0005319   6.3006E+03 -3.3359E+03  1.1735E+03
0005320   7.7636E+03 -7.5968E+01 -1.7662E+03
0005322   6.8038E+03 -2.5568E+03 -3.8456E+03
0005323   1.0185E+04  1.3628E+03 -1.8885E+03
0005324   9.4419E+03  8.4869E+02  6.8494E+02
0005325   8.6956E+03 -2.8080E+03 -2.3846E+02
0005326   6.8688E+03 -1.0124E+03 -7.9351E+02
0005327   7.8564E+03 -4.1541E+01 -2.7320E+02
0005328   2.0919E+03 -1.1953E+03 -1.4305E+03
0005329   2.0541E+03 -2.3758E+03  2.2789E+03
0005330   7.8335E+03  9.3954E+02 -1.0832E+03
0005331   6.6627E+03 -2.1020E+03  4.3429E+02
0005332   8.1928E+03  2.8912E+03 -1.7473E+03
0005333   9.7111E+03  8.1252E+01 -4.0520E+01
0005334   6.0544E+03 -2.7781E+02 -8.7514E+02
0005335   8.3014E+03 -3.6465E+03 -1.4847E+03
0005336   7.8490E+03 -2.7198E+03 -7.6096E+02
0005337   9.3687E+03 -1.2589E+03 -1.7264E+03
0005338   7.8924E+03  2.3173E+03  7.7979E+02
0005339   7.3902E+03 -1.5685E+03  2.4159E+03
0005340   5.5439E+03  8.3960E+02 -3.1392E+03
0005341   7.6101E+03 -3.6431E+03 -1.9660E+03
0005342   5.3464E+03  1.4943E+03 -6.1016E+02
0005343   7.7894E+03  3.2728E+03 -2.2911E+03
0005344   3.1206E+03 -2.3273E+03  3.2171E+03
0005345   6.5903E+03  5.0072E+02 -2.7120E+03
0005346   5.7166E+03 -1.1166E+03  5.6992E+02
0005347   7.5793E+03  1.9059E+03 -6.4212E+02
0005348   5.9821E+03  1.9224E+03 -3.9656E+03
0005349   6.7937E+03  8.2374E+02 -3.0118E+03
0005350   8.1004E+03 -2.0915E+03  4.8391E+02
0005351   8.7123E+03  4.7799E+03  1.2128E+03
0005352   6.1547E+03  6.8988E+02 -8.8728E+02
0005353   7.9192E+03 -2.6261E+03 -1.0267E+03
0005354   5.8032E+03 -5.5617E+03  6.2032E+02
0005355   4.7731E+03  1.8189E+03 -6.3588E+03
0005356   7.0285E+03 -3.1689E+03 -2.2740E+03
0005357   7.8651E+03  4.7332E+02 -2.1766E+03
0005358   5.4821E+03 -5.1545E+03 -2.2144E+03
0005359   8.1597E+03  1.9082E+03  5.9812E+02
0005360   8.4959E+03 -3.6833E+02  3.5133E+03
0005361   9.5545E+03  9.3871E+02 -2.5078E+03
0005362   7.2035E+03 -2.2397E+02  1.0994E+03
0005363   6.4616E+03  1.1440E+03 -2.4169E+03
0005364   8.0947E+03 -3.6860E+03 -4.1848E+02
0005365   8.4168E+03  1.2324E+03 -3.4623E+02
0005366   5.6047E+03  5.6416E+02 -4.0827E+03
0005367   6.4770E+03 -1.2642E+03 -3.9728E+03
0005368   4.8227E+03 -1.3857E+03 -1.9839E+03
0005369   9.5712E+03  2.0915E+02  1.2001E+03
0005370   8.6689E+03 -3.1244E+03  1.4376E+03
0005371   6.9450E+03  2.7154E+03  4.3080E+02
0005372   2.9264E+03 -2.6761E+03 -5.0187E+03
0005373   9.4402E+03 -1.3382E+03 -3.8072E+03
0005374   6.6205E+03 -4.9023E+02  6.7404E+02
0005375   8.1032E+03 -3.7163E+03  2.1458E+03
0005376   7.5848E+03  3.7776E+03  1.4440E+03
0005377   8.8322E+03 -7.9524E+02 -1.3565E+02
0005378   8.7909E+03 -5.6305E+02 -2.3112E+03
0005379   5.5248E+03  1.0032E+03  1.6710E+03
0005380   7.1112E+03  3.2894E+03  2.9796E+03
0005381   9.0623E+03  2.3861E+03  1.4297E+03
0005382   8.9748E+03  5.1285E+02  2.0012E+03
0005383   8.4495E+03  7.8952E+02  1.7538E+03
0005384   7.5613E+03  2.7347E+03 -3.5276E+03
0005385   7.6526E+03  1.7478E+03 -2.7869E+02
0005386   3.3808E+03 -1.1088E+03 -3.5040E+03
0005387   6.7909E+03  7.6656E+02 -1.6620E+02
0005389   4.3940E+03  3.0028E+03  6.8744E+01
0005390   1.0754E+04  2.2725E+02  2.3510E+03
0005391   6.3011E+03  6.2632E+02 -3.1613E+02
0005392   5.9330E+03 -9.1833E+02  3.8308E+03
0005393   9.5423E+03  1.5217E+02  1.1351E+03
0005394   9.6305E+03  2.0091E+03 -3.7339E+02
0005395   5.7918E+03 -6.8304E+02  4.8274E+03
0005396   8.6387E+03  8.7467E+02 -3.0448E+03
0005397   8.7132E+03  2.9716E+02  2.5323E+03
0005398   5.3399E+03 -3.3370E+03  1.9717E+03
0005399   8.4074E+03  3.1417E+02 -4.5531E+03
0005400   6.6161E+03  6.6500E+02 -3.2153E+03
0005401   5.7200E+03  1.8912E+03 -1.5444E+03
0005402   8.4358E+03 -1.6363E+03  1.9266E+03
0005403   5.7630E+03  1.5853E+03 -4.6134E+02
0005404   9.4525E+03 -2.5979E+03 -1.2101E+02
0005405   8.0709E+02  4.6324E+02  7.7064E+02
0005406   4.4195E+03  1.0489E+02 -9.0817E+02
0005407   9.5846E+03  1.8559E+02  1.6909E+03
0005408   7.5917E+03  3.3973E+01 -2.7660E+02
0005409   5.3181E+03 -1.7322E+03  3.8466E+02
0005410   2.9653E+03  1.4614E+03  1.7142E+03
0005411   7.1843E+03 -3.5731E+03 -2.1605E+03
0005412   7.5522E+03 -3.0789E+02 -3.1201E+03
0005413   6.6340E+03 -1.9636E+03 -3.9911E+03
0005414   6.9868E+03 -9.5747E+02 -2.2337E+03
0005415   8.5831E+03  3.7613E+03  5.0608E+02
0005416   7.9343E+03  1.0265E+03  8.6666E+02
0005417   2.2051E+03  4.3323E+03 -1.8436E+03
0005418   5.8523E+03  4.5367E+03 -1.9187E+03
0005419   9.5049E+03 -2.3469E+03 -2.8988E+02
0005420   5.8955E+03  4.6514E+03  2.4204E+03
0005421   9.4922E+03  2.4526E+03  6.7744E+02
0005422   1.6130E+03 -2.4591E+03 -4.5024E+03
0005423   9.2176E+03 -8.2072E+02  1.8184E+03
0005424   2.1558E+03 -3.9397E+03 -3.0999E+03
0005425   7.3576E+03  1.6426E+03  4.5038E+02
0005426   9.7264E+03  2.0574E+02  1.9390E+02
0005427   6.0472E+03  7.2159E+02  4.8053E+02
0005429   4.5479E+03 -1.0906E+03 -2.6037E+03
0005430   5.9223E+03 -6.2819E+03  7.2205E+02
0005431   7.2389E+03  1.3915E+03 -2.6579E+03
0005432   8.9142E+03 -3.4338E+03 -5.8071E+03
0005433   6.0068E+03  2.0362E+03  1.1947E+03
0005434   5.7575E+03  2.6928E+02  2.3387E+03
0005435   5.4218E+03 -1.2373E+02  2.0385E+01
0005436   3.2248E+03  9.8217E+02 -1.6602E+03
0005437   8.0138E+03  3.3540E+02  1.5951E+03
0005438   8.2374E+03 -1.4315E+02  8.1616E+02
0005439   6.4458E+03  3.4650E+03 -3.9730E+02
0005440   5.6648E+03 -1.6838E+03  5.4370E+03
0005441   5.4863E+03 -1.6992E+03 -3.0011E+03
0005442   7.7456E+03 -1.7099E+03  1.6267E+03
0005443   6.4371E+03 -3.2530E+02  2.8062E+03
0005444   2.9924E+03  1.0513E+03 -8.6074E+02
0005445   6.5082E+03 -3.1708E+03  7.4109E+02
0005446   8.1299E+03 -8.3053E+02  1.4484E+03
0005447   9.5667E+03  5.1328E+02  2.9193E+03
0005448   7.4903E+03  2.0177E+03 -6.0990E+01
0005449   7.2775E+03 -2.1166E+03  3.1859E+02
0005450   6.4421E+03 -9.5555E+02 -3.1622E+03
0005451   7.9858E+03  3.5664E+03  1.5977E+02
0005452   7.2985E+03  2.8736E+03 -3.9886E+02
0005453   9.3708E+03  7.7990E+02 -6.1089E+02
0005454   6.5530E+03  5.2505E+01 -2.0515E+03
0005455   5.8968E+03 -9.5424E+02  9.7172E+02
0005456   4.2344E+03 -1.4325E+03  3.8589E+03
0005457   7.6295E+03 -1.5349E+03 -1.8259E+03
0005458   8.0476E+03 -1.1132E+03  3.6899E+03
0005459   8.3826E+03  1.6532E+03  5.0863E+02
0005460   4.1112E+03 -4.8858E+03 -6.1707E+02
0005461   5.5292E+03 -5.4371E+02 -2.7729E+03
0005462   3.2374E+03 -8.1961E+02 -3.1469E+03
0005463   7.0680E+03 -1.2567E+03  2.1940E+03
0005464   3.9491E+03  1.0527E+03 -2.0998E+03
0005465   3.1978E+03 -3.9713E+01 -1.7573E+03
0005466   7.3215E+03 -4.1013E+02  3.9348E+02
0005467   9.9054E+03 -3.4257E+02  1.4490E+03
0005468   1.0857E+04  1.1020E+03 -8.0918E+02
0005469   8.4127E+03  1.5391E+03  9.9510E+02
0005470   5.3887E+03 -3.2465E+03  2.8227E+03
0005471   7.1518E+03  2.6392E+03 -1.1008E+03
0005472   3.2392E+03  2.3885E+02  4.2148E+03
0005473   5.0489E+03  1.5740E+03 -1.2053E+03
0005474   1.0577E+04 -1.1393E+03 -5.0065E+02
0005475   1.3720E+03 -1.8053E+03 -4.2224E+01
0005476   6.6102E+03  1.7199E+03 -6.3399E+02
0005477   6.8688E+03 -2.7851E+03 -9.1620E+02
0005478   2.9482E+03  4.7493E+03 -3.6268E+03
0005479   8.8657E+03 -2.8807E+03  1.4626E+03
0005480   8.1100E+03 -2.3503E+03  1.1077E+03
0005481   7.6881E+03  7.9749E+02  4.8592E+02
0005482   9.4038E+03  2.6857E+02  2.2966E+03
0005483   9.2138E+03  6.2785E+02  3.4913E+02
0005484   4.5109E+03 -1.6722E+03  1.6338E+03
0005485   7.5937E+03  1.8987E+03  1.2230E+03
0005486   6.4936E+03  2.4011E+03 -4.6756E+03
0005487   1.0609E+04 -1.9028E+03 -2.2469E+03
0005488   4.3340E+03 -1.8426E+03 -9.8800E+02
0005489   8.8477E+03  1.1435E+03 -3.1805E+02
0005490   7.0294E+03  4.9176E+02 -1.7558E+03
0005491   3.4002E+03 -5.6851E+02 -2.6651E+03
0005492   4.0355E+03  3.6902E+03  1.1769E+03
0005493   9.4540E+03 -1.2276E+03  1.6716E+03
0005494   9.1787E+03  6.7873E+02 -3.5613E+00
0005495   8.3205E+03 -4.3899E+02 -2.1712E+03
0005496   8.4803E+03 -3.2161E+02 -1.0893E+03
0005497   4.7082E+03 -4.5289E+02  4.3344E+03
0005498   5.3494E+03  8.6668E+02 -9.1598E+02
0005499   4.9294E+03 -3.9838E+02  3.6333E+03
0005500   5.6214E+03  1.4406E+03  2.1844E+03
0005501   9.6698E+03 -3.2095E+02 -2.2663E+03
0005502   5.2563E+03 -3.6821E+03  3.7773E+03
0005503   9.3907E+03  1.2274E+03 -1.2676E+03
0005504   4.1147E+03 -5.1212E+03  3.5060E+02
0005505   4.1339E+03  1.6956E+03 -2.9078E+03
0005506   8.3041E+03  3.0012E+03  8.7294E+02
0005507   8.9227E+03  5.3900E+02 -1.2573E+03
0005508   7.9580E+03 -1.1052E+03  6.7310E+02
0005509   7.7701E+03  1.8389E+03  1.2602E+03
0005510   7.3047E+03  2.8715E+03 -4.5447E+03
0005511   6.5833E+03  2.7072E+03  4.8029E+03
0005512   5.6820E+03  3.6846E+02 -5.2754E+03
0005513   7.5351E+03  1.8931E+03 -1.5071E+03
0005514   8.8639E+03 -6.6750E+02  1.5435E+03
0005515   7.1588E+03 -2.1254E+02  2.8349E+03
0005516   6.0568E+03 -2.7948E+03 -8.3399E+02
0005517   7.1309E+03 -7.0693E+02 -2.6799E+00
0005518   1.0086E+04 -1.0443E+03 -7.1222E+02
0005519   7.0967E+03 -4.3160E+03 -6.9466E+02
0005520   4.8175E+03  4.0033E+03  4.0690E+03
0005521   8.3469E+03 -3.7901E+03 -6.9541E+02
0005522   4.3839E+03  1.8577E+03  3.8190E+03
0005523   7.9308E+03 -2.6917E+02 -3.7974E+03
0005524   6.5574E+03  3.5804E+03 -2.5850E+03
0005525   7.8128E+03 -3.5618E+03 -2.2741E+03
0005526   7.1217E+03 -1.7044E+03  4.4578E+03
0005527   8.4564E+03 -9.6799E+02 -1.3680E+03
0005528   7.7773E+03 -3.5388E+03 -6.7362E+02
0005529   6.1108E+03  6.4420E+02 -3.2843E+03
0005530   9.0873E+03  2.1802E+03 -3.1145E+02
0005531   8.1107E+03  3.3670E+03 -2.9285E+03
0005532   1.3852E+03 -8.2549E+02  2.0706E+03
0005533   4.7999E+03 -8.7136E+02  1.0236E+03
0005534   6.3857E+03  3.5956E+03  1.4654E+03
0005535   7.7571E+03  4.3848E+03  1.1201E+03
0005536   9.2071E+03  9.1248E+02  2.7346E+03
0005537   6.1350E+03  2.4009E+03  3.6020E+02
0005538   9.1060E+03 -1.3609E+02 -2.3152E+03
0005539   8.7109E+03  2.4639E+03  1.1037E+02
0005540   9.1578E+03  2.5404E+03 -8.5309E+02
0005541   6.6326E+03 -3.9210E+03 -6.8095E+02
0005542   4.5334E+03 -1.5379E+03 -3.9237E+02
0005543   9.5727E+03 -1.8849E+02  1.1737E+03
0005544   4.2388E+03 -1.3163E+03 -4.3024E+03
0005545   3.7439E+03 -1.9927E+03 -4.3483E+03
0005546   5.0582E+03  1.4363E+03  2.0947E+03
0005547   4.9665E+03  4.7459E+03 -2.0103E+03
0005548   8.4666E+03  1.1670E+03  1.8907E+03
0005549   7.2175E+03  8.1635E+02  1.5103E+03
0005550   6.7549E+03 -2.6271E+03 -2.1831E+03
0005551   5.8832E+03 -1.1833E+03  1.0145E+03
0005552   9.4068E+03  2.5565E+03 -2.6548E+03
0005553   6.4398E+03 -3.8812E+02  2.0410E+03
0005554   1.6872E+03  3.2352E+03 -8.6228E+02
0005555   7.8889E+03  5.9924E+02 -1.0844E+03
0005556   8.6505E+03 -1.3295E+01 -1.9736E+03
0005557   1.4165E+03 -9.6303E+02  1.2338E+03
0005558   7.5550E+03 -4.7854E+02  1.9310E+03
0005559   8.1268E+03  5.8447E+02 -8.6428E+02
0005560   1.0106E+04  9.0592E+02 -1.1692E+03
0005561   6.3933E+03  6.8636E+02  7.8033E+02
0005562   8.7223E+03 -7.5371E+02  4.1791E+02
0005563   7.3560E+03 -1.4309E+03  2.4548E+03
0005564   5.6732E+03 -2.9943E+02  5.0416E+03
0005565   6.3386E+03  3.7726E+03 -5.0135E+02
0005566   6.3432E+03  8.5307E+02  1.7018E+03
0005567   3.1336E+03  1.0436E+03  4.2642E+03
0005568   9.2677E+03 -1.7105E+03  2.7401E+02
0005569   7.9772E+02  4.4702E+03 -2.0332E+03
0005570   8.5740E+03  2.5342E+03  1.2503E+03
0005571   8.1231E+03  2.4828E+03 -3.2425E+03
0005572   5.6831E+03 -4.4534E+03  3.4869E+03
0005573   2.5420E+03  6.0524E+03 -7.2935E+02
0005574   1.0768E+04 -7.9939E+02 -1.0449E+03
0005575   9.4971E+03  6.9613E+02 -8.3366E+02
0005576   9.9537E+03  1.3919E+03 -6.0470E+02
0005577   6.4370E+03 -3.9615E+03  9.1925E+02
0005578   6.3996E+03 -2.4214E+03  3.1226E+03
0005579   7.3748E+03  3.1938E+03  1.3590E+03
0005580   5.6630E+03  3.7733E+02  4.5710E+03
0005581   5.6071E+03  2.2554E+03 -3.6001E+03
0005582   7.3307E+03  3.8758E+02  2.2865E+03
0005583   7.4804E+03 -2.7529E+03  1.5612E+03
0005584   9.1845E+03  5.1126E+02 -8.8163E+02
0005585   2.8437E+03  4.2081E+03 -3.8932E+01
0005586   4.3798E+03  1.9224E+03  1.3929E+03
0005587   7.2476E+03 -7.0374E+01  5.9148E+02
0005588   1.1004E+04 -6.7082E+02  7.7952E+02
0005589   6.1548E+03 -1.9082E+03 -2.9169E+03
0005590   7.9526E+03  1.3351E+02  1.2970E+03
0005591   9.3261E+03  3.6486E+03 -4.2348E+02
0005592   3.7523E+03  2.7656E+03  3.9338E+03
0005593   3.0058E+03 -6.1125E+02  7.8562E+02
0005594   3.7438E+03 -2.0945E+03 -2.5558E+03
0005595   8.5327E+03  2.4627E+03 -2.5650E+03
0005596   3.6648E+03  4.0773E+03 -4.3718E+02
0005597   8.8152E+03  2.1569E+03  1.4927E+03
0005598   9.2297E+03  7.1394E+02  8.0781E+02
0005599   7.4048E+03 -1.9737E+03 -2.5646E+03
0005600   8.9172E+03  1.6542E+03 -6.5877E+02
0005601   8.7868E+03 -1.1645E+03  1.2956E+03
0005602   6.9929E+03  7.5567E+02 -7.8752E+02
0005603   7.1052E+03  2.6643E+03  4.2288E+03
0005604   3.3184E+03  7.6108E+02 -3.1366E+03
0005605   7.8930E+03 -7.0266E+01  1.5597E+03
0005606   6.3960E+03 -6.6958E+02 -5.2108E+03
0005607   5.4777E+03  1.8978E+03  1.5078E+03
0005608   8.8583E+03  9.3156E+02  1.7388E+03
0005609   5.5063E+03  1.2748E+03  8.8076E+02
0005610   6.0694E+03  2.1600E+03 -8.4665E+01
0005611   8.6983E+03 -1.9161E+03 -1.7121E+03
0005612   8.6004E+03 -2.6354E+03 -1.9757E+03
0005613   6.9500E+03 -3.4316E+01  3.0203E+03
0005614   3.9118E+03 -1.1983E+03  8.9915E+02
0005615   4.0578E+03 -1.9877E+02 -3.8415E+03
0005616   5.3463E+03 -3.6445E+03  1.4401E+03
0005617   9.8025E+03 -2.1807E+03 -2.6877E+03
0005618   5.2864E+03 -4.7046E+02  4.0251E+03
0005619   3.3892E+03 -1.3589E+03 -1.2053E+03
0005620   4.4857E+03  8.0537E+02  2.5089E+03
0005621   8.9069E+03 -1.2020E+03  1.3564E+03
0005622   8.6761E+03  2.3513E+03 -4.0499E+02
0005623   7.0546E+03  5.1538E+02 -7.0154E+02
0005624   9.1556E+03 -2.7275E+03  1.8493E+01
0005625   1.0099E+04  1.8745E+02  2.9683E+03
0005626   5.9868E+03 -2.6267E+03  5.9847E+02
0005627   5.1521E+03  2.1083E+03  2.7004E+03
0005628   6.2516E+03 -1.2375E+03  1.5071E+03
0005629   6.2208E+03 -3.8095E+03 -1.9533E+03
0005630   6.3003E+03  3.1786E+03  1.1143E+03
0005631   9.9607E+03 -2.0260E+03  4.1824E+02
0005632   8.7079E+03 -1.0460E+03 -1.8559E+03
0005633   6.6767E+03  1.0715E+03 -9.0666E+02
0005634   5.1226E+03  2.9888E+03  2.2500E+03
0005635   8.3695E+03  7.1844E+02  1.5725E+03
0005636   5.3544E+03  4.1072E+03 -1.0102E+03
0005637   6.6908E+03  2.4403E+03 -2.1377E+03
0005638   6.8402E+03 -4.8570E+02  1.1697E+03
0005639   7.2290E+03 -3.8688E+03 -2.5782E+02
0005640   7.8486E+03  2.0860E+03 -9.4101E+02
0005641   1.0184E+04 -2.1668E+03  3.1829E+02
0005642   6.9872E+03  4.8432E+01 -1.1578E+02
0005643   6.2165E+03  2.4376E+03  1.0036E+03
0005644   8.7839E+03 -3.7126E+03 -5.7499E+02
0005645   7.0680E+03 -1.2838E+03  4.3851E+03
0005646   9.9245E+03 -2.5748E+03 -3.3675E+03
0005647   7.3453E+03  7.0407E+02  4.6128E+03
0005648   6.0531E+03 -1.2961E+03  1.6485E+03
0005649   5.9832E+03  3.1583E+03 -4.7534E+03
0005650   7.6807E+03  1.2668E+03  2.2836E+03
0005651   8.6168E+03  2.4571E+03 -3.6968E+03
0005652   7.6404E+03 -2.3582E+03 -7.2533E+02
0005653   6.4931E+03 -2.7701E+03  2.0322E+03
0005654   1.0029E+04 -5.3318E+02 -1.3568E+03
0005655   9.1950E+03 -4.1441E+03  1.9299E+03
0005656   4.4126E+03  3.5812E+03  2.5431E+03
0005657   7.0135E+03  5.9769E+02 -4.5799E+02
0005658   5.9691E+03 -7.0102E+02  7.6056E+02
0005659   6.6915E+03 -3.6309E+03 -4.3213E+03
0005660   9.3051E+03  3.1738E+03 -3.5691E+03
0005661   8.1619E+03  8.6623E+02  3.5825E+03
0005662   9.2886E+03 -2.0871E+03 -4.0264E+03
0005663   9.1448E+03 -3.7690E+02 -8.3357E+02
0005664   8.1158E+03 -2.7196E+03  5.8113E+02
0005665   8.2070E+03 -1.6357E+03 -1.5299E+03
0005666   8.9200E+03 -8.0999E+02 -1.4628E+03
0005667   8.8789E+03  3.5975E+02 -7.5154E+02
0005668   8.8000E+03 -6.2524E+02  3.0488E+03
0005669   5.1336E+03  1.3240E+03  1.6716E+03
0005670   7.7569E+03  2.6650E+03  3.2916E+02
0005671   7.0297E+03  2.6456E+03  9.1334E+02
0005672   7.5143E+03 -2.6286E+03 -3.7169E+03
0005673   1.0100E+04  9.3196E+02  1.4887E+03
0005674   8.4494E+03  3.0541E+03  9.9705E+01
0005675   8.3096E+03  1.1308E+03  1.2047E+03
0005676   9.1454E+03 -1.3848E+03  3.3393E+03
0005677   8.8042E+03 -2.5492E+03  2.0495E+03
0005678   9.2763E+03 -4.5560E+01  1.3776E+03
0005679   6.2044E+03 -1.3491E+03  3.0303E+03
0005680   8.6355E+03 -1.0990E+03  1.8463E+03
0005681   6.7856E+03 -9.1171E+02 -9.2112E+02
0005682   9.8458E+03  8.3781E+02  6.3470E+02
0005683   8.2105E+03 -9.7944E+02 -6.3961E+02
0005684   9.3496E+03 -1.3327E+02  2.0611E+02
0005685   3.0771E+03  2.0735E+03  3.3952E+03
0005686   7.2950E+03  3.3329E+03  3.6967E+02
0005687   9.2819E+03 -1.4864E+03 -3.1082E+02
0005688   9.1045E+03  3.1864E+03  4.7455E+02
0005689   8.1602E+03  6.2573E+02  3.7235E+02
0005690   6.9861E+03 -9.4556E+02  4.2879E+03
0005691   8.2453E+03  1.0038E+03 -2.0617E+02
0005692   9.0851E+03  1.5927E+03  1.6502E+03
0005693   1.0518E+04 -2.1193E+03  5.6449E+01
0005694   6.9468E+03 -6.6727E+02 -1.4705E+03
0005695   7.0058E+03  5.4730E+03  5.8542E+03
0005696   8.6603E+03  2.5574E+03 -1.5229E+03
0005697   5.8624E+03  2.9345E+03 -1.1341E+03
0005698   9.4613E+03 -2.2663E+03  2.0085E+03
0005699   6.8937E+03 -2.4375E+03  1.1898E+03
0005700   8.1619E+03  1.1918E+03 -1.0728E+02
0005701   1.0483E+04 -5.6953E+02 -2.6460E+03
0005702   8.7646E+03  6.8138E+02  8.6096E+02
0005703   5.9281E+03 -3.1687E+03  1.3369E+02
0005704   6.3931E+03 -2.2479E+03 -3.9307E+03
0005705   6.5900E+03  1.7327E+03  4.9425E+03
0005706   6.5988E+03 -4.1443E+03 -1.6856E+03
0005707   6.3429E+03 -9.7112E+02  4.0911E+03
0005709   8.3624E+03 -3.5746E+03  1.3182E+03
0005710   7.7127E+03 -2.1487E+03 -1.6050E+03
0005711   6.8483E+03  1.1904E+03  2.0226E+03
0005712   5.3236E+03  1.2302E+03  9.5544E+02
0005713   8.4572E+03  1.0858E+03 -2.7996E+03
0005714   1.1070E+03 -3.8817E+03  4.1526E+03
0005715   7.1250E+03 -9.1550E+01  2.1118E+02
0005716   1.0046E+04  7.3620E+02 -1.7217E+03
0005717   7.1378E+03  8.6087E+02 -8.7063E+02
0005718   4.9005E+03 -1.6477E+03 -2.7972E+02
0005719   6.3016E+03  1.8945E+03 -4.3783E+02
0005720   4.0029E+03 -3.6913E+03  1.7069E+03
0005721   8.9233E+03 -7.8765E+01  1.7022E+03
0005722   6.8188E+03 -5.8783E+02 -4.6983E+03
0005723   6.1666E+03  1.5014E+01 -3.7262E+03
0005724   8.5468E+03  1.1815E+03 -2.4369E+03
0005725   6.7548E+03  1.8471E+02  5.3317E+02
0005726   5.8895E+03  2.3003E+03 -1.0752E+01
0005727   9.9569E+03 -1.9362E+03 -5.9508E+01
0005728   6.1279E+03  5.7025E+02 -1.6043E+03
0005729   8.1120E+03  1.1913E+03 -1.3539E+03
0005730   5.7440E+03 -8.8282E+02 -1.3578E+03
0005731   6.6004E+03 -2.1669E+03  3.2283E+03
0005732   3.5166E+03  2.0891E+02 -1.4720E+03
0005733   7.6269E+03 -1.1691E+03  1.8747E+03
0005734   5.8428E+03 -1.5271E+03  1.2897E+03
0005735   7.0468E+03 -2.4548E+03 -2.8460E+03
0005736   9.7287E+03  1.2671E+03 -1.3621E+03
0005737   6.2374E+03 -4.5320E+03 -3.2104E+03
0005738   8.9233E+03 -6.5493E+02 -2.4573E+03
0005739   7.3491E+03 -5.9181E+03  9.4567E+02
0005740   4.2097E+03 -4.4884E+03 -4.0411E+03
0005741   5.1508E+03 -1.4818E+03 -3.1996E+03
0005742   7.4103E+03 -2.1645E+02  8.0711E+02
0005743   5.0738E+03 -4.2258E+03 -5.5859E+02
0005744   6.5733E+03  2.8315E+03 -3.1202E+02
0005745   3.4141E+03  4.7170E+03 -4.5104E+03
0005746   6.4307E+03  2.1125E+03  1.9648E+02
0005747   6.7392E+03 -1.9426E+03  6.9170E+01
0005748   6.3275E+03  2.9411E+02  1.7221E+03
0005749   8.8851E+03 -1.0599E+03  2.7879E+03
0005750   5.8301E+03  2.2407E+03  5.8366E+02
0005751   3.4198E+03  6.8807E+02 -5.5972E+02
0005752   8.6335E+03  6.8973E+02  3.5077E+03
0005753   8.1843E+03 -1.1334E+03 -2.1118E+03
0005754   1.7806E+03 -1.9019E+03 -7.3503E+02
0005755   3.9053E+03 -1.9308E+03 -5.2757E+03
0005756   1.0402E+04  1.3397E+03  1.8191E+03
0005757   6.4258E+03  1.1451E+03 -8.9976E+02
0005758   9.1106E+03 -2.9659E+03  8.0010E+02
0005759   5.7665E+03 -3.6898E+03  1.2557E+03
0005760   4.9882E+03  2.2392E+03  8.3743E+02
0005761   7.9744E+03  8.7882E+02  5.3273E+02
0005762   8.2331E+03  2.0584E+03  4.4216E+02
0005763   6.8929E+03  3.6608E+03 -2.5177E+02
0005764   6.5021E+03  1.7510E+02 -6.4042E+02
0005765   7.8004E+03  3.3538E+03 -1.9233E+02
0005766   4.4406E+03 -1.1648E+03  4.1248E+03
0005767   4.8574E+03  1.9741E+03 -4.6346E+03
0005768   2.5979E+03 -2.3649E+03 -2.9079E+03
0005769   8.6747E+03 -4.0402E+03 -1.6079E+03
0005770   3.4390E+03  6.2541E+03  6.1079E+02
0005771   5.0076E+03 -3.4505E+03 -6.1220E+02
0005772   8.3660E+03  1.5307E+03 -2.4426E+03
0005773   7.8788E+03  1.8240E+03  9.8169E+02
0005774   1.0069E+04  9.9711E+02 -2.0470E+03
0005775   4.9521E+03 -1.7845E+03 -1.5546E+03
0005776   6.6026E+03 -3.8947E+02  4.2763E+03
0005777   7.5905E+03  9.8749E+02  1.3687E+03
0005778   6.6713E+03  1.8250E+03  1.6977E+03
0005779   1.6825E+03  1.2186E+03 -1.4113E+03
0005780   3.6124E+03 -1.3917E+03 -1.5377E+02
0005781   6.9887E+03  2.5716E+03 -5.7611E+02
0005782   7.5531E+03 -1.1085E+03 -1.6456E+03
0005783   5.1257E+03  2.0380E+02  7.4718E+02
0005784   4.8109E+03 -5.9557E+03  2.4272E+01
0005785   6.7719E+03 -2.1793E+03  3.0676E+03
0005786   7.2421E+03 -1.0694E+03 -2.8027E+03
0005787   8.6050E+03  2.0102E+03 -9.9752E+02
0005788   8.4837E+03  2.6373E+03 -2.9094E+02
0005789   5.3704E+03  1.3600E+03 -4.3144E+03
0005790   8.5853E+03  3.7689E+03 -2.4814E+03
0005791   6.3455E+03  6.2152E+03  9.1788E+02
0005792   8.2371E+03  1.1792E+02 -2.9784E+03
0005793   5.6127E+03 -2.9606E+03  1.7569E+03
0005794   5.9772E+03 -8.0309E+02  3.4849E+03
0005795   8.9536E+03  3.4555E+03 -1.3700E+02
0005796   5.4045E+03  7.0975E+02 -2.8472E+03
0005797   1.0186E+04  5.8812E+02  5.8157E+02
0005798   1.5149E+03  2.7378E+03  1.5620E+03
0005799   7.3523E+03 -4.2929E+03 -4.1934E+03
0005800   4.5009E+03  8.1627E+02 -4.2524E+03
0005801   4.4307E+03  3.6091E+03 -1.4659E+03
0005802   8.4104E+03  9.0722E+02 -4.3541E+02
0005803   1.0256E+04 -1.8471E+03  1.3951E+03
0005804   6.3576E+03  1.0979E+03 -2.9498E+03
0005805   5.6532E+03  1.0105E+03  5.6829E+02
0005806   7.0413E+03  2.5414E+03 -3.7667E+03
0005807   8.4906E+03  1.3508E+03  2.8853E+03
0005808   8.1724E+03  1.0312E+03  1.1262E+03
0005809   7.5341E+03  9.5262E+01  5.8981E+00
0005810   7.7457E+03  6.9997E+02  1.6730E+03
0005811   1.0439E+04  1.5269E+03  1.5936E+03
0005812   3.9761E+03 -2.2780E+02 -1.0096E+03
0005813   6.8806E+03 -1.6584E+02 -6.0671E+02
0005814   9.2469E+03 -6.2799E+02  2.7633E+03
0005815   4.2624E+03 -9.4313E+02  2.6965E+03
0005816   6.7017E+03  1.7872E+03  1.4840E+03
0005817   5.3261E+03 -1.4919E+03 -3.3895E+03
0005818   5.9345E+03  2.2647E+03 -2.2703E+03
0005819   8.0190E+03  4.9151E+03  7.5185E+02
0005820   9.0008E+03 -4.2266E+02 -2.5717E+03
0005821   7.8870E+03 -1.2794E+03 -3.1041E+03
0005822   8.3469E+03  2.1681E+03  3.2598E+03
0005823   6.1380E+03 -5.4882E+02  1.7596E+03
0005824   4.0504E+03 -2.2601E+03  1.6366E+03
0005825   7.7426E+03  2.5915E+03 -2.4747E+03
0005826   4.0705E+03 -1.1392E+03  1.9655E+02
0005827   6.7762E+03 -4.2245E+03  1.5703E+03
0005828   7.3666E+03 -6.3927E+02  2.7354E+02
0005829   8.3859E+03  3.4569E+03 -2.4005E+02
0005830   7.7816E+03  9.5286E+02  7.6980E+02
0005831   6.5334E+03  4.5865E+03 -5.7862E+02
0005832   6.4733E+03  1.4329E+03 -3.5287E+02
0005833   4.2318E+03  1.3018E+03  1.1899E+02
0005834   5.9879E+03 -2.1105E+03  2.5518E+03
0005835   6.8321E+03  1.1916E+03 -2.8572E+02
0005836   4.8072E+03  5.1099E+02  3.8724E+03
0005837   4.0760E+03 -4.2277E+02  3.4336E+03
0005838   8.4940E+03 -3.4341E+03 -1.0808E+03
0005839   5.9204E+03 -2.0495E+03 -2.3064E+03
0005840   8.9726E+03 -3.6935E+03 -9.4774E+02
0005841   7.7602E+03 -2.7718E+03 -1.9832E+03
0005842   7.9991E+03  1.5439E+03 -8.0609E+02
0005844   7.3298E+03  1.5278E+02 -1.2763E+03
0005845   7.5097E+03 -2.6370E+02 -1.0985E+03
0005846   9.1405E+03  7.2876E+01  2.0416E+03
0005847   7.6165E+03  6.3785E+02 -1.7198E+03
0005848   1.0675E+04  1.5540E+03 -1.6351E+03
0005849   9.0269E+03 -2.0896E+02  1.6671E+02
0005850   9.4829E+03 -3.6462E+03 -6.0522E+02
0005851   6.4716E+03 -1.9160E+03  2.6786E+02
0005852   9.3518E+03  5.0606E+02  1.2002E+03
0005853   9.1341E+03 -7.9502E+02  1.0867E+03
0005854   7.8943E+03 -2.1849E+01  3.6978E+03
0005855   5.7864E+03  2.1285E+03 -2.6855E+03
0005856   3.8173E+03  2.0648E+03 -3.5399E+03
0005857   9.1592E+03 -1.0867E+02  4.4027E+02
0005858   8.1763E+03 -1.3309E+02  9.2542E+02
0005859   6.8772E+03  1.0238E+02 -9.8402E+02
0005860   7.8796E+03  1.9082E+03  3.3957E+02
0005861   9.7907E+03  1.9702E+03  2.5198E+02
0005862   2.0618E+03 -2.6352E+02  2.8829E+03
0005863   9.4033E+03  2.6619E+02  1.3758E+03
0005864   7.1886E+03  1.1811E+03 -1.7537E+03
0005865   5.3103E+03 -2.1256E+03 -3.0468E+03
0005866   4.9183E+03  4.3519E+03  1.8572E+02
0005867   4.1198E+03 -8.9538E+02  3.5107E+03
0005868   8.0103E+03  3.7514E+03  6.5919E+02
0005869   7.6036E+03 -2.1593E+03  1.1939E+02
0005870   7.4860E+03  1.8190E+03  5.7479E+02
0005871   7.8010E+03  1.1002E+03  3.3748E+03
0005872   4.8461E+03  1.7553E+03  1.4877E+03
0005873   6.4100E+03  2.0884E+03  3.5309E+03
0005874   6.9569E+03 -2.4597E+03 -2.0637E+03
0005875   8.2044E+03  1.4029E+03 -1.5418E+03
0005876   8.8214E+03 -5.9578E+02  1.7872E+03
0005877   5.2315E+03 -1.0817E+03  2.6404E+03
0005878   4.0899E+03  5.6408E+03 -3.9234E+03
0005879   5.9461E+03 -4.4995E+03 -4.3077E+02
0005880   7.2037E+03  1.3344E+03 -2.0238E+03
0005881   8.7800E+03  4.5483E+02 -2.5999E+03
0005882   3.7105E+03 -1.9650E+03  9.3008E+02
0005883   5.3485E+03 -3.6459E+03  1.4608E+03
0005884   7.2207E+03 -3.1449E+03  1.1577E+03
0005885   9.4098E+03 -4.4969E+02 -1.8640E+03
0005886   8.6373E+03 -4.7623E+03 -7.9774E+02
0005887   8.1774E+03 -2.1463E+02  1.5282E+03
0005888   6.6767E+03 -1.0951E+03  2.1651E+02
0005889   6.4346E+03 -2.3528E+03 -1.9040E+03
0005890   7.4244E+03  2.5877E+03  7.2394E+02
0005891   5.0463E+03  1.7299E+03 -3.3140E+03
0005892   8.0999E+03 -1.6280E+03  3.5066E+03
0005893   6.7036E+03  1.8407E+02 -3.3897E+02
0005894   9.0301E+03 -1.1613E+02 -1.2552E+03
0005895   6.2392E+03 -1.9824E+03 -4.1283E+03
0005896   7.3701E+03 -2.4422E+03  1.1792E+03
0005897   9.8805E+03 -1.1638E+02 -8.8424E+02
0005898   7.3563E+03  8.2731E+02  8.1731E+01
0005899   5.0004E+03 -2.9888E+03  6.0309E+02
0005900   7.7883E+03 -1.9028E+03 -3.5490E+03
0005901   2.1263E+03 -3.5361E+03 -7.9733E+02
0005902   7.6935E+03 -4.1253E+02 -9.6466E+02
0005903   8.3030E+03  2.5402E+03 -1.8939E+03
0005904   4.6436E+03 -6.0879E+03 -9.3003E+02
0005905   1.0138E+04 -1.6616E+03 -1.9567E+03
0005906   9.7116E+03  6.9196E+02 -5.0156E+02
0005907   5.6950E+03  8.4044E+02  2.5288E+02
0005908   7.6499E+03 -3.5667E+03 -1.7515E+03
0005909   8.7632E+03 -2.7391E+03 -4.3554E+03
0005910   6.1770E+03 -7.8553E+02 -5.2837E+03
0005911   6.0952E+03 -1.8657E+03 -1.7434E+02
0005912   8.7564E+03 -1.9482E+03 -6.3406E+02
0005913   8.2668E+03 -1.6977E+02  3.8330E+03
0005914   3.2730E+03  1.3378E+03 -1.6078E+02
0005915   8.3047E+03  7.9681E+02 -2.5344E+03
0005916   5.8083E+03  1.6239E+03 -7.4064E+02
0005917   5.1348E+03 -1.7554E+03  1.8768E+03
0005918   8.1501E+03 -2.0109E+02  3.5676E+03
0005919   6.7034E+03  5.0062E+03  9.0561E+02
0005920   7.2627E+03  1.5573E+02 -3.0981E+03
0005921   7.0503E+03  2.4952E+03  2.1246E+03
0005922   8.0712E+03  1.6420E+03 -8.5009E+02
0005923   7.6013E+03  5.0845E+03 -6.4500E+02
0005924   1.0611E+04 -2.7343E+02  6.9341E+02
0005925   8.9568E+03 -1.1143E+03  9.9871E+02
0005926   7.5841E+03  1.1953E+03  4.6021E+02
0005927   7.7388E+03 -4.8104E+03  3.8747E+02
0005928   6.0266E+03 -3.0982E+03 -1.3337E+03
0005929   8.0471E+03  2.0446E+03 -4.5909E+02
0005930   9.0002E+03 -1.1629E+03 -1.1804E+03
0005931   5.1933E+03  1.9418E+03 -8.7331E+02
0005932   8.0082E+03 -2.7179E+03  2.0690E+03
0005933   5.0398E+03 -2.6480E+03  3.5561E+03
0005934   9.1232E+03  1.1116E+03  1.1075E+03
0005935   1.0155E+04 -7.8852E+02 -1.6635E+03
0005936   7.4310E+03 -7.6928E+02 -3.6484E+03
0005937   7.7918E+03  1.8333E+03  1.8252E+03
0005938   1.0742E+03  3.3212E+03 -2.1014E+03
0005939   8.0630E+03 -3.7137E+03  1.2372E+03
0005940   8.3443E+03 -3.0661E+03  1.2405E+03
0005941   1.0870E+04 -2.7620E+03 -1.6178E+03
0005942   6.3553E+03 -1.1917E+03 -3.9351E+02
0005943   8.2098E+03 -4.3264E+02  2.4803E+03
0005944   7.3559E+03 -7.4210E+02 -1.9920E+03
0005945   2.8465E+03  1.6784E+03 -1.3446E+03
0005946   6.9545E+03  3.3203E+03 -2.8301E+03
0005947   6.9220E+03  1.8857E+02  1.2942E+03
0005948   9.3206E+03 -1.0570E+03  1.1009E+02
0005949   7.2937E+03  4.5248E+03  3.0362E+02
0005950   7.6652E+03 -6.2604E+02 -2.4031E+03
0005951   6.5492E+03 -3.5215E+03  1.0560E+03
0005952   8.0211E+03  9.6548E+02 -1.2986E+03
0005953   8.0386E+03 -2.9531E+03  1.3571E+03
0005954   9.7584E+03  1.3166E+02 -1.7466E+02
0005955   8.9819E+03  2.9872E+03  3.7147E+02
0005956   8.9960E+03  2.8762E+03  1.7793E+03
0005957   1.0566E+04  1.6451E+03  1.9591E+03
0005958   8.5384E+03 -2.8139E+03 -5.8327E+02
0005959   4.4780E+03  1.8012E+03  4.6043E+03
0005960   7.0686E+03  1.1341E+03 -2.1853E+03
0005961   7.6535E+03 -2.4020E+02 -1.6768E+02
0005962   8.0219E+03  1.9337E+03  1.2320E+03
0005963   6.4495E+03  2.0714E+03  5.6427E+02
0005964   7.2038E+03  1.9154E+03 -2.4875E+03
0005965   6.3773E+03 -1.2372E+02  1.9963E+03
0005966   8.3857E+03  3.1225E+03 -1.1800E+03
0005967   6.0799E+03  5.8834E+02  3.8525E+03
0005968   7.8885E+03  4.6689E+03 -1.0571E+03
0005969   8.3188E+03 -2.4442E+03 -2.8483E+03
0005970   5.5512E+03 -5.0702E+02 -4.0257E+03
0005971   9.3092E+03  1.0982E+03  6.4489E+02
0005972   7.9570E+03  1.5204E+03  1.5994E+03
0005973   6.7944E+03  1.2463E+02  4.2028E+03
0005974   5.1181E+03  8.8257E+02  5.5611E+02
0005975   8.1656E+03  1.0703E+03 -2.9237E+03
0005976   6.3789E+03 -1.9490E+03  2.1123E+03
0005977   6.3449E+03  1.6853E+03 -2.6513E+02
0005978   2.5489E+03 -2.5144E+02  1.5375E+03
0005979   4.7292E+03  7.3775E+02  6.5902E+02
0005980   6.6776E+03 -5.0832E+03  2.5015E+03
0005981   1.0261E+04  5.9772E+02 -5.8231E+02
0005982   3.7054E+03  5.2361E+02 -3.8460E+03
0005983   8.0940E+03  4.6301E+03  2.5602E+00
0005984   4.8838E+03 -1.8517E+03 -3.0228E+03
0005985   8.1647E+03  2.5520E+02  3.5195E+03
0005986   8.3009E+03 -1.4583E+03  4.3388E+03
0005987   9.0261E+03  6.1850E+02 -2.2836E+03
0005988   8.1153E+03 -3.8137E+00 -1.3769E+03
0005989   4.7880E+03 -5.5448E+03 -8.5403E+02
0005990   7.7459E+03  2.4990E+03  4.8549E+02
0005991   8.3236E+03 -1.6010E+03  3.0779E+03
0005992   5.1917E+03  1.8257E+03 -5.3902E+01
0005993   7.0675E+03 -1.1315E+03 -2.0213E+03
0005994   6.9061E+03  2.5179E+03  1.7696E+03
0005995   6.6560E+03  2.2544E+02  4.0867E+03
0005996   1.0108E+04  1.5138E+03 -4.8789E+02
0005997   5.8194E+03  7.6913E+02 -1.0685E+03
0005998   2.4856E+03 -6.3348E+02  1.4402E+02
0005999   9.1126E+03  4.4767E+03 -5.4684E+02
0006000   1.0084E+04 -7.8884E+02  1.7023E+03
0006001   7.6903E+03  2.5331E+03  8.3860E+02
0006002   6.2389E+03 -2.5913E+03 -2.6148E+03
0006003   6.3272E+03  1.5530E+03 -2.8835E+03
0006004   6.2408E+03 -2.4281E+03 -6.4244E+02
0006005   1.0093E+04 -1.1411E+03  1.7991E+02
0006006   5.5433E+03 -2.0173E+03 -1.8560E+03
0006007   8.3111E+03 -1.9396E+02  1.7664E+03
0006008   8.2551E+03 -3.4130E+03  2.2859E+03
0006009   8.1535E+03 -1.9161E+03  1.6891E+03
0006010   7.6278E+03 -3.1737E+02 -1.5561E+03
0006011   5.6497E+03 -1.9913E+03  4.1371E+03
0006012   8.1026E+03  1.7221E+03  3.5553E+03
0006013   6.7720E+03 -9.3803E+02 -2.1311E+03
0006014   6.5564E+03 -3.3755E+03  1.1081E+03
0006015   4.1315E+03  4.1807E+03 -2.1254E+03
0006016   6.0393E+03 -4.3639E+03  7.3322E+01
0006017   9.7076E+03  1.0952E+02  3.6045E+02
0006018   9.5882E+03  3.0598E+03  5.4113E+01
0006019   2.9995E+03 -3.4385E+01  3.8819E+03
0006020   6.7639E+03 -1.7903E+03 -1.0388E+03
0006021   8.0569E+03 -1.5421E+03 -2.0457E+03
0006022   6.5319E+03  1.6467E+03 -5.2308E+03
0006023   8.6531E+03  7.5074E+02 -1.2796E+03
0006024   5.2685E+03  3.6549E+03 -2.6711E+02
0006025   8.0267E+03  3.0242E+03 -2.5847E+03
0006026   1.0149E+04  1.5136E+03 -7.4163E+02
0006027   3.8474E+03  3.4567E+02 -1.0750E+03
0006028   8.0096E+03 -2.1053E+03  2.5882E+02
0006029   9.8622E+03 -2.0329E+03  2.9506E+03
0006030   9.4797E+03  8.4765E+02  5.7170E+02
0006031   7.6265E+03  3.7953E+02 -1.5535E+03
0006032   4.7599E+03  2.0072E+03 -3.9359E+03
0006033   7.2275E+03 -1.2804E+03 -9.9941E+02
0006034   5.9183E+03  3.5885E+03  1.8292E+03
0006035   8.0201E+03 -2.9431E+02 -1.6023E+03
0006036   8.2980E+03 -1.3013E+03 -3.3408E+03
0006037   6.4069E+03 -3.8278E+03 -1.4420E+03
0006038   6.4244E+03  2.4234E+03  1.0117E+03
0006039   4.2515E+03  1.0987E+03  9.5412E+02
0006040   8.4618E+03 -1.9943E+03  3.5760E+03
0006041   1.0269E+04  1.4686E+03 -5.6766E+02
0006042   1.1158E+04  7.5251E+02  6.4281E+02
0006043   8.7187E+03  4.0908E+02  3.4196E+01
0006044   8.5230E+03  1.1308E+03  1.8671E+02
0006045   1.9315E+03 -4.5070E+03 -1.6553E+03
0006046   7.0944E+03 -1.7868E+03 -2.1068E+03
0006047   7.1766E+03 -2.2627E+03  1.3591E+03
0006048   6.4133E+03  1.7203E+03 -1.5938E+02
0006049   4.7992E+03  2.4265E+03  1.7971E+02
0006050   1.6158E+03  2.3061E+03 -3.8020E+02
0006051   8.6311E+03 -4.0992E+01  1.6916E+03
0006052   8.8114E+03 -2.8295E+03  3.0966E+02
0006053   4.3393E+03  2.7504E+03 -2.9160E+03
0006054   5.7471E+03 -1.5382E+03 -4.7540E+03
0006055   9.8619E+03 -6.2972E+02 -2.5358E+03
0006056   8.0675E+03  2.5206E+03  3.5515E+03
0006057   7.6511E+03  1.7261E+03 -1.7524E+03
0006058   5.0010E+03  3.8878E+03  8.7456E+02
0006059   7.4077E+03 -2.5782E+03  2.5564E+03
0006060   9.4858E+03  7.7866E+02  1.4970E+03
0006061   7.7458E+03 -3.3609E+03 -3.3637E+03
0006062   6.5857E+03 -1.0315E+03  2.0605E+03
0006063   5.1209E+03  4.6418E+02  3.3618E+03
0006064   9.5126E+03  2.6719E+03 -3.5405E+01
0006065   6.9327E+03  3.2663E+03  1.0837E+03
0006066   6.7091E+03 -1.5607E+03 -5.9465E+02
0006067   7.0934E+03 -1.5469E+03 -4.8140E+02
0006068   9.5759E+03  6.8411E+02 -6.1194E+02
0006069   8.7670E+03  3.4797E+03 -1.8446E+03
0006070   4.1212E+03 -2.1395E+03  6.2744E+02
0006071   6.0636E+03  1.5640E+03  2.4696E+03
0006072   9.4161E+03 -4.7999E+02 -3.8943E+02
0006073   6.9434E+03 -1.0513E+03 -8.6758E+02
0006074   6.7175E+03 -1.8218E+03 -4.2291E+03
0006075   9.6236E+03  1.7729E+03 -2.3408E+03
0006076   5.8112E+03 -2.9634E+03  4.2172E+03
0006077   6.9580E+03 -5.7760E+01 -2.2866E+03
0006078   1.0025E+04 -2.9644E+02  6.3878E+02
0006079   7.9344E+03  2.2867E+03 -1.3965E+03
0006080   3.0797E+03  5.9853E+02  3.5518E+03
0006081   5.3897E+03  1.2626E+03  1.4030E+03
0006082   8.0171E+03  2.5616E+03  7.9040E+02
0006083   7.0643E+03 -1.8469E+03 -4.8032E+02
0006084   8.4804E+03  3.4106E+02  1.2389E+03
0006085   8.9233E+03  1.0405E+03  1.8382E+03
0006086   6.7414E+03 -4.2781E+03 -2.1185E+03
0006087   7.4206E+03 -3.9359E+03 -2.7515E+02
0006088   8.0954E+03 -5.6268E+03 -2.0263E+03
0006089   9.0539E+03 -1.5454E+03  3.3854E+03
0006090   7.5604E+03  6.3132E+02 -1.5282E+03
0006091   6.0235E+03 -1.7379E+02  4.5806E+01
0006092   9.2651E+03 -2.9650E+03 -1.8619E+03
0006093   6.8274E+03 -9.8006E+02  3.7113E+03
0006094   7.2615E+03  3.7128E+03  1.3568E+03
0006095   9.4962E+03  1.1963E+03  1.0119E+03
0006096   7.1839E+03 -1.0838E+03  3.0200E+02
0006097   5.0549E+03  3.7544E+03 -2.2611E+03
0006098   9.1354E+03  3.7836E+03 -2.9415E+03
0006099   8.1869E+03  3.8953E+03 -1.9945E+03
0006100   8.4078E+03 -2.1421E+03 -2.2198E+02
0006101   9.8141E+03 -7.1516E+02 -1.2786E-01
0006102   5.9070E+03  4.5969E+03  1.7574E+02
0006103   8.9364E+03 -3.7333E+02  1.6263E+03
0006104   8.0568E+03 -2.5947E+03 -7.6901E+02
0006105   4.2133E+03  1.6459E+03  3.8289E+03
0006106   1.1615E+04  4.1577E+02 -3.5083E+02
0006107   7.6645E+03 -1.6726E+03  2.2899E+02
0006108   7.5260E+03  2.1257E+03  2.1233E+02
0006109   1.0004E+04  3.4738E+03 -3.4452E+03
0006110   7.2111E+03  2.1633E+03 -1.6281E+03
0006111   5.3717E+03 -2.8288E+02 -3.5534E+03
0006112   6.2490E+03  2.2385E+03 -3.2491E+03
0006113   5.0711E+03  3.6276E+03  2.5020E+02
0006114   5.4382E+03  4.2190E+03  1.3724E+03
0006115   5.7239E+03 -1.9835E+03  1.3653E+03
0006116   5.7930E+03  2.4586E+03  4.8379E+03
0006117   6.6647E+03 -2.3822E+03 -7.3650E+02
0006118   4.6665E+03  2.6597E+03 -4.0289E+03
0006119   6.4690E+03 -8.7695E+02 -3.6117E+03
0006120   9.1811E+03 -2.2946E+03 -1.7594E+03
0006121   9.1505E+03 -1.9178E+03 -2.6329E+02
0006122   7.0215E+03 -1.3539E+03  1.8562E+03
0006123   6.7732E+03  6.6943E+02  5.4713E+02
0006124   5.6113E+03 -4.2034E+03  1.5666E+03
0006125   1.0354E+04  2.4154E+03 -9.9860E+02
0006126   8.8611E+03  3.8604E+03  3.1171E+03
0006127   4.3862E+03  5.3719E+03  2.2876E+02
0006128   7.0895E+03 -3.4741E+03  2.8443E+03
0006129   3.7890E+03  1.1819E+03 -3.6295E+03
0006130   4.1136E+03 -9.0551E+02  1.7427E+03
0006131   3.6470E+03  1.7158E+03 -1.7414E+03
0006132   4.6426E+03 -2.0986E+03 -9.1467E+02
0006133   6.6718E+03 -1.5425E+03  1.4310E+03
0006134   7.4702E+03  1.6622E+03 -1.5666E+03
0006135   5.2313E+03  1.6216E+03 -1.5583E+03
0006136   7.0140E+03 -1.8916E+03 -1.8847E+03
0006137   4.3760E+03 -1.2651E+03  9.9657E+01
0006138   6.8217E+03 -9.2710E+02 -6.0563E+02
0006139   7.3300E+03 -4.4226E+03  5.6025E+02
0006140   7.3467E+03  2.8747E+03 -7.7355E+02
0006141   4.8935E+03 -5.1700E+03 -2.3338E+00
0006142   7.9453E+03 -1.2465E+03 -2.5876E+03
0006143   8.0399E+03 -1.7701E+03  1.0055E+03
0006144   9.4663E+03 -4.5061E+02  1.0774E+02
0006145   5.0555E+03 -4.2703E+03 -1.4284E+03
0006146   6.5528E+03  2.6674E+03  3.5515E+03
0006147   8.3901E+03 -2.4012E+03  1.3694E+03
0006148   1.4858E+03 -5.4842E+03 -4.6923E+03
0006149   9.1165E+03 -3.3016E+02  6.4653E+02
0006150   9.4638E+03 -6.2450E+02 -1.0046E+03
0006151   7.0187E+03  2.2470E+03  1.3779E+03
0006152   7.2589E+03 -2.7585E+03  2.7029E+03
0006153   8.3558E+03  5.4613E+02  2.0343E+02
0006154   8.7142E+03  2.0109E+03  2.0333E+03
0006155   8.9123E+03 -8.5561E+01  1.1639E+03
0006156   6.4218E+03 -1.4139E+03 -3.0985E+03
0006157   7.0425E+03  3.6123E+03 -8.0220E+02
0006158   2.5194E+03 -4.9460E+03  2.1862E+03
0006159   6.9190E+03 -3.2322E+03 -2.2217E+03
0006160   1.0581E+04  1.1251E+03 -1.0314E+03
0006161   5.5927E+03 -1.6687E+03  6.8812E+02
0006162   5.5649E+03 -3.3768E+03  7.5898E+02
0006163   7.7542E+03 -2.6145E+03 -8.7546E+02
0006164   8.9889E+03  1.2578E+03 -1.0685E+03
0006165   8.9738E+03 -1.6627E+03  1.5884E+02
0006166   7.8097E+03 -1.3331E+03 -2.4122E+03
0006167   5.7541E+03  5.7547E+02  3.7914E+03
0006168   6.1129E+03  4.3796E+03 -3.0774E+03
0006169   1.0048E+04  3.1501E+02  1.4344E+03
0006170   9.9381E+03 -3.7365E+02 -1.6799E+03
0006171   4.7934E+03  1.7209E+03 -1.9635E+03
0006172   3.4295E+03 -3.4802E+02 -8.8030E+02
0006173   7.3350E+03 -3.1535E+03  1.1882E+03
0006174   5.4525E+03 -1.5848E+03  1.1487E+03
0006175   9.4016E+03  1.8476E+03  7.9799E+02
0006176   8.2634E+03  1.2304E+03 -5.4760E+02
0006177   4.8932E+03 -1.2775E+03  5.3788E+02
0006178   5.2331E+03 -3.8203E+03  2.6410E+02
0006179   9.8497E+03 -3.5163E+02  1.1793E+03
0006180   6.4116E+03  3.7904E+03  3.3657E+03
0006181   8.1258E+03 -3.1157E+03  7.9204E+02
0006182   7.9358E+03 -2.5133E+02 -1.0689E+03
0006183   6.4954E+03 -2.5699E+02 -3.7439E+02
0006184   7.8905E+03  3.2864E+03 -5.4576E+02
0006185   6.2271E+03 -3.1998E+03 -6.0473E+01
0006186   4.0867E+03  1.8091E+03 -3.0637E+03
0006187   6.8435E+03  9.3775E+02  2.9708E+03
0006188   8.6252E+03 -4.1121E+03 -1.5695E+03
0006189   9.4746E+03  2.3073E+03 -1.3646E+03
0006190   9.9368E+03 -2.0522E+03 -8.3121E+02
0006191   5.6758E+03 -2.8798E+02  2.1353E+03
0006192   6.7928E+03 -3.0357E+03 -1.8165E+03
0006193   7.7315E+03  2.2642E+03  1.0801E+03
0006194   7.4616E+03 -4.1087E+03 -2.2815E+03
0006195   6.2946E+03  3.7389E+03  3.1166E+03
0006196   9.1962E+03 -5.3459E+02  4.4246E+02
0006197   8.3138E+03 -2.9338E+02  4.7303E+02
0006198   8.4572E+03 -6.1808E+02 -1.6368E+03
0006199   6.2464E+03 -2.4617E+03  2.4800E+02
0006200   7.3144E+03 -1.1695E+03  2.0521E+03
0006201   3.4430E+03 -1.0459E+03 -4.5173E+03
0006202   7.4596E+03  1.4357E+02 -3.0442E+03
0006203   9.1611E+03 -8.7327E+02  2.3066E+03
0006204   6.7489E+03  6.4900E+02 -1.7180E+03
0006205   5.6487E+03  7.3655E+02  1.9368E+03
0006206   6.8797E+03  1.3143E+03  3.2978E+02
0006207   9.6163E+03  2.7078E+02  4.0298E+02
0006208   9.5230E+03 -9.4869E+02 -9.1462E+02
0006209   1.0251E+04 -1.5835E+03  1.4608E+03
0006210   8.9495E+03  1.2081E+02  3.1235E+03
0006211   7.1239E+03 -1.6177E+03 -3.5578E+03
0006212   8.0337E+03 -5.8445E+02  3.1867E+02
0006213   9.5683E+03  1.4624E+03 -6.3874E+02
0006214   7.6136E+03 -1.6752E+03  1.5043E+03
0006215   5.7860E+03 -4.0753E+02 -4.7908E+03
0006216   6.4254E+03 -3.8876E+02  5.3343E+03
0006217   4.5569E+03  6.4295E+02  7.7210E+02
0006218   6.4314E+03  1.2778E+03  1.0006E+03
0006219   5.6229E+03 -2.8766E+03  2.1566E+03
0006220   8.8524E+03 -2.9384E+03 -3.3209E+02
0006221   1.0085E+04 -3.3117E+03 -1.2559E+03
0006222   8.2101E+03 -1.4847E+03  1.9573E+03
0006223   6.2195E+03 -1.6360E+03  2.9612E+03
0006224   8.8998E+03 -2.9667E+02 -1.3149E+03
0006225   9.8251E+03 -1.9678E+03  4.4584E+03
0006226   9.2016E+03  1.0918E+03  1.2378E+03
0006227   7.7634E+03  2.2121E+03  5.1222E+02
0006228   1.0739E+04 -3.9094E+02 -1.1847E+01
0006229   4.8291E+03 -3.2442E+03  3.7992E+03
0006230   7.4183E+03 -2.1854E+03 -2.1762E+03
0006231   5.8512E+03 -2.3163E+03  2.8273E+02
0006232   8.2554E+03 -1.3498E+03  7.8542E+00
0006233   7.3702E+03 -3.9710E+03 -2.0504E+03
0006234   6.7087E+03 -1.7095E+03 -9.3699E+02
0006235   5.8583E+03 -5.8302E+03 -1.4099E+03
0006236   8.4031E+03 -1.1184E+03  9.0336E+02
0006237   8.6968E+03 -5.7819E+02 -3.0446E+03
0006238   7.8849E+03  3.9953E+02  6.4719E+02
0006239   6.9490E+03 -2.2458E+02  3.5236E+03
0006240   9.8846E+03 -1.8671E+03  2.4054E+03
0006241   7.7979E+03 -2.5470E+03  3.0968E+03
0006242   9.9804E+03  7.6251E+02  2.6699E+03
0006243   6.6136E+03 -1.1441E+03 -1.5306E+03
0006244   7.9721E+03 -2.7496E+03  2.4851E+03
0006245   5.8470E+03  4.7135E+03 -4.0508E+03
0006246   4.5733E+03 -4.1960E+03 -2.1482E+03
0006247   2.3970E+03 -1.2171E+03 -5.5712E+03
0006248   8.2552E+03  3.5871E+03  1.3594E+03
0006249   7.8862E+03 -2.0271E+03 -1.3249E+03
0006250   7.6735E+03  1.9422E+03  7.8277E+02
0006251   9.2447E+03  3.8848E+03  1.3155E+03
0006252   9.8251E+03  1.7845E+03 -2.8835E+03
0006253   7.8329E+03 -9.7777E+02 -1.5562E+03
0006254   7.5619E+03 -4.8459E+00 -1.7962E+03
0006255   5.2801E+03  1.9640E+03  4.3924E+03
0006256   6.5230E+03 -1.8108E+02 -4.1543E+02
0006257   5.7447E+03 -2.2711E+03 -2.2986E+03
0006258   5.8411E+03  4.6109E+03 -1.3124E+03
0006259   7.1400E+03  1.1807E+03  4.5458E+03
0006260   7.9308E+03  2.5833E+03 -1.0157E+03
0006261   6.5053E+03 -2.6732E+03 -1.3516E+03
0006262   2.4995E+03 -2.6480E+03  2.2774E+03
0006263   2.7588E+03 -1.0995E+03  1.4961E+03
0006264   8.0704E+03 -1.0409E+02 -1.6207E+03
0006265   7.6376E+03  4.2061E+03  4.4851E+03
0006266   4.2412E+03  4.5041E+03 -3.8517E+02
0006267   6.4779E+03  3.7326E+03  1.8983E+03
0006268   1.7239E+03  1.7227E+03  2.9888E+01
0006269   8.9994E+03 -3.8246E+03 -1.6720E+02
0006270   8.0683E+03  6.2496E+02 -1.6776E+03
0006271   7.4740E+03 -6.7111E+02  3.8457E+03
0006272   8.5086E+03 -9.9175E+02  4.9228E+02
0006273   8.1892E+03 -3.0963E+03  1.3700E+03
0006274   6.4280E+03 -2.5812E+03  2.7345E+03
0006275   8.0644E+03  3.3843E+03 -5.6405E+02
0006276   5.0455E+03  3.2786E+03  4.9813E+02
0006277   1.0031E+04 -1.0569E+02  2.7766E+03
0006278   5.7027E+03  1.1132E+03  1.7816E+03
0006279   7.9153E+03  1.5212E+03  2.2611E+03
0006280   6.4197E+03 -3.6396E+03  2.2828E+03
0006281   7.2604E+03 -3.2843E+03 -7.6336E+02
0006282   7.9187E+03 -1.0030E+03 -3.3127E+03
0006283   6.9828E+03  1.5958E+03 -1.4916E+03
0006284   8.3228E+03 -9.7363E+02  4.8907E+03
0006285   5.1399E+03 -3.2868E+03  1.1290E+03
0006286   9.4882E+03 -2.2494E+03 -2.5967E+02
0006287   7.6376E+03  2.7924E+03 -1.5096E+03
0006288   4.6238E+03 -5.1313E+02 -6.9260E+02
0006289   8.6919E+03 -1.8669E+03  2.5195E+03
0006290   8.1269E+03 -2.7217E+02  4.6275E+02
0006291   6.7556E+03  2.0574E+03  1.1320E+03
0006292   8.6808E+03  5.4610E+02  4.8045E+02
0006293   8.0504E+03  1.2727E+03 -1.0858E+03
0006294   6.7549E+03  8.9701E+02  8.2844E+02
0006295   8.9240E+03 -1.7993E+03  1.9527E+03
0006296   6.3673E+03 -2.1159E+02 -9.7886E+02
0006297   8.1002E+03  2.7893E+03 -5.6780E+02
0006298   8.2354E+03  2.3836E+03  1.8512E+02
0006299   7.2564E+03  1.1167E+03  2.6000E+03
0006300   9.7358E+03 -9.7125E+02  1.0625E+03
0006301   8.5981E+03 -9.3653E+01  7.7050E+02
0006302   5.7504E+03 -2.4008E+03  3.7079E+03
0006303   6.4670E+03  2.3302E+03  4.0622E+03
0006304   9.7007E+03  3.9640E+02  1.2033E+03
0006305   9.1690E+03 -1.2097E+02 -2.0642E+03
0006306   9.0283E+03  1.9253E+03 -1.0630E+03
0006307   7.0641E+03 -2.6514E+03  8.2275E+02
0006308   9.2974E+03  2.5046E+03  1.5811E+03
0006309   8.6251E+03  3.0732E+02  7.9664E+02
0006310   6.5621E+03 -3.0766E+03  2.6626E+02
0006311   7.9534E+03  2.6597E+02 -7.9129E+02
0006312   8.4985E+03 -9.2732E+02  1.1718E+03
0006313   1.0301E+04  1.9266E+02 -2.5554E+02
0006314   7.9277E+03 -2.0547E+03  1.6119E+03
0006315   9.5151E+03  7.2613E+02  2.3833E+03
0006316   8.3179E+03  2.6227E+03 -2.2633E+03
0006317   9.4424E+03 -1.8704E+03 -8.1189E+02
0006318   5.1999E+03 -1.6541E+03 -4.7632E+03
0006319   6.3796E+03  6.7102E+02  3.0985E+03
0006320   2.5322E+03 -2.4872E+03 -1.8130E+03
0006321   6.7793E+03 -3.6987E+03  9.3717E+02
0006322   4.6011E+03 -1.6807E+03  4.0400E+03
0006323   9.1875E+03 -1.2509E+03 -6.2043E+02
0006324   6.9128E+03  3.1109E+03  2.4162E+03
0006325   5.5198E+03 -1.5787E+02 -2.8125E+03
0006326   6.3131E+03  2.6740E+03 -6.1652E+01
0006327   6.9465E+03 -3.5071E+03  7.3678E+02
0006328   5.3666E+03  1.5292E+03 -1.9054E+02
0006329   6.9859E+03 -2.1530E+03  1.8113E+03
0006330   8.1396E+03  3.9015E+02  2.2699E+03
0006331   8.5055E+03  3.1829E+02 -1.3240E+03
0006332   7.7484E+03  2.0098E+03 -1.2970E+03
0006333   6.7442E+03 -1.7400E+03  1.6736E+03
0006334   4.8286E+03 -4.6364E+03 -1.6910E+03
0006335   9.0216E+03  3.7845E+03 -1.2842E+03
0006336   8.1438E+03 -8.7817E+02  2.1523E+03
0006337   8.6466E+03 -3.5642E+03 -2.8027E+03
0006338   3.2299E+03 -2.7184E+03  9.4603E+02
0006339   7.9033E+03 -1.3291E+03  4.4592E+03
0006340   7.1816E+03  8.9539E+02  2.6667E+03
0006341   7.6854E+03  1.8851E+03  1.8942E+03
0006342   9.9362E+03  2.4798E+03  8.4241E+02
0006343   6.2972E+03 -1.2255E+03  2.2954E+02
0006344   7.8153E+03 -2.0772E+03 -1.7997E+02
0006345   8.1321E+03  1.5177E+03 -3.0092E+03
0006346   7.1157E+03  4.3070E+03  3.1703E+03
0006347   9.9402E+03 -1.2524E+03  3.8368E+01
0006348   6.7335E+03 -9.1855E+02  4.7783E+02
0006349   8.0774E+03 -2.9510E+02 -8.4691E+02
0006350   8.3467E+03  4.7233E+03  1.4930E+03
0006351   6.9071E+03  1.0624E+03  1.5402E+03
0006352   8.8357E+03 -1.4867E+03  1.6075E+03
0006353   6.7459E+03  3.2102E+03  6.5670E+02
0006354   8.1118E+03 -4.4616E+02 -3.5310E+03
0006355   8.7266E+03  3.7026E+02 -3.7150E+03
0006356   6.0824E+03 -2.8253E+03 -4.7864E+00
0006357   9.9430E+03  5.5211E+02  1.2349E+03
0006358   1.0297E+04 -1.3967E+03 -1.7717E+03
0006359   2.1293E+03 -1.4165E+03 -7.1188E+02
0006360   7.9115E+03  1.2788E+03 -1.6104E+03
0006361   9.2963E+03  1.9792E+03  7.2921E+02
0006362   9.3668E+03 -1.0016E+03  1.9421E+03
0006363   7.1149E+03  1.6882E+03 -8.6298E+02
0006364   6.7245E+03 -6.1609E+02  1.1012E+01
0006365   1.1269E+04  7.6782E+02  3.6385E-01
0006366   8.8526E+03  1.2310E+03 -1.6062E+03
0006367   5.3047E+03  1.4431E+03 -2.6496E+03
0006368   6.5566E+03  4.7303E+02  2.1977E+03
0006369   8.2883E+03 -1.4875E+03 -1.7082E+03
0006370   8.8295E+03  1.2842E+03 -8.0340E+02
0006371   3.0833E+03  4.8780E+03  2.3844E+03
0006372   8.2990E+03  1.0906E+03 -8.4750E+02
0006373   8.0324E+03 -3.3970E+03  5.3580E+01
0006374   7.5446E+03  2.3610E+03  1.5258E+03
0006375   7.4458E+03 -6.5681E+02 -4.7870E+03
0006376   7.7273E+03  1.1145E+03 -2.2428E+03
0006377   8.9144E+03  5.9412E+02  3.7059E+02
0006378   8.6755E+03  5.8194E+02 -5.4415E+02
0006379   9.2854E+03 -2.2305E+03  1.2779E+03
0006380   5.6192E+03 -4.1467E+03 -1.1258E+03
0006381   1.6647E+03 -3.6550E+03 -1.0636E+03
0006382   5.9275E+03 -3.5299E+03  3.1810E+03
0006383   7.0468E+03  2.4328E+02  1.7900E+03
0006384   8.1379E+03  4.3521E+00 -4.6464E+02
0006385   8.9689E+03 -1.1781E+03  2.9578E+03
0006386   4.4175E+03  1.5737E+03  1.7970E+03
0006387   5.8379E+03 -5.4404E+01  2.6201E+03
0006388   8.3624E+03  2.9947E+03 -1.8292E+03
0006389   5.3313E+03  2.0243E+02  1.8180E+03
0006390   9.5266E+03 -1.8645E+02  1.5905E+03
0006391   8.3082E+03 -4.3633E+03  1.0086E+03
0006392   5.1778E+03  1.6223E+03  1.3887E+03
0006393   8.7678E+03 -2.2627E+03  7.2979E+02
0006394   8.6609E+03 -2.9482E+02  2.5427E+02
0006395   1.0254E+04 -2.3250E+02  5.6988E+02
0006396   8.8314E+03 -4.4666E+03  6.8005E+02
0006397   8.9373E+03 -8.8499E+02 -1.4383E+03
0006398   8.1315E+03 -1.3749E+02  1.3773E+03
0006399   8.1674E+03 -2.4564E+03 -1.0102E+03
0006400   7.2512E+03 -2.7175E+03 -2.2864E+02
0006401   7.8416E+03  1.4289E+02  3.0265E+02
0006402   6.5188E+03  7.2402E+02  7.8903E+02
0006403   2.9638E+03 -4.2245E+03  1.5847E+03
0006404   5.1010E+03 -2.0724E+03  1.0120E+01
0006405   9.5418E+03  2.4028E+03  1.0153E+03
0006406   8.3934E+03 -1.6858E+03  3.8672E+02
0006407   6.1625E+03  5.6794E+03  1.6933E+03
0006408   5.5521E+03  1.7503E+03  2.8520E+03
0006409   4.6190E+03 -2.1701E+03  1.4028E+03
0006410   5.3947E+03 -3.3843E+03 -2.7922E+02
0006411   7.9372E+03  2.7474E+02 -2.9010E+03
0006412   4.5449E+03  4.5326E+03 -1.4726E+02
0006413   4.1286E+03  3.7031E+03  3.8846E+02
0006414   7.6740E+03  2.9671E+02 -3.2467E+03
0006415   8.3096E+03  2.5603E+02 -8.1623E+02
0006416   4.6584E+03 -1.1835E+03  1.2560E+03
0006417   6.7725E+03 -2.0921E+03 -1.3958E+03
0006418   3.3107E+03 -2.1554E+03  9.3435E+02
0006419   5.5666E+03  6.9756E+01  1.7470E+03
0006420   7.2429E+03 -1.2504E+03 -1.7370E+03
0006421   7.2251E+03 -4.6979E+03 -5.7949E+02
0006422   7.6213E+03 -2.7976E+02  3.0004E+03
0006423   6.9184E+03 -6.5574E+02 -3.8533E+03
0006424   8.9162E+03 -1.9484E+03  3.9649E+02
0006425   1.0833E+04  1.1097E+03  9.8438E+02
0006426   8.1064E+03 -1.7778E+03  7.3459E+02
0006427   9.7527E+03 -1.5141E+03  1.7261E+03
0006428   8.2971E+03  2.1269E+03 -1.2912E+02
0006429   7.7142E+03 -7.7449E+02  2.4255E+03
0006430   5.2546E+03 -1.0976E+03 -2.7256E+03
0006431   7.5809E+03  3.8850E+03  1.9708E+03
0006432   8.4506E+03 -1.0766E+03 -2.4078E+03
0006433   7.2161E+03  2.3454E+03 -2.4410E+03
0006434   4.2081E+03  2.6475E+03  1.7007E+03
0006435   8.0915E+03  3.8467E+03  2.9842E+03
0006436   1.0513E+04 -8.1663E+02  3.1344E+02
0006437   7.3721E+03 -2.2771E+02  3.3469E+03
0006438   5.8580E+03 -1.9791E+03 -1.6729E+03
0006439   9.1282E+03 -2.9194E+03  1.4706E+03
0006440   8.0691E+03  3.7803E+03 -1.3251E+03
0006441   5.5114E+03 -9.6153E+02 -3.3829E+03
0006442   8.4451E+03 -3.8184E+03 -1.0162E+03
0006443   5.9072E+03 -8.2276E+02  3.4793E+03
0006444   9.4976E+03 -4.7444E+02 -2.3130E+03
0006445   5.9332E+03 -7.2493E+02 -1.1996E+03
0006446   8.1449E+03 -1.0951E+03 -3.3040E+02
0006447   7.7140E+03 -3.6156E+03  2.2178E+02
0006448   7.2630E+03  5.7338E+02 -1.0164E+03
0006449   7.3436E+03 -4.3898E+03 -1.1529E+03
0006450   4.5166E+03  8.8506E+02 -1.1988E+03
0006451   5.6220E+03 -8.9523E+02 -8.5210E+02
0006452   3.9391E+03  5.5026E+03 -2.9257E+03
0006453   7.6505E+03  4.0824E+03  3.2695E+02
0006454   2.9840E+03 -1.2038E+03  3.6453E+03
0006455   8.1163E+03 -1.1100E+01  1.5363E+03
0006456   7.5388E+03 -2.9318E+03  5.0644E+03
0006457   7.7826E+03 -2.7428E+02 -1.9234E+03
0006458   8.4590E+03  1.5915E+03  2.1426E+03
0006459   9.2375E+03 -1.2686E+03 -6.1088E+02
0006460   3.4387E+03  1.3784E+03  9.8711E+02
0006461   8.3191E+03  8.6479E+02  2.2109E+03
0006462   8.8234E+03  1.0680E+03  2.1947E+02
0006463   6.7714E+03 -4.4723E+02 -2.0378E+03
0006464   8.6952E+03 -2.8341E+01  4.5195E+03
0006465   1.6559E+03 -2.8204E+00 -8.7189E+02
0006466   9.4101E+03  6.6842E+02 -2.5983E+03
0006467   8.1617E+03 -1.4211E+03 -1.3501E+03
0006468   4.6106E+03 -3.3541E+03  1.6155E+03
0006469   9.3726E+03  1.0392E+03  7.0288E+02
0006470   4.2323E+03 -1.3572E+03  1.4998E+03
0006471   6.4145E+03  6.2417E+02 -3.2625E+03
0006472   5.9670E+03  9.1090E+02  5.4759E+03
0006473   6.0998E+03 -2.5182E+03 -3.1224E+03
0006474   6.4318E+03 -2.3509E+02  9.7936E+02
0006475   8.3337E+03  1.8780E+02 -2.5015E+03
0006476   6.6451E+03  3.5070E+03 -3.9510E+03
0006477   7.6532E+03  3.6181E+02 -2.3150E+03
0006478   4.5946E+03  4.0693E+02 -2.7900E+03
0006479   5.8917E+03 -1.0352E+03  8.1043E+02
0006480   2.5578E+03  4.2828E+03 -2.8573E+03
0006481   6.3080E+03  2.4859E+02  1.9350E+03
0006482   7.6765E+03  4.1502E+03  9.7285E+02
0006483   7.2946E+03  2.2334E+03  3.8762E+03
0006484   7.1498E+03  3.7445E+03  2.8127E+03
0006485   9.1250E+03 -9.3899E+02 -2.0700E+03
0006486   7.1375E+03  2.2274E+03 -8.6951E+02
0006487   5.1388E+03 -1.5786E+03  1.1812E+03
0006488   5.5264E+03 -8.4791E+02  2.4274E+03
0006489   7.9011E+03  5.4702E+02 -3.4577E+03
0006490   9.3644E+03  1.3820E+03  5.5811E+02
0006491   8.4635E+03 -4.1696E+03  2.1822E+03
0006492   7.7906E+03 -1.4469E+03  1.8546E+03
0006493   7.9316E+03  3.5085E+03 -4.8022E+02
0006494   5.6467E+03 -1.1875E+03 -2.9896E+03
0006495   7.1107E+03  4.9761E+02  3.7479E+02
0006496   6.4612E+03  1.0968E+03  1.0896E+03
0006497   6.8117E+03 -6.7149E+02  1.4251E+03
0006498   7.8599E+03  1.8801E+03  5.4487E+02
0006499   9.4830E+03 -2.3943E+03  7.3083E+02
0006500   9.4998E+03 -1.3468E+03 -7.8539E+02
0006501   8.9235E+03  4.3162E+02  3.1897E+03
0006502   8.4620E+03 -5.1163E+02 -7.7733E+01
0006503   6.2830E+03  1.2392E+03 -5.1790E+03
0006504   5.1367E+03 -1.8264E+03  9.9682E+02
0006505   6.4326E+03  4.0534E+03 -3.1821E+03
0006506   8.7850E+03  2.5905E+02  1.0079E+02
0006507   4.5117E+03  2.0052E+03  1.2677E+03
0006508   4.7561E+03 -5.3125E+02  1.1938E+03
0006509   7.9172E+03 -1.6560E+03  1.7665E+03
0006510   9.4717E+03 -7.6845E+02  3.4620E+03
0006511   8.6395E+03  3.4534E+03  8.8204E+02
0006512   9.2110E+03 -2.2649E+03 -1.9860E+01
0006513   9.1047E+03 -2.2109E+03  1.9051E+03
0006514   8.6732E+03 -1.7448E+03  2.3977E+02
0006515   8.5139E+03  2.5080E+03 -3.8781E+02
0006516   8.5295E+03 -8.1991E+02 -6.0606E+02
0006517   7.5237E+03  1.9269E+03 -2.9836E+03
0006518   7.5754E+03 -1.8976E+03 -2.0550E+03
0006519   7.9402E+03 -3.1408E+03 -1.7102E+03
0006520   5.6500E+03  2.5568E+03 -1.2688E+01
0006521   7.1721E+03 -7.4768E+02 -1.8292E+03
0006522   9.1240E+03  4.2246E+03  9.2422E+02
0006523   7.6494E+03  3.5583E+03  2.1908E+03
0006524   2.4811E+03  5.6756E+02  7.5318E+02
0006525   9.6955E+03  2.5713E+03  1.2807E+03
0006526   7.0519E+03 -3.4482E+03  4.6060E+02
0006527   8.9104E+03 -2.9578E+03  2.9148E+03
0006528   7.0720E+03  2.6726E+03 -1.3629E+03
0006529   7.2172E+03  6.0587E+02 -1.4296E+02
0006530   5.8504E+03 -2.5832E+03  1.1151E+03
0006531   8.6122E+03 -1.7224E+03 -3.4032E+03
0006532   2.6512E+03  8.2043E+02 -5.4803E+03
0006533   6.7207E+03  1.7311E+03 -1.1386E+03
0006534   8.3035E+03 -3.1756E+03 -3.0331E+03
0006535   7.1334E+03  1.3160E+03 -1.5249E+02
0006536   8.6477E+03  1.0215E+03  1.7115E+03
0006537   7.5922E+03  5.6204E+02 -1.9656E+03
0006538   9.1393E+03 -1.1781E+02 -3.2302E+01
0006539   7.5984E+03 -2.7513E+03 -2.4962E+03
0006540   7.4826E+03  2.9948E+02 -2.5909E+03
0006541   1.0932E+04 -4.9402E+02  6.2789E+01
0006542   8.9059E+03 -1.1568E+03  4.2170E+03
0006543   5.7926E+03  4.3995E+03 -2.0137E+03
0006544   8.9229E+03 -5.0749E+02 -6.9231E+02
0006545   7.6250E+03 -1.8442E+03 -1.0688E+03
0006546   5.3253E+03 -8.7010E+01 -2.1012E+03
0006547   7.2554E+03 -1.9329E+03  5.5243E+02
0006548   8.0629E+03 -3.5587E+03 -2.7778E+03
0006549   6.5184E+03  1.9436E+03 -4.2929E+03
0006550   8.3893E+03  7.7629E+02  1.6051E+03
0006551   8.4966E+03  1.4752E+03 -1.9299E+03
0006552   5.0736E+03 -1.8216E+03  3.0933E+03
0006553   6.2892E+03 -4.8644E+02 -5.0446E+03
0006554   9.1443E+03 -7.1816E+02  9.9839E+02
0006555   4.5319E+03  6.3217E+01 -2.5717E+03
0006556   6.7693E+03 -1.7829E+03 -5.7987E+00
0006557   7.1852E+03 -2.2917E+03  1.9921E+03
0006558   1.0296E+04 -8.6350E+02 -1.2086E+03
0006559   8.1729E+03  2.8725E+03 -2.8591E+03
0006560   8.9910E+03 -3.8595E+02 -1.3590E+03
0006561   1.0301E+04  2.1028E+03  3.8113E+03
0006562   7.4393E+03  2.0083E+03 -8.0662E+02
0006563   7.8994E+03  1.7796E+03 -2.2730E+02
0006564   5.7923E+03 -4.2949E+03  3.7753E+02
0006565   8.1579E+03 -2.7134E+03 -4.0414E+02
0006566   5.3498E+03  1.4973E+03 -2.3475E+03
0006567   7.4281E+03  2.9849E+02 -4.1923E+02
0006568   7.9172E+03  3.0478E+03 -1.9989E+03
0006569   6.8428E+03 -1.8959E+03  1.6373E+03
0006570   4.1172E+03  2.9984E+03  5.8969E+02
0006571   7.6354E+03 -7.2165E+02 -4.3656E+02
0006572   7.2439E+03  2.8414E+03  1.0801E+03
0006573   4.6935E+03 -1.3168E+03 -1.8383E+03
0006574   6.7029E+03  2.7883E+02 -1.5548E+03
0006575   7.0930E+03  2.2342E+02 -8.7246E+01
0006576   6.5197E+03  4.0643E+03 -5.9468E+03
0006577   7.5590E+03 -2.6991E+03  4.4146E+03
0006578   5.0559E+03 -3.8283E+02  2.0449E+03
0006579   5.6180E+03 -2.0461E+03 -2.0404E+03
0006580   9.1053E+03  2.1236E+02 -1.1356E+02
0006581   5.9864E+03 -5.6038E+03 -2.5583E+03
0006582   7.8587E+03 -2.7233E+03 -5.8581E+02
0006583   7.8124E+03  5.4887E+02 -1.6975E+03
0006584   1.1006E+04  1.8638E+02 -3.7521E+03
0006585   3.0339E+03  1.6471E+03 -1.4736E+03
0006586   8.3001E+03 -2.6825E+03 -2.0164E+03
0006587   7.6745E+03  2.9558E+02  2.0346E+03
0006588   5.7803E+03  1.9813E+03  1.3783E+03
0006589   4.7093E+03  1.6727E+02 -3.6105E+03
0006590   7.2981E+03 -3.1556E+03 -1.7127E+03
0006591   8.5729E+03  1.5461E+03  3.7171E+03
0006592   6.9799E+03  2.2101E+02 -5.1621E+02
0006593   8.2687E+03 -1.2550E+03  4.0736E+02
0006594   6.4155E+03  2.3100E+03 -3.2922E+03
0006595   7.3490E+03 -2.7330E+03  1.9877E+03
0006596   5.6210E+03 -5.9155E+02 -6.3549E+02
0006597   7.1682E+03  3.2243E+03  1.2982E+03
0006598   8.4008E+03  7.6584E+02  3.2744E+02
0006599   6.0636E+03 -2.0003E+03  4.1452E+03
0006600   7.9125E+03 -1.8804E+01  1.6792E+02
0006601   5.9397E+03  3.1150E+03 -9.2155E+02
0006602   8.5708E+03 -4.6488E+02  4.8342E+03
0006603   6.2636E+03 -3.0228E+03 -4.8986E+02
0006604   7.6587E+03  2.1466E+03  2.0375E+03
0006605   4.5061E+02  1.5882E+03  3.5969E+03
0006606   9.6846E+03  1.1413E+03  2.6168E+03
0006607   6.9643E+03  1.0412E+03 -2.1122E+03
0006608   4.8981E+03  1.4476E+03  1.3803E+03
0006609   7.5020E+03  1.0981E+03  6.6943E+02
0006610   7.7357E+03 -1.1098E+03  3.6295E+03
0006611   5.5888E+03 -9.9677E+02 -3.6997E+02
0006612   7.8408E+03 -9.1249E+02 -1.6984E+03
0006613   9.0027E+03  1.4524E+03 -9.3369E+02
0006614   5.9439E+03 -4.5683E+01  2.5877E+03
0006615   5.8179E+03  1.8685E+03  9.5339E+01
0006616   4.7821E+03 -4.0389E+02 -1.0859E+03
0006617   3.1646E+03  7.1503E+02  7.1140E+00
0006618   5.2905E+03 -3.7975E+03  2.8018E+02
0006619   2.4595E+03  8.7056E+02 -2.2880E+03
0006620   6.9069E+03  3.5454E+01 -2.3270E+03
0006621   5.0400E+03  1.7384E+03  3.3406E+03
0006622   5.1828E+03 -1.7990E+03 -5.9090E+03
0006623   6.3447E+03  2.7961E+03 -8.1933E+02
0006624   8.2579E+03 -1.8447E+02  4.8288E+03
0006625   8.0240E+03  1.6274E+03 -1.2963E+03
0006626   7.0070E+03 -9.3565E+02  1.0157E+03
0006627   4.4046E+03 -2.5537E+03 -2.3646E+03
0006628   5.4239E+03 -1.1012E+03 -3.1567E+03
0006629   9.0681E+03  2.1766E+03 -2.9840E+03
0006630   6.1837E+03 -2.3198E+03  2.0484E+02
0006631   4.0747E+03 -5.4170E+02  1.5654E+03
0006632   6.1855E+03 -1.4303E+03  4.7583E+03
0006633   4.0393E+03 -2.1585E+02  1.9549E+03
0006634   4.2807E+03 -7.9901E+02  1.2803E+03
0006635   4.7699E+03 -4.4744E+01 -1.5858E+03
0006636   4.3515E+03  7.9140E+02 -1.1067E+03
0006637   3.3501E+03 -5.9356E+03 -1.8737E+03
0006638   7.6653E+03  8.6886E+02 -9.5203E+02
0006639   6.7692E+03 -4.2393E+03 -3.9994E+02
0006640   9.2529E+03 -1.3280E+03 -2.3255E+03
0006641   5.2804E+03 -1.9491E+03 -4.4236E+03
0006642   9.1125E+03  1.0543E+03  1.9473E+03
0006643   6.3225E+03 -2.9846E+02  2.5052E+03
0006644   6.5338E+03 -3.7591E+03  5.9528E+02
0006645   8.3989E+03 -3.2628E+02  1.1027E+03
0006646   7.9602E+03  1.0457E+03  4.3946E+02
0006647   7.1306E+03  9.7532E+02 -6.3340E+02
0006648   8.0465E+03  1.2168E+03 -2.0861E+03
0006649   8.4548E+03  8.9565E+00 -6.9812E+01
0006650   4.6130E+03 -1.0204E+03 -2.4540E+03
0006651   4.8362E+03 -3.6041E+03 -1.1045E+03
0006652   5.1325E+03 -3.8383E+03  3.0640E+03
0006653   8.2780E+03 -2.7616E+02 -6.0227E+02
0006654   7.1921E+03  6.1140E+02 -9.9392E+02
0006655   5.9653E+03  5.5314E+03  2.0266E+03
0006656   7.5578E+03  1.7055E+02  1.0067E+03
0006657   6.1559E+03  2.2151E+02 -9.4127E+02
0006658   1.0313E+04  1.7308E+03  6.9709E+02
0006659   7.1501E+03  1.1169E+03 -6.9157E+02
0006660   6.7273E+03 -1.0284E+02 -3.1685E+02
0006661   8.6417E+03  4.6436E+02  2.3670E+03
0006662   7.3750E+03  1.6262E+03 -2.1626E+03
0006663   5.0142E+03  1.9632E+03 -1.0159E+03
0006664   1.0318E+04 -2.1831E+03  4.5191E+02
0006665   6.1759E+03 -1.8289E+03 -1.6009E+03
0006666   5.8147E+03  3.6313E+03 -3.5584E+03
0006667   3.7267E+03  1.2091E+03 -2.8149E+03
0006668   8.2479E+03  4.9860E+02 -3.0840E+03
0006669   8.5106E+03  1.7850E+03  6.8401E+02
0006670   5.2500E+03 -9.3733E+02  2.1038E+02
0006671   5.4491E+03  5.5561E+02 -3.0798E+03
0006672   5.2005E+03 -2.6552E+03 -4.5958E+03
0006673   5.0180E+03  3.6995E+03 -3.7345E+03
0006674   4.1886E+03  3.1910E+03  1.2028E+03
0006675   5.0719E+03  2.0077E+03 -3.0071E+03
0006676   6.4067E+03 -3.7967E+02 -6.1647E+02
0006677   1.0033E+04 -2.3038E+01  1.2701E+03
0006678   2.8435E+03  1.1973E+03  2.1497E+02
0006679   6.9764E+03 -3.0923E+03  1.6611E+03
0006680   7.1111E+03  7.3453E+01  9.1279E+02
0006681   6.8611E+03  3.4544E+03 -2.8150E+03
0006682   9.0211E+03 -5.3916E+02  2.6564E+03
0006683   5.5827E+03 -2.3362E+03 -1.2163E+03
0006684   4.2074E+03 -9.7350E+02 -2.9565E+02
0006685   7.3816E+03  3.5017E+02  1.4233E+02
0006686   4.4793E+03  1.3212E+03 -9.7927E+02
0006687   8.5068E+03 -4.1711E+03 -4.1246E+02
0006688   8.1084E+03  1.1512E+03 -2.1091E+03
0006689   4.5359E+03 -2.3076E+03 -1.9543E+03
0006690   6.6642E+03  2.2586E+03 -1.5570E+03
0006691   9.3796E+03 -1.2532E+03  1.0315E+03
0006692   3.3916E+03  1.0579E+03  2.7445E+03
0006693   6.4583E+03 -4.8094E+03  1.5594E+03
0006694   8.5724E+03 -7.2831E+02 -1.4913E+03
0006695   9.8733E+03  1.5569E+03 -6.7231E+02
0006696   8.5371E+03  2.1176E+03 -1.7152E+03
0006697   6.7476E+03  1.7887E+03 -2.3403E+03
0006698   6.5303E+03 -4.8029E+02 -1.7519E+03
0006699   9.2348E+03 -1.4990E+03 -1.2412E+03
0006700   1.9513E+03  8.2905E+02  2.3496E+03
0006701   3.8770E+03 -1.6970E+03 -5.7354E+02
0006702   9.5475E+03  1.1283E+03 -1.7809E+03
0006703   9.4402E+03  6.7222E+02 -2.8481E+03
0006704   4.5182E+03 -4.4611E+02  2.0850E+03
0006705   5.9093E+03 -5.9445E+02 -1.7179E+03
0006706   6.1144E+03  4.9395E+03 -2.6032E+03
0006707   5.3452E+03 -9.3546E+02 -2.5300E+03
0006708   6.9102E+03 -2.2928E+02  4.7170E+02
0006709   9.4906E+03  6.8390E+01 -6.0810E+02
0006710   9.2617E+03  1.2455E+03 -1.6586E+03
0006711   8.9471E+03 -3.1221E+02 -1.6183E+03
0006712   9.2705E+03 -3.0971E+03 -1.3117E+02
0006713   9.0887E+03  4.4487E+02 -7.9486E+01
0006714   6.8699E+03 -4.2375E+02  2.0649E+03
0006715   7.6437E+03  3.0471E+02 -4.1126E+03
0006716   7.3802E+03 -1.5580E+03  1.5607E+03
0006717   7.6567E+03  2.6076E+03  2.5288E+03
0006718   5.8745E+03  3.6904E+03 -6.2372E+02
0006719   1.0100E+04  6.3703E+02  1.4671E+03
0006720   7.1120E+03 -1.6056E+03  2.9544E+03
0006721   8.5672E+03  2.7382E+03 -4.0994E+02
0006722   6.0519E+03  4.2906E+02  2.4315E+03
0006723   2.0955E+03 -1.1449E+03  2.9292E+02
0006724   5.9892E+03 -1.5952E+03 -6.4229E+03
0006725   4.6780E+03  2.5480E+03 -7.4362E+02
0006726   9.8749E+03 -1.7214E+02 -1.6919E+02
0006727   6.2314E+03  4.0386E+03 -5.7231E+02
0006728   4.3662E+03 -6.1622E+03  3.8588E+03
0006729   7.1705E+03  1.3179E+02 -4.7919E+02
0006730   7.5083E+03 -1.8212E+03 -4.1381E+03
0006731   5.5954E+03 -8.6537E+02  3.9225E+02
0006732   6.5611E+03  2.8373E+03 -3.3498E+02
0006733   7.1604E+03  1.5766E+03 -1.8953E+01
0006734   7.8592E+03  7.8353E+02  3.2752E+03
0006735   8.9694E+03 -1.5991E+03  8.5806E+02
0006736   7.8827E+03  2.1390E+03  3.1910E+03
0006737   6.5981E+03  2.8517E+03  2.6736E+02
0006738   6.9933E+03  6.2953E+02 -1.6113E+03
0006739   4.4493E+03  9.4455E+02  3.4559E+03
0006740   8.6833E+03 -1.1809E+03 -2.7556E+02
0006741   9.7234E+03  1.1075E+02  1.2927E+03
0006742   7.5353E+03 -2.4827E+02  5.2775E+03
0006743   8.2811E+03  1.0257E+03  2.0108E+03
0006744   4.2042E+03  3.7511E+03  4.5775E+00
0006745   8.6310E+03  1.0459E+03  1.3362E+02
0006746   6.0713E+03 -1.9045E+03  9.2972E+02
0006747   8.3567E+03 -2.2185E+03  1.1306E+03
0006748   8.4714E+03  1.4948E+03 -4.1186E+03
0006749   9.5233E+03 -1.5989E+03  6.2128E+02
0006750   7.3930E+03  2.4887E+03  2.5180E+03
0006751   8.1132E+03  8.4779E+02 -1.1047E+03
0006752   8.7569E+03  2.1541E+03 -5.2001E+02
0006753   7.3628E+03  4.3838E+03 -7.2553E+02
0006754   6.0574E+03  1.7667E+03 -4.2821E+03
0006755   7.8254E+03 -5.1723E+03  2.0860E+03
0006756   8.4470E+03 -1.1044E+03 -2.2062E+03
0006757   7.4887E+03  9.6568E+02  3.0346E+03
0006758   9.9244E+03  1.7691E+03  9.9244E+02
0006759   5.9716E+03 -3.4022E+03  1.0945E+03
0006760   9.5759E+03 -4.7005E+02  1.0811E+03
0006761   8.0269E+03  3.2664E+03 -1.8303E+03
0006762   3.7545E+03  2.2163E+02  2.5215E+03
0006763   8.8217E+03 -1.8554E+03 -5.1417E+03
0006764   5.9500E+03  3.4746E+03 -5.8001E+03
0006765   7.8229E+03 -1.1927E+03 -2.0236E+03
0006766   8.8902E+03 -1.0801E+03 -1.7451E+03
0006767   7.8343E+03 -4.0689E+02  1.4213E+03
0006768   9.0364E+03  1.4451E+02 -1.1926E+03
0006769   8.2902E+03 -1.6552E+03 -1.2512E+03
0006770   5.1661E+03  1.4475E+03 -3.4473E+03
0006771   5.9877E+03 -9.7557E+02  2.0693E+03
0006772   6.3668E+03  3.7783E+03  8.4532E+02
0006773   7.6703E+03  1.4764E+03  2.6757E+03
0006774   6.7229E+03 -1.6614E+03  3.2816E+03
0006775   4.3213E+03 -4.6897E+03 -7.2209E+02
0006776   8.1119E+03  2.0807E+03  1.1495E+03
0006777   3.7697E+03  3.8792E+03 -4.0824E+03
0006778   6.9203E+03 -1.4493E+03 -5.0804E+02
0006779   8.5298E+03 -1.6862E+03 -5.8828E+01
0006780   6.2012E+03 -2.5897E+03 -3.2812E+03
0006781   5.2796E+03 -8.3996E+02  2.5767E+02
0006782   9.5335E+03  2.1713E+02 -2.0623E+03
0006783   5.7468E+03 -9.5389E+02 -1.8162E+03
0006784   6.7317E+03 -2.1855E+02 -2.7188E+03
0006785   8.0801E+03 -9.4175E+02  8.1364E+02
0006786   8.2712E+03 -2.0620E+03  7.0897E+02
0006787   5.5205E+03 -1.9245E+03  2.3677E+02
0006788   1.0548E+04  5.0186E+02 -1.4728E+03
0006789   6.0651E+03 -4.0441E+02 -5.0473E+02
0006790   7.5592E+03  1.5289E+03  3.8722E+03
0006791   8.2467E+03  1.6777E+02  1.4301E+03
0006792   6.6589E+03 -3.3474E+02 -7.7926E+01
0006793   7.2686E+03  3.7743E+03  2.5479E+03
0006794   3.1592E+03  5.8996E+02 -3.4438E+02
0006795   2.3349E+03 -6.1321E+02  3.5965E+03
0006796   5.6591E+03  4.8851E+03 -1.7787E+03
0006797   6.6112E+03 -1.4202E+03 -1.0769E+03
0006798   9.6071E+03 -2.9767E+03 -1.2019E+03
0006799   6.0130E+03  1.2651E+03  2.6121E+02
0006800   6.5772E+03  7.6539E+01 -1.4731E+03
0006801   8.4245E+03  2.1693E+03  4.1823E+03
0006802   8.4042E+03 -1.1111E+02  5.7239E+02
0006803   7.7866E+03  3.4073E+03  1.9588E+03
0006804   1.9938E+03  2.1507E+03 -1.6823E+03
0006805   2.1504E+03 -1.7490E+03  1.5193E+03
0006806   8.1954E+03  1.5221E+03  1.2656E+02
0006807   7.2281E+03  1.7408E+03  1.6963E+03
0006808   6.7449E+03 -3.1293E+03 -7.3792E+02
0006809   7.5273E+03  2.8528E+03 -1.1015E+03
0006810   9.5573E+03 -2.0930E+02 -1.9614E+01
0006811   3.4287E+03  2.4751E+02  1.0075E+03
0006812   8.6444E+03 -1.1840E+03 -2.2858E+03
0006813   8.5180E+03 -1.8108E+03  2.7207E+03
0006814   9.6811E+03  1.1037E+03 -8.7051E+02
0006815   9.1979E+03  7.1956E+02  4.2484E+03
0006816   8.5313E+03  1.2277E+03 -2.0089E+03
0006817   7.8736E+03  6.3111E+02 -3.8198E+03
0006818   5.2810E+03  1.3185E+03 -2.0084E+03
0006819   6.3926E+03  1.6998E+03 -4.2188E+03
0006820   5.9166E+03 -2.0465E+03 -3.8160E+03
0006821   7.7383E+03  1.1196E+03  2.2061E+03
0006822   1.7040E+03  9.0249E+02 -8.5333E+02
0006823   4.0709E+03 -8.1929E+02  1.2529E+03
0006824   2.4774E+03  6.8274E+02  4.2515E+03
0006825   1.0308E+04 -1.7307E+02 -1.1839E+03
0006826   8.0149E+03 -1.3167E+03  3.6341E+03
0006827   8.4667E+03  1.8459E+02 -8.2135E+02
0006828   3.5944E+03  9.2293E+02  1.1629E+03
0006829   8.3706E+03 -3.9695E+02  1.8545E+03
0006830   1.0179E+04  4.1312E+03 -6.3090E+02
0006831   8.1003E+03 -1.2514E+03  1.4152E+03
0006832   9.3614E+03  2.0245E+02  1.0239E+02
0006833   5.3526E+03  3.2617E+02 -4.4178E+03
0006834   6.1597E+03 -3.0053E+03 -1.3161E+03
0006835   5.9473E+03  2.0674E+03 -6.6012E+02
0006836   9.6561E+03  3.2842E+03  9.4986E+02
0006837   6.4437E+03  2.5179E+02  1.2163E+03
0006838   9.6086E+03 -2.3127E+03  1.5312E+02
0006839   8.5307E+03 -1.1223E+02 -3.9721E+03
0006840   8.6881E+03 -1.9565E+03 -5.0164E+02
0006841   7.1657E+03 -1.9086E+03 -4.8013E+02
0006842   7.5390E+03  2.3192E+03  2.6722E+02
0006843   5.1229E+03  1.8789E+03 -6.2196E+02
0006844   7.6384E+03 -3.6683E+03 -2.7166E+03
0006845   6.1571E+03  2.3123E+02  1.0016E+01
0006846   8.3224E+03  3.2029E+03 -8.0258E+01
0006847   5.5655E+03  9.4288E+02  1.5007E+02
0006848   7.0745E+03 -2.0579E+03 -1.2367E+03
0006849   8.8866E+03 -6.1763E+02 -2.1313E+03
0006850   7.1511E+03 -8.3831E+02 -3.8154E+03
0006851   6.7770E+03 -1.1057E+03  1.1875E+03
0006852   6.3629E+03 -1.6968E+03 -1.6307E+03
0006853   7.6822E+03 -1.0849E+03  4.1592E+03
0006854   7.5046E+03 -4.0293E+02  5.1527E+03
0006855   3.5673E+03 -4.8995E+02 -1.6177E+03
0006856   5.7935E+03 -7.0427E+01  5.3708E+02
0006857   9.8763E+03  1.3083E+03  2.3471E+03
0006858   4.3506E+03  3.3391E+03 -4.8193E+02
0006859   7.0032E+03 -8.4053E+02 -5.1351E+03
0006860   9.6700E+03  1.4680E+03  8.6055E+02
0006861   8.2715E+03  3.3139E+03  9.3352E+02
0006862   7.0263E+03  2.6299E+03 -1.2470E+02
0006863   2.7862E+03  3.0863E+02  3.7923E+02
0006864   8.7341E+03 -2.2281E+03  7.4509E+02
0006865   8.7169E+03  3.0591E+03 -2.2240E+03
0006866   7.4922E+03 -2.8192E+03 -3.2320E+03
0006867   8.8724E+03  9.8084E+02 -3.1186E+03
0006868   4.9922E+03 -2.2524E+03  4.3717E+03
0006869   6.7341E+03 -2.7154E+03  1.1320E+03
0006870   8.6119E+03 -4.6512E+02  2.4835E+03
0006871   7.7418E+03 -3.3778E+03  1.7839E+03
0006872   5.3594E+03  5.7538E+02 -4.1830E+03
0006873   7.7987E+03 -4.6275E+02  2.2864E+03
0006874   5.1181E+03 -2.1710E+03 -4.4652E+02
0006875   7.8833E+03 -1.0550E+03 -7.4038E+02
0006876   4.8442E+03  1.3507E+03  2.3526E+03
0006877   6.1757E+03  3.0421E+02 -1.3708E+03
0006878   8.0938E+03  5.3232E+02  3.0905E+03
0006879   9.8972E+03  3.7569E+03  1.5416E+03
0006880   7.2454E+03 -2.2642E+03  3.8892E+03
0006881   6.4245E+03  2.1873E+03 -3.9089E+03
0006882   5.7504E+03 -9.1895E+02  4.6912E+02
0006883   7.8796E+03  2.3620E+03 -2.9889E+03
0006884   9.9058E+03 -3.1037E+02  1.6068E+03
0006885   8.0674E+03 -1.5386E+03  4.7991E+01
0006886   4.2377E+03  1.3930E+03 -3.9819E+02
0006887   5.7030E+03  2.3730E+03 -6.5391E+02
0006888   9.0002E+03 -1.9491E+03  2.8657E+03
0006889   7.4502E+03 -1.9987E+03  6.5822E+02
0006890   5.5803E+03  1.1938E+03 -3.9726E+03
0006891   7.3288E+03 -5.4646E+02  2.3901E+03
0006892   8.5090E+03  2.0004E+03 -4.6073E+02
0006893   6.1610E+03 -1.4988E+03  5.0410E+03
0006894   7.7167E+03 -1.0216E+03  1.6757E+03
0006895   3.6809E+03 -3.1263E+03  6.8712E+02
0006896   8.2066E+03  8.4288E+02 -7.2673E+02
0006897   1.0491E+04 -1.7488E+03  8.8426E+02
0006898   8.2845E+03 -2.2242E+03  5.4305E+01
0006899   7.8009E+03  1.1891E+03 -2.2211E+02
0006900   6.8581E+03 -3.7988E+03 -3.0423E+03
0006901   5.9240E+03  3.0612E+03 -5.8886E+02
0006902   9.0767E+03 -9.8316E+02  1.6964E+02
0006903   5.8236E+03  4.5841E+03 -3.5976E+03
0006904   7.3894E+03  1.2298E+03 -6.2421E+02
0006905   4.3761E+03  1.3586E+03  6.1791E+02
0006906   8.8557E+03 -1.2675E+03 -1.1369E+03
0006907   9.3022E+03  2.3827E+02 -4.1553E+02
0006908   6.9473E+03  1.2927E+03 -6.8245E+01
0006909   8.7318E+03  1.0322E+03 -1.5857E+03
0006910   7.5562E+03  9.4945E+02 -5.8889E+02
0006911   6.6002E+03  1.2181E+03  7.4258E+02
0006912   8.9617E+03  1.0125E+03  1.2234E+03
0006913   9.5096E+03 -2.0561E+03 -8.4700E-01
0006914   5.7993E+03  5.5514E+03 -2.1118E+03
0006915   8.8173E+03  2.3994E+03  1.6948E+02
0006916   8.3800E+03 -1.3785E+03 -1.2564E+03
0006917   7.5769E+03 -3.2403E+03  4.0782E+03
0006918   8.8351E+03  3.5803E+03 -9.4372E+01
0006919   6.8103E+03  2.5722E+03 -2.6544E+03
0006920   6.7447E+03 -9.1016E+01  2.6047E+03
0006921   7.6777E+03  1.2634E+03  9.4643E+02
0006922   7.2059E+03 -4.0382E+03  2.1506E+03
0006923   4.6729E+03  2.4502E+03  1.2154E+03
0006924   7.8685E+03  1.5849E+02 -7.2667E+02
0006925   7.0587E+03  4.4821E+02 -1.4212E+02
0006926   8.6129E+03  4.3483E+03  7.6955E+01
0006927   5.9141E+03 -1.6679E+03  3.5528E+03
0006928   2.7757E+03  1.6416E+03  1.0461E+03
0006929   9.8605E+03  2.1348E+03  2.8560E+03
0006930   6.6356E+03 -1.3988E+03  4.2072E+03
0006931   8.7047E+03  1.0138E+03 -2.0043E+02
0006932   3.6980E+03 -2.9051E+03 -2.2186E+03
0006933   8.0489E+03 -2.2917E+03  2.1375E+03
0006934   2.8903E+03  2.3506E+03 -9.9295E+02
0006935   8.8148E+03 -2.2125E+03 -7.8632E+02
0006936   3.8670E+03 -3.8772E+02 -7.9512E+01
0006937   5.5140E+03  2.9843E+02  8.5666E+02
0006938   9.7228E+03  1.9894E+03  1.4325E+03
0006939   7.6813E+03  2.6863E+03 -4.4821E+03
0006940   6.1928E+03  2.7519E+03  3.5177E+03
0006941   8.2710E+03 -1.4400E+03  3.1829E+03
0006942   8.7391E+03  3.0187E+03  2.1067E+03
0006943   7.6185E+03 -2.3614E+03 -8.2940E+01
0006944   7.5263E+03  7.8423E+02 -1.6247E+03
0006945   6.0935E+03 -1.0493E+03 -4.8425E+02
0006946   3.9067E+03  1.1053E+03  1.9648E+02
0006947   5.7543E+03 -2.8288E+03  7.8909E+02
0006948   8.6632E+03  1.6037E+03 -1.2251E+03
0006949   9.0692E+03  1.0100E+03  2.6281E+03
0006950   6.4296E+03 -1.4544E+03  2.0268E+03
0006951   5.5691E+03  1.5467E+03  1.4632E+03
0006952   8.9031E+03  9.6742E+02 -8.4498E+02
0006953   2.6736E+03  8.1811E+02  1.5650E+03
0006954   7.2083E+03  3.7931E+02  1.5335E+03
0006955   8.4182E+03 -1.8704E+03 -8.3945E+02
0006956   6.6645E+03  3.2602E+03  4.7751E+02
0006957   3.9728E+03 -3.7172E+01  2.2246E+03
0006958   6.5743E+03 -1.2432E+03  5.3640E+03
0006959   7.8543E+03  8.1585E+02 -2.6377E+03
0006960   6.3694E+03  2.4508E+02  1.3814E+03
0006961   8.8021E+03 -7.7417E+02  1.0599E+03
0006962   8.9303E+03 -1.1627E+03 -9.9775E+02
0006963   4.0015E+03 -3.8961E+03 -2.0274E+03
0006964   8.1736E+03  8.4756E+02  1.0605E+03
0006965   6.1008E+03 -4.3243E+03  1.6674E+03
0006966   6.2226E+03  3.0031E+03  1.9093E+03
0006967   6.9990E+03  2.2052E+03  1.6622E+03
0006968   2.7082E+03  1.8304E+03 -5.6068E+03
0006969   9.0167E+03 -6.6467E+02  1.1792E+03
0006970   8.3152E+03 -4.2711E+00 -3.4965E+01
0006971   8.9833E+03 -2.4197E+03 -1.3839E+02
0006972   6.4187E+03  3.6871E+03 -3.4619E+03
0006973   7.8839E+03  7.7361E+00  2.8042E+03
0006974   5.8841E+03 -1.2812E+03  9.2276E+02
0006975   7.3446E+03 -2.2539E+03 -2.3812E+03
0006976   8.1422E+03 -3.1641E+02 -1.3708E+03
0006977   9.5219E+03  2.6474E+03  9.7019E+02
0006978   8.5367E+03  1.0902E+03 -3.6137E+02
0006979   7.2323E+03  2.5587E+03  2.4709E+03
0006980   8.8782E+03  4.2118E+01 -9.7811E+01
0006981   5.7310E+03 -2.6302E+03  1.3229E+03
0006982   5.9608E+03 -9.2406E+02  3.6138E+03
0006983   6.9437E+03  4.1090E+03 -3.5098E+03
0006984   9.0199E+03 -1.5275E+03 -1.5146E+03
0006985   6.4469E+03  3.5588E+03 -1.7282E+03
0006986   7.2645E+03 -3.3885E+02 -6.3210E+02
0006987   7.1731E+03 -4.5771E+02 -3.5745E+03
0006988   6.0092E+03 -5.8314E+02  4.3792E+03
0006989   6.8355E+03 -2.5813E+01 -4.0739E+03
0006990   1.9692E+03 -2.6100E+03  3.1713E+03
0006991   8.6119E+03  1.4493E+03  5.0935E+02
0006992   6.4264E+03 -2.7746E+03  1.8295E+03
0006993   6.2775E+03 -3.9787E+03 -3.8646E+03
0006994   9.2673E+03 -4.6439E+02 -3.4318E+03
0006995   8.1299E+03 -1.5639E+03 -4.8450E+02
0006996   5.9791E+03 -1.0513E+03  1.8200E+02
0006997   7.3818E+03 -1.7733E+01  5.5415E+02
0006998   8.9080E+03  1.1326E+03  6.0822E+02
0006999   8.3989E+03 -2.5369E+03  1.9637E+03
0007000   9.4486E+03  8.5128E+02 -5.3199E+02
0007001   5.4749E+03 -2.1565E+03  9.3348E+02
0007002   9.0294E+03  6.6172E+02 -1.1654E+03
0007003   9.7908E+03  1.3550E+03  1.5933E+03
0007004   9.6079E+03  1.1278E+03  1.0322E+02
0007005   8.4947E+03 -2.1400E+03 -6.3042E+02
0007006   4.7341E+03 -2.0540E+03  9.0080E+02
0007007   8.6359E+03  2.4396E+03 -2.8684E+02
0007008   1.0366E+04 -1.1334E+03  1.8575E+03
0007009   2.4277E+03  7.8466E+02  3.4071E+03
0007010   9.5682E+03  1.0032E+03  6.8729E+02
0007011   6.7991E+03  2.0683E+03 -3.2794E+03
0007012   8.7268E+03  7.4631E+02 -2.2217E+03
0007013   7.3443E+03 -3.3866E+02  2.4047E+03
0007014   6.4458E+03 -1.0534E+03  3.7594E+03
0007015   8.3631E+03 -1.7118E+03 -1.7417E+03
0007016   7.0150E+03 -1.9645E+03 -9.1680E+02
0007017   8.9382E+03 -1.5072E+03 -2.8258E+02
0007018   8.5583E+03 -9.7732E+02  4.7890E+02
0007019   6.0584E+03  4.6709E+03 -1.9015E+03
0007020   7.9411E+03  7.5738E+02 -2.2529E+03
0007021   7.1714E+03  6.5627E+01  2.2811E+03
0007022   8.6652E+03  3.7734E+03  1.5200E+03
0007023   9.5264E+03  4.3584E+02 -1.2725E+03
0007024   6.9286E+03  3.8674E+03  2.6724E+03
0007025   4.3881E+03 -2.5097E+03  3.3553E+02
0007026   9.8431E+03  4.4509E+02 -4.3849E+02
0007027   8.9315E+03 -5.9104E+03 -8.6618E+02
0007028   5.7819E+03  9.4513E+02  2.2862E+03
0007029   7.5909E+03 -1.5472E+03 -1.3260E+03
0007030   8.0959E+03 -1.4595E+03  5.0466E+01
0007031   7.8356E+03 -3.3352E+03  3.3367E+02
0007032   7.2547E+03 -3.4770E+03  6.8305E+02
0007033   1.0478E+04  1.6511E+03  2.0839E+03
0007034   6.0248E+03  1.1027E+03 -3.8234E+03
0007035   4.9767E+03  2.3957E+03 -9.9641E+02
0007036   1.0804E+04  1.1413E+03  8.8876E+02
0007037   8.7545E+03 -7.2417E+02 -7.5734E+02
0007038   6.0873E+03  3.8995E+02 -2.1729E+03
0007039   7.5456E+03  5.0345E+01 -1.2934E+03
0007040   6.5560E+03 -4.3973E+02 -1.0015E+01
0007041   1.0622E+04 -3.0699E+02 -2.8250E+02
0007042   6.9807E+03 -4.8304E+02  1.1577E+03
0007043   9.5828E+03  9.5633E+02 -6.8804E+02
0007044   8.8602E+03  1.4186E+03 -3.1350E+02
0007045   1.4378E+03 -4.2124E+03  1.3950E+03
0007046   5.1080E+03 -3.2787E+03  3.9603E+03
0007047   7.6758E+03 -3.9995E+03  3.3973E+02
0007048   3.9817E+03 -1.7184E+03 -1.5469E+03
0007049   6.0213E+03  2.9648E+03 -5.4236E+02
0007050   7.7901E+03  3.2903E+03 -1.7844E+03
0007051   9.6995E+03  5.3061E+02  7.6248E+02
0007052   9.1939E+03 -3.4328E+02 -1.6907E+03
0007053   6.1402E+03  2.4457E+03 -1.9189E+03
0007054   7.9065E+03  3.6373E+03 -2.2370E+03
0007055   6.4926E+03  1.9862E+03 -1.2802E+03
0007056   8.6072E+03  1.0621E+03  5.3196E+01
0007057   4.0548E+03 -1.5152E+03  3.1569E+03
0007058   7.3261E+03 -2.6455E+03  1.9894E+03
0007059   5.1005E+03 -1.3612E+03  2.4092E+03
0007060   7.7451E+03  9.7173E+02 -2.3681E+03
0007061   7.8540E+03  8.1142E+02  4.1550E+03
0007062   1.1094E+04 -1.7863E+03 -1.5020E+02
0007063   6.3848E+03  1.9896E+03 -2.3968E+03
0007064   9.0333E+03  1.7815E+03  2.9331E+03
0007065   7.6920E+03 -1.2575E+03 -1.3254E+02
0007066   7.9255E+03  9.2708E+02  4.4727E+03
0007067   7.9233E+03 -5.6807E+02  2.0958E+03
0007068   8.7994E+03  5.1033E+02 -2.9629E+02
0007069   6.0378E+03 -2.1982E+03  1.5553E+03
0007070   8.9003E+03  4.0121E+03 -7.5578E+02
0007071   6.3646E+03 -2.2574E+03 -1.4617E+03
0007072   1.0326E+04 -6.4416E+02  3.0526E+02
0007073   8.1894E+03 -5.6063E+02  9.9680E+02
0007074   1.0215E+04 -2.9240E+03 -9.0491E+02
0007075   4.4349E+03 -2.0818E+03 -3.4220E+03
0007076   8.1659E+03  1.5505E+03 -3.4359E+03
0007077   8.0974E+03 -2.4130E+02 -7.5978E+02
0007078   6.5164E+03  2.0375E+03 -9.4212E+02
0007079   7.0815E+03 -3.0090E+03  3.0773E+03
0007080   6.7613E+03  1.5531E+03 -5.5019E+03
0007081   5.9812E+03 -1.1473E+03  3.5539E+03
0007082   9.0011E+03  2.2599E+03 -7.8222E+02
0007083   8.6426E+03 -3.9332E+02 -1.2175E+03
0007084   7.6076E+03 -3.4822E+03  2.4329E+03
0007085   8.4429E+03 -6.6274E+02  2.9057E+03
0007086   8.5668E+03 -1.6177E+03 -3.5729E+02
0007087   6.6210E+03 -3.1410E+03  3.1445E+03
0007088   9.4347E+03  7.2219E+02  1.2834E+03
0007089   8.0302E+03 -7.5688E+02  4.4653E+01
0007090   2.1411E+03 -1.5771E+03  1.6438E+03
0007091   2.9585E+03 -4.7947E+03 -9.4845E+02
0007092   6.2711E+03 -7.3939E+02  3.1357E+03
0007093   9.4632E+03 -3.3914E+03  4.8164E+02
0007095   7.5272E+03 -8.1487E+02 -1.4759E+03
0007096   7.8594E+03 -1.4440E+03  9.6870E+02
0007097   3.1368E+03 -8.0466E+02 -4.6417E+03
0007098   2.2259E+03  1.3697E+02 -3.1820E+03
0007099   5.8187E+03 -4.1010E+03  3.4388E+03
0007100   1.0696E+04  1.0333E+03 -2.2109E+03
0007101   8.5108E+03  1.9605E+01  1.5169E+03
0007102   8.4261E+03 -2.8427E+02 -2.5578E+03
0007103   7.2872E+03  3.7696E+03  9.7196E+02
0007104   7.6218E+03  1.1090E+03 -1.1090E+03
0007105   9.3964E+03  1.5296E+03 -3.3163E+03
0007106   4.5312E+03 -1.7738E+03 -1.1827E+03
0007107   5.9712E+03 -2.7826E+03  3.3051E+03
0007108   7.5768E+03 -9.3724E+02  4.6115E+02
0007109   6.9859E+03 -2.7396E+03  2.9059E+03
0007110   1.3645E+03  1.7486E+03  1.4514E+03
0007111   9.1223E+03 -7.6293E+02 -9.3458E+02
0007112   6.4312E+03  1.8358E+03  7.5135E+02
0007113   8.3432E+03 -1.1552E+03  3.2133E+03
0007114   7.4065E+03  2.6667E+03 -1.6529E+03
0007115   7.8522E+03  1.1967E+03  1.9504E+03
0007116   7.4984E+03  4.1160E+03 -1.4384E+03
0007117   5.4010E+03  1.2931E+02 -6.8413E+02
0007118   7.9740E+03  2.0889E+02 -1.5246E+03
0007119   7.6558E+03 -5.5289E+02  2.7588E+03
0007120   5.5490E+03 -1.7568E+02 -1.9839E+03
0007121   9.5887E+03  1.6656E+03 -1.6091E+03
0007122   7.9194E+03 -3.5347E+03 -2.4170E+03
0007123   9.2027E+03 -3.1005E+03 -1.3394E+03
0007124   3.5897E+03  1.8783E+02 -5.4373E+02
0007125   6.7113E+03  3.1029E+03 -8.1673E+02
0007126   3.0905E+03 -1.3491E+03  1.1118E+03
0007127   5.8410E+03 -5.2758E+02 -7.4889E+02
0007128   6.1448E+03 -1.5087E+03 -1.1665E+03
0007129   5.9922E+03 -6.3222E+02 -6.1581E+02
0007130   4.6275E+03  4.6445E+02  2.2828E+03
0007131   8.6076E+03  1.8016E+03 -9.7907E+02
0007132   5.7047E+03  4.4106E+03 -6.8280E+02
0007133   4.5340E+03 -6.6909E+02 -3.0512E+03
0007134   5.1224E+03  3.6748E+03  4.8950E+03
0007135   3.9566E+03  3.4415E+03 -1.9831E+03
0007136   4.1304E+03  2.1563E+03  1.7389E+03
0007137   5.9387E+03 -6.4499E+02 -5.1909E+03
0007138   8.9119E+03 -5.4224E+02 -1.4546E+03
0007139   8.8343E+03  2.5999E+01 -1.5480E+03
0007140   6.9229E+03 -1.3832E+03  3.9811E+03
0007141   2.1887E+03  8.2469E+02  1.4153E+03
0007142   7.2158E+03 -9.7552E+02 -3.6084E+03
0007143   5.3650E+03  5.4355E+02  2.0163E+02
0007144   7.2608E+03 -1.8336E+03  2.3821E+03
0007145   7.5457E+03 -3.4615E+03  3.7585E+02
0007146   6.9961E+03  1.0628E+03  2.2179E+03
0007147   8.0493E+03  1.1668E+03 -1.9302E+03
0007148   6.5210E+03  1.4973E+03 -1.0497E+03
0007149   7.0371E+03  5.2602E+03  2.1548E+03
0007150   2.0121E+03 -6.5916E+03  3.7980E+02
0007151   9.4853E+03 -2.0322E+03 -7.4250E+02
0007152   6.5525E+03 -4.1160E+02  1.1359E+03
0007153   7.8338E+03 -1.0534E+03  4.1409E+03
0007154   6.9770E+03 -4.2733E+03 -9.2316E+02
0007155   7.8884E+03 -2.9309E+03 -3.8110E+01
0007156   5.2187E+03  7.1449E+02  4.5115E+03
0007157   8.4987E+03 -2.1268E+03 -6.2628E+02
0007158   7.1806E+03  3.4258E+02 -1.6198E+03
0007159   7.3743E+03  1.4262E+03 -6.0500E+02
0007160   6.7973E+03 -1.8883E+03  1.5301E+03
0007161   6.2402E+03 -1.3089E+03 -6.7983E+02
0007162   8.6212E+03 -3.0408E+03 -2.4750E+03
0007163   6.7681E+03  3.1243E+03  2.9226E+03
0007164   4.0064E+03 -2.2766E+03 -1.4586E+03
0007165   4.0023E+03  5.4702E+02  7.7900E+02
0007166   7.8129E+03  4.7883E+03  5.5569E+02
0007167   9.6556E+03  2.4953E+01 -2.5725E+03
0007168   5.1277E+03 -1.4396E+03 -1.6297E+03
0007169   4.3839E+03 -2.3465E+03  1.1351E+03
0007170   8.9529E+03 -2.4241E+02 -4.7830E+02
0007171   3.9384E+03  1.5233E+03  1.6355E+03
0007172   7.3093E+03 -2.7723E+03  9.9604E+02
0007173   7.2444E+03  3.4136E+03 -2.7587E+03
0007174   5.8698E+03  2.3873E+03 -5.4349E+02
0007175   6.2196E+03 -2.6407E+03  2.4768E+02
0007176   5.7713E+03  4.7607E+03 -5.1393E+02
0007177   5.0234E+03 -3.2012E+03 -5.7506E+02
0007178   3.8218E+03  1.7632E+02  2.4349E+03
0007179   2.6393E+03  1.1308E+02 -1.6456E+03
0007180   7.8135E+03  1.8342E+02 -1.0830E+03
0007181   9.2189E+03 -8.9867E+02 -1.1735E+03
0007182   7.2545E+03 -4.5353E+03  2.0351E+03
0007183   4.6220E+03  1.7195E+03  1.0593E+03
0007184   5.2651E+03  2.9927E+02  7.7986E+02
0007185   8.5018E+03 -6.0320E+02  7.5104E+02
0007186   1.0258E+04  9.7271E+02  2.2476E+03
0007187   7.2543E+03 -2.7627E+02  1.4122E+03
0007188   8.2647E+03 -3.9490E+03  2.5223E+03
0007189   8.4272E+03  2.1783E+03 -2.4023E+03
0007190   7.9596E+03 -1.7480E+03 -1.6613E+03
0007191   9.1252E+03 -5.0159E+02  2.4599E+03
0007192   8.8320E+03  2.3426E+03 -8.8496E+02
0007193   3.9337E+03 -2.2862E+03 -3.8061E+03
0007194   7.8833E+03  1.9397E+03  1.7508E+03
0007195   8.9072E+03 -2.8052E+03  1.7013E+03
0007196   6.0666E+03 -2.4895E+03  2.1835E+03
0007197   5.7296E+03  8.4567E+02  1.9637E+02
0007198   6.4864E+03 -3.0823E+03  1.4834E+03
0007199   6.9752E+03  1.6313E+03  2.3275E+03
0007200   8.9501E+03  2.4468E+03  4.5227E+02
0007201   4.8198E+03  1.8596E+03  2.0668E+03
0007202   8.6558E+03  8.2137E+02 -3.1317E+03
0007203   6.6985E+03 -2.6736E+03  2.8948E+03
0007204   4.3021E+03 -1.8787E+03  4.3194E+02
0007205   7.9212E+03  1.1740E+03 -2.3900E+03
0007206   7.6470E+03  5.1050E+03  1.3214E+03
0007207   1.1102E+04  6.8221E+02 -2.0350E+03
0007208   4.7061E+03  4.9296E+03 -2.2205E+02
0007209   4.9869E+03  9.7631E+02 -1.6613E+03
0007210   1.1023E+04 -3.0050E+02  1.1638E+03
0007211   7.3687E+03 -1.8594E+02  2.2972E+03
0007212   3.3006E+03  1.4052E+03  1.2363E+03
0007213   9.5054E+03  1.8248E+02  1.7098E+03
0007214   9.4184E+03  1.6696E+03 -9.1067E+02
0007215   4.9123E+03 -1.3284E+03  5.5281E+02
0007216   6.5120E+03  1.8888E+03 -6.3876E+03
0007217   7.6966E+03  2.3235E+03  1.0455E+03
0007218   5.6765E+03 -2.6715E+03 -1.4851E+03
0007219   9.2951E+03  1.6281E+03  1.5926E+03
0007220   3.6432E+03 -2.2626E+03 -3.3601E+02
0007221   1.0155E+04  1.1952E+02 -6.6936E+02
0007222   8.3533E+03 -2.9050E+03  2.8164E+02
0007223   8.3414E+03  2.3425E+03  8.7483E+02
0007224   9.7026E+03  3.7147E+02 -1.8566E+02
0007225   6.5375E+03 -6.2484E+02 -2.1903E+03
0007226   1.1379E+03 -3.0081E+03 -2.9624E+03
0007227   7.7264E+03  2.5695E+03 -2.4467E+02
0007228   8.5321E+03 -7.4289E+02 -2.6933E+03
0007229   8.1049E+03 -1.3387E+03 -1.1533E+02
0007230   7.6836E+03 -1.5856E+03 -2.0048E+03
0007231   8.4225E+03 -1.2891E+03  1.7898E+03
0007232   1.0155E+04  6.6771E+02 -9.1697E+02
0007233   6.3092E+03 -1.9540E+03  2.5683E+01
0007234   8.0212E+03 -1.2793E+03 -2.8873E+03
0007235   9.4583E+03  6.0699E+02  2.9234E+03
0007236   5.3903E+03  2.4595E+02  2.1700E+03
0007237   8.1506E+03  3.6037E+01 -3.2040E+02
0007238   5.9286E+03 -1.2993E+03  2.4543E+03
0007239   5.7723E+03  3.0425E+02  2.9218E+03
0007240   7.0199E+03 -3.0410E+03 -2.1478E+03
0007241   7.4493E+03  1.7856E+03  1.2575E+03
0007242   7.3845E+03 -5.9129E+03  3.7993E+03
0007243   4.6904E+03  3.7712E+03  3.1892E+02
0007244   4.0455E+03  2.8408E+03 -2.6274E+03
0007245   8.6231E+03 -1.4746E+03  1.2384E+03
0007246   6.2031E+03  2.8060E+00  1.0772E+03
0007247   4.6811E+03  3.7175E+03  1.4623E+03
0007248   6.3444E+03 -1.0693E+03  1.9206E+02
0007249   6.4429E+03  2.8632E+01 -1.0134E+03
0007250   5.4204E+03 -8.1886E+02 -3.7278E+03
0007251   5.0383E+03  1.0990E+03  2.8701E+03
0007252   8.5509E+03 -1.3269E+03  1.5664E+03
0007253   6.8498E+03 -9.3466E+02 -2.6231E+03
0007254   7.4818E+03  2.5507E+03 -5.9518E+02
0007255   3.7658E+03 -2.2426E+02 -2.1451E+03
0007256   4.3196E+03 -1.8843E+03 -3.2561E+02
0007257   5.8058E+03  2.1110E+03  1.5960E+03
0007258   5.6717E+03 -4.6556E+03 -5.2087E+03
0007259   5.8244E+03 -4.7901E+03  7.1422E+02
0007260   8.0572E+03  1.2471E+03 -8.8989E+02
0007261   1.0241E+04 -2.2667E+03 -4.8138E+02
0007262   8.6626E+03 -5.8304E+02 -2.3196E+03
0007263   7.4735E+03 -2.0686E+03  2.8360E+02
0007264   3.8523E+03 -1.8249E+03 -3.2827E+03
0007265   8.3491E+03  2.7304E+03  5.8724E+02
0007266   8.4224E+03  2.1342E+03  2.8826E+03
0007267   5.3618E+03  1.4260E+03 -1.4671E+03
0007268   6.1688E+03 -2.0946E+02 -1.5826E+03
0007269   8.6672E+03  9.6644E+02 -1.8419E+03
0007270   6.5352E+03 -3.1165E+03 -1.0741E+03
0007271   6.5280E+03  1.3582E+03  5.3051E+03
0007272   7.7655E+03  2.4377E+03 -4.1516E+03
0007273   5.1896E+03  7.4015E+02 -2.0631E+03
0007275   6.1109E+03 -4.7670E+02 -2.8431E+03
0007276   6.3649E+03 -1.2474E+02  3.4501E+03
0007277   5.6076E+03  4.2756E+03 -1.4767E+03
0007278   5.9259E+03 -1.0356E+03  2.0044E+03
0007279   2.9920E+02  1.8600E+03  2.3061E+03
0007280   1.0287E+04 -3.1287E+03 -2.3958E+02
0007281   6.4357E+03  2.0065E+03  2.9571E+03
0007282   9.1830E+03 -1.2885E+03  2.7698E+03
0007283   6.6672E+03 -2.8471E+03  6.1893E+02
0007284   6.0106E+03 -3.7548E+02 -3.6611E+03
0007285   6.6659E+03  2.4937E+03  2.0189E+03
0007286   7.0049E+03 -2.4659E+03 -1.3179E+03
0007287   9.7475E+03 -2.3643E+03 -3.0056E+02
0007288   7.3962E+03  1.5081E+03  2.1856E+03
0007289   3.9402E+03 -7.1524E-01  2.6414E+02
0007290   9.7953E+03  4.9693E+02 -2.4121E+03
0007291   8.1430E+03  8.8632E+02  6.7338E+02
0007292   8.5315E+03  4.0395E+02 -2.5723E+03
0007293   5.6419E+03 -7.1501E+02 -2.6584E+02
0007294   9.4780E+03 -1.9655E+02 -4.4081E+02
0007295   9.7976E+03 -9.3859E+02 -1.4476E+03
0007296   7.3811E+03 -2.6492E+03  1.6331E+03
0007297   8.7808E+03  2.2110E+03  2.6853E+03
0007298   8.0341E+03 -3.9724E+03 -5.6370E+02
0007299   5.6942E+03  3.2384E+03 -4.1877E+03
0007300   1.0912E+04  3.4642E+03 -1.3052E+02
0007301   1.1123E+04 -9.6838E+02 -1.5038E+03
0007302   7.1368E+03 -4.2019E+03 -2.0501E+03
0007303   4.7731E+03 -2.3464E+03 -1.1950E+02
0007304   9.3160E+03  1.8409E+03 -6.0027E+02
0007305   6.9155E+03  3.3636E+03  5.8649E+02
0007306   4.6623E+03 -1.4193E+03 -8.2438E+02
0007307   5.0970E+03 -7.8568E+02 -1.1347E+03
0007308   7.7468E+03 -7.6478E+02 -1.1371E+03
0007309   9.6690E+03 -2.0644E+03  3.3594E+02
0007310   6.7939E+03  4.1794E+01 -8.7423E+02
0007311   3.0610E+03 -4.0223E+03 -1.6754E+03
0007312   7.0374E+03 -2.6711E+03 -8.6243E+02
0007313   5.2928E+03  1.1769E+03  1.1295E+02
0007314   9.4483E+03 -6.7988E+02 -3.4139E+03
0007315   8.3102E+03  9.1156E+02 -2.2808E+03
0007316   8.3883E+03  1.5699E+03 -8.7832E+02
0007317   4.7362E+03 -7.6101E+02  4.9169E+03
0007318   6.8907E+03  9.2215E+02 -5.1934E+02
0007319   8.4454E+03  7.1539E+02 -6.0600E+02
0007320   7.7657E+03 -1.2302E+03  6.1343E+02
0007321   7.8356E+03  2.2390E+03 -2.4659E+03
0007322   8.1163E+03 -3.6218E+03  2.4014E+02
0007323   5.8403E+03  2.0667E+03  1.2902E+03
0007324   8.6329E+03  1.3513E+02 -4.1623E+02
0007325   8.5234E+03 -4.4892E+03  9.8898E+02
0007326   7.1387E+03  3.2944E+03 -1.3522E+02
0007327   9.8999E+03  3.0573E+03  7.9902E+02
0007328   7.5637E+03 -2.1777E+03 -2.2557E+03
0007329   8.4267E+03 -2.4072E+02 -1.9028E+03
0007330   4.3500E+03 -2.3038E+03  3.4339E+03
0007331   8.4987E+03 -4.4043E+02 -3.2594E+03
0007332   4.9694E+03  2.7855E+03 -1.0375E+03
0007333   3.8977E+03  7.2675E+01  3.1295E+02
0007334   8.2261E+03  1.0339E+03  1.8779E+02
0007335   7.0203E+03 -1.7024E+03 -1.1202E+02
0007336   6.9053E+03 -3.4800E+03  2.3601E+03
0007337   8.5232E+03 -2.1498E+03  3.3960E+03
0007338   9.8191E+03  2.6300E+02  3.0260E+03
0007339   4.5659E+03  2.0875E+03 -1.4565E+03
0007340   7.3413E+03 -3.0014E+03  1.2968E+03
0007341   8.1065E+03 -3.8455E+01 -1.2663E+03
0007342   4.2306E+03  1.4680E+03  1.2853E+03
0007343   7.2866E+03  3.0985E+03 -2.8294E+03
0007344   6.0539E+03 -2.3505E+02 -3.5159E+03
0007345   7.6502E+03 -1.2598E+03  1.2661E+03
0007346   1.0429E+04  1.1910E+03  6.1650E+01
0007347   5.2096E+03  1.9257E+03 -2.9697E+03
0007348   9.2830E+03  2.8120E+03 -1.8985E+03
0007349   8.0020E+03  3.2309E+03 -2.3284E+03
0007350   9.7216E+03 -9.6455E+02 -1.1359E+03
0007351   7.4882E+03 -3.1431E+03  2.4945E+03
0007352   3.7964E+03  2.5586E+03 -1.6240E+03
0007353   7.7129E+03 -8.3807E+02  5.2244E+02
0007354   7.1769E+03  1.4811E+03 -2.4277E+03
0007355   9.7780E+03  9.8744E+02 -5.9180E+01
0007356   7.7344E+03 -4.4051E+02 -9.6781E+02
0007357   5.2143E+03 -4.5564E+02 -3.4276E+03
0007358   4.2823E+02 -1.5169E+02  3.0497E+02
0007359   8.2050E+03 -3.0622E+03 -6.6142E+02
0007360   9.3976E+03  2.1679E+03  1.1724E+03
0007361   7.1366E+03  7.1731E+02  1.7546E+03
0007362   6.4271E+03  8.5087E+02  2.1858E+03
0007363   6.9130E+03  1.0998E+03 -1.8765E+03
0007364   8.3409E+03 -1.5902E+03 -1.0183E+03
0007365   9.2460E+03 -2.7819E+02  3.9773E+02
0007366   7.9043E+03  3.6589E+03 -3.0538E+03
0007367   8.3611E+03 -6.8679E+02 -5.6535E+03
0007368   7.0015E+03 -1.8881E+03  4.8644E+03
0007369   6.6660E+03  2.8541E+03 -1.8487E+02
0007370   6.4167E+03 -3.7777E+03  1.3301E+03
0007371   9.2653E+03  1.1582E+03 -8.0464E+02
0007372   6.2366E+03  1.1168E+03  3.2350E+03
0007373   3.8022E+03  2.2466E+03 -4.9964E+02
0007374   9.7305E+03  4.6559E+03  1.2154E+03
0007375   8.8252E+03  1.1724E+03  2.0518E+03
0007376   7.4748E+03 -2.0102E+03 -4.4397E+02
0007377   9.7787E+03  6.3666E+02 -1.1400E+03
0007378   3.0127E+03  3.2400E+03  2.4403E+03
0007379   6.9507E+03  1.4503E+03 -3.0641E+02
0007380   8.5057E+03 -1.5157E+02  1.6706E+03
0007381   6.8991E+03  2.0708E+03 -1.9304E+03
0007382   6.2876E+03  5.6168E+03 -6.4576E+02
0007383   5.9654E+03 -4.2563E+03 -9.5493E+02
0007384   5.4425E+03 -8.4831E+02  1.0900E+03
0007385   7.3917E+03  6.6961E+02 -7.2116E+02
0007386   4.1159E+03  1.3037E+03  6.2906E+02
0007387   7.7198E+03 -9.2657E+02 -9.5977E+02
0007388   4.9135E+03 -2.2559E+03  6.4203E+02
0007389   4.6385E+03 -7.2370E+02 -1.7615E+03
0007390   8.7631E+03 -3.5154E+03  1.7357E+03
0007391   3.9442E+03  4.1991E+03  1.7936E+03
0007392   6.1532E+03  2.1422E+03  4.4847E+02
0007393   1.0290E+04 -1.5206E+03 -4.9219E+02
0007394   4.4118E+03  1.4086E+03 -1.1188E+03
0007395   6.9810E+03 -3.2646E+03 -9.6797E+02
0007396   6.7555E+03 -3.4558E+03  5.8333E+02
0007397   1.0067E+04  5.7570E+02 -1.0243E+03
0007398   8.5077E+03 -4.5710E+03 -6.8600E+02
0007399   8.6734E+03  1.5778E+03  2.8036E+03
0007400   2.0891E+03  2.0529E+03  2.3184E+03
0007401   6.1535E+03 -2.2630E+03 -1.8136E+02
0007402   6.8409E+03 -2.8534E+03 -2.9469E+03
0007403   9.2903E+03 -6.4292E+02 -9.0944E+01
0007404   1.0597E+04  1.1409E+03 -8.8350E+02
0007405   8.2917E+03 -3.6787E+03 -1.1159E+03
0007406   5.7836E+03 -2.4255E+02  5.4216E+02
0007407   3.6545E+03 -1.8918E+03 -8.4615E+02
0007408   7.9150E+03 -2.3236E+03  3.7884E+03
0007409   5.3184E+03 -3.6579E+03  1.1596E+03
0007410   2.0464E+03 -4.6102E+03 -1.8680E+03
0007411   4.9730E+03  5.7037E+01  4.5037E+03
0007412   5.7615E+03  4.4342E+03 -2.4443E+03
0007413   1.0107E+04 -1.6720E+03 -5.6911E+01
0007414   8.1809E+03  1.0878E+03 -2.0013E+03
0007415   7.9273E+03  1.2791E+03  2.4233E+03
0007416   7.6484E+03  2.8199E+03  6.4276E+00
0007417   5.7202E+03 -2.3090E+02 -1.2227E+03
0007418   7.8151E+03  2.7965E+02  2.4028E+03
0007419   7.1775E+03  1.8494E+03  9.3491E+01
0007420   9.4766E+03 -1.4872E+03 -2.6795E+03
0007421   8.0183E+03  2.4083E+03 -2.8177E+02
0007422   8.2506E+03  3.1522E+03  1.4384E+03
0007423   4.4890E+03 -1.3737E+03  3.6283E+03
0007424   7.5277E+03 -7.2547E+01 -9.1064E+02
0007425   2.9765E+03 -9.0297E+01 -3.9972E+03
0007426   8.5284E+03 -2.5986E+03  9.8571E+02
0007427   7.7878E+03 -1.2161E+03 -2.8488E+03
0007428   7.3980E+03 -2.2241E+03  5.4859E+02
0007429   6.3002E+03 -5.2383E+02  9.7573E+02
0007430   7.7779E+03 -7.0171E+02 -1.3634E+03
0007431   7.9469E+03 -8.2776E+02 -1.4736E+03
0007432   4.1163E+03 -3.9806E+03 -2.1227E+03
0007433   9.7749E+03 -1.9121E+03 -3.5552E+03
0007434   7.5065E+03 -3.8489E+03  2.7169E+03
0007435   2.1556E+03 -3.5681E+03  9.9822E+02
0007436   8.5829E+03  1.2481E+03  1.8127E+03
0007437   7.8854E+03  3.3987E+03 -1.5928E+03
0007438   7.2508E+03 -4.7181E+03  9.7116E+02
0007439   7.6127E+03  3.2287E+03  5.1223E+02
0007440   9.9964E+03  1.9311E+02  4.3014E+02
0007441   4.0459E+03 -4.8102E+03  2.2101E+03
0007442   9.9282E+03  1.6332E+03 -1.6447E+03
0007443   6.3188E+03 -2.4932E+03 -3.7942E+03
0007444   1.0474E+04 -7.6514E+02 -3.6826E+03
0007445   7.3585E+03 -1.3432E+03 -4.6208E+03
0007446   8.1560E+03 -1.6823E+03 -5.9891E+02
0007447   8.2549E+03 -2.1124E+02 -2.8057E+03
0007448   8.1367E+03 -2.1692E+03 -7.4362E+02
0007449   8.0048E+03 -4.8394E+03  1.3628E+03
0007450   6.9621E+03 -2.0304E+02  1.9418E+03
0007451   4.7110E+03  5.9721E+02  3.5634E+02
0007452   6.4061E+03  1.2675E+03  2.4558E+03
0007453   8.6626E+03  1.0566E+03  6.5822E+02
0007454   8.9030E+03 -4.9566E+02  1.4716E+03
0007455   4.6174E+03  1.0711E+03 -1.0446E+03
0007456   6.9120E+03 -1.5053E+03  5.3486E+02
0007457   8.7676E+03 -3.4435E+03  1.2127E+03
0007458   6.8592E+03  6.8278E+02  5.6177E+01
0007459   7.6692E+03 -8.4763E+02 -1.4363E+03
0007460   7.5128E+03  1.2625E+03 -8.0039E+02
0007461   6.4225E+03 -2.1854E+02 -1.2186E+03
0007462   6.4706E+03 -4.2313E+03 -3.8652E+02
0007463   9.6052E+03 -1.9794E+03  3.0476E+03
0007464   7.5167E+03 -2.6164E+03 -3.2002E+03
0007465   7.8281E+03  4.1178E+03  8.9417E+01
0007466   8.7493E+03  2.1276E+03 -1.1956E+02
0007467   8.4127E+03  8.2157E+02  7.0866E+02
0007468   8.1608E+03 -2.1932E+03  1.5636E+02
0007469   7.6337E+03  1.6290E+03  2.3090E+03
0007470   4.5620E+03  1.3496E+03  1.5211E+03
0007471   6.4681E+03 -2.1225E+03  3.2098E+01
0007472   6.5521E+03 -4.7270E+03 -5.6746E+01
0007473   8.3493E+03  3.2182E+02 -1.8302E+03
0007474   1.2786E+03 -6.5611E+02  1.2193E+02
0007475   7.8447E+03 -9.1057E+02  4.5200E+02
0007476   8.5840E+03  9.2801E+02 -7.5486E+02
0007477   7.7182E+03 -2.1333E+03  9.4431E+02
0007478   9.5282E+03 -8.7227E+02  1.4829E+03
0007479   9.3952E+03  3.3904E+02  8.9172E+02
0007480   8.7074E+03  2.5624E+03  9.2814E+01
0007481   7.4249E+03  2.4677E+02 -2.9364E+03
0007482   7.9133E+03 -9.2314E+02 -1.0415E+03
0007483   7.4416E+03 -2.7985E+03 -1.5412E+03
0007484   7.5963E+03 -1.0125E+03  8.2306E+02
0007485   9.7622E+03  7.4948E+02 -2.3299E+03
0007486   9.9983E+03 -1.3773E+03 -5.7192E+02
0007487   7.9873E+03  2.1154E+03  9.7948E+02
0007488   9.0457E+03  1.3537E+03  1.3215E+03
0007489   6.6148E+03  1.9002E+03  1.0768E+03
0007490   8.3074E+03 -1.3182E+03  1.7274E+03
0007491   7.4562E+03 -4.1747E+02 -1.0428E+03
0007492   9.5103E+03  1.1290E+03 -1.5922E+03
0007493   4.7489E+03  1.5010E+02  5.8617E+02
0007494   9.8163E+03 -6.3169E+02  1.4942E+03
0007495   7.8932E+03 -1.8952E+03 -1.5875E+03
0007496   6.2958E+03 -3.7510E+03 -2.3602E+03
0007497   5.9636E+03  9.0451E+02  5.3061E+03
0007498   3.2031E+03  4.6365E+03 -2.3230E+03
0007499   8.9860E+03  4.6835E+02  1.3812E+03
0007500   5.3435E+03 -1.7148E+03  3.4106E+03
0007501   1.0239E+04 -1.1329E+03  9.6165E+02
0007502   6.5248E+03 -1.0682E+03  1.7603E+03
0007503   5.4430E+03  1.3753E+03  2.9073E+03
0007504   7.2462E+03  3.7158E+03  9.9938E+01
0007505   4.8075E+03 -1.0904E+03 -3.2649E+02
0007506   8.5697E+03 -9.2554E+02 -1.0861E+03
0007507   4.2411E+03 -9.8650E+02  3.1552E+03
0007508   8.6496E+03 -1.5837E+03 -1.7699E+01
0007509   4.9548E+03  2.3634E+03 -9.3830E+02
0007510   7.9203E+03  2.1599E+03 -1.0657E+03
0007511   8.6975E+03 -2.6416E+03  1.3072E+03
0007512   7.0799E+03 -3.8061E+03  1.1437E+03
0007513   1.0353E+04 -1.3266E+02  1.0924E+03
0007514   7.0154E+03  3.0643E+03 -1.0179E+03
0007515   8.2926E+03 -1.1826E+03  2.4305E+03
0007516   6.8341E+03  8.1834E+02 -4.8410E+03
0007517   8.7020E+03 -4.9395E+03 -4.7364E+02
0007518   6.9421E+03 -2.3742E+03 -2.9316E+03
0007519   1.3458E+03 -1.1562E+03 -2.9120E+03
0007520   8.4316E+03  1.5218E+03 -9.1362E+02
0007521   6.6253E+03  1.0745E+02  6.7529E+02
0007522   6.0282E+03  3.7469E+03  2.5577E+03
0007523   8.3874E+03 -1.8977E+02 -4.3032E+03
0007524   9.6321E+03 -1.1875E+03 -1.4751E+03
0007525   8.8267E+03 -1.9091E+02 -5.5353E+02
0007526   7.8907E+03 -3.5430E+02 -1.5500E+03
0007527   9.6795E+03 -2.9603E+03  7.7160E+02
0007528   6.7527E+03  1.2993E+03 -4.9147E+03
0007529   8.4646E+03  9.1856E+02 -2.8816E+03
0007530   7.4070E+03 -2.0211E+03 -3.6109E+03
0007531   8.3076E+03  2.8969E+03 -1.8060E+03
0007532   8.6555E+03 -1.1935E+03  2.1661E+03
0007533   8.3432E+03 -2.2706E+03  1.4295E+03
0007534   6.3398E+03 -2.3091E+03  6.7398E+02
0007535   5.9691E+03 -1.7319E+03  5.3736E+02
0007536   8.0590E+03  1.5074E+03  1.6943E+03
0007537   7.2463E+03 -2.7565E+03 -2.9633E+03
0007538   8.6415E+03  4.7788E+02  2.6225E+03
0007539   6.4322E+03  3.3596E+02  2.2352E+02
0007540   7.1602E+02  1.0971E+03 -1.8713E+03
0007541   7.6328E+03  1.7587E+02  3.7167E+02
0007542   6.4796E+03  1.9580E+03  1.2245E+03
0007543   7.6400E+03  1.1087E+03 -1.1986E+02
0007544   6.2220E+03 -8.2286E+02  1.2926E+03
0007545   8.3241E+03  2.7915E+03 -1.4610E+03
0007546   6.9253E+03  3.1987E+03  2.5298E+03
0007547   1.0141E+04  4.8190E+02 -7.0528E+02
0007548   8.5011E+03 -1.9231E+03  2.9550E+02
0007549   5.2680E+03 -1.6663E+03 -4.7849E+03
0007550   6.4979E+03 -1.6859E+03  6.5788E+02
0007551   6.3142E+03  1.8194E+03 -2.4394E+03
0007552   7.3326E+03  4.9636E+02  4.5456E+03
0007553   8.7495E+03 -3.5348E+03 -4.7015E+03
0007554   5.8373E+03 -3.6190E+03 -3.3040E+03
0007555   6.6365E+03 -2.4021E+03  2.6540E+03
0007556   6.3258E+03  3.9927E+02  2.5334E+03
0007557   3.6786E+03 -1.4677E+02  1.9885E+03
0007558   6.8068E+03  3.2186E+03  5.9070E+02
0007559   7.1869E+03 -3.5917E+02  2.5836E+03
0007560   5.9465E+03 -4.3108E+03  1.5133E+03
0007561   3.0305E+03 -5.9268E+01  3.8579E+03
0007562   7.7864E+03  1.7943E+03 -1.9663E+03
0007563   9.1623E+03  7.6483E+02  2.7784E+03
0007564   6.8140E+03  1.6558E+03  4.7133E+03
0007565   7.6015E+03 -2.2066E+03 -1.7627E+03
0007566   6.2991E+03  4.1178E+03  2.3740E+03
0007567   6.2151E+03 -1.7569E+03  6.0211E+03
0007568   8.9740E+03 -1.1201E+03 -1.0762E+03
0007569   6.5977E+03  5.5428E+02  2.5291E+03
0007570   8.6942E+03 -2.2394E+02  1.6604E+03
0007571   6.4671E+03 -9.7716E+02  2.5884E+03
0007572   4.3068E+03  1.9457E+02  3.3523E+03
0007573   4.6552E+03 -5.8497E+02  1.9710E+03
0007574   8.4578E+03  2.5868E+03  2.7428E+03
0007575   8.0657E+03  3.7965E+02 -8.3562E+02
0007576   6.4404E+03 -3.1899E+02 -5.1166E+02
0007577   7.1521E+03 -3.5199E+03 -2.7450E+03
0007578   6.5481E+03  2.2873E+03 -1.2289E+03
0007579   1.0216E+04  1.0676E+03  6.4663E+02
0007580   6.7597E+03  1.0229E+02 -1.6301E+03
0007581   6.5424E+03 -2.8012E+03  1.8411E+03
0007582   8.8605E+03 -7.3875E+02  7.0398E+02
0007583   6.0465E+03 -7.9656E+02 -2.0064E+03
0007584   7.6104E+03  1.8742E+03 -1.0290E+02
0007585   8.5289E+03  2.2673E+03  1.1553E+03
0007586   7.3515E+03  3.6488E+03  7.1878E+02
0007587   2.9802E+03 -1.6083E+03 -1.5631E+03
0007588   5.8436E+03 -7.1180E+02 -1.1006E+03
0007589   7.8405E+03 -2.2914E+03  2.8176E+03
0007590   6.0608E+03 -3.6038E+03  5.5435E+02
0007591   7.5923E+03  1.7058E+03 -4.4101E+03
0007592   6.8621E+03  1.1514E+03  6.2031E+02
0007593   4.1374E+03 -4.3358E+03 -7.4716E+02
0007594   6.4548E+03  1.5474E+03 -5.6847E+02
0007595   9.0708E+03 -5.1707E+03  1.3951E+03
0007596   8.3187E+03 -1.3731E+02 -1.9553E+03
0007597   7.5850E+03  1.0215E+03 -4.2434E+03
0007598   3.6471E+03 -4.7260E+03 -2.4574E+03
0007599   4.1345E+03  4.0462E+03 -4.5968E+02
0007600   1.0276E+04 -3.5766E+02 -9.1818E+02
0007601   6.8586E+03 -2.3769E+03  2.3051E+03
0007602   4.2320E+03  2.1775E+03 -1.2265E+03
0007603   6.2939E+03  3.5062E+02 -1.8158E+03
0007604   6.8829E+03  9.2120E+02  3.6612E+03
0007605   9.6222E+03  5.2870E+01 -2.6779E+03
0007606   8.9988E+03  2.7712E+02 -2.5403E+03
0007607   7.1228E+03 -5.2727E+03 -9.3876E+02
0007608   7.0977E+03 -1.3635E+02  6.7295E+02
0007609   8.4157E+03 -6.0106E+02  2.8942E+03
0007610   4.4572E+03  5.2395E+02  7.2696E+02
0007611   7.9885E+03 -2.7103E+03 -7.3588E+02
0007612   5.8324E+03  1.9890E+03 -2.2283E+03
0007613   1.7420E+03 -3.1581E+03  9.9995E+02
0007614   9.1058E+03 -1.4256E+03  4.4778E+02
0007615   1.0160E+04  7.6771E+02 -2.0667E+02
0007616   8.3523E+03  1.2537E+03 -1.0655E+03
0007617   6.8422E+03 -1.2763E+03 -4.2635E+03
0007618   7.9638E+03  1.5989E+03  4.2906E+03
0007619   6.1078E+03  1.3832E+03  1.3968E+03
0007620   7.2892E+03  1.3418E+03  1.0352E+03
0007621   8.1239E+03  1.5798E+03  7.6641E+01
0007622   7.1497E+03 -3.7799E+03 -2.0199E+02
0007623   5.2564E+03 -3.1191E+03  5.4984E+03
0007624   8.3185E+03 -2.1509E+02 -7.8085E+02
0007625   8.2918E+03  1.2771E+03  1.7775E+01
0007626   6.3167E+03 -4.3779E+03  1.4826E+03
0007627   8.3312E+03 -3.3346E+03  5.7118E+02
0007628   8.6003E+03  1.6003E+03  1.0690E+02
0007629   8.3451E+03 -2.4250E+03 -6.8150E+02
0007630   5.0637E+03  8.1126E+02  3.6058E+03
0007631   7.7496E+03  1.6945E+00 -2.7927E+03
0007632   8.7970E+03 -5.6157E+02  2.0037E+01
0007633   4.3041E+03 -3.0868E+03  2.8563E+03
0007634   7.2506E+03  2.3186E+03 -2.4909E+03
0007635   6.6484E+03  2.2712E+03  2.8035E+03
0007636   5.5012E+03 -2.7377E+03  1.7834E+03
0007637   8.7852E+03  5.6990E+02 -3.9763E+03
0007638   5.9940E+03  9.5398E+02 -1.4792E+03
0007639   7.0031E+03  9.6444E+02  1.2747E+03
0007640   1.1245E+04 -1.7473E+03  2.0253E+01
0007641   8.4045E+03 -6.0448E+02 -1.5680E+03
0007642   8.5641E+03 -7.3710E+02  1.0785E+03
0007643   5.1528E+03  5.8612E+02  3.3620E+03
0007644   5.7851E+03 -1.2383E+03 -2.5487E+03
0007645   6.4760E+03 -2.0688E+03  7.7501E+02
0007646   7.9839E+03  2.3374E+02 -3.2452E+03
0007647   3.3287E+03 -8.4495E+02 -3.5224E+02
0007648   7.6337E+03 -1.9061E+02  2.5410E+03
0007649   8.6934E+03 -3.4127E+02  1.1646E+03
0007650   8.4233E+03 -3.4109E+02 -2.0951E+03
0007651   9.2151E+03 -2.4390E+03 -1.8594E+03
0007652   8.6760E+03 -1.1812E+03  2.3422E+02
0007653   7.2039E+03  4.6014E+03 -1.3564E+03
0007654   5.5094E+03 -2.1240E+03  1.3873E+03
0007655   5.1284E+03 -3.5293E+03  1.5971E+03
0007656   3.5947E+03  8.3182E+02  4.9836E+03
0007657   4.3658E+03 -2.0853E+03 -3.9101E+03
0007658   4.6058E+03  3.7500E+03 -2.0313E+03
0007659   9.4449E+03  6.7244E+02 -1.8169E+02
0007660   8.8275E+03  2.2503E+03  1.9616E+03
0007661   7.9323E+03  1.4752E+03  7.7059E+02
0007662   6.6998E+03 -5.9534E+02 -3.2577E+02
0007663   9.2328E+03 -1.2635E+03 -5.7135E+03
0007664   9.5177E+03 -6.6687E+02 -6.3744E+02
0007665   7.3934E+03 -1.5228E+03 -3.3953E+02
0007666   6.9810E+03  2.6006E+03  2.3863E+03
0007667   5.6182E+03 -6.2272E+02 -2.5913E+03
0007668   9.0097E+03  1.7830E+03 -1.1699E+03
0007669   8.3479E+03  4.5137E+02 -1.1762E+03
0007670   4.6536E+03  6.1597E+03  1.1627E+03
0007671   6.3618E+03  2.0262E+03 -4.1073E+03
0007672   8.0443E+03  1.3070E+03 -2.4988E+03
0007673   4.0776E+03 -2.3093E+03  3.4202E+03
0007674   6.7623E+03  8.6664E+02  2.5719E+03
0007675   4.7972E+03  2.1229E+03  4.8486E+03
0007676   6.4530E+03 -1.2572E+03  1.6026E+03
0007677   6.8449E+03  4.5140E+03 -2.0836E+03
0007678   7.8434E+03  1.2072E+03 -1.4273E+03
0007679   8.5666E+03  9.1333E+02  1.2569E+03
0007680   6.9368E+03 -1.1502E+03 -2.9514E+03
0007681   3.9265E+03 -4.8917E+02 -1.4189E+03
0007682   6.9816E+03 -2.9358E+03 -8.8604E+02
0007683   3.6459E+03  1.3600E+03 -4.3972E+03
0007684   1.0310E+04  3.0366E+02  1.5148E+03
0007685   5.4960E+03  3.2380E+03  4.1140E+02
0007686   6.1942E+03  1.0147E+03  2.3635E+03
0007687   3.7088E+03 -1.3415E+03  1.0968E+03
0007688   6.1857E+03  7.3377E+02  1.9049E+03
0007689   7.7796E+03 -4.3376E+03 -5.1910E+02
0007690   5.1348E+03 -1.2853E+03  3.1709E+02
0007691   5.1867E+03 -2.1641E+03 -4.3256E+03
0007692   9.8976E+03 -1.0831E+03 -2.9601E+03
0007693   7.4183E+03  3.0332E+02  2.3899E+03
0007694   7.0228E+03 -2.6922E+03  1.9596E+02
0007695   6.2740E+03 -6.0429E+02 -1.7869E+02
0007696   6.9130E+03 -4.1524E+03  2.8537E+03
0007697   7.6260E+03  4.6413E+03  1.6943E+03
0007698   7.6981E+03  1.8994E+03 -1.1636E+03
0007699   7.7661E+03 -1.7669E+03  2.1733E+03
0007700   8.0288E+03  2.0931E+03 -3.3839E+03
0007701   4.9808E+03  9.3322E+02 -2.9115E+03
0007702   7.3123E+03 -2.7523E+03  4.1323E+03
0007703   2.1829E+03  4.5611E+03  2.3775E+02
0007704   7.7742E+03  2.4344E+03  3.6862E+02
0007705   4.1742E+03  4.9046E+03  2.3138E+03
0007706   7.4625E+03 -2.3207E+03  8.5580E+02
0007707   7.6876E+03 -1.2745E+03 -5.0406E+03
0007708   6.7740E+03  1.3947E+03 -4.5036E+03
0007709   1.0794E+04  4.9377E+02  9.2607E+01
0007710   5.5147E+03 -1.6254E+03  2.0172E+03
0007711   5.3127E+03 -9.0577E+02  3.3817E+03
0007712   8.0501E+03 -3.7849E+02  8.9549E+02
0007713   8.9635E+03  2.1191E+03  1.0474E+03
0007714   7.0305E+03  2.4666E+03 -2.7519E+02
0007715   7.7901E+03 -2.4246E+03  5.0950E+02
0007716   6.5557E+03 -4.7613E+02  1.8912E+03
0007717   9.9916E+03  2.3005E+03 -3.6478E+02
0007718   6.4485E+03  5.6385E+02  1.5147E+03
0007719   6.8219E+03  1.0402E+03  2.8786E+03
0007720   9.1291E+03 -5.5812E+02 -1.3476E+03
0007721   1.4156E+03 -7.9919E+02 -1.2146E+03
0007722   6.0488E+03 -8.9135E+01 -2.2547E+02
0007723   5.7113E+03  1.5901E+03  4.1451E+03
0007724   5.6531E+03  1.5061E+03 -2.8067E+03
0007725   5.3747E+03 -4.7175E+02 -4.2184E+03
0007726   8.2025E+03 -9.3219E+02 -1.9049E+03
0007727   6.1461E+03  3.0375E+02 -1.8338E+03
0007728   7.9326E+03 -1.2167E+01 -6.3301E+02
0007729   6.5042E+03 -2.4013E+03 -2.4496E+03
0007730   2.9729E+03  2.4633E+02 -1.2155E+01
0007731   9.3280E+03 -2.4017E+03  8.7716E+02
0007732   4.7561E+03  3.1520E+03  3.3532E+03
0007733   7.3655E+03  1.6258E+03  1.4284E+03
0007734   6.5601E+03  3.1455E+03  4.1432E+02
0007735   7.0523E+03 -1.2099E+03 -3.7012E+02
0007736   7.0949E+03 -6.1569E+01 -3.9448E+03
0007737   5.4651E+03 -1.5041E+03 -2.6319E+03
0007738   8.1888E+03 -5.1941E+02  1.8793E+03
0007739   7.4267E+03 -6.5865E+02 -1.6426E+03
0007740   8.6787E+03 -1.5132E+03 -1.6603E+02
0007741   3.7425E+03 -3.7127E+03 -8.0527E+02
0007742   3.0775E+03 -1.4191E+03  1.9493E+03
0007743   7.4148E+03  5.6715E+03 -1.8537E+03
0007744   7.3102E+03 -2.3769E+03  1.0253E+03
0007745   9.6121E+03 -1.1357E+02  1.1513E+03
0007746   6.9005E+03 -3.3275E+03  2.3442E+03
0007747   1.1125E+04 -8.8381E+02  5.2175E+02
0007748   7.5985E+03 -5.1907E+03  2.3920E+02
0007749   7.0948E+03 -4.4687E+03 -6.9324E+01
0007750   9.6728E+03 -2.3322E+03  7.0018E+02
0007751   9.1620E+03 -4.1360E+02  3.9794E+03
0007752   9.3444E+03 -3.9377E+02 -1.1542E+01
0007753   1.0054E+04 -4.5679E+02 -3.3627E+03
0007754   9.0892E+03 -1.2507E+03 -1.5979E+03
0007755   9.3423E+03  7.9004E+02 -1.2007E+03
0007756   5.6450E+03 -1.5552E+03 -2.3210E+02
0007757   1.0129E+04 -3.5769E+03 -3.4293E+01
0007758   8.3090E+03 -3.0670E+03 -2.5287E+03
0007759   3.4622E+03  6.7637E+03  3.9647E+03
0007760   9.1562E+03 -2.2110E+03  2.1755E+03
0007761   3.7677E+03  5.1528E+02 -1.9782E+03
0007762   9.0974E+03  4.1075E+02  2.9699E+03
0007763   5.2235E+03  8.9788E+02 -1.5644E+03
0007764   7.6668E+03 -5.5027E+03  4.4700E+02
0007765   7.9754E+03  2.6463E+03 -3.4340E+02
0007766   9.1266E+03 -6.6053E+01 -3.3076E+03
0007767   6.2204E+03  1.1136E+03  2.7874E+03
0007768   6.0222E+03  2.3391E+02  8.7402E+02
0007769   4.1854E+03 -6.1280E+03  2.6045E+02
0007770   7.8909E+03 -1.0402E+03  6.7844E+03
0007771   3.1498E+03  8.8595E+02  2.8420E+03
0007772   5.8230E+03  2.5464E+03 -3.8667E+03
0007773   3.7501E+03 -2.7796E+02 -8.5922E+02
0007774   1.3642E+03 -3.9861E+03 -1.4432E+03
0007775   8.8916E+03 -3.8015E+03 -1.2705E+03
0007776   5.9640E+03 -2.1745E+03 -2.8201E+03
0007777   7.9062E+03 -3.9803E+03  1.1856E+03
0007778   3.2605E+03  4.1332E+02  1.3319E+03
0007779   7.0464E+03  3.5302E+03  3.1419E+03
0007780   7.8559E+03 -1.2239E+03 -1.9926E+03
0007781   6.9287E+03 -2.0731E+03 -1.0495E+03
0007782   7.3881E+03  1.0058E+02 -5.1667E+02
0007783   4.6639E+03  7.3568E+02  1.0832E+03
0007784   3.4586E+03  4.2794E+03  1.4395E+03
0007785   5.6584E+03 -2.0755E+03  4.8408E+03
0007786   5.4438E+03 -2.5456E+00 -8.7400E+01
0007787   8.6646E+03  9.2028E+02 -6.9414E+02
0007788   6.2500E+03  7.2680E+02  6.8049E+03
0007789   7.0779E+03 -4.0489E+03 -1.1299E+03
0007790   8.0040E+03 -1.6014E+02 -2.0197E+03
0007791   6.4259E+03  7.3772E+02  3.0742E+03
0007792   3.3263E+03 -2.3508E+03  2.4831E+03
0007793   6.3773E+03 -4.0722E+03  7.2592E+02
0007794   9.0345E+03 -6.6590E+02  2.0160E+03
0007795   8.6235E+03 -1.7658E+03  6.4282E+02
0007796   6.7097E+03 -3.2105E+03 -2.9731E+03
0007797   3.7689E+03 -3.3811E+02 -4.1288E+03
0007798   6.2651E+03  7.8167E+02  5.4681E+02
0007799   9.2550E+03  7.4864E+02 -3.7944E+02
0007800   6.9517E+03  4.1344E+02  8.5240E+02
0007801   3.8115E+03 -4.6496E+03 -1.6009E+03
0007802   7.8968E+03 -1.2562E+03 -5.2158E+03
0007803   7.0930E+03  5.5862E+02  7.4670E+02
0007804   9.0702E+03  1.2148E+03 -4.1808E+02
0007805   8.2720E+03 -2.1509E+03  4.8293E+03
0007806   6.9403E+03 -1.3479E+03  1.5505E+03
0007807   8.9755E+03 -1.2058E+03 -1.4007E+03
0007808   5.8928E+03 -1.8545E+03  2.8236E+03
0007809   4.5457E+03  4.0076E+02  3.9028E+02
0007810   8.0640E+03 -1.7423E+02  2.9292E+03
0007811   7.6916E+03 -1.3638E+03 -4.7006E+03
0007812   6.4817E+03  1.6745E+03 -4.1473E+03
0007813   7.8816E+03 -7.7992E+02  5.0974E+02
0007814   5.6715E+03 -2.3410E+03 -5.7566E+02
0007815   3.4455E+03  3.1793E+03 -5.9338E+02
0007816   7.0721E+03 -2.0555E+03 -1.3240E+03
0007817   7.2177E+03 -1.0593E+03 -4.8940E+03
0007818   8.5823E+03 -2.8565E+03 -7.5037E+02
0007819   3.8441E+03  6.0241E+02 -1.4926E+03
0007820   8.8178E+03 -4.9180E+02  1.7323E+03
0007821   7.4066E+03  4.4559E+03  4.0601E+03
0007822   6.6737E+03  4.0880E+03 -3.1290E+03
0007823   5.4483E+03 -1.7966E+03  1.4667E+03
0007824   8.4533E+03  2.0390E+03 -1.0515E+03
0007825   8.4282E+03 -3.9683E+03  1.2201E+03
0007826   5.5477E+03 -3.8761E+03 -1.3115E+02
0007827   2.1755E+03  2.0898E+03  9.6427E+02
0007828   1.0505E+04 -2.8041E+03 -1.1180E+03
0007829   4.9909E+03 -4.3636E+03  5.7147E+02
0007830   5.1517E+03  2.0681E+03  1.3292E+03
0007831   7.3945E+03  2.0407E+03  1.4887E+03
0007832   6.5578E+03 -3.9420E+03 -4.3893E+02
0007833   6.6790E+03  4.9944E+03  8.4597E+02
0007834   6.8489E+03  1.4491E+03 -2.2091E+03
0007835   6.3721E+03 -3.1756E+03 -7.0577E+02
0007836   3.6046E+03  1.5162E+03  4.8942E+02
0007837   5.5178E+03 -2.0591E+02  3.4201E+00
0007838   7.0732E+03 -4.0189E+03 -2.3605E+02
0007839   6.6635E+03  1.7056E+03  1.8195E+03
0007840   5.7486E+03  2.5239E+03 -1.8481E+03
0007841   6.5645E+03 -2.5758E+03 -9.8080E+02
0007842   5.6645E+03 -1.6285E+03  2.9512E+03
0007843   5.5365E+03  1.7758E+02  1.6281E+03
0007844   8.6462E+03  9.2417E+02  4.3744E+03
0007845   6.9347E+03 -3.2144E+03 -2.5964E+03
0007846   6.9362E+03  6.7411E+01  4.4599E+03
0007847   4.0493E+03 -2.7315E+03 -1.3948E+03
0007848   8.8080E+03  2.1387E+03  2.2133E+03
0007849   8.1500E+03  1.0478E+03 -1.2463E+02
0007850   8.6446E+03 -2.4869E+03 -3.1655E+02
0007851   8.6855E+03  3.6154E+03  2.0050E+03
0007852   7.1060E+03 -1.1384E+03 -1.4499E+03
0007853   8.1328E+03  2.5405E+03 -3.1220E+02
0007854   7.0197E+03  2.7479E+03  4.0391E+03
0007855   8.3527E+03 -6.3794E+02  1.6042E+03
0007856   4.3387E+03 -2.2433E+03 -2.5944E+03
0007857   5.8557E+03 -1.8741E+03  1.6876E+03
0007858   7.4194E+03  5.6108E+02 -3.7715E+03
0007859   8.6598E+03 -1.7950E+03 -1.2237E+03
0007860   7.4128E+03 -7.6120E+02 -3.9855E+03
0007861   9.5123E+03 -1.2620E+03  1.4543E+03
0007862   6.1734E+03  1.7178E+03  4.3935E+03
0007863   5.4609E+03  3.7503E+03 -2.4813E+03
0007864   3.9432E+03  1.5798E+03 -1.2136E+03
0007865   4.5607E+03  9.5997E+01 -1.3842E+03
0007866   3.0209E+03 -3.0259E+02 -5.7619E+02
0007867   9.2660E+03  4.0448E+02 -2.2924E+03
0007868   7.9738E+03  2.3493E+03  4.9728E+02
0007869   8.0781E+03 -2.3524E+03  9.1428E+02
0007870   7.6274E+03  2.5616E+03 -5.4070E+02
0007871   9.7590E+03  1.5643E+03  2.0399E+03
0007872   4.9750E+03 -3.5262E+03 -5.0267E+02
0007873   6.1662E+03  2.8616E+03  1.0152E+03
0007874   3.0805E+03 -4.9697E+02 -2.1654E+03
0007875   9.3971E+03 -2.4794E+03 -7.3225E+02
0007876   6.7978E+03  1.7731E+03 -2.2435E+02
0007877   5.6248E+03 -8.9604E+02 -1.0705E+03
0007878   7.6564E+03 -1.8426E+03  5.1334E+02
0007879   6.1277E+03 -3.4802E+03 -2.2231E+03
0007880   8.1965E+03  1.0575E+03 -3.3832E+03
0007881   5.4732E+03  3.8808E+03 -8.3947E+02
0007882   7.3323E+03  1.6475E+03  1.3577E+03
0007883   6.9417E+03 -2.5997E+03  1.1539E+03
0007884   6.2820E+03  7.2025E+02  4.0814E+03
0007885   3.8379E+03 -8.5017E+02  2.7658E+02
0007886   4.0023E+03  9.7486E+02 -4.7527E+03
0007887   6.9035E+03 -3.4544E+01 -5.1983E+03
0007888   9.1004E+03 -8.3447E+01 -1.1352E+03
0007889   8.3771E+03 -1.8253E+03  1.2963E+03
0007890   6.6528E+03  2.6012E+03 -3.2260E+01
0007891   6.8348E+03 -1.4492E+02  1.2630E+03
0007892   7.1177E+03  4.9201E+02  2.6061E+02
0007893   7.4264E+03 -2.2851E+03 -1.5212E+03
0007894   1.9193E+03 -3.7862E+03  1.8814E+03
0007895   8.0338E+03  8.9362E+02  3.1307E+03
0007896   1.0963E+03  1.2287E+03 -2.4825E+03
0007897   8.3278E+03  3.1124E+03 -2.3872E+03
0007898   4.2984E+03 -8.0527E+02 -6.1405E+02
0007899   9.0863E+03 -1.3895E+03  2.4669E+03
0007900   8.0927E+03 -2.4169E+03 -8.4461E+02
0007901   5.2267E+03 -2.4161E+03 -2.2889E+03
0007902   7.8287E+03  6.0633E+02 -2.9159E+03
0007903   6.8627E+03 -1.3625E+03 -1.8440E+03
0007904   9.0226E+03  1.8278E+03  7.6554E+02
0007905   9.0783E+03  2.6760E+03  1.9063E+03
0007906   6.1621E+03  3.4742E+02  3.0097E+02
0007907   5.6733E+03 -1.3412E+03 -2.8382E+03
0007908   6.8296E+03  9.5933E+02 -7.6399E+02
0007909   7.0852E+03 -1.5296E+03 -1.2233E+03
0007910   7.8225E+03 -6.5668E+02 -2.7840E+03
0007911   5.6269E+03  1.5017E+03  1.6509E+03
0007912   6.1652E+03  4.1213E+03  4.1009E+03
0007913   1.0449E+04 -8.8657E+02  2.6630E+03
0007914   8.3002E+03  1.8491E+03 -4.3855E+03
0007915   8.7593E+03 -1.2374E+03 -2.0612E+02
0007916   3.4474E+03  2.4786E+03 -1.7307E+03
0007917   5.2277E+03  3.2677E+03  1.3135E+03
0007918   3.2131E+03 -2.8877E+03 -3.0056E+03
0007919   7.9605E+03 -8.0344E+02 -3.4890E+03
0007920   7.3819E+03  3.3646E+03 -7.5848E+02
0007921   9.4851E+03 -1.2736E+03  2.8369E+03
0007922   9.2544E+03  1.5056E+03 -5.6126E+02
0007923   7.0313E+03 -1.1855E+02 -4.6796E+02
0007924   1.0464E+04  1.5137E+03  1.2087E+03
0007925   7.9098E+03  3.1993E+02  5.4741E+02
0007926   6.7253E+03  1.6527E+02 -1.5528E+03
0007927   1.0035E+04  1.6341E+03  4.6622E+03
0007928   9.2825E+03  8.8183E+02  3.4439E+03
0007929   5.5220E+03 -1.1331E+03 -1.9782E+03
0007930   4.9639E+03 -1.1993E+03  1.8341E+03
0007931   5.4519E+03 -1.9158E+03 -5.3062E+03
0007932   5.8905E+03 -7.6687E+02 -4.2600E+03
0007933   5.2454E+03  3.0488E+03 -2.9009E+03
0007934   7.7960E+03  3.3700E+02 -3.0031E+02
0007935   8.9164E+03  1.9189E+03  5.4139E+02
0007936   5.3168E+03  1.3057E+03 -2.1288E+03
0007937   8.0778E+03  2.5366E+03 -1.2493E+03
0007938   7.8956E+03 -1.0778E+03  2.0891E+03
0007939   6.9862E+03 -7.4925E+02 -2.6605E+03
0007940   8.3216E+03  2.4928E+03 -2.7867E+03
0007941   7.2883E+03  3.2997E+03 -4.5641E+02
0007942   1.0166E+04  1.5983E+03 -5.5608E+02
0007943   7.6765E+03 -1.9993E+03 -3.8854E+03
0007944   8.4586E+03 -8.3556E+02 -1.0007E+03
0007945   5.9389E+03 -1.3403E+03 -1.8135E+03
0007946   3.5468E+03 -1.3984E+03 -1.4227E+03
0007947   8.0095E+03  3.2778E+03 -4.7607E+02
0007948   7.0578E+03 -3.9824E+03 -1.7709E+03
0007949   5.8345E+03  3.9310E+03  2.3762E+03
0007950   8.8945E+03 -2.2969E+03  9.0353E+02
0007951   6.4904E+03 -2.2054E+01 -7.5024E+02
0007952   9.0334E+03 -2.2667E+03  2.4127E+03
0007953   5.8353E+03  3.2640E+03 -3.3170E+03
0007954   6.9368E+03 -2.4030E+02  2.9822E+03
0007955   4.0953E+03 -1.9504E+02  6.5445E+02
0007956   8.7020E+03 -4.5757E+02  3.4349E+03
0007957   9.9025E+03  2.6476E+03 -3.1298E+03
0007958   5.1742E+03 -1.7873E+03 -2.1341E+03
0007959   7.3112E+03  1.2954E+03 -1.1745E+03
0007960   7.0163E+03  3.6487E+02  7.1435E+02
0007961   2.8604E+03  1.0755E+01  1.7201E+03
0007962   8.6990E+03  3.5324E+03 -2.0061E+03
0007963   4.8853E+03 -1.4792E+03  3.2801E+02
0007964   7.3482E+03 -4.2430E+03 -1.1216E+02
0007965   9.5642E+03 -2.4289E+03  1.9885E+03
0007966   8.8561E+03  1.2527E+03 -5.1077E+02
0007967   8.6557E+03 -1.3061E+03  3.2663E+02
0007968   7.5726E+03 -4.3184E+03 -2.9534E+02
0007969   5.0192E+03 -8.0869E+02  7.4566E+02
0007970   5.8016E+03  3.0752E+03  1.7754E+03
0007971   7.9685E+03 -2.3340E+03 -3.3133E+03
0007972   7.0247E+03 -3.5132E+03 -2.4918E+02
0007973   4.0798E+03 -4.2308E+03  2.8342E+03
0007974   5.9939E+03  8.7360E+02 -3.2254E+03
0007975   7.7044E+03 -3.5579E+03  8.5228E+02
0007976   4.5843E+03  1.0846E+02 -1.2646E+03
0007977   8.6017E+03 -6.5773E+02  1.1929E+02
0007978   6.0740E+03  4.0338E+03  7.3129E+02
0007979   2.8932E+03 -2.0160E+03 -5.5885E+03
0007980   8.2889E+03  1.2178E+03  6.1580E+02
0007981   7.8741E+03  6.4477E+02  2.1415E+03
0007982   7.4526E+03  2.6470E+03  3.9559E+03
0007983   7.7151E+03 -7.2955E+02 -1.9600E+03
0007984   8.6280E+03  7.4181E+02 -1.6979E+03
0007985   7.0693E+03  1.0517E+03 -3.0994E+03
0007986   9.6865E+03 -1.6123E+03 -5.7480E+02
0007987   7.8395E+03 -1.2984E+03 -9.8973E+02
0007988   7.9769E+03 -1.2376E+03  1.7917E+03
0007989   7.9698E+03 -2.2760E+03  6.1900E+02
0007990   5.5123E+03 -3.7201E+03  3.5644E+02
0007991   7.5932E+03  1.0890E+03  3.4625E+03
0007992   8.1256E+03 -4.4748E+03 -4.1724E+02
0007993   6.3298E+03 -3.2501E+02 -1.3162E+03
0007994   8.4015E+03  2.1893E+03 -3.5926E+03
0007995   6.6366E+03  1.8436E+03  7.2363E+02
0007996   6.9153E+03  1.3303E+03 -1.5136E+03
0007997   9.8095E+03 -4.9282E+02  5.4700E+02
0007998   6.9796E+03 -3.4842E+03  1.8926E+03
0007999   7.1664E+03 -1.0796E+03 -8.2762E+02
0008000   5.9747E+03  1.0815E+03 -2.9154E+03
