============================== SRIM-2013.00 ==============================
==============================================================================
====== SRIM Outputs\RANGE_3D.txt : File of Final Ion Positions =====

Ion =  H (01)   Ion Mass= 001.0080
Energy  = 3100000.E-02 keV
Ion Angle to Surface = 00.0 degrees
==================== TARGET =======================
  Layer # 1 - Skin_Human (W&W type 1)
  Layer # 1 - Bottom Depth=100000.E+02 A
  Layer # 1 - Density =0001.0900 g/cm3
  Layer # 1 -  62 % of  H
  Layer # 1 -  13 % of  C
  Layer # 1 -  2 % of  N
  Layer # 1 -  23 % of  O
  Layer # 1 -  0 % of  S
  Layer # 1 -  0 % of Cl
  Layer # 1 -  0 % of Na
  Layer # 1 -  0 % of  K
  Layer # 1 -  0 % of Ca
  Layer # 1 -  0 % of  P
  Layer # 1 -  0 % of  H
  Layer # 1 -  0 % of  C
  Layer # 1 -  0 % of  N
  Layer # 1 -  0 % of  O
  Layer # 1 -  0 % of  S
  Layer # 1 -  0 % of Mg
  Layer # 1 -  0 % of  O
  Layer # 1 -  0 % of  C
  Layer # 1 -  0 % of  H
  Layer # 1 -  0 % of  N
  Layer # 1 -  0 % of  P
  Layer # 1 -  0 % of  K
  Layer # 1 -  0 % of Cl
  Layer # 1 -  0 % of Na
  Layer # 1 -  0 % of  O
  Layer # 1 -  0 % of  C
  Layer # 1 -  0 % of  H
  Layer # 1 -  0 % of  N
  Layer # 1 -  0 % of  P
  Layer # 1 -  0 % of  K
  Layer # 1 -  0 % of Cl
  Layer # 1 -  0 % of Na
様様様様様様様様様様様様様様様様様様様様様様様様様様
  Layer # 2 - Cortical Bone  Adult (W&W)
  Layer # 2 - Bottom Depth=500000.E+02 A
  Layer # 2 - Density =0001.9200 g/cm3
  Layer # 2 -  0 % of  H
  Layer # 2 -  0 % of  C
  Layer # 2 -  0 % of  N
  Layer # 2 -  0 % of  O
  Layer # 2 -  0 % of  S
  Layer # 2 -  0 % of Cl
  Layer # 2 -  0 % of Na
  Layer # 2 -  0 % of  K
  Layer # 2 -  7 % of Ca
  Layer # 2 -  4 % of  P
  Layer # 2 -  39 % of  H
  Layer # 2 -  15 % of  C
  Layer # 2 -  3 % of  N
  Layer # 2 -  32 % of  O
  Layer # 2 -  0 % of  S
  Layer # 2 -  0 % of Mg
  Layer # 2 -  0 % of  O
  Layer # 2 -  0 % of  C
  Layer # 2 -  0 % of  H
  Layer # 2 -  0 % of  N
  Layer # 2 -  0 % of  P
  Layer # 2 -  0 % of  K
  Layer # 2 -  0 % of Cl
  Layer # 2 -  0 % of Na
  Layer # 2 -  0 % of  O
  Layer # 2 -  0 % of  C
  Layer # 2 -  0 % of  H
  Layer # 2 -  0 % of  N
  Layer # 2 -  0 % of  P
  Layer # 2 -  0 % of  K
  Layer # 2 -  0 % of Cl
  Layer # 2 -  0 % of Na
様様様様様様様様様様様様様様様様様様様様様様様様様様
  Layer # 3 - Brain (ICRP)
  Layer # 3 - Bottom Depth=800000.E+02 A
  Layer # 3 - Density =0001.0300 g/cm3
  Layer # 3 -  0 % of  H
  Layer # 3 -  0 % of  C
  Layer # 3 -  0 % of  N
  Layer # 3 -  0 % of  O
  Layer # 3 -  0 % of  S
  Layer # 3 -  0 % of Cl
  Layer # 3 -  0 % of Na
  Layer # 3 -  0 % of  K
  Layer # 3 -  0 % of Ca
  Layer # 3 -  0 % of  P
  Layer # 3 -  0 % of  H
  Layer # 3 -  0 % of  C
  Layer # 3 -  0 % of  N
  Layer # 3 -  0 % of  O
  Layer # 3 -  0 % of  S
  Layer # 3 -  0 % of Mg
  Layer # 3 -  28 % of  O
  Layer # 3 -  6 % of  C
  Layer # 3 -  65 % of  H
  Layer # 3 -  1 % of  N
  Layer # 3 -  0 % of  P
  Layer # 3 -  0 % of  K
  Layer # 3 -  0 % of Cl
  Layer # 3 -  0 % of Na
  Layer # 3 -  0 % of  O
  Layer # 3 -  0 % of  C
  Layer # 3 -  0 % of  H
  Layer # 3 -  0 % of  N
  Layer # 3 -  0 % of  P
  Layer # 3 -  0 % of  K
  Layer # 3 -  0 % of Cl
  Layer # 3 -  0 % of Na
様様様様様様様様様様様様様様様様様様様様様様様様様様
  Layer # 4 - Brain Tumour (ICRP brain comp.)
  Layer # 4 - Bottom Depth=100000.E+03 A
  Layer # 4 - Density =0001.0500 g/cm3
  Layer # 4 -  0 % of  H
  Layer # 4 -  0 % of  C
  Layer # 4 -  0 % of  N
  Layer # 4 -  0 % of  O
  Layer # 4 -  0 % of  S
  Layer # 4 -  0 % of Cl
  Layer # 4 -  0 % of Na
  Layer # 4 -  0 % of  K
  Layer # 4 -  0 % of Ca
  Layer # 4 -  0 % of  P
  Layer # 4 -  0 % of  H
  Layer # 4 -  0 % of  C
  Layer # 4 -  0 % of  N
  Layer # 4 -  0 % of  O
  Layer # 4 -  0 % of  S
  Layer # 4 -  0 % of Mg
  Layer # 4 -  0 % of  O
  Layer # 4 -  0 % of  C
  Layer # 4 -  0 % of  H
  Layer # 4 -  0 % of  N
  Layer # 4 -  0 % of  P
  Layer # 4 -  0 % of  K
  Layer # 4 -  0 % of Cl
  Layer # 4 -  0 % of Na
  Layer # 4 -  28 % of  O
  Layer # 4 -  6 % of  C
  Layer # 4 -  65 % of  H
  Layer # 4 -  1 % of  N
  Layer # 4 -  0 % of  P
  Layer # 4 -  0 % of  K
  Layer # 4 -  0 % of Cl
  Layer # 4 -  0 % of Na
様様様様様様様様様様様様様様様様様様様様様様様様様様
                                            
Ion       Depth  X   Lateral Y   Lateral Z  
Number    (Angstrom) (Angstrom)  (Angstrom) 
-------  ----------- ----------- -----------
0000001   6.3265E+07  1.3657E+06  3.2435E+05
0000002   6.3920E+07 -6.5184E+05 -1.9287E+06
0000003   6.5642E+07 -9.0313E+04  4.2315E+05
0000004   6.4240E+07 -8.6802E+05 -3.7959E+05
0000005   6.3934E+07  2.1343E+06  1.8850E+04
0000006   6.4740E+07 -1.6015E+06  9.7566E+05
0000007   6.4948E+07  3.3994E+05 -4.4877E+04
0000008   6.4699E+07  1.0299E+06 -2.4334E+06
0000009   6.5013E+07  7.5972E+05 -2.6546E+06
0000010   6.3430E+07  3.5007E+05 -1.5323E+06
0000011   6.6174E+07  1.5884E+04 -3.2509E+06
0000012   6.5465E+07 -5.7383E+03  5.8208E+05
0000013   6.4354E+07 -6.4714E+05 -3.0748E+06
0000014   6.4576E+07 -6.3436E+05  4.1502E+06
0000015   6.4018E+07  4.0714E+05  5.4694E+05
0000016   6.2945E+07 -4.7898E+05 -6.7302E+05
0000017   6.1061E+07 -9.3806E+06  2.7945E+06
0000018   6.4486E+07 -2.3042E+06  9.3761E+05
0000019   6.4702E+07  1.2105E+06 -1.6200E+06
0000020   6.5668E+07  1.9225E+06 -6.3297E+05
0000021   6.6391E+07  1.2147E+05  1.9805E+06
0000022   6.4072E+07  1.8155E+06  1.8426E+06
0000023   6.4244E+07  1.3054E+06 -1.8463E+06
0000024   6.2650E+07  4.5159E+06  4.0292E+06
0000025   6.5690E+07 -1.4858E+06 -1.1348E+06
0000026   6.2529E+07  7.2942E+05 -1.7929E+06
0000027   6.3616E+07  2.8034E+06 -2.1187E+06
0000028   6.3708E+07 -1.0133E+06 -3.2327E+06
0000029   6.4494E+07  1.4261E+06  1.0179E+06
0000030   6.3339E+07  9.1885E+05 -2.4120E+05
0000031   6.3897E+07  3.4595E+05 -6.3619E+05
0000032   6.5788E+07 -2.5589E+06 -9.4298E+04
0000033   6.4720E+07 -8.9659E+05  4.7224E+05
0000034   6.5799E+07 -1.0816E+06 -1.4337E+06
0000035   6.4066E+07 -1.6433E+06 -1.3624E+06
0000036   6.2533E+07  8.1894E+05  3.1023E+04
0000037   6.2747E+07  1.0029E+06 -6.0491E+05
0000038   6.3766E+07 -8.1618E+05 -1.3578E+05
0000039   6.5262E+07  2.2158E+06 -1.3583E+06
0000040   6.2870E+07  1.9790E+05 -8.8451E+05
0000041   6.2991E+07  9.9172E+05  3.7696E+06
0000042   6.3622E+07 -4.5973E+05 -2.7810E+06
0000043   6.5166E+07  3.4200E+04  3.0191E+06
0000044   6.3321E+07  1.0105E+05 -1.1353E+05
0000045   6.4833E+07 -1.0993E+06  2.6281E+06
0000046   6.2656E+07  2.9536E+06  2.5847E+06
0000047   6.3113E+07 -1.6589E+05  3.0669E+06
0000048   6.4694E+07  1.4947E+05 -1.5892E+06
0000049   6.5489E+07  6.7813E+05  1.7182E+06
0000050   6.5974E+07  1.1732E+06 -1.3374E+06
0000051   6.3779E+07  2.9286E+06 -1.5139E+06
0000052   6.5800E+07  5.0188E+05  1.1078E+06
0000053   6.4523E+07 -2.4319E+06  7.4842E+05
0000054   6.3564E+07 -2.4621E+06  2.6890E+06
0000055   6.3737E+07  6.4911E+05  4.2554E+05
0000056   6.5981E+07 -1.8450E+06 -2.6046E+05
0000057   6.4741E+07 -1.9842E+05 -7.6271E+05
0000058   6.5264E+07  3.5943E+05  1.7564E+05
0000059   6.4199E+07 -1.9966E+06  1.5324E+06
0000060   6.5771E+07  2.6154E+06  9.2857E+05
0000061   6.4345E+07  3.6303E+06 -1.8128E+06
0000062   6.4351E+07  1.0433E+06 -2.8111E+05
0000063   6.5468E+07 -6.8501E+05 -7.5684E+05
0000064   6.5908E+07 -5.0650E+06 -7.8609E+05
0000065   6.3265E+07 -9.8345E+05  1.3054E+05
0000066   6.2386E+07 -2.3516E+05 -2.1282E+06
0000067   6.5308E+07  3.9444E+05 -4.5375E+04
0000068   6.2882E+07 -1.0004E+05  3.5088E+06
0000069   6.3958E+07  2.3147E+06  8.3578E+04
0000070   6.4182E+07 -1.2606E+05  7.5103E+05
0000071   6.4888E+07 -1.2255E+06  1.4214E+06
0000072   6.4499E+07 -4.6039E+05 -1.1794E+06
0000073   6.3637E+07  4.8218E+05  5.4925E+06
0000074   6.3593E+07  4.5112E+04 -5.4067E+05
0000075   6.3374E+07  5.3188E+05  8.2560E+05
0000076   6.5224E+07 -7.6917E+05  1.3434E+06
0000077   6.4792E+07 -4.6842E+06  3.0485E+06
0000078   6.6339E+07  2.7274E+06  1.1524E+06
0000079   6.5232E+07 -2.8120E+06 -1.5183E+06
0000080   6.4053E+07 -1.2088E+06  3.5334E+06
0000081   6.3459E+07 -1.1080E+06  3.9122E+05
0000082   6.6717E+07  1.2006E+06 -1.2703E+06
0000083   6.3689E+07 -1.3332E+05 -1.2316E+06
0000084   6.5340E+07  4.6178E+05 -1.2647E+06
0000085   6.4189E+07 -2.0498E+06 -4.9231E+05
0000086   6.4493E+07 -6.9978E+03  1.3692E+05
0000087   6.5067E+07 -2.0466E+05  7.8848E+05
0000088   6.4530E+07 -1.2794E+05 -6.7035E+05
0000089   6.2619E+07  3.9007E+05 -5.3843E+04
0000090   6.4200E+07  2.9662E+06 -2.0615E+06
0000091   6.5713E+07  2.5275E+06  5.1681E+05
0000092   6.6546E+07  8.2412E+04 -4.1961E+05
0000093   6.4883E+07  1.3549E+06 -2.4346E+06
0000094   6.4089E+07  9.7715E+05 -4.1419E+05
0000095   6.4760E+07  5.1070E+05 -5.9399E+05
0000096   6.3699E+07  1.7934E+05 -1.0080E+05
0000097   6.4345E+07  1.0514E+06 -5.1954E+05
0000098   6.3157E+07 -8.6526E+05 -2.0568E+06
0000099   6.4887E+07  8.9692E+05  1.3185E+06
0000100   6.3868E+07  6.1796E+05 -3.8071E+04
0000101   6.4680E+07 -5.3970E+05  1.9851E+06
0000102   6.3800E+07  3.3688E+06  5.0612E+05
0000103   6.3719E+07 -2.0700E+06 -4.2661E+05
0000104   6.3821E+07  1.1896E+06  1.2952E+06
0000105   6.4972E+07  1.2738E+06 -3.7555E+05
0000106   6.3759E+07  4.0016E+05  3.8471E+05
0000107   6.4830E+07  2.2475E+06 -3.1665E+05
0000108   6.3470E+07  7.5803E+05  7.1995E+05
0000109   6.4790E+07  1.0649E+06  4.0707E+06
0000110   6.6537E+07  1.3179E+06 -7.3397E+05
0000111   6.6207E+07 -3.3707E+06 -1.2779E+06
0000112   6.2811E+07 -5.4430E+05 -4.1637E+05
0000113   6.4249E+07 -1.2398E+06  2.4952E+05
0000114   6.5048E+07  9.3281E+05  3.3861E+05
0000115   6.3118E+07  3.2982E+06  1.2268E+06
0000116   6.4592E+07  2.3424E+05 -4.5444E+05
0000117   6.5571E+07  8.9542E+05  9.0013E+05
0000118   6.3433E+07  1.6899E+05  2.6054E+05
0000119   6.5033E+07 -3.6950E+05 -6.2384E+05
0000120   6.5483E+07  2.4106E+06  1.7254E+06
0000121   6.4091E+07 -7.9699E+05  2.2152E+05
0000122   6.4226E+07  7.2907E+05 -1.8883E+05
0000123   6.5315E+07 -5.1322E+04 -1.5063E+06
0000124   6.2860E+07 -1.0233E+06 -2.1239E+06
0000125   6.3810E+07 -3.2902E+03  1.9042E+06
0000126   6.3357E+07 -3.8714E+06 -1.6401E+06
0000127   6.2882E+07 -4.5572E+04  7.2366E+05
0000128   6.4134E+07  4.1338E+05 -4.8467E+05
0000129   6.2903E+07 -6.1175E+06  1.1860E+05
0000130   6.3195E+07 -1.8819E+06 -3.4204E+04
0000131   6.4267E+07 -2.7449E+06 -1.1649E+06
0000132   6.2728E+07 -5.2239E+05 -1.2769E+05
0000133   6.6093E+07 -5.4541E+05  3.7152E+06
0000134   6.3413E+07 -6.0849E+05 -9.4714E+05
0000135   6.4838E+07 -4.0400E+06  2.2335E+05
0000136   6.3910E+07  3.8546E+05 -1.5713E+06
0000137   6.6589E+07  1.1660E+05 -7.5794E+05
0000138   6.8255E+07  1.1368E+06 -1.0491E+06
0000139   6.4823E+07  2.3636E+06 -1.1423E+06
0000140   6.6180E+07 -5.3170E+04  2.3053E+06
0000141   6.4777E+07  8.7787E+05 -2.3602E+06
0000142   6.4181E+07  1.2582E+05  3.0856E+06
0000143   6.5153E+07 -8.4811E+05  1.0103E+06
0000144   6.6237E+07  1.6064E+05 -4.5216E+04
0000145   6.5526E+07 -2.2260E+06 -7.0573E+05
0000146   6.4179E+07 -1.0286E+06  3.2510E+05
0000147   6.5520E+07 -6.4252E+05 -1.0008E+05
0000148   6.3679E+07  7.1182E+04 -3.3266E+05
0000149   6.4157E+07 -5.8600E+05  3.2522E+06
0000150   6.4389E+07 -1.5954E+04  2.9872E+06
0000151   6.2735E+07  2.7145E+06 -5.0004E+05
0000152   6.5899E+07 -3.9683E+05 -2.4119E+06
0000153   6.5521E+07  2.6425E+05 -1.3473E+05
0000154   6.2949E+07  1.2035E+06  2.4439E+05
0000155   6.4796E+07 -2.1984E+06  3.7118E+05
0000156   6.5519E+07  1.2478E+05  1.6619E+06
0000157   6.4748E+07 -7.6901E+05  1.7630E+05
0000158   6.4006E+07 -5.3899E+05 -5.9668E+05
0000159   6.3736E+07  1.6763E+06  3.0055E+05
0000160   6.5506E+07  2.0730E+05  4.6559E+05
0000161   6.5385E+07 -1.9198E+06  9.5913E+05
0000162   6.2928E+07  9.6407E+05 -1.3923E+06
0000163   6.4951E+07  2.5233E+06 -1.5991E+05
0000164   6.5516E+07 -2.5876E+06 -2.5253E+05
0000165   6.3011E+07 -1.3630E+06  9.6341E+02
0000166   6.3905E+07 -1.9760E+06  7.1254E+05
0000167   6.4359E+07 -3.7930E+06  2.7418E+06
0000168   6.4523E+07  6.7566E+05 -8.5030E+04
0000169   6.4114E+07 -6.7247E+04  7.3036E+05
0000170   6.4203E+07 -4.4687E+05  2.1035E+06
0000171   6.5796E+07 -3.6015E+05 -7.6228E+05
0000172   6.3128E+07  2.5091E+05 -8.2994E+05
0000173   6.3914E+07 -2.1170E+05  4.4913E+05
0000174   6.4340E+07  2.2910E+06  8.0682E+04
0000175   6.5031E+07 -2.0416E+06  2.1412E+06
0000176   6.3182E+07 -1.7195E+06  3.8529E+05
0000177   6.5152E+07 -1.1097E+05 -2.6481E+05
0000178   6.3381E+07  2.5915E+05  2.6925E+05
0000179   6.3878E+07  8.3482E+05  1.0117E+06
0000180   6.4788E+07  8.4684E+05 -1.3554E+06
0000181   6.4830E+07  1.2479E+06 -2.1119E+06
0000182   6.5413E+07 -8.7745E+04  1.5736E+05
0000183   6.4165E+07  2.7044E+06  1.3325E+05
0000184   6.2269E+07 -1.2216E+06  1.8515E+05
0000185   6.5926E+07  9.0057E+05  3.1515E+04
0000186   6.3832E+07  4.2075E+05  3.8175E+04
0000187   6.4783E+07  6.2065E+05  8.3591E+05
0000188   6.2562E+07 -2.4609E+06 -1.9215E+05
0000189   6.3934E+07 -1.1978E+05 -5.3299E+05
0000190   6.5543E+07 -2.6721E+06  9.6107E+05
0000191   6.2521E+07 -2.9075E+06 -1.6891E+06
0000192   6.5303E+07  1.7171E+05  1.5107E+06
0000193   6.3261E+07  1.3500E+05  1.6715E+06
0000194   6.3369E+07  1.7598E+05 -7.5493E+05
0000195   6.3547E+07 -1.1643E+06  1.4439E+05
0000196   6.2380E+07 -1.0052E+06 -2.1727E+06
0000197   6.4193E+07 -8.3484E+05 -1.6727E+06
0000198   6.5235E+07 -3.8284E+05 -5.0031E+05
0000199   6.6910E+07 -1.6286E+05  5.5571E+05
0000200   6.6075E+07  5.7836E+05  2.4656E+05
0000201   6.2957E+07 -6.3081E+05 -2.2938E+05
0000202   6.3820E+07 -2.1292E+06 -8.8549E+05
0000203   6.5691E+07  1.1915E+05 -7.5072E+05
0000204   6.3386E+07 -1.0062E+06  2.1128E+06
0000205   6.4788E+07 -1.7816E+06  5.2554E+05
0000206   6.4703E+07 -1.4485E+06 -7.7329E+04
0000207   6.4031E+07  7.1141E+05 -7.5498E+05
0000208   6.4415E+07 -1.5031E+06  1.1464E+06
0000209   6.3037E+07  5.1566E+06 -3.1999E+03
0000210   6.6537E+07  2.1234E+06 -3.9711E+06
0000211   6.2227E+07 -4.2645E+06  6.0478E+06
0000212   6.4793E+07  1.2308E+06  2.8280E+06
0000213   6.2718E+07 -2.9091E+05 -8.6845E+05
0000214   6.5842E+07  3.0354E+06  1.0318E+06
0000215   6.2884E+07  9.9560E+05 -1.3638E+06
0000216   6.5949E+07  3.1611E+06 -4.8195E+06
0000217   6.3295E+07 -5.2054E+05  1.3067E+06
0000218   6.5471E+07  4.2462E+05  1.0088E+06
0000219   6.2869E+07 -1.6226E+06  1.6082E+05
0000220   6.4126E+07  1.5908E+06  1.4066E+06
0000221   6.3357E+07 -1.4800E+06 -6.9567E+05
0000222   6.4758E+07 -2.7117E+05  7.8826E+05
0000223   6.6667E+07  1.0174E+05  2.5489E+05
0000224   6.4643E+07 -4.6882E+05 -1.1089E+06
0000225   6.3971E+07  3.2159E+06  1.3730E+06
0000226   6.5394E+07 -9.9309E+05  2.4188E+05
0000227   6.3327E+07  2.3491E+05 -1.9859E+06
0000228   6.4853E+07 -2.9105E+05  6.9349E+05
0000229   6.5381E+07  5.3094E+05 -9.4733E+04
0000230   6.4017E+07  8.8527E+05 -7.6183E+05
0000231   6.4113E+07  1.6718E+06 -1.9677E+06
0000232   6.4876E+07  5.5199E+05  1.7957E+05
0000233   6.5003E+07 -2.1568E+06  1.6326E+05
0000234   6.2247E+07 -1.5753E+06 -2.0685E+06
0000235   6.5004E+07 -8.2463E+05 -7.5785E+05
0000236   6.4293E+07 -2.2562E+06  3.3519E+06
0000237   6.3130E+07 -2.0139E+05 -1.1598E+06
0000238   6.3472E+07 -2.1271E+06  4.6334E+05
0000239   6.3784E+07 -1.4316E+06 -1.2502E+05
0000240   6.5629E+07 -8.0225E+05  1.0842E+06
0000241   6.3061E+07  2.1081E+06 -8.3632E+05
0000242   6.4035E+07  1.4702E+06 -8.9481E+05
0000243   6.4933E+07  3.1877E+06 -7.9861E+05
0000244   6.3992E+07  2.2000E+05  1.4815E+06
0000245   6.5337E+07 -7.5793E+05  7.3113E+05
0000246   6.3978E+07  1.5407E+06  1.2596E+06
0000247   6.5648E+07  9.7334E+05  1.1930E+05
0000248   6.6554E+07 -4.7726E+05  6.8498E+05
0000249   6.4306E+07  4.6211E+05  1.2199E+06
0000250   6.3253E+07  2.6252E+06  4.8236E+05
0000251   6.4375E+07 -4.6399E+05 -1.4338E+06
0000252   6.3179E+07  1.0133E+06 -3.1431E+06
0000253   6.2901E+07  3.4589E+05 -1.9182E+06
0000254   6.6162E+07 -9.7403E+05  3.0292E+04
0000255   6.4708E+07  1.0238E+06 -1.6845E+06
0000256   6.4075E+07 -2.5965E+05 -1.3266E+06
0000257   6.5048E+07 -1.3919E+06  7.2946E+04
0000258   6.4512E+07  1.0899E+06 -3.8005E+05
0000259   6.5481E+07  1.2451E+05  1.4775E+06
0000260   6.4390E+07 -1.4000E+06 -2.3629E+06
0000261   6.5855E+07 -8.0296E+05 -5.1691E+05
0000262   6.6211E+07 -1.1422E+06  5.6643E+05
0000263   6.3201E+07  2.8279E+06 -2.7201E+06
0000264   6.3162E+07 -8.2597E+05 -4.9615E+05
0000265   6.4348E+07  7.5312E+04  1.1307E+06
0000266   6.4108E+07 -2.0628E+05 -2.1691E+06
0000267   6.4369E+07  5.9446E+05  4.5718E+05
0000268   6.3692E+07  1.0227E+06 -5.4956E+05
0000269   6.5839E+07 -2.0195E+05  1.0465E+06
0000270   6.4463E+07 -3.3105E+05  8.2290E+05
0000271   6.4573E+07 -6.4549E+05  1.5926E+06
0000272   6.4167E+07  2.7910E+06 -1.7967E+06
0000273   6.5963E+07 -9.0724E+05 -2.1040E+06
0000274   6.4227E+07 -5.6030E+05 -1.0465E+04
0000275   6.5369E+07  2.4795E+04  1.7521E+06
0000276   6.5349E+07  3.7527E+05 -2.1289E+06
0000277   6.5473E+07 -2.9719E+06 -1.5328E+06
0000278   6.4260E+07 -5.6326E+04  1.2351E+06
0000279   6.5450E+07 -4.9058E+05  1.0922E+06
0000280   6.5435E+07 -1.5534E+06 -7.5193E+05
0000281   6.5394E+07 -1.1883E+05 -7.8002E+05
0000282   6.5441E+07  2.8928E+06 -2.9829E+05
0000283   6.4313E+07 -5.0167E+05 -5.9702E+05
0000284   6.4565E+07  8.5300E+05 -3.9724E+05
0000285   6.4392E+07  1.0744E+06 -1.6269E+06
0000286   6.1663E+07  3.8028E+05 -1.0733E+06
0000287   6.4258E+07 -1.6827E+06  6.8800E+05
0000288   6.4008E+07 -1.6942E+06 -3.9296E+04
0000289   6.5216E+07 -1.4437E+06 -1.0066E+06
0000290   6.4435E+07  1.2286E+06  4.5695E+05
0000291   6.4280E+07 -7.4044E+05 -4.0441E+05
0000292   6.4389E+07  1.9987E+06 -1.3558E+06
0000293   6.5005E+07  3.5662E+05  2.0177E+06
0000294   6.3725E+07 -7.7768E+05 -2.8216E+05
0000295   6.3846E+07 -1.6719E+06  2.4393E+06
0000296   6.5052E+07  1.4103E+06 -1.7513E+06
0000297   6.4958E+07 -6.7090E+05 -1.2088E+06
0000298   6.4823E+07 -7.0969E+05 -2.1780E+05
0000299   6.1675E+07 -4.4237E+05  7.7593E+04
0000300   6.4012E+07  1.0700E+06 -1.7563E+06
0000301   6.5005E+07 -2.6055E+06  2.3219E+05
0000302   6.5206E+07 -8.3900E+04  9.6503E+05
0000303   6.4211E+07  2.2825E+06  3.1010E+06
0000304   6.4581E+07  3.4726E+05 -9.2499E+05
0000305   6.3871E+07  1.3928E+05 -1.1138E+05
0000306   6.3399E+07  2.3094E+05 -8.3782E+04
0000307   6.3909E+07 -1.2945E+06  2.6284E+05
0000308   6.6505E+07  8.3272E+05  1.1949E+06
0000309   6.5001E+07 -6.2797E+05 -4.1613E+05
0000310   6.4984E+07 -5.1315E+05 -2.6153E+06
0000311   6.5255E+07 -2.9448E+05 -6.4068E+05
0000312   6.3836E+07  1.0648E+06  5.9935E+04
0000313   6.5469E+07  1.3817E+06  1.7778E+06
0000314   6.2940E+07  1.1863E+05  3.4516E+05
0000315   6.4467E+07  9.9439E+05  1.3091E+06
0000316   6.3836E+07  8.2767E+05 -2.8498E+06
0000317   6.3915E+07 -2.8173E+06 -1.6330E+06
0000318   6.4917E+07  6.0346E+05  1.5872E+06
0000319   6.3717E+07  1.1493E+06 -1.4963E+06
0000320   6.4169E+07  2.2328E+06 -3.2183E+05
0000321   6.3571E+07  1.9630E+06 -9.1577E+05
0000322   6.4421E+07  4.0165E+05  6.8717E+05
0000323   6.6092E+07  5.9722E+05  2.0812E+06
0000324   6.3311E+07  7.5755E+05 -1.7345E+06
0000325   6.3969E+07  1.0997E+06 -1.0880E+06
0000326   6.6198E+07  6.1211E+05 -6.5364E+05
0000327   6.3383E+07  6.7906E+05 -2.0785E+06
0000328   6.4749E+07  3.0785E+06 -5.0741E+05
0000329   6.6669E+07  3.6618E+05  8.3845E+05
0000330   6.4577E+07  2.9115E+06 -8.9847E+05
0000331   6.2659E+07  7.5949E+06  2.9984E+06
0000332   6.3654E+07 -2.4408E+06  2.2441E+05
0000333   6.5119E+07 -4.3895E+05 -6.1173E+05
0000334   6.4045E+07  7.1573E+05  2.7167E+06
0000335   6.3850E+07 -5.8192E+04 -4.3101E+05
0000336   6.4411E+07  1.3495E+06 -3.9898E+05
0000337   6.5388E+07  1.0527E+06  6.2442E+05
0000338   6.5237E+07 -9.3536E+04  7.5757E+04
0000339   6.4298E+07 -9.1571E+05 -4.8244E+04
0000340   6.6424E+07  5.0124E+04 -2.3791E+05
0000341   6.5057E+07 -6.7514E+05 -4.3391E+05
0000342   6.3265E+07 -2.4813E+06 -5.0368E+06
0000343   6.3473E+07  9.9779E+05 -4.5892E+05
0000344   6.6384E+07  5.9286E+05  3.2502E+06
0000345   6.6240E+07 -1.2942E+06 -5.5755E+05
0000346   6.5318E+07 -2.1440E+06 -3.8531E+05
0000347   6.3431E+07 -1.3361E+06  1.5067E+06
0000348   6.3076E+07  6.5296E+05  9.8860E+05
0000349   6.4577E+07 -3.2942E+02  5.5463E+05
0000350   6.2844E+07 -1.2060E+06 -3.2318E+06
0000351   6.5549E+07  8.5550E+05 -2.1193E+05
0000352   6.3546E+07  1.0636E+06 -1.3798E+06
0000353   6.4875E+07 -3.4921E+05  1.9728E+06
0000354   6.5452E+07 -2.4583E+06 -3.2584E+06
0000355   6.4071E+07  3.2772E+06 -2.7061E+06
0000356   6.5561E+07  1.4369E+06 -3.9555E+06
0000357   6.3805E+07  1.6101E+06  5.1737E+05
0000358   6.8958E+07 -8.3817E+05 -1.8082E+05
0000359   6.3700E+07 -2.0538E+05  9.5599E+04
0000360   6.3256E+07  9.4264E+06  1.6077E+06
0000361   6.3110E+07  6.9535E+05 -4.0138E+06
0000362   6.4886E+07  3.0898E+05 -2.2315E+05
0000363   6.5606E+07  2.5753E+06  2.4189E+06
0000364   6.4476E+07  8.5406E+05 -2.0518E+06
0000365   6.2872E+07  7.9683E+05  1.7927E+06
0000366   6.4277E+07 -4.0581E+04 -1.2097E+06
0000367   6.4003E+07 -6.4089E+05  6.1793E+05
0000368   6.3976E+07 -6.7654E+05 -1.4673E+06
0000369   6.2454E+07 -1.4828E+06 -1.1007E+06
0000370   6.5639E+07  1.1880E+06  5.6391E+05
0000371   6.4226E+07 -1.0641E+06  1.0961E+05
0000372   6.2962E+07 -1.3200E+06 -8.2760E+05
0000373   6.2903E+07 -2.3334E+06 -1.5460E+06
0000374   6.5526E+07  1.6714E+06  6.4858E+05
0000375   6.3761E+07 -7.4415E+05 -1.4338E+06
0000376   6.3912E+07  9.3299E+05  1.2195E+06
0000377   6.4681E+07 -1.3862E+06 -4.6761E+05
0000378   6.2457E+07  1.9772E+05 -3.0197E+06
0000379   6.6577E+07 -2.5637E+06 -1.2707E+06
0000380   6.4516E+07  1.8688E+06  1.4674E+06
0000381   6.4698E+07 -2.4309E+06  3.3680E+05
0000382   6.2356E+07 -6.4645E+06 -5.7303E+06
0000383   6.5186E+07  7.2360E+05  1.7759E+06
0000384   6.4521E+07  1.6765E+06  1.2554E+05
0000385   6.5910E+07 -4.7508E+05 -1.8343E+06
0000386   6.4016E+07  2.9076E+05  3.0143E+05
0000387   6.2474E+07 -1.2752E+06  6.4926E+05
0000388   6.3601E+07  1.2760E+06 -1.5189E+06
0000389   6.4256E+07  7.2581E+05  2.3498E+05
0000390   6.3736E+07 -3.1229E+06  1.5175E+06
0000391   6.3731E+07  9.5249E+04  3.7242E+05
0000392   6.4963E+07  4.2020E+05 -4.1624E+05
0000393   6.6330E+07  1.2202E+06  1.2918E+06
0000394   6.3657E+07  1.1261E+06  1.0140E+06
0000395   6.4659E+07  3.9727E+05 -3.4114E+05
0000396   6.3223E+07 -4.6395E+05 -8.6538E+04
0000397   6.4627E+07 -3.0786E+05  1.1457E+05
0000398   6.5067E+07 -5.2358E+05 -1.6700E+06
0000399   6.3656E+07 -2.9361E+04  1.7999E+05
0000400   6.3903E+07 -4.4476E+06  1.1096E+05
0000401   6.6271E+07  6.1334E+05  2.2239E+05
0000402   6.4891E+07  1.3962E+06 -3.5650E+05
0000403   6.5109E+07  1.0351E+06 -9.4459E+03
0000404   6.5776E+07 -4.1027E+05  1.5122E+06
0000405   5.9960E+07  7.9362E+06  2.3348E+05
0000406   6.6036E+07 -2.2534E+05 -1.9402E+06
0000407   6.5433E+07 -3.0262E+05 -2.8138E+06
0000408   6.5780E+07  7.6557E+05  1.4349E+05
0000409   6.2935E+07  5.9312E+05 -6.2684E+05
0000410   6.4748E+07 -1.9934E+04  2.3381E+06
0000411   6.4401E+07  6.3026E+05 -1.0110E+05
0000412   6.4712E+07  1.0571E+06  6.7704E+06
0000413   6.3876E+07 -1.9773E+05  2.0136E+06
0000414   6.4321E+07 -1.2004E+05  2.2330E+06
0000415   6.3500E+07  2.4856E+06 -1.6795E+06
0000416   6.4633E+07 -1.3689E+06  3.4285E+05
0000417   6.4767E+07 -7.7651E+05  1.7773E+05
0000418   6.5587E+07  2.3912E+06  1.5448E+05
0000419   6.3853E+07 -3.2833E+06 -1.5309E+06
0000420   6.2913E+07  2.6404E+05 -1.7795E+06
0000421   6.2973E+07  1.5470E+06  3.6654E+06
0000422   6.5086E+07 -7.3237E+05  2.0155E+06
0000423   6.3444E+07 -3.2591E+05  7.1770E+05
0000424   6.6011E+07 -2.0963E+06 -5.8002E+05
0000425   6.5168E+07 -1.3382E+06  4.1270E+05
0000426   6.3344E+07  5.5268E+05  8.0939E+05
0000427   6.5381E+07 -4.9284E+05 -3.0790E+05
0000428   6.3436E+07  2.6118E+06 -9.3101E+05
0000429   6.5067E+07 -1.2909E+06  6.3721E+05
0000430   6.3956E+07  2.7553E+05  1.3526E+06
0000431   6.4804E+07 -1.2388E+06  1.1606E+05
0000432   6.4313E+07  2.3212E+05 -2.2947E+06
0000433   6.5266E+07 -1.9360E+06 -6.9365E+05
0000434   6.4675E+07  4.0407E+05  2.7531E+05
0000435   6.2670E+07 -3.6851E+05  1.1482E+06
0000436   5.3736E+07  2.1927E+07  1.2704E+06
0000437   6.1051E+07 -1.2546E+07  8.5243E+06
0000438   6.4101E+07  1.7988E+06 -4.2486E+04
0000439   6.2957E+07 -8.0397E+05 -3.7006E+05
0000440   6.2993E+07 -1.1748E+06  6.0604E+05
0000441   6.6076E+07 -1.4056E+06  3.7339E+05
0000442   6.4232E+07 -1.7764E+06  1.1822E+06
0000443   6.3261E+07 -1.5632E+06 -9.4462E+05
0000444   6.4901E+07  2.5369E+06 -1.1364E+06
0000445   6.3321E+07 -4.6406E+05  1.4832E+06
0000446   6.4605E+07 -6.8938E+05 -9.5128E+05
0000447   6.2670E+07 -1.3643E+06  1.3992E+05
0000448   6.5646E+07  7.3971E+05  1.0905E+06
0000449   6.4271E+07  2.2303E+06  6.6125E+05
0000450   6.4323E+07  4.7178E+05  1.3040E+05
0000451   6.4486E+07  1.0365E+06 -2.0736E+06
0000452   6.4159E+07  2.2246E+04  5.6177E+05
0000453   6.5822E+07 -7.2642E+05  2.0628E+06
0000454   6.2800E+07  1.5484E+06  1.1901E+06
0000455   6.3265E+07  3.1662E+06 -3.2313E+06
0000456   6.6845E+07 -5.0803E+05 -9.3563E+05
0000457   6.3715E+07  2.0362E+05 -8.9927E+05
0000458   6.3137E+07  3.1156E+05  2.0138E+06
0000459   6.6523E+07  3.4388E+06 -4.1243E+05
0000460   6.8018E+07 -1.0946E+06  4.7257E+05
0000461   6.2783E+07  2.1624E+06 -4.3239E+05
0000462   6.6011E+07 -2.1671E+06 -9.3432E+05
0000463   6.3616E+07  7.0695E+05 -4.5013E+05
0000464   6.5852E+07  2.2343E+06 -6.2115E+04
0000465   6.3243E+07 -1.0322E+06 -7.7623E+05
0000466   6.3754E+07 -2.6927E+05  1.0653E+06
0000467   6.3938E+07  3.0073E+06 -1.1298E+03
0000468   6.5755E+07 -7.7585E+05 -5.5009E+06
0000469   6.4699E+07 -1.1635E+06 -1.2673E+06
0000470   6.5143E+07 -6.6381E+05 -8.7052E+05
0000471   6.2853E+07 -5.1495E+05  4.8814E+05
0000472   6.4712E+07  1.2280E+05  1.0206E+06
0000473   6.6594E+07 -1.2540E+06  1.6291E+05
0000474   6.4828E+07 -5.6684E+05 -1.4307E+06
0000475   6.3278E+07  1.2561E+06  2.8462E+06
0000476   6.2238E+07 -2.0405E+05  1.4372E+06
0000477   6.4465E+07 -1.6035E+06 -4.2115E+04
0000478   6.6281E+07 -1.6086E+06 -1.3290E+06
0000479   6.6095E+07 -1.8768E+06  3.1217E+05
0000480   6.4923E+07 -4.7781E+05  9.4574E+05
0000481   6.4154E+07  5.2930E+04 -9.2242E+05
0000482   6.4206E+07  3.4458E+05 -1.5346E+06
0000483   6.5081E+07 -1.7982E+06  1.0973E+06
0000484   6.3546E+07  1.4065E+06 -2.2798E+06
0000485   6.6004E+07  6.0346E+05 -1.6655E+06
0000486   6.4989E+07 -1.7157E+05 -1.4419E+06
0000487   6.4659E+07 -4.7717E+05  1.9516E+05
0000488   6.5565E+07  1.0700E+06  7.1335E+05
0000489   6.3317E+07  1.0363E+06 -6.9472E+05
0000490   6.3984E+07 -1.5309E+06  6.2413E+05
0000491   6.5641E+07  1.3485E+06  8.0775E+03
0000492   6.2335E+07 -1.0456E+06  1.6606E+06
0000493   6.5535E+07 -9.7253E+04 -7.0912E+05
0000494   6.4539E+07 -4.1738E+06  2.0803E+06
0000495   6.5333E+07 -6.1113E+05 -2.4103E+06
0000496   6.4753E+07 -1.5833E+06  1.1911E+06
0000497   6.6717E+07 -1.2379E+06 -7.7262E+05
0000498   6.4568E+07 -4.3278E+05 -1.0069E+06
0000499   6.6194E+07  1.6822E+06  2.3626E+05
0000500   6.5056E+07  1.2562E+06  1.4882E+06
0000501   6.5177E+07  3.6799E+05  1.6972E+06
0000502   6.6039E+07 -5.9466E+05  1.2921E+06
0000503   6.4957E+07  7.9184E+05 -4.1667E+05
0000504   6.4359E+07  1.8369E+06 -2.7048E+05
0000505   6.2536E+07 -5.1833E+05 -1.1037E+06
0000506   6.5926E+07  4.0734E+04  7.4144E+05
0000507   6.5332E+07 -1.4840E+06  1.7654E+06
0000508   6.5421E+07 -1.6066E+06 -1.3174E+06
0000509   6.2974E+07  2.2377E+05 -3.0594E+06
0000510   6.1762E+07 -1.8211E+05  1.2556E+06
0000511   6.5737E+07  1.2838E+06  1.2257E+06
0000512   6.4320E+07 -1.4081E+05  9.5513E+05
0000513   6.2356E+07  2.8995E+06 -5.1204E+05
0000514   6.4976E+07 -1.6200E+06 -1.9360E+06
0000515   6.2297E+07 -1.5077E+06 -1.8047E+06
0000516   6.4311E+07  1.2142E+06  8.5896E+05
0000517   6.6571E+07  6.1066E+04  2.1979E+05
0000518   6.4317E+07  2.0769E+06 -2.0675E+05
0000519   6.3643E+07 -2.8770E+06 -3.1180E+06
0000520   6.5731E+07  1.5561E+05  7.7597E+05
0000521   6.5961E+07 -3.1853E+06  1.6077E+06
0000522   6.4947E+07  2.5449E+05  1.5593E+06
0000523   6.5836E+07 -1.0686E+06 -3.0173E+06
0000524   6.4003E+07 -1.5239E+06  3.0551E+06
0000525   6.3827E+07  3.3450E+05  2.7475E+06
0000526   6.4366E+07 -1.2871E+06  6.2098E+05
0000527   6.3972E+07 -6.9585E+05 -8.7848E+05
0000528   6.1733E+07  1.4970E+06 -2.9653E+06
0000529   6.3806E+07  1.3953E+06  3.3244E+06
0000530   6.3877E+07  1.3208E+06  1.2279E+06
0000531   6.4065E+07  2.3716E+05  1.2193E+06
0000532   6.2922E+07 -6.9255E+05  2.5792E+05
0000533   6.5143E+07  9.7674E+05 -7.0732E+05
0000534   6.4861E+07  8.7138E+05  1.8770E+05
0000535   6.4979E+07  1.3954E+06 -1.9021E+06
0000536   6.4171E+07 -2.5911E+05  8.2334E+05
0000537   6.4983E+07  4.8055E+05  3.9180E+06
0000538   6.6419E+07 -2.5541E+05  1.2680E+05
0000539   6.4114E+07  2.5576E+06 -3.3939E+06
0000540   6.4339E+07  3.3093E+06  4.1018E+06
0000541   6.2664E+07  9.1222E+05 -1.1753E+03
0000542   6.4099E+07  4.5505E+06  1.7062E+06
0000543   6.2668E+07 -5.3892E+05  2.4920E+06
0000544   6.6547E+07  5.2575E+05  2.6750E+06
0000545   6.7299E+07  2.7532E+05 -6.7400E+04
0000546   6.4639E+07  4.8836E+04  1.1568E+06
0000547   6.2182E+07  3.1189E+05  1.4198E+06
0000548   6.4266E+07 -1.5322E+06 -1.5717E+05
0000549   6.3859E+07 -2.0123E+06  3.0266E+06
0000550   6.4672E+07  2.5970E+05  8.9780E+05
0000551   6.3874E+07  3.7043E+05 -2.3933E+05
0000552   6.6388E+07  1.4754E+06  1.5595E+06
0000553   6.2272E+07 -2.0540E+06 -2.1990E+05
0000554   6.5389E+07 -2.5539E+06 -2.6202E+05
0000555   6.5656E+07  6.3876E+05 -2.4437E+05
0000556   6.5516E+07  5.4682E+05 -1.4591E+06
0000557   6.4737E+07  5.8787E+04  2.7653E+06
0000558   6.3989E+07 -2.2897E+04 -7.8895E+05
0000559   6.4023E+07 -7.7953E+04  2.9793E+06
0000560   6.2919E+07  5.3587E+04  1.2667E+06
0000561   6.4045E+07  1.7655E+05 -1.1675E+06
0000562   6.3440E+07  2.6938E+06 -1.8608E+06
0000563   6.2807E+07  3.9183E+05  1.0026E+04
0000564   6.5308E+07  3.1475E+06 -1.1846E+06
0000565   6.4806E+07  9.4350E+05 -4.4918E+05
0000566   6.6494E+07 -2.4176E+06 -3.5283E+05
0000567   6.4135E+07  8.6575E+04 -1.6875E+06
0000568   6.3971E+07 -7.7411E+05  7.9543E+05
0000569   6.2170E+07 -8.2795E+06  8.7182E+05
0000570   6.4575E+07  4.9808E+05  1.8088E+05
0000571   6.4526E+07 -2.9199E+06 -8.0019E+05
0000572   6.3250E+07  1.2641E+06 -1.5551E+06
0000573   6.7156E+07 -1.1381E+06 -1.8671E+06
0000574   6.4609E+07 -4.1286E+05 -2.2938E+06
0000575   6.4569E+07 -1.9212E+06 -7.8850E+05
0000576   6.4922E+07  1.7687E+06  1.2805E+06
0000577   6.6790E+07  2.4923E+06 -9.3110E+05
0000578   6.4363E+07  2.3280E+05  1.0131E+06
0000579   6.3963E+07  1.5420E+06  1.3594E+06
0000580   6.5899E+07 -2.1990E+05 -2.5722E+06
0000581   6.6823E+07 -2.5283E+06  2.4806E+06
0000582   6.3538E+07  1.3365E+06 -1.0014E+06
0000583   6.4349E+07 -6.3473E+05  3.0659E+06
0000584   6.3415E+07  3.7461E+06 -8.2051E+05
0000585   6.2930E+07 -1.2204E+06  3.2570E+05
0000586   6.4029E+07  1.5830E+06  1.1286E+06
0000587   6.3705E+07  4.4704E+05 -7.5572E+05
0000588   6.5657E+07 -1.9656E+06 -7.3883E+05
0000589   6.5495E+07 -1.6604E+06 -6.4904E+04
0000590   6.5323E+07  1.5184E+05  1.2673E+06
0000591   6.3957E+07  3.4411E+05 -5.9200E+05
0000592   6.3702E+07  9.9527E+05 -2.4108E+05
0000593   6.6965E+07  1.4958E+06 -1.2570E+06
0000594   6.5528E+07  2.1200E+06  3.2809E+06
0000595   6.5419E+07  1.3192E+06 -1.9617E+05
0000596   6.4618E+07 -5.9281E+02  1.5149E+04
0000597   6.6567E+07  2.1534E+06 -1.8642E+05
0000598   6.3672E+07 -1.2043E+06 -7.2222E+05
0000599   6.5872E+07 -7.6828E+04 -6.7505E+04
0000600   6.3160E+07 -3.1844E+06 -5.7536E+05
0000601   6.4776E+07  5.2626E+05 -9.1217E+05
0000602   6.2352E+07 -3.5709E+05  3.4255E+05
0000603   6.5679E+07 -2.4124E+06  9.7593E+05
0000604   6.6602E+07 -6.9293E+04 -6.2698E+04
0000605   6.3578E+07  8.3531E+05 -6.1432E+05
0000606   6.2853E+07  1.2866E+06 -8.0068E+04
0000607   6.2814E+07 -2.0917E+06 -9.8148E+05
0000608   6.5918E+07  2.0967E+06  1.5557E+06
0000609   6.5176E+07 -1.3724E+05  4.5474E+05
0000610   6.2160E+07  4.0685E+05  2.0514E+06
0000611   6.3069E+07  1.0083E+06  3.1828E+06
0000612   6.5355E+07 -8.3468E+05 -1.3888E+05
0000613   6.4497E+07 -2.5966E+06  8.8703E+05
0000614   6.5304E+07  7.7107E+05 -1.5546E+06
0000615   6.4461E+07  1.2411E+05  3.7476E+05
0000616   6.3951E+07 -9.9639E+05  5.0212E+05
0000617   6.5346E+07  2.5088E+06 -2.4906E+06
0000618   6.4786E+07  8.4697E+05  9.1650E+05
0000619   6.1976E+07 -1.8087E+06  2.4737E+06
0000620   6.5028E+07  1.0588E+06 -9.2175E+05
0000621   6.5804E+07  1.6992E+06  2.0695E+06
0000622   6.5177E+07 -1.1299E+06  7.4083E+05
0000623   6.2246E+07  8.6134E+05 -5.4612E+05
0000624   6.3837E+07 -2.9670E+06 -1.3081E+06
0000625   6.7130E+07 -9.5354E+05  3.9383E+05
0000626   6.2349E+07 -1.0506E+06 -9.6954E+04
0000627   6.4807E+07  1.7629E+06  6.7401E+05
0000628   6.3464E+07  2.3445E+05 -8.8681E+04
0000629   6.5504E+07 -6.6474E+05  6.6288E+05
0000630   6.3683E+07  7.6416E+05 -2.8181E+06
0000631   6.5561E+07 -4.5856E+05  7.4019E+04
0000632   6.4187E+07  2.5999E+05 -1.4659E+06
0000633   6.4946E+07 -3.5888E+05 -7.1484E+05
0000634   6.5711E+07 -1.3461E+06  1.8338E+06
0000635   6.7672E+07  3.5261E+05 -9.2560E+05
0000636   6.5060E+07 -1.6881E+06  1.7140E+05
0000637   6.6747E+07  6.8990E+05  2.2188E+05
0000638   6.2981E+07 -6.7127E+04 -1.0417E+06
0000639   6.5002E+07  2.7476E+04 -6.2024E+05
0000640   6.5918E+07  1.4011E+05 -7.3765E+05
0000641   6.3219E+07  4.0558E+05 -8.7817E+05
0000642   6.4250E+07 -4.8884E+05 -5.3083E+05
0000643   6.5398E+07  1.6131E+06 -4.3456E+05
0000644   6.3976E+07 -1.0818E+06  4.0969E+03
0000645   6.3188E+07 -2.7083E+06  5.1122E+06
0000646   6.4870E+07  1.4073E+06 -2.5469E+06
0000647   6.3422E+07 -2.1708E+06 -8.8909E+05
0000648   6.4270E+07  1.9370E+05 -3.8695E+05
0000649   6.2722E+07  1.7236E+06 -3.6875E+06
0000650   6.1868E+07 -1.9666E+05 -1.9844E+06
0000651   6.3131E+07  2.4750E+06  1.8618E+05
0000652   6.4663E+07  6.9512E+05 -2.5680E+05
0000653   6.3780E+07  2.8603E+05 -1.9620E+06
0000654   6.5538E+07 -4.0040E+05  8.7726E+05
0000655   6.3574E+07 -7.9604E+05 -1.2562E+06
0000656   6.5013E+07 -6.4427E+04 -6.3341E+05
0000657   6.5602E+07  6.8575E+05 -1.0166E+06
0000658   6.4326E+07 -5.0054E+04 -1.5352E+05
0000659   6.4890E+07  2.7561E+04  3.1771E+06
0000660   6.4961E+07 -1.3023E+06  4.5699E+05
0000661   6.5792E+07  3.3441E+06  4.5680E+05
0000662   6.2585E+07  4.0501E+05  4.2572E+05
0000663   6.2373E+07  8.7010E+06 -4.4866E+06
0000664   6.4429E+07  2.5912E+06  2.4929E+06
0000665   6.2674E+07  1.6794E+06  2.8898E+06
0000666   6.5741E+07 -3.5669E+04 -3.8624E+05
0000667   6.4851E+07  6.2684E+05  5.9485E+05
0000668   6.2498E+07  1.4837E+06  8.1822E+04
0000669   6.2938E+07 -2.9395E+06 -1.2493E+06
0000670   6.6000E+07 -1.9594E+06  6.4496E+05
0000671   6.3528E+07  3.5260E+05 -7.0677E+05
0000672   6.5166E+07  7.5451E+05  1.8231E+05
0000673   6.3555E+07 -4.5319E+05 -2.1065E+05
0000674   6.5045E+07  1.1113E+06 -1.1766E+06
0000675   6.3525E+07 -6.3713E+05  1.4298E+06
0000676   6.6495E+07  2.0800E+06 -8.7231E+05
0000677   6.0396E+07 -1.9537E+05 -1.2329E+07
0000678   6.4851E+07  2.8278E+05  2.3206E+06
0000679   6.5153E+07  9.3320E+05 -1.5401E+06
0000680   6.3094E+07 -2.6829E+06 -1.0744E+05
0000681   6.4459E+07  4.9009E+04  1.8652E+06
0000682   6.5003E+07  6.4477E+05  1.5217E+06
0000683   6.4128E+07  2.2413E+06  1.1942E+06
0000684   6.3150E+07 -5.8729E+05 -1.6449E+06
0000685   6.4594E+07 -7.8899E+05  1.8000E+06
0000686   6.5840E+07 -3.4581E+05  3.3294E+05
0000687   6.4950E+07  7.3673E+05  3.5526E+06
0000688   6.7136E+07 -1.8180E+06 -4.8760E+05
0000689   6.4873E+07  2.3629E+06 -5.3336E+05
0000690   6.4855E+07  9.7054E+05 -1.1389E+06
0000691   6.5965E+07  1.3294E+06  4.2774E+05
0000692   6.5817E+07 -1.6952E+06  1.0895E+06
0000693   6.4811E+07 -2.2372E+06 -1.3120E+06
0000694   6.3197E+07 -3.4934E+06  6.3617E+06
0000695   6.3630E+07 -1.5537E+06  2.0464E+05
0000696   6.4291E+07  1.5697E+06 -1.6560E+06
0000697   6.3824E+07  2.1410E+06 -1.2564E+06
0000698   6.4124E+07  1.6774E+06  2.2495E+06
0000699   6.6445E+07 -1.6380E+06  9.8750E+05
0000700   6.3295E+07  1.6793E+06 -2.0609E+06
0000701   6.4241E+07  6.1691E+04 -1.7382E+06
0000702   6.4420E+07 -1.1291E+06  2.2025E+05
0000703   6.2941E+07  1.0827E+05 -7.0810E+05
0000704   6.2583E+07 -2.8885E+05 -5.8304E+05
0000705   6.3800E+07  1.9329E+06  9.9442E+05
0000706   6.4328E+07 -2.1678E+06 -2.3429E+06
0000707   6.5354E+07 -2.1721E+06  3.2334E+05
0000708   6.4168E+07  1.5239E+06  1.6570E+06
0000709   6.3812E+07 -1.5149E+06 -7.6481E+05
0000710   6.4610E+07  1.5200E+05  1.1436E+06
0000711   6.4456E+07 -1.5146E+06  1.1649E+06
0000712   6.2462E+07  1.0147E+06  1.6073E+06
0000713   6.5226E+07 -2.3351E+06  1.9462E+06
0000714   6.3242E+07 -1.1207E+06  3.6388E+05
0000715   6.4382E+07 -1.2313E+06  8.3584E+05
0000716   6.4080E+07 -2.1175E+06 -4.6859E+05
0000717   6.5352E+07 -1.8775E+06 -4.0735E+05
0000718   6.2970E+07 -1.8223E+06 -1.0754E+06
0000719   6.4628E+07  1.3131E+06 -1.0054E+06
0000720   6.5355E+07  3.1566E+05  1.0829E+04
0000721   6.6404E+07  9.9067E+05  2.0660E+06
0000722   6.4399E+07 -1.3205E+05 -1.3786E+06
0000723   6.4044E+07  3.2099E+03 -4.2907E+05
0000724   6.3345E+07  1.1367E+06 -1.6656E+06
0000725   6.4662E+07 -3.4003E+05  7.7653E+05
0000726   6.2762E+07 -2.7266E+06 -5.6980E+04
0000727   6.4415E+07 -4.8714E+05 -6.8176E+05
0000728   6.4895E+07 -1.5099E+06  5.7153E+05
0000729   6.2467E+07 -7.6270E+05 -2.0017E+06
0000730   6.5801E+07  1.7518E+05 -1.1717E+06
0000731   6.3854E+07  2.2198E+06  1.1187E+06
0000732   6.5609E+07 -8.5656E+04  3.2816E+04
0000733   6.3922E+07 -4.7629E+05  5.1721E+03
0000734   6.3300E+07 -6.9853E+05  2.1069E+05
0000735   6.3039E+07  1.9676E+06 -1.5194E+06
0000736   6.4598E+07 -7.6402E+05 -1.9352E+06
0000737   6.4227E+07 -1.7127E+06 -4.6856E+04
0000738   6.3141E+07  1.2126E+06 -8.1877E+04
0000739   6.4946E+07 -1.0164E+06  5.4144E+05
0000740   6.1833E+07  1.7480E+06  6.7836E+05
0000741   6.5539E+07  5.1038E+05 -1.9308E+05
0000742   6.6038E+07  2.5545E+05  3.3953E+06
0000743   6.5101E+07  1.9334E+06  1.8647E+06
0000744   6.4766E+07 -5.2894E+05  1.2081E+06
0000745   6.4548E+07 -5.9924E+05  3.2396E+05
0000746   6.4109E+07  8.0356E+05 -2.4669E+05
0000747   6.5174E+07 -2.9930E+05  2.8248E+05
0000748   6.4273E+07 -2.6893E+05  2.1782E+05
0000749   6.7015E+07 -2.5830E+05  1.1725E+06
0000750   6.3996E+07 -2.0931E+06 -2.6482E+05
0000751   6.4825E+07 -1.4601E+06 -7.2723E+05
0000752   6.2939E+07 -2.1231E+05  1.2062E+06
0000753   6.5499E+07 -2.6514E+06 -2.8941E+05
0000754   6.3708E+07 -7.1083E+05  2.3169E+05
0000755   6.3681E+07  5.8975E+05 -1.7481E+06
0000756   6.6227E+07 -1.3764E+06  2.3158E+06
0000757   6.4886E+07 -5.1090E+04  6.8742E+05
0000758   6.4324E+07  1.0780E+06  2.4190E+06
0000759   6.5652E+07 -7.7321E+05  4.2691E+05
0000760   6.6878E+07  1.6945E+06  7.2915E+05
0000761   6.3685E+07  1.3389E+06  1.6708E+06
0000762   6.2632E+07  1.0836E+05 -2.9401E+06
0000763   6.6187E+07 -3.0075E+05  1.1952E+06
0000764   6.4133E+07 -2.2508E+05  1.8037E+05
0000765   6.3849E+07  1.2528E+06 -2.5124E+05
0000766   6.2282E+07 -1.2296E+06 -6.7415E+04
0000767   6.4592E+07 -1.3098E+06  5.1153E+05
0000768   6.5102E+07  1.1617E+05  5.7664E+05
0000769   6.4383E+07 -4.1751E+05 -7.7217E+05
0000770   6.5371E+07 -1.7007E+04  5.7936E+05
0000771   6.4087E+07 -2.9972E+05 -2.3268E+06
0000772   6.3953E+07 -1.8482E+05 -1.2980E+05
0000773   6.5776E+07 -3.6896E+05 -1.1293E+06
0000774   6.5107E+07  3.1005E+06 -8.4435E+05
0000775   6.3231E+07 -1.3408E+06  7.1131E+04
0000776   6.6188E+07 -1.4295E+06  1.9680E+06
0000777   6.5009E+07 -2.3336E+06 -7.3935E+05
0000778   6.3171E+07  2.1061E+06  5.7340E+05
0000779   6.4235E+07  1.6322E+06  3.9617E+05
0000780   6.4458E+07  1.6570E+06 -1.1244E+04
0000781   6.5489E+07  1.1838E+06  2.2790E+05
0000782   6.3525E+07 -2.3468E+06  1.4635E+06
0000783   6.5133E+07  1.2639E+06  3.7806E+06
0000784   6.3503E+07 -3.0551E+06  3.7410E+06
0000785   6.3883E+07  2.2031E+06  4.1808E+05
0000786   6.4384E+07 -8.8040E+05 -2.6037E+05
0000787   6.2558E+07  4.2140E+05 -2.8663E+05
0000788   6.3258E+07  1.5776E+06 -8.1938E+05
0000789   6.4100E+07 -1.5300E+06 -9.5848E+05
0000790   6.6294E+07 -2.9264E+05  1.1718E+06
0000791   6.4237E+07 -5.8479E+05 -1.9279E+06
0000792   6.4375E+07 -5.9640E+05 -1.4905E+06
0000793   6.3404E+07 -2.9078E+06 -2.4412E+05
0000794   6.5911E+07  2.4218E+05  3.8903E+05
0000795   6.6301E+07  2.0371E+06 -1.7699E+06
0000796   6.4751E+07  1.4108E+06  1.1482E+06
0000797   6.6182E+07  7.9994E+05 -1.7593E+05
0000798   6.2993E+07  3.9626E+05  4.8898E+04
0000799   6.3200E+07  1.0582E+06 -1.7890E+06
0000800   6.2862E+07  6.4638E+05 -8.1764E+05
0000801   6.5954E+07  1.5736E+06  2.6918E+06
0000802   6.6405E+07  2.5095E+06  2.2598E+06
0000803   6.6104E+07 -1.0387E+04  1.0812E+06
0000804   6.5818E+07 -1.8562E+06  3.1987E+06
0000805   6.2670E+07 -2.4045E+06 -2.4098E+06
0000806   6.5624E+07  7.9011E+05  5.5293E+05
0000807   6.3794E+07  6.3050E+06  1.4347E+05
0000808   6.4529E+07 -4.8920E+05  2.5832E+06
0000809   6.2613E+07 -1.0800E+05 -2.8802E+06
0000810   6.2842E+07 -3.8838E+05 -1.3882E+06
0000811   6.2204E+07  2.3234E+05  2.1650E+06
0000812   6.4591E+07 -1.9394E+06  7.2231E+05
0000813   6.5207E+07 -2.1232E+04 -4.1607E+02
0000814   6.3925E+07 -1.4384E+06  8.3882E+05
0000815   6.4783E+07 -1.9456E+05 -8.9005E+05
0000816   6.4887E+07 -2.3995E+06 -2.3406E+04
0000817   6.4150E+07  1.2058E+06 -4.3039E+05
0000818   6.4954E+07  4.3046E+06  1.9388E+06
0000819   6.2691E+07  1.4665E+06  1.8489E+06
0000820   6.4824E+07 -7.8122E+05 -1.6060E+05
0000821   6.5433E+07 -5.9461E+05  1.6793E+06
0000822   6.5412E+07 -7.1618E+05 -1.3793E+06
0000823   6.4392E+07  2.1394E+05 -1.5447E+06
0000824   6.3676E+07 -9.0648E+05 -2.2116E+05
0000825   6.4934E+07 -3.6380E+06 -3.3294E+06
0000826   6.4495E+07 -1.3497E+06 -3.1435E+05
0000827   6.5261E+07 -6.4147E+05 -1.1837E+06
0000828   6.1650E+07  1.0022E+06  2.1797E+05
0000829   6.5935E+07  6.2664E+04 -2.3002E+05
0000830   6.3333E+07 -1.2309E+06 -7.4629E+05
0000831   6.2867E+07  1.8197E+05  2.3463E+06
0000832   6.4858E+07  5.0741E+04 -1.0080E+06
0000833   6.5129E+07 -6.4899E+05  2.6621E+06
0000834   6.3872E+07 -1.1177E+06 -1.5304E+06
0000835   6.4365E+07  7.0760E+05  9.0224E+05
0000836   6.4161E+07 -2.7543E+06  2.0247E+06
0000837   6.4296E+07  2.4558E+06  6.3151E+05
0000838   6.3924E+07 -4.2681E+05  6.5771E+05
0000839   6.3150E+07  1.1519E+06  6.2764E+05
0000840   6.4209E+07  2.0152E+06  1.2911E+06
0000841   6.4514E+07  2.7405E+06 -7.1103E+05
0000842   6.2974E+07 -9.2581E+06  3.6378E+06
0000843   6.3061E+07  1.4885E+06 -2.4090E+05
0000844   6.3638E+07 -2.0285E+05  1.2326E+06
0000845   6.6091E+07  8.0074E+05  1.6110E+06
0000846   6.4764E+07 -2.0874E+06  9.0547E+05
0000847   6.6185E+07  2.4422E+05  1.3996E+06
0000848   6.5464E+07 -3.8995E+06  2.6421E+05
0000849   6.2899E+07 -2.1909E+05  1.5218E+05
0000850   6.3818E+07 -5.6317E+04 -2.4321E+03
0000851   6.4352E+07 -1.8141E+06 -1.6891E+06
0000852   6.5063E+07  1.5498E+06 -7.2133E+05
0000853   6.3831E+07  5.6565E+05  2.2364E+05
0000854   6.3495E+07 -9.0028E+04 -2.1301E+06
0000855   6.5154E+07 -2.1130E+06 -1.9381E+05
0000856   6.5140E+07 -6.4837E+05 -2.0286E+06
0000857   6.2909E+07  2.1127E+05  3.1645E+06
0000858   6.5821E+07 -4.8856E+04  1.5872E+05
0000859   6.4317E+07 -1.4311E+06 -5.7701E+05
0000860   6.2400E+07 -3.2589E+05 -1.8222E+05
0000861   6.2174E+07  3.9369E+06  1.4369E+06
0000862   6.3713E+07  3.8693E+06  3.5156E+06
0000863   6.5660E+07  8.7611E+05 -3.6519E+05
0000864   6.5653E+07  4.2391E+04  2.5472E+05
0000865   6.4791E+07 -2.9943E+05 -1.0111E+05
0000866   6.3741E+07  5.3533E+05 -1.6861E+06
0000867   6.4565E+07 -4.1523E+06  6.0866E+05
0000868   6.5750E+07  7.0448E+04  3.6293E+05
0000869   6.3969E+07 -2.5197E+06  1.0333E+06
0000870   6.4526E+07 -1.6346E+06 -7.3466E+04
0000871   6.4708E+07 -8.2457E+05  3.2485E+06
0000872   6.4344E+07  9.9183E+05 -2.1258E+06
0000873   6.4276E+07  2.7314E+06 -1.5768E+06
0000874   6.3934E+07 -3.4315E+05 -2.5763E+06
0000875   6.4676E+07 -8.8393E+05  1.3797E+06
0000876   6.3939E+07  9.3398E+05 -9.7173E+05
0000877   6.7103E+07 -1.2074E+05 -3.2600E+05
0000878   6.5010E+07 -3.3991E+05  1.6563E+06
0000879   6.7179E+07  1.0300E+06 -1.4112E+06
0000880   6.5181E+07 -8.2468E+05 -2.3096E+05
0000881   6.3551E+07 -2.0312E+06 -3.6904E+05
0000882   6.5043E+07 -2.1096E+06  5.9692E+05
0000883   6.3962E+07 -6.0121E+05  6.7366E+05
0000884   6.4395E+07 -8.3326E+05 -2.3366E+05
0000885   6.4975E+07  1.3387E+06  1.3956E+06
0000886   6.4722E+07  7.4242E+05  4.0935E+05
0000887   6.5775E+07 -1.3210E+06 -4.8511E+05
0000888   6.4499E+07  1.6967E+06 -1.4737E+06
0000889   6.6309E+07 -1.3714E+06  1.6228E+06
0000890   6.5399E+07  1.0205E+06 -3.5445E+05
0000891   6.4099E+07 -5.6524E+05 -2.6746E+05
0000892   6.3786E+07 -6.3393E+05 -1.1046E+06
0000893   6.8147E+07  1.0472E+06 -2.6949E+06
0000894   4.4217E+07 -1.5385E+07  3.5245E+06
0000895   6.4807E+07  2.3938E+05  1.6243E+06
0000896   6.4962E+07 -1.1472E+06 -3.0592E+06
0000897   6.5574E+07  1.1375E+06  1.6445E+06
0000898   6.5504E+07 -4.4182E+05 -2.6155E+05
0000899   6.5364E+07 -1.0360E+06  1.6829E+05
0000900   6.5343E+07 -2.5173E+05 -1.5542E+06
0000901   6.4499E+07  9.9730E+04 -3.2284E+06
0000902   6.3633E+07 -3.7897E+06  4.7767E+05
0000903   6.1890E+07 -2.9128E+05 -1.3652E+06
0000904   6.5463E+07 -8.6932E+05  2.3981E+06
0000905   6.5024E+07  6.8314E+05  8.6613E+05
0000906   6.6080E+07 -3.4452E+05  6.0997E+05
0000907   6.3225E+07  3.9665E+05 -3.2454E+05
0000908   6.4919E+07  1.5632E+06  1.0216E+06
0000909   6.4247E+07  1.9560E+06  2.4718E+05
0000910   6.3319E+07 -4.6231E+05 -1.2869E+06
0000911   6.5497E+07  1.9534E+06  5.3212E+05
0000912   6.5143E+07 -1.6556E+06  4.8432E+04
0000913   6.5169E+07  1.6414E+06  1.7978E+06
0000914   6.2739E+07  4.7198E+05  4.8852E+05
0000915   6.6221E+07 -1.9015E+06 -1.3331E+04
0000916   6.3964E+07  2.5754E+06  1.7805E+05
0000917   6.4577E+07  1.5733E+06  2.9785E+05
0000918   6.3034E+07 -1.2272E+06 -3.6431E+05
0000919   6.3850E+07  1.2471E+06 -5.0933E+05
0000920   6.4932E+07 -6.4882E+05 -5.6551E+05
0000921   6.4978E+07  1.8190E+06  4.8596E+04
0000922   6.2781E+07 -3.5427E+06  7.8242E+05
0000923   6.6617E+07 -1.9323E+06 -4.1729E+05
0000924   6.4125E+07  8.5356E+05  2.3337E+05
0000925   6.4843E+07 -8.1440E+04 -2.0548E+06
0000926   6.5074E+07 -7.8377E+04  1.3524E+06
0000927   6.6852E+07  1.0044E+06 -9.7871E+05
0000928   6.4642E+07  2.4517E+06 -1.2817E+06
0000929   6.4392E+07  2.4878E+06 -5.7278E+05
0000930   6.5226E+07 -2.2107E+05 -7.5003E+05
0000931   6.5212E+07 -9.5045E+05  7.1330E+05
0000932   6.4436E+07 -9.6621E+04  7.3745E+05
0000933   6.5286E+07  6.1365E+05  1.7878E+05
0000934   6.6238E+07 -1.2582E+06  3.5015E+04
0000935   6.2791E+07 -1.5584E+06 -1.3055E+06
0000936   6.3627E+07  3.1798E+06 -4.1972E+06
0000937   6.3150E+07  9.3944E+05 -8.3021E+05
0000938   6.5010E+07  8.6852E+05 -1.6988E+06
0000939   6.4045E+07 -2.1883E+05 -2.6233E+04
0000940   6.4596E+07 -8.1895E+05  1.9961E+06
0000941   6.5755E+07  6.8481E+05 -1.5181E+06
0000942   6.3726E+07 -1.4466E+06  4.1340E+05
0000943   6.4532E+07  5.1317E+05  8.0123E+05
0000944   6.4161E+07  3.1875E+05  2.4223E+06
0000945   6.4257E+07  2.1728E+05 -1.5221E+06
0000946   6.3501E+07  3.0547E+06 -6.3346E+05
0000947   6.3682E+07  2.4937E+06  2.2572E+06
0000948   6.3819E+07  2.6272E+06 -8.4070E+05
0000949   6.3042E+07 -2.2733E+05 -1.0600E+06
0000950   6.5437E+07  1.6028E+06  1.9818E+06
0000951   6.4161E+07 -2.3103E+05 -3.6579E+05
0000952   6.5960E+07  1.1692E+06 -3.8125E+06
0000953   6.6151E+07  1.5530E+06  2.9849E+06
0000954   6.5804E+07  3.6980E+05 -3.0229E+06
0000955   6.4552E+07 -2.6772E+04 -3.0348E+04
0000956   6.3542E+07  1.5754E+06 -3.5857E+05
0000957   6.5111E+07  1.6217E+06 -3.1361E+06
0000958   6.3215E+07  6.9866E+05  8.2350E+04
0000959   6.6612E+07  5.0130E+05 -1.7150E+05
0000960   6.4477E+07 -6.2168E+05 -1.0963E+06
0000961   6.5043E+07 -1.3938E+06  1.3965E+06
0000962   6.3604E+07 -1.7393E+06 -4.5396E+06
0000963   6.4257E+07  1.0752E+06 -3.2273E+05
0000964   6.5460E+07  5.0246E+05  9.3913E+05
0000965   6.3073E+07 -1.7215E+06 -2.6942E+05
0000966   6.5009E+07 -1.7878E+06  1.7596E+06
0000967   6.4833E+07 -1.1334E+06  1.0927E+06
0000968   6.3579E+07  7.9767E+05  2.4245E+05
0000969   6.4847E+07  2.0254E+06  1.0890E+06
0000970   6.4418E+07  4.1293E+05  1.2621E+05
0000971   6.3522E+07 -2.2347E+06  1.6391E+06
0000972   6.4236E+07  1.6858E+05  1.4380E+05
0000973   6.4617E+07  1.8992E+06  2.7307E+05
0000974   6.4562E+07 -8.3072E+05  1.4833E+06
0000975   6.4147E+07 -5.8403E+06 -2.1666E+06
0000976   6.3701E+07 -1.7989E+04  1.2773E+04
0000977   6.4412E+07 -1.1454E+06  3.1877E+06
0000978   6.3848E+07  1.5053E+04 -1.0038E+06
0000979   6.6068E+07 -5.6735E+05 -2.2784E+06
0000980   6.4814E+07 -3.4628E+04 -2.0196E+06
0000981   6.4506E+07 -3.0909E+06 -2.2000E+06
0000982   6.2916E+07  3.3808E+05  4.6333E+05
0000983   6.4394E+07 -3.4382E+05  1.0695E+06
0000984   6.3340E+07 -3.3105E+05  9.0349E+05
0000985   6.4503E+07 -1.5739E+05  4.4284E+05
0000986   6.4041E+07  6.6083E+05  1.1139E+06
0000987   6.4110E+07  8.4389E+05 -1.1546E+06
0000988   6.4435E+07 -2.7921E+05  1.2050E+06
0000989   6.3474E+07  8.4902E+03 -1.0801E+06
0000990   6.4876E+07 -3.0011E+05 -7.5559E+05
0000991   6.3323E+07  1.9762E+06  1.1079E+06
0000992   6.2563E+07 -1.4717E+06  1.9253E+06
0000993   6.5164E+07 -9.3570E+05  1.6451E+06
0000994   6.2964E+07 -2.6016E+05  5.5510E+05
0000995   6.2728E+07  4.6917E+06  2.7957E+06
0000996   6.6101E+07 -1.9302E+06 -2.4378E+06
0000997   6.5446E+07 -1.0664E+05  2.4754E+06
0000998   6.4743E+07  1.9358E+05 -2.0127E+06
0000999   6.3489E+07  5.8423E+04 -2.5847E+06
0001000   6.3627E+07 -3.5277E+06 -2.8700E+06
0001001   6.4032E+07 -1.2938E+06 -6.8301E+05
0001002   6.3867E+07  8.9100E+05 -1.1694E+06
0001003   6.5672E+07 -1.0882E+06  7.7947E+05
0001004   6.3127E+07 -3.0778E+06 -3.6955E+06
0001005   6.4943E+07  6.0589E+05  1.0846E+06
0001006   6.4983E+07 -5.7315E+04 -3.2504E+05
0001007   6.6720E+07 -1.9719E+06 -1.5066E+06
0001008   6.3945E+07  7.3896E+05  7.2599E+05
0001009   6.3943E+07 -1.5767E+06  1.7771E+06
0001010   6.3769E+07 -1.2505E+06  6.2557E+05
0001011   6.4245E+07 -2.3029E+05  5.6881E+05
0001012   6.4732E+07 -1.5658E+06  6.5808E+05
0001013   6.5329E+07 -1.7225E+06 -1.4664E+06
0001014   6.4579E+07 -2.2358E+06 -6.0784E+05
0001015   6.4905E+07 -9.3669E+05 -8.9766E+05
0001016   6.5498E+07  9.9393E+05  5.2093E+05
0001017   6.4417E+07 -7.7695E+04  1.8126E+06
0001018   6.4412E+07 -4.1690E+05  9.0878E+05
0001019   6.4581E+07 -5.6823E+05 -8.0050E+05
0001020   6.5961E+07 -2.3780E+06 -2.7637E+06
0001021   6.4059E+07 -1.0101E+06  6.4818E+05
0001022   6.3879E+07 -4.3477E+05  1.0488E+06
0001023   6.3870E+07  1.0997E+06 -2.0135E+06
0001024   6.5578E+07  7.8777E+05  4.4079E+05
0001025   6.4174E+07 -1.2864E+06 -2.1687E+06
0001026   6.4354E+07 -1.5878E+05 -2.1608E+06
0001027   6.5467E+07  2.4180E+06 -5.1586E+05
0001028   6.4713E+07 -5.0672E+05 -5.3412E+05
0001029   6.5935E+07 -1.0843E+06 -2.1464E+06
0001030   6.3242E+07  1.0107E+06 -2.6792E+06
0001031   6.3424E+07  9.7217E+05  1.1391E+06
0001032   6.5082E+07 -1.3012E+05  1.3857E+06
0001033   6.3931E+07  1.9762E+06 -7.4272E+05
0001034   6.3982E+07 -1.6200E+05 -5.5620E+05
0001035   6.3812E+07  2.2369E+05  1.4382E+06
0001036   6.2874E+07  1.6745E+06  3.5678E+05
0001037   6.4640E+07 -4.8930E+05 -7.0366E+05
0001038   6.3969E+07  2.2727E+05 -2.1065E+05
0001039   6.5832E+07 -2.5166E+06  8.2351E+05
0001040   6.4670E+07 -2.1546E+06  8.4287E+05
0001041   6.5593E+07 -6.5820E+05  9.2171E+05
0001042   6.5753E+07 -1.8258E+06 -1.2176E+06
0001043   6.4939E+07  1.1976E+06  4.3835E+05
0001044   6.3610E+07  2.2097E+06 -2.2845E+06
0001045   6.3516E+07  1.1382E+06 -8.2986E+04
0001046   6.4297E+07 -5.3602E+05  5.6582E+05
0001047   6.5350E+07  2.0548E+06 -1.2111E+06
0001048   6.4697E+07 -4.2391E+05 -1.7806E+06
0001049   6.1564E+07 -1.5276E+05  8.2015E+03
0001050   6.4969E+07 -8.2580E+05  1.5179E+06
0001051   6.2997E+07 -4.1325E+05  1.9471E+06
0001052   6.3768E+07  7.1203E+04 -1.6949E+06
0001053   6.3678E+07 -9.0605E+05  5.4037E+05
0001054   6.2672E+07  3.1779E+05 -1.3333E+06
0001055   6.5238E+07 -7.3284E+04  3.2069E+05
0001056   6.5452E+07 -4.1609E+05 -1.7843E+06
0001057   6.5928E+07  8.5760E+05 -1.9968E+06
0001058   6.4363E+07  1.1112E+06 -2.0538E+06
0001059   6.3000E+07  1.8884E+06 -5.8868E+05
0001060   6.3743E+07  2.6886E+05 -9.3411E+05
0001061   6.3749E+07  4.5061E+05 -6.4755E+05
0001062   6.3125E+07  2.9000E+05  1.7872E+06
0001063   6.7123E+07 -5.0638E+05  5.7635E+05
0001064   6.4336E+07 -3.6923E+06  2.2785E+06
0001065   6.4724E+07  1.8645E+06  1.3959E+06
0001066   6.3206E+07 -1.9691E+05  3.3846E+06
0001067   6.3892E+07  1.6602E+05 -5.1724E+05
0001068   6.5365E+07  1.1549E+06  1.1449E+06
0001069   6.3805E+07  5.2798E+05 -1.3130E+04
0001070   6.5968E+07  1.1344E+06 -7.9421E+04
0001071   6.3040E+07 -1.3298E+05 -1.2236E+06
0001072   6.3678E+07  3.1395E+06  5.3588E+05
0001073   6.4498E+07  2.2658E+05 -1.7672E+06
0001074   6.4008E+07  1.4673E+06  4.8565E+06
0001075   6.3525E+07  2.5379E+06  6.8934E+05
0001076   6.4883E+07  8.5493E+05 -2.9928E+06
0001077   6.4086E+07  1.1157E+06 -7.8661E+05
0001078   6.5707E+07 -3.8759E+06 -1.1569E+04
0001079   6.2255E+07 -3.8525E+06  1.6852E+06
0001080   6.4224E+07  1.3280E+06  5.5526E+05
0001081   6.6487E+07 -7.8516E+05 -4.9735E+05
0001082   6.4711E+07 -1.6729E+06 -8.4367E+04
0001083   6.5079E+07 -5.4428E+05 -9.0513E+05
0001084   6.3332E+07 -2.5421E+05  4.8197E+05
0001085   6.4720E+07  4.6674E+04 -6.2162E+05
0001086   6.2436E+07  6.4341E+06 -3.9060E+06
0001087   6.4386E+07 -4.5287E+05  3.2687E+06
0001088   6.2152E+07  1.4857E+06 -1.2141E+05
0001089   6.4253E+07 -5.9931E+05 -7.7647E+05
0001090   6.4294E+07 -6.9734E+05  4.7206E+05
0001091   6.4713E+07 -2.5431E+06  1.0453E+06
0001092   6.3175E+07 -1.9733E+05  2.7910E+05
0001093   6.3415E+07 -2.6202E+05 -2.1327E+06
0001094   6.5555E+07  1.2598E+06 -1.6854E+06
0001095   6.2624E+07 -1.8138E+04 -1.4969E+05
0001096   6.2822E+07  2.3466E+05 -9.3223E+05
0001097   6.4805E+07  1.1283E+06 -1.0028E+06
0001098   6.5657E+07 -5.2183E+04 -2.8633E+06
0001099   6.3194E+07 -2.1724E+06  9.3308E+05
0001100   6.3795E+07 -4.0042E+05  1.3085E+06
0001101   6.3907E+07 -1.7705E+05  3.2106E+05
0001102   6.2231E+07 -1.1611E+06 -1.8127E+06
0001103   6.3491E+07 -1.2968E+06 -6.6246E+05
0001104   6.5579E+07  2.5441E+05 -8.7248E+05
0001105   6.4724E+07 -2.5652E+06 -7.7487E+05
0001106   6.3771E+07 -4.2936E+05  1.0667E+06
0001107   6.3553E+07 -1.1689E+06  3.5577E+05
0001108   6.3499E+07 -1.2914E+06  1.3228E+06
0001109   6.3693E+07  2.3998E+06  9.7197E+05
0001110   6.6234E+07 -1.8150E+05 -4.2701E+05
0001111   6.2946E+07  1.7231E+05  9.5119E+05
0001112   6.3535E+07  3.3482E+05 -7.3352E+05
0001113   6.3953E+07 -7.9500E+05  1.8216E+06
0001114   6.4568E+07 -9.9340E+04 -1.6515E+06
0001115   6.5286E+07  2.5000E+06 -8.0292E+05
0001116   6.3587E+07 -7.1665E+05 -2.7912E+05
0001117   6.4641E+07  1.2567E+06  1.2272E+06
0001118   6.2899E+07  1.0081E+06 -9.5046E+05
0001119   6.3626E+07  4.9284E+05 -2.6003E+06
0001120   6.4487E+07 -9.6653E+05  2.5523E+05
0001121   6.3394E+07  1.9747E+06 -1.2218E+06
0001122   6.5850E+07  3.9857E+05  2.0996E+06
0001123   6.2040E+07 -2.1032E+06 -5.3360E+05
0001124   6.4674E+07  1.6844E+06  2.3455E+05
0001125   6.5851E+07  5.7273E+05 -6.9885E+05
0001126   6.2840E+07  1.4158E+06  1.2576E+06
0001127   6.4923E+07  2.2092E+06  1.1183E+06
0001128   6.4111E+07  5.1350E+05 -4.2246E+06
0001129   6.2485E+07 -1.6511E+05  2.0782E+06
0001130   6.3618E+07 -2.7932E+06 -2.0827E+06
0001131   6.4050E+07 -2.1604E+06  2.0442E+06
0001132   6.3875E+07  2.1998E+06 -1.3748E+06
0001133   6.4087E+07  1.1420E+06  2.9837E+05
0001134   6.4975E+07 -1.4288E+06  4.8957E+05
0001135   6.3789E+07  2.0240E+06 -1.7568E+06
0001136   6.6414E+07  2.9271E+06  1.5691E+06
0001137   6.5437E+07  6.2399E+05  3.6053E+06
0001138   6.6216E+07 -1.3376E+05 -1.4900E+06
0001139   6.5356E+07 -2.2289E+06  5.9076E+04
0001140   6.1487E+07 -4.0293E+05 -6.3324E+06
0001141   6.3585E+07  6.9924E+05 -1.4127E+06
0001142   6.3142E+07  1.6073E+05 -2.9448E+06
0001143   6.2952E+07  1.1121E+06 -3.7696E+06
0001144   6.5067E+07  4.1056E+06  3.2236E+06
0001145   6.3740E+07  9.9621E+05  2.5572E+06
0001146   6.2815E+07  7.3368E+05 -3.6534E+05
0001147   6.4745E+07 -1.5881E+06 -2.1601E+06
0001148   6.3344E+07 -1.6428E+06  1.3432E+06
0001149   6.4916E+07 -2.5059E+04  2.7164E+06
0001150   6.4712E+07  6.3923E+04  4.7846E+05
0001151   6.5721E+07 -9.6274E+05  9.1313E+04
0001152   6.4006E+07  9.4580E+05 -1.4724E+06
0001153   6.4863E+07  2.8727E+06  2.9886E+05
0001154   6.3698E+07  6.1773E+05  1.5547E+06
0001155   6.5038E+07 -1.3804E+06 -7.2892E+05
0001156   6.3612E+07 -1.1263E+06  2.4549E+06
0001157   6.4296E+07  7.8944E+04 -5.2654E+06
0001158   6.4760E+07  8.2904E+05 -2.9989E+05
0001159   6.4283E+07 -2.6497E+06 -4.3377E+05
0001160   6.2909E+07 -2.1733E+05 -5.5365E+06
0001161   6.5645E+07 -1.5039E+06 -1.8512E+06
0001162   6.5924E+07  9.2823E+05 -1.7906E+06
0001163   6.4856E+07  1.4169E+06  4.2684E+05
0001164   6.4132E+07  3.2812E+06  1.3395E+06
0001165   6.1679E+07  7.5190E+05  9.9988E+05
0001166   6.3967E+07 -6.8060E+05  3.3674E+05
0001167   6.4143E+07 -2.3067E+06 -3.5563E+05
0001168   6.4686E+07  8.1235E+05 -1.2299E+05
0001169   6.3333E+07 -1.8919E+05 -9.1433E+05
0001170   6.6704E+07  3.8742E+05  5.4648E+05
0001171   6.4539E+07  1.2527E+06  4.4696E+04
0001172   6.4191E+07  1.6787E+06  2.1719E+06
0001173   6.5674E+07  1.0383E+06 -1.3199E+06
0001174   6.3521E+07 -2.3382E+06  9.4353E+04
0001175   6.4836E+07 -1.2029E+06 -2.0765E+06
0001176   6.4970E+07  1.7646E+06  2.0337E+05
0001177   6.4918E+07  1.0588E+06  8.3949E+05
0001178   6.4938E+07  1.6837E+06  4.0270E+05
0001179   6.3467E+07  1.2440E+06 -8.6797E+05
0001180   6.4477E+07  9.5799E+05 -1.3069E+06
0001181   6.3696E+07 -3.9022E+05  1.7784E+05
0001182   6.6089E+07  3.0078E+06 -6.3037E+05
0001183   6.3887E+07 -2.8096E+05 -3.1176E+06
0001184   6.4659E+07 -1.8057E+06  1.1341E+06
0001185   6.2296E+07 -1.0589E+05  1.0033E+06
0001186   6.7014E+07 -2.3041E+06  6.9171E+05
0001187   6.5685E+07  1.1654E+06 -7.5463E+05
0001188   6.5554E+07  4.7471E+05 -1.1697E+06
0001189   6.4640E+07 -1.2341E+06 -5.8061E+06
0001190   6.4869E+07 -2.8714E+05  7.7179E+05
0001191   6.5090E+07 -1.1117E+05 -2.3230E+06
0001192   6.4076E+07 -2.2491E+05 -1.3413E+06
0001193   6.4043E+07 -1.7814E+06  1.2149E+06
0001194   6.2210E+07  2.0875E+06 -1.9035E+06
0001195   6.3841E+07 -6.1803E+05 -3.1482E+06
0001196   6.5304E+07 -2.0752E+06  5.4616E+04
0001197   6.3350E+07 -6.6302E+05 -2.9466E+05
0001198   6.5501E+07 -7.0067E+04  3.2584E+04
0001199   6.5325E+07  6.3342E+05 -1.7342E+05
0001200   6.5420E+07 -6.5775E+04 -1.7939E+06
0001201   6.3636E+07 -2.3218E+06  2.8886E+06
0001202   6.5007E+07  3.6363E+03 -1.4023E+06
0001203   6.4137E+07 -2.8006E+05 -5.2591E+05
0001204   6.3471E+07  1.0415E+06 -4.5858E+05
0001205   6.4272E+07 -4.9969E+05 -1.4637E+05
0001206   6.5172E+07 -1.0348E+05  6.9587E+05
0001207   6.6280E+07  3.6209E+06  3.2752E+05
0001208   6.3683E+07 -5.7663E+04 -1.3975E+06
0001209   6.2781E+07  5.6396E+05  6.4790E+04
0001210   6.3215E+07  2.5779E+06  2.5169E+06
0001211   6.2966E+07  3.3001E+05  7.0197E+05
0001212   6.3173E+07  1.2879E+06 -2.3540E+06
0001213   6.3839E+07 -3.9436E+05 -8.8739E+05
0001214   6.3231E+07  8.4027E+04 -3.2756E+05
0001215   6.2918E+07 -3.0222E+05 -7.2024E+05
0001216   6.4378E+07 -8.0368E+05 -1.1379E+06
0001217   6.6252E+07 -1.7484E+06  9.6476E+05
0001218   6.4165E+07  6.3619E+04  4.0461E+05
0001219   6.3753E+07  4.5014E+05  1.7169E+06
0001220   6.6297E+07 -5.2679E+05 -1.3859E+06
0001221   6.4923E+07 -2.1095E+06  1.5624E+06
0001222   6.3741E+07  8.1545E+05 -8.0481E+05
0001223   6.4494E+07  1.0826E+06 -1.3965E+06
0001224   6.4366E+07  8.1615E+05 -3.9811E+05
0001225   6.2400E+07  1.1580E+06  3.1136E+06
0001226   6.5242E+07  6.2700E+05  2.2943E+06
0001227   6.3802E+07  1.4157E+06  2.6629E+05
0001228   6.5215E+07  5.7178E+05 -2.4686E+06
0001229   6.3833E+07  7.7585E+05 -2.8185E+05
0001230   6.4666E+07 -9.7602E+04 -1.0282E+06
0001231   6.5192E+07 -1.5719E+06  2.3511E+06
0001232   6.3044E+07 -1.4689E+06 -2.4473E+05
0001233   6.3577E+07 -2.1699E+06 -7.3286E+05
0001234   6.2716E+07 -4.9085E+05  4.8554E+05
0001235   6.5493E+07 -1.2251E+05 -8.9003E+05
0001236   6.5507E+07 -1.3837E+06  1.8051E+06
0001237   6.2985E+07  7.5288E+05 -1.6825E+06
0001238   6.5892E+07 -4.0480E+05  1.6898E+06
0001239   6.4862E+07 -1.4116E+05  2.2832E+06
0001240   6.2744E+07  2.1350E+06  4.5666E+04
0001241   6.6945E+07 -1.0128E+06 -2.8250E+06
0001242   6.4404E+07 -2.6969E+05 -2.0376E+06
0001243   6.4435E+07 -1.9900E+05 -1.1107E+04
0001244   6.3734E+07  1.2323E+05  1.9254E+06
0001245   6.4827E+07  2.7919E+05  5.0309E+05
0001246   6.5667E+07  1.1263E+06 -2.9297E+06
0001247   6.5550E+07  1.9979E+06 -3.2858E+06
0001248   6.5084E+07 -2.2776E+06  5.1144E+06
0001249   6.4367E+07 -2.7087E+05  1.6329E+06
0001250   6.2068E+07  2.6381E+06 -4.6208E+04
0001251   6.3915E+07  1.6410E+06  1.8090E+06
0001252   6.5156E+07  1.9851E+06 -2.0982E+06
0001253   6.2863E+07 -1.2886E+05  1.2807E+06
0001254   6.5929E+07  1.6616E+06 -5.4142E+05
0001255   6.3112E+07 -3.8902E+05 -1.7227E+05
0001256   6.5252E+07  1.2336E+06 -1.0184E+06
0001257   6.4455E+07  1.4691E+06 -4.0737E+05
0001258   6.4759E+07  1.5830E+06 -9.1464E+05
0001259   6.4440E+07 -2.1287E+06  2.3502E+06
0001260   6.6006E+07  1.4746E+06  8.2291E+05
0001261   6.4295E+07  1.8478E+06 -1.2646E+06
0001262   6.3343E+07  4.9623E+05  1.1013E+06
0001263   6.5752E+07 -5.4646E+04  6.2617E+04
0001264   6.4946E+07  1.4910E+06 -1.2244E+06
0001265   6.6154E+07  2.3213E+05 -4.1878E+05
0001266   6.5167E+07 -8.6185E+05 -7.8386E+05
0001267   6.6800E+07  9.2442E+05  3.1353E+05
0001268   6.3890E+07 -8.3389E+05 -5.8715E+05
0001269   6.5003E+07  5.2798E+04  1.9625E+06
0001270   6.6457E+07 -6.3715E+05  2.1784E+06
0001271   6.3908E+07  1.2415E+06 -7.7392E+05
0001272   6.4611E+07  3.5821E+05  1.1055E+06
0001273   6.4192E+07 -8.8295E+05 -2.2581E+06
0001274   6.2832E+07  6.3185E+05 -1.0141E+06
0001275   6.3794E+07  1.0808E+06 -1.1701E+06
0001276   6.4728E+07 -1.7834E+06  8.0007E+05
0001277   6.4947E+07 -2.0572E+06  1.7809E+05
0001278   6.4454E+07  1.3861E+06 -2.8289E+06
0001279   6.4170E+07  5.9737E+06 -8.6027E+05
0001280   6.5571E+07 -1.8617E+05  1.1433E+04
0001281   6.5235E+07  2.8898E+06 -6.6527E+05
0001282   6.7069E+07  1.0170E+06  1.3695E+06
0001283   6.4372E+07  1.7397E+06  1.3975E+06
0001284   6.4360E+07  5.5322E+05 -1.1198E+06
0001285   6.5250E+07  1.8989E+05  9.1955E+05
0001286   6.2253E+07  3.6978E+05  4.6743E+06
0001287   6.4523E+07  7.1518E+05 -3.0557E+05
0001288   6.4826E+07  8.9740E+05 -6.0107E+05
0001289   6.3665E+07  1.2702E+06  2.8769E+05
0001290   6.4656E+07 -1.4085E+06 -1.5101E+06
0001291   6.2461E+07 -2.9250E+06  5.3659E+06
0001292   6.3792E+07  1.7707E+06  4.8244E+05
0001293   6.6884E+07  1.0186E+06 -2.5339E+06
0001294   6.6051E+07 -1.4744E+06  7.6317E+05
0001295   6.4696E+07 -1.4402E+06  4.6749E+05
0001296   6.2524E+07  5.6021E+05 -7.4814E+05
0001297   6.4190E+07 -1.4450E+06 -1.1341E+06
0001298   6.4132E+07  5.4197E+05  2.2192E+05
0001299   6.3308E+07 -2.7958E+06  4.2245E+05
0001300   6.5053E+07 -9.0137E+05  9.0993E+05
0001301   6.5842E+07  1.2263E+06 -1.8479E+05
0001302   6.4499E+07 -1.0903E+06  8.1221E+05
0001303   6.6970E+07  1.7343E+06  2.7848E+05
0001304   6.6140E+07 -6.0737E+05  4.4984E+05
0001305   6.3344E+07 -5.6739E+05  1.0694E+06
0001306   6.2954E+07  1.7847E+06  2.4839E+06
0001307   6.4807E+07  6.3166E+05  1.7137E+05
0001308   6.2243E+07 -1.9669E+06  1.0931E+06
0001309   6.4430E+07 -2.6141E+05 -1.4819E+06
0001310   6.2143E+07  1.7646E+06  1.3229E+06
0001311   6.5534E+07 -5.2492E+05 -1.4278E+05
0001312   6.5933E+07 -9.0758E+05 -1.0703E+06
0001313   6.4639E+07 -4.0962E+05 -5.6713E+05
0001314   6.3945E+07  1.6608E+06  7.3724E+05
0001315   6.3380E+07 -8.2139E+05 -1.5983E+06
0001316   6.4844E+07  1.4061E+05 -3.4296E+05
0001317   6.5119E+07 -3.8964E+06  4.1323E+06
0001318   6.6380E+07  1.1055E+06 -2.8517E+04
0001319   6.5005E+07 -1.5513E+05  1.6417E+05
0001320   6.3614E+07  4.5786E+05 -2.7007E+06
0001321   6.3735E+07 -9.7991E+04  2.7456E+05
0001322   6.5658E+07 -2.0972E+05 -1.2423E+06
0001323   6.4962E+07  5.4797E+05 -1.0980E+05
0001324   6.3676E+07 -1.7464E+06  1.1169E+06
0001325   6.4797E+07 -1.3506E+06 -4.4190E+06
0001326   6.5221E+07 -3.1868E+05 -4.1211E+05
0001327   6.5310E+07 -2.1287E+06 -1.6405E+06
0001328   6.4198E+07 -1.9426E+06  1.4649E+06
0001329   6.3145E+07  5.8578E+05  1.4493E+05
0001330   6.2526E+07  3.5625E+06 -4.1483E+06
0001331   6.3216E+07 -1.2553E+06  3.4346E+06
0001332   6.5096E+07  5.5655E+05 -1.6336E+06
0001333   6.3855E+07 -1.4583E+06  2.3242E+06
0001334   6.4183E+07 -4.9206E+05  7.1461E+05
0001335   6.4797E+07  1.9194E+06 -3.4688E+05
0001336   6.5474E+07  3.7419E+04 -1.9415E+06
0001337   6.6585E+07 -9.7821E+05 -1.3508E+06
0001338   6.2541E+07  8.6147E+04 -6.3243E+05
0001339   6.3868E+07  2.6608E+06 -9.7032E+05
0001340   6.5071E+07  3.4100E+05  1.1594E+06
0001341   6.4330E+07 -6.7113E+05  1.2035E+06
0001342   6.4625E+07 -9.0990E+05 -2.1167E+05
0001343   6.6774E+07  6.4399E+05  3.8599E+05
0001344   6.4492E+07  8.8190E+05 -4.7180E+05
0001345   6.1717E+07  8.0678E+06  1.1362E+07
0001346   6.3312E+07  3.9582E+05 -2.5715E+05
0001347   6.5288E+07  3.9483E+05  1.0713E+06
0001348   6.5744E+07 -1.3063E+06  1.1838E+06
0001349   6.5402E+07  1.9486E+06 -6.8201E+05
0001350   6.4079E+07 -1.9837E+06  2.7248E+06
0001351   6.4152E+07 -8.2905E+05  1.0674E+06
0001352   6.2130E+07  1.6856E+06  1.6195E+06
0001353   6.4508E+07  1.2799E+06  3.0411E+05
0001354   6.4728E+07  5.2386E+05 -2.3877E+06
0001355   6.2817E+07 -5.1662E+05  1.5986E+06
0001356   6.6290E+07  2.0705E+06  1.8209E+06
0001357   6.5601E+07  1.3349E+06 -2.8559E+06
0001358   6.3710E+07  2.8790E+06 -8.2688E+05
0001359   6.3074E+07  4.7820E+04  9.3524E+03
0001360   6.4441E+07 -4.0734E+05 -2.8477E+06
0001361   6.4419E+07  5.0277E+05 -5.1797E+05
0001362   6.3536E+07 -9.4793E+05 -1.9873E+06
0001363   6.3125E+07  4.3715E+05 -5.6874E+05
0001364   6.6240E+07 -6.5895E+05 -8.2871E+05
0001365   6.4600E+07 -8.2985E+04  9.8105E+05
0001366   6.4413E+07  2.4315E+06  1.8597E+06
0001367   6.4919E+07  2.5223E+05 -1.2397E+06
0001368   6.3442E+07  1.0517E+06 -1.7892E+06
0001369   6.4892E+07  4.8341E+06  4.0514E+06
0001370   6.3905E+07 -1.0471E+05  1.8233E+04
0001371   6.2489E+07  2.1513E+06  3.2297E+06
0001372   6.3219E+07  5.7192E+05 -1.5119E+06
0001373   6.3058E+07  1.0212E+06 -2.4282E+06
0001374   6.2486E+07  8.7422E+05  9.6016E+05
0001375   6.4279E+07 -1.0539E+06  1.4314E+06
0001376   6.2929E+07  1.3631E+06  1.4826E+06
0001377   6.4406E+07  8.6688E+05 -1.8318E+06
0001378   6.5444E+07 -1.1215E+06  1.1437E+06
0001379   6.4840E+07 -4.5302E+05  7.5751E+05
0001380   6.4527E+07  3.6335E+06  1.0313E+06
0001381   6.5117E+07  1.7992E+06  4.0465E+05
0001382   6.5799E+07 -9.3574E+05  2.8553E+05
0001383   6.3623E+07 -9.2121E+04 -3.5774E+05
0001384   6.5486E+07 -3.9910E+05 -1.4406E+06
0001385   6.6220E+07 -3.1532E+05 -1.8744E+06
0001386   6.5151E+07 -2.4545E+06  2.0292E+05
0001387   6.5987E+07 -1.0359E+06 -1.1988E+06
0001388   6.6879E+07  1.3766E+05 -1.0029E+06
0001389   6.6452E+07 -8.5734E+05  1.9144E+06
0001390   6.3744E+07 -5.6919E+06  1.7499E+06
0001391   6.6014E+07  1.1680E+06 -2.2654E+05
0001392   6.2345E+07  2.4137E+06  9.3293E+05
0001393   6.3261E+07  6.6072E+03  8.4189E+05
0001394   6.4019E+07  3.9415E+06 -6.0275E+06
0001395   6.4853E+07 -2.1666E+06 -1.4413E+06
0001396   6.1831E+07  1.2554E+06 -2.7353E+05
0001397   6.3871E+07 -1.6477E+05  2.3537E+06
0001398   6.4959E+07 -2.7261E+06 -1.2941E+06
0001399   6.5315E+07 -2.8313E+06  8.9485E+05
0001400   6.5660E+07 -1.2925E+06  1.5263E+05
0001401   6.6607E+07  5.9230E+05  1.4644E+06
0001402   6.5405E+07  2.8461E+06  2.2750E+06
0001403   6.4754E+07 -1.5345E+05 -5.5013E+05
0001404   6.4301E+07 -7.9290E+05  4.1410E+05
0001405   6.6608E+07 -8.9850E+05 -1.1438E+06
0001406   6.4097E+07 -8.1925E+05  2.7577E+05
0001407   6.5439E+07 -1.0348E+06 -1.5909E+06
0001408   6.6182E+07  1.8650E+05  2.2650E+06
0001409   6.1836E+07  9.5702E+05  2.6999E+06
0001410   6.5473E+07  2.4266E+06 -4.7528E+05
0001411   6.4602E+07 -6.4312E+05  1.3757E+05
0001412   6.3052E+07  9.4475E+05  1.2439E+06
0001413   6.3028E+07 -1.7219E+06  5.2716E+05
0001414   6.2682E+07 -3.0139E+06 -1.5625E+06
0001415   6.5438E+07 -1.1067E+06 -6.2708E+05
0001416   6.3901E+07  9.7212E+05 -7.2826E+05
0001417   6.3800E+07 -9.6142E+05 -1.2004E+06
0001418   6.3419E+07 -1.1880E+06  2.1322E+06
0001419   6.3751E+07  3.5281E+05  6.9035E+03
0001420   6.1981E+07 -9.1186E+05 -1.5690E+06
0001421   6.4486E+07  1.3375E+05 -1.8199E+05
0001422   6.4188E+07 -8.9374E+05 -7.8208E+05
0001423   6.5479E+07  2.0451E+05 -5.0037E+05
0001424   6.4020E+07 -3.1760E+06 -5.2515E+05
0001425   6.4450E+07  2.2036E+06  4.4198E+06
0001426   6.2094E+07  9.4145E+05  3.6227E+06
0001427   6.4509E+07 -6.2381E+05 -1.2871E+06
0001428   6.4852E+07  1.1374E+06  1.4177E+06
0001429   6.4324E+07 -7.0541E+05 -2.4448E+06
0001430   6.3316E+07  3.2205E+04 -7.3140E+05
0001431   6.6264E+07  1.0205E+04 -1.0272E+06
0001432   6.6849E+07 -4.0326E+06 -1.5772E+06
0001433   6.3434E+07  1.7512E+06  8.0759E+05
0001434   6.6688E+07 -4.5433E+05  6.2866E+05
0001435   6.4731E+07 -3.4442E+06  5.5241E+04
0001436   6.3466E+07 -6.8468E+05  7.1764E+05
0001437   6.3956E+07  4.6939E+05  3.8188E+05
0001438   6.3982E+07 -2.4051E+06  3.9391E+06
0001439   6.4286E+07  3.7693E+06 -2.2700E+06
0001440   6.4322E+07  7.1177E+04  1.1356E+06
0001441   6.4399E+07 -1.1712E+05  1.2529E+05
0001442   6.2840E+07 -5.0802E+06 -2.1280E+06
0001443   6.5961E+07 -1.8291E+06  1.0330E+04
0001444   6.4190E+07  1.5632E+06 -1.8903E+05
0001445   6.3116E+07  2.5643E+06  2.0102E+06
0001446   6.4214E+07  1.2729E+05 -4.1022E+05
0001447   6.5316E+07  2.0499E+06 -2.1860E+06
0001448   6.4220E+07  1.0245E+06  6.7997E+05
0001449   6.4680E+07  8.2116E+05  9.8168E+05
0001450   6.4748E+07 -2.7939E+06  7.1584E+06
0001451   6.2094E+07  4.2575E+06  2.7241E+06
0001452   6.4587E+07  1.8237E+06 -2.9481E+06
0001453   6.5172E+07 -2.1378E+04 -1.7228E+05
0001454   6.5152E+07 -1.0835E+06 -4.3630E+06
0001455   6.5107E+07 -9.4966E+05  6.9567E+05
0001456   6.2310E+07  4.2786E+05 -1.1871E+06
0001457   6.6709E+07 -9.3152E+05 -7.0925E+05
0001458   6.5117E+07 -5.5953E+05 -3.2212E+06
0001459   6.6073E+07  6.3107E+05 -5.4277E+05
0001460   6.4045E+07  2.3461E+06  1.6309E+06
0001461   6.4551E+07  1.7314E+06 -8.5931E+05
0001462   6.4726E+07 -1.3312E+06 -1.3230E+06
0001463   6.2756E+07  1.1355E+06  4.6839E+05
0001464   6.4415E+07 -4.9167E+05 -8.8054E+05
0001465   6.6341E+07 -1.2876E+06  6.3963E+05
0001466   6.5236E+07 -1.9464E+06  1.0733E+06
0001467   6.1308E+07 -8.0018E+06  1.0216E+07
0001468   6.4492E+07  1.2676E+06 -1.9331E+06
0001469   6.3849E+07  4.9729E+04 -8.8274E+04
0001470   6.5084E+07  6.3429E+04  1.3639E+05
0001471   6.3002E+07  1.7009E+06 -7.2488E+05
0001472   6.3371E+07  2.3137E+06  1.0641E+06
0001473   6.4543E+07 -7.9441E+05  2.0409E+05
0001474   6.3742E+07  1.1757E+06 -1.0523E+06
0001475   6.3547E+07 -5.4012E+05  1.7356E+06
0001476   6.7141E+07 -7.1195E+05  5.6307E+05
0001477   6.4416E+07  1.5542E+06  7.2072E+05
0001478   6.4603E+07 -2.5875E+06 -3.1527E+05
0001479   6.5129E+07  1.5966E+06 -8.7307E+05
0001480   6.5209E+07  1.0877E+06  1.5910E+05
0001481   6.2670E+07 -1.2920E+06 -3.6119E+06
0001482   6.5827E+07  1.1744E+06 -1.4381E+06
0001483   6.4396E+07  1.2533E+06 -1.6441E+05
0001484   6.4491E+07 -7.7904E+04  1.7266E+06
0001485   6.5268E+07 -5.5288E+05 -1.4310E+06
0001486   6.5408E+07 -2.3720E+06 -1.0561E+06
0001487   6.3368E+07 -3.6486E+05  8.0250E+05
0001488   6.5884E+07  1.4165E+06 -1.4676E+06
0001489   6.3948E+07 -1.1659E+06  1.9995E+06
0001490   6.3461E+07  7.6883E+05 -1.4146E+06
0001491   6.6810E+07 -7.9455E+05  1.3367E+05
0001492   6.5445E+07 -2.1146E+05 -2.1759E+06
0001493   6.4429E+07  1.5337E+05 -7.5570E+05
0001494   6.4684E+07  4.2833E+05  2.2357E+06
0001495   6.4843E+07  1.0378E+06 -1.4318E+06
0001496   6.6755E+07 -8.8912E+05  4.0655E+05
0001497   6.2655E+07  6.6654E+05 -1.1775E+06
0001498   6.5333E+07 -1.3309E+05  1.1512E+06
0001499   6.5640E+07 -6.7691E+05  1.5786E+06
0001500   6.5719E+07  3.4376E+06  3.0746E+06
0001501   6.3675E+07  6.7477E+05 -2.2731E+06
0001502   6.3815E+07  1.4135E+05  1.1929E+06
0001503   6.4312E+07  1.2146E+06 -1.4466E+06
0001504   6.1979E+07 -8.3104E+05  2.4375E+06
0001505   6.6176E+07 -7.2740E+05 -3.2552E+05
0001506   6.5649E+07  2.0046E+06 -4.0802E+05
0001507   6.2683E+07  2.9817E+06  3.7890E+05
0001508   6.5025E+07  1.7374E+05  6.8516E+05
0001509   6.3357E+07  2.3160E+06 -2.3263E+06
0001510   6.4927E+07  1.7379E+06 -1.8665E+06
0001511   6.5334E+07 -8.0620E+05  5.1014E+05
0001512   6.7096E+07  4.4799E+05 -1.0170E+06
0001513   6.4392E+07  1.7276E+06 -9.8292E+05
0001514   6.4048E+07 -6.9352E+05 -2.9212E+05
0001515   6.4950E+07  3.6427E+05  1.7066E+05
0001516   6.3439E+07  2.1967E+05 -4.6444E+05
0001517   6.2091E+07 -3.9428E+05  1.0901E+06
0001518   6.4167E+07 -6.4646E+05  1.8689E+06
0001519   6.5144E+07 -4.3262E+06  3.2621E+05
0001520   6.5330E+07 -3.3066E+05  9.7760E+05
0001521   6.5425E+07 -1.9323E+06  3.1654E+05
0001522   6.2800E+07  4.4375E+05  1.5816E+06
0001523   6.2770E+07  6.5134E+05  2.2652E+06
0001524   6.5689E+07  7.4874E+05 -1.5175E+06
0001525   6.5447E+07 -9.0592E+05 -5.9179E+05
0001526   6.5524E+07 -9.4390E+05 -1.4615E+05
0001527   6.5592E+07 -1.2611E+06  1.0927E+05
0001528   6.5275E+07  1.3821E+06 -9.1089E+04
0001529   6.3974E+07 -9.3629E+05  9.2446E+04
0001530   6.5057E+07 -7.7489E+04  6.3575E+05
0001531   6.3628E+07 -6.8041E+05  7.2130E+05
0001532   6.4860E+07  7.1322E+05 -2.6834E+06
0001533   6.4554E+07 -1.4747E+06 -8.1302E+05
0001534   6.4002E+07  2.7304E+05  3.6145E+06
0001535   6.4996E+07  5.4736E+05 -5.0085E+05
0001536   6.3721E+07  1.0351E+06 -6.2545E+05
0001537   6.4659E+07 -7.7822E+05  8.4924E+05
0001538   6.5367E+07 -1.2917E+06 -1.5338E+06
0001539   6.4416E+07  3.4306E+05  1.0011E+06
0001540   6.3496E+07  2.7274E+05  7.4978E+04
0001541   6.4746E+07  4.3153E+05  4.3711E+05
0001542   6.3103E+07 -3.1729E+05  1.0185E+05
0001543   6.5001E+07 -2.1168E+05 -3.6008E+05
0001544   6.6713E+07 -1.8548E+06  3.1554E+06
0001545   6.4598E+07  1.7876E+06  1.0059E+06
0001546   6.3956E+07  1.6965E+06  4.9912E+05
0001547   6.5163E+07 -6.7400E+05  1.2379E+06
0001548   6.4540E+07  6.8161E+06  4.5138E+06
0001549   6.4234E+07 -7.3788E+05 -1.3837E+05
0001550   6.2855E+07 -7.3027E+05 -5.2118E+05
0001551   6.3609E+07 -1.7242E+06  2.8909E+06
0001552   6.3270E+07 -1.7870E+06 -1.7463E+06
0001553   6.3894E+07  2.1041E+05 -8.1448E+05
0001554   6.5456E+07  1.6529E+06 -2.4644E+05
0001555   6.3418E+07  1.4630E+06  1.5178E+06
0001556   6.4011E+07 -3.3825E+05  2.2774E+06
0001557   6.4427E+07  6.8460E+05  2.7179E+06
0001558   6.3666E+07  7.0283E+05 -1.0837E+06
0001559   6.6756E+07  2.5927E+06 -1.4486E+06
0001560   6.3942E+07  1.7216E+06 -5.9132E+05
0001561   6.2443E+07 -1.3148E+06 -1.0862E+06
0001562   6.4607E+07  4.5407E+05  1.3833E+06
0001563   6.5846E+07  1.9601E+05 -2.4085E+05
0001564   6.5455E+07  2.0187E+06 -8.3375E+05
0001565   6.2834E+07  1.3155E+06 -1.7242E+06
0001566   6.4455E+07 -4.2308E+05 -8.8542E+05
0001567   6.3794E+07  1.2752E+06  8.1054E+05
0001568   6.5988E+07 -1.1291E+05  1.3645E+06
0001569   6.4828E+07 -9.4743E+05 -1.5421E+05
0001570   6.6142E+07 -3.6461E+06 -5.4573E+05
0001571   6.5087E+07  1.1568E+06 -4.5109E+04
0001572   6.6778E+07 -7.9845E+05 -1.6204E+05
0001573   6.1093E+07 -2.1106E+06 -1.8595E+07
0001574   6.3971E+07 -7.9924E+05  9.3216E+05
0001575   6.5139E+07  7.6196E+05 -3.5274E+06
0001576   6.5367E+07 -4.7726E+05 -1.0326E+06
0001577   6.3737E+07  2.3864E+06 -2.2027E+06
0001578   6.3629E+07  3.2450E+05 -1.3575E+05
0001579   6.4144E+07 -1.7890E+06  9.4305E+05
0001580   6.5257E+07  1.1689E+06  6.7175E+05
0001581   6.4456E+07 -2.1119E+06  6.8564E+05
0001582   6.4802E+07 -1.1291E+06  7.9545E+05
0001583   6.5163E+07 -1.1109E+06  1.3065E+06
0001584   6.5761E+07  1.7493E+05  1.9307E+06
0001585   6.5116E+07 -4.6502E+04  9.9292E+05
0001586   6.4909E+07 -1.8665E+06  2.3449E+06
0001587   6.3484E+07 -1.8313E+06  6.9478E+04
0001588   6.6979E+07 -1.7048E+06  1.1621E+06
0001589   6.4967E+07  9.1665E+05 -1.0370E+06
0001590   6.6192E+07 -1.5878E+05  3.4279E+05
0001591   6.3429E+07 -1.9975E+06 -1.2449E+06
0001592   6.4195E+07  3.5767E+05  1.9611E+06
0001593   6.4127E+07 -2.0181E+06 -8.6992E+03
0001594   6.4344E+07  1.1365E+06 -3.4944E+05
0001595   5.7918E+07 -1.0571E+07  1.5962E+07
0001596   6.5492E+07  3.8552E+05  6.3253E+05
0001597   6.3962E+07  2.6417E+05 -5.5927E+05
0001598   6.3647E+07 -1.5490E+06  1.1111E+06
0001599   6.5224E+07  2.3643E+06  3.4663E+05
0001600   6.6290E+07 -3.3615E+05  4.9288E+04
0001601   6.6206E+07 -2.5861E+05  4.5071E+06
0001602   6.4090E+07  5.3984E+05  1.6583E+05
0001603   6.4560E+07  3.8831E+06  5.1687E+05
0001604   6.3978E+07  5.3545E+05 -1.1414E+03
0001605   6.4517E+07  1.2945E+06 -2.5746E+06
0001606   6.3289E+07 -3.4332E+06  3.0972E+04
0001607   6.3778E+07  6.5717E+05 -2.2652E+06
0001608   6.4400E+07  6.5393E+05 -2.9084E+05
0001609   6.3612E+07 -2.1619E+05  1.1013E+06
0001610   6.5505E+07 -1.2410E+06 -2.2647E+06
0001611   6.3431E+07 -1.0687E+06 -1.4386E+06
0001612   6.1984E+07  1.8080E+06  4.6143E+05
0001613   6.2376E+07  1.5792E+06 -4.7035E+04
0001614   6.4574E+07  1.0832E+06 -1.1737E+06
0001615   6.4166E+07  2.4617E+06 -2.0124E+06
0001616   6.4074E+07  5.0068E+05 -2.1843E+06
0001617   6.4850E+07 -7.4981E+05  1.1755E+06
0001618   6.2545E+07  3.5930E+06 -5.8597E+05
0001619   6.4668E+07 -1.6696E+06 -7.2216E+05
0001620   6.3763E+07 -1.3691E+06  5.1332E+05
0001621   6.4483E+07  1.9880E+05  2.8759E+06
0001622   6.5334E+07  1.2640E+06 -4.9029E+05
0001623   6.4644E+07  9.4729E+05  1.0801E+06
0001624   6.3891E+07 -5.5233E+03  5.2515E+05
0001625   6.4548E+07  2.0906E+05  3.3972E+04
0001626   6.3489E+07  3.9410E+05  1.4002E+06
0001627   6.3134E+07  6.4016E+05 -6.0779E+05
0001628   6.5651E+07  5.2925E+05 -1.2885E+05
0001629   6.6970E+07  3.1597E+06  1.2096E+06
0001630   6.4907E+07 -6.1494E+05  2.6873E+06
0001631   6.2199E+07 -4.4582E+06 -7.5007E+04
0001632   6.3069E+07 -1.7152E+06 -8.1419E+05
0001633   6.5960E+07 -1.2448E+06  2.5533E+03
0001634   6.4425E+07  4.7199E+04  6.3872E+05
0001635   6.3141E+07 -1.1794E+06  1.1604E+06
0001636   6.6551E+07  6.3342E+04  8.4797E+05
0001637   6.3595E+07 -1.5586E+06  7.6821E+05
0001638   6.4606E+07 -2.9546E+06 -7.1998E+05
0001639   6.5600E+07 -1.0812E+06 -2.4782E+05
0001640   6.3898E+07 -9.0709E+05 -3.0872E+06
0001641   6.3754E+07  6.4538E+06  2.0702E+06
0001642   6.3897E+07  4.3271E+05  2.2439E+06
0001643   6.3829E+07 -6.2915E+05  2.6535E+06
0001644   6.6690E+07  6.0770E+05  1.7368E+06
0001645   6.3965E+07  1.4512E+04 -8.2838E+05
0001646   6.4711E+07 -1.9361E+06 -3.6044E+06
0001647   6.5102E+07  2.8334E+05 -3.3569E+05
0001648   6.3966E+07  1.9421E+06  7.4341E+04
0001649   6.5406E+07 -2.1080E+06  1.6918E+06
0001650   6.2955E+07  1.0985E+06  5.6510E+05
0001651   6.5558E+07 -8.0094E+04 -3.4728E+06
0001652   6.3910E+07 -4.2731E+06 -4.1341E+05
0001653   6.3382E+07  2.5975E+06  1.7123E+06
0001654   6.2961E+07  3.5859E+05 -3.5404E+05
0001655   6.1214E+07  7.5229E+06 -1.7444E+06
0001656   6.3522E+07  4.2690E+05 -1.9859E+05
0001657   6.2505E+07  4.0901E+05 -1.0480E+06
0001658   6.3525E+07  8.2618E+05 -4.6103E+05
0001659   6.3947E+07  2.0035E+06  1.7948E+06
0001660   6.6571E+07  1.2891E+06 -2.3240E+06
0001661   6.4506E+07  1.4461E+06  6.3682E+04
0001662   6.1914E+07 -1.0266E+06 -5.5201E+05
0001663   6.3955E+07 -1.3374E+06  1.3409E+06
0001664   6.2634E+07  1.2326E+06 -1.5551E+06
0001665   6.5697E+07  3.5741E+05  5.7132E+05
0001666   6.3060E+07  5.8012E+05 -2.1826E+06
0001667   6.4178E+07 -9.2018E+04 -4.2384E+05
0001668   6.3203E+07 -1.3415E+06 -1.5408E+06
0001669   6.3098E+07  2.0254E+06  1.7741E+06
0001670   6.3261E+07 -2.4345E+06  2.1367E+06
0001671   6.6399E+07 -1.3676E+05 -6.1998E+04
0001672   6.3472E+07  1.6376E+06  4.4421E+03
0001673   6.4308E+07  1.2768E+05 -1.1837E+06
0001674   6.5844E+07 -1.5733E+06  1.1864E+05
0001675   6.1310E+07 -9.5525E+05  1.8225E+05
0001676   6.3668E+07 -1.6550E+06 -1.4469E+06
0001677   6.3538E+07 -9.1930E+04 -1.2514E+06
0001678   6.4539E+07 -4.8536E+05 -2.2714E+05
0001679   6.5396E+07 -2.1176E+05 -1.2850E+06
0001680   6.3583E+07 -2.1209E+06 -4.2966E+05
0001681   6.3524E+07  1.4024E+06 -1.4482E+06
0001682   6.3451E+07 -2.1735E+06  1.2300E+06
0001683   6.3947E+07 -3.1667E+06 -1.1276E+06
0001684   6.4985E+07 -4.6455E+06  2.9396E+06
0001685   6.5041E+07  6.9302E+04  3.4131E+05
0001686   6.5652E+07 -2.2406E+05  1.1313E+05
0001687   6.4808E+07  2.5411E+06  5.9502E+05
0001688   6.6437E+07  1.1181E+06 -1.3494E+06
0001689   6.4780E+07  4.7593E+05  1.4516E+06
0001690   6.3620E+07 -9.2533E+05  1.5407E+06
0001691   6.5154E+07  3.1710E+06  9.2891E+05
0001692   6.3731E+07  2.4870E+06 -1.7832E+06
0001693   6.4631E+07  7.4490E+05  1.4978E+06
0001694   6.2756E+07  8.9976E+05  1.2358E+06
0001695   6.4014E+07 -6.7068E+05  4.9076E+04
0001696   6.3454E+07 -1.3272E+06 -1.2517E+04
0001697   6.3295E+07  4.3842E+05 -2.3796E+06
0001698   6.5601E+07  9.5586E+05 -1.2256E+06
0001699   6.5071E+07  8.9248E+05 -6.0204E+05
0001700   6.5450E+07  6.7549E+05 -7.3023E+05
0001701   6.4580E+07 -1.2445E+05  8.5108E+05
0001702   6.5383E+07 -9.5631E+05 -5.7660E+05
0001703   6.3191E+07  2.4950E+06 -1.2072E+06
0001704   6.3922E+07 -1.3063E+06 -5.5444E+05
0001705   6.3542E+07 -7.3450E+05 -1.1362E+06
0001706   6.5482E+07 -3.7944E+05 -6.6731E+05
0001707   6.2645E+07 -7.1571E+06 -3.5482E+05
0001708   6.2684E+07 -5.5944E+05 -5.1028E+05
0001709   6.6014E+07  2.1371E+06  7.5755E+05
0001710   6.5193E+07 -1.3419E+06 -9.2137E+05
0001711   6.5461E+07  8.5708E+05  3.6376E+06
0001712   6.6561E+07  1.9897E+05  1.6248E+05
0001713   6.4671E+07  4.9308E+06 -2.1211E+06
0001714   6.5877E+07 -6.5928E+04  1.8890E+06
0001715   6.4172E+07  2.0927E+06 -1.9354E+05
0001716   6.5418E+07 -6.9902E+05 -2.4361E+06
0001717   6.3934E+07  3.6928E+05  1.5131E+06
0001718   6.4165E+07 -2.2262E+05  9.4346E+05
0001719   6.3985E+07 -1.8247E+06 -1.3111E+05
0001720   6.5753E+07 -7.4208E+05  8.9709E+05
0001721   6.4245E+07 -1.9000E+06  2.1328E+06
0001722   6.5676E+07 -1.0739E+05  9.8803E+05
0001723   6.3737E+07  2.5046E+05  6.1714E+05
0001724   6.6020E+07 -5.3204E+04 -4.8538E+05
0001725   6.3891E+07  1.8823E+06 -9.2957E+05
0001726   6.4062E+07  8.7207E+04 -9.0780E+05
0001727   6.5295E+07  2.1240E+06 -1.6870E+06
0001728   6.4406E+07 -9.0480E+04  2.7997E+06
0001729   6.5088E+07  1.1693E+06 -6.4615E+05
0001730   6.3620E+07  9.1970E+05 -1.9398E+06
0001731   6.3495E+07 -3.8269E+05 -2.6655E+06
0001732   6.4271E+07  1.2716E+06 -2.1023E+06
0001733   6.3531E+07 -8.3434E+05 -1.6421E+06
0001734   6.3704E+07  4.8234E+06  3.7761E+05
0001735   6.4604E+07  1.6236E+06  2.1677E+06
0001736   6.7021E+07  5.3859E+05 -4.4527E+05
0001737   6.4005E+07 -1.4577E+06  1.5405E+06
0001738   5.4650E+07 -2.3728E+07 -1.5611E+06
0001739   6.5494E+07 -9.1166E+05  6.3585E+05
0001740   6.2479E+07 -2.6398E+05  4.6087E+06
0001741   6.5094E+07  5.6839E+06 -3.5961E+06
0001742   6.3049E+07  3.8989E+05  7.4306E+05
0001743   6.3302E+07  7.0502E+05 -1.4015E+06
0001744   6.3699E+07  6.2804E+05  4.4862E+05
0001745   6.4257E+07 -5.4092E+05 -8.5269E+05
0001746   6.5086E+07 -1.2694E+06  5.1956E+05
0001747   6.4798E+07 -2.8567E+05  3.9004E+05
0001748   6.3659E+07  9.6143E+05  1.0094E+06
0001749   6.3805E+07 -2.2489E+06 -1.6954E+05
0001750   6.6432E+07  2.9143E+05 -3.7826E+04
0001751   6.3532E+07  8.2039E+05 -1.8828E+06
0001752   6.4113E+07 -1.8872E+06  1.3182E+06
0001753   6.3742E+07  5.5983E+05  1.8447E+06
0001754   6.3138E+07 -1.1112E+06 -9.1531E+05
0001755   6.7801E+07 -6.4121E+05  1.8651E+06
0001756   6.2986E+07 -7.7275E+04 -4.0233E+05
0001757   6.6158E+07 -1.7242E+06 -3.7303E+05
0001758   6.5638E+07 -2.1221E+06  1.6862E+06
0001759   6.6181E+07  7.0232E+05 -8.4417E+05
0001760   6.5263E+07  2.1317E+06  1.5023E+06
0001761   6.6123E+07  1.7007E+06 -1.8985E+05
0001762   6.4466E+07 -1.5194E+06  9.6224E+05
0001763   6.5079E+07 -1.2467E+06 -1.2159E+06
0001764   6.3589E+07  1.0579E+06 -9.7161E+05
0001765   6.4022E+07  1.2699E+06  1.0649E+06
0001766   6.4701E+07 -6.7624E+05  2.7413E+06
0001767   6.4483E+07 -1.1161E+06  2.8094E+05
0001768   6.3563E+07 -2.2333E+04  8.0458E+05
0001769   6.3327E+07 -1.7238E+06  4.4273E+05
0001770   6.3314E+07 -3.0692E+04  7.2812E+05
0001771   6.6848E+07  9.4134E+05 -6.4108E+05
0001772   6.4914E+07 -1.2833E+06 -2.4236E+06
0001773   6.4286E+07  2.1007E+06  1.2270E+06
0001774   6.5193E+07  9.5685E+05  1.0207E+06
0001775   6.3910E+07  8.8192E+05  1.2473E+05
0001776   6.6301E+07  2.3069E+06  2.2239E+06
0001777   6.5197E+07  2.9915E+05 -6.6619E+04
0001778   6.5987E+07 -3.1208E+05 -1.1081E+06
0001779   6.5127E+07  7.9803E+05 -1.6482E+06
0001780   6.5106E+07 -9.4299E+05 -9.4218E+05
0001781   6.3263E+07 -1.7171E+05  2.3177E+06
0001782   6.5690E+07 -8.0081E+05  4.4463E+05
0001783   6.5544E+07  1.7057E+04  1.5218E+06
0001784   6.3108E+07  6.2640E+05  1.7776E+05
0001785   6.2134E+07  8.0163E+05  7.7002E+05
0001786   6.4234E+07 -3.7851E+04  4.8035E+05
0001787   6.3680E+07  8.9872E+05  8.2524E+04
0001788   6.4567E+07 -1.1834E+06 -5.9305E+05
0001789   6.3569E+07 -1.8935E+06  2.4287E+06
0001790   6.5752E+07  7.7873E+05  1.6573E+06
0001791   6.5018E+07  4.2245E+05 -1.7031E+06
0001792   6.4506E+07 -3.5077E+05  6.3949E+05
0001793   6.7393E+07 -3.7299E+06  1.0943E+06
0001794   6.3823E+07 -1.1504E+06 -1.1541E+06
0001795   6.3017E+07 -7.6202E+05 -5.9707E+05
0001796   6.5506E+07 -2.0906E+06 -4.9845E+05
0001797   6.3234E+07 -1.4358E+06  2.5971E+06
0001798   6.2637E+07  5.2075E+05 -4.7212E+04
0001799   6.2877E+07 -2.6329E+06 -1.6284E+06
0001800   6.4684E+07  9.3143E+05  1.5326E+04
0001801   6.5079E+07  3.4521E+06  1.1066E+06
0001802   6.6717E+07 -5.5259E+04  4.6102E+05
0001803   6.3844E+07  1.1453E+06  2.2886E+06
0001804   6.3411E+07  2.3525E+06 -1.3918E+06
0001805   6.4100E+07 -1.8373E+06  2.3074E+05
0001806   6.4296E+07  1.5636E+06  2.5773E+05
0001807   6.5846E+07  4.1999E+05  1.3593E+05
0001808   6.4700E+07 -1.6884E+06 -5.0014E+05
0001809   6.4449E+07 -2.3211E+05  9.1558E+05
0001810   6.3009E+07  4.0032E+05 -2.6531E+05
0001811   6.3537E+07 -1.8216E+06  2.3723E+05
0001812   6.5429E+07  7.3374E+05 -3.2417E+05
0001813   6.5198E+07  4.9019E+05  8.4212E+05
0001814   6.4170E+07  6.5467E+05  1.5685E+06
0001815   6.3009E+07 -2.6507E+05  8.0173E+05
0001816   6.3581E+07 -1.2903E+06 -1.2047E+06
0001817   6.3519E+07  1.2358E+06 -5.5319E+06
0001818   6.4617E+07 -7.9341E+05  4.2345E+05
0001819   6.6005E+07 -5.8085E+05  8.2212E+05
0001820   6.2993E+07 -3.1702E+06  1.0461E+06
0001821   6.4674E+07 -4.3074E+05  1.0764E+06
0001822   6.2747E+07  1.7920E+06  8.7646E+05
0001823   6.5007E+07  1.1252E+06 -2.3712E+06
0001824   6.5229E+07 -1.2439E+06  9.6940E+04
0001825   6.3464E+07  2.8575E+06 -1.1129E+06
0001826   6.4077E+07 -1.2823E+06  2.2358E+06
0001827   6.6247E+07 -6.6456E+05 -5.6208E+05
0001828   6.6221E+07 -4.1033E+03 -1.7180E+06
0001829   6.4072E+07 -5.0926E+05 -4.3578E+04
0001830   6.4221E+07 -9.1662E+05  2.0390E+06
0001831   6.2972E+07 -5.4723E+05 -5.8589E+05
0001832   6.3588E+07  2.5482E+05  1.3061E+06
0001833   6.3943E+07 -2.3709E+05 -1.0316E+06
0001834   6.4887E+07 -4.6879E+05 -1.5700E+06
0001835   6.3815E+07 -2.6753E+06 -8.5092E+04
0001836   6.3704E+07  3.4062E+05  2.7660E+06
0001837   6.3289E+07 -2.1522E+06 -1.2712E+06
0001838   6.4145E+07 -1.2373E+05  5.2991E+05
0001839   6.3686E+07  2.8277E+06  1.0727E+06
0001840   6.4672E+07  1.8749E+04 -1.7034E+06
0001841   6.4661E+07  1.9751E+06  1.3379E+06
0001842   6.2416E+07 -2.0451E+06 -9.4207E+04
0001843   6.5058E+07  1.1425E+06 -1.9660E+05
0001844   6.4019E+07 -2.2088E+06 -3.6778E+05
0001845   6.4221E+07  3.7244E+05 -2.9247E+06
0001846   6.5175E+07  1.8560E+05  1.4500E+06
0001847   6.3643E+07  1.5840E+06 -6.1814E+05
0001848   6.3906E+07 -3.5528E+05  3.6720E+06
0001849   6.3748E+07 -9.1284E+05 -3.8411E+05
0001850   6.3874E+07  2.9020E+05 -1.0597E+06
0001851   6.3172E+07  5.5606E+05  6.9853E+05
0001852   6.5022E+07  4.7324E+05  1.7728E+06
0001853   6.2607E+07 -5.5950E+05  1.3132E+06
0001854   6.3433E+07  2.5494E+06 -1.0825E+06
0001855   6.4747E+07  1.2996E+06  2.1697E+06
0001856   6.3131E+07 -2.4667E+06 -3.0511E+05
0001857   6.4285E+07 -2.0579E+06  5.8481E+05
0001858   6.4392E+07 -2.8018E+05  2.8171E+06
0001859   6.4640E+07  1.2376E+06  6.6772E+05
0001860   6.5305E+07  2.3239E+06  1.0579E+06
0001861   6.4235E+07 -8.9175E+05  8.4634E+05
0001862   6.4222E+07 -2.2603E+06  1.0710E+06
0001863   6.5222E+07 -1.0378E+06  1.2363E+05
0001864   6.5917E+07  9.4966E+05 -9.2306E+05
0001865   6.3993E+07  1.4800E+06 -1.8846E+06
0001866   6.3515E+07  1.2821E+06  1.2278E+06
0001867   6.5499E+07 -1.3905E+05 -4.6806E+06
0001868   6.5675E+07 -3.5537E+05  1.9948E+06
0001869   6.3393E+07 -6.1746E+04 -5.5032E+05
0001870   6.4098E+07  2.7960E+05  2.5093E+06
0001871   6.2142E+07 -1.5227E+06 -4.6443E+06
0001872   6.6133E+07 -1.8634E+06 -6.8493E+05
0001873   6.4294E+07 -7.4452E+05 -4.9721E+05
0001874   6.5560E+07  5.9517E+06  6.3763E+05
0001875   6.4218E+07 -1.2660E+06  1.4848E+06
0001876   6.4574E+07  1.7548E+06  9.2728E+05
0001877   6.4439E+07  3.4764E+05  9.3107E+05
0001878   6.4565E+07 -4.2165E+05 -1.5297E+05
0001879   6.5664E+07 -7.0175E+05 -2.2136E+06
0001880   6.4731E+07  1.2842E+05  1.7234E+06
0001881   6.2953E+07  1.2919E+06 -3.2901E+06
0001882   6.6508E+07 -5.0109E+05 -3.9571E+06
0001883   6.5798E+07  3.1304E+05  2.6858E+05
0001884   6.3871E+07  2.2595E+05 -1.7432E+06
0001885   6.3096E+07  5.3110E+05  1.9830E+06
0001886   6.5336E+07 -2.2255E+06 -6.3263E+05
0001887   6.5581E+07  5.1136E+05 -3.5382E+05
0001888   6.3552E+07 -6.1058E+05 -3.4378E+05
0001889   6.2768E+07  1.4871E+06  1.1274E+06
0001890   6.6279E+07  1.3852E+06  1.9707E+06
0001891   5.9177E+07  9.0679E+06  1.0446E+07
0001892   6.4390E+07  5.1888E+05 -3.2186E+06
0001893   6.4302E+07  4.0250E+05  1.1290E+06
0001894   6.4800E+07 -8.0176E+04 -2.2269E+05
0001895   6.2744E+07 -2.3350E+06  1.1314E+06
0001896   6.6555E+07  1.2572E+06 -1.3087E+05
0001897   6.3073E+07  9.7705E+05  7.4417E+05
0001898   6.4506E+07 -4.9486E+04  1.3970E+04
0001899   6.5471E+07  2.5168E+06  1.2115E+06
0001900   6.2657E+07  9.1059E+05 -7.9605E+05
0001901   6.4779E+07  3.3798E+05  1.1102E+06
0001902   6.6028E+07  3.2578E+06 -1.5897E+06
0001903   6.3424E+07 -1.7347E+06  6.4064E+05
0001904   6.2990E+07  1.6763E+06 -4.5527E+05
0001905   6.3558E+07  1.9113E+06 -5.6811E+05
0001906   6.3585E+07 -7.1232E+04  1.4873E+06
0001907   6.3296E+07  1.2694E+06  4.0832E+05
0001908   6.5642E+07 -2.9555E+06  4.6809E+04
0001909   6.3044E+07  3.7973E+06  3.2869E+05
0001910   6.2777E+07  6.0992E+05 -1.5191E+06
0001911   6.5119E+07  1.2183E+06 -1.1170E+06
0001912   6.6633E+07 -4.1196E+04  5.1560E+04
0001913   6.4605E+07 -1.1662E+06  2.6636E+05
0001914   6.3896E+07 -3.7095E+05  1.3967E+06
0001915   6.6650E+07  7.2254E+05  4.3936E+05
0001916   6.2909E+07 -9.2883E+05  7.4186E+05
0001917   6.5077E+07  1.1249E+06 -1.0813E+06
0001918   6.5264E+07  1.4714E+06 -5.3019E+05
0001919   6.3472E+07  1.1902E+06 -1.1223E+06
0001920   6.4829E+07  1.6078E+06  9.2392E+05
0001921   6.5876E+07  7.7631E+05 -2.4395E+06
0001922   6.9143E+07  5.6842E+05  8.8229E+05
0001923   6.2875E+07 -4.0700E+05  2.7158E+06
0001924   6.3755E+07  3.5209E+06 -7.5793E+05
0001925   6.7472E+07 -2.3007E+05  1.7884E+06
0001926   6.5851E+07  2.7492E+05  2.9081E+06
0001927   6.3324E+07  4.8741E+05  2.5267E+06
0001928   6.3453E+07 -6.6195E+05  8.8805E+05
0001929   6.2587E+07  1.4745E+06 -1.5355E+05
0001930   6.4405E+07  8.0805E+05 -7.5907E+05
0001931   6.4247E+07 -9.0992E+05 -2.8042E+05
0001932   6.4659E+07  1.3168E+06 -9.1284E+05
0001933   6.4640E+07  1.2588E+06 -9.8452E+05
0001934   6.4825E+07  2.4236E+05  1.3402E+04
0001935   6.2606E+07  9.2903E+05 -2.4265E+05
0001936   6.4963E+07  2.0052E+06 -8.4799E+05
0001937   6.4657E+07 -4.6252E+05  1.0741E+06
0001938   6.6742E+07  7.6106E+05 -1.2686E+06
0001939   6.5958E+07 -2.8115E+05 -1.3659E+05
0001940   6.2618E+07  8.5652E+05 -9.1258E+05
0001941   6.1411E+07 -1.5017E+06 -2.4177E+05
0001942   6.4415E+07  1.3720E+06  1.6647E+06
0001943   6.4902E+07  1.7609E+06 -8.9046E+05
0001944   6.3973E+07  5.5601E+05 -1.7628E+06
0001945   6.5062E+07 -4.5026E+06 -1.9606E+05
0001946   6.4811E+07 -3.1603E+05 -1.6204E+06
0001947   6.3746E+07  1.2920E+06  7.1587E+05
0001948   6.4363E+07  2.6371E+05  2.3743E+06
0001949   6.3667E+07 -1.4251E+06  3.0730E+06
0001950   6.3517E+07  1.0576E+05  5.3574E+05
0001951   6.5326E+07 -1.5824E+06 -1.3831E+06
0001952   6.3914E+07  2.4556E+06 -6.1440E+05
0001953   6.1976E+07  1.4148E+06  4.1773E+05
0001954   6.2305E+07  3.4360E+06  3.9759E+06
0001955   6.5414E+07  2.1897E+04  1.1714E+06
0001956   6.4571E+07  4.5874E+05  6.0805E+05
0001957   6.4702E+07  1.4238E+06  4.2698E+05
0001958   6.5467E+07 -6.2100E+05  7.3548E+05
0001959   6.3960E+07 -9.1231E+05  2.5224E+05
0001960   6.4348E+07 -4.5522E+05 -9.3353E+04
0001961   6.6826E+07 -1.5876E+06 -4.0477E+04
0001962   6.4996E+07 -1.3006E+05 -7.7257E+05
0001963   6.4787E+07 -5.3529E+05  2.9223E+05
0001964   6.5861E+07 -9.6542E+05  5.1175E+05
0001965   6.5062E+07 -4.8346E+05  7.3989E+04
0001966   6.4283E+07 -7.4508E+05  7.4518E+04
0001967   3.2159E+07 -2.5740E+07 -2.3051E+07
0001968   6.4171E+07 -1.6071E+06  1.6532E+06
0001969   6.4145E+07  9.6997E+04  2.3940E+05
0001970   6.4566E+07  2.8207E+05  3.6046E+05
0001971   6.5471E+07 -1.8277E+06  6.5702E+05
0001972   6.3632E+07  1.1277E+06 -1.0388E+06
0001973   6.6243E+07  1.6534E+06 -7.2123E+05
0001974   6.3816E+07 -2.1119E+06  6.0178E+04
0001975   6.6219E+07 -1.0735E+06  2.6794E+05
0001976   6.2827E+07 -2.9000E+05 -3.9996E+05
0001977   6.3166E+07  1.3947E+05  1.1066E+06
0001978   6.2483E+07 -4.7669E+05 -1.9229E+04
0001979   6.4784E+07  7.4001E+05  1.5653E+06
0001980   6.4228E+07 -1.1629E+06 -4.2718E+05
0001981   6.3006E+07 -1.3078E+05 -2.5793E+06
0001982   6.5751E+07 -1.7268E+06  3.6049E+04
0001983   6.4671E+07  3.8174E+05  4.6851E+05
0001984   6.2240E+07  1.4268E+06 -2.6542E+05
0001985   6.3372E+07  6.5650E+05  1.0791E+06
0001986   6.5158E+07  1.2983E+05 -3.2763E+05
0001987   6.3026E+07  2.1591E+06  2.3654E+06
0001988   6.4956E+07 -3.3914E+05 -3.5452E+05
0001989   6.4848E+07 -4.9239E+05  3.6771E+05
0001990   6.8084E+07 -3.7903E+05  1.9855E+05
0001991   6.5123E+07 -1.4306E+06 -6.0650E+04
0001992   6.3686E+07  8.0057E+05  1.4539E+06
0001993   6.3458E+07  2.0759E+05  7.9679E+05
0001994   6.3172E+07 -7.0749E+05 -3.5505E+06
0001995   6.4024E+07  1.1022E+06 -3.4408E+06
0001996   6.2938E+07 -4.5249E+05 -1.0822E+06
0001997   6.6523E+07  1.9752E+06  3.8793E+06
0001998   6.6331E+07  1.2959E+06  2.0704E+06
0001999   6.3945E+07  1.6215E+06 -9.0378E+03
0002000   6.4681E+07 -8.4590E+05 -1.9205E+06
0002001   6.4147E+07  3.1415E+06  1.7746E+06
0002002   6.3352E+07  9.1427E+05  6.2072E+05
0002003   6.2894E+07 -9.6742E+05  4.3542E+05
0002004   6.5176E+07 -7.9056E+05 -1.3459E+06
0002005   6.5435E+07 -1.5292E+06  6.5312E+05
0002006   5.9102E+07 -1.0020E+07 -7.5288E+06
0002007   6.5582E+07  1.2164E+06  7.7554E+05
0002008   6.6689E+07 -7.0193E+05  2.7999E+05
0002009   6.3467E+07  2.3813E+06  1.1310E+06
0002010   6.4980E+07  4.2315E+05 -5.1490E+05
0002011   6.5012E+07 -6.6328E+05  7.6027E+05
0002012   6.4855E+07 -2.0998E+06  1.4958E+06
0002013   6.3984E+07  1.0756E+06 -3.6592E+05
0002014   6.4971E+07 -5.5089E+05 -9.0118E+05
0002015   6.3799E+07 -1.4707E+06 -8.0430E+05
0002016   6.3301E+07  5.3201E+05  5.0363E+05
0002017   6.3352E+07  3.9954E+06  1.7405E+06
0002018   6.0637E+07  1.7876E+06 -1.4849E+06
0002019   6.6107E+07 -9.4792E+05  1.2748E+06
0002020   6.4277E+07  2.5853E+06  1.1739E+05
0002021   6.4908E+07  2.5589E+06 -2.2766E+06
0002022   6.1524E+07 -8.5233E+05 -1.7893E+06
0002023   6.4359E+07  4.2128E+06  2.8278E+05
0002024   6.3423E+07 -4.5512E+05 -6.3209E+05
0002025   6.5769E+07 -1.4300E+06  7.5276E+05
0002026   6.6949E+07  1.8130E+05  2.7016E+05
0002027   6.4635E+07 -1.3489E+06 -6.1507E+05
0002028   6.6510E+07 -1.4020E+05 -2.0849E+06
0002029   6.5625E+07  6.1866E+05  9.3988E+04
0002030   6.3399E+07 -5.3938E+06 -2.8081E+05
0002031   6.2503E+07  6.7480E+05 -1.9291E+06
0002032   6.6617E+07 -5.9755E+05 -1.3578E+06
0002033   6.4092E+07 -3.8442E+05 -8.3951E+05
0002034   6.4088E+07  7.1208E+05 -1.9859E+06
0002035   6.5161E+07 -8.4546E+05  1.4502E+06
0002036   6.5468E+07 -5.6749E+06 -7.5672E+06
0002037   6.3513E+07 -1.0278E+06 -9.9171E+05
0002038   6.4010E+07  4.2939E+05 -1.3059E+06
0002039   6.5516E+07  3.8128E+05  4.0108E+05
0002040   6.5571E+07 -5.9977E+05 -5.9925E+05
0002041   6.6230E+07 -7.8945E+05 -4.1349E+05
0002042   6.4261E+07  2.8279E+06  1.0829E+06
0002043   6.4183E+07 -3.3049E+06  1.7350E+06
0002044   6.3363E+07  3.0281E+06 -1.9738E+06
0002045   6.4087E+07 -9.6748E+05 -2.5387E+06
0002046   5.2155E+07  5.7726E+06 -1.2206E+07
0002047   6.4751E+07  3.0043E+06  4.8466E+05
0002048   6.6364E+07 -1.4389E+06  7.7283E+05
0002049   6.2091E+07  4.7279E+05  2.4848E+06
0002050   6.6006E+07  4.3144E+05 -1.0033E+05
0002051   6.5188E+07 -6.5237E+05 -1.2165E+06
0002052   6.4289E+07  9.2867E+05 -4.0417E+05
0002053   6.4365E+07  1.8755E+06 -2.6132E+06
0002054   6.5300E+07  1.0416E+06  1.7752E+06
0002055   6.5324E+07 -8.5348E+05  1.7406E+06
0002056   6.3996E+07  1.0547E+06  7.2686E+05
0002057   6.4979E+07  1.3820E+06  5.3316E+05
0002058   6.4728E+07 -6.0411E+05 -2.0407E+06
0002059   6.5151E+07 -7.2504E+05  2.0497E+05
0002060   6.6065E+07 -4.1202E+05  1.1994E+06
0002061   6.5981E+07 -1.6109E+06 -1.8496E+06
0002062   6.1180E+07  2.4436E+06 -2.7842E+05
0002063   6.4798E+07  5.4508E+05 -1.1493E+06
0002064   6.5529E+07 -1.8302E+06 -2.4670E+06
0002065   6.5696E+07  4.9710E+05  6.0158E+05
0002066   6.2711E+07 -1.6221E+06 -7.6623E+05
0002067   6.3873E+07  5.7155E+05 -1.4597E+06
0002068   6.5131E+07  2.9034E+06 -7.7940E+05
0002069   6.2989E+07 -4.7324E+05 -1.6252E+06
0002070   6.4112E+07  3.7231E+05  1.4622E+06
0002071   6.3842E+07 -1.4380E+06  5.1345E+06
0002072   6.4727E+07 -2.4006E+06 -1.1240E+06
0002073   6.3697E+07  3.9720E+06  7.1523E+06
0002074   6.4468E+07  3.7054E+05 -1.8470E+06
0002075   6.5596E+07  1.2285E+06  1.5159E+06
0002076   6.5975E+07  3.6771E+05  4.2139E+05
0002077   6.3475E+07 -1.6606E+05 -6.3969E+05
0002078   6.2140E+07  9.0424E+05 -1.9913E+06
0002079   6.4449E+07 -1.9355E+04 -1.4645E+06
0002080   6.4634E+07  9.9979E+05  1.4994E+06
0002081   6.3752E+07  7.0882E+05  1.8596E+05
0002082   6.1889E+07 -4.3075E+05 -1.9491E+06
0002083   4.3740E+07 -1.8737E+07  1.5863E+07
0002084   6.3409E+07 -6.8826E+05  2.0377E+05
0002085   6.4407E+07 -2.5028E+06 -1.0134E+06
0002086   6.3538E+07 -4.5190E+05 -2.4594E+06
0002087   6.5673E+07 -4.3483E+05  1.4106E+06
0002088   6.2301E+07 -3.2844E+05 -1.0715E+06
0002089   6.4345E+07 -1.3522E+06  9.2341E+05
0002090   6.4627E+07 -1.2755E+06  5.0567E+05
0002091   6.3811E+07  1.3403E+05  2.7775E+05
0002092   6.2453E+07  1.6586E+06 -1.8802E+06
0002093   6.6065E+07 -9.8122E+05  1.1891E+06
0002094   6.3845E+07 -6.5051E+05  1.0956E+06
0002095   6.3421E+07 -2.8621E+05 -6.8339E+05
0002096   6.3841E+07  2.5887E+04 -5.7996E+05
0002097   6.5072E+07 -1.1347E+06 -1.4825E+06
0002098   6.5086E+07  1.7243E+06  5.3113E+05
0002099   6.4815E+07  6.9107E+04  1.7867E+06
0002100   6.4082E+07  6.9328E+05  5.1628E+05
0002101   6.4237E+07 -2.4237E+06 -2.7874E+05
0002102   6.4429E+07 -1.1843E+06 -8.3569E+05
0002103   6.5123E+07  2.2102E+05 -1.8876E+06
0002104   6.6298E+07 -2.9507E+06  9.5399E+05
0002105   6.3266E+07  1.0537E+06  8.6760E+05
0002106   6.4748E+07  3.7974E+05  1.2743E+06
0002107   6.4350E+07  7.8475E+05  1.4885E+06
0002108   6.5485E+07 -1.2932E+06 -9.8376E+05
0002109   6.5271E+07  4.4923E+06  3.1539E+06
0002110   6.4552E+07  7.3659E+05  3.0598E+06
0002111   6.5056E+07 -5.8426E+04 -2.8137E+03
0002112   6.3892E+07  1.0327E+06 -2.8678E+05
0002113   6.3745E+07 -1.8754E+06  5.4865E+05
0002114   6.3417E+07 -1.6005E+06 -2.6607E+06
0002115   6.5229E+07 -2.3847E+06 -2.9215E+05
0002116   6.4267E+07 -1.3883E+06  1.1558E+05
0002117   6.3729E+07 -2.2482E+05  5.3461E+05
0002118   6.4925E+07 -8.4333E+05  9.5006E+05
0002119   6.3756E+07 -4.7867E+04 -2.0859E+06
0002120   6.7029E+07 -2.5521E+05  1.0668E+06
0002121   6.3892E+07 -2.8371E+06  9.5189E+05
0002122   6.3908E+07  2.8063E+06  1.7398E+06
0002123   6.4290E+07 -1.9683E+06  1.9509E+05
0002124   6.5408E+07  5.3329E+05 -2.0640E+05
0002125   6.6300E+07  5.8559E+05  1.3689E+06
0002126   6.3951E+07 -2.9745E+05  6.2577E+05
0002127   6.4285E+07  6.6068E+05  5.7579E+05
0002128   6.5088E+07  6.7417E+05 -1.0663E+06
0002129   6.5783E+07 -1.9458E+04 -7.0676E+05
0002130   6.4024E+07  2.5899E+05  1.4262E+06
0002131   6.4161E+07  2.2171E+06 -5.2529E+05
0002132   6.4853E+07  6.3506E+05  2.1470E+05
0002133   6.5435E+07 -1.8648E+05 -1.4503E+06
0002134   6.5794E+07  4.3199E+04 -4.2927E+04
0002135   6.3157E+07  7.0049E+05  2.2808E+05
0002136   6.3781E+07 -1.2226E+06  1.7082E+05
0002137   6.2245E+07 -6.3195E+05  8.6193E+06
0002138   6.5196E+07 -5.9741E+05  9.4900E+05
0002139   6.4019E+07 -2.1913E+06  5.7269E+04
0002140   6.3666E+07  1.1742E+06 -2.4617E+06
0002141   6.3917E+07  1.3781E+06  8.4616E+05
0002142   6.5280E+07  1.1193E+06 -2.6035E+06
0002143   6.2799E+07 -2.7028E+05  3.4371E+06
0002144   6.4892E+07  1.3135E+06  3.0490E+06
0002145   6.3864E+07  5.2180E+05  1.0456E+06
0002146   6.3316E+07  4.0484E+05  3.9118E+04
0002147   6.4377E+07  6.8556E+05 -1.6971E+06
0002148   6.1732E+07 -1.9889E+06 -2.7197E+06
0002149   6.6884E+07  3.0713E+06  1.8963E+06
0002150   6.5911E+07 -3.4201E+05 -6.0460E+05
0002151   6.4289E+07 -3.1116E+05  1.0037E+06
0002152   6.3212E+07 -9.2308E+05  8.4994E+04
0002153   6.5290E+07  9.7738E+05  1.2849E+05
0002154   6.4909E+07  4.5136E+05  2.7562E+06
0002155   6.7126E+07  2.7059E+06 -1.3808E+06
0002156   6.3975E+07  8.1432E+05 -5.2745E+04
0002157   6.3819E+07 -1.0312E+06 -1.7520E+06
0002158   6.5658E+07 -1.1056E+06 -1.1772E+05
0002159   6.5670E+07 -5.7870E+05 -1.8669E+06
0002160   6.3644E+07 -1.7846E+06 -3.3120E+06
0002161   6.3489E+07 -5.5898E+04  3.0752E+05
0002162   6.3739E+07  1.0656E+06  2.3314E+06
0002163   6.4121E+07 -1.2518E+06  1.6604E+06
0002164   6.5571E+07  3.2126E+05  1.1305E+06
0002165   6.3347E+07 -1.6032E+06  1.9701E+05
0002166   6.4524E+07  1.0758E+06 -7.6071E+05
0002167   6.2938E+07  9.6075E+05  1.5732E+06
0002168   6.3656E+07  6.6969E+06  1.3317E+06
0002169   6.3346E+07  1.3679E+06  5.3441E+05
0002170   6.2208E+07  6.8225E+05 -1.9596E+05
0002171   6.3214E+07  3.4028E+06 -1.3555E+06
0002172   6.4325E+07 -2.5046E+06  1.0144E+06
0002173   6.5168E+07 -9.7995E+05 -1.5985E+06
0002174   6.5663E+07  4.2516E+04  4.5888E+05
0002175   6.4440E+07  1.6256E+06 -1.2711E+06
0002176   6.3795E+07  1.3468E+06  1.4160E+06
0002177   6.4788E+07 -8.1513E+04 -2.6131E+05
0002178   6.5996E+07  6.4342E+05  2.5176E+06
0002179   6.5811E+07  8.4580E+05 -6.4514E+05
0002180   6.4721E+07 -4.8771E+05  3.1434E+06
0002181   6.7108E+07 -1.0842E+06  1.4461E+06
0002182   6.7096E+07  4.9781E+05  1.2796E+06
0002183   6.6072E+07 -5.8685E+05  8.9167E+05
0002184   6.2860E+07 -4.3271E+05  1.0955E+06
0002185   6.4310E+07  3.9240E+06 -1.6174E+06
0002186   6.1533E+07  6.8800E+06  1.2611E+07
0002187   6.4835E+07 -8.7870E+05  1.0005E+05
0002188   6.2162E+07 -1.4525E+06  1.7479E+06
0002189   6.4836E+07  3.4146E+04 -2.1853E+06
0002190   6.2515E+07 -2.0757E+06  1.6252E+06
0002191   6.3766E+07 -9.0226E+04  2.6232E+06
0002192   6.5727E+07  8.8345E+05  1.0985E+06
0002193   6.3472E+07  1.3513E+06 -1.3867E+06
0002194   6.3797E+07  1.5133E+05  9.2449E+05
0002195   6.5888E+07 -2.6835E+05 -1.1445E+05
0002196   6.4956E+07  2.4014E+06 -1.8088E+06
0002197   6.5009E+07 -1.8466E+06  7.4230E+05
0002198   6.5729E+07  1.7666E+05  1.0573E+06
0002199   6.3336E+07 -4.7389E+05 -2.7253E+04
0002200   6.2490E+07 -1.3284E+06  7.4856E+06
0002201   6.3873E+07 -1.5492E+06 -4.6485E+05
0002202   6.5632E+07  2.0594E+06 -1.7562E+06
0002203   6.3682E+07 -5.7431E+05  6.0591E+05
0002204   6.5246E+07 -1.3975E+06  4.1160E+04
0002205   6.3687E+07 -1.1337E+06 -3.8265E+05
0002206   6.5268E+07  1.9027E+06  1.0802E+05
0002207   6.4646E+07  3.3927E+05 -8.1974E+05
0002208   6.4266E+07  6.4943E+05 -7.8728E+05
0002209   6.3939E+07  2.0376E+06 -9.3579E+05
0002210   6.5123E+07 -2.4584E+05  6.5275E+05
0002211   6.6070E+07 -5.9081E+05 -2.2149E+06
0002212   6.4415E+07 -1.8270E+06 -1.4929E+06
0002213   6.4585E+07  2.4796E+03  9.9450E+05
0002214   6.5180E+07 -9.2724E+05 -9.2391E+05
0002215   6.5230E+07 -5.9975E+04 -2.4534E+06
0002216   6.4859E+07 -9.2575E+05 -1.1486E+06
0002217   6.4918E+07 -5.7818E+05 -8.9395E+05
0002218   6.2890E+07 -1.0902E+06 -2.8635E+05
0002219   6.3482E+07  1.8212E+06  2.3374E+06
0002220   6.5993E+07  3.0305E+04  6.7896E+05
0002221   6.3660E+07  7.1990E+05  8.0519E+05
0002222   6.3047E+07  5.5751E+05 -1.7545E+06
0002223   6.4391E+07 -2.4838E+06 -7.4498E+05
0002224   6.3691E+07 -6.8126E+05 -7.7406E+05
0002225   6.3454E+07  5.7523E+04  2.9470E+05
0002226   6.5491E+07  1.1931E+06  2.2525E+05
0002227   6.3661E+07 -1.1793E+06 -1.4665E+06
0002228   6.4345E+07 -4.4194E+05  1.5705E+05
0002229   6.4736E+07  5.1063E+05 -1.1275E+06
0002230   6.2870E+07  1.5059E+06 -2.9194E+06
0002231   6.7130E+07 -8.3433E+05 -9.2104E+05
0002232   6.7416E+07 -6.4477E+05 -1.1071E+05
0002233   6.3337E+07 -5.8171E+05  3.5124E+05
0002234   6.3758E+07 -2.4734E+06  2.8062E+05
0002235   6.4389E+07  1.3687E+06  6.7901E+05
0002236   6.4745E+07 -1.1249E+06  3.1620E+05
0002237   6.4204E+07  1.1729E+06  5.1378E+06
0002238   6.3119E+07  1.1374E+06 -9.5921E+04
0002239   6.4759E+07 -8.0969E+05 -1.0235E+06
0002240   6.5715E+07  2.2247E+05  1.5163E+06
0002241   4.9543E+07 -1.2687E+07 -1.5003E+07
0002242   6.5095E+07 -2.1911E+06  2.7406E+06
0002243   6.3032E+07  2.1335E+06 -7.3975E+05
0002244   6.6580E+07 -1.7454E+06  3.8977E+05
0002245   6.4852E+07  3.6630E+05  1.8964E+05
0002246   6.5362E+07 -7.6961E+05 -1.2257E+06
0002247   6.6788E+07 -1.0923E+06  2.4839E+05
0002248   6.4139E+07  7.8604E+05  5.5581E+05
0002249   6.3949E+07  9.6014E+05  2.0881E+06
0002250   6.4077E+07 -3.0331E+05  6.4088E+05
0002251   6.5466E+07  1.0598E+06 -1.0320E+05
0002252   6.3727E+07 -6.9379E+05 -1.0844E+06
0002253   6.6093E+07  1.7872E+06  3.1114E+05
0002254   6.5038E+07 -1.0998E+06 -1.5341E+06
0002255   6.5840E+07 -1.1289E+06 -5.7080E+05
0002256   6.4121E+07  7.9361E+05 -4.1118E+05
0002257   6.4631E+07  2.0517E+06 -2.0707E+06
0002258   6.4664E+07  1.5484E+06 -1.5257E+06
0002259   6.4469E+07 -1.7138E+06 -1.3048E+06
0002260   6.5111E+07  7.5663E+04 -4.1883E+05
0002261   6.5012E+07  9.7480E+05 -3.4239E+05
0002262   6.2865E+07 -2.3321E+06  2.1827E+05
0002263   6.3137E+07 -1.1617E+06 -3.5570E+05
0002264   6.4486E+07 -2.7402E+05  1.3949E+06
0002265   6.2562E+07 -8.3211E+05 -1.8906E+06
0002266   6.3586E+07 -1.3340E+05 -2.6153E+06
0002267   6.5978E+07  8.4372E+05 -1.5846E+05
0002268   6.2648E+07  9.1322E+05  2.6732E+06
0002269   6.3840E+07 -6.6380E+05  1.3852E+06
0002270   6.3121E+07 -9.7635E+05 -1.3699E+06
0002271   6.2608E+07 -8.1577E+05  7.7686E+05
0002272   6.2662E+07 -2.1165E+06 -1.5132E+04
0002273   6.4375E+07 -2.5880E+06  9.4522E+05
0002274   6.5129E+07  1.0922E+06 -2.2287E+05
0002275   6.4361E+07 -5.9034E+05  1.2497E+06
0002276   6.3762E+07 -1.4182E+06 -8.6114E+04
0002277   6.3678E+07  1.0368E+05 -6.7697E+04
0002278   6.3904E+07 -5.2925E+05 -3.5670E+05
0002279   6.5138E+07  1.4940E+05 -1.0318E+06
0002280   6.2879E+07  3.1913E+05 -3.4582E+05
0002281   6.3122E+07  1.2638E+06 -9.9529E+05
0002282   6.4826E+07 -1.9955E+06 -8.1418E+05
0002283   6.4324E+07 -3.2089E+05 -1.0487E+06
0002284   6.4932E+07 -8.8420E+05  2.9798E+05
0002285   6.3913E+07  5.2456E+05  1.6824E+06
0002286   6.2129E+07  1.7648E+05  1.4431E+06
0002287   6.5566E+07  5.9458E+06  1.9874E+06
0002288   6.4127E+07 -1.1014E+06 -3.1190E+05
0002289   6.4535E+07  1.0621E+06 -2.9268E+06
0002290   6.5134E+07  9.5519E+04 -4.4004E+05
0002291   6.4466E+07  2.5963E+06 -1.3488E+05
0002292   6.4116E+07 -3.6070E+06  1.5345E+05
0002293   6.4697E+07 -4.0562E+05 -7.4087E+05
0002294   6.4902E+07  1.8051E+06 -9.2824E+05
0002295   6.4539E+07 -1.5676E+06  2.9848E+06
0002296   6.3903E+07 -1.5065E+06  1.2382E+06
0002297   6.2968E+07 -4.0748E+05 -7.2874E+05
0002298   6.3088E+07  1.5081E+06 -2.1399E+05
0002299   6.3996E+07  1.7412E+06  3.8658E+05
0002300   6.5004E+07  8.9492E+05  1.9852E+06
0002301   6.5403E+07  8.7566E+05  6.8480E+05
0002302   6.2045E+07  1.8287E+06 -6.0124E+05
0002303   6.3716E+07  9.4673E+05 -3.3532E+05
0002304   6.4051E+07  3.7638E+05  5.4838E+05
0002305   6.5386E+07 -3.9237E+06  3.1635E+06
0002306   6.4879E+07  3.3119E+05 -1.8649E+06
0002307   6.5337E+07  4.4906E+05  5.4032E+05
0002308   6.5523E+07 -1.1981E+06 -1.6869E+05
0002309   6.5885E+07  1.6287E+06  8.6439E+05
0002310   6.3564E+07  2.4621E+06 -1.0226E+06
0002311   6.4314E+07  2.8693E+05  1.3359E+06
0002312   6.5120E+07  6.6979E+05  5.5710E+04
0002313   6.5580E+07 -3.4081E+06  2.5086E+06
0002314   6.4866E+07  8.4889E+05  1.2676E+06
0002315   6.4302E+07  3.5414E+05  8.8442E+05
0002316   6.5740E+07 -2.3504E+06  1.9536E+06
0002317   6.3827E+07  1.2884E+05  2.5160E+06
0002318   6.5221E+07 -1.2509E+06 -1.1712E+06
0002319   6.5276E+07 -8.0108E+05  2.3627E+06
0002320   6.5111E+07  3.7445E+06  3.5412E+05
0002321   6.4577E+07  9.7963E+05  1.8867E+06
0002322   6.4033E+07  2.2709E+05 -3.2961E+06
0002323   6.3982E+07  9.8325E+05 -1.7481E+06
0002324   6.5474E+07 -1.0866E+06  2.5649E+05
0002325   6.3047E+07 -1.8475E+06 -7.0533E+05
0002326   6.4497E+07 -1.3171E+06 -1.6312E+06
0002327   6.3464E+07  2.2791E+06 -2.5625E+06
0002328   6.2993E+07 -8.7319E+05 -4.7190E+05
0002329   6.3793E+07 -5.5082E+05 -5.7591E+03
0002330   6.6916E+07 -1.8480E+06 -1.9943E+05
0002331   6.3811E+07 -1.1934E+06  1.6037E+06
0002332   6.6098E+07 -8.9243E+05  1.6212E+05
0002333   6.5418E+07  2.0167E+06  3.3544E+06
0002334   6.5895E+07  4.4167E+06  2.4663E+06
0002335   6.5287E+07  3.8895E+05  1.8778E+05
0002336   6.3394E+07 -4.1769E+05  4.7549E+04
0002337   6.5374E+07 -1.2072E+06 -1.5164E+06
0002338   6.4246E+07  1.8444E+06 -3.1683E+06
0002339   6.4702E+07 -1.9797E+06  3.0777E+05
0002340   6.4744E+07 -2.8921E+04 -1.6958E+06
0002341   6.5908E+07 -3.4484E+05  8.2183E+05
0002342   6.4505E+07 -4.6830E+05 -1.6218E+06
0002343   6.3333E+07  2.1662E+06 -3.9214E+06
0002344   6.4509E+07 -6.0822E+05 -1.1123E+06
0002345   6.5581E+07 -1.1983E+06  2.7907E+06
0002346   6.6265E+07 -2.7577E+06 -8.3287E+05
0002347   6.4197E+07 -1.2991E+06 -4.3800E+05
0002348   6.3999E+07  1.6371E+06  4.0683E+06
0002349   6.4346E+07 -1.7091E+06 -1.4201E+06
0002350   6.2299E+07 -2.4705E+05 -2.3844E+04
0002351   6.5824E+07 -1.4068E+06 -8.7131E+05
0002352   6.6553E+07 -7.6161E+04  9.7868E+05
0002353   6.3286E+07  3.0579E+05  2.7063E+05
0002354   6.3683E+07 -1.8701E+06  3.3357E+06
0002355   6.5362E+07 -2.8607E+05  3.1367E+06
0002356   6.4408E+07 -1.4893E+06 -1.5079E+06
0002357   6.2855E+07  5.0319E+06 -1.5856E+06
0002358   6.5766E+07 -1.7932E+06  1.4066E+05
0002359   6.5979E+07  1.5139E+05 -1.1951E+06
0002360   6.5680E+07  4.6712E+05  1.3459E+06
0002361   6.4315E+07  9.9546E+05 -6.2520E+05
0002362   5.1815E+07  1.0490E+07  6.1174E+05
0002363   6.7888E+07  3.8281E+05 -7.9854E+05
0002364   6.1976E+07  5.7482E+05 -3.8122E+06
0002365   6.5171E+07  6.4097E+05 -2.2205E+05
0002366   6.4315E+07 -2.7690E+05  3.8975E+05
0002367   6.4448E+07  5.7101E+05 -2.0869E+05
0002368   6.3163E+07  3.8597E+06  7.5648E+04
0002369   6.6541E+07 -1.6370E+05 -9.2969E+05
0002370   6.3430E+07  1.7307E+05  1.3770E+06
0002371   6.5235E+07 -6.3451E+05 -1.4085E+05
0002372   6.2696E+07 -3.5152E+05 -1.5687E+06
0002373   6.4274E+07 -2.0965E+06 -2.3760E+06
0002374   6.4386E+07 -1.2824E+05 -1.4405E+06
0002375   6.4502E+07  7.2842E+05 -1.2737E+06
0002376   6.4306E+07  2.9824E+06  1.2898E+06
0002377   6.4875E+07 -2.3726E+05  1.5070E+06
0002378   6.3623E+07  4.3719E+05 -6.3133E+05
0002379   6.5207E+07  2.8806E+06  1.0521E+06
0002380   6.3863E+07 -6.6813E+05 -3.4430E+05
0002381   6.5078E+07 -2.2134E+06 -1.0399E+06
0002382   6.3467E+07 -2.1624E+05 -3.2403E+06
0002383   6.4573E+07 -2.6093E+06  3.0074E+06
0002384   6.4732E+07  1.3063E+06  4.4194E+05
0002385   6.5710E+07  9.3572E+05  2.6564E+06
0002386   6.2250E+07  3.0413E+06  1.6579E+06
0002387   6.4859E+07  1.0047E+06  4.2184E+05
0002388   6.6225E+07 -9.4206E+05 -9.1410E+05
0002389   6.4924E+07  3.1569E+06  6.7404E+05
0002390   6.3690E+07 -4.7360E+05  2.5614E+06
0002391   6.2821E+07 -4.3668E+06 -2.0008E+06
0002392   6.4635E+07  1.2818E+06  4.7591E+05
0002393   6.5730E+07 -1.7179E+05 -8.9502E+05
0002394   6.4817E+07  1.8356E+06  5.9477E+05
0002395   6.3065E+07 -1.3739E+06 -7.1197E+05
0002396   6.5915E+07 -1.3881E+06  2.0823E+06
0002397   6.7609E+07  1.5467E+05  3.3687E+05
0002398   6.5775E+07  1.0782E+06  1.8333E+06
0002399   6.6307E+07 -2.2092E+05  1.6939E+06
0002400   6.7313E+07  4.1633E+06  3.8847E+05
0002401   6.3792E+07 -8.6195E+05 -2.1764E+06
0002402   6.4298E+07  7.3206E+05 -1.8148E+06
0002403   6.4174E+07  2.6530E+05  2.5380E+05
0002404   6.4035E+07  5.5508E+05  1.5347E+06
0002405   6.3468E+07 -5.3957E+05  3.3723E+05
0002406   6.6716E+07 -9.0300E+05 -1.4044E+06
0002407   6.3902E+07  5.1606E+06 -1.1595E+06
0002408   6.4494E+07  1.8103E+06  7.0939E+05
0002409   6.5152E+07  1.8793E+06 -2.3824E+05
0002410   6.3857E+07 -1.0082E+06 -8.5618E+05
0002411   6.3815E+07 -2.1381E+04  9.7179E+05
0002412   6.3834E+07 -8.7203E+05 -1.1201E+06
0002413   6.4642E+07 -6.2137E+05  1.6484E+06
0002414   6.4915E+07 -5.0112E+06 -4.0075E+06
0002415   6.4131E+07  2.0729E+06 -2.7258E+06
0002416   6.5282E+07 -2.5509E+06  2.1110E+05
0002417   6.3909E+07  9.7494E+05 -1.9656E+06
0002418   6.4922E+07  2.7730E+06  6.0514E+05
0002419   6.6718E+07 -1.6990E+05 -2.1897E+06
0002420   6.5291E+07  2.0017E+06  7.2144E+05
0002421   6.5342E+07  6.7435E+05  1.8230E+06
0002422   6.3979E+07 -2.0820E+05 -1.6915E+06
0002423   6.3922E+07  1.0321E+06  9.7705E+05
0002424   6.3287E+07 -4.6814E+04  1.5118E+06
0002425   6.5766E+07 -6.8664E+05 -8.0031E+05
0002426   6.5496E+07  3.7230E+05 -5.1929E+05
0002427   6.3559E+07 -4.6038E+05  2.7025E+06
0002428   6.4192E+07  8.0975E+05 -3.5914E+05
0002429   6.6474E+07 -2.2942E+06  1.0653E+06
0002430   6.5276E+07  4.4261E+04 -3.6611E+05
0002431   6.7126E+07  1.4147E+06  2.3323E+06
0002432   6.5875E+07 -7.7633E+05  1.5320E+05
0002433   6.2833E+07 -6.1359E+05 -3.5709E+06
0002434   6.2294E+07 -5.7856E+05 -3.0342E+05
0002435   6.4984E+07 -1.3832E+06 -2.8070E+06
0002436   6.5083E+07  1.0869E+06 -5.7188E+05
0002437   6.3058E+07 -2.4636E+04  5.9350E+05
0002438   6.4292E+07 -2.2145E+06 -1.0112E+06
0002439   6.3389E+07  2.2058E+06 -4.2959E+05
0002440   6.4085E+07  1.4856E+05 -1.5278E+06
0002441   6.1732E+07 -4.2856E+06 -1.4526E+06
0002442   6.3913E+07  2.0195E+06 -4.5732E+06
0002443   6.4018E+07  1.0017E+06  9.7465E+05
0002444   6.3139E+07  2.6632E+05 -9.7685E+05
0002445   6.2771E+07  4.9237E+05 -5.4139E+05
0002446   6.2674E+07 -5.0140E+05 -5.6532E+05
0002447   6.4197E+07 -3.6286E+05  2.4719E+06
0002448   6.7846E+07  5.1441E+05  2.4795E+06
0002449   6.6377E+07 -4.9596E+05  3.0849E+05
0002450   6.5323E+07 -6.3937E+05  9.6728E+04
0002451   6.4559E+07  7.4839E+05  1.1159E+06
0002452   6.5083E+07 -1.6967E+05 -2.2872E+06
0002453   6.4118E+07 -1.5777E+06 -7.6910E+06
0002454   6.3180E+07  3.4943E+04 -7.2752E+05
0002455   6.4056E+07  1.7896E+06  3.7341E+06
0002456   6.3956E+07  1.1785E+06 -2.1061E+06
0002457   6.3091E+07  6.7986E+05  5.1126E+05
0002458   6.4443E+07  5.5958E+05  1.4553E+06
0002459   6.5054E+07 -1.1476E+05 -1.9621E+06
0002460   6.3930E+07  1.8754E+06  3.5374E+05
0002461   6.4235E+07 -5.7201E+05 -5.0807E+05
0002462   6.3278E+07 -2.5684E+06  2.4738E+06
0002463   6.6450E+07  4.1603E+05  1.1472E+06
0002464   6.3015E+07 -1.8204E+05 -1.2307E+06
0002465   6.4534E+07 -1.5467E+06  1.4225E+06
0002466   6.3815E+07  1.0480E+06  1.5531E+06
0002467   6.4153E+07  5.2841E+05 -4.7594E+05
0002468   6.3298E+07  8.7631E+04  9.0208E+05
0002469   6.3792E+07 -4.8763E+06 -3.2188E+06
0002470   6.3148E+07 -2.1777E+04 -3.3326E+05
0002471   6.4706E+07  2.3490E+06 -3.1787E+05
0002472   6.3913E+07  1.3320E+06 -6.0428E+04
0002473   6.3183E+07 -7.6050E+04 -3.5219E+06
0002474   6.2735E+07  9.1288E+05  1.7529E+06
0002475   6.3388E+07 -7.8860E+05  2.0820E+05
0002476   6.4518E+07  1.8459E+06 -1.9694E+06
0002477   6.3333E+07 -5.7428E+05 -1.2461E+06
0002478   6.6035E+07  1.8432E+06  8.7482E+05
0002479   6.5229E+07  1.7252E+06  7.3995E+05
0002480   6.4854E+07  1.2347E+06  2.4753E+06
0002481   6.3662E+07 -3.8498E+05 -4.7760E+05
0002482   6.5587E+07 -1.9344E+06 -6.6004E+05
0002483   6.4239E+07  3.9610E+05  1.3665E+05
0002484   6.4279E+07  8.6077E+05 -1.5110E+06
0002485   6.5280E+07 -8.0646E+05 -3.0393E+02
0002486   4.8815E+07 -1.1262E+07  9.9264E+06
0002487   6.3824E+07  3.5689E+06  2.4034E+04
0002488   6.3092E+07 -6.4991E+05  3.0766E+06
0002489   6.4367E+07  2.0884E+05 -1.6026E+06
0002490   6.4928E+07 -2.8870E+06  1.3071E+05
0002491   6.3012E+07 -2.2491E+06  6.0418E+05
0002492   6.4208E+07  6.2564E+05 -1.1760E+06
0002493   6.4780E+07  6.9538E+05 -1.9435E+06
0002494   6.4211E+07  8.9055E+05 -1.1298E+05
0002495   6.4689E+07 -5.7152E+05 -1.2925E+06
0002496   6.5588E+07  3.2313E+06  3.3501E+04
0002497   6.4061E+07 -4.3376E+05  2.0915E+06
0002498   6.4693E+07 -3.3150E+06  2.3716E+05
0002499   6.3997E+07  6.3764E+05 -2.5504E+05
0002500   6.5880E+07  2.1586E+06  1.0102E+06
0002501   6.5077E+07  7.4815E+05  4.9235E+05
0002502   6.0414E+07  5.9777E+06 -2.5634E+06
0002503   6.5548E+07  1.0244E+06  2.2903E+05
0002504   6.4609E+07  2.2318E+06 -1.9123E+06
0002505   6.4504E+07 -3.6003E+06 -7.7042E+05
0002506   6.6716E+07  8.1716E+05 -4.6169E+05
0002507   6.3719E+07 -1.2065E+06 -5.6014E+04
0002508   6.1770E+07  5.5291E+05 -4.3993E+05
0002509   6.5552E+07  1.2849E+06  1.0972E+06
0002510   6.2162E+07  3.6745E+06  3.4114E+06
0002511   6.6135E+07 -1.0735E+06  6.7711E+05
0002512   6.3851E+07 -1.1171E+05  3.1984E+06
0002513   6.4306E+07 -1.0819E+06  2.3159E+06
0002514   6.5595E+07  2.9612E+06  3.4082E+06
0002515   6.3879E+07 -4.0211E+05  1.1580E+04
0002516   6.5383E+07  3.5001E+05  8.0808E+05
0002517   6.1975E+07 -1.0840E+06 -9.4700E+05
0002518   6.5313E+07 -1.1901E+06  7.2643E+05
0002519   6.2801E+07 -2.2085E+06 -1.4213E+06
0002520   6.6321E+07 -7.5845E+05  2.3237E+06
0002521   6.4037E+07  1.3554E+06 -2.4234E+06
0002522   6.3466E+07  1.2986E+06 -1.3322E+06
0002523   6.2790E+07 -1.0669E+06  1.9339E+06
0002524   6.4612E+07  8.1756E+05  1.4583E+06
0002525   6.6219E+07 -7.3942E+05  1.1302E+06
0002526   6.4800E+07 -7.4106E+03 -7.4081E+05
0002527   6.4747E+07 -1.3703E+06  2.7939E+05
0002528   6.4435E+07 -1.3291E+04  1.0495E+06
0002529   6.5833E+07 -2.0481E+06 -1.4199E+06
0002530   6.4588E+07  3.9991E+05 -1.7336E+05
0002531   6.3043E+07 -1.0935E+06 -2.8871E+06
0002532   6.4792E+07  7.6451E+05  4.8464E+05
0002533   6.5191E+07  4.3414E+05  1.6922E+06
0002534   6.2655E+07  7.2832E+05 -6.9401E+05
0002535   6.4994E+07  1.6197E+05  1.3923E+06
0002536   6.4616E+07 -8.4712E+05  3.9163E+05
0002537   6.4264E+07 -2.6520E+05 -6.8150E+05
0002538   6.4568E+07  2.6255E+06  2.4077E+05
0002539   6.4751E+07  7.2428E+05  6.6791E+05
0002540   6.3072E+07  5.4961E+05 -6.5172E+04
0002541   6.3175E+07  4.8297E+05 -3.2009E+06
0002542   6.4313E+07  1.3588E+06 -9.7972E+05
0002543   6.5595E+07 -1.8726E+05 -1.5860E+04
0002544   6.5469E+07  2.1345E+06 -7.1673E+05
0002545   6.3781E+07 -1.2918E+04 -3.1941E+06
0002546   6.2001E+07  4.4153E+05  3.0761E+04
0002547   6.4388E+07  5.1298E+04  1.0413E+06
0002548   6.2858E+07 -2.1753E+03 -2.4776E+06
0002549   6.3942E+07  1.8140E+06  1.9679E+06
0002550   6.3171E+07  7.0066E+05 -7.1761E+05
0002551   6.4350E+07  9.4729E+05  1.0755E+06
0002552   6.4306E+07 -1.4377E+05 -7.5591E+05
0002553   6.5757E+07  2.9175E+06  1.7596E+06
0002554   6.5865E+07  2.3326E+06 -3.2564E+06
0002555   6.3270E+07 -2.7689E+06 -1.5732E+06
0002556   6.5142E+07 -6.5355E+05 -2.0713E+06
0002557   6.7108E+07  5.6086E+05 -3.9397E+06
0002558   6.6072E+07  1.5555E+06 -1.2615E+06
0002559   6.5716E+07 -7.3252E+05  2.2989E+06
0002560   6.3103E+07 -8.0864E+05  5.4969E+05
0002561   6.5091E+07  3.9741E+05 -4.2293E+05
0002562   6.4004E+07 -5.9833E+05  1.2437E+06
0002563   6.6531E+07 -3.7475E+05 -5.2686E+04
0002564   6.2789E+07  2.8636E+06 -7.2103E+05
0002565   6.6384E+07 -3.9846E+05 -2.6473E+06
0002566   6.4761E+07 -9.0888E+05  6.7995E+05
0002567   6.4054E+07 -8.6482E+05  1.0601E+06
0002568   6.5189E+07 -1.0649E+06  1.9476E+06
0002569   6.4456E+07 -9.9976E+05 -7.1141E+05
0002570   6.3309E+07  2.6533E+05 -1.8028E+06
0002571   6.4399E+07 -3.5070E+05 -1.2661E+06
0002572   6.3863E+07  1.0708E+05  1.1272E+06
0002573   6.3968E+07  4.2318E+05  3.2966E+06
0002574   6.4271E+07 -1.9125E+06 -9.2168E+05
0002575   6.5553E+07 -7.0304E+05  9.0788E+04
0002576   6.4335E+07  6.4076E+05  4.8733E+05
0002577   6.3016E+07 -9.7738E+05 -1.8502E+05
0002578   6.6350E+07 -6.8144E+05 -5.6607E+05
0002579   6.5396E+07 -2.8091E+05  9.5669E+05
0002580   6.4390E+07  1.7068E+06 -2.2257E+06
0002581   6.4966E+07 -1.2480E+06  1.3690E+06
0002582   6.6516E+07 -2.8470E+06 -3.4413E+06
0002583   6.6930E+07 -4.2508E+06 -2.3333E+06
0002584   6.7027E+07  3.0479E+05  2.0788E+06
0002585   6.5174E+07 -2.9649E+06  2.3640E+05
0002586   6.5618E+07  5.2535E+05 -8.6469E+05
0002587   6.5264E+07 -1.6372E+06  1.6609E+06
0002588   6.4512E+07  1.0153E+06  2.8822E+06
0002589   6.5745E+07 -6.5335E+05 -5.5514E+05
0002590   6.4032E+07  3.9340E+05 -1.9107E+05
0002591   6.5452E+07 -8.3886E+05 -4.8853E+04
0002592   6.5572E+07  1.1131E+06 -1.3780E+06
0002593   6.4356E+07 -3.4773E+06  4.0215E+06
0002594   6.4029E+07  1.5428E+05 -1.4905E+06
0002595   6.4965E+07 -1.0259E+06  6.0668E+06
0002596   6.3241E+07 -1.5784E+06 -1.4712E+06
0002597   6.5646E+07  2.7636E+04  3.4346E+06
0002598   6.4158E+07  2.1985E+06 -2.0151E+06
0002599   6.7005E+07  6.2249E+05  2.0490E+06
0002600   6.6361E+07  4.8083E+05 -4.7889E+05
0002601   6.4704E+07  1.7110E+06  2.1778E+06
0002602   6.4018E+07 -2.0239E+05 -2.0729E+05
0002603   6.4415E+07 -1.5046E+06  1.1844E+06
0002604   6.3578E+07  1.2487E+06 -5.9259E+05
0002605   6.4413E+07  6.1283E+05 -1.3766E+05
0002606   6.3861E+07 -2.7160E+04 -6.4483E+05
0002607   6.4674E+07  4.4061E+05 -1.1409E+06
0002608   6.5580E+07  4.7944E+05  6.2454E+05
0002609   6.6839E+07 -4.9431E+04 -1.5734E+05
0002610   6.4708E+07 -2.4377E+05  1.4729E+06
0002611   6.4179E+07 -1.6768E+05  2.2689E+06
0002612   6.6203E+07  4.3697E+05 -1.1085E+06
0002613   6.5726E+07  7.6932E+05 -1.2734E+06
0002614   6.3657E+07 -8.3891E+05 -4.3687E+05
0002615   6.5436E+07  5.3060E+04 -1.3448E+06
0002616   6.4783E+07  4.5210E+05  2.1493E+06
0002617   6.2749E+07  6.9766E+04  7.4669E+05
0002618   6.6696E+07 -1.3822E+06  9.6892E+05
0002619   6.2624E+07 -6.7294E+05  6.8566E+05
0002620   6.4218E+07 -3.8787E+05 -3.1439E+05
0002621   6.4553E+07 -1.8710E+06 -8.7040E+05
0002622   6.3435E+07  1.8561E+06  1.4922E+06
0002623   6.4759E+07 -4.3668E+05 -8.6944E+05
0002624   6.4346E+07  3.2645E+05  7.5959E+03
0002625   6.4138E+07  1.0830E+05  7.3585E+05
0002626   6.6467E+07 -1.1257E+06 -1.4334E+06
0002627   6.4565E+07 -2.2933E+06  8.9191E+05
0002628   6.4779E+07 -4.1350E+06 -8.1602E+05
0002629   6.2713E+07 -8.7437E+05 -3.2816E+05
0002630   6.1811E+07 -1.4404E+06  2.6772E+06
0002631   6.5600E+07 -2.0123E+06  1.1587E+06
0002632   6.2948E+07  7.5007E+05 -5.8376E+05
0002633   6.4974E+07 -1.7647E+06 -4.0365E+05
0002634   6.5385E+07 -4.3268E+06  2.7572E+06
0002635   6.5594E+07 -8.3489E+05 -9.6611E+05
0002636   6.2245E+07  8.2342E+05 -1.6304E+06
0002637   6.6548E+07 -8.4678E+05  1.3293E+06
0002638   6.4092E+07 -1.4904E+06 -4.6791E+05
0002639   6.6812E+07 -2.6925E+06  3.1592E+06
0002640   6.4274E+07  7.3565E+03  4.7243E+04
0002641   6.3820E+07  4.6675E+05  1.1423E+06
0002642   6.3920E+07 -3.3180E+05 -2.0509E+06
0002643   6.4707E+07  1.1155E+06 -5.6179E+05
0002644   6.6684E+07  1.9552E+06  7.9561E+05
0002645   6.5802E+07 -2.8456E+06  5.0258E+05
0002646   6.6187E+07 -1.4140E+05 -2.3916E+06
0002647   6.3105E+07 -3.4432E+05 -5.7625E+05
0002648   6.3228E+07 -1.2164E+05 -3.1100E+05
0002649   6.4583E+07 -6.8145E+05  1.9100E+06
0002650   6.4028E+07  7.5953E+05 -6.6200E+05
0002651   6.5148E+07 -4.7002E+05  2.0180E+06
0002652   6.5054E+07  2.4153E+05 -3.1995E+05
0002653   6.5363E+07  4.7623E+05  8.5955E+05
0002654   6.2306E+07  3.2440E+06 -3.5207E+06
0002655   6.5069E+07  5.3846E+06 -2.3781E+05
0002656   6.5351E+07 -2.8419E+06 -9.9885E+05
0002657   6.4069E+07  1.6917E+06  1.0825E+06
0002658   6.2807E+07 -1.2771E+06 -2.9431E+05
0002659   6.5786E+07 -3.1988E+05  1.7989E+06
0002660   6.5082E+07  3.0396E+06  9.2436E+05
0002661   6.5723E+07  1.1434E+06 -1.3227E+06
0002662   6.5284E+07  2.1126E+06 -4.7523E+05
0002663   6.2594E+07 -5.0401E+04 -1.4871E+06
0002664   6.3104E+07 -9.5126E+05 -4.3444E+05
0002665   6.4162E+07  3.8176E+06  3.5049E+05
0002666   6.4720E+07 -1.1368E+06  1.4624E+06
0002667   6.4141E+07 -8.8954E+05  1.0049E+05
0002668   6.4351E+07 -3.7862E+05 -1.2824E+06
0002669   6.3615E+07  1.5964E+06 -1.4487E+05
0002670   6.3592E+07  2.0083E+06 -5.3221E+04
0002671   6.3143E+07 -4.4962E+06 -1.2778E+06
0002672   6.4379E+07 -3.1775E+05 -1.2295E+05
0002673   6.3095E+07  1.9418E+05 -6.2140E+05
0002674   6.4646E+07  1.5573E+06  1.9826E+05
0002675   6.4547E+07  1.1404E+06  1.0604E+06
0002676   6.2352E+07  1.2649E+05  1.6252E+06
0002677   6.3115E+07  1.1912E+06  1.2628E+06
0002678   6.3068E+07 -3.0079E+06  8.9413E+05
0002679   6.5214E+07  6.0640E+04 -4.7914E+05
0002680   6.1799E+07 -5.5362E+05  4.5486E+05
0002681   6.3563E+07  3.0105E+06 -9.8610E+05
0002682   6.4125E+07  1.2064E+06  1.2430E+06
0002683   6.6158E+07 -7.4725E+05 -8.3404E+04
0002684   6.5249E+07  9.4601E+04  2.7086E+06
0002685   6.5696E+07 -1.7275E+06  5.9057E+06
0002686   6.5794E+07  8.9854E+05 -1.4104E+06
0002687   6.3869E+07 -4.0891E+05  2.0468E+05
0002688   6.2250E+07 -2.6847E+06 -2.1450E+06
0002689   6.4720E+07  1.0563E+06 -5.9228E+05
0002690   6.4367E+07  1.1843E+06 -1.4117E+05
0002691   6.3706E+07 -4.6205E+06 -2.2372E+06
0002692   6.4025E+07 -2.3829E+06  8.4853E+05
0002693   6.2264E+07 -2.2183E+06 -5.9463E+04
0002694   6.2875E+07 -9.2523E+04  8.2985E+05
0002695   6.5425E+07  1.4848E+06  9.0069E+05
0002696   6.4780E+07  1.4278E+06  5.3556E+04
0002697   6.5227E+07  1.0489E+06  2.3188E+06
0002698   6.1905E+07  4.3485E+05  1.5007E+06
0002699   6.4657E+07 -8.7448E+05  9.9510E+04
0002700   6.4839E+07 -1.1815E+06  5.2846E+05
0002701   6.4915E+07 -1.6722E+06  1.5883E+06
0002702   6.4280E+07  1.7443E+06  4.0679E+05
0002703   6.5638E+07  2.3545E+06 -3.1242E+06
0002704   6.4087E+07  1.4949E+06  1.2087E+06
0002705   6.3420E+07  9.4206E+05  1.6904E+05
0002706   6.5186E+07 -3.1407E+05  2.0297E+05
0002707   6.2806E+07 -2.1526E+06 -6.2065E+04
0002708   6.3708E+07 -5.7971E+05 -7.0228E+05
0002709   6.4042E+07 -1.6158E+06 -1.0785E+06
0002710   6.4892E+07 -5.1710E+05 -1.1048E+06
0002711   6.5010E+07 -1.0862E+06  1.4874E+05
0002712   6.3646E+07  3.2494E+05  8.9500E+05
0002713   6.5943E+07 -8.3871E+05 -1.6226E+06
0002714   6.4685E+07 -7.4252E+05  3.8149E+06
0002715   6.5357E+07 -1.2441E+06  5.0532E+05
0002716   6.3631E+07  2.2047E+06 -1.9181E+06
0002717   6.2624E+07  2.3422E+05  2.2939E+06
0002718   6.4766E+07  5.3363E+05 -3.2435E+06
0002719   6.3834E+07 -1.5495E+06  1.2787E+06
0002720   6.4147E+07  2.0758E+06  1.1076E+06
0002721   6.5536E+07  1.4801E+06 -7.2784E+05
0002722   6.4214E+07  2.6940E+06 -9.4961E+05
0002723   6.5559E+07 -3.2665E+05 -1.5457E+06
0002724   6.3981E+07 -1.7440E+04  2.0577E+06
0002725   6.4623E+07 -2.6144E+06  2.4214E+06
0002726   6.5889E+07  3.7365E+05 -4.0029E+06
0002727   6.3383E+07  2.5794E+06 -2.6322E+05
0002728   6.3339E+07  1.0732E+06 -2.6194E+06
0002729   6.3720E+07  2.8458E+06  2.1218E+06
0002730   6.3839E+07  8.7802E+04 -3.2384E+05
0002731   6.5199E+07 -7.0689E+05 -1.9654E+06
0002732   6.3052E+07  5.1110E+05 -3.2071E+05
0002733   6.2716E+07  6.0746E+05  4.3910E+06
0002734   6.3652E+07 -2.1262E+05 -5.3446E+05
0002735   6.3378E+07 -1.2806E+05 -9.5048E+04
0002736   6.4683E+07  1.9417E+05 -2.4510E+06
0002737   6.4810E+07 -1.4070E+06 -1.6506E+06
0002738   6.5246E+07  1.8995E+06  7.0169E+05
0002739   6.5082E+07 -1.6415E+06 -1.1454E+06
0002740   6.5978E+07  7.7866E+04  1.2075E+06
0002741   6.3892E+07  7.8842E+05 -5.0449E+05
0002742   6.4689E+07  1.4084E+06  1.0736E+06
0002743   6.5476E+07 -2.4589E+06  1.6717E+06
0002744   6.4179E+07  5.8874E+05 -2.5864E+05
0002745   6.1689E+07  7.1267E+05 -1.5755E+06
0002746   6.3761E+07  3.6662E+05  2.6585E+05
0002747   6.6177E+07 -1.3152E+06 -1.5658E+06
0002748   6.4142E+07 -1.1503E+06  4.2581E+04
0002749   6.4980E+07  1.9008E+06 -1.4082E+06
0002750   6.2381E+07 -1.3297E+06  1.2459E+06
0002751   6.2952E+07  1.7123E+06 -1.6029E+06
0002752   6.4570E+07  7.3934E+05  1.3078E+06
0002753   6.3902E+07  3.0285E+05  3.1837E+05
0002754   6.3853E+07  1.1040E+06 -4.0350E+05
0002755   6.4387E+07  2.9665E+05 -1.6864E+06
0002756   6.4276E+07  2.1892E+06  6.9618E+05
0002757   6.4927E+07  2.5007E+06  1.2498E+06
0002758   6.4707E+07  7.0265E+05  2.3528E+06
0002759   6.1826E+07 -1.4850E+04  1.1904E+06
0002760   6.3935E+07  4.9098E+06  2.1183E+06
0002761   6.4163E+07  2.0143E+06  1.2991E+06
0002762   6.5864E+07 -1.3104E+06  1.2070E+06
0002763   6.4351E+07  7.1945E+05  2.0501E+06
0002764   6.1392E+07  2.5301E+06  5.8153E+05
0002765   6.4831E+07 -2.4761E+06  1.1181E+06
0002766   6.4701E+07 -1.6781E+06 -6.4775E+05
0002767   6.4880E+07  9.2254E+05  1.5649E+05
0002768   6.5125E+07  1.0508E+06  2.9614E+05
0002769   6.3205E+07  2.1144E+06 -2.5401E+06
0002770   6.4076E+07 -6.6349E+05  7.5939E+05
0002771   6.4123E+07 -1.7414E+06  1.8777E+04
0002772   6.6356E+07  1.1466E+05  8.7897E+04
0002773   6.3428E+07 -3.5572E+05 -1.1921E+06
0002774   6.4255E+07 -4.9935E+05  1.9933E+05
0002775   6.6299E+07  4.3019E+06  1.4736E+05
0002776   6.3422E+07 -5.7887E+05  1.0250E+06
0002777   6.4906E+07 -3.9465E+05  2.1461E+05
0002778   6.4931E+07  3.5204E+05 -9.8237E+05
0002779   6.3188E+07 -3.8132E+06  5.3353E+05
0002780   6.2373E+07  1.9924E+05 -7.3584E+04
0002781   6.2869E+07  3.6230E+06  4.0856E+06
0002782   6.4119E+07 -7.7159E+05  1.1924E+06
0002783   6.3226E+07  4.5078E+05 -4.6748E+05
0002784   6.4699E+07 -1.5834E+06 -1.4583E+05
0002785   6.3723E+07 -6.5799E+04 -7.0850E+05
0002786   6.2866E+07 -7.8034E+05 -8.9671E+05
0002787   6.4937E+07 -3.9673E+05 -1.1553E+05
0002788   6.4458E+07  6.9590E+04 -1.2236E+06
0002789   6.1612E+07 -2.2824E+06  4.4449E+05
0002790   6.4025E+07 -3.0805E+06 -1.1510E+06
0002791   6.3903E+07 -7.5815E+05  8.4784E+05
0002792   6.6695E+07  2.0218E+06 -2.7292E+06
0002793   6.5636E+07 -1.7712E+05  2.1383E+06
0002794   6.5034E+07 -4.2269E+05 -8.6735E+05
0002795   6.2678E+07 -2.8419E+05 -9.4927E+05
0002796   6.4255E+07 -3.4745E+05  4.2451E+05
0002797   6.4281E+07  1.8666E+06  3.3836E+06
0002798   6.4585E+07 -1.5263E+06 -9.1370E+05
0002799   6.3044E+07 -4.9066E+05 -1.8764E+06
0002800   6.4549E+07 -1.9934E+06  1.1388E+06
0002801   6.2214E+07 -5.8879E+05 -2.7124E+05
0002802   6.5167E+07 -4.1615E+05 -2.6764E+06
0002803   6.6122E+07 -3.8339E+06 -1.0505E+06
0002804   6.3343E+07  7.4340E+05 -3.3346E+05
0002805   6.3947E+07  3.2606E+04 -1.9135E+06
0002806   6.5434E+07  1.9140E+05 -1.2386E+06
0002807   6.4574E+07 -1.7630E+06 -5.3152E+05
0002808   6.3826E+07 -3.2934E+05  6.3249E+04
0002809   6.6023E+07  6.3183E+05 -3.8555E+05
0002810   6.4022E+07 -1.7045E+06  1.3156E+06
0002811   6.5671E+07 -1.3523E+06  2.9678E+06
0002812   6.2991E+07 -6.3539E+05 -2.1351E+06
0002813   6.5339E+07  1.2639E+06  2.8782E+05
0002814   6.5397E+07 -8.0410E+05  7.6063E+05
0002815   6.5333E+07  2.4934E+06 -3.3061E+06
0002816   6.5153E+07  1.8699E+05  8.8789E+04
0002817   6.5454E+07 -6.6932E+05  1.5196E+06
0002818   6.3163E+07  1.8887E+06  7.0272E+05
0002819   6.3503E+07  2.9904E+05  1.1501E+06
0002820   6.5069E+07 -1.1929E+06 -1.5589E+06
0002821   6.2153E+07 -1.6790E+06 -9.2516E+05
0002822   6.4013E+07 -9.1404E+05  4.6319E+05
0002823   6.3517E+07  4.7045E+05  3.2240E+06
0002824   6.3765E+07 -6.8631E+06 -7.2224E+05
0002825   6.3444E+07  9.8906E+05 -3.3351E+05
0002826   6.2777E+07 -2.2305E+06 -1.0222E+06
0002827   6.4919E+07  2.3461E+06 -6.7039E+04
0002828   6.3705E+07  9.3624E+05  7.0538E+05
0002829   6.4651E+07 -1.7947E+05 -9.2837E+05
0002830   6.4396E+07  1.2490E+06 -6.6279E+05
0002831   6.4862E+07 -9.6395E+05  1.0007E+06
0002832   6.3683E+07  4.4907E+06 -8.9865E+05
0002833   6.3242E+07  4.7832E+05  8.9905E+05
0002834   6.2786E+07  6.2098E+06  2.8144E+06
0002835   6.4981E+07  3.1030E+05  3.1056E+05
0002836   6.1862E+07 -7.5509E+05  8.7793E+04
0002837   6.3827E+07 -3.3712E+05 -2.3233E+06
0002838   6.5350E+07  8.7736E+05 -2.5100E+05
0002839   6.4481E+07  2.1706E+06  7.1161E+04
0002840   6.3569E+07  1.2666E+06  6.5536E+05
0002841   6.5899E+07 -1.3347E+06  4.8563E+05
0002842   6.4614E+07  1.9514E+06 -1.4931E+06
0002843   6.6284E+07 -1.3482E+06  1.3571E+04
0002844   6.4414E+07  7.3121E+05  5.7680E+05
0002845   6.5264E+07  1.0653E+06 -1.6014E+06
0002846   6.5801E+07  1.2039E+06  4.0368E+05
0002847   6.3432E+07  1.2608E+06  1.0950E+06
0002848   6.4463E+07  1.0659E+06 -2.7529E+05
0002849   6.5154E+07 -1.8620E+06  1.1510E+06
0002850   6.3583E+07 -1.5687E+05  5.2468E+05
0002851   6.4777E+07 -1.2314E+06 -8.2852E+05
0002852   6.3873E+07  1.3055E+06 -1.0294E+06
0002853   6.5309E+07 -1.4745E+06  1.0151E+06
0002854   6.4244E+07 -3.1721E+05 -1.2406E+06
0002855   6.2908E+07  3.3833E+05 -1.6433E+06
0002856   6.3772E+07  1.3570E+06 -2.0625E+05
0002857   6.5954E+07  1.8330E+06  7.0104E+05
0002858   6.5424E+07  1.6863E+06 -1.4590E+06
0002859   6.4330E+07 -1.6049E+06 -1.6772E+06
0002860   6.3147E+07 -9.0095E+05  4.2466E+05
0002861   6.2526E+07 -6.0987E+05  7.3776E+05
0002862   6.6220E+07 -1.4699E+06 -3.0548E+06
0002863   6.3323E+07 -1.0034E+06  3.3188E+05
0002864   6.5196E+07 -2.7480E+05 -2.9211E+06
0002865   6.5397E+07 -2.2042E+05 -1.9969E+06
0002866   6.4250E+07  7.9434E+05 -3.1129E+05
0002867   6.3531E+07 -1.5225E+06  2.4468E+06
0002868   6.3037E+07 -2.7220E+06 -3.7905E+05
0002869   6.5805E+07 -2.1797E+06 -3.4923E+05
0002870   6.5091E+07  8.9093E+05 -6.3970E+05
0002871   6.3174E+07  2.3242E+06  1.0883E+06
0002872   6.3523E+07  2.6401E+06 -1.7830E+06
0002873   6.3360E+07 -1.2485E+05 -7.0730E+05
0002874   6.4582E+07 -9.0865E+05  5.4927E+05
0002875   6.5068E+07 -1.1137E+06  1.4287E+06
0002876   6.5191E+07 -2.2558E+06 -2.6078E+06
0002877   6.5558E+07  6.0090E+05  9.4022E+05
0002878   6.4510E+07  1.4450E+05 -2.5803E+05
0002879   6.4337E+07  9.8583E+05 -7.0832E+05
0002880   6.5815E+07 -5.3785E+05  1.0632E+06
0002881   6.6742E+07  3.1343E+06  8.5927E+05
0002882   6.5194E+07 -1.5087E+06  2.0222E+05
0002883   6.4677E+07 -1.5441E+06 -1.4639E+06
0002884   6.4875E+07 -4.0270E+06 -4.7752E+05
0002885   6.4263E+07  6.4015E+05  2.1616E+06
0002886   6.3401E+07 -5.0085E+04 -1.1486E+04
0002887   6.4159E+07 -4.7690E+05 -2.5458E+06
0002888   6.5414E+07  2.6817E+05  1.0341E+06
0002889   6.4042E+07  2.7112E+05 -1.0890E+06
0002890   6.4704E+07 -9.4829E+05 -1.5265E+06
0002891   6.4309E+07 -3.7833E+05  5.2177E+05
0002892   6.4926E+07  1.0859E+06 -1.5569E+06
0002893   6.5239E+07 -2.5042E+06  4.8035E+05
0002894   6.5562E+07 -7.6495E+05  1.1504E+06
0002895   6.5609E+07  5.0421E+05 -9.8518E+05
0002896   6.4913E+07 -1.3088E+05 -2.0047E+04
0002897   6.4827E+07 -1.6467E+06 -1.0087E+05
0002898   6.3244E+07 -8.5607E+05  5.4892E+05
0002899   6.5626E+07 -7.4651E+05 -9.9751E+05
0002900   6.5463E+07  7.6095E+04 -9.5108E+05
0002901   6.4992E+07 -7.2063E+05 -6.6064E+05
0002902   6.4884E+07 -2.5932E+06 -1.0979E+06
0002903   6.5540E+07 -5.8678E+05  4.0526E+05
0002904   6.4987E+07  5.9198E+05 -8.3742E+04
0002905   6.3296E+07  1.4534E+05  1.0203E+06
0002906   6.4375E+07  2.5535E+05  2.3052E+06
0002907   6.5171E+07  1.2761E+06 -3.1166E+05
0002908   6.3599E+07 -5.6784E+05 -2.2076E+06
0002909   6.5964E+07  6.0020E+05  1.1238E+06
0002910   6.6404E+07 -3.4116E+06 -4.6352E+05
0002911   6.5563E+07  9.8020E+05  7.6641E+05
0002912   6.7025E+07 -4.4771E+05  9.8402E+04
0002913   6.4907E+07  2.0750E+05  1.1416E+06
0002914   6.6303E+07 -1.9241E+05  1.8407E+06
0002915   6.3965E+07  8.3015E+05 -2.9836E+05
0002916   6.4272E+07 -1.3097E+06  1.2246E+06
0002917   6.4837E+07  2.1253E+06 -2.6010E+05
0002918   4.7335E+07  1.9486E+07  9.8901E+06
0002919   6.6001E+07  5.7135E+05 -1.2931E+06
0002920   6.5950E+07 -1.1297E+06  7.5613E+05
0002921   6.5185E+07 -1.5651E+06 -2.2684E+06
0002922   6.5708E+07 -2.4315E+05  9.9885E+04
0002923   6.2378E+07  7.0505E+05 -1.5457E+06
0002924   6.5992E+07 -1.8925E+06 -3.4561E+05
0002925   6.4951E+07 -9.8292E+05  1.1326E+06
0002926   6.4013E+07 -6.8793E+05  3.4207E+05
0002927   6.6372E+07 -1.7777E+06  2.9782E+05
0002928   6.4576E+07  2.6627E+06  2.7084E+04
0002929   6.3927E+07  3.3360E+06  1.7764E+06
0002930   6.4095E+07 -1.0220E+06  1.4305E+06
0002931   6.4494E+07  2.8530E+06  2.5670E+06
0002932   6.6314E+07 -1.0393E+04  1.2331E+06
0002933   6.4850E+07 -1.4377E+06 -1.5582E+06
0002934   6.7475E+07  5.7762E+05 -6.4477E+05
0002935   6.3459E+07  1.6237E+06 -3.5557E+05
0002936   6.3841E+07 -1.0822E+06  1.2653E+06
0002937   6.4844E+07  1.0597E+06  3.3638E+05
0002938   6.5403E+07  9.2925E+05 -4.2656E+05
0002939   6.3994E+07  3.2729E+05  1.4414E+06
0002940   6.5271E+07  1.4671E+05  8.9965E+05
0002941   6.3708E+07  4.6605E+06 -2.2685E+06
0002942   6.2170E+07 -1.8458E+06  1.9176E+06
0002943   6.4376E+07 -2.3795E+05  4.5859E+05
0002944   6.3332E+07 -4.7178E+05  4.1900E+05
0002945   6.4547E+07  1.0377E+06 -9.0995E+05
0002946   6.2218E+07 -5.7385E+03  1.1849E+06
0002947   6.3669E+07 -3.9697E+05 -1.6248E+06
0002948   6.6698E+07  6.0279E+05 -9.4004E+05
0002949   6.3927E+07 -1.6551E+06 -1.3193E+06
0002950   6.5355E+07  1.5343E+06  5.7383E+05
0002951   6.5248E+07  7.0040E+05  1.3007E+06
0002952   6.3824E+07  3.8720E+05 -5.1319E+05
0002953   6.4477E+07  9.0294E+05 -1.4958E+06
0002954   6.6086E+07  5.0546E+06  2.3411E+06
0002955   6.5110E+07 -2.8315E+06 -1.3335E+06
0002956   6.5834E+07  2.2445E+06 -3.2397E+05
0002957   6.6083E+07  1.1300E+06  1.1995E+06
0002958   6.3906E+07  5.6304E+05  1.7965E+06
0002959   6.6722E+07 -2.4678E+05 -1.6353E+06
0002960   6.5033E+07  2.0351E+06  1.5316E+06
0002961   6.5896E+07  1.0376E+06  1.2862E+06
0002962   6.4154E+07 -1.4648E+06 -9.2493E+05
0002963   6.3454E+07  2.7723E+06 -1.6469E+05
0002964   6.3073E+07 -2.2531E+06  1.1708E+05
0002965   6.3291E+07 -8.0843E+05  4.3438E+05
0002966   6.4428E+07  1.4390E+06  4.7102E+05
0002967   6.5744E+07  2.0474E+05  3.2178E+06
0002968   6.5480E+07  2.5533E+05 -1.1450E+06
0002969   6.2835E+07 -4.7748E+05 -6.3991E+05
0002970   6.3154E+07 -2.4194E+05  7.3342E+05
0002971   6.4243E+07 -6.2438E+06  2.7673E+06
0002972   6.3642E+07  1.0658E+06 -2.8503E+06
0002973   6.1921E+07  2.5672E+06 -4.5280E+05
0002974   6.4834E+07  9.4485E+05  1.0399E+06
0002975   6.3994E+07 -1.1528E+06 -1.1509E+06
0002976   6.5216E+07  3.5947E+05  3.2105E+05
0002977   6.5235E+07 -1.5152E+06  8.1254E+04
0002978   6.4720E+07  1.1795E+06 -1.0562E+06
0002979   6.5772E+07  6.0006E+05  6.4695E+05
0002980   6.6181E+07  9.6903E+05 -1.0684E+06
0002981   6.3203E+07  1.2968E+06  6.7348E+05
0002982   6.3356E+07  1.4663E+05 -1.5025E+06
0002983   6.3846E+07  8.0502E+03 -1.0669E+06
0002984   6.3235E+07  8.6847E+05 -7.9783E+05
0002985   6.2968E+07 -1.4212E+06  4.8962E+05
0002986   6.3155E+07 -3.3219E+06  1.8461E+06
0002987   6.5487E+07  1.0689E+06 -1.1970E+06
0002988   6.3863E+07 -2.9788E+06  7.4562E+05
0002989   6.4781E+07 -3.1919E+05  2.1489E+05
0002990   6.5094E+07  2.8863E+06  3.0958E+06
0002991   6.4808E+07 -3.2812E+04 -1.2479E+06
0002992   6.4561E+07  2.0237E+06 -7.3315E+05
0002993   6.5712E+07  1.6586E+06  1.3880E+06
0002994   6.5889E+07  2.5983E+06 -8.9879E+05
0002995   6.5592E+07 -1.3236E+05  2.3240E+05
0002996   6.4874E+07 -2.2236E+05 -2.1445E+06
0002997   6.4138E+07 -1.0646E+06  2.0747E+06
0002998   6.2987E+07 -2.6540E+06 -1.6047E+06
0002999   6.3914E+07 -1.3144E+06 -1.0381E+06
0003000   6.3860E+07  2.1745E+05 -9.7622E+04
0003001   6.3377E+07  6.7797E+06 -3.3114E+06
0003002   6.5631E+07  1.0312E+06  7.4612E+05
0003003   6.8109E+07  1.6630E+06  2.8129E+06
0003004   6.4294E+07 -6.1368E+05  1.1488E+05
0003005   6.0850E+07  9.0413E+06  1.6642E+06
0003006   6.3981E+07 -1.3961E+06  9.3265E+05
0003007   6.6462E+07 -1.6841E+06  7.1564E+05
0003008   6.2961E+07  5.5561E+05  3.1730E+06
0003009   6.5490E+07  1.4444E+06 -9.8247E+05
0003010   6.4511E+07  1.8888E+05 -8.8269E+05
0003011   6.1706E+07 -3.4704E+05  6.8666E+05
0003012   6.6679E+07  2.0073E+05  5.1827E+04
0003013   6.5632E+07 -1.1404E+06 -3.3427E+05
0003014   6.3301E+07  2.0864E+05 -1.1012E+06
0003015   6.4131E+07  4.7451E+06  4.7224E+04
0003016   6.2356E+07 -1.4610E+06  1.8132E+05
0003017   6.4847E+07 -1.3695E+06  2.2045E+06
0003018   6.3216E+07  1.0947E+06  1.9008E+06
0003019   6.4517E+07  1.6780E+05 -3.6968E+05
0003020   6.4723E+07 -2.3921E+06 -1.1770E+06
0003021   6.3450E+07  2.6440E+06  8.8127E+05
0003022   6.3042E+07  2.0020E+05 -1.2066E+06
0003023   6.6656E+07 -1.9781E+06 -1.3100E+04
0003024   6.4272E+07 -2.5040E+05  6.9185E+05
0003025   6.4644E+07  1.5849E+05  1.2646E+06
0003026   6.3707E+07 -1.1887E+06  5.4399E+05
0003027   6.4248E+07  2.3685E+05 -4.7927E+05
0003028   6.5902E+07  4.8120E+05  3.0893E+06
0003029   6.5195E+07 -3.3160E+06 -2.5589E+05
0003030   6.4690E+07 -1.3021E+06 -1.5179E+06
0003031   6.6360E+07  7.4625E+05  7.9449E+05
0003032   6.6491E+07  3.7349E+05 -2.4230E+06
0003033   6.5397E+07 -2.4269E+06  1.9731E+05
0003034   6.3719E+07  1.2085E+05  8.4142E+05
0003035   6.3330E+07 -6.9302E+05  7.2364E+04
0003036   6.4144E+07 -3.0266E+06  7.4842E+05
0003037   6.2455E+07 -1.6543E+06 -4.6498E+05
0003038   6.4982E+07  5.3672E+04 -1.2462E+01
0003039   6.5218E+07  3.6203E+05  8.6819E+05
0003040   6.3986E+07  4.3714E+05 -5.9638E+05
0003041   6.4202E+07 -9.6132E+05  5.7290E+05
0003042   6.4103E+07  1.7329E+06  6.6911E+05
0003043   6.3229E+07  9.2426E+05  2.7466E+05
0003044   6.5362E+07 -1.5473E+06 -2.1535E+05
0003045   6.7997E+07 -1.4225E+06 -3.6375E+05
0003046   6.5674E+07 -8.0892E+05  8.8567E+05
0003047   6.4335E+07 -3.4662E+05 -9.6395E+05
0003048   6.4562E+07 -6.9337E+05  4.8433E+05
0003049   6.4221E+07  5.7975E+05 -2.6140E+06
0003050   6.5717E+07 -1.8303E+06 -5.7886E+05
0003051   6.5302E+07 -1.2657E+06  1.7400E+05
0003052   6.2800E+07 -3.0353E+06  2.4003E+06
0003053   6.2089E+07 -2.6973E+06  1.9288E+06
0003054   6.3558E+07  1.4901E+06  4.4151E+06
0003055   6.5767E+07 -1.1545E+06  2.2447E+05
0003056   6.3096E+07  1.0118E+06 -4.7970E+05
0003057   6.1955E+07  5.9826E+05  9.9512E+05
0003058   6.6119E+07 -1.1469E+06  5.7690E+05
0003059   6.2738E+07  3.1343E+06  1.3341E+05
0003060   6.4206E+07  7.7645E+05  7.1526E+05
0003061   6.3985E+07 -4.3177E+05  8.1500E+05
0003062   6.5545E+07 -4.7531E+04  7.8211E+05
0003063   6.4453E+07  1.1464E+06  1.5449E+06
0003064   6.5467E+07  6.1156E+05  4.2284E+05
0003065   6.4505E+07  2.3315E+05  9.2731E+05
0003066   6.3289E+07 -4.3519E+05 -1.9097E+06
0003067   6.3924E+07 -1.1147E+06 -7.4319E+04
0003068   6.5367E+07  1.9691E+06 -4.4339E+05
0003069   6.4845E+07  4.4606E+05  1.0912E+06
0003070   6.4251E+07 -1.8606E+05 -7.4112E+05
0003071   6.5187E+07 -3.5308E+05  8.3133E+05
0003072   6.6108E+07 -1.9633E+05 -1.2555E+06
0003073   6.5219E+07 -5.9382E+05 -9.5710E+05
0003074   6.5586E+07 -7.9290E+05 -7.8677E+04
0003075   6.2304E+07  6.4617E+05  4.2783E+05
0003076   6.4799E+07 -9.2932E+05 -3.6032E+05
0003077   6.2985E+07  8.4737E+05  3.3966E+06
0003078   6.2914E+07  1.4100E+06 -3.3714E+06
0003079   6.5149E+07  1.4006E+06 -1.0575E+06
0003080   6.5066E+07 -1.7552E+06 -2.6208E+06
0003081   6.5600E+07  1.3415E+05  2.1010E+05
0003082   6.4991E+07 -3.7385E+05 -1.2044E+06
0003083   6.5596E+07 -1.5718E+05  7.6062E+05
0003084   6.1867E+07 -3.3705E+06 -5.1350E+06
0003085   6.4096E+07  1.3877E+06 -1.3972E+05
0003086   6.4588E+07  2.7207E+06 -6.2291E+05
0003087   6.4089E+07 -2.6709E+06 -1.3664E+06
0003088   6.3619E+07  2.6229E+05 -1.1288E+05
0003089   6.4345E+07 -8.7541E+05  8.0919E+05
0003090   6.3832E+07 -1.9464E+06  8.9449E+03
0003091   6.4542E+07  2.4182E+06 -1.9799E+06
0003092   6.4688E+07  1.4750E+06  8.2243E+05
0003093   6.4370E+07 -1.4418E+06 -1.6042E+06
0003094   6.4946E+07  6.3612E+05 -8.8897E+05
0003095   6.4221E+07  1.0356E+05 -1.1904E+06
0003096   6.5013E+07 -1.3339E+06  9.9949E+04
0003097   6.4251E+07  1.3200E+06 -8.7443E+05
0003098   6.4295E+07 -3.8650E+05 -2.3121E+05
0003099   6.7554E+07 -2.3463E+06  1.3195E+06
0003100   6.3939E+07 -1.5421E+06  1.4085E+05
0003101   6.3613E+07 -7.5733E+05  1.7503E+05
0003102   6.5029E+07  2.9192E+06  1.1995E+06
0003103   6.3747E+07 -2.0394E+06 -7.0892E+05
0003104   6.1335E+07  1.3631E+07  4.8366E+06
0003105   6.5806E+07  7.9311E+05 -5.2851E+05
0003106   6.6012E+07  5.8594E+05  6.6746E+04
0003107   6.3678E+07  3.1023E+06  1.9636E+06
0003108   6.3976E+07  1.8812E+06  5.9452E+04
0003109   6.3957E+07 -2.8094E+06  1.1081E+06
0003110   6.3703E+07  9.0375E+05 -1.3796E+06
0003111   6.5766E+07  4.2445E+06 -3.7357E+06
0003112   6.5088E+07 -3.4464E+05 -3.6538E+04
0003113   6.3422E+07  1.8976E+06 -2.6506E+04
0003114   6.4592E+07  2.7126E+05 -2.6363E+05
0003115   6.2127E+07 -1.3462E+06 -2.0526E+06
0003116   6.4252E+07  8.2129E+05 -1.7784E+06
0003117   6.4333E+07 -1.8675E+06 -2.7341E+05
0003118   6.4759E+07 -3.9410E+06  8.8228E+04
0003119   6.3153E+07 -1.0532E+06  1.2008E+06
0003120   6.4135E+07 -2.8966E+05 -9.6123E+05
0003121   6.4571E+07 -4.8599E+05 -2.2393E+05
0003122   6.4541E+07  3.1820E+06 -1.2693E+06
0003123   6.6776E+07 -2.2270E+05  3.1431E+06
0003124   6.7425E+07  6.3941E+05 -2.0225E+06
0003125   6.3508E+07  1.7111E+06 -3.3325E+05
0003126   6.3727E+07  5.6290E+05 -2.2065E+06
0003127   6.4030E+07  5.5622E+05 -4.4912E+05
0003128   6.6259E+07  3.4946E+06  2.7207E+06
0003129   6.3120E+07 -3.0466E+06 -1.0733E+06
0003130   6.5886E+07  1.1957E+05  2.6726E+06
0003131   6.4271E+07 -2.1617E+06  7.5047E+05
0003132   6.4829E+07  6.9040E+05 -1.5203E+06
0003133   6.3631E+07  1.4531E+05 -2.1073E+06
0003134   6.3787E+07  3.7420E+05 -6.3992E+05
0003135   6.4825E+07 -1.8428E+06 -3.2325E+06
0003136   6.4744E+07 -3.4032E+06  2.3424E+05
0003137   6.4667E+07  1.2172E+06 -7.1113E+05
0003138   6.4154E+07 -6.3202E+05  1.1586E+05
0003139   6.4278E+07 -2.8223E+06  1.7365E+05
0003140   6.5719E+07  1.8222E+05  1.8972E+05
0003141   6.2865E+07  1.1838E+06  2.2570E+06
0003142   6.4286E+07  7.9678E+05  4.0896E+06
0003143   6.3815E+07  7.2579E+05 -2.5450E+06
0003144   6.3801E+07  4.6298E+05 -1.7306E+06
0003145   6.6407E+07 -9.0917E+05  5.9182E+04
0003146   6.6083E+07  2.4520E+04 -6.6413E+05
0003147   6.5880E+07  6.7770E+05 -7.2704E+05
0003148   6.3383E+07 -2.6102E+06  7.0296E+05
0003149   6.4523E+07  1.5992E+05  2.2806E+06
0003150   6.4583E+07  3.5539E+04 -1.6530E+06
0003151   6.3235E+07 -9.2102E+05 -1.6183E+06
0003152   6.3616E+07 -8.1248E+05 -2.0668E+06
0003153   6.5173E+07 -1.5907E+06  1.3873E+06
0003154   6.3934E+07  3.1979E+06 -3.7188E+06
0003155   6.3620E+07  1.5524E+06 -1.0545E+06
0003156   6.5039E+07 -9.1549E+05  1.0954E+06
0003157   6.4947E+07 -5.1612E+05  1.0306E+05
0003158   6.6381E+07  8.5665E+05 -2.4537E+06
0003159   6.3743E+07 -1.7176E+06 -5.2447E+05
0003160   6.5099E+07 -3.6302E+06  4.5644E+06
0003161   6.6407E+07  1.4614E+06 -3.4633E+05
0003162   6.4020E+07 -1.7380E+04  6.9882E+05
0003163   6.4462E+07 -1.0318E+06  2.1936E+06
0003164   6.3833E+07 -6.3767E+05 -1.3538E+06
0003165   6.5176E+07 -4.9124E+05  2.2502E+06
0003166   6.4965E+07 -1.7160E+06 -8.6635E+05
0003167   6.3855E+07  9.0503E+04 -2.5798E+06
0003168   6.5089E+07 -8.8239E+05 -8.0580E+05
0003169   6.4759E+07 -1.9751E+06  1.3624E+06
0003170   6.4998E+07  2.4463E+05 -3.9976E+05
0003171   6.4749E+07  2.1679E+06  7.0027E+05
0003172   6.4250E+07  6.5658E+04  7.1435E+05
0003173   6.4184E+07 -4.1129E+05 -2.3557E+06
0003174   6.3803E+07 -3.2519E+05 -3.7522E+05
0003175   6.4390E+07  2.5795E+06  1.3296E+06
0003176   6.4228E+07  1.5070E+06  3.8548E+05
0003177   6.4564E+07  4.0119E+04  2.8827E+06
0003178   6.5011E+07  3.6034E+06  3.0141E+06
0003179   6.3860E+07  1.2856E+05  6.0342E+05
0003180   6.2743E+07  1.0936E+06 -1.7120E+06
0003181   6.3576E+07  1.1370E+06  1.3629E+06
0003182   6.4825E+07  2.2009E+06 -1.0646E+06
0003183   6.5071E+07 -1.4447E+06  8.5731E+05
0003184   6.0469E+07  3.2061E+06 -1.5358E+06
0003185   6.5858E+07  6.7795E+05  3.3370E+05
0003186   6.4676E+07 -3.7997E+06 -2.1753E+06
0003187   6.7344E+07 -4.0035E+05 -5.2956E+05
0003188   6.7362E+07 -7.3012E+05  9.5405E+05
0003189   6.5287E+07  1.7392E+06 -7.6976E+05
0003190   6.3091E+07 -6.6037E+05 -1.4151E+06
0003191   6.4430E+07  7.1405E+05 -1.2889E+06
0003192   6.4805E+07 -5.8283E+04 -2.8966E+05
0003193   6.4530E+07 -9.3384E+05 -1.8209E+06
0003194   6.5173E+07  2.2203E+06  1.1959E+06
0003195   6.3165E+07  8.7519E+05  7.4324E+05
0003196   6.5062E+07  1.7694E+05 -1.4632E+05
0003197   6.2743E+07 -1.4999E+06 -3.5207E+05
0003198   6.3179E+07  1.7823E+06  2.4254E+06
0003199   6.3772E+07  1.4645E+06  1.5168E+06
0003200   6.5359E+07 -8.3990E+05 -1.4623E+05
0003201   6.5373E+07  6.0932E+05  2.0147E+06
0003202   6.4239E+07  8.2592E+04  8.4221E+05
0003203   6.3021E+07  5.8964E+05  2.0267E+06
0003204   6.2820E+07  7.2856E+05  3.3128E+06
0003205   6.3679E+07 -1.0620E+06 -2.9279E+06
0003206   6.3904E+07  1.7882E+06  1.8630E+06
0003207   6.4308E+07  2.4127E+05  1.0238E+06
0003208   6.5535E+07  6.8360E+05 -1.9535E+06
0003209   6.1543E+07  1.1005E+06  1.4448E+06
0003210   6.4219E+07 -1.2601E+06 -1.6754E+06
0003211   6.4159E+07 -1.6402E+06  5.9532E+05
0003212   6.3867E+07 -3.4968E+05 -5.7257E+05
0003213   6.3223E+07 -2.5544E+04 -7.8950E+05
0003214   6.3365E+07  2.0142E+05  3.0787E+05
0003215   6.4510E+07  7.6770E+03 -1.4434E+06
0003216   6.5061E+07 -1.3331E+06 -2.0257E+06
0003217   6.3921E+07  3.0894E+05  2.1083E+05
0003218   6.3612E+07 -6.8961E+05 -6.8676E+05
0003219   6.4042E+07  3.2098E+06  1.3205E+06
0003220   6.6267E+07  1.6159E+06 -3.1030E+06
0003221   6.3089E+07  2.7083E+06 -2.1942E+06
0003222   6.5891E+07  1.0140E+06 -3.1037E+05
0003223   6.3742E+07 -2.5850E+06  2.1220E+06
0003224   6.5181E+07 -1.4162E+06 -5.0673E+05
0003225   6.5951E+07  5.1521E+05 -4.5427E+05
0003226   6.5290E+07  7.2333E+05  1.9164E+06
0003227   6.5076E+07  5.0368E+05  3.2612E+05
0003228   6.5465E+07 -1.4887E+06 -1.0629E+06
0003229   6.4465E+07 -8.4474E+05 -9.4820E+05
0003230   6.4549E+07  1.4444E+06 -8.5182E+05
0003231   6.5919E+07  5.1124E+05 -1.0219E+06
0003232   6.1729E+07  2.0802E+04 -4.3700E+05
0003233   6.7021E+07  2.7524E+06  6.0502E+05
0003234   6.4506E+07  3.5845E+05 -7.3707E+05
0003235   6.6977E+07 -1.2340E+06  3.9017E+05
0003236   6.3400E+07 -1.8819E+06 -1.1800E+06
0003237   6.5981E+07  5.0594E+05  2.5280E+06
0003238   6.3524E+07  2.1552E+06 -2.1762E+06
0003239   6.5763E+07  1.5041E+06  1.5970E+06
0003240   6.4762E+07  1.1432E+06  2.1461E+05
0003241   6.3909E+07  2.3423E+06  3.5207E+05
0003242   6.4045E+07  1.8335E+05  1.7011E+06
0003243   6.3142E+07  1.7752E+06  1.9439E+06
0003244   6.3648E+07 -1.8724E+06 -5.5411E+05
0003245   6.3554E+07 -1.9798E+06 -5.4067E+06
0003246   6.4380E+07  4.6842E+05 -1.7572E+06
0003247   6.4046E+07 -1.8440E+06  6.6978E+05
0003248   6.4991E+07  1.1150E+06  5.1413E+05
0003249   6.3288E+07  4.4083E+05 -7.9978E+05
0003250   6.4382E+07 -9.5059E+05  6.2281E+05
0003251   6.4927E+07  1.2770E+06 -1.3824E+05
0003252   6.4822E+07 -1.8204E+06 -1.0631E+06
0003253   6.6153E+07  2.4546E+06  7.5217E+05
0003254   6.4078E+07  1.4617E+06  2.0125E+06
0003255   6.4412E+07 -1.8577E+05 -1.5088E+06
0003256   6.3253E+07  1.4886E+06  1.4437E+06
0003257   6.4092E+07 -1.0049E+06  1.0485E+06
0003258   6.7520E+07  8.5515E+05  2.4015E+06
0003259   6.4026E+07  7.6606E+04 -5.1190E+05
0003260   6.3136E+07 -5.2058E+05 -2.7250E+06
0003261   6.2785E+07 -1.4242E+06 -2.3093E+06
0003262   6.3010E+07  6.4166E+05  3.2454E+05
0003263   6.2523E+07  1.4103E+06  3.5284E+05
0003264   6.3577E+07  1.9006E+06  1.5685E+06
0003265   6.5164E+07  1.3477E+05 -4.8652E+05
0003266   6.4626E+07 -9.5130E+04  1.3735E+06
0003267   6.6545E+07  1.8394E+06 -1.5817E+06
0003268   6.3989E+07  1.6121E+06 -4.7589E+05
0003269   6.4985E+07  1.4025E+05  6.3803E+05
0003270   6.3653E+07  1.4390E+05 -2.0755E+06
0003271   6.4845E+07 -1.9827E+06 -7.5608E+05
0003272   6.5268E+07  3.5504E+05 -2.8243E+04
0003273   6.4917E+07 -1.5469E+06 -5.4465E+05
0003274   6.4034E+07  1.5730E+06 -2.6166E+06
0003275   6.2827E+07  6.2270E+05 -1.6499E+05
0003276   6.6593E+07 -7.7692E+03 -3.0092E+05
0003277   6.3891E+07 -7.2062E+05  2.0303E+05
0003278   6.5353E+07  7.1267E+05 -1.2219E+06
0003279   6.4618E+07  9.3649E+05  8.9201E+05
0003280   6.3144E+07 -4.7788E+05 -5.7990E+05
0003281   6.4748E+07  3.1893E+04 -7.5431E+04
0003282   6.4699E+07 -8.7073E+05 -9.5758E+05
0003283   6.3522E+07  3.7196E+06  3.8444E+06
0003284   6.5868E+07  1.0922E+05  7.3608E+05
0003285   6.4262E+07 -9.1683E+03  2.3925E+06
0003286   6.4836E+07 -4.0661E+05  1.1391E+06
0003287   6.4858E+07  2.8560E+06 -7.8712E+05
0003288   6.4209E+07 -1.5712E+06  1.3158E+06
0003289   6.4543E+07 -2.3321E+06 -9.8306E+05
0003290   6.5060E+07 -1.2802E+06 -2.0064E+06
0003291   6.5458E+07 -1.2069E+06 -5.7052E+05
0003292   6.3899E+07  9.1465E+05  2.2021E+05
0003293   6.5266E+07  1.0032E+06 -6.1890E+05
0003294   6.5412E+07 -2.1392E+06  7.7005E+05
0003295   6.3815E+07 -1.7655E+04  1.2343E+06
0003296   6.2671E+07  9.9579E+05  3.0175E+06
0003297   6.5270E+07 -9.1070E+05 -1.4094E+06
0003298   6.3615E+07 -6.0760E+05  1.1167E+06
0003299   6.2956E+07  4.5696E+04  4.2032E+05
0003300   6.3840E+07 -6.0935E+05 -3.4757E+06
0003301   6.5342E+07 -5.1238E+05 -6.7859E+05
0003302   6.4469E+07  5.1835E+05  9.8305E+04
0003303   6.2396E+07  1.2476E+05 -8.5105E+05
0003304   6.5066E+07 -5.9468E+05 -5.4019E+05
0003305   6.4582E+07  6.7682E+05 -2.1875E+06
0003306   6.4767E+07  5.1788E+05 -1.2970E+06
0003307   6.5126E+07 -3.9187E+04 -6.0415E+05
0003308   6.4985E+07  1.3971E+06  4.6770E+06
0003309   6.4568E+07 -2.0101E+06 -3.0362E+05
0003310   6.4283E+07  1.2662E+06  8.4637E+04
0003311   6.5814E+07  2.0235E+05  1.6022E+06
0003312   6.4133E+07  8.9590E+05  8.4521E+05
0003313   6.2956E+07  6.4196E+05  1.3941E+04
0003314   6.6095E+07  5.4847E+06 -1.2087E+06
0003315   6.5032E+07 -1.1287E+06 -9.1556E+05
0003316   6.6584E+07 -3.9528E+05 -3.9822E+05
0003317   6.5789E+07 -3.9990E+06  1.1526E+06
0003318   6.5232E+07 -1.8849E+05  5.1876E+04
0003319   6.4225E+07 -1.9241E+05  4.3147E+06
0003320   6.5063E+07 -7.1047E+05 -1.7086E+06
0003321   6.3926E+07  5.1573E+05 -7.3955E+06
0003322   6.3361E+07 -3.5021E+06 -6.3193E+05
0003323   6.4127E+07 -4.5363E+05 -2.8331E+05
0003324   6.6023E+07 -2.3487E+06  1.4392E+05
0003325   6.3111E+07  1.5285E+06  1.7520E+06
0003326   6.6143E+07  1.4243E+06  1.2802E+06
0003327   6.3829E+07 -9.7922E+05  9.8724E+05
0003328   6.4230E+07 -3.9266E+04  1.5425E+05
0003329   6.4160E+07 -5.5684E+05 -3.8340E+05
0003330   6.2756E+07  3.6195E+06 -6.6809E+05
0003331   6.6204E+07  2.8124E+04 -5.5644E+05
0003332   6.6214E+07  8.8298E+05  1.0980E+06
0003333   6.2382E+07 -1.0040E+06  7.9930E+05
0003334   6.4296E+07 -3.3488E+06 -1.6568E+06
0003335   6.3701E+07  1.1415E+06  2.2926E+06
0003336   6.4747E+07  9.5841E+05 -8.1825E+05
0003337   6.3485E+07 -4.8310E+06  2.0350E+06
0003338   6.5203E+07 -2.8585E+05 -9.4136E+05
0003339   6.5016E+07  1.7257E+06 -1.1879E+05
0003340   6.3381E+07  2.2496E+06 -8.9188E+05
0003341   6.5744E+07  8.8604E+04 -2.7685E+06
0003342   6.4807E+07  1.0396E+06 -7.4093E+05
0003343   6.3940E+07 -8.5805E+04  1.2226E+06
0003344   6.5604E+07 -1.3994E+06 -6.1730E+05
0003345   6.5116E+07  1.2528E+05 -2.2622E+05
0003346   6.4235E+07  1.1437E+06  3.3382E+04
0003347   6.3566E+07 -2.7519E+05 -1.6284E+05
0003348   6.3637E+07 -1.6161E+06  2.2253E+06
0003349   6.4591E+07 -1.6849E+06 -3.9406E+05
0003350   6.6107E+07 -1.9763E+06  2.9765E+05
0003351   6.4621E+07 -9.5268E+05  6.9680E+05
0003352   6.3925E+07 -1.7151E+06  1.0519E+06
0003353   6.4326E+07  2.3423E+06  9.9421E+05
0003354   6.3969E+07  1.7675E+06  3.6774E+05
0003355   6.5789E+07 -1.8202E+06  1.2786E+05
0003356   6.3501E+07  9.0923E+05  2.5851E+06
0003357   6.4365E+07 -2.9102E+06  3.6848E+06
0003358   6.4688E+07  3.8050E+06  5.0474E+05
0003359   6.4391E+07 -2.7095E+06  4.0845E+05
0003360   6.6233E+07 -5.2344E+05 -2.3887E+06
0003361   6.5560E+07 -4.1569E+05  3.6358E+05
0003362   6.4808E+07  7.4492E+05  2.7470E+05
0003363   6.5325E+07  6.2771E+05 -7.3029E+05
0003364   6.4005E+07 -9.5206E+05  1.9729E+06
0003365   6.4861E+07  4.8067E+05 -1.2332E+06
0003366   6.2531E+07  1.9024E+06  6.5838E+05
0003367   6.5125E+07  2.8287E+05  1.7004E+06
0003368   6.4936E+07  2.3138E+06  1.2100E+06
0003369   6.4347E+07 -1.9275E+06 -1.9828E+06
0003370   6.3288E+07  1.7589E+06 -6.8462E+05
0003371   6.4332E+07 -1.3376E+06  8.6711E+05
0003372   6.4995E+07 -1.5888E+05 -1.8249E+06
0003373   6.5921E+07 -1.4361E+06  7.1889E+05
0003374   6.5145E+07 -2.9244E+05  1.0324E+06
0003375   6.4748E+07 -1.5728E+06  1.7354E+06
0003376   6.5134E+07  1.0845E+06  1.8997E+06
0003377   6.3250E+07 -2.6691E+05 -4.0229E+05
0003378   6.4793E+07  1.4946E+05 -2.2106E+06
0003379   6.5464E+07 -5.8700E+05  4.0369E+06
0003380   6.4848E+07  2.7684E+04 -1.9549E+06
0003381   6.6117E+07  2.4054E+05 -9.4718E+05
0003382   6.2850E+07 -1.5452E+06  1.2601E+04
0003383   6.2322E+07 -7.1253E+06 -6.6467E+06
0003384   6.4296E+07 -4.9625E+05 -1.7649E+06
0003385   6.4646E+07  3.8521E+05 -1.9381E+06
0003386   6.5023E+07  9.2569E+05 -1.2797E+06
0003387   6.5621E+07  1.0913E+06  6.1330E+05
0003388   6.3630E+07 -2.0685E+06 -1.2787E+05
0003389   6.5609E+07 -8.6918E+05 -7.3722E+04
0003390   6.5401E+07  1.4096E+06 -4.2958E+05
0003391   6.4666E+07 -3.7487E+06 -1.1441E+06
0003392   6.7134E+07  2.9527E+06  5.2720E+05
0003393   6.5996E+07 -2.7098E+06 -3.0393E+06
0003394   6.2824E+07  3.7954E+06 -4.4025E+06
0003395   6.3684E+07 -4.6140E+05  1.4859E+06
0003396   6.3424E+07 -8.8132E+05 -7.1275E+05
0003397   6.3470E+07  8.0812E+05  1.5754E+05
0003398   6.5348E+07  4.2398E+05 -1.3115E+06
0003399   6.5572E+07  1.8064E+06  2.6503E+06
0003400   6.4352E+07  4.0936E+06 -1.4385E+06
0003401   6.4802E+07 -1.6246E+04  1.8009E+06
0003402   6.3889E+07 -1.1396E+06  2.5563E+06
0003403   6.4573E+07  9.0552E+05  1.5696E+04
0003404   6.2583E+07  4.4672E+06 -1.8314E+05
0003405   6.6102E+07 -2.3565E+06 -9.2711E+04
0003406   6.6645E+07 -2.5559E+06  5.0617E+05
0003407   6.6558E+07  1.9136E+06 -1.4120E+06
0003408   6.5188E+07 -3.8419E+05 -1.2853E+06
0003409   6.3786E+07  1.9062E+06 -2.5559E+04
0003410   6.5307E+07  1.7352E+06 -1.1328E+06
0003411   6.2813E+07  3.5529E+04  6.8754E+05
0003412   6.5402E+07 -2.2538E+06  7.3199E+05
0003413   6.1716E+07  2.3702E+06  1.1794E+06
0003414   6.4971E+07 -1.7817E+06  1.1132E+06
0003415   6.4900E+07 -1.1633E+05  1.3476E+05
0003416   6.5132E+07  8.8055E+06  1.1830E+06
0003417   6.3410E+07  3.2633E+06 -7.1824E+05
0003418   6.4598E+07  1.6475E+06  2.3982E+05
0003419   6.5412E+07 -8.7158E+04 -1.6209E+06
0003420   6.4091E+07 -7.6993E+05  1.7491E+06
0003421   6.6705E+07 -6.8679E+05  1.7699E+04
0003422   6.2712E+07 -4.5363E+05 -4.5210E+05
0003423   6.5036E+07 -1.9950E+06 -2.4323E+06
0003424   6.4908E+07  4.8727E+05  1.9625E+06
0003425   6.5338E+07 -1.5796E+05  4.4211E+06
0003426   6.5513E+07 -6.6421E+05 -1.1776E+05
0003427   6.4721E+07  1.5000E+06 -1.1349E+06
0003428   6.4995E+07 -2.2544E+06 -7.9502E+05
0003429   6.5179E+07  7.8632E+05  2.9140E+06
0003430   6.5625E+07  9.6018E+05  5.5597E+04
0003431   6.5877E+07 -8.9030E+05  1.1393E+05
0003432   6.3758E+07  2.3872E+06 -3.1120E+06
0003433   6.4391E+07  3.0075E+05  2.1187E+06
0003434   6.3393E+07 -3.1490E+06 -1.2039E+06
0003435   6.4748E+07 -2.5675E+06  1.1742E+06
0003436   6.4891E+07 -1.2008E+06  1.5179E+06
0003437   6.4586E+07 -1.8791E+06  1.6478E+06
0003438   6.5443E+07  9.7812E+04  2.3304E+06
0003439   6.3188E+07  5.6270E+01  6.2193E+04
0003440   6.6447E+07  1.1053E+05  1.0037E+06
0003441   6.4390E+07 -1.0366E+05  3.2816E+05
0003442   6.4680E+07 -4.9413E+05  1.0162E+06
0003443   6.4419E+07  3.5422E+05 -2.4532E+06
0003444   6.3784E+07 -1.7371E+06  1.3726E+06
0003445   6.6114E+07  1.2437E+06  7.3434E+05
0003446   6.7562E+07  1.5731E+06  1.0161E+06
0003447   6.5263E+07  6.0502E+04 -1.4756E+06
0003448   6.3459E+07 -5.4962E+05 -2.9817E+05
0003449   6.4112E+07  4.9854E+05  1.4426E+06
0003450   6.5527E+07 -1.1326E+06 -9.5033E+05
0003451   6.6020E+07  1.9933E+06  1.1008E+06
0003452   6.4657E+07  1.3135E+06  8.2121E+05
0003453   6.5047E+07  7.2102E+05 -2.5617E+06
0003454   6.3963E+07 -9.9059E+05 -7.7632E+05
0003455   6.6184E+07 -3.5894E+05  5.0886E+05
0003456   6.4289E+07 -2.3814E+05  7.5856E+05
0003457   6.4578E+07  1.3148E+06  2.5562E+06
0003458   6.4906E+07 -4.4851E+05 -2.3721E+06
0003459   6.2918E+07  5.8914E+05 -1.3071E+06
0003460   6.5253E+07 -3.3474E+05 -1.0664E+06
0003461   6.3420E+07  2.2452E+06  9.6139E+05
0003462   6.4180E+07 -1.8461E+06 -1.7182E+06
0003463   6.2490E+07  8.4431E+05  6.8322E+05
0003464   6.5072E+07  2.4444E+06 -8.5711E+04
0003465   6.5219E+07 -1.3374E+06 -3.1082E+06
0003466   6.4043E+07  1.8953E+06  1.3408E+06
0003467   6.4024E+07  9.0355E+05 -2.0275E+05
0003468   6.1867E+07 -7.3241E+05 -1.0986E+06
0003469   6.3825E+07 -1.5962E+06  3.9675E+06
0003470   6.5653E+07 -1.0830E+06  1.8132E+06
0003471   6.5782E+07  2.1914E+05 -1.1201E+06
0003472   6.5740E+07 -1.3543E+06 -9.8911E+05
0003473   6.5053E+07 -1.9844E+06  1.1464E+06
0003474   6.5496E+07  1.0063E+06 -2.3321E+06
0003475   6.4639E+07 -4.2476E+05 -3.7974E+05
0003476   6.4516E+07  1.0714E+06  2.1769E+06
0003477   6.4622E+07 -2.8494E+06 -8.2168E+05
0003478   6.2324E+07 -6.7234E+05  2.3892E+05
0003479   6.3574E+07  8.3861E+05 -2.5391E+06
0003480   6.7037E+07  8.0694E+05  1.2469E+06
0003481   6.4397E+07 -6.3284E+05  4.1538E+06
0003482   6.3725E+07 -3.3588E+05  7.5901E+05
0003483   6.4647E+07  9.0347E+05  9.4081E+05
0003484   6.4588E+07 -1.0548E+05  8.8016E+05
0003485   6.2212E+07  1.0636E+06  8.8386E+05
0003486   6.5666E+07 -6.9210E+05  7.2309E+05
0003487   6.4060E+07 -1.1883E+06  4.2862E+05
0003488   6.5273E+07 -1.7958E+05  1.8644E+06
0003489   6.4747E+07  1.4833E+06  1.4078E+05
0003490   6.4393E+07  8.0351E+05 -6.4047E+05
0003491   6.6026E+07 -3.0218E+05 -8.3863E+05
0003492   6.2679E+07 -9.7023E+05  2.4433E+04
0003493   6.4263E+07  1.9459E+06  1.6291E+06
0003494   6.5180E+07 -2.3730E+06  1.1227E+06
0003495   6.5150E+07 -1.2973E+06 -2.4390E+06
0003496   6.3767E+07 -1.0031E+06  2.8833E+06
0003497   6.3748E+07 -1.2475E+05  9.1711E+05
0003498   6.5635E+07 -2.1911E+06  8.5401E+05
0003499   6.4000E+07 -1.8474E+06 -3.4031E+06
0003500   6.5932E+07  6.3297E+05  5.6332E+05
0003501   6.3307E+07 -2.0618E+06 -1.4786E+06
0003502   6.3374E+07 -2.3383E+06 -1.2910E+06
0003503   6.4988E+07 -3.4324E+05 -6.0278E+05
0003504   6.5022E+07  1.6070E+06  1.7825E+05
0003505   6.4758E+07 -1.4204E+05  7.7646E+05
0003506   6.5713E+07  1.4910E+06 -9.7955E+04
0003507   6.4524E+07 -6.9589E+05 -1.6748E+06
0003508   6.3940E+07  7.3480E+05  5.0224E+05
0003509   6.5542E+07 -5.8441E+05  1.0150E+06
0003510   6.5854E+07  6.1765E+05 -1.0336E+06
0003511   6.6625E+07 -9.8934E+05  1.3094E+06
0003512   6.4289E+07  5.4866E+05 -1.5769E+06
0003513   6.5461E+07 -6.0862E+04  2.9825E+06
0003514   6.4389E+07 -9.6699E+05  2.0661E+06
0003515   6.2689E+07 -7.4595E+05 -3.5705E+05
0003516   6.5509E+07 -2.5886E+06  4.8510E+05
0003517   6.3773E+07 -1.8480E+06 -2.5141E+06
0003518   6.3501E+07  1.7574E+06  9.6271E+05
0003519   6.4024E+07  6.4293E+05  9.6951E+05
0003520   6.4456E+07 -8.5840E+05  5.3697E+05
0003521   6.3780E+07 -5.3357E+05 -9.0628E+05
0003522   6.4661E+07  1.5531E+05  7.3805E+05
0003523   6.4246E+07 -1.2536E+06 -1.3360E+06
0003524   6.6525E+07 -5.7812E+04  2.2902E+06
0003525   6.2310E+07 -2.1844E+06  2.5896E+06
0003526   6.3913E+07 -2.8032E+05  5.9321E+04
0003527   6.4317E+07  2.1751E+05 -3.4385E+05
0003528   6.3519E+07  1.9670E+06 -2.7584E+06
0003529   6.3155E+07  8.1826E+05  5.4291E+06
0003530   6.5957E+07  1.3257E+06 -2.1581E+05
0003531   6.4362E+07 -2.0056E+05  4.3018E+06
0003532   6.3840E+07  5.3787E+04 -1.3968E+06
0003533   6.6356E+07 -1.5190E+06  2.1332E+06
0003534   6.3259E+07  1.7506E+06  2.5886E+05
0003535   6.4352E+07  1.6525E+05  9.4995E+05
0003536   6.2160E+07  4.6337E+05 -3.0378E+06
0003537   6.4260E+07 -2.3096E+06  7.5524E+05
0003538   6.4609E+07 -6.8811E+05  1.1204E+06
0003539   6.4488E+07 -3.7997E+05 -1.4799E+06
0003540   6.4351E+07 -1.2105E+06  4.9990E+05
0003541   6.3382E+07  1.1662E+05 -5.3607E+05
0003542   6.3224E+07 -8.7640E+05 -6.8604E+04
0003543   6.3155E+07  7.8736E+05  8.1939E+05
0003544   6.5176E+07 -7.0160E+05  5.5374E+05
0003545   6.3983E+07 -9.5245E+05 -1.4479E+06
0003546   6.5761E+07  2.0996E+06 -1.4067E+06
0003547   6.3898E+07 -6.7526E+05  6.5463E+05
0003548   6.4764E+07 -9.4876E+05  1.2973E+06
0003549   6.3516E+07  9.7658E+05 -1.3007E+06
0003550   6.4699E+07  7.8272E+05  1.2288E+06
0003551   6.4573E+07  5.3716E+05 -2.7977E+06
0003552   6.4114E+07  3.9112E+06 -5.1467E+04
0003553   6.4632E+07 -3.9085E+05  4.5101E+06
0003554   6.5064E+07 -2.2358E+05 -1.5105E+06
0003555   6.2683E+07 -3.2244E+05  1.9877E+06
0003556   6.5129E+07 -9.3136E+05 -1.2999E+06
0003557   6.3195E+07 -1.2563E+05 -2.0605E+04
0003558   6.4744E+07 -7.3086E+04 -1.9971E+04
0003559   6.2975E+07 -1.3055E+06  1.5532E+06
0003560   6.3745E+07  2.4140E+06 -9.4696E+05
0003561   6.4264E+07  4.8904E+05  1.7524E+06
0003562   6.3584E+07 -3.0359E+06 -9.0376E+05
0003563   6.4865E+07  1.5408E+06 -1.1264E+06
0003564   6.5443E+07 -9.7634E+04  6.0067E+05
0003565   6.5545E+07 -2.1840E+06  1.6832E+06
0003566   6.4366E+07 -3.9417E+06 -8.6444E+05
0003567   6.3660E+07 -1.2561E+06  2.8935E+06
0003568   6.3457E+07 -1.3824E+06 -1.7380E+06
0003569   6.5271E+07  7.1251E+05 -1.0698E+05
0003570   6.4335E+07  1.9595E+06  8.0091E+05
0003571   6.7062E+07 -4.0020E+06 -1.0905E+06
0003572   6.4097E+07 -3.4762E+05 -5.1278E+05
0003573   6.5150E+07 -8.9803E+04 -3.9011E+05
0003574   6.1863E+07 -1.9253E+06 -4.0988E+06
0003575   6.4060E+07 -6.3439E+05  1.4977E+06
0003576   6.5979E+07 -1.2078E+06  2.0481E+06
0003577   6.5258E+07  3.6970E+04  2.4780E+05
0003578   6.6133E+07  1.4712E+06 -4.4461E+06
0003579   6.4842E+07 -6.2544E+05 -2.8511E+04
0003580   6.5284E+07 -8.2284E+05  7.4382E+05
0003581   6.4512E+07 -3.5562E+05 -4.2308E+05
0003582   6.3413E+07 -7.6285E+05  1.2611E+06
0003583   6.4517E+07  1.1745E+06 -7.2804E+05
0003584   6.5462E+07 -2.9234E+06  8.6086E+04
0003585   6.4067E+07  8.8406E+05 -5.8818E+05
0003586   6.3065E+07 -3.4904E+06  2.1304E+06
0003587   6.4383E+07  9.8876E+05  2.0005E+06
0003588   6.4288E+07  2.2400E+06 -3.3569E+05
0003589   6.2476E+07  9.2088E+05 -3.6008E+05
0003590   6.6542E+07 -1.4742E+06 -1.1690E+06
0003591   6.7225E+07 -2.3584E+05 -6.3957E+05
0003592   6.4672E+07 -1.0842E+06 -2.0587E+06
0003593   6.5008E+07  1.2361E+06  5.8516E+05
0003594   6.3822E+07 -3.6491E+05 -3.8538E+05
0003595   6.4376E+07  1.3150E+06  1.8408E+06
0003596   6.5516E+07 -1.6648E+06 -2.8949E+05
0003597   6.3384E+07  1.0034E+06  5.1624E+05
0003598   6.6693E+07 -4.1723E+06 -7.5665E+05
0003599   6.4295E+07 -1.7384E+06 -1.1436E+06
0003600   6.3839E+07  8.5976E+05 -6.9417E+05
0003601   6.5130E+07  6.5338E+05 -2.2940E+05
0003602   6.5294E+07  1.0499E+06  9.6250E+05
0003603   6.6815E+07 -1.1068E+06 -8.3486E+05
0003604   6.5041E+07 -2.0282E+06  2.7865E+06
0003605   6.2384E+07  2.4123E+05  3.1474E+06
0003606   6.5692E+07  3.9622E+05  1.3930E+06
0003607   6.5548E+07  4.8993E+05 -1.3464E+06
0003608   6.4895E+07  2.0593E+06  6.8219E+05
0003609   6.4987E+07 -4.4681E+05  8.0158E+05
0003610   6.2934E+07  5.2402E+05  6.9118E+05
0003611   6.5939E+07  1.1766E+06 -3.2962E+05
0003612   6.4593E+07  3.2935E+05 -2.7647E+04
0003613   6.2240E+07  1.8401E+06 -2.2757E+06
0003614   6.3661E+07  1.0679E+06  9.4235E+05
0003615   6.2404E+07 -9.4041E+05  1.7551E+06
0003616   6.3328E+07  5.0066E+05 -9.6425E+05
0003617   6.5846E+07  9.8052E+05  1.6454E+06
0003618   6.3808E+07 -6.8438E+05  6.3349E+05
0003619   6.3827E+07  1.6036E+06 -1.0416E+06
0003620   6.5124E+07  3.5862E+06 -1.0796E+06
0003621   6.6052E+07  1.4191E+06 -2.3640E+06
0003622   6.2748E+07 -2.1798E+06 -1.4480E+06
0003623   6.5014E+07 -1.0972E+06  5.7596E+05
0003624   6.6135E+07 -1.0373E+06  1.2782E+06
0003625   6.4376E+07 -1.5471E+06  1.1828E+06
0003626   6.5269E+07 -1.6937E+06 -8.7361E+05
0003627   6.5373E+07  9.2217E+05  2.1390E+06
0003628   6.3040E+07  8.8591E+04 -8.7452E+05
0003629   6.3845E+07 -4.1568E+05 -9.0159E+05
0003630   6.3411E+07 -5.4210E+05 -1.2857E+06
0003631   6.3987E+07 -1.9778E+06  4.8771E+05
0003632   6.4401E+07 -3.5487E+06  3.4980E+06
0003633   6.5656E+07 -1.5967E+06  2.1042E+05
0003634   6.4368E+07  1.4250E+06  6.9206E+05
0003635   6.6384E+07 -3.0231E+05 -1.5372E+06
0003636   6.4702E+07  5.5095E+05 -8.9727E+05
0003637   6.3750E+07 -4.1145E+05  3.1237E+06
0003638   6.6712E+07  8.6305E+05  2.9616E+06
0003639   6.4501E+07  2.6175E+06  1.9461E+06
0003640   6.3088E+07 -2.1903E+06  1.4204E+06
0003641   6.4288E+07 -1.2323E+06  4.7728E+05
0003642   6.4553E+07 -9.0806E+05  1.3630E+06
0003643   6.2856E+07  2.3001E+06  9.8242E+03
0003644   6.4072E+07 -1.7637E+05  2.7243E+06
0003645   6.6098E+07 -3.3510E+05  1.4984E+05
0003646   6.6953E+07 -2.1054E+06  6.9326E+05
0003647   6.4246E+07  1.9355E+05 -5.0675E+05
0003648   6.4835E+07  2.0192E+06  1.1445E+06
0003649   6.5558E+07  7.6422E+05  1.6559E+06
0003650   6.3523E+07  8.5514E+04  2.0974E+06
0003651   6.6096E+07 -4.1496E+06 -3.0548E+06
0003652   6.4760E+07 -1.3709E+05 -1.9476E+06
0003653   6.4122E+07  1.9833E+05 -1.1126E+05
0003654   6.5427E+07 -5.5771E+04  4.2267E+04
0003655   6.5300E+07  7.1293E+05  3.3700E+04
0003656   6.5969E+07  2.8249E+06  4.4008E+05
0003657   6.2098E+07  6.6987E+05 -7.7780E+05
0003658   6.4653E+07  5.4807E+05  4.0334E+05
0003659   6.2829E+07  1.7078E+06  1.9728E+06
0003660   6.2877E+07  2.8512E+06 -2.3311E+06
0003661   6.4373E+07  1.4995E+06  7.3832E+05
0003662   6.3855E+07 -1.5196E+06 -8.4659E+05
0003663   6.5399E+07  5.9980E+05  9.6942E+04
0003664   6.3985E+07 -5.4559E+05  4.6239E+05
0003665   6.5555E+07 -7.5073E+04  4.0434E+05
0003666   6.5016E+07  1.9172E+04  2.3563E+04
0003667   6.5328E+07 -2.6595E+06 -1.7655E+06
0003668   6.7235E+07 -2.7778E+06  2.3998E+06
0003669   6.2915E+07  4.8579E+04  3.1905E+06
0003670   6.4247E+07 -5.4126E+06  1.4869E+06
0003671   6.4258E+07 -3.5029E+05 -3.3335E+05
0003672   6.3995E+07 -1.3697E+04 -1.1208E+06
0003673   6.4095E+07  4.7857E+05  1.1392E+06
0003674   6.4039E+07  3.0429E+05  9.6783E+05
0003675   6.3409E+07 -1.4050E+06  2.6227E+06
0003676   6.3600E+07  8.7938E+05  2.2257E+06
0003677   6.5437E+07  1.0821E+06 -6.9758E+05
0003678   6.5628E+07 -1.7255E+05 -3.5862E+05
0003679   6.3750E+07  2.6142E+05 -3.0555E+06
0003680   6.3962E+07  2.0718E+06  8.1995E+05
0003681   6.3879E+07  3.8652E+06 -2.8303E+05
0003682   6.1105E+07 -2.1863E+06  4.4903E+05
0003683   6.3872E+07  7.0939E+05  1.3172E+06
0003684   6.4112E+07  1.5982E+06 -1.2485E+05
0003685   6.4531E+07 -1.2018E+06 -1.2864E+06
0003686   6.4138E+07 -3.3748E+06  4.4225E+06
0003687   6.3465E+07 -3.2062E+05  1.7623E+06
0003688   6.3466E+07 -2.4539E+06 -2.0489E+06
0003689   6.4535E+07  1.4696E+06 -3.6900E+05
0003690   6.3939E+07 -4.3290E+05 -7.4736E+05
0003691   6.2958E+07  1.2502E+06 -9.2999E+05
0003692   6.4828E+07  8.0752E+05  2.1869E+06
0003693   6.5109E+07  1.4125E+06 -5.2943E+05
0003694   6.3270E+07  1.1135E+06  4.8879E+06
0003695   6.4763E+07 -1.5339E+06  3.0036E+05
0003696   6.2351E+07  1.2394E+05  6.1180E+05
0003697   6.2940E+07 -9.6414E+05  4.5146E+05
0003698   6.2655E+07 -1.5546E+06 -2.2246E+06
0003699   6.2759E+07  1.7844E+06 -1.0412E+06
0003700   6.4175E+07  7.9884E+05  2.0522E+06
0003701   6.6380E+07  1.4781E+05 -2.4554E+06
0003702   6.5510E+07 -1.1187E+06 -1.1172E+06
0003703   6.2123E+07 -3.6105E+05 -1.3608E+06
0003704   6.4715E+07  1.7948E+06  2.2809E+06
0003705   6.3728E+07  9.0499E+05  8.2892E+05
0003706   6.3395E+07  1.7169E+06  5.5315E+06
0003707   6.5271E+07 -1.2415E+06 -9.5669E+05
0003708   6.3069E+07 -7.4421E+04  1.0176E+05
0003709   6.5740E+07  4.8196E+05  1.7623E+06
0003710   6.4099E+07  1.3573E+05  9.1490E+05
0003711   6.4281E+07 -4.7382E+05 -4.6245E+05
0003712   6.4737E+07  1.8819E+06  2.8223E+06
0003713   6.5131E+07  1.1500E+06 -2.0941E+06
0003714   6.5061E+07  3.4665E+06 -7.9649E+05
0003715   6.4941E+07 -8.0622E+05 -8.7170E+05
0003716   6.3226E+07  8.1523E+05 -4.1903E+05
0003717   6.3906E+07 -1.2644E+06 -1.5843E+06
0003718   6.5692E+07 -4.1555E+03 -6.8628E+05
0003719   6.6147E+07  6.5057E+04 -1.8800E+06
0003720   6.5760E+07 -2.0736E+06 -1.5541E+06
0003721   6.4256E+07  2.9015E+05 -2.7517E+06
0003722   6.3424E+07 -3.7719E+05  8.5605E+05
0003723   6.3779E+07 -1.5005E+06 -1.1093E+06
0003724   6.3692E+07  1.7781E+06  2.9239E+05
0003725   6.4564E+07 -6.3888E+05  5.2592E+05
0003726   6.3816E+07  2.6342E+05 -4.7489E+05
0003727   6.3721E+07  4.1730E+05  1.1980E+06
0003728   6.5602E+07 -1.4249E+06 -5.4740E+05
0003729   6.6141E+07  1.4024E+06 -1.9578E+06
0003730   6.6447E+07  3.0130E+05 -1.2190E+06
0003731   6.5061E+07 -9.5697E+05 -4.9327E+05
0003732   6.3043E+07 -5.7906E+05 -1.4827E+06
0003733   6.4767E+07 -6.0051E+05 -5.9495E+05
0003734   6.4344E+07 -1.0921E+05  1.5965E+05
0003735   6.5981E+07  8.6924E+05 -6.5244E+05
0003736   6.3366E+07 -5.0780E+05 -3.1279E+06
0003737   6.2876E+07 -2.5796E+06  1.0948E+05
0003738   6.4115E+07 -3.7040E+05  6.9352E+04
0003739   6.6998E+07 -7.3324E+05  1.1986E+05
0003740   6.5116E+07 -4.5766E+05  1.7004E+06
0003741   6.2821E+07 -2.2156E+05 -5.0682E+05
0003742   6.6323E+07 -6.1484E+05 -2.1412E+06
0003743   6.3948E+07  1.8695E+06  2.0981E+06
0003744   6.1100E+07 -3.9834E+06 -3.8898E+06
0003745   6.5144E+07 -2.6986E+06  1.4827E+06
0003746   6.5365E+07 -2.3415E+05  7.7233E+05
0003747   6.5212E+07 -1.0655E+06 -2.1959E+05
0003748   6.4529E+07 -1.4776E+06  1.4619E+06
0003749   6.5753E+07  1.6090E+06 -9.2660E+04
0003750   6.5086E+07 -7.5521E+05  1.1422E+06
0003751   6.3768E+07  1.4581E+06  1.4066E+06
0003752   6.5713E+07 -1.5290E+05  1.6197E+05
0003753   6.4136E+07 -9.4328E+05 -1.0207E+06
0003754   6.3616E+07  1.1396E+06  1.7565E+05
0003755   6.4224E+07  2.3049E+06 -2.4266E+06
0003756   6.3246E+07  8.1999E+05  1.5633E+06
0003757   6.4296E+07 -3.3741E+06  1.4813E+05
0003758   6.3081E+07 -4.5038E+05  2.7382E+05
0003759   6.3650E+07  1.7803E+06  7.1873E+05
0003760   6.5360E+07 -1.9477E+05 -6.5502E+05
0003761   6.4407E+07 -1.0377E+06 -1.6473E+06
0003762   6.3557E+07  6.9940E+05  1.7233E+05
0003763   6.3065E+07  1.3467E+06 -8.6524E+05
0003764   6.3045E+07 -4.0298E+06 -4.6287E+05
0003765   6.5123E+07  8.9435E+05  2.0693E+05
0003766   6.3812E+07 -7.9680E+05  7.0717E+04
0003767   6.3689E+07 -1.3806E+06  7.1169E+05
0003768   6.4960E+07  1.2513E+06  6.7469E+05
0003769   6.3782E+07  2.2572E+05  2.3638E+06
0003770   6.3745E+07  2.2423E+06  5.9378E+05
0003771   6.5576E+07 -1.2406E+06  4.0019E+05
0003772   6.5260E+07 -6.0678E+05 -3.3992E+06
0003773   6.3565E+07 -1.4427E+05  2.9099E+05
0003774   6.4109E+07 -8.5675E+05  3.1902E+05
0003775   6.4254E+07 -7.9904E+05  2.8573E+06
0003776   6.4670E+07 -2.6978E+06 -4.5385E+05
0003777   6.4390E+07  1.7315E+06  9.6770E+05
0003778   6.5041E+07 -5.1757E+04  3.6033E+05
0003779   6.5811E+07  1.3936E+06  2.1430E+06
0003780   6.5504E+07  8.7285E+05  3.5934E+05
0003781   6.4489E+07  1.6816E+06 -6.7760E+05
0003782   6.5392E+07  4.0202E+05 -7.8336E+04
0003783   6.3921E+07 -2.3311E+06 -1.1054E+06
0003784   6.4545E+07 -1.9270E+06  3.9038E+05
0003785   6.4382E+07  4.2841E+05  1.9711E+05
0003786   6.3880E+07  2.4621E+05  1.3801E+06
0003787   6.4548E+07  7.1037E+05  5.0805E+05
0003788   6.5923E+07  2.1720E+05 -5.4426E+05
0003789   6.3980E+07 -4.7793E+05  4.7786E+04
0003790   6.4318E+07  4.9696E+05 -1.7000E+06
0003791   6.2872E+07 -1.2577E+06  2.1485E+05
0003792   6.4362E+07 -7.6294E+05 -4.8248E+05
0003793   6.5313E+07  2.7395E+06  1.3280E+06
0003794   6.6807E+07  8.9755E+05  3.0852E+06
0003795   6.4240E+07  1.6094E+06  1.0099E+05
0003796   6.3109E+07  9.3340E+05  1.5116E+05
0003797   6.3862E+07 -1.5941E+06 -1.1852E+06
0003798   6.4677E+07 -1.7523E+04  1.0079E+06
0003799   6.7828E+07 -9.1480E+05  8.6945E+05
0003800   6.3382E+07  3.4566E+05  2.2194E+05
0003801   6.2148E+07  1.0487E+06 -1.2060E+06
0003802   6.3231E+07 -9.9062E+05 -4.2792E+05
0003803   6.4343E+07 -1.5403E+06  6.1728E+05
0003804   6.5864E+07  6.1845E+05  1.7809E+06
0003805   6.5377E+07  1.4728E+05  6.6736E+05
0003806   6.4655E+07  8.9405E+05  2.4862E+05
0003807   6.3815E+07 -1.5251E+05  7.4954E+05
0003808   6.6298E+07 -1.4392E+06 -1.4052E+06
0003809   6.3723E+07  1.2525E+06 -6.3871E+05
0003810   6.4075E+07 -8.4951E+05  1.4231E+06
0003811   6.3232E+07 -9.6236E+05  1.1488E+05
0003812   6.3800E+07  1.4479E+06 -1.2464E+06
0003813   6.4992E+07 -1.7030E+06 -6.0289E+05
0003814   6.3082E+07 -3.0673E+06  3.2335E+05
0003815   6.2713E+07 -1.5453E+06  1.2853E+06
0003816   6.6211E+07 -1.1176E+06  2.4338E+06
0003817   6.3604E+07  3.1670E+05 -2.9885E+06
0003818   6.2439E+07 -1.6001E+06 -1.0393E+06
0003819   6.3664E+07 -5.2289E+03 -6.8273E+05
0003820   6.2938E+07  1.6510E+06 -2.0841E+05
0003821   6.4443E+07 -6.3836E+05  1.2795E+05
0003822   6.5919E+07 -2.8240E+06  8.5107E+05
0003823   6.5231E+07 -1.4777E+05 -4.7338E+05
0003824   6.2099E+07  1.0716E+06 -1.3057E+05
0003825   6.4213E+07 -7.5978E+05 -3.1350E+06
0003826   6.3003E+07  6.3455E+04 -1.7652E+06
0003827   6.4662E+07  1.4275E+06  1.6282E+05
0003828   6.5407E+07 -9.7168E+04 -6.8071E+05
0003829   6.3056E+07 -3.8340E+05 -2.1129E+05
0003830   6.4147E+07 -1.7849E+06  1.2739E+06
0003831   6.5752E+07  9.2338E+05  7.8697E+05
0003832   6.5539E+07  2.6889E+06 -2.7292E+05
0003833   6.4674E+07  6.8071E+05 -7.2647E+05
0003834   6.3943E+07 -7.1588E+05 -1.5825E+06
0003835   6.4469E+07 -8.9947E+05  7.9374E+05
0003836   6.5906E+07 -1.5409E+06 -2.6939E+06
0003837   6.3591E+07 -1.5894E+05  2.5664E+06
0003838   6.4626E+07 -1.8645E+05 -9.7050E+05
0003839   6.5302E+07  1.1374E+05 -3.8637E+04
0003840   6.2419E+07 -5.2613E+05  4.5322E+05
0003841   6.4085E+07 -8.8335E+05  4.1057E+05
0003842   6.3329E+07  3.6485E+06  1.0870E+06
0003843   6.4364E+07  1.6034E+06  1.5364E+05
0003844   6.4750E+07  2.1383E+06  2.1267E+06
0003845   6.6488E+07  1.2526E+06  5.3889E+05
0003846   6.5487E+07 -1.3210E+06 -1.5991E+06
0003847   6.4387E+07 -5.8035E+05  7.5306E+05
0003848   6.3360E+07 -4.0580E+05 -7.4387E+05
0003849   6.3528E+07  1.6532E+06  8.1405E+05
0003850   6.3902E+07  1.1174E+06  6.1752E+05
0003851   6.4082E+07 -1.8007E+06  1.0180E+06
0003852   6.1696E+07 -8.5293E+05 -1.9511E+06
0003853   6.5642E+07 -1.0302E+06  2.1931E+06
0003854   6.4903E+07 -4.1644E+05 -2.4256E+06
0003855   6.3193E+07 -1.2303E+05 -1.3016E+06
0003856   6.3425E+07  1.2941E+06 -2.9861E+05
0003857   6.3274E+07 -1.6103E+05  2.0558E+06
0003858   6.3893E+07 -9.5592E+05  1.5999E+06
0003859   6.4095E+07 -1.3062E+06  8.1101E+05
0003860   6.3742E+07  8.2039E+05  2.0930E+06
0003861   6.5180E+07  1.5352E+06 -1.0328E+05
0003862   6.5237E+07 -1.2404E+06  6.6576E+05
0003863   6.4428E+07 -1.2732E+06 -1.0237E+04
0003864   6.4066E+07 -8.4009E+05  5.2976E+06
0003865   6.4011E+07 -5.3009E+05 -6.9083E+05
0003866   6.2261E+07 -1.0868E+06  1.3159E+06
0003867   6.5977E+07  2.4914E+06  1.1469E+06
0003868   6.5112E+07 -2.0811E+06 -3.6707E+05
0003869   6.5781E+07  4.5803E+04  4.9484E+05
0003870   6.5075E+07  1.9143E+06  1.7449E+06
0003871   6.3957E+07  6.9395E+05 -1.6683E+06
0003872   6.4279E+07  7.8563E+05 -9.5431E+05
0003873   6.4242E+07 -3.6641E+05 -1.5907E+05
0003874   6.4856E+07  7.9478E+05 -1.4582E+06
0003875   6.3899E+07 -2.8837E+06 -3.1156E+06
0003876   6.3604E+07 -1.3052E+06 -2.5928E+06
0003877   6.3217E+07  2.4236E+06 -4.1466E+05
0003878   6.3832E+07  7.1825E+05  1.8103E+06
0003879   6.4336E+07  3.6983E+06 -2.9840E+06
0003880   6.4027E+07 -3.0632E+06 -4.8825E+05
0003881   6.3134E+07  5.9310E+05  9.2538E+05
0003882   6.4942E+07  2.3939E+06 -1.0944E+06
0003883   6.2214E+07 -4.0835E+05 -8.6568E+05
0003884   6.4436E+07 -2.4341E+06 -1.7603E+06
0003885   6.3794E+07 -1.4905E+06  1.1524E+06
0003886   6.2251E+07  6.4201E+05  1.4881E+06
0003887   6.3932E+07 -2.6365E+06  6.3576E+05
0003888   6.6368E+07 -5.8906E+05 -1.6749E+06
0003889   6.4165E+07 -1.1671E+06  2.0225E+06
0003890   6.4472E+07  1.3258E+05 -8.5860E+05
0003891   6.3542E+07  1.5474E+06  1.1982E+06
0003892   6.5410E+07 -3.0066E+06 -2.6081E+06
0003893   6.5627E+07  8.3818E+05 -7.9337E+05
0003894   6.4298E+07 -6.6357E+05 -6.8887E+05
0003895   6.4293E+07  5.9731E+05 -1.0275E+06
0003896   6.4697E+07  1.3216E+06 -8.5958E+03
0003897   6.4338E+07  2.0696E+06  1.2425E+06
0003898   6.4539E+07 -3.8718E+05 -8.5853E+04
0003899   6.4357E+07 -8.5759E+05  6.4638E+05
0003900   6.4553E+07 -1.5836E+05 -1.1982E+06
0003901   6.6899E+07 -1.4299E+06  3.6628E+06
0003902   6.2151E+07 -1.7918E+06 -1.2940E+06
0003903   6.3273E+07  2.0019E+06 -1.5272E+06
0003904   6.5778E+07  3.6156E+06  1.3031E+05
0003905   6.3356E+07 -9.9024E+05 -2.8195E+06
0003906   6.2219E+07  1.5085E+06  8.3646E+06
0003907   6.2243E+07  5.9529E+05 -2.1442E+06
0003908   6.3224E+07  7.0133E+05 -1.3841E+05
0003909   6.6478E+07 -1.0197E+06 -7.4354E+05
0003910   6.7282E+07 -1.2025E+06 -8.6201E+05
0003911   6.3810E+07  9.0850E+05 -2.7510E+05
0003912   6.4186E+07  1.0158E+05  4.4710E+05
0003913   6.4549E+07  7.2289E+05  1.2800E+06
0003914   6.6185E+07  8.1976E+05  1.1440E+05
0003915   6.5082E+07 -5.3566E+05  2.1896E+04
0003916   6.5380E+07 -9.9824E+04  8.4520E+05
0003917   6.3465E+07 -1.5716E+06 -2.1117E+06
0003918   6.4138E+07 -2.3210E+06  3.8972E+05
0003919   6.3585E+07  1.9399E+06  4.3690E+05
0003920   6.3294E+07 -2.2947E+06  2.9141E+06
0003921   6.6585E+07  7.7322E+05  3.5053E+05
0003922   6.2674E+07 -8.8213E+05  2.6900E+05
0003923   6.4423E+07 -2.8982E+06  1.6228E+05
0003924   6.4690E+07  1.6168E+06  1.1142E+06
0003925   6.4941E+07 -7.5164E+04 -1.5779E+06
0003926   6.3962E+07 -7.1660E+05  1.3422E+06
0003927   6.2973E+07 -1.5712E+06  1.4895E+06
0003928   6.4978E+07 -2.1990E+05  2.6597E+06
0003929   6.7391E+07 -1.6034E+05  1.9371E+05
0003930   6.3916E+07 -2.2570E+05  1.2336E+05
0003931   6.3429E+07  2.3672E+05  3.2930E+04
0003932   6.3646E+07  1.3028E+05  1.0505E+06
0003933   6.4953E+07 -1.1540E+06 -1.4575E+05
0003934   6.4850E+07 -1.4996E+06  1.0380E+06
0003935   6.4086E+07  2.3658E+06  1.9794E+04
0003936   6.4166E+07  1.4312E+06 -8.4039E+04
0003937   6.4278E+07 -2.0485E+05  6.7202E+05
0003938   6.5142E+07  7.7620E+05  2.0265E+06
0003939   6.5819E+07 -8.7375E+05  3.1598E+06
0003940   6.3261E+07  9.7010E+05 -2.3480E+06
0003941   6.4147E+07  4.3039E+05 -3.3814E+05
0003942   6.6281E+07 -1.9287E+06  2.8517E+06
0003943   6.4134E+07 -2.6836E+06 -1.2685E+05
0003944   6.4333E+07 -1.0782E+06  1.0322E+06
0003945   6.4139E+07  7.6986E+05  2.0153E+06
0003946   6.5786E+07 -1.5413E+06  1.9038E+06
0003947   6.4735E+07 -2.3617E+05 -5.3097E+06
0003948   6.6368E+07 -1.3394E+06 -2.9571E+05
0003949   6.4933E+07 -1.4736E+06  2.6326E+06
0003950   6.3456E+07 -1.8545E+05 -1.0158E+06
0003951   6.5662E+07  1.2705E+06  4.1876E+05
0003952   6.4542E+07 -6.1157E+06  1.5234E+06
0003953   6.4032E+07  3.0426E+06  5.3548E+04
0003954   6.4629E+07 -9.7594E+05  2.7357E+05
0003955   6.7989E+07  3.3317E+05 -3.0001E+05
0003956   6.3847E+07  6.6541E+05  1.1449E+06
0003957   6.6070E+07 -5.3439E+05 -3.9587E+05
0003958   6.4839E+07 -3.8773E+04  1.3174E+06
0003959   6.4579E+07  4.5674E+06  6.1283E+05
0003960   6.5035E+07  1.0206E+06  1.1314E+06
0003961   6.4518E+07 -1.7529E+06  2.4667E+02
0003962   6.3094E+07  4.9209E+05 -8.3327E+05
0003963   6.4868E+07  2.4988E+06 -1.7509E+06
0003964   6.6678E+07 -1.1378E+06  1.8223E+06
0003965   6.3139E+07 -1.3925E+06 -1.3122E+07
0003966   6.4203E+07  1.8365E+06 -5.0993E+05
0003967   6.3493E+07 -1.0174E+06 -2.5087E+06
0003968   6.5545E+07  1.6211E+06  1.7952E+06
0003969   6.5855E+07  6.1470E+05  3.1702E+05
0003970   6.4526E+07 -2.4931E+06  7.3607E+05
0003971   6.5061E+07  1.0869E+06 -4.4436E+06
0003972   6.2932E+07  2.4379E+06 -8.0315E+05
0003973   6.3701E+07 -7.1287E+04 -1.3802E+06
0003974   6.4300E+07 -4.4219E+06 -4.1722E+06
0003975   6.4729E+07  1.6124E+06  2.8743E+05
0003976   6.3182E+07 -1.7567E+05 -2.2741E+06
0003977   6.2673E+07 -1.4765E+06  9.4712E+04
0003978   6.3850E+07 -6.5738E+05 -3.1366E+05
0003979   6.3738E+07  2.4710E+06  5.9310E+05
0003980   6.4689E+07 -3.1123E+05  6.5149E+05
0003981   6.3135E+07  3.9910E+05 -2.2229E+06
0003982   6.5517E+07 -1.0317E+06  1.2695E+06
0003983   6.5362E+07 -8.2194E+05 -2.1460E+06
0003984   6.5138E+07 -3.8643E+05  2.0747E+06
0003985   6.4203E+07  1.1918E+06  7.9822E+05
0003986   6.3429E+07  1.3292E+06  1.9740E+06
0003987   6.5677E+07  6.4760E+05 -2.3814E+06
0003988   6.5388E+07 -2.1268E+06 -1.0631E+06
0003989   6.6553E+07 -1.0390E+06  5.9637E+05
0003990   6.4155E+07  1.4551E+05  3.5353E+05
0003991   6.3687E+07 -2.6734E+04  1.0726E+06
0003992   6.7957E+07  1.8646E+05  1.9560E+06
0003993   6.2625E+07  1.4702E+06 -6.7452E+05
0003994   6.3899E+07  1.5226E+06  1.8719E+05
0003995   6.4332E+07  2.1016E+06 -6.9208E+05
0003996   6.3590E+07 -1.6719E+06  1.3342E+06
0003997   6.3731E+07 -8.7362E+05 -1.0181E+06
0003998   6.3183E+07  1.6843E+06 -1.2124E+05
0003999   6.4769E+07  8.0157E+05 -1.9500E+06
0004000   6.2853E+07 -5.0806E+05  1.1784E+06
0004001   6.4132E+07 -9.8327E+05  9.8605E+05
0004002   6.7325E+07  1.6379E+06 -1.7969E+06
0004003   6.3868E+07  4.8650E+05 -3.6617E+05
0004004   6.2992E+07 -1.0988E+06  2.3307E+06
0004005   6.3313E+07  3.3684E+06 -3.2810E+05
0004006   6.1637E+07 -7.9927E+05  3.0445E+06
0004007   6.5126E+07  5.0885E+05  1.5211E+06
0004008   6.5412E+07 -1.4138E+06 -4.6087E+05
0004009   6.4915E+07 -9.6813E+05 -6.4588E+05
0004010   6.5817E+07  1.8117E+06  8.7006E+05
0004011   6.4244E+07 -7.8689E+05 -3.3295E+05
0004012   6.5047E+07  4.5272E+05  6.9081E+04
0004013   6.5042E+07  2.1338E+05 -1.4033E+06
0004014   6.7952E+07 -6.0681E+05  3.0166E+06
0004015   6.2791E+07 -2.0041E+06  9.1456E+06
0004016   6.3912E+07 -1.0384E+06  5.7375E+04
0004017   6.4639E+07 -7.3971E+05 -8.3604E+05
0004018   6.4520E+07  8.4741E+05  3.0835E+05
0004019   6.4257E+07  1.3954E+06 -6.7177E+05
0004020   6.1962E+07  4.1376E+05  6.9280E+06
0004021   6.3571E+07 -2.7463E+06  2.1706E+06
0004022   6.3719E+07 -1.3081E+06 -1.1283E+05
0004023   6.5415E+07 -9.1303E+05  5.6317E+04
0004024   6.4373E+07 -1.2918E+06 -8.7406E+05
0004025   6.4805E+07 -1.0220E+06  1.3538E+06
0004026   6.6945E+07 -2.0884E+06 -1.2783E+06
0004027   6.3027E+07  1.7821E+06 -7.8597E+05
0004028   6.3365E+07 -9.3797E+05  8.5421E+05
0004029   6.4572E+07  8.2286E+05 -2.8216E+06
0004030   6.3727E+07 -7.5986E+05  1.8447E+06
0004031   6.4505E+07 -7.1721E+05 -5.1185E+05
0004032   6.4629E+07  9.5758E+05 -3.0501E+04
0004033   6.5512E+07 -7.7081E+05 -6.4632E+05
0004034   6.3573E+07 -1.5094E+06 -2.0005E+06
0004035   6.2229E+07 -1.4777E+05  3.9761E+06
0004036   6.5172E+07  9.1781E+04 -9.8359E+05
0004037   6.5797E+07 -8.7641E+05  4.2645E+05
0004038   6.3907E+07  6.1520E+05  7.5964E+05
0004039   6.5578E+07 -3.3171E+05  8.1009E+05
0004040   6.4643E+07 -7.9364E+05 -8.2560E+05
0004041   6.6197E+07  5.9963E+05  2.9870E+06
0004042   6.4999E+07 -1.2053E+06  5.1085E+05
0004043   6.4625E+07 -4.6630E+05 -7.4395E+05
0004044   6.4513E+07 -2.7381E+05  1.8843E+06
0004045   6.4630E+07 -2.5948E+06  5.3933E+05
0004046   6.5557E+07  7.9171E+05 -1.5510E+06
0004047   6.2065E+07  1.5584E+06  1.4110E+06
0004048   6.5830E+07 -2.5741E+06 -1.9532E+06
0004049   6.2916E+07  3.7189E+05 -2.5921E+05
0004050   6.5617E+07  1.1737E+05  1.4175E+06
0004051   6.3894E+07  3.7659E+04  2.0826E+06
0004052   6.4700E+07  2.2149E+06 -7.8972E+05
0004053   6.1809E+07  1.5618E+06 -7.0763E+05
0004054   6.6282E+07 -1.3598E+05  9.9120E+05
0004055   6.4632E+07 -1.1202E+06 -3.7947E+05
0004056   6.3953E+07  2.8453E+05 -3.6847E+05
0004057   6.5284E+07 -5.7436E+04 -6.0489E+04
0004058   6.3249E+07 -1.8327E+06 -1.3732E+06
0004059   6.5665E+07  1.4826E+06 -1.5931E+06
0004060   6.5105E+07  4.9105E+05  2.0910E+05
0004061   6.4078E+07 -1.3146E+06  3.3464E+06
0004062   6.5536E+07 -3.3169E+06  9.2214E+04
0004063   6.4130E+07 -1.6660E+06  1.4333E+06
0004064   6.3025E+07  1.5774E+05  6.6022E+05
0004065   6.3504E+07 -5.5223E+05 -4.7342E+05
0004066   6.3496E+07 -1.5536E+06 -1.2229E+06
0004067   6.4596E+07 -1.6610E+06 -2.3287E+06
0004068   6.4839E+07 -9.8566E+05  1.9949E+05
0004069   6.3288E+07 -1.3873E+06  8.3749E+05
0004070   6.2329E+07 -5.4508E+05  4.0120E+05
0004071   6.6181E+07  9.0576E+05  1.4736E+06
0004072   6.5945E+07  7.6393E+05  6.5721E+05
0004073   6.5627E+07 -3.6687E+04 -6.5687E+05
0004074   6.4084E+07  9.7165E+05  1.5575E+06
0004075   6.3646E+07  9.7415E+04 -1.3082E+06
0004076   6.5165E+07  1.3381E+06  8.5274E+05
0004077   6.5157E+07 -5.6304E+05  2.9877E+06
0004078   6.3324E+07 -3.5081E+05 -2.8376E+06
0004079   6.5970E+07  2.5616E+06  9.7783E+05
0004080   6.3543E+07  1.5168E+06  1.1287E+06
0004081   6.2279E+07  1.3319E+06 -3.0839E+05
0004082   6.4308E+07 -3.9726E+05 -5.5377E+05
0004083   6.3264E+07 -1.2366E+05  1.9335E+06
0004084   6.3922E+07 -3.1951E+06  9.5929E+05
0004085   6.6019E+07  5.2791E+06 -4.1806E+04
0004086   6.3300E+07  1.4717E+06 -1.8378E+05
0004087   6.3909E+07 -1.2028E+06 -2.1860E+06
0004088   6.5608E+07  1.7581E+06 -1.8045E+06
0004089   6.4419E+07 -9.1370E+04  1.8976E+06
0004090   6.4431E+07 -3.9970E+06  2.7700E+06
0004091   6.5083E+07 -1.8656E+06  2.8311E+05
0004092   6.3356E+07  2.3494E+06 -3.5113E+05
0004093   6.6207E+07  7.9825E+05  1.5628E+06
0004094   6.5098E+07  1.9233E+06  7.5565E+05
0004095   6.3362E+07 -8.8750E+05 -1.6043E+05
0004096   6.4516E+07 -2.3024E+05 -3.6459E+05
0004097   6.3908E+07 -2.6869E+06  7.5572E+05
0004098   6.3501E+07 -9.9687E+05 -1.4549E+06
0004099   6.5075E+07 -1.9866E+06 -1.1530E+06
0004100   6.5477E+07 -3.2080E+05 -3.8952E+05
0004101   6.4458E+07  1.0380E+06 -6.1548E+05
0004102   6.3582E+07  1.2431E+06  1.0513E+06
0004103   6.5785E+07 -3.0929E+05  1.3642E+06
0004104   6.4149E+07  3.2502E+04  1.6027E+06
0004105   6.4847E+07 -2.2960E+06 -9.3212E+03
0004106   6.4325E+07  7.2118E+05  1.3245E+06
0004107   6.6892E+07 -2.8543E+06 -1.3265E+06
0004108   6.2836E+07  9.3140E+05 -7.1986E+05
0004109   6.4458E+07  2.3398E+05  1.1180E+06
0004110   6.2971E+07 -2.8270E+05  1.1531E+06
0004111   6.3876E+07  2.2093E+06 -5.8955E+05
0004112   6.2231E+07 -2.2738E+05  3.4337E+05
0004113   6.4986E+07  1.1194E+06  6.0166E+05
0004114   6.4112E+07  1.5557E+06 -2.0153E+06
0004115   6.5284E+07 -2.1967E+06  1.5271E+06
0004116   6.6008E+07 -2.0647E+06  8.7006E+05
0004117   6.5781E+07  7.2477E+05 -3.8125E+05
0004118   6.5312E+07  1.6085E+06  2.4287E+06
0004119   6.6072E+07 -1.1656E+06  1.2166E+06
0004120   6.3885E+07 -2.2299E+06 -5.6328E+05
0004121   6.4469E+07 -5.5312E+05 -1.0798E+05
0004122   6.3877E+07  2.3139E+06 -6.0504E+06
0004123   6.4061E+07  7.8364E+05 -1.0871E+06
0004124   6.4090E+07  1.1462E+06  6.3359E+05
0004125   6.3519E+07 -1.2535E+06 -5.8068E+04
0004126   6.3946E+07 -8.8661E+05  4.1521E+05
0004127   6.3393E+07 -1.8417E+05  7.3335E+05
0004128   6.2698E+07 -1.8191E+06  2.8064E+06
0004129   6.3817E+07  2.1987E+06  9.8712E+05
0004130   6.3339E+07 -8.0872E+05  4.1079E+04
0004131   6.2232E+07  2.4204E+05 -1.1238E+06
0004132   6.5956E+07  4.3607E+05 -1.4126E+06
0004133   6.4803E+07 -2.2728E+06 -1.5987E+05
0004134   6.2054E+07  1.1373E+06  1.4057E+06
0004135   6.4922E+07  9.7261E+04 -1.1717E+05
0004136   6.4605E+07  1.0993E+06 -1.0540E+06
0004137   6.3982E+07  1.2600E+06  1.2596E+06
0004138   6.4937E+07  2.7945E+05 -1.7975E+06
0004139   6.3236E+07  2.2483E+06  7.8848E+03
0004140   6.3696E+07 -2.3631E+06  1.3464E+06
0004141   6.5198E+07  1.0414E+06 -1.3985E+06
0004142   6.4796E+07  1.6863E+06  6.4549E+05
0004143   6.4378E+07  2.7772E+04  4.6933E+05
0004144   6.4375E+07 -6.5528E+05  1.6665E+06
0004145   6.3142E+07 -6.2026E+05 -1.1563E+05
0004146   6.2062E+07  1.6187E+04 -1.3060E+06
0004147   6.4528E+07  2.7051E+05  3.7184E+04
0004148   6.4229E+07 -1.7274E+06  7.2749E+05
0004149   6.4235E+07  1.5080E+06 -6.1618E+05
0004150   6.2781E+07  3.7711E+05  5.1415E+05
0004151   6.4762E+07  4.7025E+04 -5.1582E+05
0004152   6.4866E+07  8.7729E+05  1.9257E+06
0004153   6.3213E+07  1.3301E+06  5.8739E+05
0004154   6.6538E+07  4.4841E+05 -6.7100E+05
0004155   6.3962E+07 -2.6135E+06 -2.0726E+06
0004156   6.5690E+07  8.8184E+05  2.2487E+06
0004157   6.6260E+07  1.0669E+06 -3.1510E+06
0004158   6.2005E+07 -1.1569E+06 -7.5120E+04
0004159   6.1322E+07  3.8092E+06  2.1081E+06
0004160   6.3590E+07  4.8993E+05  3.1585E+06
0004161   6.3183E+07  3.1389E+05 -6.2014E+05
0004162   6.3636E+07  1.4684E+06 -4.9923E+06
0004163   6.4854E+07 -8.9239E+05  5.0248E+06
0004164   6.5430E+07  5.6691E+03  6.7782E+05
0004165   6.3357E+07  1.0586E+06  9.6582E+05
0004166   6.4046E+07  6.2532E+05  9.4104E+05
0004167   6.4357E+07  9.4241E+05  1.7272E+05
0004168   6.3915E+07 -2.7323E+06  1.3650E+06
0004169   6.3517E+07  2.5221E+05  7.1590E+05
0004170   6.4560E+07 -6.4017E+05 -2.3158E+05
0004171   6.5838E+07  7.8370E+05 -3.2730E+05
0004172   6.4236E+07  2.7819E+06 -6.1779E+05
0004173   6.4149E+07 -3.3762E+05 -6.3919E+05
0004174   6.6085E+07 -5.2024E+05 -9.3340E+05
0004175   6.3965E+07  9.5574E+05 -2.0605E+06
0004176   6.4818E+07 -2.2489E+05  1.2736E+06
0004177   6.5471E+07 -8.1738E+05 -1.3260E+05
0004178   6.7204E+07 -1.5775E+06  1.1105E+06
0004179   6.4485E+07 -3.1738E+05  1.1664E+06
0004180   6.3431E+07  2.6429E+06 -9.6175E+05
0004181   6.4910E+07  1.9453E+06  9.2366E+05
0004182   6.3563E+07 -1.0784E+06  3.0372E+05
0004183   6.6560E+07  3.9971E+05 -1.0297E+06
0004184   6.3925E+07  1.3385E+06 -1.0209E+06
0004185   6.3900E+07 -9.6158E+05 -3.9185E+04
0004186   6.6105E+07  1.6754E+05 -6.7316E+05
0004187   6.4486E+07 -1.8502E+06 -8.0370E+05
0004188   6.3925E+07  4.1286E+06 -4.0096E+06
0004189   6.4608E+07 -2.9395E+05  9.9253E+05
0004190   6.6217E+07 -9.4220E+05 -7.9575E+05
0004191   6.6273E+07 -2.6843E+06  1.7959E+06
0004192   6.4132E+07 -2.0110E+06  1.7321E+05
0004193   6.5312E+07 -8.8071E+05  1.0464E+06
0004194   6.2973E+07 -3.2056E+06  1.2941E+06
0004195   6.3110E+07  6.7959E+05  1.5732E+06
0004196   6.2235E+07 -8.8726E+05 -1.7684E+06
0004197   6.3653E+07 -2.2511E+05  3.0140E+05
0004198   6.5133E+07  1.3513E+06  1.9784E+05
0004199   6.2009E+07  1.4116E+05 -7.6054E+05
0004200   6.6208E+07 -1.5202E+06  1.1141E+06
0004201   6.4260E+07 -1.7494E+06 -2.6674E+05
0004202   6.4638E+07  5.9327E+05 -1.8435E+06
0004203   6.4808E+07 -1.3612E+05 -8.8918E+05
0004204   6.5468E+07  1.6385E+06  2.7338E+06
0004205   6.2927E+07 -2.3575E+06  1.8082E+05
0004206   6.4870E+07  3.3797E+05  1.7757E+06
0004207   6.4361E+07  3.2067E+06 -6.1693E+05
0004208   6.3666E+07  6.9066E+06 -4.1279E+06
0004209   6.4502E+07  2.1476E+06  8.1590E+05
0004210   6.3631E+07  2.0747E+06  1.7502E+06
0004211   6.5139E+07 -1.2708E+06 -2.8100E+06
0004212   6.3372E+07 -6.0363E+05  9.0612E+05
0004213   6.4760E+07 -1.5427E+06  6.6116E+05
0004214   6.3939E+07 -1.5246E+06 -1.0311E+06
0004215   6.2996E+07  1.4784E+06  2.7327E+06
0004216   6.7289E+07 -1.3660E+06  8.2296E+05
0004217   6.4491E+07  2.9366E+05 -6.5846E+05
0004218   6.5213E+07 -5.6849E+05  7.7258E+05
0004219   6.5601E+07  6.1793E+05  6.6931E+04
0004220   6.3954E+07 -1.2424E+06  9.3481E+05
0004221   6.4947E+07 -1.7388E+06 -1.7250E+06
0004222   6.1856E+07  1.2930E+06  9.9569E+05
0004223   6.5943E+07 -3.4179E+06 -9.4280E+04
0004224   6.2837E+07  2.2735E+05 -2.7999E+05
0004225   6.3992E+07  4.3640E+05 -1.8828E+05
0004226   6.4084E+07 -4.0530E+05  1.2598E+06
0004227   6.2303E+07 -2.1291E+06  1.6173E+05
0004228   6.4149E+07  1.2757E+06  8.9068E+05
0004229   6.4374E+07 -1.1385E+06  3.7860E+05
0004230   6.4733E+07  9.2796E+05  2.2865E+06
0004231   6.3821E+07  2.6463E+05  1.3633E+05
0004232   6.6022E+07 -1.3258E+06  2.0522E+06
0004233   6.4954E+07 -3.5302E+05  5.9264E+05
0004234   6.4726E+07  2.0274E+06 -2.0454E+06
0004235   6.5041E+07 -2.0441E+06  9.0044E+05
0004236   6.3925E+07  1.6095E+06  2.7093E+06
0004237   6.3402E+07  1.1638E+06 -1.3113E+05
0004238   6.3756E+07 -7.0868E+05 -9.8271E+05
0004239   6.0382E+07  1.8450E+06 -4.3986E+05
0004240   6.7508E+07  3.5701E+05 -4.1520E+04
0004241   6.3919E+07  8.7624E+05  5.6798E+05
0004242   6.6591E+07 -4.0125E+05 -9.6221E+05
0004243   6.5628E+07  1.4461E+06  1.6355E+06
0004244   6.4222E+07  1.0450E+06 -5.8653E+05
0004245   6.4894E+07 -3.0278E+06  1.7590E+03
0004246   6.4515E+07  1.0033E+06  5.4895E+05
0004247   6.5797E+07 -6.5866E+05  1.1023E+05
0004248   6.3059E+07 -1.0084E+06 -3.2722E+05
0004249   6.3526E+07  1.1288E+06  9.5587E+06
0004250   6.3252E+07 -2.1432E+06 -2.9356E+06
0004251   6.3013E+07 -9.4692E+05 -2.1399E+06
0004252   6.5985E+07  4.6339E+05  6.1881E+05
0004253   6.5007E+07 -3.6415E+04  2.3522E+06
0004254   6.5152E+07 -5.7556E+05 -9.3163E+05
0004255   6.3702E+07 -8.3621E+05  5.5147E+05
0004256   6.4180E+07  5.7887E+05 -6.0974E+05
0004257   6.2966E+07  2.3840E+06  3.7188E+05
0004258   6.4087E+07  3.2241E+05  8.0016E+05
0004259   6.4771E+07 -1.0929E+06  2.4865E+05
0004260   6.5902E+07  1.0528E+06  1.2489E+06
0004261   6.1835E+07  4.6171E+05  2.2647E+06
0004262   6.4682E+07  1.0291E+06  1.4948E+05
0004263   6.5018E+07 -7.2517E+05 -2.0566E+06
0004264   6.5846E+07 -1.3682E+05  1.2620E+06
0004265   6.3516E+07 -1.4890E+06 -1.7277E+06
0004266   6.6663E+07 -1.4722E+06 -2.0190E+06
0004267   6.3508E+07 -1.8511E+05  1.1594E+06
0004268   6.4069E+07 -1.8225E+06 -7.9543E+05
0004269   6.4342E+07  4.5922E+05 -5.3946E+05
0004270   6.4004E+07 -1.6485E+06  7.3076E+05
0004271   6.3621E+07 -2.1592E+06 -3.5430E+06
0004272   6.3430E+07  1.0931E+06 -1.9435E+05
0004273   6.2820E+07 -2.3386E+06 -2.6945E+05
0004274   6.4880E+07  8.3158E+05 -8.8367E+05
0004275   6.4942E+07  1.8478E+06  5.6726E+05
0004276   6.5437E+07  1.5477E+06 -5.6946E+04
0004277   6.3117E+07  2.9990E+04  2.8648E+06
0004278   6.4015E+07 -1.1299E+06 -1.0197E+06
0004279   6.4568E+07  2.7649E+06 -1.0586E+06
0004280   6.3678E+07 -4.3338E+06  7.0256E+05
0004281   6.4640E+07 -2.2517E+06 -2.6486E+06
0004282   6.5117E+07  7.7698E+05 -1.4270E+05
0004283   6.4697E+07 -1.1820E+06 -5.4825E+05
0004284   6.4464E+07 -3.1272E+06 -1.2413E+06
0004285   6.5244E+07 -4.6039E+05  2.0202E+06
0004286   6.3901E+07  2.5267E+06  2.6840E+05
0004287   6.4705E+07  5.9181E+05 -1.9338E+05
0004288   6.4253E+07 -8.0079E+05  9.1806E+05
0004289   6.5571E+07  5.9447E+05 -2.5820E+06
0004290   6.3687E+07  6.7830E+04  1.1637E+06
0004291   6.6703E+07 -5.1561E+05  3.1365E+05
0004292   6.5660E+07  4.7281E+05  8.7146E+05
0004293   6.5210E+07  4.0167E+05 -1.1005E+06
0004294   6.5587E+07 -5.5919E+05  2.5272E+05
0004295   6.4655E+07 -1.3194E+06 -6.8351E+05
0004296   6.4186E+07  4.9801E+05  1.2512E+06
0004297   6.5159E+07  4.7729E+05 -1.3178E+06
0004298   6.5594E+07 -2.1908E+06 -1.1928E+06
0004299   6.6644E+07  1.1112E+06  2.0414E+06
0004300   6.3978E+07  2.3372E+06 -2.1359E+06
0004301   6.4810E+07 -1.1053E+06 -1.2329E+06
0004302   6.2870E+07 -5.5625E+06 -4.9413E+05
0004303   6.4898E+07  8.5781E+05  7.5314E+04
0004304   6.3648E+07  3.1085E+06 -7.7547E+05
0004305   6.4702E+07 -1.9268E+06 -4.7524E+05
0004306   6.5154E+07 -2.2079E+05 -3.8824E+05
0004307   6.3957E+07  1.5312E+06 -5.1029E+05
0004308   6.3462E+07 -9.8262E+05 -7.4897E+04
0004309   6.4374E+07 -7.5543E+04  1.6963E+06
0004310   6.3446E+07 -1.1182E+06  2.1949E+06
0004311   6.6139E+07 -3.5686E+05  9.5983E+05
0004312   6.4326E+07 -5.9534E+05  6.9030E+05
0004313   6.7623E+07 -9.2010E+05  8.4142E+05
0004314   6.2964E+07 -2.8897E+05 -2.3116E+06
0004315   6.4491E+07  1.2058E+06  3.7615E+04
0004316   6.4743E+07  1.4101E+06 -1.6274E+06
0004317   6.3854E+07  2.4248E+06  1.7750E+06
0004318   6.6775E+07 -3.0690E+05 -1.3282E+06
0004319   6.4992E+07 -1.0272E+06  7.5119E+05
0004320   6.4577E+07 -1.1157E+06 -1.5805E+06
0004321   6.4078E+07 -4.2942E+06 -4.6051E+05
0004322   6.5927E+07 -2.1204E+05  5.6076E+05
0004323   6.4952E+07  2.7647E+06 -5.6812E+05
0004324   6.3009E+07 -1.3568E+05 -9.2921E+05
0004325   6.4524E+07  1.0329E+06  5.8439E+05
0004326   6.2918E+07  1.8311E+05 -8.1718E+04
0004327   6.3981E+07 -1.4862E+06  7.9524E+04
0004328   6.3718E+07  7.8452E+05  5.0934E+06
0004329   6.2403E+07 -5.0923E+05 -1.4059E+06
0004330   6.5538E+07 -3.6874E+06 -4.8322E+05
0004331   6.5166E+07  2.4801E+06  3.3873E+06
0004332   6.4799E+07 -9.9873E+05  6.1551E+05
0004333   6.6587E+07  7.8142E+05 -3.0788E+06
0004334   6.3273E+07  2.2298E+05  4.0920E+06
0004335   6.3890E+07  2.0095E+06  6.8337E+05
0004336   6.5789E+07  1.0381E+06 -1.4090E+05
0004337   6.4161E+07 -8.5681E+05  1.0487E+06
0004338   6.5800E+07 -2.4131E+04  2.9053E+05
0004339   6.1971E+07  1.2898E+06  6.0839E+05
0004340   6.4415E+07  1.5962E+06  2.5233E+06
0004341   6.5023E+07  2.1923E+06 -4.8270E+04
0004342   6.4394E+07 -1.7735E+06 -1.0985E+05
0004343   6.4619E+07  1.2877E+06  4.1391E+05
0004344   6.3972E+07 -2.1330E+06 -6.3965E+05
0004345   6.3645E+07 -3.1895E+06 -3.0448E+06
0004346   6.4820E+07 -7.3929E+05 -4.9259E+05
0004347   6.6024E+07 -3.7941E+06 -2.2707E+06
0004348   6.4452E+07  3.2284E+06  1.9646E+06
0004349   6.4649E+07 -6.1329E+05 -3.0582E+06
0004350   6.5790E+07 -1.0680E+06  2.8453E+06
0004351   6.4226E+07 -5.6020E+05 -6.3923E+05
0004352   6.3118E+07  4.7896E+05 -2.2247E+06
0004353   6.3868E+07 -8.5406E+04  1.6473E+06
0004354   6.3244E+07 -2.4908E+06 -4.6196E+05
0004355   6.5121E+07 -9.1933E+04 -1.0988E+05
0004356   6.3969E+07  9.0721E+05 -9.1319E+04
0004357   6.4004E+07 -9.1454E+05  1.3520E+06
0004358   6.3729E+07  4.9347E+05  5.9353E+04
0004359   6.4350E+07  2.1977E+06 -1.1123E+06
0004360   6.5008E+07  1.3813E+06  4.6215E+05
0004361   6.3028E+07  6.1774E+04 -1.0008E+06
0004362   6.4357E+07 -6.9996E+05  3.2026E+05
0004363   5.8545E+07 -9.0808E+06 -1.5469E+07
0004364   6.6123E+07 -1.4674E+06  2.6666E+05
0004365   6.4830E+07  1.4971E+06 -1.4543E+06
0004366   6.5142E+07  2.2271E+06  5.1392E+05
0004367   6.4922E+07  2.0569E+05  2.4878E+04
0004368   6.4175E+07  2.4280E+06 -1.7169E+06
0004369   6.4210E+07 -1.1997E+05  1.7650E+06
0004370   6.3931E+07  2.5132E+04 -1.7297E+05
0004371   6.1595E+07  8.5778E+05  1.9808E+05
0004372   6.4070E+07 -1.7693E+06 -1.7652E+05
0004373   6.4853E+07  7.1876E+05 -1.2439E+06
0004374   6.5421E+07  1.3385E+06 -2.0103E+06
0004375   6.3638E+07 -6.5466E+05 -9.0512E+05
0004376   6.5229E+07  6.3149E+05 -1.0026E+06
0004377   6.5231E+07 -7.1007E+05  1.0704E+06
0004378   6.3687E+07 -7.1250E+05  1.6961E+05
0004379   6.4046E+07  2.3626E+06  1.3646E+05
0004380   6.2779E+07 -6.8809E+05 -2.1101E+05
0004381   6.4595E+07 -1.4397E+06  1.4424E+06
0004382   6.6197E+07 -2.2806E+06  7.5747E+05
0004383   6.3682E+07 -1.2069E+06  2.0604E+05
0004384   6.6187E+07  1.9273E+05  8.7911E+05
0004385   6.2438E+07 -1.6179E+06 -1.1823E+06
0004386   6.5071E+07 -2.2672E+05  2.4717E+05
0004387   6.5408E+07 -2.1661E+05 -1.8820E+06
0004388   6.4265E+07 -2.6220E+06  8.9928E+05
0004389   6.1705E+07  1.2650E+06 -1.3215E+06
0004390   6.5089E+07 -2.5769E+06 -7.8385E+05
0004391   6.5983E+07  1.4438E+06 -2.6673E+06
0004392   6.6013E+07 -4.4583E+04 -1.4257E+06
0004393   6.4532E+07  2.2700E+06  2.1975E+05
0004394   6.5903E+07  1.2239E+06  7.7876E+03
0004395   6.3841E+07  6.8491E+05 -4.3280E+05
0004396   6.3796E+07  1.9920E+06  2.0751E+06
0004397   6.4054E+07 -5.5976E+05 -6.9922E+05
0004398   6.3763E+07  2.5739E+06  5.2710E+05
0004399   6.4494E+07 -5.4435E+05  1.1845E+06
0004400   6.5691E+07  1.6953E+06  7.6741E+05
0004401   6.4209E+07 -1.4764E+06 -9.2226E+05
0004402   6.5607E+07  4.1761E+04 -1.1677E+06
0004403   6.4042E+07 -2.2434E+06 -9.4868E+05
0004404   6.5072E+07  1.6042E+05 -1.1117E+06
0004405   6.4947E+07 -2.2194E+06  5.6059E+06
0004406   6.4150E+07 -2.4682E+06  8.7343E+05
0004407   6.5260E+07 -1.7979E+06  1.8121E+06
0004408   6.6082E+07 -6.5458E+05  3.7485E+05
0004409   6.5701E+07  1.0028E+06 -6.9365E+04
0004410   6.3750E+07  7.2092E+05 -9.4006E+05
0004411   6.4473E+07 -1.4015E+06 -1.0146E+06
0004412   6.4587E+07 -1.6706E+06 -3.8678E+06
0004413   6.6110E+07 -2.5195E+06 -1.0594E+06
0004414   6.5318E+07 -5.4450E+05 -1.8097E+05
0004415   6.3918E+07  2.3025E+06  1.0722E+06
0004416   6.5090E+07 -1.5245E+06 -3.4251E+05
0004417   6.5613E+07 -2.6486E+06  3.9277E+05
0004418   6.4805E+07  5.4589E+05  1.1189E+06
0004419   6.3536E+07  5.3368E+05 -1.5416E+06
0004420   6.6893E+07  5.6450E+04  3.3923E+04
0004421   6.4274E+07 -1.2020E+06  2.4880E+06
0004422   6.4960E+07  1.1435E+06  9.1476E+05
0004423   6.5443E+07 -1.9065E+06 -1.0644E+06
0004424   6.5221E+07 -1.1656E+06 -6.5522E+05
0004425   6.4095E+07 -2.3693E+06 -6.3332E+05
0004426   6.2005E+07  3.1973E+06 -2.4112E+06
0004427   6.4565E+07 -2.5682E+04  8.0369E+05
0004428   6.3485E+07  2.8351E+06  2.5508E+06
0004429   6.4149E+07 -3.6313E+05 -7.0119E+05
0004430   6.6646E+07  2.1850E+05 -2.1346E+05
0004431   6.3182E+07  3.3848E+04  2.5960E+06
0004432   6.4158E+07 -2.4745E+06 -1.0255E+06
0004433   6.6130E+07  1.9147E+06  5.5084E+05
0004434   6.4527E+07  9.2894E+03 -1.3381E+06
0004435   6.5279E+07  8.1013E+05 -3.2123E+05
0004436   6.4444E+07  1.3416E+06 -2.6520E+05
0004437   6.5351E+07  6.7323E+05 -5.0483E+05
0004438   6.6138E+07 -4.0030E+05 -1.1021E+05
0004439   6.5033E+07  7.2197E+04  8.7506E+05
0004440   6.4221E+07  1.5477E+05  9.7955E+05
0004441   6.4747E+07 -1.8792E+06  2.9881E+03
0004442   6.4945E+07  2.5022E+05 -7.7421E+05
0004443   6.3399E+07 -3.7599E+06  3.2253E+06
0004444   6.5946E+07  2.8548E+06  7.8552E+05
0004445   6.4440E+07 -3.3055E+06  7.5114E+05
0004446   6.2491E+07  3.6658E+04 -4.3494E+06
0004447   6.3296E+07 -1.7763E+06  8.6248E+04
0004448   6.4194E+07 -8.9308E+05  2.8222E+05
0004449   6.2884E+07  2.8797E+06  8.3462E+06
0004450   6.5099E+07  2.7889E+05  1.1003E+06
0004451   6.4626E+07 -6.8768E+05 -1.5616E+06
0004452   6.4579E+07  1.6527E+05 -1.5876E+06
0004453   6.6337E+07  9.8579E+05 -1.9156E+04
0004454   6.4292E+07 -2.0493E+06 -1.2348E+06
0004455   6.7014E+07  1.7451E+06  4.2426E+04
0004456   6.4353E+07  2.6625E+06  1.2178E+06
0004457   6.3971E+07  1.6930E+06  7.6708E+05
0004458   6.4902E+07 -1.5070E+06  2.5289E+06
0004459   6.2363E+07 -3.6179E+06 -9.8336E+05
0004460   6.3256E+07  1.1975E+06  1.2194E+05
0004461   6.3332E+07 -6.4439E+05  1.8766E+06
0004462   6.5036E+07 -3.9090E+05  4.3350E+05
0004463   6.3777E+07 -5.1907E+04 -7.8287E+05
0004464   6.4816E+07  2.4291E+06 -1.0303E+06
0004465   6.4908E+07  2.3774E+06  2.1504E+06
0004466   6.4128E+07 -5.4900E+05 -1.0546E+05
0004467   6.2713E+07 -9.8429E+05 -3.5264E+05
0004468   6.3436E+07  3.9219E+05  1.2220E+06
0004469   6.4285E+07 -2.9561E+06  2.1090E+06
0004470   6.3685E+07 -1.8638E+06 -1.0543E+06
0004471   6.4884E+07  2.6639E+06 -1.4596E+06
0004472   6.3820E+07  1.5974E+06 -6.4452E+05
0004473   6.5511E+07 -1.8106E+06  1.1097E+06
0004474   6.5769E+07 -6.7969E+05 -1.7445E+06
0004475   6.4612E+07  2.2835E+06 -5.7598E+05
0004476   6.2586E+07  9.3361E+05 -6.9377E+05
0004477   6.3852E+07 -3.3987E+06  1.2109E+06
0004478   6.3592E+07  8.7286E+04 -2.3128E+05
0004479   6.3330E+07 -1.9865E+06  1.1201E+06
0004480   6.4101E+07 -1.2268E+02 -9.2497E+05
0004481   6.6238E+07 -7.5704E+05 -6.8147E+05
0004482   6.4248E+07 -1.7195E+06  3.6972E+06
0004483   6.1851E+07  2.4856E+06 -2.4401E+06
0004484   6.2184E+07  4.3938E+06  2.1997E+06
0004485   6.4070E+07  7.4679E+05  8.0327E+05
0004486   6.3795E+07 -1.1293E+06 -2.4493E+06
0004487   6.5027E+07 -4.1609E+05 -7.8109E+05
0004488   6.5078E+07  7.1987E+05  1.6095E+05
0004489   6.2876E+07  4.1449E+05  2.8745E+05
0004490   6.6239E+07 -5.2285E+05 -1.2683E+06
0004491   6.3684E+07 -2.2069E+06  2.4635E+05
0004492   6.3777E+07  5.3698E+05  6.3746E+04
0004493   6.5426E+07 -1.0266E+06  7.8993E+05
0004494   6.6245E+07  4.1389E+05 -5.8491E+05
0004495   6.6704E+07 -1.5915E+06 -8.5901E+05
0004496   6.2739E+07 -8.7626E+05  2.1305E+06
0004497   6.3030E+07 -4.7175E+05 -1.0170E+06
0004498   6.4638E+07  3.2480E+06 -1.4901E+06
0004499   6.3548E+07 -2.9832E+05 -2.3489E+06
0004500   6.6656E+07 -5.0632E+05 -8.7733E+05
0004501   6.5081E+07  3.6249E+05  1.1377E+06
0004502   6.3984E+07 -3.1913E+06 -2.2419E+06
0004503   6.2928E+07  1.4224E+06 -1.4362E+06
0004504   6.5179E+07 -1.3334E+06 -2.4522E+05
0004505   6.4127E+07  1.8035E+06  3.2305E+05
0004506   6.4561E+07  6.0277E+05 -2.3878E+05
0004507   6.3965E+07  8.2510E+05 -4.8939E+04
0004508   6.4785E+07 -2.2515E+06  4.0257E+05
0004509   6.3173E+07 -6.0713E+05  2.5877E+05
0004510   6.4792E+07 -9.3613E+05  3.1886E+05
0004511   6.3562E+07 -2.0101E+05 -4.6821E+05
0004512   6.2170E+07 -9.9942E+05 -1.0849E+05
0004513   6.3746E+07  2.6478E+06  2.6753E+06
0004514   6.2719E+07 -1.2504E+06 -1.1835E+06
0004515   6.5941E+07  6.2270E+06 -2.7996E+06
0004516   6.3685E+07  1.7214E+05 -1.1759E+06
0004517   6.5491E+07  2.1936E+05 -3.7973E+05
0004518   6.4426E+07 -7.9058E+05  6.2001E+05
0004519   6.4817E+07  2.7105E+06 -4.6360E+05
0004520   6.3852E+07 -2.0413E+06  3.7606E+05
0004521   6.2122E+07  1.7696E+05 -1.4397E+05
0004522   6.4173E+07  1.1579E+06 -4.3411E+05
0004523   6.2984E+07 -1.5372E+06 -7.4840E+05
0004524   6.5813E+07  2.5048E+05 -1.4956E+06
0004525   6.4066E+07  1.0938E+06 -2.3461E+06
0004526   6.4927E+07  4.5067E+05 -1.8994E+06
0004527   6.4482E+07  1.0599E+05 -1.7959E+05
0004528   6.5783E+07 -2.1100E+06  3.0762E+06
0004529   6.4100E+07 -6.9442E+05  1.9511E+06
0004530   6.5232E+07  3.9116E+05 -1.7386E+06
0004531   6.5381E+07  1.3778E+06  1.9161E+05
0004532   6.2632E+07 -1.2017E+06 -3.3244E+06
0004533   6.2768E+07  3.7742E+05  2.8163E+04
0004534   6.3458E+07  4.2144E+06 -3.6109E+06
0004535   6.6014E+07 -8.8290E+05 -1.1817E+04
0004536   6.3343E+07  2.8058E+05  1.5161E+06
0004537   6.2695E+07  1.5411E+05  1.0838E+04
0004538   6.4399E+07  1.2343E+06  1.0312E+06
0004539   6.5320E+07  8.9452E+05  8.6639E+05
0004540   6.5013E+07 -2.6323E+06  8.8861E+05
0004541   6.5387E+07 -2.2689E+06  4.1291E+05
0004542   6.1848E+07  6.8193E+06 -3.7252E+06
0004543   6.4773E+07  2.6986E+06 -6.6614E+04
0004544   6.5155E+07 -3.4628E+05  7.2671E+05
0004545   6.4858E+07 -6.7354E+05  9.4132E+05
0004546   6.3028E+07 -1.7555E+06  8.5899E+05
0004547   6.4021E+07 -1.8893E+06 -1.4210E+05
0004548   6.5264E+07  1.8100E+06  3.4602E+05
0004549   6.5715E+07  4.5320E+04 -2.8142E+05
0004550   6.4071E+07 -1.2195E+06  1.9962E+06
0004551   6.3932E+07  4.4552E+06 -7.5776E+05
0004552   6.4894E+07  1.5821E+06  6.2371E+03
0004553   6.5103E+07  7.3797E+05  1.3739E+06
0004554   6.4001E+07 -1.1373E+06 -1.8081E+05
0004555   6.4324E+07  1.2209E+06  2.2233E+06
0004556   6.6152E+07 -1.6303E+06 -3.2657E+05
0004557   6.3105E+07  2.2692E+05 -1.1821E+06
0004558   6.2406E+07  5.4184E+05 -7.7009E+05
0004559   6.4874E+07 -4.4976E+05 -3.5604E+05
0004560   6.5705E+07  2.5169E+05  1.5256E+05
0004561   6.4876E+07  1.0703E+06  1.6857E+05
0004562   6.6236E+07 -1.8253E+06 -1.3037E+06
0004563   6.6230E+07  2.1114E+06  2.9954E+05
0004564   6.2945E+07 -2.3644E+06  6.3232E+05
0004565   6.4593E+07 -1.4613E+06  1.7725E+06
0004566   6.3971E+07  3.4381E+05  3.7320E+05
0004567   6.6028E+07  1.1850E+06 -4.1137E+05
0004568   6.2615E+07 -2.6373E+06  1.3741E+05
0004569   6.3895E+07 -1.7844E+06 -8.7244E+05
0004570   6.4033E+07 -1.9440E+06 -4.2808E+05
0004571   6.5676E+07 -1.1161E+06 -4.0520E+05
0004572   6.5654E+07 -2.5638E+06  2.3151E+04
0004573   6.3927E+07  5.7406E+05 -3.4889E+05
0004574   6.3571E+07 -9.3846E+05 -1.2099E+06
0004575   6.3038E+07  2.9422E+06  2.7073E+06
0004576   6.1687E+07  2.5176E+05  8.6173E+05
0004577   6.4048E+07 -4.7804E+05 -7.8254E+05
0004578   6.5455E+07 -9.6563E+05 -7.1994E+05
0004579   6.4435E+07 -2.2394E+06  9.5877E+05
0004580   6.4093E+07  8.1570E+05  1.0496E+06
0004581   6.3307E+07 -3.1313E+06 -2.2627E+06
0004582   6.2686E+07 -1.1436E+06  1.2665E+06
0004583   6.2849E+07 -7.4420E+05  2.6649E+05
0004584   6.3355E+07 -2.0477E+06  1.4800E+06
0004585   6.4801E+07  1.3817E+06  4.9780E+05
0004586   6.4251E+07 -1.7680E+06 -9.9027E+05
0004587   6.8194E+07  2.0634E+06 -1.2036E+05
0004588   6.3695E+07  7.3543E+05 -2.1668E+06
0004589   6.5368E+07 -3.0715E+06  6.1888E+05
0004590   6.7486E+07 -1.0157E+06  1.6326E+05
0004591   6.5375E+07  2.2306E+06  4.5256E+05
0004592   6.1551E+07 -1.8313E+06 -1.7195E+06
0004593   6.3605E+07  1.3938E+06 -2.3306E+06
0004594   6.4699E+07 -9.3007E+05 -1.8983E+06
0004595   6.5439E+07  9.7668E+05 -3.9756E+05
0004596   6.2370E+07  1.7364E+06 -1.7732E+06
0004597   6.2602E+07 -9.6320E+04  4.4436E+06
0004598   6.4477E+07 -1.8732E+06 -2.0417E+06
0004599   6.4482E+07  8.6677E+05 -1.5214E+06
0004600   6.3684E+07  8.8140E+05 -1.3391E+06
0004601   6.3846E+07 -9.7736E+05  7.7770E+05
0004602   6.3069E+07  7.9176E+05 -2.3644E+06
0004603   6.4054E+07  1.5389E+06 -6.1905E+05
0004604   6.5697E+07  2.2182E+06 -9.1369E+05
0004605   6.6006E+07 -2.8781E+04 -1.0091E+06
0004606   6.4641E+07  6.2212E+04 -2.3012E+06
0004607   6.4490E+07 -8.3279E+05  6.8932E+05
0004608   6.5202E+07 -3.7786E+05 -4.0543E+06
0004609   6.5470E+07  1.7291E+06  8.3288E+05
0004610   6.4163E+07 -5.0863E+04  1.1347E+06
0004611   6.4644E+07  2.1414E+05  1.2551E+06
0004612   6.5401E+07 -3.1895E+06  3.9802E+05
0004613   6.6051E+07  4.7616E+05 -7.9743E+05
0004614   6.3869E+07 -8.3041E+05  7.6411E+05
0004615   6.3040E+07  1.1560E+05  7.8682E+05
0004616   6.5042E+07 -1.0134E+03  5.2843E+05
0004617   6.4237E+07  1.1250E+06 -7.8658E+05
0004618   6.4713E+07  7.3571E+05 -1.0525E+06
0004619   6.3731E+07 -3.1487E+06  1.2693E+06
0004620   6.3859E+07 -3.1666E+05  2.3168E+06
0004621   6.5958E+07  1.4856E+06 -3.2616E+05
0004622   6.6806E+07 -1.6030E+06 -2.5696E+06
0004623   6.6267E+07  5.9980E+05  2.2943E+06
0004624   6.3803E+07 -4.8946E+05  9.6713E+05
0004625   6.5005E+07 -1.4145E+06 -1.1515E+06
0004626   6.5220E+07 -1.1382E+06  7.0423E+05
0004627   6.4558E+07  9.8455E+05  6.2923E+05
0004628   6.4992E+07 -1.4120E+06  1.0503E+05
0004629   6.6466E+07  6.6193E+05 -6.5456E+05
0004630   6.6383E+07  1.0105E+06  6.2514E+05
0004631   6.4722E+07  2.7684E+06 -2.1510E+05
0004632   6.4463E+07  5.1366E+05  5.7702E+05
0004633   6.5022E+07  2.8684E+06  9.9328E+05
0004634   6.5921E+07 -9.1329E+05  1.4519E+06
0004635   6.6495E+07  1.0009E+06 -1.0239E+06
0004636   6.3457E+07 -5.9825E+04  1.6315E+05
0004637   6.6869E+07 -2.2114E+04 -1.6344E+05
0004638   6.4437E+07  1.2310E+06  1.7455E+05
0004639   6.5152E+07 -7.1321E+05  2.5315E+06
0004640   6.4061E+07 -6.7877E+05  1.9678E+05
0004641   6.6110E+07  5.1101E+04 -3.0132E+05
0004642   6.6100E+07 -9.0526E+05 -9.3166E+05
0004643   6.4933E+07 -4.1861E+05  2.2292E+05
0004644   6.4505E+07  7.4833E+05 -1.5030E+06
0004645   6.4436E+07  3.6557E+05  1.1142E+06
0004646   5.4954E+07  1.8032E+07 -5.6795E+06
0004647   6.4273E+07  1.8327E+06  5.7928E+05
0004648   6.5535E+07 -3.0463E+05 -1.0896E+06
0004649   6.3125E+07 -4.7599E+05 -1.3448E+06
0004650   6.4421E+07  5.9382E+04 -1.0064E+06
0004651   6.3654E+07 -9.9529E+05 -1.0308E+06
0004652   6.3242E+07  4.6188E+04  8.5604E+05
0004653   6.4075E+07 -8.0273E+05  1.2227E+06
0004654   6.4253E+07 -4.2383E+05 -2.2332E+06
0004655   6.5876E+07  1.9001E+06  3.3551E+06
0004656   6.4292E+07  2.0394E+06  1.0592E+06
0004657   6.4923E+07 -9.3090E+05  5.6039E+04
0004658   6.3845E+07  9.3203E+05  2.9162E+05
0004659   6.5748E+07 -1.1977E+06 -2.5171E+06
0004660   6.5408E+07  1.8431E+06  5.0079E+05
0004661   6.5870E+07  1.2776E+06  1.3311E+06
0004662   6.4788E+07  1.0315E+05 -3.0145E+05
0004663   6.4965E+07 -3.9452E+04  1.8426E+06
0004664   6.4525E+07 -1.7484E+06 -4.8003E+05
0004665   6.4659E+07 -5.6353E+04 -1.6466E+06
0004666   6.4506E+07 -2.3612E+06 -1.1712E+06
0004667   6.5004E+07 -4.0388E+05  1.5396E+06
0004668   6.3347E+07  4.7307E+05 -7.0623E+05
0004669   6.4091E+07 -3.7497E+05  1.6401E+06
0004670   6.5251E+07 -1.6582E+05 -1.6573E+06
0004671   6.4714E+07  1.6090E+06  1.7499E+05
0004672   6.3822E+07  9.7859E+05  3.4654E+05
0004673   6.4312E+07 -3.2549E+05 -3.7730E+04
0004674   6.4786E+07 -3.2290E+05  8.0908E+05
0004675   6.3813E+07 -5.0112E+05 -5.2795E+05
0004676   6.3325E+07  3.6640E+06  2.1985E+06
0004677   6.4182E+07  4.2467E+06  1.8803E+06
0004678   6.5635E+07  6.8924E+04  7.7104E+05
0004679   6.4878E+07 -1.0635E+06 -8.9390E+05
0004680   6.4051E+07  5.9585E+05 -1.6672E+06
0004681   6.5226E+07  1.3318E+06 -2.1845E+05
0004682   6.4583E+07 -1.2169E+06 -2.6973E+06
0004683   6.3052E+07  1.3692E+06  1.8444E+04
0004684   6.4232E+07 -2.2423E+06  2.0562E+06
0004685   6.3567E+07  2.3186E+06 -4.9883E+05
0004686   6.3972E+07 -6.0799E+05 -7.9348E+05
0004687   6.5467E+07  5.0328E+05  2.4229E+05
0004688   6.4985E+07  3.2201E+06 -1.2542E+06
0004689   6.4875E+07  4.7993E+04 -1.2134E+06
0004690   6.5191E+07  5.0620E+05 -8.1075E+05
0004691   6.4943E+07 -5.7036E+05  3.3317E+06
0004692   6.2598E+07 -1.6396E+06  3.2791E+06
0004693   6.5745E+07 -2.0956E+06 -2.0828E+06
0004694   6.4313E+07 -7.5394E+05 -9.3550E+05
0004695   6.3781E+07  1.0904E+06  2.5018E+06
0004696   6.3748E+07  6.6259E+05 -9.6090E+05
0004697   6.4044E+07  4.7352E+05 -5.2702E+04
0004698   6.6053E+07 -4.2423E+05 -3.3659E+06
0004699   6.3508E+07 -2.5479E+06  1.8571E+04
0004700   6.6428E+07 -1.3062E+04 -3.0397E+06
0004701   6.5136E+07  3.2712E+06  1.8572E+06
0004702   6.6440E+07 -3.7329E+05  7.8689E+04
0004703   6.4395E+07  1.0327E+06 -9.5582E+05
0004704   6.3645E+07  3.3268E+05 -1.2205E+06
0004705   6.5211E+07 -1.0309E+06 -4.9238E+05
0004706   6.2954E+07  7.4639E+05  4.9709E+06
0004707   6.3933E+07 -6.9081E+05  8.4367E+05
0004708   6.4861E+07  1.7044E+06 -9.3921E+04
0004709   6.4774E+07 -6.6490E+05  8.0958E+05
0004710   6.3941E+07 -2.9433E+06  1.0925E+06
0004711   6.4450E+07 -8.0849E+05 -3.5976E+05
0004712   6.3844E+07  5.5992E+05 -1.5426E+06
0004713   6.5160E+07  1.0569E+06 -1.7069E+05
0004714   6.5418E+07 -1.3882E+06  2.6491E+04
0004715   6.1886E+07  2.4854E+06  2.2405E+06
0004716   6.5673E+07 -1.5749E+06 -2.4896E+05
0004717   6.3348E+07 -3.0284E+04 -4.9331E+05
0004718   6.4208E+07 -1.1069E+06 -1.8880E+06
0004719   6.3929E+07  1.1453E+05 -1.7687E+06
0004720   6.2384E+07 -7.1242E+05 -1.1762E+06
0004721   6.4280E+07  2.6275E+06  5.3205E+05
0004722   6.3675E+07  1.1204E+05 -4.6088E+05
0004723   6.4107E+07 -2.5476E+04  1.2481E+06
0004724   6.5322E+07  2.6241E+06  4.1272E+06
0004725   6.4031E+07  1.0578E+06 -7.1412E+05
0004726   6.6365E+07  4.9320E+05  5.4548E+05
0004727   6.3337E+07  1.8895E+06  1.4167E+05
0004728   6.2355E+07 -2.4486E+05  7.7403E+04
0004729   6.5386E+07  2.5955E+06 -2.2476E+06
0004730   6.2768E+07 -1.3664E+06  4.3272E+05
0004731   6.3618E+07 -1.5603E+06  2.4023E+05
0004732   6.5601E+07  1.2170E+06  1.8303E+06
0004733   6.3794E+07  6.6455E+04  1.4115E+06
0004734   6.4124E+07 -9.4899E+05  1.7168E+06
0004735   6.5117E+07 -2.5932E+05 -2.1140E+06
0004736   6.3941E+07 -9.1552E+05 -7.8711E+05
0004737   6.4074E+07  7.0344E+05  4.1314E+05
0004738   6.3977E+07 -1.5465E+06  7.2592E+05
0004739   6.0942E+07  8.5133E+05  3.2024E+05
0004740   6.6493E+07  1.4681E+06  9.3178E+04
0004741   6.7331E+07  3.3920E+04  8.3523E+05
0004742   6.5018E+07 -4.5281E+05 -9.6104E+05
0004743   6.4618E+07  1.0474E+06  1.2999E+06
0004744   6.4577E+07 -3.9017E+06 -6.6155E+05
0004745   6.5457E+07 -3.4582E+06 -2.1039E+05
0004746   6.4006E+07  5.0624E+05 -2.1009E+05
0004747   6.3248E+07 -7.1560E+05  2.1049E+05
0004748   6.5615E+07  2.5780E+05 -7.0796E+05
0004749   6.5526E+07 -1.3327E+06 -3.9447E+06
0004750   6.5576E+07 -2.3126E+06  9.1265E+05
0004751   6.5554E+07  2.1880E+06 -6.4258E+05
0004752   6.2445E+07 -5.3444E+05  1.0366E+06
0004753   6.4961E+07 -1.1443E+06 -7.4604E+05
0004754   6.5750E+07  1.3237E+06  2.4432E+05
0004755   6.5007E+07 -2.0277E+05  2.2090E+05
0004756   6.3295E+07  2.9040E+04  8.6612E+05
0004757   6.5159E+07 -2.5772E+06  5.7669E+06
0004758   6.4170E+07  4.0862E+05  1.3001E+05
0004759   6.5276E+07  6.7373E+05  1.1662E+06
0004760   6.4999E+07 -4.2718E+04  6.9647E+05
0004761   6.3014E+07 -2.3441E+06 -2.6273E+06
0004762   6.4136E+07  4.7946E+05  7.3261E+05
0004763   6.4596E+07 -1.7918E+06 -9.1666E+05
0004764   6.5022E+07 -7.4469E+05 -6.4825E+05
0004765   6.3392E+07 -1.8127E+06 -7.4788E+05
0004766   6.4890E+07 -2.0286E+05  1.6414E+06
0004767   6.6322E+07 -2.0525E+06 -2.1207E+06
0004768   6.5365E+07 -7.0352E+05 -3.3445E+05
0004769   6.3830E+07  8.8094E+05  3.5322E+04
0004770   6.3995E+07  3.9972E+05 -1.6189E+06
0004771   6.3012E+07 -8.4010E+05  7.3240E+05
0004772   6.4191E+07 -1.7687E+06  3.0685E+06
0004773   6.3586E+07 -2.7833E+06 -2.8350E+06
0004774   6.3067E+07  3.2543E+06 -5.4045E+05
0004775   6.5150E+07 -5.5148E+04 -7.3834E+05
0004776   6.7024E+07 -8.7840E+03  2.1039E+06
0004777   6.3752E+07 -1.2600E+06 -4.8092E+05
0004778   6.3885E+07  1.0869E+06 -1.2819E+06
0004779   6.2772E+07 -7.8132E+05 -4.3779E+05
0004780   6.1969E+07 -4.5392E+06  1.5257E+06
0004781   6.4814E+07 -1.5688E+06  1.2689E+06
0004782   6.6016E+07 -1.4826E+06 -1.6662E+06
0004783   6.3931E+07 -1.8968E+05  5.5686E+05
0004784   6.4457E+07  3.1622E+06 -6.6865E+05
0004785   6.4503E+07 -1.2334E+05  3.0300E+05
0004786   6.6283E+07 -2.4522E+02  8.5754E+05
0004787   6.3717E+07  1.8376E+06  1.3195E+06
0004788   6.4114E+07 -5.0584E+05 -1.5027E+06
0004789   6.3952E+07  2.0843E+06 -2.4971E+06
0004790   6.4314E+07  2.5957E+05 -1.1260E+06
0004791   6.2171E+07 -1.9579E+05  2.8664E+06
0004792   6.4265E+07 -5.6584E+05 -9.5694E+04
0004793   6.6662E+07 -2.2979E+06  7.3492E+05
0004794   6.4092E+07  1.2127E+06 -3.8614E+05
0004795   6.4379E+07  2.3944E+05 -2.4601E+04
0004796   6.3292E+07  2.3502E+05 -9.0191E+05
0004797   6.3518E+07  3.2075E+06 -1.0398E+06
0004798   6.4655E+07 -1.4039E+06 -1.3279E+06
0004799   6.6463E+07 -4.1477E+05  8.6727E+05
0004800   6.5342E+07  6.2286E+05  1.9980E+06
0004801   6.4084E+07  6.3136E+05  3.7010E+05
0004802   6.3926E+07 -1.1403E+06  1.6850E+06
0004803   6.5952E+07  1.3641E+06 -8.4998E+05
0004804   6.3587E+07  5.1771E+04  4.6170E+05
0004805   6.4067E+07  4.7797E+05 -2.1350E+06
0004806   6.4863E+07 -5.6911E+05  8.5020E+05
0004807   6.3054E+07  5.9763E+05 -3.0720E+05
0004808   6.5483E+07 -1.8859E+05  6.7013E+05
0004809   6.4798E+07 -6.6552E+04  7.8725E+05
0004810   6.4824E+07  5.6751E+05 -6.9663E+05
0004811   6.2552E+07  3.4041E+05  9.4952E+05
0004812   6.5638E+07 -1.0217E+06  6.5864E+05
0004813   6.3716E+07  1.9088E+05 -3.8910E+05
0004814   6.3173E+07 -9.0770E+05 -2.6962E+05
0004815   6.3046E+07 -4.0985E+06 -1.0757E+06
0004816   6.5120E+07 -2.1312E+06  4.6231E+06
0004817   6.5810E+07  6.7971E+05  6.1992E+05
0004818   6.2405E+07  9.1280E+05  2.2168E+05
0004819   6.5280E+07  1.0560E+05 -1.3893E+05
0004820   6.3995E+07 -5.0657E+05  1.3218E+06
0004821   6.4733E+07  6.8029E+05  1.6287E+06
0004822   6.4939E+07 -7.1744E+05 -1.8162E+06
0004823   6.5936E+07  6.5756E+05  9.7486E+05
0004824   6.3204E+07  8.2016E+05 -4.4157E+05
0004825   6.3178E+07  6.0905E+05  1.3579E+06
0004826   6.4452E+07  5.1567E+05  9.2584E+05
0004827   6.4326E+07  7.3576E+05  3.5866E+06
0004828   6.4631E+07  1.4944E+06 -3.2129E+06
0004829   6.5024E+07 -5.8184E+05 -1.6782E+06
0004830   6.6891E+07 -6.1069E+05  1.6487E+06
0004831   6.4263E+07  2.0586E+06 -1.4257E+06
0004832   6.3086E+07 -4.9350E+05 -4.1693E+04
0004833   6.4264E+07 -8.3040E+05  1.1283E+06
0004834   6.3650E+07  8.2846E+05  1.3318E+06
0004835   6.3869E+07 -2.6158E+06 -3.2430E+06
0004836   6.7472E+07  1.2637E+06 -1.8669E+06
0004837   6.5144E+07 -6.8372E+05 -5.9939E+05
0004838   6.7205E+07  1.5721E+06 -1.1533E+06
0004839   6.4559E+07  1.2855E+06 -2.1815E+06
0004840   6.4984E+07 -1.9132E+06  3.4178E+06
0004841   6.4454E+07  3.1091E+06  7.8357E+05
0004842   6.4223E+07 -3.2927E+05 -1.8615E+05
0004843   6.4421E+07  1.4639E+06  1.4471E+06
0004844   6.3503E+07 -1.0306E+06 -4.7005E+05
0004845   6.2730E+07 -4.1787E+05  1.4925E+06
0004846   6.6118E+07 -1.6427E+06 -1.3958E+06
0004847   6.6580E+07 -4.8791E+06 -1.0356E+06
0004848   6.4262E+07  3.4759E+05  3.4798E+06
0004849   6.3597E+07 -7.8160E+05 -1.7534E+06
0004850   6.4920E+07 -1.4488E+06 -4.6780E+06
0004851   6.4061E+07 -1.1778E+06 -1.4059E+06
0004852   6.4075E+07 -8.6279E+05 -5.1106E+05
0004853   6.5489E+07 -6.6979E+05  9.5025E+05
0004854   6.4505E+07 -7.0243E+05  2.0719E+06
0004855   6.3942E+07  1.7369E+06  1.7177E+06
0004856   6.4194E+07  1.5908E+06  2.4775E+06
0004857   6.4683E+07  1.2700E+06  4.2613E+05
0004858   6.2920E+07 -2.8588E+05  1.2009E+06
0004859   6.4691E+07  6.0409E+05 -2.6493E+06
0004860   6.3913E+07 -1.9675E+06 -1.6446E+06
0004861   6.5562E+07  1.5630E+05 -1.0645E+06
0004862   6.5452E+07 -3.2307E+05 -1.7934E+06
0004863   6.3785E+07 -1.4124E+06 -1.7168E+06
0004864   6.5039E+07  1.2458E+06 -1.6005E+06
0004865   6.3524E+07  1.3868E+06 -2.0145E+06
0004866   6.5144E+07  1.2132E+06 -3.0184E+06
0004867   6.5460E+07 -1.6161E+06  3.3389E+06
0004868   6.3022E+07  1.6756E+06 -5.6466E+05
0004869   6.5280E+07 -4.9180E+05 -1.1572E+06
0004870   6.3648E+07 -6.2358E+05 -7.5216E+05
0004871   6.4088E+07  1.7045E+05  1.0200E+05
0004872   6.5037E+07 -1.3425E+04 -2.5296E+06
0004873   6.3858E+07 -8.9648E+05  4.8083E+05
0004874   6.4787E+07 -9.1535E+05 -1.3327E+06
0004875   6.4552E+07 -1.3638E+05 -4.0770E+05
0004876   6.3593E+07 -8.4599E+05 -1.8439E+06
0004877   6.5436E+07 -1.4721E+06 -2.4512E+06
0004878   6.4593E+07  1.2209E+06 -6.2959E+05
0004879   6.3690E+07  3.7616E+06 -4.2765E+06
0004880   6.5714E+07  6.7562E+05  2.2621E+05
0004881   6.3358E+07  5.3411E+05  2.7265E+05
0004882   6.5628E+07  9.3460E+05 -2.5911E+05
0004883   6.3331E+07 -1.7136E+06  1.3386E+06
0004884   6.4744E+07 -1.4580E+06 -9.5055E+05
0004885   6.3013E+07  5.0993E+05 -7.9161E+05
0004886   6.3898E+07 -1.3110E+06 -1.3393E+06
0004887   6.5936E+07 -1.8043E+06  2.7625E+05
0004888   6.3452E+07  2.0874E+06 -2.4814E+06
0004889   6.4010E+07 -8.5222E+05 -2.3882E+06
0004890   6.5854E+07 -2.1238E+06 -3.2905E+06
0004891   6.4730E+07  2.8778E+06 -1.9433E+06
0004892   6.4297E+07  1.1030E+06 -4.1259E+05
0004893   6.4850E+07  1.1265E+04  5.3508E+05
0004894   6.5726E+07  2.8954E+06 -7.2193E+04
0004895   6.4775E+07 -4.2110E+05  1.9183E+06
0004896   6.3370E+07 -1.0064E+06  1.6040E+06
0004897   6.3777E+07 -4.1690E+06 -5.3989E+05
0004898   6.5442E+07 -1.8138E+06 -1.9445E+06
0004899   6.3697E+07 -1.4525E+06 -6.3833E+05
0004900   6.4815E+07  1.1950E+06 -1.0297E+06
0004901   6.4546E+07 -2.3768E+06 -1.5737E+06
0004902   6.3304E+07 -7.0968E+05  6.0659E+05
0004903   6.4561E+07 -1.3131E+06 -2.0837E+06
0004904   6.4573E+07  3.6991E+05  9.8036E+05
0004905   6.7049E+07  6.1007E+05  1.5255E+04
0004906   6.4619E+07  4.2498E+05 -2.1859E+06
0004907   5.3719E+07  2.2752E+07  1.0337E+07
0004908   6.3641E+07  4.6122E+05 -1.1150E+06
0004909   6.3521E+07 -3.5396E+05 -1.1722E+06
0004910   6.4230E+07 -2.4451E+05  1.0581E+06
0004911   6.4997E+07 -1.6935E+06 -5.8426E+05
0004912   6.3893E+07 -1.3102E+06  2.1569E+06
0004913   6.4021E+07 -1.3973E+06  2.8364E+06
0004914   6.4345E+07  1.0010E+06  6.2556E+05
0004915   6.4667E+07  8.3705E+05 -9.7908E+04
0004916   6.5382E+07 -1.5897E+06 -6.5484E+05
0004917   6.4586E+07  1.2153E+06 -1.1615E+06
0004918   6.5087E+07  5.5452E+05  3.1027E+06
0004919   6.2963E+07  1.8240E+05 -4.4112E+06
0004920   6.4249E+07 -1.2286E+06  3.3957E+05
0004921   6.4732E+07  3.2652E+06  5.0635E+05
0004922   6.3027E+07 -1.1470E+06 -5.6300E+05
0004923   6.5086E+07  1.5404E+06  8.8569E+05
0004924   6.5583E+07  1.0722E+06 -7.6270E+05
0004925   6.4207E+07 -2.5317E+05 -7.7031E+05
0004926   6.6442E+07  1.1259E+06  7.7809E+05
0004927   6.2394E+07 -9.7902E+05 -6.3407E+05
0004928   6.5121E+07 -1.9655E+05  1.0230E+06
0004929   6.7173E+07  9.9773E+05 -2.1709E+06
0004930   6.4923E+07 -2.6440E+06  1.5932E+06
0004931   6.3839E+07  1.5567E+06  8.6994E+05
0004932   6.4240E+07  2.2173E+05  8.1675E+05
0004933   6.4971E+07  5.3832E+05 -2.4495E+06
0004934   6.3481E+07 -8.5844E+05  6.0162E+05
0004935   6.4043E+07 -3.0764E+06  1.7549E+06
0004936   6.5249E+07 -1.1481E+06 -7.9750E+05
0004937   6.2969E+07  1.5075E+04  1.2658E+06
0004938   6.2477E+07  1.8441E+06  4.4600E+04
0004939   6.4378E+07  2.2538E+06 -7.6468E+05
0004940   6.4580E+07 -2.2361E+06  1.3289E+05
0004941   6.4946E+07  1.7903E+06 -1.8046E+06
0004942   6.2996E+07 -2.0907E+06 -8.0249E+05
0004943   6.5584E+07 -1.6224E+06  6.6194E+05
0004944   6.5766E+07  1.5564E+06  2.8834E+05
0004945   6.2865E+07  1.4002E+05 -2.2323E+06
0004946   6.4154E+07 -1.0574E+06  9.5291E+05
0004947   6.6449E+07 -1.9167E+06 -7.4486E+05
0004948   6.3855E+07  9.4927E+05  2.6337E+06
0004949   6.3349E+07  8.3355E+05 -4.8982E+05
0004950   6.4916E+07  5.3633E+05  8.7550E+04
0004951   6.3284E+07  1.1857E+06  1.8422E+06
0004952   6.5983E+07 -1.9660E+06  5.4233E+05
0004953   6.4459E+07  1.5969E+05  1.5844E+06
0004954   6.5917E+07 -1.4453E+06  4.4766E+05
0004955   6.4084E+07  1.1578E+06 -8.9271E+05
0004956   6.2731E+07  1.4210E+06 -2.1377E+06
0004957   6.7026E+07 -1.6342E+06  1.1758E+06
0004958   6.3837E+07 -1.2744E+06 -1.0709E+06
0004959   6.3682E+07 -3.5954E+05  8.1311E+05
0004960   6.2585E+07  1.7176E+06 -3.4947E+04
0004961   6.6164E+07  1.3163E+06  7.3995E+05
0004962   6.5138E+07  8.2214E+05  3.9777E+05
0004963   6.3769E+07  1.5830E+06  1.7810E+06
0004964   6.4148E+07  1.2345E+06  1.1143E+06
0004965   6.2310E+07  2.4217E+06  1.9778E+06
0004966   6.4953E+07 -1.7616E+06 -2.7262E+04
0004967   6.3689E+07 -1.8196E+05 -1.2738E+06
0004968   6.4370E+07  2.0808E+05 -1.9140E+06
0004969   6.4067E+07 -1.0874E+06 -1.5512E+05
0004970   6.4751E+07 -1.2851E+06 -1.0040E+06
0004971   6.4215E+07 -2.4805E+06 -5.5964E+05
0004972   6.4330E+07  2.8066E+06 -9.4442E+05
0004973   6.5077E+07  1.5983E+05 -4.7167E+06
0004974   6.2911E+07 -6.7091E+05  1.4802E+05
0004975   6.5155E+07  9.4710E+05 -6.9791E+05
0004976   6.2548E+07  5.7400E+05 -1.0342E+06
0004977   6.5132E+07  3.3227E+06  1.0883E+06
0004978   6.3944E+07 -9.3363E+05 -1.4329E+06
0004979   6.5104E+07 -6.1971E+04  3.3888E+06
0004980   6.5185E+07 -2.3377E+06  5.2721E+05
0004981   6.5218E+07  1.2865E+06  3.7756E+05
0004982   6.4057E+07 -1.4272E+06  9.2450E+05
0004983   6.5652E+07 -1.0247E+06 -2.2715E+06
0004984   6.3945E+07  1.1119E+06 -1.5179E+04
0004985   6.2113E+07 -1.2410E+06 -3.1268E+05
0004986   6.3976E+07  4.3478E+05  8.3059E+05
0004987   6.3492E+07 -2.3679E+06 -8.1477E+05
0004988   6.1878E+07 -4.3052E+06  3.5369E+05
0004989   6.4358E+07  2.7443E+06  1.6215E+05
0004990   6.3454E+07  1.1148E+05 -1.6139E+06
0004991   6.3981E+07 -1.0908E+06  2.1334E+06
0004992   6.4517E+07 -1.7760E+06 -5.9736E+05
0004993   6.4750E+07 -1.8932E+06 -8.8101E+04
0004994   6.3600E+07  4.2242E+05  2.2494E+06
0004995   6.3832E+07 -1.2622E+06  7.4698E+05
0004996   6.5183E+07 -4.5362E+05  5.8368E+05
0004997   6.4633E+07  6.5904E+05 -1.5812E+06
0004998   6.3790E+07 -1.8691E+06 -1.1338E+05
0004999   6.2825E+07 -1.9150E+06 -4.9865E+05
0005000   6.5260E+07  2.9358E+06  1.7341E+06
0005001   6.5502E+07  5.3230E+04 -3.3150E+05
0005002   6.2761E+07  2.8613E+05 -7.8844E+05
0005003   6.3456E+07 -1.1654E+06 -2.8073E+05
0005004   6.2779E+07  3.4753E+06 -4.4362E+04
0005005   6.5159E+07 -1.6257E+06  1.2350E+06
0005006   6.3736E+07 -5.6508E+04  2.5149E+06
0005007   6.4261E+07  2.3460E+06 -2.4681E+06
0005008   6.4138E+07  6.6014E+04 -1.3142E+06
0005009   6.5114E+07 -1.2380E+06 -1.5655E+06
0005010   6.4964E+07  1.2571E+06 -1.0252E+05
0005011   6.3357E+07  5.7187E+05 -1.7147E+06
0005012   6.4375E+07  9.1279E+05  7.1935E+04
0005013   6.4148E+07  1.0892E+06 -1.4722E+06
0005014   6.5507E+07 -2.0216E+06 -1.0029E+06
0005015   6.2253E+07  1.9533E+06 -1.0465E+06
0005016   6.4519E+07 -1.5361E+06  9.5992E+05
0005017   6.3104E+07  1.2014E+06  6.4848E+05
0005018   6.5141E+07  4.6362E+06 -4.1551E+06
0005019   6.5931E+07  9.9564E+05 -1.1129E+06
0005020   6.5664E+07  1.0495E+06  1.9790E+06
0005021   6.4411E+07 -1.2809E+06  2.3618E+06
0005022   6.5638E+07  3.7487E+04 -1.1792E+06
0005023   6.6179E+07 -8.4803E+05  2.2167E+05
0005024   6.4390E+07  1.4639E+06 -1.1790E+06
0005025   6.4150E+07 -8.8640E+05  5.1505E+04
0005026   6.5857E+07 -1.2280E+06 -7.9733E+05
0005027   6.5711E+07  1.7964E+06 -1.9797E+06
0005028   6.5178E+07 -1.9838E+05  1.0183E+06
0005029   6.4123E+07 -9.8139E+05 -4.5816E+05
0005030   6.5310E+07  4.4664E+05 -4.6686E+05
0005031   6.7376E+07  1.5956E+06 -2.1024E+06
0005032   6.3456E+07 -9.7954E+04 -5.5835E+05
0005033   6.3997E+07 -3.6935E+05 -1.1594E+06
0005034   6.4162E+07 -2.1111E+05 -5.9797E+05
0005035   6.4629E+07 -1.5222E+06  7.8437E+05
0005036   6.6448E+07 -1.5969E+04 -3.4874E+06
0005037   6.3733E+07 -9.4855E+05 -6.2679E+05
0005038   6.2396E+07 -1.2762E+05 -1.2633E+06
0005039   6.6565E+07  1.1741E+05  6.9985E+05
0005040   6.3962E+07 -1.0423E+05 -7.1891E+04
0005041   6.2558E+07  1.2864E+06  5.8517E+05
0005042   6.4717E+07 -5.8860E+05  1.3703E+06
0005043   6.3125E+07  1.4470E+06  2.2078E+05
0005044   6.3883E+07 -2.5985E+04 -2.0776E+06
0005045   6.4026E+07 -1.9024E+06  2.9052E+05
0005046   6.5030E+07  3.1994E+05 -4.6784E+06
0005047   6.3009E+07 -3.2748E+05 -5.7271E+05
0005048   6.4137E+07 -3.4972E+05 -1.0826E+06
0005049   6.2798E+07  4.2620E+05  1.7245E+06
0005050   6.3689E+07  6.2541E+05  2.4242E+05
0005051   6.4436E+07  2.5538E+06 -9.0560E+05
0005052   6.5169E+07 -4.8178E+04  1.0195E+06
0005053   6.4969E+07 -2.9651E+06 -2.7834E+06
0005054   6.4977E+07  4.5857E+05 -1.6830E+06
0005055   6.4604E+07  1.7638E+06 -5.9742E+05
0005056   6.3803E+07  1.3179E+06 -3.7430E+06
0005057   6.4581E+07  2.2044E+06 -2.3913E+06
0005058   6.3175E+07 -3.1246E+06 -1.3696E+06
0005059   6.5328E+07 -4.2691E+05 -3.4369E+05
0005060   6.3294E+07  7.3370E+04  1.8834E+06
0005061   6.5210E+07 -3.5020E+06 -1.5920E+06
0005062   6.4213E+07 -5.5796E+05  2.1015E+06
0005063   6.5942E+07  8.2456E+05  1.8279E+06
0005064   6.5485E+07 -5.8262E+05  5.5654E+05
0005065   6.5553E+07 -1.5763E+06  1.4025E+06
0005066   6.3532E+07 -4.0122E+05  1.2166E+06
0005067   6.5086E+07  4.0808E+05  8.6330E+05
0005068   6.5890E+07  2.3182E+05  6.6027E+05
0005069   6.4817E+07 -7.5798E+05 -8.8203E+05
0005070   6.3826E+07 -1.6278E+06 -6.7563E+05
0005071   6.2858E+07  3.3811E+06 -1.7153E+06
0005072   6.1403E+07  8.6322E+05  4.6218E+05
0005073   6.1867E+07 -2.6118E+06  3.2676E+06
0005074   6.5719E+07 -1.4984E+06  1.5538E+06
0005075   6.4683E+07  1.4588E+06  2.3914E+06
0005076   6.4032E+07 -4.0125E+05  5.4319E+05
0005077   6.4749E+07 -1.4359E+06  2.1779E+06
0005078   6.5529E+07 -2.8868E+06 -8.2007E+05
0005079   6.3246E+07  1.4372E+06 -4.0251E+06
0005080   6.4613E+07 -2.4930E+05 -4.7890E+05
0005081   6.2765E+07  2.3301E+06 -1.0423E+06
0005082   6.5385E+07  2.4411E+06  6.9291E+05
0005083   6.5729E+07  3.5309E+05 -1.7904E+06
0005084   6.4772E+07  1.4231E+06 -1.2487E+05
0005085   6.3452E+07 -1.5172E+05  2.8250E+05
0005086   6.3478E+07 -7.2452E+04 -1.3590E+06
0005087   6.4453E+07 -1.1269E+06 -2.3173E+04
0005088   6.3471E+07  2.6722E+06  2.4381E+05
0005089   6.7785E+07  1.2852E+06 -6.2860E+05
0005090   6.3372E+07 -2.0521E+05  4.3777E+05
0005091   6.3522E+07  1.3947E+06  8.9000E+04
0005092   6.3520E+07 -4.7196E+05  6.2043E+05
0005093   6.4283E+07 -2.4502E+05  4.3900E+04
0005094   6.4613E+07  1.0724E+06  2.9717E+04
0005095   6.4717E+07 -5.3546E+05  8.3765E+04
0005096   6.3317E+07  1.3109E+05 -2.0333E+06
0005097   6.3919E+07 -7.5647E+05 -9.4328E+05
0005098   6.3207E+07 -1.3095E+05  7.4057E+05
0005099   6.4657E+07  9.8188E+05  1.9695E+06
0005100   6.4564E+07 -3.0837E+05  7.1043E+05
0005101   6.3797E+07  3.9379E+05 -2.2624E+06
0005102   6.3654E+07  8.7587E+05 -1.2101E+05
0005103   6.4482E+07  7.3279E+05 -5.6046E+05
0005104   6.3938E+07  1.0520E+06 -1.0072E+06
0005105   6.5251E+07  5.0416E+04 -2.6335E+05
0005106   6.3895E+07 -2.1862E+06 -1.4068E+06
0005107   6.3816E+07 -2.1175E+06 -6.9977E+05
0005108   6.3016E+07 -1.6655E+06  2.7155E+06
0005109   6.4309E+07  3.2318E+05  1.9914E+05
0005110   6.4364E+07 -3.0491E+05  5.0872E+05
0005111   6.3997E+07  2.0262E+06  1.2129E+06
0005112   6.4804E+07 -5.6027E+06 -5.3653E+06
0005113   6.7493E+07 -7.8770E+05 -6.6387E+05
0005114   6.5562E+07  2.7164E+05  4.3776E+05
0005115   6.3870E+07  6.0950E+05  1.1912E+06
0005116   6.2942E+07  1.2199E+06 -1.3250E+05
0005117   6.5754E+07 -1.4878E+06 -1.5330E+06
0005118   6.2156E+07 -1.6993E+06 -5.1135E+02
0005119   6.4202E+07  4.8500E+05 -7.5329E+05
0005120   6.4944E+07  3.1045E+05  2.5671E+05
0005121   6.5238E+07  3.0550E+04  3.6203E+05
0005122   6.3700E+07 -2.1515E+05 -5.8318E+05
0005123   6.4608E+07 -4.5546E+06  3.9038E+06
0005124   6.3023E+07 -3.3457E+05  1.1692E+06
0005125   6.5725E+07 -5.0028E+06 -1.4749E+06
0005126   6.5503E+07 -2.1874E+06  2.0512E+06
0005127   6.5629E+07  5.1774E+06 -7.9426E+05
0005128   6.3467E+07  1.9130E+05  9.9191E+05
0005129   6.2613E+07 -6.2714E+05 -4.4442E+05
0005130   6.4682E+07 -3.0080E+05 -1.2952E+06
0005131   6.4327E+07 -1.3481E+06  5.2281E+05
0005132   6.5467E+07  1.9925E+06  2.5259E+06
0005133   6.2629E+07  5.2967E+05 -8.0380E+05
0005134   6.3840E+07 -7.5855E+05 -1.9436E+06
0005135   6.5846E+07 -2.2343E+06 -9.9569E+05
0005136   6.3933E+07 -1.8174E+06  6.7829E+05
0005137   6.4340E+07  1.0903E+06  1.7122E+05
0005138   6.4807E+07 -2.4165E+06 -5.4481E+05
0005139   6.5157E+07 -8.8490E+05 -1.3689E+04
0005140   6.5074E+07 -2.6870E+05  1.3821E+06
0005141   6.3101E+07  1.0433E+06  3.3295E+05
0005142   6.4964E+07  1.7458E+06 -9.0174E+05
0005143   6.4413E+07 -5.0487E+06  1.2313E+05
0005144   6.4414E+07 -2.1026E+06  9.5606E+02
0005145   6.5200E+07 -4.4748E+05 -2.4671E+03
0005146   6.4988E+07  1.5501E+06  1.2848E+06
0005147   6.3129E+07  4.5748E+05 -1.1545E+06
0005148   6.4643E+07 -1.2460E+06  1.6932E+06
0005149   6.4083E+07 -3.0008E+05  1.4045E+06
0005150   6.4726E+07 -2.9749E+05 -5.3807E+05
0005151   6.4159E+07  1.4897E+06  2.3276E+05
0005152   6.4373E+07  2.2817E+06  1.2373E+06
0005153   6.3391E+07  2.2631E+05 -3.3233E+05
0005154   6.5183E+07  1.4789E+06 -1.3124E+06
0005155   6.6748E+07  1.2413E+06 -1.5773E+06
0005156   6.3032E+07  1.1217E+06 -1.6891E+06
0005157   6.3330E+07 -1.8649E+06  1.2816E+06
0005158   6.4933E+07  1.5107E+06 -8.1175E+05
0005159   6.5066E+07 -2.1999E+06 -2.7276E+06
0005160   6.4490E+07 -2.1480E+06  1.4627E+06
0005161   6.7005E+07  8.5495E+05 -4.3162E+05
0005162   6.4989E+07  1.4926E+06 -5.4609E+05
0005163   6.6368E+07 -1.1423E+06  7.0703E+05
0005164   6.3740E+07  1.7313E+06 -9.6832E+05
0005165   6.4352E+07 -2.1190E+06 -3.0072E+06
0005166   6.4730E+07 -3.3702E+06 -3.1233E+05
0005167   6.5122E+07  4.6135E+04 -5.0116E+04
0005168   6.3075E+07  4.3404E+05 -2.4512E+06
0005169   6.5767E+07  2.7924E+05  5.3304E+05
0005170   6.3974E+07  9.3898E+05 -1.4624E+06
0005171   6.4794E+07 -1.7356E+06 -1.3263E+06
0005172   6.5071E+07  2.1743E+06  7.6707E+05
0005173   6.6047E+07 -9.1425E+05  1.5503E+06
0005174   6.3373E+07  1.3288E+05 -3.0619E+06
0005175   6.3340E+07  1.1195E+06 -7.5669E+05
0005176   6.7658E+07  4.5440E+05  4.1634E+05
0005177   6.3407E+07 -2.9664E+05 -1.2725E+06
0005178   6.5565E+07  2.7023E+06  1.8822E+06
0005179   6.5436E+07  1.6778E+06  4.0508E+05
0005180   6.5264E+07 -3.3848E+06  1.6222E+06
0005181   6.4022E+07 -2.9052E+06 -2.4742E+06
0005182   6.6232E+07  1.7281E+06 -2.7343E+05
0005183   6.0074E+07 -8.1090E+06  5.2163E+06
0005184   6.4851E+07  7.2419E+05 -2.4664E+06
0005185   6.3834E+07  1.6364E+04  3.1578E+05
0005186   6.4254E+07 -4.5708E+05 -2.7709E+05
0005187   6.5208E+07 -3.5566E+06 -1.8132E+06
0005188   6.3201E+07 -2.0631E+06  4.5151E+06
0005189   6.6974E+07  5.9129E+05 -3.4788E+05
0005190   6.4008E+07 -1.5893E+06 -1.1667E+06
0005191   6.4136E+07  5.4163E+05 -8.2245E+05
0005192   6.4447E+07  4.8738E+05 -1.7011E+06
0005193   6.3565E+07  2.8857E+06  5.0359E+05
0005194   6.6143E+07  1.6394E+06 -2.8837E+06
0005195   6.3967E+07  7.4333E+04  6.1886E+05
0005196   6.5406E+07 -1.2327E+04 -1.9925E+06
0005197   6.5780E+07 -1.5318E+05 -9.8386E+05
0005198   6.5017E+07  5.4478E+05 -4.2096E+06
0005199   6.2939E+07  2.5343E+06  7.7329E+06
0005200   6.2770E+07 -2.3746E+06 -3.0250E+06
0005201   6.4968E+07  8.8212E+05  2.5027E+05
0005202   6.6294E+07  7.9615E+03 -1.2655E+06
0005203   6.3330E+07 -1.9116E+06  7.1439E+05
0005204   6.2760E+07 -7.4889E+05  5.9831E+04
0005205   6.8180E+07  9.7161E+03 -1.0575E+06
0005206   6.4251E+07 -1.1627E+06 -4.3639E+05
0005207   6.3800E+07  6.9538E+05  1.0423E+06
0005208   6.3774E+07 -6.9327E+06  3.0783E+06
0005209   6.5068E+07  6.9775E+05  1.4293E+06
0005210   6.4775E+07  1.2315E+06  5.1628E+05
0005211   6.2498E+07  2.5199E+05  1.9081E+06
0005212   6.5281E+07 -1.7048E+06 -6.2507E+05
0005213   6.6293E+07 -3.0922E+06  3.7192E+05
0005214   6.4805E+07 -3.3366E+06  6.5024E+05
0005215   6.7056E+07  1.4143E+06 -2.6475E+06
0005216   6.5379E+07 -1.5217E+06  4.0673E+05
0005217   6.3839E+07  4.5019E+05  3.3368E+06
0005218   6.4915E+07 -2.2842E+06 -2.6793E+05
0005219   6.4085E+07 -1.0725E+06  3.9960E+05
0005220   6.2988E+07 -1.9899E+06  3.4844E+05
0005221   6.5043E+07 -4.1173E+05  4.2352E+05
0005222   6.4956E+07  1.4647E+06 -6.0570E+05
0005223   6.3638E+07 -2.1835E+06 -6.1910E+06
0005224   6.4948E+07 -9.8194E+05  1.4907E+06
0005225   6.3533E+07  3.6232E+06 -8.1732E+05
0005226   6.2003E+07 -1.0732E+07  8.6371E+05
0005227   6.4646E+07  8.2448E+05  7.6489E+05
0005228   6.4254E+07 -3.3402E+06  2.6725E+05
0005229   6.0613E+07 -2.1692E+06  2.5552E+06
0005230   6.3261E+07 -1.0125E+06 -4.2714E+05
0005231   6.2834E+07 -3.2903E+06 -1.9976E+06
0005232   6.4765E+07 -3.5565E+05 -5.4732E+04
0005233   6.4641E+07 -8.5038E+05 -1.7909E+06
0005234   6.4122E+07  1.7204E+06  8.0828E+06
0005235   6.3483E+07 -1.9640E+06 -2.5070E+06
0005236   6.5034E+07  1.2766E+06  1.1508E+06
0005237   6.4692E+07 -8.8459E+05 -2.4270E+06
0005238   6.5087E+07 -8.3518E+05  1.7777E+06
0005239   6.5287E+07  1.2626E+06 -2.1132E+06
0005240   6.5423E+07  5.5596E+06  1.2971E+06
0005241   6.4611E+07  1.1686E+06 -1.8672E+05
0005242   6.2983E+07  9.9417E+05  2.2166E+05
0005243   6.2038E+07  9.9922E+05 -3.5330E+05
0005244   6.7204E+07  9.2018E+04 -6.9954E+05
0005245   6.6168E+07  2.1632E+06 -8.8135E+04
0005246   6.4084E+07 -3.8629E+05 -7.6326E+05
0005247   6.3175E+07 -1.1478E+06 -8.4452E+04
0005248   6.4203E+07 -2.0556E+06 -3.0350E+05
0005249   6.4582E+07  2.0975E+06  2.9289E+05
0005250   6.4225E+07 -1.5993E+06 -6.1969E+05
0005251   6.4403E+07 -3.5456E+05  1.7609E+06
0005252   6.3444E+07  1.2550E+06 -1.5371E+06
0005253   6.3802E+07 -1.0947E+05 -4.1172E+05
0005254   6.4617E+07 -3.0880E+04  1.1148E+06
0005255   6.2565E+07 -1.5081E+06  6.1186E+03
0005256   6.5830E+07  3.7936E+05 -1.7706E+04
0005257   6.5240E+07  5.2401E+05  4.0293E+05
0005258   6.4079E+07  1.1919E+06 -1.8378E+06
0005259   6.4292E+07  1.1701E+06 -1.1380E+05
0005260   6.4273E+07  6.7567E+05  2.1966E+06
0005261   6.5928E+07  2.9710E+05 -5.6514E+03
0005262   6.2843E+07 -4.3661E+05 -7.5073E+05
0005263   6.3551E+07  1.1105E+06 -6.1875E+05
0005264   6.4011E+07  1.1281E+06 -9.7349E+05
0005265   6.3805E+07 -3.6012E+06  2.5142E+06
0005266   6.4551E+07  1.5707E+06 -2.1073E+06
0005267   6.3849E+07  6.9360E+05  2.6376E+06
0005268   6.3391E+07  9.2155E+05  1.7595E+06
0005269   6.5449E+07 -3.6372E+06  3.3760E+05
0005270   6.5549E+07  5.6807E+05  1.3447E+06
0005271   6.4059E+07  5.1135E+05 -7.8310E+05
0005272   6.5451E+07 -3.8026E+05 -8.3183E+05
0005273   6.1845E+07 -1.6647E+05 -2.6196E+04
0005274   6.4049E+07  7.1090E+05  3.3879E+05
0005275   6.4399E+07  5.4394E+05 -8.9572E+04
0005276   6.5854E+07 -8.2719E+05  2.3394E+06
0005277   6.2703E+07  1.1565E+06  8.1031E+05
0005278   6.3912E+07 -2.7285E+06 -1.8448E+06
0005279   6.4066E+07 -2.3869E+06 -3.6964E+05
0005280   6.6290E+07 -3.4637E+05 -1.6058E+06
0005281   6.5161E+07 -1.5746E+06  9.7129E+05
0005282   6.4787E+07  9.7271E+05  3.6171E+06
0005283   6.3451E+07 -1.5530E+06 -1.2462E+06
0005284   6.4002E+07  6.5521E+05  1.7867E+06
0005285   6.5112E+07  2.3029E+06 -5.0725E+05
0005286   6.6445E+07  5.0832E+05  1.4927E+06
0005287   6.4999E+07  9.6535E+05  2.8915E+06
0005288   6.4301E+07  1.0685E+06 -4.7684E+05
0005289   6.3802E+07 -9.6616E+05 -5.8940E+05
0005290   6.4120E+07 -6.9370E+05 -3.4578E+05
0005291   6.4372E+07 -7.6247E+04 -1.1313E+06
0005292   6.4885E+07 -1.9294E+06 -1.5652E+06
0005293   6.5119E+07 -1.9061E+06  1.0756E+05
0005294   6.4621E+07  2.5473E+04  5.3433E+05
0005295   6.3931E+07 -6.8066E+04  2.1300E+06
0005296   6.5349E+07 -3.7126E+05 -6.4804E+05
0005297   6.4106E+07 -2.6326E+05  2.3845E+06
0005298   6.3348E+07  1.6364E+06 -1.0829E+06
0005299   6.1558E+07 -1.6826E+06 -2.1017E+06
0005300   6.2959E+07  3.2751E+05  1.2733E+06
0005301   6.3652E+07  9.3482E+05 -1.5867E+06
0005302   6.0027E+07 -8.4813E+06 -1.0487E+07
0005303   6.4655E+07 -1.2672E+05 -1.3147E+06
0005304   6.2645E+07  1.8136E+06 -5.6945E+05
0005305   6.5179E+07  1.1857E+06  2.2433E+06
0005306   6.4313E+07  1.5390E+06 -2.9200E+06
0005307   6.6359E+07 -6.9474E+05  1.0434E+06
0005308   6.4450E+07  2.8928E+06  2.2623E+06
0005309   6.5263E+07  2.0494E+06 -5.0728E+05
0005310   6.4010E+07 -1.6633E+06  9.6044E+05
0005311   6.6173E+07 -5.3584E+03  7.2755E+05
0005312   6.7305E+07  9.2310E+05 -3.6816E+05
0005313   6.6296E+07 -9.1168E+04 -9.5278E+05
0005314   6.4191E+07  1.0205E+06 -5.2022E+05
0005315   6.3945E+07  3.0943E+06 -1.2126E+06
0005316   6.4000E+07  1.9359E+05  1.4234E+06
0005317   6.4798E+07 -9.2376E+05  1.2654E+06
0005318   6.4891E+07  1.8434E+06 -6.8801E+05
0005319   6.3176E+07 -6.9019E+05  1.7742E+06
0005320   6.3176E+07  3.6097E+06 -1.9103E+06
0005321   6.5272E+07 -1.2898E+06  6.3999E+06
0005322   6.4604E+07  2.1634E+06  4.4857E+05
0005323   6.4940E+07  7.0533E+05 -2.1563E+06
0005324   6.3491E+07  3.6848E+05  2.1489E+06
0005325   6.3038E+07 -2.2140E+06  1.5021E+06
0005326   6.7080E+07  2.1047E+06  1.4642E+06
0005327   6.3592E+07 -2.7697E+05  5.0958E+05
0005328   6.4302E+07 -1.3363E+06  7.5335E+05
0005329   6.5187E+07 -1.0111E+06  2.8694E+05
0005330   6.3734E+07 -3.8799E+05  9.3628E+05
0005331   6.2813E+07 -2.4114E+06 -2.4821E+06
0005332   6.4833E+07  8.4250E+05  2.5970E+05
0005333   6.3922E+07 -6.6729E+06 -9.2934E+06
0005334   6.5865E+07 -1.5221E+06 -3.0909E+06
0005335   6.4839E+07 -3.0553E+06  2.7774E+06
0005336   6.4623E+07  3.0502E+05 -2.2073E+06
0005337   6.5054E+07  1.2759E+06 -5.0196E+05
0005338   6.3732E+07 -2.0807E+06 -1.0737E+06
0005339   6.2795E+07 -8.8370E+05 -6.3226E+05
0005340   6.6413E+07  6.1138E+05 -1.8125E+06
0005341   6.7704E+07 -4.7680E+05 -6.6353E+05
0005342   6.4178E+07  1.4343E+06  5.8133E+05
0005343   6.3644E+07  1.5570E+06  3.9641E+05
0005344   6.5679E+07 -5.6812E+05  3.9457E+05
0005345   6.3901E+07  9.5526E+05  2.3931E+05
0005346   6.3191E+07 -1.8520E+06  1.2111E+06
0005347   6.4169E+07 -7.4120E+05 -1.0166E+05
0005348   6.3458E+07 -2.4934E+06  1.1884E+06
0005349   6.4262E+07 -8.4354E+04  1.1699E+06
0005350   6.3180E+07  1.1431E+06  1.1372E+06
0005351   6.3261E+07  1.9419E+06 -3.8896E+06
0005352   6.4537E+07 -1.8785E+06  9.2683E+05
0005353   6.4376E+07  6.4287E+05 -1.4125E+06
0005354   6.3990E+07 -4.0559E+05 -4.4885E+06
0005355   6.3600E+07  2.7843E+06 -7.0578E+05
0005356   6.4280E+07  5.0835E+05  3.0506E+04
0005357   6.3663E+07  1.0588E+06  4.3729E+05
0005358   6.6094E+07  8.0279E+05 -1.4642E+06
0005359   6.2717E+07  9.0608E+05 -1.4230E+05
0005360   6.5310E+07  6.0516E+05  1.1592E+06
0005361   6.5067E+07 -8.9800E+05  5.6941E+05
0005362   6.5505E+07  1.6683E+04  4.9977E+03
0005363   6.5769E+07  2.1543E+06 -1.3365E+06
0005364   6.5026E+07  3.9967E+05  3.8667E+06
0005365   6.3650E+07  1.6768E+06  1.2023E+06
0005366   6.6260E+07  1.5196E+05 -1.3477E+06
0005367   6.3321E+07 -1.1018E+06 -2.4355E+05
0005368   6.6128E+07 -3.9481E+05 -2.8429E+05
0005369   6.2655E+07 -8.9789E+05 -2.3774E+05
0005370   6.3558E+07 -2.3771E+05 -7.5801E+05
0005371   6.1482E+07  9.8609E+05  3.2805E+05
0005372   6.2760E+07 -1.4344E+06 -1.2596E+06
0005373   6.3172E+07 -7.3332E+05 -8.5484E+05
0005374   6.4219E+07  6.9613E+04 -1.4857E+06
0005375   6.4714E+07 -9.6677E+05  1.6223E+05
0005376   6.2813E+07 -8.3722E+05  1.4801E+06
0005377   6.4343E+07 -1.9299E+05  3.1770E+05
0005378   6.4588E+07 -1.6594E+06 -8.6699E+05
0005379   6.5125E+07  3.4307E+05 -2.9201E+06
0005380   6.4244E+07  3.9051E+04 -8.1199E+05
0005381   6.3261E+07 -4.1755E+06 -3.1367E+06
0005382   6.4228E+07 -5.4098E+05  6.1862E+05
0005383   6.4850E+07  1.9928E+06  6.5447E+05
0005384   6.5150E+07 -1.0525E+06 -1.4689E+05
0005385   6.3665E+07 -1.3159E+06  2.1002E+06
0005386   6.5392E+07  1.3192E+06 -1.9274E+06
0005387   6.4358E+07  1.5817E+06  1.3052E+05
0005388   6.3416E+07 -3.8813E+06 -2.6594E+06
0005389   6.4987E+07 -1.0322E+06 -1.9726E+06
0005390   6.4816E+07  1.0851E+06 -1.6970E+05
0005391   6.3846E+07 -1.8226E+06 -3.4527E+06
0005392   6.4084E+07 -1.3049E+06  4.2679E+06
0005393   6.5226E+07  2.4476E+06  2.3575E+06
0005394   6.3728E+07  1.4372E+06 -1.4544E+05
0005395   6.3928E+07 -1.5716E+06  4.1400E+05
0005396   6.3732E+07  8.1401E+05 -2.9696E+06
0005397   6.3416E+07  4.2809E+06 -1.9116E+06
0005398   6.4531E+07 -3.2090E+06 -1.6767E+05
0005399   6.2861E+07  8.0587E+05  5.3411E+05
0005400   6.3819E+07  1.5249E+06  4.1749E+05
0005401   6.5403E+07  1.8541E+06  2.2347E+05
0005402   6.5258E+07  1.0605E+06  9.9461E+05
0005403   6.3615E+07 -1.2873E+06 -2.7060E+05
0005404   6.2970E+07  1.2796E+06  2.3681E+06
0005405   6.4607E+07  8.0035E+05  7.5524E+04
0005406   6.5033E+07  1.4385E+06  1.8799E+06
0005407   6.3906E+07  1.1261E+05 -1.1667E+06
0005408   6.3355E+07 -2.1170E+06  3.7622E+06
0005409   6.6118E+07 -2.9010E+06 -1.4585E+06
0005410   6.5191E+07 -5.0706E+05  1.4201E+06
0005411   6.6454E+07 -8.5544E+05  2.9270E+06
0005412   6.3815E+07  1.7168E+06  8.4373E+05
0005413   6.6206E+07  2.4038E+05 -7.2497E+05
0005414   6.6196E+07 -5.3371E+05  8.1726E+05
0005415   6.4849E+07  2.3261E+06  1.2879E+04
0005416   6.5628E+07 -2.8377E+04  4.6092E+04
0005417   6.4801E+07  1.1400E+06  1.8977E+06
0005418   6.3798E+07  2.3099E+06  2.0174E+06
0005419   6.5736E+07 -2.7124E+06  9.2035E+05
0005420   6.3623E+07 -2.1019E+06  9.4487E+05
0005421   6.5771E+07 -1.4667E+06 -2.3449E+06
0005422   6.2550E+07 -6.1811E+05  2.0627E+06
0005423   6.1976E+07  5.6866E+06  4.0186E+06
0005424   6.3580E+07 -3.5400E+06 -3.1110E+06
0005425   6.5629E+07  1.7434E+05  4.8164E+04
0005426   6.4025E+07 -1.7268E+05  4.1221E+05
0005427   6.6137E+07 -2.2721E+06 -7.4694E+05
0005428   6.5455E+07 -2.1928E+06 -2.4039E+06
0005429   6.4217E+07 -1.3594E+06  1.3103E+05
0005430   6.4082E+07 -1.5329E+05  2.8016E+06
0005431   6.6117E+07  5.9641E+04 -9.5630E+05
0005432   6.4103E+07 -6.5740E+05  9.9377E+05
0005433   6.6017E+07  8.9241E+04 -8.6941E+05
0005434   6.5931E+07  2.7526E+05 -4.0010E+06
0005435   6.3031E+07 -1.0054E+06 -1.0877E+05
0005436   6.5147E+07  2.5964E+05  2.8778E+06
0005437   6.2776E+07 -2.8681E+04  1.3857E+06
0005438   6.4131E+07 -1.7190E+06  1.3578E+06
0005439   6.4528E+07 -2.4777E+06 -9.6958E+05
0005440   6.3224E+07 -1.8377E+05 -1.3006E+06
0005441   6.2947E+07  1.0742E+06 -8.4602E+04
0005442   6.3733E+07 -1.4481E+06 -7.0059E+05
0005443   6.5774E+07  2.0800E+05 -4.8453E+05
0005444   6.4010E+07 -9.2691E+05 -5.8745E+05
0005445   6.5388E+07  2.0022E+06  1.6629E+06
0005446   6.4350E+07 -1.8858E+06 -1.6626E+05
0005447   6.5442E+07 -2.1801E+06  1.1845E+06
0005448   6.3434E+07 -1.3179E+06 -5.4223E+06
0005449   6.3090E+07 -3.5922E+05 -1.2122E+06
0005450   6.4872E+07 -3.9771E+06  3.9353E+06
0005451   6.6125E+07  2.7865E+05 -6.3724E+05
0005452   6.6631E+07  1.2413E+06  6.8734E+05
0005453   6.3686E+07  2.9586E+05  8.3711E+05
0005454   6.3283E+07  1.0249E+06 -1.3827E+06
0005455   6.3266E+07 -1.5499E+06 -4.0392E+05
0005456   6.3168E+07  1.8242E+06 -3.7047E+05
0005457   6.3449E+07 -9.9798E+04  1.5898E+06
0005458   6.4426E+07 -8.7487E+05 -3.8362E+04
0005459   6.4250E+07 -1.8423E+06 -1.7849E+05
0005460   6.4575E+07 -4.0257E+05  9.6677E+05
0005461   6.5926E+07 -1.2109E+05 -2.5917E+06
0005462   6.3457E+07  7.9078E+05  5.4419E+05
0005463   6.3786E+07  8.6325E+04 -3.8887E+05
0005464   6.4111E+07  7.8621E+05 -9.9776E+05
0005465   6.4711E+07 -3.1518E+06  1.2805E+06
0005466   6.5317E+07 -1.1641E+06  8.0578E+06
0005467   6.4990E+07 -2.4080E+05  2.6623E+06
0005468   6.4540E+07 -5.9596E+05  2.8056E+06
0005469   6.3544E+07 -9.5926E+05  2.0067E+06
0005470   6.5053E+07 -1.7085E+06  9.6374E+05
0005471   6.3213E+07  3.9012E+05 -7.3949E+05
0005472   6.3691E+07 -8.1941E+05  1.2750E+06
0005473   6.6230E+07  2.4703E+06  5.4434E+05
0005474   6.6296E+07  1.7805E+06  2.1451E+06
0005475   6.4472E+07 -2.8643E+05 -2.5890E+05
0005476   6.6823E+07 -1.5809E+06  1.3262E+06
0005477   6.4400E+07 -8.7397E+05 -1.5535E+06
0005478   6.4675E+07 -1.2795E+06 -8.5230E+05
0005479   6.4802E+07 -3.4325E+05 -2.5208E+05
0005480   6.2948E+07 -1.8367E+06  1.3984E+06
0005481   6.5565E+07 -8.5002E+05 -1.6684E+06
0005482   6.3581E+07  1.7700E+06  2.4164E+06
0005483   6.4310E+07 -2.5888E+05 -1.3703E+05
0005484   6.5594E+07  3.8711E+04  1.8648E+06
0005485   6.4014E+07 -1.4794E+06 -6.9439E+05
0005486   6.6909E+07 -3.1815E+05 -1.1689E+06
0005487   6.5403E+07  5.1811E+04 -1.1050E+06
0005488   6.4336E+07 -7.7292E+05  2.1929E+06
0005489   6.5255E+07  1.6160E+06 -3.1850E+06
0005490   6.3899E+07  1.6816E+06  8.2392E+05
0005491   6.4380E+07 -8.6285E+05 -2.1397E+06
0005492   6.2454E+07 -1.1266E+06 -1.1128E+06
0005493   6.3344E+07  1.4202E+06  4.9035E+05
0005494   6.4688E+07 -1.3161E+06  2.5276E+06
0005495   6.5142E+07  4.7879E+04 -3.6220E+06
0005496   6.4880E+07  4.0145E+06 -4.2114E+06
0005497   6.4643E+07  2.8694E+05 -6.8072E+05
0005498   6.4581E+07  1.4405E+05 -1.2152E+05
0005499   6.4759E+07 -4.0679E+05  1.0682E+06
0005500   6.5829E+07 -3.8598E+04  1.8691E+06
0005501   6.3306E+07  1.9346E+06  3.3873E+05
0005502   6.2810E+07 -1.3984E+06  5.5337E+05
0005503   6.1977E+07  7.8682E+05 -1.4306E+06
0005504   6.3025E+07  9.7533E+04 -2.4283E+04
0005505   6.4900E+07  4.9493E+05 -4.4729E+05
0005506   6.3939E+07  4.5835E+05 -3.3398E+05
0005507   6.4167E+07  1.6622E+05  5.3608E+05
0005508   6.4734E+07 -9.7709E+05 -7.7105E+05
0005509   6.4491E+07 -4.7224E+03 -1.1590E+06
0005510   6.3089E+07  5.6047E+05  1.0994E+06
0005511   6.4161E+07 -3.0138E+04 -1.1085E+06
0005512   6.2938E+07  3.0313E+06  1.5161E+06
0005513   6.2825E+07 -9.1901E+05 -1.3046E+06
0005514   6.4741E+07  4.7646E+05 -1.5967E+06
0005515   6.5587E+07 -9.4114E+05 -1.3445E+06
0005516   6.6056E+07  2.4362E+06 -2.7684E+05
0005517   6.4861E+07  1.7866E+06 -1.3438E+06
0005518   6.3507E+07  3.7364E+06 -1.0135E+06
0005519   6.5238E+07  1.8555E+06  5.8598E+05
0005520   6.3405E+07  5.1798E+05  1.8228E+06
0005521   6.2636E+07 -4.8251E+06 -2.1287E+06
0005522   6.7209E+07  2.8109E+05 -2.5010E+06
0005523   6.4156E+07 -1.3051E+06  3.2987E+05
0005524   6.3653E+07  2.0642E+06 -9.8954E+05
0005525   6.3567E+07  1.3528E+06 -7.4622E+05
0005526   6.5776E+07 -5.6137E+05 -1.1182E+06
0005527   6.4744E+07 -1.4742E+06 -1.7502E+06
0005528   6.3913E+07 -1.8929E+05 -3.3955E+05
0005529   6.5837E+07 -3.4515E+04 -3.6705E+05
0005530   6.3694E+07 -1.2850E+06  2.8486E+06
0005531   6.3132E+07 -4.1959E+05  1.6888E+06
0005532   6.5128E+07 -1.1052E+06 -1.8461E+06
0005533   6.3816E+07 -4.2262E+05 -1.4438E+06
0005534   6.4168E+07  4.7289E+05  4.6754E+05
0005535   6.4746E+07 -1.0978E+06  4.7839E+05
0005536   6.7288E+07 -1.9665E+06  4.2132E+05
0005537   6.3154E+07  4.8452E+05  2.6914E+05
0005538   6.4730E+07  1.4266E+06  7.3265E+05
0005539   6.3884E+07  1.6423E+06  1.7226E+06
0005540   6.4144E+07  1.4018E+06 -1.1261E+06
0005541   6.3078E+07  1.3652E+06 -6.3969E+05
0005542   6.3678E+07 -1.4724E+06  3.5339E+06
0005543   6.4802E+07 -1.7440E+05 -1.3553E+06
0005544   6.5139E+07  1.1131E+06  6.8271E+05
0005545   6.4370E+07 -1.8095E+05  6.1425E+04
0005546   6.2320E+07  2.9437E+06  2.3726E+06
0005547   6.4326E+07  3.8957E+05 -5.7583E+05
0005548   6.4924E+07  2.3657E+04 -7.7778E+05
0005549   6.4145E+07 -1.5522E+06 -1.4650E+05
0005550   6.4808E+07  1.4127E+06 -3.3359E+06
0005551   6.2514E+07 -3.1726E+06 -7.5337E+05
0005552   6.5180E+07 -5.0760E+05 -1.6222E+06
0005553   6.3907E+07  1.5684E+06 -2.4884E+06
0005554   6.6059E+07 -6.0780E+05  1.9537E+05
0005555   6.5081E+07  1.8823E+06  1.5693E+06
0005556   6.6155E+07  3.9515E+05  6.5333E+05
0005557   6.4083E+07  1.8423E+06  6.3662E+05
0005558   6.4801E+07  2.0937E+06  1.3374E+05
0005559   6.4317E+07 -1.2756E+05  1.6644E+06
0005560   6.4092E+07  1.8710E+06  2.7639E+06
0005561   6.4780E+07  1.1618E+05  2.4330E+06
0005562   6.6105E+07 -2.2161E+06  8.3071E+05
0005563   6.4544E+07 -1.6911E+06  2.9700E+06
0005564   6.5573E+07  2.7717E+05 -1.9448E+05
0005565   6.7331E+07  2.2585E+05 -9.8794E+04
0005566   6.3765E+07  6.2727E+05 -1.3630E+06
0005567   6.2549E+07  7.8509E+05  2.5314E+06
0005568   6.3389E+07  5.3466E+06  1.7536E+06
0005569   6.3522E+07 -3.7086E+05 -4.5836E+05
0005570   6.3230E+07 -6.1973E+05 -1.0013E+06
0005571   6.3712E+07 -1.2643E+06  1.0665E+06
0005572   6.4962E+07  2.9258E+05  3.6340E+05
0005573   6.2943E+07 -1.7283E+06  7.0522E+05
0005574   6.2668E+07 -1.0325E+04 -1.9971E+05
0005575   6.4510E+07 -2.1535E+06  1.6059E+05
0005576   6.4840E+07 -1.1879E+06 -1.0369E+06
0005577   6.4508E+07 -1.4644E+06 -1.7586E+05
0005578   6.4751E+07  1.3627E+06  3.1168E+04
0005579   6.5212E+07 -6.1518E+05  2.0442E+06
0005580   6.3521E+07 -3.3623E+04 -1.4136E+06
0005581   6.2269E+07 -1.1677E+05  2.2291E+04
0005582   6.3073E+07  5.5865E+05 -1.2082E+06
0005583   6.5002E+07 -9.4479E+05  8.2543E+05
0005584   6.3087E+07 -5.2547E+05  7.3417E+05
0005585   6.3111E+07 -2.8253E+05  4.5699E+05
0005586   6.4351E+07 -1.3787E+06 -1.1224E+06
0005587   6.5225E+07  4.7182E+05 -5.9308E+04
0005588   6.2499E+07  2.2402E+06  1.0861E+06
0005589   6.4920E+07 -1.0837E+06 -6.3994E+05
0005590   6.6647E+07 -1.2563E+06  2.4543E+05
0005591   6.6234E+07 -2.0327E+06  1.3770E+06
0005592   6.4037E+07  3.0841E+06  3.5414E+05
0005593   6.3137E+07  7.0997E+05 -6.2610E+05
0005594   6.5560E+07  3.7894E+05 -4.2358E+06
0005595   6.6931E+07 -2.2102E+06 -8.5539E+05
0005596   6.4195E+07 -2.5634E+06  6.3414E+05
0005597   6.5732E+07  7.5265E+05  9.9175E+04
0005598   6.6128E+07 -2.7371E+06  3.3688E+05
0005599   6.3418E+07  1.6224E+06  1.8881E+05
0005600   6.4666E+07  7.0281E+04  1.2854E+06
0005601   6.5639E+07 -4.4094E+05  5.4477E+05
0005602   6.2721E+07 -7.9501E+05 -9.1797E+03
0005603   6.3945E+07  9.0826E+06 -1.2443E+06
0005604   6.4699E+07 -3.0643E+05  1.5148E+06
0005605   6.5430E+07  6.7549E+04  8.4143E+05
0005606   6.4762E+07 -1.1070E+06 -1.5106E+06
0005607   6.4959E+07 -2.7119E+06  8.3666E+05
0005608   6.2016E+07  1.2541E+06 -2.9976E+06
0005609   6.3570E+07 -2.4958E+05  1.8775E+06
0005610   6.4121E+07 -3.0748E+04 -5.7842E+05
0005611   6.3266E+07 -1.8780E+06 -1.7747E+05
0005612   6.4790E+07  3.3504E+05  2.3757E+06
0005613   6.4481E+07  7.9871E+04  4.2686E+05
0005614   6.4018E+07  1.7508E+06 -4.0256E+04
0005615   6.2267E+07  3.6092E+05  1.3519E+06
0005616   6.2246E+07  1.9139E+06 -7.7127E+05
0005617   6.6692E+07 -1.1967E+06  2.1610E+06
0005618   6.5020E+07  3.9636E+05 -7.0817E+05
0005619   6.4751E+07  1.6241E+06  2.2626E+05
0005620   6.4627E+07  1.4804E+06  1.0210E+06
0005621   6.4122E+07 -6.5649E+05 -9.0336E+04
0005622   6.2837E+07 -5.1303E+05  2.2298E+05
0005623   6.3638E+07  1.3179E+06 -1.5254E+06
0005624   6.3805E+07 -1.2454E+06  7.2021E+05
0005625   6.5193E+07  2.5314E+05 -2.5348E+05
0005626   6.3230E+07 -1.4742E+06  2.2593E+06
0005627   6.5994E+07  1.5357E+06 -1.1255E+06
0005628   6.3201E+07 -1.2927E+06 -7.0416E+05
0005629   6.4152E+07 -1.2153E+06 -2.3658E+06
0005630   6.2861E+07  1.6810E+06 -1.1758E+06
0005631   6.3021E+07 -2.4430E+06  2.3320E+06
0005632   6.3213E+07 -1.5513E+06 -3.8030E+05
0005633   6.4963E+07 -4.2502E+05 -3.1463E+04
0005634   6.5364E+07 -1.9997E+06 -1.4381E+06
0005635   6.5188E+07 -4.6297E+05 -5.7652E+05
0005636   6.4103E+07 -1.7796E+06 -3.0785E+06
0005637   6.4240E+07 -1.1178E+06  8.4973E+05
0005638   6.4378E+07 -1.6587E+06 -2.3324E+05
0005639   6.3608E+07 -1.1908E+06  1.4128E+06
0005640   6.3926E+07 -1.5185E+06  3.5856E+05
0005641   6.0407E+07 -6.3366E+05  1.1424E+06
0005642   6.4375E+07  1.3487E+06  1.7793E+06
0005643   6.4014E+07 -5.3714E+05  1.6007E+06
0005644   6.5080E+07 -4.8783E+05 -9.3558E+05
0005645   6.4671E+07  1.4447E+05 -6.8342E+05
0005646   6.4921E+07 -6.8521E+05  2.5187E+05
0005647   6.6499E+07  2.0445E+06 -1.3403E+06
0005648   6.3196E+07  5.0250E+05  3.7652E+05
0005649   6.3467E+07 -4.1926E+05 -3.6624E+06
0005650   6.5783E+07  2.5497E+06 -1.1869E+06
0005651   6.5852E+07 -1.9772E+06  8.7116E+05
0005652   6.4006E+07  8.6582E+05  2.6764E+05
0005653   6.4849E+07 -3.0333E+06  7.7405E+04
0005654   6.5097E+07  1.0851E+06 -1.0135E+06
0005655   6.3904E+07  4.8155E+05  1.0399E+06
0005656   6.5001E+07 -1.8939E+06  1.4379E+06
0005657   6.5831E+07  1.5415E+06  1.2326E+05
0005658   6.6461E+07  2.4906E+06  9.6102E+05
0005659   6.2502E+07  5.0928E+05  4.2219E+05
0005660   6.3511E+07  7.2401E+05  1.2579E+06
0005661   6.4493E+07 -5.2232E+05  8.6158E+05
0005662   6.5478E+07 -4.1254E+05 -8.8463E+05
0005663   6.5347E+07 -2.3307E+06  1.0823E+06
0005664   6.3003E+07 -9.2097E+05 -1.8617E+06
0005665   6.4825E+07 -1.5284E+06 -8.9163E+05
0005666   6.6137E+07  6.7000E+05 -1.3159E+06
0005667   6.4740E+07 -3.2474E+05 -1.8141E+05
0005668   6.5155E+07 -1.1066E+06 -3.8161E+05
0005669   6.4027E+07  9.0359E+04 -8.1159E+05
0005670   6.4437E+07  6.6517E+05 -9.8832E+05
0005671   6.4346E+07 -1.4147E+06 -9.8514E+05
0005672   6.5588E+07  9.6482E+05  4.5441E+05
0005673   6.4223E+07  1.1302E+06  9.0477E+05
0005674   6.3671E+07  3.9341E+06 -1.9220E+06
0005675   6.1797E+07 -2.0654E+05 -2.8119E+05
0005676   6.1768E+07  1.0638E+06  8.2747E+05
0005677   6.3346E+07  5.3811E+05  2.4652E+05
0005678   6.3999E+07  8.0265E+04 -2.1588E+06
0005679   6.4730E+07  8.5867E+04  5.5054E+05
0005680   6.5238E+07  1.8846E+06 -7.1956E+05
0005681   6.3409E+07  2.3870E+06  2.2861E+06
0005682   6.1706E+07 -2.3559E+05 -9.2122E+05
0005683   6.4310E+07 -1.2064E+06 -9.8818E+04
0005684   6.4960E+07 -1.8283E+06 -5.0843E+06
0005685   6.3727E+07 -2.8451E+05 -3.3105E+04
0005686   6.4423E+07 -5.1951E+05  2.5591E+06
0005687   6.5064E+07 -1.4050E+06  5.6042E+05
0005688   6.2096E+07  1.2827E+05 -1.7602E+06
0005689   6.4466E+07  2.0878E+06  1.1298E+06
0005690   6.3998E+07  1.9161E+06 -2.2185E+06
0005691   6.3463E+07  1.2057E+06 -1.3704E+06
0005692   6.5595E+07  1.3516E+06 -6.3563E+05
0005693   6.3984E+07  1.8339E+06 -1.4029E+06
0005694   6.5554E+07  1.4677E+05  2.6312E+05
0005695   6.5243E+07 -4.0147E+05 -2.1017E+06
0005696   6.3192E+07 -9.3187E+05  4.0809E+05
0005697   6.4613E+07  2.4260E+06 -6.1547E+05
0005698   6.6125E+07  4.5836E+05 -3.2362E+05
0005699   6.5393E+07 -2.3750E+04  4.8527E+05
0005700   6.6736E+07 -1.4563E+06 -4.3411E+05
0005701   6.4375E+07 -1.3473E+06 -2.3218E+05
0005702   6.5000E+07 -5.5069E+05  5.1874E+05
0005703   6.4221E+07 -6.3975E+05  1.4141E+05
0005704   6.6380E+07 -3.1559E+06  2.2821E+05
0005705   6.3165E+07  2.3871E+05 -1.4766E+06
0005706   6.6746E+07  1.7202E+06  1.1276E+05
0005707   6.4137E+07  3.2784E+05 -2.6731E+05
0005708   6.4285E+07  1.3276E+06  8.5648E+05
0005709   6.5117E+07 -3.0440E+06 -5.1522E+04
0005710   6.4800E+07  1.4578E+06 -2.2947E+06
0005711   6.4890E+07 -1.1381E+06 -8.2845E+05
0005712   6.4309E+07  2.9708E+05  6.4413E+05
0005713   6.4502E+07 -7.0903E+05  1.9602E+06
0005714   6.5489E+07  2.3943E+06  5.1683E+05
0005715   6.3472E+07  8.8823E+05 -4.0286E+05
0005716   6.3119E+07 -1.8325E+06 -1.4291E+06
0005717   6.4276E+07  3.5843E+05  3.6613E+05
0005718   6.3362E+07  1.4276E+05 -3.1074E+05
0005719   6.4249E+07 -3.6712E+05 -6.7548E+05
0005720   6.3753E+07 -2.1219E+06  2.0154E+06
0005721   6.5439E+07 -8.3011E+05  2.7801E+05
0005722   6.3085E+07 -7.7236E+05  9.1338E+05
0005723   6.5007E+07 -3.0487E+05 -5.0218E+05
0005724   6.2762E+07 -7.7891E+05 -2.8661E+05
0005725   6.5199E+07  1.2420E+06  7.7871E+05
0005726   6.2256E+07  3.1792E+06  2.5053E+06
0005727   6.0597E+07  7.3903E+05 -9.2521E+05
0005728   6.4524E+07  2.3061E+05 -5.0194E+05
0005729   6.4221E+07  8.0214E+05  4.3078E+04
0005730   6.3558E+07 -9.1041E+04 -5.1815E+05
0005731   6.2788E+07 -2.9112E+06  3.2010E+06
0005732   6.3302E+07  8.1585E+05  4.7509E+05
0005733   6.4009E+07 -1.7186E+06  1.9794E+06
0005734   6.3657E+07 -1.0742E+06 -1.1338E+06
0005735   6.3812E+07  8.5804E+05 -1.1527E+06
0005736   6.6275E+07  1.4529E+05 -3.4073E+06
0005737   6.1662E+07  5.6237E+05  1.0263E+06
0005738   6.3623E+07  1.0514E+06 -2.3299E+06
0005739   6.3936E+07  1.3910E+06  3.1335E+06
0005740   6.3105E+07 -3.4188E+05 -1.1374E+06
0005741   6.4784E+07  4.2631E+05  5.9135E+05
0005742   6.4591E+07  2.6270E+06 -1.4843E+06
0005743   6.2620E+07  2.0509E+06 -3.4596E+06
0005744   6.4029E+07  1.9950E+06 -1.9830E+06
0005745   6.4616E+07 -5.8487E+06 -2.9269E+06
0005746   6.4425E+07 -4.6286E+05  1.1172E+06
0005747   6.3897E+07 -2.6926E+05  1.0986E+06
0005748   6.6217E+07  1.1509E+06 -2.2954E+05
0005749   6.6670E+07  1.2757E+06  2.4823E+06
0005750   6.3825E+07 -9.4982E+05  6.7486E+05
0005751   6.4040E+07  2.3997E+06 -3.8049E+05
0005752   6.4843E+07  1.8162E+06  1.4049E+06
0005753   6.5323E+07 -6.3949E+05  4.0346E+04
0005754   6.4134E+07  7.5358E+05 -1.2484E+06
0005755   6.4752E+07  1.5297E+06 -1.7739E+05
0005756   6.6258E+07  2.2906E+06  4.1916E+05
0005757   6.3775E+07 -1.1281E+06 -5.2937E+05
0005758   6.2153E+07  1.3767E+06  2.0543E+06
0005759   6.3105E+07  4.9112E+06 -2.8187E+06
0005760   6.7252E+07  1.7637E+05  1.3515E+06
0005761   6.3772E+07 -8.7247E+05  2.1530E+05
0005762   6.4021E+07 -8.0105E+05  1.0844E+06
0005763   6.4493E+07 -8.8112E+05  2.9464E+06
0005764   6.6392E+07  7.4250E+05  1.5757E+05
0005765   6.2869E+07 -1.3307E+06  5.0078E+05
0005766   6.5757E+07 -1.1186E+06  4.7285E+05
0005767   6.5661E+07 -5.6668E+05  1.6031E+06
0005768   6.2812E+07  4.8256E+04  6.3646E+05
0005769   6.3361E+07 -4.4465E+05 -1.5381E+06
0005770   6.3552E+07 -7.0581E+05 -2.0275E+06
0005771   6.2984E+07 -3.7014E+04  3.2452E+06
0005772   6.4770E+07 -1.9677E+06  3.8842E+05
0005773   6.5070E+07 -9.2982E+05  7.2248E+05
0005774   6.2386E+07 -5.6550E+05  1.0682E+05
0005775   6.5792E+07 -4.5555E+05 -1.6678E+06
0005776   6.6290E+07 -1.8381E+06  6.7644E+05
0005777   6.3040E+07  1.7348E+06  2.6356E+05
0005778   6.3592E+07 -8.0736E+05  3.5006E+05
0005779   6.5690E+07 -5.9746E+05  2.9301E+05
0005780   6.3813E+07  1.1315E+06 -6.1843E+05
0005781   6.4218E+07  5.0596E+05 -2.5157E+06
0005782   6.3542E+07 -1.8810E+06  2.5314E+06
0005783   6.4768E+07  1.4203E+06 -1.3520E+06
0005784   6.5254E+07 -3.1218E+05  5.9049E+05
0005785   6.5203E+07 -1.1739E+06  1.2187E+06
0005786   6.4789E+07  1.0416E+06  2.8373E+06
0005787   6.3485E+07 -5.3507E+04 -1.8309E+06
0005788   6.3234E+07 -1.0390E+06  4.1767E+05
0005789   6.3632E+07 -2.3494E+05  1.1335E+06
0005790   6.3469E+07  1.6074E+06 -1.4450E+05
0005791   6.2996E+07 -3.2709E+05  1.8828E+06
0005792   6.6586E+07 -3.4023E+06 -5.8924E+05
0005793   6.4635E+07 -5.4210E+05 -6.9586E+05
0005794   6.3283E+07  3.0667E+06 -1.0227E+06
0005795   6.4054E+07 -7.0732E+05  9.8587E+05
0005796   6.2176E+07  7.0324E+05 -5.7696E+06
0005797   6.5814E+07  9.0660E+05  6.4093E+05
0005798   6.3313E+07  2.6138E+05  2.8439E+05
0005799   6.5198E+07  6.4106E+05  1.6218E+06
0005800   6.5348E+07  5.7819E+05 -1.5745E+06
0005801   6.4507E+07 -6.4943E+04 -1.0862E+06
0005802   6.3627E+07  1.7910E+06 -1.1426E+06
0005803   6.2632E+07 -1.7275E+06  1.0104E+06
0005804   6.3805E+07 -1.9252E+06 -1.1701E+06
0005805   6.2813E+07 -1.9494E+06 -4.1628E+05
0005806   6.3658E+07 -3.3875E+06  1.9620E+06
0005807   6.4781E+07  5.6458E+05  3.6839E+05
0005808   6.4826E+07  1.0348E+06 -3.3953E+06
0005809   6.3556E+07 -2.6922E+06 -1.8648E+06
0005810   6.4971E+07  1.0522E+06 -5.4578E+05
0005811   6.4018E+07  1.6616E+06  2.8114E+05
0005812   6.4362E+07 -2.8562E+06  1.4296E+06
0005813   6.4244E+07 -1.2668E+06 -1.3712E+05
0005814   6.3605E+07 -5.3249E+05  8.0532E+04
0005815   6.5931E+07  2.2992E+06 -7.2459E+05
0005816   6.4180E+07  2.0174E+06 -1.4258E+06
0005817   5.8292E+07  2.2869E+06  5.3719E+06
0005818   6.3790E+07 -2.6868E+05  2.1736E+06
0005819   6.5719E+07  3.3364E+04 -1.2084E+06
0005820   6.6728E+07 -7.5354E+05  2.7816E+06
0005821   6.5436E+07  1.2941E+06  7.2962E+05
0005822   6.2423E+07  5.2533E+05 -9.6146E+05
0005823   6.6243E+07 -6.2318E+05  9.7932E+05
0005824   6.5845E+07 -2.9442E+05 -6.9939E+05
0005825   6.5422E+07  1.5789E+06 -2.3613E+05
0005826   6.5494E+07  9.8521E+05  1.2997E+06
0005827   6.3756E+07  1.1994E+06  1.0285E+06
0005828   6.4298E+07  3.5191E+06  2.4344E+05
0005829   6.4817E+07  7.2879E+05 -6.2270E+05
0005830   6.5930E+07  4.4835E+05 -1.5611E+06
0005831   6.3662E+07  8.3925E+04  1.8363E+05
0005832   6.2623E+07 -5.8945E+06  4.7671E+05
0005833   6.4076E+07  4.2657E+05  1.6986E+06
0005834   6.4862E+07  7.7775E+05 -7.0715E+05
0005835   6.5204E+07 -1.2119E+05  1.7469E+05
0005836   6.2007E+07 -6.7600E+05 -8.5136E+05
0005837   6.4527E+07  2.2933E+05 -3.8621E+04
0005838   6.2748E+07 -1.9008E+06  1.3062E+06
0005839   6.2895E+07  9.9936E+05 -5.7893E+05
0005840   6.3687E+07  1.5383E+06 -1.9194E+06
0005841   6.3815E+07  3.6634E+06  2.0261E+06
0005842   6.4436E+07 -7.7610E+05  1.5702E+06
0005843   6.3619E+07  2.0009E+06 -1.5590E+06
0005844   6.4713E+07  4.4833E+05  1.8288E+06
0005845   6.4960E+07  8.0593E+05 -2.1780E+06
0005846   6.6809E+07  1.2434E+06 -1.3598E+06
0005847   6.4285E+07  2.3917E+05  3.7883E+05
0005848   6.5173E+07  1.6397E+05 -5.9308E+05
0005849   6.7219E+07  1.3661E+06 -8.6175E+04
0005850   6.4620E+07 -2.5342E+05 -1.5940E+06
0005851   6.3739E+07 -7.3637E+05 -4.1124E+05
0005852   6.5485E+07 -1.0334E+06 -1.2804E+06
0005853   6.4227E+07 -1.7423E+05  2.2042E+05
0005854   6.4529E+07  1.7412E+06  2.9496E+05
0005855   6.7807E+07 -2.4050E+04 -1.5502E+06
0005856   6.1795E+07  1.0118E+05  4.7485E+05
0005857   6.2610E+07  2.0169E+06 -1.4322E+05
0005858   6.6544E+07 -9.6588E+05  3.4508E+05
0005859   6.2429E+07 -3.3679E+06 -5.3232E+05
0005860   6.4643E+07 -3.6913E+06  2.8685E+06
0005861   6.3728E+07  1.0059E+06 -1.3230E+06
0005862   6.3681E+07 -4.6106E+05 -9.1156E+04
0005863   6.2629E+07 -1.8201E+06  2.4882E+06
0005864   6.3528E+07 -1.4218E+05 -1.3550E+06
0005865   6.3367E+07  3.0995E+05  1.7823E+06
0005866   6.3898E+07 -1.3411E+06 -5.6608E+05
0005867   6.3900E+07 -2.8833E+06 -6.7381E+05
0005868   6.6945E+07  6.6390E+05  5.1690E+05
0005869   6.5049E+07 -9.7615E+05  3.1550E+05
0005870   6.4825E+07  4.1404E+06 -2.7197E+06
0005871   6.3815E+07 -5.3398E+05 -2.1228E+06
0005872   6.4900E+07  5.4938E+05  4.9940E+05
0005873   6.6239E+07 -3.0890E+06  2.0319E+06
0005874   6.4479E+07 -9.7144E+05  1.2346E+06
0005875   6.6147E+07  1.3795E+06  1.3948E+06
0005876   6.4979E+07  1.9325E+06  1.1138E+06
0005877   6.5940E+07 -4.0760E+05  1.1688E+05
0005878   6.5101E+07  9.1100E+05  3.8850E+05
0005879   6.5118E+07 -2.3581E+06  1.5071E+06
0005880   6.3771E+07  1.9054E+05 -5.6980E+05
0005881   6.5916E+07 -7.7350E+05  5.7275E+05
0005882   6.5354E+07  3.0229E+06  9.5860E+05
0005883   6.5057E+07 -8.6703E+05 -1.3257E+06
0005884   6.4125E+07 -1.8382E+06  6.1894E+05
0005885   6.4599E+07  1.1995E+06  4.2818E+05
0005886   6.5169E+07 -7.1096E+05 -2.7085E+06
0005887   6.4939E+07 -1.6775E+06 -7.1395E+05
0005888   6.2264E+07  1.1541E+07  2.9745E+06
0005889   6.5314E+07 -1.2332E+06  6.8627E+05
0005890   6.3905E+07 -1.8977E+06 -2.2007E+06
0005891   6.3698E+07  7.9397E+05 -8.1141E+04
0005892   6.2630E+07 -2.1322E+06  1.9483E+05
0005893   6.3594E+07 -1.5826E+05 -9.4708E+05
0005894   6.4234E+07 -9.0116E+05  2.7042E+05
0005895   6.2370E+07 -1.9823E+06  1.0903E+06
0005896   6.4354E+07 -2.3563E+06 -9.9349E+05
0005897   6.4958E+07  3.7059E+06 -6.9999E+05
0005898   6.5576E+07  1.1021E+06  8.1342E+03
0005899   6.4520E+07 -2.4549E+06  2.3561E+05
0005900   6.4481E+07  5.5938E+05 -1.6925E+06
0005901   6.6306E+07 -1.7802E+06  6.4905E+05
0005902   6.4969E+07  1.9802E+05 -1.1108E+06
0005903   6.7207E+07  2.0117E+06  5.4587E+04
0005904   6.2748E+07 -1.6743E+06  2.3614E+05
0005905   6.4698E+07 -2.4888E+06  2.3953E+06
0005906   6.6094E+07 -1.9555E+06 -1.1315E+06
0005907   6.4433E+07 -1.1657E+06 -1.1979E+06
0005908   6.3574E+07 -5.6723E+04  2.1083E+05
0005909   6.7215E+07 -1.1842E+06  2.0544E+06
0005910   6.3748E+07  4.7361E+05  2.6272E+05
0005911   6.2797E+07 -1.0506E+05  1.8072E+06
0005912   6.3847E+07 -1.7376E+06  2.5619E+06
0005913   6.2875E+07  2.0405E+06 -2.0938E+06
0005914   6.3678E+07 -2.9742E+06 -2.6214E+06
0005915   6.3602E+07  1.0094E+06 -1.4509E+06
0005916   6.5949E+07 -9.5591E+05  8.6006E+05
0005917   6.4502E+07 -2.0443E+06  4.6920E+05
0005918   6.3321E+07 -3.0960E+06 -1.3792E+06
0005919   6.3211E+07 -6.2397E+05  1.4684E+06
0005920   6.4123E+07 -2.6451E+06 -1.4117E+06
0005921   6.3397E+07  5.2925E+05  1.4153E+06
0005922   6.2245E+07  1.4517E+05  5.8444E+05
0005923   6.4753E+07 -1.3673E+06  1.6135E+06
0005924   6.4766E+07  1.3837E+06 -6.1835E+05
0005925   6.4762E+07 -8.5714E+05  1.7275E+05
0005926   6.4597E+07  3.7870E+05  1.9434E+06
0005927   6.3897E+07  1.2732E+06 -2.3277E+05
0005928   6.3802E+07 -8.4163E+04  1.9329E+06
0005929   6.5084E+07  1.7418E+05  1.3270E+06
0005930   6.5625E+07 -2.2536E+06 -6.4003E+04
0005931   6.2816E+07  1.3375E+06 -2.0537E+06
0005932   6.5488E+07 -1.2558E+06  6.4159E+05
0005933   6.4572E+07  2.2191E+06 -1.2136E+06
0005934   6.1440E+07 -5.8121E+06 -2.9076E+06
0005935   6.3332E+07 -1.9770E+06  6.6586E+05
0005936   6.3618E+07  1.4577E+06 -1.5362E+06
0005937   6.6615E+07  2.9821E+05 -4.6688E+05
0005938   6.5835E+07  6.0250E+06 -2.6265E+06
0005939   6.2424E+07 -8.1190E+04 -9.6525E+05
0005940   6.5843E+07 -9.2824E+05 -2.1873E+06
0005941   6.5020E+07  1.2983E+06  4.5456E+04
0005942   6.4016E+07  2.9367E+04 -8.6348E+05
0005943   6.4450E+07 -2.1451E+06  3.5706E+05
0005944   6.4757E+07  7.6867E+05 -2.8084E+06
0005945   6.4975E+07 -9.0970E+05  3.1868E+06
0005946   6.7521E+07 -1.7095E+06  5.9104E+05
0005947   6.4185E+07 -4.4689E+05  2.4890E+05
0005948   6.4677E+07 -1.9331E+06  5.0502E+05
0005949   6.3595E+07  1.3108E+06 -2.1183E+06
0005950   6.3218E+07 -5.2020E+05 -2.1241E+06
0005951   6.4385E+07  1.1025E+06  4.6733E+05
0005952   6.4263E+07  1.6534E+06 -1.1588E+06
0005953   6.7320E+07  4.1592E+05  2.0492E+06
0005954   6.5660E+07 -4.5442E+05  2.7406E+05
0005955   6.4740E+07 -1.5490E+06  2.4471E+06
0005956   6.4256E+07  8.4999E+05 -1.4038E+06
0005957   6.5705E+07  1.1118E+06 -1.6792E+05
0005958   6.6405E+07  1.2674E+06 -1.1814E+06
0005959   6.4397E+07 -6.6625E+05  3.5350E+06
0005960   6.3454E+07  8.6519E+05  1.5566E+06
0005961   6.3782E+07 -9.3156E+05  4.4164E+05
0005962   6.3583E+07  3.7162E+06  1.3551E+06
0005963   6.4799E+07 -9.1162E+05 -8.7862E+05
0005964   6.2314E+07 -1.9518E+06  4.9861E+04
0005965   6.5160E+07 -8.1147E+05  1.1789E+06
0005966   6.5807E+07 -1.2583E+06 -5.1156E+05
0005967   6.3918E+07  6.5522E+05  8.2998E+05
0005968   6.3239E+07 -2.6076E+06 -4.5009E+04
0005969   6.5806E+07 -1.9530E+05 -1.1760E+06
0005970   6.4590E+07 -6.1577E+04  3.5309E+06
0005971   6.4712E+07  1.1851E+05  1.2961E+06
0005972   6.4441E+07 -5.9431E+05  1.4322E+06
0005973   6.5571E+07 -1.5134E+06  1.6533E+06
0005974   6.3731E+07 -3.2857E+05 -1.3583E+06
0005975   6.6286E+07 -1.5584E+05 -4.1355E+06
0005976   6.2410E+07 -1.3664E+06 -4.1397E+06
0005977   6.3346E+07 -2.2747E+06 -8.4777E+05
0005978   6.4591E+07  5.2108E+05  1.7985E+06
0005979   6.2758E+07 -1.1351E+06 -2.6551E+05
0005980   6.4596E+07  1.0120E+06 -7.3390E+05
0005981   6.3744E+07 -1.9577E+06 -2.8232E+05
0005982   6.3090E+07  3.6959E+05 -1.5983E+06
0005983   6.5141E+07 -1.3014E+06  1.8071E+06
0005984   6.3034E+07 -2.3067E+06  2.7152E+06
0005985   6.5118E+07  2.3977E+05  6.8869E+05
0005986   6.3818E+07 -7.4422E+05  5.2682E+04
0005987   6.4566E+07  2.3919E+06 -2.9028E+06
0005988   6.5066E+07 -3.8239E+05 -3.0532E+06
0005989   6.6073E+07  2.7174E+05 -2.7677E+05
0005990   6.3209E+07 -2.0905E+06  2.4534E+06
0005991   6.7856E+07 -1.3173E+06  1.6301E+05
0005992   6.5368E+07  2.1079E+06 -1.1389E+06
0005993   6.2479E+07 -9.9513E+05 -1.7294E+04
0005994   6.5239E+07  5.6609E+05  1.8758E+06
0005995   6.6651E+07  1.0697E+05  9.1973E+04
0005996   6.4443E+07 -1.8156E+06  6.2868E+05
0005997   6.3764E+07  1.3276E+06  6.3336E+05
0005998   6.4758E+07 -2.5056E+06 -7.8007E+05
0005999   6.4306E+07 -8.8174E+05 -8.2585E+05
0006000   6.5370E+07 -1.5340E+06 -1.0666E+06
0006001   6.8368E+07 -8.0355E+05  5.1629E+05
0006002   6.6733E+07  9.0014E+05 -1.6351E+06
0006003   6.5040E+07 -2.7726E+06 -2.6991E+06
0006004   6.4584E+07  4.6402E+05  5.3247E+05
0006005   6.3712E+07  1.5180E+06  7.8544E+05
0006006   6.3937E+07  5.8345E+05  6.7605E+04
0006007   6.7363E+07  3.8502E+04  3.3052E+06
0006008   6.2277E+07 -1.4274E+06 -1.1959E+06
0006009   6.5464E+07  6.6772E+05 -4.7468E+04
0006010   6.4234E+07 -3.2833E+05  7.3785E+05
0006011   6.6286E+07  1.2989E+06  1.0251E+06
0006012   6.4061E+07 -3.9017E+05 -1.2801E+06
0006013   6.5199E+07  1.7373E+06  2.1520E+05
0006014   6.4335E+07  1.9498E+05 -4.4024E+05
0006015   6.2383E+07 -3.8554E+06  2.1140E+06
0006016   6.2563E+07  1.8299E+06 -6.8863E+04
0006017   6.6484E+07 -5.0605E+05  1.8370E+05
0006018   6.6410E+07 -1.7719E+06  1.0297E+06
0006019   6.4870E+07 -3.0611E+06 -1.2777E+06
0006020   6.4195E+07  1.6602E+06 -8.5094E+05
0006021   6.4164E+07 -1.5659E+06 -1.5026E+06
0006022   6.5346E+07  1.8968E+06 -4.7587E+05
0006023   6.3976E+07 -5.0769E+05  2.1005E+06
0006024   6.5372E+07 -6.7637E+05  4.4408E+05
0006025   6.4465E+07 -3.4671E+05  3.7249E+05
0006026   6.5423E+07 -1.0767E+06 -8.1558E+04
0006027   6.3776E+07  5.8783E+04  2.2486E+06
0006028   6.4899E+07  1.0388E+06 -2.4620E+06
0006029   6.3055E+07 -1.5876E+06  2.9584E+05
0006030   6.3437E+07  1.2710E+06 -1.7827E+05
0006031   6.4014E+07 -9.3633E+05 -8.0267E+05
0006032   6.3601E+07  2.5062E+06 -2.0750E+06
0006033   6.1828E+07  2.1607E+06 -1.4158E+06
0006034   6.5514E+07  1.3226E+06 -9.3913E+04
0006035   6.5729E+07 -1.2906E+06 -1.4135E+06
0006036   6.5352E+07 -1.3328E+06 -2.0066E+05
0006037   6.3368E+07 -1.1409E+06 -6.5188E+05
0006038   6.4466E+07  7.9857E+05 -7.3385E+05
0006039   6.2212E+07 -4.0412E+05  3.1124E+05
0006040   6.4361E+07  1.0253E+04 -8.1053E+05
0006041   6.4197E+07 -1.3702E+06 -2.6448E+06
0006042   6.3625E+07 -7.3596E+04 -1.7907E+06
0006043   6.5930E+07 -2.0315E+06 -1.6193E+06
0006044   6.2821E+07  2.1859E+05  1.0544E+06
0006045   6.4854E+07 -2.7236E+06  1.9126E+06
0006046   6.3416E+07  1.2607E+06  1.3037E+06
0006047   6.3472E+07 -7.1955E+05  9.3799E+05
0006048   6.4213E+07 -1.4673E+05  1.2842E+06
0006049   6.2327E+07  2.2409E+06  4.6444E+05
0006050   6.5236E+07  1.1815E+06  5.7771E+04
0006051   6.4462E+07 -2.3208E+05  2.4789E+06
0006052   6.5517E+07  5.3154E+05  1.1744E+06
0006053   6.6255E+07 -2.8611E+05 -3.0906E+06
0006054   6.2594E+07  1.0088E+06  3.4231E+06
0006055   6.5680E+07 -2.5361E+06 -1.5949E+06
0006056   6.4995E+07  2.8908E+05  2.3297E+06
0006057   6.3267E+07 -2.1701E+05  4.2272E+05
0006058   6.5205E+07 -1.3973E+06  1.0546E+06
0006059   6.5913E+07  1.2052E+06  1.6506E+05
0006060   6.5698E+07 -3.6579E+04  3.7928E+05
0006061   6.3404E+07  2.7220E+05  1.5019E+06
0006062   6.3847E+07 -2.2966E+06  1.8765E+06
0006063   6.4021E+07  5.5093E+05  7.0029E+05
0006064   6.3741E+07  1.3360E+05  1.2459E+05
0006065   6.3689E+07 -1.4940E+06  2.7879E+05
0006066   6.3549E+07 -2.0912E+06 -2.8446E+04
0006067   6.6518E+07 -6.0499E+05 -1.5185E+06
0006068   6.6177E+07  6.1971E+05  2.6216E+06
0006069   6.5705E+07 -9.7878E+05  1.3502E+05
0006070   6.4891E+07 -1.4285E+06 -2.2009E+05
0006071   6.5733E+07  1.1624E+05  2.6377E+06
0006072   6.2808E+07 -1.0248E+06  1.9287E+05
0006073   6.4739E+07  2.0167E+05 -1.1757E+06
0006074   6.4595E+07 -1.6170E+06  1.2299E+06
0006075   6.3946E+07 -1.5650E+05  1.8845E+06
0006076   6.6535E+07  1.2151E+06 -5.4063E+05
0006077   6.5979E+07  3.0539E+06  4.0192E+05
0006078   6.3382E+07  5.9893E+05 -2.6253E+05
0006079   6.4068E+07  4.4825E+05  9.2169E+05
0006080   6.3830E+07  8.7640E+05  4.7710E+05
0006081   6.2825E+07 -1.0801E+06 -1.8808E+06
0006082   6.6337E+07  1.4391E+05  9.6422E+05
0006083   6.4318E+07 -4.6343E+05  1.0093E+06
0006084   6.4086E+07  1.8225E+06 -5.7911E+05
0006085   6.1977E+07 -1.6107E+06 -1.1906E+06
0006086   6.4213E+07  1.5594E+06 -7.4684E+05
0006087   6.5432E+07 -5.3337E+05 -1.0940E+05
0006088   6.4559E+07  9.8550E+05  1.3687E+06
0006089   6.5889E+07 -5.1145E+05 -2.6908E+04
0006090   6.5396E+07 -8.5110E+05 -1.1110E+06
0006091   6.3590E+07 -4.6199E+05  2.0704E+06
0006092   6.2482E+07  2.6135E+06  8.8300E+05
0006093   6.4286E+07 -3.5453E+05  2.5115E+06
0006094   6.3102E+07 -3.1352E+06  6.6426E+05
0006095   6.5835E+07 -1.3360E+06 -9.4890E+05
0006096   6.4725E+07 -3.9441E+05 -8.6326E+05
0006097   6.4746E+07  6.7961E+05  2.0154E+05
0006098   6.3498E+07 -9.0170E+05 -6.0137E+04
0006099   6.5283E+07  2.2684E+06 -1.1993E+06
0006100   6.4784E+07 -1.1759E+06 -1.7657E+06
0006101   6.5098E+07 -1.1851E+06  8.8131E+05
0006102   6.3228E+07  1.7964E+06 -1.8764E+06
0006103   6.3629E+07  1.5448E+06  8.2211E+05
0006104   6.4500E+07 -1.3597E+06  4.0093E+05
0006105   6.3644E+07  2.8869E+06 -1.5883E+06
0006106   6.4582E+07  7.0882E+05  2.2274E+05
0006107   6.4868E+07 -3.5089E+06 -2.3339E+06
0006108   6.4705E+07  2.3700E+06 -1.4486E+05
0006109   6.3434E+07  1.4268E+06  8.5875E+05
0006110   6.4048E+07 -4.3413E+05  1.6252E+06
0006111   6.5860E+07  3.5584E+05 -1.2483E+06
0006112   6.4242E+07 -2.1025E+06  2.5835E+06
0006113   6.2834E+07  3.7647E+05 -7.5605E+04
0006114   6.2875E+07  2.0597E+06  1.0391E+06
0006115   6.6359E+07  1.3885E+04 -1.4122E+06
0006116   6.4800E+07 -3.4784E+06 -3.2972E+06
0006117   6.5121E+07 -1.2698E+06 -1.5186E+06
0006118   6.4306E+07 -3.5683E+05 -3.2393E+05
0006119   6.5135E+07  1.2475E+05  1.5324E+05
0006120   6.3196E+07 -7.2177E+05 -1.4891E+06
0006121   6.4608E+07  2.7945E+06 -1.3088E+06
0006122   6.2993E+07  1.3057E+06 -2.9519E+06
0006123   6.5639E+07  8.0529E+05 -3.6470E+06
0006124   6.6215E+07 -2.9535E+05  2.7481E+06
0006125   6.4973E+07 -8.2860E+05  1.9545E+06
0006126   6.6673E+07 -1.0285E+06 -1.7273E+06
0006127   6.5897E+07 -3.3210E+05 -1.9340E+06
0006128   6.4269E+07  3.3028E+05  2.6525E+06
0006129   6.5356E+07  4.9465E+05 -3.5152E+06
0006130   6.4406E+07 -1.3905E+06 -2.7866E+06
0006131   6.3775E+07 -2.4972E+05 -3.0681E+05
0006132   6.4061E+07 -5.8951E+05 -4.3958E+05
0006133   6.4204E+07  1.7898E+04  1.1990E+06
0006134   6.3623E+07  8.7175E+05 -1.9881E+06
0006135   6.3882E+07  7.0176E+05 -1.2010E+06
0006136   6.5815E+07  1.5421E+06 -2.9358E+06
0006137   6.5108E+07  1.4071E+06  5.0670E+05
0006138   6.4521E+07 -4.0154E+05  1.7694E+06
0006139   6.4885E+07 -4.9084E+05 -9.5823E+05
0006140   6.2431E+07  1.0001E+06 -1.0820E+06
0006141   6.4216E+07  1.2819E+06  3.6727E+05
0006142   6.4972E+07 -5.8594E+05  3.1398E+05
0006143   6.4075E+07  1.0213E+06 -1.8398E+06
0006144   6.4703E+07  5.0796E+05 -5.0073E+06
0006145   6.3651E+07  1.1229E+06 -1.2028E+05
0006146   6.4054E+07  2.1428E+06 -4.9194E+05
0006147   6.5519E+07 -3.4359E+06 -8.9858E+06
0006148   6.5010E+07 -2.0900E+06  7.0845E+05
0006149   6.4177E+07 -3.4457E+06  1.1893E+06
0006150   6.3482E+07  1.1023E+05  4.7624E+05
0006151   6.5895E+07 -4.7871E+05  1.9389E+06
0006152   6.4261E+07  5.7803E+05  1.3183E+06
0006153   6.4466E+07 -3.1070E+06 -4.0170E+06
0006154   6.3657E+07 -1.2067E+06  3.4035E+05
0006155   6.4448E+07  1.2805E+06  1.7625E+06
0006156   6.6483E+07 -7.8289E+05  9.9412E+05
0006157   6.5402E+07  2.5503E+05  2.8372E+06
0006158   6.4722E+07 -1.3414E+05  3.0743E+05
0006159   6.4412E+07  1.7450E+06 -4.5805E+05
0006160   6.2918E+07  1.3962E+06 -5.2401E+05
0006161   6.2919E+07  5.8465E+05 -4.4856E+06
0006162   6.4594E+07  2.0365E+06 -1.0373E+06
0006163   6.4609E+07 -1.5556E+06  2.0948E+06
0006164   6.3698E+07 -5.9593E+05 -7.0130E+05
0006165   6.5034E+07  3.8526E+06 -1.8220E+06
0006166   6.4078E+07 -9.7162E+04  1.0097E+06
0006167   6.6784E+07  1.9433E+06 -5.1027E+05
0006168   6.3787E+07 -8.1709E+04 -5.3591E+05
0006169   6.4987E+07 -1.1482E+06 -1.8318E+05
0006170   6.3250E+07  3.5592E+05 -1.5716E+06
0006171   6.3472E+07  1.3616E+06 -4.2549E+06
0006172   6.4751E+07 -3.4533E+06 -2.4465E+06
0006173   6.4107E+07 -3.3684E+06 -5.2757E+06
0006174   6.5619E+07  3.6259E+04 -2.1958E+05
0006175   6.3350E+07 -1.6407E+06 -1.8201E+06
0006176   6.4607E+07 -4.5713E+04  1.1433E+06
0006177   6.2184E+07  8.6994E+05 -3.2046E+05
0006178   6.4576E+07 -1.1084E+06  4.5835E+05
0006179   6.3406E+07  1.3478E+06 -6.1867E+05
0006180   6.2567E+07  1.6781E+06 -2.9021E+06
0006181   6.3081E+07 -6.4799E+05 -4.9161E+05
0006182   6.3638E+07 -1.3849E+06  1.0929E+06
0006183   6.4186E+07 -1.0181E+05  1.5477E+06
0006184   6.4589E+07  4.1159E+06 -8.2986E+05
0006185   6.3312E+07 -9.1078E+05 -1.1552E+06
0006186   6.6620E+07  4.6366E+05 -1.6825E+06
0006187   6.4527E+07 -3.8293E+05  8.2540E+06
0006188   6.5830E+07  2.4513E+05  6.0739E+05
0006189   6.5543E+07 -7.7776E+05 -3.8287E+06
0006190   6.3767E+07 -1.8541E+06 -1.7553E+05
0006191   6.4854E+07  3.2754E+05  1.7512E+06
0006192   6.6363E+07  4.8702E+05 -2.9864E+05
0006193   6.5403E+07  4.9578E+05  2.1130E+06
0006194   6.4066E+07 -2.1367E+06  4.1080E+06
0006195   6.3924E+07  1.4441E+06  8.4060E+05
0006196   6.4208E+07 -5.7111E+05  5.7706E+04
0006197   6.4007E+07  1.3549E+05  2.0692E+05
0006198   6.5623E+07 -1.6774E+06  2.5313E+06
0006199   6.3823E+07  2.4201E+06  7.5117E+05
0006200   6.4799E+07  4.7364E+05  3.0184E+06
0006201   6.2062E+07  2.8176E+06 -2.2615E+06
0006202   6.3102E+07  1.4246E+06 -2.0540E+04
0006203   6.3360E+07 -5.2894E+05  2.9340E+05
0006204   6.2740E+07  1.2936E+06  2.6732E+06
0006205   6.4771E+07  1.6113E+06  1.6443E+06
0006206   6.6151E+07  6.2987E+06  4.6249E+06
0006207   6.4338E+07  3.6877E+06  1.1549E+06
0006208   6.3955E+07  7.8109E+05 -5.4401E+05
0006209   6.6630E+07 -9.9842E+05  1.5409E+05
0006210   6.3910E+07  5.8856E+05  6.2451E+05
0006211   6.5195E+07 -1.2574E+06  1.6692E+06
0006212   6.4707E+07  6.5645E+05 -1.6321E+06
0006213   6.4910E+07  1.2082E+05 -9.7556E+05
0006214   6.5887E+07 -2.2530E+06 -4.9433E+05
0006215   6.5286E+07  7.7637E+05 -1.6208E+05
0006216   6.3786E+07  1.7022E+06  1.8526E+06
0006217   6.3557E+07  1.2047E+06 -1.8893E+06
0006218   6.5159E+07 -3.4628E+05 -9.4138E+05
0006219   6.3492E+07 -1.0417E+06  7.8857E+05
0006220   6.6183E+07 -2.9994E+05 -8.2637E+05
0006221   6.3487E+07  1.7081E+06  1.1320E+05
0006222   6.4314E+07 -7.6260E+05 -4.8428E+05
0006223   6.1742E+07 -6.7750E+06 -2.2442E+06
0006224   6.2170E+07  1.7558E+06 -4.3702E+06
0006225   6.4251E+07 -4.5716E+05  3.1023E+05
0006226   6.5263E+07 -2.3548E+05  1.4251E+06
0006227   6.7575E+07  6.4180E+04 -2.2319E+06
0006228   6.5111E+07 -6.6567E+05 -1.7571E+06
0006229   6.5472E+07 -4.2987E+06  3.5556E+06
0006230   6.5803E+07  1.2639E+05 -5.8706E+05
0006231   6.4003E+07 -1.3259E+06 -3.2839E+06
0006232   6.5868E+07 -1.9663E+06 -1.8069E+06
0006233   6.1208E+07  2.1155E+06  3.5245E+06
0006234   6.3576E+07 -1.7500E+06  9.9575E+05
0006235   6.1656E+07  1.2880E+06  1.3992E+06
0006236   6.4624E+07  3.9516E+05  3.2665E+06
0006237   6.5589E+07 -5.1180E+05 -1.2430E+06
0006238   6.5981E+07 -1.3906E+06  3.6909E+06
0006239   6.4047E+07 -1.9821E+06 -1.7785E+06
0006240   6.4397E+07  9.6824E+05  6.4878E+04
0006241   6.3248E+07  9.7051E+05  1.2178E+06
0006242   6.3277E+07 -1.0322E+06  1.4910E+06
0006243   6.5103E+07 -7.3732E+05 -1.2093E+05
0006244   6.4434E+07  2.7049E+06 -3.3916E+06
0006245   6.5153E+07  8.8672E+05 -2.0484E+06
0006246   6.3632E+07 -1.1127E+06 -1.2422E+06
0006247   6.3278E+07 -1.7700E+06  2.8386E+05
0006248   6.5130E+07  2.4048E+04  4.6440E+05
0006249   6.4502E+07  8.2183E+05  2.3803E+05
0006250   6.5483E+07  1.6373E+05 -8.7899E+04
0006251   6.6153E+07 -8.8109E+05 -4.6488E+06
0006252   6.5650E+07  2.3370E+06 -5.4212E+05
0006253   6.4418E+07  9.9772E+05 -1.7760E+06
0006254   6.6717E+07  1.6081E+06 -7.3267E+05
0006255   6.4398E+07  6.6343E+05  7.7379E+05
0006256   6.5335E+07  1.2582E+06  2.5282E+06
0006257   6.4595E+07  9.1101E+04  1.1705E+06
0006258   6.3620E+07 -1.4764E+06  5.3968E+05
0006259   6.4902E+07 -2.7933E+06  2.8819E+05
0006260   6.4345E+07  1.6386E+06 -4.1175E+05
0006261   6.6096E+07 -8.2589E+05 -1.5395E+06
0006262   6.6347E+07  1.0792E+06 -4.2588E+05
0006263   6.4207E+07 -3.9141E+06  2.0043E+06
0006264   6.4935E+07 -5.5161E+05  3.0670E+06
0006265   6.3867E+07  1.4981E+06  1.2839E+06
0006266   6.5630E+07  1.0195E+06 -1.3854E+06
0006267   6.4296E+07  8.2082E+04 -2.1157E+06
0006268   6.7379E+07  1.6662E+06  6.9981E+05
0006269   6.5403E+07  1.0500E+06  4.2892E+05
0006270   6.4713E+07  2.0353E+05 -2.2124E+06
0006271   6.5129E+07  2.7246E+05 -3.3456E+05
0006272   6.2889E+07  8.5664E+05  1.0956E+06
0006273   6.4806E+07  1.3078E+06  1.9584E+05
0006274   6.3881E+07  4.7288E+05  1.0711E+06
0006275   6.3566E+07 -4.5568E+05  1.6090E+06
0006276   6.3428E+07  9.8280E+04  1.4396E+06
0006277   6.2309E+07  1.1720E+06  1.3185E+06
0006278   6.3826E+07  3.1941E+06 -2.3449E+06
0006279   6.4708E+07  7.7455E+05  2.6539E+06
0006280   6.4636E+07 -9.2774E+05 -7.0219E+05
0006281   6.3883E+07 -7.2330E+05 -3.5024E+05
0006282   6.4218E+07  1.5052E+05  1.1476E+05
0006283   6.6686E+07 -7.6102E+05  6.8229E+04
0006284   6.3545E+07  5.9514E+05  5.0522E+05
0006285   6.4336E+07 -6.6838E+05 -1.0904E+06
0006286   6.4395E+07 -3.8430E+05 -1.0564E+06
0006287   6.3888E+07  3.4642E+05 -1.1690E+06
0006288   6.4902E+07  4.0010E+06 -2.2643E+06
0006289   6.6558E+07  1.0774E+06 -1.6894E+06
0006290   6.7875E+07  1.0588E+06 -3.1992E+06
0006291   6.2928E+07 -8.5673E+04 -2.2238E+06
0006292   6.3245E+07  2.4307E+06  1.4409E+06
0006293   6.3283E+07 -2.9839E+05 -1.2629E+06
0006294   6.6477E+07  7.4096E+05 -1.5093E+06
0006295   6.3791E+07 -8.5847E+05 -2.6260E+06
0006296   6.5062E+07 -2.4313E+06 -3.2189E+05
0006297   6.4825E+07  1.3825E+06  2.1902E+06
0006298   6.4986E+07 -1.8625E+06  6.1695E+05
0006299   6.6766E+07  9.2695E+05 -5.0650E+04
0006300   6.5501E+07 -1.0627E+06  8.2227E+05
0006301   6.5206E+07  8.9745E+05 -1.7355E+06
0006302   6.5047E+07  8.9802E+05 -8.7111E+05
0006303   6.5287E+07  4.6062E+05 -2.0887E+06
0006304   6.5952E+07  1.8042E+06  1.1576E+05
0006305   6.6862E+07  7.8375E+04 -1.4933E+06
0006306   6.4693E+07  1.0471E+06  1.7327E+06
0006307   6.3537E+07 -7.9990E+05  5.3228E+05
0006308   6.5461E+07 -1.5950E+06  2.4579E+06
0006309   6.3292E+07 -2.1250E+05  3.2043E+05
0006310   6.5449E+07 -4.9096E+05  1.0802E+05
0006311   6.3318E+07 -1.8559E+06  7.7994E+05
0006312   6.5601E+07 -1.6554E+05  1.2493E+06
0006313   6.2755E+07  1.2580E+06  4.4115E+05
0006314   6.3525E+07  1.6825E+06  3.4667E+05
0006315   6.5520E+07 -1.0753E+06  2.9915E+05
0006316   6.3683E+07 -2.3122E+06  5.9651E+05
0006317   6.5148E+07 -1.0328E+06 -2.4006E+06
0006318   6.7482E+07  1.0165E+06  2.0566E+06
0006319   6.6843E+07 -1.2043E+06  4.6039E+05
0006320   6.5822E+07  8.5679E+03  1.2298E+06
0006321   6.6135E+07 -1.3647E+06  2.8982E+06
0006322   6.3495E+07 -4.4773E+05 -1.3025E+06
0006323   6.7123E+07 -2.2352E+04  8.8933E+05
0006324   6.4464E+07 -1.1870E+06 -3.5159E+04
0006325   6.3296E+07  9.6267E+05  4.2519E+04
0006326   6.4914E+07 -1.2883E+06  1.8339E+06
0006327   6.2862E+07  5.8299E+04  6.0329E+05
0006328   6.3741E+07  7.6631E+05  1.9113E+06
0006329   6.3678E+07 -6.8450E+05 -4.8193E+05
0006330   6.5311E+07  9.1214E+05 -4.3952E+05
0006331   6.5706E+07  7.0583E+05  1.6077E+06
0006332   6.5561E+07  5.4557E+04  1.4891E+06
0006333   6.4902E+07 -3.0255E+06 -1.6701E+06
0006334   6.5572E+07 -3.6661E+06 -3.8948E+06
0006335   6.4761E+07 -5.2111E+05  1.1185E+05
0006336   6.4864E+07 -2.5848E+06  1.6210E+06
0006337   5.9870E+07  1.1473E+07  5.6682E+06
0006338   6.4667E+07 -8.3355E+05  2.0425E+06
0006339   6.2907E+07 -8.4600E+04  1.3467E+06
0006340   6.4251E+07  3.7676E+06 -1.2648E+06
0006341   6.6446E+07  2.3819E+06 -6.7185E+05
0006342   6.4287E+07  1.6033E+06  1.2958E+06
0006343   6.4302E+07 -4.9968E+05 -8.8175E+05
0006344   6.4490E+07 -1.7383E+05  8.2078E+05
0006345   6.3242E+07 -3.0962E+05  2.0547E+05
0006346   6.3414E+07  8.1018E+05  9.6939E+05
0006347   6.4659E+07 -3.1161E+06  8.1445E+05
0006348   6.3611E+07 -2.7210E+06  8.0584E+04
0006349   6.4887E+07 -2.4255E+05 -3.1511E+05
0006350   6.3170E+07 -1.1661E+06  1.5999E+06
0006351   6.2657E+07  8.2817E+05 -3.3628E+05
0006352   6.5057E+07  6.5144E+06  5.4828E+05
0006353   6.5282E+07 -1.3908E+06  2.2226E+05
0006354   6.5418E+07 -4.8203E+06  1.1931E+06
0006355   6.3956E+07  8.5621E+05  4.7302E+05
0006356   6.3544E+07 -1.2693E+06  3.3761E+05
0006357   6.5127E+07 -2.3897E+05  7.7071E+05
0006358   6.4301E+07 -3.4263E+05  1.2606E+06
0006359   6.3374E+07  1.4316E+06 -3.1929E+05
0006360   6.5425E+07  3.4956E+06  1.1920E+06
0006361   6.4735E+07  1.6938E+05 -7.3701E+05
0006362   6.5022E+07  3.1262E+06  5.5211E+05
0006363   6.3185E+07 -7.2090E+04 -1.7213E+06
0006364   6.4853E+07 -1.3505E+06 -1.3810E+06
0006365   6.4412E+07  5.5255E+05  1.3732E+06
0006366   6.4195E+07 -3.1978E+06 -4.0127E+05
0006367   6.5652E+07  1.2290E+06  5.9634E+05
0006368   6.3913E+07 -1.0315E+06 -7.2277E+05
0006369   6.4946E+07  5.9071E+04  4.2092E+05
0006370   6.5098E+07  1.5700E+06  3.0173E+05
0006371   6.3926E+07  9.4402E+05  2.0029E+06
0006372   6.4421E+07 -1.7209E+05  1.0884E+06
0006373   6.4643E+07 -9.5915E+05 -4.4064E+06
0006374   6.3495E+07 -2.8498E+04  7.0673E+05
0006375   6.4156E+07  8.4285E+05 -1.4959E+06
0006376   6.5338E+07 -2.6692E+05 -1.0203E+06
0006377   6.2199E+07  3.4782E+06  2.5404E+06
0006378   6.0845E+07  1.6327E+05  4.0626E+05
0006379   6.4488E+07 -7.4516E+05  7.0636E+05
0006380   6.6016E+07 -1.2539E+05  2.2505E+06
0006381   6.3706E+07  1.0043E+06 -5.9034E+06
0006382   6.4260E+07 -1.0464E+06  1.5419E+06
0006383   6.4557E+07  1.0710E+05  1.6623E+06
0006384   6.4333E+07  2.3998E+06  3.1625E+05
0006385   6.3245E+07 -5.0378E+06 -3.4337E+05
0006386   6.5233E+07 -1.8583E+06  1.2455E+06
0006387   6.4403E+07 -2.5409E+06 -9.8092E+05
0006388   6.4635E+07 -3.3704E+06  4.9935E+04
0006389   6.6704E+07  8.3000E+05 -1.1277E+06
0006390   6.2431E+07  2.6008E+05 -1.2035E+06
0006391   6.4926E+07 -2.2144E+06  1.3053E+05
0006392   6.4424E+07 -2.0425E+05 -3.4498E+05
0006393   6.5827E+07 -1.7041E+06 -3.1953E+04
0006394   6.5771E+07 -4.2617E+05  3.8705E+05
0006395   6.5786E+07  2.5686E+05  1.3985E+06
0006396   6.3751E+07  2.9900E+05  1.5098E+06
0006397   6.2732E+07 -5.5996E+05  6.4475E+06
0006398   6.6174E+07 -1.3978E+06 -4.2530E+05
0006399   6.3982E+07 -4.0724E+06 -4.2312E+05
0006400   6.5210E+07  1.2342E+05 -1.1496E+06
0006401   6.3630E+07 -2.0806E+06  9.3631E+05
0006402   6.3712E+07 -3.3407E+05 -3.2873E+05
0006403   6.3913E+07  2.1342E+06  7.9672E+05
0006404   6.6289E+07  1.7947E+06 -7.4370E+05
0006405   6.4974E+07  5.3528E+05 -1.3259E+05
0006406   6.3130E+07 -1.2858E+06  3.1006E+05
0006407   6.4219E+07 -1.2847E+06  5.0453E+05
0006408   6.6283E+07  1.2894E+06 -1.2054E+06
0006409   6.6740E+07  1.5521E+06 -5.9564E+05
0006410   6.5831E+07 -2.4802E+05  4.8677E+05
0006411   6.3989E+07 -2.8262E+05  5.8948E+05
0006412   6.4382E+07  4.4974E+05  5.3725E+05
0006413   6.3294E+07  3.6994E+05 -1.5737E+06
0006414   6.4512E+07 -1.4584E+06  1.6897E+05
0006415   6.5067E+07  7.3593E+05 -5.8600E+05
0006416   6.4705E+07 -4.7405E+05  7.8253E+05
0006417   6.3288E+07  1.1643E+06 -2.4381E+06
0006418   6.4652E+07  8.8437E+05 -3.1665E+05
0006419   6.3610E+07  3.0566E+06 -5.1551E+05
0006420   6.6517E+07  1.4389E+05 -7.6859E+05
0006421   6.3793E+07 -2.4169E+06  5.0045E+05
0006422   6.6897E+07  7.4946E+05  1.2174E+04
0006423   6.5554E+07  9.3965E+05 -2.8586E+06
0006424   6.6277E+07 -9.7231E+05  8.4837E+05
0006425   6.7449E+07  3.9679E+05  7.3390E+05
0006426   6.4793E+07 -2.1435E+06 -1.5414E+05
0006427   6.3728E+07  1.3125E+06  1.2407E+06
0006428   6.4559E+07 -1.0517E+06  6.7326E+05
0006429   6.1163E+07  1.4553E+05 -2.2605E+06
0006430   6.6353E+07 -4.8294E+06  7.7457E+05
0006431   6.4984E+07 -1.4743E+06  1.6999E+05
0006432   6.3458E+07  1.4792E+06  9.6848E+05
0006433   6.6539E+07 -1.3960E+05 -3.1310E+06
0006434   6.3997E+07 -1.0231E+06  1.7308E+06
0006435   6.2615E+07 -5.9833E+04 -2.0283E+05
0006436   6.6408E+07  2.2710E+06 -6.7736E+05
0006437   6.3516E+07 -2.6153E+06  1.1235E+06
0006438   6.2193E+07  9.0853E+05  3.7113E+05
0006439   6.4616E+07 -1.4571E+05  2.3515E+06
0006440   6.3955E+07  5.5463E+05  1.7588E+05
0006441   6.4562E+07 -3.5473E+05 -6.8204E+05
0006442   6.5728E+07  1.5398E+05 -1.4496E+06
0006443   6.2236E+07  2.4610E+04 -1.0087E+06
0006444   6.5433E+07  2.8014E+06 -2.4458E+06
0006445   6.4675E+07 -2.0049E+06 -3.0271E+05
0006446   6.3310E+07 -7.7485E+05 -1.1017E+06
0006447   6.4501E+07  1.2381E+06 -1.6178E+05
0006448   6.5267E+07 -1.3851E+06 -8.3661E+05
0006449   6.3174E+07 -1.9501E+05 -9.6626E+05
0006450   6.5129E+07 -8.5097E+05 -4.9076E+05
0006451   6.5992E+07 -1.3274E+06 -1.7519E+06
0006452   6.4112E+07 -1.6871E+06 -1.3517E+06
0006453   6.4508E+07  1.0063E+06  5.0322E+05
0006454   6.2692E+07  8.2720E+05  9.2481E+05
0006455   6.2562E+07 -1.3081E+06  3.1916E+05
0006456   6.1775E+07  1.7308E+06 -4.5304E+05
0006457   6.5571E+07  8.4750E+05  3.1925E+05
0006458   6.5007E+07  6.6998E+05  1.5574E+05
0006459   6.5534E+07  7.1196E+05 -6.2445E+05
0006460   6.2093E+07  1.1606E+06 -5.9688E+05
0006461   6.5686E+07  1.5606E+05 -1.9580E+06
0006462   6.2870E+07 -2.2519E+05  2.6961E+06
0006463   6.6614E+07  1.5788E+05  1.8582E+05
0006464   6.6396E+07  2.6299E+05  1.1478E+05
0006465   6.4508E+07 -9.7797E+05 -2.5774E+06
0006466   6.4727E+07 -8.6898E+05 -3.3124E+06
0006467   6.4816E+07  1.4187E+06 -5.0155E+06
0006468   6.2562E+07  2.5211E+06  6.5698E+06
0006469   6.4720E+07 -6.7881E+05  9.4548E+05
0006470   6.6454E+07  1.5350E+06 -1.0637E+06
0006471   6.4037E+07 -3.1926E+05 -3.6039E+05
0006472   6.4222E+07 -3.4949E+06 -8.6026E+05
0006473   6.5619E+07  7.8454E+05  1.9044E+06
0006474   6.4901E+07  1.6754E+06 -2.0497E+06
0006475   6.4695E+07 -4.2549E+05  5.2680E+03
0006476   6.4889E+07  7.9478E+05 -4.7122E+05
0006477   6.5133E+07 -1.5786E+06 -6.0258E+05
0006478   6.3673E+07  2.4606E+06 -1.2849E+06
0006479   6.7322E+07 -8.0273E+05  6.7155E+04
0006480   6.2788E+07  2.3198E+06  4.7938E+05
0006481   6.3495E+07 -8.3789E+05  2.9727E+06
0006482   6.5319E+07 -1.3273E+06 -1.5358E+06
0006483   6.5726E+07  3.5672E+06 -7.9383E+05
0006484   6.5222E+07  1.4297E+06  4.9202E+05
0006485   6.5465E+07  1.1658E+06  2.2917E+06
0006486   6.4002E+07 -7.9734E+05  3.3592E+06
0006487   6.6729E+07 -5.4034E+05  5.7508E+05
0006488   6.3062E+07  6.1346E+05  1.6259E+06
0006489   6.4790E+07 -1.6865E+06 -2.0298E+06
0006490   6.4632E+07  7.7201E+05 -2.7577E+06
0006491   6.4946E+07  2.0799E+05  5.6276E+05
0006492   6.4834E+07  5.4297E+05  3.9605E+05
0006493   6.5039E+07 -2.6321E+05  1.0235E+06
0006494   6.3194E+07 -1.0035E+06 -1.0391E+06
0006495   6.4660E+07 -7.0932E+04 -1.6537E+05
0006496   6.6435E+07  5.8536E+05 -9.4331E+05
0006497   6.5666E+07  1.3085E+06 -2.6559E+06
0006498   6.3554E+07 -3.4520E+05 -6.2704E+05
0006499   6.5462E+07  1.4291E+06 -1.1912E+06
0006500   6.5014E+07 -2.6492E+06  8.0060E+05
0006501   6.3605E+07  1.2609E+06 -8.3642E+05
0006502   6.3836E+07 -2.4366E+06 -4.2083E+05
0006503   6.5735E+07  6.7683E+05 -9.0880E+05
0006504   6.2916E+07  1.1924E+06  1.6197E+06
0006505   6.5139E+07  1.4171E+06 -1.5482E+06
0006506   6.3353E+07 -1.8996E+05 -7.9358E+05
0006507   6.3131E+07  1.2650E+07  6.2147E+05
0006508   6.3714E+07 -1.1535E+06 -1.2132E+06
0006509   6.5152E+07  1.4742E+05 -5.6837E+04
0006510   6.4347E+07 -5.3999E+05  2.0613E+06
0006511   6.5057E+07 -1.7808E+06 -2.3061E+06
0006512   6.4302E+07 -2.0434E+06  4.7813E+04
0006513   6.6442E+07  7.8752E+05 -5.2864E+05
0006514   6.4013E+07  1.5045E+06  1.0175E+05
0006515   6.2869E+07  9.1615E+05  1.8761E+06
0006516   6.4950E+07  1.4268E+04 -7.1308E+05
0006517   6.1220E+07 -1.2878E+06 -3.3117E+05
0006518   6.5380E+07  6.1493E+05  2.0302E+06
0006519   6.3180E+07  3.9380E+05  1.0777E+06
0006520   6.3931E+07 -8.2653E+04 -1.1783E+05
0006521   6.4381E+07  1.2703E+05 -7.9002E+04
0006522   6.5379E+07 -8.0079E+05  4.0462E+06
0006523   6.5144E+07 -6.9544E+05 -1.2157E+06
0006524   6.6170E+07  6.6503E+05 -8.8116E+05
0006525   6.2584E+07  1.2097E+06 -9.3679E+05
0006526   6.4853E+07  1.7756E+06  2.3369E+06
0006527   6.4378E+07  1.3918E+06  4.6675E+05
0006528   6.3370E+07 -3.1658E+06 -2.1851E+06
0006529   6.5749E+07  7.7032E+05  1.2005E+06
0006530   6.3828E+07  4.7641E+05  4.2197E+04
0006531   6.3379E+07 -1.5945E+06 -2.0856E+05
0006532   6.5751E+07 -6.3864E+04 -1.0016E+06
0006533   6.4575E+07  2.2219E+06 -4.0086E+06
0006534   6.3654E+07 -1.0580E+06  5.1246E+05
0006535   6.4656E+07 -8.8009E+05  4.1476E+05
0006536   6.3419E+07  5.7084E+05  3.7793E+05
0006537   6.3168E+07 -3.0754E+05 -1.3564E+06
0006538   6.4595E+07 -1.0131E+06 -1.3129E+06
0006539   6.5384E+07 -1.8126E+06 -3.7563E+06
0006540   6.6598E+07  2.8097E+06 -8.1501E+05
0006541   6.4195E+07  3.7585E+06  1.6559E+06
0006542   6.4904E+07 -1.6957E+06  2.6185E+06
0006543   6.5432E+07  1.1695E+05 -4.0993E+04
0006544   6.6616E+07  6.1205E+04 -5.7546E+05
0006545   6.3111E+07 -1.4801E+06  2.8612E+06
0006546   6.4849E+07 -1.9209E+05  2.7799E+05
0006547   6.3740E+07  1.9443E+06  1.4512E+06
0006548   6.6972E+07  6.2546E+05  3.1772E+05
0006549   6.4653E+07  6.9952E+05 -1.1619E+05
0006550   6.5577E+07  3.1186E+06  3.0845E+06
0006551   6.3781E+07 -4.0517E+05 -1.5118E+06
0006552   6.3541E+07  1.6637E+06 -1.9533E+06
0006553   6.6250E+07  6.8832E+05 -3.2258E+05
0006554   6.2168E+07 -2.6044E+06 -1.0350E+06
0006555   6.4692E+07  1.8044E+04 -2.5764E+05
0006556   6.6377E+07 -1.5136E+06  4.4468E+05
0006557   6.3351E+07 -2.4972E+06 -7.0495E+06
0006558   6.4969E+07  3.3351E+05 -1.2199E+06
0006559   6.4723E+07  6.4777E+05  1.5692E+05
0006560   6.3495E+07 -2.1734E+06 -3.7086E+05
0006561   6.5443E+07 -9.2814E+05  7.3783E+05
0006562   6.4040E+07 -1.3434E+06  1.8539E+06
0006563   6.3532E+07  1.4041E+06  1.0862E+06
0006564   6.5508E+07 -5.5777E+04  1.5049E+06
0006565   6.6989E+07  2.1426E+06 -1.9134E+06
0006566   6.4544E+07 -7.8538E+05 -1.7338E+06
0006567   6.3954E+07  5.6182E+05  3.1964E+05
0006568   6.4033E+07  2.8685E+05 -3.5024E+06
0006569   6.1957E+07  1.0597E+06 -5.8646E+05
0006570   6.5679E+07  1.2351E+05  1.1144E+05
0006571   6.7028E+07 -8.0341E+05 -2.4743E+06
0006572   6.3241E+07 -1.7045E+06  5.1187E+05
0006573   6.4757E+07  2.6401E+06  9.0962E+05
0006574   6.5298E+07  1.2626E+06  1.1530E+06
0006575   6.4688E+07  1.7853E+06  3.4992E+05
0006576   6.4958E+07 -6.7279E+05  1.5684E+06
0006577   6.5137E+07  5.2287E+04  1.2984E+06
0006578   6.3999E+07  4.6775E+05 -5.1062E+05
0006579   6.3687E+07  2.6224E+05 -3.9910E+05
0006580   6.4547E+07 -1.0885E+05  2.2873E+06
0006581   6.5016E+07 -2.2196E+06  3.6833E+06
0006582   6.4041E+07 -4.4923E+06  1.8583E+06
0006583   6.6649E+07  1.3695E+06 -1.7780E+06
0006584   6.5011E+07  6.5874E+05 -2.6584E+05
0006585   6.5164E+07 -1.8398E+05  4.1043E+06
0006586   6.3248E+07 -6.6171E+05  3.7553E+06
0006587   6.3911E+07  1.0716E+06  4.8293E+05
0006588   6.5772E+07  3.1561E+06  6.1097E+05
0006589   6.4285E+07  4.6548E+05 -2.8666E+06
0006590   6.4525E+07 -1.7240E+06 -2.5887E+06
0006591   6.6205E+07  1.1738E+06 -2.3957E+06
0006592   6.5829E+07  6.8441E+05 -5.8990E+05
0006593   6.5681E+07  1.5998E+05  4.8015E+05
0006594   6.4148E+07 -9.1994E+05 -1.7066E+06
0006595   6.5571E+07  3.5610E+05 -7.9066E+05
0006596   6.4112E+07 -4.9777E+05 -5.6146E+05
0006597   6.5504E+07 -5.0457E+05  1.6580E+06
0006598   6.4058E+07  4.3872E+05  4.4643E+06
0006599   6.4807E+07 -2.5205E+05 -1.3527E+06
0006600   6.3936E+07 -1.3959E+06  3.7496E+06
0006601   6.5334E+07  4.9967E+05 -3.4575E+05
0006602   6.4894E+07 -2.9857E+06  2.1984E+06
0006603   6.3808E+07 -2.2815E+06 -6.5172E+05
0006604   6.4136E+07 -1.1291E+06 -5.7498E+05
0006605   6.4091E+07 -9.2619E+05  1.0895E+04
0006606   6.2944E+07 -6.4178E+05 -1.2893E+06
0006607   6.5336E+07 -1.3893E+05  2.5075E+06
0006608   6.4545E+07 -2.5634E+05  1.4393E+06
0006609   6.4547E+07  4.0998E+05  3.8081E+05
0006610   6.4611E+07 -1.4958E+06  5.6436E+05
0006611   6.4571E+07  6.3948E+05  1.5275E+06
0006612   6.5121E+07 -6.6965E+05 -4.7266E+06
0006613   6.5250E+07  1.1345E+06 -9.8502E+05
0006614   6.5025E+07 -3.0220E+06  1.0108E+06
0006615   6.4368E+07  7.0062E+05 -4.3963E+05
0006616   6.3448E+07  9.9747E+02  8.1831E+05
0006617   6.3154E+07  1.4508E+05  1.2147E+06
0006618   6.2755E+07 -1.4601E+06 -3.2536E+05
0006619   6.5534E+07 -1.7921E+06 -1.8975E+06
0006620   6.5235E+07  1.3775E+06 -1.5279E+06
0006621   6.6282E+07 -7.3173E+05 -9.8700E+05
0006622   6.3529E+07 -8.9642E+05 -1.0607E+06
0006623   6.4584E+07  2.5321E+06 -1.6501E+06
0006624   6.3900E+07  1.2538E+06  1.3273E+06
0006625   6.5913E+07 -1.6508E+06 -1.3114E+06
0006626   6.3767E+07  1.1383E+06  1.3991E+06
0006627   6.4729E+07 -7.3366E+05 -1.3314E+06
0006628   6.5010E+07 -1.5946E+06  4.8267E+05
0006629   6.4670E+07  3.0517E+05 -2.4957E+05
0006630   6.4647E+07 -1.6057E+06  8.7775E+05
0006631   6.5388E+07 -1.2254E+06  1.3034E+06
0006632   6.3793E+07  7.5909E+05  1.1573E+05
0006633   6.4617E+07 -4.1464E+05 -1.6846E+06
0006634   6.4046E+07  2.7371E+05 -1.2875E+06
0006635   6.5086E+07 -9.4231E+05 -2.7279E+06
0006636   6.4057E+07 -8.5422E+05  3.9140E+05
0006637   6.2567E+07 -6.5963E+05  2.1591E+06
0006638   6.3650E+07  1.7325E+06  2.2920E+06
0006639   6.5294E+07 -3.1920E+05 -1.3957E+06
0006640   6.2135E+07 -2.7428E+05 -3.0566E+06
0006641   6.4928E+07  3.4120E+06 -2.6396E+05
0006642   6.4849E+07 -3.9511E+05  1.8082E+06
0006643   6.3593E+07 -6.2731E+05  9.6968E+05
0006644   6.3820E+07 -4.7597E+05 -1.4934E+05
0006645   6.2832E+07 -5.8379E+05 -7.6566E+05
0006646   6.4595E+07  7.7212E+04  3.1375E+05
0006647   6.4719E+07  2.5839E+06 -1.4876E+06
0006648   6.5095E+07  7.4016E+05  3.0915E+05
0006649   6.3737E+07  2.6834E+05 -8.6164E+05
0006650   6.4149E+07 -1.6712E+06 -6.8236E+05
0006651   6.2761E+07  5.2555E+05 -2.5665E+06
0006652   6.5228E+07  4.1059E+05  5.9450E+04
0006653   6.5103E+07 -4.0900E+05 -1.0973E+06
0006654   6.5620E+07  5.2403E+06 -8.7406E+05
0006655   6.4643E+07 -1.3448E+06 -4.4869E+05
0006656   6.4954E+07  3.7376E+05 -3.0150E+05
0006657   6.4851E+07  7.9938E+04 -1.0018E+06
0006658   6.4653E+07 -3.0345E+05 -1.8076E+06
0006659   6.3526E+07  6.6241E+05  3.7730E+06
0006660   6.4555E+07  2.7434E+06  8.1511E+05
0006661   6.6670E+07  1.3553E+06  9.9380E+05
0006662   6.5796E+07 -2.9384E+05  9.0451E+05
0006663   6.7291E+07 -2.5313E+05 -1.3919E+05
0006664   6.3554E+07  1.0665E+05  1.0845E+06
0006665   6.6094E+07  8.9683E+04  2.1611E+05
0006666   6.4768E+07  1.8519E+06  2.2573E+06
0006667   6.3641E+07 -2.7013E+06  2.9567E+06
0006668   6.4626E+07  5.4012E+05 -2.2713E+04
0006669   6.3776E+07  9.0039E+05 -1.4087E+06
0006670   6.4290E+07 -1.8136E+06  8.9269E+05
0006671   6.2605E+07 -3.8641E+05  1.1745E+06
0006672   6.5441E+07  2.4816E+06 -5.2563E+05
0006673   6.4284E+07  1.0016E+06  1.7974E+05
0006674   6.3572E+07 -1.7633E+06 -2.6377E+06
0006675   6.4142E+07 -1.2869E+06 -1.1895E+06
0006676   6.2654E+07  4.6651E+05 -1.0200E+06
0006677   6.6043E+07  7.3374E+05  2.3304E+05
0006678   6.4993E+07  2.6632E+06  2.5381E+05
0006679   6.4932E+07  4.4748E+05 -2.6986E+05
0006680   6.5401E+07  1.3485E+06  1.4793E+06
0006681   6.4291E+07  1.5271E+06 -6.8737E+05
0006682   6.4322E+07 -1.5954E+06  7.0691E+05
0006683   6.4352E+07 -3.5672E+06 -1.9569E+06
0006684   6.4175E+07  2.7969E+06 -1.3104E+06
0006685   6.3339E+07  3.8660E+05  3.2754E+05
0006686   6.6905E+07  1.0871E+06  8.4842E+05
0006687   6.4682E+07  1.2424E+06 -2.0960E+05
0006688   6.4530E+07 -1.4764E+06 -7.7210E+05
0006689   6.2055E+07 -1.3585E+06  3.4895E+05
0006690   6.3664E+07  2.5977E+05  5.5096E+05
0006691   6.6261E+07 -8.4364E+05 -1.3955E+06
0006692   6.4823E+07 -4.3591E+05 -9.5017E+04
0006693   6.6353E+07  1.9338E+06  2.1905E+06
0006694   6.4500E+07 -2.7554E+05  1.4804E+06
0006695   6.3994E+07 -8.8199E+05  2.7324E+05
0006696   6.5747E+07  9.1683E+05 -4.3567E+05
0006697   6.5503E+07  5.8823E+05 -4.5419E+05
0006698   6.3621E+07 -1.1095E+06 -5.5207E+04
0006699   6.6732E+07  5.8442E+05  4.1594E+05
0006700   6.2677E+07  1.3373E+06 -7.1751E+06
0006701   6.6803E+07 -8.7730E+05 -1.3025E+06
0006702   6.2722E+07 -1.6436E+06  1.1981E+06
0006703   6.6625E+07 -1.1526E+06  2.0384E+06
0006704   6.4140E+07 -8.4532E+05 -7.8029E+04
0006705   6.3730E+07 -4.2857E+05  4.0098E+05
0006706   6.4302E+07  8.8775E+04 -1.8784E+06
0006707   6.5337E+07 -1.9982E+06  1.7274E+06
0006708   6.2904E+07 -8.0271E+05  9.1012E+05
0006709   6.5775E+07 -1.1694E+06  8.1528E+05
0006710   6.4959E+07  2.8957E+05  4.5058E+05
0006711   6.3803E+07 -7.2056E+05  1.6385E+06
0006712   6.5110E+07 -2.5381E+06  1.2107E+06
0006713   6.5715E+07  6.0759E+05  9.9509E+05
0006714   6.3918E+07  2.2088E+06 -2.0294E+06
0006715   6.3671E+07  1.6393E+06  1.4887E+06
0006716   6.3284E+07  3.6810E+06  2.3051E+05
0006717   6.6764E+07 -8.5573E+04  9.1778E+05
0006718   6.4593E+07  7.1552E+05  8.2932E+05
0006719   6.4435E+07  2.8308E+06 -1.8489E+06
0006720   6.5144E+07  1.3885E+06  6.5979E+05
0006721   6.4193E+07 -6.6049E+04 -2.7717E+05
0006722   6.4807E+07 -4.4667E+05  2.0545E+06
0006723   6.2959E+07 -7.0864E+06 -4.4253E+06
0006724   6.2847E+07 -7.3654E+05  1.4588E+06
0006725   6.2240E+07 -1.1426E+06 -7.3201E+05
0006726   6.4901E+07 -2.8671E+04 -2.5431E+06
0006727   6.3206E+07  1.0508E+06  1.6567E+06
0006728   6.6157E+07  1.0124E+06 -1.0067E+06
0006729   6.3769E+07 -1.2041E+05 -3.7801E+06
0006730   6.5077E+07 -1.4460E+06 -3.5635E+06
0006731   6.6157E+07 -1.6183E+06  1.2464E+06
0006732   6.4571E+07 -8.8139E+05 -1.2383E+06
0006733   6.3166E+07 -1.2024E+06 -1.5710E+05
0006734   6.6595E+07  2.5241E+06 -9.9909E+05
0006735   6.4184E+07  1.6609E+04 -3.0300E+06
0006736   6.1587E+07 -5.7554E+06 -3.4908E+06
0006737   6.3923E+07 -2.4288E+05 -1.9122E+05
0006738   6.6955E+07  9.8986E+05  1.1551E+06
0006739   6.4609E+07 -3.2088E+05 -4.2820E+05
0006740   6.5744E+07  1.4152E+06  9.3295E+04
0006741   6.5713E+07  3.5144E+05 -5.3436E+05
0006742   6.6379E+07 -9.6809E+05 -2.8129E+05
0006743   6.4202E+07  1.0538E+06  1.0297E+06
0006744   6.5928E+07  2.3213E+06 -1.4824E+06
0006745   6.4003E+07  1.0923E+06  3.6758E+05
0006746   6.6294E+07  5.4077E+06 -1.4718E+06
0006747   6.5287E+07  5.5189E+05 -1.6995E+06
0006748   6.1931E+07 -9.1075E+05  1.7411E+06
0006749   6.4134E+07  3.9371E+05 -6.3295E+05
0006750   6.4980E+07 -1.9749E+06  1.0352E+06
0006751   6.6134E+07  4.4788E+05 -1.1828E+06
0006752   6.3690E+07 -2.8391E+05  9.5131E+05
0006753   6.4874E+07  2.1763E+05  4.4418E+05
0006754   6.4188E+07 -4.0110E+05  1.7547E+06
0006755   6.4711E+07  1.4454E+06  1.1954E+05
0006756   6.6504E+07 -6.9384E+05  4.2501E+05
0006757   6.4454E+07 -1.6678E+06 -3.2739E+06
0006758   6.5138E+07 -3.5948E+05  2.1878E+06
0006759   6.6314E+07 -1.6001E+06  1.5439E+05
0006760   6.2276E+07 -2.7551E+06  2.0333E+04
0006761   6.4474E+07 -1.4714E+06 -2.7754E+06
0006762   6.4835E+07  4.0403E+05 -1.0775E+06
0006763   6.4284E+07 -2.9372E+06 -1.0308E+06
0006764   6.2201E+07  1.0252E+06  2.4939E+05
0006765   6.3752E+07  3.3187E+04  7.6553E+05
0006766   6.3735E+07  9.7419E+04  1.6503E+05
0006767   6.3244E+07 -1.5395E+06  1.6568E+06
0006768   6.5183E+07 -5.3015E+05  1.0699E+05
0006769   6.4871E+07 -4.4565E+05 -2.0877E+06
0006770   6.4851E+07  1.7543E+06  2.3256E+06
0006771   6.3809E+07 -2.3201E+05 -1.6908E+06
0006772   6.4686E+07 -3.1308E+05 -4.1071E+05
0006773   6.5354E+07 -8.7958E+05 -1.6139E+06
0006774   6.3328E+07 -5.5002E+05  4.4376E+05
0006775   6.4614E+07  2.1258E+05 -6.1535E+04
0006776   6.3903E+07  1.8097E+05  7.3795E+05
0006777   6.4737E+07 -5.9093E+05  4.4339E+06
0006778   6.4341E+07  1.6150E+06 -1.6786E+06
0006779   6.4783E+07 -1.3133E+05 -8.1597E+05
0006780   6.4122E+07  2.1413E+06  1.1896E+06
0006781   6.4879E+07  1.0120E+06 -1.5237E+06
0006782   6.3920E+07 -1.3111E+06  1.2145E+05
0006783   6.3978E+07 -2.9613E+05 -2.1912E+05
0006784   6.1844E+07 -1.9205E+06 -7.7002E+05
0006785   6.5681E+07  2.0224E+06 -8.4752E+05
0006786   6.2982E+07 -4.5284E+06  5.7893E+05
0006787   6.5870E+07  4.5010E+05  1.6807E+06
0006788   6.4651E+07  2.7393E+06  1.7053E+06
0006789   6.6895E+07 -1.3169E+06 -2.9985E+05
0006790   6.5047E+07 -6.2580E+05  2.2958E+06
0006791   6.4427E+07  8.8393E+05 -1.1018E+06
0006792   6.6355E+07 -6.4884E+05  5.7261E+05
0006793   6.5063E+07 -6.1777E+05 -1.3561E+06
0006794   6.2791E+07  2.0252E+06  1.5381E+06
0006795   6.3806E+07 -7.1859E+03 -2.0010E+06
0006796   6.4672E+07  2.8348E+05  6.1975E+05
0006797   6.4812E+07  1.6540E+06 -1.0448E+06
0006798   6.5321E+07  7.2696E+05  5.8215E+05
0006799   6.1490E+07 -8.6525E+05 -1.4000E+06
0006800   6.2960E+07 -5.1233E+05 -1.1469E+06
0006801   6.4643E+07  6.4045E+05 -6.7376E+04
0006802   6.4341E+07 -2.3912E+05  1.5095E+05
0006803   6.4055E+07  3.1359E+05  4.7866E+05
0006804   6.5444E+07 -6.7825E+05  6.0615E+05
0006805   6.6235E+07 -2.3211E+06  1.7439E+06
0006806   6.4947E+07  2.0410E+06 -1.3118E+05
0006807   6.3750E+07  1.7552E+06  1.3603E+06
0006808   6.6553E+07  1.6283E+04  6.9234E+05
0006809   6.6493E+07 -3.0083E+05 -1.1384E+06
0006810   6.2925E+07  1.3178E+06  6.6940E+05
0006811   6.3306E+07 -1.6727E+06 -9.0769E+05
0006812   6.3624E+07  8.6162E+05  8.1596E+05
0006813   6.3045E+07  1.8598E+06  9.1368E+05
0006814   6.4276E+07 -1.3333E+05 -2.1987E+05
0006815   6.3579E+07 -2.0003E+06 -5.9341E+05
0006816   6.4489E+07  1.5072E+06  1.5024E+06
0006817   6.3675E+07 -3.2135E+06  4.7406E+05
0006818   6.3271E+07 -1.2577E+06  2.2275E+04
0006819   6.6500E+07  2.5079E+06 -1.3885E+06
0006820   6.1592E+07 -6.5255E+06  8.2785E+05
0006821   6.4079E+07  9.0685E+04 -6.1792E+05
0006822   6.5195E+07  4.5519E+05  1.1246E+06
0006823   6.4481E+07 -1.1499E+06 -3.2054E+06
0006824   6.4564E+07 -9.5302E+05 -9.6758E+05
0006825   6.5032E+07  1.2038E+06  2.4750E+05
0006826   6.4567E+07 -1.4013E+06  2.0053E+06
0006827   6.4346E+07 -2.1569E+06  2.1839E+06
0006828   6.3174E+07 -7.8165E+05  7.9933E+05
0006829   6.3450E+07  1.9528E+06 -2.0633E+06
0006830   6.6653E+07 -1.4649E+06 -1.0547E+06
0006831   6.3294E+07  1.7859E+06 -5.8494E+06
0006832   6.4473E+07  2.9265E+06 -1.9267E+06
0006833   6.6510E+07 -6.2409E+04 -2.0924E+06
0006834   6.6311E+07  1.5267E+06  1.8375E+06
0006835   6.6421E+07 -5.7500E+05  9.1779E+05
0006836   6.3339E+07  2.7048E+06 -5.7187E+05
0006837   6.4279E+07  1.4862E+06  1.9106E+06
0006838   6.5258E+07  2.2845E+06  1.8196E+06
0006839   6.3220E+07 -1.9573E+05 -2.2760E+06
0006840   6.3308E+07  9.3946E+05  8.6965E+05
0006841   6.2443E+07 -2.8237E+05 -1.7675E+06
0006842   6.7524E+07 -2.8064E+06 -3.4969E+05
0006843   6.2954E+07 -6.9080E+05  1.5832E+04
0006844   6.5340E+07 -1.0386E+06  1.2373E+06
0006845   6.4613E+07  1.9894E+06  1.2508E+06
0006846   6.4049E+07 -3.7726E+05  2.7210E+06
0006847   6.5390E+07 -2.8601E+04  6.1080E+05
0006848   6.7051E+07  2.8250E+05 -2.3674E+06
0006849   6.4283E+07 -5.9869E+05 -6.3824E+05
0006850   6.2404E+07  6.5411E+05 -5.7667E+05
0006851   6.4565E+07 -2.2042E+06 -2.5437E+06
0006852   6.5805E+07  1.4884E+06  4.3080E+04
0006853   6.3805E+07  1.4642E+06  1.7268E+06
0006854   6.3677E+07 -1.3511E+06  4.6130E+05
0006855   6.3549E+07  8.9195E+04 -8.5615E+05
0006856   6.4864E+07  1.4170E+05 -1.6334E+06
0006857   6.3831E+07 -2.6698E+06  1.2899E+06
0006858   6.6085E+07  2.8017E+06  1.3168E+06
0006859   6.4710E+07  6.4814E+05 -2.8261E+06
0006860   6.4386E+07  1.3554E+06 -1.2147E+06
0006861   6.5161E+07 -3.1542E+05  9.4172E+05
0006862   6.3529E+07  2.3647E+06  4.8525E+04
0006863   6.6343E+07  3.4452E+06  1.7564E+06
0006864   6.4853E+07  3.7778E+06 -8.5056E+05
0006865   6.6196E+07 -6.2448E+05  9.4984E+05
0006866   6.3567E+07 -4.0504E+05 -2.9157E+06
0006867   6.6299E+07 -1.1814E+06  1.0989E+06
0006868   6.3821E+07 -1.0447E+06 -2.7555E+06
0006869   6.3218E+07  1.3726E+06  5.1912E+04
0006870   6.3971E+07 -3.3569E+06  3.6606E+06
0006871   6.2058E+07 -2.0228E+06 -2.6756E+06
0006872   6.4389E+07  2.4000E+06 -3.1944E+06
0006873   6.5167E+07  5.2413E+05  3.9733E+05
0006874   6.4878E+07 -9.1821E+05 -2.3387E+06
0006875   6.5881E+07  1.1789E+06 -2.4971E+05
0006876   6.2537E+07  1.7652E+06 -2.0731E+06
0006877   6.6177E+07 -7.9857E+05 -2.5133E+06
0006878   6.3418E+07 -7.0940E+05  4.8633E+05
0006879   6.2457E+07  1.2587E+05  8.4538E+05
0006880   6.4514E+07 -2.8278E+06 -3.3186E+06
0006881   6.4462E+07  6.5227E+05  2.9557E+05
0006882   6.4605E+07  7.4681E+05 -7.9706E+05
0006883   6.4846E+07 -1.8558E+06 -2.0182E+06
0006884   6.4254E+07  7.3821E+05 -1.5557E+06
0006885   6.4563E+07 -2.1122E+06  2.0762E+06
0006886   6.3770E+07  6.1357E+06 -2.5945E+06
0006887   6.4425E+07  2.4130E+05 -2.2167E+06
0006888   6.3557E+07  8.9939E+02 -3.2017E+04
0006889   6.4400E+07 -1.2145E+06  2.5103E+05
0006890   6.3006E+07 -1.2878E+06  8.2022E+05
0006891   6.7649E+07  6.5539E+04  1.3495E+06
0006892   6.5658E+07  1.8657E+06  4.0353E+05
0006893   6.3730E+07  1.8143E+06  1.2308E+06
0006894   6.3274E+07 -6.5075E+05 -1.9719E+05
0006895   6.4027E+07 -8.4763E+05 -8.5460E+05
0006896   6.5179E+07  1.4949E+05  2.0736E+06
0006897   6.5833E+07 -7.5947E+05  1.4819E+06
0006898   6.4392E+07 -9.2216E+05 -2.3847E+06
0006899   6.5307E+07  4.8677E+05 -6.1165E+05
0006900   6.6011E+07  1.4366E+06 -9.3129E+05
0006901   6.3390E+07 -1.8151E+05  1.2203E+06
0006902   6.3566E+07  1.0310E+06  1.6822E+06
0006903   6.2594E+07  2.2376E+05 -3.0853E+05
0006904   6.4073E+07 -5.3617E+05 -1.7583E+06
0006905   6.5721E+07 -1.1358E+06  4.4422E+05
0006906   6.4687E+07 -1.5255E+06 -2.2991E+05
0006907   6.3949E+07  6.6302E+05 -3.5951E+05
0006908   6.5770E+07 -3.3833E+06  1.2039E+06
0006909   6.5135E+07  1.1443E+06 -1.4593E+05
0006910   6.4504E+07  3.9969E+04 -7.6177E+05
0006911   6.3861E+07 -1.4330E+06  2.1053E+06
0006912   6.5185E+07  2.0443E+06  1.6768E+06
0006913   6.4478E+07  1.0036E+06 -3.2617E+06
0006914   6.6061E+07 -2.5169E+05 -4.1782E+06
0006915   6.4807E+07 -3.0152E+06  8.6666E+05
0006916   6.3847E+07  5.1294E+05  1.9588E+04
0006917   6.4923E+07  7.7116E+05 -4.3911E+05
0006918   6.4001E+07 -2.7898E+06 -2.5440E+05
0006919   6.2815E+07  4.4063E+04  2.2337E+06
0006920   6.4299E+07 -1.4463E+06  7.9989E+05
0006921   6.2360E+07  6.5820E+05  3.4311E+05
0006922   6.3958E+07 -6.6883E+05 -2.6329E+05
0006923   6.4494E+07 -2.0271E+05  3.6209E+05
0006924   6.3281E+07 -9.8327E+05 -1.0116E+06
0006925   6.4924E+07  9.2631E+04  1.7546E+05
0006926   6.4506E+07 -2.0182E+06  2.8007E+05
0006927   6.4412E+07  4.6603E+05  2.1771E+04
0006928   6.4594E+07 -2.3389E+06  5.3421E+04
0006929   6.6496E+07  7.6928E+05 -2.5401E+06
0006930   6.3360E+07  5.0921E+05  1.2535E+06
0006931   6.2539E+07  1.1620E+06 -1.8767E+06
0006932   6.5577E+07  5.5564E+05  1.2971E+06
0006933   6.3255E+07  5.3298E+05  4.2555E+05
0006934   6.3328E+07 -6.6199E+03 -1.7366E+06
0006935   6.4289E+07 -1.6380E+06 -1.7910E+06
0006936   6.3256E+07  8.1133E+04 -4.0447E+05
0006937   6.2798E+07 -1.0264E+06 -8.0702E+05
0006938   6.5692E+07  3.1107E+06 -1.2487E+06
0006939   6.4133E+07  2.0000E+06  7.0869E+05
0006940   6.4481E+07  1.4852E+06 -1.0278E+05
0006941   6.3374E+07  9.3137E+05  2.1217E+06
0006942   6.5319E+07  1.4152E+06 -1.7731E+05
0006943   6.5584E+07  5.1065E+05 -1.6194E+06
0006944   6.3555E+07  4.0242E+04  4.4595E+05
0006945   6.5174E+07  1.8912E+06 -1.0433E+06
0006946   6.5714E+07 -1.0438E+06 -2.0707E+06
0006947   6.4609E+07 -1.3559E+06 -2.8651E+06
0006948   6.6370E+07 -1.2892E+06 -2.4476E+04
0006949   6.5151E+07  9.6179E+05  2.0531E+06
0006950   6.3887E+07 -3.1765E+05 -1.6074E+06
0006951   6.5367E+07  2.7101E+06 -6.5327E+05
0006952   6.4669E+07  9.1997E+05  1.0619E+06
0006953   6.4541E+07  9.9644E+05  2.6990E+06
0006954   6.6801E+07 -1.1232E+06  1.1485E+05
0006955   6.3090E+07  1.8201E+06  1.4140E+05
0006956   6.4967E+07  2.7458E+05 -2.5585E+05
0006957   6.3364E+07  1.1960E+06 -1.4415E+06
0006958   6.4683E+07 -7.6256E+04  1.8551E+06
0006959   6.6259E+07  1.4836E+06 -1.2324E+05
0006960   6.5362E+07  3.4581E+05  3.2043E+05
0006961   6.4955E+07  1.4257E+06  4.3736E+05
0006962   6.3514E+07 -2.2123E+06  2.7167E+06
0006963   6.3334E+07  5.5251E+05  4.3861E+06
0006964   6.4391E+07 -1.7342E+06 -9.7716E+04
0006965   6.3202E+07 -3.1475E+05 -2.2877E+05
0006966   6.4860E+07 -7.1877E+05 -6.5705E+05
0006967   6.4771E+07  1.0447E+06  1.3387E+06
0006968   6.2954E+07  6.4484E+05 -2.5531E+06
0006969   6.4163E+07 -2.0258E+06  1.8839E+06
0006970   6.5138E+07 -3.1127E+06 -4.6761E+04
0006971   6.5432E+07 -1.6090E+06 -2.6225E+06
0006972   6.3848E+07  5.5669E+05 -2.3488E+06
0006973   6.4001E+07 -1.7792E+04  4.6614E+05
0006974   6.3552E+07 -5.5732E+05 -4.1729E+05
0006975   6.4400E+07  8.1613E+04 -1.5273E+06
0006976   6.3839E+07  1.0990E+06  1.3478E+05
0006977   6.4561E+07  9.9033E+05 -1.0402E+06
0006978   6.4112E+07  1.2149E+06  9.3153E+05
0006979   6.3514E+07 -1.9410E+06  1.5869E+06
0006980   6.3570E+07  4.9706E+05 -1.1008E+06
0006981   6.3670E+07 -1.8163E+06  9.4067E+05
0006982   6.4033E+07 -7.5260E+05 -1.3105E+05
0006983   6.3895E+07 -1.6422E+06  1.2006E+06
0006984   6.6022E+07  5.4766E+05  2.0203E+06
0006985   6.4749E+07  8.3365E+05  1.0168E+05
0006986   6.4514E+07 -4.8617E+05 -3.6355E+05
0006987   6.5479E+07 -6.6438E+05 -9.0469E+05
0006988   6.3156E+07 -6.0296E+06 -1.2665E+05
0006989   6.6365E+07 -1.1778E+06  7.0909E+05
0006990   6.3371E+07  1.3695E+04  1.4643E+06
0006991   6.5514E+07 -1.1506E+06 -5.1783E+05
0006992   6.4763E+07  5.7897E+05 -1.6088E+06
0006993   6.6019E+07  7.6583E+05  1.3719E+06
0006994   6.3319E+07 -1.4665E+06 -3.7128E+06
0006995   6.3834E+07 -2.3751E+06 -7.3950E+05
0006996   6.6799E+07 -2.9899E+06 -7.4088E+04
0006997   6.4945E+07 -1.6002E+06  9.7840E+05
0006998   6.4126E+07  2.7226E+06  1.1765E+06
0006999   6.3408E+07  6.9361E+05  4.1572E+05
0007000   6.6273E+07 -1.4808E+06 -1.8000E+06
0007001   6.4964E+07 -1.9741E+06 -1.8163E+06
0007002   6.3454E+07 -1.5560E+06  1.0386E+06
0007003   6.4409E+07 -2.2445E+06  4.4625E+05
0007004   6.2882E+07 -8.3507E+06  8.7807E+06
0007005   6.4515E+07  2.2133E+06  1.1246E+06
0007006   6.5918E+07 -1.7619E+06 -9.4143E+05
0007007   6.4269E+07 -3.4337E+04 -7.9402E+05
0007008   6.5227E+07 -3.1007E+06  1.3995E+06
0007009   6.4328E+07 -2.3332E+06  3.6164E+05
0007010   6.2646E+07  1.9929E+06 -9.0926E+05
0007011   6.6097E+07  1.1916E+06  1.5585E+06
0007012   6.5537E+07  2.5858E+05 -4.6341E+05
0007013   6.3727E+07 -2.6341E+05  1.2294E+06
0007014   6.4433E+07 -3.2600E+05 -6.3351E+05
0007015   6.6973E+07  2.3691E+06 -2.5978E+06
0007016   6.5319E+07  1.3403E+06 -1.1918E+06
0007017   6.3394E+07  4.2695E+05  2.4812E+06
0007018   6.6131E+07  1.5674E+06 -1.0136E+06
0007019   6.6241E+07 -9.6435E+05  2.7795E+06
0007020   6.6428E+07  5.7277E+05  2.2923E+06
0007021   6.3457E+07  8.1148E+05  1.1866E+06
0007022   6.3534E+07  1.0512E+06 -5.7765E+05
0007023   6.3065E+07  2.6553E+06  2.7945E+06
0007024   6.4882E+07  6.0289E+05  8.4100E+04
0007025   6.4028E+07  1.6474E+06  9.4151E+05
0007026   6.4647E+07  7.9151E+05  3.7590E+05
0007027   6.5138E+07 -1.0007E+06 -2.4905E+05
0007028   6.3026E+07 -2.1202E+06 -1.6257E+06
0007029   6.5763E+07  1.6686E+06 -2.8854E+06
0007030   6.3064E+07  5.3722E+05  1.5774E+06
0007031   6.5689E+07 -2.0563E+06 -7.6590E+05
0007032   6.5627E+07 -8.9177E+05  2.0674E+05
0007033   6.2971E+07  9.6631E+05 -1.5833E+06
0007034   6.6028E+07  2.1614E+06  1.3853E+04
0007035   6.4333E+07  9.7754E+05 -1.1123E+06
0007036   6.4750E+07 -9.1276E+05  1.1335E+06
0007037   6.4248E+07  2.0218E+06  1.1883E+06
0007038   6.4155E+07 -1.8064E+05 -2.0861E+06
0007039   6.5094E+07  5.9348E+05 -5.8495E+05
0007040   6.4704E+07 -1.2759E+06 -2.0508E+06
0007041   6.5890E+07 -2.0683E+05 -6.5618E+05
0007042   6.3270E+07  1.3200E+06  8.3626E+05
0007043   6.5864E+07 -1.0633E+06  1.1344E+06
0007044   6.5208E+07 -1.4594E+06 -1.8403E+05
0007045   6.3203E+07 -9.4017E+05  1.4280E+06
0007046   6.5215E+07  4.1734E+05  1.0548E+05
0007047   6.6474E+07 -2.1943E+06  1.6689E+06
0007048   6.4412E+07 -1.5765E+06 -2.5825E+06
0007049   6.5154E+07 -2.1419E+05  8.5125E+04
0007050   6.5841E+07 -6.9960E+04  2.1599E+06
0007051   6.3171E+07  6.5191E+05  8.3584E+04
0007052   6.4168E+07  1.4808E+05 -1.3323E+06
0007053   6.4791E+07  2.5798E+06 -2.4954E+05
0007054   6.5101E+07 -1.3666E+05 -5.6607E+05
0007055   6.3645E+07  9.7542E+05  3.7654E+06
0007056   6.4965E+07  1.5567E+06  2.8985E+06
0007057   6.3651E+07 -7.3155E+05 -1.0177E+05
0007058   6.6875E+07 -2.2130E+05  2.1310E+06
0007059   6.2612E+07  1.0066E+06 -2.4625E+06
0007060   6.2843E+07 -2.7200E+06 -2.8131E+05
0007061   6.4017E+07  1.3297E+06 -3.9137E+06
0007062   6.4681E+07 -2.1081E+06 -1.8339E+06
0007063   6.6073E+07  3.7664E+05 -1.3224E+06
0007064   6.5857E+07 -1.8095E+05  2.7797E+05
0007065   6.4273E+07  1.2006E+06  1.9365E+05
0007066   6.2753E+07 -8.2233E+05 -8.3423E+05
0007067   6.3229E+07  2.1337E+05  1.1317E+06
0007068   6.1983E+07  1.1306E+06  5.5659E+05
0007069   6.4673E+07 -5.1220E+05 -8.0490E+05
0007070   6.7519E+07  2.2594E+06 -4.2668E+05
0007071   6.4128E+07 -2.2766E+06 -3.6828E+05
0007072   6.4836E+07 -1.2770E+06 -1.8597E+06
0007073   6.5632E+07 -1.6902E+06  1.4356E+06
0007074   6.3454E+07  1.0053E+06 -6.4456E+05
0007075   6.2502E+07 -4.5363E+05 -5.6733E+05
0007076   6.5035E+07 -3.0813E+05  3.3792E+05
0007077   6.5483E+07  3.6631E+04  1.5570E+06
0007078   6.2828E+07 -2.7802E+06  5.0126E+06
0007079   6.4389E+07 -1.6838E+05 -7.9531E+05
0007080   6.4210E+07  1.0146E+05  2.3379E+06
0007081   6.3997E+07 -1.4452E+06 -4.5672E+05
0007082   6.2004E+07 -2.7118E+06 -1.8687E+06
0007083   6.4464E+07  9.1008E+05  8.0595E+05
0007084   6.5097E+07  2.9353E+06 -2.9159E+06
0007085   6.5372E+07  2.7515E+06 -1.1646E+06
0007086   6.4913E+07 -2.1646E+05 -8.3455E+05
0007087   6.5589E+07  1.6397E+06  7.5166E+05
0007088   6.5624E+07 -7.4047E+05  1.6015E+06
0007089   6.2218E+07  1.2958E+06  1.9043E+06
0007090   6.4994E+07 -1.6561E+05 -2.2634E+06
0007091   6.6162E+07  3.2802E+05  2.8149E+06
0007092   6.4523E+07  9.3345E+05  1.9773E+06
0007093   6.4489E+07 -8.2571E+05  2.6651E+06
0007094   6.2648E+07 -5.0499E+05  2.1770E+06
0007095   6.5504E+07 -1.2250E+06  1.3739E+06
0007096   6.4190E+07 -1.0066E+06 -9.0472E+04
0007097   6.4102E+07  1.8386E+06  2.4603E+06
0007098   6.2915E+07 -4.8359E+04 -7.3308E+05
0007099   6.5425E+07  1.1687E+06 -3.7688E+06
0007100   6.5486E+07 -1.2292E+05  6.6879E+04
0007101   6.5694E+07 -3.8292E+05  7.5983E+04
0007102   6.4699E+07  3.3588E+06 -2.3314E+05
0007103   6.5960E+07 -6.9617E+05 -7.2956E+05
0007104   6.5479E+07 -1.1886E+05 -2.9552E+05
0007105   6.3144E+07 -8.7590E+05 -9.6858E+05
0007106   6.3847E+07  2.8652E+05 -1.0259E+06
0007107   6.4462E+07 -1.5261E+06  1.2238E+06
0007108   6.5191E+07 -2.7527E+05 -1.4155E+05
0007109   6.5130E+07  1.7696E+06 -2.5963E+05
0007110   6.2203E+07  2.6015E+05  2.7951E+06
0007111   6.4185E+07 -2.1141E+05  8.7953E+05
0007112   6.3077E+07  4.3923E+05  3.5915E+05
0007113   6.3545E+07  2.1457E+06  3.6058E+05
0007114   6.3599E+07  1.8958E+06 -8.6766E+05
0007115   6.4358E+07 -1.4741E+05  1.3274E+06
0007116   6.5210E+07  3.9177E+05 -6.6757E+05
0007117   6.4110E+07  7.9270E+05  5.3635E+05
0007118   6.4340E+07 -1.4876E+06  6.1710E+05
0007119   6.4636E+07  8.3327E+04  7.4692E+05
0007120   6.4930E+07  1.3026E+06  2.5716E+05
0007121   6.1612E+07 -4.2316E+05  4.2744E+06
0007122   6.4780E+07 -4.1799E+05  1.7604E+06
0007123   6.3139E+07  1.9590E+06  3.4821E+03
0007124   6.3237E+07 -3.6142E+05  7.7064E+05
0007125   6.3956E+07  9.6617E+05  6.3570E+04
0007126   6.1723E+07  8.2848E+06  6.7170E+04
0007127   6.4944E+07 -1.1005E+06  5.1767E+05
0007128   6.2303E+07  1.1965E+06 -4.9079E+05
0007129   6.6911E+07  5.2376E+05 -1.3803E+06
0007130   6.3546E+07 -1.5247E+06 -1.7498E+06
0007131   6.5941E+07 -8.7479E+05  7.6052E+05
0007132   6.4504E+07 -2.3163E+06 -5.5201E+06
0007133   6.4401E+07 -3.6404E+05 -3.1029E+05
0007134   6.5093E+07  7.8675E+05 -1.2262E+06
0007135   6.4095E+07  1.3880E+06  1.4123E+06
0007136   6.3092E+07 -2.8119E+06  1.7540E+06
0007137   6.4079E+07 -1.3423E+06 -4.1495E+05
0007138   6.5041E+07  1.5974E+06  1.1476E+06
0007139   6.4317E+07 -1.6648E+06 -2.0830E+06
0007140   6.4082E+07  1.6211E+06 -1.7981E+06
0007141   6.4093E+07  5.6217E+05 -9.6555E+05
0007142   6.2686E+07 -1.9654E+06 -5.5254E+05
0007143   6.4332E+07 -6.0485E+05 -3.9628E+06
0007144   6.6862E+07 -1.4489E+06  1.7953E+06
0007145   6.3833E+07 -3.4273E+06 -2.9680E+06
0007146   6.4382E+07 -1.0040E+06  5.9199E+05
0007147   6.3500E+07  1.5989E+06 -1.6635E+06
0007148   6.3784E+07 -1.9580E+06  1.2961E+06
0007149   6.5266E+07 -5.1378E+05  7.0087E+05
0007150   6.4744E+07 -5.1337E+05 -2.2898E+06
0007151   6.5731E+07 -1.9997E+06 -2.7020E+05
0007152   6.3166E+07 -3.5313E+05  6.7132E+05
0007153   6.5022E+07  3.1499E+06  1.5978E+06
0007154   6.2588E+07  8.9078E+05  7.6806E+05
0007155   6.3747E+07 -1.4658E+06  9.4362E+05
0007156   6.2870E+07  2.7247E+06 -4.0838E+06
0007157   6.3442E+07  1.1654E+06  9.7982E+04
0007158   6.5771E+07  1.9551E+06  1.5214E+05
0007159   6.4606E+07 -2.4878E+06  2.8512E+06
0007160   6.2796E+07  1.3347E+06  1.3843E+06
0007161   6.4474E+07 -6.9827E+05 -3.8494E+05
0007162   6.3792E+07 -1.0186E+06  6.2803E+04
0007163   6.3247E+07  1.2372E+06 -3.4256E+05
0007164   6.2974E+07  1.4416E+06 -9.5574E+05
0007165   6.4008E+07  1.8979E+05  2.2641E+06
0007166   6.7839E+07 -2.5321E+05 -1.0239E+06
0007167   6.3189E+07  8.2826E+03 -1.7314E+06
0007168   6.4351E+07 -1.4338E+06  7.1775E+05
0007169   6.4508E+07 -8.6611E+05 -5.2351E+05
0007170   6.3286E+07  1.0401E+06 -6.8588E+05
0007171   6.5795E+07 -7.1097E+05  1.6822E+06
0007172   6.6119E+07 -1.0456E+06 -6.3124E+05
0007173   6.2835E+07 -1.4691E+06  9.4471E+05
0007174   6.4216E+07  6.0016E+04 -5.3045E+04
0007175   6.4515E+07  4.3778E+05 -1.5316E+06
0007176   6.4447E+07  6.4526E+05 -3.4550E+05
0007177   6.3986E+07  2.1818E+06  1.3647E+06
0007178   6.5082E+07  1.2866E+06  1.0093E+06
0007179   6.3999E+07  1.5890E+06  1.5735E+06
0007180   6.4914E+07  1.5521E+06  2.3528E+05
0007181   6.6194E+07  1.9510E+06 -1.4497E+06
0007182   6.4509E+07 -5.8241E+04 -8.3508E+05
0007183   6.4399E+07  3.4021E+05 -1.9651E+06
0007184   6.2392E+07 -1.9828E+06 -1.3062E+06
0007185   6.3888E+07  7.2475E+04 -1.5778E+06
0007186   6.5170E+07 -1.4451E+06  1.8507E+06
0007187   6.4434E+07  5.2755E+05 -1.8686E+05
0007188   6.4258E+07 -1.2072E+06 -4.0415E+06
0007189   6.4897E+07 -2.3951E+06 -3.1955E+05
0007190   6.5130E+07  1.5227E+06  2.0258E+06
0007191   6.3494E+07  1.3533E+06 -1.9184E+06
0007192   6.1488E+07 -2.7888E+04  5.0068E+05
0007193   6.3688E+07 -1.2525E+05 -1.8920E+06
0007194   6.4929E+07 -1.8407E+05  1.0221E+05
0007195   6.5503E+07  8.5873E+05 -6.2642E+05
0007196   6.5029E+07 -6.6159E+04  2.5838E+05
0007197   6.3464E+07  1.2402E+05 -2.8412E+05
0007198   6.5619E+07 -2.4340E+06  2.7387E+05
0007199   6.4427E+07 -2.9642E+05  1.0662E+06
0007200   6.5347E+07  8.6442E+05  4.1928E+05
0007201   6.6159E+07 -3.0867E+06 -3.3057E+06
0007202   6.4346E+07 -1.2602E+05  8.4163E+05
0007203   6.4317E+07 -2.2296E+06 -1.7841E+06
0007204   6.4419E+07  1.9407E+06  6.9781E+05
0007205   6.5169E+07 -1.4525E+06  1.8294E+06
0007206   6.1504E+07  6.0110E+05  1.5767E+06
0007207   6.4038E+07  2.2295E+06  4.9215E+05
0007208   6.5253E+07 -5.2100E+05 -1.7979E+06
0007209   6.6409E+07  5.2146E+05  1.8738E+06
0007210   6.4060E+07  1.1263E+06 -5.3653E+05
0007211   6.5894E+07  1.6187E+06 -1.9613E+06
0007212   6.6684E+07  7.8820E+05 -1.5745E+06
0007213   6.4105E+07  8.6942E+05 -5.9160E+05
0007214   6.5890E+07 -5.5753E+05  5.2501E+05
0007215   6.2388E+07  1.1941E+06  2.2537E+05
0007216   6.5231E+07 -1.2799E+06 -1.6182E+05
0007217   6.2579E+07  2.1555E+06 -1.2121E+06
0007218   6.4938E+07  9.7426E+04 -4.5222E+05
0007219   6.5674E+07 -1.3922E+05  4.5833E+05
0007220   6.4416E+07 -2.1429E+06  3.8621E+05
0007221   6.3759E+07  4.6562E+04  1.7259E+06
0007222   6.4369E+07 -2.8249E+06  4.5950E+05
0007223   6.2744E+07 -2.3676E+05 -4.3137E+05
0007224   6.2434E+07  3.2019E+06  9.7717E+05
0007225   6.4436E+07  1.7417E+05 -6.2117E+05
0007226   6.6073E+07  1.4944E+05 -2.1676E+05
0007227   6.5205E+07  7.4781E+05 -1.3311E+06
0007228   6.3327E+07  4.5840E+05  5.3089E+06
0007229   6.4314E+07 -4.4331E+05 -1.1278E+05
0007230   6.5325E+07 -1.5961E+06  1.0097E+06
0007231   6.2760E+07  1.0408E+05 -1.7532E+06
0007232   6.3892E+07 -1.9749E+06 -4.4360E+04
0007233   6.3837E+07  2.3589E+05  1.7713E+06
0007234   6.5368E+07 -2.5954E+06 -7.7362E+05
0007235   6.4337E+07 -1.5997E+06 -1.1922E+06
0007236   6.6351E+07  3.7498E+06  1.2017E+06
0007237   6.5103E+07  1.0640E+06 -2.7773E+05
0007238   6.2554E+07 -3.7166E+05 -7.6608E+05
0007239   6.5123E+07  1.1286E+06 -6.2174E+04
0007240   6.6072E+07  2.6743E+05  2.0736E+06
0007241   6.4201E+07 -7.6770E+05  1.2467E+06
0007242   6.2406E+07 -1.3976E+06  9.0135E+05
0007243   6.4876E+07  9.5512E+03 -1.4389E+06
0007244   6.3346E+07 -1.6622E+06 -2.3373E+06
0007245   6.3619E+07 -1.0807E+06  1.5870E+06
0007246   6.6587E+07 -1.1455E+06  3.3571E+05
0007247   6.5311E+07  3.7601E+06 -1.7345E+06
0007248   6.5819E+07  3.1238E+05 -5.6261E+05
0007249   6.5835E+07  1.4304E+06 -6.6378E+05
0007250   6.1168E+07  5.9944E+05  2.3512E+05
0007251   6.3392E+07  1.2914E+05 -1.3402E+06
0007252   6.5051E+07 -1.5010E+06 -8.5943E+05
0007253   6.5369E+07  6.7359E+05 -1.1999E+06
0007254   6.5808E+07 -4.3601E+05 -1.2235E+06
0007255   6.4699E+07 -6.1711E+05 -2.0371E+06
0007256   6.4061E+07 -6.8591E+05 -3.7995E+05
0007257   6.3733E+07 -1.3070E+06 -1.1885E+06
0007258   6.4894E+07  2.2077E+06 -8.5879E+04
0007259   6.5883E+07 -7.4452E+05  5.7022E+05
0007260   6.5752E+07 -1.9964E+05  3.7641E+05
0007261   6.2984E+07  3.7772E+05 -3.2583E+06
0007262   6.5437E+07 -4.1902E+05 -1.6580E+06
0007263   6.4069E+07  1.5731E+06  1.2842E+06
0007264   6.4181E+07  2.0140E+06 -1.0958E+06
0007265   6.5199E+07  1.0071E+06 -9.4445E+05
0007266   6.5251E+07 -7.3030E+05 -2.7873E+05
0007267   6.5608E+07 -1.3397E+06 -2.5094E+06
0007268   6.4096E+07  1.3048E+06 -9.1440E+05
0007269   6.5273E+07 -1.2950E+06 -1.3750E+06
0007270   6.3654E+07 -2.6174E+06  6.8516E+05
0007271   6.4951E+07  4.0678E+05  2.2281E+06
0007272   6.3384E+07  1.3204E+06 -1.8391E+06
0007273   6.4408E+07 -1.4512E+06 -2.3045E+06
0007274   6.4622E+07 -1.7939E+06  3.2102E+04
0007275   6.0894E+07 -4.9350E+05  4.4286E+05
0007276   6.4585E+07  4.1368E+04 -1.0420E+06
0007277   6.3939E+07 -2.5237E+06  2.4544E+06
0007278   6.5123E+07  2.4739E+06 -2.4229E+06
0007279   6.4258E+07  4.0141E+05 -2.8779E+05
0007280   6.5073E+07  3.3283E+05  3.7379E+05
0007281   6.5044E+07 -4.1522E+06  1.0077E+06
0007282   6.3267E+07  3.0197E+06 -3.1742E+06
0007283   6.4634E+07 -1.4166E+06  3.6780E+05
0007284   6.4710E+07  6.7761E+05 -1.3836E+06
0007285   6.4099E+07 -1.7585E+06  1.5993E+05
0007286   6.2820E+07 -2.9131E+06 -1.0567E+06
0007287   6.4548E+07 -4.6630E+05 -7.6102E+05
0007288   6.4321E+07  5.4049E+05 -3.1498E+05
0007289   6.4581E+07 -2.0483E+06  8.3817E+05
0007290   6.3199E+07  6.8193E+05  2.4666E+06
0007291   6.6519E+07 -1.7597E+06 -1.0099E+05
0007292   6.5175E+07 -2.9969E+06 -1.9097E+06
0007293   6.4487E+07 -1.7275E+06 -5.5765E+05
0007294   6.5081E+07 -1.8049E+06 -6.9513E+05
0007295   6.6078E+07  1.8699E+06  1.6482E+06
0007296   6.4138E+07 -2.7392E+05 -2.2556E+04
0007297   6.6338E+07  2.6436E+04 -2.4030E+06
0007298   6.5096E+07 -6.5340E+05  8.7233E+05
0007299   6.3188E+07  1.0690E+05 -8.9348E+05
0007300   6.5527E+07 -8.4822E+05  4.0868E+05
0007301   6.4049E+07  8.1670E+05  1.6697E+05
0007302   6.2467E+07  2.3748E+06 -2.6910E+06
0007303   6.3342E+07 -1.3293E+06  6.4362E+06
0007304   6.4459E+07 -2.6664E+06 -3.0456E+06
0007305   6.4110E+07 -1.4984E+06 -8.6609E+05
0007306   6.6236E+07  1.5984E+06  2.1686E+06
0007307   6.3916E+07 -1.6335E+06  6.2002E+05
0007308   6.3667E+07 -1.4204E+06  9.9868E+05
0007309   6.5291E+07  6.3586E+05 -2.1115E+06
0007310   6.5127E+07  6.3144E+05 -1.8332E+06
0007311   6.4734E+07  2.9434E+06  1.8199E+06
0007312   6.2612E+07  3.9125E+05 -2.3967E+05
0007313   6.5354E+07 -4.5632E+05  1.7908E+05
0007314   6.6088E+07 -1.1397E+06  5.5683E+05
0007315   6.3775E+07 -1.6691E+06 -8.5879E+05
0007316   6.3410E+07  1.4380E+06  1.0470E+06
0007317   6.3888E+07 -2.1999E+05 -2.1479E+06
0007318   6.6436E+07  2.7152E+06 -1.4135E+06
0007319   6.2925E+07 -1.2596E+05  1.5390E+06
0007320   6.4075E+07 -3.3480E+05 -1.5215E+05
0007321   6.3915E+07  6.2069E+04  8.7979E+05
0007322   6.3654E+07  4.7065E+05 -3.9523E+04
0007323   6.3514E+07 -4.2313E+05 -2.4748E+06
0007324   6.5085E+07  1.6105E+05  1.5457E+06
0007325   6.4902E+07  3.9374E+06 -1.0563E+06
0007326   6.6321E+07  1.8408E+06  1.1715E+06
0007327   6.5860E+07  3.2542E+05  3.4816E+06
0007328   6.4729E+07  6.1376E+05 -4.0807E+05
0007329   6.5583E+07 -4.7162E+05 -6.2504E+05
0007330   6.4563E+07 -1.2030E+06  6.3457E+05
0007331   6.3024E+07  1.7162E+05 -1.7507E+06
0007332   6.5539E+07  2.0812E+06 -5.1264E+05
0007333   6.6204E+07 -7.8491E+05 -6.4673E+05
0007334   6.6844E+07  4.5335E+05 -1.8063E+06
0007335   6.2864E+07 -2.4245E+06 -3.1737E+05
0007336   6.4431E+07  3.6278E+06  2.4210E+06
0007337   6.2174E+07 -4.9504E+06 -7.6652E+05
0007338   6.4693E+07  7.0761E+05  1.3695E+05
0007339   6.5722E+07 -8.7154E+05 -2.1471E+06
0007340   6.3965E+07  3.0024E+05 -3.8627E+05
0007341   6.3443E+07  7.5268E+05  2.5507E+05
0007342   6.5012E+07  5.1121E+05 -1.1786E+06
0007343   6.5897E+07  6.3963E+05 -5.1712E+05
0007344   6.5201E+07 -2.5452E+05  5.6352E+05
0007345   6.4029E+07  1.6296E+06  5.3301E+04
0007346   6.5823E+07 -1.2211E+06 -4.4231E+05
0007347   6.5836E+07  3.3983E+05 -8.1152E+05
0007348   6.2779E+07  1.1157E+06  1.4841E+06
0007349   6.3936E+07 -1.8525E+06 -2.2031E+06
0007350   6.5050E+07 -1.2711E+06 -9.4216E+05
0007351   6.4371E+07  2.3072E+06  2.3871E+06
0007352   6.3184E+07 -3.1820E+06 -4.6659E+05
0007353   6.5141E+07  1.0260E+06 -1.6687E+06
0007354   6.6095E+07  2.5863E+06  1.3365E+06
0007355   6.3617E+07 -5.9309E+05  2.1755E+06
0007356   6.4463E+07  2.0506E+06  9.2016E+05
0007357   6.2815E+07 -2.2393E+05 -8.1488E+05
0007358   6.6570E+07  1.0419E+06  5.4028E+05
0007359   6.5110E+07 -2.9223E+06  2.1227E+06
0007360   6.4148E+07 -2.1275E+06  1.2785E+04
0007361   6.3037E+07  8.5461E+05 -2.1664E+06
0007362   6.5072E+07  4.4855E+05  6.7589E+05
0007363   6.5648E+07 -3.2346E+06 -1.6426E+05
0007364   6.4254E+07  6.0370E+05  5.0659E+05
0007365   6.3604E+07  1.9945E+06  4.4153E+06
0007366   6.5009E+07 -6.0982E+05  4.5573E+05
0007367   6.4984E+07  9.1807E+05  1.9101E+06
0007368   6.3340E+07 -5.1764E+04  1.0855E+06
0007369   6.5857E+07  7.8728E+05 -1.7594E+06
0007370   6.6042E+07  1.5998E+06 -1.1065E+06
0007371   6.3130E+07  9.6803E+05  4.7065E+05
0007372   6.5119E+07  2.7075E+05  3.7074E+05
0007373   6.4474E+07  3.6274E+06 -4.7098E+05
0007374   6.5147E+07  2.7563E+06 -3.8494E+06
0007375   6.4773E+07  4.5625E+05  1.2434E+06
0007376   6.2975E+07  5.7810E+05  4.2112E+06
0007377   6.4429E+07 -2.2663E+06  3.8440E+05
0007378   6.4242E+07 -8.2734E+05  1.1686E+06
0007379   6.4778E+07  7.4192E+05  1.1017E+06
0007380   6.5816E+07 -6.6416E+05  6.5130E+04
0007381   6.3672E+07 -8.0644E+05  3.3869E+06
0007382   6.5380E+07  1.6754E+05  1.0768E+05
0007383   6.4074E+07 -5.0212E+06  2.0438E+05
0007384   6.4793E+07 -8.0896E+05 -2.3168E+06
0007385   6.3896E+07  2.2421E+04  6.5534E+05
0007386   6.4569E+07 -1.0609E+06 -2.9350E+06
0007387   6.5868E+07 -3.1452E+05 -3.9145E+06
0007388   6.3874E+07  4.7169E+05 -1.1979E+06
0007389   6.4509E+07 -3.5125E+06 -2.1652E+06
0007390   6.4729E+07 -3.2546E+06 -2.7881E+05
0007391   6.3800E+07 -9.6235E+05  6.2284E+05
0007392   6.3865E+07 -1.8276E+06  2.0325E+04
0007393   6.4275E+07 -3.4803E+05 -1.0556E+06
0007394   6.2593E+07  1.2325E+06 -1.0628E+06
0007395   6.3924E+07 -3.2490E+06 -1.9266E+06
0007396   6.4080E+07 -1.1467E+06  1.2206E+06
0007397   6.4234E+07 -2.9291E+05 -7.6416E+05
0007398   6.6152E+07  3.9436E+05 -1.8238E+06
0007399   6.6504E+07 -2.0633E+05  6.8711E+03
0007400   6.4212E+07  4.0358E+05 -5.6583E+05
0007401   6.3461E+07 -1.5311E+06  7.7594E+05
0007402   6.3350E+07 -6.8939E+05  1.8005E+06
0007403   6.4606E+07 -1.3435E+06  2.7889E+06
0007404   6.4126E+07 -1.8875E+06  2.2112E+06
0007405   6.5010E+07 -1.1948E+06  1.4742E+06
0007406   6.4312E+07  1.2832E+06 -2.2498E+06
0007407   6.5579E+07  3.1875E+05 -9.0972E+05
0007408   6.3934E+07 -2.8194E+05  7.2749E+05
0007409   6.1984E+07  3.1917E+06 -6.5693E+06
0007410   6.4011E+07  6.9395E+06 -5.3904E+05
0007411   5.8548E+07 -6.7101E+06  1.8370E+07
0007412   6.5560E+07 -8.6986E+05  1.7054E+06
0007413   6.4109E+07  3.8434E+06  2.8628E+05
0007414   6.5862E+07  6.9609E+05  8.6591E+05
0007415   6.3353E+07  1.6270E+06 -1.0117E+06
0007416   6.2932E+07  5.5817E+05  5.1014E+05
0007417   6.4974E+07 -4.1419E+05 -1.4245E+06
0007418   6.4478E+07 -2.4298E+06 -1.6173E+05
0007419   6.3561E+07 -1.0780E+06 -2.8614E+06
0007420   6.4877E+07 -6.7756E+05 -1.0922E+06
0007421   6.5036E+07 -8.7847E+05  6.3785E+05
0007422   6.6209E+07  2.2527E+06 -6.5292E+05
0007423   6.3729E+07  1.4770E+06  2.0731E+05
0007424   6.4574E+07 -1.5260E+06  1.5119E+05
0007425   6.2687E+07 -8.7185E+05  8.9640E+05
0007426   6.5553E+07 -2.5105E+05  2.2063E+06
0007427   6.3733E+07  8.7054E+05  1.8552E+06
0007428   6.4093E+07 -1.0042E+06  2.0542E+05
0007429   6.6151E+07  3.1706E+05 -1.5853E+06
0007430   6.4514E+07  1.4665E+06  2.9688E+05
0007431   6.4778E+07 -1.9945E+06 -5.4879E+05
0007432   6.4751E+07  1.0982E+06  1.5096E+05
0007433   6.3020E+07  2.1334E+06 -2.4217E+05
0007434   6.5384E+07  5.8765E+04 -3.0834E+06
0007435   6.3690E+07  1.3521E+06  1.7894E+06
0007436   6.5295E+07 -2.3114E+06  4.9751E+05
0007437   6.3189E+07 -3.9988E+05 -2.5660E+06
0007438   6.7269E+07 -5.0595E+05 -7.0391E+05
0007439   6.2063E+07  2.1964E+05  2.7260E+06
0007440   6.4444E+07  3.3892E+06  1.4808E+06
0007441   6.2496E+07  1.8429E+06 -1.0844E+06
0007442   6.3887E+07 -1.6480E+05 -6.0063E+05
0007443   6.2638E+07 -1.7501E+06  5.6560E+05
0007444   6.4320E+07  2.6943E+06 -3.1601E+06
0007445   6.3556E+07 -3.5684E+06 -1.1244E+06
0007446   6.3064E+07  6.6259E+04  1.3876E+06
0007447   6.2945E+07  3.4846E+05 -4.3772E+05
0007448   6.2929E+07 -2.5828E+06  5.7311E+05
0007449   6.6603E+07  2.1092E+06 -1.9257E+06
0007450   6.4620E+07 -1.4734E+06  5.6893E+05
0007451   6.5482E+07 -2.8664E+05  5.4587E+05
0007452   6.3076E+07 -5.9090E+05  1.1954E+06
0007453   6.5770E+07 -1.4660E+06  6.5413E+05
0007454   6.2861E+07 -6.7071E+05 -1.2652E+05
0007455   6.3644E+07  9.6139E+05  7.8342E+05
0007456   6.2794E+07  2.5166E+06  1.3303E+06
0007457   6.3635E+07 -7.1504E+05 -1.2727E+06
0007458   6.7213E+07 -1.0936E+06  3.4921E+06
0007459   6.2291E+07  4.0585E+06  7.9286E+05
0007460   6.4902E+07 -5.9659E+05 -1.2103E+06
0007461   6.1946E+07  5.0700E+06  7.0440E+06
0007462   6.3367E+07 -2.3105E+06 -1.2908E+06
0007463   6.3841E+07  1.1005E+06  3.4926E+06
0007464   6.3611E+07  1.2516E+06  7.9367E+05
0007465   6.3841E+07 -1.9652E+06  2.7825E+05
0007466   6.4078E+07  1.7874E+06 -1.1338E+05
0007467   6.4156E+07 -8.5079E+05  4.6019E+05
0007468   6.4487E+07  1.6002E+05  1.0047E+06
0007469   6.3388E+07  1.7593E+06 -1.0730E+06
0007470   6.3993E+07  1.7189E+06  5.0063E+06
0007471   6.4446E+07  3.3887E+05 -6.3869E+05
0007472   6.4433E+07  1.4372E+06  2.4712E+06
0007473   6.4193E+07 -3.2592E+06  1.3308E+06
0007474   6.4806E+07 -3.1657E+05  1.6168E+06
0007475   6.4045E+07 -3.2881E+06  3.5225E+06
0007476   6.4590E+07  2.0188E+05  9.6662E+05
0007477   6.2887E+07 -3.3455E+06 -3.2601E+06
0007478   6.3702E+07  2.7699E+05 -2.0832E+06
0007479   6.4821E+07 -3.3658E+05 -1.1687E+06
0007480   6.5114E+07 -5.2793E+05  2.4069E+06
0007481   6.6205E+07 -3.0253E+06  1.5751E+06
0007482   6.4665E+07  1.2594E+04 -8.0821E+05
0007483   6.4474E+07 -4.9352E+05  8.0756E+05
0007484   6.4599E+07  4.7542E+05  6.3530E+05
0007485   6.5559E+07  6.7384E+05 -6.3305E+05
0007486   6.5231E+07 -1.1286E+05 -3.4351E+05
0007487   6.3401E+07  1.0844E+06 -7.2161E+05
0007488   6.5191E+07 -1.5147E+06 -4.1932E+06
0007489   6.1573E+07 -3.8533E+05 -2.2584E+06
0007490   6.4817E+07 -1.1157E+05 -4.1372E+05
0007491   6.4647E+07  7.5772E+05 -2.8148E+06
0007492   6.3371E+07 -1.5015E+06  2.4793E+06
0007493   6.3737E+07  1.3536E+06  2.8655E+05
0007494   6.3352E+07  6.5777E+04  2.9873E+04
0007495   6.5974E+07  3.7953E+05  1.5555E+05
0007496   6.5783E+07 -3.1427E+05 -1.3558E+06
0007497   6.5699E+07 -7.2272E+03  1.3210E+06
0007498   6.6030E+07 -2.4279E+06  4.5395E+05
0007499   6.4391E+07 -8.1745E+04  5.1784E+05
0007500   6.5395E+07  1.6203E+06 -1.4310E+05
0007501   6.3226E+07  4.2794E+06  3.9376E+04
0007502   6.3691E+07 -6.7529E+05 -7.4609E+05
0007503   6.3032E+07 -4.4585E+05 -3.5828E+05
0007504   6.5814E+07 -5.4941E+05  1.1202E+06
0007505   6.6124E+07  3.0873E+05  1.8752E+06
0007506   6.4009E+07  1.6973E+06 -1.4906E+06
0007507   6.2124E+07  4.0729E+06  2.1828E+05
0007508   6.6041E+07  9.1975E+04  8.0741E+05
0007509   6.5024E+07 -7.7008E+05  1.0091E+06
0007510   6.5695E+07  2.6007E+05 -4.0165E+05
0007511   6.4278E+07  4.5619E+05 -7.7195E+05
0007512   6.3665E+07 -1.0151E+06 -1.6793E+06
0007513   6.5007E+07  2.6016E+06  2.1302E+05
0007514   6.5655E+07  7.6980E+05  6.8290E+05
0007515   6.2666E+07  1.6049E+06  3.3969E+05
0007516   6.3923E+07 -5.6067E+05  9.1017E+04
0007517   6.5693E+07  3.1917E+06 -1.7629E+05
0007518   6.3701E+07 -3.2822E+05  1.2359E+06
0007519   6.3497E+07 -5.3828E+05 -4.9970E+04
0007520   6.5749E+07 -7.6137E+04 -1.4512E+06
0007521   6.6551E+07  2.4386E+05  8.7059E+05
0007522   6.2677E+07  1.3741E+06 -7.1823E+05
0007523   6.5433E+07  9.5699E+05 -1.1147E+06
0007524   6.5462E+07 -2.1030E+06 -1.8555E+06
0007525   6.2853E+07 -8.6651E+05 -1.0134E+06
0007526   6.3183E+07  9.9053E+04 -2.8507E+06
0007527   6.5052E+07  3.0499E+05 -2.1735E+06
0007528   6.6276E+07 -4.3834E+05 -6.2415E+05
0007529   6.5197E+07  2.7687E+06  1.8032E+06
0007530   6.5810E+07 -9.1197E+05  2.5100E+05
0007531   6.3045E+07 -1.7739E+06  2.0413E+05
0007532   6.3209E+07 -2.3405E+06 -6.9882E+05
0007533   6.3309E+07  1.6906E+06  4.7979E+05
0007534   6.4977E+07 -3.4762E+05 -1.7108E+05
0007535   6.3740E+07  7.6265E+04 -1.7708E+06
0007536   6.4735E+07 -2.4388E+06 -2.3315E+05
0007537   6.4447E+07  4.3536E+05  7.6819E+05
0007538   6.5966E+07 -3.9980E+06 -1.7149E+06
0007539   6.4612E+07  8.5056E+04 -7.8285E+05
0007540   6.2108E+07 -2.7673E+06 -5.9820E+05
0007541   6.3755E+07 -9.8604E+05 -1.1378E+06
0007542   6.3796E+07  2.9958E+06 -1.7327E+05
0007543   6.4913E+07  6.2150E+04  6.5313E+05
0007544   6.3382E+07  9.4579E+05 -5.5300E+05
0007545   6.4272E+07  2.9944E+05  5.6622E+05
0007546   6.2875E+07 -9.8434E+05 -2.9630E+06
0007547   6.5454E+07 -1.0801E+06 -2.5393E+06
0007548   6.5589E+07  7.9951E+05 -5.9935E+05
0007549   6.4151E+07 -1.1747E+06  4.7540E+04
0007550   6.4717E+07  4.9534E+05 -1.6072E+05
0007551   6.4511E+07  4.6790E+04 -4.6235E+04
0007552   6.5034E+07 -1.3880E+06 -8.9207E+05
0007553   6.3739E+07  7.4695E+03  3.9633E+05
0007554   6.5005E+07 -1.9783E+06  1.8189E+06
0007555   6.4697E+07  2.6723E+05  7.6360E+05
0007556   6.3366E+07  2.7847E+05 -9.4822E+03
0007557   6.4416E+07  1.6312E+06 -3.8252E+05
0007558   6.3182E+07  2.6658E+06  3.0770E+06
0007559   6.2873E+07  1.1809E+06  1.2803E+06
0007560   6.3890E+07 -4.3914E+06  8.2035E+05
0007561   6.5013E+07 -1.4223E+06  9.9831E+05
0007562   6.2998E+07  1.7618E+06 -1.3467E+06
0007563   6.5960E+07  1.3672E+06 -3.1748E+05
0007564   6.4981E+07  2.4705E+06 -3.2599E+05
0007565   6.3405E+07  2.7726E+06 -8.0888E+04
0007566   6.4792E+07  4.4316E+05 -1.0761E+06
0007567   6.4293E+07 -3.4487E+06 -1.4548E+06
0007568   6.4977E+07 -6.9625E+05  6.9183E+05
0007569   6.3469E+07  6.7029E+05  6.0406E+04
0007570   6.4963E+07 -1.0783E+06 -1.9998E+06
0007571   6.3739E+07 -1.9545E+06 -4.8966E+05
0007572   6.5716E+07  1.7879E+06  1.5892E+06
0007573   6.3058E+07 -8.6042E+04  1.3779E+05
0007574   6.5326E+07 -8.1557E+04  1.6277E+06
0007575   6.4196E+07 -8.3027E+05 -1.7743E+05
0007576   6.4315E+07  1.7335E+06  1.2770E+06
0007577   6.3775E+07  2.7362E+06  1.9932E+06
0007578   6.4782E+07  2.4917E+06 -3.2152E+05
0007579   6.5582E+07 -1.5416E+06  1.6622E+06
0007580   6.3508E+07 -2.1496E+06 -2.5975E+06
0007581   6.3814E+07  2.4540E+06 -5.2367E+05
0007582   6.5454E+07 -6.3838E+05 -6.3377E+05
0007583   6.3716E+07  9.4785E+05  4.6999E+05
0007584   6.3919E+07  5.5238E+05 -8.6094E+05
0007585   6.5575E+07 -2.5457E+05 -2.1579E+06
0007586   6.4042E+07 -9.1945E+04  1.3981E+06
0007587   6.5169E+07 -4.0649E+05  1.5037E+06
0007588   6.3958E+07  1.2295E+06 -6.0305E+05
0007589   6.3650E+07  8.1588E+05  9.1766E+05
0007590   6.3994E+07 -4.6876E+05  2.5109E+06
0007591   6.3464E+07  1.4088E+06 -1.2922E+06
0007592   6.5034E+07 -1.1455E+06 -1.1436E+06
0007593   6.5525E+07 -7.0753E+05  2.4166E+05
0007594   6.6636E+07  1.8671E+06  1.5685E+06
0007595   6.4594E+07 -4.1494E+06  1.6568E+04
0007596   6.3768E+07  6.0597E+05 -7.2541E+05
0007597   6.5456E+07  1.8251E+05 -1.2874E+06
0007598   6.5752E+07 -9.5514E+05  2.3736E+06
0007599   6.4428E+07 -6.3517E+04  8.2632E+05
0007600   6.3188E+07  5.9850E+04 -3.8116E+05
0007601   6.3981E+07 -2.5415E+06  1.1823E+06
0007602   6.5014E+07 -1.6182E+06  7.1305E+05
0007603   6.6603E+07 -1.8066E+06  4.1304E+05
0007604   6.5195E+07 -4.2448E+04  4.1895E+06
0007605   6.5134E+07  3.1410E+05  1.4123E+05
0007606   6.2974E+07 -7.1177E+05 -1.0256E+06
0007607   6.2294E+07 -1.2743E+05 -7.8062E+04
0007608   6.4451E+07  2.5844E+06 -2.6175E+05
0007609   6.2563E+07  6.6073E+05  1.5555E+06
0007610   6.6430E+07  4.1769E+05  1.1912E+06
0007611   6.3278E+07 -1.6731E+06  3.0338E+06
0007612   6.2894E+07  4.7765E+05  8.8870E+05
0007613   6.3132E+07 -4.2403E+05 -9.9867E+05
0007614   6.6913E+07  1.0752E+06 -8.9827E+05
0007615   6.4144E+07 -7.7057E+05  7.2674E+05
0007616   6.3725E+07  2.8180E+06  1.4227E+06
0007617   6.4437E+07  1.0420E+06 -7.5649E+05
0007618   6.5247E+07  3.0839E+06  3.8319E+05
0007619   6.5422E+07 -3.5248E+05 -1.3307E+06
0007620   6.8002E+07 -1.0880E+06  2.2652E+05
0007621   6.5017E+07 -2.0033E+06  2.3605E+06
0007622   6.4157E+07  2.9066E+06 -1.2509E+06
0007623   6.2299E+07 -1.7896E+06 -1.1886E+06
0007624   6.2752E+07 -3.1380E+06  1.8366E+06
0007625   6.4633E+07 -4.3224E+05  1.5162E+06
0007626   6.4434E+07 -2.6421E+06 -3.1841E+05
0007627   6.3892E+07  2.4516E+06 -1.4485E+06
0007628   6.4279E+07  1.2039E+06 -8.8048E+05
0007629   6.3884E+07 -2.3172E+06 -2.3008E+06
0007630   6.5988E+07 -7.6718E+05  3.4833E+05
0007631   6.4508E+07  1.8065E+05 -2.5935E+05
0007632   6.5893E+07  2.7168E+06 -1.0796E+06
0007633   6.4431E+07  3.9225E+05  2.0027E+06
0007634   6.4357E+07 -1.7456E+06 -1.1227E+05
0007635   6.5745E+07  5.1990E+04 -2.4025E+06
0007636   6.4689E+07  5.1561E+05 -3.4748E+06
0007637   6.4079E+07  1.1091E+06  1.7870E+05
0007638   6.4929E+07  3.0446E+06  1.5364E+05
0007639   6.2722E+07  1.7502E+06  5.5316E+05
0007640   6.3254E+07 -1.3482E+06  7.6437E+04
0007641   6.1539E+07 -2.7926E+06 -6.9827E+05
0007642   6.2283E+07 -2.1182E+06  1.2436E+07
0007643   6.2578E+07 -9.8132E+05  1.3949E+06
0007644   6.5278E+07 -1.2306E+06  2.0151E+06
0007645   6.3666E+07  5.5416E+05  2.4364E+06
0007646   6.5320E+07  2.5013E+05  1.1930E+06
0007647   6.5313E+07  4.0679E+05  1.2827E+06
0007648   6.3018E+07  1.0336E+06 -5.4133E+05
0007649   6.3521E+07 -2.7674E+06 -2.9016E+06
0007650   6.6542E+07  2.8331E+05  1.4981E+06
0007651   6.5456E+07 -7.8297E+04  9.9375E+05
0007652   6.7026E+07  3.0663E+05  3.3145E+05
0007653   6.3641E+07 -2.9611E+05  9.0043E+05
0007654   6.2943E+07  9.5731E+05  1.1740E+05
0007655   6.5141E+07 -4.6669E+05 -5.9452E+05
0007656   6.5331E+07 -1.5485E+06 -8.0137E+05
0007657   6.5161E+07  4.6427E+05 -1.9399E+05
0007658   6.5283E+07  1.0289E+06  6.2824E+05
0007659   6.2283E+07  1.0516E+06 -8.3019E+05
0007660   6.6065E+07  1.9123E+06 -9.7254E+05
0007661   6.4195E+07 -4.3775E+05 -1.4515E+06
0007662   6.3916E+07 -5.7560E+05 -4.5995E+05
0007663   6.5088E+07  1.4870E+05 -1.0397E+06
0007664   6.4046E+07  1.2402E+06 -2.3873E+06
0007665   6.3922E+07 -9.7406E+05 -2.8883E+05
0007666   6.5050E+07  7.3799E+05  1.4663E+05
0007667   6.4932E+07 -4.2012E+05 -9.5268E+05
0007668   6.4259E+07 -1.6156E+05 -2.3956E+06
0007669   6.4195E+07  4.3432E+05  8.4497E+04
0007670   6.2557E+07  1.9946E+06  9.7372E+05
0007671   6.4517E+07 -1.7535E+06 -1.1713E+06
0007672   6.3303E+07 -2.5161E+06  6.8518E+05
0007673   6.4038E+07  5.6159E+05  1.0006E+06
0007674   6.4929E+07  6.2174E+05  2.3843E+06
0007675   6.3709E+07  2.4042E+04 -7.7355E+05
0007676   6.2994E+07  1.0466E+06  9.3875E+05
0007677   6.4828E+07  6.0175E+05 -4.8616E+05
0007678   6.4353E+07  1.7016E+06 -8.3117E+05
0007679   6.4864E+07  2.5483E+06 -4.1557E+05
0007680   6.3745E+07  1.7955E+06  6.1061E+05
0007681   6.2263E+07 -2.4001E+06 -2.2757E+06
0007682   6.3448E+07 -4.3268E+05 -9.8243E+05
0007683   6.2857E+07 -4.3954E+06  1.6366E+06
0007684   6.3960E+07 -2.4030E+06  3.4088E+05
0007685   6.5523E+07 -1.1436E+06  5.8710E+05
0007686   6.3051E+07  2.4428E+06 -1.2613E+06
0007687   6.3530E+07 -1.9904E+05  1.0909E+06
0007688   6.3462E+07 -1.2731E+06  7.8716E+05
0007689   6.5522E+07  9.1238E+05 -4.1785E+05
0007690   6.3373E+07 -2.9787E+05 -9.7360E+05
0007691   6.4323E+07 -2.7057E+06  3.1384E+06
0007692   6.4350E+07 -1.0765E+06 -2.0603E+06
0007693   6.4198E+07 -1.5860E+05 -3.6848E+05
0007694   6.6441E+07  1.6919E+05 -2.3814E+06
0007695   6.5628E+07 -1.2036E+06 -2.0551E+06
0007696   6.4382E+07 -2.5970E+06  5.7506E+05
0007697   6.3811E+07  1.0992E+05 -6.5458E+05
0007698   6.4783E+07 -1.0240E+06  1.2610E+06
0007699   6.1377E+07  1.6839E+06 -7.6710E+05
0007700   6.4425E+07 -2.6684E+06 -3.2347E+04
0007701   6.4989E+07  9.0082E+05  3.5284E+05
0007702   6.2228E+07  9.5532E+05 -3.9424E+05
0007703   6.3624E+07 -4.4236E+05  1.5492E+06
0007704   6.4773E+07  3.2460E+05 -1.0963E+05
0007705   6.3805E+07  2.4959E+06  2.5758E+06
0007706   6.4813E+07  3.2637E+06  1.7630E+06
0007707   6.5534E+07 -1.4542E+05 -4.7931E+05
0007708   6.5601E+07  6.2021E+05  2.1146E+06
0007709   6.3357E+07  4.2796E+05 -4.2802E+05
0007710   6.3808E+07 -4.7567E+05 -1.7303E+05
0007711   6.3658E+07 -2.1009E+06  1.0379E+06
0007712   6.3240E+07  4.3147E+05 -1.9686E+05
0007713   6.6868E+07 -1.7402E+05  2.2138E+06
0007714   6.4521E+07  4.1679E+05  2.5561E+03
0007715   6.6244E+07 -2.2522E+05  1.8658E+06
0007716   6.7098E+07 -2.2410E+06  3.8946E+05
0007717   6.6113E+07 -1.5110E+06  3.9518E+05
0007718   6.3178E+07 -3.0068E+06  1.9021E+06
0007719   6.3050E+07 -1.7687E+06 -2.1377E+05
0007720   6.4068E+07  5.3995E+05  5.6848E+05
0007721   6.5178E+07  3.4549E+05  7.0791E+05
0007722   6.3714E+07  1.5605E+05  1.8335E+05
0007723   6.5465E+07 -9.4672E+05  3.4153E+05
0007724   6.4968E+07 -4.9734E+05 -1.2819E+06
0007725   6.2942E+07 -1.4527E+06  6.5783E+05
0007726   6.4403E+07 -6.6132E+05  1.1038E+06
0007727   5.7603E+07  1.3093E+07 -1.5322E+07
0007728   6.3738E+07 -3.6607E+06 -1.9007E+06
0007729   6.4034E+07 -4.4177E+05  2.4724E+06
0007730   6.5134E+07 -4.7628E+04 -2.3103E+06
0007731   6.4116E+07 -4.3047E+05 -2.2184E+06
0007732   6.5902E+07 -5.9058E+05  3.2915E+06
0007733   6.3830E+07 -2.4140E+06 -2.4480E+06
0007734   6.6578E+07  1.1545E+06  1.7677E+05
0007735   6.5377E+07  1.8107E+05 -4.3740E+05
0007736   6.4858E+07  3.2066E+05 -6.6714E+05
0007737   6.3603E+07 -2.2190E+06 -1.5549E+05
0007738   6.5374E+07  8.0966E+05 -9.8709E+05
0007739   6.6192E+07 -1.5077E+06 -1.0252E+06
0007740   6.4211E+07 -9.8195E+05 -7.1544E+05
0007741   6.3743E+07  1.1946E+06 -2.2107E+05
0007742   6.3638E+07  3.8666E+05 -7.4388E+05
0007743   6.5229E+07  4.8394E+05  8.0307E+04
0007744   6.5274E+07  1.3399E+05 -1.7934E+06
0007745   6.5022E+07  2.7475E+06  2.3629E+04
0007746   6.4810E+07 -1.9796E+06  1.4240E+06
0007747   6.2714E+07  8.2729E+05  1.7428E+06
0007748   6.3654E+07  3.1876E+06  1.0651E+05
0007749   6.5064E+07  1.1242E+06 -1.2130E+06
0007750   6.3335E+07  8.0936E+05 -7.9490E+05
0007751   6.5793E+07 -2.0173E+06  7.5013E+05
0007752   6.3896E+07 -2.6641E+05 -6.7892E+05
0007753   6.3795E+07  1.2147E+06 -1.0064E+06
0007754   6.3611E+07 -7.5664E+05  9.8316E+05
0007755   6.4847E+07 -1.5714E+06 -4.8509E+05
0007756   6.3093E+07  1.0580E+06 -2.7696E+06
0007757   6.4531E+07  9.0002E+05 -6.7109E+05
0007758   6.2426E+07  2.4673E+06 -1.2231E+05
0007759   6.4957E+07 -3.6864E+06 -5.1777E+05
0007760   6.3600E+07  1.8656E+06  1.7755E+06
0007761   6.6026E+07  3.5428E+05  7.7790E+05
0007762   6.4701E+07  1.0865E+06  6.1220E+05
0007763   6.6134E+07 -3.1453E+06 -1.0701E+06
0007764   6.3998E+07  3.2036E+06  2.3719E+05
0007765   6.3879E+07 -1.5697E+06  8.0847E+05
0007766   6.7248E+07 -1.2111E+06 -4.8257E+06
0007767   6.3193E+07  1.0830E+06  1.3950E+04
0007768   6.2737E+07 -2.4565E+06 -5.6311E+04
0007769   6.4353E+07  1.9122E+03  5.5388E+05
0007770   6.4731E+07 -3.2497E+05 -7.8285E+05
0007771   6.4454E+07  3.0455E+05  1.3338E+06
0007772   6.5435E+07 -2.1169E+06  1.4119E+04
0007773   6.4250E+07 -9.7611E+05 -2.1942E+05
0007774   6.5521E+07 -1.8905E+06  1.4473E+05
0007775   6.5366E+07  1.8381E+06 -1.1986E+06
0007776   6.4213E+07  1.4515E+06  1.5157E+06
0007777   6.5222E+07  1.0687E+06 -3.3527E+05
0007778   6.3564E+07 -1.1027E+06 -1.2496E+06
0007779   6.5359E+07 -2.5056E+06 -6.5947E+05
0007780   6.5019E+07 -1.8140E+06  2.7968E+06
0007781   6.4033E+07 -9.9175E+05  9.0324E+05
0007782   6.6247E+07 -6.4178E+05 -1.3757E+06
0007783   6.5492E+07  6.5527E+04 -2.2188E+05
0007784   6.5689E+07 -1.2649E+06  2.7476E+06
0007785   6.4711E+07 -8.9151E+05  9.2766E+05
0007786   6.4197E+07  4.5875E+05  1.1370E+06
0007787   6.4797E+07  8.7167E+05 -2.2216E+06
0007788   6.7990E+07 -2.3372E+06 -6.2745E+05
0007789   6.4801E+07 -2.8792E+05 -5.6580E+05
0007790   6.5375E+07 -3.4808E+06 -3.6434E+05
0007791   6.4991E+07 -4.5342E+05 -3.4627E+05
0007792   6.3565E+07  1.5918E+06 -2.0650E+06
0007793   6.5152E+07  1.3541E+06 -2.0024E+06
0007794   6.5713E+07 -3.0507E+05 -6.9079E+05
0007795   6.4057E+07  1.6481E+06 -6.6080E+05
0007796   6.5906E+07 -8.6194E+05  2.5810E+06
0007797   6.3500E+07 -5.6770E+05 -1.2007E+06
0007798   6.5000E+07  2.0165E+06 -9.6538E+05
0007799   6.4598E+07  2.6100E+06  1.2407E+06
0007800   6.5078E+07  4.7917E+05  7.3609E+05
0007801   5.8367E+07 -1.0901E+07  3.1922E+06
0007802   6.3208E+07 -1.6414E+05 -3.5292E+05
0007803   6.6697E+07 -3.9292E+04  1.6769E+06
0007804   6.4719E+07 -1.0724E+06  1.0666E+06
0007805   6.4458E+07  1.1582E+06 -1.0641E+05
0007806   6.5042E+07 -5.6691E+05  4.9440E+05
0007807   6.3514E+07 -1.1916E+06  1.3118E+06
0007808   6.4983E+07 -1.0341E+06 -1.1672E+06
0007809   6.4251E+07  2.1536E+06  1.2894E+06
0007810   6.5181E+07  6.2391E+05  2.1361E+05
0007811   6.4832E+07 -1.2554E+06  2.4652E+06
0007812   6.5969E+07 -5.8274E+05  1.0208E+06
0007813   6.6626E+07 -8.4654E+05  4.1862E+05
0007814   6.6746E+07 -2.5749E+06 -9.1464E+05
0007815   6.3730E+07  3.8334E+05  1.1800E+06
0007816   6.4453E+07 -9.2853E+05  2.0053E+06
0007817   6.4415E+07 -2.2073E+06 -1.3730E+06
0007818   6.3737E+07 -1.5882E+06  1.1939E+06
0007819   6.4675E+07 -9.5041E+05 -8.4341E+05
0007820   6.4515E+07  1.7961E+06  1.2073E+06
0007821   6.3491E+07  1.8926E+06 -8.3349E+05
0007822   6.4331E+07  1.3027E+05  2.6707E+06
0007823   6.3293E+07 -2.6634E+04 -8.5665E+05
0007824   6.4318E+07 -4.3396E+06 -3.1102E+05
0007825   6.3726E+07 -1.6213E+06  5.7547E+05
0007826   6.5566E+07 -6.7905E+05 -1.1039E+06
0007827   6.4040E+07 -7.8549E+05 -5.9266E+05
0007828   6.3514E+07  1.1098E+06  1.9719E+06
0007829   6.5367E+07  7.3446E+04  1.5305E+06
0007830   6.4082E+07 -3.1731E+06  2.9201E+06
0007831   6.5406E+07 -9.7981E+05 -1.4797E+06
0007832   6.5026E+07  1.5667E+05 -5.8699E+05
0007833   6.2460E+07 -5.5961E+06  3.9757E+06
0007834   6.2772E+07  7.7133E+05 -8.0546E+05
0007835   6.3465E+07 -8.6734E+05 -1.0994E+06
0007836   6.4376E+07 -1.3950E+06 -4.0466E+05
0007837   6.4030E+07 -9.2896E+05  5.1324E+05
0007838   6.4021E+07  3.9643E+05  1.1528E+05
0007839   6.3612E+07 -1.5914E+06  2.3905E+06
0007840   6.3712E+07 -3.0633E+06  6.8828E+05
0007841   6.3543E+07 -2.8043E+05  1.6137E+06
0007842   6.4035E+07 -1.0877E+06  1.7999E+06
0007843   6.5039E+07  8.6705E+05 -2.2167E+05
0007844   6.4025E+07  3.7024E+04  1.6519E+06
0007845   6.4787E+07 -3.1946E+05 -1.3828E+06
0007846   6.6026E+07  1.0957E+05 -3.0157E+06
0007847   5.9982E+07  6.4602E+06 -1.0467E+07
0007848   6.4534E+07  2.3944E+06 -1.7458E+06
0007849   6.2615E+07  1.4858E+06 -9.7602E+05
0007850   6.4965E+07 -1.8003E+06 -1.0022E+06
0007851   6.5271E+07  2.9663E+05 -6.6815E+05
0007852   6.3803E+07 -4.3601E+05  3.9162E+04
0007853   6.6152E+07 -1.4305E+04  1.2206E+06
0007854   6.5996E+07  8.0155E+04 -3.8793E+05
0007855   6.5085E+07 -6.2296E+05  8.3477E+04
0007856   6.3694E+07  5.1801E+05  1.5799E+06
0007857   6.4463E+07 -8.2761E+05  2.6532E+05
0007858   6.2505E+07  1.8014E+06 -4.6194E+05
0007859   6.5481E+07 -2.1142E+06 -1.2207E+06
0007860   6.3383E+07 -1.4340E+06  8.3330E+05
0007861   6.6882E+07  1.5631E+06 -1.1099E+05
0007862   6.4644E+07 -2.7216E+06 -3.8164E+04
0007863   6.4813E+07 -2.3113E+06  3.2841E+05
0007864   6.6329E+07 -4.8196E+04  4.6430E+05
0007865   6.4438E+07 -1.8581E+06 -3.2629E+05
0007866   6.3386E+07 -1.7795E+06  2.1648E+06
0007867   6.5620E+07  9.6622E+05  4.6530E+05
0007868   6.3303E+07  5.6159E+05  5.9326E+05
0007869   6.4427E+07  7.7282E+05 -3.2906E+05
0007870   6.5499E+07 -1.9038E+06  6.1358E+04
0007871   6.7043E+07 -9.9908E+04 -7.7212E+05
0007872   6.2151E+07  2.6522E+06 -2.4469E+06
0007873   6.4678E+07 -4.1309E+05 -1.7401E+06
0007874   6.4290E+07  8.4371E+05 -1.5173E+06
0007875   6.5040E+07 -1.0989E+06  1.8777E+05
0007876   6.3199E+07 -2.1229E+06  1.0126E+06
0007877   6.3668E+07 -2.3270E+06 -3.3834E+06
0007878   6.3760E+07  1.9616E+06 -1.8370E+06
0007879   6.5376E+07  4.1546E+05 -6.3368E+05
0007880   6.2041E+07  2.1103E+06  4.5227E+06
0007881   6.5444E+07  3.7401E+05 -5.8507E+05
0007882   6.4340E+07  4.8701E+05  1.6631E+06
0007883   6.4735E+07 -6.5223E+05 -3.8218E+05
0007884   6.4587E+07 -3.5831E+06 -1.0873E+06
0007885   6.4176E+07  2.1684E+06 -7.5474E+05
0007886   6.5198E+07 -8.1628E+05 -1.9392E+06
0007887   6.4058E+07 -5.3868E+05 -2.1068E+06
0007888   6.4347E+07 -1.8768E+06 -2.3401E+06
0007889   6.5637E+07  1.8048E+05  1.7376E+06
0007890   6.4638E+07  1.9214E+06 -8.1259E+05
0007891   6.3161E+07  3.1845E+05 -1.4438E+06
0007892   6.4909E+07 -2.1275E+06  2.5397E+06
0007893   6.4664E+07 -1.4529E+06 -5.5019E+05
0007894   6.3988E+07 -1.7405E+06 -1.8896E+06
0007895   6.4861E+07 -1.9023E+06 -1.5543E+06
0007896   6.2864E+07  3.9547E+05 -1.6589E+06
0007897   6.4550E+07  1.6309E+06 -8.1642E+05
0007898   6.6740E+07 -4.9614E+05 -6.5186E+03
0007899   6.2586E+07  2.8854E+06 -2.9291E+06
0007900   6.3797E+07  3.7371E+05  8.0280E+05
0007901   6.7565E+07 -9.7132E+05 -2.0576E+06
0007902   6.3527E+07  1.7598E+06  1.9974E+06
0007903   6.5450E+07  1.6957E+06 -1.5486E+06
0007904   6.3337E+07 -2.7918E+05 -1.5645E+06
0007905   6.4798E+07  1.9475E+06  1.0516E+06
0007906   6.6276E+07  1.1536E+06 -1.1824E+06
0007907   6.3543E+07 -1.8587E+06  2.2372E+05
0007908   6.3862E+07 -2.9171E+06  5.9257E+05
0007909   6.2775E+07  9.9774E+05  1.1624E+06
0007910   6.4082E+07  7.6689E+05 -6.4187E+05
0007911   6.4695E+07  1.3251E+06 -1.2980E+06
0007912   6.5513E+07 -6.6755E+05  2.1564E+06
0007913   6.2489E+07  1.6979E+06  2.2223E+05
0007914   6.4639E+07 -1.6504E+06 -1.2366E+06
0007915   6.4640E+07 -1.0764E+06  2.0615E+05
0007916   6.3402E+07  6.1025E+05  8.0295E+05
0007917   6.3591E+07  6.2024E+05 -4.3768E+06
0007918   6.5433E+07 -4.0830E+04  1.5066E+04
0007919   6.6198E+07 -1.7483E+05  8.4048E+05
0007920   6.4338E+07 -1.6719E+05  4.4424E+05
0007921   6.5310E+07  2.8286E+05  5.9340E+05
0007922   6.3089E+07  1.7733E+06 -2.0492E+04
0007923   6.5918E+07 -2.6044E+06  1.0278E+06
0007924   6.5429E+07 -2.5209E+06 -1.0497E+05
0007925   6.4768E+07  6.6782E+05 -3.2563E+06
0007926   6.3455E+07  1.4051E+06  1.9495E+06
0007927   6.3454E+07 -2.4844E+05  1.7850E+06
0007928   6.3381E+07 -2.1483E+06 -2.1818E+05
0007929   6.3512E+07 -6.0426E+05 -1.2383E+06
0007930   6.4059E+07  1.1942E+06 -2.2298E+06
0007931   6.4695E+07  2.9304E+06  1.2113E+06
0007932   6.3258E+07 -5.5415E+05 -3.6755E+05
0007933   6.3406E+07  1.4288E+06 -1.4353E+06
0007934   6.4030E+07  1.9294E+05 -6.2351E+04
0007935   6.4869E+07 -1.1251E+06 -1.0628E+06
0007936   6.3943E+07  2.4126E+06 -7.4315E+05
0007937   6.3306E+07  1.9335E+05 -8.1169E+05
0007938   6.5387E+07 -2.1135E+06 -2.1437E+05
0007939   6.3231E+07  9.1943E+05 -1.4202E+06
0007940   6.4146E+07 -1.0014E+06 -7.0473E+05
0007941   6.4331E+07 -4.6274E+05 -7.9779E+05
0007942   6.5156E+07  7.3412E+05 -8.7991E+05
0007943   6.4294E+07 -2.2764E+05  6.6239E+05
0007944   6.4215E+07  1.7983E+06 -1.4874E+05
0007945   6.3581E+07 -3.4155E+05 -1.1717E+06
0007946   6.4460E+07  1.4960E+06 -1.4767E+06
0007947   6.3953E+07 -3.7081E+05  2.1419E+06
0007948   6.4615E+07  6.2124E+05  7.7718E+05
0007949   6.2691E+07 -6.1821E+05 -2.9487E+05
0007950   6.2688E+07 -1.1579E+06 -1.4918E+06
0007951   6.3841E+07 -4.6201E+06  5.4738E+04
0007952   6.2230E+07 -6.8168E+05  3.3585E+05
0007953   6.2058E+07  2.1730E+06 -8.6271E+05
0007954   6.4582E+07 -4.5057E+05  1.4134E+05
0007955   6.5408E+07  2.0002E+05  3.7999E+05
0007956   6.4183E+07 -9.3231E+05 -1.1875E+06
0007957   6.4649E+07  1.3107E+06 -1.5359E+06
0007958   6.5935E+07  3.4183E+05  1.1303E+06
0007959   6.3730E+07 -6.3817E+05  1.4322E+06
0007960   6.2322E+07  1.9974E+06 -1.0174E+07
0007961   6.2907E+07  3.0544E+05 -2.0056E+05
0007962   6.4998E+07 -2.2405E+06  7.0168E+05
0007963   6.5830E+07  3.5915E+06 -9.3937E+05
0007964   6.3567E+07 -1.5217E+06  2.0384E+06
0007965   6.3367E+07 -3.9160E+05 -6.8626E+05
0007966   6.3499E+07 -1.9418E+06 -1.6357E+05
0007967   6.5581E+07  1.8094E+06  3.5797E+05
0007968   6.5150E+07 -1.3965E+06  1.1169E+06
0007969   6.5230E+07 -3.5447E+05  1.8540E+06
0007970   6.6121E+07 -1.7782E+06 -4.1294E+05
0007971   6.5739E+07 -2.2959E+05  5.8061E+06
0007972   6.4906E+07  3.5195E+05  9.0070E+05
0007973   6.4311E+07 -7.2452E+03 -1.2416E+06
0007974   6.4414E+07  1.3182E+06  9.4665E+05
0007975   6.4418E+07 -3.5214E+05 -8.6130E+05
0007976   6.3279E+07 -4.0628E+05  7.6229E+05
0007977   6.4233E+07 -9.0251E+05  2.6407E+06
0007978   6.4037E+07 -3.9325E+05 -9.8561E+05
0007979   6.4666E+07 -1.2036E+06 -2.2280E+06
0007980   6.5502E+07  1.4605E+06 -6.7247E+05
0007981   6.3461E+07  4.4713E+05  7.4012E+05
0007982   6.5310E+07 -4.7932E+05 -1.8008E+06
0007983   6.7432E+07  1.0333E+06  8.6853E+05
0007984   6.3490E+07  5.9383E+06  1.2779E+06
0007985   6.4351E+07 -2.1461E+05 -4.4920E+05
0007986   6.6104E+07  1.5676E+05 -1.2611E+06
0007987   6.4009E+07 -1.0463E+06  2.3522E+06
0007988   6.4529E+07 -2.4893E+05  1.2369E+06
0007989   6.3868E+07  7.8998E+05  4.8608E+05
0007990   6.6908E+07 -2.6574E+06 -1.3683E+06
0007991   6.5218E+07  1.5292E+06 -7.5288E+05
0007992   6.3873E+07 -1.2776E+06  1.3718E+06
0007993   6.4467E+07  1.1966E+06  1.9857E+06
0007994   6.5006E+07  3.3881E+06  2.0871E+06
0007995   6.4113E+07  9.1201E+05 -2.9714E+05
0007996   6.3557E+07 -2.5387E+06 -1.9828E+06
0007997   6.3770E+07  4.2020E+05  1.2912E+06
0007998   6.2648E+07 -1.6927E+06 -7.1458E+05
0007999   6.3847E+07  9.6507E+05 -1.1783E+06
0008000   6.3191E+07  1.8046E+06  1.7070E+06
0008001   6.5126E+07 -1.0536E+05  2.0568E+06
0008002   6.6812E+07 -5.1033E+06 -7.1429E+05
0008003   6.4887E+07  9.5670E+04 -1.1923E+06
0008004   6.6042E+07  4.1729E+05  1.2014E+06
0008005   6.3634E+07 -1.3483E+06 -2.3929E+06
0008006   6.3577E+07 -1.3186E+05 -8.8207E+05
0008007   6.4407E+07 -6.1781E+05  3.2658E+04
0008008   6.4195E+07  1.3087E+06  1.8761E+06
0008009   6.2737E+07 -1.8825E+06  1.1755E+06
0008010   6.4258E+07  7.1511E+05  2.0833E+06
0008011   6.4648E+07  2.2261E+06 -3.5420E+06
0008012   6.6271E+07 -1.6763E+06  1.6900E+05
0008013   6.5196E+07  6.3927E+05  1.6923E+05
0008014   6.6788E+07 -2.0947E+06 -1.0950E+05
0008015   6.6127E+07 -8.5624E+05 -3.3450E+05
0008016   6.4717E+07 -9.9223E+05 -2.4693E+06
0008017   6.5948E+07  1.4999E+06  2.6825E+05
0008018   6.2874E+07  1.5599E+06 -2.1187E+06
0008019   6.5122E+07  1.0621E+06 -1.2346E+04
0008020   6.5865E+07  2.4555E+06 -7.8686E+05
0008021   6.6846E+07 -1.6850E+06  7.3444E+05
0008022   6.4806E+07 -1.4556E+05 -6.2635E+05
0008023   6.4948E+07  1.6001E+06  2.7334E+06
0008024   6.3937E+07 -1.2106E+06  2.6867E+06
0008025   6.6242E+07 -1.1802E+06  3.0015E+05
0008026   6.5362E+07  4.1084E+04 -1.1822E+06
0008027   6.5016E+07  9.2085E+05 -1.5482E+06
0008028   6.4123E+07 -2.1091E+06  1.5243E+06
0008029   6.2847E+07  1.3513E+05 -2.6536E+06
0008030   6.3548E+07 -2.1683E+06  1.0038E+05
0008031   6.4757E+07  5.5300E+05  5.9967E+05
0008032   6.3007E+07  5.8849E+05 -2.1192E+05
0008033   6.5074E+07 -7.0813E+04  1.2901E+05
0008034   6.5547E+07  1.5178E+06  8.0346E+05
0008035   6.5130E+07 -1.1299E+06 -2.6989E+05
0008036   6.2868E+07 -1.0391E+05  7.5000E+05
0008037   6.4869E+07  4.8549E+05 -5.9168E+03
0008038   6.3143E+07  2.2566E+05  1.5528E+06
0008039   6.3755E+07 -5.4151E+05 -3.8198E+06
0008040   6.3968E+07  1.4692E+06 -1.9321E+06
0008041   6.3088E+07 -1.3145E+04  5.9232E+05
0008042   6.4935E+07  4.3952E+04 -4.8747E+05
0008043   6.6108E+07 -3.5918E+06  3.5036E+06
0008044   6.1689E+07 -1.3163E+06 -5.2183E+05
0008045   6.5319E+07  6.7010E+05  6.2831E+05
0008046   6.4149E+07  7.2766E+04 -7.9404E+05
0008047   6.4732E+07  7.4060E+05 -3.3930E+04
0008048   6.3703E+07  9.7620E+02 -1.1185E+06
0008049   6.3791E+07 -1.7642E+06 -1.3021E+06
0008050   6.3374E+07  2.6090E+05  8.5052E+05
0008051   6.3660E+07 -2.4894E+06 -1.1851E+06
0008052   6.3767E+07 -9.6087E+05 -1.4670E+06
0008053   6.2993E+07  2.1319E+06 -1.4074E+06
0008054   6.6178E+07  2.9044E+06 -1.3960E+06
0008055   6.2615E+07 -9.3489E+05 -1.2033E+06
0008056   6.4360E+07 -4.7661E+05  1.4826E+06
0008057   6.3484E+07 -8.3000E+06 -3.6993E+06
0008058   6.7524E+07  1.3726E+06  4.2674E+05
0008059   6.3895E+07  8.3038E+05  1.9779E+06
0008060   6.5068E+07  1.0003E+06  1.5470E+06
0008061   6.3097E+07  4.6132E+05 -6.2712E+05
0008062   6.5189E+07 -6.7475E+05 -8.6970E+03
0008063   6.5157E+07 -1.0306E+06 -6.8371E+05
0008064   6.3182E+07  9.2207E+05  4.9820E+05
0008065   6.4120E+07 -1.2151E+06 -2.0881E+05
0008066   6.4705E+07  2.4000E+06 -9.9696E+05
0008067   6.3413E+07  2.2336E+06  3.8858E+06
0008068   6.2730E+07  6.6624E+06  9.9445E+06
0008069   6.5603E+07 -1.0005E+06  7.0987E+04
0008070   6.8925E+07  4.1731E+05 -1.8891E+06
0008071   6.5045E+07  6.4598E+05 -1.8830E+06
0008072   6.2779E+07  5.4005E+06  8.8026E+05
0008073   6.4388E+07  1.2327E+06  9.7352E+05
0008074   6.3669E+07 -7.2289E+05  3.1541E+05
0008075   6.6426E+07  9.6539E+05  3.0186E+05
0008076   6.3828E+07 -1.7954E+06 -1.8314E+06
0008077   6.4361E+07 -7.3823E+05 -2.2513E+05
0008078   6.3034E+07 -5.0896E+06 -4.5623E+05
0008079   6.5724E+07 -1.7021E+06  9.6691E+05
0008080   6.4296E+07  2.1503E+06  1.8759E+05
0008081   6.6409E+07  1.0277E+06 -1.0809E+06
0008082   6.3733E+07  1.3155E+06  9.1127E+05
0008083   6.3964E+07 -4.0088E+03  9.5614E+05
0008084   6.5461E+07  2.4176E+05 -2.8030E+06
0008085   6.4798E+07  5.9622E+05 -3.2580E+05
0008086   6.2323E+07  3.5632E+05  1.1220E+06
0008087   6.4742E+07  1.1493E+05  1.6708E+06
0008088   6.3049E+07  1.7732E+05 -8.4521E+05
0008089   6.5173E+07  6.4256E+05  3.9280E+05
0008090   6.6024E+07  3.5082E+06 -2.7742E+06
0008091   6.5746E+07  5.6647E+05  9.1196E+05
0008092   6.3635E+07  3.3374E+05 -5.0256E+05
0008093   6.5966E+07 -5.3763E+06  1.0507E+06
0008094   6.3919E+07  3.8889E+05  6.7006E+04
0008095   6.5371E+07  2.3792E+06 -8.6062E+05
0008096   6.6357E+07 -9.6277E+05  5.0868E+05
0008097   6.5662E+07  1.4417E+06 -2.3552E+06
0008098   6.3063E+07 -1.9414E+06 -1.1543E+05
0008099   6.6675E+07  1.0816E+06  1.0581E+06
0008100   6.4723E+07  9.4070E+05  6.5326E+05
0008101   6.4922E+07 -2.4982E+06  1.2223E+06
0008102   6.4532E+07  5.0009E+05  6.9926E+05
0008103   6.4517E+07 -2.5974E+05 -8.4971E+05
0008104   6.3755E+07 -2.4421E+06  1.0458E+06
0008105   6.3919E+07 -7.9610E+05  2.8171E+06
0008106   6.1555E+07 -1.2879E+07  5.2138E+06
0008107   6.4126E+07  5.6182E+05  9.6202E+05
0008108   6.3600E+07 -1.6192E+06  1.9516E+06
0008109   6.4633E+07 -7.3434E+05  2.9440E+05
0008110   6.2738E+07  4.2129E+06 -2.2889E+05
0008111   6.4745E+07 -1.5872E+06 -1.5094E+06
0008112   6.3602E+07  7.7071E+05  3.5515E+05
0008113   6.6113E+07  1.0364E+06  3.0103E+06
0008114   6.3315E+07  5.2608E+05 -9.9728E+05
0008115   6.2227E+07  1.3443E+07  4.5339E+05
0008116   6.3710E+07 -1.4181E+06  7.1226E+05
0008117   6.5949E+07  1.2149E+06  1.2641E+06
0008118   6.0982E+07  1.2102E+06 -1.7293E+06
0008119   6.4162E+07  6.1188E+04  7.4923E+05
0008120   6.4219E+07 -1.2364E+06  6.3572E+05
0008121   6.5509E+07  2.9367E+06 -2.4181E+04
0008122   6.3222E+07 -4.2939E+05 -3.2530E+05
0008123   6.3702E+07 -2.9775E+06 -3.0023E+06
0008124   6.5925E+07  3.9193E+05  1.2983E+06
0008125   6.5002E+07  8.4347E+05  2.9868E+06
0008126   6.4039E+07 -7.2300E+05 -1.0078E+06
0008127   6.4578E+07 -1.7898E+06  4.3162E+05
0008128   6.6440E+07 -5.1037E+05 -5.9253E+06
0008129   6.5604E+07  1.2679E+06  2.0403E+05
0008130   6.4153E+07 -3.9825E+05  1.7719E+06
0008131   6.7306E+07 -3.5566E+05  5.6688E+05
0008132   6.4932E+07 -1.4598E+06 -7.3573E+05
0008133   6.4502E+07 -1.1240E+06 -5.1946E+05
0008134   6.3916E+07  1.0342E+06 -6.7996E+05
0008135   6.5513E+07  1.9727E+05  5.5460E+05
0008136   6.3965E+07 -1.0546E+06  7.9184E+05
0008137   6.4125E+07 -6.6700E+05 -8.3991E+05
0008138   6.3152E+07 -1.1162E+05 -6.6989E+05
0008139   6.4886E+07 -4.7874E+04 -3.1363E+05
0008140   6.4791E+07 -6.1263E+05  3.1208E+05
0008141   6.6203E+07 -1.4920E+05 -1.2342E+06
0008142   6.6309E+07 -6.4740E+05 -2.7786E+06
0008143   6.5342E+07  3.0657E+05 -3.7868E+05
0008144   6.5916E+07  5.0065E+05  4.4275E+05
0008145   6.3226E+07 -8.7252E+04  2.7940E+05
0008146   6.4199E+07  9.2923E+05 -4.8008E+05
0008147   6.5821E+07  5.1895E+05 -2.9755E+06
0008148   6.4319E+07  2.5050E+05  3.5518E+02
0008149   6.5194E+07 -1.0925E+05  1.9550E+06
0008150   6.2977E+07 -1.6363E+05  8.4232E+05
0008151   6.3880E+07  9.5902E+05 -2.9773E+05
0008152   6.3609E+07 -2.5361E+06 -4.4026E+05
0008153   6.5182E+07  7.2054E+05  1.4237E+06
0008154   6.4216E+07 -1.5643E+06  1.3904E+06
0008155   6.4159E+07 -1.2101E+06  1.8572E+06
0008156   6.4038E+07  2.6507E+06  1.3051E+06
0008157   6.3031E+07 -1.1290E+06 -5.8412E+05
0008158   6.3779E+07  1.1352E+06  1.6493E+06
0008159   6.4275E+07  1.1063E+06 -1.5080E+06
0008160   6.5302E+07 -9.2662E+05  7.6973E+04
0008161   6.5599E+07  6.1735E+05  4.2370E+05
0008162   6.4746E+07  4.3522E+05  8.5380E+05
0008163   6.3720E+07  1.3967E+06  1.7183E+05
0008164   6.5671E+07  5.7252E+05 -8.7843E+05
0008165   6.4007E+07 -4.5684E+04 -2.5235E+05
0008166   6.5802E+07 -3.1087E+04 -4.0078E+05
0008167   6.3929E+07  3.6564E+05 -2.5871E+06
0008168   6.4098E+07 -1.1549E+06  1.4635E+06
0008169   6.5475E+07  1.0999E+06  1.2075E+06
0008170   6.5286E+07  1.0746E+06 -3.2470E+03
0008171   6.3938E+07  1.4984E+06 -2.1984E+06
0008172   6.4334E+07  5.4821E+05 -1.6273E+06
0008173   6.6087E+07 -1.5230E+06 -3.9365E+05
0008174   6.3871E+07  3.0428E+06  2.1064E+06
0008175   6.5209E+07 -1.3441E+06 -1.1034E+06
0008176   6.4118E+07 -1.4303E+06  7.5262E+05
0008177   6.5123E+07 -2.3734E+06 -1.0818E+05
0008178   6.4810E+07 -2.2388E+06  1.2307E+05
0008179   6.2445E+07 -2.1188E+06  1.3097E+06
0008180   6.3059E+07 -8.7686E+05  2.6894E+06
0008181   6.3446E+07  1.4854E+06  8.8021E+05
0008182   6.4243E+07  1.0354E+06  4.7743E+05
0008183   6.4429E+07 -1.5508E+06  9.2343E+05
0008184   6.3739E+07 -1.0339E+06  5.8125E+05
0008185   6.4497E+07 -1.5766E+06 -8.7857E+05
0008186   6.6407E+07  6.5562E+05 -1.7800E+06
0008187   6.3925E+07  6.2525E+05  1.2518E+05
0008188   6.2474E+07  1.3081E+06  1.1715E+06
0008189   6.5082E+07  3.5419E+05  7.7766E+05
0008190   6.3105E+07 -3.3564E+05 -3.9549E+05
0008191   6.3199E+07 -1.7993E+05  1.3540E+06
0008192   6.4609E+07  4.7753E+04 -5.2553E+05
0008193   6.1787E+07 -1.5498E+05 -1.8765E+05
0008194   6.3564E+07 -1.6368E+06  2.6964E+05
0008195   6.4896E+07 -1.8593E+06 -1.8792E+06
0008196   6.5032E+07  9.4486E+05  2.0921E+06
0008197   6.3717E+07  3.1389E+05  7.7182E+04
0008198   6.3573E+07  1.0737E+06 -7.7453E+05
0008199   6.4246E+07 -5.6856E+05  1.6144E+06
0008200   6.3575E+07 -1.5799E+06 -1.3453E+06
0008201   6.5182E+07 -9.1885E+05 -7.4510E+05
0008202   6.5859E+07 -1.6873E+06  1.2641E+06
0008203   6.3860E+07  1.8625E+06 -5.3384E+05
0008204   6.3968E+07  1.0446E+06 -6.8853E+05
0008205   6.3873E+07 -5.4348E+05  9.0805E+05
0008206   6.5186E+07 -1.3309E+06 -4.3102E+05
0008207   6.3635E+07 -3.7870E+06  1.4293E+06
0008208   6.3948E+07 -2.1176E+06  1.8592E+05
0008209   6.3998E+07 -3.0734E+05  5.4178E+05
0008210   6.3930E+07  9.6330E+05  5.5686E+05
0008211   6.5875E+07 -2.4659E+06 -5.6147E+05
0008212   6.4126E+07  2.5469E+06  8.5492E+05
0008213   6.5026E+07 -1.3135E+06  2.5064E+06
0008214   6.4013E+07  5.2408E+05  2.4917E+06
0008215   6.3210E+07  1.5624E+05 -3.5020E+06
0008216   6.5777E+07 -2.2082E+06 -3.8023E+05
0008217   6.5082E+07 -7.9173E+05 -1.7127E+06
0008218   6.3214E+07 -2.9238E+05 -1.0237E+06
0008219   6.3682E+07 -4.4932E+05  1.5147E+06
0008220   6.5184E+07 -1.2652E+06  1.8208E+05
0008221   6.4958E+07 -1.7386E+06  2.7190E+06
0008222   6.4671E+07 -1.8147E+06 -2.0638E+05
0008223   6.4333E+07 -6.4370E+05  8.8985E+05
0008224   6.5351E+07 -1.2896E+06  1.1931E+06
0008225   6.4157E+07  5.3997E+04 -1.6537E+06
0008226   6.4665E+07  4.2275E+05 -1.1448E+06
0008227   6.2983E+07 -8.0179E+04  1.8762E+05
0008228   6.5196E+07 -2.0424E+05 -8.4046E+05
0008229   6.5213E+07  2.4382E+06 -1.9503E+06
0008230   6.4807E+07  3.1482E+06  2.1513E+06
0008231   6.1977E+07 -2.2789E+06  1.1194E+06
0008232   6.4501E+07  6.1677E+05  5.1885E+05
0008233   6.3594E+07 -9.6286E+05  1.0518E+06
0008234   6.5880E+07  3.6093E+05 -3.0063E+06
0008235   6.4830E+07  8.9922E+05 -4.6373E+05
0008236   6.7376E+07 -6.9221E+05 -4.9597E+05
0008237   6.4076E+07  9.9890E+04  8.8835E+05
0008238   6.6238E+07 -8.8725E+04 -1.3671E+06
0008239   6.6042E+07 -9.0519E+05  7.6688E+04
0008240   6.4855E+07 -1.4388E+06  6.5220E+05
0008241   6.4908E+07  4.7021E+05 -1.3472E+06
0008242   6.4276E+07  6.2973E+03  3.5380E+06
0008243   6.2339E+07  3.1456E+05  1.7532E+05
0008244   6.5183E+07 -9.2192E+05 -1.1345E+06
0008245   6.3371E+07 -6.3876E+03  1.8997E+06
0008246   6.4454E+07 -2.7534E+06 -5.1665E+05
0008247   6.4930E+07  9.8967E+05  1.2995E+06
0008248   6.6234E+07  3.4327E+06 -7.0569E+05
0008249   6.4876E+07  9.9384E+05  1.8143E+06
0008250   6.4188E+07  1.8107E+05 -9.9246E+05
0008251   6.5825E+07 -3.5302E+05  1.0629E+05
0008252   6.6442E+07 -1.9287E+06 -9.0815E+04
0008253   6.5698E+07 -2.2188E+04 -2.9674E+06
0008254   6.4490E+07 -1.2779E+06  7.3825E+05
0008255   6.3253E+07 -4.7906E+05  9.9603E+05
0008256   6.5138E+07 -1.3630E+06  3.6019E+06
0008257   6.7211E+07 -4.0489E+05  4.6257E+05
0008258   6.3221E+07  1.2075E+06 -1.6039E+05
0008259   6.3278E+07 -5.5406E+06 -2.3970E+05
0008260   6.5633E+07  1.7955E+05 -7.8361E+05
0008261   6.5041E+07 -2.6566E+06  1.7766E+05
0008262   6.4733E+07  3.6576E+05  5.8730E+03
0008263   6.3182E+07  3.2681E+06 -1.4470E+06
0008264   6.5265E+07 -7.7327E+05 -3.2600E+05
0008265   6.5758E+07 -1.6792E+06  3.4363E+06
0008266   6.4164E+07 -1.2111E+06  2.4652E+06
0008267   6.4214E+07  2.9650E+06  4.3538E+05
0008268   6.4322E+07  1.1745E+06  7.4797E+05
0008269   6.5006E+07  2.3787E+06  5.9881E+02
0008270   6.5209E+07  1.4853E+06 -1.6421E+06
0008271   6.2699E+07 -7.3998E+05  1.0142E+05
0008272   6.5554E+07 -1.6730E+06 -8.9089E+05
0008273   6.3986E+07 -1.7834E+06  2.4877E+06
0008274   6.3320E+07 -5.9057E+05  8.8610E+04
0008275   6.3827E+07 -3.8308E+05  3.1574E+04
0008276   6.6244E+07  1.8032E+06 -1.0808E+05
0008277   6.4769E+07 -5.8271E+05 -2.1207E+06
0008278   6.6477E+07  6.7144E+05 -1.4242E+05
0008279   6.4978E+07  6.9243E+05 -3.5790E+05
0008280   6.3874E+07 -8.9274E+05 -3.4725E+05
0008281   6.4504E+07  1.9231E+05 -6.0108E+05
0008282   6.7418E+07  6.6270E+04 -9.3618E+05
0008283   6.4683E+07  8.9385E+05 -5.2849E+05
0008284   6.6325E+07  5.3466E+05  1.7452E+06
0008285   6.5892E+07  2.8640E+06  2.7109E+06
0008286   6.4196E+07 -1.5170E+06 -1.8647E+06
0008287   6.5011E+07 -1.4819E+06 -1.5760E+06
0008288   6.4851E+07  1.1313E+06 -1.3213E+06
0008289   6.3479E+07  6.0278E+05 -6.1115E+05
0008290   6.4985E+07 -9.7095E+05  3.2092E+06
0008291   6.3982E+07 -2.2438E+05 -4.1436E+05
0008292   6.4561E+07 -4.7974E+05  1.2734E+06
0008293   6.3608E+07  7.9160E+05 -1.1273E+06
0008294   6.6109E+07 -1.9251E+06  1.4199E+06
0008295   6.4542E+07  1.1936E+06  4.0594E+06
0008296   6.3872E+07 -1.6682E+05  2.0252E+06
0008297   6.6136E+07 -3.9988E+05 -7.2653E+05
0008298   6.5584E+07 -3.8636E+06  1.8390E+06
0008299   6.4082E+07  2.2355E+06  2.1667E+06
0008300   6.5569E+07  1.3699E+04  2.9763E+05
0008301   6.4656E+07 -4.5412E+06  4.0593E+05
0008302   6.2293E+07  5.1706E+05 -1.1183E+06
0008303   6.3751E+07  1.7768E+06  1.8959E+06
0008304   6.3585E+07 -1.3639E+06 -3.9548E+05
0008305   6.4890E+07 -5.7964E+05 -1.1647E+06
0008306   6.4118E+07 -7.4655E+05  1.9986E+04
0008307   6.4826E+07  3.1335E+04 -2.8623E+05
0008308   6.3292E+07  1.2701E+06  1.8178E+06
0008309   6.3965E+07 -1.3970E+06  2.0082E+06
0008310   6.5522E+07  7.5539E+05  7.0469E+05
0008311   6.4685E+07  4.2915E+06 -1.4034E+06
0008312   6.4360E+07 -1.5208E+06  1.5818E+06
0008313   6.4380E+07  3.5609E+05  6.5139E+05
0008314   6.3935E+07  6.1298E+05  5.5822E+05
0008315   6.5793E+07 -3.8988E+05 -1.4354E+06
0008316   6.3209E+07 -1.1076E+06  3.9832E+05
0008317   6.5226E+07  1.0790E+06  5.9860E+05
0008318   6.3809E+07  1.4154E+05 -9.6527E+05
0008319   6.3791E+07  1.0177E+06  4.3632E+04
0008320   6.5287E+07 -1.4400E+06 -1.8997E+04
0008321   6.4178E+07  1.8867E+05  2.5015E+06
0008322   6.4014E+07 -1.1810E+06  8.4114E+05
0008323   6.5752E+07  3.0494E+05 -1.5590E+06
0008324   6.3830E+07 -1.9973E+06  2.8056E+05
0008325   6.5349E+07  2.5034E+04  3.0785E+05
0008326   6.3256E+07  1.5583E+06  2.5499E+06
0008327   6.3232E+07 -5.8237E+05 -6.6577E+05
0008328   6.3312E+07 -1.2648E+04  4.1066E+06
0008329   6.5438E+07  4.8815E+06 -1.4997E+06
0008330   6.2307E+07 -2.4565E+06 -3.2422E+05
0008331   6.4870E+07  1.7314E+06 -2.2488E+06
0008332   6.3408E+07 -6.1364E+05  1.7657E+06
0008333   5.3608E+07 -5.5432E+06  1.9857E+07
0008334   6.5261E+07 -1.2119E+06 -1.5571E+06
0008335   6.3299E+07 -1.1485E+06  4.4353E+06
0008336   6.5026E+07 -2.3275E+06  5.2059E+05
0008337   6.3664E+07  5.1425E+05  1.0734E+06
0008338   6.4718E+07 -6.4848E+05 -1.1099E+06
0008339   6.3527E+07 -7.2907E+05 -1.6807E+06
0008340   6.3784E+07 -4.4360E+05 -2.6679E+06
0008341   6.5400E+07 -3.7073E+05  1.8736E+05
0008342   6.4068E+07 -3.7844E+05  1.2879E+06
0008343   6.4395E+07 -1.4610E+06  8.2401E+05
0008344   6.3612E+07 -3.8774E+06  1.9551E+06
0008345   6.3567E+07 -6.3647E+05 -4.7338E+05
0008346   6.7047E+07  2.8587E+05  1.4448E+05
0008347   6.3512E+07 -1.5124E+06  8.2147E+05
0008348   6.3396E+07  8.1358E+06  5.3593E+05
0008349   6.6721E+07  6.3991E+05  1.2175E+04
0008350   6.3428E+07  5.5950E+06  2.1947E+06
0008351   6.2444E+07  2.4522E+05 -1.7190E+05
0008352   6.4907E+07  2.0794E+05  6.1516E+05
0008353   6.4845E+07  1.1616E+06  3.7724E+06
0008354   6.4404E+07  7.4103E+05  2.5749E+04
0008355   6.5382E+07 -3.2834E+05  7.0435E+05
0008356   6.6042E+07 -1.3100E+06  1.8533E+05
0008357   6.5084E+07 -1.8004E+06  4.1401E+06
0008358   6.3787E+07 -1.4654E+06  9.0003E+05
0008359   6.4189E+07  2.3444E+05  2.7480E+06
0008360   6.2986E+07  9.3693E+05  7.1540E+05
0008361   6.3451E+07  5.2746E+05 -1.9164E+05
0008362   6.5179E+07 -2.2160E+05 -8.9173E+05
0008363   6.5283E+07  1.1252E+06 -9.5469E+05
0008364   6.3689E+07  1.0824E+06 -1.6548E+05
0008365   6.5255E+07  1.6250E+06  5.0773E+05
0008366   6.4073E+07  2.1745E+05  2.1589E+06
0008367   6.5999E+07 -1.8330E+06  4.0784E+06
0008368   6.4244E+07 -3.8970E+05 -2.5182E+06
0008369   6.4559E+07  1.0858E+06 -6.0081E+05
0008370   6.3813E+07  1.1883E+06  4.6388E+04
0008371   6.3736E+07  2.1756E+05 -2.0024E+06
0008372   6.3973E+07  1.7634E+05  6.8481E+04
0008373   6.3534E+07  7.1794E+05 -4.4140E+05
0008374   6.3981E+07 -3.5921E+05  7.1736E+05
0008375   6.3502E+07 -6.0019E+04 -1.1283E+06
0008376   6.3619E+07  8.7478E+05 -1.0467E+06
0008377   6.4945E+07 -1.5520E+05  4.0601E+05
0008378   6.4043E+07  2.9592E+05  3.2183E+05
0008379   6.7551E+07  1.8932E+05 -1.0355E+06
0008380   6.3638E+07 -2.2681E+06  5.1284E+05
0008381   6.4723E+07  8.8437E+05 -2.5503E+06
0008382   6.2797E+07 -3.2199E+05 -1.5058E+06
0008383   6.4053E+07 -9.3451E+05 -2.0585E+06
0008384   6.4491E+07  6.3998E+04 -5.1563E+05
0008385   6.3091E+07  1.2615E+06 -1.5010E+06
0008386   6.4475E+07 -7.2723E+05  8.8362E+05
0008387   6.5550E+07 -6.7962E+05  1.7836E+06
0008388   6.2158E+07  9.0630E+05 -1.0525E+06
0008389   6.5020E+07  3.5222E+06  1.7050E+06
0008390   6.4503E+07  3.1199E+05  1.6049E+06
0008391   6.7030E+07 -4.2038E+05  1.9684E+06
0008392   6.4697E+07  9.3761E+05 -1.4889E+06
0008393   6.4248E+07  1.1962E+06  1.3358E+06
0008394   6.4924E+07 -3.0772E+06  1.0782E+06
0008395   6.4130E+07 -1.0236E+06 -4.7358E+06
0008396   6.5652E+07  8.3437E+05 -1.3326E+06
0008397   6.5977E+07 -2.2961E+06 -7.4732E+05
0008398   6.6871E+07 -1.4403E+05 -2.4225E+06
0008399   6.3157E+07 -1.1393E+06  2.2283E+06
0008400   6.4419E+07 -4.8324E+05  9.5008E+05
0008401   6.1874E+07  2.6640E+06 -3.3506E+05
0008402   6.4775E+07 -1.6605E+06 -2.2482E+06
0008403   6.2658E+07 -1.6731E+06  5.0276E+05
0008404   6.5027E+07  7.1252E+05  2.2068E+06
0008405   6.4707E+07 -1.8540E+06 -5.1335E+05
0008406   6.2259E+07 -7.2384E+05  2.1121E+06
0008407   6.2007E+07  6.6928E+05  1.5062E+06
0008408   6.4264E+07 -8.5677E+05  2.0367E+06
0008409   6.2096E+07 -2.4652E+06 -1.1972E+06
0008410   6.4294E+07  4.8989E+05  1.1150E+06
0008411   6.4249E+07 -5.8982E+05  4.1568E+05
0008412   6.4832E+07  1.5038E+06 -1.1246E+06
0008413   6.4409E+07  2.3787E+06 -1.7777E+06
0008414   6.5999E+07 -9.0585E+05 -7.3974E+05
0008415   6.5318E+07 -2.3198E+06  2.2097E+06
0008416   6.5367E+07  5.5791E+05  1.4395E+06
0008417   6.5776E+07 -1.3571E+06  1.3958E+06
0008418   6.4130E+07 -3.3161E+05 -1.5993E+06
0008419   6.4831E+07 -1.2991E+06 -1.9100E+06
0008420   6.3849E+07  3.7467E+05  5.7616E+05
0008421   6.3686E+07  2.6407E+06  1.5717E+06
0008422   6.5935E+07 -3.9618E+05 -6.1709E+05
0008423   6.4962E+07  6.1516E+05  7.7231E+05
0008424   6.4000E+07 -1.1819E+06  3.7934E+06
0008425   6.3028E+07 -1.2647E+06 -7.8714E+05
0008426   6.4027E+07  1.1987E+06 -5.0894E+05
0008427   6.4681E+07 -9.0593E+05  7.3918E+05
0008428   6.4212E+07 -6.4817E+05  9.5200E+05
0008429   6.3628E+07  3.8538E+05 -7.9717E+05
0008430   6.3562E+07  8.9905E+05  1.2452E+06
0008431   6.6137E+07 -1.5543E+06 -3.4479E+05
0008432   6.6333E+07 -3.1766E+05  1.1665E+06
0008433   6.3689E+07 -1.1296E+05  1.6486E+06
0008434   6.4059E+07  1.2522E+06 -1.6522E+06
0008435   6.6547E+07  1.5414E+05  5.0584E+05
0008436   6.3939E+07  3.6069E+05  1.9405E+05
0008437   6.5151E+07  3.6995E+05  5.0903E+05
0008438   6.3379E+07 -1.8314E+06  2.2298E+05
0008439   6.5053E+07 -6.5817E+05 -1.0200E+06
0008440   6.4736E+07  4.0750E+06  1.7645E+06
0008441   6.5308E+07 -3.0175E+05 -1.3032E+06
0008442   6.5753E+07  1.0560E+06  8.6812E+04
0008443   6.3284E+07  9.6041E+05  3.2624E+04
0008444   6.2115E+07  1.3706E+06  1.0498E+06
0008445   6.3086E+07  9.3612E+05  3.7304E+05
0008446   6.4731E+07  2.6742E+05 -3.2384E+05
0008447   6.4321E+07 -9.5221E+05  3.0808E+05
0008448   6.1973E+07 -8.0346E+05 -1.4566E+06
0008449   6.5347E+07  5.4804E+05  5.1720E+05
0008450   6.5195E+07  6.0884E+06  1.9650E+06
0008451   6.5168E+07 -1.4544E+05 -1.0057E+06
0008452   6.4597E+07  2.6567E+06  3.7843E+05
0008453   6.4216E+07  2.1112E+06  4.6373E+05
0008454   5.3947E+07  8.4851E+06 -1.6689E+07
0008455   6.4877E+07 -1.1365E+06  1.2934E+06
0008456   6.5288E+07  1.3050E+06  9.0474E+05
0008457   6.3985E+07 -7.5298E+04  9.4801E+05
0008458   6.3155E+07  1.0961E+06 -1.4878E+06
0008459   6.4550E+07  1.2834E+06  6.4498E+05
0008460   6.4570E+07 -9.2486E+05  5.6475E+05
0008461   6.4483E+07 -1.2239E+06  1.7524E+06
0008462   6.2533E+07  8.7617E+05  8.8785E+04
0008463   6.4949E+07  2.8689E+06 -9.8462E+05
0008464   6.3774E+07  1.4097E+06  1.7703E+06
0008465   6.4445E+07 -3.4264E+05 -5.9267E+05
0008466   6.3385E+07  1.7241E+06  6.1372E+05
0008467   6.4849E+07  3.5198E+05  1.3480E+06
0008468   6.2635E+07  2.1645E+06 -5.2620E+05
0008469   6.6528E+07 -2.3744E+05 -1.4061E+06
0008470   6.5156E+07  2.3400E+06  1.6197E+06
0008471   6.6241E+07  5.7762E+04 -1.8461E+06
0008472   6.5654E+07 -2.3266E+06  3.5393E+05
0008473   6.5068E+07 -7.8384E+05  1.8487E+06
0008474   6.3551E+07  9.0300E+05 -2.2269E+06
0008475   6.4499E+07 -6.7258E+05 -4.3631E+05
0008476   6.3424E+07  1.4347E+06  6.0232E+04
0008477   6.3349E+07 -8.2906E+05  3.9632E+05
0008478   6.3307E+07 -4.5419E+06 -4.2383E+05
0008479   6.3978E+07 -2.6160E+06  1.1380E+06
0008480   6.5421E+07 -1.0773E+06  5.3320E+05
0008481   6.3937E+07 -1.2861E+06  6.1561E+05
0008482   6.4780E+07 -1.1454E+06  1.2744E+06
0008483   6.5150E+07  1.8202E+06  5.0050E+05
0008484   6.1884E+07  2.3103E+06  4.0001E+04
0008485   6.4024E+07  5.4106E+05  1.0551E+06
0008486   6.4610E+07  5.5512E+05 -2.3150E+05
0008487   6.4959E+07  2.2911E+06 -4.9762E+05
0008488   6.5952E+07 -9.8263E+05  6.9476E+05
0008489   6.4592E+07 -2.3685E+03 -1.4871E+06
0008490   6.6775E+07  1.4408E+06 -1.3966E+06
0008491   6.3539E+07  2.0064E+06  1.7204E+06
0008492   6.4350E+07  2.2565E+06 -1.0939E+06
0008493   6.3969E+07  1.7879E+06 -2.5513E+06
0008494   6.4674E+07  1.4670E+06 -7.9057E+05
0008495   6.5248E+07 -1.3154E+06  1.7612E+06
0008496   6.5554E+07  1.1128E+06  5.2655E+05
0008497   6.4785E+07 -2.0596E+06 -2.1037E+06
0008498   6.4235E+07  1.3516E+06  1.9976E+06
0008499   6.4074E+07  3.1530E+06  7.7922E+05
0008500   6.5470E+07 -7.9782E+04  1.1697E+06
0008501   6.4842E+07  7.8056E+04 -1.2703E+06
0008502   6.2565E+07  2.0916E+04  2.5463E+05
0008503   6.5599E+07  1.1062E+06  9.7878E+04
0008504   6.3249E+07 -1.0477E+05 -1.2767E+06
0008505   6.4757E+07  7.4340E+05 -2.1229E+05
0008506   6.2734E+07  2.0258E+05  7.9407E+05
0008507   6.3897E+07  1.0872E+06  2.4961E+05
0008508   6.4872E+07 -4.7776E+05  5.2169E+05
0008509   6.5786E+07 -1.0801E+06  7.5743E+05
0008510   6.2842E+07  1.5566E+06 -5.5501E+04
0008511   6.3601E+07 -1.0641E+06 -4.9188E+05
0008512   6.5225E+07  6.9380E+05  7.1042E+05
0008513   6.4477E+07  6.4544E+05 -9.6567E+04
0008514   6.5076E+07 -3.2846E+06 -6.8868E+05
0008515   6.2544E+07 -3.5633E+05 -5.9677E+05
0008516   6.6577E+07  1.6958E+06 -1.8761E+05
0008517   6.4350E+07  1.2400E+06  1.7347E+06
0008518   6.6071E+07 -4.3492E+05 -1.2161E+05
0008519   6.5913E+07 -4.9628E+05 -1.5101E+06
0008520   6.4009E+07  2.0948E+06  2.0106E+06
0008521   6.4606E+07 -7.6723E+04  1.6026E+06
0008522   6.6918E+07  7.3205E+05  1.6228E+06
0008523   6.3208E+07 -8.4892E+04 -2.4822E+06
0008524   6.3529E+07  1.1301E+06  9.4939E+05
0008525   6.3997E+07  5.4618E+05  1.8617E+05
0008526   6.2392E+07 -7.5229E+05 -1.4218E+06
0008527   6.6024E+07 -1.4121E+06  1.7163E+05
0008528   6.5189E+07 -1.7505E+06 -5.7025E+05
0008529   6.5873E+07 -4.0134E+05 -6.1151E+04
0008530   6.5461E+07 -1.3426E+06  5.1528E+05
0008531   6.4041E+07 -3.5695E+05 -5.3089E+03
0008532   6.5778E+07  1.1553E+06 -5.8165E+05
0008533   6.6488E+07 -1.6538E+06  1.3301E+06
0008534   6.3076E+07 -1.0875E+06 -2.7359E+06
0008535   6.4892E+07 -3.1088E+05 -4.7084E+05
0008536   6.1934E+07  2.3464E+05  4.7483E+06
0008537   6.4908E+07  1.1184E+06 -1.5127E+06
0008538   6.5238E+07 -2.0333E+05  1.1266E+06
0008539   6.3465E+07  1.6749E+06 -9.5989E+05
0008540   6.3276E+07 -1.7391E+06  4.9224E+05
0008541   6.3559E+07  2.7417E+06 -4.4561E+05
0008542   6.6469E+07  7.2914E+05 -1.9187E+06
0008543   6.2486E+07  6.5447E+05  3.3761E+05
0008544   6.2728E+07 -1.5492E+06 -2.6240E+06
0008545   6.1415E+07  2.3532E+06  4.9027E+06
0008546   6.6503E+07  9.4073E+05  1.6518E+06
0008547   6.4730E+07 -1.0907E+06 -1.2328E+06
0008548   6.5635E+07  1.3818E+05 -1.0986E+06
0008549   6.5087E+07  2.1315E+05  3.2836E+05
0008550   6.4435E+07  1.8792E+06 -3.6227E+05
0008551   6.3832E+07 -8.6170E+05  7.7143E+05
0008552   6.2488E+07  7.6458E+05 -1.9757E+06
0008553   6.4282E+07 -8.2736E+05 -2.3360E+05
0008554   6.4660E+07  9.1010E+05 -2.8529E+06
0008555   6.4713E+07 -5.8836E+05 -1.2378E+06
0008556   6.4959E+07  4.8140E+05 -2.1834E+05
0008557   6.5164E+07 -2.1451E+06  1.0429E+06
0008558   6.4719E+07 -5.5716E+05 -1.8027E+06
0008559   6.6532E+07 -1.3181E+06 -2.2395E+05
0008560   6.5016E+07 -2.9114E+06 -2.7165E+05
0008561   6.4372E+07  3.8133E+05 -5.3607E+05
0008562   6.5234E+07 -2.7031E+04  2.4041E+06
0008563   6.5258E+07 -2.6417E+05  6.6504E+05
0008564   6.5359E+07 -1.0099E+06 -2.7763E+05
0008565   6.5792E+07  1.5199E+05 -1.1882E+06
0008566   6.4825E+07  2.3259E+06  7.2681E+05
0008567   6.3500E+07  1.1343E+06  2.4137E+05
0008568   6.5077E+07  4.7772E+05  2.0491E+05
0008569   6.5417E+07 -2.3034E+06 -1.0105E+06
0008570   6.2611E+07 -1.1156E+06 -9.5237E+05
0008571   6.6671E+07 -8.5357E+05 -7.0115E+05
0008572   6.3450E+07  9.3227E+05  4.9951E+05
0008573   6.3731E+07 -2.6742E+06 -2.0178E+05
0008574   6.6194E+07 -2.5786E+06  7.4087E+05
0008575   6.3583E+07 -1.9415E+05 -3.7302E+05
0008576   6.2267E+07  8.9884E+05  2.3233E+06
0008577   6.2549E+07 -5.7531E+05 -3.1755E+05
0008578   6.4835E+07  1.3894E+06 -1.4322E+06
0008579   6.5307E+07  8.3005E+05 -4.3965E+05
0008580   6.2892E+07 -6.2385E+05  6.5380E+05
0008581   6.4710E+07  9.1082E+05 -6.6814E+05
0008582   6.3182E+07  4.6291E+05  1.5509E+06
0008583   6.5434E+07 -1.3414E+06  8.8434E+05
0008584   6.4697E+07 -1.8217E+06 -3.9967E+05
0008585   6.3752E+07  2.2539E+05  2.0817E+06
0008586   6.5263E+07 -2.8312E+05 -1.9271E+05
0008587   6.1855E+07 -9.7577E+05 -1.1017E+06
0008588   6.5171E+07  1.5530E+06  2.6143E+06
0008589   6.4801E+07  5.3602E+05  8.7099E+05
0008590   6.2696E+07  9.6181E+05 -1.9645E+06
0008591   6.4462E+07 -2.5707E+06  9.3368E+05
0008592   6.5050E+07 -1.0480E+06 -3.2045E+05
0008593   6.5236E+07  2.5248E+05  1.3071E+06
0008594   6.1739E+07  1.2094E+06 -2.8588E+05
0008595   6.4784E+07  1.2604E+06 -1.7480E+04
0008596   6.3292E+07 -2.3391E+06  2.8570E+05
0008597   6.3590E+07  5.3683E+04 -2.0688E+05
0008598   6.5303E+07 -8.5760E+05 -9.4935E+05
0008599   6.3253E+07  3.0863E+05  3.7623E+06
0008600   6.2360E+07 -2.4797E+05  2.4094E+06
0008601   6.2790E+07 -6.9077E+05 -1.3587E+06
0008602   6.4206E+07 -4.2761E+04  1.9454E+06
0008603   6.4426E+07  6.9013E+05 -1.6014E+06
0008604   6.6733E+07  4.9166E+05 -1.7324E+06
0008605   6.4640E+07 -2.4014E+06 -1.0206E+06
0008606   6.2660E+07 -6.3097E+05 -2.1654E+06
0008607   6.4918E+07  1.6672E+06  7.9611E+05
0008608   6.3632E+07  3.7233E+06 -1.9344E+06
0008609   6.3532E+07  1.4950E+06 -1.1772E+06
0008610   6.2559E+07 -7.3598E+05 -2.1952E+06
0008611   6.3585E+07  3.5078E+05 -3.5564E+05
0008612   6.6046E+07 -1.1467E+06 -3.6861E+05
0008613   6.6631E+07  1.6107E+06  1.2531E+06
0008614   6.6345E+07  9.9425E+05 -1.5537E+06
0008615   6.5165E+07 -7.0065E+05  2.0594E+05
0008616   6.6182E+07 -1.1715E+06  2.0204E+06
0008617   6.2111E+07 -1.0049E+06  8.7657E+05
0008618   6.6661E+07  8.8705E+04 -2.1388E+06
0008619   6.5359E+07 -2.2328E+06 -1.3003E+06
0008620   6.4732E+07  6.6004E+05  6.5295E+05
0008621   6.3925E+07  1.2487E+06  1.7411E+06
0008622   6.4093E+07 -1.7285E+06 -2.6405E+06
0008623   6.2635E+07  1.9480E+05 -2.4769E+06
0008624   6.5539E+07 -3.3378E+05  9.4327E+05
0008625   6.4896E+07  1.3906E+06 -1.1180E+06
0008626   6.4687E+07  8.9065E+05  1.2616E+06
0008627   6.4186E+07 -1.2584E+06 -3.6639E+05
0008628   6.3110E+07 -1.5964E+06 -7.3834E+03
0008629   6.5278E+07  1.4036E+05 -1.6512E+06
0008630   6.2703E+07  5.3028E+06  7.2306E+06
0008631   6.6527E+07 -1.3401E+06 -1.1090E+06
0008632   6.4285E+07  1.3762E+06  1.9022E+06
0008633   6.5622E+07  2.6652E+06 -6.3837E+04
0008634   6.5214E+07  8.0097E+03 -2.1850E+04
0008635   6.4591E+07  2.8408E+06  2.6915E+05
0008636   6.7533E+07  1.4387E+05  1.2913E+06
0008637   6.5325E+07 -1.9978E+06  1.2418E+06
0008638   6.5767E+07 -4.2902E+04 -1.5742E+05
0008639   6.4335E+07  1.2233E+06  5.9784E+05
0008640   6.5577E+07  4.2882E+05  3.2851E+05
0008641   6.3620E+07  7.4366E+05 -9.2403E+05
0008642   6.3102E+07 -1.4891E+05 -1.1302E+06
0008643   6.6337E+07  1.9495E+06  1.5125E+05
0008644   6.5132E+07 -8.1835E+04 -2.3492E+06
0008645   6.3577E+07 -1.6589E+06 -3.6017E+05
0008646   6.3453E+07 -5.4409E+05  1.6847E+05
0008647   6.1978E+07  7.2003E+05 -2.0147E+05
0008648   6.5523E+07 -1.6847E+06  8.2167E+05
0008649   6.3085E+07 -3.9437E+05  8.3590E+05
0008650   6.5923E+07  5.5126E+04 -1.9106E+05
0008651   6.4753E+07  2.8817E+05 -7.1935E+05
0008652   6.5570E+07 -6.3803E+05 -9.7396E+05
0008653   6.5110E+07 -1.7314E+05 -1.9239E+06
0008654   6.4035E+07  2.3870E+05 -8.5911E+05
0008655   6.2799E+07  3.3894E+05  1.8895E+06
0008656   6.5042E+07  2.7482E+05  1.8717E+06
0008657   6.4153E+07 -9.0817E+05 -2.0870E+06
0008658   6.6099E+07  3.5282E+05  7.9561E+05
0008659   6.4084E+07  1.2394E+06 -1.0669E+06
0008660   6.5238E+07  9.9587E+05 -6.2987E+05
0008661   6.4499E+07  7.8664E+04  2.3188E+05
0008662   6.5717E+07 -9.9563E+05 -2.1695E+06
0008663   6.4627E+07  1.4554E+06  5.3757E+05
0008664   6.6873E+07  3.3428E+05 -6.0164E+05
0008665   6.4327E+07 -6.3015E+06  3.6049E+05
0008666   6.4854E+07  1.3653E+06 -4.3501E+05
0008667   6.5034E+07  1.6981E+06 -4.7993E+06
0008668   6.3775E+07  5.5325E+05  1.8674E+06
0008669   6.3869E+07  1.6747E+06 -5.1090E+03
0008670   6.2828E+07 -8.9662E+05 -1.0102E+06
0008671   6.3831E+07  7.9360E+05 -4.3357E+05
0008672   6.4538E+07 -2.1351E+06  1.6163E+06
0008673   6.3801E+07  4.6126E+05  5.4724E+05
0008674   6.6277E+07 -2.9406E+06 -4.2079E+05
0008675   6.4751E+07  2.2832E+06  1.4007E+06
0008676   6.5719E+07  6.3728E+05 -3.8952E+05
0008677   6.4771E+07  4.8508E+05 -1.8791E+06
0008678   6.6423E+07  3.5827E+06 -1.3218E+06
0008679   6.4977E+07 -2.5412E+06  2.1918E+06
0008680   6.6572E+07 -2.2425E+06  1.6273E+06
0008681   6.3660E+07  3.4885E+06 -1.0239E+06
0008682   6.4338E+07  1.1326E+06  3.3024E+06
0008683   6.2752E+07  1.3813E+06  2.2094E+05
0008684   6.5110E+07 -3.5355E+04  1.3587E+05
0008685   6.4875E+07 -2.1409E+05  4.5054E+05
0008686   6.3818E+07 -1.5438E+06 -2.2646E+06
0008687   6.3203E+07  1.2419E+06  1.8038E+05
0008688   6.3348E+07  4.2516E+06 -6.3784E+06
0008689   6.4713E+07 -1.1410E+06 -5.4064E+05
0008690   6.3768E+07  2.2360E+06 -2.0327E+06
0008691   6.4375E+07  1.7877E+05  2.1061E+06
0008692   6.5986E+07 -8.4646E+05 -5.6553E+04
0008693   6.5319E+07  2.2354E+05 -2.7323E+05
0008694   6.2007E+07 -1.1091E+05  8.3618E+05
0008695   6.4164E+07 -2.2466E+06 -2.6954E+06
0008696   6.3660E+07  1.3803E+06 -1.0045E+06
0008697   6.3990E+07 -2.9692E+05 -9.4738E+05
0008698   6.3533E+07  3.1643E+04  1.0169E+05
0008699   6.5609E+07 -2.8162E+06 -6.0503E+05
0008700   6.5741E+07 -4.3438E+05  1.8566E+06
0008701   6.5262E+07 -4.1262E+06  4.8563E+06
0008702   6.4283E+07  1.6155E+06  2.8462E+06
0008703   6.3902E+07  8.7133E+05  6.2310E+05
0008704   6.4022E+07  9.7272E+05 -5.1602E+05
0008705   6.5979E+07  7.6069E+05  2.4195E+06
0008706   6.4154E+07 -1.6910E+06 -1.1753E+06
0008707   6.3509E+07 -6.3507E+05 -2.8537E+06
0008708   6.4363E+07  5.7127E+05  6.9688E+05
0008709   6.3861E+07  6.7389E+05  1.3424E+05
0008710   6.4002E+07  1.0049E+06 -3.4560E+05
0008711   6.4491E+07 -7.9159E+05 -6.2947E+05
0008712   6.4921E+07 -1.7756E+06 -2.9630E+06
0008713   6.4856E+07  2.7522E+05  9.7971E+05
0008714   6.2302E+07  1.8411E+06 -2.6774E+05
0008715   6.4645E+07  1.6625E+05 -8.1999E+05
0008716   6.1001E+07  1.7332E+06 -1.0508E+07
0008717   6.5151E+07 -1.6218E+06  1.7257E+06
0008718   6.4906E+07 -1.6101E+05  6.0969E+05
0008719   6.4913E+07  1.8819E+06  9.8900E+05
0008720   6.2974E+07 -6.5744E+05 -9.0657E+05
0008721   6.2614E+07 -1.6846E+06  8.6181E+05
0008722   6.4158E+07  3.8109E+05 -1.3496E+06
0008723   6.5117E+07 -1.4757E+06 -2.3884E+06
0008724   6.2525E+07 -3.5480E+06 -8.4014E+06
0008725   6.5287E+07 -8.8396E+05  2.8508E+06
0008726   6.3553E+07 -1.7991E+05 -9.9638E+04
0008727   6.3253E+07  2.3800E+06 -3.5609E+05
0008728   6.3852E+07  1.8407E+06  8.4485E+05
0008729   6.3790E+07  9.3057E+04  9.9812E+05
0008730   6.4537E+07  1.0011E+06 -1.4128E+04
0008731   6.3996E+07 -1.4732E+06  6.8969E+05
0008732   6.4479E+07 -2.1382E+06 -2.8645E+05
0008733   6.4239E+07  3.4519E+05  4.5125E+05
0008734   6.3281E+07 -1.4987E+06  2.0163E+06
0008735   6.5503E+07 -1.8823E+06  2.2658E+06
0008736   6.4038E+07 -1.0972E+06  9.8611E+05
0008737   6.4313E+07 -3.8428E+06  5.0145E+05
0008738   6.6642E+07 -1.9208E+05  3.8069E+05
0008739   6.5646E+07  8.4725E+05 -1.7763E+06
0008740   6.2645E+07  2.0176E+06  9.1722E+05
0008741   6.4544E+07 -3.7386E+05 -8.0786E+05
0008742   6.3692E+07  1.6928E+06  3.5239E+05
0008743   6.3581E+07 -9.5288E+05 -5.0153E+05
0008744   6.4506E+07  1.2331E+06  1.2956E+06
0008745   6.4740E+07  1.0034E+06 -7.3412E+04
0008746   6.6075E+07 -8.6009E+05 -1.6061E+06
0008747   6.3623E+07  2.6993E+06  2.1545E+06
0008748   6.2338E+07  3.7513E+05 -1.4377E+05
0008749   6.4744E+07  1.0035E+06  2.3101E+06
0008750   6.5607E+07  1.0389E+06  5.8335E+05
0008751   6.4192E+07 -1.5301E+06 -2.2039E+06
0008752   6.3773E+07  6.5661E+05 -1.5874E+06
0008753   6.3276E+07  1.5584E+06  2.2268E+06
0008754   6.4501E+07  8.5783E+05  2.3537E+05
0008755   6.5912E+07 -2.4705E+06 -2.8911E+06
0008756   6.7410E+07  7.2287E+05 -3.6133E+05
0008757   6.3732E+07 -3.1672E+06 -2.8259E+06
0008758   6.3082E+07  8.6252E+05  1.1681E+06
0008759   6.3525E+07  1.6889E+06 -1.4083E+05
0008760   6.6293E+07 -1.4778E+06 -1.6411E+06
0008761   6.5118E+07 -5.7369E+05 -4.9680E+05
0008762   6.4198E+07 -9.6956E+05 -3.0855E+05
0008763   6.5981E+07 -9.4945E+05  7.4156E+05
0008764   6.6025E+07 -5.0337E+05  1.6787E+06
0008765   6.4597E+07  3.1147E+06 -1.1646E+06
0008766   6.2990E+07 -8.3945E+05  1.9799E+06
0008767   6.4263E+07 -5.5610E+05 -1.0214E+06
0008768   6.4331E+07 -4.5008E+05 -3.4585E+05
0008769   6.5422E+07  3.7512E+04 -1.8635E+05
0008770   6.5036E+07  1.0167E+06 -1.5761E+05
0008771   6.4919E+07  2.8860E+06  1.3327E+06
0008772   6.2926E+07 -8.6759E+05 -9.4222E+05
0008773   6.4198E+07  9.3918E+05 -6.8168E+04
0008774   6.5245E+07 -1.1322E+06 -1.0567E+06
0008775   6.6665E+07 -1.1465E+06  4.8895E+05
0008776   6.4169E+07 -1.2183E+06 -3.6622E+05
0008777   6.3660E+07 -6.7702E+05  2.8006E+05
0008778   6.4384E+07  9.6523E+05 -2.2602E+06
0008779   6.2745E+07  1.5676E+06  5.6073E+05
0008780   6.5348E+07  2.3281E+06 -3.9336E+05
0008781   6.5521E+07  4.2088E+05 -1.1179E+06
0008782   6.2606E+07 -1.6259E+06  8.3036E+05
0008783   6.3351E+07  1.4961E+06 -2.8058E+05
0008784   6.6122E+07  2.0257E+06 -8.8415E+05
0008785   6.5486E+07  1.4833E+06 -1.5941E+05
0008786   6.3903E+07  1.8311E+05  2.3629E+06
0008787   6.1693E+07  9.4900E+05  6.2853E+05
0008788   6.2636E+07 -8.5786E+05 -4.9310E+05
0008789   6.4388E+07  4.4355E+06 -1.2150E+06
0008790   6.4084E+07  4.0122E+06  6.8805E+06
0008791   6.4958E+07 -1.6774E+06 -4.9810E+04
0008792   6.5229E+07 -9.4211E+05  1.3035E+06
0008793   6.6924E+07  1.2196E+05 -4.5249E+05
0008794   6.6323E+07  1.6310E+06 -1.3384E+06
0008795   6.5588E+07 -1.3340E+06  1.6424E+06
0008796   6.3418E+07  7.8835E+05 -1.6530E+06
0008797   6.5565E+07  5.9805E+05 -3.0604E+05
0008798   6.2678E+07  4.7237E+05 -2.0365E+06
0008799   6.5941E+07  7.9004E+05 -9.5801E+05
0008800   6.2681E+07  7.7831E+05 -1.2419E+06
0008801   6.6343E+07  3.6604E+05  2.2522E+04
0008802   6.2449E+07  9.5267E+05 -8.4641E+05
0008803   6.8143E+07 -9.8160E+04 -1.1981E+06
0008804   6.3853E+07  8.1101E+05  1.0496E+06
0008805   6.3647E+07  2.7997E+06 -2.3583E+06
0008806   6.4311E+07  1.5815E+06  2.9473E+06
0008807   6.4431E+07  9.5566E+04 -1.8051E+06
0008808   6.4216E+07  1.6819E+05 -7.6644E+05
0008809   6.2742E+07 -6.1804E+05 -9.8267E+05
0008810   6.7531E+07  8.9865E+05 -2.0157E+06
0008811   6.3232E+07 -2.1393E+06  5.8195E+05
0008812   6.3673E+07  4.7088E+05 -3.8213E+06
0008813   6.4289E+07  1.1745E+05 -2.1429E+06
0008814   6.6075E+07 -1.8468E+05  1.4816E+06
0008815   6.5344E+07 -1.0883E+05  2.2653E+05
0008816   6.4955E+07  3.0428E+06 -3.9258E+05
0008817   6.3903E+07 -1.1566E+06  1.5680E+06
0008818   6.4936E+07 -1.0592E+06 -1.1531E+06
0008819   6.4318E+07 -1.6866E+06 -1.5036E+05
0008820   6.4086E+07  1.3524E+06 -1.3976E+06
0008821   6.2111E+07 -3.8799E+06 -2.1722E+06
0008822   6.2834E+07  8.7445E+05  2.6254E+05
0008823   6.4526E+07 -1.1679E+06 -1.4752E+06
0008824   6.5027E+07 -2.1997E+06  9.0792E+05
0008825   6.4478E+07  2.1563E+05 -5.7233E+05
0008826   6.3620E+07 -8.7403E+05  5.9199E+05
0008827   6.4175E+07  2.2002E+06 -3.8058E+06
0008828   6.5350E+07 -1.1429E+06 -1.0602E+06
0008829   6.3919E+07 -2.5168E+05 -1.1791E+06
0008830   6.3482E+07  1.2655E+06 -2.1179E+06
0008831   6.4723E+07  6.8028E+04 -2.1022E+05
0008832   6.4042E+07 -2.5502E+06 -1.0263E+05
0008833   6.5377E+07  8.1291E+05 -4.0044E+06
0008834   6.3299E+07  5.3723E+05  2.1405E+05
0008835   6.5820E+07  3.0203E+05 -1.2317E+06
0008836   6.4064E+07 -2.1921E+06  7.7281E+05
0008837   6.6897E+07  1.1041E+06 -1.5050E+05
0008838   6.6112E+07  7.7703E+05 -2.9604E+06
0008839   6.4422E+07 -9.4659E+05  8.3267E+05
0008840   6.4640E+07  3.0858E+06 -3.6516E+06
0008841   6.3418E+07  1.2245E+06  1.9260E+06
0008842   6.5346E+07  6.2746E+05  8.6040E+05
0008843   6.2685E+07  5.8447E+05 -9.6563E+05
0008844   6.3237E+07 -7.2202E+05 -4.9790E+05
0008845   6.6429E+07 -2.6123E+05 -9.5917E+05
0008846   6.4270E+07 -1.6398E+06 -1.6883E+06
0008847   6.5563E+07 -1.6825E+06  2.4387E+06
0008848   6.4293E+07  1.4595E+06  7.0854E+05
0008849   6.4837E+07 -6.5720E+05 -2.5162E+05
0008850   6.5880E+07 -1.6697E+06  1.4244E+05
0008851   6.3251E+07 -1.4686E+06 -8.3552E+05
0008852   6.4538E+07 -2.1406E+03 -1.3719E+06
0008853   6.4268E+07 -1.7311E+06  1.9244E+05
0008854   6.3628E+07 -1.6013E+05 -1.0133E+06
0008855   6.4456E+07 -3.9266E+06  6.2079E+05
0008856   6.2713E+07 -3.3490E+05  7.5080E+05
0008857   6.3413E+07 -9.0345E+05 -1.4717E+06
0008858   6.5328E+07  5.7883E+05  1.3197E+06
0008859   6.5164E+07 -1.0747E+06 -6.1894E+05
0008860   6.4539E+07 -1.5827E+06  2.6695E+06
0008861   6.5754E+07  8.5002E+05 -4.9555E+05
0008862   6.4789E+07 -2.6732E+06 -2.0092E+05
0008863   6.4742E+07  1.7086E+06  1.9612E+06
0008864   6.4163E+07 -1.0543E+06  4.7248E+05
0008865   6.5254E+07 -1.7235E+06 -3.0509E+04
0008866   6.5406E+07 -2.8776E+05 -5.3140E+05
0008867   6.5804E+07  5.9032E+05  5.7570E+05
0008868   6.5809E+07 -1.7919E+06  1.6576E+06
0008869   6.4345E+07  2.3287E+05 -1.8781E+06
0008870   6.3973E+07  3.0762E+05 -2.2181E+06
0008871   6.3908E+07  8.2310E+04 -4.3057E+05
0008872   6.2815E+07 -1.9024E+05 -2.4174E+06
0008873   6.5010E+07  5.8908E+05  1.0993E+06
0008874   6.4542E+07  1.1199E+06 -1.2742E+05
0008875   6.4335E+07 -6.1248E+05 -2.3802E+06
0008876   6.3509E+07  1.4658E+06  4.2301E+05
0008877   6.5336E+07  1.8863E+06  2.0891E+05
0008878   6.5770E+07  8.1255E+05 -6.2518E+05
0008879   6.1757E+07  5.4915E+06 -5.5472E+06
0008880   6.5241E+07  1.7238E+06 -8.2141E+05
0008881   6.5990E+07 -3.4673E+05 -2.2579E+06
0008882   6.4576E+07  9.6007E+05  6.6463E+05
0008883   6.4523E+07  1.2377E+06  6.1261E+05
0008884   6.3038E+07 -3.9935E+06 -6.5968E+05
0008885   6.5643E+07 -1.8906E+06  5.7256E+05
0008886   6.4798E+07 -4.7485E+04 -3.2830E+06
0008887   6.4102E+07 -2.0685E+06 -8.8861E+05
0008888   6.4170E+07  1.8225E+06  4.4925E+05
0008889   6.5873E+07 -1.1940E+06  9.3167E+05
0008890   6.2654E+07  1.9807E+05 -1.6068E+05
0008891   6.3786E+07 -6.9158E+05  5.1910E+05
0008892   6.5255E+07 -7.5606E+05  2.1674E+05
0008893   6.4805E+07  1.0496E+06 -7.7385E+05
0008894   6.4622E+07  2.3828E+05 -1.1713E+06
0008895   6.5391E+07  1.8260E+06 -1.3480E+06
0008896   6.4947E+07 -3.1971E+05 -2.5289E+05
0008897   6.6203E+07 -5.3935E+05  1.7537E+06
0008898   6.4718E+07 -7.0717E+05 -9.8372E+05
0008899   6.2845E+07  2.4285E+06  4.8818E+06
0008900   6.4623E+07 -1.4901E+06 -8.4408E+05
0008901   6.4692E+07  3.0253E+05  9.9816E+05
0008902   6.3464E+07  1.4406E+06 -1.3127E+06
0008903   6.3385E+07 -9.4377E+05 -3.4650E+06
0008904   6.4575E+07  2.9281E+04 -1.7680E+06
0008905   6.5619E+07 -1.0071E+05  4.4191E+04
0008906   6.6313E+07 -2.1165E+06 -7.8309E+05
0008907   6.6134E+07  7.9234E+05  6.4392E+05
0008908   6.4319E+07 -1.6383E+06 -1.6737E+06
0008909   6.3562E+07 -1.7122E+06  4.4668E+06
0008910   6.5388E+07  1.9236E+05 -2.2052E+04
0008911   6.3758E+07 -2.1496E+06 -6.8577E+05
0008912   6.3340E+07  4.8341E+03 -1.0365E+06
0008913   6.4100E+07  1.6130E+06 -1.3788E+06
0008914   6.2581E+07  2.2987E+06 -1.6843E+06
0008915   6.4767E+07 -2.2566E+06 -4.1000E+05
0008916   6.2996E+07  6.2383E+05  1.3166E+06
0008917   6.3681E+07 -1.0293E+06  6.0224E+05
0008918   6.4315E+07 -8.4343E+05 -2.9675E+05
0008919   6.6227E+07 -1.4983E+06  6.3212E+05
0008920   6.3519E+07 -2.4655E+06  4.5112E+05
0008921   6.3801E+07 -6.9493E+05  1.6872E+06
0008922   6.3056E+07  2.2554E+06  4.4711E+06
0008923   6.4266E+07 -2.1506E+06  4.5128E+05
0008924   6.5176E+07  2.8152E+06 -2.2980E+05
0008925   6.4779E+07 -7.1562E+05  1.1462E+06
0008926   6.4762E+07 -3.4792E+05 -1.9746E+06
0008927   6.3366E+07  1.6088E+06  2.5220E+06
0008928   6.4470E+07 -3.1768E+05 -1.9537E+06
0008929   6.3642E+07 -2.5492E+05 -1.8369E+06
0008930   6.4575E+07  7.4744E+05 -3.9840E+06
0008931   6.4069E+07  9.6298E+05 -1.1549E+06
0008932   6.5454E+07  1.2377E+06  1.3552E+06
0008933   6.4315E+07 -1.4445E+06 -2.3938E+05
0008934   6.5564E+07 -5.3225E+05  2.2441E+06
0008935   6.4822E+07 -4.4092E+06  1.9704E+06
0008936   6.5099E+07  1.6014E+06 -5.8537E+05
0008937   6.4574E+07  3.9109E+04 -5.4952E+05
0008938   6.6727E+07  7.0869E+04  1.6650E+06
0008939   6.5652E+07 -5.1335E+06  3.0039E+06
0008940   6.2314E+07 -1.7063E+06 -2.3017E+05
0008941   6.5489E+07 -2.4106E+05  1.1378E+05
0008942   6.4563E+07  1.5714E+06 -7.0265E+05
0008943   6.4496E+07 -6.2594E+05  3.0466E+05
0008944   6.4039E+07  1.9635E+06 -3.2152E+05
0008945   6.7125E+07 -8.9142E+05 -5.9081E+05
0008946   6.5059E+07  1.3684E+06 -2.7225E+05
0008947   6.4371E+07  9.2866E+05  1.8362E+06
0008948   6.5857E+07 -8.4360E+05 -2.0962E+06
0008949   6.4773E+07 -2.9468E+05 -2.1409E+05
0008950   6.2128E+07 -5.5361E+05 -7.0856E+05
0008951   6.4291E+07 -9.0146E+05  1.1957E+06
0008952   6.2100E+07 -1.2755E+06  5.5395E+05
0008953   6.3514E+07 -1.6781E+06  6.2114E+05
0008954   6.2909E+07 -1.1467E+06 -2.1714E+06
0008955   6.2801E+07 -6.0393E+05  6.8255E+05
0008956   6.3271E+07 -3.7503E+05  2.7378E+06
0008957   6.3431E+07  4.5275E+05  1.0346E+06
0008958   6.3650E+07  1.5875E+06  2.0431E+05
0008959   6.6122E+07  1.6206E+05 -1.1084E+05
0008960   6.3567E+07  2.1007E+05  7.1698E+03
0008961   6.4526E+07 -2.7243E+06  1.4641E+05
0008962   6.4962E+07 -2.4060E+04  4.9904E+05
0008963   6.3793E+07  1.3420E+06 -1.5827E+05
0008964   6.4704E+07 -1.8509E+06 -5.5864E+05
0008965   6.3371E+07  2.4879E+05 -1.3430E+06
0008966   6.4787E+07  1.1197E+06 -1.3537E+06
0008967   6.3973E+07  8.3018E+05 -3.5913E+06
0008968   6.5367E+07 -5.4382E+05 -1.8136E+06
0008969   6.4879E+07  7.9879E+05 -1.0324E+06
0008970   6.3343E+07  4.7529E+04  5.1356E+06
0008971   6.4290E+07 -1.8219E+05  1.9782E+06
0008972   6.5475E+07  1.0156E+06  2.6105E+06
0008973   6.4902E+07  1.1263E+04 -1.7887E+06
0008974   6.5424E+07  3.5814E+06  8.5738E+05
0008975   6.5090E+07 -5.0451E+05 -1.2068E+06
0008976   6.4634E+07 -9.6040E+05 -9.2527E+05
0008977   6.4086E+07  1.3258E+06  2.5236E+05
0008978   6.5796E+07 -8.4149E+05  2.0259E+05
0008979   6.4503E+07  1.5528E+06 -2.8690E+06
0008980   6.4008E+07  1.2890E+06  1.9852E+06
0008981   6.3808E+07 -5.1757E+05  9.1289E+05
0008982   6.4435E+07  2.1989E+05 -1.0156E+06
0008983   6.4799E+07  4.8990E+05 -8.1543E+05
0008984   6.4692E+07  2.6806E+05 -1.3646E+06
0008985   6.3746E+07 -1.6490E+06  9.1506E+05
0008986   6.5029E+07  3.9933E+05  2.6444E+05
0008987   6.4621E+07  1.9163E+06  2.6850E+04
0008988   6.5706E+07 -1.4519E+05 -1.6218E+06
0008989   6.2582E+07 -6.8273E+05  1.5213E+06
0008990   6.4609E+07 -1.3154E+06 -5.9319E+05
0008991   6.4361E+07 -1.8174E+06 -1.7350E+06
0008992   6.4371E+07  1.3529E+06 -1.1403E+06
0008993   6.3214E+07  1.0611E+06 -2.9086E+05
0008994   6.5103E+07 -1.7816E+06 -2.0668E+05
0008995   6.4239E+07  3.2522E+06  6.9490E+05
0008996   6.6509E+07 -5.9088E+05  4.2189E+05
0008997   6.4436E+07  1.9692E+06  1.2563E+05
0008998   6.4016E+07  3.1477E+05 -7.0686E+05
0008999   6.6506E+07  1.4039E+06  3.2625E+05
0009000   6.4418E+07  9.6902E+05 -6.4474E+05
0009001   6.4127E+07  1.5615E+06 -2.8165E+05
0009002   6.3287E+07 -1.0228E+06 -1.8054E+06
0009003   6.4977E+07 -1.3611E+06  6.7402E+05
0009004   6.3895E+07 -3.1880E+06  2.3692E+05
0009005   6.4805E+07  3.1281E+05 -7.6762E+05
0009006   6.5579E+07  6.7715E+05  3.3757E+05
0009007   6.6062E+07  5.7387E+05  4.2515E+05
0009008   6.3279E+07  2.2594E+05  1.1669E+06
0009009   6.2429E+07 -1.9922E+06 -9.4759E+05
0009010   6.3254E+07  9.6076E+05  2.5819E+06
0009011   6.5027E+07  2.3197E+05  1.3002E+06
0009012   6.3270E+07  1.1899E+06 -9.8960E+05
0009013   6.5831E+07  2.1579E+06  5.2391E+04
0009014   6.5580E+07 -2.3603E+06  1.0070E+06
0009015   6.5574E+07 -5.9853E+05 -4.4123E+05
0009016   6.3579E+07  1.6670E+06 -3.1705E+05
0009017   6.3857E+07  1.1123E+05  1.2455E+06
0009018   6.2725E+07  6.4353E+05  1.3903E+06
0009019   6.3586E+07 -1.3734E+06  1.1639E+06
0009020   6.3903E+07 -3.4819E+05  1.7923E+06
0009021   6.2294E+07  4.2758E+06 -1.4728E+06
0009022   6.5089E+07  1.1366E+06 -1.4106E+06
0009023   6.6666E+07  4.7730E+04  1.2258E+06
0009024   6.3597E+07 -8.4334E+05  4.4472E+05
0009025   6.5357E+07  1.3795E+06 -1.4337E+05
0009026   6.4312E+07 -2.1721E+05  4.1675E+05
0009027   6.6387E+07  8.0554E+04 -4.3544E+05
0009028   6.4881E+07  2.2987E+05  2.0016E+06
0009029   6.3192E+07  4.9154E+05 -2.2560E+06
0009030   6.4507E+07  1.8088E+06 -1.6163E+05
0009031   6.3281E+07  1.5423E+06 -8.0078E+05
0009032   6.3361E+07 -1.7459E+06 -1.5200E+06
0009033   6.4580E+07 -5.0391E+05  2.6977E+05
0009034   6.3674E+07  1.3570E+06 -2.6713E+05
0009035   6.4999E+07 -2.6289E+06 -1.9649E+06
0009036   6.6453E+07  2.0141E+06 -4.6546E+05
0009037   6.2192E+07  1.9358E+06 -1.1230E+06
0009038   6.5014E+07  3.3104E+04 -7.0747E+05
0009039   6.2787E+07  3.9085E+06  1.8287E+05
0009040   6.6984E+07 -1.1889E+06  7.2027E+05
0009041   6.4730E+07 -2.0680E+06  7.1879E+05
0009042   6.6316E+07  3.5324E+06 -8.4316E+05
0009043   6.5124E+07 -3.0380E+05 -3.6456E+05
0009044   6.5127E+07 -2.7105E+05 -8.9832E+05
0009045   6.4069E+07  5.7745E+05  1.5898E+06
0009046   6.4954E+07  1.6349E+06  2.7862E+06
0009047   6.4824E+07 -2.8870E+06 -1.3967E+06
0009048   6.4725E+07  2.7051E+05  2.4651E+05
0009049   6.5539E+07  5.7797E+05 -1.3500E+05
0009050   6.3432E+07 -3.1201E+06 -5.4692E+04
0009051   6.6027E+07 -4.2084E+05  1.1773E+06
0009052   6.3849E+07  2.3333E+05 -3.5601E+03
0009053   6.5236E+07 -1.1806E+06  2.6643E+06
0009054   6.4623E+07 -1.1720E+06 -1.9510E+06
0009055   6.2761E+07 -3.4172E+06  5.4777E+06
0009056   6.5098E+07  1.1959E+06  7.5513E+05
0009057   6.4601E+07  1.2281E+05 -5.3106E+05
0009058   6.3160E+07  4.0676E+06 -6.1315E+05
0009059   6.3769E+07 -2.0335E+05 -3.5968E+06
0009060   6.5503E+07  3.8218E+05  1.0914E+06
0009061   6.4038E+07 -1.5462E+06  7.1258E+05
0009062   6.3539E+07  2.6200E+06 -5.4181E+05
0009063   6.3386E+07  1.7771E+06 -3.4150E+05
0009064   6.5994E+07 -3.0491E+06 -9.5174E+05
0009065   6.4646E+07 -1.4134E+06 -4.2982E+05
0009066   6.3823E+07  6.4959E+05  4.7763E+05
0009067   6.2796E+07 -9.8719E+04  1.9889E+06
0009068   6.5339E+07  2.1163E+06 -1.7375E+06
0009069   6.2075E+07 -2.0800E+06  3.3735E+05
0009070   6.3948E+07 -1.0268E+05 -9.7870E+05
0009071   6.4981E+07 -2.1466E+05  1.1022E+06
0009072   6.4292E+07 -9.0046E+04 -1.6892E+06
0009073   6.3510E+07 -3.2767E+05  2.7187E+05
0009074   6.3721E+07 -5.9726E+05 -1.4789E+06
0009075   6.3386E+07 -1.0913E+06 -5.3105E+05
0009076   6.5417E+07  1.4041E+06 -2.7915E+05
0009077   6.4269E+07  1.6706E+06  1.1545E+05
0009078   6.5328E+07  2.9961E+06  5.0278E+05
0009079   6.2275E+07 -5.3405E+05  7.5842E+05
0009080   6.2776E+07 -8.3698E+05  2.4122E+05
0009081   6.5079E+07  1.4121E+06  5.9406E+05
0009082   6.3919E+07 -2.4361E+06  5.7342E+04
0009083   6.5994E+07  2.1574E+06 -5.5675E+05
0009084   6.4775E+07 -3.7331E+05 -2.1646E+06
0009085   6.2996E+07  1.0024E+05  6.0224E+04
0009086   6.4189E+07 -2.1289E+06 -4.3111E+06
0009087   6.5450E+07  2.2508E+06  1.4509E+06
0009088   6.4163E+07  1.1943E+05 -3.5946E+06
0009089   6.4092E+07  3.7708E+06 -2.7546E+06
0009090   6.5125E+07 -3.3543E+06  2.5465E+06
0009091   6.3506E+07 -2.7561E+06  9.5609E+05
0009092   6.3968E+07 -4.5031E+04  1.2281E+06
0009093   6.5025E+07 -1.9583E+06  1.0039E+06
0009094   6.3873E+07  3.7192E+06 -3.9568E+06
0009095   6.3777E+07  1.1998E+06  1.2398E+06
0009096   6.7596E+07  4.4987E+05 -1.0517E+06
0009097   6.5548E+07 -2.6251E+06 -1.4125E+06
0009098   6.5373E+07  1.0068E+05 -7.2302E+05
0009099   6.4139E+07 -1.4516E+06 -2.1006E+06
0009100   6.6366E+07  1.0478E+06 -8.7991E+05
0009101   6.5665E+07 -1.9677E+05 -1.8184E+06
0009102   6.4089E+07  2.6887E+04  1.8324E+06
0009103   6.3176E+07 -3.3863E+05 -2.0457E+05
0009104   6.4603E+07 -2.2277E+06  8.9703E+05
0009105   6.4985E+07 -1.2725E+06 -2.2413E+05
0009106   6.3325E+07  2.2638E+06  8.8757E+05
0009107   6.6102E+07  8.7276E+05 -7.6662E+05
0009108   6.5875E+07 -1.5179E+06 -1.2975E+06
0009109   6.6449E+07  9.2639E+05  2.6921E+05
0009110   6.5014E+07  1.8293E+06 -2.1950E+06
0009111   6.3471E+07 -1.2363E+06 -1.6168E+06
0009112   6.3594E+07 -1.1560E+06  6.2994E+06
0009113   6.3539E+07  1.0917E+06  1.4843E+05
0009114   6.4258E+07 -2.3369E+06 -9.4363E+04
0009115   6.6181E+07 -2.0731E+06 -1.2035E+06
0009116   6.5427E+07 -8.0988E+05  1.1804E+06
0009117   6.3448E+07 -9.3468E+05  1.4761E+06
0009118   6.3921E+07  1.2794E+06 -6.7460E+05
0009119   6.4310E+07  1.7817E+06  3.9893E+05
0009120   6.4458E+07 -1.8428E+06 -1.2558E+05
0009121   6.4231E+07 -6.7081E+05 -7.6510E+05
0009122   6.3980E+07 -2.6504E+06  5.2056E+04
0009123   6.4441E+07 -8.6299E+05 -5.4694E+05
0009124   6.3179E+07 -7.0353E+05  9.5628E+05
0009125   6.3791E+07 -2.0853E+04 -1.3029E+05
0009126   6.2997E+07 -1.3770E+06 -1.1509E+06
0009127   6.6079E+07 -3.7608E+05  2.1681E+06
0009128   6.5278E+07 -1.8006E+06 -3.0685E+05
0009129   6.3508E+07  8.0363E+06 -2.3823E+06
0009130   6.5905E+07  2.2136E+06 -1.3504E+06
0009131   6.3329E+07 -3.0468E+06  6.3532E+05
0009132   6.4199E+07 -1.5650E+06  2.3959E+06
0009133   6.5832E+07  3.3412E+04 -3.0950E+05
0009134   6.3200E+07  2.1118E+04  1.5310E+06
0009135   6.3537E+07  2.2584E+04 -9.1897E+05
0009136   6.5525E+07  1.1923E+06 -9.0968E+05
0009137   6.5068E+07  2.2224E+05 -1.6290E+05
0009138   6.4874E+07  2.7291E+06 -1.3942E+06
0009139   6.5032E+07  4.8882E+05 -3.6333E+05
0009140   6.5952E+07 -1.9278E+06 -3.5499E+05
0009141   6.4453E+07  2.9347E+06 -3.7227E+06
0009142   6.5859E+07  1.1685E+06 -1.3731E+06
0009143   6.7132E+07 -9.2401E+05  1.7975E+06
0009144   6.4882E+07 -2.2024E+05  2.6255E+05
0009145   6.3337E+07  1.2808E+06  4.4093E+05
0009146   6.5778E+07  2.8094E+05 -1.1492E+06
0009147   6.4007E+07  6.9385E+05 -1.6007E+06
0009148   6.4833E+07 -1.5009E+06  9.9112E+05
0009149   6.4780E+07  1.4350E+06 -1.0842E+06
0009150   6.4261E+07  8.4259E+05 -2.5331E+06
0009151   6.6078E+07 -8.4167E+05 -2.7133E+04
0009152   6.4837E+07 -7.2934E+05 -2.5281E+05
0009153   6.4338E+07  1.7425E+06  2.5855E+05
0009154   6.3931E+07 -4.0627E+06  7.7634E+05
0009155   6.5155E+07  1.8964E+06  1.2932E+06
0009156   6.6211E+07 -4.2660E+04 -1.9751E+05
0009157   6.4981E+07 -1.6085E+06  1.1524E+06
0009158   6.6321E+07  2.6319E+05  1.6884E+06
0009159   6.5257E+07 -2.0086E+05 -1.5931E+06
0009160   6.3238E+07 -2.0691E+05  9.7288E+05
0009161   6.3717E+07 -7.0855E+05 -4.6727E+05
0009162   6.4579E+07 -1.5855E+05 -6.9415E+05
0009163   6.5220E+07  1.1467E+06 -1.3258E+05
0009164   6.4194E+07 -5.0906E+05 -1.7540E+04
0009165   6.3139E+07 -3.5420E+06  5.7747E+05
0009166   6.4669E+07 -1.9097E+06  2.9300E+04
0009167   6.5690E+07 -8.3604E+05 -1.6409E+05
0009168   6.5651E+07  9.2098E+05  8.7280E+05
0009169   6.3772E+07 -2.3887E+06  1.4863E+06
0009170   6.4531E+07  1.1184E+06 -8.2537E+05
0009171   6.4822E+07  1.0962E+06  3.0103E+05
0009172   6.4368E+07  1.0154E+06  2.4368E+06
0009173   6.6966E+07  5.8642E+04 -5.4523E+05
0009174   6.4492E+07  1.7872E+06  9.4579E+05
0009175   6.4634E+07 -1.6460E+06 -5.5797E+04
0009176   6.5212E+07 -4.1525E+05 -3.4504E+05
0009177   6.4669E+07 -4.7490E+05  8.8325E+05
0009178   6.5388E+07 -1.2985E+06 -1.2431E+06
0009179   6.5869E+07 -1.9097E+06 -1.2283E+06
0009180   6.4504E+07  5.4746E+05 -2.9817E+05
0009181   6.4578E+07 -2.0304E+06 -1.1839E+06
0009182   6.4865E+07 -1.5694E+06  3.7871E+06
0009183   6.5823E+07  8.3650E+05  2.9382E+04
0009184   6.5067E+07 -1.4568E+06  2.6852E+05
0009185   6.3135E+07 -7.4211E+05  4.8339E+05
0009186   6.4150E+07  1.5426E+05  1.7459E+06
0009187   6.5813E+07  1.9388E+06 -2.4663E+06
0009188   6.5069E+07 -8.8516E+05 -2.0226E+06
0009189   6.3836E+07 -1.5842E+06  1.6866E+04
0009190   6.5212E+07  2.6609E+05 -1.2171E+06
0009191   6.3183E+07 -2.3831E+05  1.6783E+05
0009192   6.6145E+07 -6.2108E+05  6.7140E+05
0009193   6.4905E+07  1.8094E+06  1.0876E+06
0009194   6.5852E+07 -1.6206E+06  3.4670E+05
0009195   6.4878E+07  1.5418E+06  2.3651E+06
0009196   6.5861E+07 -1.6758E+06  1.3422E+06
0009197   6.4722E+07  6.8306E+05 -8.8985E+05
0009198   6.5778E+07 -1.4912E+04 -3.1015E+05
0009199   6.4550E+07  1.5951E+05  1.4587E+06
0009200   6.3909E+07 -1.1148E+06 -1.9657E+06
0009201   6.3899E+07 -4.3176E+05 -5.1074E+05
0009202   6.3908E+07 -1.8129E+06 -6.0218E+05
0009203   6.4954E+07 -3.8735E+05 -9.1063E+05
0009204   6.4799E+07  3.0623E+06 -1.3938E+06
0009205   6.2084E+07 -1.0791E+06  3.2800E+05
0009206   6.4720E+07  2.3596E+06  6.4703E+05
0009207   6.2299E+07  2.2047E+06  2.6353E+06
0009208   6.4310E+07 -2.4551E+05  1.1950E+06
0009209   6.3567E+07  1.4036E+05 -2.8613E+06
0009210   6.6241E+07 -8.5470E+05  2.7276E+05
0009211   6.1918E+07  1.3150E+06  9.9904E+05
0009212   6.4175E+07  1.8751E+06  7.0171E+04
0009213   6.2754E+07  6.6277E+06 -5.4816E+06
0009214   6.4170E+07 -8.6844E+05 -7.2931E+05
0009215   6.2344E+07 -8.2030E+02 -1.1727E+06
0009216   6.5200E+07 -1.7298E+06  1.6060E+05
0009217   6.4712E+07  1.9695E+05  2.1912E+06
0009218   6.3804E+07 -1.4524E+05 -9.3547E+02
0009219   6.5388E+07 -1.2048E+06  1.8485E+04
0009220   6.4754E+07 -2.1392E+06  6.6897E+05
0009221   6.3563E+07 -2.3718E+05 -1.6529E+06
0009222   6.2622E+07  6.2159E+05  2.5524E+06
0009223   6.3274E+07  1.6058E+06 -8.3401E+05
0009224   6.7719E+07  1.8682E+06  9.7726E+05
0009225   5.0574E+07 -9.9388E+06 -1.3616E+05
0009226   6.4744E+07  2.1309E+06  5.8303E+05
0009227   6.5788E+07  3.2602E+05  1.2751E+06
0009228   6.4110E+07  9.6501E+05 -4.0502E+05
0009229   6.4505E+07 -3.2206E+06  6.8066E+04
0009230   6.4425E+07 -2.9273E+06 -1.0418E+06
0009231   6.5520E+07 -2.7482E+06  1.3919E+06
0009232   6.2824E+07  8.3221E+05 -1.7040E+06
0009233   6.3668E+07  8.4769E+05 -6.3114E+05
0009234   6.2667E+07 -5.1229E+05 -3.5022E+05
0009235   6.4572E+07  6.0471E+05  9.0000E+04
0009236   6.4815E+07  8.9430E+05  6.7523E+05
0009237   6.6747E+07  5.2866E+05 -1.4239E+06
0009238   6.5380E+07 -3.9452E+05  1.5769E+05
0009239   6.5655E+07 -8.1436E+05  5.1909E+04
0009240   6.6543E+07  9.2098E+05 -3.6885E+05
0009241   6.5219E+07  7.6675E+05 -1.5006E+06
0009242   6.5058E+07 -3.5246E+05 -3.6219E+05
0009243   6.4108E+07 -1.0201E+06 -1.6283E+06
0009244   6.3294E+07 -7.4101E+05  1.1275E+06
0009245   6.5897E+07 -2.9657E+05  1.7769E+06
0009246   6.4392E+07  9.1627E+05 -4.1171E+05
0009247   6.4734E+07  2.4330E+06  9.8763E+04
0009248   6.6198E+07 -6.7150E+05 -1.2479E+06
0009249   6.4821E+07 -2.7089E+05  4.8995E+05
0009250   6.3444E+07  1.7270E+05  6.0457E+05
0009251   6.3877E+07  3.3169E+05 -1.3553E+06
0009252   6.5941E+07 -7.1065E+04 -1.3492E+06
0009253   6.5971E+07 -4.0561E+05 -3.6608E+05
0009254   6.4400E+07  9.8346E+05  1.6595E+05
0009255   6.5524E+07  1.6561E+06 -1.5666E+06
0009256   6.2935E+07 -1.7886E+06  6.2620E+05
0009257   6.5629E+07 -1.2145E+06 -1.1516E+06
0009258   6.6661E+07 -1.1620E+04 -8.3300E+05
0009259   6.4404E+07 -6.3013E+05 -1.4752E+05
0009260   6.2933E+07 -1.9085E+06  1.3522E+06
0009261   6.5331E+07  2.3664E+04 -1.8926E+06
0009262   6.4067E+07 -1.0067E+06 -8.4449E+05
0009263   6.4316E+07  1.0746E+06  1.7265E+06
0009264   6.4667E+07  3.4576E+05  2.2786E+06
0009265   6.6185E+07  1.3448E+06  1.1679E+06
0009266   6.1922E+07  4.2122E+05 -5.0021E+05
0009267   6.4596E+07  3.1185E+05 -1.0128E+06
0009268   6.6673E+07  4.2362E+05  1.5397E+05
0009269   6.5484E+07 -7.5174E+05 -1.1810E+05
0009270   6.2611E+07 -6.0071E+05 -9.4624E+05
0009271   6.4236E+07  4.1946E+05  1.1838E+06
0009272   6.4272E+07  4.3269E+05  9.3304E+05
0009273   6.3729E+07  2.1848E+06 -1.6471E+06
0009274   6.2793E+07  4.7500E+05 -2.0407E+06
0009275   6.4702E+07 -4.9252E+04 -1.4754E+05
0009276   6.3705E+07 -1.3906E+06 -1.1598E+06
0009277   6.5006E+07  7.4756E+05  1.7426E+06
0009278   6.4488E+07  1.1437E+06  1.8524E+05
0009279   6.2680E+07 -4.7558E+05  1.3860E+06
0009280   6.2881E+07 -5.9904E+05  4.0472E+05
0009281   6.3565E+07 -1.6455E+05  5.1468E+05
0009282   6.5302E+07  6.3980E+05 -6.0671E+05
0009283   6.4266E+07  8.0194E+05  2.2546E+06
0009284   6.4665E+07 -3.2559E+06  4.1913E+06
0009285   6.4377E+07 -1.2136E+05 -2.1145E+06
0009286   6.3575E+07 -5.1522E+05 -2.4561E+05
0009287   6.6204E+07 -2.6024E+05 -1.9245E+05
0009288   6.6577E+07  1.4852E+05  1.7052E+05
0009289   6.4342E+07  1.0103E+06 -1.9460E+06
0009290   6.5894E+07  1.4738E+06 -6.1962E+04
0009291   6.4385E+07  1.9683E+06  1.6894E+05
0009292   6.4040E+07 -4.0284E+05  5.4354E+05
0009293   6.2542E+07  7.5433E+05  2.7695E+05
0009294   6.4285E+07  2.8039E+06 -1.1035E+06
0009295   6.2879E+07 -1.4384E+06  2.1247E+04
0009296   6.3593E+07 -1.5568E+06  1.3934E+06
0009297   6.6543E+07  3.7772E+06  3.5094E+06
0009298   6.4684E+07 -1.8668E+06  6.9144E+05
0009299   6.5353E+07 -2.0437E+06  7.1269E+05
0009300   6.2990E+07  2.1408E+05 -4.9393E+05
0009301   6.4270E+07  9.9158E+05 -6.1468E+05
0009302   6.5026E+07 -2.1308E+06 -1.7306E+05
0009303   6.3979E+07 -1.6224E+06  1.6100E+06
0009304   6.3458E+07  1.1702E+06 -1.7515E+06
0009305   6.3876E+07  5.3831E+05 -3.5241E+06
0009306   6.4869E+07  2.0729E+06  1.3935E+06
0009307   6.3744E+07 -4.3656E+05 -1.1009E+06
0009308   6.4473E+07 -2.6386E+05  1.4992E+06
0009309   6.4921E+07  3.3226E+05 -3.6100E+05
0009310   6.5430E+07  1.1576E+06  1.3775E+06
0009311   6.4629E+07  8.1765E+05 -2.8536E+05
0009312   6.3206E+07 -2.5332E+06  2.0950E+05
0009313   6.5715E+07  2.2377E+06 -1.4848E+05
0009314   6.4691E+07  2.9665E+05 -6.9381E+05
0009315   6.2668E+07 -2.1282E+06 -1.5344E+06
0009316   6.4434E+07 -1.7281E+06 -3.0327E+06
0009317   6.2705E+07 -7.2803E+05 -1.6284E+05
0009318   6.6188E+07  8.3918E+05  5.2840E+05
0009319   6.5977E+07  2.6523E+06  1.2724E+06
0009320   6.1378E+07 -3.5458E+06 -2.3282E+06
0009321   6.7007E+07 -1.1446E+06 -8.3338E+05
0009322   6.4306E+07  1.1422E+06  2.6701E+06
0009323   6.4653E+07  1.7123E+05 -1.8560E+06
0009324   6.3243E+07  2.0785E+06 -1.0716E+06
0009325   6.4462E+07  8.2113E+05 -1.2822E+05
0009326   6.4629E+07 -6.0545E+05  2.7735E+06
0009327   6.4581E+07  1.9470E+04  1.1240E+06
0009328   6.5257E+07  1.2229E+06  1.4424E+06
0009329   6.4370E+07  4.5032E+05 -9.6191E+05
0009330   6.4482E+07 -4.9791E+05  4.3454E+05
0009331   6.4072E+07  3.4031E+06  1.1306E+06
0009332   6.5659E+07  3.6190E+04 -6.5227E+05
0009333   6.6516E+07 -1.3843E+06 -3.8129E+05
0009334   6.5244E+07  2.4990E+06  9.5472E+05
0009335   6.7225E+07 -8.5777E+05  2.5750E+06
0009336   6.3202E+07 -4.6905E+05  1.8211E+05
0009337   6.4715E+07 -1.0021E+06 -8.1514E+05
0009338   6.4107E+07  7.5178E+05  1.0449E+06
0009339   6.3399E+07 -7.2408E+05  1.4725E+06
0009340   6.4493E+07  4.0780E+05  1.0383E+06
0009341   6.2739E+07  7.5719E+05  1.2877E+06
0009342   6.4207E+07  2.5924E+06 -3.1850E+05
0009343   6.3279E+07  1.6428E+06  1.8039E+06
0009344   6.4017E+07 -2.1846E+06  6.7481E+05
0009345   6.3783E+07 -1.2250E+06 -1.3611E+06
0009346   6.4952E+07 -1.6406E+06  2.7836E+06
0009347   6.2799E+07  3.2376E+05  7.8519E+04
0009348   6.3801E+07  1.8469E+06  2.4937E+06
0009349   6.4798E+07  1.0376E+06  1.2989E+05
0009350   6.4751E+07  1.0957E+06  2.0936E+05
0009351   6.4084E+07  1.5800E+05  4.1084E+05
0009352   6.2806E+07  3.0822E+06  1.9792E+06
0009353   6.5452E+07  2.4684E+06 -6.6675E+05
0009354   6.6679E+07 -1.6988E+06  3.3553E+05
0009355   6.3882E+07 -8.1654E+05 -1.9640E+06
0009356   6.3374E+07 -2.7154E+04 -8.6978E+05
0009357   6.4679E+07 -5.1550E+05 -6.0922E+05
0009358   6.5182E+07 -1.1718E+05  5.3169E+05
0009359   6.5197E+07  1.9846E+06  1.2694E+06
0009360   6.4106E+07 -5.7340E+05 -6.0571E+05
0009361   6.4906E+07 -4.5815E+05 -2.7687E+05
0009362   6.3851E+07  1.1725E+06 -1.4563E+06
0009363   6.3467E+07 -2.7144E+05  5.2250E+05
0009364   6.2891E+07  2.1315E+06 -2.3746E+04
0009365   6.6856E+07  9.7576E+03  1.4870E+06
0009366   6.4562E+07 -1.5587E+05 -9.1048E+05
0009367   6.4564E+07  2.4524E+06 -5.6444E+03
0009368   6.4332E+07 -9.8470E+04  6.8393E+05
0009369   6.3202E+07 -4.2573E+05 -2.0809E+05
0009370   6.6106E+07 -6.4155E+04  1.6570E+06
0009371   6.4344E+07 -1.9593E+06  1.9247E+06
0009372   6.4762E+07 -4.0574E+05  8.1546E+05
0009373   6.3888E+07 -9.6001E+05  1.8658E+06
0009374   6.5339E+07 -1.7136E+06  7.4588E+04
0009375   6.4844E+07 -1.9304E+06  1.3347E+06
0009376   6.3804E+07 -7.7189E+05 -3.3170E+05
0009377   6.6363E+07 -1.7431E+06 -1.6190E+06
0009378   6.3858E+07 -4.7321E+05  2.3469E+05
0009379   6.3303E+07 -1.5973E+06  1.7650E+06
0009380   6.6016E+07 -1.4119E+06 -3.6994E+05
0009381   6.5695E+07 -5.1136E+04  2.6804E+06
0009382   6.5019E+07 -1.5132E+06 -6.4063E+05
0009383   6.3898E+07 -6.0858E+05 -1.0154E+06
0009384   6.5767E+07 -1.0686E+06 -8.5755E+05
0009385   6.3268E+07 -8.8512E+05  2.6237E+05
0009386   6.4995E+07  1.0849E+06  2.0043E+05
0009387   6.4080E+07 -1.8856E+05 -1.7353E+06
0009388   6.7433E+07  9.3467E+04  1.2542E+06
0009389   6.4654E+07  1.5454E+06  1.0848E+06
0009390   6.4501E+07 -8.9742E+05  1.6582E+06
0009391   6.2967E+07 -7.7396E+05  1.5141E+06
0009392   6.4221E+07 -3.0847E+06  1.7262E+06
0009393   6.6224E+07 -5.2152E+05  3.5083E+04
0009394   6.5032E+07  5.0003E+05  9.3474E+04
0009395   6.6211E+07  3.4825E+05 -2.3094E+06
0009396   6.4502E+07  6.0734E+05 -5.3885E+05
0009397   6.4354E+07  1.8916E+06 -8.2395E+05
0009398   6.3926E+07 -2.6497E+06  5.2365E+05
0009399   6.1987E+07 -3.0354E+05 -3.9851E+05
0009400   6.5476E+07  9.0674E+05  7.1458E+04
0009401   6.4433E+07  1.0053E+06 -9.3163E+05
0009402   6.4257E+07  1.9981E+05 -5.3709E+05
0009403   6.4396E+07 -1.3337E+05  6.2486E+05
0009404   6.5962E+07  3.3188E+06 -1.1565E+06
0009405   6.3999E+07  9.9836E+05 -2.0398E+06
0009406   6.4273E+07 -2.6818E+06 -1.4717E+06
0009407   6.3912E+07  1.3006E+06 -1.1509E+06
0009408   6.4369E+07 -3.1357E+05 -9.4228E+05
0009409   6.2939E+07  1.8536E+06 -8.8939E+05
0009410   6.5790E+07  2.5316E+06 -8.3270E+04
0009411   6.4699E+07  1.1592E+06 -1.0349E+06
0009412   6.4923E+07 -1.5675E+06 -9.5407E+05
0009413   6.4573E+07  3.1088E+05 -8.0680E+05
0009414   6.4926E+07 -9.1396E+05 -5.0082E+05
0009415   6.3238E+07  4.8177E+05  2.1244E+05
0009416   6.4635E+07  4.9110E+05  6.8509E+03
0009417   6.4221E+07  1.5975E+06  1.8664E+06
0009418   6.4857E+07 -2.2920E+06  1.0193E+05
0009419   6.3604E+07 -1.6283E+05  1.6357E+06
0009420   6.4566E+07 -1.3060E+06  5.8133E+05
0009421   6.5211E+07 -7.5315E+05 -8.8779E+05
0009422   6.4202E+07  1.8519E+05  8.1098E+04
0009423   6.6091E+07  2.3040E+05 -5.8247E+05
0009424   6.3049E+07 -1.8022E+06 -1.6386E+06
0009425   6.3882E+07  1.4060E+06 -5.6775E+05
0009426   6.2354E+07  2.1609E+06 -5.6064E+05
0009427   6.3441E+07 -1.2263E+06 -8.1500E+05
0009428   6.2336E+07  4.9431E+05 -1.3652E+06
0009429   6.2898E+07  8.2216E+05  1.7497E+06
0009430   6.5892E+07  7.4705E+05 -2.3109E+06
0009431   6.6695E+07 -6.9658E+05  9.6780E+05
0009432   6.6526E+07  8.7292E+05  1.3833E+06
0009433   6.5975E+07 -2.0618E+06 -4.8204E+06
0009434   6.3873E+07  4.0510E+05  1.9619E+06
0009435   6.3113E+07 -1.8406E+06 -2.3380E+06
0009436   6.3966E+07 -8.8050E+05  2.3029E+05
0009437   6.3178E+07 -7.3162E+05 -1.2312E+06
0009438   6.5086E+07  1.5821E+06  1.5706E+06
0009439   6.4420E+07 -4.0927E+05 -1.6129E+05
0009440   6.4904E+07  2.2023E+06 -2.3566E+06
0009441   6.4524E+07  1.4132E+05  4.9119E+05
0009442   6.2902E+07  2.8821E+05  8.2518E+05
0009443   6.4197E+07  1.2069E+06  9.4118E+05
0009444   6.5642E+07 -2.3167E+06 -3.5489E+06
0009445   6.4727E+07  7.7406E+05 -8.1975E+05
0009446   6.3991E+07  4.4892E+04 -3.7966E+05
0009447   6.5223E+07 -1.3185E+06 -1.5642E+05
0009448   6.5665E+07 -4.7022E+06  3.0769E+06
0009449   6.1417E+07 -2.7536E+06 -7.4561E+05
0009450   6.3396E+07 -1.3269E+06  8.6597E+05
0009451   6.3101E+07  1.5243E+06  8.4102E+05
0009452   6.2561E+07 -6.6960E+05  6.8034E+05
0009453   6.3047E+07 -1.4668E+05  1.1965E+06
0009454   6.4505E+07 -1.5277E+06  9.8476E+05
0009455   6.3623E+07  2.3923E+06 -9.6569E+05
0009456   6.3930E+07 -1.8144E+06 -2.0652E+06
0009457   6.3866E+07  1.0154E+06  7.5664E+05
0009458   6.3820E+07 -1.3186E+05  9.3469E+05
0009459   6.3249E+07  5.4516E+05 -1.7284E+04
0009460   6.4631E+07 -7.2112E+04  3.9653E+05
0009461   6.1759E+07 -1.0886E+06  2.5394E+06
0009462   6.3368E+07 -1.6328E+06 -1.5129E+06
0009463   6.4314E+07  1.8741E+06 -2.4440E+06
0009464   6.2062E+07 -1.1428E+06 -1.3064E+06
0009465   6.5802E+07  6.9084E+05  5.9051E+05
0009466   6.4708E+07  3.4044E+06 -2.9373E+06
0009467   6.3422E+07 -8.8023E+05  1.8404E+05
0009468   6.4175E+07  7.6565E+05  9.4933E+05
0009469   6.3443E+07  1.9831E+06 -3.5687E+06
0009470   6.4526E+07 -3.6036E+06 -7.7751E+05
0009471   6.5331E+07  1.1690E+06 -3.6835E+04
0009472   6.6048E+07  1.8643E+06 -2.2386E+06
0009473   6.6129E+07  1.7059E+06 -5.3268E+05
0009474   6.3822E+07 -3.3908E+05 -1.2517E+06
0009475   6.3487E+07  1.5866E+06 -1.4150E+06
0009476   6.3145E+07  1.2682E+06  7.9341E+05
0009477   6.5568E+07 -5.4497E+05  1.2407E+04
0009478   6.5789E+07  9.1599E+04  1.2141E+05
0009479   6.3074E+07  2.2212E+05 -3.8171E+05
0009480   6.4330E+07  1.5572E+06 -2.4605E+06
0009481   6.3763E+07 -3.2324E+04  9.8294E+04
0009482   6.4235E+07  1.4939E+05  2.6415E+06
0009483   6.5939E+07 -1.8382E+06 -1.3077E+06
0009484   6.5272E+07  4.0071E+05  5.1813E+05
0009485   6.5945E+07  8.7091E+05 -1.0152E+06
0009486   6.2229E+07 -2.0802E+06  1.0688E+06
0009487   6.5054E+07  1.1162E+06  5.4136E+05
0009488   6.4650E+07 -2.3645E+06  2.8984E+06
0009489   6.5143E+07  2.1739E+05 -1.2125E+06
0009490   6.4916E+07  1.4930E+05  1.6714E+06
0009491   6.5386E+07 -6.5392E+05  1.2924E+06
0009492   6.6488E+07  2.6836E+06 -1.9278E+05
0009493   6.3287E+07 -9.2573E+05  2.8031E+06
0009494   6.4996E+07  1.7673E+06 -5.8528E+05
0009495   6.3965E+07 -1.2189E+06  1.5595E+06
0009496   6.2056E+07  1.1959E+06 -5.7969E+05
0009497   6.6393E+07  1.3896E+06 -9.6807E+05
0009498   6.5544E+07 -2.0710E+05  1.1377E+06
0009499   6.6956E+07 -1.7985E+06 -1.6703E+06
0009500   6.3680E+07 -3.3770E+05  1.8320E+06
0009501   6.4052E+07 -2.4008E+06 -1.9532E+05
0009502   6.3087E+07 -5.7410E+05 -2.5551E+05
0009503   6.3343E+07  2.7371E+06  1.6239E+06
0009504   6.5271E+07  2.3501E+05 -1.1884E+06
0009505   6.5176E+07 -1.9657E+06 -1.1409E+06
0009506   6.2913E+07 -1.0662E+06  2.1032E+06
0009507   6.6302E+07 -5.3069E+05 -2.9959E+05
0009508   6.4237E+07 -1.9673E+06 -1.5844E+06
0009509   6.5834E+07 -1.3998E+06  4.5255E+05
0009510   6.3205E+07  1.0168E+06  3.2552E+05
0009511   6.5839E+07  6.1818E+05  7.0861E+05
0009512   6.3580E+07 -8.5571E+05  7.3987E+05
0009513   6.5571E+07  2.0385E+06 -9.7147E+05
0009514   6.6453E+07  3.4675E+05 -8.9604E+05
0009515   6.4464E+07  7.5073E+05 -2.1018E+06
0009516   6.4149E+07 -6.3487E+05  2.1362E+05
0009517   6.5652E+07  1.8809E+05 -1.6083E+05
0009518   6.4831E+07 -6.6154E+05  9.4690E+05
0009519   6.6338E+07  9.9335E+05  6.4335E+05
0009520   6.3227E+07 -5.8723E+05 -5.8768E+05
0009521   6.3901E+07 -2.0518E+06  1.1188E+06
0009522   6.5807E+07 -3.9087E+05  4.6218E+05
0009523   6.3317E+07 -1.4156E+06  7.0109E+05
0009524   6.7648E+07 -3.9452E+06 -5.9001E+05
0009525   6.4163E+07 -1.4529E+06  2.7700E+06
0009526   6.4783E+07  3.6114E+06  9.5343E+05
0009527   6.4133E+07 -9.8742E+05  5.6080E+05
0009528   6.5007E+07 -5.5004E+05 -4.2321E+04
0009529   6.6178E+07  8.8077E+05 -2.3005E+06
0009530   6.2959E+07 -5.6230E+05 -5.0164E+05
0009531   6.3893E+07 -3.2528E+06  5.4626E+05
0009532   6.4847E+07  3.9369E+05  2.1748E+05
0009533   6.4130E+07  3.1278E+05  1.6754E+06
0009534   6.5832E+07 -1.0394E+06 -4.5309E+05
0009535   6.4271E+07 -2.7321E+06  1.7684E+06
0009536   6.3057E+07  1.5830E+06 -1.7872E+06
0009537   6.4441E+07  1.2079E+06  1.5653E+06
0009538   6.4733E+07  5.2615E+05 -5.8237E+04
0009539   6.4429E+07 -1.1804E+06  8.9702E+04
0009540   6.3953E+07  1.7736E+06 -5.5962E+06
0009541   6.5812E+07 -1.1715E+06 -2.2334E+06
0009542   6.5392E+07  1.2313E+06  2.8051E+06
0009543   6.4395E+07  2.3465E+05  1.0287E+06
0009544   6.2335E+07 -1.4318E+06  2.3612E+06
0009545   6.2477E+07  5.4419E+05  7.7766E+05
0009546   6.5880E+07 -5.8993E+05  2.3142E+06
0009547   6.4693E+07 -1.0002E+06 -4.5564E+06
0009548   6.3135E+07  1.4684E+06  2.6501E+05
0009549   6.3856E+07  1.8963E+06 -4.9829E+05
0009550   6.6357E+07 -9.4206E+05  1.0770E+06
0009551   6.1263E+07 -5.3828E+06 -4.8342E+06
0009552   6.6214E+07  5.8429E+05  1.3130E+06
0009553   6.4335E+07 -2.4452E+06 -1.4879E+06
0009554   6.4635E+07 -9.4467E+04 -1.2413E+06
0009555   6.5651E+07  1.0815E+05 -8.7995E+05
0009556   6.4497E+07 -1.8149E+06 -4.6340E+05
0009557   6.1847E+07 -1.4067E+06  5.9392E+05
0009558   6.2745E+07  1.1228E+06 -2.7254E+05
0009559   6.4200E+07  1.6826E+06  6.7378E+03
0009560   6.3259E+07  1.5817E+06 -9.9906E+05
0009561   6.4651E+07  6.6148E+05 -1.1421E+06
0009562   6.3745E+07 -2.7026E+06 -1.6695E+06
0009563   6.3921E+07 -7.5514E+06 -3.4757E+06
0009564   6.3111E+07 -8.7931E+05 -1.4794E+06
0009565   6.3014E+07  4.0786E+05 -1.0631E+06
0009566   6.2053E+07 -8.7606E+05 -6.1188E+05
0009567   6.5059E+07  3.3857E+05 -2.1284E+05
0009568   6.4686E+07  1.1230E+06  1.4635E+06
0009569   6.4540E+07 -6.7137E+05  1.6132E+04
0009570   6.4396E+07  1.7428E+06  2.6436E+04
0009571   6.4607E+07 -2.3074E+06 -5.2588E+05
0009572   6.4630E+07  4.0618E+05  2.5001E+06
0009573   6.5704E+07 -1.4743E+05  2.3195E+05
0009574   6.3013E+07  1.6364E+06 -3.3143E+05
0009575   6.3835E+07 -2.3239E+05  9.9705E+04
0009576   6.4566E+07  3.0336E+05 -1.8191E+06
0009577   6.4776E+07 -4.1997E+04 -7.1578E+06
0009578   6.4879E+07  3.2575E+05 -8.5421E+05
0009579   6.4132E+07  5.2500E+05 -2.1030E+04
0009580   6.6572E+07 -8.9767E+05  1.4280E+06
0009581   6.4188E+07 -4.3725E+06 -1.9917E+06
0009582   6.3794E+07 -5.3951E+04 -1.6656E+06
0009583   6.4733E+07  8.3367E+05 -1.7947E+06
0009584   6.5259E+07 -1.0401E+06 -1.0789E+06
0009585   6.4947E+07  4.7903E+05 -2.0008E+05
0009586   6.5610E+07 -4.4655E+06 -1.3778E+06
0009587   6.2847E+07  1.3252E+06  1.6181E+06
0009588   6.5379E+07 -2.0870E+06 -3.3294E+06
0009589   6.2791E+07 -2.2387E+06  1.0680E+06
0009590   6.2426E+07  2.6289E+06  5.1945E+05
0009591   6.5128E+07 -5.0490E+05  2.0537E+06
0009592   6.4676E+07 -5.9285E+05 -1.9718E+05
0009593   6.4813E+07  1.0406E+06  2.7767E+06
0009594   6.3463E+07  1.6742E+05 -3.2406E+04
0009595   6.4640E+07  1.0428E+06 -1.7941E+05
0009596   6.2889E+07  1.3368E+06 -1.0161E+06
0009597   6.6326E+07  6.4223E+04 -1.4045E+06
0009598   6.4831E+07 -1.8665E+06  1.8175E+06
0009599   6.4384E+07  1.8255E+06  1.3587E+06
0009600   6.4286E+07  1.9303E+05  1.6113E+06
0009601   6.4667E+07 -3.9902E+05  3.4259E+04
0009602   6.6209E+07  8.9079E+05 -3.0982E+06
0009603   6.3224E+07  1.1004E+05 -5.6839E+04
0009604   6.3306E+07 -8.9837E+05 -2.7906E+05
0009605   6.3314E+07 -1.4226E+06 -9.3933E+05
0009606   6.4256E+07  1.3836E+06  2.8861E+06
0009607   6.5697E+07 -1.5025E+06  8.7076E+05
0009608   6.4641E+07 -1.7589E+06  3.4674E+05
0009609   6.5315E+07 -7.5060E+05 -2.4444E+05
0009610   6.5476E+07 -6.0843E+05 -1.6478E+06
0009611   6.4633E+07 -7.6162E+04  2.1106E+06
0009612   6.3154E+07 -3.5726E+06  1.5573E+06
0009613   6.4004E+07  1.5587E+05 -1.0576E+05
0009614   6.4939E+07 -1.0359E+06 -9.0177E+05
0009615   6.6516E+07 -1.2437E+06  6.7139E+03
0009616   6.2669E+07  8.9550E+04 -1.1420E+06
0009617   6.3687E+07  3.2616E+06 -3.2544E+06
0009618   6.2078E+07 -1.9960E+06 -7.7635E+05
0009619   6.5420E+07  1.1927E+06 -2.8644E+06
0009620   6.6283E+07  1.9131E+06 -4.8461E+05
0009621   6.2769E+07 -2.4313E+06 -8.2407E+05
0009622   6.4575E+07  5.4168E+05  1.2233E+06
0009623   6.6379E+07  7.4114E+05  3.1174E+06
0009624   6.5789E+07  3.9521E+06  3.5597E+06
0009625   6.3983E+07  1.0909E+06  1.5656E+06
0009626   6.5118E+07 -1.6462E+06 -4.3891E+05
0009627   6.5713E+07 -1.6027E+06 -8.1292E+05
0009628   6.5412E+07 -2.5423E+06 -1.3039E+06
0009629   6.4434E+07  2.9525E+06  1.0213E+06
0009630   6.4831E+07 -2.4429E+05 -1.2370E+05
0009631   6.3486E+07 -1.3329E+06  1.3166E+06
0009632   6.6549E+07  2.3409E+05 -3.3842E+05
0009633   6.3761E+07 -4.0539E+05 -4.2755E+05
0009634   6.7017E+07 -2.0112E+06 -5.3931E+05
0009635   6.4644E+07 -1.8539E+06  4.8593E+04
0009636   6.3682E+07  3.1793E+05  2.4693E+05
0009637   6.3720E+07  1.1307E+06 -1.9346E+06
0009638   6.4161E+07  1.9575E+06  3.4456E+06
0009639   6.3653E+07  1.9106E+05 -2.2877E+05
0009640   6.4922E+07 -4.7102E+05 -6.5746E+05
0009641   6.1776E+07  1.8524E+06  2.9952E+06
0009642   6.5610E+07  7.5104E+05 -1.9640E+06
0009643   6.4345E+07  7.8000E+03  7.5789E+04
0009644   6.3408E+07 -2.1419E+06 -1.4976E+04
0009645   6.4401E+07 -1.8505E+06  1.1760E+06
0009646   6.4763E+07 -1.3775E+06 -2.9440E+06
0009647   6.4091E+07  1.7330E+06  1.0555E+06
0009648   6.4482E+07 -6.1410E+05 -1.2684E+06
0009649   6.3455E+07 -9.0467E+05  1.2063E+06
0009650   6.4069E+07 -3.7551E+06 -3.1114E+06
0009651   6.2557E+07 -4.9838E+05 -1.3371E+06
0009652   6.3434E+07 -1.2970E+06  2.5463E+06
0009653   6.3344E+07 -2.3939E+06  5.0109E+05
0009654   6.5539E+07 -8.3261E+05 -3.5212E+05
0009655   6.5013E+07  5.7979E+05  2.7263E+04
0009656   6.4026E+07 -4.7393E+05  3.6436E+06
0009657   6.2555E+07  5.4119E+05 -1.0030E+06
0009658   6.6052E+07  2.3668E+06 -1.2538E+06
0009659   6.3246E+07  2.1529E+06 -4.2574E+05
0009660   6.5687E+07  4.4625E+05 -1.4144E+06
0009661   6.4102E+07 -3.1753E+05 -2.7344E+05
0009662   6.4522E+07 -1.0274E+06  1.6775E+06
0009663   6.3454E+07 -1.9316E+06  4.9272E+06
0009664   6.5078E+07 -9.6763E+05 -8.6047E+05
0009665   6.3313E+07  7.7642E+04 -9.4578E+05
0009666   6.4381E+07  9.0973E+05  6.2207E+05
0009667   6.5714E+07  1.1479E+06  2.2336E+05
0009668   6.3636E+07  6.0091E+04  1.9309E+05
0009669   6.5888E+07 -4.4279E+05 -2.0640E+06
0009670   6.5282E+07  9.2699E+03  2.3153E+06
0009671   6.4311E+07  7.8820E+05 -7.8272E+04
0009672   6.2409E+07 -4.1767E+06 -1.2661E+06
0009673   6.7020E+07  6.7442E+05 -1.1477E+06
0009674   6.3592E+07 -8.4448E+05  1.6446E+05
0009675   6.4251E+07 -1.4679E+06  1.8396E+06
0009676   6.4901E+07 -1.3440E+06  1.3766E+06
0009677   6.4400E+07  1.3337E+06 -9.6462E+05
0009678   6.1931E+07  1.3666E+06  1.3024E+05
0009679   6.4960E+07 -4.0217E+05  1.8616E+06
0009680   6.3630E+07  6.4320E+05  5.4770E+05
0009681   6.3509E+07 -1.3340E+06 -1.0699E+06
0009682   6.5506E+07  1.3109E+06 -1.3072E+06
0009683   6.3770E+07  2.8204E+05 -1.2122E+06
0009684   6.5569E+07 -9.3922E+05 -3.1176E+05
0009685   6.1043E+07 -2.5394E+05 -2.4479E+06
0009686   6.2848E+07 -7.9577E+05 -3.0979E+05
0009687   6.3882E+07  4.1758E+05 -2.0837E+06
0009688   6.3863E+07 -1.4850E+05 -3.8418E+05
0009689   6.3302E+07  1.4554E+06 -2.5791E+06
0009690   6.6385E+07 -1.8821E+06 -9.5725E+05
0009691   6.4633E+07 -1.5840E+06 -4.6319E+05
0009692   6.4419E+07 -3.6813E+06 -9.0303E+05
0009693   6.5004E+07 -1.5886E+06 -4.7395E+05
0009694   6.1837E+07 -2.0465E+06  1.0661E+06
0009695   6.3920E+07 -1.0020E+06  2.0832E+06
0009696   6.4318E+07 -4.2194E+05  2.1166E+06
0009697   6.6208E+07  2.7493E+06  1.8846E+06
0009698   6.3132E+07  1.6406E+06  3.9006E+05
0009699   6.1252E+07 -4.5688E+06 -2.7358E+06
0009700   6.2642E+07  1.3772E+06  5.6549E+04
0009701   6.5443E+07  1.7376E+05 -2.5761E+05
0009702   6.3024E+07  1.2994E+06 -1.3650E+06
0009703   6.5176E+07  1.4751E+06 -1.5885E+06
0009704   6.3666E+07  1.0488E+06 -1.1478E+06
0009705   6.2716E+07  6.3030E+05  1.5377E+06
0009706   6.4837E+07 -8.1117E+04  1.0720E+06
0009707   6.4117E+07  5.0229E+05 -1.4245E+06
0009708   6.5193E+07 -4.0875E+05  4.1697E+05
0009709   6.6165E+07  3.9700E+05 -1.8731E+06
0009710   6.6654E+07  8.5870E+05 -7.7664E+04
0009711   6.5700E+07  4.3481E+03 -1.7542E+06
0009712   6.4296E+07 -6.2498E+05 -1.6545E+06
0009713   6.4033E+07 -2.4485E+05  2.4647E+05
0009714   6.4132E+07  1.5474E+05  1.7031E+05
0009715   6.3936E+07 -1.7376E+06 -7.8693E+05
0009716   6.5444E+07 -9.4505E+05  4.5113E+05
0009717   6.4231E+07 -1.6716E+06 -8.6528E+05
0009718   6.4615E+07  8.7570E+05  5.8139E+05
0009719   6.3009E+07 -3.3871E+06 -2.3277E+06
0009720   6.3799E+07  1.4754E+06  1.1833E+06
0009721   6.3075E+07  8.1859E+02  1.4816E+06
0009722   6.4497E+07  2.7924E+06  1.7898E+06
0009723   6.3988E+07  1.8411E+06 -1.3841E+06
0009724   6.3986E+07 -2.5574E+06  5.2209E+06
0009725   6.2481E+07 -1.7946E+06 -1.3052E+06
0009726   6.3867E+07  1.0925E+05 -1.8916E+05
0009727   6.4284E+07 -8.1651E+05 -9.2174E+05
0009728   6.3733E+07 -1.2228E+06  3.8358E+05
0009729   6.4734E+07 -1.0398E+06 -2.0460E+06
0009730   6.5958E+07 -4.2881E+05 -5.9407E+05
0009731   6.3864E+07  3.6243E+05 -1.7794E+06
0009732   6.3623E+07 -2.4444E+06 -4.6255E+06
0009733   6.3186E+07  4.0631E+05 -1.0652E+06
0009734   6.4060E+07  1.5250E+06 -1.0943E+06
0009735   6.5285E+07 -1.7386E+05  8.2851E+05
0009736   6.4760E+07  1.7420E+06 -9.4690E+05
0009737   6.3105E+07  2.7420E+06 -3.7856E+06
0009738   6.4868E+07  2.2692E+06  1.5481E+06
0009739   6.5230E+07 -1.1936E+06 -2.3715E+06
0009740   6.3603E+07 -6.8318E+04 -7.3344E+04
0009741   6.4576E+07  1.9714E+06 -1.2339E+06
0009742   6.4134E+07  1.6844E+06 -8.0642E+05
0009743   6.2620E+07  5.1537E+05  4.5587E+05
0009744   6.4779E+07 -2.7004E+06 -4.2326E+05
0009745   6.3584E+07 -1.5539E+06  6.1828E+06
0009746   6.4384E+07 -7.7164E+04 -1.9580E+06
0009747   6.4838E+07 -5.7410E+04  1.6824E+06
0009748   6.5743E+07 -2.3656E+06 -1.9648E+05
0009749   6.5238E+07 -1.2312E+06 -1.5085E+06
0009750   6.3366E+07 -1.9403E+04 -8.3101E+05
0009751   6.4000E+07 -1.1612E+06 -1.0350E+06
0009752   6.3566E+07 -1.9472E+06  1.3470E+06
0009753   6.2299E+07 -1.9626E+06 -2.6112E+06
0009754   6.4597E+07 -8.1442E+05  9.9835E+05
0009755   6.3596E+07  5.5024E+05  2.1860E+06
0009756   6.5382E+07  1.7993E+05  5.1110E+05
0009757   6.5376E+07  1.6368E+06  2.0124E+06
0009758   6.5891E+07 -9.3219E+05 -3.0275E+05
0009759   6.6347E+07  9.5024E+04  4.0166E+05
0009760   6.4099E+07  3.0672E+06 -1.1611E+06
0009761   6.4821E+07  8.2961E+05 -1.5240E+06
0009762   6.5017E+07  4.7187E+06 -3.2586E+06
0009763   6.6078E+07 -6.3195E+05  9.2574E+05
0009764   6.4181E+07  3.1792E+05  2.2803E+06
0009765   6.2864E+07 -8.5031E+05 -5.1891E+05
0009766   6.2307E+07 -3.5509E+05 -4.2961E+05
0009767   6.6095E+07  2.5158E+05  9.0466E+05
0009768   6.2140E+07  1.4959E+06 -2.2764E+05
0009769   6.6579E+07 -5.4481E+05 -1.2176E+06
0009770   6.5274E+07 -3.0640E+04 -3.9461E+06
0009771   6.4828E+07 -9.7014E+05 -1.0503E+06
0009772   6.4988E+07 -1.3126E+06  1.8558E+06
0009773   6.3320E+07  5.8078E+05  3.4989E+05
0009774   6.4009E+07 -1.2260E+05 -1.4896E+06
0009775   6.4958E+07 -4.5298E+05 -5.4002E+06
0009776   6.3516E+07 -2.6560E+06 -9.6930E+05
0009777   6.4892E+07  1.1788E+06  1.5880E+05
0009778   6.4586E+07 -4.2031E+06 -2.3847E+06
0009779   6.5097E+07  1.0551E+06  2.0868E+06
0009780   6.4880E+07 -2.0559E+06  3.6995E+05
0009781   6.5605E+07 -6.1119E+05 -2.4518E+06
0009782   6.5041E+07  1.3889E+06 -1.3157E+06
0009783   6.6426E+07  9.2920E+05  2.7273E+05
0009784   6.5072E+07 -2.6070E+04  1.5025E+06
0009785   6.6193E+07  1.2196E+06  8.0576E+05
0009786   6.5244E+07 -3.2820E+06  7.3090E+04
0009787   6.3960E+07  8.4862E+05 -1.9468E+06
0009788   6.5365E+07  8.7164E+05 -6.1215E+05
0009789   6.3941E+07 -2.1122E+06 -5.2042E+04
0009790   6.5033E+07 -1.3066E+06  1.0509E+06
0009791   6.3666E+07 -1.3203E+06 -1.7422E+06
0009792   6.1859E+07  5.8767E+05 -1.6655E+06
0009793   6.1488E+07 -1.3548E+06  1.0714E+06
0009794   6.4464E+07  5.4164E+05  2.1104E+05
0009795   6.6859E+07 -1.4117E+06  1.7136E+06
0009796   6.3000E+07  8.5573E+05 -2.5331E+05
0009797   6.4351E+07 -7.9441E+05 -1.4541E+06
0009798   6.4547E+07 -1.4895E+06  6.4295E+05
0009799   6.3739E+07  2.2568E+06  3.2037E+05
0009800   6.2040E+07  1.5389E+05 -1.6342E+06
0009801   6.4884E+07  2.1600E+05  4.3445E+05
0009802   6.4665E+07  1.1763E+06  9.1047E+05
0009803   6.2897E+07 -7.3321E+05  8.4396E+05
0009804   6.4207E+07 -1.3817E+06 -6.5915E+05
0009805   6.3923E+07  9.8140E+05  2.5716E+06
0009806   6.4055E+07 -5.3835E+05 -3.5986E+05
0009807   6.6155E+07  8.0600E+05 -1.6278E+06
0009808   6.4898E+07  7.5343E+05 -1.2843E+06
0009809   6.5058E+07 -2.6603E+05 -8.3269E+04
0009810   6.5323E+07  1.3889E+06 -1.1563E+06
0009811   6.3116E+07  1.2136E+06  8.8549E+05
0009812   6.3491E+07 -1.7601E+06  1.8426E+06
0009813   6.2627E+07  5.9431E+05 -3.1595E+06
0009814   6.3251E+07  6.3136E+05 -4.8336E+05
0009815   6.4707E+07 -1.3024E+06 -7.6020E+05
0009816   6.3817E+07 -3.7244E+04  1.5066E+05
0009817   6.3345E+07  1.2099E+06  5.3887E+05
0009818   6.4068E+07 -8.0874E+04 -1.7658E+06
0009819   6.5117E+07  1.1849E+05  2.4099E+06
0009820   6.2986E+07 -2.5921E+06 -2.5213E+04
0009821   6.3199E+07 -1.1379E+06  2.2313E+05
0009822   6.4338E+07  9.2665E+05  2.6120E+05
0009823   6.1091E+07 -1.0008E+06 -2.6526E+06
0009824   6.3497E+07 -2.9865E+06 -1.6244E+06
0009825   6.5683E+07  3.8019E+05 -2.3496E+06
0009826   6.5642E+07  6.5832E+05  8.4549E+05
0009827   6.5533E+07  2.8874E+05 -4.5405E+05
0009828   6.1850E+07  6.7455E+05  7.3928E+05
0009829   6.5344E+07 -4.4661E+05 -2.5352E+05
0009830   6.4923E+07 -1.0754E+06  6.0733E+04
0009831   6.3713E+07  3.2324E+05 -1.1988E+06
0009832   6.4376E+07 -1.8549E+06 -2.8557E+06
0009833   6.1721E+07  1.2859E+05  9.9958E+05
0009834   6.4889E+07  1.3073E+06  9.0573E+05
0009835   6.4132E+07  9.0886E+05  2.2268E+06
0009836   6.4436E+07  2.0356E+06 -7.6232E+05
0009837   6.5614E+07 -6.5716E+05  1.9168E+06
0009838   6.4227E+07  1.4756E+06 -2.9064E+05
0009839   6.5371E+07  6.3139E+05  1.9324E+06
0009840   6.3383E+07 -1.7631E+06  1.8965E+06
0009841   6.4663E+07  2.4201E+06 -4.6981E+05
0009842   6.4409E+07  4.8030E+03  2.0829E+06
0009843   6.5799E+07 -1.4103E+05 -1.8529E+06
0009844   6.3564E+07  1.1376E+06 -2.9254E+06
0009845   6.5876E+07 -9.1618E+05 -1.1877E+06
0009846   6.4818E+07  8.2285E+05 -1.4264E+06
0009847   6.3340E+07  8.7594E+05  3.2235E+06
0009848   6.6655E+07 -8.0910E+05 -1.0426E+06
0009849   6.6593E+07 -1.0142E+06  1.7311E+06
0009850   6.5856E+07  7.3064E+05  3.2642E+05
0009851   6.5277E+07  1.2925E+06  1.0073E+06
0009852   6.3121E+07 -1.1601E+06 -2.5214E+05
0009853   6.4903E+07 -8.3611E+05  5.0076E+06
0009854   6.4024E+07 -5.6876E+05  2.4309E+06
0009855   6.3905E+07  2.0636E+06 -3.0493E+06
0009856   6.2371E+07  1.9054E+06 -2.2156E+04
0009857   6.3288E+07  4.2548E+05  1.5450E+06
0009858   6.6105E+07 -1.1700E+06 -1.8757E+05
0009859   6.4379E+07 -2.0494E+05 -2.1142E+06
0009860   6.4676E+07 -1.7854E+06  1.0062E+06
0009861   6.2120E+07 -2.0355E+06  2.3805E+05
0009862   6.5387E+07  5.8930E+05 -3.0476E+06
0009863   6.5016E+07 -1.2817E+06  1.6283E+06
0009864   6.3663E+07 -2.0672E+06  5.3176E+05
0009865   6.4888E+07  3.1995E+06  2.0552E+06
0009866   6.5147E+07 -2.1799E+05 -8.8136E+05
0009867   6.5229E+07 -9.0710E+05  9.0341E+05
0009868   6.4247E+07  4.9494E+05  9.7466E+05
0009869   6.1912E+07 -2.3561E+05 -1.6960E+06
0009870   6.6422E+07  2.2213E+05  1.0159E+06
0009871   6.5417E+07 -2.7746E+05  5.0235E+05
0009872   6.8343E+07  5.1829E+03  5.5125E+05
0009873   6.4729E+07 -1.1870E+06 -4.6625E+05
0009874   6.3876E+07  1.2309E+06 -9.2303E+04
0009875   6.4429E+07 -3.7188E+05  1.1013E+04
0009876   6.4436E+07 -1.9742E+05 -7.6210E+05
0009877   6.5739E+07  3.0255E+06 -8.8981E+05
0009878   6.4741E+07  7.9550E+04 -1.2889E+06
0009879   6.5059E+07 -1.9475E+06 -8.1162E+05
0009880   6.2945E+07  8.7765E+05  3.3155E+06
0009881   6.3573E+07  2.5755E+05 -1.9198E+06
0009882   6.7311E+07  1.5563E+06  2.4280E+05
0009883   6.3607E+07  2.9196E+05 -2.9207E+06
0009884   6.4807E+07 -2.7096E+05 -1.4120E+06
0009885   6.3595E+07 -1.0811E+06  1.1892E+06
0009886   6.5565E+07  8.8562E+05  1.3839E+06
0009887   6.7714E+07  1.0709E+06  2.6722E+05
0009888   6.3777E+07 -2.5640E+05  2.9675E+06
0009889   6.3249E+07 -2.3991E+05 -1.2989E+06
0009890   6.4903E+07 -2.0883E+06 -5.2475E+05
0009891   6.2377E+07 -1.7880E+06 -2.0005E+04
0009892   6.3871E+07  1.2021E+05  1.0665E+05
0009893   6.2519E+07  1.2939E+06 -2.1993E+06
0009894   6.6120E+07  8.2896E+05  1.1264E+06
0009895   6.3955E+07 -1.8282E+06 -2.1218E+06
0009896   6.4114E+07  1.3487E+05  1.6263E+06
0009897   6.5851E+07 -1.4515E+06 -1.7372E+06
0009898   6.4071E+07 -3.4612E+06  1.2961E+06
0009899   6.4878E+07  2.4212E+06 -2.8090E+05
0009900   6.7094E+07 -1.1283E+04 -4.5382E+04
0009901   6.3910E+07  8.1393E+05 -3.9575E+05
0009902   6.6078E+07 -1.4826E+06  2.1465E+05
0009903   6.6163E+07 -1.2995E+06  1.8157E+06
0009904   6.3629E+07  9.5292E+05 -1.9348E+06
0009905   6.5716E+07  1.6361E+06  1.9495E+06
0009906   6.3909E+07  2.3176E+06  2.3676E+06
0009907   6.5114E+07 -6.1264E+05  1.1230E+06
0009908   6.2695E+07  1.5695E+06  3.0278E+06
0009909   6.2212E+07 -2.1610E+06 -7.7370E+05
0009910   6.4148E+07 -4.5894E+05 -7.6757E+05
0009911   6.4219E+07  2.8897E+05  1.2455E+06
0009912   6.4929E+07  1.8552E+06 -1.4516E+05
0009913   6.3481E+07 -9.7407E+05  6.3354E+05
0009914   6.5899E+07  2.0308E+06 -8.8160E+05
0009915   6.3677E+07 -7.3476E+06 -1.5258E+06
0009916   6.2395E+07 -1.3410E+06  5.8986E+05
0009917   6.3656E+07  1.2566E+06 -1.1282E+06
0009918   6.3738E+07 -1.6563E+06  1.5060E+06
0009919   6.6021E+07  2.5286E+06  1.2231E+06
0009920   6.6483E+07  9.5666E+05 -2.8426E+05
0009921   6.3205E+07 -1.0733E+06  1.3868E+06
0009922   6.5558E+07  2.2492E+06 -4.3490E+05
0009923   6.2590E+07  3.0321E+06 -3.2798E+06
0009924   6.5077E+07 -1.2309E+05  1.6240E+06
0009925   6.3809E+07  2.9451E+06  3.0346E+06
0009926   6.3832E+07  8.7275E+05  8.4400E+04
0009927   6.2658E+07  2.5906E+06  1.9400E+06
0009928   6.4495E+07 -4.6479E+04 -2.8463E+05
0009929   6.3990E+07  3.0673E+06 -6.0261E+06
0009930   6.5672E+07 -1.9638E+06 -3.6658E+05
0009931   6.3619E+07  1.5479E+06  1.5448E+06
0009932   6.3590E+07 -1.1678E+06 -1.8254E+06
0009933   6.4159E+07  1.4963E+06 -4.4100E+05
0009934   6.5465E+07 -2.5354E+05 -3.8833E+06
0009935   6.4961E+07 -2.0862E+05  1.3799E+06
0009936   6.5865E+07 -5.0316E+05  9.8918E+05
0009937   6.4990E+07  1.4812E+06 -2.8893E+05
0009938   6.3230E+07 -8.8509E+04 -1.8975E+05
0009939   6.3115E+07  7.5418E+05  2.0035E+06
0009940   6.3626E+07  1.6082E+06 -3.6399E+05
0009941   6.3925E+07 -7.1198E+05 -2.4808E+06
0009942   6.3100E+07  2.9641E+06 -4.5306E+06
0009943   6.4576E+07 -5.7817E+05  5.5418E+05
0009944   6.4543E+07  1.1855E+06  7.0594E+05
0009945   6.5170E+07  1.9575E+06 -4.3407E+04
0009946   6.3479E+07  1.0018E+05  1.0370E+06
0009947   6.7064E+07 -8.4143E+05  1.6551E+06
0009948   6.4241E+07  2.6912E+05  1.8899E+06
0009949   6.4582E+07  1.9476E+05  3.9896E+05
0009950   6.2205E+07  2.8860E+06  1.7109E+06
0009951   6.3454E+07 -1.3970E+03  1.0022E+06
0009952   6.4943E+07  8.0634E+05  9.4902E+05
0009953   6.2115E+07  1.0341E+07  2.7866E+06
0009954   6.3649E+07 -1.8639E+06 -6.2592E+05
0009955   6.4540E+07  2.2613E+06 -5.5213E+05
0009956   6.3223E+07 -9.5821E+05 -1.1721E+06
0009957   6.5139E+07 -1.4672E+06  5.7050E+05
0009958   6.3651E+07  1.4764E+06  1.6456E+06
0009959   6.4327E+07 -4.4877E+06  2.6684E+04
0009960   6.4340E+07  5.1165E+05  1.9731E+05
0009961   6.5423E+07 -8.4313E+05  5.4541E+05
0009962   6.5950E+07 -1.2247E+06 -1.0628E+06
0009963   6.4294E+07 -1.0676E+06 -1.5765E+06
0009964   6.4862E+07 -1.1109E+06  6.4748E+05
0009965   6.3743E+07  2.2763E+06 -7.3990E+05
0009966   6.5393E+07 -2.7399E+05 -3.8384E+05
0009967   6.4564E+07  1.6672E+05  1.3700E+06
0009968   6.3938E+07  2.3074E+06 -5.7637E+05
0009969   6.5259E+07  4.2804E+06 -1.8972E+06
0009970   6.4792E+07  6.8869E+05  6.3867E+05
0009971   6.5884E+07  6.2091E+05  7.9526E+05
0009972   6.4541E+07 -1.3009E+06  2.0280E+06
0009973   6.5206E+07  2.0645E+06 -5.0693E+05
0009974   6.5385E+07  5.0038E+05  3.6576E+05
0009975   6.2986E+07  1.0826E+06  2.0762E+06
0009976   6.5613E+07 -1.4080E+06  2.5847E+06
0009977   6.5893E+07  1.7016E+06  9.3765E+04
0009978   6.3665E+07  8.0284E+05 -7.2389E+05
0009979   6.0566E+07 -1.0082E+07  5.7581E+06
0009980   6.3945E+07  1.0295E+06 -1.6415E+05
0009981   6.3272E+07 -1.1778E+06  1.5233E+06
0009982   6.5090E+07 -1.6667E+05  5.5904E+05
0009983   6.7382E+07  3.7960E+05  2.3165E+05
0009984   6.5052E+07  1.0735E+06 -1.0286E+06
0009985   6.4140E+07 -2.2103E+06 -5.2370E+04
0009986   6.3486E+07 -4.4695E+05 -9.5038E+05
0009987   6.4406E+07  7.8579E+05 -1.4920E+06
0009988   6.3943E+07 -1.1333E+06  2.5897E+06
0009989   6.3854E+07 -1.2740E+06 -7.0255E+05
0009990   6.4908E+07 -1.7893E+06  2.5810E+06
0009991   6.4518E+07 -3.0601E+05 -3.3805E+05
0009992   6.4879E+07  1.4815E+06  1.9563E+06
0009993   6.2967E+07  4.2282E+06 -6.0958E+05
0009994   6.5334E+07 -9.3193E+05  4.9012E+04
0009995   6.6066E+07  1.8178E+05 -8.3999E+05
0009996   