============================== SRIM-2013.00 ==============================
==============================================================================
====== SRIM Outputs\RANGE_3D.txt : File of Final Ion Positions =====

Ion =  H (01)   Ion Mass= 001.0080
Energy  = 3300000.E-02 keV
Ion Angle to Surface = 00.0 degrees
==================== TARGET =======================
  Layer # 1 - Skin_Human (W&W type 1)
  Layer # 1 - Bottom Depth=100000.E+02 A
  Layer # 1 - Density =0001.0900 g/cm3
  Layer # 1 -  62 % of  H
  Layer # 1 -  13 % of  C
  Layer # 1 -  2 % of  N
  Layer # 1 -  23 % of  O
  Layer # 1 -  0 % of  S
  Layer # 1 -  0 % of Cl
  Layer # 1 -  0 % of Na
  Layer # 1 -  0 % of  K
  Layer # 1 -  0 % of Ca
  Layer # 1 -  0 % of  P
  Layer # 1 -  0 % of  H
  Layer # 1 -  0 % of  C
  Layer # 1 -  0 % of  N
  Layer # 1 -  0 % of  O
  Layer # 1 -  0 % of  S
  Layer # 1 -  0 % of Mg
  Layer # 1 -  0 % of  O
  Layer # 1 -  0 % of  C
  Layer # 1 -  0 % of  H
  Layer # 1 -  0 % of  N
  Layer # 1 -  0 % of  P
  Layer # 1 -  0 % of  K
  Layer # 1 -  0 % of Cl
  Layer # 1 -  0 % of Na
  Layer # 1 -  0 % of  O
  Layer # 1 -  0 % of  C
  Layer # 1 -  0 % of  H
  Layer # 1 -  0 % of  N
  Layer # 1 -  0 % of  P
  Layer # 1 -  0 % of  K
  Layer # 1 -  0 % of Cl
  Layer # 1 -  0 % of Na
様様様様様様様様様様様様様様様様様様様様様様様様様様
  Layer # 2 - Cortical Bone  Adult (W&W)
  Layer # 2 - Bottom Depth=500000.E+02 A
  Layer # 2 - Density =0001.9200 g/cm3
  Layer # 2 -  0 % of  H
  Layer # 2 -  0 % of  C
  Layer # 2 -  0 % of  N
  Layer # 2 -  0 % of  O
  Layer # 2 -  0 % of  S
  Layer # 2 -  0 % of Cl
  Layer # 2 -  0 % of Na
  Layer # 2 -  0 % of  K
  Layer # 2 -  7 % of Ca
  Layer # 2 -  4 % of  P
  Layer # 2 -  39 % of  H
  Layer # 2 -  15 % of  C
  Layer # 2 -  3 % of  N
  Layer # 2 -  32 % of  O
  Layer # 2 -  0 % of  S
  Layer # 2 -  0 % of Mg
  Layer # 2 -  0 % of  O
  Layer # 2 -  0 % of  C
  Layer # 2 -  0 % of  H
  Layer # 2 -  0 % of  N
  Layer # 2 -  0 % of  P
  Layer # 2 -  0 % of  K
  Layer # 2 -  0 % of Cl
  Layer # 2 -  0 % of Na
  Layer # 2 -  0 % of  O
  Layer # 2 -  0 % of  C
  Layer # 2 -  0 % of  H
  Layer # 2 -  0 % of  N
  Layer # 2 -  0 % of  P
  Layer # 2 -  0 % of  K
  Layer # 2 -  0 % of Cl
  Layer # 2 -  0 % of Na
様様様様様様様様様様様様様様様様様様様様様様様様様様
  Layer # 3 - Brain (ICRP)
  Layer # 3 - Bottom Depth=800000.E+02 A
  Layer # 3 - Density =0001.0300 g/cm3
  Layer # 3 -  0 % of  H
  Layer # 3 -  0 % of  C
  Layer # 3 -  0 % of  N
  Layer # 3 -  0 % of  O
  Layer # 3 -  0 % of  S
  Layer # 3 -  0 % of Cl
  Layer # 3 -  0 % of Na
  Layer # 3 -  0 % of  K
  Layer # 3 -  0 % of Ca
  Layer # 3 -  0 % of  P
  Layer # 3 -  0 % of  H
  Layer # 3 -  0 % of  C
  Layer # 3 -  0 % of  N
  Layer # 3 -  0 % of  O
  Layer # 3 -  0 % of  S
  Layer # 3 -  0 % of Mg
  Layer # 3 -  28 % of  O
  Layer # 3 -  6 % of  C
  Layer # 3 -  65 % of  H
  Layer # 3 -  1 % of  N
  Layer # 3 -  0 % of  P
  Layer # 3 -  0 % of  K
  Layer # 3 -  0 % of Cl
  Layer # 3 -  0 % of Na
  Layer # 3 -  0 % of  O
  Layer # 3 -  0 % of  C
  Layer # 3 -  0 % of  H
  Layer # 3 -  0 % of  N
  Layer # 3 -  0 % of  P
  Layer # 3 -  0 % of  K
  Layer # 3 -  0 % of Cl
  Layer # 3 -  0 % of Na
様様様様様様様様様様様様様様様様様様様様様様様様様様
  Layer # 4 - Brain Tumour (ICRP brain comp.)
  Layer # 4 - Bottom Depth=100000.E+03 A
  Layer # 4 - Density =0001.0500 g/cm3
  Layer # 4 -  0 % of  H
  Layer # 4 -  0 % of  C
  Layer # 4 -  0 % of  N
  Layer # 4 -  0 % of  O
  Layer # 4 -  0 % of  S
  Layer # 4 -  0 % of Cl
  Layer # 4 -  0 % of Na
  Layer # 4 -  0 % of  K
  Layer # 4 -  0 % of Ca
  Layer # 4 -  0 % of  P
  Layer # 4 -  0 % of  H
  Layer # 4 -  0 % of  C
  Layer # 4 -  0 % of  N
  Layer # 4 -  0 % of  O
  Layer # 4 -  0 % of  S
  Layer # 4 -  0 % of Mg
  Layer # 4 -  0 % of  O
  Layer # 4 -  0 % of  C
  Layer # 4 -  0 % of  H
  Layer # 4 -  0 % of  N
  Layer # 4 -  0 % of  P
  Layer # 4 -  0 % of  K
  Layer # 4 -  0 % of Cl
  Layer # 4 -  0 % of Na
  Layer # 4 -  28 % of  O
  Layer # 4 -  6 % of  C
  Layer # 4 -  65 % of  H
  Layer # 4 -  1 % of  N
  Layer # 4 -  0 % of  P
  Layer # 4 -  0 % of  K
  Layer # 4 -  0 % of Cl
  Layer # 4 -  0 % of Na
様様様様様様様様様様様様様様様様様様様様様様様様様様
                                            
Ion       Depth  X   Lateral Y   Lateral Z  
Number    (Angstrom) (Angstrom)  (Angstrom) 
-------  ----------- ----------- -----------
0000001   7.4795E+07 -1.2432E+06  1.8112E+06
0000002   7.3153E+07  1.8305E+05  2.7172E+06
0000003   7.5175E+07  7.7514E+04  2.5729E+05
0000004   7.7288E+07  2.9430E+05 -1.7923E+06
0000005   7.4225E+07  2.3951E+06  1.6142E+06
0000006   7.5495E+07 -1.4257E+06 -1.2002E+04
0000007   7.6806E+07  1.3419E+06  3.4960E+06
0000008   7.3559E+07 -5.6301E+05 -1.1827E+06
0000009   7.5763E+07 -1.1602E+06 -2.3409E+06
0000010   7.5375E+07 -1.0744E+06  4.4219E+04
0000011   7.7713E+07  7.0188E+05 -6.1514E+05
0000012   7.5238E+07 -9.6094E+05  1.3896E+05
0000013   7.3897E+07  1.8912E+05 -2.2743E+06
0000014   7.3053E+07 -3.8168E+06 -8.0114E+05
0000015   7.4246E+07 -1.3216E+06  2.1039E+06
0000016   7.8658E+07 -1.8541E+06  1.9616E+06
0000017   7.3974E+07 -5.8871E+04  7.1080E+05
0000018   7.7091E+07 -2.4549E+06 -1.4691E+06
0000019   7.6182E+07 -1.5146E+06  2.7188E+06
0000020   7.5214E+07 -3.0004E+06  4.1841E+05
0000021   7.4542E+07 -2.6758E+06 -4.1910E+06
0000022   7.2030E+07  1.6439E+06 -2.3313E+06
0000023   7.2675E+07  1.2065E+06  2.6306E+06
0000024   7.6452E+07  1.9005E+06  1.9412E+06
0000025   7.4332E+07 -1.5110E+06  8.1165E+05
0000026   7.4986E+07 -1.0991E+06 -2.3325E+05
0000027   7.4366E+07  1.2991E+05 -4.7814E+03
0000028   7.5924E+07  9.3621E+05 -8.8710E+05
0000029   7.6054E+07  2.0647E+06  2.1917E+06
0000030   7.4407E+07  2.8247E+06 -2.1533E+06
0000031   7.2324E+07  6.7496E+05 -1.8937E+06
0000032   7.5587E+07 -1.2545E+06 -1.9514E+06
0000033   7.5191E+07  3.1727E+05  9.1823E+05
0000034   7.5961E+07 -5.2272E+05 -3.8700E+04
0000035   7.4755E+07 -1.4039E+06  1.4344E+06
0000036   7.6319E+07 -9.1953E+05 -6.0231E+04
0000037   7.4255E+07  2.0161E+06 -2.1244E+06
0000038   7.4595E+07 -6.1665E+05 -5.3027E+05
0000039   7.4816E+07  1.3616E+06 -1.2435E+06
0000040   7.6013E+07 -2.1064E+06  1.9600E+05
0000041   7.5422E+07  4.5995E+05 -2.7309E+05
0000042   7.7729E+07  1.1831E+06  5.5798E+05
0000043   7.5739E+07 -2.1660E+06  2.3646E+06
0000044   7.4431E+07 -5.3580E+05 -7.1875E+04
0000045   7.4545E+07 -3.4639E+06 -2.7864E+05
0000046   7.6542E+07  2.6577E+06  4.2465E+05
0000047   7.9305E+07 -1.2176E+06 -3.3651E+06
0000048   7.4665E+07 -2.9704E+06 -3.4905E+06
0000049   7.4134E+07  2.2307E+06 -1.4678E+06
0000050   7.5295E+07  1.1836E+06 -1.9201E+06
0000051   7.3856E+07  6.6324E+05  3.5513E+05
0000052   7.4436E+07  7.3490E+05 -2.3392E+06
0000053   7.3127E+07  7.9707E+05  5.8246E+05
0000054   7.4757E+07 -2.5820E+06  8.2088E+05
0000055   7.6407E+07  6.0387E+05  3.3692E+06
0000056   7.8289E+07  3.0847E+06  1.1946E+06
0000057   7.6087E+07 -6.8498E+05 -3.2051E+05
0000058   7.5919E+07  3.2668E+06 -1.2860E+05
0000059   7.5803E+07  9.2489E+05 -9.4572E+05
0000060   7.5010E+07 -1.8308E+06  1.3159E+06
0000061   7.6463E+07 -1.6972E+06 -2.7284E+06
0000062   7.4521E+07 -7.4439E+05 -2.0533E+06
0000063   7.5880E+07  4.3069E+05  8.0846E+05
0000064   7.5559E+07  2.2635E+04  1.2807E+06
0000065   7.3049E+07 -1.2514E+06 -1.5661E+06
0000066   7.5068E+07 -2.1096E+06  1.5497E+06
0000067   7.6652E+07  1.5323E+06 -1.1161E+06
0000068   7.7578E+07  6.2743E+05  9.6724E+05
0000069   7.5371E+07  1.6568E+06 -1.5164E+06
0000070   7.4075E+07  4.6880E+06  1.9866E+06
0000071   7.3717E+07 -2.2300E+06  2.8170E+06
0000072   7.4670E+07  1.2555E+06 -6.2474E+05
0000073   7.4693E+07 -1.7228E+06 -3.7454E+06
0000074   7.4594E+07 -1.1166E+06  1.9677E+06
0000075   7.7806E+07  8.7133E+05 -4.3873E+05
0000076   7.3705E+07  2.7954E+06 -5.6621E+04
0000077   7.6079E+07  2.1352E+06  1.1653E+06
0000078   7.6471E+07 -3.3097E+06 -1.3304E+06
0000079   7.6657E+07  2.8485E+06  3.5844E+05
0000080   7.4424E+07 -7.6958E+04 -6.5883E+05
0000081   7.5944E+07  1.5506E+06  1.3919E+06
0000082   7.6220E+07  2.1340E+06 -1.8552E+06
0000083   7.6844E+07 -1.2316E+06 -2.0139E+06
0000084   7.5261E+07  3.5718E+04  6.0311E+05
0000085   7.6289E+07  2.8585E+05 -1.2290E+06
0000086   7.5097E+07  2.0105E+06  9.1962E+05
0000087   7.6504E+07 -1.9703E+06 -1.5891E+06
0000088   7.6594E+07 -4.1576E+05 -5.6754E+05
0000089   7.5211E+07  1.2522E+06  8.3361E+05
0000090   7.5673E+07  3.4526E+05 -1.0278E+06
0000091   7.3804E+07 -2.3177E+05 -1.7876E+06
0000092   7.5013E+07 -1.5005E+06 -3.0915E+05
0000093   7.3498E+07  3.4312E+06 -3.7587E+06
0000094   7.3585E+07 -9.2583E+05  2.6203E+06
0000095   7.3368E+07  7.7561E+05 -9.4481E+05
0000096   7.4997E+07 -1.5888E+06  1.5454E+06
0000097   7.5743E+07 -3.7369E+05 -3.3454E+05
0000098   7.5911E+07  3.6388E+06 -5.9798E+05
0000099   7.5526E+07 -4.5937E+04 -1.1162E+06
0000100   7.4462E+07  1.1134E+06  4.4441E+03
0000101   7.4813E+07  8.1819E+05 -1.7676E+05
0000102   7.2820E+07 -2.3401E+06 -2.2906E+06
0000103   7.4309E+07 -1.0930E+06  5.8515E+05
0000104   7.3601E+07  1.5688E+04  4.1193E+06
0000105   7.5915E+07 -3.9062E+04 -2.0380E+06
0000106   7.5385E+07 -2.9683E+04  3.0773E+06
0000107   7.5703E+07  2.3326E+06  8.8945E+05
0000108   7.6790E+07  6.6303E+05 -3.0675E+06
0000109   7.4108E+07  2.8853E+06 -7.3575E+05
0000110   7.6421E+07  1.0494E+06 -8.0901E+05
0000111   7.5392E+07  4.7053E+06  2.3868E+06
0000112   7.4759E+07  3.7984E+05  1.1611E+06
0000113   7.3386E+07 -1.5908E+06 -2.2297E+05
0000114   7.3432E+07  1.5562E+06 -1.2947E+06
0000115   7.5367E+07 -4.0970E+05 -2.6478E+06
0000116   7.5354E+07 -2.0556E+06  7.5118E+05
0000117   7.4443E+07 -3.9553E+05  1.0088E+06
0000118   7.5215E+07  6.1008E+05 -1.0743E+06
0000119   7.7535E+07  1.3049E+06 -2.5555E+06
0000120   7.6841E+07  7.2333E+05  1.2323E+06
0000121   7.6758E+07 -2.3988E+06 -1.1201E+06
0000122   7.5311E+07  6.7337E+05 -3.2060E+05
0000123   7.6356E+07  7.0811E+04 -2.2097E+06
0000124   7.5045E+07 -3.5318E+05 -3.7511E+05
0000125   7.6850E+07  3.0922E+04 -2.2943E+06
0000126   7.5142E+07 -7.6967E+05  2.8026E+06
0000127   7.5799E+07 -3.7880E+06  1.8388E+06
0000128   7.6803E+07 -2.0809E+06  2.6709E+05
0000129   7.4453E+07 -1.0201E+06  1.6944E+06
0000130   7.3616E+07  5.7421E+05 -2.6476E+05
0000131   7.4889E+07  1.4643E+06 -1.6761E+06
0000132   7.4213E+07 -1.1690E+06 -6.6700E+05
0000133   7.7467E+07 -6.6720E+05  2.6354E+06
0000134   7.6059E+07  1.0224E+05  3.0310E+05
0000135   7.6158E+07 -4.4849E+05  2.9105E+06
0000136   7.5494E+07 -2.4678E+05 -4.9379E+05
0000137   7.6325E+07 -8.5119E+05 -3.0021E+05
0000138   7.3924E+07  1.9301E+05 -2.4586E+06
0000139   7.4842E+07 -4.8070E+05 -5.3037E+05
0000140   7.7155E+07 -2.7365E+06 -3.1986E+06
0000141   7.5871E+07  1.4939E+06 -3.1592E+05
0000142   7.5755E+07  1.6511E+05 -5.4361E+05
0000143   7.5272E+07 -9.2852E+05 -1.5443E+06
0000144   7.5725E+07 -2.2837E+06  1.8678E+06
0000145   7.3025E+07 -3.7805E+05  2.2894E+06
0000146   7.3836E+07 -2.6046E+05  4.7991E+06
0000147   7.7116E+07 -1.5979E+06  1.5773E+06
0000148   7.4247E+07  1.0664E+06  5.2902E+05
0000149   7.6580E+07 -1.2817E+06  2.1389E+06
0000150   7.6865E+07  1.4143E+06  2.2981E+05
0000151   7.6016E+07 -1.9669E+06  1.6514E+05
0000152   7.3319E+07 -9.2039E+05 -2.0753E+06
0000153   7.6234E+07  5.1423E+05 -1.2837E+06
0000154   7.6708E+07  3.4727E+05  1.6758E+04
0000155   7.4402E+07 -2.1078E+05 -9.7346E+05
0000156   7.2928E+07  1.4704E+06  1.8472E+06
0000157   7.6434E+07 -7.5240E+05  6.5418E+05
0000158   7.5468E+07  3.0109E+06 -3.3288E+06
0000159   7.5556E+07 -2.5588E+05 -9.1404E+04
0000160   7.6693E+07 -1.5193E+06  1.0369E+06
0000161   7.4017E+07 -3.3808E+06 -1.0003E+06
0000162   7.4061E+07 -2.1429E+06 -8.8165E+05
0000163   7.4841E+07  7.5278E+05  1.6706E+05
0000164   7.6898E+07 -6.4069E+05 -1.6874E+06
0000165   7.5675E+07 -1.4019E+06 -2.3484E+05
0000166   7.3703E+07  1.5556E+06 -1.2927E+05
0000167   7.3616E+07  1.6654E+06 -2.2518E+06
0000168   7.4876E+07 -5.9506E+04 -3.4940E+06
0000169   7.4425E+07  1.3093E+06 -2.8121E+06
0000170   7.4727E+07  1.6065E+06  8.9895E+05
0000171   7.6671E+07  6.3583E+05 -1.1416E+06
0000172   7.5526E+07 -3.7703E+05  5.9184E+04
0000173   7.2729E+07  3.0165E+06  1.0410E+06
0000174   7.3958E+07 -1.2832E+06 -3.4911E+05
0000175   7.6643E+07 -3.7853E+06 -4.5155E+06
0000176   7.4359E+07 -1.6072E+06 -1.3888E+06
0000177   7.4286E+07 -1.1522E+06  2.5296E+06
0000178   7.5520E+07 -1.4009E+06 -6.4742E+06
0000179   7.5218E+07 -4.4000E+05 -1.0336E+06
0000180   7.5317E+07  2.2425E+06  2.2982E+06
0000181   7.3777E+07  1.2171E+05 -1.1501E+06
0000182   7.4443E+07  1.4524E+06  2.2859E+06
0000183   7.7682E+07 -2.3424E+04 -1.7053E+06
0000184   7.3243E+07 -5.0300E+04 -2.2215E+06
0000185   7.5597E+07 -2.6599E+06 -2.5464E+06
0000186   7.3897E+07 -1.9715E+06  9.0401E+05
0000187   7.3702E+07 -1.2756E+06  5.6875E+05
0000188   7.5844E+07 -1.5235E+06 -2.0842E+05
0000189   7.5247E+07 -3.9422E+05 -1.0708E+06
0000190   7.5512E+07 -5.1694E+05 -8.5825E+05
0000191   7.4735E+07  1.5241E+06  4.2292E+05
0000192   7.5302E+07  1.4784E+06 -1.1597E+06
0000193   7.5079E+07 -1.4001E+06 -1.5176E+06
0000194   7.4452E+07 -2.6985E+06 -6.0785E+05
0000195   7.4820E+07 -7.2623E+05 -1.6210E+06
0000196   7.6127E+07 -6.2284E+05 -2.1270E+06
0000197   7.4257E+07 -2.4082E+06  8.5781E+05
0000198   7.4631E+07  8.1527E+05 -5.0533E+05
0000199   7.7240E+07 -3.7855E+06  5.3190E+05
0000200   7.3892E+07 -1.6727E+06  3.6051E+06
0000201   7.5205E+07 -1.1617E+06  1.8217E+06
0000202   7.6064E+07  2.9969E+05  4.7177E+05
0000203   7.4974E+07  4.6844E+05 -4.9915E+05
0000204   7.2795E+07 -2.2914E+05  2.3484E+06
0000205   7.4441E+07 -1.3979E+06 -4.2547E+06
0000206   7.4564E+07 -8.0975E+04  6.4554E+05
0000207   7.3360E+07  4.4975E+05 -2.4173E+06
0000208   7.5357E+07  1.0581E+06  3.4176E+05
0000209   7.5042E+07  7.8989E+05  6.3110E+05
0000210   7.4265E+07  1.5960E+06  1.2875E+06
0000211   7.4622E+07 -1.8691E+05  5.0246E+05
0000212   7.7294E+07 -2.7413E+05  1.3274E+06
0000213   7.3842E+07  1.0598E+05 -1.1663E+06
0000214   7.3984E+07  8.0829E+05  5.0545E+06
0000215   7.6704E+07 -2.7623E+05  1.9109E+06
0000216   7.5338E+07 -3.6066E+05 -1.1667E+06
0000217   7.5888E+07  1.6685E+05 -2.4646E+06
0000218   7.6407E+07 -1.4846E+06  1.7438E+06
0000219   7.5037E+07  3.1878E+06  1.7020E+06
0000220   7.3064E+07 -2.9544E+06 -2.3347E+06
0000221   7.4117E+07  7.1152E+04 -8.9729E+04
0000222   7.6265E+07 -1.3060E+06 -3.9145E+06
0000223   7.6591E+07 -1.1053E+06 -4.3305E+05
0000224   7.5263E+07 -7.0497E+04 -1.9211E+06
0000225   7.5676E+07  1.5250E+06 -6.0780E+05
0000226   7.3755E+07  1.2873E+06  1.4578E+06
0000227   7.5088E+07  4.0017E+05  2.5475E+05
0000228   7.6586E+07 -2.5984E+06 -1.7429E+05
0000229   7.4572E+07 -1.8451E+06 -8.1928E+05
0000230   7.5173E+07 -4.9022E+06  2.8906E+06
0000231   7.5393E+07 -1.1398E+06  4.4010E+05
0000232   7.6655E+07 -7.2885E+05 -8.9070E+05
0000233   7.3900E+07 -1.6683E+06 -1.7647E+06
0000234   7.4985E+07  2.9276E+06  4.5919E+05
0000235   7.3241E+07 -3.7798E+05  2.6815E+06
0000236   7.4957E+07 -3.3753E+05 -5.7233E+05
0000237   7.5084E+07 -1.8343E+05  1.3086E+06
0000238   7.3269E+07  7.7426E+04 -6.5266E+04
0000239   7.5344E+07  9.4517E+05 -1.5969E+06
0000240   7.3631E+07  1.0523E+06 -7.4413E+05
0000241   7.3499E+07 -7.6137E+05 -1.1168E+06
0000242   7.4652E+07  1.0410E+06 -1.5602E+06
0000243   7.4504E+07  1.3223E+06 -4.7830E+06
0000244   7.4550E+07  4.4797E+06  4.2676E+05
0000245   7.3582E+07 -2.8882E+06  5.2254E+05
0000246   7.4686E+07  7.2363E+05 -6.8401E+05
0000247   7.4043E+07 -4.9281E+05 -2.1896E+06
0000248   7.3837E+07  2.8428E+06  6.3120E+04
0000249   7.5209E+07  2.4272E+05  3.4056E+06
0000250   7.4384E+07 -9.5274E+05  3.2646E+06
0000251   7.5366E+07 -1.7106E+06 -1.0824E+06
0000252   7.6368E+07  1.4435E+06  1.1161E+06
0000253   7.3298E+07 -2.9301E+06  1.9029E+06
0000254   7.2251E+07  1.6877E+05 -1.9228E+05
0000255   7.4011E+07  3.7242E+06 -3.3245E+06
0000256   7.3053E+07  6.4767E+05 -6.1395E+04
0000257   7.3939E+07  1.0076E+06 -3.5748E+05
0000258   7.5450E+07  1.8003E+06 -8.2416E+05
0000259   7.4726E+07 -9.2715E+03  5.6199E+05
0000260   7.3594E+07  1.4344E+05  2.1719E+06
0000261   7.4724E+07 -1.0707E+06  2.3606E+05
0000262   7.4158E+07  9.3664E+05 -2.7290E+06
0000263   7.4637E+07 -6.5759E+04  1.1908E+06
0000264   7.5199E+07 -1.1301E+05  6.6017E+05
0000265   7.3775E+07 -2.2072E+06  1.4376E+06
0000266   7.5367E+07 -2.8154E+04 -2.0433E+04
0000267   7.4836E+07  4.6795E+05  5.9999E+05
0000268   7.4130E+07  3.6266E+05  1.4987E+06
0000269   7.5059E+07 -3.4720E+06  3.5842E+06
0000270   7.4502E+07  5.0627E+05 -1.1104E+06
0000271   7.5686E+07 -1.2433E+06  2.5014E+06
0000272   7.3437E+07  2.1693E+06 -5.0435E+05
0000273   7.4420E+07 -2.0765E+06  6.1318E+04
0000274   7.7759E+07  3.1303E+04 -6.1625E+05
0000275   7.5046E+07  2.8249E+05 -1.1301E+06
0000276   7.6026E+07 -2.4768E+05  2.0549E+06
0000277   7.4419E+07  5.0761E+05 -8.3257E+05
0000278   7.2547E+07  7.2834E+05 -1.8339E+06
0000279   7.2699E+07 -7.7577E+05 -2.3972E+06
0000280   7.6196E+07  1.5826E+06 -1.0070E+06
0000281   7.4453E+07 -2.6545E+06 -3.8539E+06
0000282   7.6648E+07 -1.5412E+06  4.9013E+05
0000283   7.4956E+07  1.8846E+06 -2.4395E+06
0000284   7.4668E+07 -8.1126E+05 -9.9246E+05
0000285   7.5743E+07 -1.4709E+06 -2.7077E+06
0000286   7.6338E+07 -2.8837E+06 -2.9051E+05
0000287   7.6955E+07  1.6930E+06 -4.0808E+05
0000288   7.4331E+07  6.8282E+04  1.2895E+06
0000289   7.6791E+07 -3.0246E+05 -1.4351E+06
0000290   7.4959E+07  2.4196E+06  2.8085E+05
0000291   7.5837E+07 -2.0580E+06  2.6390E+06
0000292   7.4412E+07 -4.7569E+05  2.7256E+06
0000293   7.4852E+07  8.6165E+05  1.6048E+06
0000294   7.4304E+07 -1.9090E+05 -2.1747E+06
0000295   7.5880E+07  4.4544E+05  8.8182E+05
0000296   7.3669E+07 -1.2917E+06 -1.5118E+06
0000297   7.4963E+07  1.9459E+06 -2.6561E+05
0000298   7.6519E+07 -5.4176E+05  2.8804E+05
0000299   7.3842E+07 -2.1286E+06 -4.0808E+06
0000300   7.5006E+07 -8.2313E+05 -1.2192E+06
0000301   7.4059E+07  5.7552E+05  2.5276E+05
0000302   7.2192E+07  4.7738E+05  5.2163E+05
0000303   7.3161E+07  3.9660E+06 -1.0276E+06
0000304   7.5301E+07 -1.1730E+06 -1.4722E+06
0000305   7.4931E+07  2.2625E+06 -7.7127E+05
0000306   7.5259E+07 -6.4437E+06  3.8504E+06
0000307   7.6681E+07 -1.6218E+06 -1.3787E+06
0000308   7.6373E+07 -4.1077E+05 -2.1947E+06
0000309   7.4120E+07 -9.9203E+05  3.2753E+05
0000310   7.4868E+07 -1.1183E+06  1.9503E+06
0000311   7.4321E+07  9.4163E+05  1.2768E+06
0000312   7.4944E+07 -1.9233E+06  1.1237E+06
0000313   7.6428E+07 -7.1873E+04 -1.2500E+06
0000314   7.7047E+07  2.4661E+06  3.3415E+06
0000315   7.4442E+07 -3.3693E+05  2.2874E+06
0000316   7.7205E+07 -9.2849E+05  1.8097E+06
0000317   7.5278E+07  1.0650E+06  2.6346E+06
0000318   7.6141E+07 -1.2687E+06  1.7220E+06
0000319   7.4119E+07 -2.0211E+06 -1.9638E+06
0000320   7.7971E+07  6.4762E+05 -5.5894E+05
0000321   7.4539E+07  2.0768E+06 -2.5222E+06
0000322   7.4975E+07  5.1227E+05 -4.0460E+05
0000323   7.3001E+07  2.4107E+06  3.0411E+05
0000324   7.3640E+07  3.7306E+05  1.7308E+06
0000325   7.6313E+07 -8.8503E+05  1.2405E+05
0000326   7.4204E+07 -1.2407E+06 -8.9592E+05
0000327   7.3065E+07  9.4737E+05  3.3073E+06
0000328   7.4841E+07 -2.2982E+06  3.9013E+06
0000329   7.5248E+07 -1.5315E+06 -1.1028E+06
0000330   7.6373E+07 -9.7176E+06  7.1686E+06
0000331   7.3901E+07 -5.1041E+05  1.3299E+03
0000332   7.5582E+07  5.5862E+05 -3.3159E+05
0000333   7.3923E+07 -1.4959E+06  1.6752E+06
0000334   7.5570E+07 -2.8798E+06  8.5794E+05
0000335   7.5164E+07 -7.3855E+04 -2.3888E+06
0000336   7.3547E+07 -7.5034E+05  1.2874E+06
0000337   7.3937E+07 -4.6061E+06 -2.1077E+06
0000338   7.7736E+07 -3.1914E+05  1.6619E+05
0000339   7.5998E+07 -1.9417E+06 -3.8878E+04
0000340   7.8563E+07 -8.1430E+05 -1.6310E+06
0000341   7.6608E+07 -5.9831E+05 -1.7181E+06
0000342   7.5669E+07 -2.8764E+06  5.2469E+05
0000343   7.4330E+07  5.6931E+05  1.0975E+06
0000344   7.5431E+07  6.4498E+05  3.6014E+05
0000345   7.4527E+07 -1.3677E+06 -1.4797E+06
0000346   7.6114E+07  1.8039E+06 -1.2935E+06
0000347   7.3162E+07 -1.0539E+06 -2.3687E+06
0000348   7.4761E+07 -4.3425E+06  2.2642E+06
0000349   7.6578E+07 -1.6198E+05  1.6268E+05
0000350   7.3827E+07  2.8041E+05 -1.5513E+05
0000351   7.6526E+07  1.4527E+06 -4.1809E+06
0000352   7.3301E+07  1.8309E+06  3.3008E+05
0000353   7.5909E+07 -1.5573E+06 -8.5434E+05
0000354   7.4221E+07 -2.0100E+06  5.0911E+05
0000355   7.4210E+07 -1.1220E+06 -4.0556E+06
0000356   7.6360E+07  1.2616E+06  1.8256E+06
0000357   7.3911E+07 -1.0505E+06  6.1168E+05
0000358   7.4235E+07  1.6097E+06  9.7478E+05
0000359   7.4611E+07 -4.6379E+05  3.4511E+06
0000360   7.5938E+07  1.4039E+06 -2.8315E+06
0000361   7.5237E+07  1.6794E+06 -2.1205E+06
0000362   7.3887E+07 -6.1217E+05 -1.0590E+06
0000363   7.4779E+07  5.8396E+05  1.1617E+06
0000364   7.6160E+07  1.2417E+06  4.8991E+05
0000365   7.5324E+07  8.1363E+05  1.1307E+06
0000366   7.3138E+07 -1.9036E+05  2.2668E+06
0000367   7.6505E+07 -9.8016E+05 -7.2658E+05
0000368   7.4002E+07 -1.1166E+06 -1.0160E+06
0000369   7.6438E+07  2.1000E+06 -5.7681E+05
0000370   7.5941E+07 -2.1443E+06 -3.9086E+06
0000371   7.6669E+07  1.8012E+05  3.2819E+06
0000372   7.3587E+07  9.8480E+05  1.8748E+06
0000373   7.6351E+07 -5.1108E+05  2.3115E+05
0000374   7.1093E+07  5.7275E+06 -5.5025E+06
0000375   7.4343E+07  1.8380E+06  7.9312E+05
0000376   7.3662E+07  9.3437E+05  1.8077E+06
0000377   7.6875E+07  1.8453E+06  1.7349E+05
0000378   7.5455E+07 -2.0181E+06  1.3240E+06
0000379   7.5986E+07 -3.2352E+06 -1.6525E+06
0000380   7.5004E+07 -6.4713E+05  4.2886E+05
0000381   7.6351E+07 -5.1893E+04 -1.3755E+06
0000382   7.6004E+07 -2.9627E+06  1.4472E+06
0000383   7.4837E+07 -2.2532E+06 -2.6524E+06
0000384   7.4311E+07 -2.6562E+06  1.1766E+06
0000385   7.6257E+07  5.1777E+06 -2.2544E+06
0000386   7.6739E+07  1.5108E+06 -5.9451E+05
0000387   7.6825E+07 -3.2485E+05  1.7338E+06
0000388   7.4652E+07 -1.2905E+06  1.5900E+06
0000389   7.6065E+07 -4.4257E+06 -1.2754E+06
0000390   7.1985E+07 -1.0265E+06 -2.1775E+06
0000391   7.6072E+07 -1.2203E+06 -1.4169E+06
0000392   7.5688E+07 -3.8002E+05 -3.1059E+05
0000393   7.6191E+07 -3.9127E+05  6.8541E+05
0000394   7.6473E+07  3.2932E+06  8.6187E+05
0000395   7.4676E+07  3.1646E+05 -1.0601E+06
0000396   7.5300E+07  1.7841E+06 -1.2318E+06
0000397   7.2712E+07  1.6462E+06 -1.6678E+06
0000398   7.7062E+07  1.2240E+06  9.9577E+05
0000399   7.4617E+07  4.7948E+06  2.5445E+06
0000400   7.5047E+07 -2.5696E+06 -3.2679E+05
0000401   7.6293E+07  2.6802E+06  4.5725E+05
0000402   7.6294E+07 -1.2295E+06 -9.2938E+05
0000403   7.4073E+07 -6.2987E+05  1.0993E+06
0000404   7.2961E+07  1.3925E+06  5.3670E+05
0000405   7.7593E+07 -2.1386E+06  1.2257E+06
0000406   7.4514E+07 -1.6544E+06 -1.4025E+06
0000407   7.3485E+07 -6.4173E+05  1.8908E+06
0000408   7.2319E+07  1.3070E+05  3.5961E+06
0000409   7.4599E+07  8.2955E+05  2.0906E+05
0000410   7.4004E+07  2.1565E+06 -6.1540E+05
0000411   7.2181E+07 -1.3512E+06 -2.8177E+06
0000412   7.4392E+07 -1.2596E+05  1.2024E+06
0000413   7.6079E+07  2.7471E+06 -1.9833E+06
0000414   7.4866E+07  8.8319E+04  5.3304E+05
0000415   7.7834E+07  3.7070E+05 -7.7794E+05
0000416   7.5176E+07 -9.7862E+04  1.1037E+06
0000417   7.5817E+07  4.0559E+06 -4.1342E+05
0000418   7.2960E+07  1.7952E+06 -1.0829E+06
0000419   7.3064E+07  6.6494E+05  1.8302E+05
0000420   7.7658E+07 -8.1572E+04  2.1508E+06
0000421   7.5087E+07 -1.0986E+06 -2.1062E+06
0000422   7.4517E+07 -2.8028E+06 -1.4324E+06
0000423   7.3462E+07 -2.5795E+06 -9.6944E+05
0000424   7.5088E+07 -3.0195E+06 -1.2850E+06
0000425   7.6054E+07  1.0181E+06 -1.1336E+06
0000426   7.5188E+07 -1.2036E+06 -3.3074E+06
0000427   7.4045E+07  6.6342E+05  2.3369E+06
0000428   7.4553E+07 -3.8630E+05 -1.6212E+05
0000429   7.6567E+07  8.2733E+05 -1.0493E+05
0000430   7.5376E+07  2.0352E+06 -2.1588E+05
0000431   7.3567E+07 -2.3281E+06 -3.0811E+05
0000432   7.5445E+07  1.3042E+06  9.1663E+05
0000433   7.4886E+07  2.4999E+06 -1.4953E+06
0000434   7.5037E+07  1.6341E+05  7.5862E+04
0000435   7.4833E+07  3.1517E+06 -5.9757E+04
0000436   7.4221E+07  2.9579E+06 -2.0971E+06
0000437   7.3568E+07  3.9926E+06 -6.0940E+06
0000438   7.4806E+07  5.7127E+05 -5.2983E+06
0000439   7.7288E+07 -1.9829E+06  1.2062E+06
0000440   7.6115E+07  2.3952E+06  1.1076E+06
0000441   7.5181E+07 -1.1838E+06 -1.6595E+06
0000442   7.4423E+07 -1.1570E+05  9.7592E+05
0000443   7.5513E+07 -2.7455E+06  2.5325E+06
0000444   7.4483E+07 -1.9045E+06  2.6349E+05
0000445   7.4329E+07 -3.6729E+05 -8.6950E+03
0000446   7.4427E+07 -6.2932E+05  3.2907E+06
0000447   7.1815E+07 -2.6416E+06  4.7718E+05
0000448   7.6414E+07  2.4351E+06  8.2564E+05
0000449   7.5605E+07  2.4148E+06 -1.3091E+06
0000450   7.5360E+07 -1.4942E+06 -1.3001E+06
0000451   7.4237E+07 -9.5575E+05 -2.4140E+05
0000452   7.5851E+07 -6.7361E+05 -2.1166E+06
0000453   7.4023E+07  4.3279E+05  6.4848E+04
0000454   7.4126E+07  1.0238E+06 -8.2385E+04
0000455   7.4648E+07  1.9338E+05  1.6594E+06
0000456   7.6545E+07  2.5766E+06 -1.2661E+06
0000457   7.5463E+07 -3.2392E+06 -1.3252E+06
0000458   7.5156E+07  6.6971E+05  2.1301E+06
0000459   7.7354E+07  5.9379E+05 -3.1082E+05
0000460   7.3466E+07  1.0779E+06 -2.3055E+06
0000461   7.5696E+07  2.3575E+06  2.1390E+06
0000462   7.4401E+07  3.2148E+05  1.8835E+05
0000463   7.5577E+07  7.5358E+05  2.8660E+06
0000464   7.1772E+07  1.7188E+05  3.8500E+05
0000465   7.5336E+07 -8.0647E+05 -5.5625E+05
0000466   7.5362E+07 -3.5846E+06 -1.7253E+06
0000467   7.6365E+07  4.3753E+06  6.4614E+06
0000468   7.3278E+07  6.8448E+05  1.5708E+06
0000469   7.3339E+07  1.0354E+06  1.8674E+06
0000470   7.6094E+07  3.2471E+06  1.5513E+06
0000471   7.7018E+07  1.1114E+06  2.8521E+06
0000472   7.5168E+07 -2.9426E+06 -1.0379E+06
0000473   7.5533E+07 -7.2932E+05  8.9406E+05
0000474   7.6632E+07 -1.8707E+06  4.0032E+05
0000475   7.5170E+07  1.4762E+06 -8.7366E+04
0000476   7.5515E+07  2.8716E+05 -1.5271E+06
0000477   7.7634E+07 -1.6693E+06 -7.0345E+05
0000478   7.4935E+07 -1.3309E+06  3.7660E+04
0000479   7.5773E+07  1.8858E+06  1.2664E+06
0000480   7.2912E+07 -9.9971E+05 -5.0281E+05
0000481   7.4928E+07  2.1967E+06 -1.8953E+05
0000482   7.4770E+07  5.6651E+05 -3.9780E+06
0000483   7.5360E+07  1.0916E+05 -2.8892E+06
0000484   7.5517E+07  2.3634E+05  2.4492E+06
0000485   7.3899E+07 -1.7131E+06  6.6176E+05
0000486   7.4289E+07  1.3954E+06 -5.1967E+05
0000487   7.3106E+07  1.0390E+06  1.1753E+06
0000488   7.4734E+07  3.4804E+06 -6.3247E+05
0000489   7.4704E+07  1.0873E+06  1.9131E+06
0000490   7.5795E+07  2.0171E+06 -7.5942E+05
0000491   7.4478E+07  1.7094E+04 -2.3625E+06
0000492   7.5377E+07 -2.4496E+06 -1.7137E+06
0000493   7.5379E+07  1.2629E+06  7.5073E+05
0000494   7.3793E+07  3.1557E+06  4.6212E+05
0000495   7.7126E+07 -1.5582E+05  9.1195E+05
0000496   7.7774E+07 -1.4243E+06 -2.7745E+06
0000497   7.5146E+07 -6.3113E+05 -3.5489E+06
0000498   7.6942E+07  8.2031E+05  3.7196E+06
0000499   7.5291E+07  9.9677E+05 -1.4248E+06
0000500   7.4770E+07 -3.6110E+04 -3.6793E+06
0000501   7.4951E+07 -1.1559E+05 -7.6852E+03
0000502   7.4909E+07 -1.5692E+06 -8.2852E+05
0000503   7.4560E+07  1.7084E+06  8.3476E+05
0000504   7.6253E+07 -3.1871E+06  2.9711E+06
0000505   7.6997E+07  7.7565E+05  1.5977E+06
0000506   7.3766E+07  3.0037E+06 -1.2017E+06
0000507   7.3215E+07 -2.6774E+06  1.0831E+06
0000508   7.4343E+07  3.3557E+05  6.8538E+05
0000509   7.7671E+07 -2.5755E+06  1.1556E+06
0000510   7.5444E+07 -2.1208E+05  1.2969E+05
0000511   7.7104E+07 -3.2480E+06  2.5769E+04
0000512   7.6350E+07  1.5118E+06 -1.8041E+05
0000513   7.6188E+07 -7.9742E+05  1.3562E+05
0000514   7.5881E+07  1.3437E+06  2.7459E+05
0000515   7.4469E+07  5.6320E+05 -1.6240E+06
0000516   7.4624E+07 -1.1484E+06 -3.8726E+05
0000517   7.4492E+07 -3.3688E+05  3.4939E+05
0000518   7.3879E+07 -7.9149E+05  3.5325E+05
0000519   7.5376E+07 -1.5878E+04  3.5435E+05
0000520   7.6914E+07  7.4225E+05  2.6451E+05
0000521   7.5896E+07  1.0102E+06 -1.2614E+06
0000522   7.4199E+07 -7.7489E+04  1.3707E+06
0000523   7.6330E+07  2.6830E+06 -2.3888E+06
0000524   7.5128E+07  1.3668E+06 -4.0353E+06
0000525   7.7124E+07  1.7411E+06 -1.1653E+06
0000526   7.2604E+07 -4.3143E+06 -2.2425E+06
0000527   7.6223E+07  1.0237E+05  3.5000E+06
0000528   7.5206E+07 -1.8859E+05  1.4963E+06
0000529   7.4423E+07 -1.6165E+06  3.9200E+06
0000530   7.5479E+07 -6.5007E+05  8.5579E+05
0000531   7.5904E+07  1.7487E+06 -3.0146E+06
0000532   7.5572E+07 -2.1673E+05  1.9078E+06
0000533   7.3047E+07  1.1418E+06  3.8717E+05
0000534   7.5644E+07 -1.3520E+06 -1.4147E+06
0000535   7.4971E+07 -1.5001E+06  2.7433E+05
0000536   7.6523E+07  1.9618E+06  3.2515E+06
0000537   7.4124E+07  4.2647E+05  9.3295E+05
0000538   7.2151E+07  9.7002E+05 -3.9013E+05
0000539   7.6482E+07  1.0904E+06 -1.4595E+06
0000540   7.5035E+07 -7.3066E+05  2.4761E+05
0000541   7.6396E+07 -2.0453E+06 -8.1440E+05
0000542   7.5002E+07  1.6063E+06 -2.8479E+05
0000543   7.3989E+07 -2.1082E+06 -1.3298E+06
0000544   7.4592E+07  9.6872E+05 -1.7975E+06
0000545   7.4109E+07  1.1552E+06  9.2660E+05
0000546   7.4154E+07 -3.6612E+06  2.5862E+06
0000547   7.4131E+07 -6.6699E+04 -1.3990E+06
0000548   7.4303E+07  8.8028E+05 -1.4466E+06
0000549   7.4915E+07  3.4276E+06  1.0573E+06
0000550   7.7190E+07  6.7829E+05 -2.4321E+06
0000551   7.2723E+07  1.6912E+06  1.1720E+06
0000552   7.4504E+07  2.3431E+05  8.5793E+05
0000553   7.7318E+07 -8.6817E+05  2.6851E+06
0000554   7.7232E+07  1.7864E+06 -1.7812E+06
0000555   7.7132E+07  2.7040E+06  1.4916E+06
0000556   7.6807E+07  5.5974E+05 -1.0551E+06
0000557   7.3028E+07  2.6263E+06 -1.6582E+06
0000558   7.5218E+07 -1.6590E+06 -8.3297E+05
0000559   7.5914E+07 -4.1038E+05 -2.7873E+06
0000560   7.6339E+07 -2.4542E+05  1.4488E+06
0000561   7.2237E+07  4.8662E+05 -1.6479E+06
0000562   7.7639E+07 -5.2985E+05  6.1522E+05
0000563   7.5168E+07  2.1831E+06 -2.9632E+06
0000564   7.6044E+07  2.2105E+06 -1.1961E+06
0000565   7.2771E+07 -1.1425E+06 -1.5970E+06
0000566   7.5337E+07  3.9142E+05 -4.7449E+05
0000567   7.5901E+07  1.3604E+06 -1.5160E+06
0000568   7.7147E+07 -2.1467E+06  3.6591E+05
0000569   7.5719E+07  2.0434E+06 -2.3674E+05
0000570   7.5922E+07  2.8557E+06 -1.5802E+06
0000571   7.2419E+07 -7.9848E+05 -1.8526E+06
0000572   7.7849E+07 -9.9919E+04 -6.2317E+05
0000573   7.9038E+07 -7.0540E+05  3.8680E+06
0000574   7.4932E+07  2.0298E+06 -2.7242E+05
0000575   7.6407E+07 -2.6084E+06  2.1735E+06
0000576   7.4569E+07  1.2580E+06 -1.0393E+06
0000577   7.5356E+07 -1.3024E+05  1.5227E+06
0000578   7.5284E+07 -6.1687E+05  1.4361E+06
0000579   7.5114E+07 -2.6372E+06 -2.1400E+06
0000580   7.4267E+07 -1.4294E+06  1.6416E+06
0000581   7.3841E+07 -2.5675E+06  8.7990E+05
0000582   7.7509E+07 -1.9539E+06  4.6826E+05
0000583   7.4466E+07  3.0505E+05  5.3526E+05
0000584   7.4693E+07  6.2873E+05  1.2567E+06
0000585   7.6498E+07 -2.0261E+06 -3.6334E+05
0000586   7.5632E+07 -1.4818E+06  1.7150E+06
0000587   7.4359E+07 -6.6873E+05 -3.0932E+06
0000588   7.5191E+07 -4.4600E+06 -1.4728E+06
0000589   7.6557E+07  4.3595E+06  4.0139E+06
0000590   7.9912E+07  7.7639E+05 -8.2280E+03
0000591   7.3175E+07 -7.8243E+05 -7.1306E+05
0000592   7.4992E+07 -1.8071E+05  1.4845E+06
0000593   7.3500E+07 -7.8264E+05  1.2346E+06
0000594   7.6987E+07  1.6769E+06 -7.0125E+04
0000595   7.3423E+07  8.2213E+05 -1.6472E+06
0000596   7.7911E+07 -5.1559E+05 -1.6634E+06
0000597   7.3817E+07 -2.4935E+06  3.1384E+06
0000598   7.4386E+07  1.3048E+04  1.5858E+06
0000599   7.5907E+07  9.1802E+05  5.6154E+05
0000600   7.6904E+07 -1.5887E+06 -2.0716E+05
0000601   7.5439E+07 -1.6031E+06 -1.6501E+06
0000602   7.3849E+07 -2.5709E+05 -1.2754E+06
0000603   7.8309E+07  1.4195E+06  1.8443E+05
0000604   7.5432E+07  1.9102E+06  6.7207E+05
0000605   7.2229E+07  9.0398E+05 -2.2826E+06
0000606   7.5785E+07  2.7145E+06 -5.1100E+05
0000607   7.5039E+07 -1.2311E+06  1.1016E+06
0000608   7.3985E+07  1.1623E+06 -6.0175E+05
0000609   7.3974E+07  1.6549E+06  5.5343E+05
0000610   7.5511E+07  2.7451E+06  1.0017E+06
0000611   7.4464E+07  1.2975E+06 -3.1113E+06
0000612   7.6799E+07  3.6043E+04  4.8106E+05
0000613   7.7363E+07 -1.0198E+06  2.6907E+06
0000614   7.3693E+07 -2.4859E+05 -1.9180E+06
0000615   7.7111E+07  3.8726E+06 -2.2665E+05
0000616   7.6504E+07  3.6335E+04  6.0858E+05
0000617   7.5950E+07  1.2498E+05 -2.9456E+05
0000618   7.4800E+07  3.1401E+06  2.6936E+06
0000619   7.5789E+07 -4.3437E+04  1.0744E+05
0000620   7.3790E+07 -9.2934E+05 -1.5080E+06
0000621   7.4893E+07 -2.1997E+05  1.5729E+06
0000622   7.6198E+07 -3.9777E+06 -4.2622E+06
0000623   7.4897E+07 -1.5161E+06  9.1781E+05
0000624   7.3478E+07 -3.9094E+06 -4.3648E+05
0000625   7.4048E+07  9.2910E+04 -5.8510E+05
0000626   7.3504E+07  9.7735E+05 -2.6020E+06
0000627   7.3425E+07  3.5189E+06  4.0818E+06
0000628   7.2678E+07  2.5432E+05 -1.2059E+06
0000629   7.3496E+07  2.7104E+06  1.7964E+06
0000630   7.4084E+07  3.8638E+05 -1.4397E+06
0000631   7.4832E+07  2.6712E+05  1.2051E+06
0000632   7.6068E+07  8.1101E+05  4.5039E+06
0000633   7.6384E+07  6.4198E+05 -5.5275E+05
0000634   7.3869E+07 -5.5311E+05  6.0737E+05
0000635   7.4215E+07 -2.2313E+06  1.2266E+06
0000636   7.6608E+07  1.6671E+06 -1.6934E+06
0000637   7.6149E+07 -3.7333E+06  4.0548E+04
0000638   7.5090E+07 -3.2132E+06 -1.4076E+06
0000639   7.6786E+07  7.5142E+05  1.4661E+06
0000640   7.6269E+07  1.4586E+06  3.3462E+06
0000641   7.6651E+07  6.9668E+05 -2.4766E+06
0000642   7.5443E+07 -7.9741E+04  2.6166E+05
0000643   7.3333E+07  8.2244E+05  2.7508E+06
0000644   7.6550E+07 -6.1498E+05  4.7719E+05
0000645   7.4261E+07  2.3327E+06 -2.5139E+06
0000646   7.5698E+07 -1.0233E+06 -1.3642E+06
0000647   7.3935E+07 -1.7187E+06 -9.6653E+05
0000648   7.5316E+07  4.2397E+05 -7.1480E+05
0000649   7.5033E+07 -2.0445E+05 -4.3438E+05
0000650   7.6342E+07 -6.8696E+05  1.6939E+05
0000651   7.5700E+07  6.8683E+05  2.9206E+06
0000652   7.1012E+07  6.0817E+06 -9.8503E+06
0000653   7.7566E+07  1.8773E+06  3.1000E+05
0000654   7.7800E+07  1.4416E+06  2.2670E+06
0000655   7.4159E+07 -1.8105E+06  2.5694E+06
0000656   7.5196E+07  1.5061E+06 -2.4811E+05
0000657   7.4274E+07 -1.6183E+06  1.6430E+04
0000658   7.4341E+07  8.0997E+05  1.0544E+06
0000659   7.5995E+07  8.7103E+05 -1.3668E+06
0000660   7.4906E+07  9.1047E+05  1.0018E+06
0000661   7.4767E+07  7.3378E+05  4.6070E+05
0000662   7.6976E+07  6.4372E+05 -8.0823E+05
0000663   7.3867E+07 -9.6511E+05  1.7904E+06
0000664   7.5256E+07  1.7103E+06  3.3876E+06
0000665   7.5750E+07 -7.9890E+04 -2.9162E+05
0000666   7.6763E+07  4.0447E+05 -8.2766E+05
0000667   7.4176E+07  6.8514E+06  2.1074E+06
0000668   7.7162E+07  8.0717E+05  4.4833E+05
0000669   7.6585E+07  1.4196E+06 -2.8100E+06
0000670   7.7244E+07  2.0674E+06 -1.5918E+06
0000671   7.5299E+07  1.2722E+06 -8.2225E+05
0000672   7.5784E+07  2.1547E+05 -1.6905E+05
0000673   7.6514E+07 -2.8605E+05  1.4733E+06
0000674   7.6049E+07 -2.9804E+04 -9.3064E+05
0000675   7.4617E+07 -1.2874E+05 -1.5530E+06
0000676   7.3775E+07 -1.2477E+06  2.7979E+06
0000677   7.4983E+07 -1.0884E+06  2.0673E+06
0000678   7.5456E+07  4.8916E+04  3.1452E+05
0000679   7.4051E+07 -1.0527E+06 -1.2224E+06
0000680   7.4865E+07  9.6464E+05  1.1772E+06
0000681   7.3683E+07  1.0097E+06 -2.2236E+06
0000682   7.4469E+07 -3.4518E+06 -1.4295E+06
0000683   7.4855E+07 -1.1696E+06  1.8906E+06
0000684   7.5454E+07 -1.7834E+06  1.0883E+05
0000685   7.6121E+07  1.8682E+05 -1.2663E+05
0000686   7.2937E+07 -9.6360E+05  1.3074E+06
0000687   7.4039E+07 -9.4584E+05  2.0806E+06
0000688   7.3488E+07 -1.1393E+06  2.6318E+06
0000689   7.4368E+07  1.6890E+06  2.0419E+06
0000690   7.4508E+07  6.3054E+05  1.4906E+06
0000691   7.4846E+07 -2.7608E+06  2.1199E+06
0000692   7.2559E+07  2.1092E+06 -1.6373E+06
0000693   7.7954E+07 -3.3151E+05  5.3802E+05
0000694   7.3496E+07  6.2553E+05 -1.0017E+06
0000695   7.6053E+07  2.5171E+06 -2.9390E+05
0000696   7.4527E+07 -2.9970E+05  2.3981E+05
0000697   7.5756E+07  1.2719E+06 -8.5720E+04
0000698   7.4093E+07  1.4925E+06  1.5860E+06
0000699   7.5251E+07 -1.7418E+06 -1.4746E+06
0000700   7.4314E+07 -8.0628E+05 -4.8785E+06
0000701   7.4396E+07  1.3623E+06  1.2793E+06
0000702   7.3434E+07  3.3860E+06  1.6784E+06
0000703   7.4760E+07 -5.9141E+05 -9.3887E+05
0000704   7.4459E+07  6.4903E+05 -8.3576E+04
0000705   7.5991E+07  9.0936E+05  1.7697E+06
0000706   7.6713E+07  5.1039E+05  5.2543E+05
0000707   7.5155E+07 -6.0219E+06 -2.3392E+06
0000708   7.3108E+07  2.9039E+06 -9.7479E+05
0000709   7.2667E+07  1.2964E+06  1.6079E+06
0000710   7.5207E+07  8.9956E+05 -1.5816E+06
0000711   7.3330E+07  9.9257E+05  5.9990E+05
0000712   7.6121E+07 -2.6994E+06 -2.3580E+06
0000713   7.5153E+07  3.1283E+06  7.6474E+05
0000714   7.6859E+07 -9.3631E+05 -1.0091E+06
0000715   7.6378E+07  2.3161E+05 -1.1683E+06
0000716   7.4371E+07 -1.0441E+06 -2.7891E+05
0000717   7.4800E+07 -2.0982E+05  9.9702E+05
0000718   7.3634E+07 -1.7365E+06  3.8738E+05
0000719   7.4800E+07 -3.6461E+05  7.2052E+05
0000720   7.4672E+07 -2.4802E+06  3.6384E+05
0000721   7.3461E+07  2.8597E+06  3.2161E+06
0000722   7.5744E+07 -8.3739E+05  5.7573E+05
0000723   7.8387E+07  1.1271E+06 -1.1793E+06
0000724   7.3765E+07 -1.6281E+06  4.1552E+06
0000725   7.3556E+07 -1.7108E+06  2.3897E+06
0000726   7.5341E+07 -3.5822E+06  1.8025E+06
0000727   7.4265E+07 -1.7549E+06 -1.3350E+06
0000728   7.4624E+07 -2.5265E+06 -5.5585E+05
0000729   7.5477E+07  4.2160E+05  3.3193E+06
0000730   7.4360E+07  2.5887E+05  1.6134E+06
0000731   7.3215E+07  2.3370E+06 -2.4661E+06
0000732   7.4363E+07 -5.0536E+05 -6.1436E+05
0000733   7.7026E+07  3.8209E+05  1.9702E+04
0000734   7.5880E+07  1.5457E+06  1.9207E+06
0000735   7.3173E+07 -2.2635E+06  9.8734E+05
0000736   7.4462E+07  1.1097E+06  7.2392E+05
0000737   7.2276E+07 -1.3430E+06 -1.7141E+06
0000738   7.7581E+07  6.2739E+05  4.7356E+05
0000739   7.5880E+07 -2.7653E+06  1.9699E+06
0000740   7.7507E+07  1.7939E+06  9.4254E+05
0000741   7.4347E+07 -5.4969E+05  1.2855E+06
0000742   7.5283E+07  7.3259E+05  3.6786E+05
0000743   7.4119E+07  1.1503E+06 -1.6965E+06
0000744   7.3355E+07 -1.3441E+06  1.6255E+06
0000745   7.4763E+07 -2.1233E+06  5.8283E+05
0000746   7.5646E+07 -1.7368E+05 -5.0641E+05
0000747   7.4975E+07 -2.9165E+05  1.5965E+06
0000748   7.5605E+07  8.9956E+05  9.9535E+05
0000749   7.4187E+07  3.6846E+05  3.2020E+06
0000750   7.5011E+07  3.0561E+05 -2.4186E+06
0000751   7.4058E+07  4.2452E+05  7.3980E+05
0000752   7.6261E+07 -2.5919E+06  8.1148E+05
0000753   7.6465E+07  1.0954E+05 -1.2007E+06
0000754   7.3852E+07 -2.5931E+06  5.7575E+05
0000755   7.5585E+07 -1.3006E+06 -2.5488E+06
0000756   7.6001E+07 -2.6807E+06  3.4032E+06
0000757   7.7364E+07  4.4025E+06  3.4584E+04
0000758   7.7469E+07 -2.4440E+06  8.5710E+05
0000759   7.4425E+07  2.4949E+06  2.4602E+06
0000760   7.4273E+07 -1.1327E+06  1.2681E+05
0000761   7.5799E+07  7.3520E+05  6.9667E+05
0000762   7.7087E+07  8.2322E+05  7.9723E+05
0000763   7.3665E+07  1.5404E+06 -2.6740E+06
0000764   7.5441E+07 -1.6314E+06 -7.6183E+05
0000765   7.3898E+07  7.3199E+04 -3.9017E+05
0000766   7.5367E+07 -1.2800E+06 -1.8698E+05
0000767   7.7455E+07  1.0565E+05  4.0621E+05
0000768   7.6939E+07 -2.2144E+06 -8.0161E+05
0000769   7.2098E+07  1.6357E+06  1.0017E+05
0000770   7.3443E+07 -1.5592E+06  6.1209E+05
0000771   7.6709E+07 -2.9198E+05 -1.0706E+05
0000772   7.5960E+07  2.4303E+06 -3.0138E+06
0000773   7.3450E+07  1.2980E+05 -8.6482E+05
0000774   7.7494E+07 -8.2377E+05  5.0854E+05
0000775   7.4613E+07 -1.3767E+06  9.4028E+05
0000776   7.4923E+07 -3.1887E+06 -4.8847E+05
0000777   7.7365E+07 -2.0981E+06  1.5867E+06
0000778   7.6885E+07 -8.4457E+05  1.2360E+06
0000779   7.6126E+07  7.6147E+05  9.0532E+05
0000780   7.5738E+07  1.1820E+05 -2.4204E+04
0000781   7.4950E+07 -1.4054E+06  2.0308E+06
0000782   7.4956E+07  1.0299E+06  1.6831E+06
0000783   7.4148E+07 -1.0836E+05 -1.4293E+06
0000784   7.5383E+07 -7.0442E+05  1.6619E+06
0000785   7.1303E+07  1.0368E+07 -1.5276E+06
0000786   7.3980E+07 -4.0308E+06 -2.4273E+06
0000787   7.6130E+07 -2.5839E+06  2.2508E+06
0000788   7.4147E+07  7.7894E+05  2.0851E+06
0000789   7.6824E+07  2.2273E+06  3.2415E+05
0000790   7.1455E+07 -1.1887E+06 -1.4504E+06
0000791   7.4551E+07 -4.0750E+05  2.1570E+06
0000792   7.7276E+07  2.1679E+06  1.3805E+06
0000793   7.4980E+07 -3.8044E+06  9.5163E+05
0000794   7.4063E+07 -2.6818E+05  7.3699E+04
0000795   7.6356E+07  2.3573E+06  1.1250E+06
0000796   7.6357E+07  1.4832E+06  1.1149E+06
0000797   7.5484E+07 -1.5515E+06  3.4745E+05
0000798   7.4825E+07 -7.2858E+05  2.1379E+06
0000799   7.6641E+07  4.3302E+05 -5.2835E+05
0000800   7.6003E+07  1.4217E+06 -1.5195E+06
0000801   7.4486E+07  4.1020E+05  7.4293E+05
0000802   7.4845E+07 -1.6074E+06 -1.4310E+06
0000803   7.5707E+07 -2.6713E+06  1.1896E+06
0000804   7.4926E+07 -2.0237E+06 -2.6224E+06
0000805   7.5026E+07  3.5914E+05  4.2404E+05
0000806   7.3485E+07 -1.6209E+06  1.6006E+06
0000807   7.5832E+07  1.8476E+06 -1.1534E+06
0000808   7.6629E+07  2.6513E+06  2.2126E+05
0000809   7.4418E+07 -4.3459E+05 -2.5422E+06
0000810   7.6288E+07 -1.5045E+06 -1.1063E+06
0000811   7.7141E+07  1.1543E+06 -1.9131E+06
0000812   7.5084E+07  1.9043E+06 -4.9019E+05
0000813   7.5671E+07 -1.0762E+06 -7.1578E+05
0000814   7.4810E+07 -2.5743E+06  1.7061E+06
0000815   7.1906E+07  4.8274E+05 -4.8384E+06
0000816   7.6365E+07  6.4736E+05  5.7863E+05
0000817   7.5224E+07  2.0039E+06 -4.7999E+06
0000818   7.3696E+07 -1.0207E+06  2.0050E+05
0000819   7.5097E+07  8.0002E+04 -6.7250E+05
0000820   7.3745E+07  1.0634E+06 -1.7484E+06
0000821   7.4340E+07 -1.1871E+06 -8.3888E+04
0000822   7.6043E+07 -2.5540E+05  1.8580E+06
0000823   7.4899E+07  1.0718E+06  8.1165E+05
0000824   7.4154E+07 -2.7422E+06  1.2814E+06
0000825   7.6625E+07  3.9294E+05  8.9128E+05
0000826   7.3465E+07 -5.0390E+06  9.0527E+05
0000827   7.4927E+07  1.2424E+06 -2.8628E+06
0000828   7.6352E+07  1.6201E+06  1.5296E+06
0000829   7.5210E+07 -2.1186E+06  4.8659E+05
0000830   7.5472E+07  9.9977E+05  1.2572E+06
0000831   7.4700E+07 -1.3563E+06  2.2751E+06
0000832   7.7600E+07  1.2841E+06 -2.0793E+06
0000833   7.4442E+07  2.3118E+05  9.4701E+05
0000834   7.6164E+07 -2.4705E+05 -3.2984E+06
0000835   7.3944E+07 -4.5701E+06 -1.0314E+06
0000836   7.5293E+07 -2.8705E+05 -3.0657E+05
0000837   7.4696E+07  9.4257E+05 -2.1959E+06
0000838   7.4929E+07  1.5185E+06  1.5479E+05
0000839   7.4667E+07  2.4782E+06 -1.9191E+06
0000840   7.4650E+07  1.2318E+06  9.9784E+05
0000841   7.5978E+07  5.2642E+05 -4.1956E+05
0000842   7.8327E+07  7.8644E+05 -5.0055E+05
0000843   7.5542E+07  1.3054E+06 -1.9008E+05
0000844   7.3933E+07  2.5187E+06 -7.5175E+05
0000845   7.8137E+07 -1.8262E+06 -8.3692E+04
0000846   7.2124E+07  1.1095E+06 -3.4408E+06
0000847   7.5587E+07  4.0162E+05  7.4097E+05
0000848   7.6318E+07 -8.2678E+05  1.0612E+06
0000849   7.5382E+07 -4.3096E+05  4.9592E+05
0000850   7.4882E+07  1.7251E+06  2.3928E+05
0000851   7.5237E+07 -5.8340E+05  4.5881E+05
0000852   7.4889E+07  8.4570E+05 -1.5206E+06
0000853   7.5122E+07  5.5596E+05  8.6721E+05
0000854   7.5485E+07 -1.0998E+06  2.5390E+06
0000855   7.6248E+07  1.0817E+06  5.3557E+05
0000856   7.4188E+07 -4.1494E+05  6.4185E+03
0000857   7.7045E+07  3.9179E+05  8.8823E+05
0000858   7.6165E+07  2.3670E+05 -5.5000E+05
0000859   7.5436E+07  2.0266E+06 -8.4376E+05
0000860   7.3906E+07  1.9210E+06  7.8022E+05
0000861   7.5604E+07  1.2373E+06 -1.4610E+06
0000862   3.8716E+07  3.5112E+07  1.8422E+07
0000863   7.2466E+07 -4.2883E+06 -7.8679E+06
0000864   7.4983E+07  8.3770E+05 -1.7138E+06
0000865   7.4911E+07 -6.4186E+05  2.0373E+06
0000866   7.5878E+07  4.0447E+05 -2.7860E+05
0000867   7.6252E+07 -3.1062E+06 -7.3605E+05
0000868   7.6995E+07  2.1738E+06  5.8995E+05
0000869   7.4477E+07  1.9767E+06 -1.5760E+05
0000870   7.6889E+07 -2.1257E+05 -2.7626E+05
0000871   7.4424E+07  2.7604E+05  1.0740E+06
0000872   7.5512E+07 -2.0506E+06  6.3951E+05
0000873   7.5598E+07 -6.4276E+05  3.9769E+05
0000874   7.7091E+07 -8.1398E+05 -2.8225E+06
0000875   7.6217E+07  1.9385E+05  8.1849E+03
0000876   7.5905E+07 -2.7520E+06  2.6181E+05
0000877   7.7431E+07 -1.0483E+06  1.4655E+06
0000878   7.5174E+07 -8.4668E+05 -2.5916E+06
0000879   7.3975E+07  4.3802E+06 -2.3607E+06
0000880   7.4261E+07 -1.5054E+06 -1.0531E+06
0000881   7.4129E+07  3.6034E+05  5.4390E+05
0000882   7.2220E+07  1.0363E+06 -8.2822E+05
0000883   7.3018E+07  3.2787E+06 -6.3910E+05
0000884   7.3425E+07  2.1988E+06  1.8321E+06
0000885   7.4039E+07  1.7937E+06 -8.3729E+05
0000886   7.4480E+07 -9.0017E+05  1.3163E+06
0000887   7.4490E+07 -1.6707E+06  8.5328E+04
0000888   7.4785E+07  1.1933E+06  3.5456E+06
0000889   7.3546E+07  1.7822E+06  1.8346E+06
0000890   7.4934E+07 -8.6797E+05  2.2892E+06
0000891   7.3904E+07  2.9760E+05  1.5162E+06
0000892   7.2710E+07 -3.5401E+06  1.2715E+06
0000893   7.4894E+07 -4.1282E+05 -4.4700E+05
0000894   7.5609E+07 -2.0188E+06  4.4142E+04
0000895   7.5240E+07  6.6697E+06  2.2374E+06
0000896   7.2619E+07 -1.5371E+06 -1.7466E+06
0000897   7.4590E+07  3.8228E+06 -9.2884E+05
0000898   7.1905E+07 -5.4059E+05  1.5547E+05
0000899   7.6550E+07 -1.8488E+06 -1.3407E+06
0000900   7.2575E+07 -1.1951E+06 -2.6116E+06
0000901   7.4642E+07  2.5969E+06  5.6183E+05
0000902   7.4920E+07 -8.8120E+05 -5.0712E+06
0000903   7.4623E+07  9.9648E+05 -1.3100E+06
0000904   7.4409E+07  2.6634E+05  2.5012E+06
0000905   7.6425E+07  7.5935E+05  3.4548E+06
0000906   7.4339E+07  2.0302E+06  4.5762E+05
0000907   7.5299E+07  2.1507E+05  2.0101E+05
0000908   7.5635E+07  1.1608E+06 -1.8743E+06
0000909   7.6702E+07  2.0864E+05 -3.7595E+05
0000910   7.3501E+07  2.7358E+06  8.3911E+05
0000911   7.5267E+07  2.9225E+06  9.1814E+05
0000912   7.4426E+07  1.5200E+05 -3.5446E+06
0000913   7.2654E+07 -2.9806E+06  7.3783E+06
0000914   7.6245E+07  1.7308E+06 -2.8685E+06
0000915   7.6829E+07  6.8230E+06 -7.6892E+05
0000916   7.5894E+07 -1.8131E+05 -2.9538E+06
0000917   7.4318E+07  1.6681E+05 -2.5894E+06
0000918   7.6398E+07 -1.5023E+05  1.4918E+06
0000919   7.4503E+07  7.4285E+04  3.3709E+06
0000920   7.6724E+07 -8.7011E+05 -1.2946E+06
0000921   7.4625E+07  1.1538E+06 -2.3549E+06
0000922   7.3392E+07  6.9649E+06 -4.6601E+06
0000923   7.5943E+07  2.7070E+06  1.2877E+06
0000924   7.8636E+07 -1.3342E+06 -7.9169E+05
0000925   7.5175E+07  9.4475E+05 -5.8168E+05
0000926   7.4942E+07 -1.2841E+06  6.3129E+05
0000927   7.3736E+07 -1.5749E+03 -9.8410E+05
0000928   7.7279E+07  5.8285E+05  1.5254E+06
0000929   7.4509E+07  1.2337E+05 -1.7264E+06
0000930   7.6903E+07  7.1751E+05 -5.9178E+05
0000931   7.6274E+07  1.5146E+06  2.0122E+06
0000932   7.9139E+07 -2.1511E+06  1.7812E+05
0000933   7.6615E+07 -7.3181E+04  5.1142E+04
0000934   7.6806E+07 -6.7760E+04  1.1390E+06
0000935   7.5898E+07  2.7308E+06  3.1764E+06
0000936   7.4772E+07  7.8466E+05 -2.9844E+06
0000937   7.7486E+07  1.6582E+06  8.9901E+05
0000938   7.4875E+07 -6.1237E+05  2.0201E+06
0000939   7.1989E+07  8.3562E+05  2.2124E+06
0000940   7.4099E+07  6.3755E+05  2.7139E+06
0000941   7.5519E+07 -9.4979E+05  1.5001E+06
0000942   7.5669E+07  7.1565E+05 -3.5506E+05
0000943   7.4856E+07 -3.5288E+05 -4.7866E+05
0000944   7.6009E+07 -1.2364E+06  8.1841E+05
0000945   7.3903E+07  1.0257E+06  3.0012E+06
0000946   7.5411E+07 -7.4851E+04 -2.7193E+06
0000947   7.5535E+07 -3.6514E+05 -1.6385E+06
0000948   7.4858E+07  3.4126E+06  3.3798E+06
0000949   7.8237E+07 -2.1652E+06  1.8790E+05
0000950   7.6519E+07  6.4393E+05  2.0896E+05
0000951   7.5795E+07  1.7583E+06  2.6424E+06
0000952   7.8020E+07  3.3348E+06  1.4501E+06
0000953   7.4964E+07  1.6736E+06 -2.7738E+06
0000954   7.3680E+07  3.4604E+06  8.6586E+05
0000955   7.5001E+07  1.9074E+05  8.7996E+05
0000956   7.5043E+07  9.3418E+05 -2.6130E+06
0000957   7.2799E+07  4.3596E+06  2.2861E+06
0000958   7.3880E+07 -1.7722E+05  6.4503E+05
0000959   7.5594E+07  2.3889E+06 -8.3160E+05
0000960   7.5733E+07  5.3268E+05 -6.3366E+05
0000961   7.5751E+07 -1.6385E+06 -1.1182E+06
0000962   7.3957E+07 -5.5648E+05  3.0613E+04
0000963   7.6271E+07 -9.1922E+05  7.1241E+05
0000964   7.3555E+07  1.0723E+06 -8.2703E+05
0000965   7.8408E+07  4.2985E+05 -1.3950E+06
0000966   7.5702E+07 -6.9298E+05 -5.4591E+05
0000967   7.6602E+07  1.5824E+06  9.5784E+05
0000968   7.6250E+07 -1.7262E+06 -2.3330E+06
0000969   7.5988E+07  2.2923E+06 -3.0410E+03
0000970   7.4191E+07  2.0575E+06  1.1943E+06
0000971   7.5191E+07 -9.5523E+05  2.9099E+06
0000972   7.4120E+07  2.6950E+05  6.6826E+05
0000973   7.7066E+07 -1.6180E+06 -9.4041E+05
0000974   7.6149E+07 -4.7703E+05  7.8712E+05
0000975   7.4742E+07 -1.0787E+06 -2.0586E+06
0000976   7.6620E+07 -4.3520E+06 -3.1914E+06
0000977   7.5632E+07 -1.3301E+06  1.4789E+06
0000978   7.7479E+07 -1.0178E+06 -1.0044E+06
0000979   7.5034E+07  6.1093E+05 -2.2662E+05
0000980   7.3688E+07 -1.5504E+06 -1.0137E+05
0000981   7.4238E+07 -4.5962E+06 -6.7928E+06
0000982   7.3151E+07 -6.5661E+05 -4.1448E+06
0000983   7.4808E+07 -6.9798E+05 -2.8814E+06
0000984   7.3912E+07 -9.8112E+05 -8.6807E+05
0000985   7.4037E+07 -4.2347E+06  1.5658E+06
0000986   7.3266E+07  7.3639E+05 -5.2643E+05
0000987   7.6059E+07  7.6776E+05 -1.7087E+05
0000988   7.8491E+07  1.2337E+06 -2.2826E+05
0000989   7.5959E+07 -1.8902E+06  4.1411E+05
0000990   7.5325E+07  6.5417E+06  6.7286E+06
0000991   7.2864E+07 -3.2472E+06  1.6610E+06
0000992   7.6808E+07  7.0644E+05 -3.2314E+05
0000993   7.5754E+07 -2.3700E+05 -7.1216E+05
0000994   7.4515E+07 -8.5425E+05 -4.9408E+06
0000995   7.2867E+07  1.1794E+06  5.1423E+05
0000996   7.3949E+07 -3.2495E+05  1.2435E+06
0000997   7.3429E+07 -6.2152E+05  1.3949E+06
0000998   7.6665E+07  1.8501E+06 -4.3496E+06
0000999   7.5799E+07  2.7810E+06  7.8548E+05
0001000   7.5143E+07 -4.7711E+05  9.8656E+05
0001001   7.4500E+07 -1.6871E+06  1.8187E+05
0001002   7.4519E+07 -6.3351E+05  4.9567E+06
0001003   7.4508E+07 -1.3650E+06 -8.9567E+05
0001004   7.5832E+07  2.2011E+05  7.5117E+05
0001005   7.7379E+07 -1.2864E+06  9.9684E+05
0001006   7.5053E+07 -7.6344E+05  1.6993E+06
0001007   7.4635E+07  1.7154E+06 -2.7533E+06
0001008   7.3862E+07  1.4697E+06 -1.2117E+06
0001009   7.2622E+07 -1.9909E+06 -2.5158E+06
0001010   7.4856E+07  5.4168E+05  5.5903E+05
0001011   7.4337E+07 -5.1598E+04 -1.2992E+06
0001012   7.5383E+07 -1.1420E+06  9.7009E+05
0001013   7.4952E+07  1.5813E+06  1.3780E+06
0001014   7.4341E+07 -1.2893E+05 -2.6272E+04
0001015   7.4327E+07 -3.1437E+06 -3.9770E+05
0001016   7.4831E+07 -1.5481E+06 -1.4764E+06
0001017   7.2539E+07 -1.0649E+06  3.6323E+05
0001018   7.6033E+07  1.6362E+06  1.1972E+06
0001019   7.4987E+07 -1.2432E+06 -2.3726E+06
0001020   7.5838E+07  3.0372E+06 -7.7021E+05
0001021   7.5556E+07 -2.9117E+06  1.0543E+06
0001022   7.6751E+07  1.0994E+06 -1.7336E+06
0001023   7.3435E+07  2.1644E+06  1.2482E+06
0001024   7.3454E+07  3.1789E+06 -3.2460E+06
0001025   7.5384E+07 -2.4730E+06 -3.4361E+06
0001026   7.5289E+07 -1.1779E+06  2.6684E+06
0001027   7.5526E+07  2.9915E+05 -1.4731E+06
0001028   7.2475E+07  4.0616E+06  1.8402E+06
0001029   7.5595E+07 -1.5805E+06 -2.0919E+06
0001030   7.5462E+07  2.6916E+05  4.4764E+05
0001031   7.4636E+07 -1.1831E+06  1.0085E+06
0001032   7.7038E+07  3.1569E+05 -1.7925E+06
0001033   7.5068E+07  7.7279E+05 -1.3304E+06
0001034   7.2813E+07  3.3810E+04 -2.3840E+06
0001035   7.2627E+07 -1.6880E+06 -2.0772E+06
0001036   7.5674E+07 -5.9964E+04 -1.4855E+06
0001037   7.6099E+07 -1.4009E+06  1.8163E+06
0001038   7.4114E+07  7.0254E+05 -1.9345E+06
0001039   7.4964E+07 -2.9854E+06 -1.5985E+05
0001040   7.6644E+07 -5.5572E+05  1.0181E+05
0001041   7.4937E+07  9.6921E+04  3.0893E+06
0001042   7.5979E+07  5.7176E+04 -1.1194E+06
0001043   7.7458E+07  6.7610E+05  1.4271E+06
0001044   7.2549E+07 -2.9911E+06 -2.5415E+06
0001045   7.4566E+07 -7.5367E+04 -9.4046E+05
0001046   7.6515E+07 -5.6107E+05  2.3185E+06
0001047   7.6485E+07  3.9744E+05  1.2641E+06
0001048   7.6004E+07  3.9083E+05 -9.4063E+05
0001049   7.7602E+07  2.0149E+06  1.4072E+06
0001050   7.6400E+07  4.0279E+06 -6.8565E+05
0001051   7.4813E+07 -1.2443E+06  1.7014E+06
0001052   7.6062E+07  5.2259E+05 -1.7442E+06
0001053   7.4503E+07  2.3427E+06  9.2408E+05
0001054   7.5802E+07 -1.7678E+06 -2.3092E+05
0001055   7.6064E+07  1.6128E+02 -1.5258E+06
0001056   7.7193E+07  9.0895E+05  1.7244E+06
0001057   7.3559E+07  7.5440E+05 -1.6747E+06
0001058   7.4694E+07  2.2454E+06  8.7854E+05
0001059   7.6424E+07  3.7981E+05  1.2061E+05
0001060   7.4680E+07  5.3667E+05  2.2811E+05
0001061   7.5240E+07 -6.3343E+05  7.3292E+05
0001062   7.3217E+07  1.9886E+06 -8.7511E+05
0001063   7.5178E+07 -1.2492E+06  6.4401E+05
0001064   7.4602E+07  1.8945E+06 -3.6587E+06
0001065   7.1377E+07  2.0191E+06  1.1055E+06
0001066   7.4466E+07  4.5289E+05  6.1764E+05
0001067   7.3332E+07  2.3797E+06  1.2745E+06
0001068   7.5885E+07 -6.0005E+05  7.6979E+05
0001069   7.6265E+07  1.4929E+06 -6.7549E+05
0001070   7.5760E+07  1.6000E+06 -4.0137E+05
0001071   7.3073E+07  7.3014E+05 -6.9739E+05
0001072   7.5584E+07  1.3806E+06 -1.3250E+06
0001073   7.5963E+07  3.6479E+05  1.6292E+06
0001074   7.3201E+07 -7.2614E+05  1.2823E+06
0001075   7.6223E+07  2.4093E+05  8.7263E+04
0001076   7.6759E+07  1.1342E+06 -2.1158E+06
0001077   7.3304E+07  1.4883E+06  1.6315E+06
0001078   7.7789E+07  3.3253E+05 -1.5286E+06
0001079   7.5387E+07 -1.5265E+06 -8.7272E+05
0001080   7.5238E+07 -1.0529E+06 -8.0615E+05
0001081   7.6916E+07 -7.2446E+05  3.5833E+05
0001082   7.6059E+07 -1.0880E+06  2.6538E+04
0001083   7.5905E+07  5.3655E+04 -9.2957E+05
0001084   7.4792E+07 -9.3842E+05  4.5229E+05
0001085   7.1781E+07  8.8796E+05 -3.1512E+05
0001086   7.5414E+07 -1.8627E+05 -1.4281E+06
0001087   7.3089E+07 -1.6871E+06  5.3218E+05
0001088   7.3804E+07 -1.0585E+06  1.1172E+06
0001089   7.5657E+07 -7.2807E+04 -3.0486E+06
0001090   7.4020E+07  3.0605E+06  2.1557E+06
0001091   7.6230E+07  4.1388E+05  1.3365E+06
0001092   7.4576E+07  9.5483E+04 -3.3495E+06
0001093   7.6085E+07  1.3556E+06  1.2936E+06
0001094   7.6528E+07  3.2351E+06 -4.2571E+05
0001095   7.6076E+07  1.1625E+06  2.0740E+06
0001096   7.6027E+07  5.8214E+05 -4.3476E+06
0001097   7.6904E+07  1.4145E+06  6.8848E+04
0001098   7.4360E+07 -1.9856E+06 -1.4860E+06
0001099   7.5892E+07 -1.2908E+06  2.1226E+05
0001100   7.6126E+07  1.7727E+06  7.1594E+05
0001101   7.3407E+07  3.7756E+05 -4.4104E+06
0001102   7.4483E+07  1.7387E+06 -1.2210E+06
0001103   7.6217E+07  9.0824E+04  1.5022E+06
0001104   7.5678E+07  3.3413E+06  2.6016E+06
0001105   7.4203E+07 -1.9153E+06 -5.3606E+05
0001106   7.4551E+07  7.0336E+03  3.1559E+05
0001107   7.4190E+07  4.3209E+05  8.6172E+05
0001108   7.5049E+07  3.0198E+06  1.7978E+05
0001109   7.5096E+07 -7.2224E+05 -1.3540E+06
0001110   7.5569E+07 -4.0465E+06  2.4713E+04
0001111   7.4053E+07  7.4128E+05 -4.1443E+05
0001112   7.3878E+07 -4.2464E+06  2.1270E+06
0001113   7.3690E+07  4.7770E+05  1.9875E+06
0001114   7.4686E+07  2.9559E+06  2.3733E+06
0001115   7.4467E+07  3.0071E+06 -1.0224E+06
0001116   7.4806E+07 -8.0192E+05  2.1301E+06
0001117   7.3920E+07  1.4482E+06 -6.7357E+05
0001118   7.5150E+07  8.1158E+05 -1.8752E+06
0001119   7.6150E+07  2.2031E+06  1.2760E+06
0001120   7.6064E+07  1.6829E+06  1.7241E+06
0001121   7.2891E+07  3.5887E+06 -4.5597E+05
0001122   7.5230E+07  5.9061E+06  5.5495E+06
0001123   7.3106E+07  7.2882E+05  4.9982E+06
0001124   7.3896E+07  1.6319E+06 -6.5945E+04
0001125   7.6324E+07  4.7542E+05 -1.6463E+06
0001126   7.7089E+07  7.5370E+05  1.1638E+06
0001127   7.5007E+07  1.7810E+06  2.0250E+06
0001128   7.4312E+07 -3.0997E+05 -1.1888E+06
0001129   7.6563E+07 -2.2530E+05  8.9679E+05
0001130   7.6041E+07 -1.9326E+06 -2.9824E+05
0001131   7.3242E+07  2.7309E+05  8.7488E+05
0001132   7.6093E+07  1.2920E+06  4.1676E+05
0001133   7.4342E+07  7.1919E+05  4.9663E+05
0001134   7.6338E+07  8.3323E+05  1.4749E+06
0001135   7.5411E+07  5.6431E+05  1.5950E+06
0001136   7.4656E+07 -2.2783E+06  3.1839E+06
0001137   7.4597E+07  2.5932E+06 -2.0489E+06
0001138   7.3127E+07  2.5013E+06  6.6464E+05
0001139   7.4094E+07  6.0626E+04 -2.7414E+06
0001140   7.7037E+07  1.5669E+06  4.9459E+05
0001141   7.4214E+07 -1.3255E+06  4.5443E+05
0001142   7.6726E+07  8.8429E+05  2.8708E+06
0001143   7.3772E+07 -2.4352E+06  1.3490E+06
0001144   7.5597E+07  2.9781E+06 -1.8043E+06
0001145   7.5527E+07  7.0744E+06  7.8078E+04
0001146   7.6277E+07 -5.8824E+05  1.8418E+06
0001147   7.2953E+07 -7.5481E+05  1.4976E+06
0001148   7.6479E+07 -2.2153E+06  2.0693E+06
0001149   7.5499E+07  2.6488E+06  7.0847E+05
0001150   7.3309E+07  1.3317E+06 -5.4171E+05
0001151   7.4005E+07  5.8826E+05  6.1951E+05
0001152   7.7096E+07 -3.0210E+06  1.1056E+06
0001153   7.5381E+07 -9.3700E+05 -1.9356E+06
0001154   7.4047E+07 -8.3282E+05  1.8307E+06
0001155   7.6203E+07 -1.9439E+06  2.9870E+05
0001156   7.5779E+07  1.9315E+06  1.3545E+06
0001157   7.7080E+07  9.9985E+05  1.6428E+06
0001158   7.5087E+07  7.5425E+05 -9.5122E+05
0001159   7.5177E+07  2.0942E+06  8.1174E+05
0001160   7.4557E+07  2.3809E+05 -1.2100E+06
0001161   7.3550E+07  1.3886E+06  1.9321E+06
0001162   7.5331E+07 -2.3056E+06  2.2515E+06
0001163   7.6619E+07  1.9686E+05  2.1285E+04
0001164   7.3326E+07  1.5832E+05  6.7460E+04
0001165   7.5199E+07  4.1820E+04 -1.1432E+06
0001166   7.6238E+07 -3.6385E+06 -2.1007E+06
0001167   7.4816E+07  3.8473E+06  1.1262E+06
0001168   7.5014E+07  7.5108E+05  1.0220E+06
0001169   7.5603E+07 -4.1478E+05  1.7271E+05
0001170   7.6959E+07 -4.0689E+05  2.2092E+06
0001171   7.4472E+07  1.7319E+06 -1.4395E+06
0001172   7.4379E+07 -6.8553E+04 -1.3065E+06
0001173   7.4520E+07  2.5763E+06  1.0800E+06
0001174   7.5355E+07  1.0851E+06  8.2343E+05
0001175   7.5787E+07  7.3066E+05 -1.5853E+06
0001176   7.7146E+07 -2.1203E+06 -3.9137E+05
0001177   7.4072E+07  1.0572E+06  1.9088E+06
0001178   7.7791E+07 -1.7069E+06  1.5112E+05
0001179   7.9077E+07  1.5447E+06 -1.3017E+06
0001180   7.7169E+07  2.7921E+06  1.6137E+05
0001181   7.6180E+07  1.3283E+06 -3.5947E+06
0001182   7.4362E+07 -1.6548E+06 -1.4593E+06
0001183   7.5253E+07 -8.7051E+05 -1.1331E+06
0001184   7.6851E+07 -1.3294E+06 -1.2374E+06
0001185   7.3403E+07  6.2578E+05  6.9354E+05
0001186   7.4363E+07 -6.4630E+05 -1.0401E+06
0001187   7.4054E+07  2.6281E+06  2.3021E+06
0001188   7.4619E+07  3.1108E+05 -1.8318E+06
0001189   7.4834E+07 -2.3948E+06  3.0581E+06
0001190   7.4647E+07 -3.1257E+06 -2.4053E+05
0001191   7.4469E+07  4.3478E+05  2.6954E+06
0001192   7.6874E+07  2.1994E+05 -2.7221E+06
0001193   7.4589E+07  3.1723E+05 -1.7742E+05
0001194   7.4854E+07  8.9200E+05  2.9952E+06
0001195   7.0041E+07  4.5921E+06 -4.6122E+06
0001196   7.6877E+07 -4.4639E+05  2.0877E+06
0001197   7.3854E+07 -4.4602E+05  3.1102E+06
0001198   7.3476E+07 -2.7852E+06 -2.2427E+06
0001199   7.5403E+07 -1.0355E+06 -1.1849E+06
0001200   7.4719E+07 -1.5187E+06  2.2359E+06
0001201   7.6523E+07  3.1024E+06  1.3785E+06
0001202   7.4739E+07  1.1574E+06 -1.4032E+06
0001203   7.3086E+07  9.2536E+05  1.0115E+07
0001204   7.4720E+07 -1.8223E+06 -1.1876E+06
0001205   7.3286E+07 -4.9903E+06 -2.2521E+06
0001206   7.3740E+07  1.3938E+06  5.7190E+05
0001207   7.6885E+07 -2.0610E+06 -1.8784E+06
0001208   6.7725E+07 -1.5747E+07  7.7841E+06
0001209   7.4403E+07  1.7919E+06  9.3410E+05
0001210   7.4579E+07 -1.2829E+05 -9.2538E+05
0001211   7.7695E+07  1.4440E+06 -1.7329E+06
0001212   7.5164E+07  2.5257E+06  1.0788E+03
0001213   7.5203E+07  2.0811E+06 -1.6561E+05
0001214   7.9388E+07 -1.4499E+06  1.1549E+06
0001215   7.4426E+07 -3.1456E+06 -4.7287E+06
0001216   7.5523E+07 -2.0743E+05 -2.8067E+05
0001217   7.5214E+07 -9.7419E+05 -1.2950E+06
0001218   7.5619E+07 -9.2415E+05 -2.1430E+05
0001219   7.6656E+07 -1.0338E+06 -3.3834E+06
0001220   7.2644E+07 -2.7396E+06 -1.4614E+06
0001221   7.5463E+07  2.0293E+06  1.1125E+06
0001222   7.5512E+07 -1.4260E+05 -6.5503E+05
0001223   7.5094E+07  5.7081E+05 -2.6672E+05
0001224   7.6566E+07 -9.2031E+05 -1.2477E+06
0001225   7.6436E+07  6.0108E+05 -7.9333E+05
0001226   7.7145E+07  2.2678E+05 -2.3125E+06
0001227   7.4954E+07 -6.1936E+05  4.6317E+06
0001228   7.4294E+07 -1.6657E+04  1.8089E+06
0001229   7.5830E+07  1.3841E+05  3.9177E+05
0001230   7.4250E+07  9.7858E+05 -2.2335E+06
0001231   7.7406E+07 -2.6099E+06  1.1933E+05
0001232   7.5221E+07 -2.3770E+06 -6.4998E+04
0001233   7.6528E+07  6.4905E+05 -2.7462E+06
0001234   7.3645E+07  5.7012E+05  1.0968E+06
0001235   7.4821E+07  8.6661E+05 -1.7890E+06
0001236   7.5892E+07 -6.9585E+06  5.1554E+05
0001237   7.4910E+07 -2.7328E+05  2.1379E+06
0001238   7.5343E+07 -7.8948E+05 -6.3979E+05
0001239   7.5379E+07  1.1656E+06 -9.8333E+05
0001240   7.1495E+07 -1.9870E+05  1.2728E+06
0001241   7.5663E+07 -9.1764E+04 -3.7248E+05
0001242   7.6451E+07  3.7644E+05 -3.1422E+06
0001243   7.5029E+07 -1.7241E+06 -1.7285E+06
0001244   7.3966E+07 -1.0420E+06  7.3043E+04
0001245   7.2657E+07 -1.3963E+06 -6.3333E+05
0001246   7.4210E+07  1.3670E+06  6.7952E+05
0001247   7.5961E+07 -1.9240E+06  3.3903E+05
0001248   7.4316E+07  6.4759E+04  1.0791E+06
0001249   7.5902E+07 -1.5938E+06 -2.8301E+06
0001250   7.7110E+07  8.1204E+05  1.5758E+06
0001251   7.4534E+07 -5.2409E+05  3.1551E+05
0001252   7.5286E+07 -1.7031E+06  1.1298E+05
0001253   7.5810E+07  2.1767E+05 -3.5084E+06
0001254   7.6892E+07  2.8310E+05 -1.5375E+05
0001255   7.8143E+07 -1.8645E+06 -1.5659E+06
0001256   7.5561E+07  1.2946E+05 -2.3320E+06
0001257   7.7992E+07 -1.1339E+05  9.2323E+05
0001258   7.6528E+07  1.9617E+05  6.1986E+03
0001259   7.1217E+07  5.7598E+05 -2.6211E+06
0001260   7.4509E+07 -1.8580E+05  1.1302E+06
0001261   7.4068E+07 -3.3477E+06  6.0895E+05
0001262   7.4809E+07  2.6736E+06  5.8051E+05
0001263   7.4932E+07  1.7233E+06  3.4896E+05
0001264   7.3085E+07  1.1299E+06  2.9021E+06
0001265   7.7062E+07  3.8686E+03 -5.0987E+05
0001266   7.4031E+07  5.9653E+05 -1.3314E+05
0001267   7.4780E+07 -5.4386E+05  1.4673E+06
0001268   7.4176E+07  1.5069E+06  1.5883E+06
0001269   7.4306E+07  2.3392E+06 -2.8432E+06
0001270   7.4614E+07  5.1448E+06  4.1149E+06
0001271   7.1875E+07  2.4286E+06  8.2531E+05
0001272   7.6527E+07  1.0872E+06 -8.6520E+05
0001273   7.6280E+07 -2.8521E+04 -1.7499E+06
0001274   7.6338E+07 -2.5220E+06 -7.4894E+05
0001275   7.2731E+07  1.8137E+06  9.8870E+05
0001276   7.5589E+07 -5.1967E+04  8.8706E+05
0001277   7.4318E+07  2.3146E+06 -2.0779E+06
0001278   7.5205E+07  8.4229E+05 -2.4232E+06
0001279   7.4802E+07 -2.1967E+06  8.8660E+05
0001280   7.3359E+07  7.9880E+05 -3.5813E+05
0001281   7.2831E+07  2.0724E+06 -5.4863E+05
0001282   7.3922E+07 -4.1164E+06 -2.1719E+06
0001283   7.3852E+07  8.4398E+05  2.3260E+06
0001284   7.4592E+07  8.2552E+04 -1.8609E+04
0001285   7.7352E+07  2.1620E+06  5.8306E+05
0001286   7.5825E+07 -9.0008E+05 -1.5418E+06
0001287   7.4182E+07  2.0470E+06 -1.4674E+06
0001288   7.5765E+07  9.3194E+05  2.6166E+06
0001289   7.4317E+07  1.1888E+06 -3.0572E+06
0001290   7.4271E+07  7.3767E+05 -8.5715E+05
0001291   7.4856E+07 -5.4615E+05  1.5782E+06
0001292   7.6354E+07 -1.0978E+06  1.7098E+06
0001293   7.4967E+07  3.2033E+03  2.4102E+06
0001294   7.3040E+07 -1.1822E+06  1.2298E+06
0001295   7.4270E+07 -3.8317E+06  5.5436E+03
0001296   7.3890E+07  8.9099E+05 -1.9225E+06
0001297   7.5374E+07 -3.9250E+06 -5.3267E+05
0001298   7.6214E+07 -2.4883E+06 -5.5954E+05
0001299   7.4710E+07 -2.0802E+06 -2.5747E+06
0001300   7.7201E+07  1.2102E+06 -7.9079E+05
0001301   7.4094E+07 -7.2172E+05  1.0527E+06
0001302   7.3450E+07 -7.6290E+05 -8.9378E+05
0001303   7.5290E+07 -2.0782E+06  2.6382E+06
0001304   7.5402E+07 -1.5845E+06 -5.8428E+05
0001305   7.6878E+07  4.3780E+05  3.4290E+06
0001306   7.4680E+07  9.4168E+05  1.0483E+05
0001307   7.4157E+07 -1.1410E+06  3.3877E+06
0001308   7.5241E+07 -2.4300E+06 -9.8586E+05
0001309   7.4605E+07  2.7008E+06  2.4366E+05
0001310   7.4944E+07  1.8365E+06  1.5517E+06
0001311   7.6186E+07 -8.0818E+05 -2.3472E+06
0001312   7.6213E+07 -8.9524E+05  1.4568E+06
0001313   7.2107E+07 -8.6523E+05 -2.7731E+06
0001314   7.5162E+07  7.1382E+05 -1.7840E+06
0001315   7.4674E+07  1.7144E+05  3.3493E+05
0001316   7.3588E+07 -3.7994E+05  6.6959E+05
0001317   7.5594E+07 -1.2528E+06  1.4093E+06
0001318   7.4261E+07 -4.6912E+06 -1.5732E+05
0001319   7.6281E+07  5.2545E+05  1.4374E+06
0001320   7.7026E+07  3.3513E+06  3.1258E+06
0001321   7.4871E+07 -1.7362E+06  1.2944E+06
0001322   7.2639E+07  2.4660E+06  2.6700E+06
0001323   7.5294E+07 -2.4345E+06 -1.5542E+05
0001324   7.5313E+07 -1.3700E+06  9.4494E+05
0001325   7.5622E+07  3.5317E+05  1.4888E+06
0001326   7.3530E+07 -3.7085E+06 -7.7996E+04
0001327   7.6822E+07  5.2215E+05  4.9615E+05
0001328   7.2799E+07 -1.1992E+06  8.5615E+05
0001329   7.4784E+07 -7.1757E+05 -4.4482E+06
0001330   7.4688E+07  4.9345E+05 -4.7379E+05
0001331   7.4180E+07  4.8203E+05  5.7869E+05
0001332   7.6392E+07  1.2077E+06  3.5204E+06
0001333   7.5369E+07 -8.4904E+05  3.4349E+06
0001334   7.7087E+07  1.8425E+06  1.3144E+06
0001335   7.6975E+07  6.3964E+05  1.1956E+04
0001336   7.4087E+07  5.2340E+06  2.4922E+06
0001337   7.4801E+07 -1.7213E+06 -7.3335E+04
0001338   7.6342E+07  5.7964E+05  1.3171E+06
0001339   7.6050E+07 -4.1187E+06  2.8200E+06
0001340   7.3941E+07 -4.1450E+05  7.6263E+05
0001341   7.8046E+07  8.0083E+05  6.6773E+05
0001342   7.5127E+07  1.1660E+06  5.7300E+05
0001343   7.3234E+07 -9.3676E+05  5.0046E+05
0001344   7.4200E+07 -6.0462E+05 -3.0432E+05
0001345   7.4626E+07 -4.2112E+05 -1.2459E+06
0001346   7.7011E+07 -2.5981E+06 -3.6350E+06
0001347   7.6691E+07 -1.7165E+06  1.8417E+06
0001348   7.4479E+07  6.4981E+04  2.5073E+06
0001349   7.4645E+07  8.1135E+06  2.0759E+06
0001350   7.4051E+07  4.2868E+05 -2.9274E+04
0001351   7.7788E+07  5.8625E+05 -1.3139E+06
0001352   7.6262E+07  2.5008E+06  1.2809E+06
0001353   7.6556E+07  3.3914E+05 -7.9422E+05
0001354   7.5213E+07  2.7213E+06 -1.0890E+06
0001355   7.5443E+07  2.1016E+06  1.8130E+06
0001356   7.8226E+07  9.7224E+05  8.5788E+05
0001357   7.5099E+07  3.2332E+06 -1.4795E+05
0001358   7.4788E+07 -1.1038E+06  2.6052E+06
0001359   7.4931E+07  5.5984E+05  1.6351E+06
0001360   7.3872E+07  1.8331E+06  8.0424E+05
0001361   7.4233E+07 -6.2197E+05  3.1710E+06
0001362   7.5301E+07  1.6835E+06  3.7796E+03
0001363   7.6405E+07  5.9930E+04  2.6216E+06
0001364   7.5386E+07 -1.6209E+06 -3.0104E+05
0001365   7.4085E+07  1.2779E+06  2.5621E+05
0001366   7.5363E+07 -7.9966E+05  6.1515E+03
0001367   7.2274E+07 -1.4458E+06  1.3972E+05
0001368   7.5332E+07 -2.0970E+05  4.6628E+05
0001369   7.1178E+07  3.8688E+05 -7.4451E+05
0001370   7.3858E+07 -8.4098E+05  4.7528E+05
0001371   7.3304E+07 -9.7608E+05  1.4676E+06
0001372   7.5763E+07  5.0561E+05  2.1342E+06
0001373   7.5521E+07  1.8498E+06  2.4888E+06
0001374   7.4554E+07 -1.0698E+06  2.3722E+06
0001375   7.5228E+07  3.3362E+05  3.6974E+06
0001376   7.5019E+07  2.2160E+06  3.5325E+06
0001377   7.3475E+07  1.9109E+06  8.8071E+04
0001378   7.3752E+07  2.8132E+06 -3.7044E+06
0001379   7.7468E+07 -2.8173E+06 -2.0027E+06
0001380   7.4367E+07  1.6158E+06 -2.2749E+06
0001381   7.5987E+07 -1.0343E+06 -2.9974E+06
0001382   7.2986E+07 -8.2358E+05  2.0146E+06
0001383   7.5129E+07 -2.0907E+06 -1.4153E+06
0001384   7.6038E+07 -9.9447E+05 -1.6680E+05
0001385   7.5085E+07 -2.2812E+06  1.0108E+05
0001386   7.5373E+07 -7.6712E+05 -1.5914E+06
0001387   7.4249E+07 -2.6398E+06 -2.1214E+06
0001388   7.5352E+07  9.3650E+05  2.7140E+06
0001389   7.4549E+07 -2.3195E+06 -3.5608E+06
0001390   7.4042E+07  2.6376E+06 -1.4501E+06
0001391   7.5350E+07 -3.4861E+05  1.4193E+06
0001392   7.5480E+07  1.1161E+06  3.1548E+05
0001393   7.4774E+07  1.2466E+06  1.6536E+06
0001394   7.4118E+07 -1.6969E+06 -1.3661E+06
0001395   7.4467E+07 -3.4646E+05  2.2029E+05
0001396   7.3777E+07  7.5076E+05  2.5270E+06
0001397   7.8562E+07  1.0410E+05  1.2836E+06
0001398   7.4855E+07  1.2644E+06  4.3297E+05
0001399   7.2475E+07  1.4305E+06  5.6395E+05
0001400   7.7736E+07  6.0670E+05 -2.9446E+05
0001401   7.4570E+07  5.4149E+05 -7.4500E+05
0001402   7.6031E+07  2.4829E+06 -1.6096E+06
0001403   7.3856E+07 -5.9186E+05  2.6215E+06
0001404   7.6165E+07 -3.8314E+06  1.8399E+06
0001405   7.6514E+07  2.4588E+04  1.6163E+06
0001406   7.5476E+07 -1.5645E+06  8.6895E+05
0001407   7.5500E+07 -1.1133E+06  1.1144E+06
0001408   7.5599E+07 -2.7599E+05 -2.4665E+06
0001409   7.6029E+07 -5.0171E+05  2.7405E+06
0001410   7.4525E+07 -2.9378E+05 -9.9156E+05
0001411   7.3546E+07 -4.7956E+05 -5.4652E+05
0001412   7.6801E+07  1.4486E+06  2.4250E+06
0001413   7.6846E+07  6.9733E+05 -1.0486E+06
0001414   7.4567E+07  7.6143E+05  9.3017E+05
0001415   7.4423E+07  2.6172E+05  4.4231E+05
0001416   7.5177E+07  2.5362E+05  1.0158E+06
0001417   7.2682E+07 -8.8726E+05 -7.1750E+05
0001418   7.4629E+07  2.5707E+04  1.8183E+06
0001419   7.3290E+07 -1.6039E+06  4.3152E+05
0001420   7.8176E+07  1.6075E+06  1.5908E+06
0001421   7.2994E+07 -4.5687E+06  3.1788E+06
0001422   7.5449E+07 -2.1011E+06 -1.3162E+05
0001423   7.4906E+07  2.0615E+06  1.6363E+06
0001424   7.4031E+07 -1.6072E+06  1.5083E+06
0001425   7.5280E+07 -1.6392E+06  3.9032E+05
0001426   7.4517E+07  9.4015E+05 -1.1276E+06
0001427   7.5446E+07  5.7467E+05 -3.6581E+05
0001428   7.2728E+07 -2.0692E+06  8.5024E+05
0001429   7.4959E+07 -1.4827E+06  4.1319E+06
0001430   7.5716E+07 -8.3217E+05 -3.6219E+06
0001431   7.4970E+07 -8.9109E+05  3.8518E+06
0001432   7.2968E+07 -1.5904E+06  2.4411E+06
0001433   7.6297E+07 -1.3995E+06 -2.9506E+06
0001434   7.5444E+07  2.9934E+06  3.0966E+05
0001435   7.4452E+07 -3.4663E+06 -5.0291E+05
0001436   7.5014E+07  1.4196E+06 -2.0564E+06
0001437   7.4046E+07 -2.4069E+05  1.2529E+06
0001438   7.1206E+07  7.5070E+05  1.1616E+06
0001439   7.2664E+07 -3.8127E+05 -1.3430E+06
0001440   7.3973E+07  1.0464E+06 -4.6713E+06
0001441   7.3438E+07  1.6980E+05 -4.9728E+05
0001442   7.3493E+07  6.6706E+06 -2.0248E+06
0001443   7.7672E+07  9.5685E+05  1.4256E+06
0001444   7.3190E+07  3.3060E+06  1.8907E+06
0001445   7.4896E+07  1.1120E+06 -7.8747E+05
0001446   7.2559E+07  1.5191E+04  6.9742E+05
0001447   7.6050E+07 -1.3459E+06  1.0507E+06
0001448   7.3690E+07  3.5471E+06 -1.7215E+06
0001449   7.4642E+07  5.0848E+04 -3.4980E+04
0001450   7.3759E+07 -1.4122E+06  2.1970E+06
0001451   7.3810E+07 -4.1816E+05 -3.3409E+05
0001452   7.4713E+07  9.9091E+05 -5.1248E+06
0001453   7.8274E+07  1.5339E+06  1.9952E+06
0001454   7.4432E+07  1.1899E+06  2.1250E+06
0001455   7.5045E+07 -3.1239E+06  9.4259E+05
0001456   7.3122E+07 -3.7034E+05 -4.3548E+05
0001457   7.5887E+07 -7.1523E+05 -2.2037E+06
0001458   7.4895E+07  8.3018E+05  1.6601E+06
0001459   7.2451E+07  1.8593E+06 -2.2216E+05
0001460   7.6179E+07 -8.1375E+05 -2.0036E+06
0001461   7.7000E+07 -1.1429E+06 -1.3447E+06
0001462   7.5959E+07  2.4079E+06  1.7260E+05
0001463   7.3940E+07 -1.0623E+06 -2.4001E+06
0001464   7.4088E+07 -7.0480E+05 -8.3885E+05
0001465   7.3393E+07  2.9653E+05  4.1057E+05
0001466   7.5581E+07  9.3495E+05 -1.6265E+06
0001467   7.4275E+07  4.2337E+04  1.0578E+06
0001468   7.5534E+07  5.8765E+05 -1.7145E+06
0001469   7.5129E+07 -9.2819E+05 -5.5626E+05
0001470   7.4603E+07 -1.7132E+06  2.3614E+06
0001471   7.5282E+07  1.7174E+05  1.1137E+06
0001472   7.4070E+07  6.1337E+05  2.2545E+06
0001473   7.2815E+07 -3.9856E+06 -2.9055E+06
0001474   7.6208E+07 -1.0005E+06  6.2638E+05
0001475   7.5820E+07  9.9470E+05  2.4586E+06
0001476   7.2714E+07 -1.1265E+06 -4.7523E+04
0001477   7.4452E+07 -1.3476E+06  1.6791E+06
0001478   7.5612E+07  4.1400E+05  1.5171E+06
0001479   7.2703E+07  1.3135E+06  3.7483E+05
0001480   7.4149E+07 -3.8703E+05  8.7020E+05
0001481   7.4781E+07  1.7911E+06  8.1545E+05
0001482   7.3933E+07  2.7541E+06  2.3220E+06
0001483   7.3983E+07  9.9341E+05 -4.1779E+05
0001484   7.6452E+07 -2.9039E+06  1.7975E+06
0001485   7.4876E+07 -3.2485E+06 -1.1732E+05
0001486   7.3929E+07 -1.0737E+06 -6.8232E+05
0001487   7.5575E+07 -4.5656E+04  5.3760E+05
0001488   7.4604E+07 -2.8007E+06 -2.0938E+06
0001489   7.8574E+07  7.8498E+05  2.7823E+05
0001490   7.6250E+07 -1.7360E+06  5.6994E+05
0001491   7.3659E+07  1.5353E+06  3.0639E+05
0001492   7.3343E+07 -6.8651E+05 -2.1598E+06
0001493   7.5044E+07 -3.9534E+06  7.7259E+05
0001494   7.5844E+07  2.2270E+06  1.5747E+06
0001495   7.4114E+07  8.6013E+05 -2.1517E+06
0001496   7.6919E+07 -1.2959E+06  2.2461E+06
0001497   7.5041E+07 -1.3878E+06 -1.3424E+06
0001498   7.3866E+07  1.1755E+06 -2.4434E+06
0001499   7.5275E+07 -1.1629E+06  4.4520E+06
0001500   7.5608E+07  5.5471E+05 -2.8976E+05
0001501   7.5659E+07  6.2590E+05  3.5914E+06
0001502   7.6452E+07 -3.4303E+06  1.2844E+06
0001503   7.5548E+07  4.9048E+05 -1.6690E+06
0001504   7.4792E+07 -1.6251E+06  3.0930E+06
0001505   7.3499E+07  1.4894E+06 -1.6221E+06
0001506   7.4558E+07  1.4447E+06  2.2919E+06
0001507   7.4723E+07 -2.9824E+06 -5.4275E+06
0001508   7.4169E+07 -7.6165E+04  8.1473E+05
0001509   7.6056E+07  9.5166E+05 -1.4006E+06
0001510   7.4976E+07  5.5055E+05 -1.5283E+06
0001511   7.3925E+07  1.8128E+05 -1.3890E+06
0001512   7.4450E+07 -5.6268E+05  1.6487E+06
0001513   7.6970E+07 -2.9200E+05  5.3306E+06
0001514   7.3241E+07 -7.1934E+05 -6.1972E+05
0001515   7.6183E+07  4.1185E+04 -6.4738E+05
0001516   7.4671E+07 -1.6723E+06  1.9057E+06
0001517   7.6390E+07  1.0621E+06  3.3807E+05
0001518   7.4962E+07  5.2492E+05 -1.1617E+06
0001519   7.3805E+07  4.1841E+06 -1.0898E+05
0001520   7.7526E+07 -6.0009E+05 -3.0674E+06
0001521   7.4589E+07 -2.4617E+06 -1.1499E+06
0001522   7.4560E+07  2.0397E+05 -4.2545E+04
0001523   7.4046E+07 -1.3323E+06  1.1873E+05
0001524   7.5823E+07  9.1284E+05 -8.1040E+02
0001525   7.5396E+07 -5.9763E+05 -1.6831E+06
0001526   7.4972E+07  5.1086E+05 -6.1561E+05
0001527   7.5369E+07  1.8029E+06 -5.5470E+05
0001528   7.3612E+07 -5.1619E+06  5.2553E+05
0001529   7.3498E+07  9.1180E+05  9.2983E+05
0001530   7.8908E+07 -1.2881E+06 -3.8274E+05
0001531   7.5622E+07 -2.4412E+06 -6.6551E+05
0001532   7.5133E+07  6.2001E+05  4.2119E+05
0001533   7.6579E+07 -2.3451E+06  4.2447E+06
0001534   7.7416E+07 -1.1259E+06  1.3441E+06
0001535   7.3284E+07 -1.5410E+06 -3.6276E+05
0001536   7.6568E+07 -2.7901E+05  4.4592E+05
0001537   7.5778E+07 -4.6732E+05 -8.9973E+05
0001538   7.5062E+07 -1.4044E+06 -7.1622E+05
0001539   7.6098E+07  2.8989E+06  9.2758E+05
0001540   7.4471E+07 -1.6594E+06  1.4512E+06
0001541   7.5078E+07  3.6102E+04 -1.0971E+06
0001542   7.5018E+07  1.4336E+06 -8.7940E+05
0001543   7.4071E+07  5.9684E+05  1.6437E+06
0001544   7.4108E+07  2.4728E+06  1.1809E+06
0001545   7.5556E+07 -1.1050E+06 -3.0126E+06
0001546   7.5865E+07  4.9409E+06  6.8723E+05
0001547   7.5221E+07  1.5795E+05 -7.3208E+04
0001548   7.4898E+07 -3.2688E+05 -1.0318E+06
0001549   7.5484E+07 -9.2408E+05  1.5887E+06
0001550   7.4231E+07  2.2322E+06 -6.6419E+05
0001551   7.5526E+07  8.6910E+05  5.8585E+05
0001552   7.5056E+07  2.0467E+06 -6.9050E+05
0001553   7.6765E+07 -2.6985E+06  1.4970E+06
0001554   7.6376E+07  7.1912E+05 -1.9106E+06
0001555   7.4766E+07 -5.5676E+05 -5.8846E+05
0001556   7.6602E+07 -2.1013E+06 -3.5165E+06
0001557   7.5017E+07 -2.6550E+06  4.4877E+05
0001558   7.4400E+07 -9.6781E+05 -1.9286E+05
0001559   7.7167E+07 -1.2270E+06 -4.4550E+05
0001560   7.3729E+07 -5.4041E+05 -1.0340E+06
0001561   7.3456E+07  1.6907E+06  2.6217E+06
0001562   7.4072E+07  1.9091E+06 -2.2670E+06
0001563   7.6261E+07 -5.5031E+05 -1.0262E+06
0001564   7.6501E+07 -2.0614E+06  7.1260E+05
0001565   7.6480E+07  1.6635E+06  1.5297E+06
0001566   7.3201E+07  1.3053E+06 -2.1320E+05
0001567   7.4922E+07  9.8535E+05 -1.0363E+05
0001568   7.6713E+07 -9.8435E+05  1.2959E+06
0001569   7.5298E+07  2.0864E+05  2.2665E+06
0001570   7.4529E+07 -2.5508E+06 -2.7333E+06
0001571   7.5653E+07  1.0811E+06 -2.7235E+06
0001572   7.5044E+07 -3.3993E+06  4.8479E+05
0001573   7.4017E+07  1.2640E+06  9.6069E+05
0001574   7.2809E+07 -7.1271E+05  9.0642E+05
0001575   7.5071E+07  1.1735E+06  2.3054E+06
0001576   7.6008E+07 -1.2466E+06  3.7132E+04
0001577   7.3235E+07 -9.9270E+05 -1.1446E+06
0001578   7.7808E+07 -4.3710E+05  1.2594E+06
0001579   7.5195E+07 -1.0496E+06  2.3002E+06
0001580   7.5581E+07 -2.1837E+06  1.9163E+06
0001581   7.4949E+07  1.2142E+05 -8.7184E+04
0001582   7.6113E+07  1.5362E+05 -6.7153E+05
0001583   7.5621E+07 -1.3249E+05  3.4088E+06
0001584   7.3842E+07  1.7537E+06  1.5658E+06
0001585   7.4423E+07  4.4732E+04  7.0787E+05
0001586   7.2516E+07 -5.7441E+06  4.1079E+06
0001587   7.5360E+07 -2.2277E+06  8.7830E+05
0001588   7.5193E+07  1.4782E+06  2.2627E+06
0001589   7.5213E+07  1.7037E+06 -1.3180E+06
0001590   7.7443E+07 -4.0177E+05 -2.5409E+06
0001591   7.6153E+07  3.8514E+06 -3.1167E+06
0001592   7.6531E+07  1.9707E+05  2.0596E+06
0001593   7.4754E+07 -9.3049E+05 -4.8704E+05
0001594   7.5951E+07 -1.3435E+04  8.9069E+05
0001595   7.4609E+07  9.4242E+05  1.1910E+06
0001596   7.4583E+07 -3.1926E+06  1.2235E+06
0001597   7.5116E+07 -7.8754E+04  1.7854E+06
0001598   7.3934E+07  2.3790E+06 -5.7462E+05
0001599   7.5170E+07 -1.7616E+06 -2.7953E+06
0001600   7.4558E+07 -2.5942E+06  1.2471E+06
0001601   7.5971E+07  1.1306E+06 -1.0064E+06
0001602   7.6123E+07 -1.1724E+06 -9.4394E+05
0001603   7.1816E+07 -9.0800E+06 -2.8389E+06
0001604   7.4849E+07 -1.8366E+06 -4.7798E+05
0001605   7.3434E+07  1.5679E+06  3.1878E+05
0001606   7.5922E+07  7.6491E+05 -2.5415E+05
0001607   7.6403E+07  2.4705E+06  1.7270E+06
0001608   7.4807E+07  7.2315E+05 -1.0402E+06
0001609   7.4090E+07  1.1094E+06  3.2642E+05
0001610   7.5065E+07  2.6577E+06 -2.8890E+06
0001611   7.4318E+07 -1.6894E+06 -7.7248E+04
0001612   7.6269E+07  4.9624E+05  3.9698E+05
0001613   7.4277E+07 -9.8974E+03 -3.2242E+04
0001614   7.6787E+07  1.2866E+06  2.7712E+06
0001615   7.5193E+07  1.2114E+05  1.2882E+06
0001616   7.4501E+07 -1.2088E+05 -3.0893E+05
0001617   7.5519E+07 -2.1599E+06 -2.1412E+05
0001618   7.5093E+07  9.7505E+05  9.9222E+04
0001619   7.5411E+07 -1.0316E+06 -5.3646E+05
0001620   7.5077E+07  2.0207E+06  1.7298E+06
0001621   7.4719E+07 -7.6563E+05  3.5443E+05
0001622   7.3531E+07  7.9730E+05 -2.6612E+06
0001623   7.5431E+07  6.6512E+05 -3.5438E+05
0001624   7.5541E+07  2.2489E+06 -1.8467E+06
0001625   7.4999E+07 -2.4911E+06 -3.1702E+06
0001626   7.4789E+07 -1.2126E+06 -3.2061E+06
0001627   7.4794E+07 -2.7417E+06  1.6582E+06
0001628   7.6798E+07 -1.1453E+06 -9.3004E+05
0001629   7.4549E+07  5.4628E+05 -1.3290E+05
0001630   7.5370E+07  8.8968E+06 -1.2477E+06
0001631   7.5933E+07  3.5923E+06 -8.5156E+05
0001632   7.5000E+07 -3.6747E+05  1.8331E+06
0001633   7.2879E+07  5.9121E+05  2.5269E+05
0001634   7.4723E+07 -9.6243E+05 -1.7820E+06
0001635   7.8074E+07  2.4958E+06 -4.2919E+05
0001636   7.2998E+07  2.5328E+05 -5.6006E+05
0001637   7.6205E+07 -1.2521E+06  6.2226E+04
0001638   7.5094E+07  8.7156E+05  5.4086E+05
0001639   7.3346E+07 -8.2361E+05  1.3903E+06
0001640   7.4888E+07  6.4099E+05  1.8960E+06
0001641   7.4239E+07 -9.4800E+05  4.9499E+05
0001642   7.6165E+07 -6.8917E+05  3.2889E+06
0001643   7.5915E+07 -1.5804E+05 -2.3807E+06
0001644   7.5033E+07  4.4634E+06 -3.0577E+05
0001645   7.5173E+07 -3.2966E+05 -8.5877E+05
0001646   7.4333E+07 -1.0026E+06  9.1959E+05
0001647   7.2466E+07  4.9457E+05 -2.7434E+06
0001648   7.4665E+07 -1.9325E+06  1.5733E+06
0001649   7.5198E+07  2.9383E+05  1.9829E+06
0001650   7.7162E+07  7.8647E+04  9.8458E+05
0001651   7.4328E+07  2.1939E+06  1.2141E+05
0001652   7.4619E+07  2.9491E+06  1.4215E+06
0001653   7.5631E+07 -5.6129E+05  2.4062E+06
0001654   7.4539E+07 -2.3604E+05  2.4310E+06
0001655   7.4264E+07  3.1874E+06  6.0976E+06
0001656   7.4805E+07 -6.6229E+05 -7.5081E+05
0001657   7.6127E+07  2.0383E+06 -4.5958E+05
0001658   7.8931E+07  3.3017E+06  4.4671E+05
0001659   7.4956E+07  9.2105E+06 -1.3949E+06
0001660   7.7391E+07  1.8183E+06 -3.4980E+05
0001661   7.4671E+07  2.5230E+06 -1.7264E+06
0001662   7.3912E+07  2.2348E+06  5.8724E+05
0001663   7.6749E+07 -6.0982E+05 -7.5355E+05
0001664   7.5302E+07  1.8777E+06  7.1421E+05
0001665   7.5387E+07 -2.4922E+06 -1.3233E+06
0001666   7.3291E+07  2.0479E+06 -1.5254E+04
0001667   7.2656E+07 -1.4457E+06  4.9435E+05
0001668   7.5129E+07 -2.1686E+06 -1.9054E+06
0001669   7.4499E+07  7.9126E+05 -5.5156E+05
0001670   7.7469E+07 -3.4627E+06  1.2662E+05
0001671   7.4613E+07  2.4309E+06  1.5528E+06
0001672   7.5199E+07  4.3301E+05  3.8169E+05
0001673   7.6789E+07 -2.3888E+06 -1.3949E+06
0001674   7.4583E+07  5.8249E+06  4.4633E+06
0001675   7.6918E+07  1.2512E+05  6.6366E+05
0001676   7.5004E+07 -6.7088E+04 -8.4288E+05
0001677   7.4469E+07  5.6844E+06 -3.1328E+06
0001678   7.3055E+07 -1.4127E+06 -1.8483E+06
0001679   7.7661E+07 -2.6153E+06  1.9512E+06
0001680   7.3106E+07 -1.3047E+05  3.2812E+06
0001681   7.5468E+07 -2.3330E+06 -9.3138E+05
0001682   7.7445E+07  5.1129E+05  4.2603E+05
0001683   7.4992E+07  5.6201E+05 -1.1930E+06
0001684   7.4667E+07  8.1333E+05  1.1537E+06
0001685   7.4272E+07 -1.5039E+06 -4.5196E+05
0001686   7.4611E+07  6.1093E+05 -1.4799E+06
0001687   7.7027E+07  9.4215E+05 -2.1806E+06
0001688   7.5574E+07 -1.1086E+06 -6.1052E+05
0001689   7.5025E+07  2.3383E+06 -2.8025E+06
0001690   7.3665E+07  1.1557E+05  2.7403E+05
0001691   7.5127E+07 -2.0710E+06  1.2092E+05
0001692   7.4866E+07 -3.9668E+05  6.0907E+05
0001693   7.4607E+07 -6.9662E+05  7.0456E+05
0001694   7.6775E+07  1.5340E+06  6.7060E+05
0001695   7.4842E+07 -2.7959E+05  7.8778E+05
0001696   7.3293E+07 -2.1796E+06 -7.2836E+05
0001697   7.2222E+07 -2.0340E+06  1.8872E+05
0001698   7.5853E+07  1.6689E+06 -2.5850E+06
0001699   7.3883E+07 -4.2724E+06  1.0221E+06
0001700   7.0740E+07 -5.9185E+06  1.8391E+07
0001701   7.6398E+07 -2.1477E+05  2.1395E+06
0001702   7.6147E+07 -1.7894E+06  4.3949E+06
0001703   7.4320E+07 -5.3610E+06  2.5024E+06
0001704   7.5345E+07 -5.3157E+05 -1.4548E+06
0001705   7.5369E+07 -5.7177E+05 -5.7892E+05
0001706   7.3146E+07  5.2438E+05 -4.5455E+04
0001707   7.7713E+07 -1.4404E+06  1.1982E+06
0001708   7.6720E+07 -4.3134E+05 -1.9631E+06
0001709   7.7517E+07 -1.9971E+06 -1.6959E+06
0001710   7.3649E+07  4.5027E+04 -1.5854E+06
0001711   7.4345E+07  2.5366E+06 -7.9433E+05
0001712   7.5790E+07 -8.2219E+05 -1.1710E+06
0001713   7.5587E+07 -8.1266E+05  5.5069E+05
0001714   7.6634E+07  2.7418E+06 -2.1455E+06
0001715   7.1226E+07  4.3130E+06 -1.3821E+07
0001716   7.5149E+07  1.1858E+06  1.5320E+05
0001717   7.3739E+07  3.6611E+06  2.6887E+06
0001718   7.5554E+07 -2.0613E+05  1.2917E+06
0001719   7.5603E+07  1.9645E+06 -2.2559E+06
0001720   7.5729E+07 -3.1271E+06  1.2044E+06
0001721   7.2860E+07 -1.0787E+06 -1.1994E+05
0001722   7.6908E+07  5.0490E+05  5.5261E+04
0001723   7.5207E+07  1.9169E+06 -6.9471E+05
0001724   7.4282E+07  1.1178E+06  1.1770E+06
0001725   7.8020E+07 -7.5069E+05 -2.1438E+06
0001726   7.3240E+07  6.3119E+05  4.3350E+06
0001727   7.7881E+07 -2.1868E+06 -2.5071E+06
0001728   7.5445E+07 -2.7259E+06  7.2618E+05
0001729   7.6238E+07 -1.9191E+05  3.4193E+04
0001730   7.5922E+07  3.9935E+05  5.2693E+05
0001731   7.8073E+07 -8.4981E+05  1.1330E+06
0001732   7.4991E+07  5.3704E+05  5.2380E+04
0001733   7.6306E+07 -8.2114E+05 -2.1774E+06
0001734   7.2176E+07  1.8992E+05  7.7314E+05
0001735   7.6098E+07  8.3649E+05  8.6323E+05
0001736   7.4012E+07 -2.4190E+05 -2.9263E+05
0001737   7.3955E+07  1.2739E+06 -6.4385E+05
0001738   7.4583E+07  2.5821E+05 -2.3000E+06
0001739   7.7244E+07  5.8579E+06  2.8965E+06
0001740   7.3294E+07 -1.0874E+06 -3.7781E+06
0001741   7.6131E+07  4.9400E+05  1.2146E+06
0001742   7.6332E+07  6.5754E+05 -9.8665E+05
0001743   7.4903E+07  1.9494E+05  9.4140E+05
0001744   7.3787E+07  7.2995E+05 -2.4459E+06
0001745   7.2781E+07 -5.2568E+05 -6.1101E+05
0001746   7.3698E+07 -9.9322E+05 -1.5564E+06
0001747   7.3862E+07 -1.5990E+06  3.4899E+05
0001748   7.5656E+07  2.2062E+06 -5.9612E+05
0001749   7.4373E+07 -2.8060E+05  2.4342E+06
0001750   7.5739E+07 -7.9346E+05 -1.1222E+06
0001751   7.7811E+07 -1.3192E+06  3.9943E+06
0001752   7.6979E+07 -1.5712E+05  3.9787E+05
0001753   7.5487E+07  2.7917E+06 -3.1804E+05
0001754   7.4698E+07  9.6007E+05 -1.6082E+06
0001755   7.4028E+07 -3.2351E+05 -1.7993E+06
0001756   7.5452E+07  1.1168E+06 -1.8467E+06
0001757   7.2493E+07  1.0251E+06 -6.2074E+05
0001758   7.5172E+07  3.4806E+05  3.4095E+05
0001759   7.5480E+07  4.7456E+05 -9.9305E+05
0001760   7.5219E+07  2.3062E+06  3.3440E+06
0001761   7.2970E+07 -6.7519E+05  1.8715E+06
0001762   7.6879E+07 -2.0178E+05 -1.4840E+06
0001763   7.5985E+07 -1.4388E+06  8.8290E+05
0001764   7.7191E+07 -1.9636E+06 -1.0453E+06
0001765   7.4604E+07 -6.2040E+05 -3.9679E+06
0001766   7.5795E+07 -9.1177E+05  3.4148E+06
0001767   7.5645E+07 -2.2494E+06  4.8643E+05
0001768   7.6639E+07  4.0160E+05 -3.3987E+05
0001769   7.3565E+07  1.1968E+06  2.1701E+06
0001770   7.6259E+07  8.4103E+05  1.2430E+06
0001771   7.5581E+07  3.7758E+05 -6.6269E+04
0001772   7.6421E+07  1.2135E+06  1.8305E+06
0001773   7.3979E+07 -1.6048E+06  1.8690E+06
0001774   7.4156E+07  2.7396E+06  3.2326E+06
0001775   7.5224E+07 -5.0373E+05 -2.0775E+05
0001776   7.5141E+07  9.1772E+04 -2.4698E+06
0001777   7.3739E+07 -1.0276E+06  4.0576E+05
0001778   7.3146E+07 -3.6678E+05 -1.8218E+06
0001779   7.4830E+07  5.8633E+05  2.0937E+06
0001780   7.3869E+07  3.0313E+06  1.8276E+06
0001781   7.5075E+07 -2.6397E+06  5.7683E+05
0001782   7.7035E+07  1.3565E+05  2.4103E+06
0001783   7.5847E+07 -4.8208E+05 -3.2062E+05
0001784   7.3375E+07  1.2767E+06  1.5623E+05
0001785   7.3240E+07 -4.0006E+05  5.3222E+05
0001786   7.7143E+07 -1.7696E+06 -1.7158E+06
0001787   7.6843E+07 -1.8889E+06  1.8178E+06
0001788   7.6548E+07  6.0890E+05  2.9008E+05
0001789   7.4800E+07  1.4189E+06  4.2832E+05
0001790   7.5002E+07  4.9154E+05 -2.1550E+05
0001791   7.2968E+07 -4.8997E+05  2.0697E+05
0001792   7.4819E+07  1.5366E+06 -2.7862E+06
0001793   7.2140E+07 -7.7850E+05 -9.6242E+05
0001794   7.3908E+07 -8.7511E+04 -1.7425E+06
0001795   7.3787E+07  2.9423E+06 -7.8997E+05
0001796   7.3735E+07 -6.6738E+05 -1.3817E+06
0001797   7.6451E+07 -7.1290E+04 -2.0542E+06
0001798   7.4907E+07 -1.3406E+05 -1.9492E+06
0001799   7.5117E+07 -7.8882E+04 -1.6281E+06
0001800   7.3596E+07  1.8371E+06 -1.7363E+06
0001801   7.4585E+07  1.1410E+06  1.2956E+06
0001802   7.4635E+07 -4.4160E+05 -2.7495E+06
0001803   7.6472E+07  2.2538E+05 -2.1736E+06
0001804   7.7626E+07 -3.5271E+06 -4.3258E+05
0001805   7.5646E+07 -1.0476E+05 -2.2573E+06
0001806   7.4684E+07 -2.1786E+06  1.9613E+05
0001807   7.3685E+07  9.8101E+05 -1.0902E+06
0001808   7.5683E+07 -7.1518E+06  2.7862E+06
0001809   7.3744E+07  7.3333E+05 -9.4200E+05
0001810   7.2695E+07  1.6006E+06  1.1226E+06
0001811   7.5058E+07  1.2140E+06 -1.0455E+06
0001812   7.6343E+07  3.3863E+06  3.7533E+06
0001813   7.3795E+07 -1.8343E+06  5.9106E+06
0001814   7.1421E+07  1.8922E+06 -2.8029E+05
0001815   7.6516E+07  1.3436E+06 -2.6190E+05
0001816   7.3655E+07  5.2847E+05 -1.9064E+06
0001817   7.6322E+07  1.8506E+06 -7.2974E+05
0001818   7.3191E+07 -1.1617E+06  4.6556E+06
0001819   7.3885E+07 -7.7300E+05  6.2400E+05
0001820   7.6138E+07 -1.3599E+06  1.0516E+06
0001821   7.4135E+07 -1.8110E+06  8.1364E+05
0001822   7.5286E+07  2.7556E+06 -2.3678E+06
0001823   7.7409E+07  2.9081E+06  2.0655E+06
0001824   7.5318E+07  3.1171E+06  1.9456E+06
0001825   7.5193E+07 -1.4291E+06  2.2887E+06
0001826   7.2537E+07 -1.3579E+06  9.4194E+04
0001827   7.3584E+07  3.9021E+06 -5.4885E+05
0001828   7.5314E+07  2.0666E+06  1.0790E+06
0001829   7.3831E+07 -1.2491E+06 -2.1556E+06
0001830   7.3050E+07 -6.6705E+05  1.0457E+06
0001831   7.7535E+07 -7.9167E+05  9.5891E+05
0001832   7.4986E+07 -1.8807E+06 -7.9849E+05
0001833   7.4280E+07 -2.1343E+05 -1.7530E+06
0001834   7.7042E+07 -1.2387E+06  2.9049E+06
0001835   7.4622E+07  3.0354E+06  5.6539E+05
0001836   7.6309E+07 -1.0109E+06 -1.6316E+06
0001837   7.5659E+07  1.1853E+06 -5.8893E+05
0001838   7.7287E+07 -4.0438E+06  1.1877E+06
0001839   7.6959E+07 -2.5855E+06  1.6078E+05
0001840   7.3947E+07 -3.4820E+05  5.8085E+04
0001841   7.5100E+07 -1.5191E+05  9.4363E+05
0001842   7.5315E+07  1.7017E+06 -1.1097E+06
0001843   7.5986E+07 -6.0181E+03  2.2351E+05
0001844   7.5382E+07 -7.5964E+05 -1.1158E+06
0001845   7.4973E+07 -1.1988E+06  1.2468E+06
0001846   7.3923E+07  1.2058E+06  2.3425E+06
0001847   7.5782E+07  2.6569E+06 -2.0108E+06
0001848   7.5905E+07 -2.3579E+06 -1.5275E+05
0001849   7.3968E+07  2.3289E+06 -3.4606E+05
0001850   7.5458E+07 -4.1974E+06  1.1492E+06
0001851   7.4858E+07  1.9618E+06 -2.2863E+06
0001852   7.5680E+07 -1.6928E+05  2.2785E+06
0001853   7.2757E+07  1.1130E+06 -6.5793E+05
0001854   7.4281E+07 -1.3382E+06 -4.3126E+05
0001855   7.5720E+07 -6.3997E+05  9.5300E+05
0001856   7.5137E+07  2.9597E+06 -2.8247E+05
0001857   7.5288E+07  8.0641E+05 -2.1814E+06
0001858   7.2025E+07 -5.5052E+06  3.8477E+06
0001859   7.4921E+07 -1.6445E+06 -9.6344E+05
0001860   7.5183E+07 -1.6160E+05 -2.7936E+05
0001861   7.3018E+07  1.3688E+06 -1.7598E+06
0001862   7.6056E+07 -1.2253E+06 -1.0074E+06
0001863   7.3756E+07  5.5267E+05 -1.0382E+06
0001864   7.4963E+07 -2.7266E+04 -3.4007E+06
0001865   7.5723E+07 -1.1205E+06  1.5640E+06
0001866   7.4192E+07  6.4129E+05 -7.4538E+05
0001867   7.3634E+07  1.2380E+06 -3.1272E+05
0001868   7.6968E+07  2.3506E+04 -3.1374E+05
0001869   7.4185E+07 -1.1800E+06  4.0910E+05
0001870   7.4682E+07  1.8197E+06  2.3553E+06
0001871   7.4837E+07  9.1454E+05 -2.4263E+06
0001872   7.3361E+07 -3.6414E+06  6.1296E+06
0001873   7.4053E+07  1.2083E+06 -9.0276E+05
0001874   7.4319E+07 -6.1341E+05 -1.4769E+06
0001875   7.6463E+07 -5.8421E+06 -2.2633E+05
0001876   7.3725E+07 -9.3763E+05 -3.9384E+05
0001877   7.7330E+07 -2.1470E+06  1.0589E+06
0001878   7.4923E+07 -1.7759E+06 -1.4003E+06
0001879   7.2913E+07  1.9359E+06  3.8160E+05
0001880   7.4619E+07 -3.4024E+06  1.2463E+06
0001881   7.5462E+07  2.3216E+05  1.4873E+06
0001882   7.5648E+07 -1.3341E+06  4.9350E+05
0001883   7.4867E+07  1.2644E+06 -2.2881E+06
0001884   7.2674E+07  8.6746E+05 -6.7378E+04
0001885   7.3345E+07  7.0193E+05 -6.0326E+06
0001886   7.4745E+07 -4.6680E+05  2.3764E+06
0001887   7.5701E+07 -5.8401E+05  8.8886E+05
0001888   7.3872E+07  3.5833E+06  3.6410E+06
0001889   7.3080E+07  6.3815E+06  2.9051E+06
0001890   7.3995E+07  1.3636E+05  6.1819E+05
0001891   7.5650E+07  1.2277E+06 -7.7471E+05
0001892   7.4368E+07  2.6783E+06 -2.9403E+06
0001893   7.6170E+07 -1.5539E+06 -2.0758E+06
0001894   7.4713E+07  6.5253E+05 -5.7851E+05
0001895   7.4702E+07  1.4843E+06 -1.2342E+05
0001896   7.5625E+07  2.9614E+06  2.3229E+06
0001897   7.5647E+07  1.7484E+06  2.5438E+05
0001898   7.1940E+07  5.3665E+05 -2.0229E+06
0001899   7.3253E+07  2.9355E+06 -4.2817E+05
0001900   7.2320E+07 -1.5169E+06  1.1116E+06
0001901   7.6171E+07  2.7024E+05 -1.2041E+06
0001902   7.4511E+07 -1.3649E+06 -9.1430E+05
0001903   7.4754E+07 -7.2405E+05 -5.8638E+05
0001904   7.5540E+07  1.5645E+06  1.8434E+06
0001905   7.4838E+07  2.6950E+05  7.0405E+05
0001906   7.4006E+07  8.2933E+05  8.8964E+05
0001907   7.4788E+07 -1.7485E+06 -1.7285E+06
0001908   7.5021E+07  7.4431E+05  3.1462E+03
0001909   7.3025E+07  2.0116E+06 -9.1397E+05
0001910   7.3592E+07 -2.2521E+06  5.0499E+05
0001911   7.5424E+07  1.5032E+06  3.0355E+06
0001912   5.6307E+07  3.1772E+07 -5.5926E+05
0001913   7.5955E+07 -1.7289E+05 -8.0061E+05
0001914   7.6078E+07  1.8151E+05 -2.0088E+06
0001915   7.5232E+07 -1.9442E+06 -3.5699E+04
0001916   7.4393E+07  4.9151E+05 -1.5763E+06
0001917   7.5003E+07  1.1599E+06  7.9524E+05
0001918   7.6290E+07  8.5160E+05  6.1092E+05
0001919   7.6044E+07 -6.0890E+05  1.0418E+06
0001920   7.5259E+07  3.3486E+06  9.2265E+05
0001921   7.5555E+07 -3.3687E+05 -2.9688E+05
0001922   7.3643E+07 -1.8766E+06 -2.7998E+06
0001923   7.5265E+07 -3.8279E+06 -2.9529E+06
0001924   7.4587E+07  5.3654E+05 -3.5546E+05
0001925   7.6513E+07  3.2128E+06  1.0088E+06
0001926   7.6518E+07 -9.6569E+05  1.0507E+06
0001927   7.4207E+07 -1.4439E+06 -2.3273E+05
0001928   7.3739E+07  2.2357E+05  8.6093E+05
0001929   7.4533E+07 -1.9210E+04  5.0651E+05
0001930   7.4719E+07  1.5181E+05 -6.0297E+06
0001931   7.7231E+07  1.9153E+06  1.4704E+06
0001932   7.3057E+07 -2.2179E+05 -4.3767E+04
0001933   7.5604E+07 -5.1925E+05  6.4564E+05
0001934   7.4451E+07  2.0884E+06  2.2763E+06
0001935   7.3384E+07 -2.5810E+06  2.7935E+05
0001936   7.1768E+07  2.2906E+06 -1.0506E+06
0001937   7.2630E+07 -9.5365E+05 -5.2580E+05
0001938   7.5462E+07  1.2580E+06 -1.2934E+06
0001939   7.4901E+07  1.3505E+06 -1.7645E+06
0001940   7.4340E+07 -4.6413E+05  6.4514E+05
0001941   7.5974E+07  3.1761E+05  3.6535E+05
0001942   7.5724E+07  1.0714E+05  1.6873E+05
0001943   7.5867E+07 -9.8559E+05  4.7596E+05
0001944   7.5995E+07 -2.3744E+06  9.5385E+05
0001945   7.2847E+07  1.9172E+04 -1.6027E+06
0001946   7.4450E+07 -2.7515E+05 -8.9340E+05
0001947   7.5429E+07 -3.6135E+04 -9.8949E+05
0001948   7.5931E+07 -9.0473E+05 -1.3034E+06
0001949   7.3464E+07 -2.0158E+06  1.4290E+06
0001950   7.6237E+07  1.6414E+06 -6.2963E+05
0001951   7.1523E+07  4.5264E+06 -1.0045E+07
0001952   7.5824E+07 -1.7891E+06  8.5060E+05
0001953   7.4686E+07  1.8622E+05 -2.3141E+06
0001954   7.3325E+07 -2.9212E+06 -2.0759E+06
0001955   7.5677E+07 -6.8615E+05  2.3166E+06
0001956   7.6210E+07 -5.1704E+05 -5.2715E+05
0001957   7.7462E+07  3.5923E+05  2.0972E+05
0001958   7.2488E+07  3.6804E+05  3.6962E+06
0001959   7.5696E+07 -1.3672E+06 -7.1334E+05
0001960   7.8186E+07 -7.8983E+05 -2.9125E+05
0001961   7.3589E+07  2.1228E+06 -1.9039E+06
0001962   7.5735E+07 -1.1704E+06 -1.0328E+06
0001963   7.4328E+07  3.3756E+06  6.8140E+06
0001964   7.3209E+07 -2.0570E+06  8.0806E+05
0001965   7.6082E+07  2.0223E+05 -9.1185E+05
0001966   7.3956E+07 -7.7761E+05 -1.4846E+06
0001967   7.5099E+07  8.0487E+05 -1.8626E+06
0001968   7.4676E+07  1.2725E+06 -1.6448E+06
0001969   7.6484E+07 -1.8305E+06 -1.7258E+06
0001970   7.3534E+07 -1.3709E+06 -9.2839E+04
0001971   7.2898E+07 -1.0543E+06  2.6012E+05
0001972   7.3560E+07 -1.8826E+06 -1.0079E+06
0001973   7.4926E+07  4.9849E+05 -2.1304E+05
0001974   7.3712E+07  4.1531E+05 -1.3178E+06
0001975   7.6060E+07 -6.9513E+05  1.2753E+06
0001976   7.4669E+07  5.5701E+05 -6.4091E+05
0001977   7.2939E+07  2.6633E+05 -2.9093E+04
0001978   7.5381E+07  2.0710E+06 -2.8850E+06
0001979   7.6303E+07  4.5899E+06  3.5131E+06
0001980   7.3833E+07  1.6137E+06 -5.7833E+05
0001981   7.5174E+07 -2.0017E+06  7.1915E+05
0001982   7.5391E+07 -4.7463E+05 -1.9650E+05
0001983   7.3169E+07  3.0125E+06  2.0443E+05
0001984   7.4861E+07  3.9906E+04 -8.1350E+05
0001985   7.3884E+07 -1.4866E+06 -1.1569E+06
0001986   7.4779E+07 -1.0782E+06 -7.4317E+05
0001987   7.7716E+07 -2.0576E+06 -2.1809E+06
0001988   7.4819E+07 -8.0416E+05 -6.7024E+05
0001989   7.3641E+07  1.1683E+06 -1.7521E+06
0001990   7.6290E+07  1.0081E+06  1.5613E+06
0001991   7.3533E+07 -7.1732E+06 -3.3643E+06
0001992   7.6792E+07 -9.7924E+05 -4.9537E+05
0001993   7.6361E+07 -2.3106E+05 -1.9526E+05
0001994   7.3939E+07 -8.2027E+05  8.7059E+05
0001995   7.4289E+07  2.4064E+06 -5.9628E+05
0001996   7.7918E+07  5.7460E+05  5.1251E+05
0001997   7.6169E+07 -2.5908E+06 -2.1988E+05
0001998   7.7025E+07  2.9519E+05  1.5654E+06
0001999   7.7033E+07  1.1141E+06  1.6032E+06
0002000   7.6862E+07  1.7682E+06 -2.7630E+06
0002001   7.4869E+07  1.4466E+06 -2.3719E+06
0002002   7.4598E+07 -7.3630E+05 -1.6023E+06
0002003   7.3926E+07  1.2125E+06  2.6293E+06
0002004   7.4798E+07 -1.3283E+06  1.5592E+06
0002005   7.3809E+07  7.9004E+05  1.8356E+05
0002006   7.5788E+07  1.2468E+06 -9.0086E+05
0002007   7.4712E+07  5.2667E+04 -1.4376E+06
0002008   7.5936E+07 -4.7177E+05  1.7247E+05
0002009   7.5451E+07 -2.0271E+06 -1.7136E+06
0002010   7.7472E+07 -2.6756E+06 -1.6409E+06
0002011   7.5954E+07 -1.9923E+06  1.9765E+06
0002012   7.6230E+07 -1.7354E+06  2.1890E+04
0002013   7.4791E+07 -2.7989E+06  3.9045E+04
0002014   7.3729E+07  1.0715E+06  2.7708E+05
0002015   7.7052E+07 -1.2522E+06  2.0685E+05
0002016   7.5382E+07  1.5116E+06  8.5100E+05
0002017   7.7510E+07 -1.6276E+06 -2.1831E+06
0002018   7.2988E+07 -2.6066E+06 -1.7817E+06
0002019   7.6338E+07  4.0249E+03  9.2678E+04
0002020   7.5789E+07  1.3476E+06 -1.4836E+06
0002021   7.4441E+07  1.4379E+06 -1.4219E+06
0002022   7.6592E+07  1.3049E+06 -1.8535E+05
0002023   7.4995E+07 -4.7590E+05 -2.9977E+06
0002024   7.6985E+07 -8.6744E+05 -3.2952E+06
0002025   7.6800E+07 -1.4665E+06  1.3534E+06
0002026   7.5104E+07 -1.3523E+06 -3.5652E+06
0002027   7.5862E+07  3.2948E+06 -3.7480E+05
0002028   7.5813E+07  1.6336E+06  8.5852E+05
0002029   7.4945E+07 -1.5956E+05  9.8315E+05
0002030   7.5192E+07  4.1682E+05  1.9201E+06
0002031   7.4145E+07 -2.4174E+06 -1.1838E+06
0002032   7.4749E+07 -8.8324E+05 -1.2909E+06
0002033   7.5187E+07  1.7732E+06  1.7076E+06
0002034   7.5701E+07 -2.3912E+06 -1.5130E+06
0002035   7.6987E+07 -1.8584E+04  2.9729E+05
0002036   7.6531E+07 -6.8604E+05  3.0964E+05
0002037   7.4998E+07 -1.9021E+06 -1.0987E+06
0002038   7.5896E+07 -6.5754E+05  7.4230E+05
0002039   6.8741E+07  1.2332E+07 -1.1788E+07
0002040   7.6077E+07  7.8156E+05 -1.1975E+06
0002041   7.6406E+07 -1.6004E+06  4.7243E+05
0002042   7.6642E+07  6.9031E+05  1.6974E+05
0002043   7.8009E+07 -7.2576E+05  3.3942E+06
0002044   7.5951E+07 -2.0680E+06  8.9068E+04
0002045   7.5328E+07  1.2066E+06  3.7162E+05
0002046   7.7228E+07  3.9019E+04  3.7193E+05
0002047   7.4618E+07 -2.7364E+06  1.6154E+06
0002048   7.5507E+07  1.2173E+04  4.3769E+05
0002049   7.4083E+07  3.7844E+04  9.9784E+05
0002050   7.5490E+07  3.3206E+04  9.0632E+05
0002051   7.7250E+07  2.8825E+06 -1.8293E+06
0002052   7.4691E+07 -1.7557E+06  6.3637E+05
0002053   7.5499E+07  1.8818E+06 -6.0852E+04
0002054   7.7454E+07 -1.2238E+06 -1.4891E+06
0002055   7.6503E+07 -1.4674E+06  1.4112E+06
0002056   7.4684E+07  7.7085E+05 -4.1718E+06
0002057   7.3972E+07  1.7471E+06  6.2917E+04
0002058   7.3716E+07 -6.3030E+04  1.7791E+06
0002059   7.6231E+07 -3.4909E+06  3.8983E+06
0002060   7.4864E+07 -7.2899E+05  2.9012E+06
0002061   7.6193E+07 -5.2292E+05 -2.5536E+05
0002062   7.3024E+07  2.6695E+05 -1.4469E+06
0002063   7.3709E+07  2.7877E+06 -2.5948E+06
0002064   7.4543E+07  1.7564E+06 -2.9783E+03
0002065   7.5993E+07 -6.0986E+04  6.1651E+05
0002066   7.4626E+07  1.0441E+06  1.2449E+06
0002067   7.4620E+07  5.3853E+04  3.7863E+06
0002068   7.1879E+07  1.0781E+06  1.6782E+06
0002069   7.6731E+07  2.4158E+06 -4.3219E+05
0002070   7.5885E+07  6.9768E+05  5.5645E+05
0002071   7.6931E+07 -2.3864E+05 -1.5702E+06
0002072   7.3837E+07 -4.9567E+05 -7.0320E+05
0002073   7.5814E+07  2.7904E+06 -2.0450E+06
0002074   7.4225E+07  4.1319E+05  8.8722E+05
0002075   7.2726E+07 -4.4416E+04  1.2350E+06
0002076   7.3996E+07  1.0884E+06 -2.6646E+06
0002077   7.2566E+07 -1.1019E+06  9.7274E+05
0002078   7.7968E+07  1.0031E+06 -1.3475E+06
0002079   7.3496E+07  1.2254E+06 -8.4773E+05
0002080   7.6732E+07 -7.6673E+05 -1.2248E+06
0002081   7.2980E+07  1.4930E+06 -9.7426E+05
0002082   7.4462E+07  1.9260E+05  1.7563E+06
0002083   7.6229E+07  1.5945E+06  9.4574E+04
0002084   7.4732E+07 -7.5478E+05 -1.0459E+06
0002085   7.6406E+07  7.7545E+04 -1.4806E+06
0002086   7.5037E+07  9.5735E+05 -4.9229E+05
0002087   7.5942E+07  1.7967E+06  4.3411E+05
0002088   7.5163E+07  1.2372E+05  1.4756E+06
0002089   7.6672E+07 -5.7185E+05  2.2154E+06
0002090   7.2496E+07 -5.4112E+06 -4.5024E+06
0002091   7.4295E+07  6.8924E+05 -1.4302E+05
0002092   7.4142E+07 -1.5307E+06 -4.4253E+05
0002093   7.5454E+07 -1.9251E+06 -1.7184E+06
0002094   7.3955E+07  2.9730E+06 -4.0289E+05
0002095   7.6047E+07  1.8041E+05 -2.2934E+05
0002096   7.5947E+07  7.7518E+05 -1.2735E+06
0002097   7.3878E+07  5.1289E+05  5.0550E+05
0002098   7.6952E+07  3.4480E+05 -1.9255E+05
0002099   7.5571E+07  1.3139E+06 -1.5145E+05
0002100   7.2525E+07  1.1269E+06  2.3857E+05
0002101   7.3343E+07  4.6753E+05 -1.5411E+06
0002102   7.5541E+07 -1.2562E+06  1.1695E+06
0002103   7.5586E+07  1.5633E+06  1.5829E+06
0002104   7.2506E+07  1.1546E+07 -1.6266E+06
0002105   7.3752E+07 -7.6924E+05 -3.1111E+06
0002106   7.3795E+07  2.7935E+06 -4.2449E+05
0002107   7.5599E+07 -2.2255E+06 -4.0084E+05
0002108   7.4933E+07 -3.7098E+05 -2.4360E+05
0002109   7.3952E+07 -3.4173E+06  2.1243E+06
0002110   7.4816E+07 -4.6316E+06 -1.0484E+07
0002111   7.4870E+07  9.0444E+05 -2.3637E+05
0002112   7.4794E+07  4.4596E+05 -1.2599E+06
0002113   7.7996E+07 -7.3439E+05 -2.5516E+06
0002114   7.5549E+07 -1.6421E+06 -2.7709E+05
0002115   7.3749E+07 -2.6509E+06  1.0129E+06
0002116   7.5734E+07  1.6686E+06  1.0408E+05
0002117   7.5172E+07 -4.0627E+05  3.2282E+05
0002118   7.6456E+07  9.1547E+05  5.5502E+05
0002119   7.5117E+07  1.0752E+06  6.5377E+04
0002120   7.4112E+07  2.0108E+06 -5.1942E+06
0002121   7.4224E+07 -1.2323E+06 -3.3734E+05
0002122   7.5475E+07 -1.3581E+06  1.4285E+05
0002123   7.4761E+07  1.6936E+04  1.8449E+05
0002124   7.3234E+07  1.7356E+06  1.1371E+06
0002125   7.6438E+07 -3.3972E+05  6.0027E+05
0002126   7.4477E+07  8.1302E+05  1.5133E+06
0002127   7.5640E+07 -8.9429E+05  3.7286E+05
0002128   7.5382E+07  1.1858E+06 -6.7752E+05
0002129   7.5146E+07  2.3409E+05 -3.3685E+06
0002130   7.5972E+07  6.0383E+05 -4.8939E+05
0002131   7.5920E+07 -1.7342E+06 -4.2028E+04
0002132   7.6437E+07 -1.3638E+06  4.2190E+05
0002133   7.5766E+07 -1.5342E+05 -1.0275E+06
0002134   7.6247E+07  1.6208E+06 -2.4776E+06
0002135   7.3261E+07 -2.2822E+06  7.5159E+04
0002136   7.5819E+07  1.6117E+06 -4.6274E+05
0002137   7.5088E+07  1.1348E+06 -1.6217E+05
0002138   7.7127E+07  8.5260E+05 -1.8772E+06
0002139   7.3222E+07 -1.6553E+06  5.2256E+05
0002140   7.3464E+07  4.9055E+05  1.2526E+06
0002141   7.6442E+07 -2.8399E+04 -6.1163E+05
0002142   7.5364E+07 -2.5433E+06  9.7315E+05
0002143   7.3395E+07  2.6219E+06  3.6131E+06
0002144   7.6605E+07  7.8902E+04  8.5091E+05
0002145   7.6147E+07  9.7403E+05  7.5097E+05
0002146   7.3609E+07  2.5394E+06  6.5889E+05
0002147   7.2667E+07  1.9486E+06  1.3083E+06
0002148   7.5848E+07  1.4145E+06 -3.3043E+05
0002149   7.5356E+07 -1.7926E+06  1.0159E+06
0002150   7.4373E+07 -1.0715E+06 -3.0233E+06
0002151   7.5162E+07  1.3135E+06  1.0639E+06
0002152   7.7821E+07 -4.2305E+06  4.1482E+05
0002153   7.5630E+07  1.8775E+05 -3.2887E+06
0002154   7.3803E+07 -1.3946E+06 -7.1847E+05
0002155   7.5402E+07 -4.1410E+05  2.1082E+06
0002156   7.4073E+07 -1.1681E+06  1.0821E+06
0002157   7.5029E+07  1.5191E+06  3.8957E+05
0002158   7.3246E+07 -1.5153E+06 -1.2089E+06
0002159   7.4853E+07 -1.9479E+06  1.5309E+04
0002160   7.6429E+07 -2.7375E+06 -4.2763E+05
0002161   7.5551E+07  1.1970E+06  1.9236E+06
0002162   7.6574E+07  2.1215E+06 -2.4023E+06
0002163   7.4349E+07 -1.8953E+06  3.3732E+05
0002164   7.4797E+07 -1.3440E+05  2.3337E+05
0002165   7.4457E+07 -5.7657E+05 -1.0891E+05
0002166   7.3764E+07  1.5484E+06 -1.2055E+06
0002167   7.6009E+07 -3.0135E+06  1.5134E+06
0002168   7.5362E+07 -8.8435E+05 -2.8447E+04
0002169   7.8509E+07  4.9198E+05 -4.8906E+04
0002170   7.6852E+07  2.8547E+06 -5.6867E+04
0002171   7.3808E+07 -3.2252E+05  2.3897E+06
0002172   7.4065E+07  1.9387E+05  8.8537E+05
0002173   7.5022E+07 -4.1254E+06  1.0505E+06
0002174   7.5814E+07  5.8870E+06 -6.8170E+04
0002175   7.5639E+07  5.3547E+05  2.5954E+05
0002176   7.5396E+07 -1.6990E+06  1.6243E+06
0002177   7.4254E+07  2.6417E+06  2.7259E+06
0002178   7.4345E+07  6.1217E+05  2.1627E+06
0002179   7.6178E+07  3.5117E+05  9.6386E+05
0002180   7.5322E+07 -1.2828E+05  1.4655E+06
0002181   7.6020E+07  1.3800E+06  1.3769E+06
0002182   7.7000E+07  1.1428E+06 -4.6585E+05
0002183   7.5422E+07  3.5765E+06 -4.7089E+05
0002184   7.4204E+07 -3.3529E+06 -1.2314E+06
0002185   7.5854E+07 -1.6600E+06  1.3463E+06
0002186   7.2879E+07 -8.7152E+05  9.9164E+04
0002187   7.5193E+07  5.6219E+05  1.1167E+06
0002188   7.5470E+07 -1.4897E+05 -1.1020E+06
0002189   7.4265E+07 -2.6254E+06 -8.0838E+05
0002190   7.2435E+07 -1.2539E+06  3.3431E+05
0002191   7.4609E+07  1.5333E+05 -1.2853E+06
0002192   7.5710E+07  1.5112E+06 -4.0396E+05
0002193   7.5192E+07 -1.4595E+04 -1.9541E+05
0002194   7.4965E+07 -2.0046E+06  1.7074E+06
0002195   7.6537E+07 -1.7501E+06 -3.3498E+06
0002196   7.4406E+07 -9.0254E+05 -2.9438E+06
0002197   7.6056E+07  2.7094E+06  9.5109E+05
0002198   7.6316E+07  2.0726E+06 -7.1094E+05
0002199   7.5668E+07 -1.2115E+06  8.0041E+05
0002200   7.3749E+07 -1.5384E+06  1.0921E+06
0002201   7.5254E+07  6.3524E+05 -2.5328E+05
0002202   7.4797E+07 -3.5926E+06 -1.3227E+06
0002203   7.5502E+07 -1.2335E+06  1.3287E+06
0002204   7.4212E+07  2.3023E+06 -1.2169E+06
0002205   7.5249E+07  5.7274E+05  2.2962E+06
0002206   7.6059E+07 -1.6458E+06  1.2141E+06
0002207   7.5879E+07 -8.5258E+05 -1.0699E+06
0002208   7.5404E+07  2.8663E+05  4.6749E+05
0002209   7.5606E+07  1.9959E+06 -3.7518E+06
0002210   7.4361E+07  9.7845E+05 -1.2543E+06
0002211   7.3914E+07  5.9868E+05 -2.9940E+06
0002212   7.5542E+07 -3.9591E+05  2.2193E+05
0002213   7.3809E+07  1.1204E+06  1.2858E+06
0002214   7.6919E+07  2.3239E+06 -2.6108E+05
0002215   7.3307E+07  1.6994E+06  1.4003E+06
0002216   7.4159E+07  1.1361E+06  3.4887E+04
0002217   7.4737E+07  9.6437E+06 -1.6879E+06
0002218   7.5281E+07  1.8804E+05 -5.7555E+05
0002219   7.5145E+07  1.4860E+06  6.1733E+05
0002220   6.9331E+07  2.2485E+06 -1.9986E+07
0002221   7.3338E+07 -2.0054E+05  6.8024E+05
0002222   7.5353E+07  1.3903E+06 -7.0461E+05
0002223   7.4151E+07 -1.4164E+06  1.6713E+06
0002224   7.2338E+07  3.3218E+05  2.1890E+06
0002225   7.7227E+07 -3.4954E+05 -1.2987E+05
0002226   7.6014E+07 -4.5529E+05  1.0541E+06
0002227   7.6134E+07  1.6338E+06  2.2027E+06
0002228   7.7671E+07 -1.0130E+06 -8.6095E+05
0002229   7.6456E+07  7.0067E+05 -4.3576E+06
0002230   7.5859E+07 -1.4512E+06  1.2447E+06
0002231   7.5812E+07  1.3374E+06  3.7229E+05
0002232   7.5145E+07  2.3627E+06 -5.1364E+05
0002233   7.4741E+07 -7.0942E+05  4.1269E+05
0002234   7.4437E+07  3.3391E+06 -2.4870E+06
0002235   7.3309E+07  2.7892E+05  1.4733E+06
0002236   7.2437E+07 -1.5970E+06  9.7115E+05
0002237   7.5101E+07  2.6400E+06 -1.9843E+06
0002238   7.5682E+07 -2.5454E+06  2.0426E+06
0002239   7.4621E+07 -1.1103E+06  3.6582E+04
0002240   7.6734E+07  9.5836E+06 -3.2822E+06
0002241   7.4691E+07 -1.6197E+05  1.2129E+06
0002242   7.3919E+07  2.6870E+06  3.0810E+06
0002243   7.3908E+07 -2.7562E+06 -3.0087E+06
0002244   7.4891E+07  3.0824E+06  3.1735E+06
0002245   7.3917E+07  5.9460E+05  1.0240E+06
0002246   7.4184E+07  1.9111E+06  4.7993E+05
0002247   7.5386E+07 -7.3982E+05  2.9155E+05
0002248   7.8872E+07  3.5565E+05 -4.4393E+05
0002249   7.4730E+07 -6.0095E+05  1.5048E+06
0002250   7.4964E+07  2.9799E+06  3.4392E+06
0002251   7.4888E+07  2.2848E+06  7.0898E+04
0002252   7.3905E+07 -2.7814E+05  1.7561E+06
0002253   7.5782E+07  1.2256E+06  1.5987E+05
0002254   7.6203E+07  2.1697E+06 -1.0639E+06
0002255   7.5160E+07  2.3621E+06 -8.7846E+04
0002256   7.2178E+07  1.3182E+06 -3.0676E+05
0002257   7.3601E+07  2.7764E+06  7.0283E+05
0002258   7.4995E+07  3.5716E+03  3.1114E+06
0002259   7.4046E+07 -4.4080E+05  1.5873E+06
0002260   7.2956E+07 -3.3041E+06 -8.9985E+06
0002261   7.5440E+07 -3.9329E+06  9.6719E+05
0002262   7.6302E+07 -2.0172E+06  1.4778E+05
0002263   7.5161E+07 -2.9341E+06 -8.1123E+05
0002264   7.3875E+07  1.5928E+06 -2.1730E+06
0002265   7.8899E+07  1.9347E+06 -2.6273E+06
0002266   7.5450E+07 -5.5223E+05  1.0151E+06
0002267   7.4787E+07 -1.0853E+06 -1.3487E+06
0002268   7.3208E+07 -1.7687E+06  7.7036E+03
0002269   7.5028E+07 -6.1489E+05 -1.1436E+06
0002270   7.4395E+07  1.9221E+06  2.5580E+06
0002271   7.2158E+07  2.7525E+05  2.8177E+06
0002272   7.5234E+07  1.1614E+06 -2.6272E+06
0002273   7.4870E+07  5.2258E+06  2.8806E+06
0002274   7.5944E+07  1.3058E+06  2.0610E+06
0002275   7.6502E+07  1.3075E+06 -5.2940E+05
0002276   7.7017E+07 -1.3527E+06 -1.8822E+06
0002277   6.9765E+07 -9.8120E+05  1.4822E+06
0002278   7.4695E+07 -1.0190E+06 -2.0193E+06
0002279   7.4416E+07  4.5550E+06 -3.5263E+06
0002280   7.4807E+07  1.3624E+06  5.4500E+05
0002281   7.5193E+07 -1.0626E+06 -4.5196E+05
0002282   7.5311E+07  4.4727E+05  1.6042E+06
0002283   7.2850E+07 -1.3376E+05  1.7634E+06
0002284   7.6475E+07  1.4678E+06  1.2952E+06
0002285   7.4706E+07 -1.8324E+06 -1.5808E+06
0002286   7.3501E+07 -1.3692E+06 -7.3019E+05
0002287   7.6374E+07 -2.9721E+06  7.6030E+05
0002288   7.6636E+07 -1.4865E+06 -3.5039E+05
0002289   7.6410E+07 -4.0413E+04  8.2496E+05
0002290   7.8039E+07 -1.7658E+06  3.3737E+06
0002291   7.5765E+07 -2.3656E+06  6.1158E+04
0002292   7.4371E+07 -2.5537E+05 -5.4730E+05
0002293   7.4111E+07 -3.7089E+04  5.4713E+06
0002294   7.4432E+07 -9.3779E+05 -2.1951E+06
0002295   7.6352E+07 -3.3694E+05  5.1284E+05
0002296   7.4055E+07  1.3022E+06 -1.4133E+06
0002297   7.4748E+07  1.9017E+05 -2.0056E+06
0002298   7.4625E+07  3.3271E+06 -2.9362E+06
0002299   7.3103E+07 -1.6716E+06 -4.3333E+05
0002300   7.7947E+07  2.8572E+06  2.9182E+06
0002301   7.6358E+07 -1.1691E+06  3.5107E+06
0002302   7.5555E+07  6.9771E+05 -1.8916E+05
0002303   7.4248E+07 -5.9423E+05 -6.9798E+06
0002304   7.3847E+07 -4.0702E+05  1.1982E+06
0002305   7.5246E+07  8.2371E+05  1.2014E+06
0002306   7.3205E+07  1.3604E+06 -2.3052E+06
0002307   7.4175E+07  6.5340E+05 -4.5717E+05
0002308   7.5632E+07  1.2700E+06 -4.4112E+06
0002309   7.5852E+07  2.0551E+06  6.2423E+05
0002310   7.4911E+07 -6.0518E+05  1.8208E+06
0002311   7.5335E+07  2.8109E+05  7.4811E+04
0002312   7.4202E+07 -2.7744E+05 -2.8525E+06
0002313   7.6508E+07 -1.7917E+06  2.1815E+06
0002314   7.6159E+07 -2.3205E+05 -2.3061E+05
0002315   7.3026E+07 -1.2194E+06  2.7884E+06
0002316   7.5080E+07 -7.8243E+05  4.3635E+06
0002317   7.5605E+07  1.0786E+06  7.3927E+05
0002318   7.6431E+07 -2.2536E+05  4.9772E+05
0002319   7.6416E+07 -5.1070E+05  1.6328E+06
0002320   7.5432E+07 -8.2055E+05 -1.7438E+06
0002321   7.3998E+07  4.1291E+06  3.6056E+06
0002322   7.5603E+07 -1.8101E+06  4.3722E+05
0002323   7.6446E+07 -9.5116E+05  1.0588E+06
0002324   7.5663E+07  2.8157E+04 -1.9386E+06
0002325   7.4009E+07  7.5367E+05 -1.1104E+06
0002326   7.3715E+07  2.5093E+05 -1.5122E+06
0002327   7.3774E+07 -2.4948E+06 -5.4376E+05
0002328   7.3324E+07  2.6309E+06 -1.7686E+06
0002329   7.2816E+07  5.8288E+05 -3.4358E+05
0002330   7.5692E+07  1.3111E+06 -3.2051E+06
0002331   7.5076E+07 -1.1343E+06  2.4798E+06
0002332   7.5984E+07 -1.8662E+05 -1.8467E+06
0002333   7.6289E+07  7.4025E+05  2.0354E+06
0002334   7.4151E+07  9.9193E+05  2.0812E+06
0002335   7.4707E+07 -1.2995E+06 -1.6864E+06
0002336   7.4805E+07  1.1604E+05  3.4035E+05
0002337   7.4268E+07 -9.9873E+05  2.7234E+05
0002338   7.4111E+07  1.3146E+06  1.4947E+06
0002339   7.5377E+07  1.3581E+06  2.0754E+05
0002340   7.4046E+07  1.9302E+06 -2.2581E+06
0002341   7.5623E+07 -3.7369E+06  7.0575E+06
0002342   7.5319E+07  1.6075E+06 -2.6329E+06
0002343   7.5150E+07 -2.6056E+05  2.0478E+06
0002344   7.7771E+07 -1.6845E+06  1.2766E+06
0002345   7.4833E+07  3.2997E+06 -1.3846E+06
0002346   7.5716E+07 -3.7538E+05  1.6167E+06
0002347   7.4181E+07  1.2643E+06  1.3137E+06
0002348   7.3191E+07 -1.7659E+06 -1.5092E+06
0002349   7.4135E+07  5.9898E+05  4.7764E+04
0002350   7.4876E+07 -1.0062E+05 -1.0962E+05
0002351   7.3552E+07 -3.3846E+06  1.4361E+06
0002352   7.1999E+07  9.7849E+05 -9.8853E+05
0002353   7.5037E+07  1.1733E+06  9.8777E+05
0002354   7.4004E+07  1.1698E+06  1.2506E+06
0002355   7.4754E+07 -1.1232E+06 -1.4359E+06
0002356   7.4666E+07 -1.5122E+05  6.0213E+04
0002357   7.5236E+07 -1.5607E+06  2.7676E+06
0002358   7.6635E+07 -1.7601E+06  8.1246E+05
0002359   7.5402E+07  3.1833E+05 -1.9269E+06
0002360   7.6155E+07  2.7042E+05  2.8204E+05
0002361   7.4451E+07  3.1547E+05 -1.7754E+05
0002362   7.6386E+07  5.7350E+05 -1.5374E+06
0002363   7.4496E+07 -2.1107E+06 -8.4712E+05
0002364   7.3659E+07 -1.5494E+06  3.4818E+05
0002365   7.3282E+07  1.0012E+06  1.3401E+06
0002366   7.5520E+07  1.3996E+06 -9.0152E+05
0002367   7.6344E+07  3.5088E+06  1.3584E+06
0002368   7.5277E+07  6.9979E+05  2.3558E+06
0002369   7.3343E+07 -1.6446E+06  1.4193E+06
0002370   7.4812E+07  1.8491E+06  3.1528E+06
0002371   7.6220E+07  1.3945E+06  9.9113E+04
0002372   7.4819E+07 -3.0726E+06  3.9315E+06
0002373   7.5482E+07 -4.1858E+06 -5.0159E+05
0002374   7.6100E+07  6.6443E+05 -1.3746E+06
0002375   7.5184E+07 -1.5639E+06 -2.8471E+05
0002376   7.5949E+07  2.1830E+06  1.5995E+05
0002377   7.6543E+07 -1.5212E+06 -2.9845E+06
0002378   7.5161E+07 -1.9038E+06  8.6749E+05
0002379   7.4449E+07  7.3056E+05 -2.4600E+06
0002380   7.4609E+07 -1.2299E+06 -4.5673E+05
0002381   7.5417E+07 -1.8331E+05  3.2462E+05
0002382   7.2743E+07  1.1929E+05 -3.9977E+05
0002383   7.5350E+07 -1.3916E+06 -8.9413E+05
0002384   7.4494E+07  2.8355E+05  1.0241E+05
0002385   7.5689E+07  4.0694E+05  4.6107E+05
0002386   7.3036E+07  1.3805E+06 -1.7311E+06
0002387   7.4463E+07  6.0984E+05 -1.9099E+05
0002388   7.4798E+07 -6.7009E+05 -2.3099E+05
0002389   7.5476E+07 -1.3025E+06  1.0876E+06
0002390   7.6093E+07  2.7767E+06  1.0496E+06
0002391   7.6839E+07 -1.4044E+06 -9.4785E+05
0002392   7.4570E+07  7.7105E+05  5.5617E+06
0002393   7.4112E+07  8.6459E+05  1.9411E+06
0002394   7.2460E+07  3.8592E+05 -2.9738E+06
0002395   7.7507E+07  6.8808E+05 -1.5560E+06
0002396   7.7682E+07  5.6536E+05 -1.2247E+06
0002397   7.6302E+07 -2.0132E+05  1.6145E+06
0002398   7.4734E+07 -3.4045E+06  5.6726E+05
0002399   7.8456E+07  3.7978E+06 -2.3803E+06
0002400   7.3212E+07 -2.9202E+06 -1.6469E+06
0002401   7.7221E+07  1.2305E+06  1.6494E+06
0002402   7.4939E+07  1.6382E+06  9.7826E+05
0002403   7.4403E+07 -1.2621E+06  8.4926E+05
0002404   7.5261E+07  1.7310E+06  5.1345E+05
0002405   7.4259E+07  2.1217E+06 -5.5867E+05
0002406   7.4568E+07 -1.5783E+06  5.3496E+05
0002407   7.4513E+07  2.4925E+05 -1.0736E+06
0002408   7.4430E+07  2.0810E+06  2.0751E+05
0002409   7.4693E+07 -1.7548E+06 -1.9709E+06
0002410   7.4915E+07 -8.3574E+05 -1.9661E+06
0002411   7.4650E+07  1.6046E+04 -1.6222E+05
0002412   7.6153E+07 -1.5774E+06  1.1244E+06
0002413   7.4289E+07  1.4791E+05 -1.0101E+06
0002414   7.6761E+07  2.1817E+06  1.0574E+06
0002415   7.5648E+07  1.3155E+06 -2.7384E+06
0002416   7.5479E+07  1.3826E+06 -6.9301E+05
0002417   7.5044E+07 -8.4913E+05 -1.1049E+06
0002418   7.4613E+07 -6.0385E+05  2.8483E+05
0002419   7.2534E+07 -4.5653E+05 -1.2133E+06
0002420   7.6253E+07 -5.1817E+05  2.3193E+06
0002421   7.4557E+07 -1.7391E+06  5.0750E+06
0002422   7.4928E+07 -7.3298E+05  4.3531E+05
0002423   7.6145E+07 -7.8571E+05 -2.4769E+05
0002424   7.6718E+07 -4.3261E+06  1.8550E+06
0002425   7.4505E+07  1.4091E+06 -9.4214E+05
0002426   7.5971E+07 -8.7401E+05 -2.5622E+06
0002427   7.4740E+07  1.7588E+04  2.1589E+06
0002428   7.6943E+07 -8.7863E+05  2.4370E+05
0002429   7.7554E+07  6.6037E+05  4.0184E+05
0002430   7.4774E+07 -8.2623E+05 -4.8881E+04
0002431   7.4878E+07 -1.9615E+06  6.4972E+06
0002432   7.5863E+07 -7.8093E+05  4.3196E+05
0002433   7.4300E+07  3.4602E+06  1.1473E+06
0002434   7.4870E+07 -2.5402E+05  1.6928E+06
0002435   7.6973E+07 -1.7157E+06 -2.1402E+06
0002436   7.6689E+07  4.7532E+05 -2.6965E+05
0002437   7.3683E+07 -3.4216E+05 -2.4628E+06
0002438   7.3445E+07 -1.6580E+06  7.4336E+04
0002439   7.3972E+07  9.5781E+05  7.6481E+05
0002440   7.5865E+07  2.4208E+06 -1.6891E+06
0002441   7.3695E+07 -5.8085E+05 -1.1851E+06
0002442   7.6059E+07 -1.6109E+06  1.7299E+06
0002443   7.3867E+07  3.0703E+06  1.2140E+06
0002444   7.4047E+07 -6.3880E+05  3.9085E+05
0002445   7.7481E+07 -2.8060E+06  1.4389E+06
0002446   7.5098E+07 -1.7382E+06 -3.6158E+05
0002447   7.4819E+07  1.0903E+06 -5.0470E+05
0002448   7.6623E+07 -1.7893E+06  1.5045E+06
0002449   7.5797E+07  1.2163E+05 -2.7372E+06
0002450   7.6441E+07 -6.5336E+05 -6.6409E+05
0002451   7.5028E+07  2.8909E+06  2.9001E+06
0002452   7.8263E+07  1.4419E+06  1.4510E+06
0002453   7.6052E+07  3.8205E+05 -8.8491E+05
0002454   7.5161E+07  7.3526E+05  1.3545E+06
0002455   7.4743E+07 -1.1458E+06  3.3286E+05
0002456   7.4318E+07 -1.4134E+06  1.6893E+05
0002457   7.7070E+07 -4.5761E+05 -1.3086E+06
0002458   7.6326E+07  1.0482E+06  5.4987E+05
0002459   7.6378E+07 -2.6563E+06  7.5659E+05
0002460   7.5724E+07  8.6064E+05  9.8006E+05
0002461   7.4946E+07  6.9272E+05  2.4068E+06
0002462   7.3951E+07  2.6928E+05  6.1728E+06
0002463   7.4226E+07  1.7973E+06 -2.6278E+06
0002464   7.4917E+07  3.7924E+04  1.1625E+06
0002465   7.4719E+07 -2.3427E+06  1.3841E+06
0002466   7.2811E+07  9.3924E+05  1.0475E+06
0002467   7.5787E+07  6.6792E+05  1.6926E+06
0002468   7.4848E+07 -5.8011E+06 -1.0198E+06
0002469   7.4003E+07  4.7313E+05 -2.0063E+06
0002470   7.6833E+07  2.9002E+06 -2.4025E+06
0002471   7.4956E+07 -1.5382E+06  1.6256E+06
0002472   7.5119E+07 -9.3578E+05  7.0877E+05
0002473   7.6357E+07  1.0856E+06 -3.2761E+05
0002474   7.5714E+07  2.0099E+06 -8.6892E+05
0002475   7.7073E+07 -9.0470E+05 -8.5800E+05
0002476   7.4856E+07 -3.1930E+06  1.0217E+06
0002477   7.3094E+07 -8.9431E+06  8.9492E+05
0002478   7.4320E+07 -9.6952E+05 -2.5869E+05
0002479   7.4227E+07 -2.1400E+06  1.4449E+06
0002480   7.5048E+07  1.4105E+06 -1.5131E+06
0002481   7.3814E+07 -1.2863E+06  2.1221E+04
0002482   7.5630E+07 -7.8638E+05 -3.7836E+05
0002483   7.6606E+07 -5.6466E+05 -2.2741E+05
0002484   7.4686E+07  3.3703E+06 -1.0716E+06
0002485   7.2237E+07  1.1480E+06  8.1375E+05
0002486   7.1707E+07  1.3438E+06 -1.2988E+06
0002487   7.3279E+07  2.0298E+06  1.1317E+07
0002488   7.4990E+07  1.0515E+06 -2.4026E+06
0002489   7.7282E+07  1.8762E+06  9.1230E+05
0002490   7.4748E+07 -1.8275E+06 -6.6476E+05
0002491   7.7854E+07 -1.4958E+06 -2.7573E+05
0002492   7.4382E+07  1.6920E+06 -6.2837E+05
0002493   7.4926E+07  1.7536E+06  7.4712E+05
0002494   7.5676E+07 -1.4759E+06  9.2195E+05
0002495   7.5097E+07 -9.7333E+05  1.6598E+06
0002496   7.3335E+07  8.1843E+05  3.1540E+05
0002497   7.4614E+07 -6.9422E+05  1.9452E+06
0002498   7.3082E+07 -2.6896E+06  1.0064E+06
0002499   7.5052E+07 -7.5546E+05 -2.7915E+05
0002500   7.4775E+07  2.3007E+06  1.5833E+06
0002501   7.5751E+07 -1.2439E+06 -3.5809E+06
0002502   7.5072E+07  2.1290E+06  6.0105E+05
0002503   7.7197E+07  7.0488E+04  8.9193E+05
0002504   7.6203E+07 -2.4387E+05 -2.1008E+06
0002505   7.3375E+07  1.4250E+05  9.7565E+05
0002506   7.6246E+07  2.1383E+06 -9.7257E+05
0002507   7.6407E+07  1.3884E+06  9.8795E+05
0002508   7.3788E+07  9.4695E+05  1.2261E+06
0002509   7.4514E+07  1.5885E+06  3.6392E+06
0002510   7.6525E+07  2.5820E+06 -6.9507E+05
0002511   7.3638E+07 -1.5710E+06 -5.6716E+05
0002512   7.4390E+07  4.8300E+05  3.0224E+06
0002513   7.5456E+07 -2.1202E+06  1.0915E+07
0002514   7.6564E+07  1.5520E+06  2.9940E+04
0002515   7.6683E+07  3.9050E+04  4.8163E+05
0002516   7.4149E+07 -1.0571E+06 -7.8817E+05
0002517   7.6786E+07  3.4197E+06 -1.4021E+06
0002518   7.4427E+07  3.1324E+06  6.9710E+05
0002519   7.4846E+07  2.8679E+06 -3.1748E+06
0002520   7.4699E+07 -2.0319E+06  2.1965E+05
0002521   7.4178E+07 -1.6796E+06  2.9049E+06
0002522   7.5025E+07  2.1968E+06 -1.8354E+06
0002523   7.5307E+07  2.4565E+06  8.1104E+05
0002524   7.5917E+07  1.1046E+06  3.8413E+05
0002525   7.6270E+07  1.1274E+06 -5.5192E+06
0002526   7.5437E+07 -2.3537E+05  2.2788E+06
0002527   7.7855E+07 -4.0098E+05  1.1964E+06
0002528   7.2990E+07  1.1746E+06 -4.1234E+05
0002529   7.5039E+07  3.5833E+06 -4.4790E+04
0002530   7.5175E+07 -2.7264E+06  2.4065E+06
0002531   7.7431E+07  1.4252E+06 -4.3311E+05
0002532   7.6524E+07 -1.1093E+06 -1.3420E+06
0002533   7.9331E+07 -2.9642E+06  6.2669E+04
0002534   7.4024E+07 -1.3388E+06 -3.3845E+06
0002535   7.6319E+07  3.4823E+05  5.3808E+05
0002536   7.4081E+07 -4.2276E+05  8.3537E+05
0002537   7.3083E+07  1.9074E+06  2.8510E+06
0002538   7.3481E+07  4.3934E+05  1.4477E+06
0002539   7.5290E+07 -2.6772E+06 -4.8178E+05
0002540   7.5031E+07 -6.7982E+05 -1.4597E+06
0002541   7.4242E+07  2.0491E+06 -4.5788E+05
0002542   7.5011E+07 -1.6965E+06 -8.4611E+05
0002543   7.3235E+07  5.7756E+05  4.9194E+06
0002544   7.5202E+07  8.9827E+05 -5.3172E+05
0002545   7.5370E+07 -5.5753E+05 -6.7512E+04
0002546   7.5628E+07  1.9265E+06 -5.8637E+05
0002547   7.3372E+07 -2.2933E+06 -3.6322E+06
0002548   7.5350E+07  2.5179E+06 -4.5176E+05
0002549   7.2452E+07 -6.4029E+05 -8.0951E+05
0002550   7.2881E+07 -1.4224E+06  4.2992E+06
0002551   7.6113E+07 -2.8618E+05  2.6922E+06
0002552   7.6021E+07  7.3015E+04  7.8141E+05
0002553   7.5478E+07  3.1636E+06 -1.1768E+06
0002554   7.5057E+07  5.8591E+05 -3.0314E+06
0002555   7.4122E+07  1.4227E+06  1.3924E+06
0002556   7.3728E+07  8.5108E+04 -6.0628E+04
0002557   7.4114E+07 -1.0021E+04 -4.1784E+05
0002558   7.5326E+07 -2.2124E+06 -9.9371E+05
0002559   7.3046E+07 -2.3753E+06  2.5797E+06
0002560   7.4777E+07  2.5810E+06  1.2209E+06
0002561   7.4899E+07 -2.2021E+05  8.4487E+05
0002562   7.6912E+07  6.3843E+05 -9.3661E+05
0002563   7.4373E+07 -1.4426E+06 -1.4572E+06
0002564   7.5049E+07 -7.2141E+05  1.3843E+06
0002565   7.6161E+07  6.9798E+05  1.2016E+06
0002566   7.5229E+07  1.3511E+06 -1.2793E+06
0002567   7.5332E+07  9.0936E+05 -1.9030E+05
0002568   7.4526E+07 -2.7304E+06  5.2694E+05
0002569   7.2291E+07  7.0124E+05 -2.7550E+06
0002570   7.5349E+07 -3.7864E+05 -1.0705E+06
0002571   7.3786E+07 -1.4386E+06 -1.1984E+06
0002572   7.4250E+07 -7.0009E+04  5.9444E+05
0002573   7.4877E+07 -1.9106E+06  1.7743E+06
0002574   7.5084E+07 -2.3628E+06 -1.1872E+06
0002575   7.8083E+07 -1.9858E+06 -2.5863E+05
0002576   7.4712E+07  2.0335E+06  3.4997E+05
0002577   7.6157E+07 -1.1173E+06 -5.7358E+04
0002578   7.4094E+07  1.6397E+06 -1.0271E+06
0002579   7.4178E+07 -9.4825E+05  1.1428E+06
0002580   7.5905E+07  3.4853E+06 -5.0410E+06
0002581   7.4312E+07 -2.4956E+06 -1.9374E+06
0002582   7.4512E+07 -1.4927E+06 -7.1089E+05
0002583   7.3421E+07  2.0289E+06  2.9505E+05
0002584   7.5324E+07 -3.2111E+05 -1.8279E+06
0002585   7.3510E+07  1.5867E+05 -3.1590E+05
0002586   7.4352E+07 -1.7784E+06 -1.6398E+06
0002587   7.3300E+07  3.9064E+05 -3.2203E+06
0002588   7.4530E+07 -1.6627E+05  2.4367E+06
0002589   7.6176E+07 -1.2788E+06  4.8135E+04
0002590   7.4045E+07  1.5691E+05  3.3012E+05
0002591   7.4197E+07  1.2319E+06  3.3376E+06
0002592   7.5660E+07 -7.7813E+05 -1.1749E+06
0002593   7.4104E+07 -1.4557E+06 -2.7694E+05
0002594   7.5304E+07  6.3884E+05 -6.1234E+05
0002595   7.4705E+07 -2.9671E+05 -1.3122E+06
0002596   7.5774E+07 -1.3843E+06  1.4740E+06
0002597   7.6183E+07 -6.4891E+05 -1.6559E+06
0002598   7.3858E+07 -1.4591E+05  1.4002E+06
0002599   7.7716E+07  3.3550E+06 -1.7886E+06
0002600   7.4121E+07  2.0175E+06  1.1351E+06
0002601   7.4517E+07 -8.1070E+05  4.0423E+06
0002602   7.2449E+07 -1.0219E+06 -1.4931E+06
0002603   7.6531E+07 -1.7719E+05  3.8661E+06
0002604   7.8484E+07  2.4124E+06 -1.8643E+06
0002605   7.6132E+07 -6.8812E+05  1.5990E+06
0002606   7.7204E+07 -1.1708E+06  1.3328E+06
0002607   7.4726E+07  1.0276E+06 -1.3666E+05
0002608   7.2194E+07  7.2416E+05  1.5434E+05
0002609   7.6211E+07  5.0499E+05  2.0882E+06
0002610   7.2658E+07 -1.2634E+06 -2.4466E+06
0002611   7.5365E+07  4.2593E+05  2.5016E+06
0002612   7.5628E+07  2.9028E+06 -1.8385E+06
0002613   7.2653E+07  8.3191E+05  1.5566E+06
0002614   7.6292E+07 -1.8353E+06  1.0735E+05
0002615   7.5688E+07 -5.5408E+05 -3.1276E+05
0002616   7.8220E+07 -1.8632E+06  6.7735E+05
0002617   7.5862E+07 -2.1774E+06  7.1515E+05
0002618   7.4947E+07  2.7105E+05 -7.7427E+04
0002619   7.5600E+07 -6.7619E+05  1.0657E+06
0002620   7.3721E+07  4.9149E+05  4.7816E+05
0002621   7.4596E+07  2.3896E+06  1.6977E+06
0002622   7.5846E+07 -5.4890E+06  2.5800E+06
0002623   7.5592E+07 -8.9393E+05  1.6537E+06
0002624   7.3751E+07 -1.1195E+07  5.2900E+06
0002625   7.4654E+07 -1.4454E+06 -1.2663E+06
0002626   7.5053E+07 -1.2759E+06 -1.2042E+06
0002627   7.4016E+07 -1.6588E+06 -1.7585E+06
0002628   7.5605E+07  2.3084E+06  9.1241E+05
0002629   7.6502E+07 -3.4118E+06 -9.0498E+05
0002630   7.6304E+07  9.0068E+05  1.8802E+06
0002631   7.5458E+07 -3.2581E+06 -3.5179E+05
0002632   7.5393E+07 -2.3102E+06 -1.2221E+06
0002633   7.6553E+07 -3.5415E+05 -6.8889E+05
0002634   7.3997E+07  8.6201E+05  1.9923E+06
0002635   7.5367E+07 -1.9773E+06  1.3482E+06
0002636   7.3928E+07 -2.7643E+06 -4.5689E+05
0002637   7.2710E+07 -1.9809E+06  7.7098E+04
0002638   7.4100E+07 -4.5692E+05  1.7266E+06
0002639   7.5246E+07 -4.9158E+05  2.2910E+05
0002640   7.4382E+07  5.4817E+04  1.6262E+06
0002641   7.5898E+07 -2.6272E+06 -3.7775E+05
0002642   7.4457E+07  2.5043E+06 -2.5391E+06
0002643   7.5634E+07 -1.0516E+06 -2.7356E+06
0002644   7.4205E+07 -3.6794E+06  2.4930E+06
0002645   7.3992E+07 -1.3520E+06  9.0036E+05
0002646   7.7943E+07  2.1570E+06 -2.7419E+06
0002647   7.3614E+07 -3.9390E+06 -7.3984E+05
0002648   7.4311E+07  6.4851E+05 -1.3335E+06
0002649   7.5134E+07  9.3310E+05  6.1598E+05
0002650   7.4646E+07  4.9526E+05  1.5899E+06
0002651   7.6538E+07  1.1313E+06 -7.4341E+05
0002652   7.4002E+07 -3.2125E+06  2.2197E+06
0002653   7.6893E+07  1.2959E+06 -2.2388E+06
0002654   7.4376E+07  2.8957E+05  1.7920E+05
0002655   7.4715E+07 -1.2196E+06 -2.2849E+06
0002656   7.6257E+07  1.5875E+06  2.0658E+06
0002657   7.4585E+07  5.6375E+05  1.1809E+06
0002658   7.5505E+07 -1.8417E+06 -2.7536E+06
0002659   7.7295E+07  5.4012E+05  1.9063E+06
0002660   7.5953E+07  1.2945E+06  1.7246E+06
0002661   7.5759E+07 -2.2618E+06 -7.3564E+05
0002662   7.5055E+07  5.4664E+06  4.5368E+05
0002663   7.4027E+07  1.1294E+06  8.6783E+05
0002664   7.4341E+07  8.4104E+06  5.7941E+06
0002665   7.6102E+07 -1.8881E+06  1.8238E+06
0002666   7.6226E+07  1.6500E+05  7.9951E+05
0002667   7.6171E+07 -2.9176E+06 -2.4814E+06
0002668   7.4325E+07 -1.1501E+06  7.0196E+03
0002669   7.6927E+07  7.3711E+05 -2.1682E+05
0002670   6.9516E+07  4.5094E+06  8.1673E+06
0002671   7.5462E+07 -3.2293E+06 -2.1770E+06
0002672   7.4769E+07  1.7321E+06  8.5319E+05
0002673   7.3395E+07 -9.1559E+05  3.1590E+05
0002674   7.7554E+07 -3.4346E+05  2.3579E+05
0002675   7.5663E+07  4.1851E+05 -1.7101E+06
0002676   7.4854E+07  1.1571E+06  1.4714E+06
0002677   7.2795E+07  2.1844E+06  4.4236E+05
0002678   7.5903E+07 -2.2495E+06  5.5441E+05
0002679   7.2957E+07  2.2687E+06  8.9770E+05
0002680   7.5484E+07 -1.4399E+06  3.1780E+06
0002681   7.5095E+07 -4.1982E+05  3.1309E+06
0002682   7.6470E+07 -1.2442E+06  9.3415E+05
0002683   7.6094E+07  1.4019E+06 -3.2300E+04
0002684   7.3825E+07  4.9895E+04  5.0283E+05
0002685   7.5662E+07  2.2270E+06  2.8725E+06
0002686   7.6149E+07  1.0979E+06 -3.6473E+05
0002687   7.6182E+07  1.0473E+06 -2.4476E+06
0002688   7.3324E+07  4.2420E+05  3.1486E+05
0002689   7.4835E+07  2.2395E+06  2.0088E+06
0002690   7.5178E+07 -2.5326E+05 -1.3311E+06
0002691   7.8454E+07 -2.5644E+06 -5.2913E+05
0002692   7.6815E+07  7.3228E+05 -1.0539E+05
0002693   7.5406E+07 -1.4277E+05 -1.8515E+06
0002694   7.5689E+07  7.0947E+05  8.8377E+05
0002695   7.5199E+07  5.3235E+05 -3.1385E+06
0002696   7.2946E+07  6.5116E+05 -9.7643E+05
0002697   7.3574E+07  1.1911E+06  1.5876E+06
0002698   7.4881E+07  1.6768E+06 -2.0296E+06
0002699   7.6423E+07 -4.0688E+05 -1.0994E+06
0002700   7.4303E+07 -1.2647E+06 -1.1900E+06
0002701   7.5008E+07  2.0096E+06 -2.3838E+06
0002702   7.6349E+07  5.9647E+05 -9.7016E+05
0002703   7.7633E+07  6.3993E+05 -1.7393E+06
0002704   7.5148E+07  1.3510E+06 -2.9688E+06
0002705   7.4017E+07  3.9985E+06 -8.2159E+05
0002706   7.6461E+07 -4.3975E+06  8.0113E+05
0002707   7.5973E+07  1.3779E+06 -5.6889E+05
0002708   7.7482E+07  1.8896E+06  1.4364E+06
0002709   7.5856E+07  1.2512E+06  4.6922E+05
0002710   7.3786E+07  1.6142E+06  5.7604E+05
0002711   7.3666E+07  2.4707E+06 -7.5717E+05
0002712   7.5737E+07 -1.1673E+05  1.6734E+06
0002713   7.3313E+07  2.1437E+06  1.4614E+06
0002714   7.6001E+07 -1.4802E+06  9.0569E+05
0002715   7.5183E+07  5.7947E+05 -2.6689E+06
0002716   7.4037E+07 -6.3778E+05 -8.9712E+05
0002717   7.5797E+07 -3.0881E+06  3.9159E+05
0002718   7.7226E+07 -2.0223E+06 -1.5351E+05
0002719   7.5565E+07  1.6566E+05 -3.4944E+05
0002720   7.5310E+07  2.7877E+06 -1.4554E+05
0002721   7.2722E+07 -6.8492E+05 -3.0310E+05
0002722   7.3200E+07  1.1481E+07 -1.0051E+07
0002723   7.4263E+07 -2.1273E+06  9.6267E+05
0002724   7.4637E+07 -3.1501E+05  1.1815E+06
0002725   7.5934E+07  2.5163E+06 -8.4863E+03
0002726   7.4007E+07  2.3034E+06  1.1400E+06
0002727   7.4177E+07 -6.6206E+04  7.4248E+05
0002728   7.5811E+07 -1.3660E+06  1.0788E+06
0002729   7.6566E+07 -2.9833E+06  3.1274E+06
0002730   7.5923E+07 -1.2632E+06 -1.4710E+06
0002731   7.5704E+07 -1.0981E+06 -1.6296E+06
0002732   7.7487E+07 -1.4525E+06  2.7605E+06
0002733   7.5881E+07  7.8051E+05  2.8687E+05
0002734   7.3500E+07  4.8330E+05 -6.4894E+05
0002735   7.6412E+07 -1.5383E+06  7.6170E+05
0002736   7.5232E+07  1.5825E+06  4.3177E+05
0002737   7.4081E+07  1.4846E+06 -6.6597E+05
0002738   7.6123E+07 -1.8564E+06 -2.0144E+06
0002739   7.3778E+07 -3.2928E+06 -7.9249E+04
0002740   7.6712E+07  2.2462E+06  7.3339E+05
0002741   7.6047E+07 -3.5161E+05  4.8196E+05
0002742   7.5845E+07  3.4778E+05  1.1131E+06
0002743   7.4836E+07  1.1743E+06  8.8467E+05
0002744   7.5430E+07  1.7585E+06 -4.3753E+05
0002745   7.4907E+07 -2.0388E+06 -8.9294E+05
0002746   7.6035E+07 -1.3996E+06 -2.0685E+06
0002747   7.5378E+07 -1.5681E+06 -1.4182E+06
0002748   7.6295E+07  1.1811E+06 -7.4619E+05
0002749   7.5227E+07  1.4239E+05  3.2968E+05
0002750   7.4855E+07 -9.6157E+05  7.1669E+05
0002751   7.6487E+07 -8.5275E+05 -5.8578E+05
0002752   7.5636E+07  1.9570E+06  5.1966E+04
0002753   7.2817E+07 -3.8391E+05  2.5047E+06
0002754   7.4589E+07 -1.0787E+06  1.9962E+06
0002755   7.4598E+07 -1.4181E+06  1.9977E+06
0002756   7.3024E+07 -1.6848E+06 -5.8043E+06
0002757   7.3978E+07 -2.1462E+06 -1.6937E+06
0002758   7.5058E+07 -2.2261E+06  3.1122E+05
0002759   6.9289E+07  7.0704E+06  1.3184E+06
0002760   7.5860E+07 -1.4965E+05 -2.9653E+03
0002761   7.3050E+07  1.1986E+06  4.3456E+05
0002762   7.5652E+07  3.5823E+05  1.0719E+06
0002763   7.7550E+07  9.2261E+04 -2.6929E+06
0002764   7.4382E+07 -1.6173E+06  6.0391E+04
0002765   7.3936E+07  9.3850E+04 -2.4186E+06
0002766   7.5803E+07 -1.4255E+06 -1.5973E+06
0002767   7.3770E+07 -2.3123E+05  5.1247E+04
0002768   7.5962E+07 -2.1944E+06  1.7981E+06
0002769   7.2840E+07 -9.2645E+05 -1.1828E+06
0002770   7.5306E+07  1.7379E+06 -3.1330E+06
0002771   7.5922E+07  1.2700E+06  1.3559E+06
0002772   7.5066E+07  8.9091E+05  1.9720E+05
0002773   7.3448E+07  7.5782E+05  5.0522E+04
0002774   7.4146E+07 -7.2869E+04  9.8893E+05
0002775   7.4788E+07  1.8483E+06  1.8559E+06
0002776   7.5918E+07 -7.4298E+05  3.6953E+06
0002777   7.7138E+07  9.9575E+05 -1.2570E+06
0002778   7.4687E+07  2.6030E+06 -1.6456E+06
0002779   7.5981E+07  1.4410E+06  1.0245E+06
0002780   7.7381E+07  2.2590E+04  8.8249E+05
0002781   7.5315E+07  2.1903E+06  2.3361E+04
0002782   7.5474E+07 -1.7003E+05 -1.4242E+06
0002783   7.4224E+07  4.0223E+06 -4.1329E+06
0002784   7.6261E+07  6.4246E+05 -8.9063E+05
0002785   7.4534E+07  3.2433E+05  1.1817E+06
0002786   7.4221E+07  6.0807E+04 -4.3195E+05
0002787   7.5003E+07 -5.9533E+05  1.8746E+06
0002788   7.5189E+07 -1.7982E+05 -3.2234E+05
0002789   7.3090E+07 -9.1190E+05  7.1470E+05
0002790   7.6506E+07 -3.1542E+06  2.2056E+06
0002791   7.4789E+07 -1.5634E+06 -1.8485E+06
0002792   7.4540E+07  1.4001E+06  4.6227E+05
0002793   7.5206E+07 -5.3589E+05 -8.4310E+05
0002794   7.6816E+07 -1.3474E+06  1.3521E+06
0002795   7.5464E+07  5.6580E+05  8.0866E+05
0002796   7.4801E+07 -1.0725E+06  7.9107E+05
0002797   7.6679E+07 -1.5642E+06  8.5085E+04
0002798   7.6954E+07 -1.3179E+06 -8.2501E+05
0002799   7.3807E+07 -1.8551E+06 -7.0535E+05
0002800   7.5716E+07  1.8394E+05 -2.9796E+06
0002801   7.2802E+07 -1.5318E+06 -1.2014E+06
0002802   7.6194E+07 -1.0801E+06 -5.1914E+05
0002803   7.3857E+07 -1.3190E+05  2.6994E+05
0002804   7.4884E+07  2.3845E+05 -2.1491E+05
0002805   7.5434E+07  4.0226E+05  1.6129E+06
0002806   7.8051E+07  4.8889E+05 -1.5008E+06
0002807   7.5778E+07  3.2417E+05  2.6349E+06
0002808   7.4583E+07  1.8130E+06 -1.0830E+04
0002809   7.5299E+07  1.7586E+06 -7.8890E+05
0002810   7.5519E+07  6.7468E+05 -1.6325E+06
0002811   7.4774E+07 -2.6685E+05  1.4247E+06
0002812   7.4274E+07 -6.9066E+05 -2.3147E+06
0002813   7.5219E+07  1.3816E+06  2.9001E+06
0002814   7.5624E+07 -4.6856E+04  2.5084E+05
0002815   7.3896E+07  2.4305E+06  7.8049E+05
0002816   7.5527E+07  1.4809E+06  1.2533E+06
0002817   7.5213E+07 -1.3644E+06 -2.2619E+06
0002818   7.5539E+07 -6.5070E+04 -8.1600E+05
0002819   7.5491E+07 -8.7068E+05  4.2174E+05
0002820   7.4440E+07 -7.1435E+05 -3.6778E+05
0002821   7.6282E+07  1.8660E+06 -7.7809E+05
0002822   7.5454E+07  1.1939E+06 -1.3820E+06
0002823   7.6848E+07 -1.0374E+06  1.1765E+06
0002824   7.3137E+07 -2.1085E+06 -3.7546E+06
0002825   7.7866E+07 -6.5240E+05  1.5492E+06
0002826   7.6357E+07 -2.0331E+06 -2.7053E+06
0002827   7.2542E+07  2.1890E+06 -4.8301E+05
0002828   7.5297E+07  1.7434E+06 -7.7382E+05
0002829   7.4038E+07 -1.6698E+06  1.9525E+06
0002830   7.3570E+07 -3.1684E+05 -1.9966E+05
0002831   7.5295E+07 -2.0510E+06 -9.0675E+05
0002832   7.4707E+07 -1.8059E+05  3.5039E+06
0002833   7.5131E+07  2.9196E+05 -2.6506E+06
0002834   7.1863E+07  4.0190E+06  1.7205E+06
0002835   7.5134E+07 -1.2751E+06  1.5077E+05
0002836   7.6833E+07 -4.2539E+05  1.9673E+06
0002837   7.3777E+07 -1.1316E+06  1.9502E+06
0002838   7.6649E+07  4.0774E+05 -7.6699E+05
0002839   7.3915E+07 -2.3167E+06  3.1426E+06
0002840   7.2338E+07 -9.3656E+05 -1.3045E+06
0002841   7.6655E+07 -6.6596E+05  2.1572E+04
0002842   7.3271E+07 -1.1592E+05 -1.6690E+06
0002843   7.4362E+07  2.8157E+05 -1.5462E+06
0002844   7.3342E+07  4.5448E+06 -1.4525E+06
0002845   7.4238E+07  4.9311E+04 -6.1495E+05
0002846   7.3989E+07  2.9890E+06  1.1695E+06
0002847   7.3227E+07 -2.7027E+06  3.9970E+05
0002848   7.4565E+07 -1.8858E+05  8.4083E+05
0002849   7.2981E+07 -4.2988E+05  2.8226E+05
0002850   7.5484E+07  2.0405E+06  8.9047E+05
0002851   7.3704E+07  8.0496E+05  2.5442E+06
0002852   7.6306E+07 -1.1882E+06  3.0574E+06
0002853   7.3999E+07  1.5660E+06 -2.1605E+06
0002854   7.5299E+07  2.4951E+06 -1.3480E+06
0002855   7.5227E+07 -5.6450E+06  3.3458E+06
0002856   7.6142E+07  6.5298E+05  2.0594E+06
0002857   7.3507E+07  8.7736E+05 -1.4560E+06
0002858   7.5316E+07 -5.6722E+05 -1.6540E+06
0002859   7.5760E+07 -1.6477E+06  5.5543E+05
0002860   7.3699E+07  1.3991E+06  2.3781E+06
0002861   7.5089E+07  4.5967E+06  1.2543E+05
0002862   7.3765E+07  8.7915E+06 -8.9852E+06
0002863   7.5176E+07  1.8346E+05  7.8564E+05
0002864   7.4907E+07 -1.8150E+06 -7.0345E+05
0002865   7.5388E+07 -3.7813E+06 -2.7707E+06
0002866   7.5629E+07  2.9664E+06  1.3452E+06
0002867   7.5026E+07 -1.1935E+06  1.0346E+06
0002868   7.6860E+07  4.6720E+05  2.1123E+06
0002869   7.6085E+07 -1.1696E+05 -2.1919E+06
0002870   7.3908E+07  5.4631E+04 -1.3809E+05
0002871   7.4941E+07 -2.0319E+05  1.0221E+06
0002872   7.7687E+07 -1.4009E+06 -1.0783E+06
0002873   7.5089E+07  1.2432E+06 -1.4230E+06
0002874   7.5252E+07 -4.7177E+04 -1.4733E+06
0002875   7.4442E+07 -9.7253E+05  1.2656E+06
0002876   7.5170E+07  5.0997E+05  3.4365E+05
0002877   7.5343E+07  2.7607E+06 -1.6142E+06
0002878   7.5437E+07 -9.5655E+05 -1.8008E+06
0002879   7.4140E+07 -1.1978E+06  1.4214E+06
0002880   7.4544E+07  2.3663E+06  4.0881E+05
0002881   7.5345E+07 -3.5149E+06 -2.0509E+05
0002882   7.4606E+07 -1.5247E+05  1.2870E+06
0002883   7.5591E+07  4.4972E+05 -6.0686E+05
0002884   7.3659E+07  2.4008E+06  8.9622E+05
0002885   7.5470E+07  9.3980E+05  1.2960E+05
0002886   7.8101E+07 -1.3285E+06 -4.4083E+05
0002887   7.6806E+07 -8.2059E+04  3.8274E+04
0002888   7.3164E+07  9.9680E+05 -1.9157E+06
0002889   7.5307E+07  1.1593E+06 -1.4620E+06
0002890   7.6905E+07  3.2560E+05  7.8324E+05
0002891   7.5977E+07  1.3998E+05  1.9774E+06
0002892   7.5903E+07  1.5840E+06 -4.0682E+06
0002893   7.6359E+07  1.8827E+06  1.5297E+06
0002894   7.5850E+07  2.4682E+06 -1.6086E+06
0002895   7.2627E+07  7.1221E+05  3.8519E+05
0002896   7.6365E+07 -8.9175E+05  2.5675E+06
0002897   7.5902E+07 -2.3968E+05  1.6700E+06
0002898   7.4599E+07 -2.4065E+06  6.6310E+05
0002899   7.3429E+07  8.8124E+04 -1.4170E+06
0002900   7.4033E+07  1.2505E+05  4.7405E+05
0002901   7.2331E+07 -2.2116E+05 -1.3155E+06
0002902   7.3540E+07 -1.1703E+06 -1.2109E+06
0002903   7.5495E+07  3.4438E+05  1.8312E+06
0002904   7.4318E+07  1.4830E+06 -1.6340E+06
0002905   7.3140E+07 -2.7407E+06 -6.9333E+05
0002906   7.5942E+07  7.5603E+05 -8.9981E+05
0002907   7.4806E+07 -1.4039E+06  7.6360E+04
0002908   7.3738E+07  1.6707E+06  6.6261E+05
0002909   7.3337E+07  7.1371E+05 -3.6218E+05
0002910   7.5819E+07  1.0519E+06  1.2423E+06
0002911   7.4910E+07 -2.8473E+06 -3.0005E+06
0002912   7.3606E+07 -7.4432E+05 -6.8765E+05
0002913   7.7257E+07 -9.3226E+05  1.0672E+06
0002914   7.5155E+07  1.4436E+06  2.9254E+06
0002915   7.6246E+07 -3.9067E+06  2.0908E+06
0002916   7.6672E+07  2.0238E+06 -2.2962E+05
0002917   7.5635E+07  1.5736E+06 -2.9997E+06
0002918   7.3401E+07  1.7034E+06  1.3672E+06
0002919   7.4416E+07  4.4810E+05  1.9485E+06
0002920   7.4266E+07  1.7842E+06 -1.0217E+06
0002921   7.4666E+07  1.7667E+06 -1.5522E+06
0002922   7.7204E+07  1.2411E+06  2.5235E+06
0002923   7.4727E+07  4.8956E+04 -4.5978E+05
0002924   7.7353E+07  1.9219E+05  4.2287E+05
0002925   7.4310E+07 -5.1770E+05  3.1791E+06
0002926   7.6484E+07  6.8191E+05  1.2356E+06
0002927   7.6071E+07  3.2927E+06 -1.7026E+05
0002928   7.3975E+07 -1.1988E+06 -1.9371E+06
0002929   7.4976E+07  1.2129E+06 -1.1081E+06
0002930   7.3579E+07  2.2508E+06 -1.0684E+06
0002931   7.3051E+07 -1.2661E+06 -1.7492E+06
0002932   7.6740E+07  3.8474E+03  6.9910E+05
0002933   7.5662E+07 -6.1232E+05 -1.1081E+06
0002934   7.3697E+07  5.6997E+05 -4.9570E+06
0002935   7.4340E+07 -1.2482E+04  3.0269E+06
0002936   7.5100E+07 -6.3529E+05  1.3655E+06
0002937   7.4519E+07  4.0642E+06  1.4153E+06
0002938   7.3922E+07  6.6210E+05  2.6581E+06
0002939   7.4034E+07  1.1111E+06  1.3018E+06
0002940   7.7619E+07 -1.8554E+06  1.2898E+06
0002941   7.2496E+07  9.8975E+05  7.3516E+05
0002942   7.5465E+07  1.5827E+06 -1.7789E+06
0002943   7.4731E+07 -2.7203E+06 -2.6564E+06
0002944   7.5287E+07  4.7066E+05  1.9803E+06
0002945   7.6231E+07 -2.1788E+06 -2.2314E+06
0002946   7.5759E+07  1.4574E+05 -2.2594E+06
0002947   7.2290E+07  8.7468E+05  7.0507E+05
0002948   7.1715E+07  1.0528E+06 -8.9380E+05
0002949   7.8068E+07 -1.4390E+06 -1.5644E+06
0002950   7.5104E+07 -7.9388E+05  4.6408E+05
0002951   7.4763E+07 -4.3026E+04  9.4024E+05
0002952   7.2820E+07  6.8030E+05  1.5822E+06
0002953   7.6045E+07 -3.3360E+06 -1.5267E+06
0002954   7.4438E+07  3.0160E+06  7.9248E+06
0002955   7.6804E+07 -1.1771E+06  1.0378E+06
0002956   7.4378E+07  4.4945E+05 -1.1454E+06
0002957   7.4512E+07  1.3485E+06 -7.5640E+05
0002958   7.5085E+07  1.6164E+05 -1.1041E+06
0002959   7.4761E+07 -1.1586E+06  9.8833E+05
0002960   7.5254E+07  1.7448E+06 -6.8720E+05
0002961   7.6264E+07  8.1395E+03  2.6058E+05
0002962   7.5722E+07  2.4406E+06  3.6551E+05
0002963   7.5010E+07  4.4900E+05  2.1714E+06
0002964   7.5133E+07  3.2113E+06  1.3741E+05
0002965   7.6607E+07 -5.0899E+06 -1.1012E+06
0002966   7.6143E+07 -2.8214E+06  9.7934E+05
0002967   7.5799E+07 -2.4790E+05 -1.0127E+06
0002968   7.5937E+07  1.8034E+06  1.1146E+06
0002969   7.3685E+07 -6.1850E+06 -4.4411E+06
0002970   7.4523E+07 -1.4410E+06  2.7838E+05
0002971   7.3540E+07 -1.3138E+06 -1.9650E+06
0002972   7.5837E+07 -1.3190E+06  1.7475E+06
0002973   7.6671E+07  1.0911E+06 -1.4311E+06
0002974   7.2435E+07  1.5347E+06 -2.7751E+06
0002975   7.3636E+07 -1.1798E+06 -1.4707E+05
0002976   7.5057E+07 -6.1478E+05 -1.0685E+05
0002977   7.8035E+07  2.2127E+06  2.1417E+06
0002978   7.6623E+07 -1.4263E+06  2.7082E+06
0002979   7.5018E+07  1.5385E+05  2.3906E+06
0002980   7.4865E+07  9.1265E+05  3.0702E+06
0002981   7.4231E+07  2.0077E+06  1.0244E+06
0002982   7.4706E+07  2.9822E+06  2.2107E+06
0002983   7.5199E+07 -3.1072E+05  1.8445E+06
0002984   7.6398E+07 -2.6367E+05  8.6779E+05
0002985   7.3441E+07 -1.3854E+05 -2.6089E+05
0002986   7.3594E+07 -1.3249E+06 -1.7117E+06
0002987   7.6792E+07  1.2526E+06  1.5061E+06
0002988   7.5458E+07  7.0931E+04 -1.4559E+06
0002989   7.6109E+07  2.9727E+05 -1.2974E+06
0002990   7.6492E+07  4.3613E+05  2.6826E+05
0002991   7.6249E+07  6.7288E+05 -1.9770E+06
0002992   7.5332E+07  5.3171E+06  7.4861E+05
0002993   7.4945E+07 -1.6535E+05 -1.3246E+06
0002994   7.5849E+07  2.6767E+06 -1.4142E+06
0002995   7.7457E+07 -1.2731E+06 -4.2541E+05
0002996   7.5981E+07 -2.4815E+06 -1.4681E+05
0002997   7.4650E+07  2.7676E+06 -8.0062E+05
0002998   7.4620E+07  7.8983E+05  8.6654E+05
0002999   7.2918E+07  3.1179E+05 -6.6331E+05
0003000   7.5303E+07  2.0283E+05  7.1629E+05
0003001   7.6040E+07  9.5114E+05  2.5802E+06
0003002   7.3739E+07 -3.2906E+06  2.5527E+06
0003003   7.5359E+07 -3.5525E+05  1.0025E+06
0003004   7.5903E+07 -8.5835E+05 -3.6745E+06
0003005   7.4860E+07 -5.4722E+05 -1.2476E+06
0003006   7.4603E+07 -2.0309E+06  8.1869E+04
0003007   7.3167E+07  8.4165E+05  1.1195E+05
0003008   7.6150E+07  3.4874E+06 -2.1054E+06
0003009   7.7021E+07 -2.3184E+06  3.6678E+06
0003010   7.5143E+07 -1.0543E+06 -1.2236E+06
0003011   7.5639E+07  1.1779E+06  1.2507E+06
0003012   7.5173E+07  1.5365E+06  5.6968E+05
0003013   7.3743E+07 -1.2155E+06 -1.3816E+06
0003014   7.1549E+07  9.1151E+05 -2.7507E+05
0003015   7.6090E+07  2.9139E+06 -1.0726E+05
0003016   7.5001E+07 -1.3466E+06  3.4020E+05
0003017   7.4184E+07  6.8186E+04  5.5275E+06
0003018   7.4412E+07 -2.2921E+06  8.7099E+05
0003019   7.6118E+07 -1.5343E+06 -6.4203E+05
0003020   7.5008E+07  6.6544E+05  8.2864E+05
0003021   7.4925E+07 -3.2242E+06 -2.8406E+05
0003022   7.5344E+07 -1.8381E+06 -4.1383E+05
0003023   7.2151E+07 -1.2924E+06  1.3158E+06
0003024   7.5687E+07 -1.0317E+05 -2.9857E+05
0003025   7.1901E+07  1.1578E+06  3.9291E+06
0003026   7.6971E+07  9.6738E+05  1.1329E+06
0003027   7.7198E+07  3.0842E+06  9.7129E+05
0003028   7.3764E+07 -3.1094E+06 -1.9450E+06
0003029   7.5940E+07  5.0799E+05  1.4757E+06
0003030   7.5490E+07 -4.2604E+06 -5.7498E+06
0003031   7.5214E+07  1.0491E+06  2.8788E+05
0003032   7.5485E+07 -1.6018E+06 -1.6935E+06
0003033   7.5973E+07  1.6128E+05 -8.7854E+05
0003034   7.5736E+07  8.8836E+06  6.7449E+05
0003035   7.4110E+07  1.9522E+06 -1.8098E+06
0003036   7.5324E+07 -2.5155E+06 -3.5456E+06
0003037   7.6965E+07 -3.4779E+05 -7.6790E+05
0003038   7.5727E+07 -1.4678E+06  2.8901E+05
0003039   7.6293E+07 -1.1618E+06 -5.9729E+05
0003040   7.3688E+07 -2.8505E+05  7.1353E+05
0003041   7.5299E+07 -3.5936E+06  4.4696E+05
0003042   7.6088E+07  2.0566E+06  9.9551E+05
0003043   7.6231E+07 -2.8592E+05  3.3585E+05
0003044   7.5765E+07 -1.6826E+06 -5.0019E+06
0003045   7.0908E+07  1.2017E+06  2.1201E+06
0003046   7.6550E+07  4.3115E+05  1.7204E+06
0003047   7.5125E+07 -6.2351E+05  6.2853E+05
0003048   7.3159E+07  5.0884E+05 -1.8681E+06
0003049   7.6882E+07 -3.8130E+06  5.6625E+05
0003050   7.4215E+07 -6.1761E+05 -4.0050E+06
0003051   7.5258E+07  3.6649E+06  1.2410E+06
0003052   7.5782E+07 -2.0674E+06  9.9990E+05
0003053   7.5116E+07 -9.4063E+05 -2.6268E+06
0003054   7.4792E+07  3.8596E+06  1.1791E+06
0003055   7.3913E+07 -3.4100E+05  2.2165E+06
0003056   7.4367E+07  1.3164E+06  4.8454E+05
0003057   7.8123E+07 -2.4330E+06 -9.5439E+04
0003058   7.6286E+07  4.8015E+05 -3.5383E+05
0003059   7.2952E+07 -5.6448E+05  8.3021E+05
0003060   7.2578E+07  2.2690E+05 -1.8310E+06
0003061   7.5317E+07 -3.6861E+06  1.2700E+06
0003062   7.4612E+07 -2.0949E+06  3.7155E+06
0003063   7.4051E+07  3.2790E+06  7.2977E+06
0003064   7.5643E+07  8.0519E+04 -6.1425E+05
0003065   7.6793E+07  7.3863E+05 -1.1728E+04
0003066   7.6333E+07  2.5381E+06  9.5190E+04
0003067   7.6379E+07  3.1584E+06 -7.8440E+05
0003068   7.3530E+07 -5.0851E+05  4.5171E+05
0003069   7.5300E+07 -1.8931E+06 -2.0965E+06
0003070   7.4064E+07  7.3958E+05  1.5166E+06
0003071   7.6242E+07  1.9075E+06  2.1387E+06
0003072   7.4411E+07 -4.8972E+05 -1.0283E+06
0003073   7.5035E+07 -2.1464E+06  5.0739E+06
0003074   7.6090E+07 -6.2830E+05 -2.0176E+06
0003075   7.4433E+07 -6.6585E+06 -3.3030E+06
0003076   7.5213E+07  1.0403E+06 -8.5783E+05
0003077   7.4212E+07  1.1837E+05  1.1769E+06
0003078   7.6474E+07 -2.1462E+06  3.1302E+05
0003079   7.4623E+07 -1.8953E+06 -5.4325E+05
0003080   7.6921E+07 -7.8569E+05  1.9535E+06
0003081   7.4098E+07 -1.0013E+06  2.9158E+06
0003082   7.8963E+07 -1.4966E+06 -1.4052E+06
0003083   7.4836E+07 -9.1067E+05  1.5642E+06
0003084   7.4435E+07  1.6443E+06 -1.1114E+06
0003085   7.4527E+07  2.4904E+06 -1.0544E+06
0003086   7.4099E+07  1.9435E+06  5.7568E+05
0003087   7.4451E+07  7.9221E+05 -2.9263E+06
0003088   7.5201E+07 -4.4281E+05  1.6666E+06
0003089   7.5002E+07  1.4592E+06  1.3560E+06
0003090   7.3787E+07 -6.6233E+05 -1.4585E+06
0003091   7.6144E+07  1.6175E+06  1.5521E+06
0003092   7.5744E+07  3.6265E+06 -2.9687E+06
0003093   7.5170E+07  9.3716E+05  1.5723E+06
0003094   7.6362E+07 -2.1098E+06  1.8945E+06
0003095   7.6441E+07 -3.1796E+06 -2.3579E+06
0003096   7.4741E+07 -2.6801E+06 -2.1498E+06
0003097   7.6061E+07 -9.7918E+05 -7.1931E+05
0003098   7.5137E+07 -1.4659E+06 -1.9797E+06
0003099   7.2824E+07  2.4787E+05  2.9407E+06
0003100   7.4817E+07  2.1566E+06  1.9285E+06
0003101   7.3556E+07  1.8035E+06 -2.9754E+06
0003102   7.4173E+07  1.5030E+06 -2.4910E+06
0003103   7.7233E+07  1.3016E+06 -1.7362E+06
0003104   7.5465E+07  2.9263E+05  6.7979E+05
0003105   7.4873E+07 -1.2802E+06  4.0429E+05
0003106   7.4785E+07 -2.0013E+06  8.6929E+05
0003107   7.4239E+07 -1.7802E+06  3.3688E+06
0003108   7.4316E+07  7.9292E+05  3.6014E+05
0003109   7.6314E+07  3.2578E+06 -2.6732E+06
0003110   7.3192E+07 -1.2801E+06  1.6949E+06
0003111   7.3309E+07 -4.7506E+05 -3.6488E+06
0003112   7.4275E+07 -7.4401E+05 -1.8778E+06
0003113   7.4389E+07  6.3798E+05  2.1229E+05
0003114   7.6011E+07  1.6060E+06 -6.9214E+05
0003115   7.5532E+07  2.5520E+05  1.6866E+05
0003116   7.4517E+07 -3.0698E+04  1.2136E+06
0003117   7.5083E+07 -3.2081E+06  1.4835E+06
0003118   7.4418E+07  6.6596E+06  3.9827E+06
0003119   7.7944E+07 -2.1674E+06  4.7191E+05
0003120   7.8025E+07  2.0665E+05  4.2803E+04
0003121   7.6585E+07  1.1210E+06 -1.6429E+06
0003122   7.4406E+07  9.0557E+05 -6.7040E+05
0003123   7.3216E+07 -1.7836E+05  4.3028E+05
0003124   7.5104E+07  6.2567E+05  1.7863E+06
0003125   7.5822E+07 -4.2903E+04  1.4330E+06
0003126   7.3824E+07 -3.4305E+06 -4.4063E+05
0003127   7.6231E+07 -1.9387E+05  3.0987E+03
0003128   7.3036E+07  1.1731E+06 -1.1521E+06
0003129   7.3098E+07  4.4585E+06 -2.3676E+06
0003130   7.4122E+07 -2.3216E+05 -2.6068E+04
0003131   7.6446E+07  2.6742E+06 -3.9322E+05
0003132   7.7164E+07  2.8478E+06  2.5410E+06
0003133   7.4652E+07  7.6822E+05 -1.7018E+06
0003134   7.3854E+07  1.5690E+06 -1.5665E+06
0003135   7.6008E+07  2.6638E+06  5.5648E+05
0003136   7.3907E+07  1.7202E+06  1.5544E+05
0003137   7.5830E+07  3.6447E+05  2.1305E+06
0003138   7.4468E+07  2.5665E+06  1.9261E+06
0003139   7.4434E+07  9.4802E+05 -4.3160E+05
0003140   7.1964E+07  1.6281E+06  1.8837E+06
0003141   7.5343E+07  2.0093E+05  1.9664E+06
0003142   7.2787E+07  1.7540E+06  7.0958E+05
0003143   7.5115E+07  2.8731E+05 -1.8868E+06
0003144   7.5644E+07  1.6920E+06 -1.6218E+06
0003145   7.3867E+07 -5.1148E+05 -1.5357E+06
0003146   7.6093E+07 -1.8526E+06  8.7245E+05
0003147   7.6049E+07  1.0538E+06  1.8854E+06
0003148   7.4471E+07  1.6019E+05  1.1868E+06
0003149   7.5119E+07 -1.8427E+06  6.3139E+04
0003150   7.4126E+07 -1.3346E+06  6.1309E+05
0003151   7.3872E+07  7.1781E+05  7.9532E+05
0003152   7.8746E+07 -1.2763E+06  6.1774E+05
0003153   7.6197E+07  1.2091E+06 -3.0484E+05
0003154   7.6246E+07 -1.1298E+06 -3.6509E+05
0003155   7.5816E+07 -7.0428E+05 -1.2750E+06
0003156   7.3490E+07  3.4342E+05  1.1488E+06
0003157   7.4220E+07  3.2468E+06  8.5532E+05
0003158   7.4341E+07  5.1697E+05  4.8242E+05
0003159   7.6582E+07  2.2880E+06 -1.4703E+05
0003160   7.3653E+07 -8.0313E+05 -1.2370E+05
0003161   7.7086E+07 -2.0446E+06 -5.8828E+05
0003162   7.3218E+07  9.6324E+05 -2.3518E+06
0003163   7.7251E+07 -1.5461E+05 -1.0131E+06
0003164   7.6839E+07 -6.5764E+05 -1.8940E+05
0003165   7.6852E+07  4.0047E+05 -8.5452E+05
0003166   7.7047E+07 -2.8676E+06  1.1307E+06
0003167   7.6978E+07 -7.6395E+05 -9.2404E+05
0003168   7.5779E+07  6.0525E+05  7.3162E+05
0003169   7.7474E+07  3.8454E+05  3.8113E+05
0003170   7.4263E+07 -7.5596E+05 -8.8007E+05
0003171   7.3598E+07  5.7591E+05 -1.8681E+06
0003172   7.4678E+07  7.3069E+05  8.4856E+05
0003173   7.7163E+07  1.6309E+06  1.5150E+06
0003174   7.5455E+07  2.9425E+05 -1.2446E+06
0003175   7.3152E+07  1.5848E+06  2.8392E+06
0003176   7.5426E+07 -1.2259E+06  7.8242E+05
0003177   7.5139E+07  3.2364E+06  2.6090E+06
0003178   7.4319E+07  1.5848E+06  1.0206E+06
0003179   7.4866E+07 -1.2805E+05 -4.9772E+05
0003180   7.5150E+07  2.3738E+04 -3.4203E+05
0003181   7.6860E+07  7.4264E+05  1.5054E+06
0003182   7.3844E+07 -3.3098E+06 -1.8905E+06
0003183   7.4339E+07  2.3859E+06  1.9961E+06
0003184   7.5896E+07 -1.0086E+06  5.5746E+05
0003185   7.5571E+07 -1.4284E+06 -7.7551E+05
0003186   7.5085E+07 -3.4140E+06  2.1681E+06
0003187   7.4935E+07 -1.3495E+06  1.3971E+05
0003188   7.3589E+07 -5.2715E+04  5.0534E+05
0003189   7.8059E+07 -4.8105E+05 -9.5761E+05
0003190   7.3810E+07 -8.1915E+05 -5.8708E+04
0003191   7.5421E+07 -1.6626E+06  2.9136E+06
0003192   7.5182E+07  2.7459E+06 -2.5608E+06
0003193   7.4178E+07 -8.5840E+05  1.2230E+06
0003194   7.6915E+07  3.0719E+06  5.0559E+05
0003195   7.6001E+07 -2.8053E+06  1.2984E+06
0003196   7.6443E+07  2.8169E+06  2.4616E+05
0003197   7.5610E+07 -2.1745E+05 -2.3513E+06
0003198   7.5801E+07  8.4543E+05  3.5017E+06
0003199   7.6601E+07 -7.5745E+05 -1.8572E+05
0003200   7.6767E+07  2.4390E+05  1.3738E+06
0003201   7.6675E+07 -2.5517E+04  4.9871E+05
0003202   7.4318E+07 -2.9601E+05 -1.5539E+06
0003203   7.5248E+07 -2.2256E+06  3.1120E+06
0003204   7.3877E+07  1.9445E+06 -2.0112E+06
0003205   7.4872E+07  1.3064E+06  1.0575E+05
0003206   7.2985E+07  6.6051E+05 -1.6496E+06
0003207   7.5466E+07 -1.8825E+05 -7.7940E+05
0003208   7.4492E+07 -3.1082E+05  1.5262E+05
0003209   7.4302E+07 -1.7241E+05 -1.2045E+06
0003210   7.5864E+07 -4.3787E+05  1.4527E+06
0003211   7.2777E+07  6.6088E+05  1.0244E+05
0003212   7.7011E+07  1.3850E+05  7.4737E+05
0003213   7.4577E+07 -3.4277E+06  9.3630E+05
0003214   7.4434E+07  2.5956E+06  2.0514E+06
0003215   7.5046E+07  7.1421E+05 -1.5270E+06
0003216   7.5756E+07 -1.3023E+06 -1.8999E+06
0003217   7.3064E+07 -1.3152E+06  1.2423E+06
0003218   7.7201E+07 -3.5881E+06 -1.3572E+06
0003219   7.4910E+07  2.1127E+06  1.3429E+06
0003220   7.4542E+07  4.1628E+04  4.1176E+05
0003221   7.4654E+07  1.5921E+06  3.0956E+06
0003222   7.5362E+07 -1.8116E+06 -3.4285E+06
0003223   7.4126E+07 -7.9609E+05  1.7576E+06
0003224   7.4803E+07 -2.3703E+06  7.9748E+05
0003225   7.5397E+07 -1.5312E+06 -2.1160E+06
0003226   7.5419E+07  7.4949E+05 -2.0739E+05
0003227   7.4839E+07  1.3670E+06  5.5065E+05
0003228   7.3918E+07  5.2525E+05  3.6001E+05
0003229   7.7532E+07  4.2970E+05 -2.0162E+04
0003230   7.3626E+07 -1.9924E+06 -1.7480E+05
0003231   7.5036E+07  1.5304E+06  2.3781E+05
0003232   7.6370E+07 -1.7785E+06  1.0531E+06
0003233   7.6045E+07 -4.1640E+04  3.6801E+06
0003234   7.6044E+07  8.7608E+04  9.5701E+05
0003235   7.7082E+07 -1.8991E+05 -1.2196E+06
0003236   7.6302E+07  1.5124E+06 -1.4585E+06
0003237   7.6223E+07  8.2517E+05  6.6331E+05
0003238   7.6166E+07  1.5744E+06  2.2664E+06
0003239   7.8011E+07  2.0077E+06 -2.9459E+05
0003240   7.6810E+07  2.4093E+06  2.5241E+06
0003241   7.5897E+07 -7.1761E+04 -5.8883E+05
0003242   7.3520E+07  2.2014E+06 -8.8656E+05
0003243   7.2574E+07  6.7744E+06 -1.8351E+06
0003244   7.4539E+07  3.0805E+05  3.1042E+06
0003245   7.5068E+07  1.0944E+06  9.8530E+05
0003246   7.5436E+07 -4.3140E+06  2.7174E+06
0003247   7.7357E+07 -3.0292E+06  5.2354E+05
0003248   7.5715E+07  4.2323E+06  6.6516E+05
0003249   7.6359E+07  1.9176E+06 -2.3501E+06
0003250   7.6751E+07  1.3887E+06 -1.3516E+06
0003251   7.5479E+07 -1.6247E+06 -1.4343E+06
0003252   7.4745E+07  2.1872E+06 -4.6651E+05
0003253   7.7470E+07 -4.6145E+06  4.9120E+05
0003254   7.4777E+07  9.6104E+04 -1.1263E+06
0003255   7.6429E+07  1.8378E+06 -1.2472E+04
0003256   7.4803E+07  3.5985E+05  2.7840E+05
0003257   7.3554E+07 -1.9713E+06 -2.9120E+06
0003258   7.2970E+07 -2.2128E+06  2.7756E+06
0003259   7.7073E+07  1.4328E+06  2.0852E+06
0003260   7.4851E+07  5.2285E+05  1.2133E+06
0003261   7.4497E+07  5.4242E+05 -3.9804E+06
0003262   7.4207E+07  1.5854E+06  1.3903E+06
0003263   7.4587E+07 -1.9142E+06  1.5486E+06
0003264   7.5934E+07 -2.2480E+06  2.3054E+05
0003265   7.4591E+07 -7.1401E+05  1.0900E+06
0003266   7.4698E+07 -3.9166E+05 -1.2195E+05
0003267   7.5935E+07  1.6139E+06 -1.6514E+06
0003268   7.5104E+07 -5.4261E+06  2.3113E+06
0003269   7.6412E+07  1.2220E+06 -1.5732E+06
0003270   7.3573E+07  1.0267E+07  3.9656E+06
0003271   7.6091E+07 -1.4487E+06 -2.2547E+06
0003272   7.1229E+07  1.5413E+06  5.8147E+05
0003273   7.3599E+07 -3.9876E+06 -5.4129E+06
0003274   7.3655E+07 -2.1517E+05 -3.9199E+05
0003275   7.3894E+07  1.6122E+06 -6.3122E+05
0003276   7.6098E+07 -1.9520E+06 -1.1663E+06
0003277   7.5194E+07 -1.5811E+06 -8.7020E+05
0003278   7.5509E+07  2.0091E+06  9.4456E+05
0003279   7.4747E+07 -7.7032E+05  3.8141E+05
0003280   7.5207E+07 -3.0031E+06  5.6124E+03
0003281   7.5850E+07 -2.1543E+06 -2.8930E+06
0003282   7.2956E+07 -2.8891E+05  1.5329E+06
0003283   7.5287E+07  4.3744E+05  1.0663E+06
0003284   7.5329E+07  2.8705E+06 -2.0506E+06
0003285   7.4137E+07 -2.1432E+06 -2.7090E+06
0003286   7.5507E+07 -1.2977E+06  1.9131E+06
0003287   7.5200E+07 -8.9685E+05 -4.4169E+05
0003288   7.6464E+07 -1.6191E+06  2.2760E+05
0003289   7.6090E+07 -2.0323E+06 -2.8311E+06
0003290   7.2720E+07 -9.1840E+05 -1.4636E+06
0003291   7.4965E+07  1.1418E+06 -3.3576E+05
0003292   7.5043E+07  2.4243E+06  1.5339E+06
0003293   7.5560E+07 -8.6725E+05  1.1732E+06
0003294   7.4915E+07 -2.6638E+05  8.8030E+05
0003295   7.4821E+07  4.0323E+06  3.3992E+06
0003296   7.3686E+07 -1.9439E+06  1.9531E+06
0003297   7.5789E+07 -2.9035E+06  3.3933E+05
0003298   7.4769E+07 -1.4019E+06  1.9574E+06
0003299   7.4290E+07  9.0920E+05  4.5579E+05
0003300   7.6642E+07 -3.2765E+06 -2.7558E+06
0003301   7.5598E+07  6.2282E+04 -1.7288E+06
0003302   7.5919E+07 -1.6872E+05  1.0445E+06
0003303   7.4093E+07 -3.0953E+06 -3.1812E+06
0003304   7.4538E+07  1.8059E+06  3.9286E+05
0003305   7.5151E+07  3.9188E+05 -1.7892E+05
0003306   7.5742E+07 -9.4125E+05 -2.9441E+06
0003307   7.3591E+07  3.2946E+06 -9.7735E+05
0003308   7.4558E+07  8.2340E+05 -1.0889E+06
0003309   7.5201E+07 -1.1535E+06 -3.9164E+05
0003310   7.5384E+07 -1.2036E+06  7.9063E+05
0003311   7.4566E+07  1.4170E+06  3.5302E+06
0003312   7.5070E+07  1.0244E+06  2.1251E+06
0003313   7.6011E+07  2.1555E+06 -2.7463E+06
0003314   7.4224E+07  2.8066E+06 -2.5182E+06
0003315   7.3684E+07 -1.4641E+06  1.8503E+06
0003316   7.4364E+07 -2.3126E+06  3.0171E+06
0003317   7.4878E+07  1.3919E+06 -8.3446E+05
0003318   7.3369E+07 -2.0849E+06 -3.3861E+06
0003319   7.3225E+07 -6.4399E+05  3.2584E+05
0003320   7.6709E+07 -3.5774E+05  1.1874E+06
0003321   7.6078E+07 -3.4997E+06  3.7681E+06
0003322   7.4031E+07 -3.8347E+05  4.3603E+05
0003323   7.6140E+07  9.1938E+05 -4.1716E+05
0003324   7.4921E+07 -2.3763E+06 -1.6327E+06
0003325   7.4985E+07 -1.2610E+06  1.5643E+06
0003326   7.5377E+07  2.4559E+06 -1.8885E+06
0003327   7.6543E+07  1.9272E+06  1.8320E+06
0003328   7.5725E+07 -1.9737E+06 -1.6997E+06
0003329   7.6467E+07  2.6577E+06  1.0564E+06
0003330   7.5914E+07  3.8976E+04  3.0850E+05
0003331   7.2892E+07 -2.7706E+06 -8.6638E+05
0003332   7.5053E+07  1.4748E+06  8.0016E+05
0003333   7.4002E+07  7.7537E+05  1.6827E+05
0003334   7.4404E+07 -9.8499E+05 -1.6510E+06
0003335   7.4982E+07 -1.1921E+06  6.7874E+05
0003336   7.6569E+07 -1.8797E+05 -3.0597E+05
0003337   7.5003E+07 -1.1401E+06  1.1923E+06
0003338   7.6723E+07 -5.4391E+05  1.6356E+06
0003339   7.4256E+07 -1.3726E+06 -2.9133E+06
0003340   7.4607E+07 -2.5371E+06 -1.7069E+06
0003341   7.7954E+07  2.2995E+06 -9.4551E+04
0003342   7.5241E+07 -5.5366E+05  7.0948E+05
0003343   7.5489E+07  1.9013E+06  1.1639E+06
0003344   7.4703E+07 -1.4673E+06 -2.2148E+06
0003345   7.4749E+07  5.2552E+05  5.4702E+06
0003346   7.3389E+07 -1.2657E+06 -2.9848E+06
0003347   7.5889E+07  3.3614E+05 -6.9510E+05
0003348   7.6092E+07  1.4274E+06  7.0520E+05
0003349   7.5018E+07 -5.0324E+05 -9.6444E+05
0003350   7.4483E+07 -3.3757E+05 -1.0140E+05
0003351   7.5425E+07 -5.6082E+05 -1.4414E+06
0003352   7.5049E+07 -2.7113E+06  1.5382E+06
0003353   7.6320E+07  1.1699E+06 -2.1892E+06
0003354   7.4924E+07  1.6663E+05 -3.3612E+05
0003355   7.5218E+07 -2.8770E+06 -1.7391E+06
0003356   7.5132E+07 -2.9508E+06 -9.1216E+05
0003357   7.6178E+07  1.6423E+05 -2.1602E+06
0003358   7.3660E+07  5.0019E+05 -4.1886E+05
0003359   7.7394E+07  1.1797E+06 -3.4941E+06
0003360   7.5808E+07 -3.1681E+06  7.7849E+05
0003361   7.5102E+07 -2.0378E+06 -8.7391E+04
0003362   7.5735E+07  3.4387E+06  1.4176E+06
0003363   7.6549E+07 -8.0101E+05  4.7293E+05
0003364   7.4739E+07  1.6697E+05 -6.7395E+04
0003365   7.7799E+07 -1.8068E+06  2.4250E+06
0003366   7.7032E+07  1.1223E+06 -4.9014E+05
0003367   7.6792E+07 -1.8524E+06  1.4758E+06
0003368   7.4270E+07 -7.5131E+05 -4.0696E+06
0003369   7.4776E+07  2.5984E+06  4.8149E+05
0003370   7.4203E+07  2.3440E+06  9.9980E+05
0003371   7.5814E+07  2.1197E+05 -1.6122E+06
0003372   7.3755E+07  1.0975E+06  2.8426E+06
0003373   7.6165E+07 -3.8024E+06 -3.7032E+06
0003374   7.4817E+07 -4.3884E+05  6.1447E+05
0003375   7.4068E+07 -4.4846E+06  3.0463E+06
0003376   7.5418E+07  7.7496E+05  2.2499E+06
0003377   7.6112E+07  9.8043E+06 -2.6328E+06
0003378   7.4638E+07 -1.3393E+06 -2.3397E+05
0003379   7.4409E+07  7.2496E+05  3.2235E+05
0003380   7.5574E+07  1.1034E+06  2.7466E+06
0003381   7.6761E+07 -9.9909E+05 -1.6780E+06
0003382   7.6173E+07  1.3517E+06 -1.2706E+06
0003383   7.3767E+07  3.6693E+04  7.6819E+04
0003384   7.5036E+07 -9.2185E+05 -2.2517E+06
0003385   7.4737E+07 -1.3736E+06 -1.1975E+06
0003386   7.3729E+07  8.3514E+04 -6.2646E+05
0003387   7.5700E+07 -2.3329E+06  1.8173E+06
0003388   7.4131E+07 -1.2947E+06 -5.5382E+05
0003389   7.4390E+07 -2.5781E+06 -2.2825E+05
0003390   7.5315E+07  1.2289E+06 -1.8492E+06
0003391   7.4361E+07 -4.6263E+05  1.2818E+05
0003392   7.6387E+07 -5.1833E+06 -2.2441E+06
0003393   7.5529E+07  1.5753E+06 -5.3593E+06
0003394   7.2982E+07 -6.6697E+05 -2.7762E+06
0003395   7.5903E+07  1.3897E+05  5.0331E+05
0003396   7.4889E+07 -6.1869E+05  1.2379E+04
0003397   7.4785E+07  1.1498E+05 -9.2624E+05
0003398   7.3760E+07 -1.9706E+06  2.1830E+06
0003399   7.6090E+07  8.2195E+05 -8.9306E+05
0003400   7.5472E+07 -2.5867E+06  2.4292E+06
0003401   7.4411E+07  1.4162E+06  1.3506E+06
0003402   7.4555E+07 -2.2633E+06 -4.2308E+06
0003403   7.7786E+07  1.8294E+06 -4.5675E+05
0003404   7.8188E+07  4.7259E+06 -2.2992E+06
0003405   7.4940E+07 -1.3778E+06 -2.4658E+06
0003406   7.4571E+07 -2.5647E+05  2.6237E+06
0003407   7.4798E+07 -4.2245E+06 -1.5945E+06
0003408   7.4838E+07 -1.3533E+06 -2.1201E+06
0003409   7.5269E+07  3.0761E+05 -6.7459E+05
0003410   7.3395E+07  1.2882E+06  1.8096E+06
0003411   7.4895E+07 -3.0995E+06  2.3249E+06
0003412   7.6436E+07  5.0289E+05  2.0493E+06
0003413   7.4279E+07  2.5372E+06 -9.7747E+05
0003414   7.4639E+07  1.9198E+06  7.6941E+05
0003415   7.4931E+07 -3.7378E+05  2.8559E+06
0003416   7.5043E+07 -4.4406E+05 -4.6049E+05
0003417   7.4488E+07 -3.4639E+06 -8.7967E+05
0003418   7.3832E+07 -1.1505E+06 -5.5145E+06
0003419   7.5654E+07 -2.2800E+06 -3.1414E+06
0003420   7.5023E+07  2.5333E+04 -1.0791E+06
0003421   7.3175E+07  1.7335E+05  8.1220E+05
0003422   7.2237E+07 -7.2745E+06  6.5318E+06
0003423   7.5005E+07  1.4267E+06 -1.6936E+06
0003424   7.4704E+07 -3.0096E+06  4.9108E+05
0003425   7.5842E+07 -7.1205E+05 -6.0623E+05
0003426   7.2658E+07 -5.3457E+04 -5.2599E+05
0003427   7.5670E+07 -4.8793E+06 -9.4037E+05
0003428   7.2139E+07  1.9941E+06 -1.0681E+07
0003429   7.5650E+07 -2.5518E+06  1.3587E+05
0003430   7.3811E+07 -3.5017E+05  1.6142E+06
0003431   7.5286E+07  1.3041E+06 -9.0622E+05
0003432   7.3698E+07 -2.7728E+06 -1.6977E+06
0003433   7.5880E+07 -8.2527E+05  5.0444E+05
0003434   7.4435E+07  2.6456E+05 -5.2473E+05
0003435   7.4083E+07  9.4152E+05 -2.3501E+06
0003436   7.4523E+07 -1.8618E+05 -3.2533E+06
0003437   7.4988E+07 -3.1525E+06 -4.7705E+05
0003438   7.3737E+07 -2.8255E+06 -9.5633E+05
0003439   7.3830E+07 -2.0806E+06 -2.6579E+06
0003440   7.4390E+07 -2.7460E+06 -2.3517E+06
0003441   7.6763E+07  2.2571E+06 -1.0775E+06
0003442   7.6692E+07  9.7112E+04 -5.7185E+05
0003443   7.6455E+07 -1.3706E+06 -3.5153E+06
0003444   7.7100E+07  3.3527E+05  3.7104E+05
0003445   7.4413E+07 -4.4963E+04  6.7272E+05
0003446   7.5952E+07 -7.5123E+05  8.0291E+05
0003447   7.2811E+07 -2.4277E+06 -2.1608E+06
0003448   7.3151E+07 -8.9499E+05  9.1591E+06
0003449   7.5159E+07  2.6828E+06 -4.0398E+05
0003450   7.5300E+07  4.0581E+06 -4.2512E+05
0003451   7.4406E+07  2.0356E+05 -2.4646E+06
0003452   7.5674E+07 -1.4117E+06 -4.9170E+05
0003453   7.2267E+07  1.0149E+07 -2.9934E+06
0003454   7.2520E+07  2.3919E+06 -2.9525E+06
0003455   7.5109E+07  2.4869E+05 -1.4022E+06
0003456   7.6789E+07  1.2723E+06  2.5667E+05
0003457   7.4890E+07 -6.0182E+05  8.3319E+05
0003458   7.4523E+07  1.3147E+06  1.1930E+06
0003459   7.4406E+07 -1.1365E+06 -2.0871E+05
0003460   7.5579E+07  3.1718E+05 -3.2795E+05
0003461   7.6125E+07  2.7811E+05  1.1406E+06
0003462   7.5064E+07 -5.4523E+05 -9.8164E+05
0003463   7.4674E+07  2.1846E+06 -2.6611E+06
0003464   7.5304E+07  6.9770E+05  4.9694E+05
0003465   7.4705E+07 -8.0340E+05 -1.6929E+06
0003466   7.5676E+07 -3.2407E+05 -4.6711E+05
0003467   7.5420E+07 -6.5623E+05  1.3140E+06
0003468   7.5237E+07 -2.1115E+06 -4.5114E+05
0003469   7.4123E+07  2.8293E+05 -1.5281E+06
0003470   6.4454E+07 -2.4809E+07  8.1350E+06
0003471   7.5995E+07 -1.1198E+06  3.9281E+06
0003472   7.5419E+07  1.6014E+06  8.6017E+05
0003473   7.5191E+07 -1.5791E+06  1.0918E+06
0003474   7.2672E+07 -1.3628E+05  1.1483E+06
0003475   7.5740E+07 -5.6817E+05 -2.7783E+06
0003476   7.3784E+07 -4.6266E+05  2.8738E+06
0003477   7.4540E+07 -7.0433E+05 -2.4919E+06
0003478   7.5664E+07 -2.0836E+05 -8.7130E+05
0003479   7.3553E+07  1.8490E+06  1.3811E+06
0003480   7.5745E+07  2.3046E+06 -7.0941E+05
0003481   7.5392E+07 -1.0635E+06  7.5718E+05
0003482   7.4849E+07  7.1097E+05  7.8382E+04
0003483   7.3413E+07  1.0514E+06  1.5961E+05
0003484   7.4779E+07  6.5447E+05  3.7733E+04
0003485   7.2332E+07 -1.0805E+06 -8.0967E+05
0003486   7.6658E+07 -1.4907E+06 -9.1778E+05
0003487   7.6104E+07  5.7468E+02  2.1539E+06
0003488   7.5040E+07 -1.6564E+06  5.0615E+05
0003489   7.4185E+07  1.0929E+06  1.1429E+06
0003490   7.2214E+07 -4.5063E+05  2.2194E+06
0003491   7.4835E+07  2.3970E+06 -2.3197E+06
0003492   7.5614E+07 -1.5731E+06  1.6740E+06
0003493   7.2693E+07 -1.5629E+06 -1.0083E+05
0003494   7.5356E+07  7.1172E+05 -7.3422E+05
0003495   7.7080E+07 -1.2823E+06 -1.3473E+06
0003496   7.5771E+07 -3.4578E+06  7.7039E+04
0003497   7.6223E+07 -3.4878E+06 -3.3082E+06
0003498   7.5979E+07  1.7144E+06 -2.2268E+06
0003499   7.2984E+07  1.8999E+06  1.9410E+06
0003500   7.5483E+07  1.0878E+05  4.5555E+05
0003501   7.4727E+07 -7.1647E+06 -3.2353E+05
0003502   7.6301E+07 -9.2042E+05 -3.4746E+06
0003503   7.3812E+07 -5.8088E+05 -3.4156E+06
0003504   7.2925E+07 -1.8926E+06  2.0249E+05
0003505   7.5153E+07  1.6865E+06  1.2429E+06
0003506   7.6309E+07 -4.6092E+06 -1.4732E+06
0003507   7.4801E+07  1.3728E+06  2.2350E+06
0003508   7.5477E+07  2.3243E+06 -2.2303E+06
0003509   7.5966E+07  3.0375E+05  1.6464E+06
0003510   7.4054E+07 -1.7593E+06  7.4947E+05
0003511   7.5913E+07 -1.5760E+06 -1.4856E+06
0003512   7.4766E+07  5.1434E+05 -2.2008E+06
0003513   7.2835E+07  3.7971E+06 -3.2514E+05
0003514   7.6058E+07 -1.5907E+06  1.7073E+06
0003515   7.3815E+07  1.1134E+06 -1.5131E+06
0003516   7.7209E+07  2.3075E+06 -4.4407E+05
0003517   7.5877E+07  2.0882E+06 -2.4904E+06
0003518   7.7807E+07 -1.7728E+06  1.3333E+06
0003519   7.5368E+07  2.8293E+06  7.6696E+05
0003520   7.3442E+07 -1.6896E+05 -1.5806E+06
0003521   7.3484E+07  6.2918E+05 -3.2307E+05
0003522   7.3506E+07  1.8867E+06 -5.9331E+05
0003523   7.4669E+07 -7.5164E+05  2.1711E+06
0003524   7.6158E+07  3.4071E+05  4.2467E+05
0003525   7.5197E+07 -5.7612E+05 -1.5565E+06
0003526   7.7179E+07  3.4916E+05  1.3467E+06
0003527   7.1790E+07 -7.4915E+04 -1.5991E+06
0003528   7.6710E+07 -1.2416E+06  1.9692E+06
0003529   7.1577E+07 -1.9510E+05  9.4330E+05
0003530   7.6909E+07 -9.2389E+05  3.9906E+05
0003531   7.3453E+07 -1.8322E+05  1.6156E+06
0003532   7.4513E+07 -5.4132E+05 -5.1641E+05
0003533   7.4073E+07  3.9932E+05  5.3136E+05
0003534   7.3833E+07 -5.4479E+06  1.0200E+06
0003535   7.4401E+07 -3.7128E+05  1.2694E+06
0003536   7.4211E+07  8.8636E+05 -2.6112E+06
0003537   7.4191E+07  3.2215E+06 -8.5811E+05
0003538   7.6579E+07  2.8389E+06  1.3188E+05
0003539   7.5022E+07 -3.7254E+06 -2.0336E+06
0003540   7.3515E+07  2.4426E+05 -2.1853E+06
0003541   7.4588E+07  1.6487E+06  1.2582E+06
0003542   7.5011E+07  2.3233E+05  6.2846E+05
0003543   7.6815E+07  1.8847E+06 -3.3353E+06
0003544   7.6568E+07 -6.9630E+05 -1.6760E+06
0003545   7.6582E+07  3.3893E+05  1.6967E+06
0003546   7.4530E+07  1.2752E+06 -2.7398E+06
0003547   7.3248E+07 -3.8437E+06  2.3163E+06
0003548   7.4168E+07  7.3854E+05 -1.9502E+06
0003549   7.4080E+07 -4.6391E+05  2.0405E+06
0003550   7.4485E+07  6.1063E+06  2.8372E+06
0003551   7.4031E+07 -2.2382E+06  5.4749E+05
0003552   7.5686E+07 -9.9940E+04 -4.5126E+05
0003553   7.5190E+07 -7.9882E+06  1.2928E+06
0003554   7.4523E+07 -1.3850E+06  8.6299E+05
0003555   7.5425E+07  1.8607E+05  9.9738E+05
0003556   7.2141E+07 -2.7194E+06  5.6315E+06
0003557   7.3192E+07  6.7933E+05 -2.8774E+05
0003558   7.4082E+07  3.6907E+05 -1.1280E+05
0003559   7.3765E+07 -8.4282E+06 -3.0515E+06
0003560   7.5111E+07  8.0301E+05 -5.6111E+05
0003561   7.5568E+07 -4.6479E+06  1.8467E+06
0003562   7.5502E+07  1.1241E+06  5.1574E+05
0003563   7.5825E+07  1.5689E+06  2.1707E+06
0003564   7.4915E+07 -6.8497E+05 -2.6651E+06
0003565   7.2750E+07 -1.5050E+05  2.5588E+05
0003566   7.5709E+07  4.1887E+05 -4.2051E+05
0003567   7.3521E+07 -3.4292E+05  6.9031E+05
0003568   7.3340E+07 -5.2911E+05 -2.6017E+05
0003569   7.3976E+07 -1.0980E+06 -2.5799E+06
0003570   7.7117E+07 -2.2510E+06 -7.7876E+05
0003571   7.5755E+07 -7.6698E+05 -3.3995E+05
0003572   7.4986E+07  9.7929E+05  1.9386E+06
0003573   7.7014E+07  8.1469E+05 -2.5546E+06
0003574   6.8030E+07 -2.0027E+07  1.6924E+06
0003575   7.6297E+07  1.3129E+06  1.1920E+06
0003576   7.4623E+07  4.9978E+04  1.9373E+06
0003577   7.3740E+07  1.1653E+06  2.3339E+06
0003578   7.5360E+07 -1.4235E+05 -3.0493E+05
0003579   7.5638E+07 -9.8575E+04  1.8798E+05
0003580   7.5914E+07 -1.7381E+05 -1.6019E+06
0003581   7.6274E+07  1.6097E+05  3.8633E+06
0003582   7.5420E+07 -1.1649E+06 -9.5273E+04
0003583   7.7046E+07  2.4300E+06 -5.2488E+05
0003584   7.4814E+07 -5.6050E+04 -2.8716E+06
0003585   7.6292E+07  8.3516E+05  1.2069E+06
0003586   7.5934E+07  1.5627E+06 -1.6111E+05
0003587   7.6587E+07  1.2034E+06 -2.0188E+05
0003588   7.4214E+07 -9.3381E+05  8.1178E+05
0003589   7.5774E+07 -5.0130E+04  1.1188E+06
0003590   7.3786E+07  1.7644E+06 -4.4837E+06
0003591   7.4954E+07  1.0903E+06  3.3900E+06
0003592   7.3430E+07  3.6043E+06  6.3392E+05
0003593   7.6524E+07 -4.3576E+05  6.9939E+05
0003594   7.6508E+07 -2.9576E+05 -1.5321E+06
0003595   7.4798E+07  3.0067E+05  2.4535E+06
0003596   7.5939E+07 -1.2682E+06 -3.1793E+06
0003597   7.5109E+07  2.5360E+06 -3.1713E+06
0003598   7.2886E+07  1.1197E+06  7.6746E+04
0003599   7.4779E+07  1.5774E+06  7.1661E+05
0003600   7.4006E+07  3.8138E+05 -9.0260E+05
0003601   7.4119E+07 -3.5586E+06 -1.0425E+06
0003602   7.3928E+07 -9.5332E+05 -3.2613E+05
0003603   7.6418E+07 -1.4478E+06  1.3832E+06
0003604   7.4760E+07  2.5332E+06 -1.7823E+06
0003605   7.6783E+07 -1.2256E+06  1.7954E+06
0003606   7.5321E+07 -1.6822E+06  5.9525E+06
0003607   7.4169E+07  1.9472E+05  1.3727E+06
0003608   7.4319E+07  1.3075E+06  7.8839E+05
0003609   7.6443E+07 -8.1397E+05  6.7458E+04
0003610   7.5565E+07 -4.4531E+06  3.0384E+05
0003611   7.4380E+07  4.5010E+06 -8.5370E+06
0003612   7.5710E+07  3.2499E+06 -2.0726E+06
0003613   7.4023E+07  2.4219E+06 -1.2372E+05
0003614   7.4258E+07 -1.1267E+04  1.1615E+06
0003615   7.2270E+07 -3.6310E+05 -7.8076E+05
0003616   7.5047E+07  5.8356E+06  2.1274E+05
0003617   7.7231E+07  6.0837E+05  1.4467E+05
0003618   7.6051E+07 -2.8803E+06  7.3773E+05
0003619   7.4835E+07  9.7583E+05 -4.0257E+05
0003620   7.4371E+07 -1.6061E+05 -2.1384E+05
0003621   7.4564E+07  2.0597E+06  2.1404E+04
0003622   7.6859E+07 -1.6700E+06  2.4692E+06
0003623   7.6462E+07 -4.6991E+05  3.0350E+06
0003624   7.3466E+07  1.4344E+06 -1.1677E+06
0003625   7.7945E+07  1.7434E+06 -1.4738E+06
0003626   7.6996E+07 -1.3817E+06 -2.5251E+05
0003627   7.4911E+07 -9.5844E+05  1.4137E+06
0003628   7.5991E+07 -3.7143E+05 -1.1707E+06
0003629   7.4493E+07 -1.6996E+06 -2.1220E+06
0003630   7.7383E+07  4.8625E+05 -9.5490E+05
0003631   7.5746E+07 -8.4385E+04 -1.8905E+06
0003632   7.6258E+07  8.2073E+05 -1.2867E+06
0003633   7.3815E+07  1.3441E+06 -1.8506E+06
0003634   7.6956E+07 -2.0686E+06 -3.2207E+06
0003635   7.4875E+07  2.3498E+05  3.8942E+06
0003636   7.4880E+07  3.8534E+06  2.2524E+06
0003637   7.6281E+07  1.2986E+06 -9.2801E+05
0003638   7.6380E+07  1.0687E+06 -4.7718E+06
0003639   7.2703E+07  3.7306E+05 -9.0971E+05
0003640   7.5467E+07  1.1314E+06  1.4167E+06
0003641   7.3480E+07 -1.2214E+06 -1.6393E+05
0003642   7.8576E+07  4.8595E+05 -1.8610E+06
0003643   7.5728E+07 -4.1532E+06 -6.1188E+05
0003644   7.7364E+07 -3.5962E+06  1.7037E+06
0003645   7.6697E+07 -1.9513E+05 -7.9683E+05
0003646   7.3862E+07 -9.2954E+05  5.9527E+05
0003647   7.3291E+07  1.8163E+06  9.7342E+04
0003648   7.6580E+07 -6.5903E+05 -1.9958E+06
0003649   7.5763E+07 -1.0291E+06 -3.8006E+06
0003650   7.2213E+07 -2.0870E+06 -9.0335E+05
0003651   7.4111E+07  1.6016E+06 -3.0827E+05
0003652   7.5527E+07  1.0453E+06 -2.1600E+06
0003653   7.4995E+07  1.6661E+06 -1.2441E+06
0003654   7.4567E+07 -1.3542E+06 -1.0527E+05
0003655   7.3460E+07  3.1558E+06 -3.1536E+06
0003656   7.3942E+07 -2.5390E+05 -8.1610E+05
0003657   7.3073E+07 -1.5673E+06 -1.4659E+04
0003658   7.6636E+07 -2.2043E+05  4.8412E+05
0003659   7.2787E+07 -9.8878E+05 -3.6913E+05
0003660   7.5990E+07  5.1140E+05 -1.2687E+06
0003661   7.5046E+07 -9.3250E+05 -1.3672E+06
0003662   7.4802E+07  9.0789E+05  3.0899E+05
0003663   7.5031E+07 -1.3256E+06 -2.0702E+06
0003664   7.2839E+07  1.9751E+06  2.0734E+06
0003665   7.5226E+07  6.4621E+05  1.1232E+06
0003666   7.5721E+07 -1.0067E+06  3.2816E+06
0003667   7.5521E+07  1.5123E+06 -1.9901E+06
0003668   7.5879E+07 -8.5083E+05  1.8144E+06
0003669   7.4576E+07 -3.8882E+05  4.3116E+05
0003670   7.4881E+07 -1.9563E+06  5.1323E+05
0003671   7.2062E+07 -1.5217E+06 -6.6143E+05
0003672   7.4219E+07  1.2535E+06 -9.5943E+05
0003673   7.5822E+07  3.1862E+06  1.3888E+06
0003674   7.3666E+07  2.0802E+06 -1.5512E+06
0003675   7.5195E+07  1.9681E+06 -2.5261E+06
0003676   7.6706E+07 -1.6635E+06 -1.3213E+06
0003677   7.6597E+07  2.0319E+06  1.4661E+06
0003678   7.4273E+07 -2.0619E+06 -1.3485E+06
0003679   7.5271E+07 -3.8104E+05 -2.1299E+06
0003680   7.4469E+07  6.2045E+06 -2.2764E+06
0003681   7.3725E+07  1.3009E+06  2.4250E+06
0003682   7.4763E+07  6.3908E+05 -2.3120E+05
0003683   7.4044E+07 -3.3348E+06  2.4791E+06
0003684   7.4279E+07  2.9559E+06 -4.9880E+05
0003685   7.5313E+07  2.4768E+06  1.3875E+06
0003686   7.5962E+07 -7.8291E+05  3.5056E+05
0003687   7.6331E+07 -3.3534E+06  2.5979E+06
0003688   7.5317E+07  2.0053E+06  4.8746E+05
0003689   7.5348E+07 -1.4325E+06 -2.5707E+05
0003690   7.5897E+07 -5.7921E+05 -8.1827E+05
0003691   7.6280E+07 -7.8886E+05  1.1273E+06
0003692   7.5198E+07 -9.0310E+05 -1.2095E+06
0003693   7.4170E+07 -7.9597E+05 -1.8798E+06
0003694   7.6561E+07  7.6679E+05  7.5828E+05
0003695   7.7205E+07  2.4512E+06  1.1851E+06
0003696   7.5699E+07  7.8964E+05  2.4977E+06
0003697   7.5123E+07 -5.6849E+04 -3.0372E+06
0003698   7.4441E+07  4.3017E+05  9.9859E+05
0003699   7.5753E+07  2.2243E+06 -5.1422E+05
0003700   7.4314E+07  3.3888E+05 -1.3262E+06
0003701   7.4887E+07 -4.0852E+06 -1.6389E+06
0003702   7.3948E+07  1.5291E+06  5.5482E+05
0003703   7.5490E+07 -1.1268E+06 -1.0387E+06
0003704   7.6412E+07 -2.4594E+06 -2.0748E+05
0003705   7.7031E+07 -3.3713E+06 -1.1488E+06
0003706   7.4492E+07  1.1596E+06  1.1460E+06
0003707   7.5057E+07 -2.6345E+06 -1.4116E+04
0003708   7.1709E+07 -1.1947E+06 -9.2301E+05
0003709   7.5819E+07 -6.9541E+05  1.7616E+06
0003710   7.7674E+07 -4.7428E+05 -1.4669E+06
0003711   7.4913E+07  4.2570E+06  1.1417E+05
0003712   7.3914E+07  2.8549E+06  9.7260E+05
0003713   7.3284E+07 -1.9382E+06  2.4026E+06
0003714   7.5760E+07 -4.5963E+05  1.3506E+06
0003715   7.5963E+07 -5.2564E+06  1.3048E+06
0003716   7.6533E+07  7.3162E+05 -2.3195E+06
0003717   7.7392E+07 -7.4133E+05 -1.5119E+06
0003718   7.4939E+07 -1.7432E+06  1.0503E+06
0003719   7.4428E+07 -1.9896E+05  1.2949E+06
0003720   7.4739E+07  1.1836E+05  1.6225E+05
0003721   7.5102E+07  4.7427E+06 -3.2215E+06
0003722   7.4269E+07 -1.8854E+05 -7.7737E+04
0003723   7.5292E+07 -2.1324E+06  1.9104E+05
0003724   7.5105E+07  3.9885E+05  2.7227E+05
0003725   7.6187E+07  1.4576E+05 -4.5964E+05
0003726   7.5659E+07  1.4972E+06 -1.4580E+06
0003727   7.4377E+07 -5.4021E+05 -2.7324E+06
0003728   7.3453E+07  1.2010E+06  1.1721E+06
0003729   7.4520E+07 -5.4032E+05  3.0094E+06
0003730   7.6197E+07  1.0992E+06  1.0141E+06
0003731   7.4109E+07  1.1263E+05  1.7696E+06
0003732   7.5765E+07  3.3252E+06  5.0328E+05
0003733   7.4604E+07  2.6429E+06 -1.9987E+06
0003734   7.6512E+07 -1.9659E+06 -4.1289E+05
0003735   7.6882E+07 -1.7862E+06 -1.2972E+05
0003736   7.5575E+07  2.2506E+06  1.8701E+06
0003737   7.3427E+07 -4.1891E+06 -1.1724E+06
0003738   7.5372E+07 -2.3693E+06  1.4043E+06
0003739   7.4863E+07 -5.0595E+05  5.6457E+05
0003740   7.4378E+07  1.0075E+06  1.0890E+06
0003741   7.5491E+07  8.1770E+05  4.7770E+05
0003742   7.8578E+07 -2.8396E+04  3.5922E+06
0003743   7.6959E+07 -2.5077E+06 -6.3386E+05
0003744   7.6593E+07  1.3284E+06  2.3778E+06
0003745   7.5702E+07 -2.6508E+06 -9.8217E+05
0003746   7.3672E+07  2.7863E+06 -1.6268E+05
0003747   7.5510E+07 -2.0867E+06 -1.1274E+06
0003748   7.4978E+07 -3.4467E+06 -1.4181E+06
0003749   7.6090E+07 -2.1915E+06  1.9787E+06
0003750   7.3368E+07  6.3239E+05  8.9967E+05
0003751   7.4462E+07  1.2330E+05  3.5880E+05
0003752   7.5212E+07  1.1055E+06  2.6829E+05
0003753   7.6173E+07 -1.6074E+06  1.4331E+06
0003754   7.6195E+07  2.3671E+05  1.1929E+06
0003755   7.4996E+07 -1.5217E+05  9.4005E+05
0003756   7.2961E+07  3.0246E+04 -1.3846E+06
0003757   7.2415E+07  2.1502E+06  3.1663E+06
0003758   7.5909E+07 -1.0554E+06 -3.1534E+06
0003759   7.4678E+07 -2.1299E+06  4.2455E+05
0003760   7.4139E+07  7.7388E+05  6.3790E+05
0003761   7.3738E+07 -6.7059E+05  1.0865E+06
0003762   7.4984E+07 -1.3811E+06  2.2372E+05
0003763   7.4209E+07  1.2438E+06 -5.4186E+05
0003764   7.6226E+07 -7.3053E+05  5.7654E+05
0003765   7.4948E+07 -2.3515E+06  1.2865E+06
0003766   7.4431E+07  1.1967E+06  2.7454E+06
0003767   7.5896E+07  5.7643E+06 -1.0140E+06
0003768   7.4545E+07  4.2642E+05  3.8322E+05
0003769   7.5871E+07  9.0201E+05 -3.6781E+05
0003770   7.5634E+07 -5.9753E+05 -2.7019E+05
0003771   7.4668E+07 -8.8384E+05  5.3758E+05
0003772   7.6052E+07 -2.1054E+06  1.7335E+06
0003773   7.3394E+07  2.5019E+06 -3.6338E+04
0003774   7.2270E+07 -2.6784E+06 -1.9117E+06
0003775   7.5607E+07 -1.4034E+06  9.0661E+05
0003776   7.4726E+07  3.9880E+04  3.5885E+06
0003777   7.5427E+07  2.6185E+06 -1.2101E+06
0003778   7.2817E+07  1.6065E+06 -1.6262E+06
0003779   7.4792E+07 -7.2039E+04 -1.6883E+05
0003780   7.5919E+07 -1.5363E+04 -3.7594E+05
0003781   7.7632E+07  2.4465E+06 -7.8309E+05
0003782   7.3732E+07  3.3786E+05  9.9478E+05
0003783   7.4418E+07 -1.9688E+05  2.0201E+06
0003784   7.5359E+07 -8.0502E+05  1.1360E+06
0003785   7.3617E+07  1.1589E+06  2.4338E+05
0003786   7.5414E+07  3.1393E+05 -1.3804E+06
0003787   7.4996E+07  1.4903E+06  6.6071E+05
0003788   7.3135E+07  1.0202E+06  4.4288E+04
0003789   7.4250E+07  2.2988E+06  4.2644E+05
0003790   7.5923E+07  9.4623E+05 -9.4788E+05
0003791   7.3346E+07  1.3540E+06  3.2001E+05
0003792   7.3066E+07  2.6663E+06 -1.0833E+06
0003793   7.3398E+07  1.8163E+06 -1.2991E+06
0003794   7.5467E+07  8.4918E+05 -1.6298E+06
0003795   7.8295E+07  1.1010E+06  1.5521E+06
0003796   7.7039E+07  4.7397E+05  2.9634E+05
0003797   7.3754E+07 -2.0525E+06  9.6416E+04
0003798   7.5059E+07 -3.0377E+06  2.2754E+06
0003799   7.4886E+07  3.6225E+06  1.8824E+04
0003800   7.6392E+07  1.1749E+06 -5.7302E+04
0003801   7.6969E+07 -2.5353E+06 -4.4992E+05
0003802   7.6887E+07 -1.0813E+06 -1.4072E+06
0003803   7.3891E+07 -3.6670E+05 -6.9315E+05
0003804   7.3877E+07  2.0474E+06  1.1939E+06
0003805   7.4385E+07  7.3504E+05  6.9894E+05
0003806   7.5427E+07  1.0470E+06  9.1785E+05
0003807   7.4386E+07  4.9131E+04 -7.7647E+05
0003808   7.4752E+07  3.9202E+06 -1.3128E+06
0003809   7.1946E+07 -1.7036E+06  2.3358E+06
0003810   7.2433E+07 -7.7717E+05 -1.1235E+05
0003811   7.4204E+07  8.7124E+05 -9.7331E+05
0003812   7.7123E+07  2.0288E+06 -1.5291E+06
0003813   7.4143E+07 -7.6983E+05  1.3838E+06
0003814   7.3577E+07 -1.5618E+06 -3.6315E+06
0003815   7.3569E+07 -5.9787E+05  1.0777E+06
0003816   7.4323E+07  2.8623E+06  1.0663E+06
0003817   7.5378E+07 -4.2421E+05 -2.2906E+05
0003818   7.7217E+07  6.4580E+06 -5.9688E+05
0003819   7.3731E+07 -1.8026E+06  4.9966E+05
0003820   7.3546E+07 -2.6170E+06  5.8136E+05
0003821   7.3087E+07 -1.2731E+06 -2.9860E+05
0003822   7.5235E+07 -1.9615E+06 -2.5916E+06
0003823   7.5041E+07 -4.3124E+06  7.9134E+06
0003824   7.3434E+07 -7.8638E+06 -2.5167E+06
0003825   7.6837E+07 -3.7202E+06 -3.2544E+06
0003826   7.4829E+07 -1.8447E+06 -1.3935E+05
0003827   7.2977E+07  3.6545E+05 -6.9592E+05
0003828   7.1830E+07  1.3446E+06  1.6653E+06
0003829   7.4569E+07  9.7795E+05  1.1548E+06
0003830   7.5675E+07 -2.1699E+06  2.2047E+06
0003831   7.4766E+07  4.3861E+05  6.7380E+05
0003832   7.5514E+07  3.9714E+05  2.8250E+05
0003833   7.3832E+07 -1.1645E+06 -1.2913E+06
0003834   7.7563E+07  2.0348E+06 -5.5017E+05
0003835   7.4712E+07  2.7386E+06  1.9909E+06
0003836   7.6247E+07  2.1850E+06  3.3014E+06
0003837   7.6288E+07  1.9635E+06 -1.4115E+06
0003838   7.5934E+07  1.8453E+06  1.6313E+06
0003839   7.4402E+07 -2.1643E+06 -5.4245E+05
0003840   7.6146E+07  7.5060E+05 -1.8391E+06
0003841   7.7089E+07  1.4369E+06  2.3902E+06
0003842   7.5940E+07  7.3756E+04  4.6128E+05
0003843   7.5776E+07  1.1034E+06  8.2193E+05
0003844   7.5080E+07  3.7647E+06 -2.0563E+06
0003845   7.5960E+07  1.3239E+06  1.8122E+05
0003846   7.6787E+07 -3.2469E+06  4.8044E+05
0003847   7.4483E+07  2.3352E+06 -1.3861E+06
0003848   7.4188E+07 -1.5226E+05 -6.3536E+06
0003849   7.5040E+07 -1.5604E+06 -7.2475E+05
0003850   7.2640E+07 -2.6081E+06 -5.2432E+05
0003851   7.5898E+07  3.2520E+06 -1.5481E+06
0003852   7.2796E+07  1.1992E+06 -3.5938E+05
0003853   7.6276E+07  1.3449E+06 -6.1770E+05
0003854   7.3348E+07  6.9922E+05 -1.2970E+06
0003855   7.6137E+07 -7.9553E+05  3.1071E+06
0003856   7.5186E+07  9.1508E+05  1.1748E+06
0003857   7.5601E+07 -7.7342E+05 -1.4045E+06
0003858   7.6655E+07  7.4553E+05  1.1390E+05
0003859   7.4677E+07  1.6273E+06 -3.5636E+04
0003860   7.6686E+07 -3.2856E+05 -3.0126E+05
0003861   7.7683E+07  1.7631E+05 -1.9270E+05
0003862   7.4865E+07  1.1590E+06  9.1701E+05
0003863   7.3213E+07  2.6158E+05  1.5909E+06
0003864   7.4264E+07 -1.4164E+06 -5.2394E+05
0003865   7.4615E+07  3.8359E+05  1.1703E+06
0003866   7.4381E+07 -1.1556E+06  4.6078E+05
0003867   7.7029E+07  7.1401E+05  2.3737E+06
0003868   7.4032E+07  1.6666E+06  1.0844E+06
0003869   7.4079E+07 -2.3869E+05  1.4343E+06
0003870   7.4191E+07  3.0900E+05  1.2420E+06
0003871   7.6684E+07 -2.2038E+06  1.5721E+05
0003872   7.4665E+07  6.8789E+05  1.3110E+06
0003873   7.6009E+07  1.4024E+06 -2.2608E+06
0003874   7.5023E+07  1.0024E+06  1.3815E+06
0003875   7.3009E+07 -1.5013E+05  1.5138E+06
0003876   7.4161E+07  6.2793E+05  2.2463E+06
0003877   7.4845E+07  4.9346E+05  3.9793E+06
0003878   7.5884E+07  1.6765E+05 -1.3307E+06
0003879   7.6468E+07 -8.8701E+05  2.2202E+06
0003880   7.5264E+07  9.4941E+05  1.1303E+06
0003881   7.6274E+07  5.9525E+05  7.9847E+05
0003882   7.4086E+07 -1.3430E+06 -1.1406E+04
0003883   7.5828E+07 -1.2870E+06 -2.3870E+06
0003884   7.4749E+07  2.4802E+06 -1.6458E+06
0003885   7.3443E+07  6.1746E+06 -2.6459E+06
0003886   7.3922E+07 -9.7077E+05  1.8303E+06
0003887   7.7668E+07  8.3768E+05 -1.5777E+06
0003888   7.4565E+07  2.2335E+05 -1.0616E+06
0003889   7.5499E+07 -4.9764E+05  2.9465E+05
0003890   7.8635E+07  2.3101E+05  3.4846E+04
0003891   7.3908E+07  8.5051E+05 -2.4857E+05
0003892   7.5750E+07 -1.3595E+03  2.0005E+06
0003893   7.4795E+07 -2.3393E+06 -4.0998E+05
0003894   7.1360E+07 -7.7747E+05 -4.8078E+06
0003895   7.4088E+07 -6.2973E+05  1.1981E+06
0003896   7.3280E+07 -1.2831E+06  1.1992E+06
0003897   7.7537E+07 -3.7053E+06 -1.1540E+06
0003898   7.7461E+07  4.5928E+05 -1.4795E+06
0003899   7.2516E+07 -1.7329E+05 -5.5722E+06
0003900   7.4887E+07  1.3491E+06  1.6373E+06
0003901   7.4777E+07  1.1793E+06  1.3004E+06
0003902   7.3148E+07 -2.4545E+06  5.8400E+05
0003903   7.7709E+07  6.8782E+05 -1.0647E+05
0003904   7.6994E+07  1.6680E+06  6.1397E+05
0003905   7.4513E+07 -2.3457E+06 -1.8740E+05
0003906   6.0268E+07  5.0234E+06  2.6912E+07
0003907   7.5870E+07 -2.0749E+06 -4.3314E+05
0003908   6.5538E+07 -7.6696E+06 -2.2650E+07
0003909   7.5636E+07  3.0740E+06 -6.7606E+05
0003910   7.4913E+07  5.0586E+05 -1.2431E+06
0003911   7.3732E+07  2.2186E+06 -3.7290E+05
0003912   7.4872E+07 -1.6435E+06  2.5661E+05
0003913   7.3861E+07 -1.1517E+06 -3.5794E+06
0003914   7.7175E+07  1.1632E+06 -2.3766E+06
0003915   7.5433E+07  2.4355E+05  3.4583E+05
0003916   7.4617E+07 -3.9333E+06  4.6982E+05
0003917   7.2588E+07  1.3592E+05  2.9620E+06
0003918   7.2563E+07  1.4613E+06  2.1380E+04
0003919   7.5151E+07  1.1014E+06 -7.0174E+05
0003920   7.6625E+07  3.7342E+06 -6.0027E+05
0003921   7.4355E+07 -1.8659E+06 -2.0137E+06
0003922   7.6054E+07 -2.6135E+06 -8.6124E+05
0003923   7.4967E+07  1.8907E+06  7.6037E+05
0003924   7.5738E+07 -2.5599E+06  1.3966E+06
0003925   7.3478E+07  9.2252E+05  1.6634E+06
0003926   7.5925E+07  1.1923E+06  1.6449E+06
0003927   7.6726E+07 -1.0661E+06 -7.9860E+04
0003928   7.4967E+07  1.2564E+06  3.6478E+06
0003929   7.4971E+07 -1.8969E+06  3.2893E+06
0003930   7.5437E+07 -1.1711E+06 -8.8312E+05
0003931   7.6482E+07 -1.1210E+06  1.7346E+06
0003932   7.3392E+07  5.9028E+05 -1.3100E+06
0003933   7.4355E+07  6.5904E+05  4.5163E+06
0003934   7.5423E+07  1.7430E+06 -4.7415E+05
0003935   7.5254E+07  6.1559E+05  3.7941E+05
0003936   7.3958E+07  6.4057E+05 -5.2872E+05
0003937   7.6230E+07 -1.6449E+06  9.8503E+04
0003938   7.6541E+07 -6.7681E+05 -8.6720E+05
0003939   7.3470E+07  1.6245E+06 -3.4742E+05
0003940   7.8036E+07  9.7882E+05 -5.3572E+05
0003941   7.5135E+07 -6.5022E+05 -8.9287E+05
0003942   7.4966E+07 -6.3897E+05  5.2796E+06
0003943   7.5507E+07 -2.0793E+06 -1.0644E+06
0003944   7.4519E+07  5.1927E+06 -2.9683E+06
0003945   7.5226E+07 -1.2525E+06  5.6948E+05
0003946   7.5310E+07 -8.6546E+05  4.3468E+05
0003947   7.6007E+07 -2.0484E+06  1.9101E+06
0003948   7.5232E+07 -1.6557E+06  8.5246E+05
0003949   7.4852E+07 -1.4977E+06  2.5167E+06
0003950   7.3025E+07 -1.0195E+06  7.6991E+05
0003951   7.6180E+07 -1.9902E+06  4.5415E+06
0003952   7.4565E+07  1.1023E+06  9.1562E+05
0003953   7.4949E+07  2.6244E+06 -9.6604E+04
0003954   7.5450E+07 -1.3493E+06  1.8673E+06
0003955   7.5763E+07 -2.5804E+06 -1.0179E+06
0003956   7.3678E+07 -2.7446E+05 -3.5482E+06
0003957   7.4058E+07 -8.2197E+05  9.8905E+05
0003958   7.5937E+07 -6.2360E+05 -1.9252E+06
0003959   7.7552E+07  6.9972E+05  5.9821E+05
0003960   7.3835E+07  2.4863E+05  4.1945E+06
0003961   7.5670E+07  1.0795E+06 -2.2876E+06
0003962   7.3850E+07 -8.3310E+05  4.9814E+05
0003963   7.4019E+07  5.4631E+05  5.8544E+05
0003964   7.4864E+07  2.3142E+06  9.9003E+05
0003965   7.5537E+07  7.3868E+05  2.5778E+06
0003966   7.4793E+07 -2.1048E+05  6.6844E+05
0003967   7.6102E+07  6.5693E+05  1.2949E+06
0003968   7.3760E+07  2.6443E+06  1.2247E+06
0003969   7.4974E+07  2.9583E+06  4.0832E+05
0003970   7.6010E+07 -3.8547E+06 -3.2156E+06
0003971   7.5632E+07 -2.7374E+06  3.9547E+05
0003972   7.6839E+07 -4.2406E+06 -5.8136E+05
0003973   7.5557E+07  1.3749E+05  7.3079E+05
0003974   7.6359E+07  1.5339E+05  1.1768E+06
0003975   7.4193E+07 -5.9238E+06 -6.2692E+06
0003976   7.5264E+07 -4.7966E+05 -1.9866E+06
0003977   7.7399E+07  5.2761E+04 -1.2941E+05
0003978   7.2016E+07  7.2967E+05  1.2238E+05
0003979   7.4539E+07  4.7704E+05 -1.3660E+06
0003980   7.4612E+07  1.8141E+05  1.1344E+06
0003981   7.4661E+07 -6.2474E+05 -1.3883E+06
0003982   7.2967E+07  2.9515E+05 -2.8077E+06
0003983   7.6859E+07 -4.6774E+05 -6.5910E+05
0003984   7.6184E+07 -1.5716E+05  2.7237E+05
0003985   7.5666E+07 -1.9311E+06 -4.0885E+05
0003986   7.5050E+07 -1.4125E+06 -2.8927E+06
0003987   7.4038E+07  4.1700E+06 -2.7983E+06
0003988   7.4470E+07  9.6050E+05  3.1142E+05
0003989   7.3583E+07  3.6426E+06 -8.5097E+05
0003990   7.3294E+07 -9.7970E+05  2.9055E+06
0003991   7.4813E+07  2.9576E+06  2.4597E+05
0003992   7.3719E+07  2.1273E+06 -2.4587E+06
0003993   7.4392E+07 -2.3856E+06 -1.2317E+06
0003994   7.7468E+07  1.2335E+06 -8.5449E+05
0003995   7.6068E+07  1.5377E+06 -7.6204E+05
0003996   7.5065E+07 -5.4633E+05 -2.1489E+06
0003997   7.2951E+07  2.1024E+06 -7.0593E+05
0003998   7.5376E+07 -3.4437E+06  2.6178E+06
0003999   7.3297E+07 -1.7115E+06  8.3135E+05
0004000   7.6721E+07 -1.8066E+06 -1.5383E+06
0004001   7.6080E+07  1.1998E+06 -3.5689E+06
0004002   7.4760E+07  3.2885E+05 -1.5966E+06
0004003   7.4910E+07 -2.2502E+06 -1.2014E+04
0004004   7.4749E+07  2.5993E+06  1.3454E+06
0004005   7.6510E+07  8.0759E+05 -6.0415E+05
0004006   7.4076E+07  3.6382E+06 -2.1384E+06
0004007   7.4975E+07 -3.5131E+05 -1.8531E+06
0004008   7.6432E+07 -1.0720E+06  2.3613E+06
0004009   7.4668E+07  2.0828E+06 -6.0014E+05
0004010   7.3634E+07 -7.9878E+05  2.4395E+06
0004011   7.4752E+07 -1.6547E+06  7.6773E+05
0004012   7.4253E+07 -6.3382E+05 -1.8777E+05
0004013   7.3465E+07  9.9367E+05 -1.5226E+06
0004014   7.7439E+07  1.0526E+06 -6.7487E+06
0004015   7.3105E+07  4.2088E+05  1.1901E+06
0004016   7.5476E+07 -4.8434E+05 -1.6851E+06
0004017   7.4702E+07 -1.2792E+06  1.6192E+06
0004018   7.6059E+07 -4.6588E+05  2.0444E+06
0004019   7.5922E+07  2.1816E+06 -2.1046E+06
0004020   7.3913E+07 -1.4606E+06 -4.1313E+06
0004021   7.6288E+07  2.7705E+06 -3.9544E+05
0004022   7.2923E+07  6.8572E+05 -1.0105E+05
0004023   7.6407E+07 -1.7125E+06 -6.9127E+05
0004024   7.5704E+07  1.6444E+06  2.9483E+05
0004025   7.4402E+07 -3.6829E+05 -2.2491E+06
0004026   7.6866E+07 -1.3054E+06 -1.2768E+06
0004027   7.4255E+07 -3.5862E+05  1.2724E+06
0004028   7.5477E+07 -4.5445E+06  4.4355E+06
0004029   7.6521E+07 -7.7857E+05  2.7717E+06
0004030   7.4105E+07  8.1954E+05 -3.3632E+05
0004031   7.5815E+07  3.7384E+05 -5.6316E+05
0004032   7.5375E+07  1.1203E+06  2.7722E+06
0004033   7.3540E+07 -7.1814E+05 -1.5167E+06
0004034   7.6174E+07 -2.1282E+06 -2.0683E+06
0004035   7.4819E+07 -2.0756E+06 -1.1444E+06
0004036   7.7043E+07  1.5011E+06 -1.5603E+05
0004037   7.6315E+07 -2.0649E+06 -4.2106E+05
0004038   7.3166E+07 -5.2416E+05 -5.5975E+05
0004039   7.5644E+07  1.0769E+06  9.7633E+05
0004040   7.7718E+07  1.2977E+05 -3.2187E+06
0004041   7.5664E+07  4.6818E+05 -3.2281E+06
0004042   7.4669E+07 -9.5615E+05 -3.3879E+06
0004043   7.4267E+07 -1.2099E+06 -1.0387E+06
0004044   7.2388E+07 -2.2071E+06 -1.8154E+06
0004045   7.4521E+07 -3.6869E+06 -2.5857E+06
0004046   7.5054E+07 -2.2320E+06 -2.1357E+06
0004047   7.3422E+07  3.2815E+06  6.8770E+05
0004048   7.3681E+07  1.2636E+06  3.0338E+06
0004049   7.3177E+07 -1.9654E+06 -1.1131E+05
0004050   7.6925E+07  8.8295E+05 -1.2888E+05
0004051   7.4056E+07 -1.7196E+06  7.1743E+04
0004052   7.7595E+07  1.1317E+06  1.1477E+06
0004053   7.5445E+07  1.1130E+06 -1.1482E+06
0004054   7.3195E+07  5.0782E+05  2.3418E+06
0004055   7.6613E+07 -1.1900E+06 -2.4524E+06
0004056   7.7151E+07  1.4094E+06  3.5672E+06
0004057   7.3436E+07  1.0615E+05  7.6144E+05
0004058   7.2932E+07  2.1015E+06 -8.1221E+05
0004059   7.6561E+07 -1.2610E+06 -1.3489E+06
0004060   7.1712E+07  1.8320E+06 -1.3340E+07
0004061   7.5807E+07  8.6499E+04  2.6064E+06
0004062   7.5357E+07 -5.0757E+06 -1.8982E+06
0004063   7.5857E+07 -7.6313E+04  1.8872E+06
0004064   7.7025E+07  2.3504E+05  3.6591E+05
0004065   7.4406E+07 -3.3045E+06  1.1524E+06
0004066   7.4595E+07  1.8136E+06  2.6016E+06
0004067   7.5394E+07 -1.4135E+06  1.4154E+06
0004068   7.1725E+07 -6.0333E+05  1.0726E+06
0004069   7.4307E+07  8.9343E+05 -1.2619E+06
0004070   7.4445E+07 -1.0106E+06 -4.6510E+05
0004071   7.4708E+07  1.5199E+06  4.7150E+05
0004072   7.4135E+07 -2.2902E+06  2.9452E+06
0004073   7.6824E+07  4.6827E+04  3.6523E+06
0004074   7.6470E+07 -5.6803E+05 -5.2937E+06
0004075   7.5506E+07 -1.7770E+05 -2.6301E+06
0004076   7.5487E+07  6.7968E+05 -3.1377E+06
0004077   7.5800E+07 -1.5259E+06 -1.3259E+06
0004078   7.4685E+07  1.2039E+06 -2.0982E+05
0004079   7.4983E+07  2.3360E+05  2.4682E+06
0004080   7.4328E+07 -5.4834E+05  1.2588E+05
0004081   7.9120E+07 -1.7800E+06  2.6818E+06
0004082   7.5818E+07 -4.8800E+06  5.7938E+05
0004083   7.5371E+07 -3.2017E+06 -4.8711E+05
0004084   7.5726E+07  1.9572E+06 -4.8316E+05
0004085   7.4761E+07  2.0612E+06 -3.4333E+06
0004086   7.4835E+07  4.2841E+05 -1.1193E+06
0004087   7.6236E+07  4.8966E+05  2.0741E+06
0004088   7.2733E+07 -1.7894E+06 -8.4018E+05
0004089   7.6234E+07  8.4000E+05  5.1021E+04
0004090   7.4243E+07 -5.8521E+05 -1.3117E+06
0004091   7.5089E+07 -9.9103E+05 -6.1494E+04
0004092   7.5022E+07  3.0207E+05  1.0320E+05
0004093   7.5116E+07 -7.5185E+05  1.8697E+06
0004094   7.5084E+07  1.1195E+06  3.5924E+06
0004095   7.3492E+07  6.4949E+05 -9.4516E+05
0004096   7.4651E+07 -6.4981E+05 -8.1850E+05
0004097   7.5276E+07 -4.4831E+05  1.3755E+06
0004098   7.4112E+07  2.1655E+06  6.1996E+05
0004099   7.5704E+07  6.2166E+05  3.6199E+05
0004100   7.5444E+07 -4.9644E+05 -2.2875E+06
0004101   7.6060E+07 -9.8433E+05 -8.6732E+03
0004102   7.1442E+07  9.6933E+05 -1.5287E+06
0004103   7.4237E+07 -3.3824E+05 -2.8021E+05
0004104   7.5378E+07  1.4171E+05 -1.5863E+05
0004105   7.6044E+07  1.7007E+06  9.2180E+05
0004106   7.3769E+07 -1.1081E+06 -1.1531E+06
0004107   7.4561E+07 -1.4195E+05  9.6780E+05
0004108   7.6077E+07  1.8647E+06 -1.4508E+06
0004109   7.4007E+07 -1.6884E+06 -6.8385E+05
0004110   7.5228E+07  6.3154E+05 -3.1642E+06
0004111   7.6011E+07 -3.1069E+05  2.3038E+06
0004112   7.5257E+07 -1.9419E+06  9.3342E+05
0004113   7.5066E+07 -2.1047E+06 -5.0092E+05
0004114   7.4179E+07 -2.3547E+06  1.3326E+06
0004115   7.5738E+07 -1.9300E+06 -2.4382E+04
0004116   7.5416E+07 -1.9906E+06  2.6285E+06
0004117   7.4050E+07  4.2108E+05 -5.9439E+05
0004118   7.5778E+07  3.5503E+05  3.2344E+06
0004119   7.1264E+07 -2.3227E+06 -1.2995E+06
0004120   7.7614E+07  2.0843E+05 -2.5089E+05
0004121   7.2993E+07  1.7756E+06 -2.8773E+06
0004122   7.4723E+07 -9.2381E+05 -1.0999E+06
0004123   7.4404E+07 -7.8954E+05 -5.5583E+05
0004124   7.5190E+07 -2.0778E+06 -1.7715E+06
0004125   7.5380E+07  2.6437E+06  1.1288E+06
0004126   7.4826E+07  4.4659E+05 -2.4231E+05
0004127   7.5002E+07 -3.6600E+04 -4.0682E+06
0004128   7.5728E+07  1.0888E+05  1.3095E+06
0004129   7.5866E+07 -5.5154E+05 -7.6572E+05
0004130   7.3960E+07  2.5452E+05  2.3936E+06
0004131   7.5404E+07  1.0979E+06 -8.6256E+05
0004132   7.6441E+07  2.8864E+05  1.0611E+06
0004133   7.6218E+07  6.6536E+05 -2.9964E+05
0004134   7.5634E+07  2.3968E+06  9.7053E+05
0004135   7.2580E+07  2.8872E+06  1.7274E+06
0004136   7.5898E+07 -3.5256E+06  2.1476E+04
0004137   7.6059E+07  6.9389E+05 -1.2333E+06
0004138   7.6287E+07  1.8017E+05 -7.3705E+05
0004139   7.4557E+07 -4.6125E+06  2.8028E+06
0004140   7.5567E+07 -6.4158E+05 -3.2599E+06
0004141   7.4343E+07  2.1445E+06  6.4066E+06
0004142   7.5896E+07  1.4557E+06  2.0368E+06
0004143   7.6439E+07  9.0580E+05  8.1187E+05
0004144   7.3547E+07  1.1457E+06 -1.1743E+06
0004145   7.3833E+07 -8.2295E+05  1.2852E+06
0004146   7.4851E+07  8.0737E+05 -2.4706E+06
0004147   7.4373E+07 -1.3233E+06 -5.3863E+05
0004148   7.5339E+07  1.0643E+06  1.4213E+06
0004149   7.4825E+07 -4.9217E+05  1.1720E+06
0004150   7.2711E+07  3.7944E+05 -4.6043E+05
0004151   7.3828E+07 -7.1703E+06 -1.5343E+06
0004152   7.5440E+07 -5.0018E+05  3.0577E+05
0004153   7.3349E+07 -8.0686E+05  1.8410E+06
0004154   7.5381E+07 -1.8016E+06 -4.2468E+05
0004155   7.3887E+07 -1.3991E+05 -5.1169E+05
0004156   7.4190E+07 -4.4067E+06 -6.6112E+05
0004157   7.6583E+07  9.9638E+04 -1.1184E+06
0004158   7.5037E+07  2.2128E+06 -7.1670E+05
0004159   7.5244E+07 -7.5700E+06  2.9859E+06
0004160   7.6420E+07  1.2724E+06 -1.2451E+06
0004161   7.7028E+07  1.1782E+06 -4.3303E+06
0004162   7.5533E+07  2.9825E+06  2.4038E+06
0004163   7.3581E+07 -4.2426E+06 -4.1052E+04
0004164   7.2574E+07  3.4387E+06  2.3835E+06
0004165   7.4822E+07 -1.5347E+06  9.5346E+05
0004166   7.4960E+07 -3.3712E+05  1.9379E+06
0004167   7.5999E+07  1.1391E+05 -6.9362E+05
0004168   7.3892E+07  2.3394E+06 -1.5689E+06
0004169   7.3316E+07 -3.1781E+06 -4.6286E+05
0004170   7.4859E+07 -1.2615E+06 -1.7419E+06
0004171   7.3224E+07  9.9266E+04  5.2162E+05
0004172   7.4553E+07  1.5010E+06 -4.0625E+06
0004173   7.2476E+07  7.2895E+04 -1.4521E+05
0004174   7.3970E+07 -1.5945E+06 -2.7917E+05
0004175   7.4487E+07  1.0820E+06 -1.0587E+05
0004176   7.5375E+07 -2.1312E+06 -4.5628E+05
0004177   7.5495E+07  1.6927E+06  7.2466E+05
0004178   7.5805E+07 -1.1964E+06  2.0677E+06
0004179   7.4792E+07  1.8285E+06 -9.9188E+05
0004180   7.7350E+07  1.7887E+06 -4.6429E+05
0004181   7.2873E+07  7.2010E+05  1.0919E+06
0004182   7.5721E+07 -7.3420E+05  2.0350E+05
0004183   7.5830E+07  6.7843E+05 -6.5162E+05
0004184   7.2945E+07  1.9536E+05  6.6474E+04
0004185   7.6709E+07 -3.7021E+06 -6.3931E+05
0004186   7.6158E+07 -2.7470E+06  1.7477E+06
0004187   7.5592E+07  2.3742E+06 -1.4895E+06
0004188   7.3734E+07 -7.1608E+05  4.9849E+05
0004189   7.4249E+07  2.6787E+05 -1.6987E+06
0004190   7.5166E+07  2.8996E+06 -1.1133E+06
0004191   7.3480E+07  2.2288E+06  7.2869E+05
0004192   7.5245E+07  1.2572E+06 -1.0143E+06
0004193   7.8179E+07 -1.3974E+06 -8.1164E+05
0004194   7.5862E+07  1.0343E+06 -1.3212E+06
0004195   7.5616E+07 -1.3710E+06  6.7761E+04
0004196   7.3969E+07  1.5144E+06  6.3324E+05
0004197   7.5288E+07 -2.3174E+05 -1.3242E+06
0004198   7.3516E+07 -9.3309E+05  6.1544E+05
0004199   7.3924E+07  1.8166E+06 -1.3299E+05
0004200   7.6444E+07  1.0132E+06  1.9786E+06
0004201   7.3345E+07  1.2494E+06 -8.9718E+05
0004202   7.4031E+07 -1.0880E+06 -2.0655E+06
0004203   7.4802E+07 -3.2953E+05  3.0403E+05
0004204   7.3847E+07 -7.6649E+05  2.5017E+05
0004205   7.3342E+07 -6.0953E+05  3.4688E+05
0004206   7.5313E+07 -1.4534E+06  7.8885E+05
0004207   7.3567E+07 -1.6180E+06 -8.8405E+05
0004208   7.4805E+07 -9.2296E+05 -1.2416E+05
0004209   7.4278E+07 -1.9353E+06 -3.0748E+05
0004210   7.5997E+07  5.3800E+05  1.1505E+06
0004211   7.3503E+07 -1.3262E+05  7.2506E+06
0004212   7.7398E+07 -2.4806E+06 -1.3135E+06
0004213   7.7290E+07 -1.1105E+06 -4.6039E+05
0004214   7.3256E+07 -8.5361E+05  1.0017E+06
0004215   7.1264E+07 -1.5418E+05  1.0752E+06
0004216   7.5538E+07  8.0813E+05  4.0148E+05
0004217   7.9981E+07  1.1493E+06 -2.1826E+06
0004218   7.4709E+07  1.2827E+06  3.3941E+05
0004219   7.4870E+07 -1.3552E+06  4.4253E+05
0004220   7.6066E+07  4.6861E+05 -1.3040E+06
0004221   7.4918E+07  8.0566E+05  1.7557E+06
0004222   7.5535E+07  2.7662E+06 -1.7207E+06
0004223   7.4222E+07 -3.7291E+06 -5.2733E+05
0004224   7.6666E+07 -5.1053E+05  2.8056E+05
0004225   7.6644E+07  1.4990E+06 -3.0165E+05
0004226   7.3419E+07 -1.7526E+05  6.6811E+05
0004227   7.2221E+07  1.3845E+06  1.0457E+06
0004228   7.4521E+07  2.0395E+06  6.4490E+05
0004229   7.4793E+07 -1.1851E+05 -1.6437E+05
0004230   7.3384E+07  1.0069E+06  1.2718E+06
0004231   7.4481E+07 -4.2982E+06 -3.7967E+05
0004232   7.7624E+07  7.7750E+05 -1.3530E+06
0004233   7.6156E+07  6.7146E+05  1.1769E+06
0004234   7.5653E+07  2.7911E+06 -1.2217E+06
0004235   7.3549E+07  1.2132E+07  2.0744E+05
0004236   7.4450E+07 -2.3724E+06  2.4062E+06
0004237   7.3933E+07 -3.3717E+06  1.7336E+06
0004238   7.3871E+07  4.2318E+05  5.9862E+05
0004239   7.4749E+07  4.2619E+05 -6.3792E+05
0004240   7.3323E+07 -9.5603E+05 -2.3442E+06
0004241   7.4602E+07 -2.7845E+05  1.5499E+06
0004242   7.1710E+07  1.2715E+06 -3.1447E+05
0004243   7.6971E+07  1.5443E+05 -3.8296E+05
0004244   7.4425E+07 -4.2347E+06  2.2273E+05
0004245   7.5518E+07  1.3638E+06 -3.4510E+05
0004246   7.2189E+07 -7.9652E+05 -3.1339E+06
0004247   7.8249E+07  2.4452E+06  2.5198E+06
0004248   7.5952E+07 -2.7213E+06 -3.5115E+05
0004249   7.5098E+07 -4.5129E+05  3.4399E+06
0004250   7.5720E+07 -2.4469E+06  1.6531E+06
0004251   7.3623E+07 -5.5612E+05  1.7139E+05
0004252   7.3415E+07  6.8976E+05 -2.2302E+06
0004253   7.5337E+07 -1.1954E+06  8.2008E+05
0004254   7.5515E+07  1.5331E+05  5.7429E+05
0004255   7.7035E+07 -5.1752E+05 -6.4793E+05
0004256   7.5682E+07 -2.1383E+06  1.6202E+06
0004257   7.5530E+07  1.0070E+06 -6.9327E+05
0004258   7.6992E+07  8.6911E+05 -5.8218E+04
0004259   7.4746E+07  1.7676E+04  5.1250E+05
0004260   7.4828E+07 -7.2170E+05  5.6075E+05
0004261   7.5700E+07 -3.4087E+05  1.5427E+06
0004262   7.6518E+07  1.0015E+06 -1.3402E+06
0004263   7.3664E+07  3.1417E+06 -5.8155E+04
0004264   7.4977E+07 -1.3846E+05  3.6377E+04
0004265   7.4607E+07 -6.2400E+05 -2.7072E+05
0004266   7.5253E+07 -2.9362E+06  1.4948E+06
0004267   7.4894E+07 -5.1233E+05  5.1024E+04
0004268   7.5147E+07 -1.8810E+06  1.2242E+04
0004269   7.6178E+07  4.8291E+05 -1.6621E+06
0004270   7.6574E+07 -4.1387E+05 -2.8759E+05
0004271   7.5049E+07  5.6041E+05  7.2292E+04
0004272   7.5873E+07  6.9160E+04 -1.0530E+06
0004273   7.6810E+07 -5.2591E+03  9.4688E+05
0004274   7.6063E+07 -2.0799E+05  2.4045E+06
0004275   7.5702E+07  1.5627E+06 -8.4912E+04
0004276   7.4394E+07  4.1414E+06 -9.5969E+05
0004277   7.4435E+07 -3.7230E+05 -1.9361E+06
0004278   7.4149E+07 -1.1146E+06  2.5352E+05
0004279   7.3727E+07  1.1180E+06 -5.4998E+05
0004280   7.6941E+07 -9.4888E+05 -2.4511E+05
0004281   7.4191E+07  1.3245E+06  1.3136E+06
0004282   7.3997E+07  1.2842E+06  1.1802E+06
0004283   7.5324E+07 -6.2575E+05  1.4891E+06
0004284   7.7826E+07 -2.1622E+06  9.9733E+05
0004285   7.4549E+07  9.7465E+05  2.5546E+06
0004286   7.5942E+07  6.3552E+05  2.1789E+05
0004287   7.4734E+07 -2.8880E+06 -3.5476E+05
0004288   7.3152E+07  5.8532E+05  1.3526E+06
0004289   7.5600E+07 -1.4012E+05 -1.3872E+06
0004290   7.6875E+07 -7.4511E+05  1.8442E+06
0004291   7.3769E+07  2.1588E+06 -7.3750E+05
0004292   7.5307E+07 -2.8489E+05 -7.8886E+05
0004293   7.4033E+07  1.0752E+06  7.3616E+05
0004294   7.5036E+07 -1.2442E+06 -7.5997E+05
0004295   7.5654E+07  1.1053E+06  6.8478E+05
0004296   7.5149E+07  7.6026E+05 -2.8868E+06
0004297   7.6590E+07  1.9435E+06  2.0765E+06
0004298   7.4158E+07 -7.4310E+05  4.8481E+05
0004299   7.5182E+07  2.8383E+06 -1.9313E+06
0004300   7.5971E+07 -2.9773E+05  2.6557E+05
0004301   7.4357E+07  7.3018E+05  7.2825E+05
0004302   7.3714E+07  8.0531E+05 -2.0170E+06
0004303   7.3566E+07 -2.4702E+06  1.9928E+06
0004304   7.5056E+07 -3.3755E+06 -5.8943E+05
0004305   7.3167E+07 -2.0315E+06  1.3843E+06
0004306   7.5555E+07 -1.4285E+06  2.0388E+05
0004307   7.3355E+07 -1.1022E+06 -3.4591E+05
0004308   7.5361E+07  3.2564E+06 -3.9222E+06
0004309   7.4466E+07 -8.3491E+05  9.3352E+04
0004310   7.4149E+07  2.6026E+06 -1.2335E+06
0004311   7.4364E+07  9.6234E+05  5.3865E+05
0004312   7.6256E+07 -2.2943E+06 -2.7358E+05
0004313   7.6430E+07 -7.1212E+05  1.0930E+06
0004314   7.2706E+07  2.5666E+05  1.8125E+06
0004315   7.5179E+07  6.9573E+05 -7.4787E+05
0004316   7.4070E+07  1.9319E+06 -4.3895E+06
0004317   7.4279E+07 -4.1970E+03 -1.0124E+06
0004318   7.4904E+07 -9.9119E+05  1.0209E+06
0004319   7.3658E+07 -7.1156E+05 -2.8791E+06
0004320   7.4551E+07  1.0224E+07 -2.0407E+06
0004321   7.5025E+07 -5.4219E+05  1.1963E+06
0004322   7.2127E+07 -5.5350E+06  9.2137E+04
0004323   7.4899E+07  9.6442E+05 -1.0061E+06
0004324   7.5639E+07  2.1535E+06 -5.4265E+05
0004325   7.4906E+07  1.8769E+06  4.0215E+05
0004326   7.3465E+07 -3.9319E+06  1.1507E+06
0004327   7.5169E+07  3.9597E+05  9.1596E+05
0004328   7.3322E+07 -2.4721E+06  1.9326E+06
0004329   7.5335E+07 -1.1946E+06  3.3797E+04
0004330   7.4790E+07 -6.1169E+05 -2.1133E+06
0004331   7.3995E+07  2.9217E+06  5.3214E+05
0004332   7.5602E+07  2.5867E+06 -1.3778E+06
0004333   7.4664E+07  2.3616E+05 -3.7531E+05
0004334   7.3817E+07 -1.7374E+06  5.0306E+05
0004335   7.3332E+07 -3.1289E+05  1.8753E+06
0004336   7.2957E+07  1.3593E+06 -4.5427E+05
0004337   7.3787E+07  5.0804E+05 -8.9997E+05
0004338   7.6618E+07  4.3725E+06 -1.2627E+06
0004339   7.5853E+07  5.5557E+05 -5.3353E+05
0004340   7.5625E+07 -1.8892E+06  1.8746E+06
0004341   7.7126E+07  2.0115E+06  1.4452E+06
0004342   7.5997E+07 -2.2652E+06 -3.4170E+05
0004343   7.7219E+07 -4.1068E+05  1.5562E+06
0004344   7.5474E+07 -2.6961E+06  1.0899E+06
0004345   7.7112E+07  3.4816E+04 -2.6409E+05
0004346   7.5487E+07  3.0649E+05 -2.2325E+06
0004347   7.4882E+07  1.0646E+06  1.8020E+06
0004348   7.4831E+07 -1.7648E+05  1.9674E+06
0004349   7.5309E+07 -1.3849E+06  1.1489E+06
0004350   7.3964E+07 -5.2629E+05  5.1745E+04
0004351   7.4824E+07  8.2981E+05  6.8846E+05
0004352   7.4663E+07  2.7157E+06 -2.9532E+06
0004353   7.6037E+07  4.9298E+05  2.6693E+06
0004354   7.5642E+07 -1.8419E+06  2.2994E+06
0004355   7.4606E+07 -1.9475E+06 -1.7988E+06
0004356   7.6754E+07 -6.4962E+05 -2.6273E+06
0004357   7.5124E+07 -1.1508E+06 -2.4228E+06
0004358   7.5243E+07  1.2168E+06 -2.1532E+06
0004359   7.4279E+07 -1.5654E+06 -1.2276E+05
0004360   7.5260E+07 -3.0693E+05 -1.3129E+06
0004361   7.3887E+07 -1.7090E+05 -6.9125E+05
0004362   7.5573E+07  3.2177E+06  8.6869E+05
0004363   7.4320E+07 -2.5538E+06  7.6781E+05
0004364   7.3401E+07  3.9058E+05  2.6424E+06
0004365   7.4231E+07  8.7145E+05 -2.7258E+05
0004366   7.6938E+07 -3.0797E+04  3.6848E+06
0004367   7.5921E+07  1.4854E+06  3.3603E+05
0004368   7.4705E+07  1.7640E+06 -3.7415E+06
0004369   7.6325E+07  1.9589E+06 -1.1728E+06
0004370   7.3477E+07 -2.0431E+06 -7.4033E+05
0004371   7.3590E+07  7.9537E+05 -8.5259E+05
0004372   7.3730E+07 -5.5039E+05 -1.5308E+06
0004373   7.4191E+07  6.4921E+05 -2.2942E+05
0004374   7.4462E+07 -4.6604E+03  6.9328E+04
0004375   7.4580E+07 -2.3007E+06  2.5354E+06
0004376   7.6141E+07  8.1234E+05 -1.8095E+05
0004377   7.3246E+07  1.0877E+06  2.0320E+06
0004378   7.5248E+07  4.8737E+05 -6.8473E+05
0004379   7.5257E+07  1.6967E+06 -3.4886E+05
0004380   7.4565E+07 -9.0250E+05  8.8139E+05
0004381   7.3011E+07  1.4128E+05 -1.5012E+06
0004382   7.8055E+07  2.0467E+06 -1.7496E+05
0004383   7.5405E+07 -1.5443E+06  1.8811E+06
0004384   7.5613E+07  1.5504E+06 -3.6577E+06
0004385   7.6904E+07  2.0294E+06 -2.9468E+06
0004386   7.6731E+07  4.6043E+06 -1.6515E+06
0004387   7.7881E+07 -1.2981E+06 -1.7409E+06
0004388   7.2888E+07 -1.6206E+06  1.0623E+06
0004389   7.4495E+07 -3.1335E+06 -3.0718E+06
0004390   7.3976E+07  1.1616E+06  1.5160E+06
0004391   7.5956E+07  1.6066E+06 -2.0758E+06
0004392   7.4904E+07 -2.0005E+06  4.3017E+04
0004393   7.5242E+07 -1.6720E+06  3.3382E+06
0004394   7.4207E+07  1.2514E+06  3.1226E+06
0004395   7.5028E+07  1.3639E+06 -3.2018E+05
0004396   7.2977E+07 -1.5635E+06 -3.9403E+06
0004397   7.5810E+07 -1.7420E+06  5.4641E+05
0004398   7.7852E+07  1.9526E+06  1.2059E+06
0004399   7.5656E+07 -2.1201E+06 -1.0449E+06
0004400   7.6511E+07 -1.3705E+06  1.1910E+06
0004401   7.5989E+07  4.2518E+05  1.2160E+05
0004402   7.5396E+07  1.5768E+06 -1.4994E+06
0004403   7.6095E+07  4.6723E+06  2.7332E+06
0004404   7.4611E+07 -1.6116E+06  2.2407E+06
0004405   7.4372E+07  1.5643E+06 -3.3643E+06
0004406   7.4509E+07 -1.2992E+06 -3.8273E+06
0004407   7.4476E+07 -1.6152E+06 -2.9856E+05
0004408   7.4591E+07  8.3363E+05 -4.1438E+06
0004409   7.4581E+07 -1.7646E+06 -5.5565E+06
0004410   7.7376E+07 -5.8804E+05 -2.4316E+06
0004411   7.0207E+07 -1.3526E+06  1.6518E+07
0004412   7.4250E+07 -1.8353E+05  2.1862E+06
0004413   7.6916E+07 -1.8314E+06  4.7785E+04
0004414   7.3530E+07  9.5825E+05 -1.4886E+06
0004415   7.4726E+07 -5.4719E+05  1.1186E+06
0004416   7.3938E+07 -2.9273E+06  1.8384E+05
0004417   7.2829E+07  4.4778E+06 -2.6860E+05
0004418   7.3476E+07  7.9650E+05  1.6056E+06
0004419   7.5289E+07 -8.3320E+05  1.3596E+06
0004420   7.5110E+07 -3.4534E+06  2.0199E+05
0004421   7.4061E+07 -6.2806E+05 -3.6855E+05
0004422   7.7444E+07 -1.3515E+06 -5.1281E+04
0004423   7.5315E+07  5.3510E+06  1.4332E+06
0004424   7.4897E+07  1.0801E+06  8.2200E+05
0004425   7.4267E+07 -1.4760E+06 -8.6861E+05
0004426   7.6901E+07 -2.3985E+06  6.3581E+05
0004427   7.5906E+07 -2.0246E+06  2.4304E+06
0004428   7.5926E+07 -2.3843E+06  2.9951E+06
0004429   7.6397E+07  6.0843E+05 -1.4598E+06
0004430   7.6070E+07 -7.7966E+05 -1.5598E+06
0004431   7.5590E+07 -1.7983E+06  1.5853E+04
0004432   7.3842E+07 -1.3762E+06 -3.6146E+04
0004433   7.5154E+07 -5.2352E+05 -1.6547E+06
0004434   7.3372E+07 -7.3467E+05  1.9091E+06
0004435   7.4137E+07  1.6615E+06 -1.3721E+06
0004436   7.3236E+07 -1.7302E+06 -4.5003E+05
0004437   7.5429E+07 -6.5602E+05  1.4024E+06
0004438   7.4624E+07  4.7108E+06 -6.0816E+05
0004439   7.4611E+07  2.4156E+06 -1.9722E+06
0004440   7.4804E+07  2.3619E+06 -5.6318E+04
0004441   7.6489E+07 -2.8205E+05  1.7955E+06
0004442   7.6269E+07  4.0294E+05  1.7031E+06
0004443   7.4861E+07 -2.3365E+05  4.9469E+05
0004444   7.6307E+07 -3.0843E+06 -1.6778E+06
0004445   7.5865E+07  7.7898E+05  4.9121E+06
0004446   7.4115E+07 -8.5781E+05 -4.0854E+04
0004447   7.3142E+07 -4.9311E+05  2.3127E+06
0004448   7.5393E+07 -5.6958E+04  3.3671E+06
0004449   7.4979E+07  2.0940E+06  1.6540E+05
0004450   7.6680E+07 -1.6601E+05  1.5858E+06
0004451   7.6859E+07  6.3788E+05 -1.6181E+06
0004452   7.5365E+07 -2.9251E+06  3.2310E+06
0004453   7.5225E+07  2.1604E+05  1.0871E+06
0004454   7.3260E+07 -4.9835E+06  4.6592E+06
0004455   7.5094E+07  1.7056E+06  2.9213E+05
0004456   7.1368E+07 -1.4391E+06  5.7793E+05
0004457   7.5523E+07 -8.7150E+05 -2.0942E+05
0004458   7.6325E+07 -1.5094E+06  3.7110E+05
0004459   7.6144E+07 -4.9811E+05 -2.6710E+06
0004460   7.2891E+07 -1.7319E+05  3.8501E+05
0004461   7.4933E+07  7.5733E+05 -4.7642E+05
0004462   7.5714E+07 -1.4198E+06 -2.7465E+05
0004463   7.4697E+07 -3.3577E+05 -1.0391E+06
0004464   7.2168E+07  1.9298E+05 -5.8074E+05
0004465   7.5353E+07  4.6196E+05  5.6949E+05
0004466   7.4590E+07  3.2783E+05  2.6364E+06
0004467   7.4517E+07  1.4633E+06 -1.4777E+06
0004468   7.5888E+07 -3.3055E+05  4.9189E+05
0004469   7.3751E+07 -6.2429E+05 -3.9995E+05
0004470   7.5382E+07  2.7877E+06  8.2928E+05
0004471   7.3966E+07  7.3574E+05  5.9571E+05
0004472   7.3764E+07 -1.2108E+06 -1.4515E+06
0004473   7.6859E+07 -1.1360E+06 -7.1363E+05
0004474   7.5965E+07  2.5235E+06 -1.4789E+06
0004475   7.6379E+07  5.5945E+06  9.0899E+05
0004476   7.2912E+07  2.1304E+06  2.7703E+06
0004477   7.5409E+07  1.3900E+04  6.4761E+05
0004478   7.6501E+07 -3.9967E+05 -1.0658E+06
0004479   7.3569E+07  1.0005E+06 -2.7819E+06
0004480   7.4888E+07 -2.0415E+05 -7.4540E+05
0004481   7.5461E+07 -1.7935E+06  1.7416E+06
0004482   7.1757E+07 -4.1001E+06 -1.4557E+05
0004483   7.4326E+07  1.9148E+06  1.9808E+06
0004484   7.7936E+07 -1.4790E+06  4.1340E+05
0004485   7.5851E+07 -2.8579E+06  1.1633E+06
0004486   7.4010E+07 -1.1483E+06  2.0684E+06
0004487   7.4910E+07  2.2740E+06  1.8066E+05
0004488   7.4675E+07  1.9902E+06 -2.7834E+06
0004489   7.4736E+07  9.0191E+05  5.6546E+05
0004490   7.6019E+07  4.7465E+05  2.5914E+06
0004491   7.2763E+07  7.6863E+06 -5.7649E+06
0004492   7.6044E+07 -2.3789E+06  2.6014E+06
0004493   7.5193E+07  5.0316E+06  8.9936E+05
0004494   7.5787E+07 -1.0769E+06  8.3141E+05
0004495   7.4564E+07 -6.4670E+05  2.1744E+06
0004496   7.6305E+07 -2.5752E+06  1.3758E+06
0004497   7.5208E+07 -1.6178E+05  2.0689E+06
0004498   7.5113E+07  1.5617E+06  3.1431E+06
0004499   7.6623E+07  4.1106E+05  3.0168E+06
0004500   7.5626E+07  4.2242E+05  2.9987E+06
0004501   7.3792E+07  2.3445E+06  4.6777E+06
0004502   7.5377E+07  4.1537E+06 -2.7463E+06
0004503   7.7617E+07 -5.9076E+05 -1.9290E+06
0004504   7.7306E+07  1.1001E+06 -3.8182E+06
0004505   7.7026E+07  1.1403E+06  6.5533E+05
0004506   7.5145E+07  7.0102E+05 -2.3139E+05
0004507   7.4469E+07 -1.0492E+06 -6.9286E+05
0004508   7.3024E+07  2.0028E+05  8.0692E+06
0004509   7.8051E+07  7.7617E+05 -2.2418E+05
0004510   7.3998E+07 -3.1005E+06  2.7299E+06
0004511   7.7947E+07  5.1824E+05  5.4170E+05
0004512   7.1977E+07  1.1754E+06  1.5894E+06
0004513   7.4586E+07 -2.8003E+06  7.6119E+05
0004514   7.5231E+07  1.0365E+06 -1.2046E+06
0004515   7.5570E+07 -3.9847E+05  1.9543E+06
0004516   7.3323E+07  8.6263E+05  3.2476E+06
0004517   7.8422E+07  4.0062E+05 -8.9993E+05
0004518   7.3629E+07  1.5713E+06  1.1716E+06
0004519   7.3868E+07  2.3898E+04  1.2142E+06
0004520   7.4531E+07 -8.3888E+05  2.2249E+06
0004521   7.3478E+07  2.1715E+06  9.3919E+05
0004522   7.5621E+07 -3.7538E+05  3.2245E+04
0004523   7.2843E+07  2.9881E+06  1.0394E+06
0004524   7.7936E+07 -4.3028E+06  2.3899E+06
0004525   7.4406E+07 -1.9658E+05  1.4217E+06
0004526   7.4732E+07 -2.5120E+06  3.5889E+05
0004527   7.2919E+07 -7.0765E+05 -2.8468E+05
0004528   7.5502E+07 -1.2082E+06 -1.6618E+06
0004529   7.2942E+07  1.5237E+06  1.8185E+06
0004530   7.6370E+07 -2.7330E+05 -3.2388E+05
0004531   7.5926E+07 -1.9313E+06  1.4598E+06
0004532   7.6014E+07  1.5934E+06  2.4066E+06
0004533   7.5729E+07 -5.3080E+05 -3.0074E+06
0004534   7.5959E+07  1.3902E+06  4.9040E+05
0004535   7.4607E+07  1.0983E+04 -1.8721E+06
0004536   7.3947E+07 -1.1377E+06 -2.6643E+06
0004537   7.6820E+07 -1.4300E+06  1.1977E+06
0004538   7.7976E+07 -4.2682E+05  8.0794E+05
0004539   7.5065E+07 -3.6661E+04 -8.2164E+05
0004540   7.4393E+07 -5.6667E+05 -2.8708E+06
0004541   7.5261E+07  1.6022E+06 -1.5691E+06
0004542   7.5243E+07  1.4920E+06 -3.4975E+06
0004543   7.4628E+07  2.1500E+06 -3.1158E+06
0004544   7.6222E+07 -4.5523E+05 -9.7199E+05
0004545   7.4644E+07 -1.4973E+05  2.0247E+06
0004546   7.7121E+07  1.5562E+06  1.1975E+06
0004547   7.6741E+07  1.6758E+06  8.8669E+05
0004548   7.5256E+07  2.6948E+05  1.4789E+06
0004549   7.4863E+07 -1.1802E+06  1.6070E+06
0004550   7.6093E+07 -1.5912E+06 -2.0473E+06
0004551   7.4149E+07  1.2212E+06  8.6777E+04
0004552   7.4115E+07 -2.6741E+06 -1.3219E+06
0004553   7.4137E+07 -5.5930E+05 -1.2528E+06
0004554   7.6108E+07  7.0510E+04 -1.5861E+06
0004555   7.7889E+07 -9.2196E+05 -7.6424E+05
0004556   7.7052E+07  1.7270E+06 -8.6757E+05
0004557   7.5400E+07  9.8033E+05 -3.2341E+05
0004558   7.4855E+07  1.7656E+06  2.1044E+06
0004559   7.4064E+07 -1.1837E+05  9.9677E+05
0004560   7.5985E+07 -1.2201E+05  1.4491E+06
0004561   7.5783E+07 -2.4719E+06  4.0219E+05
0004562   7.4337E+07 -8.0557E+05 -3.3328E+06
0004563   7.4808E+07 -1.4740E+06 -2.4664E+06
0004564   7.4492E+07  4.8283E+05  2.1862E+06
0004565   7.4923E+07  2.0420E+06 -3.5336E+06
0004566   7.5128E+07 -1.8705E+06  1.6341E+06
0004567   7.6376E+07 -1.2418E+06  2.5809E+06
0004568   7.3822E+07  1.6535E+06 -5.0978E+05
0004569   7.2010E+07 -5.9626E+06 -9.7734E+06
0004570   7.2153E+07 -1.3766E+06 -7.2164E+05
0004571   7.5896E+07  1.2909E+06 -2.6132E+06
0004572   7.5330E+07 -1.9342E+06  1.5537E+06
0004573   7.3798E+07  6.4681E+05  1.0264E+06
0004574   7.2768E+07 -9.7838E+05  1.4957E+06
0004575   7.6001E+07  4.4660E+06  4.5513E+06
0004576   7.3149E+07  3.1924E+04 -1.8445E+06
0004577   7.7346E+07  9.2915E+05  5.4604E+05
0004578   7.5049E+07 -2.6231E+06  1.5670E+06
0004579   7.4666E+07  3.2835E+06 -9.1235E+05
0004580   7.4334E+07 -4.0373E+06  2.5693E+06
0004581   7.6064E+07  1.8352E+05  4.9005E+05
0004582   7.6223E+07 -1.9855E+05  5.2139E+05
0004583   7.4326E+07 -7.2483E+05  4.7350E+05
0004584   7.6196E+07 -7.7772E+05  2.0425E+06
0004585   7.4614E+07 -1.3483E+06  1.3905E+06
0004586   7.4832E+07  1.5997E+06 -2.7565E+06
0004587   7.3305E+07  3.6586E+06  8.8607E+05
0004588   7.5480E+07 -2.4325E+06  1.7790E+06
0004589   7.6202E+07  2.1117E+05  1.1746E+06
0004590   7.4871E+07  2.7650E+06  2.4405E+06
0004591   7.5485E+07 -3.1194E+06 -2.4194E+05
0004592   7.4727E+07 -2.8888E+05 -1.2381E+06
0004593   7.5194E+07 -4.6892E+05  1.0479E+05
0004594   7.4875E+07 -1.1614E+06  2.4739E+06
0004595   7.6628E+07 -5.5279E+05  2.3269E+06
0004596   7.7625E+07  1.1342E+06 -5.1593E+06
0004597   7.5420E+07  2.1478E+05  4.4699E+05
0004598   7.6931E+07 -1.5775E+06 -1.3303E+06
0004599   7.3282E+07 -7.0699E+05 -7.4713E+05
0004600   7.3829E+07  6.9112E+05  8.5476E+05
0004601   7.4467E+07  2.6673E+06 -3.3709E+06
0004602   7.4365E+07 -3.4565E+06 -2.4280E+06
0004603   7.3831E+07 -1.1897E+06  5.5958E+05
0004604   7.3424E+07 -2.5664E+06  8.3833E+04
0004605   7.5103E+07 -3.0413E+06 -1.1944E+04
0004606   7.4591E+07  1.1696E+06  4.0002E+06
0004607   7.4130E+07  1.0077E+06  2.2984E+06
0004608   7.5400E+07 -8.1733E+05 -5.8026E+05
0004609   7.4167E+07  1.0571E+06  8.6065E+05
0004610   7.3152E+07  1.1681E+05  6.5878E+06
0004611   7.4697E+07  2.7292E+06  2.0955E+06
0004612   7.5409E+07 -2.8266E+05  3.7207E+05
0004613   7.6449E+07 -1.4930E+06 -7.6063E+05
0004614   7.4029E+07  2.7112E+05  8.1676E+05
0004615   7.5249E+07 -1.2160E+06  8.8276E+04
0004616   7.4599E+07 -5.3752E+05 -1.4898E+06
0004617   7.5333E+07 -7.7367E+05 -1.6184E+06
0004618   7.6186E+07  8.6877E+05 -9.9718E+05
0004619   7.5479E+07 -1.1385E+06  2.4530E+05
0004620   7.5316E+07  1.0536E+06  1.9743E+06
0004621   7.6042E+07  2.3399E+06 -7.9836E+05
0004622   7.4504E+07 -3.3411E+05  4.3306E+06
0004623   7.5773E+07  4.0096E+05 -1.3211E+06
0004624   7.3362E+07 -6.5544E+05  2.1476E+06
0004625   7.4891E+07  7.0511E+05  1.6506E+04
0004626   7.5813E+07 -6.4333E+05  3.3406E+05
0004627   7.4956E+07  1.5597E+06  1.8225E+06
0004628   7.4221E+07  1.7725E+06 -3.5511E+06
0004629   7.3878E+07 -1.4053E+06  3.7578E+05
0004630   7.6384E+07  7.3926E+05 -8.1561E+05
0004631   7.3593E+07  7.7436E+05 -1.6800E+06
0004632   7.5988E+07 -1.7215E+06 -4.8771E+05
0004633   7.6493E+07 -5.3485E+04 -7.3753E+05
0004634   7.4257E+07  6.9137E+05 -1.1935E+06
0004635   7.5136E+07  1.3675E+06  1.5497E+06
0004636   7.3435E+07 -2.0434E+05 -1.2084E+06
0004637   7.5467E+07 -3.7445E+05 -1.3075E+06
0004638   7.6879E+07 -2.7681E+06 -5.4548E+05
0004639   7.4014E+07  2.1692E+06 -3.7154E+06
0004640   7.5059E+07  8.9971E+05  9.4435E+05
0004641   7.4152E+07  1.3010E+05 -1.2189E+05
0004642   7.6111E+07 -1.6204E+06 -2.0668E+05
0004643   7.3627E+07  8.3355E+05  3.4281E+05
0004644   7.7042E+07  6.1014E+05 -3.2376E+05
0004645   7.4722E+07  2.1857E+05  2.6342E+05
0004646   7.4162E+07  2.2073E+06 -6.5810E+05
0004647   7.7298E+07 -2.0745E+06  1.2395E+06
0004648   7.4298E+07 -1.0775E+06  8.5352E+05
0004649   7.5744E+07  4.6341E+05  6.1253E+05
0004650   7.4039E+07 -7.0555E+05  2.0692E+06
0004651   7.4139E+07 -3.3487E+06 -2.6162E+06
0004652   7.4118E+07  3.8012E+05  7.9868E+05
0004653   7.5032E+07 -8.1117E+05 -2.8535E+06
0004654   7.4959E+07 -1.0940E+05  8.8907E+05
0004655   7.7431E+07 -1.0459E+05 -1.3212E+06
0004656   7.4849E+07  3.3803E+06  1.0593E+06
0004657   7.6689E+07 -1.3809E+06 -2.5584E+05
0004658   7.8006E+07 -1.6736E+06 -3.6008E+05
0004659   7.4018E+07 -2.4429E+05 -2.8160E+06
0004660   7.5531E+07  2.8589E+06  2.2340E+05
0004661   7.7396E+07 -8.3290E+05 -3.5694E+05
0004662   7.5570E+07 -6.4329E+05 -1.2091E+06
0004663   7.6365E+07 -3.1174E+06  9.7207E+05
0004664   7.4743E+07  1.4624E+06 -1.7316E+06
0004665   7.4840E+07  1.2601E+06 -1.1584E+06
0004666   7.5014E+07  9.8170E+05 -1.4778E+06
0004667   7.5456E+07 -4.8301E+05 -1.4836E+06
0004668   7.5618E+07 -4.8796E+05 -3.8380E+05
0004669   7.4362E+07 -1.6638E+06 -4.2072E+06
0004670   7.4763E+07 -2.0284E+06  5.4518E+05
0004671   7.4774E+07  2.6720E+05  8.9769E+05
0004672   7.5560E+07  8.4780E+05  1.4802E+05
0004673   7.6167E+07  2.3995E+06 -1.6475E+04
0004674   7.5782E+07 -2.8497E+05 -2.2697E+06
0004675   7.7848E+07 -8.9142E+05  1.5774E+05
0004676   7.5101E+07 -1.3577E+06 -1.4454E+06
0004677   7.3481E+07  1.4588E+06  5.5817E+05
0004678   7.6616E+07 -2.1721E+06  2.0319E+06
0004679   7.3424E+07 -2.1378E+05 -1.7888E+06
0004680   7.6834E+07  7.4175E+05  1.6371E+06
0004681   7.3637E+07  9.0953E+05 -1.3228E+06
0004682   7.3965E+07 -1.4342E+06  2.3856E+06
0004683   7.4894E+07 -1.7558E+06  1.6172E+06
0004684   7.2981E+07 -1.5044E+06 -6.5979E+05
0004685   7.3528E+07  4.8923E+06  4.0575E+06
0004686   7.4762E+07  9.0086E+05  7.0040E+05
0004687   7.5003E+07 -1.4664E+06  2.4936E+06
0004688   7.4666E+07  1.4055E+06  5.4147E+05
0004689   7.3003E+07 -8.5301E+04 -8.9970E+05
0004690   7.5133E+07 -3.9349E+05 -1.3428E+05
0004691   7.3263E+07 -1.6646E+06  1.1587E+05
0004692   7.2971E+07 -1.1202E+06 -1.3380E+05
0004693   7.5067E+07  2.3006E+06  2.7859E+06
0004694   7.5001E+07 -7.8865E+05  1.0896E+06
0004695   7.5955E+07  8.7200E+05  1.2679E+06
0004696   7.3799E+07  3.1532E+06  1.3746E+06
0004697   7.3315E+07  7.3610E+06 -6.6432E+05
0004698   7.5424E+07 -3.2233E+05 -5.4739E+04
0004699   7.6020E+07 -1.1759E+06 -1.4546E+06
0004700   7.6325E+07  3.5130E+05 -1.7224E+06
0004701   7.4816E+07  2.1705E+05  1.0048E+06
0004702   7.4895E+07 -8.9988E+05 -6.0742E+05
0004703   7.5684E+07  3.6115E+06  1.6066E+06
0004704   7.6738E+07 -9.9949E+05  3.1257E+05
0004705   7.8092E+07 -1.5169E+06 -1.0162E+06
0004706   7.6079E+07  6.4715E+05 -4.5838E+05
0004707   7.4647E+07  1.4917E+06 -3.3394E+06
0004708   7.5572E+07  4.1115E+06 -1.3884E+06
0004709   7.4740E+07 -1.4730E+06 -2.2778E+05
0004710   7.5906E+07  2.0852E+06 -1.0074E+05
0004711   7.5635E+07 -1.7180E+06 -3.3369E+05
0004712   7.4218E+07  2.2868E+06 -5.9261E+05
0004713   7.4229E+07 -2.2148E+06 -3.3048E+04
0004714   7.4161E+07  3.0159E+05 -6.3155E+05
0004715   7.6173E+07  2.0269E+06  1.6288E+06
0004716   7.5500E+07  3.0718E+06 -1.1249E+06
0004717   7.2624E+07  3.0234E+06 -3.1894E+06
0004718   7.4632E+07 -1.3317E+05  1.1949E+06
0004719   7.7162E+07  2.3892E+06  7.8806E+05
0004720   7.5321E+07 -3.8094E+05  9.8988E+04
0004721   7.3615E+07 -2.2531E+06 -8.6201E+04
0004722   7.5171E+07  1.1198E+06  9.2195E+05
0004723   7.1871E+07  3.3067E+05 -1.7160E+06
0004724   7.4837E+07  1.5554E+05  1.0939E+06
0004725   7.5148E+07  7.2877E+05 -2.9899E+05
0004726   7.6816E+07 -1.7686E+06  1.5817E+06
0004727   7.3585E+07  8.9512E+05 -1.9242E+05
0004728   7.4889E+07 -1.2896E+06  2.9678E+06
0004729   7.6101E+07 -2.6603E+05 -8.3234E+05
0004730   7.2371E+07  1.4573E+06  1.6509E+06
0004731   7.2833E+07  1.4144E+05  4.6419E+05
0004732   7.3654E+07 -1.6755E+06 -1.3145E+05
0004733   7.6570E+07 -2.4694E+06 -2.6578E+06
0004734   7.2338E+07  1.3473E+06 -1.2615E+06
0004735   7.3753E+07  3.5595E+06  2.0427E+06
0004736   7.5552E+07 -2.9414E+06 -1.6660E+05
0004737   7.3525E+07 -3.3505E+05  2.4738E+06
0004738   7.5166E+07 -2.0257E+06 -2.0202E+06
0004739   7.2768E+07  8.4722E+05  1.0744E+06
0004740   7.4947E+07 -7.6848E+05 -1.6828E+06
0004741   7.4909E+07  2.0372E+06 -6.7721E+05
0004742   7.4613E+07 -1.7259E+06 -4.3563E+06
0004743   7.2897E+07  3.9975E+06 -8.4633E+05
0004744   7.6095E+07 -2.0351E+06 -1.6245E+06
0004745   7.3200E+07 -1.7824E+06  9.6520E+03
0004746   7.3484E+07 -8.2522E+05 -3.3750E+05
0004747   7.5553E+07 -3.4217E+06  7.9065E+05
0004748   7.5106E+07  1.5616E+06 -1.7376E+06
0004749   7.2781E+07  5.2355E+05 -1.1736E+06
0004750   7.6723E+07 -6.4293E+05 -5.3449E+05
0004751   7.4772E+07  3.5658E+06 -6.4857E+05
0004752   7.3543E+07 -2.5069E+06 -6.2246E+04
0004753   7.5902E+07 -1.6730E+06  1.1191E+06
0004754   7.5693E+07  5.0644E+06 -6.6579E+04
0004755   7.7691E+07 -5.9839E+05  9.6989E+05
0004756   7.6304E+07  3.1771E+05 -8.2999E+03
0004757   7.5970E+07  2.1024E+06  4.5479E+06
0004758   7.5168E+07  9.1224E+05  3.4737E+05
0004759   7.6146E+07 -1.7307E+05  8.4363E+05
0004760   7.5433E+07  2.7225E+06  4.4936E+05
0004761   7.5515E+07 -3.1113E+06  1.0782E+06
0004762   7.3011E+07  5.6737E+06 -2.2447E+06
0004763   7.2930E+07 -2.1806E+06  2.5198E+06
0004764   7.5400E+07 -2.4264E+06  1.5825E+06
0004765   7.3571E+07 -1.3182E+06 -3.7632E+05
0004766   7.5489E+07  4.2019E+06  3.3209E+06
0004767   7.6264E+07 -5.3325E+05  3.0711E+06
0004768   7.3421E+07  2.2030E+06 -5.2382E+06
0004769   7.4561E+07  3.4941E+05  1.1665E+06
0004770   7.4047E+07  9.2925E+05  1.1728E+06
0004771   7.4784E+07  1.1429E+06  5.7902E+05
0004772   7.4790E+07 -7.4109E+05  1.9859E+06
0004773   7.5108E+07 -1.9387E+06  2.0317E+06
0004774   7.4669E+07  2.8853E+06 -1.6451E+06
0004775   7.6340E+07 -2.4490E+05 -3.4685E+04
0004776   7.5095E+07 -1.8988E+06  2.5176E+05
0004777   7.5816E+07  2.0522E+06 -9.6057E+05
0004778   7.4703E+07 -1.2117E+06  9.7603E+05
0004779   7.5293E+07 -6.2584E+05  1.6711E+06
0004780   7.6909E+07  7.9815E+05 -1.0443E+06
0004781   7.3526E+07  8.2265E+04  1.6384E+06
0004782   7.5960E+07  1.6271E+06  3.5488E+05
0004783   7.4790E+07 -1.0470E+06  3.1065E+06
0004784   7.4136E+07 -4.1291E+05  2.1334E+06
0004785   7.5248E+07  3.9349E+06 -7.7492E+05
0004786   7.6573E+07  1.1646E+06 -3.0494E+05
0004787   7.6630E+07 -1.6555E+06  2.9910E+05
0004788   7.4124E+07  1.7678E+05  4.3050E+05
0004789   7.6768E+07 -2.1395E+05 -3.6918E+05
0004790   7.2735E+07 -1.7668E+06  8.6317E+05
0004791   7.6074E+07 -3.9927E+05 -2.2663E+06
0004792   7.5033E+07  3.0990E+05 -3.5743E+06
0004793   7.4433E+07 -3.2789E+05  7.0510E+05
0004794   7.6795E+07  1.1430E+06 -1.0549E+06
0004795   7.5384E+07 -1.4471E+06 -5.9450E+06
0004796   7.5136E+07 -3.1563E+06 -4.5545E+06
0004797   7.5245E+07 -6.9073E+05  9.2926E+05
0004798   6.7964E+07 -1.9459E+07 -8.5699E+05
0004799   7.6780E+07  5.3006E+04  2.4941E+06
0004800   7.6016E+07 -5.3429E+04 -9.4623E+05
0004801   7.5658E+07 -4.2919E+05 -1.0590E+06
0004802   7.6416E+07  5.6005E+04  1.2489E+05
0004803   7.5045E+07 -1.3259E+06  1.4623E+06
0004804   7.5965E+07 -5.8506E+05  3.5138E+05
0004805   7.5515E+07 -2.6869E+06 -3.9664E+05
0004806   7.5133E+07  9.3879E+05  1.2646E+06
0004807   7.2801E+07 -1.7705E+06 -3.2880E+04
0004808   7.5934E+07  1.4014E+06 -4.7959E+05
0004809   7.4059E+07  8.9631E+05  2.2443E+06
0004810   7.3327E+07  2.3077E+06 -4.6915E+05
0004811   7.6073E+07  8.0486E+05 -6.5412E+05
0004812   7.3628E+07 -5.8886E+05 -1.9183E+06
0004813   7.3059E+07  3.2854E+05 -5.8434E+04
0004814   7.4413E+07 -4.9088E+05  2.3956E+06
0004815   7.6267E+07  4.2407E+05 -3.9565E+06
0004816   7.6497E+07 -1.6647E+05 -9.7306E+05
0004817   7.6343E+07 -1.4243E+06  1.5490E+06
0004818   7.5772E+07 -2.9768E+06  9.6511E+05
0004819   7.5984E+07  4.2673E+05 -1.6615E+06
0004820   7.4724E+07  5.2671E+05  1.0814E+06
0004821   7.4393E+07  9.3922E+05  1.0606E+06
0004822   7.6429E+07  8.4146E+05  9.0751E+05
0004823   7.6406E+07  6.1250E+05 -5.1181E+05
0004824   7.8749E+07 -5.2124E+05 -3.7537E+05
0004825   7.6765E+07 -5.3206E+05 -1.0826E+06
0004826   7.3862E+07  9.8905E+05  7.4621E+05
0004827   7.3976E+07  1.0852E+06  3.2802E+05
0004828   7.7248E+07  3.7255E+06  1.3715E+06
0004829   7.6383E+07  3.9382E+05  8.1508E+05
0004830   7.4362E+07 -2.2776E+06 -4.6773E+05
0004831   7.5450E+07 -2.5110E+06 -4.0308E+05
0004832   7.2532E+07 -5.7797E+05  5.6394E+05
0004833   7.4865E+07  1.4414E+06 -1.9216E+06
0004834   7.5498E+07  1.6552E+06  1.1661E+06
0004835   7.5532E+07 -2.0879E+06  1.3347E+06
0004836   7.4627E+07 -9.0722E+05 -9.7777E+05
0004837   7.5869E+07  4.7134E+05 -9.5464E+05
0004838   7.4003E+07 -8.0821E+05 -9.3596E+05
0004839   7.5927E+07  4.2053E+04  2.8709E+06
0004840   7.5934E+07 -1.6808E+06 -1.4819E+06
0004841   7.7322E+07 -2.0747E+06  1.2309E+06
0004842   7.6402E+07  2.6286E+05 -2.0510E+06
0004843   7.6602E+07  3.5506E+06 -5.2301E+05
0004844   7.4413E+07  1.7903E+06  3.9826E+05
0004845   7.6416E+07 -1.7358E+05  4.8644E+05
0004846   7.3938E+07  4.7381E+05  1.7315E+06
0004847   7.5694E+07  3.5185E+05  3.5392E+06
0004848   7.5529E+07 -6.0795E+05  1.9456E+05
0004849   7.7536E+07  9.3274E+05 -1.4342E+06
0004850   7.6219E+07  1.8174E+06  1.1440E+06
0004851   7.7051E+07  1.1613E+06  1.3313E+06
0004852   7.4599E+07 -1.2613E+06  1.0731E+06
0004853   7.5841E+07  7.7843E+05  1.2987E+06
0004854   7.5734E+07 -6.0590E+05 -7.2837E+05
0004855   7.5818E+07  1.6014E+06 -9.6605E+05
0004856   7.4107E+07  5.0642E+05  2.0935E+06
0004857   7.5139E+07  2.1819E+06 -2.4293E+05
0004858   7.2696E+07  5.7253E+04 -2.9911E+06
0004859   7.5165E+07  6.5172E+05  3.8753E+06
0004860   7.3982E+07 -1.3136E+06 -1.9471E+06
0004861   7.1502E+07 -1.1990E+06  2.3034E+06
0004862   7.4135E+07  3.1591E+05 -9.0402E+05
0004863   7.5239E+07  9.8147E+05  6.3175E+04
0004864   7.6484E+07  1.9183E+06 -7.9573E+04
0004865   7.6359E+07  2.9486E+06  1.1692E+06
0004866   7.3692E+07 -3.1587E+06  5.3201E+06
0004867   7.4631E+07  3.8127E+04 -3.4001E+06
0004868   7.4631E+07  3.6942E+05  1.7574E+06
0004869   7.7384E+07  6.5427E+05  5.0954E+05
0004870   7.4260E+07  2.1382E+05 -5.3601E+05
0004871   7.4961E+07 -1.5582E+06  8.0778E+05
0004872   7.4003E+07 -1.0450E+06 -1.7182E+06
0004873   7.5854E+07 -2.6720E+06 -1.4718E+06
0004874   7.4161E+07  2.4165E+06 -1.2421E+06
0004875   7.6332E+07 -3.3718E+06 -7.7746E+05
0004876   7.5700E+07 -5.4081E+05  2.7884E+06
0004877   7.5098E+07  2.0878E+05  6.4547E+04
0004878   7.4883E+07  2.3707E+06 -1.3551E+06
0004879   7.3311E+07 -2.7848E+05 -8.2163E+05
0004880   7.4382E+07  7.5982E+05  1.5388E+06
0004881   7.5526E+07 -7.1285E+05  1.3804E+06
0004882   7.6166E+07  3.8237E+06  1.0586E+06
0004883   7.7220E+07 -1.8493E+05 -9.5380E+05
0004884   7.5088E+07  1.2286E+06  3.5511E+05
0004885   7.4922E+07 -9.2334E+05  9.8183E+05
0004886   7.4783E+07  2.2584E+06 -1.0858E+06
0004887   7.3420E+07  3.8118E+05  1.4541E+06
0004888   7.4057E+07  2.5087E+05 -9.4037E+05
0004889   7.4704E+07 -1.2736E+06 -1.5970E+06
0004890   7.6348E+07  1.6090E+06  1.3040E+06
0004891   7.5964E+07  1.1754E+06  6.2850E+05
0004892   7.4489E+07  2.6990E+06  2.8219E+06
0004893   7.6375E+07 -6.5441E+05 -2.7706E+06
0004894   7.4614E+07  4.7745E+06  7.1534E+04
0004895   7.5396E+07 -6.8533E+05 -6.0436E+04
0004896   7.5426E+07  1.1889E+06 -6.0126E+05
0004897   7.4080E+07 -7.5601E+05  2.1143E+05
0004898   7.3924E+07 -1.6921E+06  1.6246E+05
0004899   7.3768E+07  2.6236E+06  2.1176E+05
0004900   7.4021E+07  8.9460E+05  4.1908E+05
0004901   7.5208E+07 -1.5743E+05 -2.3396E+06
0004902   7.7447E+07  1.3927E+06 -7.9404E+05
0004903   7.5918E+07  2.0347E+05  5.3175E+05
0004904   7.7558E+07  3.7731E+06  1.3399E+06
0004905   7.5345E+07 -3.4858E+06 -3.4563E+06
0004906   7.5867E+07 -3.0144E+06 -2.6586E+06
0004907   7.4220E+07  9.0863E+05  3.0716E+06
0004908   7.4908E+07  4.3860E+06  3.4794E+06
0004909   7.5094E+07  2.1897E+05  3.9538E+06
0004910   7.5800E+07  2.3581E+06 -3.2817E+06
0004911   7.4192E+07 -1.2723E+06 -3.9236E+05
0004912   7.7767E+07 -7.4320E+05 -1.9680E+05
0004913   7.6289E+07  5.4174E+05 -2.4305E+05
0004914   7.5301E+07 -8.1372E+05  1.7116E+06
0004915   7.4122E+07 -8.7999E+04 -2.6538E+05
0004916   7.3331E+07 -1.8631E+06  5.4154E+06
0004917   7.5395E+07 -6.2379E+05  1.9224E+06
0004918   7.6165E+07 -2.6295E+05 -7.0058E+05
0004919   7.4522E+07 -2.7631E+06 -2.0958E+06
0004920   7.4861E+07 -2.6478E+06 -2.8865E+06
0004921   7.4082E+07 -1.0765E+06  1.2411E+05
0004922   7.5958E+07  2.0780E+06  2.5271E+05
0004923   7.5394E+07  5.0677E+05 -8.6156E+05
0004924   7.7093E+07 -3.0689E+06 -4.8226E+05
0004925   7.6352E+07  2.0920E+06  2.7487E+06
0004926   7.4050E+07 -4.8817E+05  1.4488E+06
0004927   7.3554E+07 -1.0445E+06  3.0852E+06
0004928   7.6441E+07  7.8994E+05  7.4726E+05
0004929   7.7170E+07  8.4240E+05 -2.0262E+06
0004930   7.5254E+07  1.4640E+05 -1.4265E+05
0004931   7.6619E+07  2.0532E+06 -1.8495E+06
0004932   7.2847E+07 -1.0003E+06 -3.0556E+06
0004933   7.2744E+07  7.3144E+06 -9.9092E+06
0004934   7.5469E+07  1.7096E+06 -7.4389E+05
0004935   7.6571E+07  2.4252E+05 -7.0858E+05
0004936   7.6148E+07 -1.4581E+06 -5.5414E+05
0004937   7.4010E+07 -1.6848E+06 -1.3682E+06
0004938   7.3759E+07  1.6969E+05 -8.0262E+05
0004939   7.4141E+07 -1.2916E+06 -4.7533E+05
0004940   7.3629E+07 -1.6104E+06 -1.8413E+06
0004941   7.6461E+07 -5.1449E+05 -1.4350E+06
0004942   7.4278E+07  5.1163E+05 -7.4526E+05
0004943   7.6171E+07  3.1840E+06  1.1076E+06
0004944   7.6134E+07 -1.8603E+06 -3.4345E+05
0004945   7.3898E+07  1.7183E+05 -7.9179E+05
0004946   7.7238E+07  7.5514E+05  1.7825E+06
0004947   7.5227E+07 -1.6130E+06  9.3573E+05
0004948   7.3221E+07  4.4838E+05 -1.3777E+06
0004949   7.4814E+07 -1.9305E+05 -8.5953E+05
0004950   7.5449E+07 -8.7262E+04  3.6622E+06
0004951   7.3824E+07  8.9215E+05  2.9832E+05
0004952   7.4391E+07  1.3678E+06 -1.4461E+06
0004953   7.5376E+07  1.9909E+06 -2.6515E+06
0004954   7.5967E+07  6.3760E+05 -4.3999E+05
0004955   7.3571E+07  3.4849E+06 -3.5521E+05
0004956   7.4956E+07  5.0905E+05 -2.9437E+05
0004957   7.4434E+07  1.7648E+06  6.2228E+05
0004958   7.7115E+07 -7.1701E+05  6.9386E+05
0004959   7.5264E+07  4.9246E+04 -9.7209E+05
0004960   7.4763E+07 -8.3548E+05 -1.0703E+06
0004961   7.6740E+07 -4.5164E+06  2.4491E+06
0004962   7.4684E+07  6.4636E+05  2.0068E+05
0004963   7.6135E+07  5.7565E+05 -6.5375E+05
0004964   7.5788E+07 -1.1721E+06 -4.7226E+05
0004965   7.4185E+07 -1.7926E+06 -2.3331E+06
0004966   7.6393E+07  1.7628E+06  1.0755E+06
0004967   7.6094E+07  3.4033E+05  1.3455E+06
0004968   7.4516E+07 -4.3232E+06 -6.8390E+05
0004969   7.6165E+07 -2.1547E+05 -1.7236E+06
0004970   7.4109E+07  2.7621E+06 -7.5040E+05
0004971   7.7825E+07 -1.7835E+06  2.6155E+04
0004972   7.5161E+07 -1.2234E+06  1.8379E+06
0004973   7.7180E+07 -3.4755E+06 -4.7628E+05
0004974   7.6683E+07 -2.7812E+06 -2.1049E+06
0004975   7.7108E+07 -3.5365E+06 -3.2763E+05
0004976   7.4378E+07 -1.7069E+05  2.5112E+06
0004977   7.5842E+07  1.2241E+06  1.4891E+06
0004978   7.7445E+07 -4.4079E+06 -1.1207E+06
0004979   7.3340E+07  2.7395E+06 -6.5706E+05
0004980   7.3479E+07  5.2681E+05  8.5726E+05
0004981   7.4480E+07  4.2896E+05 -1.0039E+06
0004982   7.5076E+07  8.9151E+05  1.3695E+06
0004983   7.3994E+07  2.6556E+05  1.9804E+06
0004984   7.4516E+07 -8.6759E+05 -2.4796E+06
0004985   7.3966E+07 -4.0077E+05 -6.7726E+04
0004986   7.3865E+07  1.8086E+06 -1.4476E+06
0004987   7.5704E+07  8.8834E+04  2.0324E+06
0004988   7.4180E+07  9.2931E+04 -1.1832E+06
0004989   7.4730E+07 -1.1613E+06 -4.0993E+05
0004990   7.5414E+07  7.2068E+05  4.5900E+05
0004991   7.5731E+07  5.8215E+05  8.8272E+05
0004992   7.6779E+07  2.1897E+04 -2.6309E+06
0004993   7.6569E+07 -9.9830E+05 -9.3812E+05
0004994   7.2871E+07  4.6154E+06  1.3345E+06
0004995   7.2866E+07  4.9858E+05 -3.4102E+06
0004996   7.5897E+07 -1.2396E+05  8.3092E+05
0004997   7.4053E+07  3.3258E+06 -5.5937E+06
0004998   7.4731E+07  7.9112E+05  2.7926E+06
0004999   7.5310E+07  8.6609E+05 -6.2529E+05
0005000   6.1741E+07  1.5542E+07  7.6650E+06
0005001   7.4403E+07  3.0090E+05  1.9386E+06
0005002   7.4358E+07 -7.1325E+05 -3.8181E+05
0005003   7.4387E+07  1.7042E+05  8.0281E+05
0005004   7.2953E+07 -1.8218E+06 -5.6261E+06
0005005   7.5127E+07  2.3032E+06  2.6001E+05
0005006   7.2543E+07 -3.3399E+05 -4.2966E+05
0005007   7.3949E+07 -1.7329E+06 -2.8742E+06
0005008   7.4340E+07  1.5031E+06  1.6223E+06
0005009   7.6180E+07 -9.6169E+05  9.5602E+05
0005010   7.4493E+07 -2.2075E+06 -1.6341E+06
0005011   7.7663E+07 -2.8282E+06 -1.3149E+06
0005012   7.5668E+07  1.1458E+05 -1.2924E+06
0005013   7.5933E+07  2.6097E+06 -3.8621E+05
0005014   7.7520E+07 -2.2799E+06 -5.0926E+05
0005015   7.6041E+07  7.7939E+05 -5.0860E+05
0005016   7.6107E+07  3.5014E+05 -2.3707E+06
0005017   7.4467E+07  3.2387E+05  3.0959E+06
0005018   7.5875E+07  6.6922E+05 -2.2619E+06
0005019   7.4131E+07  3.9660E+05 -6.3420E+04
0005020   7.6010E+07  1.0181E+06 -7.0690E+05
0005021   7.4274E+07  2.1047E+06  1.1330E+06
0005022   7.6440E+07  1.5364E+05 -5.1337E+06
0005023   7.4727E+07 -1.3308E+06 -9.6537E+04
0005024   7.4840E+07 -3.8276E+05 -2.4371E+06
0005025   7.5282E+07 -2.2629E+06  6.4829E+02
0005026   7.6578E+07 -1.0883E+05  4.5473E+05
0005027   7.6623E+07  1.3551E+06  1.1151E+06
0005028   7.6048E+07 -5.5182E+05 -4.0834E+06
0005029   7.1900E+07  3.2507E+06  3.5994E+06
0005030   7.5545E+07  9.6286E+05 -1.2822E+04
0005031   7.4270E+07 -1.5391E+06  2.3785E+06
0005032   7.6015E+07  4.3084E+06 -6.0068E+05
0005033   7.3689E+07 -1.3615E+06  2.5699E+06
0005034   7.6207E+07 -1.1534E+06 -8.9833E+05
0005035   7.4943E+07 -4.9678E+05 -1.1497E+03
0005036   7.6900E+07  1.4117E+06 -3.3081E+06
0005037   7.3130E+07 -1.7842E+05 -5.0223E+06
0005038   7.4322E+07 -2.0959E+06  2.8988E+05
0005039   7.3519E+07  1.5868E+06 -1.8339E+06
0005040   7.6077E+07 -6.4387E+05 -8.0952E+05
0005041   7.1877E+07  6.7525E+05 -8.1329E+05
0005042   7.2920E+07 -8.3007E+06 -3.8621E+06
0005043   7.6709E+07 -8.4216E+05  1.2815E+06
0005044   7.5170E+07  7.3440E+05 -4.9284E+05
0005045   7.5608E+07 -1.3628E+06  2.1614E+06
0005046   7.4219E+07 -6.7535E+05  6.0670E+06
0005047   7.6428E+07 -3.1228E+06  1.3145E+04
0005048   7.5818E+07 -2.0857E+06 -5.5365E+05
0005049   7.6557E+07 -1.5254E+06  1.3032E+06
0005050   7.6011E+07 -1.9487E+06 -3.3339E+05
0005051   7.7077E+07 -2.5390E+06  1.6656E+06
0005052   7.5899E+07 -6.2608E+05 -3.4656E+05
0005053   7.4249E+07  2.0623E+06 -5.7519E+06
0005054   7.5092E+07  6.9563E+04  7.1418E+05
0005055   7.5503E+07  7.8360E+05  8.2105E+05
0005056   7.5912E+07  4.2886E+05 -1.0506E+06
0005057   7.6144E+07  2.4151E+06  1.4360E+06
0005058   7.7268E+07  2.0334E+06  1.6951E+06
0005059   7.6754E+07 -1.9371E+06 -5.8944E+05
0005060   7.1630E+07  2.3155E+05 -1.5973E+05
0005061   7.2163E+07 -5.8118E+05  1.5887E+06
0005062   7.4161E+07  2.2870E+05 -4.5355E+05
0005063   7.4620E+07 -6.3043E+05 -3.5763E+05
0005064   7.4485E+07  3.2315E+06  9.8961E+05
0005065   7.4615E+07  1.3791E+06  1.3996E+06
0005066   7.4415E+07 -1.2581E+06 -1.7319E+05
0005067   7.5294E+07 -1.6881E+06  7.3715E+05
0005068   7.5756E+07  7.5581E+05  1.1625E+06
0005069   7.5094E+07 -6.9562E+05  1.7748E+05
0005070   7.5683E+07 -9.5245E+05 -1.1441E+06
0005071   7.6227E+07 -2.5013E+06 -6.6108E+05
0005072   7.6132E+07  1.4423E+06  2.0225E+06
0005073   7.4784E+07  2.9859E+06  1.8892E+05
0005074   7.2526E+07  1.9169E+06 -8.1529E+05
0005075   7.5976E+07 -3.5535E+06 -1.3146E+05
0005076   7.5514E+07 -2.8606E+06  1.2398E+06
0005077   7.4461E+07  1.9829E+06 -5.4499E+05
0005078   7.6575E+07 -3.1895E+06  2.4755E+06
0005079   7.3635E+07  3.2315E+06 -4.5594E+05
0005080   7.4807E+07  2.7819E+05  1.3769E+06
0005081   7.6420E+07  2.0505E+06 -2.2436E+06
0005082   7.4216E+07  1.5352E+06  9.0746E+05
0005083   7.3841E+07  1.9566E+06 -1.3600E+06
0005084   7.5398E+07  9.1065E+05  2.2651E+05
0005085   7.3840E+07  1.1395E+06 -1.3525E+06
0005086   7.5192E+07  7.5771E+05 -8.1753E+05
0005087   7.4387E+07  2.3367E+05 -6.0769E+05
0005088   7.5298E+07 -1.9854E+06  1.0644E+05
0005089   7.4003E+07  2.2170E+06 -1.5632E+06
0005090   7.2644E+07 -5.4352E+05 -2.2630E+06
0005091   7.4462E+07  2.5821E+06 -2.2811E+06
0005092   7.6754E+07 -1.2588E+06 -6.6586E+05
0005093   7.3497E+07  8.9331E+05  9.4823E+05
0005094   7.7683E+07 -1.7657E+05  2.7650E+05
0005095   7.4627E+07 -1.3741E+06 -2.7649E+06
0005096   7.4329E+07  5.2056E+05 -1.7091E+06
0005097   7.6902E+07  4.7895E+06  1.1656E+06
0005098   7.7088E+07  3.2745E+06  2.1513E+06
0005099   7.3364E+07  6.4346E+05  3.3055E+06
0005100   7.6117E+07  2.2193E+05  1.3065E+06
0005101   7.4739E+07  2.1610E+06 -2.9301E+06
0005102   7.6276E+07  4.3599E+05 -2.0920E+06
0005103   7.4082E+07 -3.9852E+05  7.2654E+05
0005104   7.4895E+07 -9.2624E+05 -1.2029E+06
0005105   7.5178E+07  5.5963E+05  2.7861E+04
0005106   7.4692E+07 -8.5656E+05 -1.0787E+06
0005107   7.6014E+07 -1.0113E+06  8.7186E+05
0005108   7.6810E+07 -2.0343E+05  3.4396E+06
0005109   7.6163E+07  1.2295E+06  1.2563E+06
0005110   7.4047E+07 -1.8630E+05  1.5811E+06
0005111   7.6677E+07 -2.2003E+06  2.5893E+06
0005112   7.6078E+07  1.9505E+05  2.3090E+05
0005113   7.4572E+07  1.4918E+06 -1.4308E+05
0005114   7.5397E+07 -2.0543E+05 -4.0439E+05
0005115   7.6778E+07 -1.2929E+06  5.2102E+05
0005116   7.4607E+07  2.5050E+06 -4.7858E+05
0005117   7.8385E+07  1.3134E+05  2.8141E+05
0005118   7.4567E+07  2.0731E+06 -1.0984E+06
0005119   7.5668E+07  2.5707E+06  9.4876E+04
0005120   7.4480E+07 -9.3224E+05 -9.0199E+05
0005121   7.4476E+07 -2.2631E+06  1.8681E+06
0005122   7.5643E+07  2.1243E+06 -1.6556E+06
0005123   7.6376E+07 -1.8358E+06 -1.9923E+06
0005124   7.4695E+07 -4.4515E+06  2.1183E+06
0005125   7.4979E+07  3.5379E+05  1.3504E+06
0005126   7.4551E+07 -1.0445E+06  1.1991E+06
0005127   7.4317E+07  3.5391E+06 -1.3540E+06
0005128   7.4278E+07 -1.7004E+06  7.5196E+05
0005129   7.4043E+07 -1.8020E+05 -5.2441E+05
0005130   7.5791E+07  1.5152E+06 -1.6721E+06
0005131   7.7107E+07  2.0251E+05  1.2203E+06
0005132   7.4685E+07  1.2668E+06 -1.2839E+06
0005133   7.4701E+07  2.1209E+06 -9.6924E+05
0005134   7.4702E+07 -7.5106E+05 -1.1143E+06
0005135   7.5108E+07 -3.0868E+05  5.2244E+06
0005136   7.6795E+07  1.3271E+05  2.5473E+06
0005137   7.4398E+07 -4.1813E+05  3.0114E+05
0005138   7.4596E+07  1.1002E+06 -1.1432E+06
0005139   7.4505E+07  7.0264E+05 -7.7815E+05
0005140   7.6643E+07 -9.6311E+05 -8.5514E+03
0005141   7.5813E+07 -6.3485E+05  5.3668E+06
0005142   7.4306E+07  4.8639E+06  2.8267E+06
0005143   7.4451E+07 -2.0057E+05 -1.3063E+06
0005144   7.2977E+07  6.9758E+05 -1.4250E+06
0005145   7.5573E+07  2.6551E+06  3.1490E+05
0005146   7.6788E+07 -1.1723E+04 -1.3767E+06
0005147   7.6540E+07  7.7981E+05 -3.4821E+05
0005148   7.3442E+07 -2.5435E+04  1.1285E+06
0005149   7.4198E+07 -2.8167E+06  3.1188E+05
0005150   7.6352E+07 -1.0038E+06  1.8547E+06
0005151   7.6066E+07 -8.9304E+05  5.4805E+05
0005152   7.5955E+07  1.1783E+06 -1.1693E+06
0005153   7.4904E+07  3.0174E+05  8.0942E+05
0005154   7.5123E+07  2.8557E+05 -3.0404E+05
0005155   7.5987E+07 -2.0252E+06  7.9810E+05
0005156   7.4515E+07  3.5379E+05  3.1815E+05
0005157   7.7039E+07  7.8415E+04 -5.8429E+05
0005158   7.4770E+07 -1.1953E+06  8.0240E+05
0005159   7.6459E+07  4.2048E+05 -1.3121E+06
0005160   7.6278E+07  8.0610E+05 -8.1156E+05
0005161   7.4504E+07  8.5487E+05 -2.3951E+06
0005162   7.4720E+07  5.6935E+05  9.3407E+05
0005163   7.3883E+07 -7.8381E+05  3.0673E+06
0005164   7.7203E+07 -2.2742E+03 -2.2545E+06
0005165   7.5486E+07  1.9038E+05  9.7455E+05
0005166   7.6237E+07  9.2762E+05 -8.8386E+05
0005167   7.4480E+07 -1.6315E+06 -2.8031E+06
0005168   7.5673E+07  6.5984E+05  9.6734E+05
0005169   7.6775E+07 -1.7428E+06 -7.4236E+05
0005170   7.5590E+07 -1.8632E+06  1.9105E+06
0005171   7.4015E+07 -4.6930E+06 -1.1987E+06
0005172   7.6548E+07  1.1977E+06 -2.4130E+05
0005173   7.4541E+07 -1.3208E+06  2.1263E+05
0005174   7.6028E+07  6.6413E+05 -1.1306E+06
0005175   7.3995E+07 -3.0943E+06 -3.2245E+05
0005176   7.7897E+07 -3.1311E+06  5.6078E+05
0005177   7.6113E+07 -1.0594E+06 -1.1687E+06
0005178   7.5202E+07 -2.1666E+06  3.1889E+03
0005179   7.4755E+07  6.0718E+05 -2.7948E+06
0005180   7.6303E+07  2.9400E+06 -2.9740E+05
0005181   7.5365E+07  1.7815E+06  1.4743E+06
0005182   7.3768E+07 -2.1951E+06  1.0321E+06
0005183   7.4156E+07 -8.9329E+05  6.7755E+05
0005184   7.4095E+07  1.3719E+06  2.8956E+06
0005185   7.5921E+07  1.5433E+06  4.9209E+05
0005186   7.7634E+07 -6.0413E+05  1.8529E+05
0005187   7.5526E+07  1.4879E+06  5.0856E+06
0005188   7.5062E+07 -3.4857E+06  1.3936E+06
0005189   7.5171E+07  1.8889E+06 -3.5761E+06
0005190   7.4799E+07  4.7963E+05 -2.8818E+05
0005191   7.6245E+07  9.8902E+05  1.6560E+06
0005192   7.4099E+07  1.7004E+06 -5.5748E+04
0005193   7.5542E+07  2.8510E+05  2.0065E+05
0005194   7.3511E+07  2.7864E+06 -9.3741E+05
0005195   7.4515E+07  8.8055E+05  5.9493E+05
0005196   7.5750E+07 -7.5432E+05  1.6078E+06
0005197   7.5358E+07 -1.9124E+06  4.7650E+05
0005198   7.7102E+07  1.7052E+06 -3.3861E+05
0005199   7.6530E+07  1.1550E+05  1.6256E+05
0005200   7.4097E+07  8.3378E+05 -2.8397E+05
0005201   7.4455E+07 -2.0995E+06 -9.3325E+05
0005202   7.6187E+07  3.0807E+05 -1.2804E+05
0005203   7.4779E+07  3.9962E+05  1.0814E+06
0005204   7.6515E+07 -2.0672E+05  1.6106E+06
0005205   7.5970E+07 -1.0184E+06 -2.3271E+06
0005206   7.4761E+07 -2.1165E+06  1.3406E+06
0005207   7.3996E+07 -1.5069E+06  2.5073E+06
0005208   7.6537E+07  3.1576E+06 -8.4681E+05
0005209   7.5217E+07  2.4524E+06 -4.6835E+05
0005210   7.2879E+07  5.0967E+05 -1.0997E+06
0005211   7.3376E+07 -1.6140E+06 -3.8445E+06
0005212   7.4609E+07 -2.0102E+06  7.8105E+05
0005213   7.5062E+07  3.0271E+06 -1.1477E+06
0005214   7.3401E+07 -8.8717E+05 -4.6011E+05
0005215   7.5432E+07 -3.3291E+05  1.7992E+06
0005216   7.6653E+07 -1.9747E+06 -3.5911E+06
0005217   7.6486E+07  1.5108E+06  9.9989E+05
0005218   7.6862E+07  3.9874E+05  3.1184E+06
0005219   7.3430E+07 -4.7716E+05  4.5470E+05
0005220   7.4639E+07 -3.2119E+06  2.5057E+06
0005221   7.4652E+07 -6.2531E+05 -5.8938E+05
0005222   7.4144E+07  2.2523E+06 -2.7132E+06
0005223   7.3891E+07 -4.7149E+05  4.4249E+06
0005224   7.4149E+07  1.4602E+06 -2.5676E+05
0005225   7.5677E+07  6.8688E+05  1.0529E+06
0005226   7.5026E+07 -2.2766E+06  1.7327E+05
0005227   7.4861E+07 -1.1904E+06 -1.3704E+05
0005228   7.5109E+07 -8.9511E+05 -1.3206E+06
0005229   7.5480E+07 -8.4080E+04 -4.3054E+05
0005230   7.4348E+07 -1.5432E+06 -8.2567E+05
0005231   7.4399E+07 -6.9811E+05 -1.0643E+06
0005232   7.6958E+07 -2.6924E+05  1.7241E+06
0005233   7.5972E+07 -2.6246E+05  4.6649E+05
0005234   7.5825E+07 -2.4501E+06  2.4611E+06
0005235   7.5373E+07  2.8956E+06 -1.8461E+05
0005236   7.4317E+07  1.2319E+06  2.3143E+06
0005237   7.3720E+07 -2.6587E+06  6.6994E+05
0005238   7.5105E+07  8.0157E+05  1.1784E+06
0005239   7.5806E+07 -8.6119E+05  7.4736E+05
0005240   7.5308E+07 -1.7987E+06  4.0615E+05
0005241   7.4493E+07 -3.6387E+06 -2.7291E+06
0005242   7.5802E+07 -1.7807E+06  1.4216E+06
0005243   7.4489E+07 -2.0400E+06  8.7008E+05
0005244   7.3638E+07 -7.1422E+05  5.7603E+05
0005245   7.4215E+07 -8.1584E+05 -2.5923E+06
0005246   7.6307E+07  2.0933E+05 -7.7384E+03
0005247   7.5026E+07  9.8688E+05 -1.2520E+06
0005248   7.6613E+07  1.8874E+06 -9.0790E+05
0005249   7.4209E+07  1.9841E+06 -1.6220E+06
0005250   7.5700E+07 -1.4383E+05  1.4201E+06
0005251   7.6755E+07 -9.9898E+05  7.2542E+05
0005252   7.3869E+07 -6.4696E+05 -1.6109E+06
0005253   7.6542E+07 -9.5962E+05 -1.5293E+06
0005254   7.4651E+07 -1.5193E+05 -1.1768E+06
0005255   7.5370E+07 -1.4517E+06 -9.1414E+05
0005256   7.3010E+07 -1.1031E+07  5.9293E+06
0005257   7.5506E+07 -4.4230E+05 -1.0394E+05
0005258   7.5300E+07 -1.3956E+06  1.1815E+05
0005259   7.5267E+07 -1.7771E+06 -2.2112E+06
0005260   7.6504E+07 -9.1200E+05 -1.3717E+06
0005261   7.4036E+07 -1.9385E+06  8.2146E+05
0005262   7.5651E+07 -5.8645E+05 -8.0968E+05
0005263   7.6122E+07  8.7289E+05 -8.8670E+05
0005264   7.1402E+07  3.6760E+06 -2.9465E+06
0005265   7.3858E+07  7.4423E+05  1.1124E+06
0005266   7.7136E+07 -6.7230E+05 -4.2438E+06
0005267   7.4595E+07 -1.9308E+06  5.8504E+05
0005268   7.4572E+07  1.1196E+06 -9.8645E+05
0005269   7.4455E+07 -6.6517E+05 -2.0720E+06
0005270   7.5777E+07 -1.8260E+06  1.0630E+06
0005271   7.5102E+07  3.5984E+06  1.6704E+06
0005272   7.4100E+07 -1.1554E+06  1.4302E+06
0005273   7.5646E+07  3.8867E+05 -3.2516E+05
0005274   7.1696E+07 -2.0640E+06 -1.8479E+06
0005275   7.4562E+07 -1.7511E+06  7.1697E+04
0005276   7.5370E+07  3.9807E+05 -2.4745E+06
0005277   7.6749E+07 -4.6261E+05  5.4519E+04
0005278   7.4281E+07  6.1696E+05 -1.7935E+06
0005279   7.5533E+07 -4.0426E+06  1.1165E+06
0005280   7.5402E+07 -1.9232E+06 -1.5678E+06
0005281   7.2967E+07 -1.6033E+05 -1.4747E+06
0005282   7.4402E+07  3.9951E+05  2.2437E+06
0005283   7.7901E+07  1.2319E+06  4.2255E+06
0005284   7.3253E+07  2.7303E+05 -5.6363E+04
0005285   7.2529E+07  2.0844E+06  3.0783E+06
0005286   7.3660E+07 -2.1798E+05  1.6383E+06
0005287   7.2479E+07 -2.4690E+06  3.6167E+06
0005288   7.2147E+07  1.1515E+06  7.2792E+05
0005289   7.7024E+07 -6.8748E+05 -4.4192E+05
0005290   7.7326E+07 -3.8826E+06 -1.5051E+06
0005291   7.6999E+07  9.4406E+05 -2.9674E+05
0005292   7.3873E+07  1.2381E+05  2.2909E+06
0005293   7.4240E+07  3.6571E+05 -3.5926E+06
0005294   7.3676E+07  3.2821E+06  1.0647E+06
0005295   7.3872E+07 -4.2939E+05  2.6615E+06
0005296   7.4171E+07 -4.7401E+05 -8.1532E+05
0005297   7.7232E+07 -8.6618E+05 -1.5504E+06
0005298   7.4625E+07 -3.4819E+05 -9.0861E+05
0005299   7.4975E+07 -3.2891E+06  1.3247E+06
0005300   7.6514E+07 -1.0641E+06  1.6541E+05
0005301   7.3912E+07  1.2390E+05 -4.1111E+05
0005302   7.2701E+07 -4.8380E+05  7.6558E+05
0005303   7.3237E+07  2.0501E+06 -1.5418E+06
0005304   7.4360E+07  2.4939E+06  5.6777E+05
0005305   7.2521E+07  1.2251E+07  2.2116E+06
0005306   7.5410E+07  2.1894E+04  8.5455E+05
0005307   7.7051E+07  1.2033E+06  7.0770E+05
0005308   7.5014E+07  1.0115E+06  8.5422E+05
0005309   7.4815E+07 -9.6365E+05 -3.8818E+05
0005310   7.8055E+07 -2.4500E+05  1.0082E+06
0005311   7.2910E+07  2.7003E+06 -1.1503E+06
0005312   7.2980E+07  4.2126E+06 -4.3337E+05
0005313   7.2826E+07  2.6571E+06  7.7073E+05
0005314   7.5736E+07 -1.1548E+05  5.2296E+06
0005315   7.4220E+07 -2.1672E+06 -1.7542E+06
0005316   7.4475E+07 -2.1799E+05 -6.8098E+05
0005317   7.3645E+07  3.7735E+05  3.8331E+06
0005318   7.5442E+07 -7.0346E+05 -3.0821E+05
0005319   7.4845E+07 -4.1333E+05 -1.7885E+05
0005320   7.6436E+07 -1.1423E+04  8.5456E+05
0005321   7.5322E+07  3.4870E+06 -1.8678E+06
0005322   7.7509E+07 -1.1518E+05  1.0569E+06
0005323   7.4970E+07  1.1383E+05  1.2229E+06
0005324   7.4386E+07  1.2814E+06  4.3352E+05
0005325   7.5181E+07  1.5556E+06 -1.1463E+06
0005326   7.4198E+07  1.1513E+06  2.1527E+06
0005327   7.4264E+07 -9.4613E+05  1.3349E+05
0005328   7.2839E+07 -1.6743E+06 -4.2106E+06
0005329   7.7142E+07 -1.1154E+06  6.8715E+05
0005330   7.5829E+07 -1.8469E+06  4.3913E+04
0005331   7.5907E+07  1.3907E+06 -5.4404E+04
0005332   7.5567E+07 -7.4407E+05 -2.6581E+05
0005333   7.5217E+07 -2.2057E+06 -1.9112E+05
0005334   7.4977E+07  2.9136E+06 -4.3840E+05
0005335   7.5203E+07  5.7660E+05  2.2397E+05
0005336   7.4976E+07  9.3679E+05  6.8325E+05
0005337   7.5871E+07  7.0398E+05 -2.1084E+06
0005338   7.5950E+07  3.4532E+06  1.4867E+05
0005339   7.6847E+07  7.3361E+05  2.8633E+06
0005340   7.3927E+07 -4.0929E+05  2.5672E+06
0005341   7.5065E+07  1.2869E+06 -2.9263E+06
0005342   7.5144E+07 -1.3185E+06 -1.2748E+06
0005343   7.6008E+07 -4.8109E+05 -2.7083E+05
0005344   7.5057E+07 -5.1349E+06 -2.4482E+06
0005345   7.6177E+07  3.1966E+05 -6.6655E+05
0005346   7.4975E+07 -9.4875E+05 -1.1976E+06
0005347   7.5622E+07 -1.8900E+06 -8.9911E+05
0005348   7.3128E+07  4.0258E+05 -3.6638E+05
0005349   7.6238E+07 -2.3702E+06 -2.9260E+06
0005350   7.4855E+07 -1.8530E+06  1.3571E+06
0005351   7.6538E+07  2.4047E+06 -7.0168E+05
0005352   7.4682E+07 -1.2554E+06 -2.7210E+06
0005353   7.6040E+07  9.3848E+04  1.7380E+06
0005354   7.5353E+07  2.2599E+06 -1.3964E+06
0005355   7.6971E+07 -1.4736E+06  4.3965E+06
0005356   7.6235E+07  9.7521E+05  2.4952E+05
0005357   7.4826E+07  1.2219E+06 -1.7450E+06
0005358   7.7086E+07  4.2461E+05  2.3388E+06
0005359   7.4092E+07 -1.2859E+06 -1.4399E+06
0005360   7.3545E+07 -1.8587E+06 -2.5724E+06
0005361   7.3958E+07  4.6564E+05  1.1254E+06
0005362   7.4058E+07  2.7396E+06 -5.1694E+05
0005363   7.7077E+07 -4.5067E+06  2.2834E+06
0005364   7.7332E+07  5.2483E+05 -1.4552E+05
0005365   7.4618E+07 -2.1766E+06  1.0149E+06
0005366   7.6675E+07  1.5945E+06 -3.3148E+06
0005367   7.6901E+07  8.3830E+04 -4.8605E+05
0005368   7.3594E+07  5.4955E+04  4.5732E+05
0005369   7.3937E+07 -1.3597E+06  2.1517E+06
0005370   7.4443E+07 -1.2314E+05 -3.0590E+06
0005371   7.3745E+07  1.7694E+06 -6.5838E+05
0005372   7.4606E+07  1.5999E+06 -2.8630E+05
0005373   7.7584E+07  3.0641E+06  4.0791E+05
0005374   7.3692E+07 -2.0468E+05 -1.1219E+06
0005375   7.3811E+07  1.2211E+06  9.6063E+05
0005376   7.5500E+07  1.4270E+06  1.8813E+06
0005377   7.3985E+07  4.3646E+05  6.4143E+05
0005378   7.6182E+07  7.9058E+05 -1.4697E+06
0005379   7.5483E+07  6.8517E+05 -2.2562E+06
0005380   7.8000E+07  5.5178E+05 -1.1794E+06
0005381   7.5930E+07 -1.1823E+06  1.0359E+05
0005382   7.6092E+07  7.4229E+05 -2.1105E+04
0005383   7.4266E+07 -3.8172E+06 -5.7219E+05
0005384   7.6044E+07  5.9877E+05 -2.7102E+06
0005385   7.7027E+07  1.4588E+06 -1.3483E+06
0005386   7.5007E+07 -1.6057E+05  1.0042E+06
0005387   7.4393E+07  2.0137E+06 -8.7385E+05
0005388   7.6704E+07  2.1479E+06 -2.5655E+06
0005389   7.7162E+07 -5.1516E+05  3.6843E+06
0005390   7.3505E+07 -3.4810E+05  1.5050E+06
0005391   7.4004E+07 -7.5018E+05 -2.7387E+05
0005392   7.5906E+07  1.6975E+06  1.2328E+06
0005393   7.5195E+07 -4.6995E+06  6.0048E+04
0005394   7.6024E+07  2.7625E+06  2.2286E+05
0005395   7.9572E+07 -2.1489E+06 -9.5933E+04
0005396   7.4728E+07  3.3726E+06 -2.5479E+06
0005397   7.2722E+07  2.0732E+06  3.0209E+06
0005398   7.4581E+07  2.1320E+05 -5.8595E+05
0005399   7.5631E+07 -9.3348E+05  4.9331E+05
0005400   7.5339E+07  1.4445E+06  3.7768E+05
0005401   7.5962E+07  9.4417E+04 -5.0640E+05
0005402   7.5549E+07 -8.0677E+04 -5.0250E+05
0005403   7.6385E+07  6.8126E+05  8.5363E+05
0005404   7.5233E+07  1.2006E+05  6.7696E+05
0005405   7.5779E+07  1.9468E+06  7.3705E+05
0005406   7.7179E+07 -2.1671E+06  8.9601E+05
0005407   7.2972E+07 -4.8393E+05  1.9034E+06
0005408   7.5305E+07  1.9482E+06 -4.6233E+05
0005409   7.3832E+07  1.7012E+06 -1.4951E+06
0005410   7.4670E+07 -8.6998E+05  8.2595E+05
0005411   7.7865E+07  1.7100E+06  2.5605E+06
0005412   7.4927E+07 -1.5406E+06  7.1805E+05
0005413   7.2740E+07 -1.0672E+06  5.7719E+05
0005414   7.5103E+07  1.5174E+06  9.7087E+03
0005415   7.3198E+07 -2.1990E+06  1.4351E+06
0005416   7.4118E+07 -1.9040E+06  1.6170E+06
0005417   7.4520E+07  4.9361E+06 -3.5496E+06
0005418   7.6326E+07  6.1087E+05  4.7007E+05
0005419   7.4138E+07  7.5725E+05 -1.2837E+06
0005420   7.7865E+07  2.4409E+06 -9.2675E+05
0005421   7.4682E+07 -2.4188E+05 -7.6754E+05
0005422   7.3787E+07  2.4480E+05  6.2125E+05
0005423   7.7131E+07  2.4176E+05  1.2326E+06
0005424   7.5621E+07 -1.7900E+06  9.6863E+05
0005425   7.4490E+07  1.5500E+06 -2.0522E+06
0005426   7.5832E+07 -6.1036E+05  7.1184E+05
0005427   7.4449E+07 -1.8725E+06 -1.2767E+06
0005428   7.6760E+07  1.5154E+06 -6.4108E+05
0005429   7.3456E+07  2.6132E+05  1.3740E+06
0005430   7.5758E+07  2.9253E+06 -1.5262E+06
0005431   7.2173E+07  4.3349E+05 -3.8850E+05
0005432   7.4654E+07 -3.9282E+04  2.8984E+05
0005433   7.5211E+07  7.6556E+04  3.2719E+06
0005434   7.5499E+07  1.0832E+06 -1.1088E+06
0005435   7.5471E+07 -1.1563E+05  9.0616E+04
0005436   7.5079E+07  7.2513E+05  8.3948E+05
0005437   7.5885E+07  3.3205E+06 -1.1986E+06
0005438   7.3889E+07 -1.3691E+06 -3.1276E+06
0005439   7.6367E+07 -1.0389E+06  1.3410E+03
0005440   7.3814E+07 -7.5043E+05  1.8814E+06
0005441   7.4843E+07  1.4295E+05  2.1948E+06
0005442   7.5947E+07 -1.5493E+05 -1.3734E+05
0005443   7.5155E+07  2.0520E+06 -7.6992E+05
0005444   7.6875E+07  2.0618E+06  2.0651E+05
0005445   7.4510E+07 -4.7919E+05  1.3245E+06
0005446   7.5575E+07 -4.8054E+04  1.2372E+06
0005447   7.3586E+07  1.9322E+06  1.7397E+06
0005448   7.6847E+07  1.3679E+06 -1.4133E+06
0005449   7.4522E+07  2.1166E+06  6.5234E+06
0005450   7.5360E+07 -6.8097E+05 -2.0620E+05
0005451   7.4195E+07 -6.2269E+04 -1.9254E+06
0005452   7.7322E+07 -3.5727E+05  1.1586E+06
0005453   7.4541E+07 -2.2030E+06  1.2471E+06
0005454   7.4663E+07  2.4427E+06 -2.0020E+06
0005455   7.6109E+07 -1.7171E+06  8.8269E+05
0005456   7.5256E+07  1.9313E+06 -1.3478E+06
0005457   7.3274E+07 -1.5109E+06 -2.2888E+06
0005458   7.5942E+07  4.2296E+05 -5.5252E+05
0005459   7.4351E+07 -2.2326E+06 -1.1154E+06
0005460   7.6797E+07 -1.9783E+06 -2.8362E+06
0005461   7.5621E+07 -1.5589E+06 -6.7483E+05
0005462   7.3374E+07  2.3372E+05  2.4832E+06
0005463   7.6186E+07  5.9076E+05  1.7531E+06
0005464   7.4539E+07 -2.0873E+06 -2.0342E+06
0005465   7.5344E+07 -3.7453E+05  1.1023E+05
0005466   7.7908E+07 -1.8335E+06  9.0099E+05
0005467   7.3360E+07 -4.5343E+04  2.7893E+06
0005468   7.5735E+07 -3.1888E+06 -4.2077E+06
0005469   7.4323E+07  1.4118E+06 -1.9100E+06
0005470   7.6056E+07 -1.2012E+06  7.2894E+05
0005471   7.4858E+07  3.8243E+05 -5.9039E+05
0005472   7.7906E+07 -1.7347E+06  1.1296E+06
0005473   7.1672E+07 -9.1284E+05  9.0273E+04
0005474   7.4033E+07  2.3410E+06 -3.6640E+06
0005475   7.1881E+07 -9.0606E+06  2.5789E+05
0005476   7.3041E+07  2.4153E+06 -1.3891E+06
0005477   7.5703E+07 -1.1522E+06  3.5837E+05
0005478   7.1326E+07  5.9001E+06 -6.5598E+06
0005479   7.5755E+07 -5.0059E+06  1.7775E+06
0005480   7.5931E+07 -9.7274E+05 -9.4386E+05
0005481   7.3282E+07  1.0854E+06  1.1763E+06
0005482   7.3793E+07  2.2616E+06  5.8265E+05
0005483   7.5751E+07 -1.4570E+06 -1.2016E+06
0005484   7.5907E+07 -1.5853E+06  4.2553E+04
0005485   7.5186E+07 -3.9215E+06  2.9416E+05
0005486   7.3747E+07 -2.5115E+06 -3.1311E+06
0005487   7.5757E+07 -2.0230E+05 -7.1529E+04
0005488   7.2540E+07  6.2458E+05  3.5643E+04
0005489   7.4830E+07  1.5329E+05  4.0037E+05
0005490   7.3068E+07  7.8418E+05  1.7739E+06
0005491   7.5641E+07  6.5185E+05 -1.8472E+05
0005492   7.5596E+07  4.5850E+06 -2.4192E+06
0005493   7.5953E+07 -1.3547E+06 -2.2010E+05
0005494   7.4054E+07 -6.4045E+06 -2.9057E+06
0005495   7.5684E+07 -1.1764E+06  1.2485E+06
0005496   7.6468E+07  1.7280E+05 -5.8492E+06
0005497   7.4443E+07 -4.5546E+05  5.2514E+06
0005498   7.4673E+07 -1.2230E+06  1.6379E+06
0005499   7.5302E+07 -3.7708E+06  2.0759E+06
0005500   7.5127E+07  1.9391E+05 -2.7277E+06
0005501   7.4248E+07 -1.8573E+06  1.1415E+06
0005502   7.3825E+07 -1.1201E+06 -1.8314E+06
0005503   7.5941E+07  2.1630E+05  6.9041E+05
0005504   7.2696E+07  2.2993E+05 -4.9020E+05
0005505   7.5458E+07  2.4236E+06  1.7474E+06
0005506   7.4207E+07 -7.7781E+05 -3.2862E+05
0005507   7.3796E+07 -4.2071E+05 -2.0828E+06
0005508   7.3765E+07  6.3653E+05 -3.8426E+06
0005509   7.4151E+07  1.9887E+06 -1.1008E+06
0005510   7.3518E+07 -8.1545E+05  1.0809E+06
0005511   7.5680E+07 -6.0834E+05 -6.6933E+05
0005512   7.6202E+07 -9.5904E+05 -1.6817E+06
0005513   7.2756E+07  1.6011E+06 -2.6301E+05
0005514   7.4782E+07  2.6260E+06  2.0409E+06
0005515   7.3341E+07 -1.8927E+06 -3.3948E+05
0005516   7.6967E+07 -1.4105E+05  2.3425E+06
0005517   7.4673E+07  1.3427E+05  1.6425E+06
0005518   7.5206E+07 -5.4361E+05  4.1419E+06
0005519   7.5309E+07 -1.2926E+06  4.7335E+05
0005520   7.5336E+07 -1.1070E+06  4.5434E+04
0005521   7.4342E+07  1.1049E+05  4.0516E+06
0005522   7.5138E+07  4.5511E+06 -7.2655E+05
0005523   7.4441E+07  1.2569E+06  1.2883E+06
0005524   7.5444E+07  1.7945E+06  2.8956E+06
0005525   7.3404E+07  2.5566E+06  2.4758E+04
0005526   7.6496E+07 -2.9784E+05 -3.7744E+04
0005527   7.6482E+07  1.0937E+06 -1.7174E+06
0005528   7.4656E+07 -1.3074E+06  4.8964E+05
0005529   7.5905E+07  9.2083E+05 -4.2820E+04
0005530   7.5749E+07 -2.6191E+06 -1.7269E+06
0005531   7.4210E+07 -2.4011E+06  6.3492E+05
0005532   7.4144E+07  4.6806E+05  1.1440E+06
0005533   7.4680E+07  4.7913E+05 -1.1449E+06
0005534   7.3103E+07 -2.4429E+06  7.7059E+05
0005535   7.6476E+07 -1.4537E+06  3.0188E+05
0005536   7.4235E+07  5.0089E+04 -1.2281E+06
0005537   7.7819E+07 -2.4332E+06  3.0147E+05
0005538   7.8701E+07 -1.0801E+06 -2.8329E+06
0005539   7.5626E+07 -2.4307E+05  1.9608E+06
0005540   7.3630E+07 -1.3769E+06  3.4688E+04
0005541   7.5575E+07 -8.6539E+04 -1.8512E+06
0005542   7.4056E+07  1.4128E+05  1.7634E+06
0005543   7.6568E+07 -3.3964E+06  4.0739E+06
0005544   7.5880E+07 -1.9259E+06 -3.1766E+05
0005545   7.3235E+07 -2.4614E+06  2.3757E+05
0005546   7.3850E+07  2.3227E+06  1.0477E+06
0005547   7.3817E+07 -1.0605E+06  2.9657E+05
0005548   7.5470E+07 -2.6953E+05  5.1973E+05
0005549   7.5565E+07  2.8386E+06  1.4167E+06
0005550   7.3685E+07 -2.1614E+06 -4.4094E+04
0005551   7.4672E+07 -6.1771E+05  9.3741E+05
0005552   7.5435E+07  1.2169E+05 -5.9396E+05
0005553   7.6212E+07 -1.7488E+06 -1.5719E+06
0005554   7.4412E+07 -7.6424E+05  2.2512E+05
0005555   7.5196E+07 -2.2528E+06  1.4977E+05
0005556   7.5080E+07 -1.2044E+06 -1.6487E+06
0005557   7.2688E+07 -2.0172E+06  1.5167E+05
0005558   7.4835E+07  2.2621E+06 -6.1181E+05
0005559   7.3963E+07  5.0469E+05  3.7455E+05
0005560   7.4987E+07 -9.4859E+05  2.3437E+06
0005561   7.3805E+07  3.6460E+06 -2.1937E+06
0005562   7.6557E+07  1.7542E+05  2.7181E+05
0005563   7.2599E+07  4.0687E+05 -7.4867E+05
0005564   7.5101E+07  7.9667E+04  1.8815E+06
0005565   7.5694E+07  2.4188E+06  1.5281E+06
0005566   7.4894E+07  1.0403E+06 -4.2122E+05
0005567   7.6651E+07 -3.6201E+06 -3.2021E+05
0005568   7.3896E+07 -8.2095E+05 -3.0283E+04
0005569   7.5131E+07 -2.1539E+06 -3.9751E+05
0005570   7.7253E+07  1.4650E+06 -7.0370E+05
0005571   7.2674E+07  4.3261E+05  2.9101E+06
0005572   7.4676E+07  5.7857E+05 -1.6787E+04
0005573   7.6476E+07 -1.9276E+06 -2.9663E+05
0005574   7.6485E+07  1.1021E+04 -2.8140E+05
0005575   7.5431E+07 -2.1197E+05 -3.3776E+06
0005576   7.7392E+07 -3.4220E+06 -3.2567E+06
0005577   7.5805E+07  2.9163E+06 -3.3356E+05
0005578   7.4454E+07 -1.2998E+06  3.4545E+05
0005579   7.5589E+07  1.4801E+06  3.6445E+03
0005580   7.6513E+07  3.1541E+06  2.0045E+06
0005581   7.3783E+07  9.6184E+05 -1.2039E+06
0005582   7.3145E+07  9.5929E+05  1.7094E+04
0005583   7.6424E+07 -2.1982E+05 -2.2793E+06
0005584   7.5426E+07  7.9695E+05 -4.2121E+05
0005585   7.7020E+07  6.9210E+05 -9.5832E+05
0005586   7.5221E+07 -1.0500E+06  6.3479E+05
0005587   7.5176E+07  8.3566E+05  5.5163E+05
0005588   7.5528E+07  1.8797E+06  2.6272E+06
0005589   7.4463E+07 -7.0411E+05  1.6208E+06
0005590   7.5986E+07  1.2425E+06  1.1876E+06
0005591   7.6329E+07  5.2859E+05  4.8200E+05
0005592   7.5423E+07 -1.0190E+05 -2.4286E+06
0005593   7.3266E+07  3.8019E+05 -1.6259E+06
0005594   7.4552E+07 -1.2342E+05 -7.7801E+04
0005595   7.3833E+07  3.0016E+06  1.5088E+06
0005596   7.3670E+07  2.2792E+06 -8.1518E+05
0005597   7.4526E+07  1.5014E+06  7.9172E+05
0005598   7.7140E+07  3.0197E+05 -1.8038E+06
0005599   7.5703E+07  1.9840E+05 -2.7271E+05
0005600   7.3323E+07  1.9336E+06  4.5842E+05
0005601   7.6949E+07  1.7013E+06  1.5831E+06
0005602   7.4418E+07 -5.8092E+05 -1.1640E+06
0005603   7.2645E+07  2.6692E+06  6.7475E+05
0005604   7.5503E+07 -3.2166E+05 -1.0032E+06
0005605   7.4981E+07  7.9518E+05  1.6846E+06
0005606   7.4091E+07 -6.0734E+05  6.7293E+05
0005607   7.4613E+07  2.0963E+06  2.1226E+06
0005608   7.5018E+07  7.7221E+05 -7.8918E+05
0005609   7.5622E+07 -1.5260E+06 -6.8257E+05
0005610   7.6435E+07 -1.5804E+06 -1.9363E+06
0005611   7.6113E+07 -1.4554E+06  1.5257E+06
0005612   7.4910E+07 -1.5791E+06 -1.6435E+06
0005613   7.5767E+07 -5.6331E+05  4.6707E+05
0005614   7.6850E+07 -1.6296E+06 -1.8162E+06
0005615   7.4786E+07 -1.5147E+06  8.8230E+05
0005616   7.4448E+07 -8.4218E+05  1.5301E+06
0005617   7.5289E+07  1.7930E+06 -2.2377E+06
0005618   7.5359E+07  2.0019E+06  4.6278E+06
0005619   7.5000E+07  8.8516E+05 -2.7946E+04
0005620   7.4590E+07 -7.6609E+05 -1.3385E+06
0005621   7.5304E+07 -7.9244E+05 -6.4310E+04
0005622   7.4766E+07 -7.6450E+05 -1.3948E+06
0005623   7.6042E+07  1.9672E+06  4.8399E+06
0005624   7.4830E+07  4.8812E+05  4.4430E+06
0005625   7.4121E+07 -2.6155E+04 -7.4747E+05
0005626   7.4280E+07 -1.3448E+06 -1.7731E+06
0005627   7.7081E+07 -3.1590E+06 -7.8095E+05
0005628   7.6843E+07 -3.6195E+06 -2.9879E+06
0005629   7.5283E+07  2.2368E+06  1.0762E+06
0005630   7.3370E+07  5.9863E+05 -1.0221E+06
0005631   7.2184E+07  7.2511E+05  8.8781E+05
0005632   7.3451E+07 -2.4315E+06  1.0134E+06
0005633   7.7846E+07  1.5619E+06  1.4864E+06
0005634   7.3718E+07 -2.1820E+06  1.6265E+05
0005635   7.4601E+07 -3.2563E+04  3.9286E+05
0005636   7.6430E+07  2.2726E+06  4.4357E+05
0005637   7.5880E+07  7.6875E+05 -1.1520E+06
0005638   7.3657E+07 -5.8167E+05  5.5237E+05
0005639   7.3839E+07  9.9150E+06 -3.2994E+06
0005640   7.4718E+07 -8.3772E+04  8.8501E+04
0005641   7.5680E+07  2.8211E+04  1.1753E+06
0005642   7.5313E+07 -4.3158E+05 -2.3050E+05
0005643   7.4172E+07  6.1222E+05 -3.9506E+05
0005644   7.4828E+07  7.3308E+05 -9.0047E+05
0005645   7.6749E+07 -9.0442E+05 -8.4445E+05
0005646   7.8622E+07  1.6552E+06  2.0185E+06
0005647   7.4995E+07  2.7633E+06 -1.8681E+06
0005648   7.7032E+07  2.1527E+05 -3.5552E+05
0005649   7.2146E+07 -3.0142E+05 -1.6353E+06
0005650   7.5007E+07  1.8941E+06 -2.0774E+06
0005651   7.5844E+07 -5.9835E+06 -1.7112E+06
0005652   7.5658E+07 -6.1164E+05 -2.8225E+04
0005653   7.3060E+07  4.5956E+05  1.2666E+06
0005654   7.5237E+07  9.2870E+05 -1.3415E+06
0005655   7.5254E+07  2.6196E+06 -1.4564E+05
0005656   7.2513E+07  2.7713E+06  1.6176E+06
0005657   7.5397E+07  2.1953E+06 -4.1461E+05
0005658   7.8673E+07 -1.4457E+05  1.9515E+05
0005659   7.4972E+07  1.3928E+06 -1.2073E+06
0005660   7.5186E+07 -1.7227E+06 -4.9095E+06
0005661   7.4133E+07  1.0192E+06 -6.0520E+06
0005662   7.6933E+07 -1.9570E+06  1.4922E+06
0005663   7.5405E+07  2.8811E+06 -1.7398E+06
0005664   7.4613E+07  1.8516E+06  2.6156E+05
0005665   7.4827E+07 -1.2228E+06 -2.8342E+05
0005666   7.5423E+07  2.5098E+06 -2.5278E+06
0005667   7.1957E+07  1.2592E+06 -2.9625E+05
0005668   7.4641E+07 -1.9361E+06  3.9296E+05
0005669   7.6706E+07  1.4410E+05  2.5560E+06
0005670   7.3690E+07 -1.0924E+06  4.2859E+06
0005671   7.5099E+07 -5.8748E+06  4.8524E+06
0005672   7.5761E+07 -1.1975E+06 -6.7661E+06
0005673   7.4874E+07 -9.1024E+05  3.6037E+06
0005674   7.3993E+07  2.0156E+06  1.6194E+06
0005675   7.4614E+07 -9.4419E+05 -5.2991E+04
0005676   7.4917E+07  1.6252E+06 -2.0011E+06
0005677   7.6120E+07 -5.1634E+06  1.3119E+06
0005678   7.4272E+07 -1.3248E+06  3.1482E+06
0005679   7.6140E+07 -2.0929E+06 -1.9352E+06
0005680   7.6666E+07 -1.0773E+06 -3.3953E+05
0005681   7.5132E+07  1.0150E+06  1.0951E+06
0005682   7.4336E+07 -2.6602E+06 -1.4710E+06
0005683   7.4895E+07 -1.8947E+06  2.8563E+05
0005684   7.5717E+07 -1.3898E+06 -1.4392E+06
0005685   7.5393E+07  1.4255E+06 -8.9275E+05
0005686   7.4422E+07 -6.2619E+05 -5.4671E+05
0005687   7.3119E+07  1.8424E+05 -2.0585E+05
0005688   7.7012E+07  1.4438E+06  5.6860E+05
0005689   7.5004E+07 -1.2909E+06 -1.3145E+06
0005690   7.6185E+07  7.2462E+05  2.2684E+06
0005691   7.4886E+07  2.9011E+05  1.8786E+06
0005692   7.8260E+07 -7.9231E+05 -1.3447E+06
0005693   7.4387E+07 -5.1219E+06  6.4771E+06
0005694   7.3461E+07 -2.1716E+05 -1.0970E+06
0005695   7.4389E+07 -3.6061E+03 -1.9117E+06
0005696   7.5188E+07  1.2444E+06  4.0315E+05
0005697   7.5409E+07 -2.0585E+06  6.8504E+05
0005698   7.3493E+07  1.5778E+06 -3.1542E+06
0005699   7.5231E+07 -1.0057E+06 -3.5383E+06
0005700   7.3816E+07 -1.7214E+06 -2.7954E+05
0005701   7.4295E+07 -3.5812E+06 -6.8918E+05
0005702   7.7231E+07 -8.8513E+05  2.9478E+06
0005703   7.5203E+07 -1.5450E+06  4.5916E+04
0005704   7.4906E+07 -2.3215E+06 -1.0785E+06
0005705   7.6101E+07 -1.7625E+05  2.5222E+05
0005706   7.6154E+07  8.1871E+05  1.8700E+06
0005707   7.2600E+07 -2.1209E+06  1.7198E+06
0005708   7.5223E+07  1.7996E+06 -1.1675E+06
0005709   7.5805E+07  1.2319E+06 -1.0621E+06
0005710   7.5536E+07  1.6822E+05 -2.0763E+05
0005711   7.4726E+07  2.2515E+06 -1.2287E+06
0005712   7.7722E+07  1.9301E+05 -9.7086E+03
0005713   7.4995E+07  6.0241E+05 -3.0968E+06
0005714   7.4547E+07  3.6828E+04  2.4665E+06
0005715   7.4935E+07 -3.8204E+06 -2.4027E+06
0005716   7.6429E+07 -8.2636E+05  2.8070E+06
0005717   7.5514E+07  4.9428E+04  2.0439E+05
0005718   7.3426E+07  1.7203E+06 -1.3522E+06
0005719   7.5899E+07  1.0629E+06  4.9150E+06
0005720   7.3746E+07  1.4874E+06 -3.8116E+05
0005721   7.5881E+07  6.3798E+05  1.6083E+06
0005722   7.4109E+07  1.0204E+05 -4.3026E+05
0005723   7.5050E+07  9.5959E+05  8.4738E+03
0005724   7.5734E+07  2.1984E+06  6.1427E+05
0005725   7.5862E+07 -4.8326E+05 -3.9058E+05
0005726   7.3075E+07 -4.7048E+05 -1.4753E+06
0005727   7.5437E+07 -1.4788E+06 -2.0355E+06
0005728   7.6012E+07 -9.8427E+04 -7.5131E+05
0005729   7.5516E+07  1.7212E+05 -1.3712E+06
0005730   7.7229E+07 -3.4309E+05  6.7157E+05
0005731   7.5568E+07  4.2166E+04  2.2758E+06
0005732   7.5396E+07 -2.1338E+06  1.8936E+06
0005733   7.3645E+07 -3.7403E+06 -6.9097E+05
0005734   7.4085E+07 -5.8931E+05 -1.1195E+06
0005735   7.4916E+07  4.7134E+05 -3.6358E+05
0005736   7.4245E+07  2.7435E+06 -1.2932E+06
0005737   7.7542E+07  1.9796E+06 -9.9340E+05
0005738   7.4493E+07  2.9332E+05 -7.2819E+05
0005739   7.6161E+07  1.9941E+06  9.1948E+05
0005740   7.5665E+07 -3.4059E+05 -1.2071E+06
0005741   7.4383E+07 -2.4432E+06 -4.5110E+05
0005742   7.7577E+07  1.4441E+05  3.2253E+06
0005743   7.5311E+07  7.4571E+05 -4.4664E+06
0005744   7.4955E+07 -1.1311E+06  1.2319E+06
0005745   7.6140E+07 -1.4381E+06  2.7376E+06
0005746   7.3282E+07 -3.0081E+06 -1.8064E+06
0005747   7.5056E+07 -1.3895E+06 -4.3591E+04
0005748   7.4101E+07 -1.7410E+06  7.2736E+05
0005749   7.4984E+07 -1.5148E+06  1.2789E+05
0005750   7.4814E+07 -4.8652E+05  8.6677E+04
0005751   7.5743E+07  4.4807E+06 -7.2549E+05
0005752   7.5544E+07  6.3895E+05  6.9431E+05
0005753   7.2647E+07 -7.5166E+06 -1.1727E+05
0005754   7.5199E+07  1.3495E+06  2.7370E+05
0005755   7.3129E+07 -4.3075E+05  1.0057E+06
0005756   7.4665E+07 -1.3317E+06  1.2116E+06
0005757   7.5295E+07 -4.5464E+05  1.5408E+06
0005758   7.6116E+07  1.4544E+06  2.5586E+05
0005759   7.6643E+07 -5.4357E+05 -2.2893E+06
0005760   7.4858E+07  8.1255E+05  4.7003E+05
0005761   7.4022E+07 -3.6611E+05 -2.7123E+06
0005762   7.4605E+07 -1.2566E+06 -9.0104E+04
0005763   7.9089E+07 -1.5758E+06 -7.7225E+05
0005764   7.6398E+07  1.8033E+06  2.2759E+06
0005765   7.3762E+07 -3.7784E+06 -1.6332E+06
0005766   7.3777E+07  8.1082E+05  1.8087E+06
0005767   7.5514E+07  9.6565E+05 -1.0309E+06
0005768   7.3808E+07  8.3590E+05 -6.1722E+04
0005769   7.4577E+07  5.7546E+06  2.9344E+06
0005770   7.3211E+07 -3.3606E+04  1.1867E+06
0005771   7.5665E+07 -6.0614E+05 -4.3125E+05
0005772   7.6484E+07 -2.2085E+06  3.3751E+05
0005773   7.6537E+07  1.2402E+06  6.9619E+05
0005774   7.7437E+07 -7.9097E+05  1.0903E+06
0005775   7.5033E+07 -7.2288E+05 -1.0955E+06
0005776   7.4659E+07 -1.1091E+06  2.8261E+06
0005777   7.3486E+07  1.9922E+06  5.4210E+05
0005778   7.6325E+07  2.9610E+06 -2.0986E+06
0005779   7.4399E+07  2.0174E+06  3.4101E+06
0005780   7.6290E+07 -6.7758E+05  1.1495E+06
0005781   7.4875E+07 -1.7387E+06 -1.0439E+06
0005782   7.4320E+07  3.8068E+05  6.9460E+05
0005783   7.4652E+07  8.7136E+05  1.4883E+05
0005784   7.4890E+07 -6.4145E+05  9.9050E+05
0005785   7.5071E+07  1.3553E+06  7.1607E+05
0005786   7.4652E+07 -2.6692E+06 -1.4588E+04
0005787   7.5167E+07 -3.6348E+06  2.9059E+06
0005788   7.2578E+07  2.6587E+06  3.4196E+06
0005789   7.4725E+07  6.8961E+06  1.9089E+05
0005790   7.6983E+07  3.6627E+06  6.3279E+05
0005791   7.3248E+07 -1.2175E+06 -1.7016E+06
0005792   7.5581E+07  1.6167E+06 -3.1441E+06
0005793   7.6194E+07 -9.7612E+05 -1.1526E+06
0005794   7.5042E+07 -1.0033E+06 -1.1055E+06
0005795   7.5854E+07 -1.0376E+06 -1.4567E+06
0005796   7.1210E+07  1.5783E+06 -1.5624E+07
0005797   7.4169E+07 -5.1219E+05  1.9498E+05
0005798   7.6790E+07  1.7551E+06  1.9449E+06
0005799   7.2803E+07 -2.3204E+06 -2.8528E+05
0005800   7.5582E+07  2.5910E+06 -2.1443E+06
0005801   7.4044E+07 -3.9876E+06  1.3569E+06
0005802   7.5288E+07  1.1158E+06 -3.4935E+06
0005803   7.3630E+07 -8.5200E+05  1.2413E+05
0005804   7.5025E+07  1.1420E+06  1.2713E+06
0005805   7.6940E+07  1.2500E+06 -2.4442E+06
0005806   7.5291E+07 -3.2475E+05 -4.8904E+05
0005807   7.3548E+07 -4.1431E+05 -6.9291E+05
0005808   7.5499E+07  6.2601E+05  2.2197E+06
0005809   7.6525E+07 -1.2628E+06  5.7296E+05
0005810   7.7400E+07 -9.0947E+05 -6.1823E+05
0005811   7.5462E+07  4.3051E+05 -2.9827E+06
0005812   7.2778E+07 -3.3509E+06 -3.9406E+05
0005813   7.4944E+07 -3.2182E+06  5.2302E+06
0005814   7.4539E+07  8.1366E+05 -6.1721E+05
0005815   7.3903E+07  9.2920E+05 -7.5381E+05
0005816   7.4462E+07  7.6587E+05 -1.3594E+06
0005817   7.5279E+07 -2.2471E+06 -2.2628E+06
0005818   7.3301E+07  3.4862E+05 -7.5080E+05
0005819   7.5702E+07 -1.0873E+05  5.0393E+05
0005820   7.5799E+07 -1.8361E+05  4.1414E+06
0005821   7.4810E+07 -4.6389E+05  2.4015E+06
0005822   7.5139E+07  2.5302E+06 -2.1038E+06
0005823   7.3204E+07  1.5641E+06  1.6563E+06
0005824   7.6060E+07  5.8589E+05  1.7024E+06
0005825   7.4713E+07  1.0801E+06 -1.6274E+06
0005826   7.5774E+07 -1.7223E+06  1.5684E+06
0005827   7.6696E+07  1.0601E+06 -1.4217E+06
0005828   7.6273E+07  1.5450E+06 -1.6660E+06
0005829   7.4180E+07 -4.7160E+05 -6.4440E+05
0005830   7.5124E+07 -2.4460E+06  9.1292E+05
0005831   7.6873E+07  2.8158E+04 -1.4344E+06
0005832   7.4672E+07  8.7696E+05  7.0381E+05
0005833   7.5502E+07  2.7928E+06 -2.2158E+06
0005834   7.3440E+07 -6.5616E+05 -2.6350E+06
0005835   7.5989E+07  1.7956E+06 -8.8141E+05
0005836   7.6020E+07 -1.2066E+06  2.9624E+06
0005837   7.3701E+07 -1.2939E+06 -3.1997E+06
0005838   7.4772E+07  5.2953E+06 -2.3949E+06
0005839   7.5742E+07  4.3407E+05  1.1607E+06
0005840   7.5150E+07 -9.5382E+04 -1.3838E+06
0005841   7.6407E+07 -1.1264E+06  5.5320E+05
0005842   7.7245E+07  1.1165E+06  2.7094E+05
0005843   7.6445E+07 -3.5608E+05 -1.9184E+06
0005844   7.3606E+07 -9.4136E+05  1.1998E+06
0005845   7.6812E+07 -7.9050E+04 -1.9524E+06
0005846   7.4882E+07  7.3228E+05  2.1734E+06
0005847   7.5049E+07  1.5633E+06  6.3247E+05
0005848   7.5155E+07  1.8564E+05  6.9445E+05
0005849   7.5879E+07 -2.2581E+06 -2.9459E+06
0005850   7.5645E+07 -2.7493E+06  1.9796E+05
0005851   7.3295E+07 -1.1457E+06 -1.3302E+06
0005852   7.6666E+07 -2.2610E+05  1.0953E+06
0005853   7.5224E+07 -3.7166E+05  8.2135E+05
0005854   7.3542E+07  6.4657E+05 -5.3007E+05
0005855   7.5053E+07 -4.3221E+05  8.6898E+05
0005856   7.5708E+07  9.9146E+05 -3.0947E+06
0005857   7.4109E+07 -2.7890E+06  7.0213E+05
0005858   7.5928E+07  6.3699E+06 -1.2761E+06
0005859   7.4438E+07  2.7545E+05 -7.9107E+04
0005860   7.4937E+07  1.4466E+06  1.4693E+06
0005861   7.3623E+07  2.8132E+05 -1.5435E+06
0005862   7.6577E+07  1.7255E+06  6.7480E+04
0005863   7.2509E+07 -8.8033E+05 -1.8160E+06
0005864   7.2127E+07  1.5594E+06  4.2471E+05
0005865   7.4337E+07 -1.6439E+06 -3.3679E+04
0005866   7.4927E+07 -3.4826E+05  3.8040E+06
0005867   7.5481E+07 -1.1208E+06  1.7835E+06
0005868   7.4343E+07 -1.4257E+06 -3.5711E+05
0005869   7.6043E+07  2.2580E+06  1.3099E+06
0005870   7.3787E+07  8.8040E+05 -9.6718E+05
0005871   7.4664E+07  1.6407E+06  8.2729E+05
0005872   7.4411E+07 -1.4158E+06 -2.6855E+05
0005873   7.3902E+07 -1.4521E+06 -1.0609E+06
0005874   7.4893E+07 -1.3463E+06 -4.1601E+06
0005875   7.4435E+07  2.5543E+05  3.8956E+05
0005876   7.3455E+07 -3.3074E+06 -7.5851E+05
0005877   7.3024E+07  3.3392E+05 -1.4361E+06
0005878   7.6557E+07 -2.2523E+06 -3.0815E+06
0005879   7.3771E+07 -8.0162E+05 -1.7592E+06
0005880   7.4746E+07  1.6669E+05  2.2667E+06
0005881   7.5414E+07 -7.9050E+04 -1.2457E+05
0005882   7.5411E+07  1.2557E+06 -4.6773E+05
0005883   7.3326E+07 -1.3708E+05  5.3633E+04
0005884   7.4565E+07 -2.9926E+06 -2.3798E+06
0005885   7.4435E+07  3.3771E+05 -1.8681E+06
0005886   7.5839E+07 -1.5499E+06 -2.7576E+06
0005887   7.5625E+07  1.3193E+06 -9.2154E+05
0005888   7.4211E+07  6.0269E+05  2.2676E+05
0005889   7.6178E+07  5.9474E+05  1.8524E+06
0005890   7.2760E+07 -2.4867E+06 -3.0209E+05
0005891   7.4816E+07 -1.8664E+06 -2.2978E+06
0005892   7.5158E+07 -9.3917E+05  1.4087E+06
0005893   7.7996E+07  5.3145E+05  1.1834E+06
0005894   7.4683E+07 -1.2861E+06 -1.2058E+06
0005895   7.5620E+07  2.2431E+06 -2.2263E+06
0005896   7.4387E+07  2.3605E+05  1.9757E+06
0005897   7.5319E+07 -1.5242E+05  8.1239E+05
0005898   7.4685E+07  2.6622E+06  5.9511E+05
0005899   7.5127E+07  2.7642E+06  6.7420E+05
0005900   7.3807E+07 -2.8389E+06 -8.1688E+05
0005901   7.3194E+07  1.8344E+06  8.9443E+05
0005902   7.5707E+07 -4.0149E+05 -1.3636E+06
0005903   7.4109E+07 -4.0769E+05  7.8897E+05
0005904   7.4541E+07  4.1220E+04  1.2287E+06
0005905   7.4827E+07  1.0568E+06  1.3683E+06
0005906   7.4511E+07 -1.1910E+06  2.8784E+06
0005907   7.6688E+07  1.5022E+06 -1.8079E+05
0005908   7.5005E+07  2.5144E+06  1.6415E+06
0005909   7.7510E+07  1.6303E+06  1.0803E+06
0005910   7.7908E+07  1.7236E+06 -1.5436E+06
0005911   7.4029E+07 -4.3148E+05 -7.9638E+05
0005912   7.4821E+07 -2.2787E+06 -4.2885E+05
0005913   7.4589E+07  4.9808E+05 -1.7290E+06
0005914   7.4531E+07  1.9567E+06  2.0536E+06
0005915   7.5455E+07 -4.3186E+05 -1.5342E+06
0005916   7.7327E+07  3.2091E+05  2.2508E+05
0005917   7.5624E+07 -3.2572E+05 -3.6807E+06
0005918   7.5750E+07  1.3001E+06 -2.8860E+06
0005919   7.4986E+07  1.0006E+06  1.4782E+06
0005920   7.5417E+07 -7.2450E+05  1.9330E+05
0005921   7.4515E+07 -2.1232E+06 -1.1967E+06
0005922   7.7496E+07  2.0615E+06  1.2555E+06
0005923   7.3547E+07 -4.3958E+05  3.0170E+05
0005924   7.4001E+07  1.3033E+06  9.2580E+05
0005925   7.3941E+07  2.5558E+05  1.2560E+06
0005926   7.6583E+07 -3.3095E+05 -7.9719E+04
0005927   7.6299E+07 -2.2147E+06  6.8651E+05
0005928   7.6804E+07  3.2414E+06  2.4714E+06
0005929   7.6317E+07  1.3361E+06 -7.4368E+04
0005930   7.6752E+07  1.0580E+06 -2.5501E+06
0005931   7.5177E+07 -1.1165E+06 -1.7862E+05
0005932   7.2550E+07 -8.9213E+05 -4.9532E+06
0005933   7.4241E+07  2.1190E+06 -6.5599E+06
0005934   7.4836E+07 -8.9410E+05  6.7941E+05
0005935   7.3337E+07 -3.0426E+06  2.6996E+06
0005936   7.5157E+07  1.6422E+06  4.8080E+05
0005937   7.6702E+07  2.0000E+06 -3.1174E+06
0005938   7.6553E+07  3.6301E+06 -1.2495E+06
0005939   7.7857E+07  2.7130E+04 -1.1496E+06
0005940   7.2831E+07  4.0663E+05 -1.1862E+06
0005941   7.2848E+07 -2.5012E+06  7.0205E+06
0005942   7.5124E+07 -5.4221E+05 -1.7913E+05
0005943   7.4269E+07  3.7463E+05 -1.1671E+06
0005944   7.5402E+07 -1.2421E+06  4.0751E+06
0005945   7.4845E+07  2.9298E+06 -2.4566E+06
0005946   7.3330E+07 -1.2514E+06  1.0481E+06
0005947   7.3088E+07  2.9119E+06 -1.1986E+06
0005948   7.4169E+07 -3.9210E+05  4.0375E+05
0005949   7.5027E+07 -3.2958E+05  7.1767E+05
0005950   7.4716E+07 -2.4443E+06  2.8146E+06
0005951   7.4333E+07  4.3683E+05 -1.5608E+06
0005952   7.6716E+07  7.5620E+05 -4.7893E+04
0005953   7.5657E+07 -7.7388E+04  6.6865E+05
0005954   7.3616E+07 -8.7415E+05 -8.4222E+05
0005955   7.3275E+07 -1.1728E+06  1.2771E+06
0005956   6.7001E+07 -1.0131E+06  1.9134E+06
0005957   7.3237E+07 -7.2095E+05 -7.2375E+05
0005958   7.6736E+07 -1.3196E+06  6.4436E+05
0005959   7.5191E+07 -3.8578E+05 -3.2513E+06
0005960   7.7944E+07 -9.2492E+05  8.6533E+05
0005961   7.6249E+07  1.7847E+06 -1.2311E+06
0005962   7.7536E+07 -1.1247E+06 -9.0279E+05
0005963   7.3296E+07  8.6543E+05 -1.4451E+06
0005964   7.3432E+07  2.3197E+06  9.8028E+05
0005965   7.8653E+07 -1.4419E+05 -1.3988E+06
0005966   7.6673E+07 -3.3971E+05  1.8181E+06
0005967   7.6046E+07 -1.3177E+06 -1.1971E+06
0005968   7.5163E+07  2.8171E+05 -4.1687E+05
0005969   7.4440E+07  3.2986E+06  5.3685E+04
0005970   7.4139E+07 -2.2140E+06 -7.7970E+06
0005971   7.5244E+07 -1.5173E+05 -7.1430E+05
0005972   7.4493E+07 -1.9441E+06  9.6196E+05
0005973   7.5519E+07  5.7152E+05  6.3226E+06
0005974   7.6706E+07 -2.4676E+05  1.5989E+06
0005975   7.6857E+07  1.3118E+06 -2.5907E+06
0005976   7.6326E+07  2.9350E+06 -2.5401E+06
0005977   7.3578E+07 -2.1971E+06  3.6796E+05
0005978   7.5748E+07  1.8783E+05  1.4081E+06
0005979   7.3570E+07  7.3094E+05 -4.0153E+05
0005980   7.7128E+07 -6.2554E+05 -5.0742E+06
0005981   7.3238E+07 -5.7770E+05 -1.9134E+05
0005982   7.4285E+07  2.3168E+06 -2.7234E+06
0005983   7.6651E+07  2.3016E+06 -1.4026E+06
0005984   7.5766E+07  3.2346E+05  1.7910E+06
0005985   7.5428E+07  4.5694E+05  2.1778E+05
0005986   7.7428E+07  7.6174E+05 -1.4358E+06
0005987   7.6499E+07  2.0463E+05  1.0504E+06
0005988   7.3909E+07  2.2520E+05 -1.5030E+06
0005989   7.4213E+07 -2.7614E+06 -4.8202E+05
0005990   7.3899E+07 -3.0780E+05  1.6416E+06
0005991   7.5140E+07  4.3866E+05 -3.0472E+06
0005992   7.5628E+07 -7.2889E+05  1.2014E+06
0005993   7.6710E+07 -1.7477E+05 -2.4819E+06
0005994   7.4639E+07  2.1844E+06  1.7019E+06
0005995   7.3920E+07 -2.5093E+06  2.1590E+05
0005996   7.5339E+07 -6.6361E+05  1.2460E+06
0005997   7.5674E+07  7.0142E+04 -1.4493E+05
0005998   7.5616E+07  7.2034E+05 -8.0773E+05
0005999   7.7491E+07  5.6574E+05  2.1986E+06
0006000   7.4142E+07  7.6587E+05  4.9222E+05
0006001   7.3907E+07 -2.0854E+06 -1.4426E+06
0006002   7.3631E+07  4.9863E+05  2.6093E+06
0006003   7.5761E+07  1.1572E+06 -4.6582E+06
0006004   7.4957E+07 -9.4007E+05 -4.4142E+05
0006005   7.5154E+07  2.4282E+06 -3.2538E+05
0006006   7.5036E+07 -5.9478E+03 -6.8886E+05
0006007   7.4098E+07  1.5501E+06 -2.3399E+06
0006008   7.1408E+07 -6.0130E+05  1.0486E+06
0006009   7.4857E+07 -3.0730E+05 -5.1485E+05
0006010   7.2786E+07  9.5679E+04 -1.0663E+06
0006011   7.4532E+07  1.9411E+05  5.1406E+05
0006012   7.2849E+07  3.1122E+06 -1.1223E+05
0006013   7.6203E+07 -5.4061E+05  1.0774E+06
0006014   7.4510E+07 -4.1867E+05  9.0052E+05
0006015   7.3001E+07 -1.3792E+06 -8.6206E+04
0006016   7.4755E+07  7.2929E+05 -2.0342E+06
0006017   7.3174E+07 -3.6999E+06  4.5713E+06
0006018   7.3561E+07 -1.3627E+04 -1.5266E+06
0006019   7.3167E+07  1.1590E+05 -2.2751E+06
0006020   7.7272E+07 -1.4699E+06 -4.5611E+05
0006021   7.6063E+07  1.4629E+06  1.0818E+06
0006022   7.2400E+07  9.8879E+06 -9.6769E+06
0006023   7.4697E+07 -5.9255E+05 -2.3423E+06
0006024   7.6877E+07 -2.8135E+06 -4.3527E+06
0006025   7.6016E+07 -1.7875E+05 -5.1253E+05
0006026   7.4987E+07  6.6845E+05  7.1579E+05
0006027   7.5568E+07  9.8509E+05 -4.5170E+06
0006028   7.8384E+07 -4.3385E+05 -9.3481E+05
0006029   7.5798E+07  5.9386E+05  4.5652E+05
0006030   7.5354E+07  6.5018E+05  9.7949E+05
0006031   7.4646E+07 -9.7744E+05  9.2625E+05
0006032   7.6537E+07  1.0849E+05  1.6502E+06
0006033   7.5284E+07 -7.3364E+05 -1.7642E+06
0006034   7.5586E+07 -8.5722E+05 -2.4263E+06
0006035   7.4930E+07  5.4220E+05  4.6058E+05
0006036   7.4531E+07 -4.2200E+06 -1.9555E+06
0006037   7.6096E+07 -7.4680E+05  1.6177E+06
0006038   7.7683E+07  4.3189E+04 -2.5204E+06
0006039   7.5938E+07  1.4157E+06 -2.8985E+06
0006040   7.5698E+07 -7.8816E+05 -1.5173E+06
0006041   7.5966E+07  8.8806E+05 -4.8520E+05
0006042   7.5031E+07  3.0769E+05  4.9265E+05
0006043   7.4136E+07  1.7511E+06  6.7393E+05
0006044   7.5832E+07 -3.2874E+06 -6.7663E+05
0006045   7.4970E+07 -1.6685E+05 -1.9632E+06
0006046   7.5454E+07  1.3914E+06 -1.1280E+05
0006047   7.5317E+07  6.9039E+04  7.2332E+05
0006048   7.5336E+07  2.8386E+06  1.9278E+06
0006049   7.4357E+07  5.4825E+05  1.7735E+06
0006050   7.4288E+07  8.1195E+05  6.9924E+05
0006051   7.4789E+07 -7.9396E+04  4.6798E+04
0006052   7.5005E+07 -2.1762E+05  2.6613E+06
0006053   7.6042E+07  8.2756E+05  2.8131E+06
0006054   7.5804E+07 -1.7090E+06 -3.6490E+05
0006055   7.3935E+07  2.1724E+06 -1.0324E+06
0006056   7.6326E+07 -3.4696E+05  1.2581E+06
0006057   7.6276E+07  1.2540E+06 -2.4973E+06
0006058   7.3842E+07  7.5879E+05  4.6277E+05
0006059   7.3465E+07 -2.9081E+06  4.7711E+05
0006060   7.7024E+07  1.8920E+06  8.1715E+05
0006061   7.3910E+07 -1.4658E+06 -1.8947E+06
0006062   7.4837E+07  8.0419E+04 -5.2760E+03
0006063   7.6867E+07 -1.7885E+06 -6.0237E+05
0006064   7.5757E+07  1.2281E+06  5.2848E+06
0006065   7.4799E+07 -2.2237E+06 -8.6978E+05
0006066   7.4390E+07 -3.6615E+05 -1.7096E+05
0006067   7.4400E+07  1.5237E+06  1.1912E+06
0006068   7.7246E+07 -2.5370E+06  2.9436E+05
0006069   7.7122E+07  1.6214E+06  2.1184E+05
0006070   7.6711E+07 -2.7981E+05 -2.4984E+06
0006071   7.5443E+07  1.8823E+06 -1.0335E+06
0006072   7.6506E+07  2.5062E+06 -1.3727E+06
0006073   7.6800E+07 -3.3688E+06  1.7027E+04
0006074   7.4013E+07 -2.3917E+06  6.6229E+06
0006075   7.5926E+07 -9.1919E+04 -1.7910E+06
0006076   7.4190E+07 -1.2343E+06 -1.2142E+06
0006077   7.5701E+07 -7.2984E+05 -9.2758E+05
0006078   7.4842E+07 -9.1911E+05 -4.1019E+05
0006079   7.3787E+07  1.5527E+06  4.9078E+05
0006080   7.3103E+07 -4.8435E+05 -6.7364E+05
0006081   7.6184E+07 -1.4017E+05  5.6606E+05
0006082   7.2955E+07 -4.9982E+05 -2.0720E+06
0006083   7.2913E+07 -7.8702E+06 -1.0624E+06
0006084   7.3392E+07 -1.0610E+06  3.9953E+05
0006085   7.4530E+07 -6.8757E+05  3.8794E+06
0006086   7.5194E+07  4.7231E+05 -3.1163E+05
0006087   7.6605E+07  2.4982E+06 -2.1767E+06
0006088   7.2988E+07 -8.6316E+05 -1.3642E+06
0006089   7.3995E+07  3.1049E+06 -1.9731E+06
0006090   7.5978E+07 -1.6094E+06  8.5784E+05
0006091   7.4804E+07 -2.4062E+06  1.7816E+06
0006092   7.5886E+07 -6.8400E+05  6.5620E+05
0006093   7.5028E+07  1.1699E+05  1.6466E+06
0006094   7.7848E+07  1.3572E+06 -1.6636E+06
0006095   7.6932E+07 -3.7588E+04  1.2222E+06
0006096   7.4960E+07 -3.2586E+05 -4.1581E+05
0006097   7.5150E+07 -3.1540E+06 -1.8562E+06
0006098   7.3665E+07 -1.1618E+06 -2.3122E+05
0006099   7.4503E+07  1.5655E+06 -7.7322E+05
0006100   7.7766E+07  2.7476E+06 -1.2508E+06
0006101   7.4125E+07  3.9910E+05  7.0385E+05
0006102   7.5870E+07  2.7703E+06  2.5616E+05
0006103   7.5141E+07  5.3630E+05 -1.6870E+06
0006104   7.3696E+07  1.1865E+06  1.5291E+06
0006105   7.5995E+07  6.5230E+05  1.3564E+06
0006106   7.3042E+07 -1.2328E+06 -1.7140E+05
0006107   7.6445E+07 -5.6875E+05  4.6926E+05
0006108   7.5715E+07  3.1049E+05  1.9994E+05
0006109   7.5915E+07  2.6587E+06 -7.0976E+05
0006110   7.1635E+07  2.4297E+06 -5.0368E+06
0006111   7.3623E+07  2.2348E+06  2.0422E+06
0006112   7.4738E+07  4.3231E+06  1.1999E+06
0006113   7.4419E+07  1.1242E+05 -9.9918E+05
0006114   7.3948E+07  4.0812E+04  1.2920E+06
0006115   7.2530E+07  3.2713E+06 -2.5826E+06
0006116   7.2398E+07 -1.4855E+06  5.9244E+05
0006117   7.6704E+07  3.7113E+05  3.8120E+06
0006118   7.5832E+07  4.4265E+05  5.8967E+05
0006119   7.3754E+07  5.7470E+05 -1.8902E+06
0006120   7.6199E+07  1.9467E+06 -3.5473E+06
0006121   7.4261E+07 -1.0474E+06  1.9055E+05
0006122   7.5350E+07 -3.5156E+05  1.3296E+05
0006123   7.4798E+07 -6.0769E+06 -7.7076E+06
0006124   7.4372E+07  1.5002E+06 -3.0291E+05
0006125   7.5413E+07  1.2175E+06  1.0539E+06
0006126   7.4595E+07  1.8837E+05  2.0604E+06
0006127   7.5652E+07 -3.5804E+06 -4.4194E+06
0006128   7.6485E+07  5.7176E+05 -4.2118E+06
0006129   7.5502E+07 -2.6468E+06 -1.5665E+05
0006130   7.4431E+07 -1.4021E+06  5.4747E+05
0006131   7.5068E+07  9.7011E+05  2.1591E+06
0006132   7.5040E+07  1.3551E+05  1.9804E+06
0006133   7.5102E+07  7.3395E+05  3.8397E+05
0006134   7.5833E+07 -8.7362E+05  2.0132E+06
0006135   7.2334E+07  6.0382E+04  1.4965E+06
0006136   7.6891E+07 -1.8758E+05  1.5891E+06
0006137   7.5077E+07 -2.0842E+06 -8.6406E+05
0006138   7.4520E+07 -3.2172E+06  2.5525E+06
0006139   7.6070E+07 -8.2009E+04 -2.6504E+06
0006140   7.3042E+07 -3.7721E+05  3.5791E+05
0006141   7.3294E+07 -1.3451E+06 -6.1368E+05
0006142   7.6660E+07 -4.2368E+05  7.7204E+05
0006143   7.3445E+07  8.1290E+05  2.5321E+05
0006144   7.4912E+07 -5.7350E+05  8.2891E+06
0006145   7.5090E+07  1.9138E+06 -6.7456E+05
0006146   7.5740E+07  1.8203E+06 -6.3750E+05
0006147   7.6545E+07  1.6652E+05  8.0498E+05
0006148   7.5176E+07 -2.5415E+06 -2.2485E+06
0006149   7.5549E+07  5.7279E+05  6.1785E+05
0006150   7.5769E+07 -2.7588E+05 -3.5344E+04
0006151   7.3403E+07 -3.4550E+06  6.8781E+05
0006152   7.4281E+07 -5.8939E+06  3.1387E+05
0006153   7.3264E+07 -1.7435E+06  1.1903E+05
0006154   7.4308E+07 -2.5547E+06 -3.8290E+05
0006155   7.4639E+07  9.5536E+05 -5.9938E+05
0006156   7.6197E+07  1.8018E+06  3.5721E+06
0006157   7.6269E+07 -1.4834E+06 -6.0478E+05
0006158   7.5123E+07 -1.4429E+05  1.5377E+06
0006159   7.6385E+07 -8.8159E+05  2.4044E+06
0006160   7.6525E+07 -1.2976E+06  6.2184E+05
0006161   7.3785E+07 -9.7920E+06 -3.2418E+06
0006162   7.6586E+07  3.3371E+06 -6.3847E+04
0006163   7.4944E+07 -2.1829E+05 -2.2575E+06
0006164   7.7295E+07  6.2346E+05  4.8670E+04
0006165   7.4512E+07 -1.1556E+06  6.4845E+05
0006166   7.6262E+07  2.7453E+05 -4.4936E+05
0006167   7.4110E+07 -4.2222E+06  1.7168E+06
0006168   7.4086E+07  1.3352E+06  4.0266E+06
0006169   7.5565E+07  1.7982E+06  8.8079E+05
0006170   7.5895E+07 -1.3428E+06  7.0307E+05
0006171   7.5981E+07 -2.2051E+06  7.8138E+05
0006172   7.2956E+07  1.9686E+06 -3.3789E+06
0006173   7.2681E+07  9.0720E+06  5.5188E+06
0006174   7.4829E+07 -6.6549E+05  7.9269E+05
0006175   7.5145E+07 -3.4351E+05 -4.4300E+05
0006176   7.3857E+07 -8.9257E+05 -2.2914E+06
0006177   7.6632E+07 -2.5002E+06  8.4486E+05
0006178   7.4785E+07  5.2412E+05  3.5006E+05
0006179   7.4366E+07  1.0412E+05  7.5365E+05
0006180   7.6283E+07 -3.1132E+06 -1.6716E+06
0006181   7.5249E+07  5.2026E+05  2.3300E+06
0006182   7.5629E+07 -1.7828E+06 -2.5974E+06
0006183   7.5927E+07 -6.5245E+05 -2.0006E+06
0006184   7.4514E+07 -2.8980E+05  3.3729E+06
0006185   7.3973E+07 -5.9897E+05  2.3494E+06
0006186   7.5302E+07 -1.0667E+06  5.4338E+05
0006187   7.5223E+07 -6.5143E+05 -6.9165E+05
0006188   7.4104E+07  2.5236E+06 -2.2136E+06
0006189   7.5226E+07 -1.2102E+06 -2.0121E+06
0006190   7.5925E+07 -4.5134E+05  1.2824E+06
0006191   7.7449E+07 -1.8308E+06 -1.5572E+06
0006192   7.3227E+07 -1.8198E+06 -8.3414E+05
0006193   7.3112E+07  8.0008E+06 -2.1584E+06
0006194   7.4932E+07  1.6007E+05  7.9016E+05
0006195   7.4406E+07  1.9806E+06  3.9958E+06
0006196   7.5559E+07 -1.5790E+06  7.7901E+05
0006197   7.3405E+07 -1.7268E+05  1.1177E+06
0006198   7.3313E+07  9.9085E+05  1.0101E+06
0006199   7.4932E+07  1.1180E+06  1.1023E+06
0006200   7.4486E+07  8.7947E+05  1.1380E+05
0006201   7.4441E+07  5.2673E+06 -1.7364E+06
0006202   7.4575E+07  6.4405E+05 -2.0163E+06
0006203   7.6694E+07 -3.6083E+05  7.0813E+05
0006204   7.5632E+07  1.0784E+06 -7.8148E+05
0006205   7.4342E+07  1.5775E+06  1.3688E+06
0006206   7.5806E+07  1.2148E+06  3.4734E+05
0006207   7.5953E+07  3.7558E+06  2.1779E+06
0006208   7.5282E+07  3.3340E+05 -2.1327E+06
0006209   7.6187E+07 -2.5465E+05 -8.8728E+05
0006210   7.3150E+07 -1.5034E+06  6.5648E+05
0006211   7.4861E+07 -3.4737E+05 -2.0110E+06
0006212   7.4441E+07  2.8152E+04 -3.0964E+06
0006213   7.6846E+07 -1.1733E+06  5.2233E+04
0006214   7.4676E+07 -2.0941E+06  1.0690E+06
0006215   7.7720E+07 -9.9606E+05 -1.8351E+06
0006216   7.4066E+07  6.5567E+05 -3.9725E+05
0006217   7.6186E+07  1.1461E+06 -6.8053E+05
0006218   7.6108E+07  3.0120E+06  4.1883E+04
0006219   7.5219E+07  6.0200E+05 -2.2073E+05
0006220   7.4407E+07  1.5119E+06 -3.1190E+06
0006221   7.2819E+07  4.0558E+05  1.3034E+03
0006222   7.2337E+07 -5.4489E+05  2.6445E+06
0006223   7.6702E+07  2.9865E+05  3.7538E+06
0006224   7.6019E+07 -1.7349E+06  1.2923E+06
0006225   7.4414E+07  1.4670E+06 -7.8735E+05
0006226   7.5188E+07 -7.8281E+05  3.7178E+05
0006227   7.1349E+07  1.4028E+06 -9.3714E+03
0006228   7.4156E+07  2.3471E+06  1.2031E+05
0006229   7.5524E+07  4.7387E+06 -1.2388E+06
0006230   7.5666E+07 -1.4062E+06  1.4158E+06
0006231   7.4814E+07 -2.3960E+06  9.1491E+05
0006232   7.3165E+07 -2.8724E+06 -7.7999E+05
0006233   7.4368E+07  1.2288E+06  3.0068E+06
0006234   7.6084E+07 -2.0866E+06 -2.2382E+06
0006235   7.4995E+07 -3.0428E+05  2.7577E+06
0006236   7.4970E+07 -2.6487E+06  3.3440E+06
0006237   7.3384E+07  7.1687E+05  3.6047E+06
0006238   7.6130E+07 -1.2026E+05 -1.0519E+05
0006239   7.3986E+07  1.8058E+06 -1.2608E+06
0006240   6.7395E+07  4.0703E+05 -1.5419E+07
0006241   7.4739E+07 -4.0995E+04 -3.5569E+06
0006242   7.4296E+07 -1.5958E+06  2.5397E+06
0006243   7.6856E+07  2.0319E+06 -6.8358E+05
0006244   7.4487E+07 -7.7543E+05 -1.4830E+06
0006245   7.5145E+07  2.0550E+05  5.3508E+05
0006246   7.5732E+07 -3.1249E+06 -1.3879E+06
0006247   7.5122E+07  2.9916E+06 -1.4779E+06
0006248   7.3510E+07  5.1036E+05  3.1247E+06
0006249   7.5295E+07  4.7442E+05  9.4766E+04
0006250   7.4656E+07  1.3884E+05 -2.8922E+04
0006251   7.4048E+07  2.6079E+06 -2.5145E+05
0006252   7.4257E+07  1.5447E+06 -1.9769E+06
0006253   7.5176E+07 -1.1171E+06 -1.5589E+06
0006254   7.3684E+07  8.9690E+05  5.3179E+05
0006255   7.5848E+07 -4.4065E+05 -2.6869E+06
0006256   7.6268E+07 -1.3331E+06  1.8211E+06
0006257   7.2556E+07  3.3646E+06 -2.4354E+06
0006258   7.3683E+07 -1.8568E+06 -9.3090E+05
0006259   7.5030E+07 -5.9908E+05  1.9685E+04
0006260   7.5520E+07 -1.5945E+06 -2.6939E+06
0006261   7.6780E+07 -5.6324E+05 -3.6372E+06
0006262   7.5233E+07 -4.2415E+05  1.0096E+06
0006263   7.5392E+07 -1.3053E+06  7.3368E+05
0006264   7.4949E+07  4.6354E+05 -2.9333E+06
0006265   7.3556E+07 -6.4548E+05 -1.3819E+05
0006266   7.4304E+07 -6.2632E+04 -4.2784E+06
0006267   7.4874E+07 -5.7347E+05 -9.7867E+05
0006268   7.3492E+07  2.3049E+06  2.6818E+06
0006269   7.5094E+07 -8.5088E+05 -9.1872E+05
0006270   7.4067E+07  8.1006E+04 -1.0249E+06
0006271   7.4588E+07 -1.7088E+05 -1.2274E+06
0006272   7.6230E+07  1.9451E+05 -1.2392E+06
0006273   7.3854E+07  1.1828E+06  2.1207E+06
0006274   7.2490E+07  7.2791E+05  1.4511E+06
0006275   7.5657E+07 -1.0090E+06  1.3573E+06
0006276   7.6538E+07 -2.2463E+05  2.9174E+05
0006277   7.4773E+07  1.3858E+06 -2.1848E+06
0006278   7.5621E+07  2.2830E+06  8.3588E+05
0006279   7.5123E+07  6.6678E+05 -8.2993E+05
0006280   7.3981E+07  2.0031E+03  4.4888E+05
0006281   7.4879E+07 -2.4563E+06  3.9823E+06
0006282   7.4296E+07 -1.2486E+06 -9.2542E+05
0006283   7.2512E+07 -2.6976E+06  5.4722E+05
0006284   7.6723E+07 -5.4439E+05  4.1409E+05
0006285   7.4476E+07  3.5689E+05  1.8957E+06
0006286   7.5610E+07 -2.4414E+05  1.0331E+06
0006287   7.3530E+07  6.4801E+04  2.3203E+06
0006288   7.3813E+07  1.2802E+06 -4.2259E+04
0006289   7.3374E+07 -2.3745E+05 -3.3145E+06
0006290   7.3594E+07  9.5838E+05  2.8722E+05
0006291   7.6393E+07 -9.6071E+05 -3.9634E+05
0006292   7.6800E+07  7.4296E+05  1.4560E+06
0006293   7.5895E+07 -8.0586E+05 -2.7588E+06
0006294   7.4420E+07  2.7560E+05  1.5075E+06
0006295   7.2893E+07  7.0031E+05 -1.0377E+06
0006296   7.4494E+07  9.1634E+04 -2.6174E+06
0006297   7.4841E+07  1.1980E+06 -2.1562E+05
0006298   7.5236E+07 -1.3507E+06  1.6404E+06
0006299   7.5754E+07 -5.1021E+05 -6.6061E+05
0006300   7.4761E+07 -3.0691E+06  3.5592E+06
0006301   7.4771E+07  2.3967E+06  1.5079E+05
0006302   7.4254E+07 -1.2390E+06 -8.7314E+05
0006303   7.5751E+07  1.0397E+06 -1.0884E+06
0006304   7.3116E+07  6.0028E+05 -3.2484E+05
0006305   7.5313E+07  6.3192E+05  1.8699E+06
0006306   7.6936E+07 -3.1816E+06  2.3400E+06
0006307   7.7806E+07 -3.8522E+04 -8.0129E+05
0006308   7.3513E+07  3.6531E+05 -1.3347E+05
0006309   7.7465E+07 -3.1464E+05 -9.5304E+05
0006310   7.5095E+07  1.7672E+05 -9.9695E+05
0006311   7.5630E+07 -3.1196E+06  6.1137E+05
0006312   7.3471E+07  1.6723E+05 -1.6026E+06
0006313   7.5200E+07 -1.6994E+06  3.4320E+05
0006314   7.6460E+07 -2.0294E+06  2.8251E+05
0006315   7.4984E+07 -4.7747E+06  9.0844E+05
0006316   7.6648E+07  3.7747E+06  1.3124E+06
0006317   7.4039E+07  1.7593E+06  1.9413E+06
0006318   7.4450E+07  4.1080E+06  3.7243E+06
0006319   7.5699E+07  7.6952E+05 -1.4143E+06
0006320   7.3276E+07  2.3433E+06 -1.8611E+06
0006321   7.5634E+07  9.1599E+05  3.9824E+06
0006322   7.3306E+07  3.1370E+06  3.2088E+06
0006323   7.3840E+07 -3.0859E+06  1.2044E+06
0006324   7.4030E+07 -1.9491E+06 -3.3861E+05
0006325   7.5695E+07  1.5282E+06 -4.2812E+06
0006326   7.5175E+07  2.0046E+06 -3.7050E+05
0006327   7.5875E+07  2.3060E+06 -4.8459E+03
0006328   7.3046E+07 -8.2908E+05  3.0512E+06
0006329   7.3619E+07  1.7089E+06  2.2920E+06
0006330   7.5165E+07 -2.2389E+06  2.1258E+04
0006331   7.2040E+07 -2.4625E+06 -3.5167E+06
0006332   7.5027E+07  2.2599E+05 -3.4595E+06
0006333   7.7253E+07  2.1251E+06  1.3937E+06
0006334   7.4658E+07  2.3420E+06 -1.2859E+05
0006335   7.6325E+07 -1.5596E+06  8.8520E+05
0006336   7.3604E+07  1.1089E+06 -2.4205E+06
0006337   7.7616E+07 -1.9641E+06  2.3855E+03
0006338   7.4138E+07 -1.3970E+06 -1.1582E+05
0006339   7.4361E+07  2.7705E+06 -6.3996E+05
0006340   7.7539E+07 -1.1717E+06 -1.7197E+06
0006341   7.6599E+07 -2.8651E+06 -1.0777E+06
0006342   7.5949E+07  8.7532E+05  2.7287E+06
0006343   7.4974E+07 -6.1490E+05 -1.9463E+05
0006344   7.5194E+07 -1.2886E+06  2.4275E+06
0006345   7.6841E+07  1.3919E+06  1.6377E+06
0006346   7.3352E+07 -6.2949E+05  1.9514E+06
0006347   7.2212E+07 -1.7554E+06 -1.4823E+07
0006348   7.6693E+07 -4.7771E+05  1.5552E+06
0006349   7.4668E+07 -2.3946E+06 -2.5328E+06
0006350   7.4222E+07  1.8113E+06  1.8016E+06
0006351   7.5981E+07 -2.3792E+06  1.0805E+06
0006352   7.8309E+07 -1.1261E+06 -6.5256E+05
0006353   7.4530E+07  1.4296E+04 -3.3536E+06
0006354   7.7596E+07  1.1483E+06  2.7562E+06
0006355   7.5468E+07  4.0890E+06 -7.8429E+05
0006356   7.6209E+07  2.1901E+05  1.3188E+06
0006357   7.5502E+07  1.3281E+06 -3.6567E+06
0006358   7.5132E+07  1.9574E+06  1.8363E+06
0006359   7.6217E+07 -6.6830E+05 -2.9212E+06
0006360   7.6459E+07  9.6138E+05  1.0662E+06
0006361   7.5015E+07  1.9966E+05  1.5232E+05
0006362   7.3702E+07  4.0270E+06 -9.4003E+05
0006363   7.4954E+07 -2.5677E+06 -3.2901E+06
0006364   7.4774E+07 -2.9822E+06 -2.0774E+06
0006365   7.5216E+07  2.2758E+02  2.1117E+06
0006366   7.6948E+07 -2.9094E+05  1.3572E+06
0006367   7.4787E+07 -9.0113E+05  4.5486E+05
0006368   7.3679E+07 -3.0273E+05 -5.0167E+05
0006369   7.4176E+07 -3.0280E+06  1.6547E+06
0006370   7.5848E+07 -1.0761E+06  6.9706E+05
0006371   7.4659E+07  1.5311E+06 -2.5838E+05
0006372   7.5506E+07 -1.0473E+06 -1.2472E+06
0006373   7.7004E+07  5.6506E+05 -6.0884E+05
0006374   7.3911E+07  1.7046E+06 -1.5125E+06
0006375   7.7489E+07  1.3939E+06  2.9852E+06
0006376   7.5355E+07  8.1290E+06  5.3071E+05
0006377   7.3287E+07 -9.1233E+05  4.9270E+05
0006378   7.5757E+07 -2.5193E+06  1.5176E+06
0006379   7.5110E+07  3.2268E+06 -1.6157E+06
0006380   7.3607E+07  8.5514E+05  4.6971E+04
0006381   7.3713E+07  6.6152E+05 -1.1667E+06
0006382   7.3845E+07 -2.0951E+06  1.2448E+06
0006383   7.3784E+07  3.3557E+04 -8.0022E+05
0006384   7.5808E+07  2.2291E+06 -1.4293E+06
0006385   7.4980E+07 -1.2780E+05 -8.1923E+05
0006386   7.3568E+07  2.8497E+05 -1.8330E+06
0006387   7.5929E+07  2.6126E+06  1.0209E+06
0006388   7.3437E+07 -2.5721E+05 -1.8376E+06
0006389   7.4267E+07 -2.0578E+06  2.4136E+06
0006390   7.5172E+07 -2.9254E+06  5.5047E+03
0006391   7.2755E+07 -4.7593E+06 -2.3014E+06
0006392   7.3467E+07  2.1675E+05 -9.7173E+05
0006393   7.7086E+07  1.8241E+06 -3.3264E+05
0006394   7.3103E+07 -4.0604E+06  2.1383E+06
0006395   7.3385E+07 -2.5582E+06 -1.9846E+06
0006396   7.5633E+07 -3.9127E+04  8.0670E+05
0006397   7.5625E+07 -4.1775E+05 -1.1917E+06
0006398   7.6682E+07 -8.5513E+05 -1.0258E+06
0006399   7.8381E+07 -3.4404E+05 -1.1392E+06
0006400   7.4521E+07 -4.2562E+04  1.2784E+05
0006401   7.0833E+07  1.0281E+06  2.7896E+05
0006402   7.3465E+07 -1.3487E+06 -3.3153E+06
0006403   7.4133E+07 -8.0464E+05  1.3998E+06
0006404   7.6866E+07  8.7262E+03  1.6089E+06
0006405   7.3156E+07  8.7042E+05 -1.6125E+06
0006406   7.4821E+07  2.0362E+05  7.1754E+06
0006407   7.7193E+07 -1.0690E+06  1.9928E+05
0006408   7.6309E+07  8.2827E+04  1.5682E+06
0006409   7.7018E+07 -1.0836E+06 -1.6981E+06
0006410   7.6646E+07 -1.9725E+06 -1.0784E+06
0006411   7.4055E+07  1.6902E+06 -4.6402E+06
0006412   7.4014E+07 -7.7603E+05 -6.9172E+05
0006413   7.5844E+07  7.4448E+05 -1.7547E+06
0006414   7.5448E+07  2.1723E+06  3.2600E+04
0006415   7.4383E+07 -3.0609E+05  1.0395E+06
0006416   7.4280E+07 -5.1728E+05 -1.6247E+06
0006417   7.4638E+07  3.6663E+06 -5.7090E+05
0006418   7.4462E+07 -2.5693E+04 -3.6302E+06
0006419   7.4192E+07  6.5584E+06  3.3402E+06
0006420   7.3462E+07  1.8710E+06  2.4888E+06
0006421   7.3629E+07 -2.0567E+06  3.8561E+05
0006422   7.1957E+07  2.6599E+06 -3.5579E+05
0006423   7.5113E+07  2.9907E+06  1.3031E+06
0006424   7.4704E+07 -9.8857E+05  3.2333E+06
0006425   7.6780E+07  2.5504E+06 -1.3208E+06
0006426   7.1850E+07 -9.3556E+06  1.1394E+07
0006427   7.6415E+07 -2.9075E+05 -3.3828E+06
0006428   7.6245E+07 -1.2282E+06 -1.7327E+06
0006429   7.3660E+07  7.4463E+04  2.4180E+05
0006430   7.5200E+07  6.4283E+05  6.1155E+05
0006431   7.6944E+07  1.9076E+06 -6.2530E+05
0006432   7.3477E+07 -3.7975E+06 -1.7749E+06
0006433   7.4663E+07 -1.0403E+06 -1.2773E+06
0006434   7.4774E+07  2.1725E+05  3.7352E+06
0006435   7.3646E+07  3.6542E+04 -1.1896E+06
0006436   7.3511E+07 -1.3077E+06 -1.9530E+06
0006437   7.5974E+07  1.8945E+06  7.3848E+04
0006438   7.3100E+07 -1.0296E+06  4.7342E+05
0006439   7.6129E+07 -1.3907E+06  1.3760E+06
0006440   7.5363E+07 -1.0293E+06 -1.3949E+06
0006441   7.6524E+07  1.9461E+05  1.9352E+05
0006442   7.4987E+07  3.0752E+06 -8.9479E+05
0006443   7.5416E+07  8.9954E+05 -1.0881E+06
0006444   7.5995E+07 -1.9291E+06 -1.6342E+06
0006445   7.3290E+07 -2.7007E+06 -1.7051E+06
0006446   7.5259E+07  1.5877E+06 -1.8321E+06
0006447   7.5332E+07 -5.4876E+05 -1.0418E+06
0006448   7.5473E+07  1.5748E+06  7.6578E+05
0006449   7.4057E+07  1.5861E+06  1.5447E+06
0006450   7.5958E+07  1.0537E+06  9.3094E+05
0006451   7.5982E+07 -4.9386E+05  3.5679E+06
0006452   7.9459E+07 -3.6283E+06  5.8993E+06
0006453   7.3120E+07  2.8184E+06 -2.4520E+06
0006454   7.6122E+07  1.3841E+06  8.5976E+05
0006455   7.2588E+07  1.2154E+05 -1.0314E+06
0006456   7.4110E+07 -1.3088E+06 -4.8342E+06
0006457   7.5170E+07 -1.3014E+06  3.2955E+04
0006458   7.5368E+07 -4.1131E+05  1.3124E+06
0006459   7.5008E+07 -2.3047E+06  1.2489E+05
0006460   7.4613E+07  7.2625E+06 -3.7023E+06
0006461   7.7705E+07  2.4960E+05 -1.8103E+06
0006462   7.4383E+07  1.7327E+06 -1.8393E+06
0006463   7.6529E+07 -7.0758E+05  1.7026E+06
0006464   7.7851E+07  7.8749E+05 -3.6981E+06
0006465   7.5870E+07  2.0373E+06 -7.2909E+05
0006466   7.6016E+07  2.2359E+05 -1.2588E+06
0006467   7.4335E+07 -7.4372E+05  2.2721E+05
0006468   7.6052E+07 -8.6278E+05 -1.6185E+06
0006469   7.4292E+07 -3.4477E+06 -8.3651E+05
0006470   7.4259E+07  1.7091E+06 -4.3576E+06
0006471   7.7372E+07  2.1588E+06  4.2209E+05
0006472   7.4030E+07  9.2064E+05  5.3675E+04
0006473   7.5701E+07 -1.9654E+06 -5.5091E+05
0006474   7.4661E+07  3.3094E+05 -1.6214E+06
0006475   7.3941E+07  1.0293E+06  9.2384E+05
0006476   7.3938E+07 -1.3939E+06 -4.8272E+05
0006477   7.4240E+07 -7.4973E+05 -2.9236E+06
0006478   7.5618E+07  1.2676E+06  5.1885E+05
0006479   7.4417E+07  1.1288E+06 -1.4080E+05
0006480   7.5253E+07 -2.6131E+06  5.5325E+05
0006481   7.5116E+07  1.0753E+06  1.6511E+06
0006482   7.5086E+07  1.5884E+06 -1.0710E+06
0006483   7.4248E+07  1.5879E+06  8.8599E+05
0006484   7.3733E+07 -5.6341E+05  5.6709E+05
0006485   7.4960E+07  4.8087E+05  5.8858E+05
0006486   7.5548E+07  1.9999E+06 -1.2348E+06
0006487   7.7027E+07  7.1559E+05  6.0969E+05
0006488   7.4787E+07  2.9116E+05  2.4837E+06
0006489   7.5847E+07  2.6897E+05 -3.1224E+06
0006490   7.4691E+07 -1.4717E+06 -2.1346E+06
0006491   7.6953E+07 -3.0854E+05  3.7417E+05
0006492   7.5819E+07 -2.5888E+05  2.8917E+05
0006493   7.5597E+07 -5.1139E+05  8.2130E+05
0006494   7.7015E+07 -1.0504E+06  3.1743E+05
0006495   7.3438E+07 -3.7778E+05  1.2633E+06
0006496   7.5495E+07 -2.0561E+06 -1.5041E+05
0006497   7.6825E+07 -4.0110E+06 -1.9579E+06
0006498   7.6455E+07  5.7268E+04 -2.8198E+04
0006499   7.4806E+07 -1.0168E+06 -5.6916E+05
0006500   7.6798E+07 -1.7551E+06 -1.2592E+06
0006501   7.8334E+07 -2.6990E+05  1.0477E+05
0006502   7.5079E+07 -8.5733E+05  8.1495E+04
0006503   7.4195E+07 -1.7247E+06 -2.1030E+06
0006504   7.5123E+07 -1.2081E+06  1.1736E+05
0006505   7.6175E+07 -2.8546E+06 -1.2062E+06
0006506   7.4802E+07 -3.6447E+06  4.7464E+05
0006507   7.5546E+07 -4.2892E+06 -4.0086E+06
0006508   7.5065E+07  1.1344E+06 -2.7235E+06
0006509   7.5070E+07  1.5465E+06  1.8550E+06
0006510   7.5717E+07 -1.3598E+06 -2.7048E+05
0006511   7.3146E+07 -1.2714E+06  1.7921E+06
0006512   7.4557E+07  1.5148E+06  2.9624E+06
0006513   7.5616E+07  8.4734E+05 -1.2603E+06
0006514   7.5048E+07 -1.7031E+06 -7.8363E+05
0006515   7.4816E+07 -1.1799E+04 -5.2951E+06
0006516   7.4448E+07  1.8320E+06 -1.1922E+06
0006517   7.6712E+07  4.2260E+04  9.4620E+05
0006518   7.5187E+07 -3.3340E+05 -3.5841E+06
0006519   7.4860E+07 -3.4386E+06 -2.7708E+06
0006520   7.4317E+07 -1.8591E+06 -2.7538E+06
0006521   7.5848E+07  1.2816E+05 -1.7612E+06
0006522   7.5849E+07 -7.1497E+05 -5.5358E+05
0006523   7.4630E+07  2.9748E+05  8.6594E+05
0006524   7.2992E+07  3.2837E+06  4.7274E+06
0006525   7.5317E+07  1.6447E+06 -1.1458E+06
0006526   7.3663E+07  2.8290E+05 -3.2440E+06
0006527   7.5467E+07  2.9307E+06  1.8258E+05
0006528   7.5416E+07  1.1738E+06  4.0220E+06
0006529   7.6749E+07  7.9274E+05  3.6548E+05
0006530   7.4402E+07 -9.9413E+03 -1.4191E+06
0006531   7.5409E+07  6.1705E+05 -3.3145E+05
0006532   7.6532E+07 -3.5993E+05  1.4943E+06
0006533   7.7133E+07  2.8516E+06 -1.2515E+06
0006534   7.5302E+07 -3.4402E+05  1.2174E+06
0006535   7.5097E+07 -7.4696E+03 -1.2221E+06
0006536   7.3907E+07 -8.8663E+05 -7.5095E+05
0006537   7.7425E+07 -8.5829E+05 -7.6316E+05
0006538   7.3589E+07  1.8145E+05  8.8180E+05
0006539   7.5022E+07  3.8592E+06  1.9027E+06
0006540   7.4964E+07  5.2370E+05  9.0545E+03
0006541   7.4982E+07 -2.1810E+06 -4.7445E+06
0006542   7.4802E+07 -1.3156E+06 -6.8323E+05
0006543   7.2862E+07  2.6515E+06 -5.9196E+05
0006544   7.4851E+07  3.5323E+05 -2.8229E+06
0006545   7.6011E+07 -1.7018E+06 -2.7445E+06
0006546   7.5375E+07  1.4771E+05 -3.1161E+06
0006547   7.6644E+07 -2.7771E+06 -5.7686E+05
0006548   7.4100E+07  3.6756E+06 -9.5623E+04
0006549   7.4531E+07  1.9949E+06  1.5584E+06
0006550   7.6941E+07  2.2107E+05  8.1133E+05
0006551   7.6268E+07  3.6835E+06 -4.8488E+06
0006552   7.3225E+07 -1.8098E+05  2.5535E+06
0006553   7.3342E+07  4.2342E+06 -7.7345E+05
0006554   7.6424E+07  3.8843E+05  7.3616E+05
0006555   7.4653E+07  2.1494E+06 -1.1655E+04
0006556   7.4107E+07  4.4553E+05  2.1068E+06
0006557   7.4305E+07  2.1668E+06 -6.7873E+05
0006558   7.4508E+07 -1.2220E+06  1.1060E+06
0006559   7.7047E+07  1.6961E+06 -1.7352E+06
0006560   7.1555E+07 -1.3823E+06  4.2293E+05
0006561   7.3583E+07  1.1370E+06 -1.7117E+06
0006562   7.6452E+07  4.3852E+04  7.3554E+05
0006563   7.4366E+07  8.1827E+05  1.9733E+05
0006564   7.3075E+07  1.4788E+05  4.5065E+05
0006565   7.6046E+07 -7.5059E+05 -1.2289E+06
0006566   7.6061E+07  2.1163E+06  2.3553E+06
0006567   7.3011E+07  5.6481E+05  1.3685E+06
0006568   7.4432E+07 -2.0868E+04  3.3563E+06
0006569   7.5414E+07  2.3714E+06 -2.2263E+06
0006570   7.3845E+07 -4.4174E+06 -1.4152E+06
0006571   7.5113E+07 -8.3979E+05 -3.2575E+06
0006572   7.4906E+07  6.0416E+06 -6.6267E+06
0006573   7.6139E+07  2.3744E+06 -1.3162E+06
0006574   7.5581E+07  3.1568E+06  1.7044E+06
0006575   7.4237E+07 -1.4949E+06  2.3492E+06
0006576   7.5135E+07 -2.1040E+06  6.1252E+05
0006577   7.6082E+07 -1.0464E+06 -4.4709E+05
0006578   7.5894E+07  1.9236E+05  4.0989E+05
0006579   7.5476E+07 -9.2333E+05  5.0901E+05
0006580   7.7406E+07 -5.4401E+05 -2.2106E+06
0006581   7.4060E+07  3.8576E+05  1.4242E+05
0006582   7.3699E+07  2.1476E+06  2.3981E+05
0006583   7.3071E+07 -9.2837E+05 -7.3826E+05
0006584   7.4499E+07  1.0273E+06  3.3098E+06
0006585   7.2363E+07 -3.8065E+06  2.0283E+06
0006586   7.3974E+07  2.1144E+06 -1.4756E+06
0006587   7.5394E+07 -1.6690E+06 -3.8509E+06
0006588   7.4995E+07  1.6898E+06 -9.0363E+05
0006589   7.2846E+07 -1.6274E+06 -1.2999E+06
0006590   7.4532E+07 -1.9844E+06  1.7063E+06
0006591   7.4231E+07 -1.4342E+06  1.2527E+06
0006592   7.3082E+07 -1.2008E+06  8.8011E+05
0006593   7.4644E+07  4.0072E+06  2.1099E+06
0006594   7.4349E+07  7.3427E+05  2.6331E+06
0006595   7.3788E+07 -3.6738E+06 -6.0441E+05
0006596   7.4818E+07  1.6707E+05  1.6980E+06
0006597   7.0673E+07  1.0326E+07 -3.1099E+06
0006598   7.5291E+07 -8.8584E+05 -3.6848E+05
0006599   7.5474E+07  5.7198E+06  2.7710E+06
0006600   7.4486E+07 -4.2120E+05  7.2539E+05
0006601   7.4769E+07 -9.6781E+05  2.8414E+05
0006602   7.4366E+07 -4.5915E+06  2.2670E+06
0006603   7.4572E+07 -2.6278E+06  8.7980E+05
0006604   7.5782E+07 -2.2965E+06 -3.3033E+04
0006605   7.5120E+07 -3.1744E+06 -3.8057E+05
0006606   7.7107E+07 -5.6184E+05 -2.1905E+06
0006607   7.6286E+07 -3.9904E+06  8.0041E+05
0006608   7.6369E+07  9.3633E+05 -2.5997E+06
0006609   7.6073E+07 -2.5197E+05 -1.1173E+06
0006610   7.6123E+07 -2.4613E+06 -1.2512E+06
0006611   7.3637E+07 -1.5889E+06 -1.5708E+06
0006612   7.5031E+07 -1.5579E+05  8.1305E+05
0006613   7.6726E+07 -4.9499E+05 -3.7307E+06
0006614   7.6982E+07  4.1545E+05 -2.6787E+06
0006615   7.6318E+07 -3.2677E+06  2.3436E+06
0006616   7.7174E+07 -1.3467E+06 -1.8348E+05
0006617   7.6542E+07  7.6092E+05 -1.6163E+06
0006618   7.7257E+07 -1.3590E+06 -1.5197E+06
0006619   7.2850E+07  1.2098E+06  6.4796E+05
0006620   7.5287E+07  6.1778E+06  1.1337E+06
0006621   7.6032E+07  3.0646E+05 -4.4819E+05
0006622   7.6339E+07 -4.4544E+05  2.9540E+05
0006623   7.5379E+07 -3.2893E+06  2.8331E+06
0006624   7.4780E+07  1.9947E+06  1.1196E+06
0006625   7.5082E+07 -5.2548E+05  6.2473E+06
0006626   7.5495E+07  6.0339E+04  1.1368E+06
0006627   7.3298E+07 -1.2068E+06 -3.2434E+05
0006628   7.6877E+07 -2.7369E+06  8.2624E+05
0006629   7.4371E+07  7.4249E+03  1.1933E+06
0006630   7.6220E+07  2.5394E+05 -2.2155E+06
0006631   7.3938E+07  3.3514E+06 -1.3555E+06
0006632   7.4169E+07 -4.2520E+05  9.0560E+04
0006633   7.5331E+07 -1.0405E+06 -2.0405E+06
0006634   7.5736E+07 -7.9297E+05 -5.9500E+05
0006635   7.4698E+07 -6.0331E+05  1.6368E+06
0006636   7.3075E+07 -4.2335E+05  3.4305E+06
0006637   7.3593E+07 -2.2532E+06  1.2237E+05
0006638   7.3085E+07  4.2273E+03 -2.2052E+06
0006639   7.2001E+07  7.3633E+05  2.4116E+06
0006640   7.6577E+07 -1.9208E+06 -4.4547E+05
0006641   7.6101E+07 -2.6531E+06  1.4787E+06
0006642   7.3934E+07 -7.0217E+05  2.3340E+06
0006643   7.3050E+07  1.2160E+06 -5.7643E+05
0006644   7.5333E+07  9.8287E+05 -1.7418E+06
0006645   7.5355E+07  1.3141E+06  4.8635E+05
0006646   7.5141E+07 -1.3506E+06  7.4410E+05
0006647   7.5896E+07  2.0155E+05 -4.4670E+05
0006648   7.5356E+07  6.8769E+04 -2.4190E+06
0006649   7.6624E+07  1.7443E+05  6.9819E+05
0006650   7.4555E+07  3.9697E+06  8.1145E+06
0006651   7.3428E+07  1.2890E+06  1.8354E+06
0006652   7.4302E+07  9.0061E+05 -2.1042E+06
0006653   7.3298E+07  2.4644E+06  2.3195E+06
0006654   7.3423E+07  1.9482E+06  2.0184E+06
0006655   7.3502E+07  5.5170E+05  9.0076E+05
0006656   7.2763E+07 -8.9502E+06 -3.6955E+06
0006657   7.5356E+07  4.3565E+04  3.5865E+05
0006658   7.3720E+07 -1.1089E+06  2.6148E+06
0006659   7.6523E+07  8.1038E+05 -3.5840E+05
0006660   7.4599E+07 -1.8781E+05  1.2519E+06
0006661   7.5468E+07 -1.1606E+06  1.0548E+06
0006662   7.3189E+07 -9.6707E+05 -1.8699E+06
0006663   7.7174E+07 -2.0445E+06 -2.5549E+06
0006664   7.7808E+07  1.0825E+06  3.9326E+06
0006665   7.6165E+07  3.9401E+06 -1.3571E+06
0006666   7.4502E+07 -1.5395E+06 -5.7858E+05
0006667   7.5415E+07 -1.0114E+06  4.1582E+06
0006668   7.5681E+07  2.1510E+06  1.2048E+06
0006669   7.7265E+07 -3.0176E+06 -2.1792E+06
0006670   7.5244E+07  1.3073E+05  6.7830E+05
0006671   7.4569E+07  1.1470E+06 -4.3117E+05
0006672   7.4732E+07  3.9511E+06  5.9402E+05
0006673   7.5313E+07 -2.8594E+06 -2.6184E+06
0006674   7.3132E+07  1.9827E+06 -8.6588E+05
0006675   7.5349E+07  4.5565E+06 -1.8710E+06
0006676   7.6828E+07 -1.5728E+06  1.0172E+06
0006677   7.6547E+07  4.8312E+05  6.6302E+05
0006678   7.4647E+07  6.5144E+05  1.2707E+06
0006679   7.5006E+07  1.0969E+05 -2.8963E+05
0006680   7.2882E+07  1.6995E+05  2.0610E+06
0006681   7.4951E+07  7.0192E+06 -1.5713E+06
0006682   7.4976E+07  4.8242E+05  1.4154E+06
0006683   7.5132E+07 -7.1326E+04 -3.5403E+06
0006684   7.5036E+07 -1.1863E+06  3.8694E+06
0006685   7.5857E+07 -1.9305E+05 -2.6921E+06
0006686   7.4577E+07 -9.5260E+05 -6.3748E+06
0006687   7.3913E+07  3.0122E+06 -1.7827E+06
0006688   7.7678E+07 -1.2184E+06 -7.6505E+05
0006689   7.4750E+07  4.5472E+04 -9.5262E+05
0006690   7.3735E+07 -5.3433E+05  1.7807E+06
0006691   7.5518E+07 -2.4238E+06 -3.5301E+06
0006692   7.3763E+07 -1.9421E+06 -2.3340E+06
0006693   7.5929E+07  1.2494E+06 -1.3889E+06
0006694   7.6378E+07  1.2069E+06 -8.7138E+05
0006695   7.5582E+07 -2.1096E+06 -2.6937E+06
0006696   7.5101E+07  8.8704E+05 -1.1338E+06
0006697   7.5408E+07 -2.0061E+06  2.2672E+05
0006698   7.4542E+07 -2.8612E+06 -1.8736E+06
0006699   7.6895E+07  2.1500E+06 -3.8164E+06
0006700   7.4956E+07 -3.4626E+06 -8.8186E+05
0006701   7.4773E+07  6.6883E+05  3.7024E+05
0006702   7.5729E+07 -1.3423E+06  3.0186E+06
0006703   7.5208E+07  1.3930E+06  1.5076E+06
0006704   7.7422E+07 -1.3936E+06  1.7866E+06
0006705   7.2509E+07 -2.8746E+06  5.1284E+04
0006706   7.4222E+07  3.3504E+04 -1.8323E+06
0006707   7.5925E+07  1.4356E+06 -1.3464E+06
0006708   7.7270E+07 -1.6172E+06  2.8381E+06
0006709   7.5188E+07  2.8517E+05  4.0656E+06
0006710   7.4009E+07  3.5598E+05  1.1706E+05
0006711   7.4304E+07 -2.1533E+05 -4.7825E+05
0006712   7.3365E+07  1.9997E+06 -1.7670E+06
0006713   7.6764E+07 -6.0887E+05 -1.4393E+06
0006714   7.4963E+07 -9.8546E+05 -1.7261E+06
0006715   7.7184E+07 -7.3560E+05  1.4801E+06
0006716   7.4414E+07 -1.1577E+06  6.8704E+05
0006717   7.5836E+07  2.3529E+06 -1.1504E+06
0006718   7.3439E+07  3.1400E+05 -4.7273E+05
0006719   7.3127E+07 -3.9448E+04  1.1994E+06
0006720   7.5164E+07 -1.6872E+06 -2.7799E+05
0006721   7.4081E+07 -1.4886E+06 -1.2686E+06
0006722   7.6705E+07  2.3088E+06  8.1965E+05
0006723   7.5484E+07 -1.1372E+06  1.7592E+05
0006724   7.5620E+07 -1.7930E+06  6.1211E+06
0006725   7.3682E+07 -8.5066E+05 -4.0286E+06
0006726   7.4877E+07 -2.1157E+06 -2.0724E+05
0006727   7.4384E+07 -6.3384E+05  9.0172E+05
0006728   7.7458E+07  1.6513E+06 -1.4118E+05
0006729   7.5497E+07  1.1374E+06  1.4772E+06
0006730   7.5748E+07 -7.1530E+05  7.0777E+05
0006731   7.3264E+07  1.3744E+06 -1.6314E+06
0006732   7.6904E+07 -6.4179E+05 -1.6734E+06
0006733   7.1896E+07 -5.8875E+06  2.3797E+06
0006734   7.3533E+07  2.6660E+05 -3.0150E+05
0006735   7.5867E+07  5.2351E+06  1.1117E+06
0006736   7.3635E+07 -6.2253E+05 -1.1190E+06
0006737   7.3608E+07  2.5357E+06 -1.4916E+06
0006738   7.4266E+07  1.5377E+05 -2.6415E+05
0006739   7.5177E+07  2.0421E+06  1.7633E+06
0006740   7.3926E+07  1.4462E+06 -7.0019E+05
0006741   7.3299E+07 -3.1620E+06  1.8976E+06
0006742   7.5061E+07 -9.9750E+05 -3.1691E+05
0006743   7.3079E+07 -7.7462E+05 -5.6523E+05
0006744   7.4416E+07  2.4242E+06 -1.2346E+06
0006745   7.5472E+07  5.0320E+05 -1.1508E+06
0006746   7.4996E+07 -2.0386E+06 -2.7542E+05
0006747   7.4204E+07 -1.0028E+06  4.4408E+06
0006748   7.3021E+07 -2.7133E+06 -9.6975E+05
0006749   7.5540E+07  3.1266E+06 -2.2571E+06
0006750   7.4911E+07 -4.2434E+06 -8.4700E+06
0006751   7.3036E+07  1.9377E+05  8.4883E+05
0006752   7.4371E+07  2.9304E+05  6.8590E+05
0006753   7.5284E+07  1.3472E+04  2.2243E+06
0006754   7.3419E+07 -1.0221E+06  2.2285E+06
0006755   7.5080E+07 -2.8607E+05  1.5720E+06
0006756   7.4105E+07  6.2276E+05  7.0842E+05
0006757   7.6409E+07  1.0185E+06 -9.1141E+05
0006758   7.4895E+07  9.7876E+05 -1.1557E+06
0006759   7.6988E+07 -3.8968E+05 -1.2330E+05
0006760   7.7918E+07  1.1721E+06 -1.1556E+06
0006761   7.6397E+07  3.9149E+05  4.2885E+05
0006762   7.2136E+07 -2.2875E+05  3.2559E+05
0006763   7.4380E+07 -1.6352E+05  9.5011E+05
0006764   7.6032E+07 -1.1035E+06 -8.7793E+04
0006765   7.5473E+07  1.5056E+06 -1.6043E+04
0006766   7.5674E+07 -8.8434E+04 -9.7932E+05
0006767   7.4399E+07  3.7039E+03 -1.5317E+06
0006768   7.5202E+07 -6.8350E+05  4.5371E+05
0006769   7.5014E+07 -8.2011E+05  2.6725E+06
0006770   7.5477E+07 -4.8505E+05  5.3983E+05
0006771   7.6501E+07  8.5387E+05 -3.0175E+06
0006772   7.3971E+07  2.5179E+06 -1.5233E+05
0006773   7.3994E+07 -2.2394E+06 -6.9999E+05
0006774   7.4539E+07  1.3782E+06  3.6904E+05
0006775   7.4972E+07 -9.2957E+05 -2.7072E+06
0006776   7.5220E+07  8.0302E+05 -2.6065E+06
0006777   7.5578E+07 -2.5807E+06 -2.8487E+05
0006778   7.4425E+07 -3.3431E+06  1.5083E+05
0006779   7.7121E+07  7.0044E+05  1.1621E+06
0006780   7.4836E+07  1.5357E+06  1.0567E+06
0006781   7.6143E+07 -7.4559E+05  1.2818E+06
0006782   7.6874E+07 -7.2546E+05  6.2825E+05
0006783   7.2529E+07 -2.7692E+06  2.2496E+05
0006784   7.5377E+07  6.3154E+05 -1.4439E+06
0006785   7.1929E+07  3.0749E+06 -4.4373E+05
0006786   7.6189E+07  2.0631E+06  2.0356E+06
0006787   7.6243E+07 -9.5748E+05  1.2148E+06
0006788   7.4541E+07  1.0141E+06  1.3495E+05
0006789   7.5242E+07  2.4829E+06 -7.2431E+05
0006790   7.4849E+07 -3.1601E+05  2.4017E+06
0006791   7.6215E+07 -1.1140E+06 -8.9554E+05
0006792   7.2977E+07  1.3148E+06  2.5294E+06
0006793   7.5510E+07  9.8294E+05  1.1639E+06
0006794   7.3712E+07  1.5688E+06 -1.6759E+06
0006795   7.6486E+07  9.5686E+05  7.0077E+05
0006796   7.4700E+07 -6.4422E+05  1.6403E+06
0006797   7.6145E+07 -3.1463E+06 -3.5422E+06
0006798   7.5537E+07  6.0843E+05 -1.5984E+05
0006799   7.5649E+07  1.0519E+06  4.2836E+05
0006800   7.4172E+07  9.1581E+05 -2.0011E+05
0006801   7.2484E+07  8.7297E+04 -1.8634E+06
0006802   7.6559E+07 -2.7947E+06  2.0394E+06
0006803   7.3585E+07 -7.3014E+05 -3.0179E+06
0006804   7.4570E+07  1.2091E+06 -4.4250E+05
0006805   7.7177E+07  4.8085E+05 -1.2133E+06
0006806   7.4110E+07  2.7118E+05 -2.9548E+06
0006807   7.6026E+07  1.9372E+06 -3.7443E+06
0006808   7.5803E+07 -1.8899E+06 -3.5241E+04
0006809   7.3572E+07  2.7772E+04 -8.4951E+06
0006810   7.4965E+07  1.0917E+05 -3.1122E+05
0006811   7.3508E+07  1.3160E+06 -2.8493E+05
0006812   7.4099E+07  1.0749E+06 -1.5573E+06
0006813   7.5730E+07  3.2785E+05  1.2022E+05
0006814   7.4408E+07 -3.7553E+05  6.8077E+05
0006815   7.5051E+07  1.5354E+06 -1.1147E+06
0006816   7.4125E+07 -2.1120E+05 -1.7198E+06
0006817   7.7756E+07 -8.4450E+05 -3.2004E+06
0006818   7.5719E+07  2.8159E+06 -3.3231E+05
0006819   7.5200E+07  3.2456E+05  4.3309E+05
0006820   7.5724E+07  2.6929E+06 -1.1278E+06
0006821   7.7139E+07  2.9340E+05 -1.9551E+06
0006822   7.4092E+07 -1.1429E+06  3.3279E+05
0006823   7.3362E+07 -2.5791E+06 -3.9790E+05
0006824   7.5226E+07  1.3358E+06 -7.2063E+05
0006825   7.4312E+07  2.2441E+06  9.2589E+05
0006826   7.7224E+07 -7.4778E+05  4.5389E+05
0006827   7.3805E+07 -1.4954E+06 -2.8073E+06
0006828   7.5072E+07  1.7365E+06 -1.5578E+06
0006829   7.4961E+07  3.8387E+05 -2.0177E+06
0006830   7.7158E+07  3.4152E+06 -8.4599E+05
0006831   7.6297E+07  1.5874E+06 -1.4094E+06
0006832   7.6105E+07 -1.6832E+06 -2.0617E+06
0006833   7.3496E+07  1.5751E+06  8.1537E+05
0006834   7.5193E+07 -4.5124E+05 -9.1724E+05
0006835   7.5027E+07 -1.3252E+05 -2.2528E+06
0006836   7.5645E+07 -9.2071E+05 -1.9419E+06
0006837   7.6441E+07 -2.2002E+06  1.1014E+06
0006838   7.6401E+07  1.2948E+06 -4.8410E+06
0006839   7.4222E+07  5.9809E+06 -5.3403E+05
0006840   7.5990E+07  4.3831E+06  7.4973E+05
0006841   7.4501E+07  1.7889E+04  4.2312E+06
0006842   7.5073E+07 -2.8106E+05  1.3983E+05
0006843   7.6006E+07 -2.3424E+06 -4.7716E+05
0006844   7.9127E+07 -2.7345E+06  9.8131E+05
0006845   7.5431E+07  2.5134E+06 -3.4408E+06
0006846   7.7192E+07 -1.0229E+06  1.3910E+06
0006847   7.5159E+07  2.3065E+06 -1.4039E+06
0006848   7.3033E+07 -1.6793E+06 -2.4164E+06
0006849   7.6004E+07  7.3643E+05  1.1686E+05
0006850   7.4847E+07 -2.2676E+06 -4.9612E+05
0006851   7.5006E+07 -4.2636E+06  7.9551E+05
0006852   7.4290E+07  1.5891E+06 -1.1300E+06
0006853   7.3560E+07 -1.8007E+06  1.1281E+06
0006854   7.5294E+07 -5.7281E+04 -9.3444E+05
0006855   7.5373E+07  4.7931E+05 -1.6913E+06
0006856   7.5763E+07  1.0849E+06 -1.0912E+06
0006857   7.5882E+07 -1.6433E+06  2.5761E+06
0006858   7.3190E+07 -7.0367E+05  9.5166E+05
0006859   7.3564E+07  9.6490E+05  6.8449E+05
0006860   7.5638E+07  1.3443E+06 -1.0039E+06
0006861   7.3341E+07  1.7851E+06 -6.6895E+05
0006862   7.5145E+07 -1.2584E+06 -8.1801E+05
0006863   7.3897E+07  2.3242E+05  1.7067E+05
0006864   7.7840E+07 -1.2521E+06  1.4205E+06
0006865   7.3709E+07 -1.5115E+06  9.9524E+05
0006866   7.5593E+07 -1.1395E+06 -6.1172E+05
0006867   7.6605E+07 -1.1219E+06  2.1313E+06
0006868   7.6682E+07  1.6895E+06 -6.6415E+05
0006869   7.5409E+07  4.0825E+05 -2.4671E+06
0006870   7.5897E+07 -6.3760E+05  3.7948E+06
0006871   7.5843E+07  1.9066E+05 -2.9137E+06
0006872   7.6722E+07 -7.5291E+05 -1.4444E+06
0006873   7.4435E+07  8.1115E+06  3.2002E+06
0006874   7.4467E+07 -5.0479E+05 -1.6655E+06
0006875   7.8366E+07  5.9077E+04 -1.2345E+06
0006876   7.5688E+07  7.4319E+05  1.3159E+06
0006877   7.4111E+07  9.3551E+04 -1.2003E+06
0006878   7.4971E+07 -7.2238E+05 -4.9619E+05
0006879   7.4466E+07  1.6274E+06  7.0979E+04
0006880   7.3209E+07  9.1989E+05 -8.4538E+05
0006881   7.3878E+07  8.7795E+05 -1.4805E+06
0006882   7.2390E+07 -3.1814E+03 -2.5022E+06
0006883   7.4937E+07  3.0080E+06 -1.5504E+04
0006884   7.4987E+07  2.2146E+06 -5.5434E+05
0006885   7.7101E+07  6.5989E+05 -7.9898E+05
0006886   7.5411E+07  9.8910E+05 -1.9144E+05
0006887   7.4417E+07  4.6256E+05 -1.2245E+06
0006888   7.6690E+07 -1.6123E+06 -4.1906E+06
0006889   7.4497E+07  4.0886E+06  3.3570E+06
0006890   7.2787E+07 -3.3745E+06 -3.1459E+06
0006891   7.6098E+07  5.5584E+05 -3.7907E+05
0006892   7.5626E+07 -2.2711E+06 -9.8292E+05
0006893   7.6496E+07 -9.3303E+05  2.4103E+06
0006894   7.5125E+07  9.1541E+05  1.0540E+06
0006895   7.3183E+07  7.2357E+05  1.9589E+06
0006896   7.5024E+07 -9.7591E+05 -1.4216E+06
0006897   7.6960E+07  3.0201E+06 -1.2038E+06
0006898   7.5519E+07  3.4200E+05  1.2754E+06
0006899   7.5691E+07  1.8600E+06 -1.7380E+06
0006900   7.6443E+07 -2.0366E+06 -3.4626E+06
0006901   7.3873E+07  1.7272E+06 -2.2378E+06
0006902   7.4667E+07  7.0621E+05 -2.1140E+06
0006903   7.4718E+07  1.2323E+06  9.4336E+05
0006904   7.3962E+07  1.3305E+06 -2.6810E+06
0006905   7.6867E+07 -1.5029E+06 -3.7182E+06
0006906   7.4121E+07 -2.0439E+06  1.4350E+05
0006907   7.5119E+07  4.8925E+05 -1.9922E+06
0006908   7.6187E+07 -4.1090E+05  1.5096E+06
0006909   7.3385E+07 -9.6051E+05 -9.6327E+05
0006910   7.3501E+07  3.0455E+05  1.6943E+06
0006911   7.4909E+07 -2.2686E+06 -1.5326E+06
0006912   7.5560E+07  6.7959E+05 -2.2497E+06
0006913   7.7693E+07 -5.4491E+05  1.0900E+06
0006914   7.5018E+07  1.0188E+06  1.3006E+06
0006915   7.5967E+07  1.8875E+06  8.4866E+05
0006916   7.4373E+07 -4.8313E+05  1.7158E+06
0006917   7.4638E+07 -1.4301E+06  1.5088E+05
0006918   7.3799E+07 -3.4981E+05 -1.4696E+06
0006919   7.6724E+07 -2.9219E+06 -1.7638E+06
0006920   7.3679E+07  6.1430E+05  7.3725E+05
0006921   7.5328E+07  1.3137E+05 -3.2615E+06
0006922   7.4797E+07 -3.8040E+06 -3.9538E+05
0006923   7.4040E+07 -2.8166E+06 -2.5864E+06
0006924   7.4880E+07  4.4817E+05 -4.6690E+05
0006925   7.5259E+07  1.1941E+06 -3.2058E+05
0006926   7.8354E+07 -1.0604E+06  7.4948E+05
0006927   7.6071E+07  2.6705E+05  6.3675E+05
0006928   7.5133E+07  2.4900E+06 -3.2795E+06
0006929   7.4317E+07  3.6459E+06 -2.2803E+06
0006930   7.3044E+07  3.8434E+06 -3.8989E+05
0006931   7.2772E+07  9.6445E+05 -3.8896E+05
0006932   7.5038E+07 -1.8579E+06 -1.5925E+06
0006933   7.5251E+07 -1.1344E+06 -1.0405E+06
0006934   7.5613E+07 -5.3902E+05  2.0386E+06
0006935   7.6165E+07  5.2956E+05  2.7513E+05
0006936   7.5622E+07  1.0084E+06  3.5777E+06
0006937   7.5991E+07 -5.9701E+04  4.8830E+05
0006938   7.4066E+07  1.8417E+06  2.6058E+06
0006939   7.5312E+07 -9.9708E+05 -4.5254E+06
0006940   7.4463E+07  3.0470E+06 -5.4436E+06
0006941   7.5510E+07 -1.1022E+06 -1.7169E+06
0006942   7.6084E+07 -1.8308E+06  2.2438E+06
0006943   7.4116E+07 -7.0183E+05  1.1167E+06
0006944   7.4722E+07 -5.1584E+06 -9.4935E+05
0006945   7.5022E+07 -3.1831E+06  1.8049E+05
0006946   7.5357E+07  3.1622E+06 -3.7930E+06
0006947   7.4906E+07  2.7700E+06 -5.7854E+05
0006948   7.4464E+07  1.0300E+06  1.5150E+06
0006949   7.4867E+07  3.6916E+05 -8.3617E+03
0006950   7.4883E+07  3.0288E+06  2.4710E+06
0006951   7.4883E+07  2.9990E+06  3.1140E+05
0006952   7.5532E+07  1.3180E+06  1.5156E+06
0006953   7.4884E+07  1.7080E+05 -1.7026E+06
0006954   7.6385E+07 -3.4610E+06  2.2526E+06
0006955   7.5561E+07  1.4205E+06  2.0434E+06
0006956   7.4644E+07  2.3784E+06 -5.6631E+05
0006957   7.6282E+07  1.0852E+06 -2.8605E+06
0006958   7.3660E+07  1.2271E+06  1.3436E+06
0006959   7.4445E+07  4.3260E+05  1.1561E+06
0006960   7.5261E+07 -1.0736E+06 -1.2361E+06
0006961   7.4261E+07  4.2004E+06  2.8001E+05
0006962   7.3920E+07 -1.5821E+06 -1.1079E+06
0006963   7.5537E+07  2.4648E+05  1.0404E+06
0006964   7.6875E+07  3.6807E+05 -1.7575E+06
0006965   7.5817E+07  2.2273E+06 -6.0655E+04
0006966   7.3149E+07 -1.1194E+06  2.3900E+04
0006967   7.3282E+07 -1.0881E+06 -3.5775E+06
0006968   7.6149E+07  1.2517E+06  1.8644E+06
0006969   7.4823E+07  1.2094E+06 -4.0006E+06
0006970   7.4418E+07 -1.4017E+06  9.2785E+05
0006971   7.5416E+07  1.7109E+06 -1.5315E+06
0006972   7.5310E+07 -3.1660E+06  2.0666E+06
0006973   7.4180E+07  1.0124E+06 -2.6813E+06
0006974   7.6590E+07 -1.9951E+05 -1.7635E+06
0006975   7.5812E+07  6.8174E+05 -1.4648E+06
0006976   7.5175E+07 -1.4926E+06 -1.2164E+06
0006977   7.4464E+07 -6.8085E+05  2.6988E+06
0006978   7.5310E+07  5.1574E+05  5.0948E+06
0006979   7.4896E+07  6.7032E+05 -1.7588E+06
0006980   7.5801E+07  3.3086E+06  3.0336E+06
0006981   7.4897E+07 -1.3344E+04  7.8226E+05
0006982   7.5436E+07 -4.7346E+05  2.8652E+05
0006983   7.4825E+07 -7.7252E+05  7.9618E+05
0006984   7.5193E+07 -2.9640E+06  3.0412E+06
0006985   7.5018E+07  2.6217E+06 -2.9176E+06
0006986   7.3647E+07 -7.0918E+06  1.9529E+06
0006987   7.4424E+07  7.4206E+03 -2.7225E+05
0006988   7.6719E+07  2.4107E+06  2.5677E+06
0006989   7.4941E+07 -2.3720E+06 -2.9564E+06
0006990   7.4230E+07 -1.8247E+06 -1.6010E+05
0006991   7.5146E+07 -4.7706E+06 -2.1304E+06
0006992   7.4806E+07 -9.2387E+05  2.8755E+05
0006993   7.3202E+07  6.2978E+05  6.4774E+04
0006994   7.6425E+07 -1.0314E+04 -9.3614E+05
0006995   7.5064E+07 -3.9922E+05 -2.4315E+06
0006996   7.4210E+07 -1.1019E+06 -2.6113E+06
0006997   7.6482E+07 -3.7578E+06  1.3006E+05
0006998   7.4197E+07 -2.0563E+06  7.7912E+05
0006999   7.2990E+07 -2.6275E+06  1.0376E+06
0007000   7.3119E+07 -1.1361E+06 -2.3754E+06
0007001   7.4812E+07  2.0459E+06 -2.8452E+06
0007002   7.6869E+07 -3.5110E+06 -2.3317E+06
0007003   7.3537E+07  1.7059E+06  1.3578E+06
0007004   7.6325E+07 -1.9890E+06  4.9713E+05
0007005   7.6694E+07 -3.1882E+05 -1.2828E+06
0007006   7.3983E+07  2.9689E+05 -1.0453E+06
0007007   7.6018E+07  7.7337E+05 -1.2221E+06
0007008   7.5377E+07 -1.1210E+06 -1.1982E+06
0007009   7.3375E+07 -3.0017E+06  1.8362E+06
0007010   7.5254E+07  3.1572E+05 -1.0906E+06
0007011   7.5521E+07 -7.6952E+05  2.3671E+06
0007012   7.4436E+07 -7.9556E+05  3.5078E+05
0007013   7.6346E+07 -2.5080E+05 -2.2792E+06
0007014   7.5682E+07  1.2168E+06 -1.2244E+06
0007015   7.5559E+07 -4.4820E+05 -1.6462E+06
0007016   7.4350E+07  1.1510E+06 -4.6451E+06
0007017   7.3674E+07  5.3326E+05  2.1180E+05
0007018   7.4158E+07 -1.6046E+06  6.0928E+05
0007019   7.4920E+07 -1.5995E+06  3.4763E+06
0007020   7.6094E+07 -1.1592E+06  1.0602E+06
0007021   7.4469E+07  1.1434E+06  3.6605E+05
0007022   7.4493E+07  3.4922E+06 -2.5767E+06
0007023   7.4897E+07 -5.7335E+05 -5.3549E+05
0007024   7.6420E+07 -6.1893E+05 -1.6245E+06
0007025   7.4241E+07 -4.4953E+06  8.9610E+05
0007026   7.4633E+07  1.6482E+06 -1.8091E+06
0007027   7.6983E+07 -2.6808E+06  1.1271E+06
0007028   7.4805E+07 -3.7439E+05 -5.0096E+05
0007029   7.5567E+07  2.4426E+05  1.9329E+06
0007030   7.4903E+07 -1.0787E+05 -3.8022E+05
0007031   7.5845E+07  1.4857E+06 -2.7752E+04
0007032   7.4932E+07  3.5588E+05 -7.0037E+05
0007033   7.3013E+07 -7.5251E+05  3.9548E+05
0007034   7.5212E+07 -2.3281E+06  1.7998E+06
0007035   7.5349E+07  4.8817E+04  1.7990E+05
0007036   7.5317E+07  3.6113E+05  3.5154E+06
0007037   7.5499E+07 -2.3711E+06  2.0583E+06
0007038   7.4846E+07  3.4422E+06  1.0854E+06
0007039   7.4401E+07  5.9412E+05 -7.5337E+05
0007040   7.4711E+07  1.2379E+06  3.5739E+05
0007041   7.5021E+07 -4.6959E+05  1.1466E+06
0007042   7.4415E+07  2.3045E+06  1.5867E+06
0007043   7.4776E+07  1.5107E+06 -1.2205E+06
0007044   7.2895E+07  2.7975E+05  8.7780E+05
0007045   7.5229E+07 -2.7639E+06 -2.9012E+06
0007046   7.6575E+07  1.5312E+06 -1.3444E+06
0007047   7.4570E+07 -1.6194E+06 -2.9278E+05
0007048   7.5652E+07  5.8714E+06  5.9441E+05
0007049   7.4551E+07 -3.2021E+06  1.0028E+06
0007050   7.5163E+07 -2.0439E+06 -5.8453E+05
0007051   7.5066E+07  2.3733E+06 -2.9406E+05
0007052   7.8123E+07 -2.7320E+06 -3.1608E+05
0007053   7.2206E+07 -7.7880E+05  4.0789E+04
0007054   7.4940E+07 -2.4264E+05  1.1255E+06
0007055   7.4671E+07 -5.1595E+05 -1.8570E+05
0007056   7.4463E+07 -2.4278E+05  3.4228E+06
0007057   7.4152E+07  7.2816E+05 -8.1172E+05
0007058   7.5717E+07 -1.5698E+05  2.7743E+05
0007059   7.5548E+07 -2.2126E+06 -1.4211E+05
0007060   7.4761E+07 -1.2861E+06 -7.4219E+05
0007061   7.6137E+07  3.6643E+06 -3.1098E+06
0007062   7.5232E+07  7.5602E+05  1.2182E+06
0007063   7.5932E+07  1.1211E+06  1.2792E+06
0007064   7.6769E+07  1.4244E+06 -9.7962E+04
0007065   7.5152E+07  6.4233E+05 -1.9667E+06
0007066   7.5625E+07  8.3939E+05  3.5264E+05
0007067   7.5060E+07 -1.3754E+06  8.3665E+05
0007068   7.6604E+07 -1.4991E+06 -1.1086E+05
0007069   7.5757E+07  1.3358E+05  4.3726E+05
0007070   7.5934E+07  1.4112E+06 -5.9282E+05
0007071   7.7576E+07 -2.0128E+05  4.7881E+05
0007072   7.5342E+07 -1.7498E+06  6.1210E+05
0007073   7.6037E+07 -8.4584E+05 -3.2547E+06
0007074   7.6726E+07 -9.0501E+05  2.7600E+05
0007075   7.6897E+07 -1.5540E+06  8.8683E+05
0007076   7.4715E+07 -1.5833E+05  3.1025E+06
0007077   7.5657E+07 -5.4250E+05 -2.1327E+06
0007078   7.5827E+07  6.3278E+05  2.3800E+06
0007079   7.5950E+07  1.0155E+06  1.6247E+06
0007080   7.7456E+07  3.0849E+06  9.9727E+05
0007081   7.3789E+07  4.7113E+05  2.5185E+05
0007082   7.5114E+07 -8.0081E+04  1.1582E+06
0007083   7.4251E+07 -2.8469E+06  1.6473E+04
0007084   7.6655E+07  6.3432E+05 -1.9638E+06
0007085   7.5353E+07  9.6499E+05  2.3106E+06
0007086   7.3642E+07  2.0410E+06 -2.4202E+06
0007087   7.5455E+07  1.7280E+06  1.4006E+06
0007088   7.5415E+07  8.2185E+05  1.8092E+04
0007089   7.4994E+07  1.5095E+06 -2.3674E+06
0007090   7.5802E+07 -8.5838E+05 -1.5163E+06
0007091   7.5330E+07 -1.2586E+06  4.7882E+04
0007092   7.3122E+07 -2.8176E+06  3.5451E+06
0007093   7.2858E+07 -1.0590E+06  3.7455E+05
0007094   7.5094E+07  1.7232E+06 -1.1460E+06
0007095   7.3642E+07  1.5295E+06  1.2421E+06
0007096   7.5616E+07 -1.5743E+06  1.1579E+06
0007097   7.3100E+07  2.4723E+05 -2.1220E+05
0007098   7.4528E+07  1.3747E+06  1.3043E+06
0007099   7.4399E+07 -3.5442E+06  3.5491E+06
0007100   7.5588E+07  2.8223E+06 -2.3694E+05
0007101   7.3757E+07  2.7214E+05 -3.1700E+06
0007102   7.5468E+07 -1.4062E+06 -2.4124E+06
0007103   7.5245E+07  5.7965E+05  4.6083E+05
0007104   7.6050E+07  1.1451E+06  2.8621E+06
0007105   7.5699E+07  1.5344E+06 -1.4311E+06
0007106   7.6652E+07  1.3664E+06 -2.0696E+05
0007107   7.5065E+07 -7.4912E+05  9.6454E+05
0007108   7.4051E+07  1.2555E+06 -7.3720E+05
0007109   7.5294E+07  2.8343E+06  2.3515E+06
0007110   7.5241E+07 -2.3705E+06  5.7820E+05
0007111   7.5570E+07  2.4166E+06 -1.3374E+05
0007112   7.3051E+07 -4.7996E+05  2.2367E+06
0007113   7.5115E+07 -2.9091E+06  1.4530E+06
0007114   7.5224E+07  4.0191E+06 -2.4430E+05
0007115   7.4114E+07 -1.0478E+06  2.0904E+03
0007116   7.2954E+07 -2.3837E+06  3.1967E+06
0007117   7.3485E+07 -1.0207E+06 -2.9514E+06
0007118   7.6936E+07 -8.8953E+05 -1.0036E+06
0007119   7.4716E+07  3.0699E+06 -1.5022E+06
0007120   7.6272E+07 -1.2728E+06 -1.4402E+06
0007121   7.4873E+07  2.0053E+05 -3.7771E+05
0007122   7.4074E+07 -2.2462E+05  8.5002E+05
0007123   7.5204E+07  2.8349E+06 -1.6494E+06
0007124   7.3340E+07 -9.4043E+05 -2.5767E+06
0007125   7.5303E+07  6.8005E+05  1.5360E+06
0007126   7.2022E+07 -8.8107E+05 -3.7677E+06
0007127   7.6450E+07 -2.9040E+05 -6.5571E+05
0007128   7.3015E+07 -1.6528E+06 -3.4528E+06
0007129   7.7710E+07  1.9400E+05 -1.2959E+05
0007130   7.6477E+07 -7.1096E+04  1.3707E+05
0007131   7.4535E+07 -1.6105E+06 -2.4078E+06
0007132   7.6612E+07 -8.7960E+05  2.5364E+06
0007133   7.4225E+07 -8.0549E+05  4.7816E+06
0007134   7.5950E+07 -1.1175E+05 -2.1695E+06
0007135   7.5467E+07  2.1791E+06  1.2774E+05
0007136   7.5486E+07  8.5974E+05 -1.7633E+06
0007137   7.3534E+07  9.6419E+05 -9.8763E+05
0007138   7.4468E+07 -1.1773E+06 -3.2555E+04
0007139   7.3972E+07 -2.3719E+06 -1.0009E+07
0007140   7.6751E+07 -2.0714E+05 -1.7839E+06
0007141   7.4342E+07 -1.6545E+05  9.9895E+04
0007142   7.6101E+07  9.8198E+05 -1.3896E+05
0007143   7.3942E+07 -1.8764E+06  6.2613E+05
0007144   7.6912E+07  1.7128E+06  2.9549E+06
0007145   7.6219E+07  5.6252E+04 -3.1896E+05
0007146   7.6384E+07  1.5698E+06  5.6891E+05
0007147   7.4373E+07  1.8427E+06 -1.0129E+05
0007148   7.4024E+07  2.2807E+06 -3.4213E+06
0007149   7.4682E+07 -5.2092E+05  1.3377E+06
0007150   7.5655E+07 -3.4564E+06 -2.4362E+06
0007151   7.4068E+07  2.0371E+05  1.0537E+06
0007152   7.4728E+07  1.4907E+06  2.4795E+05
0007153   7.6843E+07  1.9018E+06  4.6833E+05
0007154   7.4622E+07 -2.1498E+06 -6.7265E+05
0007155   7.5664E+07 -2.2833E+06 -1.3877E+06
0007156   7.3949E+07  7.1646E+05  4.8380E+05
0007157   7.6813E+07 -7.1966E+04 -5.6012E+05
0007158   7.7549E+07  3.0953E+06 -2.2595E+06
0007159   7.4350E+07 -6.9407E+05  5.1463E+05
0007160   7.6553E+07 -2.8717E+06  1.7148E+06
0007161   7.5161E+07  2.0926E+06  8.7235E+05
0007162   7.6576E+07  2.1475E+06 -1.2463E+06
0007163   7.5163E+07  1.2789E+06  4.7917E+05
0007164   7.3934E+07  1.9811E+06 -3.9345E+06
0007165   7.3765E+07 -3.1192E+05  1.7915E+05
0007166   7.6169E+07  7.8168E+05  6.9792E+05
0007167   7.5659E+07 -5.9242E+05 -5.2141E+05
0007168   7.4470E+07 -5.0909E+05  2.5582E+06
0007169   7.4818E+07  4.5820E+04  3.4606E+05
0007170   7.5908E+07  5.7973E+04  4.4560E+06
0007171   7.4068E+07 -2.6751E+05 -6.3800E+05
0007172   7.2705E+07 -5.7677E+04 -2.4755E+06
0007173   7.5140E+07  1.2686E+06 -8.7617E+05
0007174   7.4440E+07  1.0724E+06 -4.3785E+06
0007175   7.4581E+07 -4.5821E+06 -3.5316E+06
0007176   7.2720E+07 -2.7265E+06 -2.2056E+06
0007177   7.4210E+07 -7.6820E+05 -8.9462E+03
0007178   7.2778E+07 -6.2965E+05 -2.3343E+06
0007179   7.4971E+07  5.5319E+05  1.1393E+06
0007180   7.4348E+07  2.4427E+06 -2.0066E+06
0007181   7.5779E+07  3.1809E+04 -5.6531E+05
0007182   7.5349E+07 -6.4806E+05  1.3880E+06
0007183   7.6466E+07  3.8038E+06 -4.5920E+06
0007184   7.4075E+07 -6.8183E+05 -5.6585E+05
0007185   7.5316E+07 -5.3290E+05  2.8178E+06
0007186   7.4357E+07 -1.1791E+06  3.0255E+05
0007187   7.5239E+07  2.0941E+05  2.5589E+05
0007188   7.5188E+07  1.3248E+06 -1.4028E+06
0007189   7.4637E+07  1.3885E+06 -4.2703E+05
0007190   7.7048E+07  1.2027E+05  4.8238E+05
0007191   7.7143E+07  9.4511E+05 -1.2631E+06
0007192   7.5170E+07 -2.4438E+05  1.5700E+06
0007193   7.5998E+07 -1.9892E+06  2.2244E+05
0007194   7.6038E+07  6.1148E+05 -9.5353E+05
0007195   7.4503E+07 -2.7895E+06 -3.3359E+05
0007196   7.1969E+07  3.3666E+05 -1.4720E+05
0007197   7.6064E+07  3.1556E+06 -3.3766E+06
0007198   7.4364E+07 -9.5221E+05 -7.2920E+05
0007199   7.7245E+07  2.0130E+05 -1.4585E+06
0007200   7.4090E+07 -2.4261E+06 -1.6858E+05
0007201   7.4456E+07  3.8060E+06  5.9056E+05
0007202   7.5539E+07 -1.6178E+05 -1.2851E+06
0007203   7.5707E+07 -3.6636E+06 -1.5723E+05
0007204   7.4881E+07 -9.1631E+05 -3.7694E+05
0007205   7.5252E+07  1.5049E+06 -1.5559E+06
0007206   7.4703E+07 -6.2683E+06 -2.0055E+06
0007207   7.4897E+07 -4.2108E+06 -1.9580E+06
0007208   7.6454E+07 -3.1378E+05 -1.0859E+06
0007209   7.5613E+07  1.0228E+06 -3.7216E+06
0007210   7.4556E+07 -7.6636E+05  1.4996E+05
0007211   7.5533E+07 -6.8080E+04  3.5285E+06
0007212   7.4296E+07  2.3150E+06  2.1021E+05
0007213   7.5667E+07  2.4443E+06  9.9126E+05
0007214   7.4311E+07  8.7584E+05 -1.8357E+05
0007215   7.5659E+07 -2.9651E+05 -9.5065E+05
0007216   7.5630E+07 -4.3986E+05 -4.2909E+06
0007217   7.3213E+07 -2.3701E+06  1.2311E+06
0007218   7.2710E+07 -6.5617E+06 -2.8914E+06
0007219   7.5182E+07  2.5488E+05  5.1417E+05
0007220   7.7390E+07 -4.6457E+05 -1.8659E+05
0007221   7.3934E+07 -7.9106E+04 -6.2874E+05
0007222   7.4763E+07  1.6081E+06 -9.3019E+05
0007223   7.6058E+07 -1.0738E+06  1.3969E+05
0007224   7.3166E+07  2.6284E+06 -2.3539E+05
0007225   7.5772E+07  1.1234E+06  3.6840E+05
0007226   7.4575E+07  2.0296E+05  6.6388E+04
0007227   7.4559E+07  2.7781E+06  4.4902E+06
0007228   7.4248E+07 -2.0172E+06  8.7930E+05
0007229   7.6559E+07 -4.7728E+05  2.8138E+06
0007230   7.6036E+07  3.6081E+05  4.5086E+06
0007231   7.3624E+07  1.3513E+06 -7.4149E+05
0007232   7.5336E+07  1.3726E+06 -4.2261E+05
0007233   7.6892E+07  5.3304E+06  9.4725E+05
0007234   7.5009E+07 -1.2261E+06 -7.6470E+05
0007235   7.4906E+07 -9.7077E+05  2.5649E+06
0007236   7.6269E+07 -8.4585E+05 -1.4177E+05
0007237   7.5420E+07  2.0449E+06  3.5827E+05
0007238   7.4524E+07 -2.6314E+05  2.3921E+06
0007239   7.5090E+07  3.5568E+05 -5.7776E+05
0007240   7.3693E+07 -1.3911E+06 -1.5415E+06
0007241   7.4005E+07  7.8970E+04 -7.4667E+05
0007242   7.2394E+07  1.4436E+06 -1.8091E+06
0007243   7.4662E+07  1.2905E+06 -2.2022E+06
0007244   7.4140E+07 -3.9436E+05 -3.0896E+06
0007245   7.6471E+07 -4.0766E+06  2.7544E+06
0007246   7.4350E+07  1.0903E+06 -1.7222E+05
0007247   7.5286E+07  3.0280E+06  7.6630E+05
0007248   7.7239E+07  3.1289E+06  2.4320E+06
0007249   7.4339E+07  1.8497E+05  7.3738E+05
0007250   7.5109E+07  1.1371E+06  3.7254E+05
0007251   7.7202E+07  1.3577E+06 -1.6178E+05
0007252   7.4848E+07 -2.1853E+06  1.8385E+06
0007253   7.6429E+07 -9.2357E+04  2.5210E+06
0007254   7.4192E+07 -2.8119E+05  6.6654E+05
0007255   7.6652E+07 -3.3089E+02  1.7385E+06
0007256   7.4870E+07  1.4430E+06  4.3912E+05
0007257   7.5664E+07  1.0557E+06 -1.7885E+05
0007258   7.5033E+07 -1.2450E+06 -1.2795E+05
0007259   7.5562E+07 -2.3855E+06  1.4338E+06
0007260   7.3772E+07 -9.5741E+04 -2.9877E+06
0007261   7.5668E+07  1.1371E+05  1.0279E+06
0007262   7.7056E+07  1.2131E+06 -1.8001E+06
0007263   7.3919E+07 -2.7256E+06  2.4038E+06
0007264   7.4111E+07 -7.2656E+05  8.0045E+05
0007265   7.4810E+07 -1.1090E+05  8.8839E+04
0007266   7.2166E+07  9.5722E+05 -2.8371E+06
0007267   7.7665E+07  7.8935E+05  2.0535E+06
0007268   7.3424E+07 -1.8248E+06  9.7403E+05
0007269   7.3439E+07 -2.6280E+06  3.8909E+05
0007270   7.6058E+07  7.9970E+05  5.7669E+04
0007271   7.4923E+07  9.3055E+05 -1.3431E+06
0007272   7.4821E+07 -2.0143E+06 -2.6245E+06
0007273   7.1907E+07 -7.5770E+05  4.2657E+05
0007274   7.1689E+07  2.3957E+06 -6.5030E+05
0007275   7.2805E+07 -2.5430E+06  4.0393E+05
0007276   7.5511E+07 -6.1466E+04 -3.9965E+06
0007277   7.6718E+07 -3.6415E+04  2.5174E+06
0007278   7.3695E+07  1.8960E+06  1.0507E+06
0007279   7.4783E+07 -2.4622E+06 -3.9064E+05
0007280   7.6858E+07 -2.4834E+05 -3.5130E+06
0007281   7.6184E+07 -2.0918E+06  7.2474E+05
0007282   7.4177E+07 -7.6139E+05 -5.0192E+05
0007283   7.6674E+07  9.9203E+04 -2.5603E+06
0007284   7.5487E+07  1.5915E+06  4.7345E+05
0007285   7.5979E+07  8.8034E+05 -6.4941E+06
0007286   7.4215E+07 -2.6567E+05  3.6313E+05
0007287   7.7721E+07  4.1418E+06 -4.4560E+05
0007288   7.5330E+07  3.3180E+06  1.4593E+06
0007289   7.4519E+07 -1.3230E+05  1.5964E+06
0007290   7.4969E+07  8.2212E+05  1.7259E+06
0007291   7.4408E+07 -1.5490E+06  3.9211E+06
0007292   7.3549E+07  7.0439E+05  4.6903E+05
0007293   7.5645E+07  6.9446E+05  3.2312E+05
0007294   7.5927E+07  1.3581E+06  7.0104E+05
0007295   7.4730E+07  8.3584E+05  4.1155E+05
0007296   7.7841E+07 -2.0521E+06 -2.0280E+06
0007297   7.7452E+07 -2.0450E+06 -3.0500E+06
0007298   7.6030E+07  1.8446E+06 -1.2795E+06
0007299   7.4665E+07 -1.3690E+06  2.7091E+06
0007300   7.6346E+07 -2.6103E+06 -1.8587E+06
0007301   7.4921E+07  1.4244E+06  1.7449E+06
0007302   7.4513E+07  1.3728E+06 -1.2312E+06
0007303   7.3752E+07 -7.6551E+05 -1.3634E+06
0007304   7.4073E+07  2.8494E+06 -1.3127E+06
0007305   7.4265E+07 -1.3346E+05  9.3662E+05
0007306   7.7095E+07  1.2426E+06  2.7464E+06
0007307   7.2490E+07 -1.8717E+06 -2.9151E+06
0007308   7.4424E+07 -2.4587E+06  1.3619E+05
0007309   7.5939E+07  2.3477E+05  1.2972E+06
0007310   7.4620E+07 -1.6578E+06 -7.8889E+04
0007311   7.5498E+07  1.1871E+06  2.5806E+06
0007312   7.4179E+07  2.4366E+06  3.4259E+06
0007313   7.7292E+07  9.7237E+05 -1.5614E+06
0007314   7.5334E+07 -1.3554E+06 -9.9302E+05
0007315   7.7303E+07  9.9449E+05 -8.4237E+05
0007316   7.5407E+07  1.5564E+06  2.3372E+06
0007317   7.3379E+07 -1.7149E+06  2.1246E+06
0007318   7.4895E+07 -7.8449E+05 -2.2059E+06
0007319   7.4814E+07 -1.4126E+06  2.0848E+06
0007320   7.5767E+07 -1.1191E+06 -4.1525E+04
0007321   7.5700E+07 -2.3245E+06  5.6711E+05
0007322   7.5015E+07 -1.9638E+06  2.5139E+06
0007323   7.5243E+07  8.0132E+06 -5.0739E+05
0007324   7.4621E+07 -2.0877E+06  4.9648E+04
0007325   7.4815E+07  3.4739E+06  1.4057E+06
0007326   7.5743E+07 -1.0486E+05  4.8874E+06
0007327   7.6025E+07  3.7589E+06 -1.6356E+06
0007328   7.4361E+07 -1.3016E+06 -6.5230E+05
0007329   7.5519E+07  3.4889E+05 -1.8487E+06
0007330   7.3973E+07  5.1164E+06 -2.5979E+06
0007331   7.4660E+07 -4.8805E+05 -2.2391E+06
0007332   7.3029E+07 -7.2725E+03 -3.3878E+05
0007333   7.3533E+07  1.6802E+06  3.6210E+05
0007334   7.8605E+07  9.0298E+05 -1.2523E+06
0007335   7.4428E+07 -1.8678E+06  1.2518E+06
0007336   7.6917E+07 -5.9723E+04  3.9933E+05
0007337   7.1869E+07  6.9023E+04 -6.8933E+05
0007338   7.3826E+07  1.1296E+06 -3.7433E+05
0007339   7.4489E+07 -4.3321E+06  1.6555E+06
0007340   7.4559E+07  2.2988E+06  2.3269E+06
0007341   7.4004E+07 -1.2291E+06 -3.6153E+05
0007342   7.4092E+07  1.6989E+06 -3.2900E+06
0007343   7.5146E+07 -1.4826E+05  4.2515E+05
0007344   7.6821E+07  9.6423E+05 -7.1169E+05
0007345   7.4842E+07  3.6197E+06 -1.1677E+07
0007346   7.6329E+07 -3.1892E+06  2.0864E+06
0007347   7.3737E+07 -2.4056E+06  3.4634E+05
0007348   7.2791E+07 -6.4679E+06 -6.8087E+06
0007349   7.6500E+07  1.6499E+06 -2.0132E+06
0007350   7.2947E+07  2.6146E+06 -1.4795E+06
0007351   7.6714E+07  3.1032E+06 -7.4074E+05
0007352   7.3993E+07 -2.7878E+05  1.1583E+06
0007353   7.3593E+07 -2.4424E+06 -3.1696E+06
0007354   7.4147E+07 -1.6023E+06 -5.7331E+05
0007355   7.3920E+07  1.6688E+06 -1.8689E+06
0007356   7.4122E+07 -3.7531E+05 -3.6987E+06
0007357   7.4197E+07 -1.0455E+06 -1.6693E+06
0007358   7.3612E+07  1.2537E+06  1.8375E+05
0007359   7.5981E+07  5.9987E+06  3.3598E+06
0007360   7.5826E+07  1.2867E+06  1.6252E+06
0007361   7.6322E+07  6.0788E+05 -4.5696E+05
0007362   7.5433E+07 -2.4301E+06  1.7558E+05
0007363   7.3994E+07  1.0078E+06  4.0526E+05
0007364   7.7640E+07  8.3966E+05 -1.6726E+06
0007365   7.4389E+07 -5.7543E+05 -1.5218E+06
0007366   7.4772E+07  4.1972E+06 -1.5174E+06
0007367   7.4886E+07 -1.1439E+06 -5.9328E+05
0007368   7.6365E+07 -1.1714E+05  1.9748E+06
0007369   7.6178E+07  7.3338E+04  1.3129E+06
0007370   7.4297E+07  4.7331E+05 -1.3067E+06
0007371   7.3811E+07 -2.9855E+05 -8.1421E+04
0007372   7.5361E+07  1.7138E+06  2.1607E+05
0007373   7.6432E+07 -2.4635E+06 -2.2639E+06
0007374   7.5001E+07 -2.1138E+06  4.7789E+06
0007375   7.5770E+07  4.6536E+05  5.4997E+05
0007376   7.5317E+07  2.0837E+06  2.8889E+05
0007377   7.7610E+07  1.1426E+06  3.3768E+05
0007378   7.5652E+07  2.0930E+06  2.5580E+06
0007379   7.4596E+07 -9.9492E+05  1.5339E+06
0007380   7.7697E+07  5.5961E+04  1.9958E+06
0007381   7.3663E+07 -8.3130E+05  2.2615E+06
0007382   7.5436E+07 -3.8785E+05  1.9924E+06
0007383   7.6996E+07 -3.2969E+05  1.6421E+05
0007384   7.2898E+07  2.6832E+06 -2.1132E+06
0007385   7.5498E+07  1.6291E+05 -3.0137E+05
0007386   7.7005E+07  2.3327E+05 -1.2840E+06
0007387   7.3268E+07  5.3101E+06  2.6926E+06
0007388   7.4535E+07 -3.8041E+05 -2.6386E+06
0007389   7.4434E+07  1.0561E+06 -2.3285E+06
0007390   7.6523E+07  2.8392E+06  4.1412E+06
0007391   7.6087E+07 -1.2222E+05 -2.1870E+06
0007392   7.7444E+07  7.7572E+05  2.6514E+06
0007393   7.5539E+07  2.5647E+06  5.9599E+05
0007394   7.3143E+07  7.2753E+04  1.6679E+06
0007395   7.4518E+07 -4.6278E+06  5.6668E+06
0007396   7.4411E+07 -5.4291E+05 -1.4613E+06
0007397   7.5546E+07  1.3275E+06 -5.6230E+05
0007398   7.4346E+07  1.4264E+06  5.8036E+05
0007399   7.9610E+07 -1.6999E+06  1.8984E+06
0007400   7.4473E+07  7.7683E+05 -3.0587E+06
0007401   7.5051E+07  7.9826E+05 -1.6041E+06
0007402   7.4049E+07 -8.2045E+05  7.0294E+05
0007403   7.6285E+07  9.9445E+05 -7.0357E+05
0007404   7.6538E+07  7.0227E+05 -4.3983E+04
0007405   7.5725E+07  1.7045E+06 -2.3015E+05
0007406   7.7007E+07  1.7933E+06 -3.8373E+06
0007407   7.5782E+07  2.1492E+06 -1.4883E+06
0007408   7.3277E+07 -2.7330E+06  2.6818E+06
0007409   7.6150E+07 -9.2517E+04  8.4724E+05
0007410   7.3664E+07 -1.1168E+06  8.3667E+05
0007411   7.5317E+07 -2.0640E+06  5.3744E+05
0007412   7.4643E+07  1.0673E+06  2.2246E+06
0007413   7.5627E+07  1.3792E+05  3.4377E+06
0007414   7.4766E+07 -2.8492E+06 -2.8482E+06
0007415   7.5754E+07 -7.3086E+05  1.5183E+06
0007416   7.3226E+07 -6.2749E+05  4.0228E+05
0007417   7.5009E+07 -2.0545E+06  1.4724E+06
0007418   7.3276E+07  1.4520E+06  2.0244E+06
0007419   7.6146E+07 -2.7504E+05 -1.4345E+06
0007420   7.5650E+07 -5.3337E+04 -1.6223E+06
0007421   7.4015E+07 -1.8437E+05  2.5715E+06
0007422   7.5658E+07  2.7153E+06  6.1339E+06
0007423   7.3314E+07 -1.1282E+06  1.1580E+06
0007424   7.5396E+07  2.3192E+06 -2.2810E+06
0007425   7.4877E+07  1.6389E+06  1.8034E+06
0007426   7.4317E+07  1.7671E+06  1.2323E+06
0007427   7.7774E+07  3.1305E+06 -2.0323E+06
0007428   7.5514E+07  2.3130E+06 -2.0599E+06
0007429   7.6006E+07 -2.1861E+06  8.8367E+04
0007430   7.6153E+07  8.2755E+05  3.6746E+05
0007431   7.2531E+07  3.6896E+05 -1.4084E+06
0007432   7.3753E+07 -1.3058E+06  6.0859E+05
0007433   7.5365E+07  1.2952E+06 -2.4638E+06
0007434   7.5311E+07 -4.3917E+06  1.3790E+06
0007435   7.5185E+07 -9.3620E+05  2.2089E+06
0007436   7.5116E+07  1.1906E+06  3.6388E+04
0007437   7.4728E+07 -6.5195E+04  8.5788E+05
0007438   7.4595E+07 -1.7084E+05 -9.1110E+05
0007439   7.5168E+07 -9.9796E+05  3.6963E+05
0007440   7.5340E+07  2.8681E+06  1.0916E+06
0007441   7.3239E+07  5.1724E+05  1.9627E+06
0007442   7.6437E+07  1.1040E+05 -2.0174E+06
0007443   7.6405E+07 -3.1159E+06  3.9437E+05
0007444   7.4077E+07 -1.5066E+06  1.4089E+06
0007445   7.3893E+07 -9.9687E+05  6.7978E+05
0007446   7.5043E+07 -1.7375E+06  2.4504E+06
0007447   7.5883E+07 -1.2940E+06 -3.0719E+06
0007448   7.6563E+07  7.0661E+05  1.7591E+05
0007449   7.3552E+07  3.1966E+06  9.0897E+06
0007450   7.4529E+07 -1.8758E+04  1.8180E+06
0007451   7.3823E+07 -1.3203E+06  4.7353E+06
0007452   7.8228E+07 -2.2434E+06 -7.0711E+05
0007453   7.5005E+07  1.9302E+05  4.6948E+05
0007454   7.5386E+07  3.1014E+06 -2.5306E+06
0007455   7.3719E+07  3.4149E+06 -3.9423E+05
0007456   7.6851E+07  1.1247E+06  3.9697E+06
0007457   7.5056E+07 -4.8856E+05 -1.7878E+06
0007458   7.5117E+07 -3.9146E+06 -1.6315E+06
0007459   7.5220E+07 -2.3428E+06  4.8715E+05
0007460   7.6544E+07 -7.8715E+04 -2.3770E+05
0007461   7.5311E+07 -7.3159E+05 -4.1442E+04
0007462   7.3129E+07  1.0501E+06  1.0024E+06
0007463   7.4556E+07  2.3910E+06  1.8141E+06
0007464   7.4173E+07  4.5919E+06  1.4433E+06
0007465   7.4279E+07 -7.7562E+05 -8.9522E+05
0007466   7.4136E+07 -1.2212E+06  1.2532E+06
0007467   7.6288E+07  1.2714E+06  2.3533E+06
0007468   7.5531E+07 -2.5569E+06 -1.3013E+06
0007469   7.4122E+07  1.0216E+06  7.8094E+04
0007470   7.4957E+07  1.0699E+06  2.9557E+05
0007471   7.6511E+07 -3.7631E+06 -2.5498E+06
0007472   7.3166E+07 -1.0366E+06 -2.3313E+06
0007473   7.6632E+07  3.2440E+06  9.3337E+05
0007474   7.3923E+07 -3.5865E+05  1.5225E+06
0007475   7.4942E+07  2.0219E+06  2.4215E+05
0007476   7.3479E+07 -1.7573E+06 -1.2413E+06
0007477   7.4045E+07  6.0477E+06 -2.2376E+06
0007478   7.5659E+07 -4.1612E+05 -1.4399E+06
0007479   7.3365E+07  8.1800E+05 -1.9569E+06
0007480   7.3561E+07 -1.5878E+06 -1.2617E+06
0007481   7.4676E+07 -1.4447E+06 -1.0044E+05
0007482   7.3585E+07  1.5726E+06 -7.6850E+05
0007483   7.3602E+07  2.3028E+06  1.9929E+06
0007484   7.4806E+07 -1.6739E+05 -2.2786E+06
0007485   7.5255E+07 -1.3392E+06 -5.1888E+05
0007486   7.5467E+07  9.2876E+05 -3.3048E+06
0007487   7.4989E+07  7.8953E+05  2.4863E+05
0007488   7.5853E+07 -8.1381E+05 -1.6705E+06
0007489   7.4106E+07  2.5894E+06  2.5015E+06
0007490   7.5828E+07 -1.6255E+06  8.6443E+05
0007491   7.5841E+07 -2.9540E+06  8.5689E+05
0007492   7.6028E+07 -2.9595E+06  1.7834E+06
0007493   7.3518E+07  9.0842E+05  2.4263E+06
0007494   7.6237E+07 -1.5215E+06  7.0026E+05
0007495   7.5053E+07  1.5649E+03 -1.3164E+06
0007496   7.5630E+07  3.0937E+06 -1.6147E+06
0007497   7.3860E+07 -6.7590E+06  1.0857E+07
0007498   7.5551E+07  1.3354E+06  1.1163E+06
0007499   7.4356E+07  6.6309E+05 -7.6478E+05
0007500   7.4531E+07  1.2057E+06 -7.4689E+05
0007501   7.3395E+07 -5.0458E+05 -3.1784E+05
0007502   7.5110E+07  2.3720E+06 -3.8881E+05
0007503   7.3033E+07  7.9659E+05 -2.9077E+05
0007504   7.5162E+07 -7.4596E+05 -1.4346E+06
0007505   7.4936E+07 -8.0727E+05 -7.6221E+05
0007506   7.6060E+07 -6.0418E+05 -1.2273E+06
0007507   7.5542E+07 -1.0000E+06 -5.9748E+05
0007508   7.6370E+07  1.2264E+06 -1.2608E+06
0007509   7.6365E+07 -1.8652E+05 -2.7816E+06
0007510   7.5531E+07 -1.3951E+05  1.1937E+06
0007511   7.3548E+07 -1.0358E+06 -1.1909E+06
0007512   7.4490E+07 -2.1495E+06  5.0218E+05
0007513   7.6647E+07  5.1715E+03 -1.5873E+06
0007514   7.5499E+07  1.5474E+05 -2.6681E+06
0007515   7.6823E+07  1.1082E+05 -1.4520E+06
0007516   7.6879E+07 -6.5860E+05  5.7390E+04
0007517   7.3737E+07 -8.5744E+05 -1.7874E+06
0007518   7.5820E+07 -1.2317E+06 -1.5000E+06
0007519   7.4344E+07  7.8125E+04  9.0663E+05
0007520   7.7464E+07 -6.6991E+05 -1.3135E+06
0007521   7.3784E+07  1.1313E+06  2.9804E+06
0007522   7.2728E+07  1.6078E+06 -1.0124E+06
0007523   7.4123E+07  1.3420E+06 -1.4535E+06
0007524   7.5049E+07 -1.1929E+06  2.2136E+06
0007525   7.4775E+07  1.2786E+06 -1.2890E+06
0007526   7.5918E+07 -2.5029E+06 -3.8507E+05
0007527   7.3731E+07  1.6520E+06 -1.6791E+06
0007528   7.5476E+07 -4.0068E+05  2.4601E+06
0007529   7.5731E+07  1.3685E+06 -1.6606E+06
0007530   7.6380E+07  1.3397E+06  2.9046E+05
0007531   7.3644E+07  1.4189E+06 -1.5479E+06
0007532   7.4096E+07 -1.5103E+05  2.1117E+06
0007533   7.7164E+07 -1.7059E+05  1.5706E+06
0007534   7.5811E+07  4.9057E+05  4.8704E+05
0007535   7.4271E+07  3.3555E+05 -1.8346E+05
0007536   7.4122E+07  4.5332E+05 -5.2395E+03
0007537   7.5381E+07 -1.4324E+06 -1.1690E+06
0007538   7.4324E+07  6.7357E+05 -5.1677E+05
0007539   7.5896E+07 -1.8482E+06  8.2021E+05
0007540   7.6046E+07 -2.0332E+06  4.4254E+05
0007541   7.6085E+07  1.5939E+05  2.2407E+06
0007542   7.3911E+07  1.0873E+06  7.8918E+05
0007543   7.5052E+07 -5.9207E+05  1.5055E+06
0007544   7.6249E+07  9.3385E+05 -6.5554E+05
0007545   7.6357E+07  1.4888E+05  3.1371E+05
0007546   7.4236E+07 -7.4552E+05 -6.9132E+05
0007547   7.2578E+07  1.5297E+06 -2.7586E+06
0007548   7.4894E+07  1.5129E+06 -1.6003E+05
0007549   7.4212E+07 -4.0314E+06  4.8382E+05
0007550   7.5562E+07 -1.2083E+06  2.2861E+06
0007551   7.1922E+07  3.8340E+05  1.0917E+06
0007552   7.1857E+07 -2.1812E+06 -9.4916E+05
0007553   7.4774E+07  1.2451E+06 -8.4757E+05
0007554   7.4935E+07  4.4052E+05  2.2660E+05
0007555   7.5910E+07 -9.8787E+05 -1.6719E+06
0007556   7.5342E+07 -4.3464E+05  3.4455E+05
0007557   7.5535E+07 -9.1853E+05 -8.6707E+05
0007558   7.5661E+07 -2.8723E+06 -9.9682E+04
0007559   7.5330E+07  4.1537E+03 -7.6652E+05
0007560   7.4289E+07 -6.0394E+05  1.3059E+06
0007561   7.6466E+07  6.1709E+05 -1.3237E+05
0007562   7.4417E+07  3.3066E+06  2.2526E+06
0007563   7.4402E+07  2.5976E+06  4.0878E+06
0007564   7.5864E+07  9.9205E+05  1.9620E+06
0007565   7.5914E+07 -3.4358E+06  1.3312E+06
0007566   7.8448E+07 -1.3683E+06 -6.4173E+05
0007567   7.6663E+07  5.8176E+04  2.9624E+06
0007568   7.6464E+07  2.4508E+05  1.4427E+06
0007569   7.4312E+07 -3.4854E+05  5.6713E+05
0007570   7.2779E+07 -1.1314E+06 -1.1320E+06
0007571   7.2549E+07 -5.0209E+06 -1.5647E+06
0007572   7.5169E+07 -2.0153E+05 -2.1621E+06
0007573   7.1936E+07  8.6760E+05 -2.4385E+04
0007574   7.5778E+07  1.9163E+04 -5.9600E+05
0007575   7.6545E+07 -3.1185E+06 -1.3720E+06
0007576   7.5728E+07  1.4167E+06 -2.8161E+05
0007577   7.7639E+07  5.0810E+05 -2.9301E+06
0007578   7.3044E+07  9.2890E+05 -1.2229E+04
0007579   7.5090E+07  3.0255E+06 -4.0058E+06
0007580   7.3511E+07  2.9917E+06 -3.2691E+06
0007581   7.4383E+07 -3.2076E+05  2.3956E+05
0007582   7.3893E+07  3.2625E+05  2.9630E+06
0007583   7.7577E+07 -2.5042E+06 -3.9870E+06
0007584   7.5610E+07 -1.0008E+06  7.8259E+05
0007585   7.6282E+07  1.0366E+06 -3.6613E+05
0007586   7.4279E+07  9.9719E+05  2.3248E+06
0007587   7.3744E+07 -8.0062E+05  1.7700E+05
0007588   7.5763E+07  1.6847E+06 -2.4259E+06
0007589   7.4898E+07 -8.1517E+05  5.6172E+05
0007590   7.8260E+07  2.6435E+05  1.0758E+05
0007591   7.4315E+07  8.5400E+05  9.4991E+05
0007592   7.5028E+07 -2.2453E+06  9.8558E+05
0007593   7.5189E+07  1.1988E+06 -1.5374E+06
0007594   7.4591E+07  1.0085E+06  1.7825E+06
0007595   7.4123E+07  5.8589E+05  1.5116E+05
0007596   7.5359E+07 -2.3673E+06  7.4195E+04
0007597   7.5765E+07 -2.5409E+06  4.5990E+03
0007598   7.4621E+07 -9.4381E+05 -1.0094E+06
0007599   7.4152E+07  2.0736E+06  7.0802E+05
0007600   7.6175E+07  3.0414E+06  3.1825E+06
0007601   7.6358E+07 -1.3727E+06 -6.7143E+05
0007602   7.5471E+07  5.7245E+05  1.7675E+06
0007603   7.5249E+07  3.3609E+06 -6.5456E+05
0007604   7.6657E+07  3.3320E+06  4.0518E+04
0007605   7.5963E+07  9.9288E+05  4.1738E+05
0007606   7.2871E+07  1.2661E+06 -1.2932E+06
0007607   7.4313E+07 -2.7129E+06  2.3491E+06
0007608   7.4102E+07 -1.3983E+06 -1.4482E+06
0007609   7.4361E+07 -8.7430E+05 -2.7474E+05
0007610   7.6298E+07  2.1572E+06 -8.0949E+05
0007611   7.5003E+07 -1.4373E+06  3.6905E+06
0007612   7.0994E+07 -5.8865E+05  1.0365E+06
0007613   7.6050E+07 -1.8039E+06 -1.8586E+06
0007614   7.2237E+07 -1.4990E+06 -2.0899E+06
0007615   7.5159E+07  1.6335E+06 -1.0121E+06
0007616   7.5836E+07 -1.0725E+06 -4.8901E+05
0007617   7.3615E+07 -3.1503E+06  2.7780E+06
0007618   7.5182E+07  1.5101E+06  4.5610E+05
0007619   7.7474E+07 -2.1986E+06 -5.9972E+05
0007620   7.5245E+07 -2.8142E+05 -1.9019E+06
0007621   7.7395E+07 -2.5351E+06 -3.2709E+06
0007622   7.6033E+07 -6.1634E+05 -6.2753E+05
0007623   7.4734E+07  1.2721E+06 -2.6946E+06
0007624   7.3420E+07 -2.4092E+06 -2.0580E+05
0007625   7.6408E+07 -9.5618E+05  1.7633E+05
0007626   7.4353E+07 -1.7361E+06  2.7051E+06
0007627   7.3257E+07  1.7892E+06 -7.5421E+05
0007628   7.5858E+07  2.4191E+06  5.8290E+05
0007629   7.5321E+07  1.9128E+06  2.5543E+06
0007630   7.3715E+07 -2.1700E+06  3.1379E+06
0007631   7.7411E+07  1.3517E+05  3.2331E+05
0007632   7.4869E+07 -8.9229E+05  3.0386E+06
0007633   7.7224E+07 -5.6637E+04  4.4752E+05
0007634   7.2633E+07  1.0881E+05 -6.4519E+05
0007635   7.3814E+07 -1.2206E+06 -4.8431E+05
0007636   7.4393E+07  1.1957E+06 -7.6143E+05
0007637   7.6075E+07 -8.6607E+04 -1.2405E+06
0007638   7.4876E+07  2.7755E+05 -1.0283E+06
0007639   7.6573E+07 -2.6255E+05 -4.2748E+05
0007640   7.2966E+07  9.0614E+05 -8.9339E+04
0007641   7.6345E+07 -1.2327E+06  9.7532E+05
0007642   7.5827E+07 -4.9756E+05  1.1536E+06
0007643   7.6118E+07  3.7181E+06  2.2470E+06
0007644   7.4485E+07 -4.9364E+05 -1.4365E+06
0007645   7.4657E+07  2.2230E+06  2.6136E+06
0007646   7.4648E+07  1.8382E+04 -1.8137E+06
0007647   7.4622E+07 -1.1210E+06 -3.6810E+06
0007648   7.4798E+07 -2.6660E+03  4.3302E+06
0007649   7.4907E+07 -3.0642E+06  8.8575E+05
0007650   7.6166E+07 -8.9191E+05  3.9076E+05
0007651   7.5105E+07  1.6980E+06  3.2066E+06
0007652   7.3711E+07 -1.2607E+06 -1.3463E+06
0007653   7.4570E+07  1.5325E+06 -1.9517E+06
0007654   7.6902E+07 -1.9748E+06  4.2447E+04
0007655   7.3511E+07  6.8178E+06 -6.8402E+05
0007656   7.4967E+07  8.4548E+05 -2.0052E+06
0007657   7.5244E+07 -3.8973E+05 -4.0148E+06
0007658   7.5551E+07 -5.9310E+05 -3.0881E+05
0007659   7.6575E+07  5.1197E+05  2.3146E+06
0007660   7.4840E+07 -1.7290E+06  6.9355E+06
0007661   7.4128E+07 -4.3610E+05  2.5297E+06
0007662   7.7377E+07 -4.1428E+04  2.4460E+05
0007663   7.4385E+07 -2.3752E+06  3.5001E+06
0007664   7.5934E+07 -1.0335E+06  6.6496E+04
0007665   7.5519E+07  1.1086E+06 -7.1890E+05
0007666   7.3806E+07 -1.3735E+06 -1.0082E+06
0007667   7.7539E+07 -3.0426E+06 -2.1975E+06
0007668   7.1505E+07  7.9387E+05  8.4857E+05
0007669   7.6491E+07 -2.4280E+06  1.7281E+06
0007670   7.4215E+07  4.2847E+05 -9.3655E+05
0007671   7.7113E+07  1.9495E+06  1.4327E+06
0007672   7.8048E+07 -9.5648E+05 -2.2436E+06
0007673   7.7595E+07 -1.7649E+06  2.9543E+06
0007674   7.3895E+07  8.4534E+05 -1.0328E+06
0007675   7.5883E+07  2.8320E+06  2.3814E+05
0007676   7.4557E+07 -2.7100E+04  2.2997E+06
0007677   7.3530E+07 -2.0977E+04 -4.7899E+05
0007678   7.6724E+07  7.4034E+05  2.9261E+06
0007679   7.5428E+07 -8.6836E+05 -8.8323E+05
0007680   7.6447E+07  1.6354E+05 -2.6251E+06
0007681   7.7599E+07 -1.3771E+06 -1.9715E+05
0007682   7.6448E+07  6.1802E+05  2.1539E+06
0007683   7.7108E+07 -1.2309E+06  9.8613E+04
0007684   7.4597E+07  3.1213E+05 -1.2613E+06
0007685   7.6894E+07 -6.5370E+04  7.3255E+03
0007686   7.5341E+07 -1.8544E+06 -3.1882E+05
0007687   7.3319E+07  1.7507E+06  1.2259E+05
0007688   7.5315E+07 -4.3612E+05 -2.8718E+05
0007689   7.6745E+07 -8.2660E+05  2.6279E+05
0007690   7.3414E+07  1.3899E+06  2.8075E+05
0007691   7.4545E+07  1.7119E+06  3.5849E+05
0007692   7.3304E+07  1.2217E+06 -1.1528E+06
0007693   7.3695E+07  1.2951E+04 -5.1447E+05
0007694   7.5901E+07 -1.6586E+06 -1.4871E+06
0007695   7.2096E+07 -1.3970E+06 -6.4668E+05
0007696   7.7117E+07 -6.2755E+05  2.0825E+06
0007697   7.4522E+07  1.8325E+06  4.7957E+05
0007698   7.6163E+07  1.4156E+06  1.6710E+06
0007699   7.5118E+07 -5.8075E+05 -2.9200E+06
0007700   7.6226E+07  1.8164E+05 -1.7149E+06
0007701   7.7362E+07  2.8873E+05 -8.2655E+05
0007702   7.3144E+07  7.6370E+05 -3.8888E+06
0007703   7.3473E+07 -2.2567E+06  3.0295E+05
0007704   7.4193E+07  1.9709E+06  3.4031E+06
0007705   6.9799E+07  8.9629E+06  5.3651E+06
0007706   7.6028E+07  1.7278E+06  3.0774E+05
0007707   7.3142E+07 -2.0612E+06  7.4353E+05
0007708   7.4678E+07 -3.4967E+05 -2.0249E+06
0007709   7.4557E+07  1.7046E+06  1.3861E+06
0007710   7.7385E+07 -2.0833E+05 -2.3247E+06
0007711   7.2470E+07  1.1658E+06  1.0749E+06
0007712   7.5041E+07 -1.3000E+05  7.3782E+05
0007713   7.4833E+07 -7.1817E+04 -8.8889E+04
0007714   7.4290E+07  3.0025E+05  1.4923E+06
0007715   7.3933E+07 -2.0300E+06 -9.7723E+05
0007716   7.3130E+07  2.1613E+06  2.8687E+06
0007717   7.5410E+07 -4.9495E+05 -2.8730E+06
0007718   7.4401E+07  4.9260E+04  1.2082E+06
0007719   7.4306E+07 -4.2243E+05  1.9285E+06
0007720   7.5715E+07 -4.7931E+05  8.7577E+05
0007721   7.6915E+07  1.4585E+06  7.7479E+05
0007722   7.5151E+07  2.4222E+06 -3.3317E+06
0007723   7.6285E+07  1.6103E+05  2.4820E+06
0007724   7.4104E+07 -1.7123E+06 -1.8521E+06
0007725   7.4646E+07  1.0939E+06 -2.4178E+06
0007726   7.4478E+07 -3.1406E+06 -1.4327E+06
0007727   7.4918E+07  1.5668E+06  2.5535E+05
0007728   7.2337E+07 -6.6349E+05  2.2549E+06
0007729   7.5291E+07  4.6715E+05  1.2070E+06
0007730   7.4584E+07  5.4401E+05 -3.2595E+06
0007731   7.5801E+07  1.6253E+05 -1.0025E+06
0007732   7.7153E+07  1.6142E+06 -9.8994E+05
0007733   7.6609E+07  2.0761E+05 -2.9623E+06
0007734   7.2607E+07 -8.5707E+05  2.9337E+06
0007735   7.4056E+07  1.4259E+06  2.6828E+06
0007736   7.3870E+07 -1.7402E+06 -1.1015E+06
0007737   7.3524E+07  1.4250E+05 -3.9719E+05
0007738   7.5368E+07  5.2677E+05  6.3732E+05
0007739   7.5711E+07 -3.1248E+05  8.4990E+05
0007740   7.6019E+07  9.4321E+05 -2.3488E+06
0007741   7.5240E+07 -1.2137E+05 -2.4240E+05
0007742   7.6520E+07 -8.6217E+05  1.4160E+06
0007743   7.2900E+07 -7.8082E+04 -8.3533E+05
0007744   7.3800E+07 -2.2328E+06  9.2751E+05
0007745   7.6133E+07 -2.9609E+06 -2.1149E+06
0007746   7.6277E+07 -1.8731E+06 -1.4806E+06
0007747   7.5442E+07  1.8817E+06  5.4812E+05
0007748   7.5543E+07 -2.0340E+05  4.1816E+05
0007749   7.6454E+07 -6.9955E+05 -1.9298E+06
0007750   7.5248E+07 -1.1653E+06  1.8546E+06
0007751   7.3952E+07 -6.5503E+06 -1.6420E+06
0007752   7.3645E+07 -4.0465E+04 -3.8783E+06
0007753   7.7940E+07  4.4049E+05  8.8872E+05
0007754   7.6023E+07  5.3116E+05 -3.1299E+05
0007755   7.8311E+07 -1.6631E+06 -1.8853E+05
0007756   7.4500E+07 -3.5729E+06 -6.6078E+05
0007757   7.4911E+07 -4.4473E+05 -3.1927E+05
0007758   7.5026E+07  2.3203E+06 -1.3861E+06
0007759   7.4465E+07 -1.0808E+06 -6.5454E+04
0007760   7.7346E+07  8.6615E+04 -2.4711E+06
0007761   7.4683E+07  1.0638E+06 -5.1886E+05
0007762   7.4106E+07 -1.3262E+06  1.3505E+06
0007763   7.5152E+07  1.7280E+06 -2.8092E+05
0007764   7.5974E+07  1.3111E+06 -1.7240E+05
0007765   7.6021E+07 -1.5479E+06 -1.5286E+06
0007766   7.3361E+07  1.9969E+06  6.4899E+06
0007767   7.7483E+07  1.9830E+06  5.2675E+05
0007768   7.2063E+07 -3.0364E+06  9.6902E+06
0007769   7.6271E+07 -2.5948E+06 -2.3383E+06
0007770   7.4122E+07 -3.1860E+04 -1.4674E+06
0007771   7.6393E+07  3.5416E+05  2.2042E+06
0007772   7.2473E+07  2.4872E+06 -2.2843E+06
0007773   7.5015E+07 -1.1216E+06  6.9823E+05
0007774   7.3877E+07 -1.2561E+06 -1.2643E+06
0007775   7.4673E+07  7.6637E+03  2.3019E+06
0007776   7.3216E+07 -1.5123E+06 -5.7720E+05
0007777   7.6192E+07 -1.8031E+06 -5.1495E+05
0007778   7.4827E+07 -1.8374E+06  1.3776E+05
0007779   7.4455E+07  2.4178E+06  2.2582E+06
0007780   7.6427E+07 -2.5732E+06 -1.1750E+05
0007781   7.5297E+07  1.6950E+06  4.2598E+05
0007782   7.5217E+07 -1.8601E+06 -8.3924E+05
0007783   7.5556E+07  3.8082E+05 -4.1513E+05
0007784   7.4293E+07 -4.2094E+05  4.2700E+05
0007785   7.6283E+07 -3.2954E+06  2.1695E+06
0007786   7.3854E+07 -4.4771E+04 -1.3804E+06
0007787   7.2584E+07 -1.4431E+05  3.6953E+06
0007788   7.5889E+07  2.6140E+06  4.1365E+06
0007789   7.5775E+07 -3.4261E+05  1.2308E+04
0007790   7.5975E+07  1.6849E+06  4.1362E+06
0007791   7.6785E+07  2.9419E+05  1.0408E+06
0007792   7.5525E+07 -6.5892E+05  2.5247E+06
0007793   7.5051E+07  3.0247E+06  7.4949E+05
0007794   7.2055E+07  9.1591E+04  2.9690E+06
0007795   7.5218E+07  1.8903E+06  1.3292E+06
0007796   7.4343E+07 -1.3208E+06 -1.2846E+06
0007797   7.3857E+07 -1.0599E+06 -1.9245E+06
0007798   7.7112E+07  1.7040E+06  2.3242E+06
0007799   7.3593E+07  2.5347E+06  1.0038E+06
0007800   7.3952E+07 -3.9103E+05 -1.4722E+06
0007801   7.5534E+07  1.0606E+06 -5.9915E+06
0007802   7.4569E+07 -2.9188E+05 -1.6749E+06
0007803   7.6501E+07 -1.6444E+06 -4.6179E+05
0007804   7.6272E+07  2.7488E+05 -9.6318E+05
0007805   7.6322E+07 -1.1457E+06 -1.9186E+06
0007806   7.3877E+07  9.8364E+05  1.3201E+06
0007807   7.6838E+07  5.2976E+06 -2.0981E+06
0007808   7.4151E+07 -6.1760E+05  6.2968E+05
0007809   7.5189E+07  9.9913E+05  5.1926E+05
0007810   7.8172E+07  1.2829E+06  1.0079E+06
0007811   7.3967E+07 -4.9682E+05 -2.0417E+06
0007812   7.5590E+07 -2.6861E+05  1.7033E+06
0007813   7.7903E+07  5.2385E+05 -1.8385E+06
0007814   7.3789E+07  2.3263E+06 -1.2470E+06
0007815   7.5730E+07  7.7263E+04  2.4965E+06
0007816   7.7966E+07  1.0220E+05 -8.3288E+05
0007817   7.4428E+07 -3.9126E+06 -5.0635E+06
0007818   7.4683E+07 -2.1887E+06  6.5589E+05
0007819   7.5924E+07 -1.3020E+06 -1.9370E+06
0007820   7.5911E+07 -2.0626E+05  2.1186E+06
0007821   7.4163E+07  1.2104E+06 -2.3002E+06
0007822   7.6646E+07  1.4359E+06  1.3879E+06
0007823   7.4295E+07 -4.2042E+06 -2.5684E+06
0007824   7.6831E+07  1.3322E+05 -1.8989E+06
0007825   7.3220E+07 -3.4340E+06  6.3789E+06
0007826   7.5374E+07  9.9449E+04  1.3907E+06
0007827   7.4597E+07  7.0152E+05  1.5842E+06
0007828   7.1659E+07  1.3196E+07  2.9482E+06
0007829   7.2667E+07 -9.8551E+05  7.0308E+04
0007830   7.6518E+07 -5.9714E+04 -1.6807E+06
0007831   7.5857E+07 -1.7934E+06  2.7918E+04
0007832   7.4455E+07  7.5954E+04 -9.9643E+05
0007833   7.2814E+07  8.9489E+05 -1.1163E+06
0007834   7.5761E+07 -7.6643E+05 -3.1107E+06
0007835   7.3914E+07 -5.8472E+05  1.2878E+06
0007836   7.2761E+07 -3.3458E+06  2.6099E+06
0007837   7.4356E+07 -2.8664E+06  2.0753E+06
0007838   7.5071E+07 -9.4751E+05 -6.6818E+04
0007839   7.4297E+07 -2.0429E+06  7.7947E+05
0007840   7.7162E+07 -4.1284E+06 -9.7469E+05
0007841   7.6250E+07  1.5494E+06  2.0504E+06
0007842   7.6571E+07  2.0902E+06  3.1031E+05
0007843   7.6688E+07 -6.2270E+03  1.5099E+06
0007844   7.4545E+07 -1.7587E+05 -1.0526E+06
0007845   7.6523E+07  4.5808E+05 -1.4811E+06
0007846   7.2956E+07  2.6991E+05 -9.5538E+05
0007847   7.5979E+07 -2.7864E+05  7.3839E+05
0007848   7.2716E+07  3.2082E+06 -4.8375E+05
0007849   7.5929E+07  2.0997E+06 -1.0378E+05
0007850   7.4636E+07 -2.4241E+06  6.0937E+05
0007851   7.5565E+07 -2.5687E+06  1.5572E+06
0007852   7.4887E+07  1.3910E+06  5.0312E+05
0007853   7.8787E+07  2.8848E+06  1.3978E+06
0007854   7.7072E+07 -3.4449E+06 -3.6528E+06
0007855   7.5452E+07 -2.0434E+06 -3.3347E+06
0007856   7.6116E+07 -4.7212E+05 -4.0088E+05
0007857   7.4924E+07  2.5440E+06 -6.5311E+06
0007858   7.5475E+07 -2.0553E+05  1.1918E+06
0007859   7.7470E+07 -1.2738E+06 -2.1438E+06
0007860   7.6144E+07 -2.2180E+05  1.1949E+06
0007861   7.5746E+07  5.6254E+05 -1.7667E+06
0007862   7.5688E+07  5.8651E+05 -2.5521E+06
0007863   7.6408E+07 -2.2590E+06 -1.3179E+06
0007864   7.4124E+07  9.2671E+05  1.3481E+06
0007865   7.9150E+07 -1.2628E+06  2.1879E+06
0007866   7.4164E+07  1.8949E+06  1.5269E+06
0007867   7.5927E+07  1.3323E+06 -5.4871E+05
0007868   7.4596E+07  2.9215E+06 -1.3861E+06
0007869   7.6035E+07 -2.9777E+06 -4.6798E+04
0007870   7.5000E+07 -9.2449E+05  8.6632E+05
0007871   7.4604E+07 -3.7575E+05 -2.4205E+06
0007872   7.4247E+07 -3.7568E+06  3.8088E+05
0007873   7.3860E+07  1.0144E+06 -2.9836E+06
0007874   7.8265E+07  3.4445E+06 -6.9946E+05
0007875   7.5270E+07  9.3475E+05 -2.6050E+05
0007876   7.6700E+07 -6.5342E+04 -1.0762E+06
0007877   7.5265E+07 -2.0895E+06  1.2836E+06
0007878   7.5152E+07 -2.8479E+06  7.9147E+05
0007879   7.4847E+07 -5.4365E+05 -1.5788E+06
0007880   7.4066E+07  1.1946E+05 -1.9685E+06
0007881   7.7701E+07  8.3556E+05 -1.2207E+06
0007882   7.4948E+07  2.8969E+06  7.7256E+05
0007883   7.5340E+07  1.1871E+06  2.1262E+06
0007884   7.4633E+07 -1.7410E+06  6.5858E+05
0007885   7.7425E+07  1.4986E+06 -1.9293E+06
0007886   7.6135E+07 -1.1146E+06  2.9481E+05
0007887   7.6994E+07  2.3012E+04  1.3168E+06
0007888   7.5258E+07 -2.2509E+06  2.6836E+06
0007889   7.5650E+07  1.9595E+05  2.0969E+06
0007890   7.3949E+07  2.3230E+06  2.6629E+06
0007891   7.5686E+07  6.2861E+05 -6.9506E+05
0007892   7.4644E+07 -3.8299E+05  9.8692E+05
0007893   7.5897E+07 -1.1761E+06  1.0354E+06
0007894   7.5469E+07 -7.6298E+05 -1.5580E+06
0007895   7.5086E+07 -1.0525E+06 -3.0901E+06
0007896   7.5295E+07  2.7155E+06 -1.9820E+06
0007897   7.5260E+07 -2.6213E+06 -2.9478E+06
0007898   7.6622E+07  3.7879E+06 -2.3865E+05
0007899   7.4137E+07  3.1363E+05  1.7301E+06
0007900   7.5268E+07  8.0965E+05 -2.9895E+05
0007901   7.6043E+07 -3.2073E+06 -1.2745E+06
0007902   7.6387E+07 -3.2676E+05 -1.9890E+06
0007903   7.6910E+07  1.8714E+05  8.8355E+05
0007904   7.2885E+07 -6.1672E+04  1.0968E+06
0007905   7.4592E+07  8.9531E+05  2.0779E+06
0007906   7.5781E+07  4.4058E+05 -5.3993E+05
0007907   7.5378E+07  2.7786E+06 -7.2082E+05
0007908   7.5293E+07  5.7601E+05 -9.2743E+05
0007909   7.4634E+07 -6.2742E+05  1.9930E+05
0007910   7.3723E+07  8.3505E+05 -1.6787E+06
0007911   7.5349E+07 -9.6801E+05 -2.0383E+06
0007912   7.7124E+07 -1.9041E+05 -9.0306E+05
0007913   7.6294E+07 -1.0737E+05  1.1127E+06
0007914   7.2739E+07 -2.4459E+06  8.7952E+06
0007915   7.4565E+07 -1.4127E+06  2.3527E+06
0007916   7.5576E+07 -1.2449E+05 -1.6389E+06
0007917   7.5170E+07 -1.2479E+06  2.7143E+06
0007918   7.4006E+07  1.9559E+06 -2.6507E+06
0007919   7.6231E+07 -9.5168E+05 -5.8776E+05
0007920   7.4448E+07  1.1829E+06  2.5479E+04
0007921   7.4958E+07 -2.5414E+06 -4.3782E+05
0007922   7.5643E+07 -1.7047E+06 -9.9476E+05
0007923   7.6512E+07 -4.4560E+05 -1.6229E+06
0007924   7.4146E+07 -1.6862E+06 -2.1924E+06
0007925   7.5480E+07  8.4808E+05 -1.2687E+06
0007926   7.5910E+07 -5.8809E+05  1.4428E+06
0007927   7.4258E+07  6.1685E+05 -6.4619E+06
0007928   7.5761E+07 -2.8249E+04  3.8723E+05
0007929   7.5328E+07 -1.5633E+06  5.3321E+05
0007930   7.7029E+07  9.7653E+05  1.2955E+06
0007931   7.4450E+07 -4.5843E+06 -5.1455E+06
0007932   7.4394E+07 -4.4432E+05 -1.3161E+05
0007933   7.4215E+07 -5.6098E+05 -2.0220E+06
0007934   7.4429E+07 -1.5165E+06 -3.4090E+06
0007935   7.5577E+07 -3.0281E+06  2.4346E+06
0007936   7.2323E+07 -2.8762E+06  1.0340E+06
0007937   7.5650E+07  2.1882E+06 -4.9021E+05
0007938   7.3379E+07 -3.3128E+06  5.6143E+06
0007939   7.3589E+07  1.8271E+05  1.0516E+06
0007940   7.3386E+07 -1.1572E+04  1.7152E+06
0007941   7.6230E+07 -8.7317E+05 -1.1428E+06
0007942   7.5501E+07 -3.3228E+06 -5.4910E+05
0007943   7.5854E+07 -3.6859E+06  5.8897E+05
0007944   7.2996E+07  1.5948E+06  3.5210E+06
0007945   7.3296E+07  7.6467E+04  1.2373E+05
0007946   7.3971E+07  5.0048E+05  2.0315E+06
0007947   7.4479E+07  1.5232E+06  3.1054E+05
0007948   7.5893E+07 -1.9962E+05  6.5515E+05
0007949   7.5184E+07 -2.0569E+06  3.6259E+05
0007950   7.6540E+07 -2.5663E+05 -2.7513E+05
0007951   7.5309E+07 -2.8157E+06  7.3063E+05
0007952   7.3506E+07  4.8906E+05 -5.6252E+05
0007953   7.5818E+07 -3.3173E+05  1.6742E+06
0007954   7.4830E+07  4.4892E+05 -2.3749E+06
0007955   7.6982E+07  2.3483E+06 -2.3115E+06
0007956   7.7308E+07 -2.9457E+06  5.0781E+06
0007957   7.3394E+07 -2.2993E+05  1.3556E+06
0007958   7.5264E+07  1.9032E+06  1.1984E+05
0007959   7.6134E+07  1.2336E+06 -2.6058E+05
0007960   7.6152E+07 -3.9035E+05 -1.7476E+06
0007961   7.4206E+07 -5.1384E+05  3.1519E+05
0007962   7.5907E+07 -1.6067E+06  4.5391E+05
0007963   7.4743E+07  1.1653E+06 -2.3620E+06
0007964   7.4913E+07  1.1231E+06 -1.7437E+06
0007965   7.4525E+07  1.9324E+06  8.9525E+05
0007966   7.4212E+07 -1.1990E+06  4.0948E+05
0007967   7.5829E+07 -4.3271E+05  5.1731E+05
0007968   7.4684E+07  1.0183E+06 -2.0582E+06
0007969   7.5436E+07  5.0545E+05  1.0498E+06
0007970   7.3426E+07 -2.2179E+06 -9.0866E+05
0007971   7.3321E+07  6.3024E+05  4.3106E+06
0007972   7.2873E+07 -1.4287E+06 -7.6417E+05
0007973   7.4505E+07  1.5011E+06 -1.0288E+06
0007974   7.5020E+07 -3.1509E+06 -8.7707E+05
0007975   7.6568E+07  2.7220E+05  1.0718E+06
0007976   7.4716E+07 -2.3236E+06  1.2180E+06
0007977   7.2719E+07  1.9659E+06  6.6992E+05
0007978   7.5201E+07  1.7378E+06  1.9204E+04
0007979   7.2667E+07 -7.3542E+05 -1.3050E+06
0007980   7.3167E+07 -1.2791E+06 -3.9059E+06
0007981   7.5499E+07 -3.8465E+05 -3.0304E+06
0007982   7.4900E+07 -9.5768E+05  1.0591E+06
0007983   7.7522E+07  6.6132E+04 -3.5781E+06
0007984   7.3725E+07 -2.5610E+06 -2.0863E+04
0007985   7.5167E+07  7.5030E+03  1.2833E+06
0007986   7.7726E+07 -1.6010E+05  1.1728E+06
0007987   7.5060E+07  3.6399E+06  6.1324E+05
0007988   7.5172E+07  1.2407E+06 -1.0413E+06
0007989   7.4990E+07 -1.3759E+05 -1.1718E+06
0007990   7.7111E+07 -1.2497E+06  1.1076E+06
0007991   7.5153E+07  8.3650E+05 -1.2794E+06
0007992   7.5440E+07  1.0949E+06  9.6605E+05
0007993   7.4450E+07  1.1145E+06  2.6999E+06
0007994   7.6022E+07  9.9571E+05  1.9965E+06
0007995   7.3742E+07 -8.4918E+04 -9.7172E+05
0007996   7.4495E+07  4.9735E+04  1.9603E+06
0007997   7.3865E+07 -2.8307E+06 -2.6860E+06
0007998   7.7067E+07  1.0307E+06 -2.5952E+05
0007999   7.4074E+07 -2.7606E+05  8.7075E+05
0008000   7.7052E+07  1.2451E+06 -1.2737E+04
0008001   7.5310E+07  2.0300E+06 -1.2732E+06
0008002   7.6594E+07  5.4300E+05 -4.6816E+05
0008003   7.3704E+07 -9.7855E+05  9.7506E+05
0008004   7.1118E+07  1.4424E+06  1.9567E+06
0008005   7.4478E+07 -2.1403E+05 -1.6541E+05
0008006   7.5719E+07 -6.4189E+05  1.9938E+06
0008007   7.6707E+07  3.6388E+05 -7.4207E+05
0008008   7.7175E+07  1.8567E+06  1.8794E+06
0008009   7.5041E+07  1.2654E+05  1.9454E+06
0008010   7.6658E+07 -2.2317E+06  3.4417E+06
0008011   7.5180E+07  1.9317E+06 -2.0987E+05
0008012   7.5283E+07 -1.3956E+06 -9.6720E+05
0008013   7.4376E+07 -1.3932E+06 -1.6369E+05
0008014   7.5967E+07 -2.1774E+05  1.2028E+06
0008015   7.3928E+07 -6.0534E+05 -7.8209E+06
0008016   7.3247E+07  4.0555E+06  1.9454E+06
0008017   7.2176E+07  1.4658E+05  1.6448E+06
0008018   7.4757E+07 -9.0160E+05 -5.6003E+04
0008019   7.5271E+07  1.0822E+06  3.6782E+05
0008020   7.5515E+07  6.8871E+05  6.0974E+06
0008021   7.4936E+07 -1.2358E+05  1.8833E+06
0008022   7.4342E+07 -7.6026E+05  2.7619E+06
0008023   7.5793E+07 -3.0467E+06 -6.3563E+05
0008024   7.4943E+07 -1.2595E+06  9.0146E+05
0008025   7.4728E+07 -2.5800E+06  3.1070E+06
0008026   7.6021E+07 -6.4482E+05  1.6574E+05
0008027   7.6046E+07 -1.3595E+06  6.5958E+05
0008028   7.4768E+07 -5.5561E+05 -1.1342E+06
0008029   7.4755E+07 -4.5864E+05 -2.9103E+05
0008030   7.5023E+07  5.2140E+05 -1.1944E+06
0008031   7.3818E+07  1.0656E+06 -3.1223E+05
0008032   7.3907E+07 -3.3557E+06  2.3196E+06
0008033   7.5359E+07  6.5095E+05  4.4469E+06
0008034   7.5426E+07 -1.0430E+06  8.7925E+05
0008035   7.3238E+07  1.2389E+05  5.3877E+05
0008036   7.4452E+07 -1.2003E+06  5.4348E+05
0008037   7.5521E+07  2.1518E+06  1.7024E+05
0008038   7.4453E+07  3.2396E+06 -5.1496E+05
0008039   7.5690E+07  9.4573E+05 -3.7622E+06
0008040   7.6413E+07 -1.7178E+06 -4.1155E+04
0008041   7.3617E+07 -3.5254E+06 -1.7568E+06
0008042   7.6010E+07 -8.3112E+05 -9.9185E+05
0008043   7.4646E+07  8.1797E+05  1.4064E+06
0008044   7.3002E+07 -8.0514E+05  3.9730E+05
0008045   7.3791E+07 -4.0061E+05 -6.0151E+05
0008046   7.5616E+07 -2.3326E+06 -3.5566E+05
0008047   7.4887E+07 -1.5421E+06 -4.2957E+06
0008048   7.4633E+07  4.0428E+05 -2.3265E+06
0008049   7.5045E+07  9.0222E+05  2.1349E+06
0008050   7.4246E+07 -9.9571E+05  5.9087E+05
0008051   7.4721E+07 -8.4648E+04 -4.2800E+05
0008052   7.5170E+07  2.2179E+06  2.2246E+06
0008053   7.4878E+07  8.7078E+05 -5.3481E+06
0008054   7.8038E+07  8.3977E+05 -2.1249E+05
0008055   7.4426E+07 -2.3432E+06 -5.6433E+06
0008056   7.5196E+07 -3.7382E+06  1.0201E+06
0008057   7.6421E+07 -1.2832E+06  1.8613E+05
0008058   7.4280E+07 -1.0653E+06 -7.9608E+05
0008059   7.6985E+07  1.5871E+06 -8.5167E+05
0008060   7.5398E+07  8.8715E+05  5.4436E+05
0008061   7.4970E+07 -2.4051E+06  1.4331E+06
0008062   7.6643E+07  4.1974E+05  7.4891E+05
0008063   7.6808E+07  9.5389E+05  1.3975E+06
0008064   7.2373E+07 -2.1494E+06 -9.4057E+05
0008065   7.3923E+07  1.2916E+06 -2.0813E+06
0008066   7.4478E+07  6.1254E+05  9.4999E+05
0008067   7.3436E+07  8.8582E+05  6.6136E+05
0008068   7.4794E+07  2.8379E+06 -2.4972E+06
0008069   7.3642E+07  3.6090E+06 -7.7345E+06
0008070   7.5840E+07 -3.3599E+06  4.2871E+05
0008071   7.3883E+07 -1.4613E+06  2.1161E+06
0008072   7.7243E+07 -4.8421E+05 -2.7050E+06
0008073   7.4519E+07  1.0571E+06  9.0324E+05
0008074   7.2056E+07  2.4946E+06 -1.0791E+06
0008075   7.5307E+07 -2.0145E+06 -1.7538E+06
0008076   7.3460E+07  2.2451E+05 -3.2549E+05
0008077   7.3544E+07 -7.9065E+05  6.3513E+05
0008078   7.4736E+07 -1.3699E+06  1.1768E+06
0008079   7.6261E+07 -2.8230E+06 -7.6881E+05
0008080   7.4758E+07  4.8769E+05 -2.1341E+06
0008081   7.5648E+07 -2.8676E+05 -9.2737E+05
0008082   7.5101E+07  2.4441E+05 -1.7055E+06
0008083   7.4937E+07 -1.6084E+06  1.8851E+06
0008084   7.4681E+07  6.0333E+05 -1.9776E+06
0008085   7.3751E+07  2.9580E+06  2.5316E+06
0008086   7.6926E+07 -1.6081E+06 -3.0487E+06
0008087   7.3551E+07  2.5168E+06  7.5455E+05
0008088   7.5908E+07  1.8424E+06  2.0607E+05
0008089   7.5063E+07  1.3816E+05 -2.5347E+06
0008090   7.6084E+07  1.1747E+06 -1.1105E+06
0008091   7.6782E+07  6.1437E+05 -5.1351E+06
0008092   7.3649E+07  1.2877E+06  1.5876E+06
0008093   7.5675E+07  1.0488E+06  3.5449E+06
0008094   7.8115E+07  3.5743E+05  2.2096E+06
0008095   7.3466E+07  1.2172E+06  2.9360E+06
0008096   7.5128E+07 -5.2550E+05  6.0838E+05
0008097   7.4551E+07 -1.6650E+06 -3.8861E+05
0008098   7.5290E+07 -9.4605E+05 -7.7841E+05
0008099   7.3337E+07 -3.1270E+06  2.2884E+06
0008100   7.4567E+07 -3.6679E+06 -5.2662E+05
0008101   7.6378E+07 -2.5313E+06 -2.7559E+06
0008102   7.5234E+07 -3.0230E+06  9.7589E+05
0008103   7.4895E+07 -1.4130E+05 -7.3695E+04
0008104   7.3529E+07 -6.8108E+05 -1.3532E+06
0008105   7.2837E+07  1.2909E+06 -6.8499E+05
0008106   7.2861E+07  8.9471E+05  2.9922E+06
0008107   7.4672E+07  3.8626E+05  1.3732E+06
0008108   7.4835E+07  6.1799E+05 -3.3490E+05
0008109   7.6700E+07  1.5861E+06  2.1791E+05
0008110   6.1618E+07  2.6753E+07 -1.7105E+06
0008111   7.4757E+07 -2.6031E+06  1.7003E+06
0008112   7.6706E+07  1.9187E+05  1.1503E+06
0008113   7.3056E+07 -2.1348E+05 -4.3986E+05
0008114   7.6521E+07  1.2090E+06  1.1084E+05
0008115   7.7407E+07  1.6258E+05  2.5197E+06
0008116   7.4992E+07 -1.1966E+06 -5.8703E+04
0008117   7.3779E+07  3.8609E+05 -2.7885E+06
0008118   7.7566E+07  4.6848E+06  1.6155E+06
0008119   7.3530E+07  3.3812E+06 -1.9126E+06
0008120   7.3566E+07  1.6822E+06 -4.6746E+05
0008121   7.6438E+07 -1.5682E+06 -1.5851E+06
0008122   7.7360E+07  6.3684E+05 -2.1834E+06
0008123   7.5058E+07 -1.9615E+06 -6.5255E+05
0008124   7.6779E+07 -4.3360E+06  1.2070E+06
0008125   7.5614E+07 -8.8356E+05  1.0423E+06
0008126   7.6751E+07 -3.7859E+05 -3.3276E+06
0008127   7.3885E+07  9.9011E+04 -4.7215E+06
0008128   7.6742E+07 -1.5162E+06  2.5138E+06
0008129   7.3769E+07  1.7052E+06  8.4236E+04
0008130   7.5511E+07  8.7725E+04  8.0318E+05
0008131   7.3213E+07 -1.8441E+05  6.7298E+05
0008132   7.3713E+07 -1.2014E+06 -4.8968E+05
0008133   7.7566E+07 -1.7394E+06 -1.9362E+06
0008134   7.4859E+07 -1.6971E+06 -8.2443E+04
0008135   7.4452E+07 -4.7465E+04  3.3993E+05
0008136   7.6556E+07 -1.8192E+06 -3.9310E+05
0008137   7.5260E+07  7.8116E+05 -2.6558E+05
0008138   7.3765E+07 -5.6352E+05 -1.5534E+06
0008139   7.7292E+07  1.5343E+06  2.8681E+06
0008140   7.6428E+07 -5.9384E+05  2.4156E+05
0008141   7.4368E+07 -2.1807E+05 -3.3076E+06
0008142   7.5734E+07  1.5134E+06 -2.8671E+06
0008143   7.3267E+07 -8.4128E+05  7.6895E+05
0008144   7.2715E+07  3.8171E+05  7.0875E+05
0008145   7.4307E+07  8.6094E+05  1.4207E+06
0008146   7.5946E+07 -7.8109E+05 -2.0281E+06
0008147   7.5067E+07  1.3930E+06  1.5767E+06
0008148   7.4990E+07  1.9258E+05  1.8232E+06
0008149   7.2736E+07 -3.1057E+06  1.0032E+06
0008150   7.4733E+07 -1.5356E+06 -5.8678E+04
0008151   7.6044E+07  5.3313E+06 -5.6359E+05
0008152   7.6494E+07  1.1681E+06 -1.3722E+06
0008153   7.6626E+07 -7.5650E+05  2.1008E+06
0008154   7.3021E+07  7.7394E+05  1.3374E+06
0008155   7.7662E+07 -1.2608E+06  2.0104E+05
0008156   7.4811E+07  1.6433E+05  4.7326E+05
0008157   7.4575E+07 -5.2432E+04 -1.5187E+06
0008158   7.5287E+07  3.2132E+04  1.2706E+06
0008159   7.4784E+07 -1.9273E+06 -2.6005E+06
0008160   7.5255E+07 -7.6237E+05 -1.1919E+06
0008161   7.4421E+07  3.9260E+05  3.5075E+06
0008162   7.2361E+07 -2.3378E+06 -4.7763E+05
0008163   7.5987E+07 -1.8278E+06 -1.8328E+06
0008164   7.4534E+07  3.1044E+05 -9.5755E+05
0008165   7.5230E+07 -2.1128E+06  4.7251E+05
0008166   7.7107E+07 -5.0826E+06 -1.6754E+06
0008167   7.3255E+07  2.5498E+06 -2.9354E+05
0008168   7.5170E+07 -1.4561E+06  1.3094E+06
0008169   7.1709E+07 -1.6816E+06  1.2454E+02
0008170   7.3978E+07  1.0545E+06  2.2739E+06
0008171   7.4566E+07 -1.2491E+06  1.4088E+06
0008172   7.5519E+07 -2.0531E+06  1.8196E+06
0008173   7.5037E+07  2.7815E+05 -6.9687E+05
0008174   7.6442E+07 -5.0155E+05 -4.8898E+05
0008175   7.3243E+07  1.0570E+05 -2.3417E+06
0008176   7.4716E+07 -1.1035E+05 -2.4089E+06
0008177   7.7484E+07  6.1111E+05 -6.5602E+05
0008178   7.6178E+07 -5.4418E+05  2.3232E+06
0008179   7.4760E+07  2.0409E+06 -2.0226E+06
0008180   7.6642E+07 -8.1393E+05 -1.1369E+06
0008181   7.4341E+07 -4.8237E+05 -1.0670E+06
0008182   7.6356E+07  1.1954E+06  1.2846E+06
0008183   7.4836E+07 -4.3200E+05  7.1920E+05
0008184   7.4488E+07 -1.8308E+06  7.5154E+05
0008185   7.5270E+07  1.0655E+06  5.5434E+05
0008186   7.3229E+07  1.0490E+07  6.1729E+06
0008187   7.5070E+07  1.6979E+06  6.0428E+06
0008188   7.5946E+07 -2.8351E+05 -2.8766E+05
0008189   7.4328E+07  8.9922E+05  1.8268E+06
0008190   7.5188E+07  1.6967E+06 -7.7425E+05
0008191   7.4376E+07 -1.2799E+06 -1.8714E+06
0008192   7.4504E+07  9.7783E+05 -3.3556E+06
0008193   7.5721E+07  5.3504E+05  5.3931E+05
0008194   7.3877E+07  1.7938E+06  1.8086E+06
0008195   7.4595E+07 -2.2231E+06  1.7201E+06
0008196   7.3868E+07  3.9318E+05  1.4984E+06
0008197   7.5234E+07  1.1374E+05 -9.5556E+05
0008198   7.4374E+07 -1.0524E+06  1.6359E+06
0008199   7.5184E+07  2.7162E+06 -7.6424E+05
0008200   7.5699E+07 -2.3347E+05  7.2669E+05
0008201   7.5530E+07  6.5150E+05 -6.7003E+05
0008202   7.2522E+07  6.4001E+05  3.5455E+06
0008203   7.7513E+07 -5.6412E+05  8.7269E+05
0008204   7.5478E+07 -2.4552E+06  6.2229E+05
0008205   7.4011E+07 -1.7716E+06  1.3056E+06
0008206   7.3868E+07 -1.2092E+06  1.3778E+06
0008207   7.6460E+07 -5.8634E+05 -1.2268E+06
0008208   7.3210E+07 -3.5582E+05 -1.1097E+06
0008209   7.5640E+07 -1.7829E+06  6.6429E+05
0008210   7.5018E+07 -3.0238E+06  1.3189E+06
0008211   7.4104E+07 -1.2498E+06 -6.2467E+05
0008212   7.5559E+07  1.1322E+06 -2.4001E+06
0008213   7.4993E+07 -4.7476E+05 -4.6506E+05
0008214   7.6967E+07  3.7136E+06  3.0405E+06
0008215   7.6478E+07 -9.6409E+04  2.2656E+06
0008216   7.6381E+07  2.0006E+06 -2.6426E+06
0008217   7.4853E+07  7.2614E+04 -8.1249E+05
0008218   7.6012E+07 -1.3133E+06  2.9602E+06
0008219   7.4961E+07  4.5274E+05  6.5393E+05
0008220   7.4915E+07 -6.4387E+05 -1.3224E+06
0008221   7.2262E+07  7.5407E+06 -6.5303E+06
0008222   7.6940E+07 -4.9094E+05 -2.3766E+06
0008223   7.4813E+07 -2.9997E+05 -1.2442E+05
0008224   7.4198E+07 -6.7518E+05  9.4782E+05
0008225   7.4068E+07  3.9342E+05  1.4607E+05
0008226   7.5016E+07 -2.0905E+06  3.7180E+06
0008227   7.5133E+07 -1.9385E+06 -5.7529E+06
0008228   7.4870E+07 -1.8678E+06  2.8256E+06
0008229   7.3969E+07  1.0654E+06 -1.7096E+06
0008230   7.4153E+07  1.4765E+06 -2.4844E+05
0008231   7.7492E+07  1.8864E+06 -2.9227E+06
0008232   7.6203E+07 -6.7504E+05  1.1007E+06
0008233   7.3009E+07 -1.6761E+06  1.5428E+06
0008234   7.4065E+07 -2.9691E+05 -3.2876E+06
0008235   7.8144E+07  1.1485E+06  4.3581E+05
0008236   7.5171E+07  1.0389E+05  4.1949E+06
0008237   7.4737E+07 -3.4074E+06 -1.3760E+06
0008238   7.5825E+07  2.2438E+06  9.2289E+05
0008239   7.5952E+07  2.6177E+06 -5.0554E+05
0008240   7.6064E+07 -1.3121E+06  7.7414E+05
0008241   7.3279E+07  1.8903E+06  1.9336E+06
0008242   7.3020E+07  1.2218E+06  4.3201E+06
0008243   7.1735E+07  2.8606E+06 -5.0671E+06
0008244   7.7735E+07  8.6257E+05 -3.4905E+05
0008245   7.3997E+07 -1.6854E+06  1.4610E+06
0008246   7.5147E+07  5.9919E+05  1.5945E+06
0008247   7.4160E+07 -1.1971E+06 -2.7532E+06
0008248   7.6264E+07 -1.0885E+06  6.9807E+05
0008249   7.7049E+07 -6.0244E+05 -2.8484E+06
0008250   7.4860E+07  1.0366E+06  1.2589E+06
0008251   7.4420E+07 -1.4002E+06 -1.0069E+06
0008252   7.4619E+07 -1.2330E+06  1.4023E+06
0008253   7.3798E+07 -1.5258E+06 -2.3464E+05
0008254   7.3622E+07 -1.1548E+06  7.9973E+05
0008255   7.5694E+07  4.3679E+05  7.5477E+05
0008256   7.4542E+07  7.7732E+05 -1.6042E+06
0008257   7.5714E+07 -2.9663E+05 -3.4496E+04
0008258   7.2430E+07 -2.7091E+06  3.8976E+06
0008259   7.5843E+07 -7.9313E+04  4.4991E+05
0008260   7.3567E+07  6.5662E+05  1.7697E+06
0008261   7.5264E+07 -4.9807E+05  1.5314E+06
0008262   7.5610E+07  2.0092E+06  2.2580E+06
0008263   7.7409E+07  3.7668E+06  1.0535E+06
0008264   7.5034E+07 -4.0807E+06  2.4245E+06
0008265   7.5178E+07  6.9609E+04  1.4803E+06
0008266   7.6349E+07 -6.1553E+06 -9.9091E+05
0008267   7.4904E+07  1.8184E+06  1.2189E+06
0008268   7.7271E+07  1.1475E+06  6.8321E+05
0008269   7.3263E+07  8.2390E+05 -2.8182E+06
0008270   7.3651E+07  7.4731E+05 -8.5069E+05
0008271   7.6869E+07  1.2563E+06  8.1825E+05
0008272   7.3747E+07  1.1125E+06 -1.7911E+06
0008273   7.5915E+07  9.0194E+04 -5.4432E+05
0008274   7.4727E+07 -2.4600E+06 -1.0944E+06
0008275   7.5570E+07  6.4366E+05  7.0125E+05
0008276   7.2594E+07 -4.5476E+05 -1.3833E+06
0008277   7.4576E+07  1.2486E+06 -1.7797E+06
0008278   7.5397E+07 -4.6621E+05  4.8848E+06
0008279   7.3962E+07  1.5741E+06 -6.9201E+05
0008280   7.8049E+07 -2.2152E+06 -1.9554E+06
0008281   7.5262E+07  1.9393E+05  1.8149E+06
0008282   7.8978E+07 -2.7711E+06  2.2940E+06
0008283   7.5345E+07  8.6381E+05 -4.4780E+05
0008284   7.2915E+07  1.2713E+06 -1.2215E+06
0008285   7.5099E+07  1.4571E+05 -4.3127E+05
0008286   7.4367E+07 -1.3375E+06  4.0919E+05
0008287   7.3376E+07  1.5858E+06 -4.7951E+05
0008288   7.4983E+07 -5.1134E+05 -6.1051E+05
0008289   7.4865E+07  1.1779E+06 -1.7270E+06
0008290   7.4455E+07 -2.0651E+06  4.3978E+05
0008291   7.5390E+07  2.9285E+06  1.1807E+06
0008292   7.3279E+07  2.4409E+06  1.5772E+05
0008293   7.6167E+07  2.0811E+06  3.8009E+06
0008294   7.5363E+07  1.6273E+05  1.0450E+06
0008295   7.3238E+07 -3.1460E+06 -5.2489E+05
0008296   7.3604E+07 -3.4197E+06  1.0397E+06
0008297   7.4831E+07  4.0217E+05 -2.5976E+06
0008298   7.7212E+07  1.6558E+06  1.9119E+06
0008299   7.5015E+07  5.3412E+05 -6.6964E+05
0008300   7.4853E+07 -1.0614E+06  4.0333E+05
0008301   7.5384E+07 -4.0696E+06  2.7140E+06
0008302   7.5828E+07  3.7481E+05  1.8294E+06
0008303   7.4829E+07 -2.8348E+05  2.0113E+06
0008304   7.4035E+07  7.2794E+05 -8.3417E+05
0008305   7.5447E+07 -2.3473E+05 -1.7056E+06
0008306   7.3694E+07  1.1534E+06  2.5701E+05
0008307   7.3046E+07 -1.7261E+04 -1.1992E+06
0008308   7.3079E+07 -1.6220E+06 -4.9470E+05
0008309   7.5471E+07  2.2842E+06  1.1595E+06
0008310   7.5623E+07  1.2064E+06  1.0770E+06
0008311   7.7157E+07  2.9075E+04  1.7464E+05
0008312   7.6337E+07  2.6493E+06 -3.7492E+05
0008313   7.4816E+07 -4.4287E+06  6.3219E+06
0008314   7.6242E+07  3.3347E+05 -2.4949E+06
0008315   7.3536E+07  2.1376E+06  7.7655E+05
0008316   7.5254E+07 -2.3976E+06  6.6946E+05
0008317   7.4456E+07 -2.5271E+06  3.4169E+06
0008318   7.5864E+07  9.6653E+05  2.5550E+06
0008319   7.7738E+07 -2.5768E+05 -6.5067E+04
0008320   7.4363E+07 -6.4104E+05  1.2406E+06
0008321   7.3455E+07  1.2863E+06  1.7058E+06
0008322   7.4656E+07  5.1099E+05  1.5752E+06
0008323   7.3964E+07 -6.2476E+06  1.3029E+06
0008324   7.7958E+07 -1.1973E+06 -1.1204E+06
0008325   7.5316E+07 -2.5855E+06  7.3047E+06
0008326   7.5674E+07 -8.5925E+05 -3.7085E+05
0008327   7.5918E+07 -3.7932E+05 -1.0744E+06
0008328   7.6389E+07  5.8671E+04  3.1000E+05
0008329   7.3983E+07 -1.4085E+06  8.8707E+05
0008330   7.4341E+07  2.2722E+06 -1.4735E+05
0008331   7.7324E+07  1.4909E+06  9.9214E+04
0008332   7.6028E+07 -4.9354E+05 -3.6207E+06
0008333   7.8564E+07 -6.9430E+05  2.8022E+06
0008334   7.5719E+07 -1.5753E+06  1.8641E+05
0008335   7.7014E+07 -1.8744E+04 -7.2068E+05
0008336   7.5541E+07  1.2213E+06 -5.1303E+06
0008337   7.4192E+07 -2.1033E+06 -1.2468E+06
0008338   7.5888E+07  1.3810E+06 -6.6581E+04
0008339   7.5649E+07  3.1542E+06  5.8209E+05
0008340   7.3831E+07 -9.1118E+04 -3.3636E+06
0008341   7.5011E+07 -1.7189E+06 -3.0919E+05
0008342   7.5913E+07  1.8124E+05 -1.9547E+06
0008343   7.5117E+07 -3.8092E+05 -6.6510E+05
0008344   7.5112E+07  2.8728E+05  2.0310E+06
0008345   7.6062E+07 -4.7122E+06 -2.2788E+06
0008346   7.5795E+07  1.5658E+06 -1.4986E+06
0008347   7.4776E+07  2.9333E+06 -7.9081E+05
0008348   7.4227E+07  1.3552E+06  2.0769E+06
0008349   7.4625E+07 -3.1892E+06  1.1642E+06
0008350   7.6780E+07 -3.2674E+05  2.1871E+06
0008351   7.6450E+07  3.8048E+06  1.5264E+06
0008352   7.2058E+07 -5.0902E+06 -9.9324E+05
0008353   7.5392E+07 -1.1538E+06  8.9057E+05
0008354   7.6003E+07 -1.5268E+06 -5.4383E+05
0008355   7.5996E+07  2.2154E+06  7.7405E+05
0008356   7.5781E+07  6.9947E+05 -7.5932E+05
0008357   7.4564E+07 -3.3554E+06  1.5590E+06
0008358   7.4289E+07 -3.5724E+06 -1.7495E+06
0008359   7.4826E+07 -4.0252E+05  1.3865E+06
0008360   7.5023E+07  1.4517E+06 -4.0660E+05
0008361   7.6602E+07 -1.9088E+06  4.6770E+05
0008362   7.6268E+07 -1.5848E+06  7.6092E+03
0008363   7.4433E+07 -3.7657E+05  3.1563E+05
0008364   7.4363E+07  2.3658E+05 -1.5147E+06
0008365   7.5857E+07 -1.3280E+06 -1.2087E+06
0008366   7.6571E+07 -1.7099E+06  3.7977E+05
0008367   7.5843E+07 -2.1127E+06 -2.3370E+05
0008368   7.3437E+07 -3.1146E+05 -1.9007E+05
0008369   7.5024E+07  3.3423E+06  4.4274E+05
0008370   7.6354E+07  7.1957E+05 -1.4379E+06
0008371   7.4943E+07  2.2426E+04 -3.0156E+06
0008372   7.4409E+07  1.2648E+06 -2.9011E+05
0008373   7.4350E+07  7.5779E+04 -1.5856E+06
0008374   7.5971E+07 -2.2647E+05 -3.0910E+05
0008375   7.5684E+07 -2.0814E+06  1.5485E+06
0008376   7.6033E+07  1.1463E+06  7.2644E+05
0008377   7.4029E+07  4.8123E+05 -9.6062E+05
0008378   7.2064E+07  6.1701E+06 -1.2329E+07
0008379   7.9142E+07 -5.1153E+05 -5.4486E+05
0008380   7.4888E+07  5.1353E+05  1.3044E+06
0008381   7.5811E+07  1.5001E+06  3.9328E+06
0008382   7.2780E+07 -2.4229E+05  1.6658E+06
0008383   7.3244E+07 -2.5006E+06 -9.1318E+05
0008384   7.3949E+07  1.0893E+06  7.7712E+05
0008385   7.5652E+07 -2.4123E+05  1.3878E+06
0008386   7.4541E+07 -3.8699E+06 -4.8897E+06
0008387   7.3680E+07  6.0309E+05  6.0420E+05
0008388   7.3714E+07  1.3839E+06  1.9069E+06
0008389   7.4342E+07 -6.4044E+04  1.0309E+06
0008390   7.4504E+07 -1.0797E+06  8.8188E+05
0008391   7.7144E+07  7.9542E+05 -1.1027E+06
0008392   7.5224E+07  1.5706E+06 -4.2528E+05
0008393   7.5334E+07 -3.8004E+06 -2.6866E+06
0008394   7.4293E+07  1.0394E+06 -9.9857E+05
0008395   7.4889E+07  6.0170E+05  2.1742E+06
0008396   7.4330E+07 -1.8163E+06 -8.9195E+05
0008397   7.4823E+07  2.6790E+06 -3.1655E+06
0008398   7.5281E+07  1.4880E+06 -4.3643E+05
0008399   7.5479E+07  4.5880E+06 -1.8497E+06
0008400   7.6534E+07 -8.0165E+05  2.0070E+05
0008401   7.5216E+07  2.3885E+06  1.6487E+06
0008402   7.3865E+07  2.5950E+05  5.6575E+04
0008403   7.5853E+07  3.0850E+06 -2.1132E+06
0008404   7.4366E+07  6.6251E+06  9.3270E+05
0008405   7.7980E+07  1.2774E+06  8.4108E+05
0008406   7.5538E+07  2.0304E+06 -1.9406E+06
0008407   7.5663E+07  5.9599E+05 -3.6207E+06
0008408   7.3413E+07 -1.5907E+06 -4.7230E+06
0008409   7.5823E+07 -1.1208E+06 -1.5749E+06
0008410   7.6183E+07  1.1228E+06  6.9843E+04
0008411   7.4342E+07 -5.2358E+05  2.1542E+06
0008412   7.6675E+07  9.7965E+05  2.2489E+06
0008413   7.2918E+07  1.4314E+06 -2.8529E+06
0008414   7.4394E+07  7.9208E+05 -4.2492E+05
0008415   7.4483E+07 -7.7616E+05  1.6164E+06
0008416   7.4133E+07  3.7969E+06 -1.0659E+06
0008417   7.4913E+07  2.4152E+06 -8.4323E+05
0008418   7.3259E+07 -3.5623E+05 -2.1212E+05
0008419   7.3371E+07  1.1232E+06 -1.7706E+04
0008420   7.4120E+07 -1.1239E+06  1.0967E+06
0008421   7.3803E+07 -1.1542E+06 -1.1211E+06
0008422   7.5984E+07 -6.8269E+04 -1.0562E+06
0008423   7.5488E+07 -2.6563E+06 -6.1158E+05
0008424   7.5508E+07 -4.8274E+05  3.4285E+06
0008425   7.5585E+07 -4.1790E+06 -1.0291E+05
0008426   7.3922E+07 -1.9650E+06 -1.0652E+06
0008427   7.3460E+07 -1.5125E+06 -1.1603E+06
0008428   7.6758E+07 -1.2171E+06 -1.6129E+06
0008429   7.6438E+07 -1.6013E+06  2.7453E+05
0008430   7.6986E+07  7.9673E+05  1.2701E+05
0008431   7.3669E+07 -1.3979E+06  1.7153E+06
0008432   7.5178E+07  2.5139E+05 -1.5475E+06
0008433   7.3859E+07  1.3310E+05  3.5085E+05
0008434   7.5039E+07  2.1234E+05 -4.0860E+05
0008435   7.4419E+07 -1.9129E+06  1.3599E+06
0008436   7.5672E+07 -2.2349E+05  1.9749E+06
0008437   7.4376E+07 -7.8956E+05 -3.4368E+06
0008438   7.6308E+07  5.9928E+05 -4.5696E+05
0008439   7.4423E+07  6.5001E+04  1.2295E+06
0008440   7.5354E+07  1.2209E+06 -1.6227E+06
0008441   7.4372E+07  8.3265E+05 -5.6059E+05
0008442   7.6059E+07 -1.9870E+05  1.8909E+05
0008443   7.5472E+07 -2.3420E+06  2.0676E+06
0008444   7.5067E+07  1.0658E+06 -2.4409E+06
0008445   7.3930E+07  1.2067E+06  1.2029E+06
0008446   7.7632E+07 -6.2802E+05 -1.6279E+06
0008447   7.5722E+07 -2.7123E+06  6.1063E+05
0008448   7.4422E+07  1.0014E+05  6.6308E+05
0008449   7.3594E+07 -5.0627E+03  2.4755E+06
0008450   7.2627E+07 -5.7777E+05  1.6911E+05
0008451   7.3829E+07  2.1041E+06  1.8343E+04
0008452   7.5421E+07 -4.2892E+04 -1.4001E+06
0008453   7.7581E+07 -1.6229E+05 -1.3727E+06
0008454   7.4610E+07  1.5222E+06 -5.0209E+05
0008455   7.6746E+07 -2.2365E+06  2.1765E+06
0008456   7.3462E+07 -1.1089E+06  9.7252E+05
0008457   7.4784E+07 -6.3163E+05 -1.8101E+06
0008458   7.5129E+07 -2.3647E+06 -1.3164E+06
0008459   7.5150E+07  5.4619E+05  3.3355E+05
0008460   7.5692E+07 -1.5013E+06 -1.9665E+06
0008461   7.3376E+07  3.4768E+06 -6.3620E+05
0008462   7.4346E+07  1.3982E+06  8.7867E+05
0008463   7.4013E+07  5.7680E+05  1.2741E+06
0008464   7.5104E+07  3.1763E+06  5.4501E+05
0008465   7.5768E+07  3.5017E+05 -3.2363E+06
0008466   7.7648E+07  1.8241E+05  5.1898E+05
0008467   7.6233E+07 -3.0315E+06  1.5134E+06
0008468   7.6966E+07 -1.9455E+05 -1.9758E+06
0008469   7.2127E+07 -1.0324E+06  1.1590E+06
0008470   7.9115E+07 -4.9504E+06  7.5109E+04
0008471   7.3857E+07 -3.5252E+06 -2.7100E+06
0008472   7.5826E+07 -6.9434E+05 -8.1544E+05
0008473   7.5435E+07 -1.1600E+06 -1.1562E+05
0008474   7.4241E+07  3.3852E+06  2.2099E+06
0008475   7.6201E+07 -5.4856E+04  7.5255E+05
0008476   7.5266E+07 -9.2153E+06 -6.5354E+06
0008477   7.2116E+07 -6.1934E+05  3.3849E+05
0008478   7.5072E+07  2.7356E+06  3.6899E+06
0008479   7.3651E+07 -2.8036E+06 -5.4120E+06
0008480   7.5084E+07 -8.4152E+05 -4.4118E+05
0008481   7.5904E+07 -2.4450E+06 -2.2877E+06
0008482   7.5465E+07 -8.8966E+05  7.3445E+05
0008483   7.5160E+07  4.2830E+05  1.2932E+06
0008484   7.6054E+07 -1.8008E+06  2.7852E+06
0008485   7.6522E+07  2.6900E+06 -8.7426E+05
0008486   7.5712E+07 -6.7373E+05  1.8708E+06
0008487   7.3882E+07 -8.1376E+05  1.9724E+06
0008488   7.5900E+07 -1.9907E+06 -7.0629E+05
0008489   7.7693E+07  2.5785E+06  1.8523E+06
0008490   7.5179E+07  1.4788E+06  6.3220E+05
0008491   7.3854E+07 -5.8645E+05  1.7526E+06
0008492   7.5901E+07 -1.5349E+06 -2.0565E+06
0008493   7.7695E+07  1.4056E+06 -6.3017E+05
0008494   7.5814E+07  1.9373E+06 -1.2645E+06
0008495   7.2753E+07 -9.0284E+04  3.3513E+06
0008496   7.3171E+07  2.3421E+06 -4.3166E+05
0008497   7.6769E+07  9.3587E+05  2.5742E+06
0008498   7.5784E+07  6.4561E+05 -3.3984E+06
0008499   7.4710E+07  8.5875E+05 -2.1561E+06
0008500   7.3690E+07 -1.4068E+06 -6.3831E+05
0008501   7.3592E+07 -1.2006E+06 -3.2061E+05
0008502   7.4348E+07 -1.1519E+06  2.0803E+06
0008503   7.6283E+07  1.3693E+06  2.4242E+05
0008504   7.3648E+07  3.3648E+06 -1.1697E+06
0008505   7.6712E+07 -5.7887E+04  1.9203E+06
0008506   7.5734E+07 -9.0713E+05 -1.3111E+06
0008507   7.5210E+07  1.0618E+06  1.1376E+06
0008508   7.2864E+07  1.2661E+06 -2.9249E+06
0008509   7.8086E+07  1.8881E+06 -5.6324E+06
0008510   7.5744E+07 -1.9782E+05 -3.1676E+06
0008511   7.7429E+07  1.1028E+06  4.2489E+06
0008512   7.7092E+07  1.5185E+06 -3.2340E+06
0008513   7.4869E+07  1.3430E+06 -1.6061E+06
0008514   7.3604E+07 -6.7840E+06 -4.5258E+06
0008515   7.6274E+07 -2.7702E+06 -5.7869E+06
0008516   7.4269E+07  1.9273E+06  1.8248E+05
0008517   7.7566E+07  3.6091E+06 -7.9865E+04
0008518   7.4953E+07 -1.6287E+06  2.9481E+06
0008519   7.6043E+07  9.3606E+05 -1.2604E+06
0008520   7.4087E+07  2.0162E+06  1.4281E+06
0008521   7.6516E+07  1.2962E+06  9.7413E+05
0008522   7.6151E+07  2.6425E+06 -1.5413E+06
0008523   7.5933E+07  1.7991E+06 -6.2513E+05
0008524   7.2701E+07  1.6041E+06 -8.4182E+06
0008525   7.5176E+07  3.1981E+06 -2.8050E+06
0008526   7.3045E+07  1.3039E+05 -3.7177E+06
0008527   7.7319E+07 -2.7464E+06 -1.9722E+05
0008528   7.4753E+07  1.8730E+05  1.8865E+06
0008529   7.5886E+07 -9.5286E+04 -7.6209E+05
0008530   7.2799E+07  5.9381E+05 -1.7020E+06
0008531   7.5817E+07 -2.7696E+05 -5.9208E+05
0008532   7.5834E+07 -2.6165E+06  7.7777E+05
0008533   7.0431E+07  7.4559E+06  1.3790E+07
0008534   7.5274E+07  1.5592E+06 -1.3171E+06
0008535   7.4717E+07 -5.2060E+04 -2.8714E+05
0008536   7.5538E+07  7.0534E+05 -3.0199E+06
0008537   7.6684E+07  2.6772E+06 -9.0636E+04
0008538   7.6027E+07  2.9068E+05 -6.5886E+04
0008539   7.3990E+07 -3.5838E+06 -7.5725E+05
0008540   7.4124E+07 -5.7311E+05  1.9208E+06
0008541   7.6467E+07  3.3204E+05 -6.2881E+05
0008542   7.4324E+07 -1.8092E+06 -6.9036E+05
0008543   7.3333E+07 -7.9188E+04  9.5828E+05
0008544   7.5859E+07 -2.0914E+06 -1.4516E+06
0008545   7.5705E+07  2.5915E+06  1.4635E+06
0008546   7.5465E+07 -1.7052E+04 -1.6196E+06
0008547   7.3891E+07  1.6492E+06  8.3436E+06
0008548   7.6266E+07 -1.3323E+06  7.1542E+05
0008549   7.6083E+07 -1.2239E+06  1.1998E+06
0008550   7.4292E+07  7.6048E+05 -6.6283E+05
0008551   7.5675E+07  1.3558E+06  3.6622E+05
0008552   7.3842E+07 -1.9129E+06 -6.6045E+05
0008553   7.3982E+07  1.8552E+05 -3.1099E+06
0008554   7.3653E+07 -9.8808E+05 -1.9496E+06
0008555   7.6862E+07 -1.0110E+05  1.7940E+06
0008556   7.6281E+07 -1.8089E+06 -1.4416E+06
0008557   7.3784E+07 -1.2998E+05  1.1146E+06
0008558   7.4298E+07 -1.5220E+05 -5.3715E+04
0008559   7.4900E+07 -4.6252E+05  8.3419E+05
0008560   7.4633E+07  9.9376E+05  1.8536E+06
0008561   7.3817E+07 -1.0745E+06 -1.6415E+06
0008562   7.7352E+07 -1.2472E+05 -2.1243E+06
0008563   7.5842E+07 -8.8373E+05  1.8053E+06
0008564   7.5824E+07  7.5189E+05 -3.5134E+03
0008565   7.6523E+07  2.1084E+05  7.1119E+05
0008566   7.5236E+07 -1.4095E+05 -8.9814E+05
0008567   7.4967E+07  1.2265E+06  1.0879E+06
0008568   7.5741E+07 -1.6849E+06 -2.4413E+06
0008569   7.5426E+07  3.5292E+06 -1.1753E+06
0008570   7.3080E+07 -1.3977E+06 -4.4985E+05
0008571   7.4774E+07 -1.0456E+06  6.8746E+05
0008572   7.7071E+07 -7.9037E+05  2.9072E+06
0008573   7.5564E+07 -3.8207E+04  2.2869E+06
0008574   7.4884E+07  3.5468E+05  8.1509E+05
0008575   7.5945E+07 -5.0272E+05 -3.8480E+05
0008576   7.6847E+07 -3.3464E+05  1.5629E+06
0008577   7.2967E+07  1.6231E+06 -4.6770E+06
0008578   7.6851E+07  2.0461E+06  2.1635E+06
0008579   7.6892E+07  6.0859E+05  1.1307E+05
0008580   7.4938E+07 -3.4707E+05 -2.0967E+06
0008581   7.5757E+07  1.3576E+06  1.0272E+06
0008582   7.6655E+07  1.8426E+05 -7.3552E+05
0008583   7.6946E+07  8.7903E+05 -3.2300E+06
0008584   7.3478E+07  2.4492E+06  1.8953E+06
0008585   7.3055E+07  4.9823E+05  7.3341E+06
0008586   7.5839E+07  6.2593E+05 -9.4560E+05
0008587   7.4381E+07  3.3339E+06  2.3589E+06
0008588   7.3730E+07  3.3078E+06  4.0561E+06
0008589   7.3272E+07  3.1150E+06 -4.3705E+06
0008590   7.6321E+07  2.7277E+06 -4.4727E+06
0008591   7.5194E+07 -9.1628E+05  1.4202E+05
0008592   7.5016E+07  3.3155E+05 -2.6877E+06
0008593   7.5811E+07  6.3910E+05  1.0185E+06
0008594   7.4093E+07  3.3199E+06  3.9121E+06
0008595   7.6056E+07 -4.7388E+06 -4.1729E+06
0008596   7.3182E+07  1.9169E+06 -2.2583E+06
0008597   7.6921E+07  1.3521E+06 -8.8938E+05
0008598   7.5106E+07  1.1983E+06 -2.0046E+05
0008599   7.6365E+07  3.3022E+06  1.8129E+06
0008600   7.4896E+07  8.7008E+05 -1.2857E+06
0008601   7.6707E+07 -3.7270E+05  2.2733E+05
0008602   7.6549E+07  3.2850E+06 -1.1554E+06
0008603   7.5497E+07 -2.7103E+06  5.2836E+06
0008604   7.3437E+07 -3.0392E+03 -3.3451E+05
0008605   7.5217E+07  8.8299E+05 -1.2193E+06
0008606   7.6229E+07 -7.6929E+05 -6.1622E+05
0008607   7.0221E+07  4.9989E+06  5.0774E+06
0008608   7.5988E+07 -2.0940E+06  2.3454E+06
0008609   7.3441E+07 -1.5487E+06 -1.6714E+06
0008610   7.5561E+07  4.0416E+06 -6.3074E+04
0008611   7.3741E+07 -1.1349E+06  1.5022E+06
0008612   7.5487E+07  3.6015E+05 -1.5693E+06
0008613   7.1815E+07 -1.5767E+06 -1.2744E+06
0008614   7.5457E+07 -1.7846E+06 -2.3933E+06
0008615   7.5955E+07 -1.0158E+06  9.2830E+03
0008616   7.5299E+07 -2.4007E+06  1.2111E+06
0008617   7.3925E+07  9.5156E+04  2.1601E+06
0008618   7.3811E+07 -5.4045E+05  7.6817E+05
0008619   7.4928E+07  4.1253E+05 -1.9156E+06
0008620   7.3807E+07 -6.1733E+05 -7.5389E+05
0008621   7.3579E+07  1.9822E+06 -1.8077E+06
0008622   7.6270E+07  1.7787E+06 -2.7196E+06
0008623   7.3670E+07  1.0613E+06  6.6510E+05
0008624   7.5835E+07  1.9052E+06  5.5265E+05
0008625   7.3816E+07  4.1121E+05 -3.3414E+06
0008626   7.6010E+07 -7.5309E+05  5.6026E+04
0008627   7.7511E+07 -5.7703E+05  7.5286E+05
0008628   7.3560E+07  3.1559E+06 -2.5141E+06
0008629   7.5958E+07  3.5986E+05  3.5053E+05
0008630   7.7797E+07  4.2534E+05 -3.0432E+06
0008631   7.5965E+07  3.9486E+05 -2.0162E+06
0008632   7.8724E+07  1.3333E+06  1.2935E+06
0008633   7.8473E+07 -1.7107E+06  1.0269E+06
0008634   7.4010E+07  4.0527E+04  1.8697E+06
0008635   7.7056E+07 -1.9955E+05 -3.8656E+05
0008636   7.3191E+07 -1.5675E+06 -2.2141E+06
0008637   7.5888E+07 -7.6407E+05 -3.2867E+05
0008638   7.7239E+07 -1.2858E+05  2.9158E+06
0008639   7.5873E+07  1.8786E+06  3.7290E+06
0008640   7.4371E+07  2.3296E+05  6.2487E+05
0008641   7.5250E+07  5.6565E+05 -3.4469E+05
0008642   7.4608E+07 -1.5990E+05 -1.4714E+06
0008643   7.4333E+07 -2.8918E+06  2.8014E+06
0008644   7.5543E+07 -1.5732E+06  1.6340E+06
0008645   7.6805E+07 -1.4698E+05  2.6947E+05
0008646   7.4779E+07  4.1684E+05  9.1440E+05
0008647   7.2452E+07  1.5627E+06  3.8648E+06
0008648   7.4105E+07  1.7076E+06  3.8648E+05
0008649   7.4500E+07 -6.6975E+05  2.0071E+06
0008650   7.4675E+07  3.4226E+06  9.1620E+05
0008651   7.3767E+07 -1.0728E+06  3.8584E+06
0008652   7.5641E+07  1.9464E+06 -5.6427E+05
0008653   7.4193E+07  6.2584E+05  1.9895E+06
0008654   7.4885E+07  1.8802E+06 -5.1332E+04
0008655   7.5805E+07  3.6201E+06  1.3489E+06
0008656   7.3795E+07  1.0620E+06  1.8212E+06
0008657   7.3196E+07 -1.4824E+06 -2.3551E+06
0008658   7.3433E+07 -1.5289E+06 -1.4281E+06
0008659   7.4232E+07 -1.6155E+06 -3.1184E+04
0008660   7.4237E+07  2.8313E+05 -1.8065E+06
0008661   7.4659E+07 -1.0273E+06  3.6204E+06
0008662   7.5374E+07 -2.1944E+06 -8.4384E+04
0008663   7.3155E+07 -2.3479E+06  6.9200E+04
0008664   7.5539E+07 -5.2597E+05 -8.0251E+05
0008665   7.5386E+07  3.9244E+05 -1.8724E+06
0008666   7.3576E+07 -1.8542E+04  3.0904E+06
0008667   7.5764E+07  1.7712E+06 -1.7163E+06
0008668   7.5813E+07 -1.4387E+05 -1.7241E+06
0008669   7.5524E+07  3.2712E+05 -2.0353E+06
0008670   7.6788E+07 -1.0923E+06  8.5513E+05
0008671   7.3092E+07  5.0653E+04 -5.3219E+05
0008672   7.7350E+07 -1.5639E+05  2.1767E+06
0008673   7.3666E+07  3.8344E+05 -1.7543E+06
0008674   7.5055E+07 -1.5068E+05  1.7676E+06
0008675   7.6681E+07 -1.0217E+06 -3.0284E+06
0008676   7.3716E+07  7.3594E+05 -4.2342E+05
0008677   7.4421E+07 -5.1607E+05 -8.2514E+06
0008678   7.4729E+07  2.5204E+06 -1.2544E+06
0008679   7.5683E+07 -2.1330E+06 -1.7014E+05
0008680   7.6208E+07  1.6803E+06 -7.2750E+05
0008681   7.4366E+07 -2.0459E+05 -9.2160E+05
0008682   7.4988E+07  2.9914E+06  1.8479E+06
0008683   7.3878E+07  1.6400E+06  1.8751E+05
0008684   7.6535E+07 -2.2075E+06  2.4186E+06
0008685   7.2972E+07 -1.7299E+06 -2.8594E+06
0008686   7.4440E+07 -8.7325E+05 -2.2756E+06
0008687   7.6675E+07  8.2889E+05 -1.6636E+06
0008688   7.2787E+07 -6.8305E+05  5.4398E+05
0008689   7.6220E+07  8.0839E+05  1.1391E+05
0008690   7.2379E+07 -2.8389E+06  2.4197E+06
0008691   7.3997E+07  1.7754E+06 -2.0324E+06
0008692   7.5641E+07  1.0952E+06  1.0764E+06
0008693   7.4763E+07 -1.2579E+06  7.1616E+05
0008694   7.4836E+07  3.6245E+06 -1.9301E+06
0008695   7.4914E+07  3.1450E+06  2.5222E+06
0008696   7.4338E+07 -6.2469E+05 -1.9567E+06
0008697   7.6957E+07 -4.1461E+05  1.4597E+06
0008698   7.3918E+07 -2.9641E+06 -4.3830E+05
0008699   7.5464E+07  9.5769E+05  9.0824E+05
0008700   7.4818E+07  5.8381E+05  6.3353E+05
0008701   7.4242E+07  3.8824E+05 -3.9798E+06
0008702   7.7318E+07 -1.3834E+06 -1.0546E+06
0008703   7.5524E+07 -9.7639E+05 -2.1086E+06
0008704   7.6127E+07  1.1803E+06  3.9645E+06
0008705   7.4617E+07  2.9552E+06 -1.8513E+06
0008706   7.5679E+07  3.6299E+06 -2.8459E+05
0008707   7.5902E+07  1.0976E+05  1.0095E+02
0008708   7.4731E+07  4.3530E+05 -2.4606E+06
0008709   7.7496E+07 -4.1124E+04 -1.1231E+06
0008710   7.4734E+07 -1.6718E+06  1.3253E+06
0008711   7.4415E+07 -8.1164E+05 -1.2201E+06
0008712   7.4182E+07  1.6966E+06  7.3453E+05
0008713   7.4848E+07  6.3781E+04 -5.5986E+05
0008714   7.2145E+07  1.1387E+06 -1.5982E+06
0008715   7.5626E+07  2.7711E+05 -1.3570E+06
0008716   7.4910E+07  1.6699E+06 -1.7647E+06
0008717   7.4467E+07 -6.2812E+04  2.4988E+05
0008718   7.8012E+07  2.8108E+05 -2.1553E+06
0008719   7.5334E+07 -6.5231E+05  1.6423E+06
0008720   7.4094E+07 -3.2811E+06 -3.6768E+06
0008721   7.5741E+07 -5.4353E+04  3.6865E+06
0008722   7.4925E+07 -1.2013E+06  1.7808E+06
0008723   7.2664E+07  5.3383E+05  1.0263E+06
0008724   7.4653E+07  2.9996E+05  1.1774E+05
0008725   7.4560E+07 -1.9771E+06 -4.1093E+06
0008726   7.4766E+07 -4.6013E+05 -1.7801E+06
0008727   7.7508E+07  8.5982E+04 -9.6281E+05
0008728   7.2557E+07  1.0230E+05  3.0744E+06
0008729   7.5763E+07  1.5820E+06  5.0941E+05
0008730   7.5545E+07 -9.0656E+05  8.3806E+05
0008731   7.5119E+07 -3.5574E+06  1.2669E+06
0008732   7.5112E+07 -1.6297E+06  2.4175E+05
0008733   7.7523E+07  2.0466E+06  2.0448E+06
0008734   7.5576E+07 -1.5426E+06 -1.6244E+06
0008735   7.4825E+07  1.0363E+06 -4.5563E+05
0008736   7.6161E+07  2.0297E+06  3.9959E+06
0008737   7.5666E+07 -8.4234E+04 -7.6478E+05
0008738   7.5705E+07 -5.7992E+05 -5.0536E+05
0008739   7.3850E+07  1.1377E+06 -3.7255E+05
0008740   7.5472E+07 -1.1261E+06 -9.6753E+05
0008741   7.3396E+07  4.1924E+05 -2.3583E+06
0008742   7.5158E+07  4.3662E+05 -1.3561E+04
0008743   7.6592E+07 -3.4318E+05 -1.9477E+06
0008744   7.6235E+07  8.1633E+05 -1.5124E+06
0008745   7.5723E+07 -3.3734E+05 -1.4601E+06
0008746   7.4490E+07  7.4408E+05 -9.8102E+05
0008747   7.6365E+07 -2.8356E+06  1.9693E+06
0008748   7.5898E+07 -1.7468E+06 -9.5725E+05
0008749   7.5105E+07  5.4680E+05 -8.7595E+04
0008750   7.3268E+07 -3.5194E+05 -1.2318E+06
0008751   7.3025E+07  2.5153E+06 -7.3919E+05
0008752   7.5028E+07  6.4029E+05  1.3980E+06
0008753   7.7518E+07  2.9825E+05 -4.9478E+05
0008754   7.6681E+07  6.6135E+05  2.5783E+05
0008755   7.3850E+07 -4.5828E+06  1.3879E+05
0008756   7.5703E+07 -1.0543E+06 -2.6465E+04
0008757   7.6869E+07 -2.7145E+06 -1.4556E+06
0008758   7.6226E+07 -8.1154E+05 -2.5439E+06
0008759   7.3136E+07  2.0793E+06  1.0476E+06
0008760   7.4073E+07  1.1408E+04  4.3398E+05
0008761   7.4460E+07  2.4512E+06  2.0647E+06
0008762   7.5136E+07  6.9823E+05  1.4994E+06
0008763   7.5467E+07  1.3397E+06  3.6683E+05
0008764   7.5030E+07 -1.6607E+06  8.5173E+05
0008765   7.5394E+07  9.6305E+05 -7.4752E+04
0008766   7.6955E+07 -1.4021E+06 -2.7078E+05
0008767   7.7350E+07 -5.2131E+05 -5.6705E+06
0008768   7.5152E+07  8.3828E+05 -3.3873E+06
0008769   7.4052E+07 -2.6909E+06 -2.2804E+05
0008770   7.4454E+07  2.2440E+05 -2.2633E+06
0008771   7.6526E+07  8.5461E+05 -2.9874E+05
0008772   7.6419E+07 -5.8584E+05  4.1706E+05
0008773   7.2630E+07  9.0909E+05  2.9549E+06
0008774   7.6099E+07  2.9167E+06  1.6576E+06
0008775   7.6057E+07  3.8583E+06  4.0446E+05
0008776   7.6226E+07 -6.9531E+05 -1.0069E+06
0008777   7.6874E+07 -3.4071E+05  3.9017E+05
0008778   7.5293E+07 -1.8025E+06  1.6213E+06
0008779   7.3207E+07  9.2325E+05 -8.5557E+04
0008780   7.4240E+07  4.7162E+06  3.5007E+06
0008781   7.3690E+07  1.7612E+06 -5.6468E+05
0008782   7.3906E+07 -7.3628E+05 -4.3669E+05
0008783   7.7209E+07  2.0161E+06  1.6738E+05
0008784   7.4862E+07 -1.0827E+06 -2.6202E+05
0008785   7.3215E+07 -1.5344E+06 -3.6274E+06
0008786   7.6302E+07 -3.5474E+05 -1.3585E+06
0008787   7.5158E+07  6.3048E+05  1.3033E+06
0008788   7.6150E+07  1.3565E+05  3.9674E+05
0008789   7.7619E+07  5.3019E+05  1.8213E+06
0008790   7.7103E+07 -2.3768E+06  2.4245E+06
0008791   7.5212E+07  3.5584E+06 -6.1924E+05
0008792   7.5551E+07  2.3586E+06 -1.6442E+06
0008793   7.1804E+07  1.6463E+06  8.2585E+05
0008794   7.3524E+07 -2.1208E+06 -1.1561E+06
0008795   7.5822E+07 -1.6762E+06 -8.2708E+05
0008796   7.2398E+07  5.3563E+06  3.0175E+06
0008797   7.2635E+07  1.3351E+06  3.4747E+05
0008798   7.4897E+07 -3.7248E+05  2.3656E+06
0008799   7.4413E+07 -1.3648E+06  1.4739E+06
0008800   7.6604E+07  9.9465E+04  3.2993E+05
0008801   7.5588E+07 -1.2703E+05 -4.7450E+05
0008802   7.3527E+07  1.9934E+05 -1.6545E+06
0008803   7.5760E+07  1.8184E+06  1.0070E+06
0008804   7.6454E+07  1.3898E+05  2.3602E+06
0008805   7.3011E+07  5.7793E+05  1.9724E+05
0008806   7.5079E+07  3.7604E+05  3.6022E+05
0008807   3.5516E+07 -4.3553E+07  8.6322E+06
0008808   7.6186E+07 -1.1175E+04  8.9275E+05
0008809   7.5068E+07 -5.1766E+05  1.9418E+06
0008810   7.3831E+07 -4.5142E+05  1.4825E+05
0008811   7.5531E+07 -1.0808E+06 -5.9331E+05
0008812   7.3996E+07 -7.0772E+06  1.4125E+06
0008813   7.6241E+07  2.1473E+06  2.2373E+05
0008814   7.5302E+07 -1.1914E+06  1.0617E+06
0008815   7.5014E+07  1.0669E+06  1.3742E+06
0008816   7.5730E+07 -2.1962E+06 -3.2922E+06
0008817   7.4944E+07 -8.6474E+05  7.1662E+04
0008818   7.5149E+07 -1.0598E+06 -3.1170E+05
0008819   7.3445E+07  3.1070E+06 -7.0351E+05
0008820   7.7429E+07 -8.7837E+05  1.3873E+06
0008821   7.4268E+07  1.8675E+05 -1.3907E+06
0008822   7.3284E+07 -1.9106E+06  1.2023E+06
0008823   7.3717E+07  3.6917E+04  5.9114E+05
0008824   7.5234E+07  5.5962E+04  8.9769E+05
0008825   7.3860E+07 -8.3878E+03 -3.1925E+06
0008826   7.4188E+07  1.4912E+06  1.8183E+06
0008827   7.4130E+07  8.3299E+05  6.0689E+03
0008828   7.8002E+07 -2.6237E+06 -5.1476E+06
0008829   7.5194E+07  7.0093E+05  1.0649E+05
0008830   7.4519E+07  4.2022E+04 -4.2481E+05
0008831   7.5335E+07  3.7152E+05 -3.0371E+06
0008832   7.5123E+07  1.3645E+06 -4.1718E+05
0008833   7.3510E+07  1.4818E+06  1.8014E+06
0008834   7.6827E+07 -7.7125E+05 -1.7085E+06
0008835   7.4228E+07 -1.1361E+06  1.1894E+06
0008836   7.1708E+07 -1.8859E+03  4.4897E+06
0008837   7.4563E+07 -1.7601E+06  3.4560E+05
0008838   7.4885E+07  1.2485E+06  1.1940E+06
0008839   7.8048E+07  1.1003E+04  3.5319E+05
0008840   7.3444E+07 -9.5426E+05  8.6573E+05
0008841   7.6908E+07  1.5468E+06  5.4914E+05
0008842   7.5190E+07 -5.3552E+05  1.6007E+06
0008843   7.8370E+07  3.4351E+05  1.9534E+06
0008844   7.5159E+07  3.0313E+06  4.8145E+06
0008845   7.5124E+07 -1.0490E+06  7.8750E+05
0008846   7.5250E+07  3.0563E+06 -7.3698E+05
0008847   7.4562E+07  2.0776E+06  2.8837E+05
0008848   7.5489E+07 -1.9411E+06 -3.7994E+06
0008849   7.7038E+07  4.0587E+05  3.0815E+04
0008850   7.7551E+07 -1.2426E+06 -1.5839E+06
0008851   7.4569E+07  4.0531E+06 -1.1563E+06
0008852   7.6220E+07 -3.1266E+04 -2.4846E+06
0008853   7.6097E+07  9.1496E+05 -1.3311E+06
0008854   7.6941E+07 -9.9834E+04  9.3947E+05
0008855   7.4497E+07 -1.4836E+04  1.5884E+06
0008856   7.4048E+07 -1.2582E+05 -1.4424E+05
0008857   7.3307E+07 -1.1693E+06 -2.0247E+06
0008858   7.4870E+07  2.2530E+06  1.1302E+06
0008859   7.6855E+07  4.3894E+04  3.5093E+06
0008860   7.3541E+07 -1.0691E+06 -9.4127E+05
0008861   7.5418E+07 -1.6034E+06  1.6944E+06
0008862   7.4607E+07  8.1486E+05  7.7521E+05
0008863   7.2260E+07  3.9562E+05 -1.2200E+06
0008864   7.2918E+07  2.7482E+05 -1.1504E+06
0008865   7.4477E+07 -5.8400E+05 -6.7441E+05
0008866   7.5920E+07 -1.2999E+06 -6.9578E+05
0008867   7.4799E+07  1.2636E+06 -6.9312E+05
0008868   7.6232E+07  3.4343E+06  3.1207E+06
0008869   7.4525E+07  9.3870E+05  4.5211E+05
0008870   7.4747E+07  4.1722E+04  4.7593E+05
0008871   7.3773E+07  3.8778E+06 -7.1360E+05
0008872   7.4785E+07 -1.0399E+06 -2.5253E+04
0008873   7.7028E+07  2.0160E+06 -5.0757E+05
0008874   7.3261E+07  4.0545E+06 -2.6182E+06
0008875   7.6842E+07 -3.4242E+04 -7.1567E+05
0008876   7.5889E+07  1.7041E+06 -1.3522E+06
0008877   7.4409E+07 -6.4682E+05 -1.0399E+06
0008878   7.5225E+07 -5.3081E+05 -2.1830E+06
0008879   7.4434E+07  3.1919E+05  9.1083E+04
0008880   7.5069E+07  2.6026E+06 -1.3524E+06
0008881   7.5589E+07  3.8393E+05 -1.0238E+06
0008882   7.3345E+07 -7.6527E+06 -1.8243E+06
0008883   7.3224E+07  1.3109E+06 -1.7095E+06
0008884   7.6239E+07  1.5826E+06  1.8273E+06
0008885   7.4208E+07  4.8750E+05  7.2268E+06
0008886   7.6844E+07 -1.1827E+06  1.3890E+06
0008887   7.6937E+07  1.3757E+06  2.2088E+05
0008888   7.6300E+07 -2.0419E+06 -1.1023E+06
0008889   7.3302E+07  4.2291E+06 -2.5258E+06
0008890   7.6009E+07 -2.4225E+06  5.9182E+05
0008891   7.4148E+07 -2.4153E+05 -9.6360E+05
0008892   7.5046E+07  4.7665E+05  9.2201E+05
0008893   7.5810E+07 -7.9098E+05  1.2258E+06
0008894   7.4660E+07  7.4101E+06 -1.8825E+06
0008895   7.6193E+07 -6.3095E+05  3.4042E+06
0008896   7.4586E+07 -5.7346E+05  1.3289E+06
0008897   7.4955E+07 -1.6205E+06  8.7286E+05
0008898   7.5237E+07 -1.1298E+06 -1.7314E+06
0008899   7.5855E+07 -1.0786E+06  1.8064E+06
0008900   7.6438E+07  2.3685E+04  7.3907E+05
0008901   7.6837E+07 -4.5690E+05 -2.4700E+06
0008902   7.4281E+07 -2.1622E+06  1.1538E+06
0008903   7.5773E+07 -1.7242E+06  2.1653E+06
0008904   7.3999E+07 -1.2376E+05 -9.6998E+04
0008905   7.3560E+07 -6.6472E+06 -7.1644E+05
0008906   7.6057E+07  1.3575E+06 -1.2405E+06
0008907   7.2125E+07  3.1345E+06 -1.1801E+06
0008908   7.6175E+07  9.2236E+05  2.6551E+06
0008909   7.4577E+07 -4.9645E+05 -2.1209E+06
0008910   7.5689E+07 -1.1295E+06  1.2648E+05
0008911   7.5807E+07  1.0765E+06  5.6183E+05
0008912   7.3962E+07 -3.2342E+06  3.4835E+06
0008913   7.5546E+07  1.8384E+06 -2.2468E+06
0008914   7.5136E+07  1.4544E+05  1.0755E+06
0008915   7.5794E+07 -5.0557E+05  7.1702E+05
0008916   7.4210E+07 -2.1493E+06 -6.3111E+05
0008917   7.5316E+07 -9.7754E+05  1.1005E+06
0008918   7.4604E+07 -2.9277E+06  2.7142E+05
0008919   7.5174E+07  1.0463E+06 -3.6196E+05
0008920   7.5791E+07 -9.3448E+05  3.9260E+05
0008921   7.4485E+07 -1.7943E+06 -1.0095E+06
0008922   7.4351E+07  1.8198E+04 -5.0243E+05
0008923   7.5021E+07  2.5596E+06 -2.6703E+06
0008924   7.4263E+07  8.8360E+05 -1.3578E+06
0008925   7.4816E+07  2.1249E+06 -1.6507E+05
0008926   7.6582E+07  1.7193E+06 -7.8714E+05
0008927   7.6849E+07 -1.6193E+06 -3.5801E+06
0008928   7.4571E+07 -7.6916E+05  1.4103E+06
0008929   7.5347E+07  3.6643E+06 -1.5586E+05
0008930   7.5439E+07  1.3565E+06  9.3860E+05
0008931   7.3649E+07 -1.1446E+06 -1.4477E+05
0008932   7.6676E+07 -1.5452E+06  1.1465E+06
0008933   7.3608E+07 -9.4463E+05 -8.8469E+05
0008934   7.3477E+07  1.4225E+06 -1.5692E+06
0008935   7.4608E+07  3.3404E+06  8.9046E+05
0008936   7.4873E+07 -4.7828E+06  2.1601E+06
0008937   7.5363E+07  5.1202E+06 -1.0717E+06
0008938   7.2431E+07 -1.7053E+06  1.5679E+06
0008939   7.6183E+07  3.4695E+06 -1.5316E+06
0008940   7.4870E+07  9.3785E+05  1.4732E+06
0008941   7.5956E+07 -2.0740E+06  2.1999E+05
0008942   7.3801E+07  9.0335E+05 -1.7810E+06
0008943   7.4603E+07 -1.3128E+06 -3.9672E+06
0008944   7.3419E+07 -1.9965E+06 -1.0186E+05
0008945   7.4610E+07 -5.4796E+05  1.2140E+06
0008946   7.6979E+07  1.6766E+06  1.1922E+06
0008947   7.5644E+07  1.3704E+06 -1.8054E+06
0008948   7.4035E+07  3.1948E+06  1.2903E+06
0008949   7.4305E+07 -1.1776E+05 -3.5287E+04
0008950   7.6631E+07 -1.6433E+06  5.1765E+05
0008951   7.3246E+07 -1.6821E+06 -1.0376E+06
0008952   7.5986E+07 -9.8873E+05  5.7245E+05
0008953   7.3065E+07 -2.1363E+06 -1.2628E+06
0008954   7.3924E+07 -1.0954E+06  7.7715E+05
0008955   7.3504E+07 -7.1803E+05  7.4085E+05
0008956   7.5196E+07  2.2155E+06  1.9057E+06
0008957   7.4948E+07  3.7209E+06 -4.8911E+05
0008958   7.4812E+07 -2.5000E+05  2.7469E+06
0008959   7.5395E+07 -8.0935E+05  2.1465E+06
0008960   7.6930E+07 -1.2936E+06 -4.2608E+06
0008961   7.6022E+07  1.7044E+06  1.0125E+06
0008962   7.5597E+07  1.4776E+06 -1.3526E+06
0008963   7.3157E+07  1.0016E+06  1.1675E+06
0008964   7.6632E+07  7.1074E+05 -2.1745E+05
0008965   7.5569E+07 -8.1409E+05 -3.5677E+06
0008966   7.4231E+07 -2.2700E+06 -7.2670E+06
0008967   7.5335E+07  1.5373E+06  4.8051E+05
0008968   7.3943E+07 -4.7902E+06  1.2344E+06
0008969   7.6588E+07  1.2595E+06  2.4592E+05
0008970   7.7275E+07 -2.3799E+06  1.7082E+06
0008971   7.4736E+07 -1.3053E+06  2.0573E+06
0008972   7.3369E+07  1.2114E+06 -2.1776E+05
0008973   7.7415E+07 -9.4537E+05 -5.2245E+06
0008974   7.4479E+07  1.2626E+06  2.8342E+06
0008975   7.3140E+07 -1.0655E+06 -1.1109E+06
0008976   7.4256E+07 -1.6860E+06 -9.6139E+05
0008977   7.5295E+07  7.5165E+05  3.2637E+06
0008978   7.6256E+07  1.1262E+05 -2.2402E+06
0008979   7.6051E+07 -3.4355E+06 -1.1131E+05
0008980   7.5211E+07  3.1007E+05  9.9815E+05
0008981   7.6137E+07  1.4723E+06  2.5623E+06
0008982   7.4778E+07 -9.9244E+05 -3.6330E+06
0008983   7.3539E+07 -3.1976E+05  2.2094E+06
0008984   7.8385E+07  3.1142E+05  6.8227E+05
0008985   7.5589E+07  1.5377E+05  1.3447E+06
0008986   7.5694E+07 -1.3474E+06  1.4331E+06
0008987   7.5382E+07 -1.9559E+06  1.6277E+06
0008988   7.5635E+07 -3.5445E+05 -2.2423E+06
0008989   7.4793E+07  1.1947E+06  3.1839E+06
0008990   7.5410E+07 -7.5140E+05 -4.5818E+06
0008991   7.4250E+07 -2.6058E+06 -3.3628E+06
0008992   7.5082E+07 -1.5917E+05 -2.7328E+05
0008993   7.6603E+07  3.5896E+05  1.2179E+05
0008994   7.4813E+07 -9.9983E+05  3.9667E+05
0008995   7.5540E+07  5.0322E+06  7.4415E+05
0008996   7.5087E+07 -1.2144E+06  4.7461E+05
0008997   7.4975E+07 -1.0004E+06 -1.2575E+06
0008998   7.5967E+07  1.1549E+06 -1.4030E+06
0008999   7.5636E+07 -2.1286E+06 -3.7698E+05
0009000   7.6527E+07  3.9386E+04  9.2346E+05
0009001   7.6096E+07 -1.3475E+06  3.3022E+05
0009002   7.4201E+07  4.0393E+05 -3.0718E+06
0009003   7.6721E+07  1.1131E+06 -1.9228E+05
0009004   7.3630E+07 -2.5842E+06  2.6205E+05
0009005   7.7700E+07 -9.8991E+05  1.5058E+06
0009006   7.4684E+07 -5.5360E+05 -2.6250E+05
0009007   7.4974E+07  3.4169E+05  2.9837E+05
0009008   7.4932E+07  8.6778E+05 -5.3351E+05
0009009   7.2881E+07 -2.7421E+06  1.8855E+06
0009010   7.8472E+07 -2.3271E+05 -1.6899E+06
0009011   7.4408E+07 -2.7120E+06 -2.0435E+06
0009012   6.6525E+07 -2.0927E+07  1.0298E+07
0009013   7.4204E+07 -9.4757E+05  2.0744E+06
0009014   7.3948E+07  5.0600E+05  6.4214E+04
0009015   7.4352E+07 -4.0663E+05  1.5105E+06
0009016   7.6312E+07  3.5917E+06  1.0875E+06
0009017   7.3698E+07  2.4751E+05  5.9619E+05
0009018   7.6337E+07 -2.0928E+06 -1.5398E+06
0009019   7.4061E+07  2.4500E+06 -1.9571E+06
0009020   7.3686E+07  3.4106E+06  1.5894E+06
0009021   7.4454E+07 -2.9468E+06 -3.3260E+05
0009022   7.3838E+07  8.8941E+05 -9.1273E+04
0009023   7.4524E+07  6.4856E+05 -8.1598E+05
0009024   7.5637E+07  1.1790E+06  1.7660E+06
0009025   7.5303E+07  2.6727E+06  1.1444E+05
0009026   7.4727E+07  2.3333E+04 -1.3687E+06
0009027   7.3941E+07  1.9714E+06  1.2384E+06
0009028   7.5320E+07  1.0823E+06 -2.4561E+06
0009029   7.4990E+07  1.6930E+05  1.1413E+06
0009030   7.4313E+07 -1.3374E+06 -9.1854E+04
0009031   7.6385E+07  4.4877E+05  1.7226E+06
0009032   7.4203E+07 -7.9044E+05 -1.0685E+06
0009033   7.4253E+07  2.0172E+06  1.3387E+06
0009034   7.3402E+07  1.6884E+06  1.6450E+05
0009035   7.4535E+07  7.2254E+05 -5.4477E+05
0009036   7.3783E+07  8.1560E+05  1.0705E+06
0009037   7.3337E+07  1.0264E+06 -1.6461E+06
0009038   7.5108E+07  2.4662E+06 -2.9592E+06
0009039   7.5113E+07  9.0225E+05  1.1259E+06
0009040   7.2354E+07  7.8565E+06 -1.1996E+07
0009041   7.5262E+07 -5.7738E+05 -2.0648E+06
0009042   7.6790E+07 -1.1801E+05  1.5679E+06
0009043   7.5581E+07 -7.0600E+05 -1.6015E+05
0009044   7.5832E+07 -6.3079E+05 -8.3845E+05
0009045   7.3471E+07 -1.9287E+06  5.9906E+05
0009046   7.3466E+07  1.0684E+06 -1.3108E+06
0009047   7.6121E+07 -5.1234E+05  4.9000E+05
0009048   7.5546E+07 -2.6770E+06  2.4786E+06
0009049   7.4579E+07  1.9824E+05  1.4784E+06
0009050   7.3346E+07  9.0798E+05 -1.4216E+05
0009051   7.5238E+07  4.9848E+06  8.3523E+05
0009052   7.4484E+07 -1.6597E+06  2.6415E+05
0009053   7.3602E+07 -2.3338E+06 -8.0381E+05
0009054   7.4323E+07 -4.1219E+05  4.5823E+05
0009055   7.6647E+07  1.0080E+06  1.6512E+04
0009056   7.3368E+07  2.3431E+05  1.0035E+06
0009057   7.5143E+07  4.8549E+06 -3.8149E+06
0009058   7.4243E+07  2.3168E+06  1.7359E+06
0009059   7.4836E+07  1.3405E+06 -4.1716E+05
0009060   7.3713E+07  3.0585E+06  1.6932E+06
0009061   7.4823E+07 -1.4323E+06 -4.8886E+06
0009062   7.4032E+07  1.2455E+06  1.6437E+05
0009063   7.4173E+07 -1.2462E+06 -1.9587E+06
0009064   7.1779E+07 -1.0337E+06  1.4105E+06
0009065   7.4091E+07  3.7601E+05 -1.5498E+06
0009066   7.6586E+07  1.1740E+06  2.0483E+06
0009067   7.2980E+07 -4.1242E+05  3.4185E+05
0009068   7.5648E+07 -2.1027E+05  5.8284E+05
0009069   7.5093E+07 -2.2069E+06 -1.7062E+06
0009070   7.7443E+07  2.0219E+06 -7.7856E+05
0009071   7.5487E+07  9.9706E+05  2.5988E+05
0009072   7.7695E+07  3.9137E+06 -3.3468E+05
0009073   7.3275E+07 -2.9685E+06  2.3661E+06
0009074   7.7357E+07 -1.4702E+06 -8.6421E+05
0009075   7.6946E+07 -2.2938E+06  3.9854E+04
0009076   7.6655E+07  1.7364E+06  2.0471E+06
0009077   7.4726E+07  2.1659E+05  2.0577E+05
0009078   7.6830E+07  1.7531E+04  1.8044E+05
0009079   7.6464E+07  6.4532E+04 -1.5307E+06
0009080   7.4778E+07 -3.0308E+05 -2.7481E+06
0009081   7.5314E+07  5.3313E+06  3.2601E+06
0009082   7.2898E+07 -2.0882E+06  1.6364E+06
0009083   7.4698E+07 -1.8727E+06 -1.0342E+06
0009084   7.4269E+07  1.2629E+06  2.7489E+06
0009085   7.5420E+07 -2.3855E+06 -3.6159E+05
0009086   7.4362E+07  2.6418E+05 -1.2800E+06
0009087   7.8573E+07  4.5106E+05 -7.8229E+05
0009088   7.3730E+07  9.4937E+05  1.8397E+06
0009089   7.7865E+07 -2.7219E+06  3.2182E+05
0009090   7.6087E+07  8.3443E+05 -3.9919E+05
0009091   7.5916E+07  3.1148E+06 -1.3653E+05
0009092   7.6277E+07  2.1758E+06 -2.2720E+06
0009093   7.3966E+07  2.3681E+05 -2.1572E+05
0009094   7.3453E+07 -1.3692E+06 -1.9153E+06
0009095   7.5321E+07  1.9980E+06  7.4841E+04
0009096   7.3130E+07  2.4173E+06 -2.2946E+06
0009097   7.4140E+07  1.1096E+06 -8.5224E+05
0009098   7.6058E+07 -1.2209E+06  1.1123E+06
0009099   7.5586E+07  9.3002E+05  3.0542E+05
0009100   7.4032E+07 -1.6592E+06  1.0909E+06
0009101   7.4938E+07  3.6492E+05 -7.8550E+05
0009102   7.6690E+07 -5.1958E+04  2.8008E+05
0009103   7.6578E+07 -2.7859E+06  3.3064E+06
0009104   7.4621E+07 -7.3182E+04  2.1402E+06
0009105   7.6624E+07 -7.7882E+05  2.5168E+05
0009106   7.4686E+07 -2.5523E+06  1.2874E+06
0009107   7.4990E+07 -2.7663E+06  2.9719E+06
0009108   7.4719E+07  3.4926E+06 -2.2918E+06
0009109   7.4372E+07 -5.0474E+05  1.3317E+06
0009110   7.5371E+07  7.8747E+05 -5.5026E+05
0009111   7.6889E+07  1.4973E+06  1.6196E+06
0009112   7.5167E+07  6.5339E+04  2.5594E+06
0009113   7.3233E+07  2.8727E+05  8.1792E+04
0009114   7.3405E+07  8.7855E+05  2.5673E+06
0009115   7.5387E+07  5.0877E+05  8.2640E+05
0009116   7.4068E+07  3.1301E+04  1.0779E+06
0009117   7.5606E+07  1.1742E+06  2.3621E+06
0009118   7.6628E+07 -2.8326E+04  8.1998E+05
0009119   7.3134E+07  1.9845E+06 -2.1445E+04
0009120   7.4361E+07  1.8753E+06 -1.0994E+06
0009121   7.4384E+07  8.3623E+04  2.6136E+05
0009122   7.3879E+07  1.6770E+06 -8.1096E+05
0009123   7.3480E+07  2.3031E+06 -3.5628E+06
0009124   7.4540E+07 -1.2610E+06  3.6334E+05
0009125   7.3579E+07  1.4230E+06 -1.6442E+06
0009126   7.5046E+07  4.8094E+05  1.2502E+06
0009127   7.8233E+07 -3.7326E+06  2.4417E+04
0009128   7.1325E+07  7.8641E+05 -5.2567E+04
0009129   7.6725E+07  3.8895E+06 -2.1082E+06
0009130   7.3785E+07 -3.6240E+04 -2.3057E+05
0009131   7.5021E+07  2.0351E+05  1.1293E+06
0009132   7.5840E+07 -2.7624E+06  7.2142E+05
0009133   7.5398E+07 -1.4478E+05 -1.9184E+05
0009134   7.7043E+07 -1.6359E+06  5.2165E+06
0009135   7.5656E+07  1.0249E+06 -5.7987E+05
0009136   7.5537E+07 -1.0048E+06 -1.3337E+06
0009137   7.4406E+07  3.6839E+06  2.3847E+06
0009138   7.3470E+07  5.1583E+06 -2.9965E+06
0009139   7.4590E+07  1.3761E+06 -7.2433E+04
0009140   7.6254E+07 -1.6956E+06 -7.7213E+05
0009141   7.6261E+07  2.0416E+06 -9.3262E+05
0009142   7.5906E+07 -1.8502E+06 -1.0884E+06
0009143   7.6791E+07  9.8394E+05 -3.7505E+05
0009144   7.2851E+07  2.5372E+06  1.3508E+04
0009145   7.5743E+07  2.2497E+06  2.1892E+06
0009146   7.5172E+07 -7.9145E+05  2.5074E+05
0009147   7.4272E+07  2.1526E+05 -3.6262E+05
0009148   7.8976E+07  1.1973E+06  4.5343E+05
0009149   7.4886E+07 -5.5119E+05 -1.1789E+04
0009150   7.6411E+07 -1.0652E+06 -4.1296E+05
0009151   7.4059E+07  2.5346E+06  4.0337E+06
0009152   7.4993E+07 -1.6673E+06  7.4254E+05
0009153   7.2092E+07 -6.0999E+05  1.9649E+06
0009154   7.3945E+07  1.6733E+06 -9.7971E+05
0009155   7.5418E+07  1.8488E+06 -2.0297E+06
0009156   7.3476E+07 -1.6295E+06 -1.0786E+05
0009157   7.5536E+07  2.1783E+06  4.0261E+06
0009158   7.5583E+07 -8.5210E+05 -1.2944E+06
0009159   7.5890E+07  7.0848E+05  1.6963E+05
0009160   7.3100E+07  4.0944E+04  1.9644E+06
0009161   7.3224E+07 -2.4663E+06 -9.4689E+06
0009162   7.4283E+07  3.0498E+06  5.9611E+04
0009163   7.4054E+07  1.5453E+06 -8.6296E+05
0009164   7.5200E+07  1.8407E+06  4.5769E+06
0009165   7.6947E+07  9.7167E+05  3.0950E+06
0009166   7.7337E+07  3.5994E+06  1.0809E+06
0009167   7.5472E+07  6.7181E+05  2.4403E+06
0009168   7.3487E+07  1.4243E+06 -6.2413E+04
0009169   7.7336E+07  1.7830E+06 -7.2728E+05
0009170   7.1337E+07  1.4533E+06  2.3072E+06
0009171   7.6938E+07 -1.8559E+05 -6.2442E+05
0009172   7.5162E+07 -1.0426E+06  2.4733E+05
0009173   7.4542E+07  2.1948E+06 -1.0544E+06
0009174   7.4040E+07  4.1186E+05 -3.6555E+05
0009175   7.5541E+07 -4.8008E+05  2.8842E+05
0009176   7.6502E+07  9.9248E+05 -1.8921E+06
0009177   7.6356E+07 -6.2614E+05 -3.3596E+04
0009178   7.4942E+07  2.5747E+06  1.0223E+06
0009179   7.4405E+07 -3.1593E+06 -4.6568E+05
0009180   7.5568E+07  1.9159E+06 -1.2446E+06
0009181   7.6836E+07 -1.0215E+06 -2.2362E+05
0009182   7.5673E+07 -1.5415E+06  7.5282E+04
0009183   7.6163E+07  2.5851E+06 -8.9291E+05
0009184   7.5389E+07  2.4195E+06 -5.8014E+05
0009185   7.8174E+07 -3.5831E+05 -1.4180E+06
0009186   7.4393E+07 -9.1766E+05 -1.5335E+05
0009187   7.6232E+07  8.1100E+06  5.9225E+06
0009188   7.6336E+07 -3.8071E+05  1.4049E+06
0009189   7.4861E+07  2.7370E+05  1.4701E+06
0009190   7.3534E+07  2.8044E+06 -5.4810E+05
0009191   7.5384E+07 -8.0150E+05 -5.0503E+04
0009192   7.4873E+07 -9.1802E+05 -1.5494E+05
0009193   7.7172E+07 -1.7448E+06  4.7408E+06
0009194   7.3699E+07  1.8100E+06  2.4473E+06
0009195   7.3825E+07  3.8525E+06  2.3363E+06
0009196   7.6319E+07  7.5418E+06 -4.2652E+06
0009197   7.4807E+07 -6.6512E+04  2.3808E+06
0009198   7.3937E+07  3.1425E+06 -1.7374E+06
0009199   7.7009E+07 -1.1161E+06 -2.1399E+06
0009200   7.6678E+07 -4.0455E+04  1.1867E+06
0009201   7.4619E+07 -2.1908E+05 -1.4892E+06
0009202   7.3376E+07  1.4679E+06  2.1788E+06
0009203   7.3574E+07  2.3574E+05 -2.0296E+06
0009204   7.5439E+07  2.4744E+06  1.0145E+06
0009205   7.5175E+07 -9.3492E+05  7.0498E+05
0009206   7.3231E+07 -9.8258E+05  2.9589E+04
0009207   7.3859E+07 -1.2047E+06 -2.7694E+06
0009208   7.5906E+07 -3.0909E+05  9.3687E+05
0009209   7.7435E+07  7.2983E+05  4.2176E+06
0009210   7.5017E+07 -1.0251E+06 -3.4489E+05
0009211   7.3041E+07 -5.0389E+05  3.0132E+04
0009212   7.5417E+07 -7.9972E+05 -4.3679E+05
0009213   7.4457E+07  9.1202E+05 -1.0407E+06
0009214   7.5772E+07  7.6398E+05  1.9836E+06
0009215   7.5588E+07 -2.7400E+06  1.5929E+06
0009216   7.0576E+07  9.8503E+06 -1.0941E+07
0009217   7.1826E+07  3.2893E+06  8.0278E+06
0009218   7.2483E+07  1.0394E+06 -1.7074E+06
0009219   7.5835E+07  5.3591E+05  1.8205E+05
0009220   7.6620E+07 -1.7895E+05 -1.7902E+05
0009221   7.6475E+07  3.4371E+06  4.2039E+06
0009222   7.5184E+07 -2.5668E+06 -1.6804E+06
0009223   7.4203E+07  3.4768E+03  1.8005E+05
0009224   7.7150E+07 -9.9525E+05  1.3335E+06
0009225   7.3763E+07  6.9446E+05 -1.1044E+06
0009226   7.5840E+07  1.8762E+06  1.5914E+06
0009227   7.4726E+07 -3.4991E+06  3.6527E+02
0009228   7.3993E+07 -1.1797E+06 -5.5998E+05
0009229   7.7264E+07 -1.8693E+06 -6.2281E+05
0009230   7.6414E+07 -1.0008E+05 -1.7166E+06
0009231   7.5704E+07 -4.5155E+05  1.2181E+06
0009232   7.4202E+07 -3.0598E+06 -7.7962E+05
0009233   7.3767E+07  1.0730E+06 -2.0045E+06
0009234   7.6982E+07  3.3518E+06  6.8580E+05
0009235   7.7022E+07  5.1608E+05  4.9663E+06
0009236   7.3638E+07 -6.2074E+05  8.6070E+05
0009237   7.5311E+07  1.0167E+06  2.5842E+06
0009238   7.5818E+07 -6.4479E+04  4.7515E+05
0009239   7.4230E+07  5.1626E+05 -6.3408E+05
0009240   7.7460E+07  5.7846E+05  1.2130E+06
0009241   7.4540E+07  7.7928E+05 -9.6194E+05
0009242   7.4686E+07  1.0109E+05 -2.6855E+06
0009243   7.6108E+07  4.3885E+06 -3.5573E+06
0009244   7.4402E+07  1.5535E+05 -5.8921E+05
0009245   7.3833E+07 -1.6882E+06 -1.5582E+06
0009246   7.3858E+07 -1.6837E+06  2.4604E+06
0009247   7.6258E+07 -6.2714E+05  1.7334E+06
0009248   7.2828E+07  1.4787E+05 -1.7983E+05
0009249   7.4157E+07  2.7625E+06 -3.7569E+06
0009250   7.5859E+07 -4.0761E+05  4.9095E+04
0009251   7.4624E+07 -1.4511E+06  8.7425E+05
0009252   7.6169E+07 -7.4914E+05 -1.4004E+06
0009253   7.5179E+07 -5.8375E+03 -1.5787E+06
0009254   7.5377E+07 -2.0419E+06 -2.1270E+06
0009255   7.3226E+07  2.8769E+06  5.5795E+04
0009256   7.5083E+07  9.3088E+05  2.8547E+05
0009257   7.3768E+07  4.6212E+05 -3.1586E+05
0009258   7.6439E+07 -2.0149E+06 -5.4798E+05
0009259   7.6008E+07 -4.1841E+06  3.4579E+06
0009260   7.7051E+07 -8.5388E+05  1.0630E+06
0009261   7.7812E+07 -1.2306E+06  7.0011E+05
0009262   7.5614E+07  6.9169E+05  3.2764E+06
0009263   7.6041E+07  2.2255E+06 -1.5602E+06
0009264   7.2642E+07 -2.0792E+06  7.3954E+05
0009265   7.5724E+07 -1.4706E+05  6.1558E+05
0009266   7.1993E+07  1.0002E+06  7.7908E+05
0009267   7.4645E+07 -2.1913E+05  9.6954E+05
0009268   7.5279E+07  1.4117E+06  2.3750E+06
0009269   7.5346E+07 -6.3934E+05  1.4575E+06
0009270   7.3922E+07  9.8634E+04  3.0167E+06
0009271   7.4576E+07 -1.8021E+06 -4.1851E+05
0009272   7.6537E+07  1.1168E+05 -2.2159E+06
0009273   7.5510E+07 -1.4984E+06 -1.9481E+06
0009274   7.6983E+07 -1.4322E+06  3.5713E+05
0009275   7.7236E+07 -8.0477E+05 -6.2412E+05
0009276   7.5272E+07  4.2532E+06 -1.1157E+06
0009277   7.5086E+07 -1.1007E+06  1.6776E+06
0009278   7.3287E+07  9.8335E+05  1.2365E+05
0009279   7.7113E+07  1.3465E+05  1.8581E+06
0009280   7.4731E+07 -3.6840E+06  8.4195E+06
0009281   7.4308E+07 -1.1888E+06  1.1386E+06
0009282   7.1276E+07 -1.5232E+05  2.5963E+05
0009283   7.3415E+07  3.1117E+06 -4.9794E+05
0009284   7.4115E+07 -7.6405E+04 -2.3469E+06
0009285   7.6154E+07  7.3863E+05  2.2060E+06
0009286   7.3962E+07 -3.2455E+06  1.3341E+05
0009287   7.4375E+07  2.9345E+05  1.9987E+06
0009288   7.8016E+07 -1.4731E+06  1.0259E+06
0009289   7.6292E+07  2.6143E+05  8.5429E+05
0009290   7.4965E+07  3.4370E+06 -4.4561E+05
0009291   7.5708E+07  3.3800E+06  1.9181E+06
0009292   7.5394E+07 -2.2359E+06  2.1402E+05
0009293   7.6566E+07 -3.1277E+05  1.2343E+06
0009294   7.5644E+07 -4.1914E+06  1.3461E+06
0009295   7.4966E+07 -1.1429E+06  2.1358E+06
0009296   7.6230E+07  1.1320E+06 -2.0567E+06
0009297   7.7293E+07 -1.3605E+06  2.7392E+05
0009298   7.3548E+07  8.8170E+05  1.6353E+06
0009299   7.5372E+07 -5.4200E+05  7.1403E+05
0009300   7.5633E+07  1.3528E+06  1.6905E+06
0009301   7.5333E+07 -1.6476E+06 -8.4481E+05
0009302   7.4924E+07 -5.2287E+06 -1.7514E+06
0009303   7.3916E+07 -9.2532E+04 -8.1313E+05
0009304   7.4642E+07  1.8261E+06  3.7126E+06
0009305   7.8144E+07 -9.2483E+05  1.2757E+06
0009306   7.3371E+07  3.5577E+05  2.7147E+05
0009307   7.5593E+07 -5.9001E+04 -2.0633E+06
0009308   7.3698E+07  5.1023E+05 -7.5766E+04
0009309   7.4227E+07 -6.4964E+05  1.7513E+06
0009310   7.5279E+07 -2.1733E+06  3.8051E+06
0009311   7.4815E+07  9.1577E+05  1.4143E+06
0009312   7.4434E+07  1.8521E+06  1.2517E+06
0009313   7.4621E+07 -2.1288E+06 -1.4957E+06
0009314   7.3808E+07 -1.6622E+05  1.4202E+06
0009315   7.7572E+07  1.1409E+05 -5.0447E+05
0009316   7.3087E+07  8.7973E+05 -1.4764E+05
0009317   7.8402E+07  1.0407E+05 -1.1020E+06
0009318   7.3976E+07 -1.3628E+06 -3.5566E+05
0009319   7.3975E+07  2.7558E+06  8.9719E+05
0009320   7.7184E+07  1.3712E+06 -1.8521E+06
0009321   7.4752E+07  8.2638E+05 -6.2976E+05
0009322   7.4810E+07 -3.8370E+06 -1.7553E+06
0009323   7.6527E+07  1.3118E+04  4.9475E+05
0009324   7.5287E+07 -2.9030E+05  3.4353E+06
0009325   7.6791E+07  1.3662E+05  1.1184E+05
0009326   7.4433E+07 -1.2509E+06  1.3873E+06
0009327   7.3213E+07 -1.0256E+07  4.6428E+06
0009328   7.5675E+07 -2.4458E+06  6.0251E+05
0009329   7.6019E+07 -2.7661E+06  1.9132E+06
0009330   7.6313E+07  8.9707E+05  1.6737E+06
0009331   7.5788E+07 -1.8929E+06 -6.8152E+05
0009332   7.3737E+07 -5.7806E+05  4.1663E+04
0009333   7.6817E+07  7.0778E+05 -9.0688E+05
0009334   7.5594E+07  9.6637E+04 -2.0606E+06
0009335   7.4205E+07 -6.0133E+05  2.5439E+06
0009336   7.3609E+07  7.9430E+05 -1.0664E+06
0009337   7.4768E+07  7.5773E+05  1.4804E+05
0009338   7.3208E+07  2.9064E+05  4.1649E+05
0009339   7.3456E+07  1.3062E+06  3.6577E+06
0009340   7.6062E+07 -2.3032E+06 -7.4487E+05
0009341   7.7060E+07 -2.1416E+06  1.3414E+06
0009342   7.3316E+07 -1.1484E+06 -8.6671E+05
0009343   7.6212E+07  5.0730E+05 -1.7798E+05
0009344   7.5713E+07 -2.9863E+06  1.1065E+06
0009345   7.4026E+07  1.5337E+06  1.1080E+05
0009346   7.4126E+07  2.5440E+04  1.6431E+06
0009347   7.3769E+07  3.2571E+05 -2.2255E+06
0009348   7.4958E+07  2.1412E+06 -3.7821E+06
0009349   7.3890E+07  3.0013E+06  3.2063E+06
0009350   7.5669E+07  1.6489E+06  1.0052E+06
0009351   7.5126E+07  1.0811E+06  2.3066E+06
0009352   7.3837E+07  3.2294E+05  1.1688E+06
0009353   7.3964E+07 -2.2386E+06 -6.8428E+06
0009354   7.4110E+07 -2.1901E+06 -5.9101E+06
0009355   7.3059E+07 -1.7474E+05  1.3019E+06
0009356   7.5789E+07  4.9827E+06 -1.3405E+06
0009357   7.3799E+07  4.6240E+05 -8.2982E+05
0009358   7.7384E+07 -1.3731E+05  7.1041E+05
0009359   7.3276E+07  3.0116E+06 -4.5881E+06
0009360   7.5134E+07  7.3358E+05 -6.1720E+05
0009361   7.4229E+07  4.6904E+05 -2.1523E+06
0009362   7.2970E+07  2.4794E+06  8.9001E+05
0009363   7.4833E+07 -1.2305E+06 -7.6912E+05
0009364   7.2265E+07 -1.2181E+04 -1.6390E+06
0009365   7.4503E+07  1.1716E+06 -4.2796E+05
0009366   7.3751E+07  1.8649E+06  6.4025E+04
0009367   7.6911E+07  5.7938E+05  8.1792E+05
0009368   7.6339E+07  2.1705E+06 -1.3800E+06
0009369   7.6053E+07  3.9055E+05 -2.4933E+06
0009370   7.6159E+07 -3.4701E+06  2.4751E+06
0009371   7.4141E+07 -1.1884E+06 -1.6371E+06
0009372   7.6322E+07 -3.2359E+05 -3.8536E+05
0009373   7.4766E+07 -9.3183E+05 -1.2032E+04
0009374   7.2827E+07 -3.3305E+05  5.0873E+05
0009375   7.6179E+07  6.2543E+04  5.9710E+05
0009376   7.2278E+07  2.6111E+05  3.3634E+06
0009377   7.6752E+07 -8.5396E+05 -9.1855E+05
0009378   7.5561E+07 -1.7589E+06 -1.0324E+06
0009379   7.3808E+07  3.4048E+05  3.3249E+06
0009380   7.2798E+07  5.6045E+05  1.1867E+06
0009381   7.5625E+07 -6.4093E+05 -9.6282E+05
0009382   7.5204E+07 -3.6453E+05 -1.7200E+06
0009383   7.5858E+07  6.9404E+05  2.6254E+06
0009384   7.4862E+07  1.0858E+05 -2.2546E+06
0009385   7.5605E+07  9.6507E+05  2.2262E+06
0009386   7.7027E+07 -1.4820E+05  3.0629E+05
0009387   7.6200E+07  5.2967E+06 -2.7176E+05
0009388   7.6275E+07 -2.5335E+06  1.5492E+06
0009389   7.5278E+07  2.4593E+06  1.5109E+06
0009390   7.5564E+07  6.9589E+05  5.5336E+05
0009391   7.6261E+07  1.5859E+06  3.6014E+06
0009392   7.4221E+07 -4.2555E+05 -6.3519E+05
0009393   7.7745E+07  2.4394E+06 -6.9809E+05
0009394   7.3752E+07 -1.3469E+06  1.0644E+06
0009395   7.4790E+07  3.2547E+05  1.0798E+06
0009396   7.3358E+07  1.2348E+06 -8.8654E+05
0009397   7.5423E+07  9.9587E+05 -2.3067E+06
0009398   7.3963E+07  1.2483E+06  5.3918E+05
0009399   7.4988E+07 -1.3458E+05 -5.1355E+05
0009400   7.6106E+07  2.4860E+06 -9.1672E+05
0009401   7.3387E+07  1.4977E+06 -1.2649E+06
0009402   7.5074E+07  5.4865E+05 -5.2020E+05
0009403   7.4947E+07  2.0654E+06 -2.3270E+06
0009404   7.6422E+07 -2.8327E+06 -4.0014E+04
0009405   7.3267E+07  1.4050E+06  2.3055E+06
0009406   7.4828E+07  2.9153E+06 -1.0813E+06
0009407   7.2412E+07  9.2936E+06  6.1068E+06
0009408   7.2229E+07  1.3927E+06  1.5530E+06
0009409   7.5797E+07  9.3693E+03  1.2161E+06
0009410   7.4555E+07  2.2290E+06 -2.4247E+06
0009411   7.2927E+07  3.7344E+05  2.9269E+05
0009412   7.4905E+07  4.0389E+05  3.9263E+06
0009413   7.4787E+07  1.1232E+06  1.0759E+05
0009414   7.6017E+07 -1.0546E+06 -5.8707E+05
0009415   7.2263E+07 -3.6571E+06 -4.9439E+06
0009416   7.6319E+07 -4.3981E+05 -2.4050E+05
0009417   7.5839E+07 -2.0601E+06  8.3314E+05
0009418   7.4295E+07  1.1686E+06 -2.2297E+06
0009419   7.3946E+07 -7.0123E+05  2.6482E+06
0009420   7.5631E+07 -9.2832E+05 -3.2961E+05
0009421   7.5645E+07 -1.0284E+06 -1.2240E+06
0009422   7.4821E+07 -1.9293E+06 -1.8110E+05
0009423   7.6080E+07  8.0645E+05 -2.3001E+06
0009424   7.4040E+07 -8.3926E+05 -1.0893E+06
0009425   7.4325E+07 -1.5097E+06 -4.8698E+05
0009426   7.7209E+07  3.5660E+06  7.5423E+05
0009427   7.5674E+07  2.3190E+06  1.6079E+06
0009428   7.4356E+07 -1.3701E+06 -1.4822E+06
0009429   7.5470E+07 -1.3452E+05 -1.6975E+06
0009430   7.6259E+07 -3.1103E+06  2.1494E+06
0009431   7.5384E+07  1.8482E+06 -3.0680E+05
0009432   7.4759E+07  2.5447E+06  4.6940E+06
0009433   7.6668E+07  1.0605E+06  4.5235E+04
0009434   7.4611E+07 -1.8722E+06 -1.3603E+06
0009435   7.4169E+07 -1.9851E+06  5.6558E+05
0009436   7.5055E+07 -4.4914E+06  8.1842E+06
0009437   7.6379E+07  9.0656E+05  5.9840E+05
0009438   7.5470E+07 -1.0997E+06 -1.0181E+06
0009439   7.5692E+07  3.0830E+06  1.2889E+06
0009440   7.6388E+07 -3.7081E+05  4.2709E+06
0009441   7.4434E+07 -3.9113E+05 -1.7921E+06
0009442   7.5085E+07  2.0470E+06 -1.6418E+06
0009443   7.4343E+07 -6.2524E+04 -2.5035E+05
0009444   7.5171E+07 -1.3779E+06 -9.1651E+05
0009445   7.4981E+07 -1.5385E+06  7.9695E+05
0009446   7.5684E+07  1.1498E+06 -6.7859E+05
0009447   7.4534E+07 -2.8193E+06  7.9044E+05
0009448   7.4782E+07  1.5346E+06 -3.3845E+05
0009449   7.3371E+07  2.1742E+06  3.1227E+05
0009450   7.5261E+07  3.7990E+05  4.3127E+06
0009451   7.5328E+07  3.1630E+06  6.8372E+06
0009452   7.5893E+07  2.4485E+06  1.1576E+06
0009453   7.5822E+07  2.3797E+05  2.9974E+06
0009454   7.4296E+07 -5.5690E+05 -4.2896E+05
0009455   7.6492E+07 -6.6049E+05  4.9318E+05
0009456   7.4748E+07 -3.0757E+06  1.8254E+06
0009457   7.5017E+07  7.4136E+05  4.5294E+05
0009458   7.3409E+07 -1.2297E+06  1.1065E+06
0009459   7.6050E+07  8.0417E+05  1.6530E+05
0009460   7.3160E+07  1.2198E+06 -6.6989E+05
0009461   7.3927E+07 -2.6731E+05  7.8893E+05
0009462   7.5834E+07  9.5874E+05 -4.5277E+05
0009463   7.4936E+07  2.8303E+05  3.4561E+06
0009464   7.5286E+07 -1.8408E+05  3.0164E+06
0009465   7.8451E+07  2.1561E+05  1.3372E+06
0009466   7.4378E+07  4.3008E+05 -4.0027E+05
0009467   7.3808E+07 -4.1656E+05 -9.4441E+04
0009468   7.6359E+07  6.3187E+05 -2.1661E+06
0009469   7.6319E+07  1.6661E+06  1.8075E+06
0009470   7.4187E+07 -1.7305E+06 -1.6994E+06
0009471   7.4877E+07  1.3337E+06 -8.2273E+05
0009472   7.4531E+07 -5.5130E+06 -1.6369E+06
0009473   7.6139E+07 -1.7550E+06  6.7550E+05
0009474   7.7073E+07 -1.3704E+06 -2.8461E+06
0009475   7.5733E+07 -1.3882E+06  9.0792E+05
0009476   7.3133E+07 -1.1185E+06 -1.3464E+06
0009477   7.6017E+07  1.2591E+06  3.0656E+06
0009478   7.4499E+07 -7.7654E+05 -1.8796E+06
0009479   7.3045E+07  3.3389E+05  8.7766E+05
0009480   7.4642E+07 -1.8070E+06  2.9698E+05
0009481   7.3670E+07 -1.3207E+06 -1.8620E+05
0009482   7.4969E+07  1.4676E+06  2.3480E+06
0009483   7.5954E+07  1.7000E+06  1.6996E+06
0009484   7.6075E+07 -1.7528E+06  1.5242E+06
0009485   7.4598E+07  1.2991E+06 -8.9061E+05
0009486   7.6827E+07  5.4564E+04 -3.8485E+06
0009487   7.5908E+07  1.6138E+06 -7.1877E+04
0009488   7.6566E+07 -7.4754E+05 -2.8440E+04
0009489   7.5117E+07  3.6085E+03  1.1230E+06
0009490   7.3963E+07 -3.1416E+06  1.8531E+05
0009491   7.2114E+07 -1.5726E+06 -2.0457E+06
0009492   7.6052E+07  1.5687E+06 -1.1010E+06
0009493   7.7789E+07 -7.3886E+05  2.3926E+06
0009494   7.5949E+07 -3.2790E+06 -3.8068E+06
0009495   7.4577E+07 -4.0839E+06  3.5083E+06
0009496   7.3153E+07  2.7909E+06  7.8063E+05
0009497   7.3179E+07  1.6897E+05 -7.7730E+05
0009498   7.2392E+07 -4.7317E+05 -7.4844E+05
0009499   7.6110E+07 -5.5298E+05  3.7951E+05
0009500   7.7129E+07  4.3002E+05  1.3116E+06
0009501   7.3587E+07  5.8207E+05  1.1817E+06
0009502   7.3126E+07  8.8226E+05 -7.0532E+05
0009503   7.7801E+07 -2.3407E+06 -1.9366E+06
0009504   7.6189E+07  9.9280E+05 -3.1051E+05
0009505   7.2635E+07  6.2159E+06 -5.8581E+06
0009506   7.5526E+07 -7.7786E+04  9.6297E+05
0009507   7.4348E+07  1.3690E+06 -2.3989E+06
0009508   5.8016E+07 -3.0497E+06  1.0258E+07
0009509   7.7259E+07  1.6074E+06 -2.4861E+03
0009510   7.3868E+07 -2.7091E+06  2.3205E+06
0009511   7.4035E+07 -2.3969E+06  1.4163E+06
0009512   7.4333E+07  4.0092E+05  7.9753E+05
0009513   7.4180E+07  2.1939E+06  2.7473E+05
0009514   7.5928E+07  1.0219E+06  1.7671E+06
0009515   7.6397E+07  3.7013E+05 -1.2182E+06
0009516   7.4452E+07 -1.2293E+06  2.3650E+06
0009517   7.7223E+07 -9.2103E+04 -5.1799E+05
0009518   7.7031E+07  1.4542E+06  8.6708E+05
0009519   7.4851E+07 -3.6738E+05  7.6489E+05
0009520   7.6040E+07 -4.5466E+05  1.5881E+06
0009521   7.5997E+07  1.9377E+05  1.5626E+06
0009522   7.4664E+07  1.8427E+04  5.9915E+05
0009523   7.5582E+07  1.3874E+06 -1.0188E+06
0009524   7.5373E+07  6.1839E+05 -1.7233E+06
0009525   7.4663E+07 -8.2396E+05 -2.1273E+06
0009526   7.4489E+07 -1.8682E+05 -2.0463E+06
0009527   7.4408E+07 -7.0921E+05  1.2348E+06
0009528   7.4443E+07 -2.1063E+06 -3.8806E+05
0009529   7.3777E+07  1.8437E+06  6.3068E+05
0009530   7.4031E+07  2.7724E+06  8.6700E+05
0009531   7.5288E+07  2.0956E+06  2.7445E+06
0009532   7.5245E+07 -4.8107E+06 -3.2425E+05
0009533   7.6471E+07 -1.9349E+06  2.0034E+05
0009534   7.4136E+07 -3.6086E+05 -3.1405E+06
0009535   7.4845E+07  7.4453E+05 -1.4153E+06
0009536   7.5479E+07  2.2703E+06  1.2718E+06
0009537   7.4430E+07  1.5942E+06  1.4724E+06
0009538   7.7336E+07 -3.5276E+05 -1.3300E+06
0009539   7.4072E+07 -8.8512E+05  1.5705E+05
0009540   7.4429E+07 -5.4352E+06 -6.9632E+05
0009541   7.3590E+07 -2.3879E+05 -8.2094E+05
0009542   7.4277E+07  7.5809E+06 -1.7108E+06
0009543   7.5953E+07 -6.1694E+05 -5.1540E+05
0009544   7.5782E+07 -6.6333E+05  9.2026E+05
0009545   7.3737E+07  8.4549E+05 -7.6031E+05
0009546   7.5389E+07 -1.9285E+05 -1.5579E+06
0009547   7.4431E+07  7.3220E+05  8.9641E+05
0009548   7.4423E+07 -1.1581E+06  4.4759E+05
0009549   7.5478E+07  5.4437E+05 -4.5244E+05
0009550   7.5776E+07 -1.8745E+06  8.8665E+04
0009551   7.6813E+07  2.1625E+06 -6.6425E+05
0009552   7.2675E+07  3.6909E+05  1.8665E+06
0009553   7.3841E+07 -1.4597E+06 -1.3229E+06
0009554   7.4810E+07  3.9684E+06  1.8325E+06
0009555   7.5270E+07  2.1580E+06 -3.2170E+05
0009556   7.5522E+07  3.0046E+05  1.9177E+06
0009557   7.5057E+07  4.9936E+04  2.9724E+06
0009558   7.4132E+07 -8.0573E+05 -4.2803E+05
0009559   7.5832E+07  2.1907E+06 -5.3435E+05
0009560   7.3919E+07 -4.4281E+06  1.7368E+06
0009561   7.3429E+07  6.1220E+05 -1.7322E+05
0009562   7.4865E+07  7.3819E+05  3.8655E+05
0009563   7.6052E+07 -1.7351E+06  2.3518E+05
0009564   7.4817E+07 -2.0761E+05 -2.3617E+06
0009565   7.5619E+07  1.4660E+06 -4.6419E+05
0009566   7.6504E+07 -1.0880E+06 -3.0173E+05
0009567   7.5790E+07  1.1796E+06 -1.6767E+05
0009568   7.7239E+07  1.9092E+06 -1.7236E+06
0009569   7.4850E+07 -1.1196E+06  1.5430E+06
0009570   7.3310E+07  3.8040E+05  2.2895E+06
0009571   7.4721E+07  1.6683E+06 -2.5809E+06
0009572   7.4960E+07 -5.3403E+05 -8.0997E+05
0009573   7.4388E+07  5.6377E+05  3.0221E+04
0009574   7.5172E+07 -2.2765E+05 -8.0815E+05
0009575   7.5101E+07 -3.2888E+06  1.6598E+06
0009576   7.3075E+07 -2.4575E+05 -8.7781E+05
0009577   7.3777E+07 -3.2426E+06  4.6617E+06
0009578   7.5923E+07 -9.8180E+05  2.0034E+06
0009579   7.6287E+07  8.3003E+05 -1.1809E+06
0009580   7.4919E+07  1.4459E+06 -2.0749E+05
0009581   7.6094E+07 -4.7859E+05 -3.1195E+05
0009582   7.6107E+07  7.9073E+05  2.2056E+06
0009583   7.4389E+07 -4.1808E+06  1.2272E+06
0009584   7.4542E+07 -2.5625E+05  7.7380E+04
0009585   7.4405E+07  2.4593E+05  6.2846E+05
0009586   7.7109E+07  4.5834E+05  1.5753E+06
0009587   7.5072E+07 -8.3279E+05  2.7512E+06
0009588   7.5694E+07 -4.7193E+06 -8.3210E+05
0009589   7.2663E+07  1.2604E+06  1.7555E+06
0009590   7.4008E+07  1.1846E+06  1.7451E+06
0009591   7.2010E+07 -2.9461E+06 -6.4924E+05
0009592   7.5399E+07  8.3818E+05 -2.8840E+06
0009593   7.5073E+07  1.7762E+05 -2.1505E+06
0009594   7.4976E+07 -1.0627E+06  2.7179E+06
0009595   7.4259E+07 -1.4171E+05 -1.8990E+06
0009596   7.7199E+07 -1.3677E+04  1.1395E+06
0009597   7.3464E+07 -1.4574E+06 -1.9359E+06
0009598   7.7084E+07 -3.2784E+05 -1.6992E+05
0009599   7.6237E+07  1.4677E+06  2.9250E+06
0009600   7.4610E+07  1.7007E+06  1.7769E+06
0009601   7.4550E+07 -1.1142E+06  4.4290E+06
0009602   7.3100E+07 -2.1684E+05 -7.8072E+05
0009603   7.6485E+07  6.2268E+05 -9.2975E+05
0009604   7.6782E+07 -9.2492E+05 -1.0430E+05
0009605   7.1226E+07  1.6650E+06 -1.4659E+07
0009606   7.5001E+07 -4.0878E+06 -3.1577E+05
0009607   7.4951E+07  1.8204E+06  8.6184E+05
0009608   7.4453E+07 -1.0667E+05 -2.0803E+06
0009609   7.6095E+07 -3.6636E+05 -5.2931E+05
0009610   7.3794E+07  1.9340E+05  1.0690E+06
0009611   7.6504E+07  1.3453E+06  9.5510E+05
0009612   7.5035E+07 -1.2803E+06  2.4400E+06
0009613   7.5406E+07  1.6414E+06  1.8552E+05
0009614   7.6964E+07  1.5173E+06 -1.3978E+05
0009615   7.5650E+07  1.4297E+06 -1.3696E+06
0009616   7.5652E+07  2.3386E+06 -6.1805E+06
0009617   7.5494E+07  3.8425E+05  4.1799E+05
0009618   7.6218E+07  1.2060E+06 -9.1207E+05
0009619   7.5858E+07 -1.5593E+06 -5.5086E+06
0009620   7.5836E+07 -1.1866E+05  1.7965E+06
0009621   7.5375E+07  1.7673E+06  4.5791E+05
0009622   7.8104E+07 -1.9465E+06  1.4637E+06
0009623   7.4538E+07 -1.2557E+06 -2.1536E+06
0009624   7.6069E+07  3.6553E+06 -1.0441E+05
0009625   7.5393E+07  1.2327E+06 -5.0949E+05
0009626   7.5850E+07 -2.3881E+06  1.4916E+06
0009627   7.6327E+07  8.6663E+05  2.3777E+06
0009628   7.6011E+07  1.8876E+06  3.9801E+06
0009629   7.4744E+07 -3.9225E+05 -1.7449E+06
0009630   7.2760E+07  2.2121E+05 -8.3117E+05
0009631   7.2695E+07 -8.7025E+05 -2.2831E+06
0009632   7.4446E+07 -1.1807E+06  1.0978E+05
0009633   7.6529E+07  1.2159E+06 -9.3556E+05
0009634   7.5753E+07  1.2037E+06  1.5173E+05
0009635   7.4443E+07  1.1073E+06  1.2200E+06
0009636   7.6055E+07  8.4968E+05  1.0503E+06
0009637   7.3364E+07  4.8544E+05  4.6224E+06
0009638   7.4052E+07  9.9141E+05 -2.9838E+06
0009639   7.4803E+07 -2.2909E+05  9.5883E+05
0009640   7.5152E+07  4.6661E+04  1.6291E+06
0009641   7.5157E+07 -1.6537E+06  4.0088E+05
0009642   7.4223E+07 -1.3898E+05  2.3008E+05
0009643   7.6197E+07  2.8028E+05 -1.8316E+06
0009644   7.3909E+07  4.7855E+06 -2.9203E+06
0009645   7.4520E+07  3.4769E+05 -1.0759E+06
0009646   7.7343E+07 -3.5156E+06  5.6707E+05
0009647   7.6268E+07  1.8630E+06 -1.7441E+05
0009648   7.5180E+07 -7.9435E+05  4.2750E+05
0009649   7.3622E+07  2.3692E+03 -9.3852E+05
0009650   7.4800E+07 -1.1810E+06  9.0896E+05
0009651   7.4422E+07 -2.1929E+06 -1.4609E+05
0009652   7.5773E+07 -1.0174E+06  2.5943E+06
0009653   7.3630E+07 -2.0748E+06  1.3263E+06
0009654   7.4624E+07  1.1981E+06 -4.9503E+05
0009655   7.4006E+07 -1.3593E+06  1.9927E+06
0009656   7.4778E+07 -6.0910E+05 -1.2771E+06
0009657   7.2019E+07 -1.3318E+06  8.0540E+05
0009658   7.5496E+07 -1.3276E+06  7.2791E+05
0009659   7.4252E+07  1.0348E+06  5.7947E+05
0009660   7.4480E+07  4.8506E+05  5.4307E+06
0009661   7.4411E+07  1.1060E+06  2.9991E+05
0009662   7.6818E+07  2.7387E+06  1.2606E+06
0009663   7.6270E+07 -7.1410E+05 -1.5405E+06
0009664   7.4969E+07  6.1957E+05  5.3674E+06
0009665   7.2104E+07  3.1843E+06  2.4245E+05
0009666   7.5388E+07  8.1306E+05 -9.8473E+05
0009667   7.5079E+07 -1.5605E+06 -3.1383E+06
0009668   7.6444E+07 -2.0098E+06 -1.8892E+05
0009669   7.6089E+07 -2.4284E+05 -2.5069E+03
0009670   7.5465E+07  8.8794E+04 -7.6679E+05
0009671   7.5842E+07  2.4229E+06 -7.8754E+05
0009672   7.3718E+07 -9.8622E+05  1.9468E+05
0009673   7.3764E+07 -1.1595E+06  3.2654E+05
0009674   7.5801E+07 -3.3833E+06  1.4868E+06
0009675   7.4132E+07 -6.2315E+05 -6.1701E+05
0009676   7.5626E+07 -4.9703E+05  1.2681E+05
0009677   7.3611E+07 -1.2711E+06  1.8018E+06
0009678   7.4458E+07  1.5618E+06  6.7146E+05
0009679   7.5819E+07 -1.4554E+06  3.7780E+05
0009680   7.4638E+07 -1.5812E+06  1.0050E+06
0009681   7.5009E+07  7.4333E+05 -7.5619E+05
0009682   7.6740E+07 -4.3387E+06  2.1692E+06
0009683   7.2649E+07 -1.8032E+06 -1.2930E+06
0009684   7.5102E+07 -7.1489E+05  4.9182E+06
0009685   7.5184E+07 -2.3588E+06  9.3972E+05
0009686   7.4336E+07 -9.7203E+05 -2.7039E+06
0009687   7.4201E+07 -2.8915E+06 -3.5003E+05
0009688   7.6179E+07 -7.5745E+05  2.6343E+06
0009689   7.4592E+07 -1.2280E+06  4.9756E+05
0009690   7.4343E+07  1.1841E+06  4.8060E+05
0009691   7.4788E+07 -2.4228E+04 -1.1548E+05
0009692   7.4690E+07  2.7811E+05 -7.9880E+05
0009693   7.5232E+07 -8.4734E+05  5.8908E+05
0009694   7.0961E+07 -4.9716E+05  9.4627E+04
0009695   7.4556E+07 -7.4821E+05 -3.8492E+05
0009696   7.5182E+07  2.1542E+06  1.4985E+06
0009697   7.6758E+07 -2.8398E+06 -2.3450E+06
0009698   7.6483E+07  1.2412E+06 -6.4561E+06
0009699   7.5769E+07  4.7237E+06  1.0498E+06
0009700   7.4114E+07 -4.0721E+05 -8.0094E+05
0009701   7.4810E+07  1.0556E+06 -2.1726E+05
0009702   7.6980E+07 -1.5419E+06  1.7224E+06
0009703   7.5833E+07  1.1022E+06  1.9364E+06
0009704   7.2548E+07 -5.0487E+05 -8.1643E+05
0009705   7.5760E+07 -2.5769E+06  5.9728E+05
0009706   7.7164E+07  1.5814E+05  1.2483E+06
0009707   7.3844E+07 -5.9370E+05 -3.7694E+06
0009708   7.3499E+07  1.1064E+05 -3.2937E+06
0009709   7.2113E+07 -2.4222E+06  9.7001E+04
0009710   7.5177E+07  6.5812E+05 -5.2923E+05
0009711   7.1962E+07 -2.4275E+06  2.1898E+06
0009712   7.7410E+07  1.5340E+06  1.2877E+06
0009713   7.6113E+07 -1.5062E+06  4.0518E+06
0009714   7.2958E+07 -1.6382E+06  1.7642E+06
0009715   7.4737E+07 -3.8378E+06 -2.3291E+06
0009716   7.5730E+07 -6.3213E+05 -8.9042E+05
0009717   7.5696E+07  2.1415E+06  9.9164E+05
0009718   7.4312E+07  1.3671E+06 -7.8882E+05
0009719   7.3176E+07 -1.6702E+06 -1.2397E+06
0009720   7.3838E+07  1.9074E+06  4.7488E+05
0009721   7.4078E+07  2.1949E+06 -1.7556E+06
0009722   7.4468E+07 -1.2404E+06 -3.2309E+05
0009723   7.5716E+07 -1.8073E+06  4.5567E+05
0009724   7.3985E+07  2.5028E+06  3.7897E+06
0009725   7.3186E+07  4.5181E+05  6.6154E+05
0009726   7.6432E+07  1.4960E+05 -4.3573E+06
0009727   7.4017E+07 -1.2110E+06 -4.9283E+04
0009728   7.4399E+07 -9.8654E+05 -2.1921E+06
0009729   7.3448E+07  2.6010E+06  1.3732E+06
0009730   7.5250E+07  3.1082E+06  2.7958E+06
0009731   7.4016E+07 -2.7324E+06 -4.3738E+04
0009732   7.5097E+07  2.4192E+05 -1.1342E+06
0009733   7.4793E+07 -8.5590E+05  1.0104E+06
0009734   7.5780E+07 -5.1197E+06  4.2226E+06
0009735   7.5236E+07 -7.6815E+05  3.3109E+06
0009736   7.4663E+07 -2.6910E+06  3.0812E+06
0009737   7.3050E+07  8.3627E+05 -6.1269E+04
0009738   7.4593E+07  5.9462E+05 -1.1626E+05
0009739   7.4277E+07  2.5333E+06 -2.9184E+06
0009740   7.3314E+07 -2.6421E+05 -2.7725E+06
0009741   7.3526E+07 -8.4503E+05  1.8084E+06
0009742   7.4063E+07  1.3768E+06 -4.2444E+06
0009743   5.0888E+07 -3.0990E+07  1.0375E+07
0009744   7.5538E+07  1.0201E+06  1.6262E+06
0009745   7.5426E+07  1.2066E+06 -1.9586E+06
0009746   7.6645E+07 -3.9079E+05 -8.3617E+05
0009747   7.4377E+07  1.2963E+06 -1.9579E+05
0009748   7.4896E+07 -2.8463E+04  9.3172E+05
0009749   7.5777E+07 -2.9883E+06  1.3254E+05
0009750   7.2784E+07 -3.6615E+05 -2.3819E+05
0009751   7.4646E+07  1.2572E+05 -1.4047E+06
0009752   7.4754E+07  5.3560E+05  2.6836E+05
0009753   7.4629E+07 -2.0598E+06  2.0002E+06
0009754   7.4924E+07 -1.8159E+06 -1.0638E+06
0009755   7.7194E+07  1.7673E+06  1.3782E+06
0009756   7.4357E+07 -6.9560E+05  1.5581E+06
0009757   7.3778E+07  3.9359E+04 -1.4001E+05
0009758   7.5129E+07  3.3074E+03  1.4782E+06
0009759   7.1350E+07  1.1807E+07 -6.8455E+06
0009760   7.4121E+07  9.0144E+05  1.1617E+06
0009761   7.5790E+07 -1.7305E+05 -1.6621E+06
0009762   7.3665E+07  1.2787E+06  1.5785E+05
0009763   7.4544E+07  2.7382E+05  1.5397E+06
0009764   7.6589E+07 -1.5404E+06 -1.5696E+06
0009765   7.4607E+07  7.8959E+05  2.6162E+06
0009766   7.5721E+07 -2.1106E+05 -1.4143E+06
0009767   7.3336E+07 -1.5327E+06  1.8608E+06
0009768   7.6183E+07 -1.1194E+06  1.9229E+06
0009769   7.6433E+07 -1.5625E+06  4.7485E+06
0009770   7.0770E+07  8.9769E+06  1.1594E+07
0009771   7.2918E+07 -6.6532E+06  7.0593E+06
0009772   7.5290E+07 -1.2710E+06  2.0355E+06
0009773   7.4029E+07 -1.6835E+06  1.7654E+06
0009774   7.3695E+07 -1.7013E+06 -4.7326E+06
0009775   7.7811E+07  3.6918E+06 -2.8842E+06
0009776   7.7350E+07 -7.7469E+05 -1.3274E+06
0009777   7.7361E+07 -1.7617E+06  5.4520E+05
0009778   7.2546E+07  1.7910E+06 -9.8540E+05
0009779   7.6402E+07 -3.0257E+06  4.6760E+05
0009780   7.2087E+07  4.3012E+05 -7.5080E+04
0009781   7.3996E+07  6.5733E+05  2.4227E+06
0009782   7.5177E+07  1.2773E+06 -1.6997E+06
0009783   7.4226E+07 -2.2190E+06  1.6958E+05
0009784   7.5101E+07 -1.0974E+06  2.3180E+06
0009785   7.3446E+07 -1.4944E+06  1.9434E+06
0009786   7.4915E+07  1.0286E+06 -2.0534E+06
0009787   7.4862E+07 -2.3318E+06  3.0225E+06
0009788   7.6465E+07  1.1481E+06  1.5543E+06
0009789   7.5780E+07 -1.0838E+06 -1.3166E+06
0009790   7.6089E+07 -6.0906E+05 -1.0984E+06
0009791   7.2575E+07  1.8283E+05 -8.6082E+05
0009792   7.5959E+07  6.9593E+05  2.7557E+06
0009793   7.4983E+07 -1.5384E+06  2.9174E+06
0009794   7.5074E+07  2.1435E+05 -6.3423E+04
0009795   7.3535E+07 -4.8208E+05 -4.1317E+05
0009796   7.5594E+07  1.2110E+06 -2.9713E+06
0009797   7.5351E+07  2.9535E+05 -1.2642E+06
0009798   7.5079E+07 -1.1058E+06 -1.8408E+05
0009799   7.3859E+07 -1.2051E+06  4.6487E+06
0009800   7.5109E+07 -1.6501E+06  1.8495E+06
0009801   7.6433E+07 -1.4302E+06 -3.1830E+06
0009802   7.6896E+07 -1.2932E+04  4.7611E+05
0009803   7.5279E+07 -2.0036E+05 -1.1058E+06
0009804   7.5129E+07  1.2861E+06 -3.4700E+05
0009805   7.3535E+07  1.5268E+06  2.2748E+05
0009806   7.3743E+07 -2.1586E+06 -6.3529E+05
0009807   7.5341E+07  1.4007E+06  2.9396E+06
0009808   7.6238E+07 -3.5022E+05 -4.7603E+05
0009809   7.4897E+07  5.9959E+05 -2.8854E+06
0009810   7.6184E+07 -2.6280E+06  8.0510E+05
0009811   7.5338E+07 -7.3335E+05 -1.4906E+06
0009812   7.5560E+07  1.1595E+06 -1.1682E+06
0009813   7.2797E+07 -9.4858E+04  4.1477E+06
0009814   7.4660E+07  1.1261E+06 -7.3925E+05
0009815   7.6583E+07  4.3309E+06 -7.3038E+06
0009816   7.7156E+07 -1.5380E+06 -1.9846E+06
0009817   7.5368E+07  4.4671E+06  1.2527E+06
0009818   7.4815E+07 -1.2208E+06 -2.5543E+06
0009819   7.5573E+07 -1.8417E+06 -6.1957E+05
0009820   7.7133E+07 -8.5756E+05 -4.4626E+06
0009821   7.4515E+07  2.0074E+06  1.4828E+06
0009822   7.4205E+07 -7.4973E+04 -4.2890E+05
0009823   7.5107E+07 -3.7208E+04 -1.3400E+06
0009824   7.5153E+07 -1.7651E+06  7.5061E+05
0009825   7.4974E+07  3.0116E+06  3.9297E+05
0009826   7.4149E+07  7.9464E+05 -1.1196E+06
0009827   7.4458E+07 -8.5138E+04 -1.5507E+06
0009828   7.4985E+07  1.8681E+06 -3.2455E+06
0009829   7.7466E+07  6.4284E+05  1.3852E+06
0009830   7.3499E+07  1.1689E+06  6.5823E+05
0009831   7.6556E+07  5.4091E+04  8.6903E+05
0009832   7.6571E+07 -2.8899E+05  1.8174E+06
0009833   7.5540E+07  2.8801E+06  3.1128E+06
0009834   7.6039E+07  2.0408E+06  7.6923E+05
0009835   7.6873E+07 -4.8424E+05  1.6618E+05
0009836   7.1954E+07  1.8018E+06 -1.5779E+06
0009837   7.1754E+07  2.0021E+06 -2.7036E+05
0009838   7.4113E+07 -1.7206E+06  1.9224E+05
0009839   7.4730E+07 -7.5471E+05 -4.2031E+05
0009840   7.4720E+07  5.5503E+05 -1.3466E+06
0009841   7.4050E+07 -3.6696E+06  4.8047E+06
0009842   7.4260E+07 -1.6355E+06 -6.9689E+05
0009843   7.4958E+07  9.1415E+05  2.0908E+06
0009844   7.4169E+07 -8.3103E+05 -7.0163E+06
0009845   7.4004E+07  1.8121E+06  3.2901E+06
0009846   7.4424E+07 -3.7283E+06 -3.6594E+05
0009847   7.6120E+07  4.9349E+04 -1.5309E+06
0009848   7.5094E+07  3.1084E+06 -3.4707E+05
0009849   7.5499E+07  5.1303E+05  2.9005E+05
0009850   7.6560E+07  2.5165E+06  1.6467E+06
0009851   7.5541E+07  8.2935E+05 -4.6497E+05
0009852   7.3554E+07  2.9523E+05  2.7216E+06
0009853   7.6079E+07 -4.2485E+06 -1.5337E+06
0009854   7.6531E+07 -2.6941E+06 -2.5408E+06
0009855   7.4237E+07  1.7678E+06  1.5805E+06
0009856   7.5852E+07 -6.7523E+05 -2.2079E+06
0009857   7.6226E+07  1.2437E+06  9.4051E+05
0009858   7.4271E+07  3.0709E+06 -1.0106E+05
0009859   7.5911E+07  2.2163E+06 -3.0808E+05
0009860   7.6150E+07 -2.6244E+05  2.5915E+06
0009861   7.3298E+07 -9.0604E+05  2.0361E+06
0009862   7.3013E+07 -2.8707E+06 -4.0005E+06
0009863   7.5014E+07 -2.5676E+06 -2.5210E+06
0009864   7.4848E+07  2.1122E+05 -1.6831E+06
0009865   7.4720E+07  1.2959E+06 -1.0363E+04
0009866   7.3855E+07 -3.1594E+06  1.7964E+06
0009867   7.4793E+07  4.3082E+06  3.5364E+06
0009868   7.6462E+07  3.1879E+06  1.9581E+06
0009869   7.4871E+07  2.9263E+05 -9.3515E+05
0009870   7.3625E+07  1.7743E+06  2.9673E+04
0009871   7.3653E+07 -1.5635E+06  4.0189E+06
0009872   7.4019E+07  2.0155E+06 -7.5013E+05
0009873   7.3115E+07 -3.4825E+05 -2.8779E+05
0009874   7.3907E+07  1.0700E+06  4.8530E+05
0009875   7.5368E+07  2.4384E+06 -5.4943E+05
0009876   7.5334E+07 -5.7973E+05 -3.4761E+05
0009877   7.4353E+07  3.4575E+04  4.2430E+06
0009878   7.3483E+07 -2.7650E+06 -1.4365E+06
0009879   7.7787E+07 -7.9291E+05  1.0765E+06
0009880   7.4336E+07  2.0215E+06  7.0234E+05
0009881   7.4953E+07  1.2582E+06 -1.4561E+05
0009882   7.3258E+07 -2.2202E+06 -1.6502E+06
0009883   7.5497E+07 -2.6945E+06 -1.5822E+06
0009884   7.4951E+07  3.0400E+05 -5.3803E+05
0009885   7.3267E+07  4.1403E+05 -1.4198E+06
0009886   7.6360E+07  4.2453E+05 -6.4484E+05
0009887   7.6139E+07  1.1893E+06 -2.4487E+05
0009888   7.6170E+07 -1.7372E+05 -4.6230E+05
0009889   7.5424E+07  3.1008E+05 -2.7792E+06
0009890   7.3530E+07 -2.0797E+06  4.6336E+05
0009891   7.5360E+07 -2.3711E+05 -1.5327E+05
0009892   7.2214E+07  9.5083E+06 -5.8206E+06
0009893   7.6289E+07 -1.0753E+06  1.6436E+06
0009894   7.5227E+07 -1.6281E+05  2.3046E+06
0009895   7.3109E+07  7.7266E+05 -1.2108E+06
0009896   7.3328E+07  1.2099E+06  9.5743E+05
0009897   7.3382E+07  2.4683E+06  8.4129E+05
0009898   7.3294E+07 -6.7985E+05  2.6838E+04
0009899   7.4707E+07  1.3999E+06 -1.2267E+06
0009900   7.6306E+07 -1.3063E+06 -1.7936E+06
0009901   7.6579E+07  2.1948E+05  2.7426E+05
0009902   7.5807E+07  7.9756E+05 -5.2682E+05
0009903   7.5211E+07 -2.5915E+06 -2.5408E+04
0009904   7.5771E+07 -1.0419E+06  7.9857E+04
0009905   7.5092E+07  4.1254E+06 -3.2285E+05
0009906   7.5377E+07 -2.8445E+05  7.0581E+05
0009907   7.5777E+07 -1.2440E+06 -5.4947E+05
0009908   7.3383E+07  6.9979E+05 -1.1410E+06
0009909   7.5048E+07 -1.3406E+06 -8.8587E+05
0009910   7.6157E+07 -3.4216E+05  1.0796E+06
0009911   7.5536E+07  1.1759E+06 -1.0528E+06
0009912   7.5433E+07 -1.0891E+06  9.9956E+05
0009913   7.4193E+07  2.8824E+06 -2.9169E+06
0009914   7.3680E+07 -1.0862E+06 -1.3058E+06
0009915   7.3698E+07 -2.3552E+05 -3.9160E+06
0009916   7.5676E+07 -6.5012E+05 -1.0667E+06
0009917   7.4357E+07 -8.3210E+05 -3.3029E+06
0009918   7.5861E+07  1.9280E+06  1.3602E+06
0009919   7.5472E+07 -4.3571E+04  2.6370E+06
0009920   7.7484E+07 -1.3756E+05  4.8797E+06
0009921   7.5382E+07  2.1874E+05  7.2843E+05
0009922   7.4295E+07  1.0985E+06 -3.9327E+05
0009923   7.4647E+07 -3.7610E+06  3.8199E+05
0009924   7.6499E+07 -7.7997E+05 -1.6808E+06
0009925   7.5093E+07 -3.6891E+05  2.8685E+06
0009926   7.6387E+07 -1.0579E+05 -1.4708E+06
0009927   7.4853E+07 -9.7270E+05  2.9252E+06
0009928   7.4842E+07 -4.3279E+04  9.5289E+05
0009929   7.6360E+07 -3.2817E+05 -8.7855E+05
0009930   7.6556E+07  3.1675E+06  4.0092E+06
0009931   7.4184E+07  7.3716E+05 -6.1990E+05
0009932   7.6342E+07  1.0153E+05  2.4530E+06
0009933   7.4818E+07  5.9409E+05 -5.8673E+05
0009934   7.4891E+07  8.3274E+05  2.9560E+05
0009935   7.5392E+07 -1.6564E+05 -3.4309E+05
0009936   7.4807E+07  1.2241E+06 -4.2849E+06
0009937   7.4118E+07  5.5925E+05  2.1282E+05
0009938   7.4381E+07 -9.1608E+05 -1.3815E+06
0009939   7.6701E+07  3.9097E+06  3.1639E+05
0009940   7.5226E+07  1.2520E+06 -2.2104E+06
0009941   7.6933E+07  1.5673E+06  3.8844E+05
0009942   7.5875E+07  6.8702E+06  4.4471E+06
0009943   7.3521E+07 -2.0391E+05  2.9285E+06
0009944   7.6515E+07 -1.1735E+06 -6.3973E+05
0009945   7.6345E+07  3.6677E+06  7.7097E+04
0009946   7.4166E+07  2.4270E+06 -4.0281E+05
0009947   7.6506E+07 -2.9102E+06  8.9583E+05
0009948   7.5610E+07  2.3147E+06  2.6869E+05
0009949   7.5763E+07 -8.4897E+05  5.3568E+05
0009950   7.4417E+07  1.1296E+05  7.9914E+05
0009951   7.7998E+07  3.9061E+05 -1.8996E+06
0009952   7.5382E+07  3.0526E+05  1.6754E+06
0009953   7.5157E+07 -7.0703E+05  8.8528E+04
0009954   7.5632E+07  2.7839E+05  1.2527E+06
0009955   7.6130E+07 -3.2437E+06  1.9906E+06
0009956   7.1602E+07  9.4989E+05  1.4736E+06
0009957   7.6372E+07  6.5483E+05 -2.6964E+06
0009958   7.7963E+07  1.2491E+06  8.5295E+05
0009959   7.4739E+07  2.2617E+06 -8.5373E+05
0009960   7.2990E+07  7.1160E+05 -3.1355E+05
0009961   7.2814E+07  1.2204E+06 -7.8638E+05
0009962   7.5330E+07  1.2578E+06 -5.6606E+05
0009963   7.6757E+07  1.8691E+06 -1.7310E+06
0009964   7.2753E+07  1.3372E+06  3.2122E+06
0009965   7.5041E+07  2.4570E+05  2.4347E+06
0009966   7.5640E+07 -2.0838E+06  1.5191E+06
0009967   7.5787E+07  2.8697E+06 -9.6867E+05
0009968   7.4125E+07  2.1870E+06 -3.4345E+06
0009969   7.7643E+07 -3.3901E+06 -1.0911E+06
0009970   7.5836E+07  1.1699E+06 -3.3920E+04
0009971   7.5894E+07 -2.4494E+05 -1.1966E+06
0009972   7.3451E+07 -3.8317E+06  3.3061E+06
0009973   7.5878E+07  2.2915E+06  3.8960E+05
0009974   7.5412E+07 -3.2323E+06 -5.4130E+06
0009975   7.5654E+07  8.1913E+04 -1.1402E+06
0009976   7.6024E+07 -2.2540E+06  4.5424E+05
0009977   7.6525E+07 -7.6293E+04 -1.4467E+06
0009978   7.5198E+07  1.2707E+06  9.3230E+05
0009979   7.3954E+07 -9.6670E+05 -7.9905E+05
0009980   7.3979E+07 -1.8005E+06 -1.3005E+06
0009981   7.8929E+07  1.6299E+06 -1.5095E+06
0009982   7.6172E+07  2.3921E+06  6.3624E+05
0009983   7.3793E+07 -2.6231E+06 -3.8583E+06
0009984   7.5434E+07 -1.7598E+06  4.6104E+06
0009985   7.5717E+07  1.9078E+05 -5.5414E+04
0009986   7.6180E+07  1.4112E+06  1.4852E+05
0009987   7.3756E+07 -1.1213E+06 -1.3627E+06
0009988   7.5371E+07  9.3083E+04 -2.0450E+06
0009989   7.6520E+07  1.2230E+06 -2.5925E+05
0009990   7.5303E+07  1.7863E+06  2.0340E+06
0009991   7.5270E+07 -4.8312E+03  5.2239E+05
0009992   7.5739E+07 -1.0748E+06  2.7900E+06
0009993   7.5509E+07  1.5966E+06 -7.1167E+04
0009994   7.4954E+07 -1.1271E+05  2.4412E+05
0009995   7.4520E+07 -4.1193E+06  6.2768E+05
0009996   7.5954E+07  1.1027E+06 -1.4851E+06
0009997   7.5542E+07 -8.1796E+05 -1.1421E+06
0009998   7.5782E+07  6.1807E+05  1.1503E+06
0009999   7.5876E+07 -6.6923E+05  1.9304E+06
0010000   7.4865E+07  4.4790E+06 -3.9484E+06
