============================== SRIM-2013.00 ==============================
==============================================================================
====== SRIM Outputs\RANGE_3D.txt : File of Final Ion Positions =====

Ion =  H (01)   Ion Mass= 001.0080
Energy  = 1000000.E-04 keV
Ion Angle to Surface = 00.0 degrees
==================== TARGET =======================
  Layer # 1 - GaAs
  Layer # 1 - Bottom Depth=200000.E-01 A
  Layer # 1 - Density =0005.3200 g/cm3
  Layer # 1 -  50 % of Ga
  Layer # 1 -  50 % of As
様様様様様様様様様様様様様様様様様様様様様様様様様様
                                            
Ion       Depth  X   Lateral Y   Lateral Z  
Number    (Angstrom) (Angstrom)  (Angstrom) 
-------  ----------- ----------- -----------
0000001   7.7741E+03 -2.6914E+03  1.4354E+03
0000002   7.3686E+03 -2.8968E+02  1.4380E+03
0000003   6.8300E+03  5.2534E+01  1.0446E+03
0000004   7.3173E+03  1.2166E+03  8.8515E+02
0000005   6.0433E+03 -3.8327E+03  3.3548E+03
0000006   6.1367E+03 -2.0714E+03  1.4283E+03
0000007   6.4802E+03  7.9048E+02 -8.5108E+02
0000008   7.7338E+03 -1.4093E+03  1.0151E+03
0000009   7.6578E+03 -2.0277E+02  3.0600E+03
0000010   7.3616E+03  1.8833E+03  1.2996E+03
0000011   8.7065E+03  3.1051E+03  3.0763E+02
0000012   7.5419E+03 -2.2844E+03  1.9261E+03
0000013   7.2907E+03  7.8033E+02 -3.6985E+03
0000014   8.1843E+03  1.2055E+02 -2.0953E+03
0000015   6.6260E+03 -1.6368E+03 -1.4458E+03
0000016   9.7350E+03  1.1783E+02 -1.9346E+03
0000017   7.8028E+03 -5.4524E+02 -1.6502E+03
0000018   8.0285E+03 -2.0473E+03 -2.1202E+03
0000019   8.4847E+03  4.2947E+02  1.9146E+03
0000020   9.0991E+03  9.1395E+01 -1.7317E+03
0000021   7.1057E+03  5.6243E+02  2.1874E+03
0000022   3.9327E+03  1.7889E+03  6.5463E+03
0000023   7.7742E+03 -6.6694E+02  1.7992E+03
0000024   8.2053E+03  5.0065E+02 -1.4856E+03
0000025   8.5630E+03 -4.0747E+01  5.2931E+02
0000026   6.1385E+03  2.4033E+03  2.9487E+03
0000027   7.8188E+03  1.4924E+03 -1.4499E+03
0000028   6.3002E+03 -5.0034E+02  2.5473E+03
0000029   7.6958E+03 -1.0688E+03  2.0907E+03
0000030   8.5305E+03 -9.8232E+02 -6.1176E+02
0000031   7.4467E+03 -7.2757E+02  1.6763E+03
0000032   7.2700E+03  7.9348E+02 -1.7053E+03
0000033   8.7790E+03  6.3166E+02  9.8882E+02
0000034   7.1365E+03 -1.8917E+02  3.6054E+02
0000035   8.0341E+03 -1.7146E+03  2.3677E+02
0000036   6.5851E+03  1.7175E+03  3.3807E+03
0000037   7.3922E+03  1.0902E+03 -2.0390E+03
0000038   6.7968E+03 -1.5085E+01 -7.9535E+02
0000039   5.4067E+03  5.7279E+01 -9.1461E+02
0000040   5.9570E+03 -2.2805E+03 -3.1053E+03
0000041   8.8503E+03  4.2330E+02  9.6079E+02
0000042   8.7578E+03  7.9465E+02 -9.6898E+02
0000043   8.2165E+03 -5.2966E+02 -7.3042E+02
0000044   7.9345E+03  1.2032E+03  2.4051E+02
0000045   7.2489E+03  2.6203E+03  7.0248E+02
0000046   8.1985E+03  1.0638E+03 -5.5607E+02
0000047   7.4267E+03  3.2600E+02 -2.4334E+03
0000048   6.7924E+03  7.9424E+02  1.2423E+02
0000049   6.4016E+03  2.1638E+03  2.7119E+02
0000050   7.9098E+03  8.0908E+02 -2.9106E+03
0000051   6.6020E+03 -8.7580E+02  2.9187E+03
0000052   8.1916E+03  1.6588E+03  1.6508E+03
0000053   7.5052E+03 -2.2516E+03 -1.3973E+03
0000054   8.1207E+03  8.0040E+02 -6.0040E+02
0000055   7.7903E+03 -5.3940E+01 -3.3068E+03
0000056   7.6088E+03 -1.4430E+03  8.1089E+02
0000057   8.7651E+03  5.1438E+02 -2.5826E+03
0000058   5.2126E+03  3.8136E+03 -4.2534E+01
0000059   6.7949E+03  3.0460E+01  1.7068E+03
0000060   7.9267E+03 -2.5453E+03 -9.6970E+02
0000061   7.6539E+03 -2.5930E+03  6.4838E+02
0000062   7.4753E+03 -3.0975E+03 -3.0928E+03
0000063   7.5971E+03 -6.3334E+02 -6.0019E+02
0000064   7.9597E+03 -5.3239E+02  1.8137E+03
0000065   7.9234E+03  2.5694E+03 -4.2409E+02
0000066   9.0243E+03  5.1518E+01  1.5486E+02
0000067   6.4263E+03 -3.4457E+03  2.1032E+03
0000068   7.8168E+03  3.3544E+02  1.7587E+03
0000069   8.0652E+03 -4.1791E+02  9.5413E+02
0000070   7.7476E+03 -9.6903E+02  1.5392E+03
0000071   8.1175E+03 -3.1319E+02 -1.7432E+03
0000072   8.3292E+03  2.2358E+02  2.2708E+03
0000073   8.6884E+03  3.1043E+02 -1.9308E+01
0000074   7.9148E+03 -4.4472E+02  1.6316E+03
0000075   6.0609E+03  4.7342E+03 -2.2860E+03
0000076   6.4403E+03 -1.1348E+03 -4.0996E+03
0000077   7.4186E+03 -2.9747E+02 -2.2270E+03
0000078   8.0174E+03  2.4947E+03 -6.4336E+02
0000079   8.9621E+03  1.1590E+03  2.1315E+03
0000080   7.8363E+03  9.1840E+02  3.6749E+02
0000081   7.0017E+03 -2.0231E+03  2.7679E+01
0000082   8.9880E+03  2.0587E+03 -1.6623E+03
0000083   7.1691E+03  9.8869E+02 -2.0499E+03
0000084   8.3419E+03 -7.5282E+01 -1.5371E+01
0000085   8.0978E+03 -7.5031E+02 -1.2841E+01
0000086   7.2244E+03  1.4284E+03  6.2663E+02
0000087   8.2497E+03 -1.2755E+03 -8.9228E+02
0000088   7.7494E+03  4.7522E+02 -1.4710E+03
0000089   7.1074E+03  2.0332E+03 -6.4343E+02
0000090   7.9888E+03  1.6999E+03 -2.9025E+02
0000091   8.4978E+03 -6.0516E+02  5.6301E+01
0000092   7.4556E+03  7.6280E+02  1.0775E+03
0000093   6.8007E+03  2.3363E+03  2.1850E+03
0000094   6.7567E+03  2.5190E+02  3.3642E+03
0000095   7.5106E+03 -5.7921E+02 -1.2200E+02
0000096   6.9038E+03  9.6080E+02  2.3731E+03
0000097   6.8863E+03  2.3266E+02 -1.6162E+03
0000098   8.8011E+03 -2.1009E+03  1.3111E+03
0000099   9.4524E+03 -1.2499E+03 -3.6443E+02
0000100   8.4368E+03 -1.4251E+01  9.1774E+02
0000101   7.6404E+03 -7.7322E+02 -1.9689E+03
0000102   7.5433E+03  3.6023E+02  4.3518E+02
0000103   6.2655E+03 -1.9931E+03 -2.6343E+03
0000104   9.8658E+03  5.5137E+02 -1.5256E+03
0000105   7.9090E+03  5.0692E+02 -7.7332E+02
0000106   8.6057E+03 -1.4078E+03 -1.3546E+02
0000107   6.7891E+03  1.4133E+03  1.0989E+03
0000108   7.9999E+03 -4.1720E+02  3.4622E+02
0000109   8.0873E+03 -7.6054E+02  1.1561E+03
0000110   8.0069E+03  2.3468E+01  3.2904E+03
0000111   6.5071E+03  1.1596E+03 -3.0220E+02
0000112   5.0426E+03  6.5741E+02 -7.6819E+02
0000113   6.4549E+03 -2.3135E+03  1.1953E+03
0000114   8.3316E+03 -1.2333E+02  9.1958E+01
0000115   4.7628E+03 -3.2465E+03  1.7899E+03
0000116   7.7095E+03 -1.3832E+03 -3.3404E+02
0000117   7.8769E+03 -2.0738E+01 -1.6063E+03
0000118   7.8384E+03 -1.1717E+03 -1.0567E+03
0000119   7.3826E+03 -9.4964E+02  5.9145E+02
0000120   7.3427E+03  1.1241E+02 -5.9102E+02
0000121   6.7052E+03 -1.3336E+03  9.7717E+02
0000122   5.2338E+03 -1.6269E+02  1.2404E+03
0000123   7.1642E+03  3.5232E+02 -1.0805E+03
0000124   7.3834E+03 -2.0321E+03 -7.7330E+02
0000125   8.0376E+03 -1.3083E+03 -7.0350E+02
0000126   7.6007E+03 -1.9370E+03  7.0972E+02
0000127   8.6141E+03 -8.3415E+02 -2.1801E+03
0000128   9.0320E+03  9.7714E+01 -5.5644E+02
0000129   7.5550E+03  6.1751E+02 -8.4807E+02
0000130   7.3304E+03 -1.9614E+03  7.0596E+02
0000131   6.5244E+03  2.0961E+03  1.3658E+03
0000132   7.4515E+03 -2.2650E+03 -1.6700E+03
0000133   5.9777E+03 -6.6911E+03 -2.2383E+03
0000134   8.1836E+03  1.8277E+03 -6.0162E+02
0000135   7.4411E+03  6.6887E+01  1.3111E+03
0000136   7.9918E+03 -6.9916E+02  8.9783E+02
0000137   3.9433E+03 -4.4780E+03  7.2106E+02
0000138   8.3896E+03  1.2901E+03 -3.2811E+02
0000139   6.5707E+03 -7.3689E+02  4.1195E+03
0000140   7.9383E+03 -3.1834E+03  4.1711E+02
0000141   7.3881E+03  1.7712E+03 -8.1897E+01
0000142   7.7679E+03  9.3948E+02  9.8710E+01
0000143   7.5068E+03 -8.1220E+02  2.3777E+03
0000144   6.8461E+03 -1.0394E+03 -2.6745E+03
0000145   2.4015E+03  4.0059E+03  7.6438E+02
0000146   7.9695E+03 -4.2857E+01 -1.7687E+03
0000147   5.8706E+03 -2.8883E+02  2.4391E+01
0000148   7.5147E+03  2.8077E+03 -1.1319E+03
0000149   8.2917E+03  3.4685E+03  6.9060E+02
0000150   6.8618E+03 -6.9809E+01 -8.0960E+02
0000151   7.4548E+03 -3.1499E+03  3.5266E+02
0000152   3.3222E+03 -5.1189E+03  1.2431E+03
0000153   7.5495E+03  1.5415E+02 -2.9799E+03
0000154   6.5123E+03 -2.2868E+03 -2.4305E+03
0000155   8.7708E+03 -1.2285E+03 -2.9699E+02
0000156   5.4350E+03 -3.2534E+03 -1.8931E+03
0000157   8.9468E+03 -1.1370E+02 -1.5943E+03
0000158   9.1265E+03  1.0999E+03  1.4069E+03
0000159   8.3334E+03  1.5357E+03  1.6587E+03
0000160   8.1672E+03 -9.6460E+02  2.2794E+03
0000161   7.2284E+03  2.0202E+03 -1.1462E+03
0000162   8.0037E+03  1.0343E+02  2.1167E+03
0000163   7.3278E+03 -2.7503E+03 -8.2638E+02
0000164   7.5198E+03 -3.8643E+02  3.1795E+03
0000165   7.4022E+03 -2.1189E+03 -9.6762E+02
0000166   7.5023E+03  8.3085E+02  1.3907E+03
0000167   8.5626E+03  9.3190E+02 -2.6157E+02
0000168   8.1145E+03  1.5448E+03 -2.8866E+02
0000169   8.6811E+03  9.4401E+02 -4.7347E+02
0000170   5.9584E+03 -4.1279E+01 -1.0140E+03
0000171   8.1438E+03  1.6336E+03  2.8507E+02
0000172   7.8775E+03 -9.1660E+02  2.8767E+02
0000173   5.3811E+03 -2.3002E+03  1.3723E+03
0000174   8.6209E+03 -5.1195E+02  1.2160E+03
0000175   8.1701E+03 -1.0639E+03 -2.7836E+03
0000176   7.9626E+03  1.1282E+03  1.3773E+02
0000177   8.2411E+03 -1.7210E+03 -1.0916E+03
0000178   8.2809E+03 -2.7055E+03  2.2833E+03
0000179   7.6868E+03  1.2545E+03  9.8235E+02
0000180   8.1665E+03 -3.4114E+03  1.7407E+03
0000181   7.1026E+03 -3.0029E+03  9.1456E+01
0000182   7.4012E+03 -1.9452E+03  2.5308E+02
0000183   8.7477E+03  1.5084E+03 -1.8729E+03
0000184   9.9684E+03 -1.4994E+02 -2.7318E+02
0000185   7.2971E+03  2.3794E+03 -4.3344E+02
0000186   8.6774E+03  9.0738E+02 -6.7273E+01
0000187   2.2657E+02  5.7442E+03 -5.4262E+03
0000188   8.1211E+03  1.2100E+02  1.4766E+02
0000189   4.9680E+03 -5.5396E+03 -1.7217E+03
0000190   7.6543E+03  2.1934E+01 -1.9168E+03
0000191   8.2242E+03 -8.2837E+02 -4.3663E+02
0000192   7.6574E+03 -2.8026E+03 -3.6498E+02
0000193   5.7074E+03  3.0515E+02 -1.2509E+03
0000194   4.9565E+03  4.5700E+03  1.1890E+03
0000195   8.4145E+03 -2.4948E+03  3.1700E+03
0000196   8.3957E+03 -8.6176E+01 -5.6049E+02
0000197   8.4263E+03 -1.2150E+03 -2.4159E+02
0000198   4.8835E+03  2.8232E+03  2.7761E+03
0000199   7.6105E+03 -1.7788E+03 -1.6454E+03
0000200   8.0684E+03 -4.6583E+02  4.4945E+02
0000201   9.9178E+03 -1.2454E+03 -2.5691E+02
0000202   9.4838E+03  5.1141E+02 -1.9430E+02
0000203   7.3494E+03 -3.3703E+02 -1.6476E+03
0000204   7.0998E+03 -9.7188E+02  1.3326E+02
0000205   7.8614E+03  2.4044E+03 -5.3165E+02
0000206   7.3196E+03 -2.4541E+03 -1.0535E+03
0000207   6.1486E+03  3.1338E+01 -1.3083E+03
0000208   7.6873E+03 -1.3514E+03 -4.9185E+02
0000209   8.3354E+03  6.2313E+02 -6.2958E+02
0000210   6.4545E+03 -1.2258E+03  2.6609E+03
0000211   9.1919E+03  1.4720E+03  1.3386E+02
0000212   7.3273E+03  3.0203E+03  1.8503E+03
0000213   6.4584E+03  5.3202E+02 -4.1844E+03
0000214   6.4937E+03  3.6389E+03  2.1162E+03
0000215   7.1777E+03 -1.6665E+03  1.9581E+03
0000216   6.4704E+03 -3.2491E+03  2.3279E+03
0000217   5.0988E+03  4.4782E+02 -2.3764E+03
0000218   6.7178E+03  2.2429E+03 -3.3194E+03
0000219   4.1007E+03  1.7422E+03  1.5002E+03
0000220   6.8452E+03 -8.2197E+02 -1.0806E+03
0000221   9.1355E+03  4.1931E+02  5.1407E+02
0000222   7.5600E+03 -2.3187E+03 -7.5976E+02
0000223   7.2659E+03  1.3756E+03 -1.7514E+03
0000224   8.1228E+03  1.7265E+03 -1.2464E+03
0000225   8.6644E+03 -7.5856E+02 -5.3012E+02
0000226   9.5594E+03  5.8759E+02 -1.1772E+03
0000227   7.8236E+03  1.2655E+03 -2.1973E+03
0000228   7.7833E+03 -3.0099E+02 -1.4744E+03
0000229   7.4557E+03 -2.0369E+03  3.5032E+01
0000230   8.5305E+03 -2.0345E+03  1.0324E+03
0000231   8.1244E+03  2.4609E+03  2.3045E+02
0000232   7.1051E+03  1.5638E+03 -1.0178E+03
0000233   8.7201E+03 -3.5457E+01  1.3533E+02
0000234   6.5504E+03  7.2207E+02 -2.3925E+02
0000235   9.0471E+03  6.3081E+02  8.3267E+02
0000236   7.0403E+03  4.5137E+02  2.8224E+03
0000237   9.1809E+03 -6.5636E+02  2.1433E+03
0000238   8.0870E+03 -1.5596E+02 -1.4488E+03
0000239   8.3344E+03  1.9642E+03 -6.9382E+02
0000240   8.0788E+03 -1.2685E+03  1.2074E+02
0000241   8.2148E+03 -1.6270E+03  3.4103E+03
0000242   8.0190E+03 -1.1327E+03  1.3403E+03
0000243   5.7610E+03 -5.2088E+02  4.3928E+03
0000244   8.4697E+03  8.7073E+02 -1.8911E+03
0000245   8.5657E+03  4.3336E+01 -2.6687E+03
0000246   8.1698E+03  2.6719E+03  4.0041E+02
0000247   6.9593E+03  8.8713E+02  1.6683E+03
0000248   8.2866E+03  5.6549E+02 -3.1197E+03
0000249   7.8407E+03  6.1860E+01 -7.2692E+02
0000250   5.8813E+03  3.9365E+03 -1.1013E+03
0000251   6.8834E+03 -1.2207E+03 -9.4418E+02
0000252   7.9184E+03  1.1153E+03 -2.5543E+03
0000253   6.9170E+03  1.3939E+03  2.1954E+03
0000254   6.5778E+03  1.2173E+03 -6.0803E+02
0000255   7.9139E+03 -1.0546E+03 -4.1824E+02
0000256   6.9099E+03  9.7036E+02  9.4143E+02
0000257   8.7490E+03  1.1832E+03  8.0494E+02
0000258   7.7458E+03  4.1135E+02  2.1657E+03
0000259   9.0552E+03  9.2210E+02 -1.1372E+03
0000260   5.9731E+03 -2.6470E+03 -2.3256E+03
0000261   6.6534E+03 -2.0573E+02  2.9552E+03
0000262   8.1954E+03 -4.2339E+01 -1.8597E+03
0000263   6.4681E+03 -3.0537E+03 -1.0661E+03
0000264   7.5682E+03  7.1968E+02 -1.1471E+03
0000265   9.6992E+03  1.1978E+02  2.3141E+02
0000266   8.0621E+03 -2.2861E+03  2.1704E+03
0000267   8.6837E+03 -2.0712E+03 -1.7897E+03
0000268   7.4610E+03 -2.5102E+03 -1.4249E+03
0000269   6.6554E+03  3.0292E+03 -3.2418E+02
0000270   6.9296E+03 -1.6493E+03 -6.2778E+02
0000271   5.5505E+03  2.9927E+02 -5.9597E+02
0000272   4.9573E+03  2.6242E+03  2.4247E+02
0000273   9.4416E+02  8.5650E+02 -1.8929E+03
0000274   8.0473E+03 -1.7308E+03 -1.8241E+03
0000275   9.1325E+03  2.3636E+02 -1.7572E+02
0000276   8.4258E+03  8.2713E+02 -2.7865E+03
0000277   6.9126E+03 -3.2560E+02  6.4513E+02
0000278   6.7523E+03 -1.7804E+03 -1.6681E+03
0000279   8.2492E+03  7.7798E+02 -6.8336E+02
0000280   7.9608E+03  1.1533E+03  2.3074E+03
0000281   8.8959E+03  3.8282E+02 -3.7578E+02
0000282   7.2101E+03  7.2751E+01 -5.1263E+02
0000283   7.2054E+03  3.5282E+03 -4.5522E+03
0000284   8.1120E+03 -3.3633E+02  9.9207E+02
0000285   7.2519E+03 -1.3667E+02  8.0797E+01
0000286   6.8641E+03  2.3447E+03 -8.5892E+02
0000287   7.3821E+03  2.1292E+03 -2.3262E+03
0000288   7.3748E+03 -1.0629E+03 -1.4392E+03
0000289   6.3411E+03 -3.1586E+03 -2.9232E+03
0000290   8.4798E+03  1.4429E+03  1.1530E+03
0000291   7.4252E+03 -1.4322E+02 -2.8485E+03
0000292   7.6121E+03 -6.2547E+02  8.7176E+02
0000293   7.0994E+03 -9.3130E+02  1.6480E+03
0000294   7.3870E+03 -7.9994E+01 -9.2857E+02
0000295   7.2368E+03 -2.0002E+03  3.3082E+03
0000296   8.9217E+03  2.1711E+03  1.2757E+03
0000297   7.6168E+03  1.7715E+03  4.4921E+02
0000298   7.3607E+03 -3.4232E+02  8.0156E+02
0000299   7.9791E+03  1.1396E+03 -1.8723E+03
0000300   7.6163E+03  1.8462E+03 -6.0126E+02
0000301   8.3081E+03 -1.0772E+03  2.4143E+03
0000302   8.7141E+03 -2.5044E+03  2.0731E+03
0000303   7.8526E+03  1.1471E+03  1.2707E+03
0000304   7.0244E+03 -6.5083E+01 -2.1432E+03
0000305   8.6108E+03  2.3132E+02 -6.7759E+02
0000306   8.4890E+03 -9.9905E+02  5.2359E+02
0000307   8.1059E+03  1.6657E+02 -5.6428E+02
0000308   6.9069E+03 -1.2642E+03 -1.2621E+03
0000309   7.4292E+03  3.8858E+03 -5.9499E+02
0000310   8.9654E+03  5.8163E+02 -8.4897E+02
0000311   2.7163E+03  2.6701E+03 -5.2606E+02
0000312   8.1665E+03  2.0199E+03 -3.5438E+01
0000313   8.2262E+03  3.0611E+02  2.1195E+03
0000314   8.2445E+03  2.1458E+03 -7.8638E+02
0000315   4.0974E+03  1.4253E+02  1.7834E+03
0000316   6.5563E+03  1.2800E+03 -1.2348E+03
0000317   8.3116E+03  1.1126E+03  1.8983E+03
0000318   9.1636E+03  8.3664E+01 -1.2051E+03
0000319   8.0746E+03 -5.2081E+02 -1.2643E+03
0000320   7.2336E+03 -1.8864E+03  4.3739E+02
0000321   4.3555E+03  1.9010E+03 -4.5102E+03
0000322   7.1318E+03 -3.5280E+03 -3.4437E+03
0000323   6.4818E+03  1.8845E+03  6.9187E+02
0000324   7.0327E+03  1.6307E+03 -1.1253E+03
0000325   7.6235E+03  5.0477E+02 -1.1931E+03
0000326   6.4356E+03 -3.4962E+03  1.4536E+01
0000327   9.1479E+03  1.0466E+03  6.4238E+02
0000328   4.9361E+03 -2.1743E+03 -3.4893E+03
0000329   8.3813E+03 -6.0433E+02 -8.5340E+02
0000330   8.0845E+03 -1.0133E+03  5.7153E+02
0000331   7.2255E+03  2.9641E+02  2.7825E+01
0000332   8.4606E+03  3.5903E+03 -4.6932E+02
0000333   2.6718E+03 -2.4892E+03  8.8621E+02
0000334   8.8426E+03  1.4402E+03  8.7148E+02
0000335   6.4084E+03  5.3980E+02  9.9697E+02
0000336   7.1494E+03 -2.8453E+03  1.3687E+03
0000337   8.5741E+03 -5.7922E+02 -4.8060E+02
0000338   8.3190E+03  1.0396E+03 -2.1956E+03
0000339   7.8530E+03  8.7736E+02 -2.2673E+03
0000340   8.0635E+03 -7.2615E+02 -1.5695E+03
0000341   8.0282E+03 -2.0342E+03 -4.7829E+02
0000342   8.2441E+03 -1.5948E+03 -2.7609E+02
0000343   9.4133E+03 -4.6454E+02  1.4541E+03
0000344   7.3742E+03 -2.0958E+03  1.5177E+03
0000345   7.1326E+03 -1.8709E+03 -1.0292E+02
0000346   8.8057E+03  2.2706E+03 -9.2181E+02
0000347   6.0152E+03  3.2042E+03 -6.0480E+02
0000348   5.9976E+03  5.1557E+03 -1.1916E+03
0000349   8.1839E+03 -2.1871E+03 -1.5541E+03
0000350   7.3845E+03  1.1052E+03 -1.1086E+03
0000351   7.3249E+03 -5.2782E+02  3.6959E+03
0000352   7.4597E+03 -8.2542E+02  1.8392E+03
0000353   8.2080E+03  1.1488E+03  2.0212E+03
0000354   7.5066E+03 -5.6590E+02  5.5015E+02
0000355   7.9824E+03  3.0083E+03 -2.1729E+03
0000356   7.3845E+03 -3.3963E+03  1.8730E+02
0000357   8.5678E+03  9.3409E+02 -9.3314E+02
0000358   7.7361E+03  3.7153E+02  1.0483E+03
0000359   6.1415E+03  1.4587E+03 -2.0183E+02
0000360   7.1868E+03 -1.5313E+03  4.4343E+01
0000361   6.8936E+03  2.6663E+02 -2.8233E+02
0000362   7.2995E+03 -2.7421E+03 -2.2794E+03
0000363   9.3616E+03 -1.9652E+03 -1.8945E+02
0000364   4.9625E+03 -1.1572E+03 -1.4650E+03
0000365   8.7032E+03 -1.1547E+03 -7.8923E+02
0000366   7.3828E+03 -2.8247E+03  1.4237E+02
0000367   7.2942E+03  2.0032E+03  1.6989E+03
0000368   5.8087E+03 -2.3120E+03 -2.3369E+03
0000369   6.6526E+03 -3.5892E+03  5.8970E+02
0000370   8.0745E+03 -1.5462E+03  8.0024E+02
0000371   8.1990E+03 -6.6503E+02  2.0146E+03
0000372   7.0000E+03  8.8454E+02 -6.1915E+02
0000373   7.9207E+03 -7.0237E+02 -6.4308E+02
0000374   9.6395E+03  7.0328E+02 -5.6419E+02
0000375   2.9757E+03  1.5543E+02  6.8876E+03
0000376   6.7049E+03 -7.2065E+02 -8.3376E+02
0000377   7.3700E+03 -5.9181E+01  3.8275E+03
0000378   6.9620E+03 -2.5115E+03 -1.6234E+03
0000379   7.2269E+03  1.3697E+03  9.4348E+02
0000380   8.2277E+03 -8.8106E+02 -1.9902E+03
0000381   5.0178E+03 -2.1549E+03  2.8076E+03
0000382   7.8064E+03  7.9828E+02 -2.9078E+03
0000383   7.3421E+03  1.7962E+03  1.0366E+03
0000384   9.1549E+03 -3.8943E+02 -1.6825E+03
0000385   7.9427E+03  7.8477E+01 -2.0349E+03
0000386   8.0593E+03 -1.2052E+03  1.7603E+03
0000387   8.3102E+03 -1.7518E+03  1.0747E+02
0000388   6.7312E+03  1.3082E+03  3.6943E+02
0000389   8.8082E+03  1.0312E+03  8.1203E+02
0000390   6.4443E+03 -5.4801E+03 -3.1914E+03
0000391   8.8469E+03 -3.0271E+02  5.6409E+02
0000392   6.4329E+03  1.0490E+03  1.2342E+03
0000393   5.3614E+03  5.9054E+02  4.8154E+02
0000394   8.7207E+03 -4.5271E+02 -5.1101E+02
0000395   8.9867E+03  5.4072E+02  8.5731E+02
0000396   7.3577E+03 -9.7845E+02 -2.1273E+03
0000397   7.5448E+03  1.4773E+02  4.6981E+02
0000398   4.8909E+03 -1.2784E+03 -2.2882E+03
0000399   8.4481E+03  6.0128E+02 -1.4992E+03
0000400   9.4001E+03  1.2248E+03 -1.1052E+03
0000401   9.2944E+03  1.7271E+03 -1.4465E+03
0000402   6.0922E+03 -4.7395E+03  3.3645E+02
0000403   8.6256E+03  4.5196E+02 -4.6445E+02
0000404   7.0733E+03 -2.0934E+03 -2.2025E+03
0000405   8.1918E+03 -2.7660E+02 -3.3487E+02
0000406   8.0205E+03 -1.7154E+03  3.5386E+02
0000407   6.0766E+03 -1.2352E+03  2.1312E+03
0000408   9.2867E+03 -4.0583E+02 -2.0939E+02
0000409   7.9904E+03  2.7290E+02 -1.7067E+03
0000410   7.0678E+03 -1.9625E+03 -1.5697E+03
0000411   8.6055E+03 -9.6493E+02 -1.2443E+03
0000412   7.2926E+03 -1.2030E+03 -3.4483E+03
0000413   7.0229E+03  2.1380E+03 -6.5904E+02
0000414   6.5311E+03  7.7414E+02  1.3623E+03
0000415   7.7828E+03 -3.8809E+03  1.8430E+03
0000416   7.4730E+03 -2.9781E+03 -1.5592E+02
0000417   8.1041E+03 -3.1598E+02 -7.3174E+02
0000419   8.8163E+03 -9.3113E+02  2.0174E+03
0000420   6.4537E+03  9.0450E+02 -1.1043E+03
0000421   8.7095E+03  6.5613E+02 -1.1674E+02
0000422   8.5793E+03 -1.4221E+02  2.3201E+03
0000423   6.6524E+03  9.9458E+02 -1.0555E+03
0000424   8.8377E+03  5.0577E+01  4.5090E+02
0000425   6.6873E+03 -6.4416E+01 -3.3692E+03
0000426   7.9822E+03 -1.3445E+03  8.6378E+02
0000427   6.2679E+03  4.1734E+03 -9.1225E+00
0000428   8.7381E+03 -5.7788E+02  1.1212E+03
0000429   9.1030E+03  1.2513E+03 -9.6413E+02
0000430   9.2178E+03 -3.3159E+02 -2.1859E+02
0000431   8.4161E+03  8.5785E+02  1.8659E+03
0000432   7.8213E+03 -1.1029E+03  3.8524E+01
0000433   7.4332E+03  1.0603E+03 -1.8439E+03
0000434   7.8417E+03 -2.5233E+03  2.2034E+03
0000435   6.1911E+03 -1.4588E+02  2.9185E+03
0000436   6.5760E+03  6.8755E+02 -2.7616E+03
0000437   6.6428E+03  1.6825E+03 -2.6835E+03
0000438   6.8717E+03 -4.8309E+03  1.0750E+03
0000439   7.8694E+03 -1.2341E+03 -1.9393E+03
0000440   7.4329E+03  8.6423E+02 -9.8435E+02
0000441   8.0675E+03  5.5150E+02  5.0991E+02
0000442   8.7525E+03 -1.1396E+03  1.3550E+03
0000443   6.5267E+03  3.5852E+03  2.1104E+03
0000444   8.2214E+03 -2.8396E+03 -7.8057E+01
0000445   8.2335E+03  3.6249E+01  1.5142E+03
0000446   7.4744E+03 -2.4191E+03 -5.5784E+02
0000447   9.5740E+03 -3.4208E+02 -2.7301E+03
0000448   7.7942E+03  1.9150E+02  1.3552E+03
0000449   5.6236E+03 -1.8144E+03 -2.3738E+03
0000450   7.4750E+03 -9.7849E+02  1.3723E+02
0000451   7.0444E+03  5.3504E+01  2.2940E+03
0000452   7.5211E+03 -1.9490E+02 -1.7621E+03
0000453   7.5514E+03 -7.5070E+02  2.1723E+03
0000454   6.8497E+03 -7.4720E+02 -3.0014E+02
0000455   8.3998E+03 -2.4561E+03 -2.0455E+03
0000456   7.5153E+03  2.1854E+03  1.9450E+03
0000457   6.8839E+03  1.5327E+03  2.0336E+02
0000458   7.4610E+03 -6.8997E+02 -1.8511E+03
0000459   8.2704E+03  1.6376E+03  1.4580E+03
0000460   7.8185E+03 -5.7454E+02  2.0846E+03
0000461   3.8227E+03  2.1566E+03  1.6279E+03
0000462   8.1846E+03  1.4684E+03  8.3710E+02
0000463   6.4104E+03  2.0689E+03 -2.7883E+03
0000464   7.4248E+03  7.0233E+02  2.6964E+02
0000465   7.3890E+03 -2.2514E+03 -1.9283E+03
0000466   7.9264E+03  8.9576E+00  2.2918E+03
0000467   8.6538E+03 -1.0876E+03 -5.7523E+02
0000468   7.5297E+03 -3.8830E+02 -1.9486E+03
0000469   7.7590E+03  1.2476E+03 -2.9593E+03
0000470   7.4582E+03 -1.3864E+03  1.8965E+03
0000471   5.7623E+03 -5.5459E+03 -4.5860E+02
0000472   8.9887E+03 -9.2086E+02  1.3719E+03
0000473   7.9156E+03  1.0120E+03  1.6472E+03
0000474   5.7346E+03 -1.8228E+03 -1.3269E+03
0000475   8.7511E+03 -5.6308E+02  1.0658E+03
0000476   8.6380E+03 -7.6865E+02 -2.4515E+03
0000477   8.2927E+03 -2.2964E+03 -1.5774E+02
0000478   8.9054E+03  1.9397E+03  4.9349E+02
0000479   7.2971E+03  1.7430E+03 -2.6590E+03
0000480   6.7854E+03 -3.0300E+03 -9.2832E+02
0000481   7.2737E+03  1.5537E+03  2.0528E+03
0000482   7.7876E+03 -4.5673E+02  1.4162E+03
0000483   7.9297E+03 -1.4321E+03  8.5942E+02
0000484   8.2282E+03  1.9122E+03 -1.0117E+02
0000485   8.8309E+03  2.9754E+03 -1.0814E+03
0000486   6.3398E+03  2.1455E+03 -1.4198E+03
0000487   7.8636E+03 -1.3325E+03 -1.7896E+02
0000488   7.4685E+03 -8.9437E+02  3.6454E+03
0000489   9.0395E+03  1.1150E+03 -4.2028E+02
0000490   8.1405E+03 -2.0569E+03  4.5786E+02
0000491   6.6283E+03 -3.4664E+02 -1.5206E+03
0000492   7.4399E+03  3.0974E+03  5.4407E+02
0000493   8.4118E+03 -2.0090E+03  6.2649E+02
0000494   4.8559E+03 -8.8665E+02  1.7168E+03
0000495   7.2532E+03 -2.3596E+03  5.2079E+02
0000496   7.7928E+03 -1.3196E+03 -3.7089E+03
0000497   8.1850E+03 -8.5364E+02  2.5149E+02
0000498   8.1768E+03  7.3763E+02  1.4556E+01
0000499   7.5108E+03 -3.0289E+03 -3.4241E+03
0000500   7.8727E+03  1.5906E+03  3.7582E+03
0000501   7.8177E+03  8.5269E+02  3.9260E+02
0000502   7.0231E+03 -7.1928E+02 -1.7393E+03
0000503   6.1508E+03  4.3754E+03  1.7891E+02
0000504   6.1780E+03  9.6017E+01 -2.7608E+03
0000505   6.6264E+03 -2.1022E+02 -1.0371E+03
0000506   7.0878E+03 -7.1184E+01  1.8872E+03
0000507   5.9535E+03  4.0366E+03  4.1112E+02
0000508   8.3976E+03  1.2431E+03 -8.2463E+02
0000509   7.6355E+03 -1.7523E+03 -3.1825E+03
0000510   8.3581E+03  1.4051E+02 -3.9225E+02
0000511   7.5542E+03  9.8058E+02  1.7031E+02
0000512   9.9127E+03  8.8667E+02 -9.2629E+02
0000513   9.0480E+03  2.4987E+03 -1.8981E+03
0000514   8.9263E+03 -1.7158E+03  1.1222E+03
0000515   7.2414E+03 -1.7660E+03 -1.9339E+03
0000516   7.7037E+03  1.0327E+03 -2.1334E+02
0000517   7.9110E+03  2.8636E+02 -1.2430E+03
0000518   6.5809E+03 -1.1680E+03 -2.6288E+03
0000519   6.6211E+03 -2.8377E+03  2.5531E+02
0000520   6.7639E+03 -2.7126E+03  9.7635E+02
0000521   8.2555E+03  1.1484E+03  1.3427E+03
0000522   7.8813E+03  2.4200E+03 -1.7087E+03
0000523   7.0838E+03  1.1888E+03 -1.3947E+03
0000524   8.0667E+03 -1.7128E+03 -1.1571E+03
0000525   8.2278E+03  7.5329E+02  1.6704E+03
0000526   8.3026E+03  1.6811E+03 -1.2885E+03
0000527   8.7010E+03 -2.5180E+03 -1.1530E+03
0000528   7.0546E+03  6.8395E+02 -2.1771E+03
0000529   7.5882E+03  1.0722E+03  3.3598E+02
0000530   7.0116E+03 -1.7428E+02 -1.4852E+03
0000531   7.2595E+03  1.9825E+03  9.1216E+02
0000532   7.0457E+03  4.7259E+02  2.1366E+03
0000533   6.5942E+03  4.6092E+02 -2.0339E+03
0000534   7.6341E+03  2.1029E+02 -6.7550E+02
0000535   7.5894E+03  1.6572E+03  1.8010E+03
0000536   7.9392E+03 -5.2388E+01  2.3887E+03
0000537   8.6803E+03 -2.6652E+02  7.2502E+02
0000538   7.3357E+03  2.2381E+03  1.3926E+03
0000539   9.6373E+03  6.5632E+02  3.0294E+02
0000540   7.7292E+03 -9.9609E+02 -9.6271E+02
0000541   8.1795E+03  1.9195E+03  1.7452E+03
0000542   8.8659E+03  3.4814E+03 -3.3387E+02
0000543   9.1441E+03 -1.2576E+02  2.0909E+03
0000544   3.4546E+03  4.4044E+03 -5.1294E+03
0000545   8.2972E+03 -1.9914E+03  5.9436E+02
0000546   8.6083E+03  1.2530E+03 -8.7938E+01
0000547   7.8107E+03 -1.4998E+03  1.6192E+02
0000548   6.0859E+03  1.1606E+03 -4.3285E+02
0000549   6.8103E+03  1.8270E+03  1.1009E+03
0000550   8.4379E+03 -7.5515E+02 -1.7024E+03
0000551   6.8513E+03 -5.3197E+02 -1.4164E+02
0000552   8.3148E+03 -7.2828E+02  1.3122E+03
0000553   8.8373E+03 -1.2755E+03 -7.2608E+02
0000554   7.1331E+03 -3.0818E+03 -2.3457E+00
0000555   6.6710E+03  6.8324E+02  3.0694E+03
0000556   5.8069E+03 -2.0717E+03 -5.5779E+03
0000557   8.4140E+03  3.8675E+02 -1.2610E+03
0000558   8.0532E+03  4.8573E+02  8.6376E+02
0000559   7.5970E+03  4.0153E+03 -6.6597E+02
0000560   7.1724E+03  3.3167E+03 -1.0089E+02
0000561   5.4852E+03  2.1088E+03 -2.0495E+03
0000562   9.4464E+03  1.4401E+03  6.8463E+02
0000563   8.7747E+03  3.4956E+02  2.2309E+02
0000564   8.4674E+03 -1.9022E+03  3.2323E+03
0000565   7.3154E+03  4.1241E+02  8.6518E+02
0000566   8.4229E+03 -3.0686E+01 -9.9914E+02
0000567   8.0762E+03 -2.0343E+03  1.4476E+03
0000568   8.0958E+03 -1.1022E+03 -4.8725E+02
0000569   5.9807E+03 -3.1709E+03  2.2081E+03
0000570   7.8327E+03 -3.1065E+03  1.1367E+03
0000571   6.6075E+03  3.5203E+03 -1.9014E+03
0000572   6.9704E+03 -6.4568E+02  1.9651E+03
0000573   7.4388E+03  3.2773E+03  2.3323E+03
0000574   7.5581E+03 -5.0140E+02 -2.1520E+03
0000575   6.8813E+03  2.1735E+03 -1.8070E+03
0000576   7.2002E+03 -1.6521E+03  6.6965E+02
0000577   6.2866E+03 -6.7837E+02 -7.3248E+00
0000578   9.4445E+03  1.7218E+03 -8.5325E+01
0000579   8.3973E+03 -2.3552E+03  2.5670E+03
0000580   7.1661E+03 -2.4640E+03 -1.7839E+03
0000581   7.5444E+03  1.2163E+03 -5.2332E+01
0000582   5.6071E+03 -3.5517E+02  2.7916E+03
0000583   5.8057E+03  1.1488E+03  1.3234E+03
0000584   8.2090E+03 -3.9682E+02  1.2259E+03
0000585   8.2845E+03 -9.7488E+02  4.5108E+02
0000586   7.2306E+03 -1.7778E+03 -2.4819E+03
0000587   8.1198E+03  6.5094E+02 -6.1369E+02
0000588   8.0029E+03 -1.3851E+03  2.5457E+03
0000589   8.2137E+03  9.2945E+02  4.9831E+02
0000590   8.3717E+03  8.5944E+02  1.5567E+03
0000591   8.9256E+03  7.5693E+00 -8.9393E+02
0000592   6.5013E+03 -2.5438E+03  3.4873E+03
0000593   8.9638E+03 -7.8014E+01  2.1187E+03
0000594   8.9383E+03 -5.4428E+02  1.4900E+03
0000595   7.6375E+03 -1.4075E+03  1.1593E+03
0000596   6.7436E+03 -1.9828E+02 -2.5786E+03
0000597   6.3352E+03 -1.1990E+03 -2.6973E+02
0000598   7.3405E+03  6.9277E+02 -3.1834E+02
0000599   7.5013E+03  7.9773E+02  4.9468E+02
0000600   3.6344E+03 -3.9169E+03  2.0968E+03
0000601   7.7755E+03  3.2851E+02  8.2716E+02
0000602   6.3658E+03  2.3262E+03  2.6390E+03
0000603   8.6889E+03  1.5335E+03 -1.5166E+03
0000604   8.4536E+03  1.4336E+03  4.2802E+02
0000605   7.6544E+03 -3.5290E+03 -6.4208E+02
0000606   8.2179E+03  8.9594E+02  1.1826E+03
0000607   7.8860E+03  1.6799E+03  1.8582E+02
0000608   3.6610E+03  1.9189E+02 -1.8773E+03
0000609   6.6127E+03 -5.4457E+02 -1.5604E+03
0000610   7.7702E+03 -4.7452E+02  1.4180E+03
0000611   7.5140E+03 -1.9468E+03 -1.7835E+03
0000612   8.1200E+03  1.2374E+03 -1.1698E+03
0000613   8.2893E+03 -9.8655E+01  1.2698E+03
0000614   7.6221E+03  1.0964E+03  2.6750E+03
0000615   5.4132E+03  1.5361E+03 -1.8458E+03
0000616   7.1165E+03  2.7635E+03  3.6216E+03
0000617   7.3941E+03 -1.5090E+03  1.5918E+03
0000618   7.4936E+03  8.8340E+02 -3.8183E+02
0000619   8.6568E+03  6.6668E+02  1.2286E+03
0000620   7.5940E+03 -2.7754E+03  2.0292E+03
0000621   7.7220E+03  7.4317E+02  2.0598E+03
0000622   7.5649E+03  3.0764E+03 -1.3529E+03
0000623   8.2555E+03 -1.5991E+03 -1.3115E+03
0000624   8.3935E+03  8.9227E+02  1.9696E+02
0000625   7.5280E+03 -4.4699E+01  4.5717E+02
0000626   8.4293E+03 -3.0040E+02 -1.7161E+03
0000627   8.2408E+03  1.6414E+03 -1.7929E+03
0000628   7.5794E+03  5.0974E+02 -3.7824E+02
0000629   7.6986E+03 -6.9801E+02 -1.1494E+03
0000630   8.3460E+03 -4.4440E+02  1.5948E+03
0000631   6.4059E+03 -1.5119E+03  2.4863E+03
0000632   3.0340E+03 -5.5008E+02 -3.2077E+03
0000633   7.9650E+03  7.4816E+02  1.2995E+03
0000634   5.1617E+03 -2.1228E+03 -4.0567E+03
0000635   8.5762E+03 -7.4125E+02  9.5574E+02
0000636   4.4040E+03  4.4861E+03  5.0797E+03
0000637   8.1793E+03 -1.7759E+03 -1.8451E+03
0000638   7.7141E+03  1.5880E+03  9.8753E+02
0000639   7.0344E+03  2.1521E+02 -1.4618E+03
0000640   6.7890E+03  9.2285E+02 -2.5143E+03
0000641   8.1049E+03 -1.9435E+02 -6.0446E+02
0000642   8.8360E+03  1.4345E+02 -2.6062E+02
0000643   7.3502E+03 -7.1627E+02 -3.1964E+03
0000644   7.6752E+03 -1.7329E+03  2.3201E+03
0000645   9.0251E+03  6.8362E+02  1.4057E+03
0000646   5.9164E+03  1.8705E+03  3.8011E+03
0000647   8.0318E+03  3.8509E+02 -1.0284E+03
0000648   5.6795E+03  1.2871E+03  3.0562E+03
0000649   7.7847E+03 -3.7864E+03  1.0693E+03
0000650   7.5552E+03  1.1585E+03 -5.8774E+02
0000651   6.3222E+03  2.2870E+03  3.7712E+03
0000652   7.9445E+03 -4.5573E+02  2.6819E+03
0000653   8.0465E+03  6.5845E+02  1.9399E+03
0000654   8.3967E+03  9.5573E+02 -2.0267E+02
0000655   7.1161E+03 -1.0412E+03 -1.1068E+03
0000656   8.7574E+03  1.1771E+03 -1.5291E+03
0000657   7.9941E+03  8.9139E+02  1.4613E+03
0000658   7.1837E+03  2.3845E+02 -1.5863E+03
0000659   6.5734E+03 -1.3170E+03 -2.7860E+03
0000660   7.1391E+03 -1.7312E+03 -3.2948E+03
0000661   9.0618E+03 -1.2194E+02  3.3261E+02
0000662   4.0324E+03 -2.2718E+03 -7.5375E+02
0000663   7.8448E+03  7.0931E+02  1.0859E+03
0000664   8.2278E+03 -1.2721E+02 -1.0517E+03
0000665   7.7408E+03  1.6457E+03  8.9964E+02
0000666   8.3610E+03  4.5872E+02 -1.3710E+03
0000667   6.5652E+03  2.6932E+03  2.4086E+03
0000668   7.8168E+03 -2.7830E+03 -5.5106E+02
0000669   8.2335E+03  1.6124E+01 -1.4595E+03
0000670   8.5617E+03 -3.8744E+02 -1.3930E+03
0000671   6.0011E+03 -4.8596E+02 -3.2694E+03
0000672   3.9288E+03 -3.5524E+03 -5.4182E+02
0000673   7.0433E+03  1.2886E+03  3.4939E+02
0000674   7.0366E+03 -7.7794E+02 -4.9368E+02
0000675   8.1982E+03  2.3247E+03  1.1913E+03
0000676   1.6698E+02  7.3548E+02  2.6324E+02
0000677   7.6218E+03 -7.7006E+02  2.3680E+03
0000678   6.5480E+03 -1.4043E+03  3.3193E+03
0000679   9.4803E+03  2.9860E+02 -2.6312E+03
0000680   8.2678E+03  8.6255E+02  6.6668E+02
0000681   6.5496E+03 -3.3422E+03  7.8213E+02
0000682   7.2058E+03 -4.3327E+03  7.7347E+02
0000683   6.3936E+03  1.6595E+03 -5.0898E+01
0000684   7.0522E+03 -2.0929E+03  1.0537E+03
0000685   8.2223E+03  2.4812E+03  4.3373E+02
0000686   9.4635E+03 -7.9816E+02  5.4035E+01
0000687   8.4013E+03 -5.1315E+02  1.4243E+03
0000688   7.0059E+03  4.7958E+03 -2.1190E+03
0000689   7.9934E+03 -1.9037E+03 -1.9904E+03
0000690   4.2279E+03  2.0527E+03  2.2527E+03
0000691   8.4238E+03 -2.1798E+03  6.4237E+02
0000692   8.6131E+03 -2.0940E+03 -2.1887E+03
0000693   5.0873E+03  1.6930E+03  1.5303E+03
0000694   8.7281E+03 -1.8097E+03  1.8021E+03
0000695   8.6147E+03  1.2672E+02  2.9884E+03
0000696   6.7081E+03 -2.1878E+03  9.9985E+02
0000697   6.1947E+03  1.4008E+03 -1.0833E+03
0000698   7.2992E+03 -3.0975E+03  5.3922E+02
0000699   7.1585E+03  1.4077E+02 -3.4823E+02
0000700   7.8208E+03  6.9396E+02 -1.2926E+03
0000701   7.5951E+03 -2.0956E+02 -7.9651E+02
0000702   6.9622E+03  3.4127E+03 -2.2061E+02
0000703   8.9870E+03 -9.3464E+01  9.2601E+02
0000704   7.7367E+03 -1.0084E+03  5.3593E+02
0000705   7.5169E+03 -4.6417E+02 -1.3675E+02
0000706   7.8681E+03 -1.2637E+03  2.0234E+02
0000707   3.5443E+03 -4.9355E+03 -3.8864E+03
0000708   7.9765E+03 -1.3054E+03  6.5956E+02
0000709   5.9775E+03  2.9731E+03  3.0697E+03
0000710   6.8062E+03  3.1646E+03 -2.6227E+03
0000711   8.3533E+03  1.6496E+03 -1.0717E+03
0000712   7.1396E+03  3.0145E+02 -2.6602E+03
0000713   7.3211E+03  1.0023E+03 -1.0322E+03
0000714   5.5466E+03  4.6529E+03 -1.1121E+02
0000715   8.4082E+03 -1.8658E+02  2.0395E+03
0000717   7.8026E+03  1.0921E+03  2.8583E+03
0000718   7.7858E+03 -7.8411E+02  2.1614E+03
0000719   7.0655E+03 -1.7087E+02  1.1342E+03
0000720   5.4828E+03  4.1969E+03  1.6725E+03
0000721   7.7090E+03  1.4934E+02  4.5000E+02
0000722   7.3337E+03  1.7240E+03 -1.4378E+03
0000723   6.3573E+03 -4.3056E+02  3.3664E+02
0000724   8.2196E+03  9.5619E+01 -7.8515E+02
0000725   6.4421E+03 -2.8420E+03 -1.3094E+03
0000726   5.9406E+03  1.9078E+03 -4.7529E+02
0000727   7.9505E+03  4.4017E+02 -1.3696E+03
0000728   7.9178E+03  4.9048E+02 -1.1843E+03
0000729   7.5818E+03 -9.6747E+02 -3.7596E+03
0000730   6.5919E+03 -1.1415E+01 -1.1771E+03
0000731   8.0815E+03  7.6938E+02  1.2981E+03
0000732   6.8209E+03 -2.2498E+03  1.7545E+03
0000733   7.1628E+03 -3.9782E+02 -3.0687E+03
0000734   6.9529E+03  3.5157E+03  3.5659E+02
0000735   6.5097E+03 -1.7400E+03 -1.7008E+03
0000736   6.0854E+03  1.0399E+03 -1.0233E+03
0000737   7.7030E+03 -4.2980E+03  2.0938E+03
0000738   7.0186E+03 -8.0049E+01 -2.5725E+03
0000739   8.1026E+03 -9.8696E+02 -3.3563E+02
0000740   8.7478E+03 -4.3875E+02 -9.3973E+02
0000741   9.8514E+03  3.5049E+02  4.7353E+02
0000742   5.4614E+03  1.0369E+03 -2.8523E+03
0000743   5.3285E+03  2.4322E+03 -4.5405E+03
0000744   6.0298E+03 -1.2527E+03  1.8324E+03
0000745   7.7344E+03 -2.1214E+03  1.0053E+03
0000746   7.5976E+03  3.6123E+02 -3.2861E+03
0000747   9.5770E+03 -5.3574E+02  6.1411E+02
0000748   9.1263E+03 -9.8164E+02 -1.8164E+03
0000749   6.7327E+03  4.4093E+03 -9.6229E+02
0000750   8.2539E+03  2.0882E+03 -3.4230E+02
0000751   8.3234E+03 -2.6848E+01 -4.0871E+02
0000752   7.9636E+03 -8.7899E+02 -8.4703E+02
0000753   9.2603E+03  1.9083E+03  3.7766E+02
0000754   8.8345E+03 -1.1588E+03  1.4582E+03
0000755   5.4445E+03 -2.4560E+03 -8.1180E+02
0000756   7.8977E+03  1.4828E+03  1.1240E+03
0000757   6.1168E+03  2.4870E+03 -1.8634E+03
0000758   8.6813E+03 -9.8190E+02 -1.8953E+03
0000759   7.6558E+03  1.1382E+03  9.3052E+02
0000760   8.5541E+03  3.5379E+02  5.3872E+02
0000761   8.0273E+03  2.0534E+03 -8.3790E+02
0000762   8.7432E+03  1.2718E+02  1.7107E+03
0000763   5.8197E+03  2.7509E+02  3.9412E+02
0000764   8.7560E+02  5.0762E+03  2.5783E+03
0000765   7.5010E+03  1.5998E+03  5.5261E+01
0000766   8.1514E+03  6.0930E+02  1.6600E+03
0000767   7.3733E+03  1.6889E+03 -9.8179E+02
0000768   6.9328E+03 -1.1040E+03 -1.3797E+03
0000769   8.0338E+03 -1.4983E+02 -4.3447E+02
0000770   8.9293E+03 -1.4499E+03  3.9948E+01
0000771   9.7965E+03  1.4373E+03 -1.5681E+03
0000772   8.0457E+03  3.0212E+02  9.3676E+02
0000773   7.8923E+03  1.0244E+03 -1.1833E+03
0000774   8.7589E+03 -1.2352E+03 -9.6431E+02
0000775   7.8733E+03 -8.4082E+02 -2.0199E+02
0000776   5.9606E+03  6.1138E+02  8.1495E+02
0000777   8.6052E+03  2.8769E+02  7.0107E+02
0000778   7.5601E+03 -3.2888E+03  2.8077E+02
0000779   7.8068E+03 -2.2334E+03  3.5321E+02
0000780   9.5534E+03 -4.5240E+02 -1.5382E+03
0000781   3.9675E+03 -3.3360E+03  2.7453E+03
0000782   7.8480E+03  1.8053E+03  2.2214E+03
0000783   7.3953E+03  1.4211E+03 -1.3714E+03
0000784   6.7231E+03  1.9266E+02  2.4031E+03
0000785   8.2752E+03  1.6338E+03  2.7698E+03
0000786   7.4461E+03  1.2782E+03  2.6568E+02
0000787   5.0452E+03 -4.7454E+03  3.8048E+02
0000788   6.4172E+03  1.9849E+03 -1.9337E+03
0000789   8.3190E+03  1.5538E+03  3.6232E+02
0000790   6.7905E+03  1.0798E+03  1.0261E+03
0000791   5.5830E+03  1.5571E+03 -2.9476E+03
0000792   7.2872E+03  4.6706E+02 -3.0490E+03
0000793   6.1920E+03 -1.1512E+03 -2.2779E+03
0000794   7.0451E+03  1.3714E+03 -1.0514E+03
0000795   6.7683E+03 -1.7575E+03  1.8562E+03
0000796   8.0367E+03  9.6644E+02  9.8347E+02
0000797   8.5114E+03 -2.0267E+02 -2.0614E+03
0000798   7.1069E+03 -2.6180E+03  6.6063E+02
0000799   8.2792E+03  1.9863E+03  1.7594E+02
0000800   8.5336E+03 -3.9518E+02  6.5252E+02
0000801   7.4620E+03 -1.1814E+03 -9.5072E+02
0000802   8.0966E+03  1.9030E+02 -1.6191E+03
0000803   8.3416E+03  2.4872E+02  8.5883E+00
0000804   7.4571E+03 -5.4297E+02  1.5139E+02
0000805   5.3243E+03  3.0366E+03 -1.7365E+03
0000806   7.5104E+03 -2.0257E+03  2.7884E+03
0000807   4.2811E+03  2.7608E+02 -1.5063E+03
0000808   7.5913E+03 -9.5576E+02 -2.3676E+03
0000809   3.6751E+03  2.2079E+03  1.1056E+02
0000810   7.3123E+03 -7.0171E+02  1.9344E+03
0000811   8.9277E+03 -7.1656E+02  3.7646E+02
0000812   8.9235E+03  7.6876E+02  1.6813E+03
0000813   8.6518E+03  2.3678E+03 -1.1216E+03
0000814   3.2336E+03 -2.9398E+03 -4.3387E+03
0000815   7.9995E+03  2.3000E+02 -2.4666E+03
0000816   7.5571E+03 -2.1397E+03  1.7428E+03
0000817   7.6027E+03 -1.1424E+03  1.1878E+03
0000818   6.6674E+03 -4.2263E+02  7.5783E+02
0000819   7.9577E+03  1.0678E+03 -6.6452E+01
0000820   9.3117E+03  1.8096E+03  1.3699E+03
0000821   7.4728E+03 -8.0581E+02 -1.6416E+03
0000822   7.3028E+03  1.9152E+03 -1.8773E+03
0000823   8.2296E+03  2.3963E+03  1.0740E+03
0000824   6.7600E+03  1.3672E+02 -1.0714E+03
0000825   8.2254E+03  6.1076E+02 -1.2647E+03
0000826   7.4796E+03 -1.7558E+03  2.6189E+02
0000827   7.4694E+03  7.7961E+02  1.9179E+01
0000828   9.2926E+03  1.9418E+02 -1.9748E+03
0000830   7.9213E+03  9.5306E+02  1.1322E+03
0000831   2.3664E+03  4.1631E+03  4.3738E+02
0000832   7.8130E+03 -9.5242E+02 -6.8875E+02
0000833   8.2651E+03 -1.7371E+03  2.7990E+03
0000834   7.7616E+03  7.6519E+02  5.9381E+02
0000835   8.1753E+03  2.1128E+03  2.5203E+03
0000836   7.7621E+03 -4.8955E+02  5.8554E+02
0000837   7.0445E+03  3.1344E+03  1.4320E+03
0000838   7.7725E+03  7.1213E+02 -3.6831E+03
0000839   8.1053E+03  7.0196E+02  2.1933E+03
0000840   6.9674E+03 -2.1328E+03  3.2409E+03
0000841   8.6392E+03 -1.4641E+03  5.0644E+02
0000842   7.5122E+03  9.6583E+02 -3.2766E+02
0000843   8.0750E+03  1.8815E+03  1.5005E+02
0000844   8.3465E+03  2.6333E+02 -1.4353E+03
0000845   6.8216E+03  2.0045E+03  4.1220E+02
0000846   9.1633E+03  3.9338E+02 -1.1111E+03
0000847   6.6014E+03 -9.3646E+02  8.9154E+02
0000848   7.9829E+03  2.4927E+03 -4.1595E+02
0000849   9.2702E+03 -2.1179E+02  8.7273E+02
0000850   8.2134E+03  1.1850E+01 -2.6018E+03
0000851   9.7334E+03 -3.5005E+02 -1.0835E+03
0000852   7.5787E+03  3.9448E+02 -1.8167E+03
0000853   8.0465E+03 -2.2393E+02 -5.2989E+02
0000854   5.9827E+03 -1.7820E+03  3.6346E+03
0000855   6.4397E+03  1.9982E+02 -7.2217E+02
0000856   7.5728E+03  2.3145E+03  9.9707E+02
0000857   7.4089E+03  1.2435E+03  1.8219E+03
0000858   8.7327E+03  2.5010E+03  2.1033E+03
0000859   7.4601E+03 -7.6882E+02 -1.7393E+03
0000860   7.7701E+03  9.4043E+02  1.5874E+00
0000861   7.7824E+03 -8.9534E+02 -2.2752E+03
0000862   5.7119E+03 -8.5204E+02 -1.5319E+03
0000863   7.0396E+03 -2.7049E+03 -3.4539E+03
0000864   8.5521E+03 -1.3420E+03 -1.1071E+03
0000865   7.7751E+03  1.0119E+03 -5.1608E+02
0000866   6.9257E+03 -1.1180E+03  6.5287E+02
0000867   5.8275E+03 -2.2440E+03  7.6326E+02
0000868   7.4545E+03 -1.6856E+03  3.1031E+03
0000869   7.3962E+03 -1.7109E+03  2.0623E+02
0000870   8.4977E+03  1.9846E+02 -5.7512E+02
0000871   7.9877E+03 -8.7385E+02  1.2761E+03
0000872   2.2810E+03 -2.7922E+03 -2.5994E+03
0000873   7.7122E+03  8.4551E+02 -5.0263E+02
0000874   7.5919E+03 -1.8355E+03 -1.5930E+03
0000875   8.6291E+03  2.6308E+03  1.8399E+03
0000876   9.3883E+03 -7.3432E+02 -6.8965E+02
0000877   7.6177E+03 -2.2397E+03  3.2652E+03
0000878   8.0797E+03 -5.6773E+02  4.8713E+02
0000879   7.6960E+03 -4.6584E+02  1.5794E+03
0000880   7.1420E+03 -2.1798E+03 -1.9964E+03
0000881   7.8427E+03 -1.2264E+03 -3.6548E+03
0000882   6.9060E+03  2.9332E+03  1.3992E+03
0000883   7.8211E+03  9.5131E+02 -2.0511E+03
0000884   4.4818E+03  2.6042E+01 -3.4110E+03
0000885   8.5129E+03  4.1510E+02 -4.2540E+02
0000886   7.7865E+03 -4.6842E+02  2.4627E+03
0000887   9.3691E+03 -3.8586E+02 -2.3148E+02
0000888   9.2026E+03  6.1258E+02 -2.3152E+03
0000889   8.0537E+03  4.7674E+02 -7.4267E+02
0000890   7.8753E+03 -1.2416E+02  1.6252E+02
0000891   7.2724E+03 -3.5979E+02 -2.6773E+01
0000892   9.5731E+03  7.3560E+02 -1.0454E+03
0000893   6.0078E+03  3.0569E+03 -2.3887E+03
0000894   8.8049E+03 -1.0515E+03  8.3973E+02
0000895   6.5262E+03  1.8527E+03  1.8858E+03
0000896   7.0265E+03 -5.9171E+02  2.8029E+03
0000897   8.4240E+03 -1.7306E+03  6.5388E+02
0000898   7.3764E+03  3.1298E+02 -2.4783E+03
0000899   8.2303E+03  2.6109E+03 -8.1502E+02
0000900   8.1968E+03 -1.2362E+03  2.6365E+02
0000901   7.0385E+03 -1.8257E+03  7.2602E+02
0000902   7.0267E+03  6.2823E+02 -7.0754E+01
0000903   9.2897E+03  5.2154E+01  2.2442E+02
0000904   6.4255E+03  4.3694E+03  1.4904E+03
0000905   5.4833E+03  1.6281E+03  3.3386E+02
0000906   7.7438E+03  1.4313E+03 -1.2112E+03
0000907   6.5191E+03 -4.2325E+03 -1.1766E+03
0000908   9.4666E+03  5.5997E+02 -1.2391E+03
0000909   8.3107E+03 -7.9614E+02  2.0754E+03
0000910   8.9739E+03 -8.4809E+02 -1.7423E+03
0000911   7.3737E+03 -7.2212E+02  2.6629E+03
0000912   7.9961E+03  1.5136E+02  6.7679E+02
0000913   8.3753E+03 -2.5089E+02 -1.9170E+03
0000914   8.3260E+03  2.2853E+03  1.7143E+01
0000915   8.2621E+03 -1.0614E+03 -2.0683E+03
0000916   7.2253E+03 -1.2115E+03 -4.1503E+03
0000917   6.9507E+03  3.3052E+02 -3.1060E+03
0000918   5.3243E+03  4.6097E+03  2.1768E+03
0000919   7.7732E+03 -3.6401E+03 -1.9902E+03
0000920   6.3020E+03  3.0186E+03 -2.0820E+03
0000921   7.0829E+03 -5.4284E+03 -2.1929E+02
0000922   7.8007E+03 -2.6315E+03 -4.0003E+02
0000923   9.0034E+03  4.2259E+02 -2.2941E+03
0000924   7.2782E+03 -7.5044E+02 -1.2243E+03
0000925   7.7489E+03  2.6893E+03  1.2932E+03
0000926   5.7352E+03  6.2026E+02 -8.0955E+01
0000927   8.5112E+03 -3.0026E+03 -1.5464E+03
0000928   8.1085E+03  9.4249E+02 -1.0869E+03
0000929   8.6822E+03 -2.3716E+03 -8.5764E+01
0000930   7.1509E+03 -1.9598E+03 -1.4831E+03
0000931   8.3361E+03  2.8031E+03 -9.0643E+02
0000932   6.7551E+03 -1.6121E+03 -1.3051E+03
0000933   9.1774E+03  1.0911E+03  3.3172E+01
0000934   8.0883E+03  1.8510E+03  1.2579E+03
0000935   7.7204E+03 -1.7138E+03 -7.3514E+02
0000936   5.5932E+03  2.9512E+03 -1.3313E+03
0000937   8.2833E+03  1.2373E+03  2.3084E+03
0000938   8.8939E+03  1.0100E+03  1.8718E+03
0000939   7.7607E+03 -1.3568E+03  1.0689E+03
0000940   6.0717E+03  2.7918E+02 -1.9423E+03
0000941   8.6200E+03  1.3437E+03  8.4933E+02
0000942   8.0400E+03  8.3292E+02  2.3470E+02
0000943   8.3380E+03  2.8476E+03 -9.0586E+02
0000944   6.9359E+03  3.3204E+03  1.0596E+03
0000945   8.7092E+03  1.8013E+03 -1.3656E+03
0000946   7.5074E+03 -1.1305E+03  1.4204E+03
0000947   6.6179E+03 -9.3312E+02 -2.3741E+03
0000948   6.7906E+03 -4.0266E+02 -1.0150E+03
0000949   1.0073E+04 -5.0411E+02 -1.1556E+03
0000950   6.3782E+03 -7.9279E+01  8.1566E+02
0000951   8.0671E+03  1.3329E+03  1.6063E+03
0000952   7.8300E+03  9.6646E+02  4.3713E+02
0000953   9.2111E+03  1.1624E+03 -8.5296E+02
0000954   8.2669E+03 -3.1999E+01  2.0676E+03
0000955   7.5636E+03  8.2878E+02 -6.1500E+02
0000956   8.2074E+03 -2.2902E+03 -1.0004E+02
0000957   8.6363E+03  8.2435E+02  4.3939E+02
0000958   7.5085E+03 -9.6267E+01  1.4122E+03
0000959   7.8110E+03 -1.8834E+03  1.2949E+03
0000960   7.5719E+03  1.2959E+03 -1.5750E+03
0000961   8.2243E+03  6.1534E+02  1.7478E+03
0000962   7.3120E+03 -3.1201E+02  1.6431E+03
0000963   7.8632E+03  6.3953E+02  1.5167E+03
0000964   7.1817E+03 -7.6444E+02 -2.8126E+03
0000965   7.2116E+03  1.2580E+03  7.4427E+02
0000966   7.3093E+03 -1.4973E+03  7.3211E+02
0000967   7.7726E+03 -1.0634E+03  6.6095E+02
0000968   6.0175E+03 -1.1536E+02 -1.4057E+03
0000969   6.6216E+03 -2.1921E+03  3.6161E+02
0000970   8.2078E+03 -1.0103E+02 -1.9472E+01
0000971   7.0282E+03  6.2021E+02  2.6347E+03
0000972   6.4483E+03 -5.4816E+02 -2.0542E+03
0000973   6.3866E+03 -3.5867E+03  1.0674E+03
0000974   7.6007E+03  6.0507E+01  2.4232E+02
0000975   8.0854E+03  2.3075E+01 -1.1731E+03
0000976   8.1592E+03  5.8702E+02  3.2763E+02
0000977   7.1431E+03  7.7447E+02 -3.0722E+03
0000978   7.6289E+03 -1.0904E+03  3.4133E+03
0000979   6.5078E+03 -8.7193E+02  1.5270E+03
0000980   7.0814E+03  2.6210E+03 -4.6945E+02
0000981   7.8846E+03  8.9471E+02  3.0216E+02
0000982   8.2497E+03 -4.4671E+02  5.1853E+02
0000983   8.4989E+03  1.4263E+03  1.0728E+00
0000984   7.0633E+03  6.4088E+02 -2.8498E+03
0000985   7.9665E+03  8.1163E+02  5.4761E+01
0000986   7.8475E+03  1.5488E+03  1.3778E+03
0000987   8.6429E+03  3.8158E+02  8.5291E+02
0000988   8.4794E+03 -7.5493E+01 -1.7665E+02
0000989   6.7920E+03  6.8126E+02  2.3554E+03
0000990   5.4249E+03  1.4524E+03 -3.4689E+03
0000991   7.9547E+03  7.3213E+02  1.3556E+03
0000992   7.7575E+03 -1.9012E+03 -2.2095E+03
0000993   7.0644E+03  2.8270E+03 -2.4448E+03
0000994   7.4873E+03 -2.2470E+03 -9.9272E+02
0000995   6.7330E+03 -7.5236E+02  1.0653E+03
0000996   8.0203E+03  3.0308E+03 -2.7548E+02
0000997   6.7759E+03 -1.4877E+03 -3.5435E+03
0000998   8.3783E+03  9.8625E+02  2.6974E+03
0000999   8.1443E+03 -2.5797E+03 -1.1560E+03
0001000   6.5363E+03 -8.5921E+02  2.2207E+03
0001001   7.1406E+03 -1.6844E+02 -2.8340E+03
0001002   7.8656E+03  2.6551E+02  1.0956E+03
0001003   8.5249E+03  2.5655E+02  2.6944E+02
0001004   7.9466E+03 -4.7199E+01  1.8910E+03
0001005   8.0455E+03  1.3897E+02  1.4265E+03
0001006   7.8137E+03 -9.7768E+02 -2.1397E+03
0001007   6.1062E+03 -1.5091E+02 -2.8403E+03
0001008   8.9328E+03  5.5420E+02 -7.1025E+02
0001009   6.7099E+03 -3.6195E+03  4.1235E+02
0001010   8.9500E+03  2.3958E+02  3.1167E+03
0001011   7.9726E+03  2.8127E+03  1.1033E+03
0001012   5.4333E+03 -6.2277E+02 -2.1918E+03
0001013   5.8602E+03  1.2701E+03 -1.4350E+03
0001014   7.3808E+03  6.7487E+02  1.5577E+03
0001015   6.8553E+03  2.7488E+02 -1.3427E+03
0001016   7.0094E+03  5.4054E+02  7.5272E+02
0001017   2.2979E+03  5.0312E+03  1.8905E+03
0001018   8.2160E+03  3.7307E+03 -8.0994E+01
0001019   7.2184E+03  4.8597E+02 -2.2442E+03
0001020   7.5075E+03 -6.6433E+02  8.5312E+01
0001021   6.7949E+03  1.3147E+03 -4.5231E+02
0001022   8.2800E+03 -9.0091E+02 -2.6370E+03
0001023   7.1851E+03 -2.0257E+03 -1.4915E+03
0001024   8.5903E+03 -1.6359E+03 -1.2066E+03
0001025   8.7067E+03 -9.2579E+02  1.0797E+03
0001026   8.2758E+03  7.5375E+02  2.5741E+03
0001027   6.2049E+03 -1.6805E+03 -1.6169E+03
0001028   7.4170E+03  9.1961E+02 -2.0265E+03
0001029   8.4303E+03  5.5004E+02  7.0319E+02
0001030   8.4925E+03  7.4685E+02  1.0391E+02
0001031   5.4855E+03 -9.6367E+00  2.6151E+03
0001032   9.0228E+03 -2.2694E+02  2.6754E+02
0001033   7.7375E+03  1.3595E+03 -1.0864E+03
0001034   8.0706E+03 -2.5299E+03 -1.5949E+03
0001035   5.9799E+03 -2.1288E+03  1.2673E+01
0001036   8.2408E+03  2.2527E+03 -7.0037E+02
0001037   8.0443E+03 -3.8300E+02  2.8608E+02
0001038   6.8591E+03 -3.6110E+03  1.3899E+02
0001039   9.2909E+03 -1.7913E+03  5.3197E+01
0001040   7.2781E+03  2.5766E+03  1.6249E+02
0001041   6.6728E+03  1.0988E+03  1.1235E+03
0001042   7.7005E+03  1.2101E+03  9.8870E+02
0001043   1.8944E+03 -7.3208E+03 -1.6845E+03
0001044   5.0138E+03  4.8762E+02 -6.7378E+03
0001045   7.2019E+03 -5.8864E+01 -2.9360E+03
0001046   5.1314E+03  2.5931E+03 -7.9845E+02
0001047   6.6689E+03 -8.7168E+02  1.8740E+03
0001048   7.9850E+03 -4.2775E+02  1.0314E+03
0001049   5.2242E+03  1.2471E+03  2.9148E+03
0001050   6.1992E+03  1.9078E+03  2.3552E+02
0001051   7.6654E+03  1.1421E+02  2.4699E+02
0001052   7.8807E+03 -5.7321E+01  9.8573E+02
0001053   6.9112E+03  8.8867E+02 -2.9530E+03
0001054   5.2275E+03  1.6019E+03 -1.6035E+03
0001055   8.5895E+03  2.2447E+02  4.8300E+01
0001056   5.7957E+03  2.9468E+03  1.9443E+03
0001057   8.8951E+03  8.1589E+02 -1.2637E+03
0001058   8.4131E+03 -4.5397E+02  1.0694E+03
0001059   8.9416E+03 -1.4298E+03 -1.5501E+03
0001060   5.6535E+03 -3.4033E+02  1.2916E+03
0001061   6.7700E+03 -1.6224E+03 -1.5871E+03
0001062   5.7016E+03 -1.1039E+03  5.3109E+02
0001063   7.7353E+03  2.4393E+03 -4.9695E+02
0001064   7.9040E+03  2.7631E+03 -5.5376E+02
0001065   8.4910E+03 -9.8963E+01 -5.8335E+02
0001066   6.0388E+03  3.9711E+03  1.8028E+03
0001067   6.9954E+03  9.6018E+02 -1.0670E+03
0001068   9.0453E+03  3.4792E+02 -2.3138E+02
0001069   9.0134E+03  1.7875E+03 -3.0057E+02
0001070   6.5274E+03 -3.7478E+03  5.8372E+02
0001071   7.2091E+03  2.0791E+03  3.4334E+03
0001072   8.4684E+03  1.6627E+03 -3.2765E+02
0001073   7.7245E+03  1.0342E+03 -3.0554E+01
0001074   6.8259E+03  1.1106E+03  3.1478E+03
0001075   6.6701E+03  1.6488E+03  2.5981E+03
0001076   7.4414E+03  1.2299E+03  8.9203E+02
0001077   6.8890E+03  2.2894E+03  3.2924E+03
0001078   8.2922E+03 -7.1623E+02 -7.9446E+02
0001079   6.1960E+03  1.1484E+03 -2.7523E+02
0001080   7.9982E+03 -1.7821E+03  1.0998E+03
0001081   5.9139E+03 -7.4712E+00  1.8692E+03
0001082   9.9844E+03  2.8734E+02  9.2259E+02
0001083   8.5257E+03 -1.3148E+03 -1.1056E+03
0001084   7.3007E+03 -1.4364E+03  2.6165E+03
0001085   6.8349E+03 -1.1644E+03  1.6474E+02
0001086   6.4658E+03 -3.7930E+03  5.1309E+02
0001087   7.9158E+03  1.8857E+03  7.8539E+02
0001088   8.6739E+03 -1.3761E+03 -1.5727E+02
0001089   8.3666E+03  1.7832E+03 -1.7995E+03
0001090   6.4270E+03  9.8679E+01  1.4185E+03
0001091   8.5574E+03  3.0571E+03 -1.4564E+02
0001092   6.7832E+03  2.2710E+03 -2.0702E+03
0001093   7.6731E+03  2.3540E+03  1.8057E+03
0001094   8.6391E+03 -7.7631E+02 -5.0304E+02
0001095   4.5342E+03  3.9154E+03 -1.3414E+03
0001096   3.4203E+03  5.7905E+02  3.4618E+03
0001097   7.1735E+03  6.9668E+02  1.1776E+03
0001098   7.6294E+03  8.9485E+02  1.5474E+03
0001099   8.5924E+03  3.2070E+02 -3.6353E+02
0001100   7.3852E+03 -7.4760E+02 -4.5838E+03
0001101   6.7059E+03  8.9784E+02 -5.8210E+01
0001102   5.6796E+03 -2.0370E+03 -3.1823E+03
0001103   6.2562E+03  8.4449E+02 -2.5112E+03
0001104   7.8182E+03  8.3403E+02  1.3039E+03
0001105   7.7759E+03 -1.9319E+03 -1.0745E+03
0001106   7.0128E+03  9.1791E+02 -9.8861E+02
0001107   8.5227E+03 -2.3741E+03  3.2834E+02
0001108   7.6234E+03 -6.1113E+02 -1.0676E+03
0001109   7.4151E+03 -2.4058E+03 -6.4954E+02
0001110   4.2192E+03  3.4752E+03 -5.5548E+03
0001111   6.1758E+03 -3.3561E+03  2.6870E+03
0001112   7.3750E+03 -7.7834E+02 -1.5620E+02
0001113   7.8033E+03  2.4742E+03  3.7416E+03
0001114   8.4388E+03  1.4288E+03  2.6634E+03
0001115   7.5503E+03 -2.3275E+02  3.9905E+02
0001116   4.5551E+03  4.6963E+03  1.7020E+03
0001117   8.2635E+03 -1.7426E+00 -2.2438E+03
0001118   7.8801E+03 -1.5834E+03  1.1072E+03
0001119   7.0310E+03  1.7898E+03  4.5298E+01
0001120   8.8174E+03  5.8649E+02  1.4811E+01
0001121   5.6023E+03  3.9133E+02 -3.2574E+03
0001122   6.7951E+03 -1.3913E+03  7.1256E+01
0001123   8.8936E+03 -1.6715E+03  6.2085E+02
0001124   8.8581E+03 -1.2341E+03  1.6794E+03
0001125   7.1740E+03 -1.8785E+02 -3.5321E+02
0001126   7.8147E+03  7.5634E+02 -1.5446E+03
0001127   7.2040E+03 -3.2896E+02 -7.2069E+02
0001128   7.7341E+03  1.6707E+03 -2.1623E+03
0001129   7.4784E+03 -1.9153E+03 -1.2113E+03
0001130   8.4323E+03 -1.2871E+03  4.0370E+02
0001131   8.1389E+03  1.3021E+03 -4.8150E+02
0001132   8.8388E+03  2.3397E+02 -2.7516E+03
0001133   7.6105E+03  4.0040E+03  1.4803E+03
0001134   8.6109E+03 -1.6061E+03 -8.6133E+01
0001135   8.5532E+03  2.4660E+02  6.1511E+02
0001136   7.8118E+03  5.9220E+02 -1.2466E+03
0001137   8.3466E+03 -1.3331E+03  5.1510E+02
0001138   6.8251E+03 -2.3706E+03  2.0411E+03
0001139   6.2914E+03  3.5103E+02 -2.7802E+03
0001140   7.3067E+03 -1.7890E+03  2.3499E+03
0001141   7.4783E+03  6.1599E+02  3.2431E+03
0001142   6.4671E+03 -2.7724E+03  1.5412E+03
0001143   7.8534E+03 -1.3791E+03  8.6828E+02
0001145   6.2966E+03  1.1275E+02  1.8855E+03
0001146   8.1288E+03  1.4994E+03 -1.2283E+03
0001147   8.3266E+03  1.0439E+03 -8.6846E+02
0001148   8.3032E+03  3.8775E+02  1.3722E+03
0001149   2.3622E+03 -4.2380E+03 -2.7937E+03
0001150   6.2072E+03 -1.4648E+03  1.7022E+03
0001151   8.0223E+03 -3.0423E+02 -9.8883E+02
0001152   8.2293E+03 -2.1719E+03 -8.1138E+02
0001153   7.2950E+03  2.4587E+03  1.2559E+02
0001154   9.0477E+03  1.4431E+03 -2.0565E+02
0001155   6.8578E+03  4.6388E+02  4.2296E+03
0001156   6.9897E+03  2.5498E+03 -4.2806E+02
0001157   6.8785E+03 -1.7403E+03  2.8382E+02
0001158   7.2224E+03  3.2582E+03 -2.8424E+02
0001159   7.7856E+03 -1.6216E+03  2.4350E+02
0001160   6.7158E+03 -3.3148E+03  4.6377E+02
0001161   5.5563E+03  2.7275E+03 -1.9777E+03
0001162   7.1534E+03  5.2593E+02 -2.3037E+03
0001163   7.7169E+03  2.6040E+03  2.9205E+03
0001164   8.0750E+03 -5.1555E+02  2.8289E+03
0001165   7.6521E+03  8.9740E+02  3.9747E+02
0001166   5.1274E+03 -3.3955E+03 -1.5576E+03
0001167   7.4475E+03  1.4993E+03 -3.3349E+01
0001168   7.8291E+03 -6.7358E+02 -4.1117E+02
0001169   7.0855E+03  1.9013E+03  1.5146E+03
0001170   5.8335E+03  2.4737E+03 -4.0053E+03
0001171   7.4831E+03  2.1685E+03  6.4779E+02
0001172   9.1155E+03 -8.1369E+02 -4.5732E+00
0001173   8.2512E+03  1.4081E+03 -9.6624E+02
0001174   7.5789E+03  6.6717E+02  5.9338E+02
0001175   8.4230E+03  5.1292E+02  1.6142E+03
0001176   5.3435E+03 -4.3064E+03  2.3380E+03
0001177   7.3766E+03  2.1083E+02 -1.9730E+03
0001178   6.6231E+03 -4.9140E+02  3.2188E+03
0001179   7.7159E+03  2.6688E+03  1.8764E+02
0001180   7.7111E+03  3.0301E+03  1.0571E+03
0001181   3.8646E+03 -4.9085E+03  1.0496E+03
0001182   5.3965E+03  3.4907E+03 -1.3425E+03
0001183   6.4074E+03  9.1741E+02  3.1665E+02
0001184   8.8911E+03  1.5470E+03  8.1267E+02
0001185   7.6395E+03  1.7953E+03  3.8074E+02
0001186   8.1364E+03 -3.2889E+03 -3.1117E+02
0001187   7.7311E+03 -2.5004E+02 -1.0040E+03
0001188   8.0580E+03 -2.2382E+03  5.4746E+02
0001189   7.7105E+03  3.5639E+03  1.1670E+03
0001190   7.2605E+03 -5.9620E+02 -3.9035E+02
0001191   8.4039E+03 -1.0487E+03  3.7615E+02
0001192   8.2876E+03 -2.0800E+03 -4.7676E+02
0001193   8.4048E+03  7.0354E+02 -1.0241E+03
0001194   6.8147E+03 -3.0244E+03 -1.6635E+03
0001195   7.3789E+03 -2.0387E+03  5.9420E+02
0001196   6.5222E+03  2.6272E+03 -2.9611E+03
0001197   8.0689E+03 -1.6559E+03  4.6249E+02
0001198   8.7590E+03  7.0996E+02 -8.2905E+01
0001199   7.6902E+03  1.7657E+03 -5.1911E+02
0001200   8.2785E+03  2.2004E+03 -1.4216E+02
0001201   7.3500E+03  1.9953E+03  3.6834E+02
0001202   7.9535E+03 -2.2827E+03 -1.5933E+03
0001203   8.9045E+03 -1.6043E+02 -1.3958E+03
0001204   1.9635E+03 -4.2089E+03  2.7025E+03
0001205   7.3347E+03  2.5482E+03 -9.1272E+02
0001206   7.2998E+03 -3.4030E+03  7.5841E+02
0001207   6.4129E+03 -8.3481E+02  2.6047E+03
0001209   5.1163E+03 -2.0782E+03  8.4202E+02
0001210   9.3896E+03 -7.3962E+02 -1.7814E+03
0001211   7.1441E+03 -2.4410E+03  4.8509E+02
0001212   8.3092E+03  2.5696E+03 -9.2199E+01
0001213   5.7285E+03  1.8246E+03 -2.0968E+02
0001214   9.3148E+03 -2.3193E+02 -4.2952E+02
0001215   8.9255E+03  2.3134E+02  1.5810E+02
0001216   8.4833E+03 -1.0906E+03 -5.0327E+02
0001217   4.2022E+03  2.3981E+03  3.7806E+03
0001218   7.9619E+03  3.8181E+02  2.4087E+03
0001219   8.3153E+03  7.4998E+02 -5.3649E+01
0001220   7.5217E+03 -4.7942E+02  7.1684E+02
0001221   8.5643E+03 -6.4563E+02  2.2825E+03
0001222   9.5536E+03  1.9057E+02  5.2299E+02
0001223   8.1737E+03  8.3577E+02 -7.5189E+01
0001224   7.1633E+03 -7.2180E+02 -1.0663E+03
0001225   8.8665E+03 -7.2673E+02 -3.9666E+02
0001226   5.3171E+03 -2.8244E+02  2.9001E+03
0001227   6.4147E+03 -2.3437E+03 -3.5430E+03
0001228   8.4260E+03 -1.1824E+03  1.3174E+03
0001229   7.4166E+03  6.7607E+01 -2.1664E+03
0001230   9.2386E+03  8.0410E+02  1.7597E+03
0001231   8.1149E+03  2.7127E+02  3.4652E+03
0001232   8.5303E+03  1.4755E+03 -1.7129E+02
0001233   6.7893E+03  4.9966E+02 -2.1147E+03
0001234   2.4292E+03  7.3460E+02 -8.0064E+02
0001235   3.4497E+03 -1.3515E+03  1.1171E+03
0001236   8.6096E+03 -2.1827E+03  2.7963E+03
0001237   8.7168E+03 -1.0889E+03  8.1850E+02
0001238   8.4439E+03  1.5454E+03  3.5159E+02
0001239   7.9736E+03  1.3547E+03 -3.0705E+02
0001240   7.1131E+03  7.2273E+02 -1.6790E+03
0001241   6.6664E+03 -9.7417E+02  3.5468E+03
0001242   7.6678E+03  2.2333E+03  2.1171E+03
0001243   6.4066E+03 -1.7223E+03 -2.0185E+03
0001244   7.5078E+03 -6.7692E+02 -3.4788E+03
0001245   7.5455E+03 -2.4310E+03 -1.7938E+03
0001246   7.5921E+03 -2.7933E+03  2.0889E+03
0001247   6.1216E+03  1.9315E+03  3.3117E+03
0001248   9.2549E+03 -2.6423E+02 -1.2310E+03
0001249   7.9906E+03 -1.8253E+03  8.9457E+02
0001250   8.0862E+03 -1.3567E+03  5.3404E+02
0001251   8.1436E+03  1.5045E+03  1.6718E+03
0001252   7.8427E+03  8.1892E+02 -9.6694E+02
0001253   5.6085E+03 -2.3160E+03  4.2823E+01
0001254   7.0528E+03 -1.2956E+02 -5.4519E+02
0001255   7.5467E+03 -1.2595E+03  8.8694E+02
0001256   5.9786E+03  2.9582E+03  9.7244E+02
0001257   7.8494E+03 -1.2163E+03 -9.1774E+02
0001258   6.0982E+03  1.8795E+03  1.3807E+03
0001259   6.9255E+03 -6.0906E+02 -1.0922E+03
0001260   6.8213E+03  9.1840E+02  2.6376E+03
0001261   7.3016E+03  2.7739E+03 -1.3051E+03
0001262   7.8780E+03 -8.6094E+02 -1.1098E+02
0001263   2.1564E+03 -3.5799E+03 -1.9805E+03
0001264   7.1246E+03  1.6592E+03  1.3780E+03
0001265   6.6336E+03  2.1554E+02  3.7276E+03
0001266   7.8487E+03 -1.8201E+03 -4.7199E+02
0001267   8.4156E+03  2.1358E+03 -7.8745E+02
0001268   5.9595E+03  1.4351E+03 -3.0730E+03
0001269   7.7328E+03  1.0234E+03  1.1320E+03
0001270   6.9893E+03  7.4617E+02  6.2599E+01
0001271   7.9336E+03 -1.1037E+03 -8.2935E+02
0001272   8.0532E+03  7.0101E+02 -6.0488E+02
0001273   8.1056E+03  1.1769E+03 -4.6601E+03
0001274   7.6452E+03  2.0414E+03  1.0352E+03
0001275   8.8157E+03  1.7779E+03 -1.5591E+03
0001276   7.1490E+03 -1.2744E+03  3.2570E+02
0001277   6.2966E+03 -1.3386E+03 -3.3591E+03
0001278   6.5746E+03 -1.0467E+03  4.5281E+02
0001279   8.3818E+03  2.0639E+03  9.0949E+02
0001280   8.0127E+03  1.3187E+03  7.2252E+02
0001281   7.2924E+03 -1.2299E+03  4.2102E+02
0001282   8.6238E+03  1.5850E+03  5.7122E+02
0001283   5.8843E+03 -3.4892E+02  3.9518E+03
0001284   7.4350E+03  1.7145E+03 -6.2529E+02
0001285   7.2614E+03 -1.5535E+03 -2.6929E+03
0001286   7.3675E+03 -5.3350E+02 -4.5326E+02
0001287   7.2508E+03  1.4508E+03 -3.2124E+03
0001288   6.9285E+03 -1.9588E+03  3.0078E+03
0001289   7.1406E+03 -2.1445E+03 -3.0770E+02
0001290   6.9626E+03 -4.1431E+03 -7.6958E+02
0001291   7.1833E+03  2.0077E+03  7.2821E+02
0001292   7.4084E+03  5.7221E+02  1.9153E+03
0001293   9.6983E+03 -1.7780E+03  1.8236E+02
0001294   8.2132E+03 -8.0824E+02  1.6267E+03
0001295   8.0874E+03  3.1451E+03 -2.3234E+03
0001296   8.7876E+03  2.1973E+03  1.7635E+03
0001297   6.8952E+03 -1.0359E+03 -1.4811E+03
0001298   7.9056E+03  1.9901E+03 -1.9075E+02
0001299   7.7986E+03 -1.6366E+03 -1.2095E+03
0001300   8.2073E+03  7.1994E+02  9.9726E+02
0001301   7.4442E+03  1.7774E+03  8.4055E+02
0001302   7.4243E+03  2.0491E+03  8.5958E+02
0001303   8.0225E+03  1.3129E+03  1.2062E+02
0001304   7.1888E+03  3.6220E+02  1.4755E+03
0001305   6.3893E+03 -3.6449E+03 -4.6598E+01
0001306   7.9932E+03  1.9767E+03 -1.3405E+02
0001307   7.7504E+03  3.8998E+03 -1.2071E+03
0001308   7.7521E+03  7.4463E+02 -3.2346E+02
0001309   8.3803E+03  2.3629E+03 -8.0863E-02
0001310   9.7041E+03 -1.3723E+03 -1.6775E+01
0001311   6.6376E+03  5.3223E+02 -1.3687E+03
0001312   8.7427E+03  3.7202E+02  4.8373E+02
0001313   6.7948E+03  2.0715E+02  3.1798E+03
0001314   9.0008E+03  1.0575E+03 -4.0277E+02
0001315   8.0697E+03  3.8662E+02 -2.6944E+03
0001316   7.4389E+03  2.5596E+02 -1.6527E+03
0001317   6.6120E+03  1.7259E+03 -2.6606E+03
0001318   5.0983E+03 -1.9344E+02  2.0140E+03
0001319   7.4521E+03  1.7783E+01  3.9305E+03
0001320   7.6628E+03  2.7110E+02 -2.9747E+02
0001321   8.2285E+03 -4.1035E+02 -2.2483E+03
0001322   4.8514E+03 -2.5634E+03 -2.3394E+02
0001323   7.3090E+03 -2.2284E+03  1.1412E+03
0001324   9.1997E+03 -1.8213E+03 -9.6212E+02
0001325   8.2748E+03 -8.0828E+02 -9.9186E+02
0001326   9.1291E+03 -7.7481E+02 -1.0950E+03
0001327   8.3688E+03 -4.4450E+02 -1.9456E+02
0001328   7.8947E+03 -5.2120E+02 -1.8268E+01
0001329   8.8626E+03  3.5273E+03 -1.9032E+03
0001330   6.6551E+03 -1.2982E+03  1.3469E+03
0001331   8.3056E+03  4.1457E+02  1.6203E+03
0001332   9.0363E+03 -1.5167E+03  1.4836E+02
0001333   4.5395E+03  5.3424E+03  3.9943E+03
0001334   8.8278E+03 -9.8566E+02 -7.9373E+02
0001335   7.6451E+03 -7.2426E+02 -2.2657E+03
0001336   7.6229E+03  2.8243E+03  6.2999E+02
0001337   3.4083E+03 -4.7378E+03 -1.9975E+03
0001338   7.1611E+03  4.5298E+03 -1.4025E+03
0001339   6.0441E+03 -3.3083E+02 -1.4583E+03
0001340   9.2788E+03 -2.1403E+02 -4.6427E+02
0001341   6.8718E+03  2.2220E+03 -8.1648E+02
0001342   8.9129E+03  7.2870E+02 -1.0672E+03
0001343   6.0175E+03  1.9396E+02 -1.4276E+02
0001344   7.8464E+03 -2.8372E+02  9.7873E+02
0001345   6.7357E+03  2.6166E+03 -1.4259E+03
0001346   5.9367E+03 -5.2609E+03 -3.0531E+03
0001347   7.9161E+03 -1.5581E+03  1.5038E+03
0001348   8.5825E+03 -1.4573E+03  6.8007E+02
0001349   8.4875E+03 -1.8139E+03  1.2287E+02
0001350   8.7729E+03 -2.3373E+03 -2.1680E+02
0001351   7.9335E+03  8.4226E+01  9.4904E+02
0001352   7.1623E+03 -4.6251E+02  4.5382E+02
0001353   8.0671E+03  6.4123E+02 -3.6675E+02
0001354   7.5297E+03 -1.5465E+03  6.6026E+02
0001355   7.0798E+03 -4.1620E+01  1.1823E+03
0001356   5.7406E+03  3.7242E+03 -9.4123E+02
0001357   8.7442E+03 -1.2812E+03 -1.9081E+02
0001358   9.0969E+03  5.2410E+02  1.7913E+03
0001359   8.0622E+03 -1.7195E+02 -8.0461E+02
0001360   7.9821E+03  7.5871E+02  1.5489E+02
0001361   8.4879E+03  5.9255E+02  7.8631E+02
0001362   7.6826E+03 -1.3624E+03 -1.4713E+03
0001363   7.2213E+03 -1.8938E+03  2.3085E+03
0001364   7.8376E+03  8.3380E+02 -2.7290E+03
0001365   9.0106E+03 -1.4370E+03  5.2332E+01
0001366   8.7498E+03  1.6633E+03 -3.4748E+02
0001367   7.9127E+03  2.1069E+03  1.4354E+03
0001368   8.7546E+03  3.2445E+03  7.6720E+02
0001369   7.6662E+03 -1.3300E+03  8.0211E+02
0001370   7.7297E+03  1.4883E+03  1.7098E+03
0001371   7.8483E+03 -1.1908E+03  2.8024E+03
0001372   7.8122E+03  1.2820E+03 -2.6560E+03
0001373   9.4391E+03 -5.9614E+02  1.6047E+02
0001374   8.4996E+03  1.4600E+03  2.5695E+02
0001375   7.5152E+03  7.3971E+02 -5.2138E+02
0001376   8.1975E+03  1.3823E+03 -1.9947E+03
0001377   6.7274E+03  8.9534E+02 -2.2314E+03
0001378   4.0918E+03 -6.2870E+02  5.3823E+02
0001379   7.8996E+03  1.4587E+03 -3.1324E+03
0001380   7.6079E+03 -1.4814E+03  1.5214E+03
0001381   5.1446E+03 -8.4761E+02 -5.9844E+03
0001382   7.3521E+03 -1.4508E+03 -6.0762E+02
0001383   7.4313E+03 -6.8037E+02  1.4341E+03
0001384   7.2252E+03 -2.4070E+03 -1.3951E+02
0001385   5.5743E+03 -9.0444E+02  1.0335E+03
0001386   7.5280E+03  2.0925E+03 -1.1748E+03
0001387   7.7033E+03 -2.2705E+03 -1.5528E+02
0001388   7.3890E+03  3.7590E+02  1.0177E+03
0001389   7.8669E+03 -1.2247E+03 -2.0857E+01
0001390   7.5142E+03  1.9313E+03  2.9781E+02
0001391   6.4979E+03  7.2068E+01  1.4450E+03
0001392   7.9293E+03  7.1728E+02 -9.5483E+02
0001393   7.6711E+03 -3.5199E+02 -9.8070E+02
0001394   8.3691E+03 -1.8927E+03 -5.7062E+02
0001395   7.9445E+03 -2.5733E+03 -1.9004E+03
0001396   6.0559E+03 -2.7759E+03 -2.8541E+03
0001397   9.0915E+03  9.8138E+02  1.2825E+03
0001398   6.4617E+03  3.8999E+01 -2.3552E+03
0001399   7.8370E+03 -3.1591E+03  9.8096E+02
0001400   8.8804E+03  7.3947E+02  2.5171E+01
0001401   8.1183E+03 -1.3281E+03  8.1485E+02
0001402   8.4706E+03 -6.3622E+02  5.2310E+02
0001403   6.1325E+03 -1.2516E+03 -1.1688E+03
0001404   5.4750E+03  1.3805E+03  1.3228E+02
0001405   6.0850E+03  3.8442E+03 -1.3050E+03
0001406   7.4165E+03 -2.0900E+02  7.8807E+02
0001407   7.0155E+03  2.2363E+03 -5.5352E+02
0001408   3.2320E+03 -3.0297E+03 -2.2849E+03
0001409   5.7029E+03  2.0905E+03 -1.1636E+03
0001410   8.5565E+03 -8.5479E+02 -6.3607E+02
0001411   6.8198E+03 -2.8280E+03  8.4262E+02
0001412   8.6607E+03 -1.8656E+03 -7.4015E+02
0001413   6.8119E+03  1.4521E+03 -7.5423E+02
0001414   5.9827E+03  1.0791E+03  1.9404E+03
0001415   8.3532E+03  2.1866E+03 -1.9837E+02
0001416   9.7403E+03  4.2175E+02  2.0688E+03
0001417   8.1059E+03 -2.0768E+03  1.5532E+03
0001418   8.4140E+03 -8.1597E+02  1.5950E+02
0001419   6.6518E+03 -1.2401E+03 -1.7063E+03
0001420   7.9611E+03 -2.6601E+03 -9.9514E+02
0001421   5.9469E+03 -7.9203E+01  2.8779E+03
0001422   8.4415E+03  6.3126E+02  1.3414E+03
0001423   5.1629E+03  2.2304E+02 -1.1575E+03
0001424   7.6791E+03  1.7336E+03 -8.0960E+02
0001425   3.7126E+03  7.7935E+01 -4.0553E+03
0001426   4.6434E+03  2.5110E+03  2.2075E+03
0001427   5.1410E+03  4.6421E+03  1.0399E+03
0001428   5.5788E+03  3.4737E+03 -8.7771E+02
0001429   2.9351E+03  3.3896E+03 -8.9420E+02
0001430   8.4330E+03  4.0771E+00  3.4846E+02
0001431   7.3054E+03  5.0169E+02  1.4737E+03
0001432   8.0298E+03  2.4184E+03  3.1413E+03
0001433   7.9624E+03 -2.4308E+03 -8.8246E+02
0001434   1.0088E+04 -8.9272E+02  1.5959E+03
0001435   7.6504E+03  2.0616E+03  2.6101E+01
0001436   7.9444E+03 -2.4515E+03  6.1278E+02
0001437   7.0598E+03  1.8366E+03  1.3720E+03
0001438   8.5625E+03  2.0531E+03  1.5533E+02
0001439   8.9398E+03 -8.4044E+02 -3.6114E+02
0001440   8.2502E+03 -3.1167E+03 -1.2147E+03
0001441   5.6054E+03 -1.5312E+03  7.5780E+02
0001442   6.4917E+03  1.2791E+03  2.1295E+02
0001443   1.2489E+03 -1.0500E+03 -3.6562E+03
0001444   7.0230E+03 -2.8939E+03 -2.2217E+01
0001445   6.5619E+03  1.2833E+02  1.6031E+03
0001446   7.9571E+03  6.1097E+01  5.2790E+02
0001447   7.2742E+03  1.0574E+03  1.5892E+03
0001448   8.1298E+03  9.7466E+02 -1.5975E+02
0001449   9.1330E+03 -8.5802E+02  4.3648E+02
0001450   7.3722E+03 -1.0801E+01 -2.2119E+03
0001451   3.9775E+03 -4.3642E+03 -1.9170E+02
0001452   7.2824E+03 -1.0099E+03 -1.0004E+03
0001453   6.6361E+03 -3.4047E+03 -1.5958E+03
0001454   7.6067E+03  1.1789E+02 -2.8648E+03
0001455   8.0921E+03  4.7420E+02  1.0400E+03
0001456   1.0007E+04 -6.2505E+02  1.0101E+03
0001457   8.1349E+03  2.8426E+03  1.8143E+03
0001458   4.1235E+03  4.9354E+03 -1.3914E+03
0001459   8.0739E+03  6.1795E+02  6.5513E+02
0001460   7.6402E+03  2.2525E+03  4.0753E+02
0001461   8.0428E+03 -1.7810E+03  1.7019E+03
0001462   6.7756E+03  5.8306E+02  4.5417E+03
0001463   6.9253E+03 -2.1607E+03  3.2585E+03
0001464   7.5798E+03 -1.9173E+03 -1.3008E+03
0001465   9.0427E+03 -2.4654E+03 -1.3220E+03
0001466   8.1202E+03  1.9359E+03 -1.2387E+03
0001467   8.3503E+03 -9.5254E+02  1.1122E+03
0001468   8.0310E+03 -2.5578E+03  2.7922E+03
0001469   8.1606E+03 -2.2114E+02  2.2786E+03
0001470   7.3972E+03 -7.6172E+02 -1.6071E+03
0001471   7.6271E+03  1.0239E+03  1.3860E+03
0001472   7.7894E+03  1.9311E+02 -3.3694E+03
0001473   8.9344E+03 -3.3294E+02 -4.1765E+02
0001474   6.8018E+03  4.7927E+02 -6.7178E+02
0001475   7.5776E+03 -2.2139E+02 -1.1399E+03
0001476   5.9584E+03  1.9764E+03  1.9122E+03
0001477   7.2229E+03  1.4394E+02 -3.1139E+03
0001478   7.7007E+03  1.8589E+02 -9.6147E+01
0001479   8.6739E+03 -1.7772E+01 -5.9436E+02
0001480   8.2387E+03 -1.5647E+03 -7.0183E+02
0001481   8.5422E+03 -5.6817E+02 -5.5568E+02
0001482   7.1075E+03 -9.7067E+02 -8.7238E+02
0001483   7.7544E+03  1.2130E+03 -5.6258E+02
0001484   6.6400E+03  3.0373E+03  1.0281E+03
0001485   8.1643E+03 -1.2535E+03  1.0160E+03
0001486   7.8837E+03  2.4576E+03  3.2185E+02
0001487   7.4530E+03  1.2814E+03  2.4335E+03
0001488   6.9342E+03 -2.9427E+03  1.3884E+03
0001489   7.7102E+03 -3.4438E+03  1.7029E+03
0001490   6.8012E+03 -1.2066E+03 -2.0726E+03
0001491   7.0020E+03  1.7827E+03 -2.4970E+02
0001492   6.6888E+03  3.1597E+03  2.3257E+03
0001493   7.0049E+03 -1.0198E+03  2.7044E+03
0001494   8.8069E+03  5.7364E+02  1.5513E+03
0001495   7.2349E+03 -2.4224E+01 -1.1424E+03
0001496   7.6369E+03 -2.0615E+03  3.6895E+03
0001497   7.7746E+03 -4.2359E+02 -4.5054E+02
0001498   7.5011E+03 -1.9314E+03 -3.9856E+02
0001499   6.7423E+03  2.8295E+03 -2.1573E+03
0001500   5.5542E+03  2.2835E+02  2.7540E+03
0001501   7.1172E+03  1.3381E+03 -3.0554E+02
0001502   6.3166E+03  2.4049E+03 -1.0684E+03
0001503   7.6794E+03 -1.0768E+03 -1.6060E+02
0001504   7.3987E+03 -2.6966E+03  1.3532E+02
0001505   6.7376E+03  2.7669E+03 -1.2565E+03
0001506   8.6085E+03 -6.2195E+02  1.3530E+03
0001507   7.5464E+03  6.8267E+02 -1.8940E+03
0001508   7.9275E+03 -1.7816E+03 -1.1762E+03
0001509   6.9971E+03  1.4617E+03  6.1225E+02
0001510   7.5694E+03  7.5162E+02 -2.2402E+02
0001511   4.9296E+03  4.7035E+03  7.9684E+02
0001512   6.8972E+03  1.7031E+03  1.4831E+03
0001513   7.4986E+03  5.7480E+02  2.6227E+02
0001514   8.7225E+03  1.3859E+03 -7.0822E+02
0001515   7.0682E+03 -5.5531E+02  2.1825E+03
0001516   8.2873E+03 -5.0930E+02  1.6462E+03
0001517   5.9322E+03 -1.7247E+03 -1.7246E+03
0001518   7.6788E+03 -1.6797E+03  1.5529E+03
0001519   7.9400E+03 -3.1918E+03  1.2863E+03
0001520   7.6608E+03 -4.9582E+02 -9.2532E+02
0001521   7.8091E+03  1.1742E+02  1.7796E+03
0001522   6.6468E+03 -1.1791E+03 -1.2029E+03
0001523   7.0313E+03  2.1765E+03  4.2693E+02
0001524   7.8796E+03 -1.2875E+02  2.3057E+02
0001525   8.2369E+03 -2.4591E+02 -1.9691E+03
0001526   8.4766E+03 -7.5454E+02 -5.6604E+02
0001527   7.1063E+03 -1.7779E+03 -1.9194E+03
0001528   6.9771E+03 -2.0023E+03  4.0489E+03
0001529   8.3397E+03  4.5632E+02 -5.9560E+01
0001530   6.6963E+03 -1.0095E+03 -2.9290E+03
0001531   7.9656E+03  1.6551E+03  1.7969E+03
0001532   7.3925E+03  1.8791E+03 -2.3518E+03
0001533   5.6194E+03  2.6355E+03  2.3253E+02
0001534   7.9981E+03 -1.7088E+03 -3.7339E+02
0001535   7.6791E+03  6.2712E+01  1.1732E+03
0001536   9.5685E+03 -7.4983E+02 -1.4148E+02
0001537   5.1530E+03 -2.0292E+03  2.8079E+03
0001538   7.6971E+03 -1.1533E+03  1.9504E+03
0001539   7.9535E+03 -1.2414E+03 -2.0136E+03
0001540   6.9785E+03 -1.6513E+03  2.6707E+02
0001541   9.0691E+03 -6.0925E+02 -3.4453E+02
0001542   7.6819E+03 -1.8980E+03 -1.6299E+03
0001543   9.0511E+03 -5.4214E+02  1.3126E+03
0001544   7.6673E+03  1.8837E+03 -9.3580E+02
0001545   7.8118E+03  5.3147E+02  3.6945E+02
0001546   5.9882E+03 -9.7097E+02 -4.0968E+03
0001547   6.4364E+03 -1.2485E+02  7.4596E-01
0001548   9.1373E+03  1.3545E+02  1.5003E+03
0001549   7.3767E+03  7.9243E+02  2.1836E+02
0001550   7.6978E+03 -3.1752E+02  3.3674E+03
0001551   6.8969E+03  2.6989E+03  2.1964E+03
0001552   8.2051E+03 -1.0823E+02  5.8016E+02
0001553   7.2768E+03 -6.7778E+02 -1.6128E+03
0001554   7.4093E+03 -3.2011E+03 -1.3033E+02
0001555   7.8472E+03 -4.4229E+02 -9.9819E+02
0001556   7.5261E+03 -5.0131E+02 -1.0686E+03
0001557   8.7150E+03 -1.7448E+02 -1.5504E+03
0001558   7.6948E+03 -1.7148E+03  9.9418E+02
0001559   7.4194E+03 -3.1515E+03 -1.8386E+03
0001560   7.6771E+03  1.3990E+03 -2.8999E+03
0001561   1.0083E+04 -1.9059E+03  1.4064E+02
0001562   2.8325E+03  9.6222E+02  5.8633E+03
0001563   6.7700E+03 -1.5957E+03 -3.4545E+03
0001564   6.9518E+03  3.3652E+02  4.4960E+02
0001565   7.9032E+03  1.0233E+03 -2.7371E+03
0001566   8.0828E+03  2.3588E+03  2.4912E+03
0001567   8.1021E+03  7.1303E+02 -1.1794E+00
0001568   7.6353E+03 -9.5221E+02  1.3298E+01
0001569   7.4490E+03 -3.5426E+02  2.1817E+03
0001570   7.1394E+03 -1.4245E+03  1.1142E+03
0001571   7.2832E+03  1.2790E+03  9.9818E+02
0001572   6.9566E+03  8.4597E+02 -1.7677E+03
0001573   8.6972E+03  1.7474E+03  1.6380E+03
0001574   9.9905E+03 -2.3640E+02 -9.3618E+01
0001575   7.9777E+03  6.8321E+02  2.0789E+03
0001576   7.4632E+03  1.1064E+03  1.8522E+03
0001577   8.7932E+03 -1.6241E+03 -7.4440E+02
0001578   8.4465E+03  8.8296E+02  2.3712E+03
0001579   8.3029E+03  1.1919E+03  5.8492E+02
0001580   7.8817E+03 -2.0835E+03 -7.0281E+02
0001581   7.9910E+03  1.7191E+03  3.0066E+03
0001582   9.1795E+03  2.0535E+03  1.6709E+03
0001583   7.9588E+03 -1.2622E+03  2.4089E+02
0001584   7.5553E+03 -3.6038E+02  1.3073E+03
0001585   6.4929E+03 -1.7748E+03 -1.3842E+03
0001586   6.5991E+03  8.3506E+02 -2.5482E+03
0001587   7.0711E+03 -7.7156E+02  8.4711E+01
0001588   6.9717E+03  3.5016E+03  2.1488E+03
0001589   6.7093E+03  3.2647E+03  3.2665E+03
0001590   7.9972E+03 -2.9423E+03  1.6385E+03
0001591   7.9784E+03  1.7898E+03 -6.3833E+02
0001592   4.7630E+03 -3.3839E+03 -5.7130E+03
0001593   8.1196E+03  2.0748E+02  4.5302E+02
0001594   7.4692E+03 -5.3681E+02 -3.7205E+03
0001595   7.6670E+03 -1.8133E+03  2.1116E+03
0001596   7.3917E+03 -1.1555E+03 -5.5265E+02
0001597   8.3623E+03 -1.1046E+02 -2.2298E+03
0001598   7.4950E+03  2.1926E+02 -1.8699E+03
0001599   7.9213E+03 -7.3248E+00  8.1174E+01
0001600   5.1924E+03  4.7981E+02  2.0174E+02
0001601   6.6634E+03 -1.5488E+03 -2.2094E+03
0001602   8.2314E+03  1.1241E+03 -3.8081E+02
0001603   7.7962E+03 -3.9703E+03 -6.7487E+02
0001604   8.2325E+03 -1.1344E+03 -8.0983E+02
0001605   8.1352E+03  3.8089E+02 -1.2921E+03
0001606   7.9958E+03  7.7929E+02 -1.0488E+03
0001607   6.7780E+03  3.3072E+03  2.3746E+03
0001608   8.5096E+03  1.1534E+03  1.1452E+03
0001609   8.0884E+03  5.6886E+02 -2.4470E+03
0001610   8.2262E+03 -1.0897E+03 -2.2995E+03
0001611   6.6901E+03  1.6115E+02  8.6255E+02
0001612   7.7449E+03 -2.1914E+03 -3.4754E+03
0001613   5.3065E+03 -4.9592E+03  2.6498E+03
0001614   5.7379E+03  1.0458E+03  1.8526E+03
0001615   6.3628E+03  2.0899E+03  3.8296E+03
0001616   7.6878E+03 -4.6904E+02  1.6763E+03
0001617   7.5384E+03 -5.2708E+02  1.4354E+03
0001618   6.3456E+03 -1.2038E+03  1.8958E+03
0001619   4.9447E+03  1.0385E+02  5.6887E+02
0001620   8.4056E+03 -6.8542E+02 -8.0937E+02
0001621   6.8385E+03 -1.5063E+02 -2.1051E+03
0001622   7.0772E+03  1.4645E+03 -1.8002E+03
0001623   5.7164E+03  3.3553E+02  3.7237E+02
0001624   7.0179E+03 -6.9760E+02  1.5562E+03
0001625   7.4690E+03 -2.6483E+02 -1.9950E+02
0001626   7.9229E+03  2.2495E+03 -1.2775E+03
0001627   6.4054E+03  4.2360E+03 -7.3206E+02
0001628   8.1852E+03 -6.6057E+02  8.4856E+01
0001629   8.4452E+03  3.9140E+03 -1.1433E+03
0001630   8.3117E+03  1.9945E+02 -2.2368E+03
0001631   8.3770E+03  1.9408E+03 -1.6523E+03
0001632   8.2442E+03 -1.5120E+03 -3.9655E+01
0001633   8.5998E+03  1.3865E+03  3.7497E+02
0001634   7.2544E+03 -9.4246E+02 -2.3247E+03
0001635   8.5101E+03 -9.1003E+01 -9.9506E+02
0001636   7.0697E+03  8.5386E+02  2.5318E+03
0001637   6.3335E+03  1.0677E+03  1.5707E+03
0001638   8.9842E+03  4.4787E+02 -1.7113E+03
0001639   7.2372E+03  1.9516E+02 -7.4948E+01
0001640   8.5493E+03  1.1959E+03 -6.2859E+02
0001641   7.2238E+03 -1.7700E+03 -1.3406E+03
0001642   8.6905E+03 -1.3411E+02 -2.5260E+03
0001643   7.1941E+03  8.5225E+02  2.4347E+03
0001644   7.9949E+03  2.6248E+03  2.5693E+02
0001645   7.4726E+03 -1.0588E+03 -1.8207E+03
0001646   6.9547E+03  2.8174E+03 -2.4311E+03
0001647   7.0601E+03  1.2227E+03  5.4623E+02
0001648   9.1641E+03 -1.2634E+03 -1.8998E+03
0001649   8.6973E+03 -2.9209E+02  4.8594E+02
0001650   9.5929E+03  9.0587E+01  1.0978E+03
0001651   8.8240E+03  9.3487E+02 -3.0745E+02
0001652   3.8829E+03 -3.8893E+03 -7.7861E+02
0001653   7.2477E+03  1.6256E+03 -9.5420E+02
0001654   7.1209E+03  3.1910E+03  7.9396E+02
0001655   8.1445E+03 -1.0590E+03 -1.8354E+03
0001656   7.9166E+03 -7.1735E+02 -3.8051E+00
0001657   5.1973E+03  5.6276E+01 -1.5575E+03
0001658   7.5624E+03 -1.0273E+03 -1.7513E+03
0001659   8.6273E+03  2.7840E+02 -1.3952E+03
0001660   7.1748E+03 -1.4743E+03  1.5535E+03
0001661   7.6542E+03  1.3931E+03  1.2620E+03
0001662   7.6486E+03  2.1942E+03 -1.6803E+03
0001663   5.5328E+03  6.7869E+02  3.7373E+03
0001664   8.4592E+03 -9.4748E+02 -7.2189E+02
0001665   8.4260E+03 -4.4093E+01  1.1940E+03
0001666   7.9321E+03  1.9646E+03  1.0461E+03
0001667   5.8501E+03  1.8806E+03 -1.4765E+03
0001668   5.7097E+03  2.4043E+01  3.2734E+03
0001669   6.5309E+03 -6.4617E+02  2.3418E+03
0001670   6.3614E+03  1.4944E+02  1.6782E+03
0001671   4.7522E+03 -8.9348E+02 -2.3859E+03
0001672   7.6206E+03 -1.4592E+02 -8.7734E+02
0001673   7.4605E+03 -8.0315E+02  2.2820E+03
0001674   8.8544E+03 -3.4870E+02 -8.6815E+02
0001675   8.7584E+03 -1.6181E+03  2.8958E+02
0001676   8.4242E+03 -1.1343E+03 -1.7419E+03
0001677   8.1774E+03 -1.7272E+03 -7.6036E+02
0001678   9.1372E+03  2.2241E+03  3.3071E+02
0001679   7.1073E+03 -1.3526E+03  1.1594E+03
0001680   8.4202E+03 -1.7002E+03  4.1931E+01
0001681   7.1658E+03  1.6834E+03  7.1626E+02
0001682   8.0467E+03 -4.2320E+02  1.1905E+03
0001683   9.2659E+03 -2.8446E+02  2.1138E+03
0001684   8.0035E+03 -4.8636E+02 -7.6164E+02
0001685   4.5473E+03  1.5101E+03 -2.7685E+03
0001686   8.1902E+03  7.7919E+02 -7.4321E+02
0001687   8.1668E+03  3.4587E+03 -1.5852E+03
0001688   9.0421E+03  1.0592E+03  1.9917E+03
0001689   9.2110E+03  8.0289E+02 -5.9477E+02
0001690   8.6542E+03 -7.0365E+01  1.3236E+03
0001691   7.3356E+03  3.7855E+03  2.4075E+02
0001692   9.0091E+03 -1.5233E+03 -8.2475E+02
0001693   8.0295E+03 -4.2346E+02 -1.3778E+03
0001694   8.7915E+03  8.7602E+02  1.1087E+02
0001695   8.7692E+03  2.0828E+01 -6.5881E+02
0001696   5.0073E+03 -1.3205E+03 -3.1072E+03
0001697   6.3771E+03  1.0064E+03  2.1189E+03
0001698   7.4761E+03 -7.8664E+02  1.2661E+03
0001699   7.9355E+03  9.3956E+01 -3.0891E+03
0001700   6.6875E+03 -4.2223E+03  5.7802E+02
0001701   9.6251E+03  4.8180E+02  2.9341E+02
0001702   7.9400E+03  1.0123E+02  1.4824E+01
0001703   7.1471E+03  1.3601E+03  3.1793E+03
0001704   7.7628E+03 -6.1093E+02 -6.3829E+02
0001705   5.8402E+03  2.7734E+03  1.4558E+03
0001706   7.0226E+03  5.6275E+02 -3.2776E+03
0001707   7.5030E+03 -4.6906E+02  1.1018E+02
0001708   6.9131E+03 -3.2759E+03  2.0802E+03
0001709   9.1257E+03  3.0937E+02 -2.5433E+03
0001710   6.8192E+03 -1.6593E+03 -5.4846E+02
0001711   7.7315E+03  1.3416E+03  1.9828E+02
0001712   6.2289E+03 -2.8592E+03  1.9315E+02
0001713   6.4322E+03  2.7526E+03  9.5787E+02
0001714   8.2413E+03 -4.2039E+02  5.7189E+02
0001715   7.4621E+03 -3.9434E+02  1.1711E+03
0001716   6.0521E+03  7.0027E+02  3.3389E+03
0001717   7.9579E+03  3.9854E+03  1.0304E+00
0001718   8.6149E+03  6.9586E+01 -1.6344E+03
0001719   6.0827E+03  1.0133E+03 -1.2667E+03
0001720   6.8562E+03 -2.6939E+02 -2.1728E+03
0001721   7.9823E+03  1.6067E+03  2.5012E+03
0001722   7.9146E+03  2.9266E+02 -8.5413E+02
0001723   7.6049E+03  7.3219E+02  6.9962E+02
0001724   8.8792E+03  1.1531E+03 -1.3035E+03
0001725   8.5986E+03  9.2953E+02  4.1319E+02
0001726   7.9367E+03  2.4903E+03 -5.3624E+02
0001727   7.8063E+03 -2.1562E+03 -1.1867E+03
0001728   7.4443E+03  1.4223E+03  2.3850E+02
0001729   7.7479E+03 -6.9712E+02 -1.2568E+03
0001730   7.4766E+03 -2.3941E+03 -8.0668E+02
0001731   8.3937E+03  2.0181E+03  2.0772E+03
0001732   8.7390E+03 -8.6660E+02  1.9151E+03
0001733   7.4078E+03 -8.6354E+02 -4.8556E+02
0001734   7.2402E+03 -1.1866E+03  2.5862E+02
0001735   8.1798E+03 -2.9385E+03  1.3880E+02
0001736   7.2727E+03 -9.0708E+02 -1.8726E+03
0001737   6.9388E+03 -1.2222E+03 -1.9384E+03
0001738   7.3243E+03 -1.2170E+02  1.9270E+03
0001739   8.5017E+03  5.1418E+02 -1.7755E+03
0001740   8.0890E+03 -1.3115E+03 -9.9116E+02
0001741   8.8571E+03 -1.9436E+02  1.2045E+03
0001742   8.0892E+03 -1.9914E+03  1.2632E+03
0001743   6.9439E+03  2.2196E+03 -5.5436E+02
0001744   7.6713E+03  8.1500E+02 -3.9360E+02
0001745   8.6418E+03 -3.2213E+02  1.6125E+02
0001746   6.8938E+03  7.5271E+02 -1.5145E+03
0001747   7.7403E+03  1.8492E+03 -1.1898E+00
0001748   8.7569E+03 -2.0926E+03  5.0946E+02
0001749   7.5351E+03 -3.9171E+02  1.6794E+03
0001750   7.5244E+03  2.3920E+03 -1.2648E+03
0001751   8.3242E+03  1.8320E+03 -2.6360E+03
0001752   6.3273E+03 -1.3985E+03  5.5140E+02
0001753   6.8005E+03 -3.4415E+03  4.3042E+02
0001754   8.6862E+03  2.9297E+03  7.6913E+01
0001755   7.5038E+03 -6.7609E+02  1.6445E+03
0001756   8.0353E+03 -1.7442E+03 -1.3856E+03
0001757   8.4957E+03  1.2479E+03 -2.5744E+03
0001758   6.7161E+03  1.4731E+03  5.1801E+02
0001759   7.4691E+03  5.1967E+02  7.0846E+02
0001760   6.7468E+03  6.9824E+02 -3.4953E+03
0001761   8.3248E+03 -9.4292E+01  6.7812E+02
0001762   8.3008E+03 -7.4163E+01 -1.2062E+03
0001763   7.1776E+03  4.9733E+02  3.4570E+03
0001764   5.9402E+03  8.6629E+02 -2.5255E+03
0001765   7.8235E+03  5.1497E+02 -5.4958E+02
0001766   6.5348E+03  2.9279E+02  9.0200E+02
0001767   8.0845E+03  9.7235E+01  4.6324E+02
0001768   6.6493E+03  1.9733E+03 -4.4578E+03
0001769   5.9080E+03 -2.1630E+03  2.5993E+01
0001770   7.3391E+03 -1.1786E+03  9.7367E+01
0001771   5.9572E+03 -3.8869E+03 -1.7732E+03
0001772   9.6470E+03  2.5854E+02 -2.4927E+02
0001773   6.5330E+03 -2.3794E+01  2.9568E+03
0001774   7.9622E+03 -9.6413E+02 -8.0009E+00
0001775   6.3034E+03 -1.7323E+02 -1.5113E+02
0001776   9.1914E+03  2.2341E+03  1.0257E+03
0001777   4.4213E+03  1.5767E+02  3.8565E+03
0001778   7.9136E+03 -1.1784E+02 -3.9222E+02
0001779   6.2348E+03 -1.4793E+03  2.3568E+03
0001780   7.7131E+03  1.0945E+03 -1.5950E+03
0001781   8.4967E+03  9.4014E+02  8.1478E+02
0001782   8.6346E+03 -1.4195E+03  3.3674E+02
0001783   8.9541E+03 -1.9502E+03  1.2554E+03
0001784   6.8877E+03 -1.2221E+03  2.6220E+03
0001785   6.8150E+03 -2.4005E+03 -8.0078E+02
0001786   7.4704E+03 -3.7131E+02 -1.4750E+03
0001787   7.0777E+03 -2.1108E+03  2.8469E+03
0001788   7.5236E+03  1.7210E+03  1.5515E+03
0001789   7.0278E+03 -1.5820E+03  2.7694E+03
0001790   6.6825E+03  2.5052E+03 -3.6720E+02
0001791   9.9441E+03 -7.9065E+02 -1.7225E+03
0001792   6.2704E+03 -3.2013E+02 -8.7601E+02
0001793   7.6268E+03 -2.3720E+03  1.0362E+03
0001794   8.0747E+03 -2.2344E+03  7.4073E+02
0001795   7.1315E+03  2.0502E+03 -2.0908E+03
0001796   7.5116E+03 -8.1363E+02  2.1111E+03
0001797   6.6403E+03  2.5560E+03  3.7857E+02
0001798   8.6219E+03  1.5783E+03 -2.1497E+03
0001799   7.8740E+03 -6.2904E+02  1.5600E+02
0001800   8.1852E+03  1.3439E+03  4.5696E+01
0001801   8.4963E+03  2.5770E+03  1.9652E+03
0001802   6.7596E+03  1.6742E+03  2.0795E+03
0001803   7.8418E+03  3.7131E+02 -9.9281E+02
0001804   7.9880E+03  1.4309E+03 -1.2425E+03
0001805   8.9983E+03  2.5533E+03 -4.7147E+02
0001806   6.4388E+03  6.5954E+02 -3.0628E+03
0001807   7.6654E+03 -7.2114E+02  1.4204E+03
0001808   7.8137E+03 -5.9939E+02 -1.7072E+03
0001809   7.4634E+03  4.8179E+02 -1.7888E+03
0001810   6.5520E+03 -1.9013E+03 -2.9445E+02
0001811   9.8358E+03 -6.3972E-01 -1.1235E+03
0001812   7.5519E+03  2.2039E+03 -1.4464E+03
0001813   5.7481E+03 -1.1076E+03  8.1778E+02
0001814   5.1075E+03  2.0828E+03  3.3049E+03
0001815   8.0406E+03 -5.4986E+02 -1.8262E+03
0001816   8.0566E+03 -1.1024E+03  1.8027E+02
0001817   8.9826E+03  7.4302E+01 -1.0217E+02
0001818   6.8766E+03 -2.4746E+03 -8.3052E+02
0001819   7.3046E+03  2.2745E+03  6.9090E+02
0001820   7.3619E+03 -1.9178E+03  1.8307E+03
0001821   5.6784E+03  2.2541E+03 -2.0153E+03
0001822   7.3459E+03  1.0173E+03 -1.7315E+02
0001823   8.7288E+03 -1.1691E+03 -9.7661E+02
0001824   7.6068E+03  1.0926E+03  4.9169E+02
0001825   8.3893E+03  1.8122E+02 -8.3691E+02
0001826   7.8449E+03 -3.5142E+03  1.6702E+03
0001827   7.3698E+03  2.8747E+03 -1.2827E+03
0001828   7.3098E+03 -1.4007E+03  1.0638E+03
0001829   7.3865E+03  3.0184E+03  8.1361E+02
0001830   8.0715E+03 -1.3005E+03  1.7229E+03
0001831   6.0739E+03 -2.9154E+02  1.8854E+03
0001832   6.5046E+03  2.5050E+03 -1.0405E+03
0001833   3.9215E+03  1.0568E+03 -1.6776E+03
0001834   9.2404E+03 -3.9272E+02  1.7056E+03
0001835   6.1703E+03  1.3686E+02 -1.5187E+03
0001836   6.5894E+03  2.3031E+03 -1.0721E+03
0001837   7.3977E+03 -5.1499E+02 -4.5692E+02
0001838   1.0331E+04 -9.7039E+02  1.2396E+02
0001839   7.6463E+03  9.4544E+02 -3.3638E+03
0001840   8.5607E+03  2.2757E+03  9.4927E+01
0001841   7.6264E+03 -7.4192E+02 -3.2607E+02
0001842   7.9203E+03  3.3582E+02 -2.0944E+03
0001843   8.2947E+03 -2.0936E+03  3.0935E+03
0001844   8.1458E+03 -6.9940E+02 -2.4680E+03
0001845   8.2932E+03  5.6714E+02  5.0653E+02
0001846   7.8206E+03 -6.8721E+02 -4.1192E+02
0001847   8.1548E+03 -4.0896E+02 -1.9030E+03
0001848   7.3118E+03  8.7459E+02  2.3075E+03
0001849   6.9897E+03  1.2845E+02  2.0366E+03
0001850   8.3840E+03  1.3339E+03  6.2018E+02
0001851   5.2221E+03  1.0813E+03  3.8540E+03
0001852   7.4219E+03  7.9491E+02  1.0242E+03
0001853   8.2505E+03  4.1987E+02  6.1637E+02
0001854   7.1061E+03 -1.1380E+03  1.8248E+03
0001855   6.9402E+03  1.8366E+03  3.6015E+03
0001856   8.0717E+03  1.2249E+01  1.8165E+02
0001857   9.0657E+03  1.3484E+03 -6.4783E+02
0001858   8.6753E+03 -4.6563E+02  2.1292E+03
0001859   6.3538E+03 -2.1510E+03 -2.7287E+03
0001860   6.6536E+03  3.4726E+03  4.3840E+02
0001861   8.2853E+03 -2.0626E+03 -1.9607E+02
0001862   7.5042E+03  1.7151E+02 -3.9871E+02
0001863   6.5074E+03 -1.5360E+03 -1.8295E+03
0001864   8.6333E+03 -6.7201E+02  1.4677E+03
0001865   8.2266E+03 -8.3608E+02  3.1637E+03
0001866   7.8377E+03  4.5144E+02  2.8511E+03
0001867   6.5066E+03 -1.9415E+03 -5.0348E+03
0001868   6.5657E+03 -2.8858E+03 -7.9952E+02
0001869   8.1461E+03  1.5191E+03  5.9901E+02
0001870   7.4484E+03  3.4569E+03 -1.6613E+03
0001871   8.0547E+03 -3.2695E+02 -3.5013E+03
0001872   6.6838E+03  1.2979E+03 -2.1853E+03
0001873   8.0038E+03 -7.3513E+02 -1.5188E+03
0001874   8.9776E+03  3.1353E+02  6.4384E+02
0001875   9.5612E+03  5.9196E+02  7.6813E+02
0001876   8.1043E+03  7.9606E+01  2.1187E+01
0001877   8.0204E+03 -1.1941E+03  1.7922E+02
0001878   8.2657E+03  1.2726E+02 -1.6318E+03
0001879   8.5129E+03 -7.9169E+02  1.1825E+03
0001880   6.9969E+03  1.0595E+03  8.9174E+02
0001881   7.3149E+03  9.6312E+02  5.2610E+02
0001882   8.8819E+02 -2.8989E+03  2.6792E+03
0001883   7.4217E+03 -1.0167E+03 -1.0653E+03
0001885   7.3258E+03 -2.9760E+03 -1.0866E+03
0001886   3.9615E+03  4.2956E+03  2.4255E+03
0001887   8.8207E+03  2.5675E+02  1.3956E+03
0001888   8.9276E+03  2.0831E+03 -8.8601E+02
0001889   8.7267E+03 -8.9799E+01  2.8626E+03
0001890   8.1257E+03  2.6101E+02 -6.7172E+02
0001891   6.6459E+03  1.5974E+03 -1.0920E+03
0001892   8.6042E+03 -5.9124E+02 -2.2880E+03
0001893   7.5950E+03  1.3215E+03  2.0869E+03
0001894   6.4616E+03 -8.5577E+02 -2.2432E+03
0001895   8.0865E+03  2.0542E+03 -7.8770E+02
0001896   8.1659E+03  2.0723E+03  2.0366E+02
0001897   7.9017E+03 -3.3620E+02  1.6163E+03
0001898   8.1799E+03  2.1685E+03  1.3502E+03
0001899   7.6615E+03 -1.1994E+03  2.1914E+03
0001900   7.1591E+03 -8.0334E+02 -5.7459E+02
0001901   8.6559E+03  1.0321E+03  7.3619E+02
0001902   4.7142E+03  3.8148E+03 -1.1708E+03
0001903   6.3909E+03 -1.0965E+03 -1.1339E+03
0001904   7.4944E+03 -5.9854E+02  8.3593E+02
0001905   6.4884E+03 -3.6659E+03 -2.5906E+02
0001906   8.7002E+03 -3.8797E+02 -1.0643E+03
0001907   7.2718E+03 -1.9335E+03  2.5907E+03
0001908   7.7307E+03  4.8808E+02  3.4146E+03
0001909   6.8769E+03 -2.5462E+02 -7.7287E+02
0001910   4.8244E+03  6.7036E+03  7.8881E+02
0001911   7.4594E+03  8.1423E+01  3.3114E+03
0001912   7.3731E+03 -9.2462E+02 -1.9158E+03
0001913   8.4738E+03 -4.0643E+02  7.8232E+02
0001914   8.4545E+03  2.5381E+02 -2.1452E+03
0001915   7.6468E+03 -2.1813E+03 -6.2254E+02
0001916   7.4529E+03  6.2656E+01 -2.3505E+03
0001917   3.0937E+03 -5.8389E+03  5.0047E+03
0001918   7.3143E+03  1.3350E+03 -5.5438E+02
0001919   7.3727E+03  1.6010E+03  4.3755E+02
0001920   7.1237E+03  3.8725E+02  1.5483E+03
0001921   7.2415E+03  4.6143E+02 -4.2739E+02
0001922   8.0106E+03  6.9375E+02  2.8696E+02
0001923   8.0581E+03  1.4070E+03  5.3373E+02
0001924   5.3178E+03  3.4057E+03  1.9706E+03
0001925   7.0204E+03  1.3144E+01 -2.6784E+02
0001926   7.1207E+03 -1.8941E+03 -6.4263E+02
0001927   6.9935E+03  5.8846E+02 -2.9359E+03
0001928   6.4750E+03 -1.6608E+03  8.3816E+01
0001929   8.1886E+03 -1.7892E+02  2.0541E+03
0001930   7.3052E+03 -8.2370E+01 -2.5035E+02
0001931   8.7066E+03  1.0974E+03 -6.2214E+02
0001932   7.5255E+03  8.4356E+02 -5.0683E+02
0001933   6.9387E+03 -3.3096E+02 -1.9102E+03
0001934   8.7194E+03 -1.3249E+03  8.6973E+02
0001935   6.4107E+03  1.5893E+03  8.4430E+02
0001936   8.3629E+03  8.9912E+02  2.2095E+03
0001937   8.4225E+03  6.6181E+01  1.3849E+03
0001938   3.0557E+03 -2.2290E+03  4.7887E+03
0001939   6.8382E+03 -2.9198E+02 -8.7849E+02
0001940   7.9088E+03  1.7007E+03  4.4991E+02
0001941   6.5041E+03 -1.3500E+03 -3.9648E+03
0001942   8.4044E+03  2.2365E+01  2.0998E+02
0001943   6.8686E+03  1.5257E+03 -1.2618E+03
0001944   8.5257E+03  6.0095E+02 -1.3541E+03
0001945   7.3203E+03  2.2588E+03 -1.7674E+03
0001946   9.0047E+03 -2.2027E+02 -1.0769E+03
0001947   7.2933E+03 -3.1273E+03 -4.2291E+02
0001948   8.6831E+03 -2.4744E+02 -1.1354E+02
0001949   6.8853E+03  1.0562E+03  1.1066E+03
0001950   8.8352E+03 -1.7819E+03  4.3171E+02
0001951   5.6776E+03  1.2698E+03 -2.4294E+03
0001952   5.1913E+03 -2.5802E+03 -2.6823E+02
0001953   8.1171E+03 -2.1251E+03  2.7019E+01
0001954   8.4728E+03 -2.2860E+03  1.1963E+03
0001955   8.1323E+03 -1.8583E+03 -3.2389E+02
0001956   8.3884E+03 -2.6273E+03 -6.3134E+02
0001957   7.7759E+03  1.2132E+02 -1.3219E+03
0001958   7.2186E+03 -3.1683E+02  6.4102E+02
0001959   7.4104E+03 -8.9671E+02 -2.0463E+03
0001960   8.9154E+03 -6.4273E+02  8.8716E+02
0001961   8.9148E+03  4.4551E+02 -6.2780E+02
0001962   7.7320E+03 -1.2257E+03 -8.4107E+02
0001963   7.8965E+03 -1.8088E+03 -1.2264E+02
0001964   7.3283E+03  2.1306E+03  2.3748E+02
0001965   6.9831E+03 -1.0750E+02 -1.1775E+03
0001966   7.3176E+03  2.5429E+03 -1.6487E+03
0001967   7.0069E+03 -4.0973E+03  2.7119E+02
0001968   7.6383E+03 -2.6572E+02  2.9459E+03
0001969   7.0998E+03 -2.7247E+03 -2.9338E+02
0001970   9.1670E+03  3.8546E+02 -5.3809E+02
0001971   6.4004E+03  2.2350E+03 -2.8515E+03
0001972   8.4459E+03 -4.0689E+02  4.0474E+01
0001973   6.6531E+03 -1.1310E+03  3.4363E+02
0001974   7.5346E+03  2.0719E+03 -3.1167E+02
0001975   8.8751E+03  6.0874E+02 -1.0031E+03
0001976   7.6300E+03 -1.4942E+03  7.7907E+02
0001977   9.4826E+03 -1.5120E+03  3.1235E+02
0001978   9.0522E+03 -1.2934E+03  2.3831E+03
0001979   7.6131E+03 -1.6947E+03  3.2676E+03
0001980   6.3443E+03  2.7969E+03 -1.3837E+03
0001981   7.0493E+03  2.6630E+03 -2.2362E+03
0001982   8.2199E+03 -5.3262E+02 -7.7836E+02
0001983   7.5620E+03  7.6376E+02 -1.2994E+03
0001984   5.5414E+03 -3.7481E+03  1.3577E+03
0001985   8.2723E+03  6.7007E+02 -1.6691E+03
0001986   3.3944E+03  3.8380E+03  3.0310E+03
0001987   8.9988E+03  2.1965E+03 -9.3697E+02
0001988   9.5239E+03  1.5230E+03  4.2358E+02
0001989   8.8285E+03  9.0685E+02  1.5063E+03
0001990   7.3114E+03  2.2472E+03  1.7076E+02
0001991   5.7322E+03 -2.8378E+03 -1.8201E+02
0001992   7.9139E+03 -1.0619E+03 -2.4742E+01
0001993   8.4467E+03  1.0124E+03 -2.9554E+03
0001994   4.5496E+03 -1.7789E+03  3.2337E+03
0001995   7.8635E+03 -1.3488E+03 -3.1159E+03
0001996   6.8567E+03  2.8710E+03 -1.3152E+03
0001997   7.5667E+03  1.3772E+03  7.9933E+01
0001998   6.6879E+03 -1.8550E+03  2.5453E+03
0001999   6.5287E+03 -1.6654E+03 -2.6101E+03
0002000   7.6137E+03 -7.9153E+02 -1.7559E+03
0002001   8.3161E+03 -2.0491E+03 -1.2272E+03
0002002   8.7727E+03  9.4240E+01 -8.8857E+02
0002003   8.3600E+03  1.7981E+02 -1.8821E+03
0002004   7.6382E+03 -7.3736E+02  1.8093E+03
0002005   6.8855E+03  2.3655E+01 -3.4357E+02
0002006   6.1410E+03  2.7089E+03  1.1740E+03
0002007   8.7057E+03  3.0417E+03  1.1608E+02
0002008   7.5474E+03  6.4511E+01 -5.0920E+02
0002009   4.6320E+03  8.4772E+02  1.6967E+03
0002010   8.8754E+03 -1.0399E+03  1.3404E+03
0002011   7.4558E+03  3.4551E+02 -5.6510E+02
0002012   7.0626E+03  9.8791E+02  1.1314E+03
0002013   9.5514E+03  5.6254E+02 -2.2937E+02
0002014   6.6066E+03  2.7296E+03  1.9768E+03
0002015   8.1658E+03 -1.5268E+03 -1.0047E+02
0002016   5.9222E+03 -4.8844E+02 -9.3116E+02
0002017   5.8195E+03  2.8806E+03 -5.7738E+02
0002018   7.5935E+03  2.6554E+03  1.0003E+03
0002019   7.4560E+03  2.3649E+03 -1.3173E+03
0002020   7.6465E+03 -2.9797E+03 -1.6479E+03
0002021   7.6200E+03  1.7271E+03 -9.1295E+01
0002022   8.3280E+03  2.2122E+03  8.3160E+02
0002023   7.6294E+03  1.0475E+02 -9.6904E+02
0002024   8.2983E+03  8.9031E+02  2.0025E+03
0002025   8.2762E+03 -2.0543E+02  2.0818E+03
0002026   8.5329E+03 -6.4986E+02 -9.5364E+02
0002027   7.8467E+03 -1.8533E+03  9.9593E+02
0002028   9.3681E+03 -9.2828E+02 -4.3213E+02
0002029   4.8156E+03  3.3548E+03  2.1302E+03
0002030   9.0949E+03  3.2657E+02 -2.0651E+03
0002031   6.4478E+03 -2.7139E+03  1.6898E+02
0002032   6.9037E+03  1.0701E+01  1.7084E+03
0002033   8.6291E+03 -1.5324E+03 -1.2387E+03
0002034   7.3351E+03 -2.1465E+03  1.8479E+02
0002035   7.6456E+03  2.2933E+03 -2.3202E+03
0002036   9.2152E+03  1.7092E+02  2.0017E+03
0002037   8.4726E+03  1.9557E+03  3.0866E+03
0002038   7.2823E+03  2.8155E+03  2.2830E+03
0002039   9.0269E+03 -1.1578E+03 -6.2727E+02
0002040   1.1002E+03 -5.3746E+03  4.5593E+03
0002041   6.8876E+03 -2.1975E+03  1.6695E+03
0002042   7.8686E+03 -1.3254E+01 -1.5513E+03
0002043   8.8569E+03  7.9257E+02  1.8847E+03
0002044   8.5882E+03 -5.7125E+01  2.1167E+03
0002045   7.2250E+03  1.8529E+03  1.9240E+03
0002046   8.7126E+03  1.5462E+03  7.2011E+02
0002047   9.2006E+03 -1.0248E+03 -2.2020E+02
0002048   7.3438E+03  8.7120E+01  1.2244E+03
0002049   2.8941E+03  4.1982E+02  1.1267E+03
0002050   7.8530E+03  3.1204E+03 -1.3901E+03
0002051   8.0453E+03  7.0018E+02 -2.8114E+01
0002052   7.6546E+03  1.3910E+01 -1.7406E+03
0002053   7.3320E+03  1.8516E+03  6.2199E+02
0002054   8.8315E+03 -1.6423E+03 -1.2969E+03
0002055   7.8354E+03  2.7107E+03  7.9469E+02
0002056   9.4382E+03 -1.2073E+02  1.7038E+03
0002057   7.4833E+03  3.8741E+03 -9.7646E+02
0002058   9.1620E+03 -5.5903E+02  7.8640E+02
0002059   7.6868E+03  1.8327E+03 -3.5345E+02
0002060   7.1207E+03 -1.2402E+03 -9.1935E+02
0002061   7.5840E+03 -5.5591E+02  4.5159E+02
0002062   7.7020E+03 -4.3740E+02  1.7060E+03
0002063   9.0288E+03 -7.3282E+02 -1.3353E+03
0002064   7.1995E+03 -8.9587E+02  7.7289E+02
0002065   6.9992E+03 -1.8304E+03 -3.0866E+03
0002066   7.7410E+03 -2.5085E+03  2.2001E+03
0002067   7.2967E+03 -1.5530E+02  1.0159E+03
0002068   7.7561E+03  6.8428E+02  2.4907E+03
0002069   4.8531E+03  2.1375E+03 -4.3636E+03
0002070   7.4135E+03 -3.2064E+02  2.5444E+03
0002071   8.2997E+03  2.3737E+03  3.1738E+02
0002072   7.2759E+03  9.6672E+02  6.0129E+02
0002073   7.5246E+03  3.3205E+02  1.8720E+03
0002074   8.2586E+03  1.5820E+03 -9.2243E+01
0002075   9.3184E+03  1.0231E+03 -7.4512E+02
0002076   8.5151E+03  2.3457E+03 -7.4559E+02
0002077   9.1621E+03  1.5941E+03 -2.8620E+02
0002078   8.3780E+03 -2.1447E+03 -6.0264E+02
0002079   7.3010E+03  1.1775E+03  2.6582E+03
0002080   7.5614E+03 -1.4009E+03 -1.8820E+02
0002081   8.4648E+03  2.7891E+02  8.8300E+02
0002082   7.2014E+03 -7.5803E+02 -2.8340E+03
0002083   1.8215E+03  6.9677E+03  1.5754E+03
0002084   7.1256E+03  1.3066E+02 -1.8894E+03
0002085   6.6431E+03  4.8791E+02  1.9755E+03
0002086   3.2770E+03 -3.5256E+02 -2.5377E+02
0002087   8.0189E+03  4.3883E+02 -3.2001E+03
0002088   7.9330E+03 -1.7041E+02  6.2007E+02
0002089   6.8391E+03 -1.8383E+03  1.0420E+03
0002090   7.1422E+03  1.4654E+03 -2.0071E+02
0002091   8.0173E+03 -1.6664E+03 -1.2340E+03
0002092   6.6456E+03 -2.0129E+03  2.5179E+03
0002093   8.2609E+03  7.4216E+02  7.4708E+01
0002094   8.6854E+03 -7.6171E+02 -5.3852E+02
0002095   8.6174E+03 -1.1485E+03 -1.0665E+02
0002096   4.6998E+03  6.7298E+02  8.7112E+02
0002097   6.8646E+03 -9.1358E+02  1.6517E+03
0002098   8.9332E+03 -2.2224E+03  1.8888E+01
0002099   8.8601E+03 -7.1320E+01  1.3764E+03
0002100   7.1618E+03 -3.0235E+02 -5.2828E+02
0002101   8.3596E+03 -2.4468E+02 -1.4554E+03
0002102   7.3720E+03  1.1166E+03  1.8125E+03
0002103   7.8217E+03 -3.1069E+03  1.0037E+02
0002104   7.5196E+03 -2.8253E+03 -1.7377E+03
0002105   9.0573E+03  1.9651E+02  1.6188E+03
0002107   8.2279E+03  6.1686E+02 -1.2431E+03
0002108   7.6988E+03 -3.4376E+03 -3.5546E+02
0002109   7.5791E+03 -2.1100E+03 -5.1700E+01
0002110   8.1113E+03 -1.6230E+03  1.4221E+03
0002111   7.9382E+03  1.6820E+03 -5.1997E+02
0002112   7.5371E+03 -9.9717E+02 -1.5999E+03
0002113   8.2823E+03  3.3315E+03  1.7827E+02
0002114   6.2467E+03 -5.0895E+02 -5.3454E+02
0002115   7.9406E+03  9.3810E+01 -9.8583E+02
0002116   8.0174E+03 -2.8349E+03  1.6461E+03
0002117   6.2996E+03  3.8798E+03 -9.2321E+02
0002118   4.8628E+03  7.0402E+02  1.4216E+03
0002119   7.3471E+03 -9.1973E+01  1.4202E+03
0002120   5.2912E+03  4.0441E+03 -1.5815E+03
0002121   7.5912E+03 -1.4327E+03  2.9118E+03
0002122   7.6803E+03 -8.1330E+02  1.6819E+03
0002123   3.9727E+03 -4.3495E+03  2.6906E+03
0002124   7.2380E+03 -7.7378E+02  9.5858E+02
0002125   7.5903E+03 -2.5867E+03 -2.3709E+03
0002126   8.4552E+03  2.0665E+03 -5.4328E+02
0002127   7.5842E+03  6.8263E+02 -8.1457E+02
0002128   5.9295E+03  1.3699E+03  1.7469E+03
0002129   9.4574E+03  8.2195E+01  1.8152E+03
0002130   7.3685E+03  2.3701E+03  5.2282E+02
0002131   9.3259E+03  3.7730E+02  7.5066E+02
0002132   6.6861E+03 -2.5333E+03  1.1896E+03
0002133   8.9502E+03  5.5179E+02  2.1015E+02
0002134   7.4376E+03  1.9528E+02 -1.0811E+03
0002135   8.6463E+03 -3.0477E+02  1.1058E+03
0002136   9.3270E+03  4.9503E+02 -8.0741E+02
0002137   7.7350E+03  9.5400E+02  1.8248E+03
0002138   5.8773E+03 -1.9776E+03  1.8925E+03
0002139   8.4389E+03 -5.2594E+02 -1.0363E+03
0002140   5.7883E+03  5.6527E+02  6.3643E+02
0002141   7.9270E+03 -8.4662E+02  2.1700E+03
0002142   4.7835E+03  2.9211E+03 -2.3723E+03
0002143   9.2723E+03  1.7179E+03  1.2929E+03
0002144   8.3357E+03 -2.4589E+03  2.8485E+02
0002145   8.6383E+03 -6.3727E+02  1.4716E+03
0002146   6.9260E+03 -1.8365E+03  2.6595E+03
0002147   6.7133E+03 -2.7095E+03  1.6213E+03
0002148   5.4321E+03  3.3202E+03 -9.2233E+02
0002149   8.8080E+03  1.4492E+03  1.9411E+03
0002150   7.3398E+03 -6.8653E+02  1.6283E+03
0002151   7.2782E+03  1.6240E+03 -8.4253E+02
0002152   7.5402E+03 -1.9050E+03 -1.0954E+03
0002153   8.6346E+03  3.1794E+02  2.2732E+02
0002154   5.8878E+03  9.2744E+02  2.6278E+03
0002155   9.3845E+03  1.6974E+03 -1.9143E+03
0002156   3.9961E+03 -3.6924E+03 -4.1948E+03
0002157   8.8808E+03 -8.6209E+02 -4.2114E+02
0002158   8.8240E+03 -6.2444E+02 -3.9394E+01
0002159   5.0728E+03 -1.4395E+03 -2.5648E+03
0002160   8.0789E+03  2.6131E+02  2.7593E+03
0002161   7.9748E+03  7.6752E+01  2.1091E+03
0002162   6.7901E+03  3.9602E+03 -1.9883E+03
0002163   8.1923E+03  1.6868E+01 -2.7456E+03
0002164   6.2965E+03  2.4004E+03  5.1721E+02
0002165   9.1856E+03 -1.3985E+03  1.6575E+03
0002166   7.9358E+03  6.7281E+02  9.7592E+02
0002167   7.6149E+03  1.3339E+03 -1.9345E+03
0002168   7.5474E+03 -1.5216E+03  1.2635E+03
0002169   4.9874E+03  1.5501E+02  3.6148E+03
0002170   7.0672E+03  1.4200E+03  3.2231E+03
0002171   8.3678E+03 -2.7492E+03  1.3319E+03
0002172   8.4719E+03 -1.5436E+02 -4.2958E+02
0002173   9.0255E+03  5.7861E+02  2.6437E+00
0002174   6.3108E+03  1.4515E+03 -2.4619E+03
0002175   7.8126E+03 -1.7089E+03  1.6874E+03
0002176   7.0022E+03  1.7341E+03  2.2857E+03
0002177   9.3814E+03  1.0556E+03  5.2737E+02
0002178   6.1320E+03 -2.2786E+03 -1.2075E+03
0002179   7.0342E+03  8.3396E+02  9.7564E+02
0002180   3.6895E+03 -1.4923E+03 -5.8104E+03
0002181   6.4380E+03 -7.7412E+02 -3.7004E+03
0002182   7.4517E+03 -2.4629E+03  1.7249E+03
0002183   3.5927E+03  4.2640E+03 -1.1116E+03
0002184   6.0221E+03 -2.8204E+03 -5.1332E+03
0002185   7.4716E+03 -3.0521E+02  1.9038E+03
0002186   7.8400E+03  2.8989E+02 -1.2629E+03
0002187   8.1174E+03 -3.7616E+02  1.0685E+03
0002188   7.8426E+03 -4.1032E+03 -1.9976E+02
0002189   9.0957E+03 -4.7019E+02 -9.4249E+02
0002190   7.8981E+03  1.0392E+03  2.6559E+03
0002191   5.8037E+03  8.7901E+02  2.6997E+02
0002192   7.9808E+03  5.0525E+01 -1.4707E+03
0002193   5.6383E+03 -8.7716E+02  2.6762E+02
0002194   5.9667E+03 -9.1589E+02 -1.2762E+03
0002195   5.3309E+03 -2.7854E+03  3.6599E+03
0002196   6.7373E+03 -8.2483E+01  8.1976E+02
0002197   8.1985E+03  9.3818E+02  2.0708E+03
0002198   8.1615E+03  2.2772E+03 -4.9367E+02
0002199   8.8879E+03 -6.3980E+02 -4.6386E+02
0002200   7.3887E+03  8.8450E+02  1.2914E+03
0002201   8.2781E+03 -7.8436E+02 -1.2416E+03
0002202   8.3047E+03  7.6343E+02 -1.5459E+03
0002203   8.9822E+03 -6.8074E+02 -1.1241E+02
0002204   8.3032E+03 -1.3517E+03  2.7819E+02
0002205   7.8514E+03 -2.7679E+02  1.4925E+03
0002206   7.4358E+03  1.8641E+02  2.3846E+03
0002207   8.7923E+03 -4.2644E+02  5.2455E+00
0002208   8.1271E+03  1.6978E+03 -6.6923E+02
0002209   6.0460E+03 -1.0637E+03 -2.8320E+03
0002210   7.7741E+03 -2.0512E+03  1.3559E+03
0002211   6.8606E+03  3.3039E+02  1.8256E+03
0002212   8.3891E+03 -1.2389E+03  2.2103E+03
0002213   8.2797E+03  3.6102E+03  7.3810E+02
0002214   8.7607E+03 -6.8956E+02 -1.1326E+01
0002215   6.8243E+03 -3.9627E+02 -1.5903E+03
0002216   7.5105E+03 -5.1308E+02  2.0910E+03
0002217   8.0036E+03 -2.6668E+03 -8.9031E+02
0002218   4.3714E+03  4.0955E+03 -1.1677E+03
0002219   8.5181E+03  2.4187E+02  7.2188E+02
0002220   7.4925E+03 -2.4523E+03  6.7800E+02
0002221   8.1989E+03 -2.5359E+03 -1.6009E+03
0002222   6.0984E+03  9.0519E+02  2.9469E+03
0002223   7.2636E+03 -4.2626E+02 -3.3806E+02
0002224   6.1645E+03  1.9186E+02 -4.3715E+03
0002225   8.2118E+03  1.1459E+03  7.3738E+02
0002226   7.9664E+03 -7.5502E+02  1.3879E+03
0002227   8.2661E+03  8.5719E+02 -9.3640E+02
0002228   8.3140E+03 -1.5004E+03  1.0974E+03
0002229   8.0247E+03 -2.2105E+03  5.5686E+02
0002230   7.4743E+03 -2.0812E+02  9.5772E+02
0002231   7.6938E+03 -3.7214E+02  8.6202E+02
0002232   6.2416E+03 -9.6289E+02  2.5725E+03
0002233   6.9003E+03  2.3793E+03  1.8900E+03
0002234   2.0226E+03  3.3830E+03  4.7410E+03
0002235   5.7791E+03 -2.1687E+03  4.6125E+02
0002236   7.8326E+03 -3.1760E+02 -3.4270E+01
0002237   4.6727E+03  2.6036E+03 -3.0513E+03
0002238   9.0238E+03 -3.7757E+02 -1.9738E+03
0002239   7.3536E+03  2.2626E+03 -5.7742E+02
0002240   7.0957E+03 -4.8617E+02 -3.3822E+03
0002241   6.0252E+03 -1.4711E+03  3.0644E+02
0002242   9.0024E+03  1.0066E+03 -8.2778E+02
0002243   7.2040E+03  1.9355E+03 -9.1196E+02
0002244   8.4560E+03 -1.6169E+03 -2.5332E+02
0002245   6.0685E+03  1.1965E+03  9.9914E+02
0002246   7.7972E+03  2.2202E+03 -1.6710E+03
0002247   6.1285E+03  4.6787E+02  1.6844E+03
0002248   6.4411E+03 -4.3446E+02  3.1196E+03
0002249   8.4115E+03  2.1203E+02  2.0100E+03
0002250   8.0456E+03  1.8603E+02 -9.9097E+02
0002251   8.4730E+03 -2.7807E+03  1.7651E+03
0002252   6.7207E+03 -2.4095E+03  1.5835E+02
0002253   7.7334E+03  5.3525E+02 -9.6366E+02
0002254   6.9294E+03  6.6917E+02  6.9655E+02
0002255   8.2429E+03 -2.1692E+03 -2.2064E+03
0002256   8.8472E+03  7.2576E+02  1.4139E+03
0002257   9.2436E+03 -2.0506E+02 -9.0295E+02
0002258   8.2974E+03 -1.4624E+01 -9.6879E+02
0002259   6.3271E+03 -3.0603E+03  2.2431E+03
0002260   7.5610E+03 -1.3775E+03  2.5043E+02
0002261   5.2076E+03 -1.1476E+02  4.5714E+03
0002262   8.6684E+03  5.5542E+02 -1.6154E+01
0002263   7.5484E+03  1.9519E+03  1.2556E+03
0002264   6.2665E+03 -1.9821E+03 -1.0570E+03
0002265   8.1392E+03  3.8876E+02 -1.9788E+03
0002266   9.5951E+03  6.6462E+02 -2.2979E+02
0002267   7.2155E+03 -8.5547E+02  3.9792E+02
0002268   1.6340E+03  5.4840E+03  6.5225E+02
0002269   1.0055E+04 -8.9444E+02  3.5521E+02
0002270   5.6268E+03 -1.9221E+03  2.7325E+03
0002271   6.4048E+03  1.5462E+03 -1.0321E+03
0002272   6.7632E+03  8.7515E+02 -2.3482E+03
0002273   6.8374E+03 -1.2012E+03  1.7429E+03
0002274   8.0407E+03  7.8767E+02 -1.1966E+03
0002275   8.5982E+03  1.4867E+03  1.4871E+03
0002276   7.6719E+03 -9.2569E+02  1.8968E+03
0002277   6.2116E+03  6.8141E+02 -1.6119E+03
0002278   6.2475E+03 -1.8842E+03 -2.5857E+03
0002279   3.0666E+03 -3.3165E+03  2.7668E+03
0002280   8.9317E+03  2.0996E+02  1.1571E+03
0002281   8.0085E+03  1.9959E+02  2.5010E+03
0002282   7.9218E+03 -2.3052E+03  8.0787E+01
0002283   7.2313E+03  5.3308E+02 -1.3912E+03
0002284   7.4594E+03  8.6154E+02  5.3547E+02
0002285   8.4516E+03  6.3127E+02  1.9610E+02
0002286   8.3160E+03  4.9609E+01  1.7252E+03
0002287   9.6050E+03 -2.9270E+02  3.2940E+02
0002288   9.2809E+03  5.5632E+02 -1.7287E+03
0002289   5.1161E+03 -5.2598E+03 -3.7355E+03
0002290   8.8770E+03  4.4254E+02 -2.6973E+03
0002291   6.5514E+03  6.3583E+02  2.1212E+03
0002292   9.3723E+03  7.8287E+02 -2.5894E+03
0002293   8.9990E+03 -4.1870E+02 -7.0580E+02
0002294   6.9899E+03 -1.3648E+03 -2.2893E+03
0002295   8.0234E+03 -1.6125E+02  9.1782E+02
0002296   8.1305E+03  1.7972E+03 -3.4047E+02
0002297   6.8992E+03 -1.3358E+03  3.0871E+03
0002298   3.8576E+03  2.7131E+03  7.6629E+02
0002299   7.1948E+03 -5.7463E+02 -5.2595E+02
0002300   7.5580E+03  6.7611E+02  2.4729E+02
0002301   6.0764E+03  1.3124E+03 -2.2945E+03
0002302   7.3835E+03 -7.8985E+01 -8.6645E+02
0002303   7.6453E+03 -5.7421E+02 -4.8295E+02
0002304   3.9252E+03 -3.4350E+03  3.5550E+03
0002305   8.1004E+03 -4.6902E+02  1.4133E+03
0002306   7.9783E+03  7.2452E+02  2.0400E+03
0002307   7.7760E+03  9.5759E+02 -2.8310E+03
0002308   8.7652E+03 -2.0671E+03  7.8883E+02
0002309   6.4611E+03  3.5631E+03 -8.5208E+02
0002310   7.9606E+03  9.8695E+02 -3.9222E+02
0002311   9.3330E+03  5.8951E+02 -1.3288E+03
0002312   8.5970E+03 -4.3827E+01 -8.3275E+02
0002313   7.8494E+03  1.2947E+02  4.9664E+02
0002314   7.7973E+03 -7.4421E+02 -1.1424E+03
0002315   7.5444E+03 -1.2726E+03  2.2850E+03
0002316   5.4872E+03 -8.7943E+02  1.7171E+02
0002317   7.3125E+03 -8.9934E+02  1.2563E+03
0002318   5.3796E+03  1.1027E+03 -3.4142E+03
0002319   4.7839E+03 -9.1136E+02  1.5689E+03
0002320   7.8346E+03  2.3413E+02  3.7362E+02
0002321   8.8080E+03  8.9049E+02  3.1347E+03
0002322   7.5528E+03 -1.8490E+03  1.3245E+03
0002323   8.2692E+03 -1.0031E+03 -1.6396E+03
0002324   7.4812E+03  8.2743E+02 -2.4528E+03
0002325   6.1375E+03 -1.9142E+03  3.0633E+03
0002326   8.2511E+03  2.4045E+03 -1.9595E+02
0002327   5.6645E+03 -3.2262E+03 -2.7397E+03
0002328   7.5916E+03  8.8069E+02 -1.2926E+03
0002329   7.9804E+03 -9.9512E+02 -1.2265E+03
0002330   7.2656E+03  1.2386E+03 -7.3531E+02
0002331   4.7802E+03  3.9427E+03  9.8988E+02
0002332   6.3961E+03 -2.7057E+02 -3.1748E+03
0002333   8.3401E+03 -2.4992E+03 -3.6743E+02
0002334   8.3497E+03  1.5225E+03  1.1094E+03
0002335   6.3839E+03 -4.0512E+03 -1.0823E+03
0002336   9.1821E+03 -2.0305E+03  1.7528E+02
0002337   7.3234E+03 -3.5337E+02 -2.2424E+03
0002338   7.3521E+03 -1.3876E+03  3.0446E+03
0002339   7.7732E+03  1.8040E+03 -6.5032E+02
0002340   8.0735E+03  2.2647E+03 -9.8959E+02
0002341   7.9585E+03  8.4390E+02  3.6293E+02
0002342   9.2641E+03  8.9442E+02 -7.3198E+02
0002343   7.9351E+03  2.0767E+03  1.4010E+03
0002344   8.1142E+03 -9.0452E+02  6.0158E+02
0002345   8.9428E+03  9.6515E+02 -2.5333E+02
0002346   8.3545E+03 -1.0235E+03  1.5542E+03
0002347   8.2867E+03 -7.0700E+02  7.6964E+02
0002348   7.0794E+03 -1.8591E+02  1.2871E+03
0002349   6.7423E+03  4.1704E+03  4.1054E+02
0002350   8.6665E+03  1.4335E+03  6.5795E+02
0002351   9.3432E+03 -1.1724E+03  1.3128E+03
0002352   6.8569E+03  9.6647E+02  1.9148E+03
0002353   7.4279E+03  1.6291E+03  3.5429E+03
0002354   6.1408E+03 -1.1295E+01  1.1573E+03
0002355   7.3674E+03 -1.6437E+02  1.2250E+03
0002356   6.5206E+03  3.1857E+03 -2.2184E+02
0002357   7.5602E+03 -1.7593E+03 -1.1821E+03
0002358   7.5709E+03  1.6092E+03 -1.0694E+03
0002359   7.1694E+03  9.0004E+02  1.6254E+02
0002360   7.8736E+03 -3.4674E+01 -7.3608E+02
0002361   8.1483E+03 -6.0929E+01  4.6126E+02
0002362   9.3084E+03  1.5675E+03  1.2776E+03
0002363   8.2191E+03  1.2977E+03 -1.5177E+03
0002364   9.6032E+03  9.8587E+02  5.1506E+02
0002365   7.9613E+03  1.4427E+03  2.1281E+02
0002366   8.0800E+03  1.3438E+03  4.6035E+02
0002367   8.3710E+03 -1.6386E+03 -2.5678E+03
0002368   7.4347E+03  1.7521E+03  1.3819E+03
0002369   7.3485E+03 -3.0153E+03 -2.5492E+00
0002370   4.6262E+03  3.6452E+03  1.3030E+03
0002371   9.1831E+03 -9.1914E+00  3.0119E+03
0002372   6.8575E+03  1.0426E+03  1.1350E+02
0002373   9.3801E+03 -2.4913E+03  1.3631E+02
0002374   7.8133E+03  3.9822E+02  1.2522E+03
0002375   6.6379E+03 -3.4136E+03 -1.3806E+03
0002376   5.9657E+03 -1.6070E+03 -3.9568E+02
0002377   7.5314E+03  1.6107E+03 -1.5610E+03
0002378   7.8735E+03 -3.2736E+03  6.7233E+02
0002379   7.2654E+03 -1.7382E+02 -2.0645E+03
0002380   8.3999E+03 -2.3822E+02  4.6921E+02
0002381   7.2516E+03  2.4077E+03 -3.5705E+02
0002382   7.4635E+03 -1.7515E+03 -2.8609E+03
0002383   6.6700E+03  1.4971E+03  1.4547E+03
0002384   7.4436E+03  8.4142E+02  1.9363E+03
0002385   8.3019E+03  2.4356E+03  1.2558E+03
0002386   7.2493E+03 -2.4479E+02  6.0571E+02
0002387   7.1428E+03  2.1655E+03  3.7728E+02
0002388   9.0473E+03 -5.4401E+02 -2.1459E+03
0002389   7.6500E+03 -8.5227E+02 -9.2083E+02
0002390   9.4694E+03 -5.4794E+02  2.1035E+03
0002391   6.5832E+03 -1.0686E+03 -1.6982E+03
0002392   8.6051E+03 -4.4810E+02 -8.8720E+02
0002393   7.7239E+03 -7.2279E+02  1.7219E+03
0002394   6.8042E+03 -2.2567E+02 -2.1003E+03
0002395   7.8980E+03 -4.7652E+02 -2.4305E+02
0002396   8.7545E+03  1.0384E+02 -4.4317E+02
0002397   9.1120E+03 -3.0670E+02  6.0594E+02
0002398   7.6411E+03 -8.2181E+01 -1.2048E+03
0002399   7.9495E+03 -2.9607E+02 -4.3193E+02
0002400   6.0778E+03  1.4020E+03  1.2798E+03
0002401   6.2431E+03 -2.2479E+03  9.1262E+02
0002402   8.0990E+03 -2.4901E+02 -2.6494E+03
0002403   8.7231E+03  1.4108E+03 -2.5049E+02
0002404   7.0104E+03  1.9057E+02 -4.2865E+03
0002405   8.5170E+03  9.9161E+02  6.6782E+02
0002406   7.0837E+03 -1.7209E+03 -9.5702E+02
0002407   7.7158E+03 -2.1265E+03 -5.5703E+02
0002408   6.5495E+03  2.7921E+03  1.5134E+03
0002409   7.2195E+03 -3.0649E+03 -1.0912E+03
0002410   4.5662E+03 -4.0470E+03 -3.4208E+03
0002411   8.5633E+03 -1.7842E+03 -7.7714E+02
0002412   8.9850E+03  1.5748E+03 -1.0996E+03
0002413   7.3072E+03  2.9586E+03  6.0529E+02
0002414   9.1480E+03  6.5254E+02  2.1277E+03
0002415   7.9076E+03 -2.6701E+03  3.1168E+03
0002416   7.8228E+03 -2.6570E+02  1.7673E+03
0002417   8.4514E+03  1.5370E+03 -1.1251E+03
0002418   8.4354E+03  1.1586E+03  4.2126E+02
0002419   6.8519E+03 -8.8473E+02  3.0682E+03
0002420   9.2136E+03  8.7121E+02 -1.4552E+03
0002421   7.6326E+03  8.0904E+02 -5.8892E+02
0002422   7.0228E+03  1.2330E+03 -1.0811E+03
0002423   9.0685E+03 -2.3130E+02 -1.4083E+03
0002424   8.0489E+03 -2.6681E+03  9.9104E+02
0002425   8.3463E+03  7.7889E+02 -1.0367E+03
0002426   8.3380E+03  2.3795E+03 -4.1219E+01
0002427   6.2900E+03 -1.8822E+03 -5.5989E+02
0002428   5.3760E+03  1.5987E+03  2.9383E+03
0002429   5.5032E+03  9.1145E+02  7.2819E+02
0002430   4.1651E+03  2.2865E+03 -1.3704E+03
0002431   4.2569E+03 -3.5651E+02 -4.6211E+03
0002432   7.9365E+03  9.7645E+01 -2.3722E+03
0002433   8.2335E+03 -1.1750E+02 -3.2105E+03
0002434   5.7519E+03  2.8977E+03 -1.4975E+03
0002435   9.1401E+03 -1.3935E+03  1.0371E+03
0002436   4.6776E+03  2.1615E+03  1.6146E+03
0002437   7.4101E+03  1.6283E+03  1.8778E+02
0002438   8.1647E+03  1.5743E+03 -1.2361E+03
0002439   4.4576E+03  1.5259E+03 -1.4915E+03
0002440   5.9102E+03  3.3454E+03  4.2560E+02
0002441   7.8018E+03 -1.4181E+03 -2.5021E+03
0002442   7.2194E+03  2.9908E+02 -2.2453E+03
0002443   6.0994E+03  3.8668E+02  2.1233E+03
0002444   8.4110E+03  1.1868E+03 -8.4320E+02
0002445   7.7412E+03  5.4348E+02 -1.7840E+03
0002446   8.5447E+03  1.5734E+03 -8.0677E+02
0002447   9.0610E+03  5.8424E+02 -4.5718E+02
0002448   7.6757E+03 -6.8882E+02  1.1583E+03
0002449   8.8248E+03 -1.9963E+02 -1.0824E+03
0002450   9.6032E+03  1.6230E+03 -6.9058E+02
0002451   8.7231E+03  1.5204E+03 -3.5874E+02
0002452   6.6164E+03 -2.7418E+03  1.2088E+03
0002453   6.9092E+03  8.4530E+01  3.9472E+02
0002454   7.3149E+03 -2.0344E+03 -9.5705E+02
0002455   7.6192E+03 -2.2203E+03 -3.7136E+02
0002456   7.8074E+03 -1.9563E+03 -8.7869E+02
0002457   4.9823E+03  4.9992E+03 -6.3157E+02
0002458   6.4560E+03  2.6888E+03 -2.5081E+03
0002459   6.9234E+03  2.3277E+03  2.1169E+00
0002460   8.3631E+03  5.1095E+02 -4.7190E+02
0002461   7.1876E+03  4.1728E+03  1.4023E+03
0002462   7.4100E+03  2.1978E+02  1.0809E+03
0002463   6.1924E+03 -1.4707E+03  1.6609E+03
0002464   6.8054E+03 -7.6685E+02 -1.4877E+03
0002465   8.5321E+03  1.6416E+03 -4.1137E+02
0002466   8.2401E+03  1.8998E+02  1.0236E+03
0002467   7.8512E+03  9.2571E+02 -1.6670E+03
0002468   8.3925E+03  2.0487E+02  1.3617E+03
0002469   8.2843E+03 -3.1774E+02 -6.0295E+02
0002470   8.7942E+03 -9.8619E+02  5.9050E+02
0002471   6.3976E+03  1.2169E+03  2.3493E+03
0002472   8.8739E+03 -2.3702E+03 -1.3413E+03
0002473   7.3646E+03 -2.3624E+03  7.6102E+02
0002474   8.4317E+03  2.5680E+03 -2.1881E+03
0002475   8.0150E+03 -3.4445E+02  1.2939E+02
0002476   8.5249E+03 -9.7038E+02  1.2153E+03
0002477   6.3054E+03  4.4566E+02 -1.2165E+03
0002478   8.3148E+03  1.2665E+03  3.4579E+02
0002479   6.7161E+03 -5.4919E+02 -1.3919E+03
0002480   6.7685E+03  3.8102E+03  1.0735E+03
0002481   7.2581E+03 -3.7517E+02 -2.7587E+02
0002482   7.2782E+03  8.7889E+02  1.0152E+03
0002483   8.0991E+03  5.1178E+02  2.8381E+01
0002484   7.4548E+03  7.9736E+02  1.1264E+01
0002485   7.8519E+03 -1.5476E+03 -8.8212E+02
0002486   3.0885E+03  3.5216E+03  5.9687E+00
0002487   6.8631E+03  2.1139E+03  5.2494E+02
0002488   7.5882E+03 -1.4586E+03 -7.8332E+02
0002489   8.8828E+03  8.1956E+02 -2.6146E+01
0002490   8.7368E+03  1.6416E+03 -6.3683E+01
0002491   6.8156E+03 -3.3483E+03 -2.6662E+03
0002492   7.6533E+03 -1.7289E+03 -6.5976E+02
0002493   8.3544E+03  3.8542E+02 -1.0308E+03
0002494   7.2638E+03 -4.3804E+02  1.1399E+03
0002495   6.0816E+03 -1.4293E+03 -2.1788E+03
0002496   7.7049E+03 -1.1300E+03 -2.9252E+03
0002497   6.4452E+03  2.9602E+03  2.2635E+03
0002498   6.8927E+03 -9.3151E+02 -2.7233E+03
0002499   7.1540E+03 -9.6526E+01 -1.0830E+03
0002500   5.9507E+03 -1.6769E+03  7.9074E+00
0002501   7.5359E+03  1.4258E+03 -2.7340E+02
0002502   7.3621E+03 -1.2045E+03  3.0182E+03
0002503   7.7113E+03  2.8712E+02 -1.5322E+03
0002504   6.0434E+03  3.2191E+02 -2.2548E+03
0002505   6.3851E+03 -1.5982E+03  3.3439E+03
0002506   6.7214E+03 -2.3987E+03 -2.6286E+03
0002507   9.3516E+03  1.6008E+03 -1.4763E+03
0002508   7.6167E+03  1.3675E+03 -1.1889E+03
0002509   7.1400E+03 -2.2288E+03  1.6784E+02
0002510   3.3960E+03  9.9750E+02 -4.2688E+03
0002511   7.9086E+03  2.4233E+03 -7.8832E+01
0002512   4.0352E+03  1.5296E+03 -1.7994E+03
0002513   8.4979E+03 -4.3698E+02 -9.4501E+02
0002514   8.4689E+03 -1.6825E+03  1.7402E+02
0002515   7.7874E+03 -8.2875E+02  1.7201E+03
0002516   5.5068E+03  1.4685E+02 -5.7369E+03
0002517   5.1132E+03 -2.9990E+03 -1.2185E+03
0002518   7.5429E+03 -1.8120E+03  5.5581E+02
0002519   7.9489E+03 -1.0072E+03 -1.0702E+03
0002520   7.5372E+03  7.2718E+01  1.6760E+02
0002521   8.0274E+03 -5.0343E+02 -2.2870E+03
0002522   8.3380E+03 -9.7266E+01  1.2420E+03
0002523   8.0269E+03 -9.3075E+02 -1.7064E+03
0002524   8.5133E+03  1.2392E+03  7.5394E+02
0002525   8.1379E+03  5.7830E+02 -6.0106E+02
0002526   4.9115E+03  6.0592E+02 -1.2237E+03
0002527   7.6985E+03  5.2698E+02  4.3792E+02
0002528   5.7206E+03  5.0525E+01 -1.6388E+03
0002529   7.4370E+03  2.5110E+03  2.1600E+03
0002530   5.6262E+03  1.2490E+03  1.8389E+03
0002531   8.8139E+03  8.9053E+01 -2.9290E+02
0002532   7.3385E+03 -5.2959E+02  7.6700E+02
0002533   7.1947E+03 -1.1046E+03  1.2833E+03
0002534   8.2626E+03 -3.3225E+02  2.0494E+03
0002535   7.7547E+03  8.4779E+02 -1.2353E+03
0002536   8.5745E+03  2.4578E+03  8.2676E+02
0002537   8.0454E+03  1.6006E+03  8.1872E+02
0002538   8.8543E+03 -3.4498E+02  2.2331E+03
0002539   8.6766E+03  2.5662E+02 -6.5666E+02
0002540   8.3130E+03  5.4815E+02  1.3928E+03
0002541   7.6731E+03 -1.0641E+02 -1.5901E+02
0002542   7.1948E+03 -2.0294E+03 -8.5768E+02
0002543   8.1309E+03  4.1724E+02  9.4867E+02
0002544   8.3582E+03 -4.2444E+02 -2.3284E+03
0002545   6.8668E+03  4.1800E+03  5.8097E+02
0002546   6.9308E+03 -2.2126E+03  1.4083E+03
0002547   6.5518E+03  1.9985E+03 -1.0148E+03
0002548   8.4323E+03  1.5967E+02  9.1753E+02
0002549   8.5353E+03 -1.6350E+03 -2.0051E+01
0002550   3.5326E+03  1.0448E+03 -1.7244E+03
0002551   6.4453E+03  2.3539E+03 -3.9061E+03
0002552   7.5105E+03  1.8662E+02  3.0088E+03
0002553   3.8318E+03  5.1409E+02 -1.9179E+03
0002554   8.1555E+03 -9.2908E+02  1.3835E+03
0002555   8.5988E+03  1.1153E+03  1.2486E+03
0002556   7.3596E+03 -3.1604E+03 -2.3854E+03
0002557   9.5275E+03  1.0568E+03  3.5944E+02
0002558   4.5890E+03 -2.2820E+03  3.8821E+03
0002559   7.1195E+03 -4.8661E+02  3.2303E+03
0002560   7.7957E+03 -1.2953E+03 -1.5432E+01
0002561   6.3409E+03  1.2153E+03 -2.2212E+03
0002562   6.6101E+03 -3.8199E+03  1.9536E+02
0002563   7.0715E+03  4.4895E+02 -1.0232E+03
0002564   6.9534E+03  1.0624E+03 -2.9108E+03
0002565   7.0830E+03 -5.1490E+01 -3.8732E+02
0002566   7.8975E+03 -9.2805E+02  6.2460E+02
0002567   6.8780E+03  2.7895E+02 -1.8953E+03
0002568   8.4342E+03  3.8874E+02 -7.0484E+02
0002569   5.8761E+03 -1.6825E+03  2.9813E+03
0002570   7.1238E+03 -2.0347E+03  5.5336E+02
0002571   8.5604E+03 -1.7198E+03 -1.3610E+03
0002572   8.3449E+03 -2.1224E+03  3.8552E+02
0002573   8.2141E+03  1.0673E+03  8.0563E+02
0002574   8.3029E+03  2.0586E+02  1.2210E+03
0002575   8.0020E+03 -1.6400E+03 -1.4596E+02
0002576   7.6664E+03 -7.8836E+02 -2.4177E+02
0002577   9.1355E+03 -1.5288E+03 -1.0491E+02
0002578   9.2971E+03  2.5774E+03 -9.7967E+02
0002579   7.3969E+03  1.8692E+03 -6.2007E+02
0002580   6.9412E+03 -5.4619E+02  3.7105E+03
0002581   7.7992E+03  3.8773E+03 -6.4482E+02
0002582   7.7343E+03  8.5958E+02 -1.7893E+02
0002584   7.5844E+03  2.7603E+02  3.2829E+02
0002585   7.6008E+03  2.4788E+03  1.1823E+02
0002586   6.3889E+03 -7.4378E+02  2.7771E+03
0002587   8.3189E+03  1.6643E+03  7.8809E+02
0002588   6.3852E+03  9.5732E+02  9.5501E+02
0002589   7.5099E+03 -1.3128E+03 -2.9045E+02
0002590   8.7328E+03 -1.5292E+03  6.0526E+01
0002592   8.1698E+03  1.8723E+02  6.7956E+01
0002593   8.2961E+03 -2.4540E+03 -4.5051E+02
0002594   5.9087E+03  5.5201E+02  7.4087E+02
0002595   8.7554E+03 -5.0020E+02  7.9319E+02
0002596   6.2825E+03  2.8170E+03 -7.9492E+02
0002597   9.0703E+03  1.3050E+02  1.5451E+02
0002598   7.8242E+03 -4.1617E+02  5.3612E+02
0002599   8.2427E+03 -7.3262E+02 -1.3108E+03
0002600   6.6903E+03  6.6763E+02  1.1476E+03
0002601   8.2854E+03 -3.3549E+01 -6.5860E+02
0002602   7.6420E+03  1.4780E+03  1.4116E+03
0002603   7.5579E+03  2.8374E+02  5.8699E+01
0002604   6.9922E+03 -3.3084E+03 -2.6766E+03
0002605   7.8761E+03  2.6954E+03  8.7956E+02
0002606   1.1758E+03 -3.0905E+03 -5.1367E+02
0002607   6.2981E+03  2.7294E+03 -1.5452E+03
0002608   6.6797E+03 -2.3128E+03  4.8795E+02
0002609   7.8590E+03 -1.3320E+03 -5.4903E+02
0002610   6.7862E+03  1.0237E+03 -1.4089E+03
0002611   6.2342E+03  3.2988E+03 -1.2927E+03
0002612   8.5740E+03  1.4973E+03 -4.0274E+02
0002613   8.0976E+03  2.7094E+03 -1.0571E+03
0002614   7.7354E+03  3.3479E+03  3.4169E+02
0002615   6.6633E+03 -2.1923E+02  2.5953E+03
0002616   7.5478E+03 -3.4479E+03  2.1055E+03
0002617   7.1853E+03  2.3267E+03 -7.6136E+02
0002618   7.9327E+03  4.2235E+02  1.4043E+03
0002619   7.7455E+03 -3.1344E+02 -2.4203E+03
0002620   8.2317E+03 -2.3727E+02  2.6990E+01
0002621   8.5994E+03 -1.4587E+03 -1.8084E+01
0002622   7.9833E+03 -3.5074E+02  1.7146E+03
0002623   8.0647E+03 -1.6337E+02 -1.4540E+03
0002624   9.0971E+03  1.1085E+03 -2.2140E+02
0002625   6.7919E+03  1.7736E+03 -1.7212E+02
0002626   1.3850E+03  4.0281E+03 -4.0316E+03
0002627   7.5395E+03  1.1937E+03  9.3137E+02
0002628   9.1201E+03 -9.9401E+00 -2.0431E+02
0002629   8.4838E+03  1.7897E+03 -1.9619E+03
0002630   7.8016E+03  1.5871E+02  1.9483E+03
0002631   7.4202E+03  1.7475E+02  1.2158E+03
0002632   8.7252E+03  1.1263E+03  1.0446E+03
0002633   7.2184E+03 -4.4849E+02 -1.4785E+03
0002634   7.4990E+03 -5.3967E+02  1.3830E+03
0002635   4.7918E+03  2.6444E+03  1.2995E+03
0002636   8.3259E+03  1.4614E+03  1.4884E+02
0002637   6.7973E+03 -1.6940E+03  3.7104E+03
0002638   5.2682E+03 -7.4903E+02  1.2455E+03
0002639   8.8429E+03  1.1576E+03  2.5020E+02
0002640   8.6169E+03  7.6624E+02 -5.0687E+02
0002641   7.8421E+03  1.1998E+03 -4.9001E+02
0002642   8.2189E+03 -2.9965E+02  4.4606E+02
0002643   7.7333E+03 -3.8080E+02 -1.3825E+03
0002644   6.6764E+03 -1.2766E+03 -3.3884E+03
0002645   7.0352E+03 -2.5672E+03 -1.9116E+03
0002646   7.7066E+03  1.5344E+03  1.2095E+03
0002647   9.3353E+03  2.0523E+02  5.7594E+02
0002648   8.4903E+03 -1.5657E+03 -4.3414E+02
0002649   7.6516E+03  2.6216E+02 -1.1792E+03
0002650   7.4579E+03 -3.1429E+03  9.7954E+02
0002651   6.9209E+03  4.6895E+02  1.1735E+03
0002652   8.4497E+03  2.0363E+03 -6.5323E+01
0002653   9.1831E+03  9.7601E+02  9.5815E+02
0002654   5.0565E+03 -1.5516E+03 -3.0122E+03
0002655   8.4817E+03 -5.5731E+02 -6.1991E+02
0002656   8.6080E+03 -4.6843E+02  1.6833E+03
0002657   7.4028E+03  1.0360E+03 -1.2341E+03
0002658   5.2288E+03 -2.3999E+03  1.2710E+03
0002659   8.8046E+03  9.8433E+02 -1.2362E+03
0002660   7.8013E+03 -1.4897E+03 -6.6950E+02
0002661   7.1076E+03 -1.0130E+01 -7.8228E+02
0002662   7.3006E+03 -2.6830E+03  7.5307E+00
0002663   7.4339E+03 -2.5831E+03  3.5115E+02
0002664   8.3460E+03  1.8761E+02  7.8935E+02
0002665   5.8291E+03  4.0979E+03  2.9274E+03
0002666   7.9923E+03  6.2337E+02 -1.6084E+03
0002667   8.2526E+03  7.0726E+02 -1.0955E+03
0002668   8.4590E+03  2.2385E+02 -1.6058E+03
0002669   8.2397E+03  4.9202E+02 -4.1910E+03
0002670   7.9859E+03  1.8016E+02 -1.3414E+03
0002671   8.3047E+03 -1.0779E+03  8.9971E+02
0002672   7.4621E+03 -4.0896E+02 -1.0195E+03
0002673   8.7093E+03  3.3160E+02  8.1061E+02
0002674   8.5226E+03  8.2242E+02 -1.5054E+02
0002675   8.0437E+03  4.8837E+02  2.1050E+03
0002676   8.0678E+03  2.2890E+01  2.7006E+02
0002677   5.6739E+03  2.7729E+03  3.2002E+02
0002678   8.2421E+03 -6.3326E+02 -1.0458E+03
0002679   5.3672E+03 -3.4102E+03  1.0767E+03
0002680   7.1827E+03 -9.5556E+01 -1.9556E+03
0002681   9.3802E+03 -9.7885E+02 -1.6064E+03
0002682   8.2160E+03 -1.2827E+03 -1.0185E+03
0002683   7.8655E+03  7.3378E+02  2.7740E+02
0002684   8.8342E+03 -3.4171E+01  2.7408E+02
0002685   8.3284E+03  4.2758E+02  1.2098E+02
0002686   8.3015E+03 -5.4282E+02 -1.2338E+03
0002687   7.4102E+03  1.5253E+03  2.2672E+01
0002688   8.3878E+03 -4.5467E+02 -9.3745E+02
0002689   8.5792E+03  1.5417E+03  2.4774E+03
0002690   8.4696E+03  6.1262E+02  6.8247E+02
0002691   7.6725E+03  2.9076E+02  1.9473E+02
0002692   7.6959E+03  1.4097E+03 -2.5985E+02
0002693   6.4018E+03 -2.9934E+02  1.1739E+03
0002694   8.0812E+03  3.5672E+02  1.3542E+03
0002695   9.0770E+03  1.4458E+03 -7.1885E+02
0002696   7.4213E+03  3.4045E+02  2.5954E+02
0002697   8.2618E+03 -1.1099E+03 -5.4588E+02
0002698   9.2502E+03  6.4057E+02  1.4888E+03
0002699   6.4060E+03  2.1643E+03  8.6122E+02
0002700   6.5232E+03  3.0067E+03 -1.1354E+03
0002701   8.2716E+03 -1.2526E+03  5.2219E+02
0002702   5.4224E+03  3.0812E+03 -1.5466E+03
0002703   4.7744E+03 -2.7004E+03 -1.4815E+03
0002704   7.9903E+03  1.2851E+03  1.5839E+03
0002705   7.0239E+03  5.3028E+02  1.7879E+03
0002706   7.4200E+03 -1.4607E+03 -5.1025E+02
0002707   5.6446E+03  2.5925E+03  1.0954E+03
0002708   8.1367E+03 -1.6385E+02 -1.0084E+03
0002709   6.3152E+03  2.4520E+03 -2.5529E+03
0002710   7.7227E+03 -8.2024E+02  1.1792E+03
0002711   8.4252E+03  3.9032E+02 -6.3316E+02
0002712   6.9532E+03 -1.0391E+03 -2.0707E+03
0002713   6.1524E+03 -3.4930E+03 -5.7489E+02
0002714   8.0767E+03  7.7884E+02 -1.5034E+02
0002715   7.1222E+03  8.5738E+02 -1.8909E+02
0002716   8.9901E+03 -1.2436E+03 -2.2666E+03
0002717   8.1325E+03  2.7411E+03 -1.1752E+03
0002718   8.2211E+03 -2.0539E+03  9.1014E+02
0002719   7.8824E+03  6.7259E+02 -1.9894E+03
0002720   6.8320E+03 -2.3523E+03  2.2173E+03
0002721   8.7914E+03 -2.7185E+03 -2.1005E+03
0002722   8.5754E+03  4.0170E+02  5.4417E+02
0002723   6.8389E+03  3.0687E+03 -4.4920E+02
0002724   8.5357E+03 -9.2412E+01 -1.8403E+03
0002725   4.4264E+03  3.6369E+03 -1.0336E+03
0002726   8.9539E+03 -7.3817E+02 -7.2766E+02
0002727   7.8120E+03 -8.5755E+02  1.4925E+03
0002728   7.5963E+03 -1.8473E+03 -1.4194E+03
0002729   6.5097E+03  2.2537E+03  1.4420E+03
0002730   7.7843E+03 -1.4958E+03 -6.5051E+02
0002731   7.1922E+03  1.4097E+03  1.3229E+03
0002732   6.3940E+03  2.2011E+03  2.1978E+03
0002733   6.8907E+03 -8.1395E+02 -1.6355E+03
0002734   7.8874E+03 -1.8763E+02 -2.2245E+03
0002735   8.6433E+03  8.7707E+02 -6.1789E+02
0002736   7.8116E+03 -1.5232E+03  4.2253E+02
0002737   7.6806E+03  1.7056E+03 -1.2294E+03
0002738   7.7457E+03 -3.7003E+02 -5.8445E+02
0002739   9.4126E+03  2.8454E+02  1.7206E+02
0002740   7.1760E+03  3.2208E+01 -1.8901E+03
0002741   6.8536E+03  4.6751E+02 -1.5995E+03
0002742   7.6466E+03  1.2690E+03 -1.1025E+03
0002743   6.1658E+03  1.9076E+03  1.6846E+03
0002744   8.6605E+03  1.2904E+03 -7.0983E+02
0002745   5.0818E+03  3.8347E+03  4.3123E+03
0002746   8.2155E+03  8.4225E+02 -3.3214E+02
0002747   8.9397E+03 -1.3861E+02 -8.0744E+02
0002748   7.1791E+03  7.9126E+02 -1.7073E+03
0002749   7.1091E+03 -2.1109E+03 -2.0041E+03
0002750   8.3736E+03  7.0393E+01  9.2879E+02
0002751   8.0242E+03  2.1253E+03 -8.9506E+01
0002752   7.2349E+03  1.1203E+03 -9.6356E+01
0002753   7.4782E+03 -1.9502E+03  1.4776E+02
0002754   8.9741E+03  2.0608E+02 -8.7770E+02
0002755   8.1707E+03  1.1803E+03 -1.2173E+03
0002756   8.1000E+03  2.3535E+03  5.9499E+02
0002757   4.4377E+03 -2.9138E+03  5.3972E+03
0002758   7.8164E+03 -2.1891E+03 -1.1865E+03
0002759   8.2595E+03 -5.7024E+02  1.0038E+03
0002760   8.9090E+03 -1.1194E+03 -9.8301E+02
0002761   8.6458E+03 -1.5017E+03 -3.9728E+02
0002762   8.0266E+03 -1.4148E+03  3.0208E+03
0002763   6.8506E+03  1.1442E+03 -1.7952E+03
0002764   7.1907E+03 -1.4594E+03 -2.0594E+03
0002765   6.2292E+03  3.8414E+02 -3.0670E+03
0002766   5.6661E+03  2.6592E+03 -1.9958E+03
0002767   6.5195E+03 -5.4210E+02 -1.5079E+03
0002768   7.8545E+03  2.0018E+03 -2.1408E+03
0002769   6.2789E+03 -1.7089E+03 -8.9260E+02
0002770   7.6790E+03  1.8961E+03  1.5639E+03
0002771   7.8672E+03 -9.6857E+02 -1.7928E+03
0002772   7.6476E+03  1.5549E+03  7.7805E+02
0002773   9.2524E+03 -1.0634E+03 -9.5232E+02
0002774   6.4753E+03 -3.5699E+03  7.8911E+00
0002775   5.2038E+03 -4.6740E+03 -2.3626E+03
0002776   8.5372E+03  3.3512E+03 -3.0591E+03
0002777   6.8692E+03 -2.1700E+03  1.9439E+02
0002778   8.6212E+03  6.6141E+02  1.6807E+03
0002779   8.4209E+03  7.2125E+02 -7.5344E+02
0002780   7.6373E+03 -1.6753E+03  1.1001E+02
0002781   7.2685E+03  2.1081E+03 -3.2402E+03
0002782   8.0554E+03 -2.2677E+03 -1.1893E+03
0002783   4.9702E+03  1.7077E+02 -6.6863E+02
0002784   7.7505E+03  1.6007E+03  3.4455E+02
0002785   7.4102E+03  2.6067E+03 -1.0381E+02
0002786   8.0267E+03 -7.3031E+01 -2.9001E+02
0002787   8.0692E+03  1.0222E+01 -2.0953E+03
0002788   9.6724E+03  7.8272E+02  1.0019E+03
0002789   6.9617E+03 -2.3544E+03 -3.6666E+02
0002790   5.8826E+03  8.2483E+02  1.4656E+03
0002791   7.5100E+03  7.7751E+02 -2.3771E+02
0002792   7.7200E+03 -1.1349E+03  1.9547E+03
0002793   7.1038E+03 -1.0844E+03 -1.6712E+03
0002794   4.3089E+03 -2.7889E+03  3.1756E+03
0002795   5.8078E+03  1.2748E+03  1.3819E+01
0002796   6.1524E+03  1.0199E+02  1.4885E+03
0002797   7.5409E+03  1.0377E+03 -2.8011E+03
0002798   6.6294E+03  4.1288E+02 -3.5783E+03
0002799   7.5064E+03 -2.9583E+03  1.5545E+02
0002800   7.1385E+03  9.3229E+02 -1.2325E+03
0002801   7.4971E+03  2.0574E+02 -1.8226E+03
0002802   7.8552E+03  1.0384E+03 -1.8749E+03
0002803   6.8114E+03 -3.5490E+03 -2.8640E+03
0002804   2.5886E+03 -2.8183E+03  1.0090E+03
0002805   7.5414E+03 -1.2684E+02  5.4607E+02
0002806   7.3287E+03  7.7308E+01  1.4388E+03
0002807   8.0819E+03  1.6911E+03 -2.8148E+03
0002808   5.2959E+03 -7.5268E+02 -6.3195E+03
0002809   7.4388E+03 -1.8592E+03  3.3726E+02
0002810   8.6575E+03  1.6635E+03 -1.3192E+02
0002811   8.6611E+03  7.1127E+02 -1.3460E+02
0002812   8.8630E+03 -6.7919E+02  3.5865E+02
0002813   6.3295E+03 -2.2740E+03 -1.9801E+03
0002814   8.5757E+03 -1.8787E+03 -2.6583E+03
0002815   5.9648E+03 -2.0106E+03  4.3631E+02
0002816   7.1297E+03  2.3586E+03  2.6985E+02
0002817   7.4153E+03 -9.8395E+02 -6.1935E+02
0002818   8.2766E+03 -6.1216E+02  6.1320E+02
0002819   6.0133E+03 -4.4681E+03 -9.3734E+02
0002820   8.2184E+03 -6.2575E+00 -1.5304E+03
0002821   7.1326E+03  1.9009E+03  5.5622E+02
0002822   7.5745E+03 -2.1175E+03  2.2330E+02
0002823   7.4851E+03  9.6606E+02 -1.2900E+03
0002824   8.4215E+03 -8.8145E+02  8.1844E+02
0002825   6.3612E+03  3.3842E+03  1.3786E+03
0002826   5.3947E+03 -1.0354E+01 -4.0478E+02
0002827   8.1342E+03 -1.4533E+03  3.1018E+02
0002828   6.4235E+03 -5.8997E+02 -1.3355E+03
0002829   6.2559E+03 -3.7905E+03  7.5528E+02
0002830   6.7235E+03 -5.7825E+03 -6.5084E+02
0002831   8.3569E+03  7.7985E+02  9.9723E+02
0002832   6.9439E+03  2.3920E+02 -3.8296E+02
0002833   7.3304E+03  1.2906E+03  8.1793E+02
0002834   7.6328E+03  1.2279E+03 -3.4018E+02
0002835   8.1572E+03 -1.7507E+03 -7.1263E+02
0002836   7.2653E+03  3.0214E+03 -9.6404E+02
0002837   7.1997E+03  2.3713E+03  1.8581E+03
0002838   7.7476E+03 -1.4921E+02 -1.6798E+03
0002839   6.4214E+03 -7.4232E+02  3.8927E+03
0002840   8.6998E+03  7.6284E+00  6.1011E+02
0002841   9.0324E+03  1.1153E+03  1.3481E+03
0002842   8.9681E+03 -3.3485E+02  1.8820E+03
0002843   6.6553E+03 -5.3598E+02 -2.1748E+03
0002844   7.0628E+03  9.2695E+02 -7.7561E+02
0002845   6.5160E+03  1.6365E+03  1.3560E+03
0002846   8.5794E+03 -4.9627E+02  1.7829E+03
0002847   5.9957E+03 -1.6644E+03  2.2606E+03
0002848   8.6523E+03 -1.2048E+03  7.0545E+00
0002849   8.9985E+03  5.7955E+02 -7.1124E+02
0002850   8.1628E+03  6.9332E+02  5.2506E+02
0002851   6.0014E+03 -3.0450E+03 -1.8540E+03
0002852   8.2628E+03  2.5646E+02 -1.5108E+03
0002853   8.9975E+03  3.8148E+03  5.3756E+02
0002854   8.6624E+03  1.0952E+03  5.6491E+02
0002855   7.7390E+03 -1.3247E+03  2.8434E+02
0002856   5.9348E+03  3.7466E+03 -1.0650E+03
0002857   9.1984E+03  2.9831E+02 -2.9642E+02
0002858   6.4038E+03  3.0270E+03  1.8911E+03
0002859   6.9698E+03 -1.0894E+03 -1.0183E+03
0002860   7.6367E+03  1.3034E+03 -3.4702E+02
0002861   7.5851E+03 -7.7255E+02  1.9257E+03
0002862   6.7304E+03  2.8500E+03 -1.0441E+03
0002863   7.5696E+03  2.3040E+02  7.5746E+02
0002864   7.7914E+03 -2.1787E+02 -8.2665E+02
0002865   9.5117E+03 -1.6068E+03  8.6736E+02
0002866   7.4377E+03  2.0290E+02 -3.4529E+03
0002867   7.3002E+03  1.1001E+03 -9.2850E+02
0002868   7.0097E+03  1.1803E+03  4.8633E+02
0002869   8.8558E+03 -1.5487E+03 -3.5001E+00
0002870   6.7293E+03  2.7795E+02 -2.7540E+03
0002871   6.8588E+03  1.8718E+03 -2.3057E+03
0002872   7.8870E+03 -1.6952E+03  2.7016E+03
0002873   9.2753E+03 -2.2863E+03  1.2671E+03
0002874   7.5140E+03  2.6011E+03  1.9224E+03
0002875   8.1705E+03  1.5172E+03 -1.6664E+03
0002876   7.9868E+03 -1.0317E+03  2.6414E+03
0002877   8.1493E+03 -1.7237E+03  2.6561E+02
0002878   7.8384E+03  1.6917E+03  2.6159E+03
0002879   9.6420E+03  2.8182E+02  2.9084E+02
0002880   7.3732E+03  1.0955E+03  1.9350E+03
0002881   6.0327E+03 -2.6923E+03  2.9805E+03
0002882   7.3957E+03 -1.4357E+03 -3.1332E+02
0002883   6.5518E+03  1.2777E+03  3.0985E+02
0002884   6.3185E+03  2.7496E+03  1.7134E+03
0002885   7.6034E+03 -7.7070E+02 -2.4497E+03
0002886   7.1465E+03  1.2360E+03  1.6619E+03
0002887   9.0546E+03  6.2331E+02  3.0345E+02
0002888   7.2039E+03  2.2035E+03 -2.8757E+02
0002889   7.4021E+03  1.8741E+03 -1.1696E+03
0002890   8.0115E+03 -2.7224E+02  9.1803E+02
0002891   5.3776E+03 -1.1851E+03 -1.3904E+03
0002892   8.6210E+03 -3.2697E+02 -9.5693E+02
0002893   7.4503E+03 -5.4094E+02  1.2505E+03
0002894   6.9590E+03 -2.0068E+03  9.8847E+02
0002895   6.5572E+03  4.3029E+03 -4.8788E+02
0002896   7.9883E+03  3.1031E+01 -2.1483E+02
0002897   6.9365E+03  1.0671E+03 -2.3296E+03
0002898   6.3945E+03  1.6463E+03  3.4623E+03
0002899   6.8466E+03  1.4586E+03  2.4395E+03
0002900   7.5470E+03  3.2238E+02 -1.8398E+02
0002901   8.9209E+03 -9.9225E+02 -2.2502E+03
0002902   5.8469E+03 -1.2791E+02 -2.5958E+03
0002903   6.8414E+03  1.3026E+02 -4.0983E+02
0002904   6.8413E+03  1.5199E+03 -2.7161E+03
0002905   5.5107E+03  1.5875E+03 -5.1894E+02
0002906   3.7323E+03 -1.6973E+03 -1.4939E+03
0002907   8.0589E+03  6.7457E+02 -2.7161E+03
0002908   6.1945E+03 -1.5671E+03 -1.6884E+02
0002909   7.8620E+03  9.3308E+02 -9.2649E+02
0002910   7.2846E+03 -2.5553E+03 -1.7360E+03
0002911   6.6057E+03 -2.4928E+03  3.8003E+03
0002912   7.1155E+03 -1.9832E+03  3.9676E+03
0002913   7.6722E+03 -1.6653E+03  3.7361E+02
0002914   7.4960E+03 -2.8590E+03  1.2900E+03
0002915   4.6613E+03  1.5680E+03 -3.2938E+03
0002916   7.2434E+03  9.3236E+02  4.9886E+02
0002917   6.4659E+03  1.8632E+03 -2.2787E+03
0002918   8.6630E+03 -1.9165E+01 -8.3876E+01
0002919   7.6886E+03 -2.2855E+03  8.2217E+02
0002920   7.9788E+03 -5.7948E+02 -1.0225E+03
0002921   7.7869E+03  9.6215E+01  2.8762E+02
0002922   7.8315E+03 -4.7653E+01  2.2854E+02
0002923   6.8759E+03  2.1988E+03  1.5482E+03
0002924   7.5603E+03 -2.2290E+03  1.7635E+03
0002925   8.2541E+03  1.3673E+03 -1.4872E+03
0002926   7.5945E+03  5.4137E+02  1.2840E+03
0002927   7.5532E+03  1.4563E+03 -3.0791E+03
0002928   8.4084E+03 -5.7255E+01  1.2892E+03
0002929   5.9014E+03  1.1057E+03 -2.0849E+03
0002930   6.6984E+03  3.4899E+02  4.2067E+03
0002931   7.4761E+03 -1.6039E+03 -2.0846E+03
0002932   7.5145E+03  4.7123E+02 -7.2850E+02
0002933   8.2560E+03  1.3496E+03  9.0022E+01
0002934   7.6576E+03 -2.9325E+02 -1.9878E+03
0002935   6.8385E+03  6.4602E+02  4.4362E+02
0002936   7.3969E+03 -1.8353E+03 -6.8238E+02
0002937   8.7181E+03  1.0115E+03 -4.0011E+02
0002938   6.0945E+03 -1.9479E+03  8.5802E+02
0002939   9.3932E+03  1.2845E+03  1.7149E+01
0002940   7.6008E+03 -1.1282E+03 -4.4418E+02
0002941   7.1636E+03  4.0042E+02  2.1939E+03
0002942   9.9410E+03  1.3620E+03  8.7650E+02
0002943   4.8226E+03  1.1959E+03  2.7222E+03
0002944   8.0939E+03  1.3831E+03  1.0311E+03
0002945   7.6045E+03  1.3887E+03 -2.0857E+03
0002946   8.1552E+03  8.3654E+02  4.8477E+02
0002947   8.1662E+03 -1.3034E+03  2.2624E+03
0002948   8.3857E+03 -7.3664E+02 -1.3886E+03
0002949   4.6927E+03 -3.5761E+03  6.4680E+01
0002950   7.0758E+03 -6.9511E+02  1.2693E+03
0002951   5.2535E+03  3.7101E+03 -4.2161E+03
0002952   7.0831E+03 -5.8472E+01  1.4480E+03
0002953   7.7012E+03 -5.5505E+03 -1.4870E+03
0002954   9.2793E+03 -8.6160E+02  5.6063E+02
0002955   7.9009E+03  2.5102E+02  1.7374E+03
0002956   6.5280E+03 -1.3148E+02 -1.7131E+03
0002957   7.6774E+03 -2.7759E+02  4.0718E+02
0002958   8.3974E+03  6.2921E+02  1.0023E+03
0002959   8.1872E+03  4.4533E+02 -2.5908E+03
0002960   7.2460E+03 -1.8231E+02  3.5288E+02
0002961   7.9528E+03 -2.7501E+03  1.1382E+03
0002962   8.1372E+03  1.0148E+03  1.9059E+03
0002963   7.0651E+03 -2.6161E+03 -7.6822E+02
0002964   6.8173E+03  3.6451E+02 -1.0368E+03
0002965   8.1783E+03 -8.4993E+02  1.5742E+03
0002966   6.7569E+03 -3.5222E+03  2.1542E+03
0002967   9.0829E+03 -7.5798E+02 -8.0672E+02
0002968   6.7535E+03  1.1668E+03  2.4362E+03
0002969   8.5510E+03 -4.0339E+02  1.3970E+03
0002970   7.8696E+03 -1.4313E+03 -6.4553E+02
0002971   7.7779E+03 -1.3894E+03 -2.2739E+01
0002972   8.0260E+03 -1.8563E+02 -1.7248E+03
0002973   7.7565E+03  6.9404E+02  6.2369E+01
0002974   8.5465E+03  5.1776E+02  1.7570E+03
0002975   7.4772E+03  2.3849E+03  9.1451E+02
0002976   5.5223E+03  2.1028E+03  1.0434E+03
0002977   8.3404E+03 -1.0225E+03 -1.2827E+03
0002978   6.2723E+03  4.2930E+03  1.2190E+02
0002979   8.2456E+03  2.1522E+03  4.4718E+02
0002980   8.5854E+03 -7.6191E+02  1.1310E+03
0002981   4.5882E+03  1.8934E+01  4.2763E+03
0002982   8.4391E+03 -6.8464E+02  2.1445E+02
0002983   6.7332E+03  5.6784E+02  1.4400E+03
0002984   7.9363E+03 -5.9177E+02  1.1730E+03
0002985   8.1175E+03  1.3098E+03  3.5362E+03
0002986   8.0028E+03  2.4797E+03 -6.1507E+02
0002987   7.2628E+03 -1.2615E+03 -1.3263E+03
0002988   8.5284E+03 -2.5672E+03  1.8833E+02
0002989   8.6074E+03  2.3610E+03 -5.5804E+02
0002990   7.3478E+03  1.4383E+03 -6.7081E+02
0002991   7.9130E+03  1.1197E+03  2.3701E+03
0002992   7.4536E+03 -3.9972E+02 -1.4148E+03
0002993   7.2084E+03 -2.6311E+03  2.3750E+03
0002994   7.8706E+03 -1.7696E+02 -2.2447E+03
0002995   7.6761E+03  7.7485E+02  2.2839E+03
0002996   4.5893E+03 -2.2171E+03 -5.1300E+03
0002998   7.0562E+03  1.6213E+03 -2.8404E+03
0002999   8.9829E+03 -1.0702E+03  1.7437E+03
0003000   7.6905E+03  1.1394E+03  3.4154E+03
0003001   7.1222E+03  6.8593E+02 -2.5818E+03
0003002   7.3656E+03 -2.5348E+03 -8.1688E+02
0003003   6.6626E+03 -2.9068E+03  2.1505E+03
0003004   7.1267E+03 -6.7423E+02  2.6793E+03
0003005   6.9769E+03 -8.5757E+02 -1.7014E+03
0003006   8.7969E+03 -7.6136E+02  9.0041E+02
0003007   9.4651E+03 -4.5498E+02  3.6134E+02
0003008   7.1265E+03  3.6529E+02 -1.5370E+03
0003009   8.6051E+03  1.1738E+03  3.6446E+02
0003010   8.3869E+03 -7.4282E+02  7.8894E+02
0003011   6.2685E+03  2.3111E+03 -1.9931E+03
0003012   8.7343E+03 -9.0976E+02  2.8535E+02
0003013   8.0859E+03 -2.2828E+03 -1.4580E+03
0003014   7.2007E+03 -1.0064E+03  1.6217E+03
0003015   7.9939E+03  6.3950E+02 -3.0415E+02
0003016   4.7645E+03  2.4272E+03 -4.2264E+03
0003017   9.0252E+03  2.6869E+01  1.4261E+03
0003018   7.0612E+03 -1.0448E+03 -2.9385E+03
0003019   7.4186E+03 -2.7319E+02  1.9697E+03
0003020   7.6126E+03 -4.6187E+02 -1.9175E+03
0003021   8.0465E+03 -1.6341E+03 -5.3891E+02
0003022   6.7426E+03 -8.4189E+02 -1.7092E+03
0003023   5.1289E+03 -5.3885E+02  5.1867E+02
0003024   6.3961E+03 -6.2751E+02  1.9007E+02
0003025   7.9493E+03 -1.5577E+03 -2.0582E+03
0003026   8.1197E+03  9.8755E+02 -2.1802E+03
0003027   4.3914E+03  3.8320E+02 -1.6088E+03
0003028   8.2015E+03 -1.3509E+03  1.1059E+03
0003029   7.9213E+03  1.6394E+03 -8.8293E+02
0003030   6.8954E+03  1.8171E+03 -1.2740E+03
0003031   7.3111E+03  7.6371E+02  8.4369E+02
0003032   9.3106E+03 -3.2447E+03 -4.6335E+02
0003033   7.9017E+03 -6.3738E+02 -7.5330E+02
0003034   6.3041E+03 -2.2156E+02 -2.8916E+03
0003035   9.0040E+03 -1.0619E+03 -7.1912E+02
0003036   8.3690E+03 -3.7152E+02 -1.7394E+02
0003037   6.4728E+03  3.2061E+03  1.1835E+03
0003038   6.6471E+03  2.4976E+02  4.9704E+03
0003039   7.0763E+03 -1.3790E+03 -8.3679E+02
0003040   7.9448E+03 -1.4402E+03 -1.6049E+03
0003041   9.1252E+03  2.3319E+03  3.0837E+02
0003042   8.8442E+03 -1.4235E+03 -1.9277E+03
0003043   6.4330E+03  3.1786E+03  2.9905E+03
0003044   7.3556E+03 -1.7292E+03  4.1827E+02
0003045   5.2213E+03 -1.9963E+02 -3.5604E+03
0003046   6.1001E+03  8.1318E+02  2.4404E+03
0003047   8.2092E+03  2.1989E+03 -1.6833E+03
0003048   7.5211E+03  7.2221E+02  2.7310E+03
0003049   7.3802E+03  8.3607E+02 -1.2875E+03
0003050   7.2573E+03  7.5940E+02 -3.4333E+03
0003051   6.0268E+03  3.0509E+03  2.5562E+02
0003052   7.8716E+03 -1.8936E+03 -1.7023E+03
0003053   9.1280E+03  2.9478E+02  8.0435E+02
0003054   8.1579E+03 -8.8168E+02  4.0317E+02
0003055   5.9448E+03  6.7931E+02 -1.9669E+02
0003056   7.0998E+03  5.7729E+02 -3.6903E+02
0003057   7.3731E+03  1.2096E+03  1.0673E+03
0003058   7.9283E+03  1.1239E+03  6.7915E+02
0003059   7.5735E+03  5.2368E+02 -4.4092E+02
0003060   7.0406E+03 -7.2072E+02 -2.3116E+03
0003061   7.7073E+03 -1.5418E+03  1.2986E+03
0003062   7.1501E+03 -1.4571E+03 -2.5895E+03
0003063   6.1582E+03 -2.6582E+03 -3.0435E+03
0003064   4.8668E+03 -1.0969E+03  3.2970E+03
0003065   7.8041E+03  1.1138E+03  2.7958E+03
0003066   8.3637E+03 -3.6275E+02  1.3586E+03
0003067   6.9873E+03  1.6434E+03  1.9158E+03
0003068   6.9967E+03  7.5139E+01 -2.7063E+03
0003069   8.2256E+03 -1.4737E+03  1.4876E+03
0003070   2.7951E+03  1.5973E+03 -1.1784E+03
0003071   8.7115E+03  8.8247E+02 -1.3176E+03
0003072   7.0912E+03 -2.9397E+03 -8.0201E+02
0003073   8.6675E+03 -1.6383E+03  5.0146E+02
0003074   8.2006E+03 -2.6922E+03 -7.7750E+02
0003075   8.6232E+03 -8.1860E+02  1.9347E+03
0003076   7.7633E+03  1.9511E+03  6.8149E+02
0003077   5.5837E+03  3.4286E+03  2.8994E+03
0003078   8.0890E+03  1.4903E+03  8.3775E+02
0003079   8.2669E+03  4.9815E+02  1.7357E+02
0003080   7.9597E+03 -1.8360E+03  7.6074E+02
0003081   7.9751E+03 -1.4974E+03 -4.9534E+01
0003082   6.6558E+03  4.1575E+02 -2.3558E+03
0003083   8.9061E+03  7.5774E+02 -3.8047E+02
0003084   8.5974E+03  3.0205E+02  3.2180E+02
0003085   6.8860E+03 -1.3217E+03  8.1891E+02
0003086   6.5852E+03 -2.1421E+03 -3.7911E+03
0003087   9.1588E+03 -7.6189E+02  1.4141E+03
0003088   6.7179E+03 -2.4675E+03  6.7995E+02
0003089   4.7056E+03 -2.5317E+03 -2.4935E+01
0003090   7.2611E+03 -3.6135E+02 -3.0673E+02
0003091   6.9936E+03 -4.5905E+01  2.6638E+03
0003092   8.8991E+03  6.4857E+02  1.3045E+03
0003093   7.6726E+03 -1.4441E+03 -1.2328E+03
0003094   7.6366E+03 -2.1500E+03  9.1123E+02
0003095   8.5956E+03  1.0710E+03  1.5167E+03
0003096   7.6861E+03 -1.2811E+03 -4.5647E+03
0003097   7.1522E+03  8.8988E+02 -3.9831E+02
0003098   8.8931E+03  2.5356E+03 -7.8585E+02
0003099   7.1018E+03 -3.1217E+02 -7.4237E+02
0003100   7.8759E+03 -1.5703E+03  3.1485E+02
0003101   7.7027E+03 -2.5125E+02  3.4263E+03
0003102   7.5809E+03  1.2556E+03  3.5518E+02
0003103   7.5687E+03  7.2356E+02  3.1287E+03
0003104   8.0726E+03 -9.1249E+02  6.4147E+02
0003105   8.0820E+03  1.6977E+03 -7.9382E+01
0003106   7.8999E+03 -5.8710E+01 -1.5285E+03
0003107   6.7121E+03 -2.2376E+03 -5.9721E+02
0003108   7.1665E+03 -1.1854E+03 -1.9243E+03
0003109   7.6368E+03  5.2536E+02 -7.1298E+02
0003110   7.2175E+03  1.7678E+03  1.2623E+03
0003111   6.5176E+03 -2.2669E+03 -3.2857E+03
0003112   7.4874E+03 -1.4455E+03 -2.3361E+03
0003113   6.1754E+03  1.9599E+02 -4.8263E+03
0003114   7.1109E+03  5.3861E+02  1.8219E+03
0003115   8.8272E+03  1.2164E+03 -3.7434E+01
0003116   7.8252E+03  3.0760E+02  2.5682E+01
0003117   6.8114E+03  1.5179E+03 -3.1125E+02
0003118   8.8763E+03 -3.1262E+02 -6.5421E+02
0003119   6.9231E+03  2.9852E+03  2.6401E+03
0003120   7.9099E+03  3.5347E+03  3.2806E+03
0003121   8.0862E+03  3.1032E+02  6.7961E+02
0003122   7.4665E+03 -6.4364E+02  1.8586E+03
0003123   8.3369E+03 -7.2253E+02 -4.2960E+02
0003124   7.1886E+03  4.0525E+02  1.8890E+03
0003125   8.5277E+03  2.3524E+03  5.6518E+02
0003126   8.5852E+03  6.7528E+02 -8.2361E+02
0003127   8.1019E+03  1.9862E+03  9.1514E+02
0003128   9.2400E+03 -2.1562E+02  1.0404E+03
0003129   6.2419E+03 -2.4127E+03 -1.8028E+03
0003130   8.2516E+03  7.3724E+02 -1.2902E+03
0003131   7.8492E+03  7.5276E+02  2.2852E+03
0003132   8.4048E+03 -2.8998E+03  1.1046E+03
0003133   8.3703E+03 -1.2679E+03 -6.8688E+02
0003134   7.6546E+03  1.0864E+03 -3.8970E+03
0003135   6.2275E+03 -5.6419E+01 -1.5379E+03
0003136   7.5361E+03  2.0091E+03 -4.8291E+02
0003137   5.3628E+03 -2.7938E+03 -2.3148E+03
0003138   6.2381E+03  1.7732E+03 -1.4060E+03
0003139   6.0655E+03  3.0190E+03  2.2320E+03
0003140   6.8060E+03 -1.3597E+03  3.1576E+03
0003141   6.9842E+03 -6.6420E+02 -2.8657E+03
0003142   6.0011E+03 -2.7146E+03  4.2347E+02
0003143   8.9757E+03  1.7493E+03  3.2527E+02
0003144   8.1530E+03 -7.5909E+01  1.2147E+03
0003145   4.9859E+03  3.8200E+03 -4.9082E+03
0003146   8.0997E+03  1.5714E+03 -1.4302E+03
0003147   7.8810E+03  2.1642E+02  2.4530E+03
0003148   7.3901E+03 -2.0402E+03  1.0193E+03
0003149   7.8573E+03  5.2912E+02 -1.2416E+03
0003150   6.7262E+03 -2.8619E+03 -1.1478E+02
0003151   8.4512E+03  1.3225E+03 -2.0557E+03
0003152   9.2644E+03 -2.8244E+03  5.6546E+02
0003153   6.8736E+03  2.0537E+03 -1.1306E+02
0003154   7.6603E+03 -5.7827E+02 -8.4509E+02
0003155   8.5027E+03  2.9966E+03 -9.5408E+02
0003156   7.8209E+03  3.1820E+03 -4.4719E+02
0003157   5.5158E+03  1.4499E+03  3.7253E+03
0003158   7.4262E+03 -2.7182E+03 -2.1797E+03
0003159   8.7127E+03 -6.0882E+02 -3.8437E+02
0003160   6.7473E+03 -5.8910E+02  6.9223E+02
0003161   6.4354E+03  5.7142E+03 -1.3468E+02
0003162   6.8082E+03  1.7535E+03  2.4056E+02
0003163   7.8154E+03 -1.4273E+03 -2.1502E+03
0003164   5.6614E+03 -4.8782E+03 -3.5264E+03
0003165   9.3028E+03 -7.3061E+02 -1.5266E+03
0003166   6.7471E+03  3.3168E+03  1.2163E+03
0003167   5.4676E+03  2.0661E+03  4.5533E+03
0003168   6.7769E+03  1.8550E+03  1.3731E+03
0003169   8.3426E+03  2.3763E+03  6.4708E+02
0003170   7.4254E+03 -1.2700E+03 -9.3324E+02
0003171   7.5405E+03  3.3248E+01  3.2328E+03
0003172   5.7845E+03 -7.3174E+02 -1.8658E+03
0003173   7.3943E+03  1.1540E+03 -4.6265E+02
0003174   8.7210E+03 -1.8925E+02  3.1322E+02
0003175   7.2007E+03  6.3823E+02  1.5265E+03
0003176   6.4295E+03  1.1180E+03  7.5854E+02
0003177   7.6611E+03 -2.9973E+02 -1.3044E+03
0003178   5.3304E+03  5.3206E+02 -8.9426E+02
0003179   7.7447E+03 -3.5466E+02 -1.2731E+03
0003180   3.3258E+03  3.3179E+03  6.8907E+03
0003181   7.7401E+03 -7.7877E+02 -9.4249E+02
0003182   9.6040E+03  1.1835E+03  1.0027E+03
0003183   7.9388E+03  5.3040E+02 -1.3523E+03
0003184   8.2636E+03 -1.4303E+03  2.6152E+02
0003185   7.7635E+03 -8.5886E+02 -4.0326E+03
0003186   7.4261E+03  5.0903E+01 -3.2606E+02
0003187   7.4910E+03 -1.2707E+03 -2.8856E+01
0003188   7.3068E+03  3.0603E+03 -2.9439E+02
0003189   7.9764E+03  2.0476E+03 -4.4117E+01
0003190   8.1841E+03 -6.9560E+02  3.4188E+02
0003191   7.4823E+03 -1.9150E+03  1.9443E+01
0003192   3.4514E+03 -1.3560E+03  2.5178E+03
0003193   5.6622E+03 -6.0581E+02  3.1867E+03
0003194   4.9958E+03  3.1937E+03 -8.2203E+02
0003195   7.4000E+03 -8.1480E+02  3.9252E+03
0003196   7.8991E+03  3.5568E+03  1.5562E+03
0003197   7.1896E+03  1.9374E+02 -1.7335E+03
0003198   6.6435E+03  1.9421E+03  1.0849E+03
0003199   9.4253E+03  1.8405E+02 -2.4000E+03
0003200   6.1573E+03  2.5378E+03  1.0217E+03
0003201   7.1785E+03  1.4544E+02 -5.8251E+02
0003202   7.3646E+03  2.7566E+02 -2.9793E+02
0003203   8.1802E+03  4.7212E+02  2.3023E+03
0003204   6.3900E+03  4.8797E+02  3.2937E+03
0003205   6.8994E+03 -1.5767E+03  2.2872E+03
0003206   7.1842E+03 -1.2258E+03 -4.4345E+03
0003207   6.1679E+03  2.6746E+03 -3.2999E+03
0003208   8.6933E+03  3.9668E+02  1.4577E+03
0003210   6.2918E+03  1.7055E+03 -1.4668E+03
0003211   6.2308E+03 -1.4862E+03  4.8303E+02
0003212   4.7685E+03 -3.8137E+03 -2.1791E+03
0003213   6.1729E+03 -2.1283E+03 -2.8805E+03
0003214   8.3473E+03 -1.2833E+03  1.8478E+03
0003215   6.3671E+03 -8.4481E+02 -1.1508E+03
0003216   8.4059E+03  6.7550E+02  2.0005E+03
0003217   8.6891E+03 -3.2047E+02 -1.5595E+03
0003218   7.5087E+03 -3.8142E+03  7.0338E+02
0003219   4.0287E+03  1.7046E+03  4.2037E+03
0003220   5.2228E+03  3.6303E+02  3.2008E+03
0003221   7.9452E+03  7.8301E+01  2.9105E+02
0003222   7.5477E+03 -6.3944E+02 -4.2200E+03
0003223   8.8789E+03 -4.5254E+02 -2.3111E+03
0003224   7.4050E+03  7.7105E+02 -1.2676E+03
0003225   6.7898E+03 -1.5242E+03  1.6308E+03
0003226   7.9757E+03  2.7830E+02  1.4795E+03
0003227   7.7973E+03 -2.8952E+03 -2.1091E+03
0003228   4.6450E+03  2.4721E+03  3.4324E+03
0003229   7.6456E+03  1.9168E+03  1.2320E+03
0003230   7.9898E+03  1.1770E+03 -9.0085E+02
0003231   6.9081E+03  1.5585E+03  1.0607E+03
0003232   7.4166E+03  2.7752E+03  7.0561E+02
0003233   6.2814E+03 -1.4119E+03 -1.5142E+03
0003234   8.1142E+03 -7.6806E+02  9.2437E+02
0003235   9.6527E+03  8.0975E+02  9.2040E+02
0003236   9.1521E+03  6.5677E+02 -8.7937E+02
0003237   8.4028E+03 -1.6648E+03 -9.9417E+02
0003238   7.9900E+03  1.7796E+02 -1.8534E+03
0003239   5.3890E+03  2.0093E+01 -2.4944E+03
0003240   5.7233E+03  4.4109E+02  1.6184E+03
0003241   5.6651E+03 -6.4974E+02 -4.3042E+03
0003242   9.5196E+03 -1.7388E+03 -1.1256E+03
0003243   6.5598E+03  2.8334E+02 -1.9133E+03
0003244   7.4696E+03 -9.7900E+02  9.2280E+01
0003245   5.4682E+03 -2.8532E+03 -1.9948E+03
0003246   8.9707E+03 -5.4467E+02 -1.2295E+03
0003247   5.7317E+03 -1.3169E+02 -4.2773E+03
0003248   6.2518E+03 -2.8240E+03  1.6372E+03
0003249   7.7519E+03 -1.0386E+03 -1.4778E+03
0003250   8.3609E+03 -2.5029E+02  7.4920E+01
0003251   8.5075E+03  3.0493E+02  1.0519E+01
0003252   7.5621E+03  2.9918E+02  7.7982E+02
0003253   8.5195E+03  3.5450E+02  5.0295E+02
0003254   8.4596E+03  5.9964E+02 -2.1266E+03
0003255   8.9496E+03 -1.5981E+03  1.5753E+03
0003256   9.1408E+03 -4.9162E+02  8.3968E+02
0003257   8.1283E+03 -8.9825E+01  1.5474E+03
0003258   8.2123E+03  1.2975E+03 -5.5925E+02
0003259   6.8405E+03 -2.8716E+03 -7.5486E+01
0003260   8.3231E+03  1.6076E+03 -2.2956E+03
0003261   6.8210E+03  4.0256E+02 -7.1310E+02
0003262   8.1363E+03 -4.9527E+02 -9.0759E+02
0003263   8.5832E+03 -3.9999E+02 -6.3184E+02
0003264   8.6814E+03  1.0160E+03 -2.4462E+03
0003265   5.4374E+03  1.7407E+03  1.9692E+02
0003266   4.2512E+03  2.3956E+03  1.8471E+03
0003267   8.6428E+03  7.4879E+02 -1.1159E+03
0003268   6.7723E+03 -2.2072E+03 -4.8285E+02
0003269   4.1553E+03 -3.7224E+03  4.2509E+02
0003270   8.0575E+03  7.2418E+02  1.1653E+03
0003271   8.0565E+03 -1.0001E+03 -1.2255E+03
0003272   7.5276E+03  8.5861E+02  1.2023E+03
0003273   8.7312E+03 -1.0006E+03 -7.9737E+02
0003274   8.6317E+03  1.0993E+02 -7.2533E+02
0003275   7.6504E+03 -1.0699E+02  7.4806E+02
0003276   8.0150E+03 -1.6082E+03 -1.1836E+03
0003277   8.4068E+03  6.2938E+02 -1.8926E+03
0003278   8.4596E+03 -9.6254E+02  2.2786E+03
0003279   6.9506E+03 -1.1672E+03  3.1156E+03
0003280   8.0425E+03  1.4166E+03  1.2807E+03
0003281   7.9667E+03  1.6044E+03 -3.1168E+03
0003282   7.3029E+03  1.6375E+03  9.8525E+02
0003283   8.3619E+03  1.3210E+03 -3.5393E+03
0003284   9.1346E+03 -2.6410E+02  1.5651E+03
0003285   8.7725E+03  2.4173E+03  2.7953E+03
0003286   4.5496E+03  1.5321E+03  1.7062E+03
0003287   4.5776E+03 -9.2749E+02  6.2246E+02
0003288   8.2831E+03 -2.8200E+02 -4.8982E+02
0003289   7.3326E+03  1.5790E+03  6.7024E+02
0003290   7.7669E+03 -4.7311E+02 -1.2800E+03
0003291   5.9275E+03  1.0971E+03 -2.1271E+02
0003292   7.0650E+03 -1.5158E+03  1.6003E+03
0003293   7.4889E+03 -5.7360E+02  1.1423E+03
0003294   8.1670E+03  4.1479E+02  1.0325E+03
0003295   8.1455E+03  2.3620E+02  2.6342E+03
0003296   7.6275E+03  5.5395E+02 -1.6122E+03
0003297   7.9338E+03 -1.9642E+03 -2.1903E+03
0003298   8.6999E+03 -1.7055E+03  4.6347E+02
0003299   8.4566E+03 -7.0608E+02  9.8943E+02
0003300   7.7145E+03  2.5406E+03  1.0976E+03
0003301   7.2114E+03  2.9484E+02 -3.5153E+02
0003302   7.8757E+03  1.5667E+03  3.3096E+03
0003303   8.7969E+03 -3.9142E+02  8.1358E+02
0003304   7.7752E+03  2.0306E+02 -1.7228E+03
0003305   7.8663E+03  2.3701E+03  2.4127E+02
0003306   7.3331E+03 -4.7440E+02  9.5689E+01
0003307   7.9446E+03 -1.5791E+03  7.7840E+02
0003308   8.5913E+03  5.1921E+02  7.4721E+02
0003309   8.3601E+03  2.1011E+03 -1.2650E+02
0003310   8.5249E+03 -2.6390E+03 -6.9015E+02
0003311   8.6021E+03  3.9184E+02 -1.5304E+03
0003312   8.6289E+03  2.8151E+03  7.5964E+02
0003313   5.5769E+03 -9.6390E+02  1.1272E+03
0003314   9.1615E+03  2.6471E+03 -2.4672E+03
0003315   8.3693E+03  1.0768E+03  3.7642E+02
0003316   7.3582E+03  3.2318E+03  2.7534E+01
0003317   6.3587E+03 -9.3728E+02  2.3750E+03
0003318   6.9629E+03  6.4476E+02  1.8617E+03
0003319   4.3418E+03  6.1078E+03  7.7341E+02
0003320   8.0857E+03 -2.5259E+02 -1.5950E+03
0003321   7.5426E+03 -1.3927E+03  2.0997E+03
0003322   7.8005E+03  1.5663E+03 -9.4946E+02
0003323   9.2984E+03 -7.0392E+02 -7.9330E+02
0003324   7.6872E+03 -1.3323E+03  3.2496E+03
0003325   8.0421E+03 -3.8991E+02  2.4734E+03
0003326   6.9005E+03 -8.1015E+02 -1.7602E+03
0003327   7.9352E+03  2.2343E+02  2.2081E+03
0003328   8.0097E+03 -5.5719E+02 -5.5102E+02
0003329   7.6440E+03  1.7909E+03  2.6948E+02
0003330   8.0543E+03 -4.4500E+02  5.7083E+02
0003331   7.2294E+03  4.1404E+03 -6.5972E+02
0003332   7.0780E+03  2.2803E+03  1.0545E+03
0003333   6.8773E+03 -8.6962E+02  1.3919E+02
0003334   8.0576E+03 -2.8630E+02 -2.9050E+03
0003335   4.9994E+03 -1.0982E+03 -1.6462E+03
0003336   3.4306E+03 -1.8498E+03 -4.1913E+03
0003337   6.3231E+03  1.5894E+03  3.8926E+03
0003338   8.3094E+03 -2.4666E+03  1.1188E+03
0003339   6.4575E+03 -2.2833E+03  2.5172E+03
0003340   8.2795E+03  2.5605E+03 -4.9418E+02
0003341   8.3763E+03  4.8494E+02  2.2767E+02
0003342   8.2004E+03  7.6995E+02 -3.3102E+03
0003343   7.9081E+03  1.1382E+03 -2.8399E+03
0003344   8.4399E+03  2.9979E+02  6.4236E+02
0003345   9.3311E+03  8.8107E+02  4.2216E+02
0003346   9.1910E+03 -1.7226E+03  3.2667E+02
0003347   8.5992E+03  2.2190E+03 -1.1351E+03
0003348   8.4504E+03  5.9920E+01 -1.1721E+03
0003349   7.6933E+03 -2.4193E+02 -1.2711E+03
0003350   8.4705E+03 -8.1325E+02  2.4317E+03
0003351   6.2009E+03  1.1090E+03  4.6327E+03
0003352   7.3310E+03  1.8797E+03 -4.8319E+02
0003353   7.7320E+03 -2.3251E+03 -1.0221E+03
0003354   8.8090E+03  2.0481E+03 -1.8987E+03
0003355   7.3509E+03 -2.5953E+02  2.1314E+03
0003356   7.6824E+03 -1.8841E+03  3.6183E+02
0003357   7.4672E+03  1.0458E+03 -2.6180E+03
0003358   7.1209E+03  4.2107E+03 -1.1882E+03
0003359   6.8784E+03 -1.5064E+03  1.7287E+03
0003360   7.8750E+03 -1.6734E+02 -1.7857E+02
0003361   7.8215E+03 -2.3733E+03  1.3212E+03
0003362   7.3532E+03  3.8265E+03 -4.7631E+02
0003363   7.5461E+03  6.9806E+02 -3.4111E+02
0003364   7.4342E+03 -2.0160E+02  9.8078E+01
0003365   9.8844E+03  7.4610E+02  1.7997E+02
0003366   5.9337E+03  3.3914E+03 -1.2558E+03
0003367   7.7624E+03 -2.4517E+03  1.1978E+03
0003368   8.1087E+03 -4.1440E+03 -1.5055E+03
0003369   7.4580E+03 -2.6447E+03 -5.6480E+02
0003370   8.2755E+03  1.6520E+03  1.1692E+03
0003371   7.5919E+03 -1.7782E+03 -1.9572E+02
0003372   7.2978E+03  2.1832E+03 -7.0187E+02
0003373   5.4158E+03 -4.9300E+02  2.3109E+03
0003374   6.8371E+03 -3.3574E+03 -1.5363E+03
0003375   8.2221E+03 -9.1032E+02 -8.3907E+02
0003376   8.1114E+03 -1.6408E+03  1.9059E+03
0003377   1.0271E+04 -6.3909E+02 -3.6446E+02
0003378   7.8679E+03  1.5433E+03  1.2947E+03
0003379   8.0141E+03  7.9460E+02 -3.2130E+02
0003380   8.5754E+03  6.5007E+02 -1.2925E+03
0003381   7.8466E+03  3.7824E+02  6.2831E+02
0003382   7.1151E+03 -5.2212E+02 -1.8009E+03
0003383   6.0482E+03  1.5293E+03 -4.2620E+02
0003384   7.2054E+03 -5.8481E+02 -9.9318E+02
0003385   7.7827E+03 -7.1297E+02 -4.3762E+02
0003386   7.3959E+03 -2.1916E+03  1.2520E+02
0003387   8.9855E+03  1.0552E+02  1.0986E+03
0003388   7.9325E+03 -1.5855E+03 -1.0397E+03
0003389   7.6726E+03  1.2245E+03  2.5858E+03
0003390   8.3106E+03  1.5035E+02  2.0879E+03
0003391   8.3033E+03 -2.4397E+03 -1.0598E+03
0003392   6.3413E+03 -8.6046E+02  1.6347E+03
0003393   9.0101E+03  9.7880E+02 -3.5184E+03
0003394   8.4172E+03 -1.9707E+03 -3.5638E+02
0003395   6.1231E+03  1.7159E+03  8.1869E+01
0003396   4.8316E+03 -1.3102E+03  4.6223E+03
0003397   8.2511E+03  1.2052E+03 -1.3414E+03
0003398   1.0735E+03  3.6852E+03  4.6454E+03
0003399   6.4205E+03  1.1099E+03  4.3883E+03
0003400   7.8766E+03 -1.5373E+03 -8.5904E+02
0003401   7.5045E+03 -2.2896E+03 -7.1904E+02
0003402   6.8738E+03 -1.7803E+03  1.4540E+03
0003403   7.9509E+03  1.2573E+03  3.2942E+03
0003404   8.1822E+03  8.5764E+02 -6.2751E+02
0003405   8.1608E+03  1.5553E+03  3.2636E+03
0003406   7.5244E+03  2.2237E+03 -5.3152E+02
0003407   7.9979E+03 -2.4811E+03 -3.9762E+02
0003408   6.2673E+03 -3.2047E+03  1.7938E+03
0003409   8.5447E+03 -2.8524E+02  7.7460E+02
0003410   7.1954E+03 -4.6699E+02  1.6989E+03
0003411   7.8609E+03 -1.5855E+03 -1.4546E+03
0003412   8.2584E+03  8.3384E+02 -3.7159E+03
0003413   7.6519E+03  3.2388E+03  6.0582E+02
0003414   6.2488E+03  1.9949E+03 -4.6107E+03
0003415   8.2881E+03 -1.1585E+03  9.0450E+02
0003416   7.6559E+03 -1.2686E+03  1.6201E+02
0003417   7.6502E+03  8.2415E+02  4.6098E+02
0003418   8.0381E+03  1.5843E+02  1.0775E+03
0003419   8.2998E+03 -2.5442E+03  1.3832E+03
0003420   7.3451E+03  6.1849E+02  2.0957E+00
0003421   4.6433E+03  9.8450E+02 -6.0420E+03
0003422   7.7038E+03  3.3171E+02  1.4433E+03
0003423   7.1182E+03  1.0308E+02  9.8963E+02
0003424   7.7649E+03 -1.9858E+03 -1.0590E+03
0003425   6.1321E+03  3.3852E+03 -8.1863E+02
0003426   8.9379E+03 -2.8057E+03 -2.2764E+03
0003427   7.6851E+03 -1.1321E+03  6.1711E+02
0003428   7.4734E+03  1.3056E+03  1.7824E+03
0003429   8.5325E+03  6.9283E+01 -1.4064E+02
0003430   7.6360E+03 -4.8246E+02  5.4718E+02
0003431   6.9202E+03  2.0786E+03  1.8743E+03
0003432   8.3036E+03 -4.6031E+01 -1.5591E+03
0003433   8.7409E+03  2.4274E+03  4.9439E+01
0003434   8.5462E+03 -9.9315E+02 -2.0740E+03
0003435   8.6707E+03  1.1921E+03  3.0040E+01
0003436   6.1161E+03 -7.3420E+02  1.0723E+03
0003437   8.1935E+03  8.2038E+02 -1.2096E+03
0003438   8.6079E+03  3.0526E+02  1.4629E+03
0003439   8.1665E+03 -4.7318E+02  2.9167E+03
0003440   7.6304E+03  2.3942E+03  1.0106E+03
0003441   7.5938E+03 -1.7752E+03 -1.1881E+02
0003442   8.1127E+03 -4.4997E+02 -4.2647E+02
0003443   6.3999E+03 -4.5804E+03 -8.1766E+02
0003444   7.8718E+03  2.3898E+03 -1.7044E+02
0003445   8.6419E+03 -5.7743E+02 -1.9839E+03
0003446   8.5229E+03  4.3878E+01 -1.0666E+03
0003447   9.3354E+03  6.1176E+02 -3.7846E+02
0003448   6.7017E+03  1.1910E+03  2.2433E+03
0003449   5.5210E+03 -9.1968E+02  3.2567E+03
0003450   7.9009E+03 -1.5140E+03  1.9664E+03
0003451   7.4003E+03 -8.8922E+01 -7.2690E+02
0003452   8.2286E+03 -1.2557E+03  1.0249E+03
0003453   8.5687E+03  8.3231E+02  1.7101E+03
0003454   7.6087E+03  1.3228E+03  2.6424E+02
0003455   8.4705E+03  2.2212E+03  9.9674E+02
0003456   5.5129E+03  2.0549E+02  2.6121E+03
0003457   6.3855E+03  1.4015E+03  7.8373E+02
0003458   2.0429E+02 -3.0070E+03 -3.7680E+03
0003459   6.9015E+03 -1.6667E+03  7.1870E+02
0003460   7.1670E+03  6.6267E+02  1.2979E+03
0003461   8.2526E+03  1.5572E+02  2.0361E+03
0003462   8.3407E+03  1.7305E+03  7.2048E+01
0003463   7.5631E+03 -1.1109E+03  2.9547E+03
0003464   8.3301E+03 -6.7820E+02  2.1945E+02
0003465   5.3824E+03  2.9129E+03 -5.6934E+03
0003466   6.8467E+03  6.9105E+02 -3.3238E+03
0003467   4.1527E+03  1.6950E+03 -2.1818E+03
0003468   7.2819E+03 -1.7549E+02 -2.6124E+01
0003469   7.4993E+03 -7.6006E+02 -2.1861E+03
0003470   7.8866E+03  1.2629E+03  3.3637E+03
0003471   8.5352E+03  7.0001E+02 -3.6969E+02
0003472   6.6939E+03 -9.6011E+02  2.3240E+03
0003473   6.9828E+03 -2.6151E+03  2.4548E+02
0003474   9.0746E+03  3.7729E+02  1.4570E+02
0003475   7.5843E+03  2.5647E+03 -7.8878E+01
0003476   8.8508E+03  4.9656E+02 -5.5033E+02
0003477   7.8884E+03  8.8168E+02  1.3672E+03
0003478   6.2907E+03  2.9290E+03  5.4572E+02
0003479   2.1329E+03 -5.4608E+03 -1.6361E+03
0003480   7.2510E+03  1.5141E+02 -1.4860E+03
0003481   7.1815E+03 -1.2863E+03  6.3512E+02
0003482   6.5229E+03 -1.4209E+03 -5.9380E+02
0003483   7.9868E+03  2.1012E+02 -3.0144E+02
0003484   7.7161E+03 -2.6868E+03  5.4545E+02
0003485   8.8066E+03  1.0386E+03  4.2278E+01
0003486   7.1063E+03  1.6661E+02  1.5853E+03
0003487   9.5114E+03  1.0179E+03  7.9208E+02
0003488   8.8513E+03 -2.4128E+03 -1.1036E+03
0003489   8.3279E+03  1.0766E+01  4.9067E+02
0003490   7.4700E+03 -1.1570E+03  7.8750E+02
0003491   9.4141E+03  1.5891E+03  1.0189E+03
0003492   8.0750E+03 -2.6291E+03 -1.2042E+03
0003493   7.5373E+03 -1.6219E+03 -3.5921E+02
0003494   6.7939E+03  2.3956E+03  2.3911E+03
0003495   6.6289E+03  4.2829E+02  3.4590E+03
0003496   8.5029E+03  1.1360E+03  2.9413E+03
0003497   5.2336E+03 -1.5109E+02  1.2560E+03
0003498   8.2382E+03 -5.0107E+02  1.2175E+03
0003499   7.6194E+03 -2.3456E+03  2.0975E+03
0003500   7.3175E+03  2.9285E+03 -7.8539E+02
0003501   7.3313E+03 -3.4659E+03  3.2714E+02
0003502   7.0901E+03 -1.5990E+03  1.7917E+02
0003503   6.3530E+03  1.3203E+03  2.2218E+03
0003504   8.7130E+03 -6.1446E+01  3.6352E+00
0003505   5.2159E+03  3.9184E+03  2.6138E+03
0003506   5.6081E+03 -4.8756E+02 -3.5318E+03
0003507   6.5700E+03  1.6338E+03  6.8732E+02
0003508   7.9214E+03 -3.1528E+02 -5.4137E+02
0003509   7.2745E+03 -3.1416E+03 -7.8388E+02
0003510   8.4244E+03  2.7281E+02 -9.9641E+02
0003511   9.1800E+03  2.0004E+03  9.1999E+02
0003512   8.8483E+03 -7.7225E+02  4.9207E+02
0003513   7.0173E+03  2.8904E+03 -2.2602E+03
0003514   8.5783E+03 -9.9118E+02 -1.4653E+03
0003515   6.8715E+03 -2.5455E+03  3.7086E+02
0003516   8.2574E+03 -1.6639E+03 -9.5534E+02
0003517   7.0317E+03  5.0092E+02  1.1571E+03
0003518   7.5040E+03  6.0833E+01 -2.6042E+03
0003519   9.5836E+03  5.1609E+02  2.2370E+03
0003520   8.2219E+03 -4.3786E+02  1.2878E+03
0003521   8.9112E+03  3.6739E+02 -6.2230E+02
0003522   9.0659E+03  1.5198E+03 -1.8595E+03
0003523   8.0248E+03  1.7839E+03  6.6527E+02
0003524   6.3241E+03  2.2588E+03  3.3017E+02
0003525   7.4427E+03 -1.4319E+03 -3.4863E+02
0003526   8.7116E+03  3.4165E+03  1.2544E+03
0003527   7.9624E+03  1.1919E+03  1.3695E+02
0003528   5.5871E+03 -2.7761E+03  2.1753E+03
0003529   4.9753E+03 -1.4876E+03 -1.4553E+03
0003530   6.8502E+03  3.1749E+03 -9.5907E+02
0003531   7.4180E+03 -1.8732E+03 -3.2780E+02
0003532   9.9595E+03 -1.3936E+02 -1.3596E+02
0003533   6.1816E+03 -1.5108E+02 -2.5644E+03
0003534   9.2375E+03 -3.3306E+01 -1.3526E+03
0003535   9.1764E+03 -8.8601E+02  2.4325E+02
0003536   7.4849E+03 -1.1428E+03  1.2271E+03
0003537   8.7962E+03  7.9521E+02 -1.3207E+03
0003538   7.6183E+03  1.0670E+03  3.5943E+03
0003539   7.3042E+03  1.1441E+03 -2.2855E+03
0003540   8.6069E+03  1.8901E+03 -1.6193E+03
0003541   8.1054E+03 -4.6783E+02 -1.3310E+03
0003542   9.0603E+03  9.2010E+02 -9.8182E+00
0003543   7.9021E+03 -1.8771E+03 -5.3909E+02
0003544   7.7614E+03 -8.0249E+02  2.9455E+02
0003545   6.7869E+03 -5.3062E+02  9.3913E+02
0003546   7.7096E+03  1.7077E+03  1.8180E+03
0003547   7.9755E+03  6.5210E+01  9.4285E+02
0003548   8.1698E+03 -6.0749E+02 -1.4093E+03
0003549   5.8983E+03  1.6254E+03 -1.8181E+03
0003550   8.4453E+03  1.1266E+03  1.6686E+03
0003551   7.8127E+03 -1.3367E+03  4.3493E+02
0003552   6.9696E+03 -2.5837E+03  1.9529E+03
0003553   7.4806E+03  1.8299E+03 -2.7254E+02
0003554   6.8848E+03  2.6264E+03 -1.3761E+03
0003555   6.1925E+03 -3.1786E+03  2.1769E+03
0003556   7.7358E+03 -2.2907E+03  1.7618E+03
0003557   9.0989E+03  5.5363E+02  2.2047E+03
0003558   7.1936E+03 -1.7359E+03 -1.1440E+03
0003559   3.5883E+03 -4.6626E+03  1.3696E+03
0003560   7.6933E+03  1.4416E+02 -8.7391E+02
0003561   7.2218E+03  1.2739E+03  1.6646E+03
0003562   8.5512E+03 -3.9144E+02  4.2758E+01
0003563   7.3060E+03  9.0013E+02  6.7868E+02
0003564   7.1367E+03 -1.7603E+03 -4.6325E+02
0003565   5.8798E+03 -2.7163E+03 -2.4648E+02
0003566   7.4193E+03 -8.5370E+02  1.6300E+02
0003567   8.6736E+03 -9.0318E+01 -2.3284E+03
0003568   8.3986E+03 -4.0399E+02  1.6985E+03
0003569   7.3405E+03  9.2525E+02 -8.8658E+02
0003570   8.7300E+03  7.1610E+02 -7.9644E+02
0003571   7.5717E+03 -7.2377E+02 -7.2364E+02
0003572   8.4766E+03 -9.5282E+02 -1.0739E+02
0003573   8.4474E+03 -1.9170E+02  5.5873E+02
0003574   8.3982E+03  1.0003E+03  1.5421E+03
0003575   8.7681E+03  1.0378E+02 -1.3814E+03
0003576   8.5616E+03 -1.7624E+03  5.2765E+02
0003577   7.1349E+03 -3.4606E+03 -7.7519E+02
0003578   8.1544E+03 -1.0207E+00  1.4525E+03
0003579   8.6095E+03 -1.4720E+03 -1.0075E+02
0003580   8.6659E+03 -1.0077E+03 -7.6059E+02
0003581   7.5395E+03 -1.6276E+03  2.3168E+03
0003582   6.5303E+03  8.7386E+02  2.6422E+02
0003583   7.7513E+03 -1.3179E+03 -2.9683E+03
0003584   7.5545E+03 -2.0604E+03  7.7091E+02
0003585   6.6838E+03 -1.8955E+03 -6.3916E+02
0003586   8.1513E+03 -3.5332E+02 -7.7116E+02
0003587   8.1945E+03 -2.9199E+03  8.6058E+02
0003588   8.3546E+03 -7.1536E+02  4.6683E+02
0003589   6.1492E+03 -1.9671E+03  1.9825E+03
0003590   8.7147E+03  2.0157E+02  9.1576E+01
0003591   8.9645E+03 -1.0699E+03  1.0522E+02
0003592   5.6836E+03  1.4612E+03 -3.2657E+03
0003593   5.2715E+03  4.5997E+03  2.0975E+03
0003594   6.9545E+03  1.1193E+03 -1.2246E+02
0003595   7.8423E+03  1.9267E+03 -1.3962E+03
0003596   6.1939E+03  1.8687E+03 -1.8525E+03
0003597   9.5599E+03  2.0166E+03  6.3542E+02
0003598   7.3890E+03  9.8325E+02  2.0177E+03
0003599   5.9287E+03 -5.0789E+02 -1.2642E+02
0003600   7.5467E+03  5.2173E+02 -4.1713E+02
0003601   8.2523E+03 -1.3638E+03  8.7454E+02
0003602   8.4956E+03 -1.3292E+03  2.1439E+03
0003603   7.3585E+03  1.4865E+03 -3.0412E+03
0003604   6.8498E+03  1.5985E+02 -7.0753E+02
0003605   6.3482E+03  3.1900E+03 -6.5382E+02
0003606   7.9733E+03  2.3144E+02  3.0725E+03
0003607   7.8976E+03 -6.2025E+02 -2.1228E+03
0003608   7.4700E+03  1.9053E+03 -7.8773E+02
0003609   8.1266E+03  1.3371E+03 -5.0194E+02
0003610   7.9626E+03 -2.8693E+02 -1.9279E+03
0003611   8.1175E+03  3.2203E+03 -2.7038E+03
0003612   7.5950E+03 -4.0371E+03 -4.8226E+01
0003613   7.7851E+03 -3.1311E+02  1.2089E+02
0003614   8.2771E+03  6.3843E+01 -9.8621E+02
0003615   7.3062E+03 -2.3563E+02  8.0447E+02
0003616   7.1275E+03 -1.2905E+03 -3.3809E+02
0003617   7.6684E+03 -1.6056E+03  7.0882E+02
0003618   7.0637E+03  2.9738E+03  2.8607E+03
0003619   8.3711E+03  8.6243E+01 -1.0584E+03
0003620   7.5914E+03  1.6577E+03 -1.0046E+03
0003621   7.7808E+03 -2.8114E+02 -2.0769E+03
0003622   7.4730E+03 -1.8388E+03  1.1621E+03
0003623   7.2831E+03  1.1970E+02 -1.0148E+02
0003624   6.9657E+03 -3.8510E+03 -9.7295E+02
0003625   7.0598E+03 -4.4408E+03  4.9583E+02
0003626   8.1698E+03 -2.3917E+02  1.9360E+02
0003627   6.1675E+03  1.2941E+03  1.2538E+03
0003628   4.1141E+03 -1.7366E+03 -1.1514E+03
0003629   8.9491E+03  2.8546E+03 -2.5181E+02
0003630   7.5176E+03 -3.8236E+02  4.3293E+02
0003631   8.4211E+03  3.5453E+02  1.3653E+03
0003632   7.3714E+03 -3.5735E+02  1.4832E+03
0003633   7.8360E+03 -3.7018E+02  1.1062E+03
0003634   8.0912E+03 -1.1544E+02  8.5378E+02
0003635   7.8231E+03  9.2040E+02  2.3278E+03
0003636   9.9173E+03 -6.8642E+02 -4.2361E+02
0003637   8.6007E+03 -3.1420E+02 -1.8737E+03
0003638   9.3976E+03  3.8510E+02 -9.0664E+01
0003639   7.5782E+03  6.1128E+02 -3.9599E+02
0003640   6.5636E+03  3.7030E+03 -2.4001E+03
0003641   6.7509E+03  9.5186E+02 -8.0498E+02
0003642   7.2628E+03  1.1997E+03 -8.9120E+02
0003643   8.4546E+03 -1.3482E+03 -3.4928E+03
0003644   9.2073E+02  1.8279E+03  5.5267E+03
0003645   8.1156E+03 -2.4320E+02  1.0440E+03
0003646   6.7865E+03  2.5144E+03  1.8497E+03
0003647   7.2899E+03  1.4332E+03  9.6475E+02
0003648   9.1004E+03 -9.7837E+02 -1.8698E+02
0003649   7.4349E+03 -2.4651E+03  5.8460E+02
0003650   8.7165E+03 -3.2494E+02  5.9650E+02
0003651   5.4346E+03  2.4813E+01 -2.7764E+03
0003652   5.1112E+03  3.9411E+03 -6.9331E+02
0003653   7.2418E+03 -7.3685E+02  2.8174E+03
0003654   7.6888E+03 -7.7054E+02 -7.9243E+02
0003655   8.9427E+03 -5.2814E+02 -2.2227E+02
0003656   6.5382E+03  3.4709E+03  2.2285E+03
0003657   5.6644E+03 -1.5372E+03 -3.3799E+02
0003658   7.4314E+03  1.5350E+03  2.2742E+03
0003659   5.2350E+03 -1.9114E+03  1.7437E+03
0003660   7.4057E+03  3.8222E+02 -4.5450E+02
0003661   8.6675E+03  1.7816E+03  1.3640E+03
0003662   8.7393E+03 -5.2847E+02 -2.2886E+03
0003663   8.9233E+03  1.5068E+03  1.0184E+03
0003664   4.8818E+03 -2.8229E+03  4.6491E+03
0003665   7.4425E+03  5.1017E+03  7.6696E+02
0003666   8.1985E+03  2.5095E+02 -3.9254E+02
0003667   7.6593E+03 -3.6969E+03 -1.8556E+03
0003668   4.5183E+03 -2.4591E+03  1.6645E+03
0003669   7.2150E+03  1.8305E+03 -6.1144E+02
0003670   6.5121E+03  3.3670E+02  2.7900E+03
0003671   6.6044E+03 -6.3613E+01  1.1391E+03
0003672   7.8188E+03 -3.5000E+02  8.5547E+01
0003673   7.8649E+03 -2.6025E+03  1.2408E+03
0003674   7.4516E+03  1.8786E+03 -2.7741E+03
0003675   8.8477E+03 -1.4991E+03  1.0405E+03
0003676   4.2495E+03 -3.6518E+03 -4.8266E+03
0003677   7.6973E+03 -1.5783E+03  2.8203E+03
0003678   7.1360E+03  1.1771E+03 -1.6952E+03
0003679   6.3688E+03  3.9661E+03  1.5025E+03
0003680   7.2230E+03  5.4666E+02 -1.6385E+03
0003681   6.3298E+03  5.6731E+02  3.5247E+03
0003682   7.6180E+03 -8.5028E+02  9.3506E+02
0003683   4.5088E+03  1.7246E+03  2.2567E+03
0003684   8.1585E+03  2.1291E+03 -3.3593E+02
0003685   7.8316E+03  4.9526E+02 -2.0202E+03
0003686   8.3249E+03  6.3973E+02 -1.2536E+03
0003687   5.3715E+03 -9.1905E+02  5.4534E+03
0003688   8.8669E+03 -9.9718E+02 -1.0236E+03
0003689   7.6214E+03 -6.4734E+02  1.3827E+03
0003690   8.2191E+03  2.0530E+03 -4.8820E+02
0003691   8.7704E+03  4.7357E+02  6.4389E+02
0003692   7.7440E+03  2.3854E+03 -1.0303E+03
0003693   6.9558E+03  4.2901E+02 -2.1940E+03
0003694   8.3555E+03 -2.3154E+03  6.3061E+02
0003695   8.2677E+03  2.7498E+03 -6.5436E+02
0003696   7.9207E+03 -2.4288E+03  1.0565E+03
0003697   8.3166E+03 -1.9891E+03 -1.8360E+03
0003698   8.2411E+03 -1.9029E+03  2.8889E+03
0003699   7.8107E+03 -9.2953E+02  2.7641E+03
0003700   8.7946E+03 -5.7709E+02  9.2889E+02
0003701   5.7734E+03  2.0424E+03 -1.4280E+03
0003702   8.8684E+03 -7.1899E+02 -1.3212E+03
0003703   8.0030E+03 -6.0384E+02  2.2268E+02
0003704   8.0816E+03 -1.9571E+03 -1.2882E+03
0003705   7.2771E+03 -2.0222E+03  1.5996E+03
0003706   9.1546E+03 -1.7864E+03 -3.3071E+02
0003707   9.0296E+03  2.3923E+03  1.6372E+03
0003708   6.5246E+03 -2.3479E+03  7.2548E+02
0003709   8.1830E+03 -3.3254E+03  1.1515E+03
0003710   2.9476E+03 -1.1210E+03 -3.9718E+02
0003711   5.8734E+03 -2.2586E+03  1.3019E+02
0003712   6.7412E+03  5.9875E+02 -2.9629E+03
0003713   8.0298E+03 -3.5904E+03 -2.3219E+02
0003714   9.1178E+03  1.0576E+03 -7.5762E+02
0003715   7.2015E+03 -1.9599E+03  1.3208E+03
0003716   7.6145E+03  2.3283E+03  1.8971E+02
0003717   8.7037E+03  8.6962E+02  1.5534E+03
0003718   7.4786E+03  3.2123E+03 -1.5478E+03
0003719   6.6008E+03 -3.0857E+03 -2.5906E+02
0003720   9.3525E+03  8.0186E+02 -7.9152E+02
0003721   6.2996E+03 -1.0478E+03  1.4899E+03
0003722   6.8203E+03 -1.6334E+03 -7.0672E+02
0003723   8.9267E+03  5.4235E+01  1.1231E+02
0003724   8.9433E+03  4.9819E+02 -8.9187E+02
0003725   7.0587E+03 -1.3358E+03 -2.2499E+03
0003726   9.0925E+03  1.8445E+01  2.0268E+03
0003727   7.4627E+03 -1.1178E+03  7.1470E+02
0003728   9.4550E+03  4.9567E+02  9.1478E+02
0003729   7.9507E+03 -2.6493E+03  1.2836E+01
0003730   8.8871E+03 -3.2293E+02  2.2083E+02
0003731   6.6695E+03 -2.9032E+03 -9.5483E+02
0003732   9.0929E+03 -4.9890E+02  2.8253E+02
0003733   5.5498E+03 -5.1135E+02 -3.2153E+02
0003734   5.3519E+03 -3.3815E+03  5.1530E+02
0003735   7.3589E+03 -1.3539E+03 -2.2131E+03
0003736   8.7181E+03  7.2126E+02 -9.6011E+02
0003737   8.3354E+03  1.1733E+03  8.7555E+02
0003738   7.9494E+03 -2.0513E+03 -2.7800E+03
0003739   4.2642E+03  2.8408E+03 -2.0976E+02
0003740   7.7191E+03  4.3121E+02 -1.4588E+03
0003741   8.7898E+03  1.4168E+03  1.4176E+03
0003742   7.1893E+03 -1.3562E+03 -5.9295E+02
0003743   7.4266E+03  3.0288E+02  2.0008E+03
0003744   6.3906E+03 -2.1559E+02 -2.8477E+03
0003745   8.1865E+03 -1.5372E+02 -6.7889E+02
0003746   7.8838E+03 -3.6250E+03  5.2815E+02
0003747   3.1495E+02  4.9424E+03 -1.9731E+03
0003748   6.8983E+03  1.1450E+03 -2.0743E+03
0003749   9.3816E+03 -2.5708E+03  9.3399E+02
0003750   8.3517E+03  1.5002E+03 -9.2917E+02
0003751   8.0919E+03 -2.6899E+02  1.0451E+02
0003752   7.9603E+03 -6.7448E+02  1.3165E+02
0003753   7.3644E+03  9.3440E+02 -1.3936E+03
0003754   8.3629E+03 -1.4177E+03 -6.1123E+02
0003755   7.7619E+03 -1.8444E+03  1.1212E+03
0003756   8.4169E+03  1.1548E+03  3.0880E+02
0003757   7.6121E+03 -5.3408E+02 -1.1677E+03
0003758   8.1166E+03  8.6605E+02  1.0016E+03
0003759   8.9977E+03 -8.4199E+02 -1.4722E+03
0003760   7.0780E+03  1.4184E+03  3.8015E+02
0003761   8.3148E+03  1.1257E+02 -1.4986E+03
0003762   7.4884E+03  5.1308E+02  1.2283E+03
0003763   4.6128E+03  4.8949E+02 -5.6402E+03
0003764   7.7249E+03  2.0884E+03 -1.3735E+03
0003765   6.6515E+03 -1.6451E+03  2.1724E+03
0003766   6.1162E+03 -6.6769E+02 -2.2154E+03
0003767   8.8175E+03 -8.2923E+02  5.9541E+02
0003768   5.5957E+03 -2.6815E+03  2.4538E+03
0003769   6.7596E+03 -2.1793E+03  3.4329E+03
0003770   8.2948E+03  5.6180E+02 -9.9342E+02
0003771   8.6418E+03  4.4852E+02 -1.4561E+02
0003772   7.6283E+03  2.0484E+02  1.3255E+03
0003773   8.8397E+03 -2.7318E+02  6.3874E+02
0003774   8.3639E+03  1.4501E+03 -4.6229E+02
0003775   7.4515E+03 -3.0346E+03 -3.9959E+02
0003776   8.5880E+03  2.0785E+03  5.5946E+02
0003777   5.4083E+03 -2.8453E+02  1.7383E+03
0003778   6.9098E+03  2.2523E+03 -5.1024E+02
0003779   9.5910E+03  3.5969E+02  6.2954E+01
0003780   7.5850E+03  2.4920E+03  9.2334E+02
0003781   5.1733E+03 -3.6733E+03  1.0913E+03
0003782   8.4993E+03  1.2304E+02 -1.2601E+03
0003783   8.6362E+03  7.6167E+02 -2.0983E+03
0003784   7.3088E+03 -9.1655E+02 -2.6361E+02
0003785   8.5916E+03 -1.7123E+03  2.9897E+03
0003786   6.7354E+03 -3.5968E+03 -1.1858E+03
0003787   5.9357E+03  5.8497E+02  4.1246E+03
0003788   8.5232E+03 -1.9665E+03 -4.3307E+02
0003789   8.2539E+03 -1.8142E+03 -8.7286E+02
0003790   8.0738E+03  1.4771E+02 -5.9582E+02
0003791   8.6646E+03 -4.4495E+02 -1.1862E+03
0003792   9.1027E+03  7.2107E+02 -1.0549E+03
0003793   8.5343E+03  4.8550E+02  1.2392E+03
0003794   6.9803E+03 -3.0589E+02  7.4294E+02
0003795   5.6529E+03  3.4269E+03 -3.0067E+02
0003796   7.2170E+03  7.0330E+02 -3.4063E+03
0003797   5.5191E+03 -3.3569E+02 -2.2077E+03
0003798   8.5519E+03 -1.6130E+03 -6.3169E+01
0003799   8.7003E+03  4.8915E+02  8.9985E+02
0003800   7.6965E+03  1.3897E+02 -1.6253E+03
0003801   6.3336E+03  3.0088E+03  2.2158E+03
0003802   8.8031E+03 -7.6374E+02  2.6673E+02
0003803   6.3475E+03  2.9591E+03 -1.1301E+02
0003804   7.6190E+03 -3.3059E+03  4.5312E+01
0003805   8.4456E+03  1.9096E+03 -1.9600E+03
0003806   8.4989E+03  1.5343E+02  2.1985E+03
0003807   6.9799E+03 -2.9426E+02 -2.0924E+03
0003808   7.5226E+03  2.8303E+02  6.3778E+02
0003809   7.7287E+03  3.7287E+03  2.6783E+02
0003810   7.8824E+03  1.2520E+03  1.9111E+03
0003811   8.9197E+03 -2.8161E+02 -2.0642E+03
0003812   9.9747E+03  7.6966E+02  2.0932E+02
0003813   7.3623E+03  1.1307E+03  2.9880E+03
0003814   9.3133E+03  2.2017E+03 -9.4613E+02
0003815   7.9105E+03  7.5444E+02 -3.2752E+03
0003816   8.4483E+03 -1.0320E+03  9.4916E+02
0003817   6.6438E+03  1.0953E+03 -2.0917E+03
0003818   7.3181E+03 -6.3964E+02 -1.5168E+03
0003819   6.5926E+03  1.2206E+03 -3.6178E+03
0003820   4.9336E+03 -1.9896E+03  8.0234E+02
0003821   6.2080E+03 -3.9258E+03  4.7771E+02
0003822   9.8958E+03  3.5912E+02  1.4298E+03
0003823   6.9047E+03 -3.3741E+02 -4.0312E+03
0003824   7.1670E+03  3.9484E+03  2.3976E+02
0003825   5.5818E+03  3.6103E+03  5.9697E+02
0003826   6.1245E+03  1.0884E+03 -4.6688E+03
0003827   8.3574E+03 -1.8686E+03 -7.3350E+02
0003828   5.3404E+03  5.6835E+02  3.1327E+03
0003829   5.8917E+03  4.0041E+03 -1.2664E+03
0003830   6.9840E+03  7.1644E+02 -3.1419E+03
0003831   8.1960E+03 -3.6681E+03  4.5841E+02
0003832   9.3200E+03  1.4527E+03 -1.7400E+03
0003833   8.4930E+03 -2.5994E+01  1.4256E+03
0003834   8.5162E+03 -2.4365E+03 -1.0332E+03
0003835   3.8316E+03  3.8302E+03 -4.3498E+03
0003836   5.9806E+03 -2.7440E+02  2.0730E+03
0003837   7.8724E+03  2.1745E+03 -1.1886E+02
0003838   7.1611E+03  1.8731E+03 -1.4648E+03
0003839   5.6359E+03 -1.5240E+02 -1.0403E+03
0003840   8.1090E+03  1.2998E+03 -5.8292E+02
0003841   7.0900E+03  9.0164E+02  2.3268E+02
0003842   7.8361E+03  1.3308E+03 -1.3277E+03
0003843   8.1149E+03 -8.8379E+02 -1.3346E+03
0003844   7.1392E+03  9.5679E+02  4.7412E+02
0003845   6.2277E+03  2.0329E+03  2.9509E+01
0003846   6.9971E+03  1.7400E+03 -2.1005E+02
0003847   8.6627E+03 -2.1510E+03  7.1332E+02
0003848   6.2574E+03 -1.1815E+03 -1.8911E+03
0003849   6.5554E+03  1.1465E+03  4.3108E+03
0003850   5.5594E+03  2.0663E+03 -1.3706E+03
0003851   7.8825E+03 -1.0693E+03  1.2655E+03
0003852   7.8535E+03 -5.5908E+02  1.6205E+02
0003853   7.8642E+03 -1.1718E+03 -1.6428E+02
0003854   6.2402E+03  1.6648E+03  1.5003E+03
0003855   7.3107E+03 -6.2208E+02 -1.0414E+03
0003856   8.4105E+03  2.4168E+02  1.2127E+03
0003857   6.1836E+03  1.7578E+03 -1.3981E+03
0003858   8.3278E+03  1.3578E+03 -2.8008E+03
0003859   7.4970E+03  6.2552E+02 -5.2181E+02
0003860   8.9330E+03  3.4794E+02  3.6982E+02
0003861   7.7829E+03  8.9558E+02 -8.5673E+02
0003862   9.0638E+03  5.9389E+01  5.8886E+02
0003863   8.0129E+03  1.2883E+03  1.2423E+03
0003864   7.4026E+03  4.9428E+02 -7.3317E+02
0003865   9.0413E+03  3.7873E+02 -8.6778E+02
0003866   9.3989E+03  1.0261E+03 -1.4003E+03
0003867   6.5187E+03  9.1271E+02 -1.6369E+03
0003868   7.2200E+03 -1.3895E+03 -3.3240E+02
0003869   7.4122E+03  1.6997E+03 -1.1427E+03
0003870   7.3095E+03  7.1250E+02 -1.1216E+03
0003871   7.9320E+03  2.8188E+02 -1.3498E+02
0003872   7.3873E+03  9.1909E+02  1.5813E+03
0003873   6.9724E+03  2.5180E+03 -1.9881E+03
0003874   8.7483E+03  1.9449E+03  3.3300E+02
0003875   3.9072E+03  5.0576E+03  5.0482E+03
0003876   8.0138E+03 -1.7766E+03  8.0769E+02
0003877   8.1269E+03  2.8012E+03 -4.5374E+02
0003878   7.0982E+03 -1.0460E+03 -1.9456E+03
0003879   7.1642E+03 -2.8269E+03  2.3334E+03
0003880   8.1393E+03  6.1693E+02 -2.2082E+02
0003881   6.2731E+03  2.3530E+03 -3.3897E+02
0003882   7.3073E+03  5.9745E+02  9.8333E+02
0003883   7.6097E+03  7.8233E+02 -3.9459E+02
0003884   9.1894E+03 -2.5036E+03 -2.4359E+03
0003885   6.8133E+03 -2.7909E+03 -2.9233E+03
0003886   7.6125E+03  3.8037E+02  1.5595E+03
0003887   8.6942E+03 -1.3127E+03 -1.2708E+02
0003888   5.8102E+03  1.4077E+03  1.0086E+03
0003889   8.5626E+03  8.8714E+02 -3.3810E+02
0003890   4.6246E+03  4.4962E+03  1.5362E+03
0003891   8.0697E+03  2.6795E+02  1.4297E+03
0003892   9.1224E+03 -3.7211E+02  1.2363E+03
0003893   8.2302E+03 -2.0576E+03 -1.9968E+03
0003894   7.8062E+03 -2.0046E+03  7.9163E+02
0003895   8.9239E+03  1.4497E+03  2.8239E+03
0003896   8.0596E+03 -2.1488E+03 -8.9836E+02
0003897   8.1458E+03  1.8358E+03 -8.5604E+02
0003898   8.1649E+03  6.3219E+02 -1.8035E+03
0003899   7.7673E+03 -1.2987E+03  2.2053E+03
0003900   7.7040E+03  1.1297E+03 -7.8126E+02
0003901   8.4541E+03  1.5757E+03  7.2515E+02
0003902   8.4921E+03 -1.0167E+03  8.2934E+02
0003903   8.3439E+03 -2.3379E+02 -2.5260E+02
0003904   6.4767E+03  1.4709E+03 -9.3473E+02
0003905   7.4000E+03  2.0208E+03 -4.1061E+02
0003906   8.8202E+03 -6.6267E+02  3.7242E+02
0003907   7.8713E+03  2.0976E+03 -3.3611E+02
0003908   8.5147E+03 -9.6856E+02 -1.7922E+02
0003909   8.5305E+03 -1.3787E+03 -1.1204E+03
0003910   8.7396E+03 -4.8517E+02 -1.1710E+03
0003911   8.8897E+03 -2.7071E+02  3.4060E+02
0003912   7.1850E+03 -3.5373E+02  1.5712E+03
0003913   6.2473E+03 -1.6317E+03  1.1882E+03
0003914   6.5000E+03  1.6835E+03  3.0465E+03
0003915   8.1130E+03  6.0638E+02 -1.0783E+03
0003916   8.3954E+03  9.0897E+02 -2.0665E+03
0003917   8.3853E+03 -2.5821E+01  8.1084E+01
0003918   8.3548E+03  2.0271E+03 -1.4785E+03
0003919   8.8982E+03 -2.0481E+03  6.8148E+02
0003920   8.0592E+03 -2.1689E+03  1.8428E+03
0003921   5.5999E+03  2.4929E+03 -6.5016E+02
0003922   8.4317E+03 -3.0064E+03 -9.2569E+02
0003923   7.8034E+03 -9.9781E+02 -7.2770E+02
0003924   8.0198E+03  1.1814E+03  8.3390E+02
0003925   8.8162E+03  4.9812E+02 -6.1878E+02
0003926   8.3730E+03 -2.1724E+02 -1.5566E+03
0003927   8.9402E+03 -4.8405E+02  3.4362E+02
0003928   8.9234E+03 -5.3632E+02  1.3968E+03
0003929   8.4163E+03 -5.4399E+02  9.8449E+02
0003930   8.1456E+03  1.1340E+03  1.7155E+03
0003931   7.3848E+03 -1.8257E+02  2.2422E+02
0003932   6.8598E+03  5.7491E+02  3.2503E+03
0003933   5.8169E+03  3.7065E+03 -2.4015E+03
0003934   6.9068E+03  7.3473E+02  3.4865E+03
0003935   6.6013E+03  1.4167E+03 -3.5622E+03
0003936   8.3212E+03 -3.7371E+02 -9.6001E+02
0003937   6.9624E+03  1.2603E+02  6.3523E+02
0003938   8.0072E+03  2.2982E+03  1.7668E+03
0003939   8.3654E+03 -3.7599E+02  9.9001E+02
0003940   7.7909E+03  1.0706E+03  8.0115E+02
0003941   7.6729E+03 -5.1346E+02  1.5842E+03
0003942   7.5786E+03 -1.3215E+03  5.8545E+00
0003943   5.5605E+03 -4.3537E+03  1.3471E+03
0003944   8.7032E+03 -4.3276E+02  2.9475E+03
0003945   7.2120E+03 -1.3516E+03 -4.0324E+02
0003946   7.8709E+03  1.2991E+03 -1.6266E+03
0003947   6.3961E+03  3.3269E+03  8.0317E+02
0003948   7.7628E+03  3.3684E+02  3.5962E+02
0003949   2.4283E+03  1.6353E+03  3.0686E+03
0003950   7.1597E+03  9.3440E+02 -1.4429E+03
0003951   7.5204E+03 -7.4852E+02 -1.6765E+03
0003952   6.5723E+03  8.3681E+02 -1.5204E+03
0003953   8.2234E+03  7.8631E+02 -1.4949E+01
0003954   9.7562E+03  9.9462E+01 -1.6386E+03
0003955   7.2429E+03 -4.2125E+03 -2.8560E+03
0003956   6.6282E+03  3.1410E+03 -1.4930E+03
0003957   8.1116E+03 -6.2460E+02  1.2083E+03
0003958   8.1208E+03 -1.5200E+03  2.5057E+03
0003959   8.7399E+03  7.2747E+02 -1.0842E+03
0003960   3.2672E+03 -2.9193E+03 -2.7219E+03
0003961   8.9133E+03  1.7479E+03  1.4052E+03
0003962   7.9855E+03  2.1472E+03 -1.5389E+03
0003963   7.3615E+03  1.4044E+03  2.7344E+03
0003964   6.5297E+03  1.4750E+03 -1.1749E+03
0003965   5.6765E+03 -4.8165E+02 -1.3926E+03
0003966   7.4844E+03 -2.5276E+03 -2.5635E+03
0003967   7.9688E+03  1.3416E+01  3.1213E+03
0003968   7.2128E+03 -1.6718E+03  1.6199E+03
0003969   5.3294E+03  5.0324E+03 -9.0380E+02
0003970   9.1203E+03 -2.7173E+02 -8.2810E+02
0003971   9.6567E+03  1.2467E+03 -2.3399E+03
0003972   6.9647E+03  2.6926E+03 -4.2157E+02
0003973   8.0874E+03 -9.5140E+02  6.8455E+02
0003974   6.5792E+03  2.9487E+03  2.0089E+03
0003975   8.0159E+03 -4.1390E+02  2.9725E+02
0003976   7.4208E+03 -1.1771E+03 -6.0214E+02
0003977   7.3879E+03  2.2092E+03  2.0017E+03
0003978   8.4337E+03  8.0795E+02 -2.2798E+03
0003979   6.5075E+03 -3.4494E+02  7.9535E+02
0003980   6.7095E+03  2.7785E+03 -1.2526E+03
0003981   7.5522E+03  3.9987E+03 -1.0780E+03
0003982   7.4251E+03 -3.7917E+01  1.1972E+03
0003983   7.9613E+03 -6.7618E+00  1.4211E+03
0003984   7.6522E+03 -2.1759E+03  1.4158E+03
0003985   7.3211E+03  2.9804E+03 -2.3569E+03
0003986   8.6346E+03 -2.5910E+03  2.6433E+02
0003987   8.0361E+03 -6.1589E+01  1.6326E+02
0003988   7.7859E+03 -1.7815E+03 -1.2114E+03
0003989   6.3163E+03  1.2277E+02 -9.2206E+02
0003990   7.6989E+03 -1.4796E+03 -2.6592E+01
0003991   3.9176E+03 -1.1109E+03  1.6289E+03
0003992   8.0260E+03  1.5842E+03 -2.8559E+02
0003993   7.6963E+03 -2.3233E+03 -2.2229E+02
0003994   8.3051E+03 -8.7132E+02 -2.3805E+03
0003995   7.9006E+03  5.1806E+02  2.0218E+03
0003996   7.9066E+03  1.2325E+03 -1.8611E+02
0003997   1.4022E+03 -5.6244E+03  3.0928E+03
0003998   8.4210E+03 -7.5062E+02 -2.3205E+03
0003999   4.4579E+03  1.7702E+03  6.5278E+02
0004000   7.2284E+03 -1.3356E+03  5.7674E+02
0004001   9.4742E+03 -7.4221E+02 -1.5014E+02
0004002   4.2142E+03  2.9116E+02 -4.4814E+03
0004003   6.6140E+03 -1.3804E+03 -1.7121E+03
0004004   9.1170E+03  2.6571E+02  4.2257E+02
0004005   6.6997E+03  9.2280E+02 -2.7807E+02
0004006   8.3108E+03 -1.0172E+03 -1.2931E+03
0004007   8.3767E+03 -6.2778E+02  1.3030E+03
0004008   9.3677E+03  1.4086E+03  2.4559E+03
0004009   8.0735E+03  1.5349E+02  1.3108E+03
0004010   8.2845E+03 -1.1493E+03  1.5487E+03
0004011   7.4547E+03 -5.6607E+02 -7.6199E+02
0004012   7.3222E+03 -8.7015E+02 -1.0696E+03
0004013   6.7672E+03  4.8197E+02  1.9340E+03
0004014   7.2488E+03 -4.8474E+02 -1.3708E+03
0004015   6.8207E+03  9.6486E+02  5.5938E+02
0004016   7.2432E+03  1.1334E+03  2.9075E+03
0004017   3.7182E+03 -9.7602E+02 -5.7131E+03
0004018   9.5603E+03 -4.1248E+02 -1.7520E+03
0004019   6.7016E+03  7.6754E+02 -1.0053E+03
0004020   8.2907E+03  1.3569E+03 -8.8656E+02
0004021   8.4736E+03  1.7886E+02 -9.2923E+02
0004022   5.0925E+03  1.4251E+03  8.8667E+02
0004023   8.5653E+03  2.1054E+03 -1.0757E+03
0004024   8.8129E+03 -1.8968E+01  5.4914E+02
0004025   8.4306E+03 -1.1173E+03  2.5220E+02
0004026   9.3225E+03 -2.0191E+03  8.7054E+02
0004027   5.2171E+03 -2.4756E+03 -6.7471E+02
0004028   7.6410E+03  7.5785E+02 -2.5694E+03
0004029   8.4904E+03 -1.5424E+03  1.9523E+02
0004030   7.3654E+03 -1.8031E+03  2.1513E+03
0004031   7.9950E+03  6.7452E+02  8.8725E+02
0004032   8.5825E+03  9.5469E+01  2.9476E+03
0004033   8.1400E+03  9.0729E+02  2.2456E+03
0004034   7.1072E+03 -7.1344E+02  2.5739E+02
0004035   7.3560E+03 -8.2061E+02 -2.3934E+03
0004036   8.2109E+03  2.5449E+02 -2.8819E+03
0004037   5.9477E+03  7.4419E+02 -3.7020E+03
0004038   7.1228E+03  1.5542E+03  1.8173E+02
0004039   5.3872E+03 -1.7748E+03 -3.2902E+03
0004040   6.7381E+03 -2.9603E+03 -4.1602E+02
0004041   8.0686E+03  4.2501E+02 -1.8573E+03
0004042   7.5692E+03  3.2326E+02  2.3695E+03
0004043   8.0720E+03 -1.7824E+03 -1.3186E+03
0004044   6.7647E+03  1.2872E+03  7.0572E+02
0004045   8.4944E+03 -1.3762E+03  1.0858E+03
0004046   7.9486E+03  2.0838E+03  6.1156E+02
0004047   8.9216E+03 -7.7184E+02 -7.2843E+02
0004048   6.1527E+03 -2.9213E+02  9.0210E+02
0004049   4.9790E+03 -1.1545E+03 -2.1524E+03
0004050   6.4138E+03  5.8690E+02  2.2411E+03
0004051   7.7985E+03 -1.6495E+03 -2.9530E+03
0004052   6.6424E+03 -8.2052E+02 -9.9115E+02
0004053   8.3248E+03  1.5408E+02  9.7378E+01
0004054   6.9337E+03 -8.5424E+02 -4.1662E+03
0004055   8.8511E+03  6.3578E+02 -1.6206E+03
0004056   7.9775E+03 -1.6262E+03 -1.3333E+03
0004057   9.2344E+03  1.8534E+02 -1.4801E+03
0004058   5.4405E+03 -1.5069E+02 -2.4812E+03
0004059   7.7180E+03  7.3576E+02 -1.5221E+02
0004060   7.5205E+03  1.0383E+03  1.0780E+03
0004061   7.4193E+03  1.2434E+03 -1.7319E+03
0004062   9.1507E+03  2.4925E+03 -5.3580E+02
0004063   7.4024E+03 -1.7957E+03  1.2369E+03
0004064   8.3971E+03 -2.1767E+03 -4.7686E+02
0004065   9.0483E+03  2.0604E+02  2.8740E+01
0004066   6.2995E+03 -1.8451E+03  3.2902E+03
0004067   8.3364E+03 -3.7492E+02  4.3351E+02
0004068   7.0379E+03  1.1535E+03  7.7314E+02
0004069   7.9503E+03  2.1975E+02 -2.7950E+02
0004070   7.2944E+03 -2.1424E+03 -9.8226E+02
0004071   7.3168E+03  1.1780E+02  1.6805E+03
0004072   9.2558E+03  8.1571E+02  1.0238E+03
0004073   6.6969E+03 -2.4779E+03 -2.8839E+03
0004074   7.9863E+03  2.0871E+03 -1.7748E+03
0004075   7.7826E+03 -4.1517E+01  2.6636E+02
0004076   8.2610E+03  1.2973E+03 -9.8837E+02
0004077   9.2910E+03  8.5073E+02 -8.6814E+02
0004078   7.4156E+03 -1.8126E+03  8.4597E+02
0004079   6.9589E+03 -6.6725E+02 -3.5979E+03
0004080   3.2415E+03  4.1064E+02 -2.2108E+03
0004081   7.1472E+03 -2.9824E+03 -1.2515E+03
0004082   6.5803E+03  1.0750E+03  2.1228E+03
0004083   8.6457E+03  4.2943E+02 -1.4771E+03
0004084   8.5515E+03 -1.9705E+03  3.2087E+02
0004085   4.6117E+03 -2.7288E+03 -3.0285E+02
0004086   8.6523E+03 -4.3596E+02 -1.9355E+02
0004087   6.6362E+03  2.0533E+03  1.1856E+02
0004088   8.0602E+03  1.0168E+03 -4.6626E+02
0004089   7.1176E+03 -1.2945E+03 -1.4454E+03
0004090   8.7817E+03 -2.5148E+02  2.0772E+03
0004091   7.5877E+03 -2.4002E+03  4.8481E+02
0004092   7.6642E+03  9.8107E+02 -1.2909E+03
0004093   6.4603E+03  4.1976E+03 -2.8815E+02
0004094   7.6602E+03 -1.7428E+01  6.6688E+01
0004095   6.9137E+03  1.6396E+03  6.2573E+02
0004096   4.6447E+03 -2.3365E+03  2.1081E+03
0004097   4.1008E+03  4.9316E+03  8.3079E+02
0004098   6.0287E+03 -1.0909E+03 -1.1342E+03
0004099   8.1057E+03 -1.3588E+03  5.9532E+01
0004100   5.4568E+03  1.5427E+03 -4.1064E+03
0004101   8.1342E+03  5.0749E+02 -3.4366E+02
0004102   8.7097E+03 -3.0165E+03 -1.6238E+03
0004103   9.0255E+03 -5.4384E+02  1.2542E+03
0004104   8.1422E+03  2.0742E+03 -2.6548E+03
0004105   6.8069E+03 -7.5490E+02  1.8297E+03
0004106   8.1925E+03 -1.3890E+03 -2.1207E+03
0004107   8.4462E+03  2.4017E+02 -3.4897E+02
0004108   8.5879E+03 -1.1736E+03  8.4887E+02
0004109   7.3435E+03 -7.9009E+02 -8.1592E+02
0004110   8.0281E+03  1.9050E+03  9.7325E+02
0004111   8.6278E+03  1.4342E+03  6.1671E+01
0004112   8.7540E+03 -6.6472E+02  1.5070E+03
0004113   7.7080E+03  3.2924E+03 -9.5070E+01
0004114   5.8055E+03  4.3214E+03 -9.3956E+02
0004115   8.3164E+03  2.6439E+01  5.0954E+02
0004116   8.5051E+03  2.7052E+03 -5.3764E+02
0004117   6.7023E+03  1.8041E+03  2.4913E+03
0004118   8.2788E+03  2.7368E+02 -3.2025E+02
0004119   8.7110E+03  6.8363E+01 -1.6016E+03
0004120   7.2035E+03  2.9415E+03  1.3676E+03
0004121   7.4709E+03  1.7421E+02  8.7155E+02
0004122   8.9686E+03  1.7138E+02 -1.8843E+03
0004123   7.7337E+03  1.4044E+03 -1.7732E+03
0004124   8.3452E+03  2.1729E+03 -1.0067E+03
0004125   6.8033E+03 -1.2243E+03  6.7247E+02
0004126   8.5053E+03  1.2073E+03  1.8395E+03
0004127   7.8918E+03 -2.0898E+03 -1.7210E+03
0004128   8.3580E+03  1.9799E+03  2.4520E+03
0004129   7.9799E+03  9.3777E+02 -4.6355E+02
0004130   6.2845E+03 -2.7395E+03  9.6676E+02
0004131   8.1610E+03 -1.1564E+01 -2.6272E+03
0004132   7.9397E+03 -9.2993E+02  3.7614E+02
0004133   8.2229E+03 -7.9620E+02  4.1680E+02
0004134   7.2522E+03 -3.4976E+03 -2.7697E+03
0004135   8.9558E+03  2.0341E+02  2.4480E+02
0004136   6.5321E+03  2.1940E+03  3.7386E+03
0004137   8.9755E+03 -1.4064E+03 -1.9716E+02
0004138   6.5124E+03  2.2492E+03 -3.2303E+03
0004139   8.6726E+03 -7.9825E+02 -2.1092E+03
0004140   7.4758E+03 -5.0282E+02 -3.0573E+03
0004141   6.5798E+03 -8.5326E+01  2.4963E+03
0004142   9.1921E+03  5.3874E+02  5.1893E+02
0004143   8.9280E+03 -6.6293E+02  1.9489E+01
0004144   8.8672E+03  1.2198E+03 -6.3701E+02
0004145   8.6849E+03  9.5081E+02  2.1216E+02
0004146   8.5255E+03  4.3266E+02 -7.6674E+02
0004147   7.6407E+03 -1.1410E+03 -1.7853E+03
0004148   7.7025E+03  1.8064E+03 -1.5075E+03
0004149   5.1147E+03 -3.5722E+03 -2.4293E+03
0004150   6.7963E+03  4.2946E+02 -1.8489E+03
0004151   2.4748E+03 -2.2058E+03  6.1331E+03
0004152   6.2795E+03  2.0154E+03  2.3223E+03
0004153   5.7621E+03 -2.8729E+03 -1.2559E+03
0004154   8.1298E+03  2.9914E+03  1.7649E+02
0004155   5.1918E+03  7.7223E+02  2.7155E+03
0004156   6.9829E+03  6.9966E+02 -1.0846E+03
0004157   6.5390E+03 -3.6554E+02 -3.9650E+03
0004158   5.7209E+03  2.5235E+03 -3.4588E+03
0004159   5.4766E+03  2.3925E+03 -8.7374E+01
0004160   6.9101E+03  1.7306E+03 -8.6826E+02
0004161   9.0751E+03 -1.5148E+03  3.4142E+02
0004162   7.9421E+03  1.1651E+03 -4.8191E+02
0004163   8.5163E+03 -5.1257E+02 -1.5803E+03
0004164   9.8048E+03 -1.2579E+03  8.0767E+02
0004165   6.4968E+03  1.1130E+03 -3.4432E+03
0004166   8.4265E+03  3.1821E+02 -2.1428E+03
0004167   2.4735E+03 -2.0878E+03 -8.7663E+02
0004168   7.2480E+03  1.9961E+03  1.4960E+03
0004169   9.3975E+03 -2.3843E+03 -1.4247E+03
0004170   6.9293E+03 -6.2854E+02 -8.1419E+02
0004171   7.8910E+03 -2.2498E+03 -4.0345E+02
0004172   5.0949E+03  3.6048E+03 -1.3867E+03
0004173   9.0211E+03  9.4906E+02  8.4989E+02
0004174   9.1468E+03 -7.4211E+02  2.8926E+02
0004175   8.6337E+03 -8.1311E+02 -9.2478E+02
0004176   7.5164E+03 -8.0547E+02 -1.5405E+03
0004177   7.5280E+03 -1.5936E+03 -1.3480E+03
0004178   8.1747E+03 -1.6919E+03  2.4821E+02
0004179   5.3640E+03 -4.5829E+03  1.6564E+03
0004180   5.9023E+03 -4.9661E+02 -2.9127E+03
0004181   7.0579E+03 -6.8075E+02 -2.3525E+03
0004182   9.4106E+03 -8.1514E+01 -2.8757E+02
0004184   8.2361E+03 -1.7312E+03  1.7367E+03
0004185   8.5657E+03  6.3254E+02  4.4534E+00
0004186   8.8961E+03 -4.6422E+02  2.8247E+02
0004187   7.6998E+03 -1.2647E+03  4.0634E+02
0004188   7.4973E+03 -9.2422E+01  3.7643E+02
0004189   7.7700E+03  8.9302E+02  4.0869E+02
0004190   7.7846E+02 -6.4338E+02 -6.1242E+03
0004191   3.9624E+03 -2.7892E+03 -1.9515E+02
0004192   9.3082E+03  1.7570E+03  6.8735E+02
0004193   8.9090E+03 -5.0203E+02 -4.2199E+02
0004194   7.7598E+03  5.4337E+02 -2.0272E+03
0004195   8.0241E+03 -2.3563E+03 -1.0176E+03
0004196   5.8926E+03 -2.8692E+03 -2.1309E+03
0004197   8.4502E+03 -1.5922E+03  1.8885E+03
0004198   7.0802E+03  1.3587E+03 -2.1320E+03
0004199   7.7162E+03 -1.8820E+03  1.1648E+03
0004200   8.2259E+03 -7.3662E+01  6.8913E+02
0004201   5.5685E+03  1.8147E+03  2.0217E+03
0004202   8.2927E+03  1.4264E+02  1.2399E+03
0004203   6.3759E+03  4.4887E+02 -1.8202E+03
0004204   7.2129E+03  3.4022E+03 -2.3204E+03
0004205   8.0504E+03 -1.1036E+03  8.2976E+02
0004206   7.3906E+03  1.0104E+03  2.3630E+03
0004207   6.7204E+03  1.1150E+03 -1.0227E+03
0004208   6.3512E+03 -2.0292E+03  1.3148E+03
0004209   6.3105E+03 -3.2640E+03 -2.5008E+03
0004210   6.7574E+03 -3.4210E+03  1.5508E+03
0004211   7.8609E+03  2.2825E+03  2.0879E+03
0004212   6.8917E+03  2.1275E+02  8.1587E+02
0004213   7.2502E+03  1.1344E+03  1.2517E+03
0004214   8.2365E+03 -8.3797E+02 -1.6082E+03
0004215   6.4065E+03 -1.5113E+03 -1.4049E+02
0004216   8.9043E+03 -8.3612E+01 -1.2399E+03
0004217   7.9858E+03 -1.5241E+01  6.4397E+02
0004218   7.9762E+03  9.9388E+02  1.0757E+03
0004219   7.3440E+03  2.1079E+03 -2.8064E+03
0004220   6.4382E+03  4.3878E+03  7.6317E+02
0004221   7.5620E+03  5.0933E+01  5.2773E+02
0004222   6.7585E+03 -1.4180E+03  9.2826E+02
0004223   7.9586E+03  8.8415E+02 -2.6281E+02
0004224   6.8721E+03  4.2218E+02 -3.8090E+03
0004225   7.1555E+03 -1.2322E+03  9.9433E+02
0004226   7.1621E+03  3.5525E+02  2.0976E+03
0004227   7.8361E+03 -5.2689E+02 -1.3693E+03
0004228   7.3155E+03  3.0412E+03 -2.1493E+02
0004229   6.2192E+03  1.5242E+03 -1.5885E+03
0004230   6.6920E+03  3.3488E+03 -1.5598E+03
0004231   8.8037E+03 -1.1673E+03  1.7755E+03
0004232   5.9780E+03  5.3004E+01 -4.3235E+03
0004233   8.9230E+03  1.7494E+03 -3.6942E+02
0004234   8.0261E+03 -1.1893E+02 -9.8186E+02
0004235   7.2862E+03 -8.2280E+02 -2.3027E+03
0004236   9.2613E+03 -6.5781E+02 -4.2378E+01
0004237   7.9114E+03  1.7039E+03  9.3478E+02
0004238   8.5576E+03  2.4756E+02  1.5377E+03
0004239   7.8764E+03  7.7394E+02  1.8681E+03
0004240   5.2630E+03 -3.0203E+03 -4.5776E+03
0004241   7.6954E+03 -2.1810E+03  4.8677E+02
0004242   8.1356E+03  8.3097E+02 -9.6607E+02
0004243   8.0478E+03 -6.5412E+02  9.6740E+02
0004244   6.5605E+03 -2.3538E+03  1.3527E+03
0004245   8.9144E+03  6.6622E+01  1.0610E+03
0004246   9.9678E+03 -6.1367E+02 -8.6515E+02
0004247   7.8624E+03  7.0529E+02 -3.4265E+02
0004248   8.6563E+03  8.6364E+02  1.9476E+03
0004249   8.1742E+03 -1.3135E+03 -1.1671E+03
0004250   7.9264E+03  8.3612E+02  1.5252E+03
0004251   7.6023E+03  6.6910E+02 -9.3704E+02
0004252   7.6606E+03  2.8261E+03  2.5186E+03
0004253   8.7120E+03 -1.1732E+03 -2.5180E+03
0004254   8.1490E+03  2.9303E+03 -2.9568E+02
0004255   9.2346E+03 -2.2811E+03 -1.1966E+03
0004256   7.8274E+03 -9.7125E+02  8.3099E+02
0004257   8.4882E+03 -1.4164E+03 -1.4289E+03
0004258   7.2925E+03 -2.5618E+02  1.2396E+03
0004259   7.9969E+03 -8.5588E+02 -1.5706E+03
0004260   8.2920E+03 -9.8799E+02  8.5290E+02
0004261   8.1804E+03 -1.9100E+03 -2.5232E+03
0004262   7.0459E+03  1.2650E+03 -3.8856E+03
0004263   5.2524E+03  1.5304E+03 -2.6723E+03
0004264   7.7997E+03 -1.6109E+03 -5.0891E+02
0004265   7.5682E+03 -1.4272E+03  1.3274E+03
0004266   7.0980E+03 -1.4902E+03  2.1519E+03
0004267   6.9907E+03 -3.9169E+03 -7.2957E+02
0004268   7.0358E+03 -3.6707E+02  1.2887E+03
0004269   6.9719E+03  3.0320E+03 -3.0694E+02
0004270   7.8909E+03  3.3462E+00 -2.0126E+03
0004271   8.2906E+03  5.4017E+02 -1.5526E+03
0004272   8.1578E+03  3.0651E+03 -2.2685E+03
0004273   6.9599E+03 -3.0689E+03  8.1231E+02
0004274   9.3561E+03  1.6454E+03 -1.8838E+03
0004275   4.7762E+03  2.8686E+03  6.4316E+02
0004276   8.4257E+03 -6.1618E+02  1.8654E+02
0004277   8.6695E+03  2.0197E+03  2.1068E+02
0004278   5.1093E+03 -1.5895E+03 -2.6353E+03
0004279   5.7624E+03 -4.1981E+03 -1.9005E+03
0004280   1.0140E+04 -2.6226E+03  2.7339E+02
0004281   8.7746E+03  1.2882E+03  3.0571E+02
0004282   6.9517E+03 -7.2239E+02 -9.2305E+02
0004283   8.4503E+03 -5.9737E+02 -4.0380E+03
0004284   8.2668E+03 -1.0132E+03  1.2755E+03
0004285   7.7513E+03  3.0610E+02 -7.3538E+02
0004286   1.0203E+04  6.2141E+02 -1.5322E+02
0004287   7.1905E+03 -5.4882E+02 -3.1790E+02
0004288   5.1611E+03 -9.8283E+02  1.4822E+03
0004289   8.2350E+03  1.6534E+01  1.2834E+03
0004290   6.5171E+03 -2.9906E+03  1.0522E+03
0004291   5.2122E+03  3.6708E+03 -2.2355E+03
0004292   9.0244E+03  1.2142E+03 -1.6641E+03
0004293   6.7820E+03 -2.0496E+03 -6.8835E+02
0004294   8.5029E+03 -8.5320E+02 -1.7684E+03
0004295   5.8679E+03  1.1909E+03 -5.0638E+02
0004296   7.8616E+03  2.5594E+03 -1.3939E+03
0004297   8.4303E+03 -2.7048E+01 -2.5748E+03
0004298   5.8863E+03  7.1250E+02 -6.0408E+02
0004299   8.4062E+03 -4.3015E+02 -9.3723E+01
0004300   9.1119E+03 -1.0190E+03 -1.3138E+02
0004301   6.3096E+03  9.9578E+02 -1.1264E+03
0004302   7.3434E+03 -3.0017E+02 -1.8178E+02
0004303   8.4619E+03 -4.6138E+02  4.4817E+01
0004304   7.6139E+03  1.5054E+03  4.7581E+01
0004305   3.9964E+03 -1.3292E+03  2.4519E+03
0004306   7.3228E+03  1.5822E+03 -6.4885E+02
0004307   8.7628E+03  4.6383E+02  2.2047E+03
0004308   8.8831E+03  1.7444E+03  4.4362E+02
0004309   7.7730E+03 -2.0066E+03  2.2750E+02
0004311   8.0746E+03  6.1329E+02 -2.3912E+03
0004312   9.0571E+03  4.4640E+02  6.0582E+02
0004313   7.4863E+03  4.4167E+02 -3.0566E+03
0004314   7.3867E+03 -1.2405E+03 -2.0850E+03
0004315   5.7608E+03  2.7203E+03  4.4150E+03
0004316   6.7803E+03 -8.4969E+02 -5.5655E+02
0004317   7.5178E+03  2.8742E+02 -2.0688E+03
0004318   7.9763E+03 -8.6907E+02 -3.6588E+02
0004319   8.2868E+03 -1.3369E+03  2.8548E+03
0004320   8.4578E+03 -1.1886E+03  2.0296E+03
0004321   6.7087E+03 -1.2340E+03  2.4168E+03
0004322   6.9419E+03 -1.2830E+03 -1.3675E+03
0004323   6.6003E+03 -3.2157E+03 -8.8174E+02
0004324   7.3676E+03  1.3222E+02 -2.5186E+03
0004325   5.4799E+03  3.1107E+03 -5.6744E+03
0004326   7.1039E+03 -1.1726E+03  1.8063E+03
0004327   8.6982E+03  1.1967E+03  3.5560E+02
0004328   7.3407E+03  1.7438E+03 -3.9837E+02
0004329   7.5082E+03  7.4241E+02  8.1992E+02
0004330   7.8313E+03  1.7547E+03 -1.5243E+03
0004331   8.3192E+03 -3.1650E+01  2.5644E+03
0004332   8.5607E+03  2.4931E+03 -2.9252E+02
0004333   6.2768E+03  2.2180E+03  3.2599E+03
0004334   6.7413E+03 -3.2550E+03 -3.4934E+02
0004335   8.3278E+03  1.7466E+03 -9.1575E+02
0004336   6.8821E+03 -1.7036E+03 -1.6567E+03
0004337   7.9158E+03  1.0944E+02  3.9756E+03
0004338   4.8812E+03 -3.5455E+03 -2.9557E+03
0004339   7.1833E+03 -2.5702E+03  2.6215E+03
0004340   7.3137E+03 -1.8285E+02  1.9161E+03
0004341   6.9477E+03 -3.6825E+03  8.5909E+02
0004342   8.7454E+03  1.6713E+03 -1.0762E+02
0004343   7.9458E+03  1.3125E+03  6.5699E+01
0004344   7.8066E+03 -6.1973E+02  2.8914E+03
0004345   7.8008E+03  1.3536E+02  1.4734E+03
0004346   7.8069E+03  1.1932E+03  1.8086E+02
0004347   4.6572E+03 -1.3012E+03  3.8864E+03
0004348   5.9494E+03 -2.9389E+03 -2.3558E+03
0004349   8.3589E+03  2.9699E+02 -1.0034E+03
0004350   6.7841E+03  2.7009E+03  2.8080E+03
0004351   7.6662E+03  1.4313E+03 -8.3248E+02
0004352   8.5102E+03 -2.5158E+02  1.7472E+03
0004353   7.5892E+03 -1.3499E+03  1.5956E+03
0004354   8.1564E+03 -1.3841E+03  1.3608E+03
0004355   8.9228E+03 -2.6900E+03 -1.2451E+03
0004356   7.3826E+03  2.7006E+02 -2.3217E+03
0004357   6.6615E+03  2.8227E+03 -5.8540E+02
0004358   7.4730E+03  1.7131E+02  1.4040E+03
0004359   7.2854E+03 -2.6622E+02 -3.2094E+03
0004360   7.7174E+03 -2.3944E+03  6.9343E+02
0004361   7.4935E+03  1.9924E+03  1.5418E+03
0004362   8.3796E+03  1.5926E+03 -9.0497E+02
0004363   6.7475E+03  1.6148E+03  1.7616E+03
0004364   7.7418E+03 -1.0035E+02 -2.5656E+02
0004365   7.0191E+03  7.5487E+02  6.4942E+02
0004366   7.9896E+03 -1.7475E+03 -7.4286E+02
0004367   5.2779E+03  2.4125E+03  2.2012E+01
0004368   7.6478E+03  5.6777E+02  6.3152E+02
0004369   6.0495E+03 -4.5736E+03 -5.0572E+02
0004370   8.3425E+03 -8.0238E+02 -7.5912E+02
0004371   4.5443E+03  1.2257E+03  7.6649E+02
0004372   6.3182E+03 -3.3889E+03  1.4727E+03
0004373   8.1550E+03 -1.2184E+02  2.4591E+03
0004374   7.7512E+03 -1.6743E+03  6.0563E+02
0004375   7.3270E+03  6.1791E+02  1.5643E+03
0004376   7.5966E+03  4.6810E+02 -1.1335E+03
0004377   7.0325E+03 -2.7371E+03  1.6331E+03
0004378   5.7321E+03  1.5630E+03  9.2601E+02
0004379   7.7363E+03  2.5011E+02 -8.4180E+02
0004380   6.3108E+03  2.2784E+03  1.1138E+03
0004381   9.6110E+03  5.6207E+02  2.9705E+03
0004382   7.4888E+03  4.9730E+02  9.7512E+02
0004383   8.5289E+03 -3.5306E+02  1.9000E+03
0004384   8.7075E+03  1.1527E+03  2.6001E+02
0004385   8.8763E+03  5.6131E+02 -2.5550E+03
0004386   7.1677E+03  2.7438E+03  2.3598E+03
0004387   6.2548E+03 -2.3191E+03 -2.3803E+03
0004388   5.9135E+03 -9.7483E+02  4.4602E+02
0004389   8.4314E+03 -2.2940E+03 -4.4632E+02
0004390   7.9725E+03  3.6759E+02  1.4310E+03
0004391   8.6818E+03  1.2218E+02  1.3019E+03
0004392   6.2804E+03 -7.9306E+02  3.3038E+03
0004393   7.4606E+03 -1.0431E+03  1.4028E+03
0004394   7.9709E+03 -1.2774E+03 -2.1642E+02
0004395   7.7991E+03  1.5913E+03  5.8619E+00
0004396   7.6361E+03 -2.8692E+01 -3.0450E+02
0004397   7.6263E+03  5.5184E+02  1.6035E+03
0004398   8.2754E+03 -6.4931E+02  2.3774E+03
0004399   6.3183E+03  2.3299E+03  1.5197E+03
0004400   7.8482E+03 -1.7994E+02  8.0797E+02
0004401   7.2783E+03  9.9497E+01  2.5355E+03
0004402   8.4301E+03 -4.7120E+02  1.3917E+03
0004403   8.2489E+03 -7.4378E+02  1.9678E+02
0004404   7.2206E+03 -2.9319E+03  2.2366E+03
0004405   7.8614E+03  1.5847E+02 -9.2186E+01
0004406   5.1563E+03 -4.2203E+03  3.3593E+03
0004407   8.9436E+03 -1.1992E+02  5.7597E+02
0004408   9.1191E+03 -2.2976E+03 -8.3378E+02
0004409   6.0974E+03 -1.3815E+03  1.7721E+02
0004410   8.5869E+03  1.1379E+03 -5.6888E+02
0004411   7.7702E+03 -1.5635E+03  2.2039E+03
0004412   6.3103E+03 -1.0829E+03  2.4503E+03
0004413   7.5142E+03  8.7038E+02 -2.2994E+03
0004414   8.2656E+03  7.1447E+02 -5.1384E+02
0004415   7.7059E+03 -2.2426E+03  3.0483E+02
0004416   8.3792E+03 -1.9544E+02 -4.6979E+02
0004417   8.0481E+03 -7.4300E+02 -1.1445E+03
0004418   6.7424E+03 -1.8154E+03  7.0284E+02
0004419   8.0228E+03 -3.9126E+02  1.0893E+03
0004420   8.4662E+03  1.7931E+02 -7.0807E+01
0004421   8.9133E+03  2.6038E+02 -1.5945E+03
0004422   6.0560E+03  2.9835E+03 -8.9654E+02
0004423   6.6554E+03 -2.1528E+03  2.4261E+03
0004424   6.5719E+03 -2.5023E+03  2.2657E+03
0004425   8.3090E+03 -1.4199E+03 -1.4428E+03
0004426   8.0025E+03  6.0826E+02  8.0038E+01
0004427   8.7663E+03  2.1761E+02  6.4415E+02
0004428   6.8977E+03 -3.3399E+03  6.1201E+02
0004429   7.1662E+03 -1.8537E+03  6.9962E+02
0004430   7.2818E+03 -1.4554E+03  1.0196E+03
0004431   3.7880E+03 -1.6265E+03  2.2112E+03
0004432   6.9451E+03 -1.0231E+03 -5.0601E+02
0004433   7.8488E+03  1.1692E+03 -1.8725E+01
0004434   8.3558E+03 -3.2629E+01  5.5508E+02
0004435   7.8227E+03  3.6228E+02  1.6944E+03
0004436   4.2119E+03 -8.7235E+02  4.5606E+03
0004437   9.7611E+03 -1.9168E+03  1.9910E+02
0004438   8.0662E+03 -2.4801E+03  8.4124E+02
0004439   6.8683E+03 -2.3828E+02 -2.1672E+03
0004440   7.9945E+03  7.1229E+02  8.8944E+02
0004441   6.1720E+03 -2.4258E+03  6.2024E+02
0004442   7.0576E+03  1.7131E+03 -7.3854E+02
0004443   8.1183E+03  8.2370E+02  4.5816E+01
0004444   8.8471E+03  5.9036E+02  2.2746E+03
0004445   8.3797E+03 -1.4621E+03 -1.3001E+03
0004446   6.4408E+03 -3.3504E+03  1.1348E+03
0004447   8.6520E+03  5.5517E+02 -1.3124E+03
0004448   6.9553E+03  1.4761E+03 -2.2261E+03
0004449   6.9050E+03 -1.8691E+03 -2.2725E+03
0004450   7.4340E+03 -1.1508E+03  4.0048E+03
0004451   6.1321E+03 -2.1503E+03 -5.3466E+02
0004452   9.0005E+03  2.0410E+03  1.4448E+03
0004453   6.8977E+03  1.8773E+03  1.1953E+03
0004454   8.3827E+03  1.9639E+03 -1.0195E+03
0004455   9.3217E+03  1.9329E+03 -4.1482E+02
0004456   8.2337E+03 -1.0283E+03 -8.9539E+02
0004457   6.6402E+03  1.8920E+03 -1.6800E+03
0004458   8.6496E+03  3.6850E+02  7.2478E+02
0004459   7.2948E+03 -1.8964E+03 -2.9921E+02
0004460   8.9944E+03 -2.6296E+02  1.4152E+02
0004461   3.7901E+03 -2.2811E+03  3.3083E+03
0004462   7.1778E+03 -4.0662E+03  1.6061E+03
0004463   8.0189E+03 -1.5433E+03  6.7923E+02
0004464   8.4442E+03 -3.7487E+03  1.9667E+02
0004465   8.3781E+03  1.1450E+03  1.6424E+03
0004466   8.8248E+03  2.8110E+03  1.3471E+03
0004467   7.9068E+03 -5.6543E+02  2.0696E+03
0004468   7.6623E+03 -2.1096E+03  1.4477E+02
0004469   8.4643E+03 -1.3360E+03  2.0284E+03
0004470   8.2540E+03  9.0755E+02  1.6128E+03
0004471   6.5241E+03 -1.6385E+03  5.1033E+02
0004472   6.5093E+03  1.2398E+03 -2.2681E+03
0004473   8.0315E+03  5.5370E+02  1.2118E+02
0004474   7.1559E+03  1.6130E+03  1.8767E+03
0004475   7.4688E+03 -1.2177E+03  1.2000E+03
0004476   7.0338E+03  8.4233E+02  5.0089E+02
0004477   6.0539E+03  2.7776E+03 -1.3861E+03
0004478   7.5554E+03  1.0716E+01  2.1429E+03
0004479   5.6030E+03  1.8367E+03  1.7587E+02
0004480   7.2274E+03  1.0502E+03  1.0709E+03
0004481   8.2004E+03  5.6247E+02 -2.8230E+02
0004482   9.2933E+03  1.1512E+03  2.3578E+03
0004483   8.4615E+03 -4.6719E+02  2.1353E+03
0004484   6.9108E+03  1.4720E+03 -7.1199E+02
0004485   5.1155E+03  3.7450E+03  2.7619E+03
0004486   6.6942E+03 -2.0072E+03  2.5943E+03
0004487   6.2028E+03 -2.0103E+03 -9.0988E+02
0004488   7.8088E+03 -5.4851E+02  4.9225E+02
0004489   8.5072E+03 -1.4443E+03 -4.7966E+02
0004490   8.7040E+03  2.5280E+02  2.0836E+03
0004491   6.5708E+03 -2.9426E+03  8.9095E+02
0004492   7.6477E+03 -1.5078E+03  2.0377E+02
0004493   6.5061E+03  4.9976E+03  6.0060E+01
0004494   8.4694E+03  4.7938E+02  4.2129E+00
0004495   8.3193E+03 -1.6788E+02  3.3148E+02
0004496   8.6537E+03 -9.5037E+02 -1.4679E+03
0004497   5.9971E+03  4.2518E+02  1.0866E+03
0004498   8.5859E+03  3.7202E+02 -2.7932E+02
0004499   6.7561E+03  5.9940E+02  1.5947E+03
0004500   8.9270E+03 -2.7350E+02 -3.2237E+02
0004501   8.7050E+03  1.0378E+02 -1.7146E+03
0004502   5.7147E+03 -2.9335E+03 -4.8267E+02
0004503   7.3696E+03 -3.9468E+03  3.3672E+02
0004504   7.8516E+03  1.6893E+03  6.1796E+02
0004505   7.0990E+03  2.7311E+03  1.8807E+03
0004506   7.3564E+03 -2.6011E+03 -2.8273E+03
0004507   7.4214E+03  1.4801E+02  2.2094E+03
0004508   7.9172E+03  5.0056E+02 -2.6859E+03
0004509   9.5431E+03  7.4048E+02  1.2953E+03
0004510   7.2888E+03  1.5783E+03 -1.8288E+03
0004511   7.6950E+03 -1.6377E+03  1.9357E+03
0004512   6.5840E+03 -6.9312E+02 -2.2006E+03
0004513   7.8215E+03 -9.8004E+02 -5.7342E+02
0004514   7.2887E+03  6.5397E+02 -1.4271E+03
0004515   7.3233E+03  1.9176E+03 -3.5698E+03
0004516   8.3979E+03 -2.0724E+03 -1.2451E+03
0004517   4.2910E+03  8.3814E+02 -4.7777E+03
0004518   7.9176E+03  1.0444E+03  2.5650E+02
0004519   7.5113E+03  1.8348E+03 -4.5960E+01
0004520   7.1332E+03  1.5127E+02  3.6036E+02
0004521   7.4353E+03  6.9719E+02  1.0949E+03
0004522   7.6527E+03 -1.7726E+03 -2.3572E+02
0004523   7.5194E+03 -6.9978E+02  1.8003E+03
0004524   7.6773E+03 -6.3539E+02 -7.8171E+02
0004525   7.2776E+03  4.7508E+02  2.7097E+03
0004526   6.5428E+03 -1.1663E+03  2.9396E+02
0004527   7.0999E+03  1.4893E+03  1.3505E+03
0004528   7.1528E+03  1.8478E+03 -3.3822E+02
0004529   7.6242E+03 -1.4480E+03 -2.9684E+02
0004530   8.5773E+03 -5.6379E+02 -1.2086E+02
0004531   8.6216E+03  1.1868E+03  3.5765E+02
0004532   5.2437E+03  3.2609E+03 -1.2884E+03
0004533   8.6898E+03 -8.2911E+02 -1.5808E+03
0004534   8.3925E+03 -1.6192E+03 -1.1671E+03
0004535   8.3587E+03 -1.5383E+03  8.6385E+02
0004536   5.4589E+03 -3.9808E+03 -2.1948E+02
0004537   7.9509E+03  8.6059E+02 -1.8238E+03
0004538   7.5911E+03  1.2634E+03 -3.4166E+02
0004539   3.9354E+03  2.0916E+03  2.6064E+02
0004540   7.9381E+03  1.5077E+03  1.7576E+03
0004541   7.1978E+03 -1.5603E+03  2.1118E+03
0004542   7.7822E+03  1.6431E+03  5.1170E+02
0004543   8.0777E+03 -1.6584E+02 -1.2972E+03
0004544   8.4357E+03 -1.0571E+02  2.4982E+03
0004545   6.6487E+03 -2.3733E+03 -1.6346E+03
0004546   9.2382E+03  9.1952E+02 -1.8709E+03
0004547   8.0481E+03 -1.2053E+03  1.2169E+03
0004548   7.4205E+03  1.5480E+03  1.7988E+03
0004549   8.0492E+03 -8.5619E+01 -3.4314E+02
0004550   6.9126E+03 -4.1248E+03 -1.8849E+03
0004551   6.7095E+03 -2.0355E+03 -1.7723E+03
0004552   9.1751E+03 -4.2109E+03  2.7200E+02
0004553   6.8312E+03  4.1589E+02  1.5427E+03
0004554   9.1984E+03 -2.9087E+03  2.0198E+03
0004555   7.4173E+03 -1.1987E+03 -1.3538E+03
0004556   8.2035E+03 -1.3233E+03 -7.3530E+02
0004557   4.9832E+03  1.0612E+02  4.7336E+02
0004558   7.5709E+03 -3.2504E+02 -2.8042E+03
0004559   8.8152E+03 -4.2770E+02  2.8985E+02
0004560   6.9307E+03  1.6130E+03 -3.3875E+03
0004561   7.9128E+03 -4.3833E+02 -1.0653E+03
0004562   6.0699E+03  7.3199E+02 -2.3039E+03
0004563   8.2976E+03  1.4384E+02 -2.0277E+02
0004564   7.2516E+03  3.6505E+03 -1.2490E+03
0004565   8.2895E+03  5.9415E+02 -1.1446E+03
0004566   8.2712E+03 -8.2935E+02  7.6464E+02
0004567   6.3829E+03  1.8449E+03  1.0228E+03
0004568   7.8535E+03 -2.4615E+01  4.0320E+02
0004569   7.9976E+03 -1.9751E+03 -2.1152E+03
0004570   6.8265E+03 -2.0245E+03  2.7488E+03
0004571   7.7651E+03 -6.0539E+02 -9.6120E+00
0004572   7.4605E+03 -1.3964E+03 -4.6537E+02
0004573   5.3570E+03 -1.0903E+03  4.8326E+03
0004574   8.4316E+03  6.5738E+02 -1.3875E+03
0004575   5.4959E+03 -1.8593E+03  1.3722E+02
0004576   7.5611E+03 -2.6533E+03 -1.4018E+03
0004577   8.2370E+03  6.9336E+02  2.2991E+02
0004578   7.0867E+03 -2.6054E+03 -5.3636E+02
0004579   6.8250E+03 -3.4023E+02  6.8935E+02
0004580   7.9593E+03 -4.5500E+02  1.2012E+03
0004581   8.3500E+03  1.7875E+02  2.1553E+03
0004582   7.4106E+03  4.8335E+02 -2.1200E+03
0004583   7.4865E+03  2.5510E+03  2.9030E+03
0004584   5.2153E+03  2.9092E+03  2.7779E+03
0004585   5.3260E+03 -2.6172E+03  1.8144E+03
0004586   7.8954E+03  1.3437E+03 -1.8766E+03
0004587   7.3450E+03 -8.6295E+02 -3.7149E+02
0004588   8.0758E+03  2.0347E+03  4.2428E+03
0004589   9.3203E+03 -1.1216E+02  2.3819E+02
0004590   7.7121E+03 -2.6443E+03  9.8402E+02
0004591   7.3791E+03 -6.8350E+02  1.8822E+03
0004592   7.5464E+03  1.7070E+03  2.1117E+02
0004593   7.2173E+03 -2.0558E+03  1.1727E+03
0004594   6.2883E+03  4.8044E+03 -1.2374E+03
0004595   5.1715E+03 -5.6436E+02 -2.2284E+03
0004596   8.1960E+03 -2.0373E+02  2.7382E+02
0004597   8.6132E+03 -3.2312E+02 -3.6582E+02
0004598   6.5555E+03 -5.9972E+02 -1.5753E+02
0004599   9.4462E+03 -9.3162E+02  3.6441E+01
0004600   7.8100E+03  2.6191E+02  6.2390E+02
0004601   8.4258E+03  1.6722E+02 -1.4072E+03
0004602   8.1948E+03  2.7117E+03 -3.2880E+03
0004603   7.5405E+03 -6.9188E+02  8.1209E+02
0004604   8.6831E+03  4.3576E+02 -3.0283E+03
0004605   8.9454E+03 -1.4952E+03  1.0431E+02
0004606   3.6884E+03  1.1330E+03 -1.2669E+03
0004607   6.2392E+03 -9.8816E+02  1.1549E+03
0004608   5.4199E+03  2.4019E+03 -2.5875E+02
0004609   8.1078E+03  1.7799E+02  1.1514E+02
0004610   7.4579E+03  1.3085E+02 -1.1635E+03
0004611   8.8154E+03  6.3007E+02 -1.8988E+03
0004612   7.6963E+03  1.6596E+03  1.6608E+03
0004613   9.2321E+03 -2.3326E+03 -6.9398E+02
0004614   6.5035E+03  3.6918E+03  1.1105E+03
0004615   8.0926E+03 -2.2280E+02  3.0034E+03
0004616   7.8862E+03 -5.3635E+02  1.8829E+03
0004617   6.2215E+03  1.2440E+01 -2.4103E+03
0004618   7.3000E+03 -2.9250E+03  3.4907E+02
0004619   8.7514E+03  8.8097E+02  4.6111E+02
0004620   7.3513E+03 -9.8978E+02  4.0812E+02
0004621   8.1947E+03 -6.4601E+02 -8.5750E+01
0004622   8.4449E+03  6.4314E+02  1.1281E+03
0004623   8.5408E+03  1.2614E+03 -1.1004E+03
0004624   6.9482E+03 -1.2224E+00 -1.0585E+03
0004625   5.9554E+03  1.1362E+02  3.3761E+03
0004626   8.2132E+03  5.3333E+02  2.1089E+03
0004627   7.0465E+03 -9.8806E+02  4.4861E+02
0004628   7.3518E+03 -1.1104E+02 -1.1496E+03
0004629   4.1783E+03 -4.6867E+03 -2.6448E+03
0004630   7.9648E+03  6.1624E+02 -7.0071E+02
0004631   5.9344E+03 -4.0722E+03  1.0697E+03
0004632   4.3321E+03  6.3784E+02  1.8623E+03
0004633   8.2586E+03  1.9725E+03 -1.8184E+02
0004634   7.7467E+03 -1.2705E+02  7.0423E+02
0004635   8.4391E+03 -3.5016E-02  4.8533E+02
0004636   5.3501E+03  2.6399E+03  2.4278E+03
0004637   8.6567E+03 -1.8435E+02 -2.0748E+03
0004638   7.2079E+03  7.5649E+02  3.0548E+02
0004639   8.6797E+03 -1.3366E+03 -8.7935E+02
0004640   7.9900E+03  1.5963E+03  1.0260E+02
0004641   7.4847E+03  1.3286E+03 -1.8368E+02
0004642   7.4893E+03  1.9147E+02  1.2651E+02
0004643   7.5957E+03 -1.9993E+03 -1.4236E+03
0004644   8.3735E+03  9.5195E+01 -1.4054E+03
0004645   7.3289E+03 -1.0122E+03  1.5100E+03
0004646   6.4530E+03 -4.0426E+02 -2.1018E+03
0004647   7.3413E+03  1.3346E+03  2.4423E+02
0004648   7.8831E+03  2.4233E+03 -2.3811E+01
0004650   9.0551E+03 -5.1944E+02  8.1340E+02
0004651   7.7106E+03  3.0062E+02  4.1050E+02
0004652   7.5615E+03 -7.8123E+02  1.6105E+03
0004653   8.8817E+03 -5.3812E+02 -1.2884E+03
0004654   8.0737E+03  6.0638E+02  7.4227E+02
0004655   8.6125E+03 -2.8168E+02  2.4550E+03
0004656   9.6318E+03  1.4570E+03  8.8818E+02
0004657   6.5981E+03 -9.5724E+02 -2.1457E+03
0004658   7.2385E+03 -1.8510E+03  1.2300E+03
0004659   8.1459E+03 -1.7190E+03  2.9968E+03
0004660   5.5762E+03 -4.7284E+03 -1.8636E+03
0004661   4.7971E+03 -3.9378E+02  3.1944E+03
0004662   8.3017E+03  4.7327E+02  7.3700E+02
0004663   7.4094E+03  2.5972E+01 -2.0372E+03
0004664   8.2011E+03 -1.7313E+02  2.1359E+03
0004665   8.8434E+03  3.1993E+02 -3.2585E+02
0004666   6.7556E+03 -1.2378E+03 -2.5328E+03
0004667   8.3824E+03 -1.4423E+02  2.2517E+02
0004668   5.4672E+03  2.7862E+03  1.9814E+03
0004669   8.8400E+03 -1.9106E+02  3.0534E+03
0004670   7.8722E+03  8.8705E+02 -1.3033E+03
0004671   7.1649E+03 -2.1903E+03 -2.9145E+03
0004672   7.9853E+03  2.1040E+03 -9.2403E+01
0004673   7.1173E+03 -3.0374E+03 -1.6182E+03
0004674   8.6177E+03  2.6990E+02 -2.3343E+03
0004675   9.5814E+03 -1.4845E+03  1.8590E+03
0004676   8.6198E+03  2.1167E+02 -6.4116E+02
0004677   8.7522E+03 -1.6420E+03  3.6208E+02
0004678   7.1708E+03 -9.2437E+02  1.0646E+03
0004679   9.0701E+03 -1.4548E+03 -6.7639E+02
0004680   7.1655E+03  3.2522E+02 -4.3651E+03
0004681   8.2682E+03  1.2836E+03 -5.5939E+02
0004682   7.3173E+03  1.4669E+03  3.0542E+03
0004683   5.6096E+03  8.1706E+02  1.2287E+03
0004684   7.8199E+03  2.3795E+02  1.2383E+03
0004685   2.7455E+03 -2.2874E+03  4.9061E+03
0004686   7.3091E+03  2.3411E+03 -2.4159E+02
0004687   7.0281E+03 -1.8282E+02  3.4548E+02
0004688   9.0858E+03 -9.8327E+02 -1.0551E+02
0004689   7.8597E+03  3.9561E+02 -1.4879E+03
0004690   5.6700E+03 -2.2726E+03  3.3145E+03
0004691   9.4800E+03  7.3263E+02 -1.4833E+02
0004692   7.2184E+03  1.2079E+02 -8.4419E+02
0004693   8.8477E+03 -2.4315E+03 -1.4130E+03
0004694   7.7899E+03 -4.6866E+02 -2.4531E+01
0004695   7.0732E+03 -4.4291E+03 -1.8628E+03
0004696   6.7518E+03 -1.5776E+02 -8.3302E+02
0004697   8.4933E+03  4.9591E+02 -1.0028E+03
0004698   6.7674E+03  8.2200E+02  1.1957E+03
0004699   5.2040E+03 -2.2006E+03 -5.1946E+03
0004701   7.9970E+03  2.1450E+03  1.4685E+03
0004702   6.4183E+03 -9.5083E+02  2.3196E+03
0004703   8.8524E+03 -1.2037E+03  4.8783E+01
0004704   7.9780E+03  1.1306E+02 -1.7703E+02
0004705   8.5473E+03 -1.7083E+03  1.1619E+03
0004706   8.8997E+03  4.1582E+02 -1.9995E+03
0004707   5.7399E+03 -2.7674E+03  4.4109E+02
0004708   6.4484E+03  2.4985E+03 -3.9242E+03
0004709   7.3340E+03 -1.5966E+03 -5.3245E+02
0004710   7.3643E+03  1.6136E+02  6.8677E+02
0004711   7.7369E+03 -2.5863E+03 -3.2210E+02
0004712   7.9747E+03  9.7642E+01 -6.3247E+02
0004713   5.7874E+03 -2.3511E+03 -1.4363E+03
0004714   8.4150E+03 -9.1346E+01 -1.5998E+03
0004715   5.9494E+03 -2.1868E+03  2.7268E+02
0004716   6.0483E+03  1.8475E+03 -1.8486E+03
0004717   7.4313E+03  9.4586E+01  8.3392E+02
0004718   7.0560E+03  1.1201E+03  2.6608E+03
0004719   4.1858E+03 -7.4205E+02  2.4415E+03
0004720   6.5816E+03 -1.7136E+03 -6.6339E+02
0004721   7.7937E+03 -2.9574E+03 -5.1030E+02
0004722   8.4011E+03 -3.3889E+03  3.4639E+02
0004723   6.0459E+03  2.0548E+03  2.1212E+03
0004724   7.2697E+03  2.4287E+03  8.7767E+02
0004725   5.9928E+03 -2.3771E+03 -4.0804E+03
0004726   7.4477E+03  1.7485E+02 -6.4726E+02
0004727   8.4292E+03  1.4017E+03  2.0586E+03
0004728   7.2939E+03  9.7377E+01  1.5713E+03
0004729   9.3139E+03  3.8682E+02 -6.0418E+02
0004730   6.7250E+03 -6.2982E+02  1.2083E+03
0004731   6.4840E+03  4.6382E+01  2.7928E+03
0004732   7.7265E+03 -1.1260E+03  2.3380E+02
0004733   8.4264E+03  7.8647E+02 -8.7303E+02
0004734   8.2427E+03 -1.6353E+03  1.2450E+02
0004735   5.9067E+03 -4.1506E+03 -7.5288E+02
0004736   5.8196E+03 -1.4622E+03 -1.7787E+03
0004737   8.4585E+03 -7.9496E+02 -4.1796E+02
0004738   7.8773E+03 -1.1438E+03  1.7496E+02
0004739   9.2751E+03  9.0123E+01  4.0256E+01
0004740   6.8061E+03  1.4936E+03  8.6386E+02
0004741   6.6728E+03  1.4973E+03 -1.6769E+03
0004742   7.9220E+03 -2.8275E+03 -1.3775E+03
0004743   6.6852E+03  2.6364E+03 -3.1106E+03
0004744   7.4939E+03  1.7821E+03 -2.1195E+03
0004745   6.5886E+03  2.7738E+03  8.0727E+02
0004746   8.5816E+03 -1.0879E+03  1.0335E+03
0004747   8.4854E+03 -1.8988E+03  3.1752E+03
0004748   6.0374E+03 -2.5985E+03  6.0211E+02
0004749   5.9560E+03 -1.2333E+02  2.5203E+03
0004750   8.6430E+03  6.3889E+01 -1.8896E+01
0004751   7.7212E+03  1.0683E+03 -1.2385E+03
0004752   6.7354E+03  2.6576E+03 -2.2857E+03
0004753   6.2448E+03 -8.2238E+02  1.5265E+03
0004754   7.6438E+03  1.2336E+03  2.0716E+03
0004755   7.6598E+03  7.5109E+02 -1.0838E+03
0004756   7.5040E+03 -1.2239E+03 -1.1284E+03
0004757   8.4221E+03  2.1051E+03 -1.9729E+03
0004758   7.4708E+03  3.0293E+03 -1.5286E+03
0004759   8.3965E+03  5.2144E+02 -1.2946E+03
0004760   8.2316E+03 -8.7431E+02  1.5065E+03
0004761   7.7817E+03  7.8861E+02 -7.6193E+02
0004762   7.6130E+03 -1.8579E+03 -6.5645E+02
0004763   7.8084E+03 -2.5881E+03  1.2790E+02
0004764   8.4458E+03 -8.3823E+01  3.9017E+03
0004765   9.3814E+03 -1.1461E+03  1.5706E+03
0004766   7.9766E+03 -1.2131E+03  7.5466E+01
0004767   8.1331E+03 -3.1193E+03 -2.3565E+03
0004768   7.2675E+03  1.1730E+03 -3.2409E+03
0004769   8.1599E+03  9.8716E+02 -2.7025E+02
0004770   6.9898E+03  1.6923E+03 -1.5791E+03
0004771   8.7254E+03  1.5076E+03  1.2721E+03
0004772   7.4149E+03  8.4289E+02 -2.1154E+03
0004773   7.5417E+03 -3.4531E+03 -1.1238E+03
0004774   7.7550E+03 -5.8791E+02 -1.7583E+03
0004775   8.4286E+03 -4.1527E+02 -1.8888E+03
0004776   8.8260E+03  6.8612E+02  6.0538E+01
0004777   7.8617E+03 -1.0582E+03  1.5638E+03
0004778   8.0652E+03 -1.8834E+03  1.6323E+03
0004779   6.5558E+03 -2.5004E+03 -2.3752E+03
0004780   6.2904E+03  1.4207E+02  4.1044E+01
0004781   4.7586E+03  1.6831E+03  1.7158E+03
0004782   7.9134E+03 -9.9983E+02 -1.4323E+03
0004783   7.1441E+03  3.7106E+02 -2.1861E+03
0004784   8.0094E+03  2.3362E+01 -1.2691E+02
0004785   8.6240E+03 -4.2576E+02  1.0120E+03
0004786   7.6417E+03 -3.1475E+03 -1.5080E+03
0004787   8.2501E+03  1.0223E+03 -1.5390E+02
0004788   7.7588E+03 -1.1472E+03 -6.6881E+02
0004789   8.6057E+03 -1.3271E+03  9.5795E+02
0004790   7.6352E+03  5.8246E+02 -1.0097E+00
0004791   7.6788E+03 -1.7344E+03 -6.2186E+02
0004792   9.3452E+03 -1.7037E+03 -1.2873E+02
0004793   8.2044E+03 -1.4011E+03  7.1106E+02
0004794   8.1786E+03 -2.3789E+03  1.1141E+03
0004795   6.6603E+03  1.5637E+02  2.7423E+03
0004796   7.5788E+03 -6.4348E+02 -2.2102E+03
0004797   4.7521E+02 -5.9755E+03 -2.9662E+03
0004798   8.0370E+03 -1.9520E+03  9.6745E+02
0004799   7.9851E+03  7.9870E+02  1.2287E+03
0004800   8.6953E+03 -1.0407E+03  5.9670E+01
0004801   6.6090E+03  8.8753E+02  8.3020E+02
0004802   8.5269E+03 -8.4766E+02 -1.8671E+03
0004803   7.8014E+03 -1.7909E+03  2.2994E+03
0004804   7.2535E+03  1.9133E+03  4.3554E+03
0004805   6.1992E+03  1.8732E+03  8.4665E+02
0004806   8.0326E+03  7.6225E+02 -1.2765E+02
0004807   4.9866E+03 -1.4471E+03 -2.0902E+02
0004808   7.9479E+03 -1.9197E+03  1.3063E+03
0004809   8.2889E+03  9.2634E+02 -1.5588E+03
0004810   7.7453E+03  1.5757E+03  1.2010E+03
0004811   9.2440E+03  7.1752E+02 -2.5566E+03
0004812   9.0311E+03 -9.3621E+02  1.4151E+03
0004813   7.4271E+03 -9.6147E+02 -1.8350E+03
0004814   6.9273E+03 -5.3192E+02 -6.3492E+02
0004815   8.1565E+03 -2.8897E+02 -1.7745E+03
0004816   8.1138E+03  8.5868E+02 -2.0931E+03
0004817   7.8561E+03  2.2878E+03  1.2409E+03
0004818   6.7931E+03  1.2091E+03 -1.1148E+03
0004819   8.0155E+03 -1.1836E+03 -3.2303E+03
0004820   8.5524E+03  5.3539E+02 -1.4710E+03
0004821   7.4750E+03 -5.3664E+02  8.6670E+02
0004822   6.5607E+03 -1.0200E+03 -2.7197E+03
0004823   7.7159E+03 -1.9456E+03  7.8580E+01
0004824   7.1984E+03 -2.6612E+03  1.2611E+03
0004825   6.4368E+03  2.3744E+03  1.4965E+03
0004826   9.4104E+03  1.6691E+02  1.1193E+03
0004827   9.2705E+03 -6.2043E+01  6.2584E+02
0004828   7.2838E+03 -2.7713E+03  1.3157E+03
0004829   9.3840E+03  1.6190E+03  2.9245E+02
0004830   6.0636E+03 -3.6677E+02  3.6430E+01
0004831   8.4634E+03  1.0477E+03  6.4489E+02
0004832   7.8354E+03  1.5632E+02  1.3299E+02
0004833   8.0351E+03  1.3755E+03  1.0056E+03
0004834   3.9327E+03 -5.1104E+03  1.1419E+03
0004835   7.1209E+03 -2.4921E+03  1.5333E+03
0004836   9.8248E+03  1.2274E+02 -3.5734E+02
0004837   7.1972E+03  9.7266E+01  1.1011E+03
0004838   6.7956E+03 -8.8351E+01  9.8513E+01
0004839   6.4603E+03 -8.5648E+02 -2.0006E+03
0004840   6.1896E+03 -3.4720E+03 -2.2167E+03
0004841   8.6420E+03 -1.6388E+03 -2.4894E+02
0004842   9.0161E+03 -1.3090E+02 -3.5130E+02
0004843   8.3067E+03 -8.6957E+02  8.4664E+02
0004844   6.6110E+03 -2.1624E+03  1.0965E+03
0004845   8.4914E+03  9.8361E+02 -9.9370E+02
0004846   6.6942E+03  3.4138E+03 -5.8096E+02
0004847   8.5656E+03  2.2444E+02 -3.6140E+02
0004848   6.9982E+03  3.4967E+02 -2.0581E+03
0004849   6.5463E+03 -7.6496E+02  2.6959E+03
0004850   6.6037E+03 -3.6955E+03 -1.6565E+03
0004851   5.3377E+03 -1.8769E+03  2.5921E+03
0004852   9.6609E+03  1.7969E+02  6.0427E+01
0004853   6.7242E+03 -2.6158E+03  7.7808E+02
0004854   7.7437E+03 -1.6566E+03 -1.9650E+01
0004855   5.2412E+03  1.6666E+03 -2.7577E+03
0004856   4.8989E+03 -8.7620E+02 -3.3182E+03
0004857   7.7122E+03 -2.0847E+03  1.7547E+03
0004858   6.6243E+03  4.6295E+02 -3.0090E+03
0004859   6.1144E+03 -4.9979E+03 -5.4477E+02
0004860   4.5814E+03  1.1416E+03  2.6612E+03
0004861   6.2531E+03  2.6205E+03 -1.3858E+03
0004862   9.3046E+03 -3.0690E+01 -2.6806E+03
0004863   7.6907E+03  9.2816E+02 -7.6887E+02
0004864   6.9275E+03 -1.8632E+03  2.6886E+03
0004865   7.6727E+03 -1.9310E+03 -2.5112E+02
0004866   6.1653E+03  1.0798E+03 -2.3905E+03
0004867   8.7978E+03 -9.4378E+02 -2.7512E+02
0004868   7.6930E+03  6.8860E+02  1.4029E+03
0004869   5.4153E+03 -3.3285E+03 -2.4932E+03
0004870   6.4105E+03 -5.3446E+02 -1.9122E+03
0004871   8.4558E+03 -1.8883E+03  1.4251E+03
0004872   7.3489E+03 -7.8806E+02 -1.5114E+03
0004873   9.4890E+03  2.3146E+03  1.0251E+03
0004874   7.5566E+03 -2.5164E+03  2.5290E+02
0004875   8.9997E+03 -1.5580E+03  3.4727E+02
0004876   6.7109E+03  2.3122E+03 -3.0675E+03
0004877   8.8142E+03 -4.4471E+02  2.1028E+03
0004878   7.8753E+03 -1.2001E+03  1.4043E+03
0004879   7.1238E+03 -2.0548E+03  3.4788E+03
0004880   8.6439E+03  5.7537E+02  6.4026E+02
0004881   7.9683E+03 -7.7798E+02 -1.4722E+03
0004882   1.8876E+03 -4.3598E+03 -2.6854E+03
0004883   9.1238E+03  1.7958E+03  1.1875E+03
0004884   8.4772E+03 -1.4466E+03 -4.9429E+02
0004885   8.6597E+03 -9.4995E+01 -2.9435E+02
0004886   7.4192E+03 -3.0324E+03 -1.1650E+03
0004887   3.7262E+03  3.2375E+03  2.0579E+03
0004888   7.1340E+03 -5.6455E+02 -2.1065E+03
0004889   7.0242E+03  1.8126E+03  4.2187E+02
0004890   6.3982E+03  1.8317E+02 -2.5611E+03
0004891   8.4691E+03  1.0850E+03 -2.6680E+03
0004892   8.3752E+03  3.7208E+02  1.2658E+03
0004893   8.4054E+03 -4.0128E+02 -6.6310E+02
0004894   7.3524E+03  1.5239E+02 -2.0358E+03
0004895   7.2988E+03 -8.7580E+02 -2.0108E+03
0004896   6.9055E+03  1.1825E+03 -3.6245E+03
0004897   8.3508E+03  1.4898E+03 -4.3231E+02
0004898   8.9981E+03 -4.8744E+02 -9.1771E+02
0004899   6.8682E+03 -2.0390E+03  1.1350E+03
0004900   6.4563E+03 -4.9176E+02  6.5235E+02
0004901   6.5976E+03 -5.4143E+02  3.1177E+02
0004902   7.5870E+03 -2.1111E+02  2.8072E+03
0004903   7.9325E+03 -1.0878E+03  1.1699E+03
0004904   9.2882E+03 -1.2024E+03 -2.8913E+02
0004905   5.9753E+03  3.1331E+03  2.7083E+03
0004906   9.4268E+03 -1.8277E+03 -1.8009E+03
0004907   8.0929E+03 -1.3295E+03  1.6613E+03
0004908   8.3566E+03 -2.7844E+02 -1.4271E+03
0004909   8.5966E+03  4.2882E+02 -2.7273E+02
0004910   3.8742E+03  4.4762E+03 -9.6829E+02
0004911   8.4977E+03 -2.8101E+03 -5.1080E+01
0004912   7.2195E+03 -1.5826E+02 -6.2143E+02
0004913   8.1365E+03 -1.6107E+03 -2.0737E+02
0004914   7.2161E+03  1.6796E+03  8.8713E+01
0004915   7.3263E+03  3.3343E+02 -2.1810E+03
0004916   8.4392E+03  1.1013E+03  2.9460E+03
0004917   7.6187E+03 -1.7632E+03  3.5094E+02
0004918   7.5145E+03  1.4720E+03  4.6872E+02
0004920   8.3703E+03  1.1972E+01 -9.1812E+02
0004921   6.3655E+03  2.1808E+03  8.6712E+02
0004922   8.0917E+03 -4.9887E+02 -1.7490E+03
0004923   7.6473E+03 -2.2986E+02 -9.6476E+02
0004924   5.5691E+03 -2.6526E+03  1.4077E+03
0004925   7.2597E+03  1.6964E+03 -2.4338E+00
0004926   7.6973E+03  1.1319E+03 -1.4831E+03
0004927   8.5023E+03  2.0603E+01 -4.3566E+02
0004928   9.8944E+03  2.0509E+03 -3.0845E+02
0004929   8.2836E+03  1.6802E+02  7.4478E+02
0004930   7.5638E+03  1.8849E+03  2.4675E+02
0004931   6.8842E+03  8.4038E+02  5.4722E+03
0004932   8.0232E+03  1.0233E+02 -8.3964E+02
0004933   8.1213E+03 -2.9592E+03 -5.0254E+02
0004934   4.4136E+03 -1.9356E+03 -3.7092E+03
0004935   7.3259E+03 -2.7768E+03 -8.8979E+02
0004936   5.3906E+03  4.6747E+03 -7.4071E+02
0004937   8.7181E+03 -2.7752E+02 -5.2761E+02
0004938   8.3945E+03  2.1395E+03  1.8549E+03
0004939   6.6561E+03  2.8364E+03 -2.8111E+01
0004940   7.3673E+03 -2.3131E+03 -2.8348E+03
0004941   7.6126E+03 -1.8005E+03  3.2853E+02
0004942   5.8443E+03  1.3840E+03 -1.3645E+03
0004943   7.6584E+03 -7.5982E+02  1.6695E+03
0004944   8.6685E+03 -1.3579E+03  1.0768E+03
0004945   7.0842E+03 -1.9688E+03  1.6656E+03
0004946   7.8069E+03 -1.0644E+03  1.2771E+03
0004947   8.6548E+03 -2.0849E+03  1.0955E+03
0004948   5.6050E+03  2.4064E+03 -9.1004E+02
0004949   8.5680E+03 -2.1052E+03 -1.7814E+03
0004950   7.3963E+03  1.2106E+03 -1.2389E+03
0004951   7.0191E+03  1.3685E+03 -3.2836E+03
0004952   8.9949E+03 -9.2238E+01 -8.5839E+02
0004953   8.5522E+03  1.0008E+03  5.0527E+02
0004954   7.0444E+03  1.0065E+03  1.6983E+03
0004955   6.6044E+03  2.6512E+01  1.8359E+03
0004956   7.7226E+03  1.0409E+03  1.2003E+03
0004957   8.0143E+03  2.0413E+03 -3.2461E+02
0004958   7.6125E+03  6.7483E+01 -1.2200E+03
0004959   6.0135E+03  1.0699E+03 -5.1941E+03
0004960   8.2917E+03  2.8697E+03 -2.8075E+03
0004961   7.7604E+03  9.6039E+02 -2.7296E+03
0004962   6.0847E+03 -1.8561E+03  3.4490E+02
0004963   7.9006E+03  1.6586E+03 -4.4538E+03
0004964   8.3404E+03  2.1847E+03 -1.7543E+02
0004965   8.1832E+03  6.0663E+02 -1.4371E+03
0004966   7.4332E+03  7.8125E+02 -9.4852E+02
0004967   7.6244E+03 -1.6865E+03  4.1509E+02
0004968   8.7120E+03 -2.6014E+02 -4.4199E+02
0004969   6.9856E+03 -3.0615E+03  2.2402E+03
0004970   7.5148E+03 -1.0893E+03  2.2968E+03
0004971   7.3501E+03  1.9457E+03  4.2462E+02
0004972   6.3340E+03  3.6335E+03 -6.3707E+02
0004973   6.8937E+03 -1.1635E+03 -6.5543E+02
0004974   7.0174E+03 -1.8796E+02 -2.6773E+02
0004975   7.9193E+03 -1.1564E+03 -1.9535E+02
0004976   8.9307E+03 -6.0394E+02 -2.3515E+03
0004977   8.4233E+03 -8.3992E+01  1.2442E+03
0004978   7.9078E+03 -5.5513E+00 -2.1249E+03
0004979   7.0132E+03  3.4843E+03  2.0691E+03
0004980   7.3442E+03  2.7869E+03 -1.4820E+03
0004981   7.7256E+03 -9.7744E+02 -6.6563E+02
0004982   9.0734E+03  2.7870E+02 -1.0929E+03
0004983   6.9540E+03  3.8687E+01 -9.9684E+02
0004984   7.9828E+03  1.6497E+03 -1.1916E+03
0004985   7.2296E+03  2.0769E+03 -2.6876E+03
0004986   7.6961E+03  1.5736E+03  1.1794E+03
0004987   8.3946E+03 -2.1050E+03 -2.0739E+03
0004988   6.9453E+03  2.5545E+03  7.5683E+02
0004989   8.6400E+03 -1.9141E+02  1.8849E+03
0004990   7.8352E+03  2.0084E+03 -1.0994E+02
0004991   7.2862E+03 -3.3532E+03 -4.1217E+02
0004992   7.1477E+03  1.6096E+03 -1.3822E+03
0004993   7.6872E+03  1.0894E+03 -2.4386E+03
0004994   8.1213E+03  2.2672E+03 -4.8097E+01
0004995   7.9226E+03 -3.2197E+03  1.6345E+03
0004996   7.7668E+03 -9.6310E+02 -1.7276E+03
0004997   7.6192E+03 -2.3482E+03  1.4089E+03
0004998   7.5188E+03  1.3496E+03 -7.7627E+02
0004999   7.1486E+03 -3.3135E+03  3.9735E+02
0005000   8.5731E+03  2.0224E+03  1.6878E+02
0005001   7.4108E+03 -6.2627E+02  1.0507E+03
0005002   8.0758E+03  1.2799E+03 -5.4377E+02
0005003   8.6379E+03 -5.8534E+02  6.9170E+01
0005004   7.4331E+03  1.9018E+03  1.9449E+03
0005005   7.2986E+03 -1.7075E+03  3.0604E+03
0005006   8.8946E+03 -9.4129E+02 -2.0094E+03
0005007   7.3608E+03 -3.9578E+02  5.0051E+02
0005008   6.9870E+03  2.0436E+03 -3.0336E+03
0005009   8.0412E+03 -2.7064E+02 -2.3642E+03
0005010   7.6623E+03  1.1997E+03 -2.8463E+02
0005011   8.1696E+03  1.2635E+02  1.1847E+03
0005012   7.8678E+03 -4.8801E+02 -1.6044E+03
0005013   8.1473E+03 -2.9219E+03 -2.1668E+03
0005014   6.1243E+03  2.5423E+03 -2.2164E+03
0005015   5.9516E+03  5.7430E+02  3.4812E+03
0005016   8.1321E+03  5.7575E+02 -1.2096E+03
0005017   8.0625E+03  5.7114E+02 -3.7078E+02
0005018   6.3394E+03  1.7391E+03  1.3135E+03
0005019   5.6123E+03  2.5863E+03  2.3366E+03
0005020   5.8886E+03  2.5831E+02  2.7474E+03
0005021   8.6882E+03  1.4819E+03  7.6645E+01
0005022   7.5016E+03 -1.5100E+03 -3.3222E+00
0005023   7.2272E+03 -6.1158E+02 -3.0411E+03
0005024   8.3857E+03  1.6738E+03  1.4819E+03
0005025   6.4075E+03  2.1304E+03  5.5427E+02
0005026   6.6552E+03  2.1987E+03  1.7681E+03
0005027   5.6799E+03  9.4050E+02  3.9990E+03
0005028   7.8285E+03  1.2574E+03 -1.8972E+03
0005029   5.5846E+03 -2.9323E+02  3.8116E+03
0005030   7.6767E+03  1.1498E+03 -1.2037E+03
0005031   8.1582E+03  2.2166E+03 -1.3862E+03
0005032   9.0726E+03  1.2657E+03  7.7383E+02
0005033   7.1112E+03 -3.0423E+03  5.6074E+02
0005034   7.3111E+03  1.6644E+02  1.9066E+02
0005035   8.7977E+03 -1.1521E+02  6.8530E+02
0005036   6.6603E+03 -1.2669E+03 -1.8370E+03
0005037   7.3250E+03  3.9027E+03 -2.8199E+02
0005038   7.9176E+03  8.9134E+02 -1.5879E+03
0005039   7.1829E+03  1.9463E+03 -2.1893E+03
0005040   8.6072E+03  3.6604E+02  5.5135E+02
0005041   8.5811E+03 -1.0078E+03  1.4797E+03
0005042   7.4989E+03 -8.2490E+01  4.4460E+02
0005043   6.3247E+03  3.5890E+02  1.9874E+03
0005044   7.8783E+03 -2.8132E+02 -3.9353E+02
0005045   8.8128E+03  1.6760E+03  1.0086E+03
0005046   7.2307E+03  6.4913E+02  9.6055E+02
0005047   4.4960E+03  3.6127E+02 -2.2826E+03
0005048   8.1137E+03 -5.5087E+01 -2.4428E+03
0005049   5.7230E+03  4.3281E+03 -2.6969E+02
0005050   6.5057E+03  9.8939E+02 -3.8997E+03
0005051   7.7500E+03 -1.5588E+03  1.6707E+03
0005052   8.6707E+03  2.6900E+03 -8.8908E+02
0005053   7.7596E+03  1.0287E+03 -8.0706E+02
0005054   8.5456E+03  8.7724E+02 -1.7543E+03
0005055   7.1774E+03  3.4865E+03 -4.1040E+02
0005056   7.8614E+03 -6.5134E+02  2.0321E+03
0005057   8.5146E+03  3.5914E+02 -4.4424E+02
0005058   7.6272E+03  4.6215E+02 -1.6552E+03
0005059   8.1573E+03 -1.5443E+02  5.8948E+02
0005060   7.3870E+03  5.5005E+02 -1.8720E+03
0005061   7.6307E+03 -2.2034E+03 -2.1337E+03
0005062   7.0081E+03  3.0886E+03 -3.8028E+02
0005063   7.5922E+03  1.2255E+03  1.1177E+03
0005064   7.9418E+03  3.4218E+02  8.9413E+02
0005065   7.6328E+03  1.0140E+03  2.7019E+03
0005066   4.0035E+03  4.5670E+03 -4.3642E+03
0005067   9.0479E+03  3.6860E+02  6.7119E+02
0005068   7.3754E+03 -3.2968E+03 -1.0196E+03
0005069   6.9129E+03  1.2712E+03 -1.4954E+03
0005070   9.2663E+03 -1.7355E+03  1.2983E+03
0005071   9.3440E+03  1.9995E+03 -5.7891E+02
0005072   7.2807E+03 -3.5762E+02  4.1090E+02
0005073   6.1714E+03  1.6243E+03 -2.5531E+02
0005074   7.2579E+03  1.3683E+03 -2.6388E+03
0005075   8.0429E+03 -1.1796E+03 -1.4202E+03
0005076   8.2567E+03  9.7151E+02  5.3627E+02
0005077   8.2015E+03 -3.0765E+02 -3.2150E+02
0005078   6.1494E+03 -1.8225E+03  3.5701E+03
0005079   8.4064E+03 -1.2662E+03  3.1524E+02
0005080   7.5891E+03 -8.2795E+02  1.5545E+03
0005081   1.8533E+03  1.9625E+03  1.8220E+03
0005082   8.2443E+03  8.3044E+02  1.3552E+03
0005083   7.8156E+03 -9.5490E+02  1.2670E+03
0005084   9.4012E+03 -5.0375E+02  1.2706E+03
0005085   7.5812E+03  2.1169E+03  6.4451E+02
0005086   7.2688E+03  6.7615E+02 -5.5353E+02
0005087   5.3592E+03  6.6160E+02  4.3412E+03
0005088   5.6685E+03  1.6816E+03  1.6675E+02
0005089   8.2691E+03 -2.2508E+03  9.8306E+02
0005090   8.6825E+03 -8.2121E+02  4.3354E+03
0005091   7.8825E+03 -1.3531E+03  2.4776E+03
0005092   6.9997E+03 -1.5413E+03 -1.3053E+03
0005093   5.9270E+03  6.1955E+02  2.6120E+03
0005094   7.1484E+03 -2.2694E+03 -1.5213E+02
0005095   6.1279E+03 -1.2119E+03  2.0023E+03
0005096   7.4415E+03  7.0078E+02 -1.0542E+02
0005097   8.0261E+03  3.3097E+02 -2.2387E+03
0005098   9.0815E+03  9.7371E+02 -4.9220E+02
0005099   7.8136E+03 -2.8506E+03 -6.1852E+02
0005100   7.7573E+03  1.2843E+03 -6.8303E+01
0005101   8.2634E+03  1.2031E+03  1.0763E+03
0005102   9.0992E+03 -1.6889E+03  5.4902E+02
0005103   5.2571E+03  6.2435E+01  2.1243E+03
0005104   8.3905E+03 -1.3285E+03 -1.6677E+03
0005105   8.8948E+03  1.4543E+03  1.1494E+03
0005106   6.3772E+03 -3.2549E+03 -5.1450E+02
0005107   7.0914E+03 -2.5430E+03 -1.0519E+03
0005108   6.3735E+03  6.5316E+02 -1.9295E+03
0005109   9.0640E+03 -1.1269E+03  2.0639E+03
0005110   8.9910E+03  4.1322E+02  7.7277E+02
0005111   8.2459E+03 -1.0687E+03 -7.5306E+02
0005112   7.9482E+03 -6.3969E+02 -5.8432E+02
0005113   6.6714E+03 -3.2680E+03 -1.1947E+03
0005114   6.4917E+03 -1.1230E+03 -1.7148E+03
0005115   6.4431E+03 -5.6353E+02 -2.1169E+03
0005116   6.5450E+03 -2.5434E+03  1.4986E+03
0005117   8.0198E+03 -2.5892E+02 -2.4224E+03
0005118   5.5416E+03 -1.2620E+03 -4.1877E+03
0005119   9.2216E+03 -7.9515E+02  3.5958E+01
0005120   7.8193E+03  5.1274E+02 -8.8000E+02
0005121   8.1207E+03 -7.7094E+00  3.4985E+03
0005122   6.7956E+03  7.0040E+02  2.7047E+03
0005123   8.0858E+03  9.6822E+02  2.7670E+03
0005124   3.0167E+03  2.0297E+03 -3.6544E+03
0005125   3.6156E+03  3.4587E+03 -1.4925E+03
0005126   7.2788E+03  1.6586E+03  5.9577E+02
0005127   8.5605E+03 -1.8814E+02  1.7670E+03
0005128   8.8021E+03 -1.6892E+03  5.4207E+01
0005129   7.2845E+03  5.6325E+02  1.0242E+03
0005130   5.8734E+03  2.7328E+03  2.2341E+03
0005131   8.6702E+03 -1.8264E+03  1.0642E+03
0005132   7.8551E+03  3.2875E+03  3.0371E+02
0005133   7.6212E+03  1.2720E+03 -8.9060E+02
0005134   8.4924E+03  6.4091E+02 -1.4657E+02
0005135   8.3836E+03  7.2875E+02  3.5546E+01
0005136   7.3385E+03 -3.2778E+03  7.8973E+00
0005137   5.3261E+03 -4.0303E+03  6.5457E+01
0005138   6.9392E+03  5.2893E+00  1.6740E+03
0005139   8.1249E+03 -1.8741E+03 -5.3481E+02
0005140   6.5345E+03 -6.1732E+02  3.8516E+03
0005141   8.3633E+03 -7.8912E+02  8.6165E+02
0005142   7.4338E+03  2.0481E+03 -1.6669E+03
0005143   6.3132E+03  3.1494E+03 -6.9481E+02
0005144   8.3529E+03  5.2900E+02 -5.3010E+02
0005145   7.2131E+03 -5.5293E+02 -2.6611E+03
0005146   8.1150E+03 -1.2408E+03  1.9572E+03
0005147   8.0194E+03 -1.3028E+03  3.2160E+02
0005148   5.9100E+03 -2.8677E+03 -8.6151E+02
0005149   5.9401E+03  4.1362E+03 -2.9047E+03
0005150   4.2081E+03  3.5999E+02 -3.6928E+03
0005151   4.5324E+03  2.0305E+03  1.8767E+03
0005152   8.6537E+03 -1.3009E+03 -5.1062E+02
0005153   8.4349E+03  7.3589E+02 -2.5911E+03
0005154   4.5657E+03  8.2592E+02  9.9193E+02
0005155   6.5525E+03  1.6961E+03  2.6726E+03
0005156   8.4763E+03  1.1355E+03 -1.0714E+02
0005157   6.8129E+03 -7.8202E+02  1.3992E+03
0005158   4.5930E+03 -3.9181E+03 -5.1957E+03
0005159   8.2624E+03 -2.2394E+03 -8.0747E+02
0005160   6.9225E+03 -1.4695E+03 -2.6297E+03
0005161   5.4232E+03 -3.4356E+02  1.0795E+03
0005162   4.3960E+03 -9.9633E+02 -5.0617E+03
0005163   7.2477E+03 -3.6646E+02 -2.1498E+03
0005164   8.6946E+03  1.4265E+03  4.1420E+02
0005165   5.2550E+03 -3.8554E+03  1.1697E+03
0005166   8.4562E+03  8.7052E+01  1.5232E+03
0005167   7.6376E+03  2.8670E+02 -9.2340E+02
0005168   7.8126E+03  1.2164E+03  9.0085E+02
0005169   7.0753E+03 -1.9777E+03 -4.1105E+02
0005170   7.8246E+03 -2.5252E+03  2.0886E+03
0005171   8.4175E+03 -1.1694E+03  2.4299E+03
0005172   8.2681E+03 -3.4229E+02  9.6477E+02
0005173   8.6143E+03 -1.2170E+03 -1.5811E+03
0005174   7.6050E+03 -9.0105E+02 -9.6329E+02
0005175   8.4111E+03  7.0909E+02 -1.3437E+03
0005176   6.9540E+03  4.6934E+01 -1.5079E+03
0005177   7.1535E+03 -1.0355E+03  1.1791E+03
0005178   7.9825E+03  2.0970E+03  8.5960E+02
0005179   7.5485E+03 -3.0099E+03 -9.4772E+02
0005180   8.7308E+03 -1.5371E+03  1.9963E+00
0005181   7.7429E+03  1.8868E+02 -2.0516E+03
0005182   7.9844E+03  1.1484E+03  3.1884E+03
0005183   6.9137E+03 -2.2952E+03  1.7738E+03
0005184   8.4973E+03  1.3826E+03 -2.4769E+03
0005185   6.8143E+03 -3.5706E+03 -4.0580E+02
0005186   3.4504E+03 -2.9662E+03  7.8464E+02
0005187   8.0844E+03 -1.6170E+02  1.9517E+03
0005188   6.6587E+03 -3.0790E+02 -2.1124E+02
0005189   7.3538E+03  1.7835E+03  8.1426E+02
0005190   8.0812E+03  2.5981E+03  2.1284E+03
0005191   5.2286E+03 -1.4010E+03  2.2236E+03
0005192   7.5143E+03  1.4440E+03  6.2575E+02
0005193   6.8760E+03 -4.1068E+03  1.0655E+03
0005194   7.4814E+03 -3.2535E+02  4.2937E+02
0005196   7.1502E+03  1.9354E+03  2.6716E+03
0005197   6.7101E+03  2.3159E+03 -2.4974E+03
0005198   7.6736E+03  3.5389E+02  8.1776E+02
0005199   7.4133E+03 -2.7769E+03  1.3628E+01
0005200   6.3457E+03  2.1372E+03  8.0052E+02
0005201   7.6997E+03 -1.6536E+03 -9.3976E+02
0005202   7.7695E+03  1.5854E+02 -4.0628E+02
0005203   8.5056E+03 -1.0016E+03  2.4494E+02
0005204   6.4614E+03  1.1438E+03  3.3296E+03
0005205   8.5301E+03 -2.9723E+02 -1.7938E+02
0005206   6.2673E+03 -7.4753E+02  3.0678E+03
0005207   8.9092E+03  1.6955E+03 -1.3556E+03
0005208   7.2486E+03  9.8202E+02 -1.7715E+03
0005209   1.0097E+04 -4.2411E+02 -6.0807E+00
0005210   7.9281E+03  1.5168E+03 -3.8223E+02
0005211   8.7714E+03  5.1234E+01  2.4996E+03
0005212   8.8090E+03 -2.2854E+03  1.0746E+03
0005213   7.7838E+03 -3.4055E+02  8.2005E+01
0005214   8.1057E+03 -9.2326E+02 -1.1788E+03
0005215   7.1314E+03 -9.8382E+02 -1.1916E+03
0005216   8.8665E+03 -1.0736E+02  1.3980E+03
0005217   8.3601E+03 -1.8354E+02  2.8847E+03
0005218   5.6185E+03 -2.7864E+02 -7.6255E+02
0005219   7.8442E+03 -2.8432E+03  1.1960E+03
0005220   7.5051E+03 -5.8131E+02  4.0848E+02
0005221   8.5135E+03  1.4816E+03  2.5391E+02
0005222   9.2656E+03 -1.3576E+02  2.0153E+03
0005223   8.0428E+03  2.1890E+03  7.4642E+02
0005224   7.5691E+03  1.5506E+03  4.4673E+02
0005225   8.6193E+03 -1.4222E+03  9.1841E+02
0005226   9.5618E+03 -1.7771E+02 -1.3153E+03
0005227   7.8012E+03  1.8086E+02  7.5119E+02
0005228   5.8803E+03  9.2419E+02 -2.3423E+03
0005229   8.2166E+03  2.3763E+03  2.1204E+02
0005230   8.6826E+03 -1.1289E+03  9.0281E+02
0005231   8.2882E+03  2.1998E+03 -1.5905E+03
0005232   8.9000E+03  5.4720E+02 -1.4416E+03
0005233   7.1546E+03 -1.9922E+03  1.5668E+03
0005234   7.5832E+03  1.4834E+02  1.6592E+03
0005235   7.4688E+03  3.5156E+02 -2.7208E+03
0005236   5.6391E+03 -1.8973E+03 -1.4142E+03
0005237   6.7134E+03 -1.4600E+03  2.5880E+03
0005238   7.2339E+03  3.3584E+01 -6.4547E+02
0005239   5.8355E+03 -2.6740E+03 -1.5021E+03
0005240   8.2727E+03  3.6910E+02 -1.5347E+03
0005241   8.3671E+03  1.5793E+02  1.4004E+03
0005242   7.6606E+03 -2.2480E+03  8.7666E+02
0005243   8.4623E+03  2.4319E+03  5.4117E+02
0005244   6.9634E+03 -3.1557E+03  5.4922E+02
0005245   7.6610E+03 -3.0593E+02 -8.2917E+02
0005246   9.3575E+03 -7.8604E+02  2.2006E+03
0005247   8.4960E+03  1.8914E+03  6.8000E+02
0005248   6.0990E+03 -2.1946E+03  1.8884E+03
0005249   7.1754E+03 -1.1942E+03 -2.0009E+03
0005250   5.1874E+03 -7.0007E+02 -3.4353E+03
0005251   7.6341E+03 -3.0832E+03  1.9672E+02
0005252   8.2058E+03  1.4761E+03 -9.8108E+01
0005253   7.2118E+03  4.8836E+02  1.2956E+03
0005254   6.7806E+03 -2.3666E+03  1.1844E+03
0005255   7.1617E+03  7.2171E+02 -2.5352E+03
0005256   7.5747E+03 -2.2817E+03 -1.8588E+03
0005257   8.8421E+03 -2.7810E+02  3.0497E+02
0005258   8.1644E+03  1.0605E+03  5.8367E+02
0005259   6.2774E+03  1.6580E+03  2.1039E+03
0005260   5.0131E+03  9.8673E+02  4.3232E+03
0005261   6.5799E+03 -1.3563E+03 -3.8093E+03
0005262   6.6007E+03  1.2453E+03  1.0052E+03
0005263   8.2527E+03  7.8514E+02  1.4351E+03
0005264   6.9340E+03 -2.9634E+02  3.6403E+03
0005265   6.8562E+03  1.6423E+03  2.2730E+03
0005266   7.2673E+03  2.1583E+03  4.1574E+03
0005267   8.6725E+03 -4.9463E+02 -9.0136E+02
0005268   9.0592E+03  1.8369E+02  1.3354E+03
0005269   8.8981E+03 -8.4304E+02 -5.4703E+02
0005270   8.1187E+03 -2.0987E+03 -9.0273E+02
0005271   7.7555E+03 -1.8291E+02  1.3747E+03
0005272   7.5478E+03 -2.6180E+02 -8.4228E+01
0005273   7.6127E+03 -3.0489E+03 -5.8309E+02
0005274   8.6119E+03  3.2711E+02 -8.8361E+02
0005275   6.8643E+03  1.0354E+03  4.4781E+02
0005276   8.2216E+03  9.7399E+02 -1.3608E+03
0005277   7.1462E+03  2.6773E+03 -1.6384E+02
0005278   6.1354E+03  1.9294E+03  5.4692E+02
0005279   8.4246E+03  1.1951E+03 -1.3117E+03
0005280   5.7244E+03 -2.4505E+03  2.2659E+02
0005281   7.1513E+03  1.2749E+03  4.9635E+02
0005282   8.3639E+03 -8.7492E+02  7.7856E+02
0005283   9.1768E+03 -4.5833E+02  8.7791E+02
0005284   8.3239E+03 -2.2241E+03 -6.2329E+02
0005285   8.5287E+03  9.8777E+02 -1.5055E+03
0005286   5.4450E+03 -5.2928E+02  1.3214E+03
0005287   7.2374E+03  4.2433E+02 -1.2217E+03
0005288   7.2860E+03 -2.4307E+03  1.9420E+03
0005289   5.9594E+03  1.1573E+02  3.2433E+03
0005290   8.9270E+03 -3.4832E+03 -9.9922E+02
0005291   9.2675E+03 -6.5588E+02  1.0145E+03
0005292   6.8124E+03 -1.9801E+03 -5.9707E+02
0005293   7.9638E+03  1.9605E+03  5.6861E+02
0005294   7.8395E+03  2.4672E+03  5.8768E+02
0005295   6.6619E+03 -6.1497E+02  1.3164E+03
0005296   8.0814E+03 -5.3095E+02 -3.2321E+03
0005297   8.9036E+03  1.1952E+03  3.0005E+03
0005298   8.1537E+03 -2.5734E+03 -1.5119E+03
0005299   9.1454E+03 -5.0838E+02 -1.3513E+03
0005300   8.0042E+03 -1.1917E+03 -1.2308E+03
0005301   8.3965E+03  1.5746E+03  2.9802E+02
0005302   7.8602E+03  7.5523E+02 -2.2498E+02
0005303   8.9735E+03  2.9604E+02  1.1286E+02
0005304   8.1418E+03  4.7365E+01  9.5374E+01
0005305   8.0427E+03  2.7578E+03 -7.6361E+02
0005306   7.5216E+03 -2.8502E+03 -7.2564E+02
0005307   7.0858E+03 -3.7596E+03 -6.6553E+02
0005308   9.3669E+03  6.3029E+02 -2.1611E+03
0005309   3.9349E+03  1.3777E+02  3.6553E+03
0005310   3.9458E+03 -5.3243E+02  6.3154E+03
0005311   8.4691E+03  7.4369E+02 -7.8801E+02
0005312   8.2990E+03 -2.8042E+03 -1.1111E+03
0005313   7.8610E+03 -3.0271E+03  2.1308E+03
0005314   7.2867E+03  3.8864E+02 -3.3878E+02
0005315   8.0740E+03 -1.9727E+02 -8.7420E+02
0005316   4.2895E+03  5.5903E+02 -8.2359E+02
0005317   7.7334E+03 -7.9102E+02  1.5485E+03
0005318   6.4674E+03  2.4189E+03  9.6642E+02
0005319   7.0718E+03 -8.4469E+02 -2.9530E+03
0005320   8.4147E+03 -1.8983E+01 -9.3868E+02
0005321   8.9599E+03  1.2998E+03 -4.2305E+02
0005322   5.0801E+03  3.4744E+03  3.6750E+03
0005323   8.2662E+03  8.0690E+02  1.5048E+03
0005324   8.2837E+03  5.7410E+02 -1.9138E+02
0005325   7.4274E+03 -6.0867E+02  2.2539E+03
0005326   8.3411E+03  4.0477E+02  3.1028E+02
0005327   7.8257E+03  1.6116E+02  6.5935E+02
0005328   8.4516E+03 -6.7809E+02 -1.0370E+03
0005329   7.9154E+03 -2.4304E+03  2.4733E+03
0005330   6.4736E+03  2.0562E+03 -8.1179E+02
0005331   8.1947E+03  1.3710E+03  7.0729E+02
0005332   8.9698E+03  3.1394E+02 -1.3767E+03
0005333   6.5590E+03 -2.3046E+03  8.7981E+02
0005334   7.7573E+03  4.3971E+02  1.6677E+03
0005335   7.8671E+03  2.3541E+03 -1.6570E+03
0005336   9.0306E+03  9.8114E+00 -2.0903E+03
0005337   8.7528E+03  1.8260E+03  1.5679E+02
0005338   6.4261E+03  1.4968E+03  2.7746E+03
0005339   1.8526E+03 -1.3816E+03  2.7978E+03
0005340   8.4151E+03 -5.4723E+02  9.3059E+01
0005341   8.1886E+03 -1.5109E+02  1.4330E+03
0005342   8.3099E+03  1.8801E+02 -2.3131E+03
0005343   7.1324E+03 -4.5156E+01  1.5490E+03
0005344   7.0155E+03  1.3039E+03 -2.5340E+02
0005345   7.9203E+03 -1.2123E+03  3.6223E+02
0005346   8.3784E+03 -1.6906E+03  1.1643E+02
0005347   8.8901E+03 -1.8702E+03  1.7613E+03
0005348   8.3917E+03  1.5258E+03  1.3822E+03
0005349   6.3656E+03  2.1232E+03  4.4414E+02
0005351   7.3210E+03 -2.5485E+02  2.0406E+03
0005352   6.3022E+03  1.7446E+03  1.2586E+02
0005353   5.9151E+03 -1.2071E+03  1.0285E+03
0005354   6.0700E+03 -3.0180E+03  6.4046E+02
0005355   8.0866E+03  4.0859E+01 -2.9784E+03
0005356   7.3485E+03  1.3491E+03 -1.2596E+03
0005357   7.5613E+03  2.6262E+02 -1.9542E+02
0005358   7.1125E+03  9.1899E+02  1.7435E+03
0005359   7.8289E+03 -1.7250E+03 -1.1391E+03
0005360   5.8978E+03 -1.2873E+03  4.9704E+03
0005361   7.8640E+03 -1.2679E+03 -1.5884E+03
0005362   8.1239E+03  1.2453E+03 -2.2731E+03
0005363   8.3628E+03  5.5458E+02  3.3579E+02
0005364   8.6104E+03  1.2379E+03  3.5688E+03
0005365   7.5627E+03 -1.8301E+03  1.0853E+03
0005366   7.8510E+03 -7.1600E+02  8.6510E+02
0005367   6.6218E+03 -1.6588E+02 -3.1370E+01
0005368   7.9492E+03  2.0681E+03 -4.4183E+02
0005369   8.8525E+03  2.3438E+03 -6.4476E+02
0005370   7.3441E+03 -1.7313E+03 -3.7273E+02
0005371   9.3750E+03  9.5874E+02 -9.5374E+02
0005372   8.2816E+03 -1.5120E+02 -4.6747E+02
0005373   6.2473E+03  1.3894E+03 -1.8981E+03
0005374   7.9664E+03 -9.6582E+02 -1.6963E+03
0005375   8.4945E+03  4.5247E+02  5.8833E+01
0005376   7.4579E+03 -2.7209E+03  9.4484E+02
0005377   7.4354E+03 -4.2906E+02  3.8514E+03
0005378   8.0435E+03 -4.5490E+02 -3.4882E+02
0005379   6.1426E+03 -1.4579E+03 -1.3543E+03
0005380   5.6901E+03  1.6569E+03 -2.0532E+03
0005381   4.6572E+03  4.6387E+03  3.0339E+03
0005382   7.9896E+03 -1.5897E+02  2.5534E+03
0005383   5.7278E+03 -2.0436E+01  4.4463E+03
0005384   7.6110E+03 -5.0068E+02 -6.0535E+02
0005385   7.2469E+03 -2.6734E+03 -1.8935E+03
0005386   9.2526E+03  1.1063E+03  1.3514E+02
0005387   7.6407E+03  9.7787E+02  1.7988E+02
0005388   7.6281E+03 -3.4998E+02  7.0851E+01
0005389   6.0290E+03  3.0501E+02  3.1805E+03
0005390   7.1691E+03 -2.2715E+03 -7.0442E+01
0005391   7.3331E+03 -1.5235E+03  4.7989E+02
0005392   8.1810E+03 -1.7663E+03 -3.6479E+01
0005393   8.5492E+03 -3.1301E+02 -2.0668E+02
0005394   7.1375E+03 -9.5701E+02 -1.0573E+03
0005395   8.1050E+03 -1.8055E+03 -2.7573E+02
0005396   7.7799E+03  4.4352E+02 -1.9983E+03
0005397   6.0760E+03 -2.4452E+03 -4.0452E+02
0005398   8.1720E+03 -1.2192E+02 -3.1100E+02
0005399   8.5491E+03  2.9138E+02  2.5752E+03
0005400   8.8913E+03 -6.9627E+02  2.3322E+03
0005401   8.6887E+03 -4.8703E+02  2.0580E+03
0005402   7.2814E+03  1.3596E+03  2.5068E+03
0005403   7.1700E+03 -9.3694E+02  2.2673E+03
0005404   5.8075E+03  2.9851E+03 -2.2045E+03
0005405   9.3975E+03  1.7010E+03  6.3569E+02
0005406   8.0446E+03 -1.3024E+03  2.1626E+03
0005407   8.4336E+03 -1.1358E+03  1.1099E+03
0005408   9.1320E+03  3.0676E+02 -1.6263E+03
0005409   7.3339E+03  1.7788E+03  1.7768E+03
0005410   8.7989E+03  1.0263E+03 -5.2614E+02
0005411   6.1615E+03  3.2328E+03 -7.3957E+02
0005412   9.8407E+03  1.5959E+03  2.6389E+02
0005413   7.9913E+03  4.1738E+02  7.6161E+02
0005414   7.5427E+03 -7.8330E+02  1.8621E+03
0005415   9.4539E+03 -9.7166E+02 -1.4896E+03
0005416   8.2904E+03 -1.1521E+03  1.3924E+03
0005417   9.0404E+03 -1.1263E+02 -2.5628E+02
0005418   6.8547E+03 -1.6895E+03  1.5859E+03
0005419   7.8539E+03  1.1747E+03  2.2008E+02
0005420   6.5578E+03 -1.3580E+03  1.4944E+03
0005421   8.1149E+03 -1.6549E+03  1.1085E+03
0005422   7.2650E+03  6.2478E+02 -5.9217E+02
0005423   8.8350E+03 -6.0094E+02 -8.8483E+02
0005424   7.8003E+03  3.9768E+01 -6.4846E+02
0005425   8.3086E+03 -5.6577E+02  1.4882E+02
0005426   5.5344E+03  2.5360E+03 -2.8297E+03
0005427   8.0592E+03 -3.1964E+02  1.0204E+03
0005428   8.4905E+03 -1.0834E+03 -2.6822E+02
0005429   5.9190E+03  7.0142E+02 -5.8727E+03
0005430   7.9559E+03  1.7991E+03  6.8213E+02
0005431   6.6711E+03  2.3160E+03  5.5298E+02
0005432   6.7136E+03 -3.9235E+03  2.0624E+03
0005433   6.7705E+03 -1.6512E+03 -2.2494E+03
0005434   7.1966E+03  1.3436E+03 -1.6191E+03
0005435   6.9513E+03  3.0638E+03 -3.5554E+02
0005436   7.4469E+03 -2.5230E+03 -4.0768E+02
0005437   8.2240E+03  8.5105E+02 -2.2110E+02
0005438   7.8737E+03  1.5257E+03 -1.1413E+03
0005439   6.8722E+03  1.7187E+03  3.5535E+03
0005440   7.0911E+03 -2.5626E+02  2.0727E+03
0005441   8.6199E+03  1.7195E+03  5.3947E+02
0005442   5.8441E+03  1.2307E+03 -4.0490E+03
0005443   7.0453E+03 -1.9930E+03  3.5896E+02
0005444   7.2229E+03 -1.6838E+03 -5.4800E+02
0005445   6.1341E+03 -8.1006E+02  1.3305E+03
0005446   7.9200E+03 -3.1841E+02 -2.2085E+03
0005447   8.8388E+03 -9.6508E+02 -2.1842E+03
0005448   6.1187E+03  1.3373E+03 -3.6914E+03
0005449   8.3094E+03  1.2466E+03 -4.8743E+02
0005450   7.0762E+03  1.2238E+03  2.1099E+03
0005451   5.7663E+03  2.9699E+03 -2.6263E+01
0005452   8.6884E+03 -4.8523E+02  1.7909E+03
0005453   6.6486E+03 -1.3870E+03 -4.3012E+03
0005454   2.7901E+03  1.3842E+03 -6.1522E+03
0005455   9.0870E+03  5.7576E+02  3.1489E+02
0005456   8.0231E+03 -2.3260E+03 -2.1588E+03
0005457   8.6197E+03  4.7729E+02  5.5303E+02
0005458   6.9259E+03 -2.6781E+02  2.0418E+03
0005459   5.8235E+03 -1.9911E+03  2.3134E+03
0005460   9.2449E+03  1.4176E+03  7.0354E+02
0005461   7.9114E+03 -4.6037E+02  1.4776E+03
0005462   6.7194E+03 -1.1578E+03  3.2197E+02
0005463   5.4011E+03  3.4809E+03  1.3780E+03
0005464   8.0144E+03  1.7597E+02  1.2214E+03
0005465   7.1762E+03 -2.8345E+02 -1.8209E+03
0005466   7.2054E+03  5.3017E+02  2.3469E+03
0005467   9.2631E+03 -2.9133E+03 -5.9513E+02
0005468   7.9918E+03 -3.4936E+02 -5.3329E+02
0005469   7.1716E+03  1.7353E+03  2.6975E+03
0005470   7.5925E+03 -1.6262E+03 -1.6787E+03
0005471   7.7382E+03 -1.5697E+03  4.2108E+02
0005472   5.9873E+03  2.4877E+03 -1.3525E+03
0005473   7.4393E+03 -5.8737E+02  1.6224E+02
0005474   6.9317E+03  2.0932E+03  2.9830E+03
0005475   8.6816E+03  2.7167E+03  9.1867E+02
0005476   7.2602E+03 -9.7948E+02 -1.6469E+03
0005477   6.3574E+03 -2.4168E+03  3.2417E+03
0005478   5.4701E+03 -1.5981E+03  2.3681E+03
0005479   7.8853E+03  6.2372E+02  5.4625E+02
0005480   8.9685E+03 -1.6541E+03  1.2657E+03
0005481   7.6785E+03 -5.2114E+02 -2.6159E+03
0005482   8.7682E+03  6.9971E+02 -5.6647E+02
0005483   8.1994E+03  4.4842E+00  2.7687E+02
0005484   7.8187E+03  1.6150E+03  1.9719E+03
0005485   8.0488E+03  6.2997E+02  1.7668E+03
0005486   7.4760E+03  1.0942E+03 -1.7669E+02
0005487   7.8034E+03  2.4965E+03  2.0001E+03
0005488   9.0723E+03 -3.1296E+02 -1.2030E+03
0005489   7.3541E+03 -6.0408E+02  1.1886E+03
0005490   7.6331E+03  2.0833E+03  1.8990E+03
0005491   8.4221E+03 -8.2695E+02  1.9918E+03
0005492   7.9973E+03 -1.6540E+03  5.4826E+02
0005493   8.0162E+03  4.1411E+03 -2.6490E+03
0005494   7.2238E+03  4.5506E+02  3.1416E+03
0005495   5.6281E+03 -2.8123E+03 -9.1996E+02
0005496   8.0188E+03 -9.8110E+02  9.7743E+01
0005497   6.3805E+03 -4.3428E+02  2.7985E+03
0005498   8.4245E+03  1.0333E+03 -3.4034E+02
0005499   9.2841E+03  3.2676E+02  9.0536E+02
0005500   7.9109E+03  1.0325E+03 -3.1692E+03
0005501   7.8097E+03 -4.1346E+02 -1.8293E+02
0005502   7.1697E+03 -8.8563E+02  6.9718E+02
0005503   4.8311E+03 -3.7101E+03 -2.8459E+03
0005504   8.1626E+03  6.0655E+02  1.7634E+02
0005505   8.1409E+03  1.4167E+03  1.5975E+03
0005506   8.3528E+03  3.6196E+03  3.9314E+02
0005507   7.6997E+03  8.7791E+02  6.5717E+02
0005508   7.0586E+03 -2.1763E+03  2.1003E+03
0005509   5.8799E+03 -1.9593E+03  4.5016E+03
0005510   6.7593E+03 -3.0422E+02  1.4394E+02
0005511   7.9461E+03 -1.3741E+03  1.2869E+03
0005512   8.8590E+03  5.8208E+02  2.0737E+03
0005513   5.5588E+03 -6.7033E+02 -5.1881E+02
0005514   7.7195E+03 -2.4665E+03 -1.6145E+03
0005515   6.1714E+03  3.4211E+03 -4.6926E+03
0005516   8.1387E+03 -1.8441E+02 -2.0993E+03
0005517   5.9624E+03 -2.5524E+03  1.7352E+03
0005518   7.6897E+03  1.2545E+02 -6.7542E+02
0005519   9.0940E+03  6.1836E+02 -3.6283E+02
0005520   8.3020E+03 -1.7881E+03 -1.1467E+03
0005521   8.1236E+03 -1.0017E+03  1.5728E+03
0005522   8.1931E+03 -2.2389E+03  1.9196E+03
0005523   8.6288E+03  1.1550E+03  4.1188E+01
0005524   7.6959E+03  8.7161E+02 -8.6065E+02
0005525   9.7509E+03  9.7858E+02 -4.1743E+02
0005526   5.7212E+03 -4.6380E+02 -7.8032E+02
0005527   8.3775E+03  1.0059E+03 -1.6012E+03
0005528   1.9195E+03 -2.5043E+02 -2.9195E+03
0005529   7.0467E+03 -8.1982E+02 -1.3614E+03
0005530   8.0505E+03  1.3865E+03  6.8081E+02
0005531   8.1337E+03  1.1527E+03 -2.3310E+03
0005532   9.0333E+03  8.2368E+02  5.0600E+02
0005533   9.3489E+03  1.2082E+01 -2.1091E+03
0005534   8.4808E+03  3.6312E+02  5.7096E+02
0005535   7.6235E+03 -9.5590E+02  8.4381E+02
0005536   8.2687E+03  1.8339E+03  1.2122E+03
0005537   8.8822E+03 -1.6356E+03 -6.2862E+02
0005538   4.0170E+03  4.4742E+03 -3.8568E+03
0005539   7.4897E+03  2.0121E+03  2.0722E+03
0005540   6.6235E+03 -3.0151E+03  1.3625E+03
0005541   7.1656E+03 -1.3575E+03  3.9443E+03
0005542   6.2306E+03 -3.6403E+03  2.5505E+03
0005543   6.6852E+03  1.8860E+03 -2.1391E+03
0005544   6.8227E+03 -1.4658E+03  1.5629E+03
0005545   8.6615E+03 -2.6625E+02 -5.0771E+02
0005546   8.3639E+03 -5.1390E+02  4.4017E+01
0005547   6.4339E+03 -2.4870E+03  2.0857E+03
0005548   8.5420E+03 -8.5288E+02 -7.8186E+02
0005549   7.7704E+03 -2.3653E+03  1.1558E+03
0005550   7.4052E+03  1.1012E+03  1.3822E+02
0005551   5.6609E+03 -4.2816E+03 -2.0461E+03
0005552   7.9925E+03 -4.5851E+02  2.0465E+03
0005553   2.2558E+03 -1.9037E+03 -2.6887E+03
0005554   8.4090E+03 -1.6066E+03 -5.0763E+02
0005555   8.2864E+03 -5.3011E+02  2.1698E+03
0005556   8.2154E+03  4.3123E+02  1.7640E+02
0005557   4.5213E+03 -3.4302E+03  3.7755E+03
0005558   5.4319E+03  3.7311E+03  2.2186E+03
0005559   7.2696E+03  8.5961E+02  2.0627E+03
0005560   3.8056E+03  1.0831E+02 -4.2342E+02
0005561   7.3280E+03  3.0074E+03  4.9013E+02
0005562   8.4332E+03  4.2952E+02  4.9714E+02
0005563   7.6916E+03  5.7794E+02  9.9212E+02
0005564   6.8075E+03  2.2809E+03  2.6483E+03
0005565   8.1262E+03 -3.2932E+02  6.8225E+02
0005566   8.5644E+03 -9.3532E+02 -7.9780E+02
0005567   7.9022E+03  1.3670E+03  6.1853E+01
0005568   7.2705E+03  2.0458E+03 -1.8494E+03
0005569   8.7953E+03  1.7880E+02  1.7523E+03
0005570   6.6625E+03  2.9017E+03 -7.1108E+02
0005571   5.9643E+03  2.7382E+03 -3.0653E+03
0005572   7.3365E+03 -2.0363E+03  1.5534E+03
0005573   8.7516E+03 -1.2593E+03 -9.8740E+02
0005574   7.4170E+03 -2.4221E+03 -1.0563E+03
0005575   3.4370E+03  1.5752E+03  5.5641E+03
0005576   7.5752E+03 -3.2786E+03 -1.6016E+03
0005577   8.2169E+03 -7.2768E+02 -2.0670E+03
0005578   6.8806E+03  1.6305E+03  9.6855E+02
0005579   8.9004E+03 -1.5133E+03  5.0147E+02
0005580   6.7441E+03 -3.6530E+03 -2.4557E+03
0005581   6.5506E+03 -1.6212E+03  4.9484E+02
0005582   7.2398E+03 -1.6866E+03 -9.6262E+02
0005583   8.6805E+03 -1.3238E+03  3.1438E+02
0005584   7.2609E+03 -2.3614E+03  7.8752E+02
0005585   6.6355E+03 -2.8076E+03  1.8089E+03
0005586   7.5329E+03  1.0005E+03  6.9595E+02
0005587   6.7096E+03  2.0598E+03 -6.2762E+02
0005588   2.8748E+03 -1.6314E+03  1.7368E+03
0005589   7.8325E+03  4.5700E+02  1.8092E+03
0005590   8.1057E+03  1.1202E+02  1.3600E+03
0005591   7.2469E+03  3.4710E+03  1.6662E+03
0005592   7.6164E+03 -8.4184E+02 -1.2836E+03
0005593   5.6873E+03 -6.6010E+02  6.5500E+02
0005594   7.9377E+03  7.8147E+02  1.6577E+03
0005595   7.9103E+03 -8.0026E+01 -1.1375E+03
0005596   8.4693E+03  5.9609E+01 -1.5390E+03
0005597   9.3800E+03  4.2480E+02 -1.9482E+03
0005598   9.0369E+03 -6.2939E+02  4.6828E+02
0005599   8.7779E+03 -9.2161E+02  7.8305E+02
0005600   8.8023E+03  1.8507E+02 -8.5432E+02
0005601   8.0957E+03 -1.0420E+03 -3.3158E+02
0005602   6.6389E+03  2.8965E+03 -2.0017E+03
0005603   7.0276E+03  6.5780E+02 -1.0544E+03
0005604   5.3778E+03 -2.4321E+03 -3.3527E+03
0005605   8.3404E+03  4.0334E+02  3.9737E+02
0005606   8.2224E+03  3.0428E+03  2.5331E+02
0005607   7.4214E+03 -1.2189E+03  5.0963E+02
0005608   7.9230E+03 -6.4797E+02 -7.5519E+02
0005609   7.4570E+03  1.7204E+03 -1.3829E+02
0005610   8.5841E+03  2.6651E+02  2.2932E+02
0005611   6.9506E+03 -2.2411E+03 -2.3227E+03
0005612   5.4498E+03 -4.4841E+01  3.8884E+03
0005613   5.0364E+03  1.8286E+03  6.4342E+02
0005614   9.0513E+03  1.5547E+03 -4.6304E+02
0005615   7.0209E+03 -2.8087E+03  1.2983E+02
0005616   7.0691E+03 -1.9823E+03 -4.2117E+03
0005617   6.3273E+03  4.5687E+03  2.8586E+03
0005618   6.4641E+03 -1.9860E+03 -1.2114E+03
0005619   8.1257E+03  1.7158E+03 -4.8156E+02
0005620   8.7810E+03  1.0505E+03  1.3170E+03
0005621   8.7979E+03 -1.0994E+03  1.8825E+03
0005622   6.5783E+03 -7.1502E+02 -3.6584E+03
0005623   8.1071E+03 -1.4459E+03  5.8673E+02
0005624   9.6968E+03 -6.9513E+02 -4.2728E+02
0005625   6.3721E+03 -7.7038E+02 -3.8857E+02
0005626   8.8145E+03 -1.1696E+03 -7.4004E+02
0005627   3.7834E+03 -4.7717E+03  1.8368E+03
0005628   8.5281E+03 -8.8395E+02  3.5368E+02
0005629   6.7961E+03 -2.8868E+03  1.2367E+03
0005630   7.6781E+03  1.6856E+03 -1.1360E+02
0005631   5.2917E+03  8.7874E+02 -2.2265E+03
0005632   8.5428E+03 -3.3836E+03  2.9654E+03
0005633   7.1141E+03 -2.9762E+03 -1.9922E+03
0005634   5.8782E+03  4.5754E+03  3.2442E+02
0005635   5.9803E+03  2.6399E+03 -2.3126E+03
0005636   8.6761E+03 -1.3005E+03  1.0157E+03
0005637   6.2570E+03 -1.3918E+03 -8.0798E+02
0005638   9.2004E+03 -5.7059E+02  1.4705E+02
0005639   7.1738E+03 -2.6398E+03 -1.6396E+03
0005640   9.3151E+03 -1.8042E+03  5.9458E+02
0005641   7.8579E+03 -1.0092E+03 -1.1011E+03
0005642   6.5223E+03 -3.1482E+02  4.0559E+03
0005643   6.5628E+03 -1.0339E+03 -8.3148E+02
0005644   8.5025E+03 -2.2488E+02 -4.4710E+02
0005645   6.2887E+03 -2.2568E+03 -2.0276E+03
0005646   7.8242E+03 -7.5378E+02  1.2325E+03
0005647   8.7747E+03  1.9160E+03 -1.9029E+03
0005648   8.8724E+03  1.2452E+03  2.1472E+03
0005649   7.3799E+03  2.1113E+03  2.1607E+03
0005650   8.4072E+03  4.4468E+02  7.0710E+02
0005651   8.3342E+03  4.8586E+02  1.2657E+03
0005652   6.5656E+03 -3.2126E+02 -9.6658E+02
0005653   7.2360E+03 -8.5191E+02 -2.3021E+01
0005654   7.7453E+03  1.3595E+03  6.2218E+02
0005655   7.4232E+03 -1.6884E+03 -2.7581E+03
0005656   7.0624E+03  2.8411E+03  1.2107E+03
0005657   6.7620E+03  2.8204E+02 -2.7415E+03
0005658   8.5722E+03  7.9700E+01  2.0736E+03
0005659   8.4826E+03 -1.2698E+02 -1.2253E+03
0005660   7.9717E+03 -3.3255E+02  1.2022E+03
0005661   8.6977E+03 -1.6261E+03 -7.5385E+02
0005662   7.8364E+03 -2.1639E+02  1.8694E+01
0005663   8.4880E+03  8.6337E+02  3.7044E+02
0005664   4.6093E+03 -1.2104E+03 -2.2828E+03
0005665   5.1955E+03  2.6625E+02 -2.3123E+03
0005666   9.2869E+03 -1.8266E+02 -6.5675E+02
0005667   6.9958E+03 -3.5472E+02 -2.8851E+03
0005668   9.5033E+03  2.8584E+02  1.8834E+03
0005669   7.2706E+03  3.7255E+02  2.1085E+03
0005670   8.3422E+03  3.4645E+02 -1.6759E+03
0005671   1.0594E+03  6.7367E+02  4.5124E+02
0005672   8.5199E+03 -8.1014E+02  9.5788E+02
0005673   7.7150E+03 -2.7324E+03 -2.3554E+02
0005674   7.3865E+03  7.9101E+02 -6.7566E+02
0005675   8.8517E+03 -7.5016E+02  1.1265E+03
0005676   6.4984E+03 -1.8155E+03 -2.3323E+03
0005677   7.2667E+03 -2.8511E+03 -7.7824E+02
0005678   6.0050E+03 -2.3936E+03  3.5249E+02
0005679   7.9525E+03 -3.8717E+02 -8.8655E+02
0005680   7.9996E+03  1.0369E+03 -3.6150E+02
0005681   8.6709E+03  6.2939E+02 -5.6384E+02
0005682   6.8940E+03  1.5139E+03  8.0852E+02
0005683   7.2752E+03  1.2396E+03 -1.5121E+03
0005684   7.6129E+03  1.0793E+03  3.1616E+03
0005685   2.1544E+03 -1.9608E+03 -2.3073E+03
0005686   8.4514E+03  5.1676E+01 -2.4797E+03
0005687   6.1931E+03 -1.3623E+03 -2.9374E+03
0005688   7.2368E+03 -3.4311E+03  1.2533E+03
0005689   7.3883E+03  2.3197E+03  6.0754E+02
0005690   7.7934E+03  1.2950E+03  1.8146E+02
0005691   7.4845E+03  4.6149E+02  4.6669E+02
0005692   4.8775E+03 -4.8413E+03  4.5080E+02
0005693   4.3199E+03  3.0923E+03  8.8658E+02
0005694   7.2726E+03 -9.9551E+02  2.4042E+03
0005695   7.3972E+03  2.5199E+03 -1.3326E+03
0005696   6.7931E+03 -8.6463E+02  3.1530E+03
0005697   7.0338E+03  1.4344E+03  1.5032E+03
0005698   8.9362E+03 -7.2287E+02 -1.2177E+03
0005699   3.4569E+03 -4.8955E+03 -3.4720E+03
0005700   6.1937E+03  3.0456E+03  2.8813E+03
0005701   8.8172E+03 -2.5764E+03 -1.1689E+03
0005702   7.9922E+03  4.4083E+02 -1.8980E+03
0005703   7.2281E+03  2.1489E+02 -1.2995E+03
0005704   7.8881E+03 -1.6790E+02  1.8453E+03
0005705   7.3689E+03  2.1551E+03  1.0909E+03
0005706   8.7130E+03 -1.4959E+03 -1.1074E+03
0005707   8.0213E+03  2.0831E+03 -9.2991E+02
0005708   7.8910E+03 -1.8946E+02 -1.4279E+02
0005709   7.4318E+03 -2.1044E+03  2.4624E+02
0005710   5.4400E+03 -3.4579E+03 -2.8788E+03
0005711   6.5275E+03 -1.6242E+03  3.1643E+03
0005712   7.0113E+03  2.4110E+01  9.9152E+02
0005713   8.2776E+03 -9.1215E+02 -3.0492E+03
0005714   9.2241E+03  2.0444E+02  5.4612E+02
0005715   7.7866E+03  1.2460E+03  1.2428E+03
0005716   8.1137E+03 -1.7871E+02  1.9440E+03
0005717   7.9106E+03  7.1551E+02 -6.5051E+02
0005718   6.9647E+03  2.8631E+03 -2.4299E+03
0005719   8.6437E+03  1.4301E+03 -3.8733E+02
0005720   7.6117E+03  1.1403E+03  3.3257E+03
0005721   8.2610E+03 -5.2512E+02  7.0168E+02
0005722   8.9401E+03  2.2057E+03 -4.1767E+02
0005723   6.5726E+03 -1.3982E+03 -1.2365E+03
0005724   9.4472E+03  2.2677E+02  1.8500E+02
0005725   7.1983E+03  1.1227E+03 -1.0856E+03
0005726   7.4731E+03  1.6511E+03 -1.6505E+02
0005727   7.9818E+03 -3.6169E+03 -3.5985E+00
0005728   6.6845E+03 -6.0948E+02  1.9700E+03
0005729   7.5378E+03  1.6832E+03 -1.0122E+03
0005730   9.2163E+03 -1.1488E+03 -7.6249E+02
0005731   4.9212E+03  2.0408E+03 -4.5089E+03
0005732   7.2921E+03  2.0336E+03  2.0451E+03
0005733   7.6916E+03  1.1879E+03  1.3910E+03
0005734   6.4963E+03 -3.5161E+03  3.4581E+03
0005735   8.6823E+03 -3.5976E+02  1.4797E+03
0005736   7.8269E+03  2.8570E+03 -1.1238E+03
0005737   8.1163E+03  3.1561E+03  1.3425E+02
0005738   7.9399E+03  6.3266E+02 -8.3269E+01
0005739   7.7983E+03  1.6426E+02  2.5158E+03
0005740   7.3371E+03 -2.2688E+03 -8.3975E+02
0005741   7.7440E+03 -4.1817E+01  2.0521E+02
0005742   7.8453E+03 -1.8026E+03 -1.4129E+03
0005743   7.7530E+03 -2.2733E+03 -7.8713E+02
0005744   5.3466E+03  3.8562E+03  4.0160E+02
0005745   7.9509E+03 -6.0920E+02 -1.3730E+02
0005746   8.6762E+03  6.8772E+02 -9.4136E+02
0005747   7.9408E+03 -1.4393E+03  1.2713E+03
0005748   8.9251E+03  5.7852E+02  3.7505E+02
0005749   3.4296E+03 -2.2199E+03  2.2211E+03
0005750   8.7901E+03  9.8776E+02 -1.8853E+02
0005751   7.3063E+03 -1.6824E+02  2.5334E+03
0005752   8.6546E+03 -1.1265E+03 -4.7027E+02
0005753   6.4731E+03  6.6564E+02 -4.1163E+02
0005754   8.4212E+03 -1.5009E+02 -1.7728E+02
0005755   8.6281E+03 -8.8488E+02  6.3753E+02
0005756   7.4683E+03 -2.2361E+02  3.9893E+00
0005757   8.7753E+03  7.4874E+02  4.8332E+02
0005758   8.5939E+03 -3.2994E+02  2.2445E+03
0005759   8.7534E+03 -1.5592E+03 -1.2545E+03
0005760   8.1931E+03  1.6898E+03 -7.7976E+02
0005761   8.4692E+03 -2.2906E+02 -1.3944E+03
0005762   5.3995E+03 -1.6210E+03 -6.4321E+03
0005763   5.3155E+03  1.3093E+03 -2.3445E+03
0005764   8.2213E+03  2.1913E+03 -1.2860E+03
0005765   8.7579E+03 -5.0980E+02  1.0788E+03
0005766   7.7285E+03 -1.4078E+03  9.9530E+02
0005767   7.2558E+03  1.7984E+03 -2.3076E+03
0005768   8.5080E+03  1.6762E+03 -8.8512E+02
0005769   8.0151E+03 -1.5155E+03  1.6521E+03
0005770   5.8477E+03 -1.2103E+03  6.3886E+03
0005771   8.3720E+03  9.8688E+02  8.9440E+02
0005772   8.9694E+03  8.5301E+02 -1.9013E+03
0005773   7.8024E+03  2.8546E+01 -1.2160E+03
0005774   9.0185E+03  8.9427E+02 -7.2370E+02
0005775   6.3148E+03  1.1959E+02 -6.0355E+00
0005776   8.1178E+03  1.1143E+03  5.8788E+02
0005777   9.0825E+03 -1.6370E+03  2.0093E+02
0005778   7.1086E+03  1.9889E+03 -1.0546E+02
0005779   4.7724E+03  2.8296E+03  2.7725E+03
0005780   7.8151E+03 -2.5618E+03 -3.6116E+03
0005781   6.4752E+03 -2.1292E+03  1.2136E+03
0005782   7.3774E+03  2.6277E+03  5.1924E+02
0005783   6.1980E+03 -1.1454E+03  5.8332E+01
0005784   7.4022E+03 -2.0765E+03  7.7519E+02
0005785   7.9552E+03  1.2565E+03 -1.4900E+03
0005786   6.0636E+03  2.6305E+03 -4.6382E+02
0005787   7.7968E+03 -3.7478E+03 -2.8157E+03
0005788   4.5751E+03  2.1644E+02 -2.5710E+03
0005789   7.1922E+03  3.7825E+03 -6.2317E+02
0005790   7.4514E+03  1.8550E+03  2.1646E+03
0005791   7.1175E+03 -6.2334E+02  2.0285E+03
0005792   7.8995E+03 -3.2189E+03 -8.8172E+02
0005793   8.9780E+03 -1.3178E+03 -4.2627E+02
0005794   8.7864E+03 -6.0011E+01 -6.2928E+02
0005795   8.4751E+03 -6.5048E+02  6.7756E+02
0005796   5.1482E+03 -2.2145E+03 -1.4577E+03
0005797   8.8266E+03  1.6713E+03  2.7357E+03
0005798   7.7503E+03  5.9821E+02  9.7299E+02
0005799   8.9276E+03 -1.5250E+03 -8.1453E+02
0005800   7.9652E+03 -5.6785E+02 -2.9708E+03
0005801   6.7279E+03 -3.0323E+02 -3.4403E+03
0005802   9.0844E+03 -3.0436E+02  4.0059E+02
0005803   7.8584E+03 -2.1504E+03  8.6064E+02
0005804   7.5315E+03  1.3918E+02 -1.2639E+03
0005805   8.5880E+03 -5.2606E+02 -5.2334E+02
0005806   7.9301E+03 -7.7371E+02 -1.3661E+03
0005807   8.0443E+03  1.2534E+03 -2.2254E+03
0005808   8.3680E+03 -5.6939E+02 -4.3864E+02
0005809   8.1814E+03 -1.4625E+03 -2.1236E+03
0005810   6.9715E+03 -1.4001E+03  7.3277E+02
0005811   7.7851E+03  3.5260E+02  1.2735E+03
0005812   9.5464E+03 -1.1018E+03 -1.6845E+03
0005813   8.6043E+03  1.7870E+03  1.4126E+02
0005814   3.4287E+03 -2.5276E+03  5.4575E+03
0005815   7.3978E+03 -1.6826E+03  2.2835E+03
0005816   5.5101E+03  8.2750E+02  2.0805E+03
0005817   8.7664E+03 -2.4514E+02 -6.9205E+02
0005818   6.6827E+03  1.1334E+03  9.1813E+02
0005819   7.9384E+03  3.3339E+03  2.1542E+03
0005820   6.2579E+03 -2.2954E+03  2.7546E+03
0005821   6.3028E+03 -2.2458E+03  2.5830E+03
0005822   7.0737E+03  2.3102E+03 -1.4015E+03
0005823   8.3111E+03  1.0773E+03 -2.1278E+02
0005824   8.2766E+03 -1.0649E+03  4.2360E+02
0005825   7.8981E+03 -6.3036E+02  5.5008E+02
0005826   9.2316E+03 -6.4500E+02 -8.2174E+02
0005827   5.8483E+03 -3.1773E+03  2.7211E+03
0005828   9.4989E+03  3.9249E+02 -2.0166E+03
0005829   8.5805E+03 -3.6154E+02 -7.0030E+02
0005830   8.0443E+03 -1.6035E+03  4.8162E+02
0005831   5.7453E+03  3.5363E+02 -2.4125E+02
0005832   8.8534E+03 -1.6088E+03 -7.6394E+02
0005833   8.8258E+03 -5.8395E+02 -1.1113E+03
0005834   7.2306E+03 -1.0833E+03 -2.5278E+02
0005835   8.2332E+03  3.9176E+02  1.5394E+03
0005836   9.3617E+03  5.7592E+02  4.4810E+02
0005837   7.2175E+03  7.5927E+02 -9.2722E+02
0005838   5.6073E+03  4.7487E+03 -1.6181E+03
0005839   6.8867E+03  1.8766E+03  2.7665E+03
0005840   7.4596E+03  1.5719E+03 -6.1376E+02
0005841   8.8459E+03 -6.2039E+02 -1.0372E+02
0005842   7.7798E+03 -1.1543E+03  1.9477E+03
0005843   7.3904E+03  2.2902E+03  1.2308E+03
0005844   9.0245E+03  5.1295E+02  5.3027E+02
0005845   8.1877E+03 -9.3084E+01 -2.1442E+03
0005846   7.0125E+03 -1.9011E+03 -1.3195E+03
0005847   7.2595E+03  4.2426E+03 -1.5795E+03
0005848   7.0623E+03 -1.0366E+03 -8.0970E+02
0005849   7.5543E+03 -2.1291E+02 -4.3428E+02
0005850   6.6386E+03  1.8242E+03 -1.9251E+03
0005851   7.8960E+03 -1.1879E+03 -8.5868E+02
0005852   5.6411E+03 -2.4299E+03  2.0493E+03
0005853   6.8211E+03  4.0919E+03  1.5016E+03
0005854   5.8578E+03  1.7108E+03 -3.0043E+03
0005855   7.6359E+03  1.3400E+03  1.2848E+03
0005856   5.8020E+03  1.6504E+03 -8.7016E+02
0005857   6.9104E+03 -4.4481E+03  2.0152E+03
0005858   7.7483E+03 -1.7340E+03  1.1656E+03
0005859   6.0005E+03 -9.7367E+02 -4.6666E+03
0005860   7.5156E+03  2.5837E+03 -1.6374E+03
0005861   7.3358E+03  1.0070E+03 -2.2412E+03
0005862   7.5297E+03  1.4659E+03  1.5188E+03
0005863   7.5999E+03  5.8511E+02 -2.3191E+03
0005864   7.7872E+03 -1.4700E+03 -2.0472E+03
0005865   7.2746E+03  7.1116E+02 -2.0106E+02
0005866   7.9549E+03 -1.0074E+03 -1.5572E+03
0005867   7.3114E+03  3.0659E+03 -1.6369E+03
0005868   6.8861E+03 -2.0523E+03  4.8131E+03
0005869   8.4067E+03 -1.2950E+02 -4.0538E+02
0005870   8.2937E+03  1.3535E+03 -8.9909E+02
0005871   6.0087E+03  7.8163E+02  1.5193E+03
0005872   7.4725E+03  5.0839E+02  1.8636E+03
0005873   5.9827E+03  1.7887E+03  2.0008E+03
0005874   6.6607E+03 -9.0018E+02 -8.3555E+02
0005875   9.2849E+03  2.2012E+02  2.4335E+02
0005876   8.6343E+03  8.3063E+02 -2.6410E+03
0005877   8.2496E+03  1.5001E+03  1.0082E+03
0005878   7.8723E+03 -2.3848E+02  2.2100E+03
0005879   7.3886E+03  4.2867E+02 -4.1644E+03
0005880   2.6252E+03  2.8693E+03  6.4782E+02
0005881   8.4582E+03 -2.1544E+02 -6.3509E+02
0005882   7.7358E+03 -1.7235E+03  1.6438E+03
0005883   3.8315E+03 -1.7768E+03 -3.0855E+03
0005884   7.7341E+03  3.2941E+03 -5.3146E+02
0005885   8.7784E+03  5.1682E+02  6.1159E+02
0005886   7.7174E+03 -5.3047E+02  2.6515E+03
0005887   7.8556E+03 -2.6119E+02  1.5707E+02
0005888   5.4341E+03 -2.2617E+03  3.6923E+03
0005889   8.2094E+03  9.5597E+02  7.2850E+02
0005890   8.2470E+03  6.0791E+02 -1.2357E+03
0005891   8.3602E+03  1.1280E+02  1.8835E+03
0005892   7.5201E+03 -2.1283E+03 -1.7598E+03
0005893   8.0377E+03  9.5952E+02 -7.0815E+00
0005894   8.3014E+03  1.2022E+03  7.8780E+02
0005895   5.4915E+03 -6.3689E+03  1.2780E+02
0005896   6.6995E+03  3.0134E+02  1.2445E+03
0005897   7.2267E+03 -6.8866E+02 -1.2401E+03
0005898   8.0620E+03 -6.5013E+02 -1.4608E+03
0005900   7.9783E+03 -8.8609E+02  1.1385E+02
0005901   1.7139E+03 -7.9971E+02  9.6109E+02
0005902   8.1296E+03 -2.1200E+03 -2.3656E+02
0005903   8.7405E+03 -1.6197E+03  1.6125E+02
0005904   9.6267E+03 -5.5979E+02 -1.2874E+02
0005905   7.0364E+03  6.4311E+02 -7.6603E+02
0005906   8.2445E+03  1.4518E+03 -2.1717E+03
0005907   9.4060E+03 -8.4371E+02  1.1652E+03
0005908   9.4517E+03  7.7400E+02 -2.0101E+03
0005909   6.5016E+03  1.9572E+03  3.5173E+03
0005910   7.1116E+03 -1.1302E+03 -4.5613E+01
0005911   6.8661E+03 -6.7782E+02  1.1296E+03
0005912   8.2887E+03 -1.1323E+02  5.6547E+02
0005913   6.8397E+03  3.3998E+03 -1.8985E+03
0005914   9.4629E+03 -1.8663E+02  8.8806E+02
0005915   5.9995E+03 -1.3905E+03  1.5633E+03
0005916   5.8382E+03 -2.9125E+02 -4.5838E+02
0005917   7.5421E+03  1.5100E+03  1.0869E+03
0005918   8.6738E+03  1.9906E+03  4.1490E+03
0005919   8.1234E+03 -1.7076E+03  6.7318E+02
0005920   7.2222E+03  3.3441E+02  9.1900E+02
0005921   5.1751E+03 -1.4853E+03 -8.9973E+02
0005922   8.2436E+03 -3.1743E+03 -1.5607E+02
0005923   6.9697E+03 -6.1649E+01 -3.0855E+03
0005924   8.2062E+03 -1.7756E+02 -3.5610E+02
0005925   8.3371E+03  4.3107E+01  1.6970E+02
0005926   8.3508E+03 -1.9355E+03 -7.0258E+02
0005927   7.5760E+03 -7.5475E+02 -2.7727E+03
0005928   5.0575E+03 -5.2114E+02 -2.3712E+03
0005929   7.8931E+03 -5.1419E+02 -2.0072E+02
0005930   7.5559E+03 -1.2524E+03 -9.0028E+02
0005931   7.9758E+03 -1.9351E+03  9.8050E+02
0005932   6.3308E+03 -1.1271E+03  1.0398E+01
0005933   4.9259E+03 -2.8127E+03  2.8526E+02
0005934   8.0733E+03  5.8169E+02 -2.0489E+03
0005935   7.1461E+03  1.6342E+03 -1.3189E+03
0005936   9.3047E+03 -6.7166E+02 -2.5333E+03
0005937   7.1839E+03  1.0630E+03 -1.3720E+03
0005938   6.6716E+03  1.0488E+03 -9.4761E+02
0005939   6.3266E+03  3.6117E+03  3.6977E+02
0005940   6.1607E+03 -6.6450E+02  3.4244E+03
0005941   7.2954E+03  3.4581E+03  3.8417E+02
0005942   8.0667E+03 -5.8539E+02 -4.0115E+02
0005943   7.5877E+03  6.4035E+02  1.1751E+03
0005944   8.0929E+03  1.5064E+03 -1.9345E+03
0005945   8.9293E+03  7.5725E+01 -4.7767E+02
0005946   5.0141E+03  1.6170E+03  1.3325E+03
0005947   6.3482E+03 -1.0391E+03 -2.4867E+03
0005948   5.6703E+03  8.5746E+02  7.2434E+02
0005949   6.8206E+03 -9.8382E+02 -5.5978E+02
0005950   7.8800E+03  1.0259E+03  1.7504E+03
0005951   6.3173E+03 -5.1020E+02  2.0172E+03
0005952   7.7936E+03 -1.5252E+03 -1.9893E+01
0005953   8.4979E+03  1.6868E+03 -1.2033E+03
0005954   7.5968E+03  7.7570E+02  1.8013E+03
0005955   6.8363E+03 -5.7375E+02 -3.0051E+03
0005956   7.1302E+03  2.1705E+02 -8.7018E+02
0005957   8.1391E+03  4.6258E+02 -2.2051E+03
0005958   7.8809E+03  5.0013E+02  8.4400E+02
0005959   5.8855E+03  4.8903E+02 -2.5521E+03
0005960   7.4036E+03  8.2996E+02  8.2340E+02
0005961   8.1688E+03 -1.5601E+03  2.8405E+02
0005962   7.9249E+03  1.1886E+03  1.1406E+03
0005963   8.8457E+03  7.1655E+02  8.4889E+01
0005964   6.4396E+03  1.5374E+03 -3.2103E+02
0005965   2.4515E+03  7.8796E+02 -4.1750E+02
0005966   8.0962E+03  9.2716E+02 -1.8604E+03
0005967   7.3625E+03 -8.7389E+02  1.5492E+03
0005968   7.6948E+03 -2.0818E+03  8.0784E+02
0005969   8.0670E+03 -5.2119E+02  1.9230E+02
0005970   8.3236E+03  1.8751E+03 -1.8652E+03
0005971   8.7261E+03  9.5926E+02 -1.4510E+03
0005972   5.5795E+03 -1.0162E+03  5.9363E+03
0005973   7.0708E+03  4.6203E+01 -1.2662E+03
0005974   8.3243E+03  9.5418E+02 -1.2332E+03
0005976   7.7086E+03  2.4345E+02  2.0119E+03
0005977   7.3373E+03  1.1186E+03  3.5449E+03
0005978   6.0359E+03  7.0604E+02 -5.5163E+03
0005979   7.0609E+03 -1.9207E+01 -1.0364E+03
0005980   5.3049E+03 -1.2036E+03  4.7607E+03
0005981   8.0415E+03  2.3113E+03  4.2256E+02
0005982   8.1309E+03 -5.4181E+02 -1.4825E+03
0005983   8.8096E+03 -9.2161E+02 -1.3559E+02
0005984   7.8887E+03 -1.2205E+03 -2.9020E+03
0005985   4.8009E+03  1.9289E+03 -2.5630E+03
0005986   7.3828E+03 -1.3513E+03  1.2801E+02
0005987   7.4827E+03 -8.7379E+02  2.0852E+03
0005988   8.7734E+03 -5.5665E+02 -1.8155E+03
0005989   7.8810E+03 -1.6542E+03 -6.5463E+02
0005990   7.7930E+03  1.2306E+03  5.8483E+02
0005991   6.5226E+03 -2.6173E+03 -1.9516E+02
0005992   8.0076E+03 -2.9586E+02  1.9238E+03
0005993   7.6059E+03  4.3956E+02 -1.1303E+03
0005994   6.7958E+03 -2.0553E+03 -3.0319E+03
0005995   8.5484E+03 -1.8632E+03  1.6198E+03
0005996   7.7912E+03  3.4750E+02  3.6177E+01
0005997   8.9399E+03  8.7941E+02 -1.0891E+03
0005998   8.0233E+03  2.0747E+03  3.5587E+02
0005999   8.3415E+03 -3.9109E+02  1.3873E+02
0006000   8.7392E+03  3.6407E+03 -1.4203E+03
0006001   6.9399E+03 -1.5672E+03  1.3467E+03
0006002   8.1671E+03 -8.7522E+01 -7.8436E+02
0006003   8.6432E+03 -1.0395E+03 -6.9310E+01
0006004   6.0426E+03 -1.6927E+02 -2.5119E+03
0006005   6.7138E+03  1.7999E+03 -2.3013E+01
0006006   7.3103E+03 -5.4767E+02 -1.5013E+03
0006007   8.2885E+03 -6.9051E+02 -2.5309E+03
0006008   6.8393E+03 -2.7354E+03 -1.8242E+03
0006009   8.3122E+03 -1.3507E+03 -1.4126E+03
0006010   7.7632E+03 -1.0451E+03 -7.8432E+02
0006011   8.2602E+03  1.1250E+03  4.8074E+02
0006012   8.2488E+03 -2.0540E+02 -1.8259E+03
0006014   5.6582E+03 -2.9398E+03 -9.9539E+02
0006015   4.7419E+03 -1.5422E+03 -8.4270E+02
0006016   6.6928E+03  1.1340E+03  2.5632E+03
0006017   7.3473E+03  7.2056E+02  7.0295E+02
0006018   6.5704E+03 -1.5942E+03 -3.2007E+03
0006019   7.9766E+03  1.6369E+03  4.8690E+02
0006020   8.1825E+03 -2.4533E+03 -9.5813E+02
0006021   8.4763E+03  8.9318E+02 -1.8860E+03
0006022   8.9618E+03 -2.6632E+03  9.3264E+02
0006023   7.5244E+03  2.2560E+03 -1.8965E+03
0006024   5.1778E+03  1.0371E+03  2.9387E+03
0006025   1.6426E+03 -7.8935E+03  1.4400E+03
0006026   6.3174E+03 -1.3018E+02 -2.2870E+03
0006027   7.3837E+03  5.6838E+01 -3.6262E+03
0006028   7.1211E+03  1.7701E+03 -1.1353E+02
0006029   8.1119E+03 -8.4768E+00  2.1480E+02
0006030   8.1611E+03 -3.3720E+02 -1.1366E+02
0006031   8.5256E+03 -1.2536E+03  1.1228E+02
0006032   6.5706E+03 -1.2401E+03  2.2928E+03
0006033   9.4078E+03  1.1862E+00 -3.3539E+02
0006034   6.0554E+03 -2.1315E+03 -1.1972E+03
0006035   6.4438E+03 -2.8018E+03 -2.4072E+03
0006036   7.3535E+03 -2.0145E+03 -1.5802E+03
0006037   7.2869E+03 -2.2741E+03  4.0708E+03
0006038   8.0052E+03  2.7713E+03 -8.8647E+01
0006039   9.7459E+03 -1.2088E+03  1.0476E+03
0006040   8.3550E+03 -2.9062E+03  1.1293E+03
0006041   7.5568E+03  2.1294E+03 -1.3168E+03
0006042   7.1791E+03 -7.3179E+02 -1.9691E+03
0006043   6.9834E+03 -3.1527E+02 -2.7162E+03
0006044   7.3400E+03  5.1925E+01  1.2219E+03
0006045   8.0791E+03 -4.4541E+02 -1.3343E+03
0006046   9.6494E+03  4.1354E+02 -3.2324E+03
0006047   8.1548E+03  1.1501E+03 -8.7252E+02
0006048   7.8201E+03 -1.1772E+03  2.6231E+02
0006049   6.5081E+03 -1.1665E+03 -3.9317E+03
0006050   8.2004E+03 -8.8777E+02 -1.4569E+03
0006051   6.2986E+03  1.1419E+02  4.1675E+03
0006052   7.9094E+03  7.3359E+02 -5.6529E+02
0006053   6.5518E+03  1.6022E+03 -1.1910E+03
0006054   7.4842E+03  1.4299E+03 -7.5455E+02
0006055   7.2755E+03 -1.3554E+03 -6.3662E+01
0006056   7.4890E+03  1.4767E+02 -2.2388E+03
0006057   5.9943E+03  1.7785E+03 -7.2189E+01
0006058   8.7911E+03  1.6317E+03 -6.8498E+01
0006059   7.8805E+03 -1.6695E+03 -4.7165E+02
0006060   8.9177E+03  1.3294E+03  5.1224E+01
0006061   7.1421E+03  4.1049E+02  1.6232E+03
0006062   7.2971E+03 -7.6163E+02  1.3252E+03
0006063   7.7234E+03  1.3069E+03 -1.3804E+03
0006064   6.3252E+03 -4.1417E+02 -1.3017E+03
0006065   7.7153E+03 -1.8104E+02 -2.3605E+02
0006066   8.3790E+03  1.1174E+03 -2.0982E+03
0006067   7.4305E+03 -1.1930E+03 -2.0533E+03
0006068   7.1616E+03 -6.3924E+01  4.1366E+02
0006069   5.1696E+03  3.7047E+03 -2.6690E+03
0006070   7.4454E+03  1.9803E+03  1.1732E+03
0006071   8.3077E+03 -2.0451E+03  3.2178E+03
0006072   6.1718E+03  1.1347E+01  1.0934E+03
0006073   8.3833E+03 -7.8775E+02  1.3223E+03
0006074   8.6768E+03 -5.4602E+02 -2.5311E+02
0006075   7.9588E+03 -7.1999E+02  2.2389E+03
0006076   6.4359E+03 -1.1445E+03  4.1781E+03
0006077   5.8873E+03 -8.1477E+02  7.9547E+01
0006078   7.0642E+03  6.4040E+02  2.1922E+03
0006079   7.4000E+03  8.2637E+02  1.6510E+03
0006080   7.8321E+03 -2.9386E+03  7.5107E+02
0006081   5.1851E+03  5.1788E+03  3.3424E+03
0006082   7.3943E+03 -1.0578E+03  2.0606E+02
0006083   9.5618E+03  5.5132E+02  9.1315E+02
0006084   6.9271E+03  1.4522E+03 -2.5727E+02
0006085   7.9068E+03  5.1491E+02 -2.0906E+03
0006086   8.3242E+03 -5.5528E+02 -2.0774E+03
0006087   9.3939E+03  6.2664E+02  6.0117E+02
0006088   8.6407E+03 -1.0999E+03  1.0200E+03
0006089   8.2459E+03  6.4974E+01 -1.4644E+02
0006090   7.7553E+03 -1.8283E+03  1.4507E+03
0006091   8.1741E+03 -5.2000E+02 -1.9409E+02
0006092   9.4650E+03  6.3496E+02  7.7698E+02
0006093   7.6145E+03 -2.9442E+02  3.9801E+02
0006094   8.7901E+03  1.3142E+01  2.2479E+02
0006095   7.9900E+03  9.6435E+02  1.7022E+03
0006096   5.9199E+03 -1.5389E+03 -4.5761E+01
0006097   8.7334E+03  2.4566E+03  7.3564E+02
0006098   1.9791E+03  1.2827E+03  4.2707E+03
0006099   7.9649E+03  2.6084E+03  2.7928E+03
0006100   3.5029E+03 -6.5501E+03 -3.6749E+03
0006101   7.5561E+03 -2.1929E+03  2.6450E+02
0006102   9.3562E+03 -1.6546E+03 -1.2434E+03
0006103   7.8934E+03  1.2306E+03  1.4995E+03
0006104   5.9892E+03 -3.6425E+03  1.2939E+03
0006105   3.2280E+03 -4.4382E+03 -1.5688E+02
0006106   7.6436E+03 -1.6127E+03  1.2831E+03
0006107   8.4876E+03 -1.5998E+03  3.1493E+02
0006108   7.5381E+03 -1.7295E+02 -9.3754E+02
0006109   7.9088E+03 -1.7570E+03 -1.1683E+03
0006110   8.8479E+03  1.9976E+03 -3.6960E+02
0006111   8.4347E+03  2.4387E+03  7.6057E+02
0006112   6.4471E+03 -1.6204E+03  7.8570E+02
0006113   7.2218E+03  2.6447E+03 -1.4691E+03
0006114   6.8321E+03  1.0461E+01  2.2691E+03
0006115   5.9436E+03  3.1248E+03 -1.0227E+03
0006116   9.2612E+03 -2.5652E+02 -1.3323E+03
0006117   8.0596E+03  1.1047E+03  6.6514E+01
0006118   8.6214E+03 -2.7192E+02  7.2624E+02
0006119   7.7889E+03 -9.7184E+02 -2.0477E+02
0006120   8.3637E+03 -1.7226E+03 -1.3619E+02
0006121   8.1818E+03 -4.2344E+02  1.1810E+03
0006122   8.3732E+03 -7.4454E+02 -1.2383E+03
0006123   8.3687E+03 -3.8912E+02 -3.2270E+02
0006124   6.8692E+03  3.2882E+03  1.1638E+02
0006125   6.9669E+03 -1.7345E+03  1.5258E+03
0006126   7.3792E+03  3.6813E+02  2.7798E+02
0006127   8.3033E+03 -5.7178E+02  2.4014E+02
0006128   8.0257E+03  2.3036E+03  1.3480E+03
0006129   5.5468E+03  7.1050E+02 -9.5874E+02
0006130   8.6472E+03  1.4729E+02  1.0864E+02
0006131   7.7315E+03 -1.0029E+03 -1.2354E+03
0006132   7.6240E+03 -1.0779E+02  1.0810E+03
0006133   9.4111E+03 -4.0006E+02  1.4106E+03
0006134   7.2636E+03 -1.2760E+03 -1.6650E+03
0006135   8.2858E+03 -4.9515E+02 -1.7429E+03
0006136   3.4706E+03  9.8573E+02  5.2382E+02
0006137   7.8520E+03  9.0719E+02  1.3726E+03
0006138   7.2804E+03 -2.2764E+03  3.3864E+02
0006139   8.0139E+03 -1.9691E+02  1.5934E+03
0006140   6.1837E+03 -2.6304E+03  2.0760E+03
0006141   7.2103E+03 -5.3143E+02  1.6681E+03
0006142   8.9911E+03 -9.9681E+02 -3.8522E+02
0006143   6.8706E+03 -7.4704E+02 -7.2006E+02
0006144   6.2184E+03  2.1291E+03 -1.2427E+03
0006145   5.2004E+03  1.7468E+03  2.4697E+03
0006146   6.7675E+03 -2.1610E+03  8.5707E+02
0006147   6.9731E+03 -3.3985E+02  2.1948E+03
0006148   6.5749E+03 -2.1860E+03 -6.4481E+02
0006149   7.4601E+03  2.4965E+02  1.1076E+03
0006150   6.7637E+03  7.8101E+02  1.5922E+03
0006151   7.8004E+03 -1.7435E+03  1.3594E+03
0006152   7.6151E+03 -2.7254E+03  2.5843E+03
0006153   6.9153E+03 -3.5210E+03 -3.5433E+02
0006154   7.8593E+03 -1.5568E+02  3.3131E+01
0006155   9.5508E+03  3.5824E+02  7.1701E+02
0006156   6.3165E+03  1.0607E+03  3.3748E+03
0006157   7.7304E+03 -9.9533E+01 -5.0102E+02
0006158   6.3745E+03  1.2819E+03 -2.9089E+03
0006159   6.6167E+03 -1.3871E+03 -1.0498E+03
0006160   9.4076E+03  5.2491E+01 -1.8729E+03
0006161   7.5236E+03 -5.3908E+02 -1.6277E+02
0006162   4.9992E+03  3.5230E+03  6.1190E+02
0006163   7.2949E+03  3.8461E+03  6.2029E+02
0006164   8.0331E+03  1.4044E+03  3.0753E+02
0006165   7.5108E+03 -1.0347E+03  1.2963E+03
0006166   5.8408E+03  8.4666E+02 -6.1344E+03
0006167   8.3904E+03 -6.0278E+02  1.6297E+03
0006168   8.3853E+03  1.5481E+03  1.5996E+02
0006169   7.8036E+03 -6.3713E+02  3.0935E+03
0006170   7.9912E+03 -1.0315E+02  1.2038E+03
0006171   7.5125E+03 -1.6680E+03 -1.0296E+03
0006172   5.1365E+03 -6.4404E+02 -3.7193E+03
0006173   5.0715E+03  1.7108E+03 -2.9756E+03
0006174   8.2227E+03 -2.2063E+03  4.3935E+02
0006175   7.8747E+03 -1.9490E+03 -2.3290E+03
0006176   7.7187E+03  1.8786E+03  1.3041E+03
0006177   7.4321E+03  1.3953E+03  1.6055E+03
0006178   8.4526E+03  1.1155E+03 -8.9276E+01
0006179   7.3712E+03 -1.1312E+03  2.6123E+03
0006180   8.2051E+03  4.5510E+02 -2.4011E+03
0006181   7.1151E+03 -1.7411E+03 -7.4960E+02
0006182   6.6154E+03 -1.2156E+03  1.5084E+03
0006183   7.1199E+03 -1.6330E+03 -1.4011E+03
0006184   7.0313E+03 -3.7662E+01  1.9182E+03
0006185   7.6311E+03 -2.2809E+03 -3.0573E+03
0006186   7.5027E+03  2.6449E+03 -1.9551E+01
0006187   8.4241E+03 -2.2558E+03 -8.8376E+02
0006188   7.9626E+03 -3.9059E+02  6.6003E+02
0006189   6.6710E+03  9.9359E+02  1.5379E+03
0006190   7.7332E+03  2.0705E+03  1.3034E+03
0006191   8.5804E+03 -2.8271E+02 -1.8123E+03
0006192   8.9056E+03  5.4125E+02  4.0174E+01
0006193   1.8440E+03 -4.5203E+03 -2.5330E+03
0006194   7.9761E+03  1.7745E+03  2.8491E+02
0006195   8.1446E+03  2.5169E+03 -8.7466E+02
0006196   6.2646E+03  3.5279E+03 -8.3981E+02
0006197   7.5998E+03 -4.6689E+02  1.3582E+03
0006198   7.8017E+03  1.5295E+03  1.6170E+03
0006199   7.6799E+03  1.5756E+03 -5.3381E+01
0006200   7.3172E+03  7.6097E+02 -2.2216E+03
0006201   7.2069E+03 -2.4072E+03  1.6170E+03
0006202   7.1171E+03  1.3557E+03 -7.3539E+02
0006203   8.3251E+03 -2.6202E+03  2.2908E+03
0006204   9.2582E+03 -2.3852E+00 -8.5402E+02
0006205   7.9391E+03  3.5638E+03 -6.3745E+01
0006206   8.0805E+03  6.0155E+02 -3.4851E+02
0006207   8.6040E+03  8.2846E+01  8.1181E+02
0006208   7.5688E+03 -4.4033E+02  8.5409E+02
0006209   9.1944E+03 -9.9702E+02 -7.2492E+02
0006210   7.4034E+03 -1.2391E+03  1.5007E+03
0006211   8.2178E+03  3.0913E+03  4.1557E+02
0006212   8.6909E+03  5.4402E+02 -8.7555E+02
0006213   7.7318E+03 -3.0722E+02  5.6441E+02
0006214   7.7066E+03  1.5383E+03  1.3764E+03
0006215   8.1362E+03 -1.1655E+02 -8.4177E+02
0006216   7.2097E+03 -7.2729E+02 -6.8356E+02
0006217   7.9754E+03  1.3098E+02  4.0779E+02
0006218   7.2544E+03 -1.7656E+02  1.4823E+03
0006219   8.5531E+03 -5.5828E+02 -7.0770E+02
0006220   8.5654E+03 -4.2784E+02  6.3601E+02
0006221   8.1773E+03 -7.8854E+02  8.2538E+02
0006222   6.8094E+03 -1.1411E+03  1.8234E+03
0006223   8.1426E+03  2.0787E+03  5.8367E+01
0006224   8.8228E+03 -1.1055E+03  1.2460E+03
0006225   8.4942E+03 -5.8820E+01  5.5011E+02
0006226   9.5044E+03 -4.5150E+02  6.7365E+02
0006227   7.1708E+03 -6.9813E+02  1.1753E+03
0006228   6.2765E+03  7.4292E+02  1.7935E+03
0006229   7.5796E+03  1.6204E+03 -7.4637E+02
0006230   7.5485E+03  3.2734E+03 -2.4778E+01
0006231   7.1173E+03 -1.7157E+03 -2.0479E+03
0006232   8.6906E+03 -8.0207E+02  1.0854E+03
0006233   6.6090E+03 -2.3432E+03 -2.3104E+03
0006234   8.2317E+03  1.1169E+03  5.6278E+02
0006235   6.1255E+03 -3.2852E+03 -2.4668E+02
0006236   6.1483E+03 -2.2328E+02 -2.6736E+03
0006237   8.6093E+03 -1.9836E+03  2.2810E+03
0006238   8.3569E+03  7.2588E+02  2.5934E+00
0006239   6.2074E+03  1.2076E+03 -1.1309E+03
0006240   7.8516E+03  6.9228E+02 -1.9541E+02
0006241   7.5185E+03  2.3559E+03 -4.2175E+02
0006242   6.2910E+03  1.0724E+02 -1.2128E+03
0006243   5.1915E+03 -1.1700E+03 -2.9379E+02
0006244   8.8097E+03 -5.8382E+02  2.4751E+02
0006245   8.1261E+03 -1.7173E+03  1.6474E+02
0006246   7.8206E+03  6.7544E+02 -1.3618E+03
0006247   6.9381E+03  1.9817E+03 -7.9911E+02
0006248   6.4892E+03 -4.3157E+02 -2.0864E+03
0006249   6.9797E+03 -1.1180E+03  2.0760E+02
0006250   8.0509E+03 -2.0783E+03  2.1534E+03
0006251   7.3117E+03 -4.1401E+02  4.4389E+01
0006252   9.5877E+03 -8.1177E+02 -1.6425E+03
0006253   6.2303E+03 -2.5573E+03  2.1932E+03
0006254   6.6495E+03  2.3749E+02 -2.0487E+03
0006255   7.7678E+03  2.9053E+03  5.9905E+00
0006256   8.2706E+03 -7.8415E+02  1.8747E+03
0006257   7.6580E+03  2.7049E+02 -1.0499E+03
0006258   7.2172E+03 -1.3532E+03  1.0479E+03
0006259   5.5718E+03  5.5686E+02  2.7917E+03
0006260   9.0936E+03  4.1523E+02  2.1634E+03
0006261   9.1770E+03  1.2969E+02  4.5815E+02
0006262   7.4397E+03 -1.4641E+03  1.9590E+03
0006263   3.5253E+03  1.5438E+03  2.5000E+03
0006264   7.2278E+03 -2.1860E+03  2.1272E+02
0006265   8.3943E+03  8.6161E+02 -1.9549E+03
0006266   9.0231E+03 -9.1218E+02 -4.5586E+03
0006267   5.7731E+03  1.4084E+03  6.0331E+02
0006268   7.4914E+03 -1.3769E+02 -9.1240E+02
0006269   8.6286E+03  1.9564E+02  1.9972E+02
0006270   7.3171E+03  1.7723E+03  8.5600E+02
0006271   8.5925E+03 -3.3908E+03 -2.5257E+03
0006272   6.1319E+03  9.6276E+02 -4.3814E+02
0006273   4.8701E+03 -2.9296E+03 -1.4261E+03
0006274   6.8817E+03  3.8328E+03 -1.0425E+03
0006275   6.5773E+03 -1.0891E+03 -2.2871E+03
0006276   6.7704E+03  3.1652E+03 -6.2242E+02
0006277   5.2599E+03  3.8371E+03 -2.4765E+03
0006278   9.0865E+03 -8.5066E+01  8.9141E+02
0006279   7.2767E+03 -4.0088E+03 -6.8102E+02
0006280   7.8657E+03 -6.4286E+02 -5.6818E+01
0006281   7.9497E+03  1.1495E+03  8.2457E+02
0006282   7.0624E+03  3.9081E+02 -2.4255E+03
0006283   9.0158E+03 -1.4116E+03  1.5844E+03
0006284   7.7981E+03 -1.1389E+03  5.4762E+02
0006285   6.2790E+03 -2.6355E+03 -1.5851E+03
0006286   8.5514E+03 -4.4065E+02  1.3736E+03
0006287   8.2029E+03  4.4292E+02  2.5751E+03
0006288   8.8087E+03 -1.1683E+03  2.0061E+03
0006289   6.6809E+03 -3.1865E+03  1.8047E+03
0006290   7.5811E+03  1.3247E+03  1.0911E+03
0006291   7.8538E+03  9.1138E+02 -2.3088E+03
0006292   6.1508E+03  3.1194E+03  1.3995E+03
0006293   7.0010E+03 -1.6677E+03  2.1330E+03
0006294   8.4628E+03  1.4835E+03 -6.8159E+02
0006295   9.1427E+03  1.0858E+03 -3.9236E+02
0006296   8.7766E+03  9.6210E+02 -7.6207E+02
0006297   8.7122E+03 -8.3249E+02 -2.4757E+03
0006298   9.7476E+03 -1.8603E+03 -3.1974E+02
0006299   7.5915E+03 -4.4568E+02  2.5758E+03
0006300   8.0521E+03 -1.4507E+03  8.8730E+01
0006301   8.5741E+03 -8.2597E+01 -2.4537E+02
0006302   7.6613E+03  1.8912E+03 -2.2697E+03
0006303   7.7732E+03  1.0284E+03  1.9821E+03
0006304   6.3429E+03 -1.5373E+03  1.2115E+03
0006305   7.8826E+03 -3.1048E+02  3.0220E+02
0006306   7.5953E+03  8.8510E+02  3.6515E+02
0006307   6.9074E+03  2.1117E+03 -3.6172E+02
0006308   7.9239E+03 -4.6249E+02  9.4583E+02
0006309   6.9438E+03  2.5401E+03 -1.2458E+03
0006310   4.0434E+03  4.3029E+03 -2.4198E+03
0006311   8.6167E+03 -8.7554E+02  2.8910E+03
0006312   9.5511E+03 -1.7182E+03 -6.0931E+02
0006313   7.2213E+03 -1.3336E+03 -5.3035E+02
0006314   7.9153E+03  1.0974E+03  9.9029E+02
0006315   8.9247E+03  5.8797E+02  1.1571E+03
0006316   6.0331E+03 -9.4139E+01 -3.9458E+03
0006317   6.4435E+03 -4.6541E+03 -1.5926E+03
0006318   7.7456E+03  1.7467E+03  3.1700E+02
0006319   7.9872E+03 -2.5720E+02 -8.5516E+02
0006320   8.3919E+03 -4.6655E+01 -1.9033E+03
0006321   8.0994E+03  5.5984E+02  5.9937E+02
0006322   7.6483E+03  5.6448E+02  1.0354E+03
0006323   4.5156E+03  2.0222E+03 -2.0694E+03
0006324   7.6728E+03 -1.7416E+03 -4.2430E+03
0006325   8.5241E+03 -2.0846E+02  7.6237E+02
0006326   8.8032E+03 -4.1111E+02 -1.3393E+03
0006327   8.5750E+03  2.4125E+03 -1.6348E+03
0006328   5.3951E+03  4.3802E+03 -9.8541E+02
0006329   7.4840E+03 -1.7469E+03  3.4611E+03
0006330   7.6990E+03  2.6664E+03 -2.1644E+03
0006331   7.8656E+03 -2.7019E+03  1.7384E+03
0006332   8.9576E+03 -6.6977E+02  9.6616E+02
0006333   5.3765E+03 -3.6513E+03  4.6651E+03
0006334   8.1482E+03  1.5384E+03 -7.7439E+01
0006335   8.4048E+03 -1.1090E+03 -1.9835E+03
0006336   8.8577E+03 -1.4648E+03  9.2858E+02
0006337   5.5942E+03 -1.2740E+03  1.2467E+03
0006338   8.6607E+03 -1.2837E+03  2.0404E+01
0006339   8.0976E+03  1.6312E+03  1.6341E+02
0006340   7.4547E+03 -2.0425E+03 -2.0156E+03
0006341   8.5886E+03 -2.2322E+03 -1.3394E+03
0006342   6.0053E+03 -4.2732E+01  3.4994E+03
0006343   6.2767E+03  1.5321E+03  2.4313E+03
0006344   7.6803E+03  1.2626E+03 -1.9225E+03
0006345   8.7643E+03  4.6060E+01  1.0524E+03
0006346   6.7279E+03 -6.5986E+02  7.3870E+02
0006347   6.6175E+03  1.6633E+02  4.9944E+02
0006348   6.8262E+03  3.1416E+03  3.6683E+02
0006349   8.0921E+03 -2.3073E+03  1.6142E+03
0006350   6.1848E+03  5.3193E+02  2.3206E+02
0006351   8.3118E+03  1.6951E+03 -9.3302E+02
0006352   8.2640E+03  2.4589E+02 -3.7813E+01
0006353   9.1669E+03 -6.1275E+02 -2.2094E+03
0006354   8.0929E+03 -1.8491E+03 -1.1810E+03
0006355   7.6747E+03  6.5675E+02 -1.2750E+03
0006356   6.6794E+03 -1.2271E+03  9.2876E+02
0006357   8.0075E+03 -3.6332E+02 -2.3431E+03
0006358   6.3219E+03 -7.0220E+02 -3.8797E+03
0006359   8.5944E+03  3.3269E+02  1.0847E+03
0006360   7.8358E+03 -1.2075E+03  3.8253E+02
0006361   5.3002E+03 -7.5889E+02 -2.3199E+03
0006362   8.1131E+03  4.4412E+02  8.5803E+02
0006363   7.0225E+03 -1.1192E+03 -1.9271E+03
0006364   8.4961E+03  7.3122E+01 -1.4437E+03
0006365   8.0625E+03 -1.7632E+03 -1.1888E+03
0006366   7.7000E+03 -1.5509E+03 -1.2235E+03
0006367   6.4263E+03  2.0673E+03 -1.0869E+03
0006368   7.9878E+03  9.3542E+02  1.4358E+02
0006369   8.5980E+03  8.4650E+02 -9.5131E+02
0006370   7.3394E+03  2.2573E+03 -5.3000E+02
0006371   7.5731E+03 -8.9764E+02 -9.7330E+02
0006372   7.2770E+03 -1.7692E+03 -6.0778E+02
0006373   6.0903E+03  3.8672E+03 -4.2808E+02
0006374   7.6998E+03 -2.1290E+03 -2.5094E+02
0006375   7.9450E+03 -4.2478E+02 -8.1003E+02
0006376   7.7117E+03  5.5332E+02  8.1290E+02
0006377   3.7928E+03  2.3016E+03 -4.3219E+03
0006378   6.9278E+03 -8.6593E+02  6.7104E+02
0006379   7.2254E+03 -1.3033E+03  1.9082E+02
0006380   9.3419E+03  5.3719E+02 -8.1645E+02
0006381   7.6004E+03 -1.1530E+03  2.8443E+03
0006382   7.2821E+03  4.3170E+03  7.6452E+02
0006383   8.5416E+03 -1.4747E+03 -1.7445E+03
0006384   7.6687E+03 -6.5650E+02  1.1229E+03
0006385   8.5256E+03 -3.3710E+02  2.5989E+03
0006386   7.9367E+03 -2.2693E+03 -6.3095E+02
0006387   8.5700E+03  4.1932E+02 -1.1866E+03
0006388   7.8131E+03  2.9181E+03 -2.4824E+03
0006389   8.7334E+03  2.5842E+03  1.7468E+03
0006390   7.4452E+03  4.1198E+02 -2.2333E+03
0006391   8.3200E+03 -9.6391E+02  4.2997E+02
0006392   8.2624E+03  1.1451E+03 -8.2045E+02
0006393   7.4478E+03 -2.8526E+02 -1.4796E+03
0006394   8.7454E+03  2.0634E+03 -4.5633E+02
0006395   9.0447E+03  3.6658E+02  3.5912E+02
0006396   9.4109E+03 -3.6067E+02  9.5401E+02
0006397   8.2987E+03  1.4967E+03  9.7533E+02
0006398   9.1292E+03  2.1531E+03 -6.4793E+02
0006399   8.5728E+03  2.5101E+03 -2.1073E+02
0006400   7.7476E+03  8.9500E+02  6.3402E+02
0006401   9.0951E+03  8.9108E+02 -1.4429E+03
0006402   6.7929E+03  2.1866E+03  3.5065E+03
0006403   9.1516E+03  8.0368E+02 -1.0660E+03
0006404   7.6164E+03 -1.5622E+03  2.9326E+02
0006405   6.4079E+03 -3.2140E+03  2.3852E+02
0006406   6.9507E+03 -4.2573E+02 -2.0189E+03
0006407   7.5093E+03  1.9310E+03 -2.1048E+03
0006408   6.1624E+03  2.0913E+03  2.8337E+03
0006409   6.2218E+03 -9.3579E+01  1.8493E+03
0006410   6.9583E+03  1.4596E+03  7.4220E+02
0006411   7.1886E+03 -7.8488E+02  1.2380E+03
0006412   7.9847E+03 -1.5500E+03  5.3997E+02
0006413   8.1505E+03  9.4312E+02  4.1293E+02
0006414   4.8896E+03  3.7880E+03  1.7386E+02
0006415   7.6321E+03  3.1912E+02 -1.5571E+03
0006416   8.9903E+03  1.3672E+03  6.0118E+02
0006417   8.1263E+03  2.5793E+03  1.6952E+03
0006418   7.3517E+03  8.0686E+02 -8.6129E+02
0006419   8.9846E+03 -1.8711E+03  1.3324E+02
0006420   8.8966E+03 -8.1532E+02 -2.0131E+02
0006421   7.0464E+03  3.2527E+02  2.0263E+03
0006422   9.0447E+03  7.1764E+01 -1.4070E+03
0006423   7.9979E+03  1.1405E+03 -1.6540E+03
0006424   7.1855E+03  6.6332E+02  3.8342E+03
0006425   8.7465E+03  1.5802E+03 -1.4433E+03
0006426   9.2087E+03  1.3163E+03 -1.4637E+03
0006427   7.6811E+03  4.2435E+02  1.1180E+03
0006428   7.3422E+03 -1.5940E+02 -2.7107E+03
0006429   6.9178E+03  3.3574E+02 -2.5112E+03
0006430   6.9611E+03  5.2970E+01 -2.2916E+03
0006431   6.1395E+03  4.1256E+03 -2.7198E+03
0006432   8.2757E+03 -1.6529E+03 -8.4330E+01
0006433   8.4979E+03  2.3515E+03  1.9978E+03
0006434   7.2400E+03  1.2545E+02  4.7860E+02
0006435   6.3364E+03 -1.9260E+03  1.9553E+03
0006436   4.5381E+03  1.1401E+03  1.4024E+03
0006437   8.1732E+03  8.6089E+02  1.2404E+02
0006438   6.9542E+03 -3.5981E+03  2.4939E+02
0006439   8.1707E+03 -1.0225E+03 -1.2643E+03
0006440   8.6915E+03  1.0752E+03  1.2074E+03
0006441   8.7335E+03  5.6411E+02  1.3241E+03
0006442   7.9202E+03 -7.2064E+02  1.7955E+03
0006443   9.2914E+03 -2.1098E+02  6.5579E+01
0006444   5.6974E+03 -2.5526E+03 -2.6197E+03
0006445   7.4640E+03  6.0420E+02 -1.8687E+03
0006446   6.5591E+03 -2.4400E+03  5.5782E+01
0006447   7.9828E+03 -7.6104E+02  3.9983E+02
0006449   7.4693E+03 -8.4890E+02  3.8262E+03
0006450   7.0260E+03 -1.2316E+03 -6.2694E+02
0006451   5.7856E+03 -1.1421E+03 -5.6167E+02
0006452   5.7212E+03  1.7775E+02 -1.0341E+03
0006453   6.8202E+03  2.9865E+01  2.1308E+03
0006454   7.0699E+03 -7.6360E+01 -2.2458E+03
0006455   9.1413E+03  4.1261E+02 -1.2780E+03
0006456   7.8964E+03  2.8302E+02  2.0453E+03
0006457   7.9393E+03 -1.9845E+03 -5.3453E+02
0006458   6.8924E+03  1.3920E+03 -1.3044E+03
0006459   7.6162E+03  6.9672E+02 -3.6868E+02
0006460   6.7662E+03  3.6685E+02  1.0532E+03
0006461   7.7306E+03 -3.5814E+02  2.3420E+02
0006462   7.6456E+03 -2.3152E+03 -4.6408E+02
0006463   6.1392E+03 -2.2466E+03  1.3682E+03
0006464   7.6580E+03 -9.8158E+02 -2.1674E+03
0006465   7.9011E+03  1.1737E+03  5.8118E+02
0006466   6.1934E+03 -3.8101E+02 -8.2017E+01
0006467   8.8670E+03 -1.5690E+03  2.6643E+03
0006468   7.7698E+03 -8.2182E+02  2.5350E+00
0006469   7.5197E+03  3.6033E+02 -1.6549E+03
0006470   5.6391E+03  6.8828E+02 -1.4941E+03
0006471   5.6227E+03  2.2140E+03 -4.4511E+03
0006472   6.7675E+03  3.3755E+03  2.9663E+03
0006473   7.6105E+03  3.1567E+03 -5.1543E+01
0006474   8.1178E+03 -4.4767E+02  1.3603E+03
0006475   7.7099E+03  1.3208E+03  1.4037E+03
0006476   8.6128E+03  1.4012E+03  3.7222E+02
0006477   7.7668E+03  9.9538E+02  1.4616E+03
0006478   6.9252E+03  7.8732E+02 -2.1583E+03
0006479   7.4808E+03 -9.4859E+02  2.6586E+03
0006480   4.8493E+03  3.2200E+02  4.0861E+03
0006481   8.5470E+03  5.8892E+02 -7.8408E+02
0006482   7.7432E+03  1.7694E+03  1.2815E+03
0006483   7.3971E+03 -3.3092E+02 -7.0810E+02
0006484   6.5025E+03 -3.8743E+03 -1.3286E+03
0006485   8.0100E+03  1.1557E+03 -2.2253E+03
0006486   6.0276E+03 -1.6182E+03 -2.0828E+03
0006487   9.1009E+03  1.2814E+01  2.3926E+02
0006488   8.1613E+03 -7.3396E+02  6.9611E+02
0006489   7.0764E+03 -2.4752E+03 -3.3869E+03
0006490   8.0549E+03  1.2984E+01  1.4733E+03
0006491   8.6910E+03 -6.6634E+02  4.1829E+02
0006492   8.0278E+03  1.8341E+02  2.8622E+03
0006493   7.0650E+03 -5.8018E+02  4.3974E+02
0006494   8.4091E+03 -1.1355E+03 -1.5134E+03
0006495   8.2062E+03  3.8168E+03 -1.4899E+02
0006496   8.4789E+03  3.5172E+02 -1.0036E+03
0006497   7.2458E+03  1.7415E+03  2.3118E+02
0006498   7.3469E+03 -7.9130E+02 -8.2114E+02
0006499   8.1827E+03 -4.1833E+02  2.8749E+03
0006500   6.6876E+03 -2.0191E+03 -3.8579E+02
0006501   6.3949E+03 -9.9094E+00 -2.9629E+02
0006502   7.7962E+03 -4.8408E+02 -2.0121E+03
0006503   6.6359E+03  7.2781E+02  2.4001E+03
0006504   9.7152E+03  4.9540E+02 -5.2414E+02
0006505   7.5750E+03  1.3299E+03  2.3120E+03
0006506   7.6217E+03 -2.3884E+03 -1.7866E+03
0006507   8.3302E+03  1.0420E+02  1.1676E+03
0006508   6.5839E+03  5.3531E+02 -1.1984E+02
0006509   6.4860E+03  7.5873E+02 -1.5507E+03
0006510   1.0114E+04  7.0486E+02  1.8244E+02
0006511   8.1318E+03 -1.1236E+03 -2.1463E+02
0006512   7.2974E+03 -1.4280E+03 -2.0870E+03
0006513   8.5666E+03 -1.5871E+03  1.8366E+03
0006514   7.0597E+03  3.0565E+03  7.6552E+02
0006515   8.5295E+03 -2.4194E+02 -5.2106E+02
0006516   7.0371E+03 -1.4272E+03 -2.6931E+02
0006517   6.5405E+03  2.6043E+03 -6.1884E+02
0006518   7.2455E+03  2.9669E+03  8.5202E+02
0006519   8.3238E+03  2.9411E+02  4.9051E+02
0006520   6.8928E+03 -6.7725E+02 -1.3799E+03
0006521   6.9935E+03  1.7883E+03  1.6443E+03
0006522   8.0426E+03  1.4966E+03  5.6803E+02
0006523   2.5007E+02  1.6484E+03  2.1722E+02
0006524   8.1637E+03  2.4551E+03 -8.5873E+02
0006525   8.7329E+03  2.1235E+02  9.5313E+02
0006526   8.3684E+03  1.3957E+03  1.0783E+03
0006527   5.8199E+03 -2.1280E+03  8.0292E+02
0006528   7.8047E+03  1.1041E+03 -1.0159E+03
0006529   7.8138E+03  2.2747E+03  6.3306E+02
0006530   7.4518E+03 -1.0909E+02 -1.0699E+03
0006531   7.3278E+03 -1.9873E+03 -3.3992E+01
0006532   6.5006E+03 -1.0146E+02 -3.9073E+03
0006533   7.9181E+03  2.8322E+03 -8.8430E+02
0006534   8.4800E+03 -5.1819E+01  5.5160E+00
0006535   7.6249E+03  2.7542E+03  6.4940E+02
0006536   8.7635E+03  4.6699E+02 -1.4400E+03
0006537   2.1038E+03 -4.2950E+03  1.3728E+03
0006538   7.5302E+03 -1.6103E+03 -1.7323E+03
0006539   7.5625E+03 -2.2434E+03 -1.2026E+02
0006540   7.6257E+03 -9.8694E+02  2.8407E+01
0006541   7.9440E+03  1.0883E+03  2.2742E+03
0006542   7.7296E+03  1.3486E+03  1.1074E+03
0006543   8.3833E+03  2.4899E+03 -1.6807E+02
0006544   8.2539E+03  1.2904E+02 -8.5702E+02
0006545   5.9503E+03 -2.3601E+03 -7.9322E+02
0006546   7.8654E+03  8.9503E+02 -6.8742E+02
0006547   6.7205E+03 -2.3500E+03 -2.3068E+03
0006548   7.6658E+03 -1.3810E+03  8.9657E+02
0006549   8.8590E+03  1.8102E+03 -1.1900E+03
0006550   6.6104E+03  1.7532E+03 -6.9453E+02
0006551   6.7093E+03  5.1525E+02 -1.5697E+03
0006552   8.6026E+03  5.0893E+02  7.7890E+02
0006553   7.9096E+03  1.1226E+03 -6.5645E+02
0006554   7.3341E+03 -5.2848E+02  1.8516E+03
0006555   8.7651E+03 -6.4386E+02  6.0348E+02
0006556   8.1495E+03 -9.0193E+02  2.3937E+03
0006557   7.2528E+03  1.4875E+03  2.1911E+03
0006558   8.4459E+03 -2.4295E+03 -1.0233E+03
0006559   8.0337E+03  1.1670E+03 -1.8246E+03
0006560   4.7308E+03 -5.4528E+03  1.4208E+03
0006561   5.5094E+03 -4.4362E+02  1.5925E+03
0006562   8.8190E+03  1.6811E+03 -9.4116E+02
0006563   7.8845E+03  7.7593E+02 -4.7328E+02
0006564   5.6647E+03  1.3404E+03 -1.0805E+03
0006565   8.1422E+03  6.8617E+02  1.3523E+03
0006566   7.6402E+03  5.2785E+02  3.8499E+03
0006567   8.1487E+03  2.9702E+03  1.9871E+03
0006568   7.7976E+03 -6.8624E+02 -8.2868E+02
0006569   7.0802E+03  1.2145E+03  1.0282E+03
0006570   7.1933E+03  7.4045E+02  2.7882E+03
0006571   6.5740E+03  1.3090E+03  7.9681E+02
0006572   8.1903E+03  1.9380E+03 -2.2820E+03
0006573   6.8891E+03 -1.0366E+03 -2.5155E+03
0006574   4.7862E+03  3.6835E+03  7.1420E+01
0006575   7.1125E+03 -7.4105E+02  1.5446E+03
0006576   7.0396E+03  1.8462E+03 -1.3511E+03
0006577   9.5172E+03 -3.3643E+02  1.5384E+03
0006578   7.4105E+03  1.8939E+03 -6.0858E+02
0006579   7.4277E+03  1.6757E+03 -2.9172E+01
0006580   7.8540E+03  5.5340E+02 -1.2578E+03
0006581   7.2280E+03 -2.1509E+03 -1.7119E+03
0006582   5.2320E+03 -1.5024E+03  3.3463E+03
0006583   7.6302E+03 -1.2059E+03  1.9874E+02
0006584   8.2103E+03  4.7202E+02  7.7564E+01
0006585   8.1109E+03  5.6072E+01  8.1133E+02
0006586   7.5587E+03 -8.1109E+02 -1.8774E+02
0006587   8.2168E+03 -1.4266E+02 -1.0535E+03
0006588   9.0720E+03 -4.9890E+02  2.3865E+02
0006589   4.3822E+03  3.7856E+03 -2.8461E+03
0006590   7.1486E+03 -4.1378E+02 -2.5427E+03
0006591   7.7364E+03 -1.8243E+03 -2.5678E+03
0006592   7.9525E+03 -7.3934E+02  4.2997E+02
0006593   7.9947E+03  6.4441E+02 -4.2606E+02
0006594   8.2288E+03 -1.5719E+03  1.0743E+03
0006595   4.1059E+03 -3.8904E+03 -6.8239E+02
0006596   7.0196E+03 -2.5062E+03 -1.9230E+03
0006597   8.4844E+03  9.5794E+01  1.1251E+03
0006598   7.4250E+03 -1.5654E+03 -2.6423E+03
0006599   7.2073E+03 -2.1821E+03  3.6951E+02
0006600   8.0948E+03  2.9795E+02 -4.1624E+02
0006601   7.2976E+03 -4.1596E+03 -1.4455E+02
0006602   8.4328E+03  2.5825E+02  8.2361E+02
0006603   5.7461E+03 -2.0222E+03  4.4712E+02
0006604   7.8361E+03  1.5376E+03  4.4042E+02
0006605   5.7510E+03  5.7052E+02 -4.3573E+03
0006606   8.5623E+03  1.0387E+03 -1.0379E+03
0006607   8.1184E+03  1.5845E+03  1.6749E+03
0006608   7.6487E+03 -5.6479E+02 -4.7803E+03
0006609   4.9381E+03  3.6892E+03 -5.0265E+02
0006610   8.8948E+03  1.4791E+03 -3.2563E+02
0006611   5.7579E+03 -3.5505E+03  9.4729E+02
0006612   7.9000E+03 -8.9202E+02  2.2995E+03
0006613   6.2153E+03  1.7710E+03  9.7680E+02
0006614   7.9767E+03  1.7683E+03 -1.6791E+03
0006615   8.8199E+03  3.7846E+02  1.7216E+03
0006616   7.4163E+03  8.1175E+02  2.3833E+03
0006617   7.8159E+03 -4.0041E+02 -3.6888E+01
0006618   4.4212E+03 -6.0130E+03 -2.7235E+02
0006619   7.6194E+03 -2.1500E+02  3.5013E+02
0006620   7.3093E+03  4.5963E+03 -2.4628E+03
0006621   8.2298E+03  1.1630E+02 -5.7604E+02
0006622   8.2921E+03  2.1748E+03 -9.4381E+02
0006623   7.1981E+03 -1.5045E+03 -9.3002E+02
0006624   7.3693E+03  1.0851E+03  9.2368E+02
0006625   6.5912E+03  1.5157E+03  2.3458E+03
0006626   7.7635E+03 -6.3386E+02 -4.2167E+03
0006627   8.6096E+03  1.4581E+03  1.0040E+03
0006628   8.9539E+03 -2.5221E+03 -2.1123E+03
0006629   6.6831E+03  1.4033E+03  6.0505E+02
0006630   9.2923E+03  8.2945E+02  1.2857E+03
0006631   6.7002E+03  9.4916E+02 -2.3486E+03
0006632   8.5995E+03 -5.5772E+02  1.6564E+03
0006633   7.1601E+03  1.5717E+03 -5.4471E+02
0006634   8.2591E+03 -1.1884E+03  5.8902E+01
0006635   5.2322E+03 -2.0964E+03 -1.2820E+03
0006636   6.8551E+03  8.1093E+02  2.7794E+03
0006637   6.9984E+03 -9.1038E+02 -4.7293E+02
0006638   7.9945E+03  2.4578E+03  2.4580E-01
0006639   7.7381E+03  8.2554E+02  1.7513E+03
0006640   7.9418E+03 -1.6221E+03  3.1378E+02
0006641   7.8190E+03 -7.9894E+02  2.8845E+03
0006642   8.5438E+03 -1.9130E+03 -2.8526E+02
0006643   7.7160E+03  5.3202E+02  1.8081E+02
0006644   8.3309E+03  1.6142E+02  2.6110E+03
0006645   1.2039E+03  3.0938E+03 -2.4895E+03
0006646   6.5866E+03 -1.2511E+03  4.3061E+03
0006647   9.0685E+03  1.3227E+03 -4.2798E+02
0006648   7.3130E+03  2.4105E+03  2.1910E+03
0006649   7.4088E+03 -9.0919E+02  1.2294E+03
0006650   7.6358E+03 -2.3584E+03 -4.8201E+02
0006651   7.5093E+03 -1.2780E+03  7.7973E+01
0006652   7.0394E+03  8.5635E+02  1.0900E+03
0006653   9.0376E+03 -1.2443E+03 -8.8554E+02
0006654   7.8195E+03 -3.6682E+02  5.5335E+02
0006655   6.9210E+03  1.5783E+03  2.7433E+03
0006656   2.8930E+03  2.5573E+02  1.6919E+03
0006657   6.0240E+03 -2.6864E+03  4.2886E+02
0006658   6.0226E+03 -3.0231E+03  1.1990E+03
0006659   8.5617E+03 -1.3461E+03  1.7621E+03
0006660   8.1368E+03 -2.0105E+03  1.0435E+02
0006661   9.3553E+03  1.1864E+03  4.1135E+02
0006662   7.4015E+03 -1.5252E+03  1.3014E+03
0006663   9.7034E+02  3.5047E+03  1.3639E+02
0006664   4.9890E+03 -4.7834E+03 -9.6200E+02
0006665   8.6229E+03 -2.0990E+03 -1.3803E+03
0006666   9.1149E+03  6.3972E+02  1.2680E+03
0006667   6.4890E+03  5.5401E+01  2.5278E+03
0006668   6.7785E+03 -4.4051E+03  5.1070E+02
0006669   7.5887E+03 -4.5471E+02 -8.3630E+02
0006670   8.2469E+03 -1.2188E+03 -1.3965E+03
0006671   6.3291E+03  1.5381E+03 -2.2809E+03
0006672   7.9005E+03 -6.5674E+02 -1.2506E+03
0006673   7.4541E+03  3.0108E+03 -2.2705E+03
0006674   7.5446E+03 -2.9845E+03  1.0175E+02
0006675   8.6254E+03 -2.7991E+02 -7.7629E+02
0006676   8.0529E+03 -3.8002E+02 -2.5221E+03
0006677   6.9643E+03 -2.9493E+03 -1.5083E+03
0006678   7.4700E+03 -2.7854E+03  5.9314E+02
0006679   7.7275E+03 -1.0124E+03  3.0605E+03
0006680   7.8674E+03  7.0952E+02 -7.5444E+02
0006681   6.2778E+03 -2.4311E+02 -1.9771E+03
0006682   8.6652E+03 -2.0333E+03 -1.3886E+03
0006683   7.2798E+03 -1.3090E+02 -1.4093E+03
0006684   6.1559E+03  1.7909E+03  2.8325E+03
0006685   6.5662E+03  1.6101E+03  3.8033E+03
0006686   8.7478E+03 -7.5102E+02  2.5756E+03
0006687   8.9696E+03 -1.7186E+03  1.9436E+02
0006688   7.4749E+03  4.3544E+02  4.0218E+03
0006689   8.2538E+03 -9.4903E+02  3.5870E+02
0006690   9.0484E+03 -5.0339E+02  7.6772E+02
0006691   9.4080E+03 -1.9702E+03 -3.4000E+02
0006692   7.4860E+03  3.4353E+02 -3.5485E+02
0006693   7.5114E+03 -2.3825E+03  3.8790E+03
0006694   6.4742E+03  1.6919E+03 -2.9015E+03
0006695   6.9886E+03 -9.6566E+02  7.1925E+02
0006696   7.2204E+03 -4.7485E+02  1.4335E+03
0006697   8.0121E+03 -2.6099E+03  2.8453E+02
0006698   6.6027E+03  1.3705E+03  3.2016E+02
0006699   7.5469E+03 -1.0313E+02  1.7637E+03
0006700   7.2889E+03  1.2006E+03 -2.7835E+03
0006701   8.5485E+03  1.1429E+03  3.7023E+02
0006702   7.0932E+03 -8.9557E+02 -3.0999E+03
0006703   7.5293E+03 -1.2484E+03 -1.2271E+03
0006704   7.2319E+03  2.8965E+01 -1.6448E+03
0006705   8.5102E+03 -2.1553E+02  7.3955E+02
0006706   9.0755E+03 -2.8565E+03  4.0094E+02
0006707   5.8971E+03 -1.7800E+02  3.6837E+03
0006708   7.7631E+03 -1.4353E+03 -5.7200E+01
0006709   8.4681E+03  1.3024E+03  1.4605E+03
0006710   9.7979E+03  2.3635E+02 -4.9796E+02
0006711   8.4951E+03  2.0557E+03 -4.5733E+02
0006712   8.0123E+03 -5.9619E+02  2.3603E+03
0006713   7.9415E+03 -1.9775E+03  8.5869E+02
0006714   9.0880E+03  9.7701E+02 -4.2856E+02
0006715   6.2621E+03  2.5186E+03  1.2501E+03
0006716   9.0889E+03 -1.1807E+03 -1.5301E+03
0006717   8.2711E+03  1.3332E+03  6.8998E+02
0006718   5.9659E+03 -1.4446E+03  4.1003E+03
0006719   6.0610E+03  1.0791E+03  1.4775E+03
0006720   8.0685E+03 -5.0886E+02  1.9161E+03
0006721   7.1546E+03  4.9383E+02 -3.1401E+03
0006722   7.9673E+03 -2.0586E+03 -5.5228E+02
0006723   8.9033E+03  3.9629E+01  1.1795E+02
0006724   8.3079E+03 -3.5983E+02  2.9590E+03
0006726   5.4319E+03 -2.7374E+03  4.2459E+02
0006727   7.3609E+03  3.0616E+03 -1.2521E+03
0006728   7.6604E+03 -9.5017E+02 -2.5956E+03
0006729   7.3721E+03 -9.1531E+02  1.8053E+03
0006730   7.4718E+03 -1.3755E+02  1.6920E+03
0006731   7.3863E+03 -3.5892E+02  8.5420E+02
0006732   8.6392E+03 -1.1282E+03 -2.9402E+03
0006733   8.6919E+03  7.6422E+02  3.7005E+02
0006734   6.8305E+03 -2.1367E+03 -2.2594E+03
0006735   6.1400E+03  3.4724E+03  1.7332E+03
0006736   7.9454E+03  1.8553E+03  1.9457E+03
0006737   8.0455E+03  1.0175E+03  7.3408E+02
0006738   8.2073E+03 -1.2715E+02  1.6330E+03
0006739   5.6010E+03  1.7676E+03  1.2915E+03
0006740   7.1673E+03  1.3548E+03 -3.0024E+03
0006741   7.6639E+03  8.1844E+02  2.5807E+03
0006742   8.4269E+03  5.6096E+02  6.1598E+02
0006743   7.2558E+03 -2.3127E+03  1.6150E+03
0006744   8.2842E+03  1.7625E+03 -1.2069E+03
0006745   6.6554E+03 -4.4669E+03 -3.6480E+03
0006746   7.6428E+03  1.4408E+03 -1.7667E+03
0006747   9.4790E+03 -9.5359E+02  9.2828E+02
0006748   8.0973E+03  8.5901E+02  7.7573E+02
0006749   8.8887E+03  4.4500E+02 -1.3230E+02
0006750   5.6479E+03 -3.7461E+02  3.2066E+03
0006751   3.1413E+03 -3.1530E+03  4.4282E+03
0006752   8.6193E+03 -1.2626E+02 -5.2043E+02
0006753   5.4974E+03 -1.0249E+03  4.4511E+03
0006754   9.2641E+03 -1.4554E+03 -1.1605E+03
0006755   6.8987E+03 -2.2511E+03 -4.3915E+02
0006756   5.5122E+03  8.7527E+02  2.5711E+03
0006757   6.4074E+03  9.5056E+02  2.6955E+03
0006758   8.1616E+03  1.4416E+03 -1.4188E+03
0006759   7.4003E+03 -3.8988E+02 -3.0764E+03
0006760   6.9972E+03  1.7976E+03 -1.0158E+03
0006761   8.0678E+03  9.1750E+02  2.4265E+03
0006762   6.3379E+03 -6.3585E+02 -8.3088E+01
0006763   7.5441E+03 -2.4871E+02  2.0799E+03
0006764   7.9428E+03  1.0711E+03 -2.1373E+03
0006765   8.2451E+03 -1.2992E+03  3.1222E+03
0006766   6.9514E+03  2.8193E+02  4.2190E+03
0006767   7.4306E+03  2.8078E+03 -1.4669E+03
0006768   8.3439E+03  6.0802E+02  2.1279E+03
0006769   8.0113E+03  6.4320E+02  6.6443E+02
0006770   8.3777E+03  2.0579E+03  1.6335E+03
0006771   8.1218E+03  1.4602E+03 -1.3648E+03
0006772   5.8692E+03 -1.8310E+03 -2.0194E+03
0006773   6.9695E+03  2.8499E+03  2.6970E+03
0006774   7.9754E+03 -3.2685E+02 -1.7205E+03
0006775   7.1498E+03  3.1963E+03  2.1339E+03
0006776   7.8314E+03  9.0679E+02  2.2280E+03
0006777   6.5689E+03 -3.0222E+03 -3.2700E+03
0006778   8.8482E+03 -1.6547E+03  5.1306E+02
0006779   6.7172E+03 -2.6175E+03 -1.9584E+03
0006780   7.4212E+03  1.4955E+03 -1.7874E+03
0006781   9.2366E+03  8.2972E+02  3.5854E+02
0006782   8.1037E+03 -1.9473E+03 -9.8913E+02
0006783   6.6765E+03  1.9013E+03  3.1556E+02
0006784   7.5724E+03 -3.1880E+03  1.1608E+03
0006785   6.3914E+03  1.7238E+03 -1.0769E+03
0006786   6.7063E+03  3.9183E+02 -2.8000E+03
0006787   8.2783E+03  1.0654E+03  5.9745E+02
0006788   7.6536E+03  1.1976E+03  7.4930E+02
0006789   9.1290E+03  1.0479E+03  6.1201E+02
0006790   7.7287E+03 -3.1492E+02  1.4091E+03
0006791   8.2725E+03  2.5630E+03  4.2060E+02
0006792   8.6506E+03 -2.1176E+02  7.1687E+02
0006793   8.1136E+03 -6.7710E+02  2.4997E+02
0006794   6.5220E+03 -4.8859E+03 -1.6883E+03
0006795   5.4831E+03 -5.1607E+03 -7.3790E+02
0006796   9.0824E+03 -4.7716E+02  1.7718E+03
0006797   7.7465E+03 -2.5809E+03  1.3221E+03
0006798   8.2632E+03  7.1450E+02 -6.4049E+02
0006799   7.0394E+03 -2.6021E+03 -3.1660E+03
0006800   7.1407E+03  7.6575E+02  6.9245E+01
0006801   7.8848E+03  1.2397E+03  1.1231E+03
0006802   8.5664E+03 -5.0681E+02 -3.9583E+02
0006803   8.6516E+03 -2.6760E+02 -3.8296E+03
0006804   8.4928E+03 -1.7714E+03  3.7904E+02
0006805   8.9997E+03 -1.4035E+03  1.1267E+02
0006806   1.4696E+03 -5.6217E+03  4.4865E+03
0006807   7.7647E+03  1.2779E+03  9.2265E+02
0006808   5.2699E+03 -7.8404E+02 -4.4380E+03
0006809   8.9107E+03 -2.1473E+02  3.5098E+02
0006810   9.3705E+03  5.4431E+02  2.2054E+02
0006811   6.2995E+03 -1.2339E+03 -1.6931E+02
0006812   7.4341E+03  3.1373E+03 -5.1522E+02
0006813   7.6775E+03 -9.8337E+02 -2.0748E+03
0006814   7.0687E+03  4.2693E+02  2.7880E+03
0006815   6.6057E+03 -4.5399E+02  4.5746E+03
0006816   6.9884E+03 -1.5956E+03  6.6519E+02
0006817   6.8201E+03  3.5027E+02 -3.2465E+03
0006818   7.6538E+03  8.9352E+02  1.8843E+03
0006819   3.7869E+03 -2.3851E+03  3.4824E+03
0006820   5.6148E+03 -7.9711E+02  1.8119E+02
0006821   7.1813E+03  1.8754E+03 -2.8145E+03
0006822   7.6425E+03 -2.4646E+03  2.0594E+01
0006823   7.0558E+03  2.3143E+03  2.4460E+03
0006824   6.9735E+03  1.1044E+03  2.1305E+03
0006825   6.6882E+03 -3.5126E+03 -7.0627E+02
0006826   6.0782E+03 -2.0744E+02  2.3893E+03
0006827   8.6390E+03  4.3932E+02  1.5115E+03
0006828   9.1405E+03 -1.8825E+02 -3.6326E+02
0006829   7.1996E+03 -9.1560E+02 -2.1693E+03
0006830   5.9384E+03  2.5495E+02  3.9325E+03
0006831   8.2309E+03 -1.6219E+03  2.1040E+03
0006832   5.6278E+03  2.8848E+03  2.6782E+02
0006833   5.8589E+03  1.0900E+02  2.8850E+03
0006834   8.6716E+03 -4.6263E+02  5.6412E+02
0006835   8.8607E+03  1.9221E+03 -6.3895E+02
0006836   7.0678E+03 -3.7003E+03  8.7545E+02
0006837   7.8886E+03 -1.2877E+03 -1.2525E+03
0006838   5.9610E+03 -1.3387E+02 -5.2168E+03
0006839   7.2021E+03 -1.3290E+03 -8.0732E+02
0006840   6.3508E+03  5.1759E+02  2.9704E+03
0006841   4.2333E+03  2.8309E+03  1.3606E+03
0006842   9.0112E+03  1.1400E+03  9.4232E+02
0006843   9.0303E+03  1.9423E+02  4.8522E+02
0006844   8.5384E+03 -2.7984E+03  5.2114E+00
0006845   7.0590E+03 -1.6184E+03  3.5419E+03
0006846   7.8191E+03  7.0503E+02  1.2818E+03
0006847   6.7567E+03 -3.2043E+03 -1.0249E+03
0006848   8.1650E+03 -1.0603E+03 -1.4766E+03
0006849   7.0587E+03  3.4448E+03 -1.4692E+03
0006850   8.0848E+03 -1.4488E+03  2.2873E+03
0006851   8.1052E+03 -8.2679E+02  5.1976E+02
0006852   7.4094E+03 -1.7952E+03  8.2518E+02
0006853   6.9904E+03  8.7345E+02 -8.3290E+02
0006854   8.8390E+03 -1.7528E+03  8.0642E+02
0006855   6.8090E+03 -2.2660E+02 -4.9931E+02
0006856   9.5969E+03  2.7449E+03  1.8525E+03
0006857   9.2575E+03  2.4417E+01  1.0094E+02
0006858   2.0698E+03  2.4751E+03  4.1508E+03
0006859   8.3020E+03 -2.4113E+03  2.6672E+02
0006860   8.6966E+03 -1.4256E+03 -1.9560E+03
0006861   8.0413E+03 -2.1125E+02 -5.8292E+02
0006862   7.4126E+03 -8.0533E+02 -4.2756E+02
0006863   7.7292E+03 -2.6284E+03  7.8407E+01
0006864   7.4984E+03 -4.8599E+02  3.6911E+03
0006865   5.5707E+03  3.8874E+02 -1.3326E+03
0006866   8.0847E+03  2.6377E+03  2.2672E+03
0006867   8.9471E+03  1.1258E+03 -8.7049E+02
0006868   5.6181E+03  8.1344E+02  1.1814E+03
0006869   6.7778E+03 -9.5671E+02  2.3834E+03
0006870   6.4494E+03  9.4113E+02 -2.4488E+03
0006871   8.4538E+03 -3.4143E+02 -4.0553E+02
0006872   8.5217E+03 -5.3162E+01  1.4793E+03
0006873   6.0220E+03  2.4986E+03  1.1083E+03
0006874   6.7045E+03 -1.5575E+03  2.4296E+03
0006875   8.1548E+03  2.1012E+03  4.1719E+01
0006876   8.4315E+03 -1.3760E+03 -1.6570E+03
0006877   6.9010E+03  1.7659E+03  3.3728E+03
0006878   7.3083E+03 -1.1198E+03  4.8971E+02
0006879   8.5855E+03 -1.5382E+03 -1.8825E+03
0006880   9.3253E+03  7.8828E+01 -9.8841E+02
0006881   8.8426E+03  8.6601E+02  1.8835E+03
0006882   6.6406E+03  1.2829E+03 -2.2164E+02
0006883   8.9523E+03  3.9350E+02 -1.2578E+03
0006884   7.5180E+03  5.1335E+02  4.3689E+02
0006885   8.4627E+03  1.3185E+03 -9.3366E+02
0006886   8.2986E+03  1.2067E+03  1.3559E+03
0006887   7.3355E+03 -3.7650E+02 -1.8647E+03
0006888   7.4138E+03  1.0277E+03 -1.8392E+03
0006889   4.3890E+03 -6.7808E+02 -1.3139E+03
0006891   5.9184E+03 -8.0185E+02 -1.7363E+03
0006892   7.6873E+03 -7.8054E+01 -3.0216E+03
0006893   8.6355E+03 -9.9103E+01  1.3343E+02
0006894   7.5116E+03  7.3810E+02  1.3723E+03
0006895   8.6712E+03 -1.0272E+03  1.4602E+03
0006896   7.6246E+03  1.6418E+02 -8.9420E+02
0006897   6.4707E+03 -3.1669E+03 -1.6296E+03
0006898   7.1088E+03  8.7804E+02 -9.4804E+02
0006899   5.6685E+03  3.6057E+03 -1.5250E+03
0006900   6.8916E+03  1.9038E+03  1.3058E+02
0006901   8.8096E+03  1.0382E+03  5.2657E+02
0006902   8.6247E+03  6.2337E+02  7.3061E+02
0006903   6.4638E+03 -2.1665E+03  1.1003E+03
0006904   7.1458E+03 -2.3343E+03 -1.5566E+03
0006905   7.9300E+03 -2.3503E+03 -1.2902E+03
0006906   8.1613E+03 -7.7543E+02 -1.3910E+03
0006907   8.7884E+03 -1.4590E+03  5.2985E+02
0006908   8.5042E+03 -4.1748E+03 -3.7129E+02
0006909   6.2826E+03 -8.9163E+02  3.6417E+02
0006910   9.2053E+03  7.8824E+02  1.0997E+03
0006911   6.6719E+03  5.0080E+02 -1.9998E+03
0006912   8.5006E+03  7.1489E+02 -1.3781E+03
0006913   5.1231E+03  2.3910E+03 -1.8364E+03
0006914   8.7360E+03 -1.8942E+02 -6.8876E+01
0006915   7.6744E+03  3.1993E+03  3.2601E+02
0006916   7.4795E+03  4.8529E+02 -4.6901E+02
0006917   7.7002E+03  7.1746E+01 -3.8316E+02
0006918   7.8106E+03  4.4569E+03  5.3194E+02
0006919   8.1642E+03  7.4836E+02 -2.7686E+03
0006920   8.0308E+03  2.5218E+03  5.4663E+02
0006921   6.0972E+03  7.7824E+02  3.5239E+03
0006922   7.3067E+03 -1.0618E+02  2.6769E+03
0006923   6.7604E+03  2.0063E+03 -1.4997E+03
0006924   6.9112E+03  2.3427E+03  2.9134E+02
0006925   8.7746E+03 -2.4429E+03 -7.3280E+02
0006926   8.8388E+03 -9.9810E+02 -1.7586E+03
0006927   8.4782E+03 -2.2951E+03  2.2041E+03
0006928   8.6194E+03  5.4108E+02 -2.0552E+03
0006929   8.4553E+03 -1.2598E+03  2.5553E+03
0006930   4.7801E+03  8.4673E+02 -2.2963E+03
0006931   7.3780E+03 -2.7858E+03 -1.1152E+03
0006932   6.1733E+03 -2.0107E+03 -1.5853E+03
0006933   7.9986E+03 -3.6573E+01 -2.3225E+02
0006934   7.3118E+03  6.9505E+02  1.6421E+02
0006935   6.3098E+03 -3.2047E+03  6.1030E+02
0006936   7.5061E+03 -4.2815E+02 -1.7044E+03
0006937   7.8339E+03  2.9552E+03 -6.0574E+02
0006938   6.8287E+03  1.9268E+03  1.3852E+03
0006939   9.0880E+03 -2.5339E+02 -8.1831E+02
0006940   9.2413E+03  5.1295E+02  6.5025E+01
0006941   8.0269E+03  3.1965E+03 -1.7376E+03
0006942   6.9284E+03  1.5103E+03  1.0126E+03
0006943   8.4180E+03  2.0355E+02 -7.7867E+02
0006944   6.0082E+03 -1.1269E+03 -1.8495E+03
0006945   8.2046E+03  8.7974E+00 -1.3081E+03
0006946   8.3176E+03  3.1145E+01  9.6882E+02
0006947   6.9832E+03 -2.5862E+03 -4.2034E+02
0006948   7.5169E+03  2.5977E+02 -2.1679E+03
0006949   7.6960E+03  5.5542E+02  8.4972E+02
0006950   7.0794E+03  1.6012E+03  5.0168E+01
0006951   6.8145E+03 -3.5800E+03 -8.8761E+02
0006952   7.9536E+03  6.9064E+00 -1.2232E+03
0006953   6.2312E+03  1.2873E+03 -8.0911E+02
0006954   8.5749E+03 -7.4164E+02 -1.6916E+03
0006955   7.6976E+03  9.3244E+02  2.4279E+03
0006956   8.4872E+03  3.1490E+02 -3.1589E+02
0006957   9.5925E+03  2.1593E+02 -5.0583E+02
0006958   5.9022E+03 -1.7872E+03  3.1031E+03
0006959   8.0968E+03  9.8704E+02 -1.3071E+03
0006960   8.0966E+03  2.1753E+03  1.2556E+03
0006961   8.6418E+03 -1.4950E+02  1.1680E+03
0006962   7.9886E+03  1.6740E+03  4.2641E+01
0006963   6.6755E+03 -1.3952E+03 -4.6788E+02
0006964   8.6179E+03 -1.7928E+03 -1.4270E+03
0006965   6.4581E+03  1.9159E+03  3.2357E+03
0006966   7.4918E+03 -4.9309E+01 -1.3231E+03
0006967   7.5009E+03  1.3241E+02 -7.4034E+02
0006968   7.3351E+03  2.4955E+02  3.7586E+02
0006969   7.0085E+03  1.0898E+03 -1.9870E+03
0006970   7.2647E+03 -1.9098E+03 -1.0066E+03
0006971   7.2275E+03 -2.2270E+02  3.2243E+03
0006972   7.3416E+03  1.4949E+02  2.2348E+03
0006973   8.9594E+03  2.9853E+03  1.6528E+03
0006974   6.4413E+03  2.8742E+02  1.2335E+03
0006975   7.5074E+03  4.9140E+02 -1.6423E+03
0006976   8.4700E+03  9.6158E+02 -2.9145E+01
0006977   7.4071E+03  3.9349E+03 -1.8803E+03
0006978   6.2997E+03  1.8142E+03  2.4424E+03
0006979   8.0546E+03 -7.0379E+02  1.8894E+03
0006980   6.9943E+03  8.0558E+02  2.5993E+03
0006981   8.4507E+03 -1.5445E+03  3.8952E+02
0006982   7.2843E+03  1.7990E+03 -1.0107E+03
0006983   8.6232E+03 -1.9952E+03  1.5449E+03
0006984   7.8692E+03 -2.0880E+02  5.1164E+02
0006985   8.4598E+03 -2.2088E+02  5.4492E+01
0006986   8.3598E+03 -1.4374E+03 -1.0960E+02
0006987   5.8063E+03  9.8843E+02  1.5982E+03
0006988   6.4733E+03  1.9695E+03  2.6369E+03
0006989   6.9264E+03  2.5136E+03  1.2274E+02
0006990   6.5725E+03  1.9979E+03  1.7805E+03
0006991   9.0971E+03  2.4570E+02  1.0382E+02
0006992   5.1645E+03  1.2907E+03  2.9222E+03
0006993   6.8288E+03  2.4658E+03 -1.6456E+02
0006994   6.1579E+03 -8.3501E+02 -3.3875E+02
0006995   8.2912E+03  2.3320E+02 -1.3778E+03
0006996   7.2276E+03 -2.7921E+03  5.5526E+02
0006997   8.1589E+03 -5.0373E+01  1.4066E+02
0006998   7.0548E+03  5.8008E+02  3.8150E+02
0006999   3.7040E+03 -2.2526E+03 -2.4143E+03
0007000   3.7059E+03 -4.8755E+03 -1.2561E+03
0007001   7.0192E+03  4.0404E+02  7.4091E+02
0007002   8.8375E+03 -1.7820E+03 -4.5466E+02
0007003   6.3175E+03  2.5412E+03  5.6659E+02
0007004   7.4805E+03  2.4653E+02  5.9583E+02
0007005   7.6126E+03 -2.5936E+02 -2.3542E+02
0007006   7.6064E+03 -1.3094E+03 -1.0683E+03
0007007   8.5358E+03  1.1752E+03 -8.7493E+02
0007008   5.5040E+03 -1.8504E+03 -3.4168E+03
0007009   6.1831E+03  1.0697E+03  3.6053E+03
0007010   8.3294E+03  5.8857E+02  1.5043E+02
0007011   8.6929E+03 -1.4043E+03 -2.4886E+02
0007012   7.7075E+03  2.1774E+02  4.0071E+03
0007013   9.1285E+03  2.2426E+01 -1.8194E+03
0007014   8.1009E+03 -4.4263E+02 -3.7713E+02
0007015   6.6238E+03  1.5208E+03  1.0803E+02
0007016   8.2628E+03  1.0461E+03  1.1350E+03
0007017   8.2334E+03  1.7728E+02  9.5168E+02
0007018   7.7680E+03  9.0010E+02  8.4073E+02
0007019   7.5582E+03 -2.8128E+02  8.9158E+02
0007020   7.1398E+03  5.1614E+02  4.0569E+02
0007021   5.7715E+03 -4.1605E+03 -1.9150E+02
0007022   7.8018E+03 -3.6736E+01 -1.0032E+03
0007023   7.7947E+03  1.1548E+03 -2.7273E+03
0007024   5.9687E+03  2.9605E+03  1.2809E+03
0007025   7.8056E+03 -2.7322E+02  4.1932E+03
0007026   5.1263E+03  5.0461E+02  3.5586E+03
0007027   6.9502E+03  1.1179E+03  3.6596E+03
0007028   7.8473E+03  7.3692E+02 -1.4878E+02
0007029   8.0653E+03 -7.1320E+02 -1.4409E+03
0007030   8.1067E+03  1.6238E+03  1.1239E+03
0007031   7.6632E+03 -7.8692E+02 -1.7774E+03
0007032   9.6210E+03 -1.4831E+03 -1.6209E+03
0007033   7.7764E+03 -8.0728E+02  6.0753E+02
0007034   8.5265E+03  1.0085E+03 -1.7978E+03
0007035   7.5423E+03  2.1620E+03 -1.7759E+03
0007036   4.7767E+03 -1.5581E+02  4.3743E+03
0007037   7.9913E+03  1.8540E+03  1.5019E+03
0007038   7.3005E+03 -3.4257E+03 -7.0857E+01
0007039   8.6396E+03  1.2005E+03  1.2220E+03
0007040   7.6620E+03 -9.6797E+02 -1.0137E+03
0007041   4.5247E+03 -2.0359E+03  3.1301E+03
0007042   6.4100E+03 -1.7868E+03  2.4970E+02
0007043   6.7923E+03  6.3639E+02 -2.1441E+03
0007044   6.6358E+03  1.6037E+03  1.6870E+03
0007045   9.0788E+03  8.5162E+02 -4.8774E+02
0007046   6.9153E+03  5.4247E+02  2.7241E+03
0007047   8.8968E+03 -1.0361E+03  1.4570E+03
0007048   9.0686E+03 -2.1147E+03  2.0471E+03
0007049   7.0204E+03 -1.6863E+03  3.6922E+02
0007050   8.6690E+03  2.4134E+03  7.6347E+02
0007051   9.0070E+03  1.9939E+03  8.8447E+02
0007052   5.3587E+03  2.9340E+02 -1.1634E+03
0007053   4.9074E+03 -2.7892E+03 -6.0352E+03
0007054   6.9299E+03  1.2154E+03 -2.0173E+03
0007055   9.5624E+03  2.9960E+03  6.5047E+02
0007056   7.6924E+03  1.5794E+03  6.6628E+02
0007057   7.1079E+03 -1.5746E+03  8.4727E+02
0007058   7.4373E+03 -7.5566E+02  2.7742E+02
0007059   8.4814E+03  1.0242E+02 -1.0775E+03
0007060   7.0932E+03  2.2270E+03  3.8914E+03
0007061   7.3949E+03  1.2060E+03  6.9390E+02
0007062   6.5994E+03  2.7499E+03 -2.2826E+03
0007063   8.5924E+03  7.3814E+01 -1.6023E+03
0007064   6.6326E+03  1.5765E+01  1.3550E+03
0007065   8.0286E+03  7.0222E+02  1.4347E+03
0007066   8.2293E+03 -2.7044E+03 -1.0073E+03
0007067   5.6914E+03 -2.1448E+02 -1.9964E+03
0007068   6.4273E+03  2.0574E+03 -7.1583E+01
0007069   6.8360E+03 -2.5470E+03  1.0996E+03
0007070   8.9682E+03 -1.1856E+02  4.0850E+02
0007071   7.7246E+03  1.7052E+03 -3.0343E+03
0007072   7.4200E+03  1.3106E+03  1.2106E+03
0007073   8.6536E+03 -9.7312E+02 -1.4204E+03
0007074   7.3966E+03 -1.7011E+03  6.3635E+02
0007075   8.2700E+03  2.5098E+03  1.8307E+03
0007076   7.5654E+03 -4.7001E+02  2.1645E+03
0007077   6.9872E+03  1.7154E+03  1.4819E+03
0007078   7.2020E+03 -8.4665E+02 -3.0676E+02
0007079   8.5497E+03  1.4682E+03 -4.0702E+02
0007080   8.4433E+03 -1.3987E+03  9.6632E+02
0007081   7.4873E+03  8.3435E+02  6.1643E+02
0007082   6.9797E+03  3.1246E+03 -1.5782E+03
0007083   2.5608E+03 -1.6348E+03 -2.0196E+03
0007084   8.4971E+03  8.0295E+02  1.1791E+03
0007085   8.3105E+03 -1.5743E+03 -2.8684E+03
0007086   8.1966E+03 -9.0085E+02 -3.0146E+02
0007087   5.4924E+03 -4.5786E+03 -5.1992E+03
0007088   7.8455E+03 -2.2067E+03  1.7300E+03
0007089   8.9530E+03 -6.9241E+02 -1.9145E+03
0007090   6.7893E+03 -4.1919E+02  1.0959E+03
0007091   8.5915E+03 -7.7740E+02 -4.7405E+02
0007092   6.0896E+03  2.6271E+03 -1.3077E+03
0007093   8.5692E+03 -6.0331E+02  2.8045E+03
0007094   7.8974E+03  2.2895E+03 -3.2242E+02
0007095   7.0610E+03  2.5020E+03  2.6402E+03
0007096   6.7748E+03  1.0406E+03 -1.2669E+03
0007097   8.3640E+03 -8.2689E+00 -1.3374E+03
0007098   8.1260E+03  8.4356E+01 -8.7637E+02
0007099   7.8614E+03  1.7610E+03  1.0242E+02
0007100   8.7092E+03  8.8677E+02  8.1424E+02
0007101   8.5730E+03  2.4567E+03  1.4247E+03
0007102   5.3934E+03  3.0057E+01 -6.4948E+02
0007103   8.0080E+03  4.4927E+02  2.3535E+02
0007104   8.0121E+03 -2.3867E+03  2.0573E+02
0007105   6.3572E+03 -1.2524E+03 -7.3526E+02
0007106   3.1498E+03  1.4449E+03 -9.9816E+02
0007107   8.0185E+03  1.1976E+03  1.7448E+03
0007108   6.7310E+03 -5.3071E+02  1.0070E+03
0007109   7.7082E+03 -2.0836E+03 -5.1657E+02
0007110   7.4973E+03  1.1192E+03 -1.5585E+03
0007111   8.3843E+03 -3.2030E+03 -1.7538E+02
0007112   8.6362E+03 -5.7772E+02 -9.5874E+02
0007113   9.2581E+03  1.4513E+03 -6.0429E+02
0007114   5.0172E+03  2.2350E+03 -2.4314E+03
0007115   8.1252E+03 -3.0839E+03 -5.6256E+02
0007116   8.2612E+03 -1.1235E+03 -4.3246E+02
0007117   7.2362E+03  1.1289E+03  9.3746E+02
0007118   7.0800E+03  1.5107E+02 -1.5203E+03
0007119   8.0529E+03  2.7088E+03 -1.6954E+03
0007120   8.5594E+03  8.3760E+02  7.0909E+02
0007121   6.7755E+03 -2.6446E+03 -4.8053E+02
0007122   5.2226E+03  4.6823E+01 -1.8194E+02
0007123   8.9833E+03  1.0069E+03 -1.1710E+03
0007124   7.8670E+03 -3.3552E+02 -2.1694E+03
0007125   6.4287E+03  4.8659E+02  2.5280E+03
0007126   8.1308E+03  1.7730E+03 -6.9229E+02
0007127   8.0305E+03 -1.2717E+03 -1.2954E+03
0007128   7.4391E+03  1.8218E+03  1.4421E+03
0007129   7.4585E+03  1.6540E+03 -1.8875E+03
0007130   5.2189E+03 -5.8122E+03  7.8054E+02
0007131   5.1387E+03  1.3850E+03 -5.2565E+03
0007132   8.3189E+03 -3.2482E+03 -1.3341E+02
0007133   7.6567E+03 -5.4277E+02 -9.3160E+02
0007134   8.6965E+03 -3.1750E+03  1.3310E+03
0007135   7.1954E+03 -9.3353E+02 -4.2624E+02
0007136   7.8017E+03  1.3800E+03  1.7405E+03
0007137   6.8744E+03  1.9380E+03 -1.0537E+03
0007138   6.1216E+03 -2.5099E+03 -1.6347E+03
0007139   5.8800E+03 -2.1465E+03  2.4792E+03
0007140   5.6002E+03 -3.3073E+03 -2.1229E+03
0007141   8.7548E+03  1.5900E+02  1.4563E+03
0007142   8.4284E+03  8.7750E+02  1.4383E+03
0007143   8.2868E+03 -4.9906E+02  8.9610E+02
0007144   8.6526E+03  3.0600E+03 -1.2191E+03
0007145   1.4396E+03 -2.5194E+03 -1.3787E+03
0007146   7.7971E+03 -1.4286E+02 -2.4106E+03
0007147   7.4983E+03 -2.0521E+03  2.5746E+03
0007148   7.2863E+03  2.3233E+03  2.0297E+03
0007149   3.8351E+03  8.0971E+02 -7.2481E+01
0007150   9.1792E+03 -8.7137E+02 -1.9141E+03
0007151   8.8708E+03 -3.4983E+02  3.3480E+02
0007152   6.2915E+03 -8.6890E+02  3.2673E+03
0007153   9.0991E+03 -5.0079E+02 -2.2373E+03
0007154   8.7261E+03 -4.9853E+02 -5.5165E+02
0007155   9.1234E+03  1.8372E+02 -6.9765E+01
0007156   6.4755E+03 -8.7675E+02 -1.8786E+03
0007157   8.0953E+03  1.6368E+02  9.6478E+02
0007158   6.6198E+03  6.5788E+02  1.3755E+03
0007159   8.5867E+03 -4.8081E+02 -3.7260E+01
0007160   7.7415E+03 -1.8129E+03 -7.4004E+02
0007161   4.8090E+03  1.7762E+03  3.3353E+03
0007162   7.9057E+03  7.3728E+02  2.2414E+03
0007163   8.0824E+03  2.5747E+03 -1.3943E+03
0007164   8.5645E+03 -3.4671E+03  1.3730E+03
0007165   8.8901E+03 -8.4640E+02  9.7884E+02
0007166   7.5781E+03 -5.9063E+02 -5.1900E+02
0007167   6.8375E+03  2.0306E+03  4.0101E+03
0007168   8.4641E+03 -4.4911E+02 -1.7109E+03
0007169   7.4924E+03 -4.4951E+02  2.0859E+03
0007170   6.9769E+03  1.7439E+03 -2.4115E+03
0007171   7.9427E+03  5.0716E+02 -2.8219E+03
0007172   7.9591E+03  1.2912E+03  2.3641E+03
0007173   7.0746E+03  1.4668E+03  5.0438E+02
0007174   9.4783E+03 -3.0871E+02  1.7050E+03
0007175   7.9113E+03  1.8441E+03  6.3544E+02
0007176   8.0771E+03 -9.1568E+02 -1.1208E+03
0007177   6.5949E+03 -1.5724E+03 -1.3810E+03
0007178   8.2167E+03 -1.3006E+03 -4.6466E+02
0007179   7.7970E+03 -2.5148E+03  3.2009E+02
0007180   7.3737E+03  1.7513E+03  4.4846E+02
0007181   8.2206E+03 -1.4285E+03  6.9747E+02
0007182   4.8283E+03 -1.8226E+03  3.3743E+03
0007183   8.2876E+03 -1.5500E+03 -2.2546E+03
0007184   7.4823E+03  1.5204E+03  2.7856E+03
0007185   8.2142E+03  2.0923E+03 -4.1643E+01
0007186   8.3447E+03  1.6763E+03  1.3639E+02
0007187   6.0837E+03  1.5525E+03  1.6318E+03
0007188   5.8017E+03 -2.4938E+03  4.2347E+02
0007189   8.5270E+03 -1.1337E+03  1.7652E+02
0007190   8.9844E+03  7.3828E+02  1.6030E+02
0007191   8.2534E+03  6.4836E+02 -2.2276E+03
0007192   7.7443E+03  8.7633E+02  1.2103E+03
0007193   9.0186E+03 -8.6989E+02  5.8635E+03
0007194   8.9648E+03  1.0797E+03  2.1795E+02
0007195   9.4145E+03 -9.8908E+02 -1.3814E+03
0007196   7.2015E+03 -7.9525E+02  1.6752E+03
0007197   7.0001E+03  1.9625E+02  9.9540E+02
0007198   6.4915E+03  1.0861E+03  4.0507E+03
0007199   7.2689E+03  8.8016E+02 -3.3438E+03
0007200   7.1136E+03 -8.4550E+02  6.0340E+02
0007201   8.8822E+03 -1.2509E+03 -1.3292E+03
0007202   7.2744E+03  9.9403E+02 -9.4937E+02
0007203   8.4499E+03  1.4646E+03 -1.3202E+03
0007204   5.1968E+03  1.0445E+02  9.2209E+02
0007205   8.0557E+03 -5.5723E+02 -4.2813E+01
0007206   8.7606E+03 -2.5129E+02 -1.5249E+03
0007207   8.6662E+03  1.4740E+03  7.0328E+02
0007208   8.1428E+03 -6.3215E+02  1.6088E+02
0007209   8.3302E+03  8.2581E+02  1.7560E+03
0007210   6.2198E+03 -1.5302E+03 -8.4725E+02
0007211   7.8792E+03 -1.7075E+03  8.2378E+02
0007212   7.7406E+03 -4.9845E+01 -1.4950E+03
0007213   9.7097E+03  1.5849E+02  9.9169E+01
0007214   8.7312E+03 -1.3790E+03 -6.9005E+02
0007215   8.6071E+03 -5.3660E+02  1.6088E+03
0007216   7.1230E+03  6.3661E+02  3.7533E+03
0007217   8.6008E+03 -3.2745E+02  6.3752E+02
0007218   6.4779E+03 -8.5725E+02 -4.3946E+03
0007219   7.3586E+03 -8.2823E+02 -2.5513E+03
0007220   8.0683E+03  1.6698E+03  1.4798E+03
0007221   7.7693E+03 -3.7217E+02 -9.4984E+02
0007222   5.5644E+03 -1.7519E+03  1.9145E+03
0007223   8.4744E+03  4.7927E+02  3.3837E+02
0007224   8.3396E+03  1.3055E+03  1.6037E+03
0007226   8.1443E+03  2.3683E+03  2.7007E+02
0007227   6.4814E+03  8.2086E+02  2.6067E+03
0007228   6.9391E+03  1.7528E+03  8.1292E+02
0007229   9.6425E+03  2.4525E+03  1.2794E+03
0007230   5.7971E+03 -1.1295E+03 -2.4302E+03
0007231   8.6236E+03 -1.3971E+03 -1.2890E+03
0007232   9.2838E+03 -8.4324E+01 -1.2706E+03
0007233   7.8144E+03  6.2533E+00  1.7628E+03
0007234   6.3859E+03 -1.8469E+03  1.1809E+03
0007235   6.1485E+03 -5.4959E+03 -2.4469E+03
0007236   7.1908E+03  2.2902E+03  1.8902E+03
0007237   7.0862E+03 -1.5694E+03  2.5558E+03
0007238   6.9686E+03  9.0764E+02  1.9004E+03
0007239   8.0370E+03 -2.0631E+03 -7.2020E+02
0007240   6.0852E+03  2.2623E+03  6.7161E+02
0007241   9.2639E+03  7.7286E+02 -9.2594E+02
0007242   8.7038E+03  4.1150E+02  8.0409E+01
0007243   7.1210E+03 -1.0577E+03  6.5216E+02
0007244   4.3083E+03 -1.9938E+03  1.2332E+03
0007245   7.9638E+03 -2.2736E+03  1.6750E+03
0007246   8.0414E+03  8.0622E+02 -3.5405E+02
0007247   7.9608E+03  8.9880E+02 -5.9417E+02
0007248   6.0777E+03 -1.7962E+03  1.8624E+03
0007249   4.9865E+03  2.1774E+03 -1.6725E+03
0007250   7.6938E+03  5.3644E+02 -2.2083E+03
0007251   9.0039E+03 -6.3712E+02 -1.1799E+03
0007252   6.5540E+03  5.9655E+02 -8.3712E+02
0007253   7.2685E+03 -4.3344E+03 -1.2482E+03
0007254   5.5438E+03 -3.7339E+03 -1.2090E+03
0007255   7.6441E+03 -2.1086E+03 -1.3776E+02
0007256   2.8531E+03 -4.0176E+03  5.7943E+01
0007257   7.8227E+03  2.3006E+03 -3.1879E+02
0007258   9.1131E+03  2.0578E+03  9.0041E+01
0007259   6.1657E+03  1.4894E+03  6.0864E+03
0007260   7.7771E+03 -1.6808E+03 -1.5297E+03
0007261   6.5066E+03  2.7330E+03 -1.9334E+03
0007262   7.0991E+03  6.4298E+01  6.0360E+02
0007263   7.0386E+03 -1.4500E+03  2.4761E+03
0007264   9.7824E+03 -1.2266E+02 -2.3118E+03
0007265   7.7452E+03 -1.5234E+03  1.8224E+03
0007266   6.8286E+03 -1.7284E+02  9.2250E+01
0007267   4.5960E+03  2.5874E+03  2.1812E+03
0007268   6.5623E+03 -3.4817E+03 -3.0862E+02
0007269   5.5521E+03  1.6650E+03  1.7568E+03
0007270   6.8321E+03 -2.3906E+03 -1.2306E+03
0007271   9.2114E+03 -1.4253E+03 -1.6733E+02
0007272   8.1689E+03  1.4710E+03 -2.9006E+02
0007273   5.8045E+03 -7.8111E+02 -4.4711E+03
0007274   8.0611E+03  1.6353E+03  1.3253E+03
0007275   6.4919E+03  2.2283E+03  8.4284E+02
0007276   8.2398E+03 -1.5633E+03 -6.7087E+02
0007277   6.8879E+03  1.9321E+03  1.4920E+03
0007278   7.8815E+03  1.4346E+03  1.0602E+03
0007279   8.6864E+03 -6.0642E+01  5.9039E+02
0007280   8.4399E+03  1.3349E+03 -3.4687E+02
0007281   7.5673E+03 -5.6072E+02  6.8791E+02
0007282   2.5637E+03  3.7591E+03  6.1998E+03
0007283   8.6414E+03 -6.4316E+01  1.0800E+03
0007284   6.9683E+03 -2.5733E+03 -1.3383E+03
0007285   6.6775E+03  2.4205E+03  2.0394E+03
0007286   7.8654E+03 -3.2948E+01  7.2841E+02
0007287   8.4403E+03 -3.5292E+02 -3.1063E+02
0007288   7.9110E+03  7.1055E+02  1.8319E+03
0007289   7.9016E+03  1.7336E+03 -8.8792E+01
0007290   7.0794E+03  1.9152E+03  1.6962E+03
0007291   7.3326E+03 -8.1484E+02  8.5801E+02
0007292   7.9524E+03 -1.6131E+03 -2.3903E+03
0007293   7.5567E+03 -4.1029E+02 -8.3150E+02
0007294   9.1313E+03  1.1017E+03 -6.6118E+01
0007295   7.7024E+03 -4.7605E+02  3.5247E+03
0007296   7.8032E+03 -8.7345E+02 -1.2211E+03
0007297   8.4853E+03 -8.7567E+01 -2.9175E+03
0007298   8.3008E+03  1.3378E+03  1.4881E+02
0007299   8.3432E+03 -9.9094E+02 -1.2851E+03
0007300   8.9946E+03  1.7986E+03 -9.0278E+02
0007301   7.1086E+03 -2.7983E+03 -5.8051E+02
0007302   7.4011E+03  8.8471E+02  3.0494E+02
0007303   7.0256E+03 -1.5337E+03 -1.1190E+03
0007304   7.9524E+03 -1.9850E+03 -6.7396E+02
0007305   5.4075E+03  2.9316E+03  1.6408E+03
0007306   7.3937E+03  9.8657E+01 -1.5929E+03
0007307   7.1258E+03  3.0039E+03 -1.8520E+01
0007308   7.8369E+02  5.3546E+03 -8.4655E+02
0007309   8.3783E+03 -4.2144E+02 -9.4560E+02
0007310   9.3152E+03 -1.9195E+03 -5.8952E+02
0007311   8.2904E+03 -7.7307E+02 -1.7690E+03
0007312   8.7537E+03 -3.5726E+03 -1.1011E+03
0007313   8.3418E+03  7.2953E+02  2.1434E+03
0007314   4.3607E+03 -3.2180E+03  2.9722E+02
0007315   5.1397E+03  1.6212E+03  4.3270E+02
0007316   7.9822E+03 -2.4901E+03  1.5100E+03
0007317   8.3509E+03 -3.3225E+02  5.1606E+02
0007318   8.8731E+03 -3.5365E+02 -4.8133E+02
0007319   8.0156E+03  1.6475E+03 -1.0708E+03
0007320   6.9397E+03 -3.2765E+03  1.1509E+03
0007321   4.3883E+03  1.3703E+03 -2.7873E+02
0007322   6.3320E+03 -1.9475E+03 -6.0272E+02
0007323   6.8935E+03 -2.8194E+03 -4.2762E+03
0007324   7.8128E+03 -1.6566E+03  3.9004E+02
0007325   7.3029E+03 -1.5607E+03  4.0733E+03
0007326   5.1079E+03  2.8890E+03  2.4892E+02
0007327   6.8588E+03  1.0911E+03 -1.8451E+02
0007328   9.1291E+03  1.8827E+02  2.4821E+03
0007329   9.5457E+03 -6.2259E+02  1.2158E+02
0007330   8.3741E+03  2.6344E+02 -1.3586E+03
0007331   8.2056E+03 -2.0031E+02  1.5342E+03
0007332   7.7604E+03 -2.0940E+03  3.4613E+02
0007333   6.9438E+03 -2.1699E+03 -4.5571E+01
0007334   8.4148E+03 -1.4924E+03 -2.2517E+03
0007335   8.3657E+03 -1.3608E+03 -1.6338E+03
0007336   6.8308E+03  1.8275E+03 -2.6252E+03
0007337   7.5844E+03  1.8623E+03 -5.0672E+02
0007338   7.8477E+03 -1.9608E+02  6.9505E+02
0007339   8.7799E+03 -1.5862E+03  1.0946E+03
0007340   8.4978E+03  8.1907E+02 -8.4625E+01
0007341   9.6747E+03  1.2992E+03 -2.5110E+02
0007342   8.1863E+03  1.0225E+03  6.3550E+02
0007343   7.4629E+03  1.5428E+03  7.8746E+02
0007344   8.2590E+03  3.7587E+02 -5.2554E+02
0007345   7.8843E+03  1.1813E+03 -8.5205E+02
0007346   7.5665E+03 -1.3437E+03 -1.9837E+03
0007347   9.8616E+03 -2.9880E+02  2.1045E+03
0007348   8.5773E+03  9.5612E+02 -1.2719E+03
0007349   8.8274E+03 -2.7405E+02 -8.5683E+02
0007350   8.0355E+03 -1.6066E+03 -1.3403E+03
0007351   8.2322E+03 -1.6591E+03 -1.6189E+03
0007352   6.5298E+03 -2.3013E+03  1.2726E+03
0007353   5.9022E+03 -2.9042E+03  3.9228E+03
0007354   6.4645E+03 -5.3767E+01 -3.4024E+03
0007355   7.7604E+03 -9.2859E+02 -6.0804E+02
0007356   8.5990E+03 -7.1427E+02 -1.7300E+03
0007357   8.9917E+03  1.2894E+03 -5.6279E+02
0007358   7.9547E+03 -4.9629E+02 -2.7459E+02
0007359   7.4041E+03 -2.4148E+02  9.4677E+02
0007360   7.5392E+03 -2.6137E+02 -1.6157E+03
0007361   7.2675E+03  2.4763E+03  1.5027E+03
0007362   7.2171E+03  4.8313E+02  6.9504E+02
0007363   4.5613E+03 -3.4692E+03 -2.7300E+03
0007364   8.5683E+03 -7.2753E+02 -3.3867E+03
0007365   8.1607E+03 -2.3301E+03 -3.5760E+02
0007366   6.3469E+03 -2.0143E+03 -2.7281E+01
0007367   6.9982E+03 -1.5020E+03 -4.5313E+02
0007369   7.5178E+03  1.4224E+03  1.7398E+03
0007370   8.2947E+03  7.3730E+02  1.0749E+03
0007371   5.3624E+03 -4.4671E+03 -8.6190E+02
0007372   7.3304E+03 -1.8438E+03  9.4989E+02
0007373   6.6718E+03  6.1270E+01 -1.0229E+03
0007374   7.0714E+03  1.0119E+02 -1.2174E+03
0007375   8.2685E+03  1.2587E+03 -1.6821E+03
0007376   7.2749E+03 -3.3155E+03  3.3570E+03
0007377   7.8555E+03  2.0507E+02  3.5927E+03
0007378   6.7040E+03  2.3685E+03  1.7853E+03
0007379   8.5328E+03 -3.7224E+02  3.8691E+02
0007380   8.2181E+03 -1.0416E+03  1.1147E+03
0007381   7.5483E+03 -1.8169E+02 -1.5893E+03
0007382   8.1483E+03  3.5192E+02 -2.3356E+03
0007383   7.7637E+03  6.1433E+02  1.6267E+03
0007384   8.2435E+03  1.2354E+03 -3.0551E+03
0007385   7.2603E+03  1.6835E+02  1.8360E+03
0007386   7.6647E+03  1.4855E+03 -1.7406E+03
0007387   7.8568E+03  2.3372E+03  4.9160E+02
0007388   6.8264E+03  4.3042E+03 -2.3892E+03
0007389   7.5989E+03 -7.4371E+02 -1.7457E+02
0007390   6.4530E+03  1.6158E+03  1.3954E+03
0007391   8.1991E+03  1.0101E+03 -1.5380E+03
0007392   8.4359E+03 -1.1622E+03  1.8881E+02
0007393   6.7142E+03  4.6655E+03  2.4003E+02
0007394   6.1746E+03 -9.7680E+01 -1.9737E+03
0007395   6.6713E+03 -2.2097E+03 -2.7359E+03
0007396   8.0502E+03  2.9918E+03 -1.7859E+02
0007397   8.4958E+03  9.3422E+02 -2.3048E+02
0007398   8.2156E+03  6.8432E+02  1.9532E+03
0007399   7.9923E+03  1.6038E+03  1.0814E+02
0007400   8.6006E+03  8.5818E+02  1.6007E+01
0007401   9.0127E+03  2.2243E+03  6.9916E+02
0007402   9.9869E+03  3.5282E+02 -8.4050E+02
0007403   9.3277E+03 -2.3535E+02 -7.3017E+02
0007404   8.0184E+03  2.0315E+03 -1.3917E+03
0007405   6.5440E+03  9.2657E+01  8.6308E+02
0007406   8.1357E+03 -3.2188E+03 -2.3930E+03
0007407   7.5973E+03  2.9542E+03 -1.2905E+01
0007408   6.7666E+03 -2.9216E+02  5.9854E+02
0007409   5.8181E+03  2.2622E+03 -2.0745E+03
0007410   7.6310E+03  3.3523E+02  1.3288E+03
0007411   6.5538E+03 -1.3858E+03  3.3166E+02
0007412   9.2710E+03 -2.7777E+02 -1.9578E+02
0007413   8.5809E+03  1.2117E+03 -1.6485E+03
0007414   6.6718E+03 -4.6773E+02 -2.5240E+03
0007415   6.5205E+03 -4.8613E+02 -3.9996E+03
0007416   7.6489E+03  3.6947E+03  2.8007E+03
0007417   8.4734E+03 -9.3516E+02  5.1825E+01
0007418   8.3506E+03  2.9044E+02 -2.3287E+02
0007419   8.0100E+03  4.3076E+02 -1.7707E+02
0007420   7.7481E+03 -2.3060E+03  1.2000E+03
0007421   7.2359E+03 -2.1050E+03  1.2856E+03
0007422   7.8910E+03 -1.2613E+03 -1.2717E+03
0007423   7.4089E+03  2.1342E+03 -1.5419E+03
0007424   3.5873E+03  5.1199E+03 -3.6714E+03
0007425   8.0868E+03 -3.0140E+03 -7.9324E+02
0007426   8.2746E+03  2.1671E+03  1.3631E+03
0007427   9.3407E+03  2.9277E+02 -1.3937E+03
0007428   8.3045E+03  1.2304E+02 -7.6070E+02
0007429   7.5766E+03  1.4399E+03  3.7542E+02
0007430   3.6159E+03 -5.5972E+02 -3.7969E+03
0007431   6.9809E+03  2.6101E+03  2.7273E+03
0007432   7.1863E+03  1.2015E+03  2.4890E+03
0007433   5.2970E+03  1.4746E+02  1.7148E+03
0007434   6.9245E+03  4.6018E+02 -4.6267E+02
0007435   7.4254E+03  2.6878E+02  1.2305E+03
0007436   7.3527E+03 -1.5254E+03  2.0557E+03
0007437   7.0378E+03  9.7125E+02  2.5736E+03
0007438   8.0458E+03 -4.5419E+02 -6.8946E+02
0007439   9.3060E+03  1.3039E+02 -1.1156E+03
0007440   7.1960E+03 -6.8437E+02 -1.5450E+02
0007441   7.1680E+03 -1.7157E+03  1.4662E+03
0007442   7.5226E+03 -5.4262E+01 -7.6671E+02
0007443   8.0592E+03 -1.1601E+03  2.1866E+02
0007444   7.4739E+03  2.1629E+03  1.5959E+03
0007445   8.8727E+03 -9.9403E+02 -1.3211E+03
0007446   7.9225E+03  8.3399E+01 -2.4029E+02
0007447   7.5879E+03  6.3602E+02  8.3534E+02
0007448   8.2438E+03  3.8326E+02  9.1474E+02
0007449   7.7018E+03  2.6300E+03  2.2874E+03
0007450   5.7571E+03  2.3949E+03  1.9331E+03
0007451   7.6578E+03  1.0372E+03 -1.9834E+03
0007452   7.8333E+03 -2.1661E+02  1.0309E+03
0007453   7.6615E+03  1.8226E+03 -4.0365E+01
0007454   8.2269E+03 -1.4024E+02 -5.7788E+02
0007455   6.7408E+03 -1.8301E+03 -9.2532E+02
0007456   8.8536E+03  1.7368E+03  9.5218E+02
0007457   7.8079E+03 -1.5086E+03  1.7661E+03
0007458   7.3421E+03 -2.5849E+02 -7.9213E+02
0007459   9.0184E+03  7.1598E+02  8.0888E+02
0007460   7.4900E+03  3.0787E+02  1.0135E+02
0007461   8.0384E+03 -2.7507E+01  1.5502E+03
0007462   8.1069E+03 -5.4187E+02 -2.8746E+02
0007463   8.2972E+03 -3.6718E+02  1.2365E+03
0007464   7.7006E+03  1.2431E+03 -7.6369E+02
0007465   5.5063E+03 -7.6159E+01 -3.3071E+03
0007466   8.2338E+03  6.4883E+02 -1.8694E+03
0007467   9.5078E+03  7.2758E+02 -2.4077E+03
0007468   8.3323E+03 -2.4693E+03 -1.8975E+03
0007469   8.4532E+03 -5.6409E+02  1.2388E+03
0007470   8.1864E+03 -2.0269E+03  1.2700E+03
0007471   8.2279E+03 -2.7097E+03 -1.1599E+02
0007472   8.6187E+03 -1.7301E+02 -1.7633E+02
0007473   7.5789E+03  8.7350E+02 -2.6059E+03
0007474   7.8127E+03  2.5258E+03  1.3349E+02
0007475   7.8978E+03  4.3365E+02  2.0661E+02
0007476   7.2336E+03  8.3814E+02  3.1995E+03
0007477   9.0187E+03 -5.0291E+02  3.0634E+02
0007478   8.1875E+03 -1.1348E+03 -3.5266E+03
0007479   7.9894E+03 -6.4136E+02 -1.8258E+01
0007480   6.1712E+03  1.2708E+03  3.0413E+03
0007481   8.9562E+03 -1.7367E+03  5.9825E+02
0007482   7.2788E+03 -4.6307E+02 -5.5337E+02
0007483   6.9423E+03 -5.5175E+02 -5.6299E+02
0007484   7.5585E+03  1.6752E+03  1.8306E+03
0007485   7.1170E+03 -2.4072E+02  1.8627E+03
0007486   7.8241E+03  4.8212E+02 -8.8110E+02
0007487   6.7131E+03  9.4837E+02  1.2260E+03
0007488   8.8366E+03 -9.4500E+02  2.2945E+02
0007489   7.6357E+03  1.0991E+03 -1.0516E+03
0007490   8.3625E+03  1.2156E+03  3.6056E+02
0007491   9.1672E+03 -2.4401E+02 -4.0511E+02
0007492   6.5661E+03  7.7696E+02 -2.7807E+03
0007493   6.8547E+03  1.5227E+03 -2.8530E+03
0007494   7.5905E+03  2.1688E+03  8.2931E+02
0007495   8.2452E+03  5.7130E+02 -1.5227E+03
0007496   7.5234E+03 -2.0705E+03 -1.1977E+03
0007497   5.0058E+03  3.5810E+03 -9.8030E+02
0007498   7.7148E+03 -1.2968E+03 -3.4671E+03
0007499   7.3805E+03  3.4264E+03 -3.5056E+02
0007500   7.4960E+03  2.2618E+02 -4.6394E+01
0007501   8.2130E+03 -1.2861E+03  1.3175E+03
0007502   7.9231E+03  2.5883E+03  1.9067E+02
0007503   7.1026E+03 -3.3028E+03 -6.8114E+02
0007504   7.3594E+03  3.0619E+03  2.7465E+03
0007505   6.7748E+03  5.7751E+02  2.0421E+03
0007506   4.4254E+03 -7.2052E+02  2.3938E+03
0007507   7.0867E+03  7.6595E+02  2.2374E+03
0007508   6.3813E+03 -2.0606E+02  3.8837E+03
0007509   7.7502E+03 -1.8772E+03  4.0326E+02
0007510   7.4831E+03 -5.6265E+02  4.6617E+02
0007511   7.6362E+03 -5.3556E+02  6.2761E+02
0007512   8.2041E+03 -1.2164E+03 -4.2627E+01
0007513   5.3345E+03  1.5415E+03  3.4350E+02
0007514   7.5094E+03  2.8392E+02 -4.6717E+02
0007515   8.7209E+03  2.2802E+03 -1.8409E+03
0007516   8.2474E+03 -4.5478E+01 -4.0511E+02
0007517   4.2068E+03  3.8508E+03  3.1391E+03
0007518   7.6203E+03  2.2714E+03  4.7646E+02
0007519   8.6975E+03  7.8463E+02 -3.9440E+02
0007520   8.1937E+03 -9.2079E+02  2.3645E+02
0007521   7.9538E+03  1.5597E+03 -1.9102E+02
0007522   7.7389E+03  2.5115E+03  1.7849E+02
0007523   7.8894E+03 -2.0067E+01  2.3986E+03
0007524   8.0739E+03 -6.0789E+02  4.4183E+02
0007525   7.5423E+03  1.6345E+03  1.5629E+03
0007526   7.8404E+03  2.3197E+03  5.7970E+02
0007527   7.9389E+03  1.2887E+03 -3.1120E+03
0007528   8.2385E+03  1.2912E+03  1.0215E+03
0007529   7.5001E+03  7.3573E+02 -1.6938E+03
0007530   7.8567E+03 -2.5737E+03  3.9960E+02
0007531   7.7413E+03  2.8805E+02 -1.1997E+01
0007532   7.3526E+03  2.5260E+03  3.7387E+02
0007533   6.0145E+03  4.1179E+03  1.1160E+03
0007534   2.0496E+03  8.1257E+02 -5.8150E+02
0007535   8.3628E+03  1.2758E+02  1.3238E+02
0007536   7.9695E+03  1.2062E+03  2.4517E+03
0007537   8.7135E+03 -8.5893E+02  5.5664E+02
0007538   4.1522E+03 -2.5086E+03 -3.1166E+03
0007539   8.1238E+03  2.1346E+02  2.2093E+03
0007540   6.6175E+03  4.4226E+03 -1.0298E+03
0007541   9.1774E+03  5.8541E+01  2.7942E+03
0007542   7.6128E+03  2.3617E+02 -6.8856E+02
0007543   8.0044E+03  2.0437E+03 -9.3429E+02
0007544   7.5345E+03 -2.6965E+03 -8.5890E+02
0007545   5.0265E+03 -1.1991E+03 -1.6008E+03
0007546   7.3555E+03 -1.0075E+03 -1.3505E+02
0007547   8.1625E+03 -1.9577E+03  1.4010E+03
0007548   9.1831E+03 -3.1641E+03 -1.6573E+03
0007549   7.5033E+03  1.1221E+03 -7.8748E+02
0007550   7.5225E+03  1.4407E+03 -1.3486E+03
0007551   4.3733E+03 -9.9574E+02  1.7210E+03
0007552   5.7754E+03  4.5264E+03 -7.3529E+02
0007553   7.0512E+03 -1.0252E+03 -3.2502E+03
0007554   8.6834E+03  2.1805E+03 -8.6291E+02
0007555   9.0422E+03 -7.5709E+02 -8.8790E+02
0007556   7.7393E+03 -5.1274E+02 -3.0616E+02
0007557   7.7782E+03 -2.3372E+03 -5.4162E+02
0007558   7.2846E+03 -1.8538E+03  1.0634E+03
0007559   7.1361E+03 -3.1832E+03  4.4688E+02
0007560   7.7797E+03 -1.9077E+02  2.4501E+03
0007561   8.2700E+03 -9.8017E+02  1.0963E+03
0007562   7.7378E+03 -3.0042E+02 -1.1780E+03
0007563   7.2092E+03  1.0160E+03  4.2644E+03
0007564   7.0581E+03  4.9666E+02 -1.6091E+03
0007565   7.8692E+03 -2.6339E+02  2.0914E+03
0007566   9.8454E+03 -5.6253E+02  8.6860E+02
0007567   8.4525E+03  7.6663E+02 -2.0215E+03
0007568   6.8683E+03 -1.8311E+03  3.1396E+03
0007569   7.5533E+03 -5.0327E+02 -1.7180E+03
0007570   7.8704E+03 -2.5522E+02 -7.3237E+02
0007571   6.6221E+03  1.8588E+03  1.1153E+03
0007572   9.0349E+03 -2.1896E+03  5.4080E+02
0007573   8.3187E+03  1.5264E+03  2.5540E+03
0007574   8.0683E+03 -2.9834E+02 -8.4177E+02
0007575   8.6926E+03 -3.4720E+02 -3.4601E+02
0007576   7.9396E+03 -1.4785E+03  1.4244E+02
0007577   7.7229E+03 -1.2532E+03  1.3750E+03
0007578   7.4994E+03 -8.3370E+01 -5.1835E+03
0007579   7.8219E+03  5.7542E+02  9.5741E+02
0007580   2.0793E+03  3.3342E+03  2.1187E+03
0007581   8.1423E+03  1.5287E+03  1.2415E+02
0007582   7.6054E+03 -2.8584E+02  1.5121E+03
0007583   8.2337E+03  8.2743E+02  1.1502E+03
0007584   7.9977E+03  4.3813E+02  2.0665E+02
0007585   7.0665E+03 -1.3660E+02 -1.5834E+03
0007586   8.2151E+03 -1.2916E+03  1.8159E+03
0007587   9.0959E+03  1.1769E+01  4.1689E+02
0007588   6.5644E+03  1.9258E+03 -1.0761E+03
0007589   8.1706E+03 -2.1823E+03 -3.0514E+03
0007590   7.5806E+03  2.2456E+02  3.4762E+03
0007591   7.0262E+03 -2.8995E+03 -4.5863E+02
0007592   7.9211E+03 -1.7230E+03 -1.9306E+02
0007593   5.0160E+03  3.7490E+03  1.5350E+01
0007594   8.5728E+03  1.1515E+03  7.7292E+02
0007595   6.4587E+03 -3.6386E+03 -2.5640E+03
0007596   7.0882E+03  2.9447E+03  2.4045E+03
0007597   5.1875E+03 -8.8893E+02 -2.2515E+03
0007598   7.7491E+03  1.2946E+02 -1.3895E+03
0007599   8.2549E+03  2.1059E+03  8.2618E+02
0007600   5.8181E+03  2.1066E+03  3.0503E+03
0007601   7.7351E+03 -2.3953E+03  3.6664E+03
0007602   8.1487E+03 -3.7581E+02 -3.6896E+03
0007603   5.1113E+03 -2.8189E+03  1.8380E+03
0007604   7.0892E+03 -3.9907E+03  3.5694E+02
0007605   8.6991E+03  8.2939E+02  1.6817E+03
0007606   5.8020E+03  3.5644E+03 -2.5751E+03
0007607   7.4818E+03 -3.3225E+03  3.0347E+02
0007608   9.0799E+03 -9.0315E+01  1.1348E+03
0007609   6.2492E+03 -1.9672E+03  1.3166E+03
0007610   5.9680E+03  1.9118E+03 -3.4725E+03
0007611   7.2138E+03 -1.8215E+03  1.6457E+03
0007612   7.5230E+03  5.9064E+02 -1.6160E+03
0007613   7.8724E+03  1.0345E+02  8.7894E+02
0007614   7.8933E+03 -7.2324E+02  2.4661E+03
0007615   2.7016E+03  7.2453E+03 -2.4545E+03
0007616   7.4312E+03 -1.1326E+02  1.3942E+03
0007617   8.5003E+03 -4.5536E+02 -6.0718E+02
0007618   7.2144E+03 -5.9102E+02  1.4681E+02
0007619   7.8129E+03 -2.0429E+03 -8.9248E+02
0007620   8.2668E+03 -1.8844E+03  9.8854E+01
0007621   6.7823E+03  1.9996E+03 -2.1719E+02
0007622   6.2994E+03  8.2261E+02  2.5101E+03
0007623   8.2446E+03  5.3449E+02  7.1325E+02
0007624   7.6614E+03 -9.4187E+02  5.7975E+01
0007625   8.4917E+03  1.0807E+03 -2.2004E+02
0007626   9.0544E+03  2.4294E+02 -1.1496E+03
0007627   8.4072E+03 -5.5957E+02 -4.7699E+02
0007628   7.7063E+03 -3.8662E+03  2.0046E+03
0007629   8.6670E+03  3.0877E+03  2.9381E+02
0007630   7.5032E+03 -4.3700E+02 -9.8165E+02
0007631   7.2388E+03 -3.5183E+02  1.1123E+03
0007632   7.2836E+03  7.7401E+02  4.5073E+02
0007633   9.5253E+03  1.4144E+02 -1.1319E+03
0007634   5.5882E+03  5.4359E+02  2.8785E+03
0007635   8.8992E+03  1.4948E+03 -2.3510E+03
0007636   8.7661E+03 -1.1823E+03 -1.6607E+03
0007637   7.6396E+03  1.7304E+03  1.8894E+03
0007638   7.7669E+03  2.3773E+02 -1.4804E+03
0007639   5.0844E+03  2.8263E+02  5.7997E+02
0007640   8.6104E+03 -6.4578E+02 -1.1848E+03
0007641   7.8454E+03  4.1675E+02 -1.7737E+03
0007642   7.9822E+03  3.4550E+03  2.3888E+03
0007643   8.4969E+03  5.6555E+02  3.2736E+02
0007644   5.4680E+03 -2.1527E+03  2.8070E+03
0007645   7.4163E+03  2.1139E+03 -2.2986E+03
0007646   7.6616E+03  2.4631E+03 -7.2696E+02
0007647   8.5370E+03  2.0586E+03 -1.2651E+02
0007648   7.4911E+03  7.4720E+02  1.9235E+03
0007649   5.6111E+03  5.1519E+02 -4.2508E+03
0007650   7.9742E+03 -5.1654E+02 -1.6914E+03
0007651   8.3139E+03 -1.8438E+03 -1.4439E+03
0007652   6.9096E+03 -4.8613E+02 -2.5781E+03
0007653   7.7420E+03  6.2367E+02 -1.2807E+03
0007654   7.6448E+03  2.2558E+03  3.8714E+03
0007655   7.1019E+03  1.4956E+03  1.7417E+02
0007656   8.1459E+03 -1.1593E+03 -1.2706E+03
0007657   8.8946E+03 -2.9927E+02  8.1237E+02
0007658   8.0507E+03 -7.9649E+02  1.4213E+03
0007659   7.8433E+03  1.4286E+03  2.0015E+03
0007660   7.2144E+03  3.2162E+03 -9.8555E+02
0007661   8.9602E+03  7.9316E+02  2.0875E+03
0007662   9.3877E+03 -7.9637E+02 -5.5263E+02
0007663   9.5265E+03 -2.4406E+02 -1.8433E+03
0007664   7.2116E+03 -2.9035E+03  2.3521E+03
0007665   8.3199E+03  3.1503E+00 -3.5077E+03
0007666   5.6670E+03  9.9830E+01  9.5354E+02
0007667   7.1044E+03  1.3512E+02  4.2542E+00
0007668   5.7392E+03 -2.6970E+03  7.3994E+02
0007669   7.1916E+03  3.3530E+03  2.4114E+02
0007670   7.7927E+03  2.1163E+03 -5.7203E+02
0007671   7.1768E+03  1.3224E+03  7.5294E+02
0007672   7.2848E+03 -2.8768E+01  2.6449E+03
0007673   8.7279E+03 -1.6866E+02  7.8753E+02
0007674   5.6851E+03 -2.3443E+02 -4.0071E+01
0007675   8.1849E+03 -4.8870E+02  1.7664E+03
0007676   7.8570E+03  2.7462E+02 -5.5103E+02
0007677   8.3414E+03 -1.0875E+03 -3.7251E+02
0007678   9.2428E+03 -3.1784E+02  2.8680E+03
0007679   8.0069E+03  2.2211E+03  1.4546E+03
0007680   7.2002E+03 -5.2081E+02 -5.4601E+02
0007681   7.0188E+03  5.3991E+02  2.2096E+03
0007682   8.8271E+03  1.4654E+03 -2.3925E+03
0007683   7.8428E+03  1.7771E+03  2.5144E+03
0007684   8.5053E+03  1.2306E+02 -6.1662E+02
0007685   8.8449E+03  1.7445E+03  1.6061E+03
0007686   8.0541E+03 -4.9219E+01 -1.0309E+03
0007687   7.5912E+03  7.5276E+02  2.5592E+03
0007688   7.4036E+03  2.2504E+02 -5.5571E+02
0007689   6.2734E+03 -3.6801E+03 -5.6780E+02
0007690   7.9930E+03 -2.0635E+03  1.8316E+03
0007691   7.3691E+03 -2.7917E+03 -1.4511E+03
0007692   5.0259E+03 -2.2705E+02  2.2839E+03
0007693   6.4881E+03  3.8647E+02 -1.4654E+02
0007694   4.5501E+03  4.2217E+03  6.8755E+02
0007695   6.2254E+03 -7.4320E+02  3.4043E+03
0007696   7.9298E+03  1.3577E+03  1.2769E+02
0007697   7.5972E+03 -1.4162E+03  3.8054E+03
0007698   8.4564E+03 -6.8334E+01 -1.0166E+03
0007699   7.6201E+03  5.7730E+02  1.9287E+03
0007700   6.8963E+03  1.8860E+03 -8.5311E+02
0007701   7.6357E+03  8.0017E+02 -1.0650E+03
0007702   7.3248E+03  1.3717E+03 -9.9931E+02
0007703   8.0652E+03 -1.2465E+02  1.4591E+02
0007704   8.1430E+03 -1.3318E+03  4.5701E+02
0007705   9.1252E+03 -1.4216E+03  7.3111E+01
0007706   6.2435E+03  7.2617E+02  2.0081E+03
0007707   7.8887E+03  1.1263E+03  2.0018E+03
0007708   6.5591E+03  5.0990E+03 -3.3216E+03
0007709   6.8921E+03  6.1040E+02 -3.2411E+02
0007710   7.5125E+03 -7.8213E+02 -1.5109E+03
0007711   8.3274E+03  2.8544E+03 -1.0495E+03
0007712   6.7088E+03 -3.4069E+03  8.6097E+01
0007713   7.7717E+03 -8.9963E+02 -1.4001E+03
0007714   5.8116E+03 -7.2972E+02 -3.9365E+03
0007715   8.3884E+03  1.7281E+03  1.4182E+03
0007716   7.9006E+03 -7.5532E+02 -9.6517E+02
0007717   6.7746E+03 -2.4866E+03  1.5477E+03
0007718   7.1290E+03  2.0379E+03  2.7344E+03
0007719   7.5549E+03  7.0794E+02  3.2565E+03
0007720   6.3303E+03 -3.5161E+02 -4.3299E+03
0007721   8.6260E+03 -1.8683E+03 -5.6456E+02
0007722   6.7071E+03 -1.2903E+03 -4.0418E+03
0007723   9.3194E+03  8.3084E+02 -2.5024E+02
0007724   9.0214E+03  1.3319E+03 -2.9602E+02
0007725   7.0913E+03 -1.3772E+03 -4.2082E+02
0007726   7.3625E+03 -3.7309E+02 -6.4848E+02
0007727   7.9155E+03  1.3184E+03  4.1381E+02
0007728   7.6356E+03  9.0421E+02 -3.5787E+02
0007729   7.6595E+03  7.0470E+02  2.5350E+01
0007730   8.1029E+03  1.9906E+02 -2.5782E+03
0007731   7.7430E+03  3.8566E+03  2.8130E+01
0007732   7.0953E+03  1.8282E+02 -1.0541E+03
0007733   8.8884E+03 -9.9896E+01  2.2005E+02
0007734   8.2391E+03 -7.0635E+02  1.3412E+03
0007735   7.2056E+03  5.1977E+02 -3.3697E+02
0007736   9.0515E+03  1.2547E+03 -1.2560E+03
0007737   8.7460E+03 -1.7131E+03 -1.3057E+03
0007738   8.1599E+03  2.6847E+01 -4.9883E+02
0007739   7.5929E+03  8.7468E+02  3.4583E+03
0007740   5.6309E+03  4.0842E+02  2.8568E+03
0007741   7.4542E+03  1.2546E+02 -1.1880E+03
0007742   5.4593E+03  1.3350E+03  1.5228E+03
0007743   7.5823E+03 -1.0120E+03  2.0155E+02
0007744   7.5168E+03  2.4698E+03 -1.1729E+03
0007745   8.8846E+03  5.4197E+02 -3.9370E+02
0007746   7.7022E+03  8.3181E+02 -1.7240E+02
0007747   7.9542E+03 -1.5797E+03 -1.1949E+02
0007748   7.7049E+03 -9.2419E+02  1.1343E+03
0007749   9.8545E+03 -1.7712E+03  7.1309E+02
0007750   6.9228E+03 -3.0926E+03  1.4637E+03
0007751   8.0922E+03 -1.4863E+02 -1.0636E+03
0007752   8.9286E+03  2.0257E+02  3.3673E+02
0007753   7.9086E+03 -1.6828E+02 -8.1925E+02
0007754   6.7041E+03 -1.4413E+03  1.4407E+03
0007755   8.5447E+03  2.2987E+02  5.4604E+02
0007756   7.8054E+03  3.1776E+02  1.5657E+02
0007757   7.4018E+03  1.4508E+03  1.0113E+02
0007758   4.5797E+03  1.2634E+02 -2.4696E+02
0007759   8.4203E+03 -2.5863E+02  3.3082E+02
0007760   6.3829E+03  2.8228E+03  4.5338E+02
0007761   8.1660E+03 -1.5440E+02 -7.8101E+02
0007762   7.4487E+03 -2.5995E+02  1.0391E+03
0007763   7.0216E+03  1.3067E+03 -3.9379E+02
0007764   8.1064E+03 -9.0231E+02  7.2667E+01
0007765   6.5333E+03  1.2978E+03  1.8870E+03
0007766   7.4867E+03  1.6976E+03 -1.6280E+03
0007767   7.3193E+03  4.6200E+03 -1.7407E+03
0007768   7.4951E+03  2.6027E+03 -3.4262E+02
0007769   4.2431E+03  2.5879E+02 -4.6238E+03
0007770   6.8797E+03  7.4275E+02 -6.5271E+02
0007771   5.0980E+03  1.7709E+02  1.1719E+03
0007772   7.9084E+03  3.0164E+03  9.8316E+01
0007773   7.9182E+03  2.2054E+03  1.1029E+03
0007774   8.6582E+03 -9.9708E+02 -1.6066E+03
0007775   7.7010E+03  2.4825E+02  2.8681E+03
0007776   7.6467E+03  9.2657E+02  1.8870E+03
0007777   8.2898E+03  1.9514E+03  2.5140E+03
0007778   8.0084E+03 -2.2024E+03 -1.0116E+03
0007779   8.7066E+03 -3.4954E+03  1.5797E+03
0007780   8.5447E+03 -1.3446E+03 -1.8615E+02
0007781   6.6281E+03 -2.3186E+02  6.5514E+01
0007782   5.7672E+03  1.9599E+03  2.8189E+03
0007783   8.3054E+03 -8.2623E+02 -4.8639E+02
0007784   6.3155E+03 -3.8715E+03  1.0914E+03
0007785   8.8540E+03 -1.8209E+03 -7.3682E+02
0007786   8.3083E+03 -1.8735E+03 -1.3985E+03
0007787   6.7132E+03  2.2969E+03 -1.0634E+03
0007788   8.5918E+03 -2.7263E+02  3.9687E+02
0007789   7.0196E+03  5.5367E+02  1.5105E+03
0007790   8.4102E+03 -1.9998E+02  8.2086E+02
0007791   8.7722E+03 -1.9454E+03  1.8082E+03
0007792   6.6199E+03  3.1494E+03  1.3587E+02
0007793   7.5351E+03  7.0200E+02  1.0373E+03
0007794   8.6145E+03 -1.8058E+03 -1.9444E+02
0007795   8.8678E+03  2.3834E+02  1.7306E+03
0007796   5.8013E+03 -4.2019E+02 -5.0099E+03
0007797   7.6961E+03 -6.8559E+02  2.4968E+03
0007798   4.6757E+03  3.5877E+02  3.0986E+03
0007799   7.2404E+03  1.1260E+03 -1.8721E+03
0007800   7.2861E+03 -2.2412E+03  1.3947E+02
0007801   7.8733E+03 -9.6953E+02 -1.3882E+03
0007802   5.1806E+03 -2.1911E+02 -1.8131E+02
0007803   7.9279E+03  1.4565E+02  1.0906E+03
0007804   5.1865E+03 -2.5087E+03  1.1297E+03
0007805   8.2905E+03  1.8773E+03  5.7834E+02
0007806   5.9258E+03  3.9751E+03 -6.1267E+02
0007807   7.7782E+03  1.8617E+02  3.0159E+03
0007808   7.0455E+03  2.7909E+02  2.9687E+03
0007809   7.2727E+03 -1.6062E+03  1.7093E+02
0007810   6.8865E+03 -2.4951E+03 -9.9611E+02
0007811   7.1251E+03 -3.9021E+03 -1.3712E+03
0007812   6.5307E+03 -2.9258E+03 -1.4976E+03
0007813   4.3677E+03  1.7740E+03 -1.6518E+02
0007814   6.2949E+03 -4.2929E+03  1.6792E+03
0007815   7.7421E+03  1.7572E+03  8.3147E+02
0007816   7.4436E+03 -1.3330E+03  2.4008E+03
0007817   7.2635E+03  2.1541E+03  4.6835E+03
0007818   6.7993E+03 -2.2782E+03 -2.8185E+03
0007819   7.7161E+03 -1.3938E+02  1.4254E+03
0007820   8.4327E+03  2.2104E+03  1.5916E+03
0007821   9.0145E+03 -9.5640E+02  6.2441E+02
0007822   7.9247E+03 -1.7398E+03  7.4189E+02
0007823   8.0120E+03 -9.5363E+02 -2.7875E+02
0007824   8.6920E+03  2.4605E+02 -6.3996E+02
0007825   9.1540E+03  1.0816E+03 -3.2655E+02
0007826   7.9746E+03  6.0076E+02 -1.8994E+03
0007827   5.3705E+03  1.0698E+03  2.5329E+03
0007828   7.8171E+03 -1.3527E+03  1.5886E+03
0007829   7.1143E+03  3.0110E+03  9.5598E+01
0007830   9.6845E+03 -2.8483E+02 -2.1311E+03
0007831   6.5439E+03 -2.7601E+02  1.7602E+03
0007832   4.8255E+03  3.5774E+03 -1.0689E+02
0007833   9.1003E+03  6.0771E+02 -1.0135E+03
0007834   4.7254E+03 -1.5169E+03 -1.7896E+02
0007835   6.4985E+03 -1.6394E+03 -3.4720E+03
0007836   7.7761E+03 -8.4959E+02  2.4267E+02
0007837   7.1299E+03  3.8179E+02  1.7568E+03
0007838   7.3166E+03 -8.1994E+02  5.8893E+02
0007839   6.9088E+03  1.1961E+03  5.7031E+02
0007840   7.3628E+03 -2.0228E+02  1.5224E+03
0007841   9.0789E+03 -1.5436E+03  2.3504E+02
0007842   7.4497E+03  1.1168E+03  2.3366E+02
0007843   7.9275E+03  4.2155E+02 -2.6384E+03
0007844   7.3728E+03 -1.8939E+03 -1.3687E+03
0007845   7.2446E+03 -3.4949E+02  3.6646E+03
0007846   7.4761E+03  1.2649E+03  1.5857E+03
0007847   4.5387E+03 -5.4037E+03 -2.3078E+03
0007848   8.6132E+03 -5.1374E+02  4.6266E+02
0007849   6.1165E+03  3.6684E+03 -7.0187E+02
0007850   8.6896E+03 -1.9441E+03 -2.2359E+03
0007851   6.5144E+03 -4.4981E+02  2.5747E+03
0007852   7.6156E+03  1.5533E+03 -1.6230E+03
0007853   7.3272E+03  1.4254E+03 -9.6591E+02
0007854   7.2946E+03  4.2640E+02 -2.7686E+03
0007855   8.1574E+03 -4.7950E+02  9.4142E+02
0007856   4.3586E+03 -4.9560E+03  2.8651E+03
0007857   6.3068E+03  1.1556E+01  3.6234E+03
0007858   5.5720E+03 -4.7870E+02  6.9247E+01
0007859   8.0806E+03  2.0309E+02  2.9916E+03
0007860   7.7358E+03 -1.0071E+03  2.1303E+03
0007861   8.3509E+03  1.1548E+01  8.8540E+01
0007862   8.8595E+03  8.6141E+02  1.4176E+03
0007863   9.8431E+02 -2.9347E+03  4.8950E+03
0007864   7.7595E+03  1.3467E+03 -3.1708E+03
0007865   7.8677E+03 -2.2576E+03 -3.0711E+03
0007866   6.8029E+03  9.4990E+01  1.2700E+03
0007867   8.2545E+03  1.8562E+03 -1.1831E+03
0007868   7.2148E+03 -1.5056E+03  1.4718E+03
0007869   8.2256E+03 -2.0243E+02  1.0060E+03
0007870   7.0922E+03  9.0736E+02  2.3258E+03
0007871   8.0446E+03  7.7488E+02 -1.9324E+02
0007872   5.6500E+03  3.1257E+02 -1.2216E+03
0007873   9.8980E+03  3.0264E+02  3.0746E+02
0007874   5.6514E+03  5.4064E+02 -3.2750E+03
0007875   8.0028E+03  1.2455E+03 -1.3430E+03
0007876   7.3225E+03 -9.8189E+02  1.6775E+03
0007877   8.1963E+03  1.9421E+03  5.5788E+01
0007878   7.7084E+03  2.6890E+02  3.9700E+03
0007879   8.0566E+03 -1.2286E+03 -5.8080E+02
0007880   8.8910E+03 -1.3448E+03  1.3309E+03
0007881   6.7019E+03 -4.8027E+02  1.1714E+03
0007882   8.0133E+03 -1.3263E+03 -1.9701E+03
0007883   8.6418E+03  5.5563E+02  1.6936E+01
0007884   9.2405E+03 -1.3769E+03  1.7519E+03
0007885   5.0815E+03  3.6883E+03  8.9528E+02
0007886   6.4592E+03 -5.5607E+01  6.6579E+02
0007887   9.2385E+03  6.8583E+01  1.5428E+03
0007888   6.8460E+03  7.7564E+01 -1.8084E+03
0007889   6.6120E+03  1.6547E+02 -1.3351E+03
0007890   6.3336E+03  2.4960E+03 -2.4375E+03
0007891   9.2642E+03  6.9705E+02 -5.4051E+02
0007892   7.3836E+03 -2.1015E+03  7.1494E+02
0007893   8.1695E+03  3.0710E+03 -1.2214E+03
0007894   9.3039E+03 -6.6080E+02 -6.6174E+02
0007895   8.3129E+03  1.1403E+02 -2.4594E+02
0007896   6.1234E+03 -4.0838E+02  2.5345E+03
0007897   8.4223E+03  4.2036E+02 -5.3793E+01
0007898   7.2266E+03  1.0489E+03 -3.7133E+03
0007899   7.6510E+03  4.1950E+02  1.9325E+03
0007900   7.2544E+03 -8.6246E+02  3.5098E+03
0007901   7.3534E+03 -1.5158E+03 -3.3333E+02
0007902   2.6078E+03  2.9965E+03 -5.4977E+03
0007903   7.5707E+03 -1.4926E+03 -7.4313E+02
0007904   8.5508E+03 -1.1004E+03 -1.8790E+03
0007905   7.6471E+03  2.4612E+03 -7.1955E+02
0007906   8.4758E+03  2.4814E+03  1.3779E+03
0007907   7.7866E+03  1.5034E+03  3.7952E+03
0007908   5.8995E+03  1.2524E+03  2.3307E+03
0007909   7.7889E+03 -1.6074E+03  4.7957E+02
0007910   8.3523E+03  8.1144E+02 -3.3487E+03
0007911   9.0992E+03  8.8761E+02  7.9867E+02
0007912   7.9057E+03  3.2504E+03 -2.1669E+03
0007913   6.8572E+03  3.4086E+03  4.6124E+02
0007914   8.0017E+03  6.1505E+02 -6.7706E+02
0007915   8.2643E+03 -9.6525E+02  7.9730E+02
0007916   4.6626E+03  2.9923E+03  2.5935E+03
0007917   8.4993E+03  6.1718E+02  1.7297E+03
0007918   8.0153E+03 -1.1778E+03 -2.0347E+03
0007919   7.3757E+03  3.6537E+02  9.6080E+02
0007920   7.7678E+03  4.2349E+02  1.6121E+03
0007921   3.2102E+03  3.0625E+03 -4.3087E+03
0007922   8.3967E+03  1.9703E+03  1.2776E+03
0007923   6.7433E+03  7.9298E+01 -1.6906E+03
0007924   7.1932E+03  2.6959E+03 -1.7848E+03
0007925   7.6246E+03 -4.7102E+02 -1.5890E+03
0007926   6.1325E+03 -2.4438E+03 -6.4347E+02
0007927   8.4131E+03 -4.6449E+02 -1.2715E+02
0007928   3.9333E+03 -9.3974E+02  1.1139E+03
0007929   7.5986E+03  6.3467E+02  1.9278E+03
0007930   7.1591E+03  1.4745E+03 -1.8983E+03
0007931   8.5347E+03 -2.1697E+02 -2.1334E+03
0007932   5.7376E+03  2.9332E+03  1.7626E+03
0007933   8.2956E+03 -2.0003E+03 -3.7590E+02
0007934   8.6442E+03  7.2372E+01 -1.9970E+03
0007935   8.1663E+03 -1.0227E+03 -1.4197E+03
0007936   7.4993E+03  2.0092E+03 -2.0498E+03
0007937   1.8110E+03  3.0608E+03 -3.7532E+03
0007938   6.4938E+03 -2.9828E+03 -4.8896E+02
0007939   3.7572E+03  8.0942E+02  2.6685E+03
0007940   8.0272E+03 -2.1170E+02 -1.5153E+03
0007941   6.9690E+03 -5.1417E+02 -1.3703E+03
0007942   6.8971E+03  2.8451E+03 -8.4575E+02
0007943   6.5037E+03  6.3287E+02 -4.9949E+02
0007944   9.0372E+03 -6.6045E+02 -1.4876E+03
0007945   7.8201E+03  1.7860E+03  2.2606E+03
0007946   9.2302E+03  6.7297E+02  6.7622E+02
0007947   7.1627E+03 -2.4351E+03  2.0764E+01
0007948   9.0457E+03 -1.3210E+03 -8.4716E+01
0007949   7.4129E+03  3.0703E+03 -4.6068E+02
0007950   8.0478E+03 -5.8379E+02  9.6365E+02
0007951   8.7597E+03  1.2577E+03 -1.0188E+03
0007952   7.3018E+03 -9.8751E+02 -2.4832E+02
0007953   5.0126E+03  3.6576E+03 -3.2826E+03
0007954   7.7690E+03 -2.4249E+03  1.0797E+03
0007955   4.5303E+03  3.1532E+03 -2.3625E+03
0007956   8.6434E+03 -1.0351E+03  1.2096E+03
0007957   7.2028E+03  1.2278E+02 -2.9664E+03
0007958   8.3725E+03  3.3374E+03 -2.5781E+02
0007959   7.3002E+03 -2.6028E+03 -1.9140E+03
0007960   9.4300E+03  5.5898E+02  9.3623E+02
0007961   6.8731E+03  8.2139E+02 -1.1892E+03
0007962   8.5264E+03  1.0419E+03 -3.8479E+02
0007963   7.7845E+03  1.8148E+03 -3.0230E+02
0007964   8.7939E+03 -2.9264E+03 -2.2210E+03
0007965   7.9027E+03  2.6940E+03  1.6624E+03
0007966   8.2236E+03 -3.2293E+02  2.3683E+03
0007967   3.8744E+03  1.4260E+03  4.4234E+03
0007968   2.5199E+03 -3.8302E+02 -1.0083E+03
0007969   7.4064E+03  1.9672E+03 -2.7744E+03
0007970   8.2080E+03  5.0176E+02  2.2731E+03
0007971   6.1626E+03  3.3905E+03  1.4922E+03
0007972   6.3972E+03 -2.4331E+03  6.4876E+02
0007973   7.8829E+03 -2.1388E+03 -1.8934E+03
0007974   7.7924E+03 -2.9750E+02 -2.6086E+03
0007975   6.8178E+03 -1.5468E+03 -1.3127E+02
0007976   7.6827E+03  4.4346E+02 -1.1071E+03
0007977   8.7884E+03 -1.1514E+03  1.4775E+03
0007978   5.4757E+03 -1.3773E+01 -2.4912E+03
0007979   5.4756E+03  3.2292E+03  3.8961E+02
0007980   8.3632E+03  1.1632E+03 -1.1001E+03
0007981   9.4231E+03  1.5554E+02  2.9531E+02
0007982   8.2992E+03  1.1357E+03 -1.0714E+03
0007983   6.6099E+03  3.5770E+03 -4.7520E+03
0007984   1.0071E+03 -3.2107E+03 -5.7046E+03
0007985   8.6053E+03  8.6629E+02  4.5452E+02
0007986   7.8450E+03  2.9745E+03 -2.0741E+03
0007987   8.0644E+03 -1.1355E+03  4.9096E+02
0007988   7.8768E+03 -1.5530E+03 -4.4249E+01
0007989   8.1160E+03 -1.5965E+03 -2.7823E+03
0007990   9.2020E+03  1.6907E+03  7.7866E+01
0007991   8.7335E+03 -2.2685E+03 -4.2515E+02
0007992   6.9469E+03  1.4988E+03  6.3115E+02
0007993   8.9671E+03  1.4469E+02  2.4011E+02
0007994   7.5719E+03 -1.2612E+03 -1.5210E+03
0007995   6.2082E+03  1.6952E+03 -4.2355E+03
0007996   7.3296E+03 -2.9815E+03 -6.2023E+02
0007997   6.2898E+03  2.0735E+03 -2.2434E+03
0007998   7.6302E+03  5.9224E+02 -2.9776E+03
0007999   5.4658E+03  3.4639E+02 -3.4398E+02
0008000   8.4126E+03 -9.0406E+02  1.5859E+03
0008001   7.9827E+03  1.0606E+03 -1.0040E+03
0008002   7.9331E+03 -5.4560E+02  1.0810E+03
0008003   8.7267E+03  1.9452E+03  4.5178E+02
0008004   7.0444E+03  2.4220E+03 -2.0526E+02
0008005   7.2198E+03  9.8851E+02  3.2766E+03
0008006   5.5085E+03  2.0703E+03 -3.0664E+03
0008007   6.7099E+03 -1.3362E+03  1.2233E+03
0008008   8.7273E+03 -2.4853E+03  1.4945E+02
0008009   8.4125E+03  3.0321E+02  7.2287E+02
0008010   7.5720E+03 -5.8068E+02 -2.4483E+02
0008011   7.5135E+03  1.3317E+03  4.9325E+02
0008012   8.6751E+03 -2.7208E+01  1.1709E+03
0008013   7.5989E+03 -1.3001E+03  7.9173E+02
0008014   8.8098E+03  7.4008E+02 -3.2829E+02
0008015   5.5855E+03  1.8191E+03  2.2637E+02
0008016   8.7216E+03 -6.7819E+02 -2.2110E+03
0008017   7.5839E+03  1.6276E+02 -9.6582E+02
0008018   8.9379E+03 -1.9086E+03 -8.4328E+02
0008019   7.5429E+03  1.5894E+03 -1.5733E+03
0008020   6.7939E+03 -4.7694E+02  2.9622E+03
0008021   7.7649E+03  6.4817E+02 -9.0837E+02
0008022   7.5294E+03 -3.6259E+03 -5.4601E+02
0008023   8.4208E+03 -2.4557E+03  9.8352E+02
0008024   9.1156E+03  4.2458E+02  3.7682E+02
0008025   5.2867E+03  3.0277E+03 -2.1642E+03
0008026   6.7185E+03  4.9995E+02 -2.1701E+03
0008027   5.3743E+03  2.8157E+03 -1.8935E+03
0008028   8.3852E+03 -8.5227E+02 -2.9783E+02
0008029   6.5788E+03  1.0516E+03 -1.6667E+03
0008030   8.1270E+03  2.2807E+03 -6.8860E+01
0008031   5.8812E+03  2.0957E+03  3.1117E+00
0008032   7.5273E+03 -4.2026E+03 -4.6052E+02
0008033   5.4720E+03 -4.2387E+02  6.2831E+02
0008034   9.4324E+03 -3.5866E+02  1.7046E+02
0008035   4.0284E+03  2.1465E+03 -2.2482E+03
0008036   6.2340E+03 -2.7309E+03  1.7308E+03
0008037   6.1806E+03  6.5010E+02 -1.1018E+02
0008038   8.1097E+03  7.1461E+02 -9.6461E+02
0008039   8.1299E+03 -4.4822E+02  9.1862E+02
0008040   6.0162E+03 -6.7375E+02 -8.6760E+02
0008041   8.4924E+03 -2.1221E+03  1.0871E+03
0008042   5.4568E+03  5.2329E+03  1.8772E+03
0008043   7.3640E+03  7.2275E+01 -1.2831E+03
0008044   8.9822E+03  1.4359E+03 -1.0119E+03
0008045   7.2883E+03  1.6724E+03 -2.0628E+03
0008046   8.0103E+03 -2.6502E+03 -9.5808E+02
0008047   8.0763E+03 -1.7015E+03 -1.6370E+02
0008048   8.5643E+03 -2.4685E+03  5.5832E+02
0008049   7.7341E+03  3.4471E+02  2.8904E+02
0008050   5.1883E+03  2.5980E+03  1.0811E+03
0008051   7.9785E+03  6.5719E+02  4.1540E+02
0008052   8.2706E+03  5.1063E+02 -1.0887E+03
0008053   7.1623E+03  4.1589E+02  6.3005E+02
0008054   7.4921E+03 -9.5782E+02 -1.5471E+03
0008055   7.6690E+03 -1.4961E+03  9.4750E+02
0008056   8.0356E+03 -5.1519E+02  7.4093E+01
0008057   7.2744E+03 -4.2495E+02 -1.4115E+03
0008058   8.0910E+03 -7.3188E+01 -8.5588E+02
0008059   7.2392E+03 -2.5208E+03 -4.9926E+01
0008060   8.1060E+03 -9.3143E+02  1.1033E+03
0008061   6.0687E+03  4.5016E+02 -2.7657E+03
0008062   6.6418E+03 -2.2119E+03 -2.6926E+03
0008063   8.3101E+03 -1.0242E+03  4.1980E+03
0008064   7.8063E+03  8.7861E+02 -1.9084E+02
0008065   8.3917E+03  2.9903E+02 -1.4676E+03
0008066   7.3245E+03 -3.5429E+03  9.5385E+02
0008067   8.3431E+03  9.4423E+01 -1.4104E+03
0008068   8.4365E+03  2.1223E+03  1.7792E+03
0008069   4.2334E+03  2.1574E+02  2.2496E+03
0008070   7.8316E+03  2.6027E+02 -3.2193E+03
0008071   5.7356E+03  1.5544E+02  6.9125E+02
0008072   9.4941E+03  6.3020E+02  1.0799E+02
0008073   7.6597E+03  2.0701E+03 -1.3347E+03
0008074   7.5686E+03 -1.7412E+03  9.9242E+02
0008075   8.0854E+03 -1.3114E+03 -1.5943E+03
0008076   2.5238E+03 -8.2306E+03 -4.8824E+02
0008077   8.3705E+03 -6.0856E+01  2.6121E+03
0008078   5.9714E+03 -9.5126E+02 -2.0790E+03
0008079   6.7456E+03 -1.8627E+03 -1.0764E+03
0008080   8.2198E+03  3.5119E+02 -1.5291E+03
0008081   6.6891E+03  1.1606E+03 -1.2642E+03
0008082   7.4514E+03 -3.4338E+02 -1.1321E+03
0008083   8.1160E+03  2.5344E+02  1.1581E+02
0008084   7.9150E+03 -3.6755E+02  2.6814E+03
0008085   7.7824E+03  1.1596E+03 -1.3778E+02
0008086   6.6350E+03 -6.5600E+02  2.9181E+03
0008087   8.8244E+03  1.6594E+02 -1.6064E+03
0008088   4.5430E+03 -2.1617E+03 -4.8325E+02
0008089   6.8254E+03 -3.2383E+03 -1.2374E+03
0008090   6.7661E+03 -4.9062E+02 -2.1750E+03
0008091   7.5406E+03 -9.8289E+02  1.7291E+03
0008092   6.5365E+03 -8.9014E+02  1.1170E+03
0008093   8.6088E+03 -1.2072E+03 -5.2454E+02
0008094   3.2299E+03 -1.7929E+03 -2.7778E+03
0008095   8.0437E+03  1.1592E+03 -3.3268E+02
0008096   8.1312E+03 -3.2040E+02  1.5526E+03
0008097   8.1003E+03  1.7901E+03 -8.6492E+02
0008098   7.7416E+03  4.5548E+02  1.3811E+03
0008099   8.8472E+03  1.3263E+01  5.7563E+02
0008100   6.1062E+03 -1.8906E+03  5.4501E+02
0008101   4.8462E+03 -3.5725E+02 -2.7143E+03
0008102   8.0023E+03 -1.1580E+03 -8.0683E+02
0008103   6.2034E+03  2.4632E+02 -1.5310E+03
0008104   8.4910E+03  3.3264E+03  5.8392E+02
0008105   7.5328E+03 -3.2900E+03 -2.6775E+03
0008106   6.8709E+03 -1.2134E+03 -2.4972E+02
0008107   7.6033E+03  4.5543E+02  8.8099E+02
0008108   8.0411E+03 -2.3515E+03  1.9841E+03
0008109   8.9502E+03 -2.7032E+02 -6.1766E+02
0008110   7.9473E+03 -7.9855E+02 -2.7380E+01
0008111   8.2345E+03  7.0793E+02 -1.3422E+03
0008112   7.8627E+03 -1.8460E+03 -4.7828E+02
0008113   8.1289E+03 -1.5973E+03  3.2761E+02
0008114   7.7490E+03 -7.1634E+02  1.5773E+02
0008115   6.3388E+03  2.0649E+03 -1.6916E+03
0008116   8.2048E+03  1.1166E+03 -1.3163E+03
0008117   7.5938E+03 -3.4545E+02 -1.9387E+02
0008118   8.1067E+03 -2.6938E+03  1.6526E+02
0008119   9.0524E+03  1.4834E+03  1.2320E+03
0008120   8.5894E+03  2.0544E+03  8.3691E+02
0008121   7.7629E+03 -6.5906E+02  3.3331E+03
0008122   8.1118E+03  1.5456E+03  1.0224E+03
0008123   8.5171E+03  1.3987E+03  1.6253E+03
0008124   7.8121E+03  2.1629E+03 -4.2459E+02
0008125   8.0058E+03 -9.3122E+02  2.0656E+03
0008126   8.0019E+03  2.3295E+03  1.4105E+03
0008127   7.6981E+03 -8.4763E+02 -1.1583E+03
0008128   6.0828E+03 -9.5905E+02 -4.5803E+03
0008129   7.9826E+03  6.0207E+02 -2.2209E+02
0008130   7.2554E+03  2.0630E+03 -6.0400E+02
0008131   7.6032E+03 -1.0953E+03 -5.7224E+02
0008132   9.3510E+03 -1.8212E+03 -1.5605E+03
0008133   6.9235E+03 -1.4699E+03  3.8912E+03
0008134   7.6305E+03 -1.3009E+02 -1.9250E+03
0008135   8.7222E+03 -3.8331E+02 -2.4607E+02
0008136   8.6535E+03 -4.3135E+02 -2.4845E+03
0008137   7.8707E+03  1.4791E+03  1.8113E+03
0008138   7.3574E+03  1.9448E+03  2.4367E+02
0008139   8.1676E+03 -1.4309E+03 -5.5693E+02
0008140   8.9613E+03  1.7273E+02  2.5594E+02
0008141   6.7559E+03 -3.3864E+02 -7.6697E+01
0008142   2.0183E+03 -5.5712E+02  8.3885E+02
0008143   7.6082E+03  3.2106E+02  3.7054E+02
0008144   7.8746E+03 -4.6123E+02 -7.5172E+02
0008145   8.9040E+03 -1.5323E+03  1.1260E+03
0008146   6.4454E+03 -6.4808E+02 -2.3231E+03
0008147   8.6010E+03  1.0951E+03 -1.1147E+03
0008148   7.4223E+03  3.1922E+03 -1.2539E+03
0008149   6.9067E+03  1.6399E+02 -3.3790E+03
0008150   8.6917E+03 -1.4257E+03  6.5681E+02
0008151   3.5977E+03  5.0927E+03 -5.3135E+02
0008152   6.5760E+03  3.7416E+03 -1.1540E+03
0008153   7.9479E+03  2.2039E+03 -1.3274E+03
0008154   7.4589E+03 -2.1208E+03 -1.0934E+03
0008155   6.9266E+03  8.9313E+02  1.2199E+03
0008156   6.7038E+03  2.1084E+03  2.1662E+03
0008157   7.1741E+03 -3.1983E+03 -2.3009E+02
0008158   7.9331E+03 -8.2360E+02  1.5373E+03
0008159   8.4065E+03 -1.1097E+03 -8.1559E+01
0008160   7.6839E+03  7.6830E+02 -1.3161E+03
0008161   6.5883E+03 -1.1115E+03 -2.3871E+03
0008162   7.9945E+03  1.7139E+03  8.7695E+02
0008163   6.0133E+03  1.9082E+03 -1.1710E+03
0008164   7.2235E+03 -4.2574E+01 -2.7662E+02
0008165   5.4890E+03  2.8897E+03  3.5600E+03
0008166   7.9177E+03 -9.3927E+02  1.3494E+03
0008167   6.9169E+03  3.4047E+03  4.0775E+02
0008168   5.8009E+03  2.5072E+03 -2.4568E+02
0008169   5.7425E+03 -9.7952E+02 -2.6338E+03
0008170   2.9911E+03 -2.0215E+03  8.5606E+02
0008171   8.1203E+03  3.8717E+01  9.7310E+02
0008172   5.9362E+03 -2.6627E+03 -1.9613E+03
0008173   6.9652E+03  6.1482E+02  3.7011E+02
0008174   7.2462E+03  2.2417E+03 -1.8321E+03
0008175   7.0229E+03 -5.0840E+01  3.3810E+03
0008176   9.6931E+03  1.1569E+02 -4.7998E+02
0008177   7.7142E+03 -2.2341E+02  5.4517E+02
0008178   8.2319E+03 -2.0941E+03 -2.7520E+03
0008179   6.1286E+03  2.2627E+03  1.2990E+03
0008180   8.1891E+03  1.4282E+03 -3.7458E+02
0008181   9.3209E+03  1.8766E+03 -1.0873E+03
0008182   6.8235E+03  2.4032E+03 -9.1682E+02
0008183   5.7885E+03 -7.5277E+01  3.8932E+03
0008184   7.8021E+03  6.0008E+02  3.6029E+02
0008185   7.5341E+03 -9.8144E+02 -1.3810E+02
0008186   7.5100E+03  4.8489E+02 -2.5783E+03
0008187   7.2090E+03  7.5684E+02 -1.4490E+03
0008188   8.4003E+03 -4.2488E+01 -5.4037E+02
0008189   9.2317E+03  2.6958E+01  1.0123E+03
0008190   7.7837E+03 -1.4259E+03 -1.1947E+03
0008191   8.5747E+03  9.8833E+02 -1.4446E+03
0008192   8.1162E+03 -3.5791E+02  2.5807E+03
0008193   7.1644E+03  8.7995E+02  2.4274E+03
0008194   7.7159E+03  1.4828E+03  2.3859E+01
0008195   6.4175E+03 -1.3296E+03 -1.2024E+03
0008196   9.7903E+03 -7.4181E+02  7.8675E+02
0008197   5.9614E+03 -3.1732E+03 -2.5188E+02
0008198   5.2203E+03  1.6255E+03  3.7735E+03
0008199   7.4201E+03 -1.8708E+03 -1.2285E+03
0008200   7.3094E+03  2.4126E+02 -1.1021E+03
0008201   8.8311E+03  1.9121E+03 -5.2092E+02
0008202   8.3362E+03 -4.4608E+02  3.1995E+03
0008203   5.8456E+03  3.4155E+03 -9.8137E+02
0008204   5.7082E+03  1.0229E+03 -3.8937E+03
0008205   6.9434E+03  1.0318E+03 -4.2229E+03
0008206   7.7458E+03 -3.0036E+02 -6.8930E+02
0008207   7.2123E+03 -1.8895E+03 -4.0039E+03
0008208   9.2772E+03  8.5112E+02 -6.9928E+02
0008209   9.0608E+03 -6.9228E+02 -1.0507E+03
0008210   7.5114E+03 -1.2742E+03  9.7819E+02
0008211   6.8192E+03  1.2888E+03 -8.4912E+02
0008212   8.2272E+03  8.6722E+02  6.5909E+02
0008213   7.3828E+03 -6.7659E+02 -7.1575E+02
0008214   7.9247E+03  1.0077E+01 -7.6834E+02
0008215   6.9706E+03 -8.6578E+02  1.3799E+03
0008216   4.0488E+03 -2.9001E+03 -3.1714E+03
0008217   5.0128E+03 -2.7447E+03 -5.7570E+03
0008218   7.6270E+03  3.7022E+02  1.8014E+03
0008219   7.1319E+03  1.1482E+03 -7.2028E+02
0008220   9.0314E+03  5.9922E+02 -1.3811E+02
0008221   7.7707E+03  2.1770E+03 -2.1369E+02
0008222   6.7793E+03 -1.4434E+03  4.9798E+02
0008223   8.0621E+03 -8.0114E+02 -8.9195E+02
0008224   8.2628E+03  8.8021E+01 -1.5415E+03
0008225   2.4619E+03 -3.4581E+03  1.4500E+03
0008226   7.1017E+03  7.0603E+02  1.9955E+02
0008227   4.3511E+03  4.6063E+03 -5.1823E+03
0008228   7.8192E+03 -8.1197E+02  1.3851E+03
0008229   8.8662E+03 -2.2821E+03 -1.2555E+03
0008230   8.5999E+03 -2.7450E+03  1.4943E+02
0008231   6.1435E+03 -3.3043E+03  1.9602E+02
0008232   7.7334E+03 -1.2730E+03 -2.3994E+03
0008233   7.1905E+03  1.5566E+03 -3.4985E+03
0008234   6.1748E+03  1.1349E+02 -2.2087E+03
0008235   7.5138E+03 -1.1325E+03  3.3422E+03
0008236   6.1650E+03 -1.1014E+03  2.7258E+02
0008237   6.7158E+03  7.9856E+02  2.1704E+03
0008238   7.6070E+03  1.4956E+03 -8.5193E+01
0008239   8.7035E+03 -2.2825E+02  3.3682E+03
0008240   8.2077E+03  3.8773E+02  1.8323E+03
0008241   8.5046E+03  6.1737E+02  7.4787E+02
0008242   5.3924E+03 -3.4900E+03  1.5385E+03
0008243   8.3807E+03 -4.4337E+02  1.6196E+03
0008244   7.5659E+03  9.3410E+02  1.2844E+03
0008245   7.6405E+03 -9.0777E+01  1.3255E+03
0008246   6.3755E+03 -4.9337E+03  7.7707E+02
0008247   7.7705E+03 -1.6593E+03  2.5291E+01
0008248   8.6601E+03  7.1050E+02  5.1747E+01
0008249   8.1553E+03 -8.1582E+02 -1.5519E+03
0008250   7.7590E+03 -8.1242E+02 -3.1561E+03
0008251   9.3872E+03 -4.9677E+01  8.2672E+02
0008252   5.6071E+03 -2.9707E+02  2.1629E+03
0008253   7.1992E+03  7.9107E+02  1.9084E+02
0008254   9.1248E+03 -2.1897E+02 -4.6863E+02
0008255   8.2416E+03  9.2083E+02 -1.0516E+03
0008256   8.1000E+03  1.7106E+03  5.0432E+02
0008257   6.7125E+03  1.4225E+03 -1.2980E+02
0008258   7.2386E+03  1.5282E+03  2.6978E+03
0008259   7.7982E+03 -5.4550E+02 -2.5685E+03
0008260   5.8676E+03 -3.7356E+03  4.8521E+02
0008261   8.8035E+03 -5.0925E+02 -2.1070E+01
0008262   5.6538E+03 -3.8949E+03  1.4537E+03
0008263   7.2635E+03 -5.8377E+02  3.0223E+03
0008264   8.8289E+03 -1.6527E+03  1.8381E+03
0008265   8.6949E+03 -7.6928E+02 -7.5113E+02
0008266   8.4612E+03  1.2485E+03 -4.9964E+02
0008267   7.2538E+03 -6.3815E+02  1.5619E+03
0008268   7.2244E+03 -5.0918E+02  9.1644E+02
0008269   6.7277E+03  6.0629E+02 -1.4789E+03
0008270   6.3741E+03  4.1347E+02  2.9925E+03
0008271   8.3808E+03  1.6798E+03 -5.9214E+02
0008272   8.4267E+03 -6.7319E+02  1.2363E+03
0008273   4.0261E+03  1.5576E+03 -6.4962E+03
0008274   8.7215E+03  2.8148E+03  9.3632E+02
0008275   8.6058E+03  1.2246E+03 -6.4081E+01
0008276   8.3147E+03  2.3425E+02  1.1504E+03
0008277   6.7447E+03 -9.4532E+02 -1.0898E+02
0008278   7.5859E+03  3.8235E+02 -1.8439E+03
0008279   6.4268E+03  1.3899E+03 -4.2150E+02
0008280   7.3850E+03 -1.1565E+03 -7.3477E+02
0008281   9.6061E+03 -1.8780E+03 -3.5652E+02
0008282   4.1216E+03  2.1141E+03  3.9700E+03
0008283   8.1077E+03 -2.1178E+03  2.4296E+03
0008284   6.8324E+03  1.2220E+03  8.9101E+01
0008285   7.8609E+03 -5.0558E+02 -1.2940E+03
0008286   6.6758E+03 -2.2311E+03 -7.4517E+02
0008287   7.3917E+03 -9.1852E+01 -1.9064E+03
0008288   7.6867E+03  5.8185E+02 -1.8529E+03
0008289   8.4992E+03 -2.1341E+03 -1.4857E+03
0008290   6.8385E+03  1.5877E+03  1.3165E+03
0008291   7.4152E+03 -1.4686E+03  7.7989E+01
0008292   7.1387E+03  2.6505E+03  7.0334E+02
0008293   7.1496E+03  1.8185E+02 -8.4749E+01
0008294   7.5700E+03  1.1508E+03 -1.1443E+03
0008295   7.8551E+03  3.6217E+02  2.4494E+02
0008296   9.0347E+03 -4.6936E+02  9.2616E+02
0008297   8.4982E+03  1.8107E+01  6.8438E+02
0008298   9.3714E+03  9.9521E+02 -1.7870E+03
0008299   7.5731E+03 -7.2289E+02  5.0538E+02
0008300   8.4870E+03  4.8900E+02 -1.9922E+03
0008301   7.3060E+03 -1.5156E+03 -1.2483E+03
0008302   7.9158E+03 -7.3001E+02  1.4508E+01
0008303   7.6584E+03 -3.0491E+03  1.0444E+03
0008304   9.0389E+03 -1.4867E+03  1.4657E+03
0008305   7.7865E+03 -1.9444E+03  1.6590E+03
0008306   8.9066E+03  1.5266E+03 -1.6283E+02
0008307   3.6576E+03  4.1809E+03  6.4154E+02
0008308   8.7905E+03 -1.5577E+03  6.9167E+02
0008309   7.8760E+03 -6.4349E+02  2.6108E+02
0008310   6.2017E+03  8.0577E+02  2.2405E+02
0008311   6.2101E+03 -6.7784E+02  3.2758E+03
0008312   4.1894E+03  1.1755E+03  3.5515E+03
0008313   8.4260E+03  4.0839E+01  2.7277E+02
0008314   8.0511E+03 -2.8264E+03  7.4970E+02
0008315   6.7249E+03  9.6043E+02 -3.5388E+03
0008316   6.1626E+03  2.9081E+03  1.6164E+03
0008317   7.7953E+03 -7.9832E+02  1.2658E+03
0008318   8.7356E+03  1.9253E+03  6.0743E+02
0008319   8.3593E+03 -1.3298E+03  1.5853E+02
0008320   8.1482E+03 -2.1175E+03 -5.4244E+02
0008321   9.3253E+03 -1.1617E+03  4.0321E+02
0008322   7.5519E+03 -1.0721E+03 -5.6389E+02
0008323   7.7465E+03 -7.9122E+02  4.5842E+02
0008324   7.5766E+03 -2.0519E+03  1.1120E+03
0008325   9.7340E+03  1.6195E+03  1.4048E+02
0008326   7.2107E+03 -2.0596E+01  2.5869E+03
0008327   4.3040E+03  2.2995E+03  2.9899E+03
0008328   8.2416E+03 -1.2312E+03  8.7745E+02
0008329   7.4867E+03 -3.1005E+02  2.6684E+02
0008330   8.5484E+03 -9.1964E+02  2.2862E+03
0008331   5.9241E+03  7.6495E+02  3.1769E+03
0008332   8.3660E+03  1.2317E+03 -1.4962E+03
0008333   7.2711E+03  2.9599E+03  8.6163E+02
0008334   2.0431E+03 -1.1097E+03  1.2540E+03
0008335   8.2792E+03  7.6442E+02  1.8897E+03
0008336   7.6378E+03  2.7557E+03 -1.1259E+03
0008337   7.7283E+03  1.3747E+01  9.4529E+02
0008338   7.1076E+03 -1.1088E+03 -1.4804E+03
0008339   5.9296E+03 -4.4473E+02  2.9035E+03
0008340   7.4701E+03  2.7249E+03  1.4263E+02
0008341   7.8761E+03 -7.0468E+02 -1.0774E+03
0008342   8.6688E+03  1.3171E+03  7.1023E+02
0008343   8.8977E+03 -7.0927E+02  9.9648E+02
0008344   8.0900E+03  1.1364E+03 -1.9737E+03
0008345   3.7912E+03 -3.1867E+03 -4.1935E+03
0008346   8.6937E+03  1.8334E+01  8.4576E+02
0008347   8.0360E+03 -9.3656E+00  1.9153E+03
0008348   9.3694E+03 -1.3811E+02 -7.7131E+02
0008349   8.1850E+03 -1.0217E+03  2.6022E+03
0008350   6.5106E+03 -2.1696E+03  6.2697E+02
0008351   9.0546E+03 -1.9409E+03 -3.0903E+02
0008352   5.8981E+03  5.8523E+02 -3.4327E+03
0008353   8.1287E+03 -1.1311E+03  8.9258E+02
0008354   3.0436E+03 -2.5196E+03  2.7678E+02
0008355   8.9043E+03  4.6557E+02  2.2000E+03
0008356   8.5732E+03  2.4565E+03  1.4317E+03
0008357   6.7910E+03  1.6555E+03 -1.4993E+03
0008358   6.4613E+03  1.8132E+03 -5.1465E+03
0008359   7.4261E+03  2.7045E+03 -1.9289E+03
0008360   7.5231E+03 -5.1690E+02  1.1337E+03
0008361   8.8871E+03  5.4265E+02  1.8844E+03
0008362   7.3328E+03 -3.0901E+03  1.1286E+03
0008363   7.7384E+03 -1.4053E+03 -2.3993E+03
0008364   5.0466E+03 -3.9530E+03 -1.9476E+03
0008365   7.3290E+03 -1.2339E+03  1.3215E+03
0008366   8.3527E+03  2.5832E+03  1.2960E+03
0008367   5.3680E+03  4.2686E+01  4.1871E+03
0008368   7.0574E+03  2.2350E+02 -2.8697E+03
0008369   8.1958E+03 -1.0635E+03  6.2414E+02
0008370   6.8043E+03  1.6553E+03  1.2804E+03
0008371   6.0737E+02 -4.9670E+02  4.9463E+03
0008372   7.1951E+03 -9.3959E+02  3.9873E+00
0008373   8.8912E+03 -1.3534E+03  1.2634E+03
0008374   6.5009E+03 -2.9910E+03 -6.3413E+02
0008375   5.3960E+03  4.7503E+03 -2.8837E+03
0008376   8.0269E+03  1.5653E+02 -7.7208E+02
0008377   8.2869E+03  1.2783E+03 -1.2457E+02
0008378   7.2568E+03  1.7226E+03 -2.2486E+03
0008379   7.9307E+03 -3.9034E+02 -3.4803E+01
0008380   7.1242E+03  1.1053E+03  1.9355E+03
0008381   5.9503E+03 -2.0046E+02  4.6868E+03
0008382   7.2178E+03 -3.8290E+02  8.7512E+01
0008383   7.2614E+03  4.1647E+01 -1.2970E+03
0008384   7.2152E+03  4.9914E+02  1.4387E+03
0008385   6.7450E+03  1.9167E+03 -2.0495E+03
0008386   6.0664E+03  2.4039E+02  8.5449E+02
0008387   7.0835E+03  1.4412E+03 -2.7894E+03
0008388   8.0606E+03 -2.2319E+03 -2.0114E+03
0008389   7.5695E+03 -1.2252E+03  3.1639E+03
0008390   6.3164E+03  3.2747E+03 -8.2063E+02
0008391   8.2261E+03 -7.2743E+02  2.1071E+03
0008392   8.4715E+03 -2.5937E+03  3.3379E+02
0008393   7.8744E+03 -7.5972E+01  9.7251E+02
0008394   5.2430E+03 -3.8794E+01 -1.4108E+03
0008395   8.5062E+03  1.6049E+03 -1.0797E+03
0008396   6.0055E+03  8.8574E+02 -3.2407E+03
0008397   8.0242E+03  8.6696E+01  1.7056E+03
0008398   7.0711E+03  3.2828E+03 -7.6154E+02
0008399   7.9073E+03  6.5940E+02 -2.6987E+02
0008400   4.6222E+03  2.4246E+03 -5.1487E+03
0008401   7.0272E+03  5.6418E+02 -8.9013E+02
0008402   5.6964E+03 -1.7429E+03 -2.6307E+03
0008403   7.9432E+03 -1.4487E+03 -1.7828E+03
0008404   8.0239E+03  1.9421E+03 -3.0612E+02
0008405   8.5710E+03  2.2917E+03  7.5757E+02
0008406   7.9386E+03  2.4573E+03  7.1754E+02
0008407   7.2604E+03 -1.9862E+03  1.8881E+03
0008408   8.6409E+03  7.4593E+02  1.6920E+03
0008409   7.9622E+03  1.0841E+03  3.0830E+02
0008410   7.8069E+03  1.4007E+03  5.4635E+02
0008411   9.6661E+03  1.8267E+03 -1.6561E+01
0008412   7.9412E+03  2.8718E+03  1.5866E+03
0008413   7.7290E+03 -1.3954E+03 -1.2205E+03
0008414   8.5076E+03  1.7649E+03 -5.2471E+01
0008415   8.0285E+03 -2.0722E+03 -7.2131E+02
0008416   8.2212E+03 -7.4353E+02  2.2509E+02
0008417   7.0835E+03  4.7015E+03  1.0519E+03
0008418   8.7605E+03  1.9092E+03 -1.1991E+03
0008419   8.0582E+03  1.7019E+03 -2.2574E+03
0008420   4.9814E+03 -2.1163E+03 -4.1005E+03
0008421   9.0785E+03 -3.6974E+02 -7.9758E+02
0008422   7.1667E+03  8.1475E+02  1.3718E+03
0008423   8.5304E+03  3.3622E+02 -2.5133E+03
0008424   8.2968E+03  1.0729E+03  2.1817E+03
0008425   6.7698E+03  2.0609E+03 -4.4699E+02
0008426   8.5384E+03  5.3263E+02 -1.9924E+02
0008427   8.2555E+03  2.5750E+03 -2.9295E+02
0008428   7.5274E+03  1.0466E+02  3.4594E+02
0008429   7.1904E+03  1.3120E+03 -5.0420E+02
0008430   6.1405E+03  1.4728E+03  5.3782E+02
0008431   8.1906E+03 -1.1803E+03 -3.1637E+03
0008432   6.4430E+03  3.6405E+03 -1.9519E+03
0008433   5.6656E+03  3.8759E+03 -5.1856E+03
0008434   7.5978E+03  2.0416E+03 -3.4917E+03
0008435   5.7922E+03  1.0071E+03  2.1216E+03
0008436   8.2365E+03  8.6237E+02  1.8590E+03
0008437   7.5284E+03 -2.4835E+03  1.4104E+03
0008438   6.6215E+03 -3.9623E+02 -3.3866E+03
0008439   8.0777E+03 -1.9102E+03  1.4641E+03
0008440   7.2480E+03  5.8538E+02 -3.5738E+03
0008441   3.0966E+03 -7.3936E+02 -2.6187E+01
0008442   7.7075E+03 -2.1342E+03 -3.7834E+02
0008443   7.6286E+03 -1.4088E+03  1.3710E+03
0008444   8.0986E+03  6.8739E+02  1.7177E+03
0008445   7.7642E+03  3.4747E+02 -3.6640E+03
0008446   6.1807E+03  2.2599E+03  2.1421E+03
0008447   8.8124E+03 -2.4119E+02  3.1959E+01
0008448   7.2737E+03  1.4825E+03 -1.3284E+03
0008449   8.3110E+03 -6.2616E+02 -6.6568E+02
0008450   7.4442E+03 -7.7730E+02 -2.2533E+03
0008451   8.7769E+03 -7.5246E+02 -1.7962E+03
0008452   7.9325E+03  7.5064E+02  2.6905E+01
0008453   7.4284E+03 -5.5411E+02  1.1521E+03
0008454   6.4416E+03 -1.4541E+03  2.2997E+03
0008455   9.8078E+03  2.2868E+02 -9.1778E+01
0008456   8.1098E+03  6.4621E+02  6.6729E+02
0008457   8.4990E+03  1.8134E+03 -7.8644E+02
0008458   7.4532E+03  2.8237E+03  2.3010E+03
0008459   5.6216E+03  6.0034E+02 -4.6543E+03
0008460   8.8898E+03 -2.9370E+02 -1.4072E+03
0008461   8.4644E+03  4.9346E+02 -2.0573E+03
0008462   8.1155E+03 -2.7161E+02  8.9593E+02
0008463   7.1441E+03  3.3521E+03  1.5886E+03
0008464   7.1686E+03 -3.9297E+02 -9.0040E+02
0008465   7.3086E+03  1.4500E+03 -2.1809E+03
0008466   6.7391E+03 -2.0221E+03 -8.3650E+02
0008467   4.8794E+03  1.7551E+03  2.9798E+02
0008468   7.6633E+03  2.8941E+03  7.3498E+02
0008469   7.9605E+03  1.9869E+03 -4.2067E+02
0008470   7.6110E+03  5.0384E+01  2.5537E+03
0008471   7.3840E+03 -3.3382E+01  1.3037E+03
0008472   7.5808E+03 -1.1213E+03 -7.6490E+02
0008473   8.1695E+03 -1.3987E+03 -2.0732E+03
0008474   7.4373E+03 -8.3862E+02 -7.4526E+02
0008475   7.6991E+03 -1.6133E+03  7.8873E+02
0008476   6.5834E+03  1.5052E+03 -3.5769E+03
0008477   8.3158E+03  1.2899E+03 -1.0778E+03
0008478   7.0298E+03  2.7089E+02  3.1865E+02
0008479   4.3830E+03  2.7115E+02  1.7384E+03
0008480   9.2341E+03  9.4315E+02  7.7122E+02
0008481   6.8742E+03  1.0714E+02  2.1533E+03
0008482   7.7428E+03  1.9999E+02  4.6416E+02
0008483   8.9615E+03 -2.1591E+02  4.1905E+02
0008484   7.4852E+03  3.2782E+03  4.6159E+02
0008485   4.4778E+03  4.9621E+02 -9.0628E+02
0008486   5.3851E+03 -3.6124E+03  2.6334E+03
0008487   8.9652E+03 -1.7055E+03  4.0515E+02
0008488   6.6105E+03  1.6341E+03 -1.2902E+03
0008489   9.3322E+03 -3.2821E+02  1.0579E+02
0008490   7.3331E+03 -6.4788E+02  2.7747E+03
0008491   8.9899E+03  7.8773E+02 -6.0168E+02
0008492   5.2519E+03  3.4215E+02 -2.1818E+03
0008493   8.2405E+03  5.9760E+01 -2.3013E+01
0008494   6.4643E+03  4.8148E+01  1.2478E+03
0008495   7.1422E+03  1.3020E+03  2.9762E+02
0008496   6.4412E+03  1.6141E+03 -2.9944E+03
0008497   8.1179E+03 -1.7958E+03 -1.7165E+03
0008498   8.1119E+03  2.0681E+03  4.6292E+02
0008499   8.9791E+03  1.7793E+03 -1.2149E+03
0008500   8.0022E+03  8.0155E+02  3.8524E+02
0008501   7.5530E+03  2.9347E+03 -3.4984E+03
0008502   8.5939E+03 -1.5486E+02 -2.7641E+03
0008503   9.5028E+03 -1.6289E+03  4.1688E+02
0008504   9.4246E+03 -2.4325E+02 -2.2591E+01
0008505   8.4673E+03 -1.3377E+03 -5.4665E+02
0008506   8.5029E+03  8.4715E+02  1.9435E+03
0008507   5.9039E+03 -9.5599E+02 -4.0086E+03
0008508   8.6618E+03  3.5836E+02  3.4862E+03
0008509   7.4433E+03  2.4161E+03  4.2713E+03
0008510   8.0998E+03 -7.0158E+02 -2.2187E+03
0008511   7.4582E+03 -1.7097E+03  1.2423E+03
0008512   7.8106E+03  6.2277E+01 -2.3542E+03
0008513   8.3782E+03 -2.9493E+02  1.3902E+03
0008514   7.6121E+03  5.6861E+02 -1.1240E+03
0008515   8.9157E+03  1.6550E+01 -1.0105E+03
0008516   6.8019E+03  1.4086E+03 -1.6813E+03
0008517   8.2201E+03 -1.9991E+02  3.5366E+02
0008518   8.7589E+03  7.0680E+02 -1.0484E+03
0008519   8.2847E+03 -3.2992E+01 -3.2621E+03
0008520   8.5451E+03  1.2882E+03  3.4426E+02
0008521   6.4197E+03  2.7478E+03 -2.9900E+03
0008522   6.2676E+03  2.2953E+03 -1.8965E+03
0008523   7.3349E+03  6.8156E+02 -2.5721E+02
0008524   9.2632E+03  3.9215E+02  2.9201E+00
0008525   8.6315E+03 -2.2013E+03  4.7780E+02
0008526   4.8576E+03  3.7521E+03  2.1052E+03
0008527   7.7249E+03 -9.3284E+02  1.0776E+03
0008528   7.8687E+03 -3.3196E+03 -1.2270E+03
0008529   9.0981E+03  4.0643E+02  4.7717E+01
0008530   7.7310E+03  1.4145E+03 -9.3074E+02
0008531   6.9963E+03 -1.6663E+03  1.8392E+03
0008532   7.6417E+03  1.0290E+03 -3.4913E+03
0008533   7.7346E+03  2.6242E+03 -8.0583E+01
0008534   7.0635E+03  3.5682E+02  2.5982E+03
0008535   8.6846E+03  1.6562E+03  7.8134E+02
0008536   8.5684E+03 -1.8414E+03 -1.7043E+03
0008537   7.4477E+03 -9.7795E+02  3.0728E+03
0008538   4.2383E+03  1.9244E+03  2.9971E+02
0008539   8.0278E+03 -1.5141E+03  7.9546E+02
0008540   7.6728E+03  1.8177E+03 -4.1682E+02
0008541   8.0040E+03 -8.5015E+02 -1.5691E+03
0008542   9.2903E+03  1.2581E+03 -1.6108E+03
0008543   7.7992E+03 -1.8716E+03  3.0944E+02
0008544   7.9888E+03 -6.7982E+02  2.1839E+03
0008545   7.5332E+03 -7.2785E+02  7.1199E+02
0008546   7.6602E+03  7.3584E+02 -1.8427E+03
0008547   9.3154E+03 -2.0420E+02 -2.4502E+02
0008548   7.0659E+03  2.7067E+03 -2.3847E+03
0008549   7.4242E+03 -2.7824E+03  1.4748E+03
0008550   8.4380E+03  5.2996E+02  3.9073E+02
0008551   9.1689E+03 -1.4299E+03  7.2098E+01
0008552   6.5560E+03  1.7567E+03 -6.1056E+02
0008553   5.0249E+03  2.1572E+03 -1.9450E+03
0008554   7.8467E+03  5.5493E+02 -5.4479E+02
0008555   7.7695E+03 -5.6153E+02 -1.6981E+03
0008556   6.8834E+03 -3.4235E+02 -1.2610E+03
0008557   8.3609E+03 -1.7838E+03 -1.3236E+03
0008558   3.7111E+03  5.1964E+03  1.8902E+03
0008559   7.0139E+03 -4.6602E+03  1.4807E+03
0008560   8.1264E+03 -1.0263E+03  2.3995E+00
0008561   8.4455E+03  1.8031E+03  7.2715E+02
0008562   8.3727E+03 -1.2351E+03 -8.8640E+02
0008563   7.3186E+03 -2.7373E+03  4.9752E+02
0008564   6.6031E+03  2.0101E+03 -7.7780E+02
0008565   7.6956E+03  7.2049E+02 -7.6680E+02
0008566   8.0005E+03  7.6688E+02 -2.4812E+03
0008567   5.7207E+03  3.7062E+03 -2.5415E+03
0008568   7.5275E+03  2.6326E+01  1.1075E+02
0008569   4.8007E+03  2.1070E+03 -2.4428E+03
0008570   6.8309E+03  2.1454E+03  1.0437E+03
0008571   8.7765E+03  2.5030E+02 -5.9902E+02
0008572   6.8852E+03  6.8288E+02  1.5900E+02
0008573   6.1161E+03 -2.8279E+02 -1.2282E+03
0008574   7.4543E+03  1.5628E+03  1.0014E+03
0008575   6.0548E+03 -1.3926E+03  1.4681E+03
0008576   6.6853E+03  1.3907E+03  1.7805E+03
0008577   8.2787E+03 -2.1342E+03  5.0853E+02
0008578   5.6970E+03  8.7615E+01 -1.9719E+03
0008579   7.8254E+03 -1.0419E+03 -5.5893E+02
0008580   7.0580E+03  1.2830E+03  1.0538E+03
0008581   6.4867E+03 -2.3608E+02 -2.3030E+03
0008582   8.6810E+03 -8.1114E+02 -2.8706E+02
0008583   6.0198E+03  2.2455E+02 -2.4607E+03
0008584   6.5817E+03  1.8600E+03  1.0407E+03
0008585   7.5644E+03 -2.2765E+03  9.9136E+02
0008586   8.9697E+03  5.2263E+02 -1.7822E+02
0008587   6.9267E+03  3.8227E+02 -3.5513E+03
0008588   6.1836E+03  6.8669E+01 -4.0082E+03
0008589   5.4199E+03  4.1393E+03 -3.8836E+03
0008590   7.5391E+03  1.9285E+03 -3.2755E+02
0008591   8.8471E+03 -7.3851E+02 -3.2098E+03
0008592   7.7640E+03  1.2870E+03 -1.9435E+03
0008593   6.4768E+03  1.0900E+03  2.6930E+03
0008594   7.1181E+03  1.9146E+03 -6.9259E+02
0008595   7.9768E+03  5.7181E+02 -2.7103E+02
0008596   7.9823E+03 -6.7121E+02  3.1713E+03
0008597   7.9514E+03 -2.1629E+02  3.9423E+02
0008598   8.8267E+03  1.1152E+03  1.1819E+02
0008599   8.6786E+03 -1.3151E+00 -1.3283E+03
0008600   8.1536E+03  1.6456E+02 -1.6379E+03
0008601   8.5793E+03  8.1003E+01 -1.2652E+03
0008602   6.2510E+03 -1.1958E+03 -8.1967E+02
0008603   8.1998E+03  1.1035E+02  1.7086E+03
0008604   7.2085E+03 -1.6272E+03  5.7300E+02
0008605   5.7986E+03  1.0093E+03 -4.6767E+03
0008606   7.8799E+03 -2.1603E+03 -3.6794E+02
0008607   6.5448E+03  1.2193E+03  3.8853E+03
0008608   7.2845E+03  1.0439E+03 -2.9936E+03
0008609   7.0237E+03 -1.4109E+03 -2.9275E+03
0008610   6.6993E+03  2.2318E+03  1.0644E+03
0008611   7.5916E+03  1.3520E+03  1.3584E+03
0008612   9.2537E+03 -1.0307E+03 -1.2866E+02
0008613   8.4145E+03  9.0065E+02  2.1266E+02
0008614   8.3498E+03  6.3448E+02  2.6067E+03
0008615   6.4028E+03  1.0994E+03  1.5387E+03
0008616   6.4952E+03  4.1029E+03  5.8573E+01
0008617   7.1859E+03  4.3051E+02 -1.0070E+03
0008618   7.0693E+03  7.5771E+02  2.6919E+03
0008619   7.7788E+03  6.4716E+02 -2.2698E+03
0008620   6.9318E+03 -2.8190E+02  1.2288E+03
0008621   7.4642E+03 -1.0309E+02 -9.9668E+02
0008622   6.6961E+03 -8.5053E+01 -1.2517E+03
0008623   7.7574E+03 -2.6610E+03  2.7187E+02
0008624   8.1396E+03  2.9037E+02 -1.0452E+03
0008625   8.9689E+03 -5.3510E+02  2.3079E+03
0008626   6.3470E+03  1.1836E+03  1.9131E+03
0008627   7.6696E+03  2.8753E+03 -7.7844E+02
0008628   8.6567E+03 -7.6784E+02 -1.5858E+03
0008629   9.1334E+03 -1.1363E+03 -1.3579E+03
0008630   8.2115E+03  6.1114E+01  5.2591E+02
0008631   7.5627E+03  3.1557E+03  6.6075E+02
0008632   7.2356E+03 -9.6306E+02  3.7108E+03
0008633   8.0522E+03 -1.7724E+03 -7.4012E+02
0008634   6.4005E+03 -9.4946E+02  1.3855E+03
0008635   8.8404E+03 -5.4132E+02 -1.2469E+02
0008636   5.0762E+03  2.1585E+03  1.3448E+03
0008637   3.3427E+03 -3.8219E+03  2.2581E+03
0008638   8.1622E+03  1.9750E+03 -1.6000E+03
0008639   8.0786E+03 -2.3358E+02  4.0338E+03
0008640   7.8255E+03 -1.1569E+03  2.5946E+03
0008641   7.8898E+03 -6.2352E+02 -9.6289E+02
0008642   9.0092E+03  5.2215E+01 -1.0805E+03
0008643   8.0030E+03 -5.3577E+02  1.7071E+03
0008644   6.5124E+03 -2.2890E+03  3.3752E+02
0008645   7.0103E+03 -3.4416E+03  2.8361E+02
0008646   9.6340E+03  2.0612E+03 -1.3349E+03
0008647   7.0227E+03  4.8179E+02  3.5649E+03
0008648   8.5784E+03 -1.1563E+03  2.2690E+02
0008649   5.8334E+03 -1.8159E+03  1.5255E+03
0008650   7.3644E+03 -1.7145E+03 -9.5832E+02
0008651   7.4995E+03 -4.1763E+02  1.6155E+03
0008652   7.7240E+03  2.5272E+02 -3.6345E+03
0008653   7.2168E+03 -5.6865E+01 -3.0435E+03
0008654   7.3275E+03 -4.3469E+02  1.7995E+03
0008655   8.4934E+03  1.4853E+02 -1.1513E+03
0008656   6.7506E+03 -3.6900E+03 -2.5442E+03
0008657   7.7225E+03 -2.3354E+03 -1.4694E+03
0008658   8.4327E+03  7.6058E+02  9.5820E+02
0008659   8.3825E+03  6.8534E+02  9.9955E+02
0008660   8.2497E+03  1.9710E+02  3.6575E+02
0008661   6.4140E+03 -2.6481E+02  1.6273E+03
0008662   7.9069E+03  1.9432E+03 -1.1515E+03
0008663   6.5518E+03 -1.6706E+03 -2.6109E+02
0008664   7.2569E+03  2.0639E+03  3.4389E+03
0008665   6.8380E+03 -1.4088E+03 -2.2046E+03
0008666   8.7677E+03 -3.1527E+02 -1.6644E+03
0008667   7.3458E+03  1.3740E+03  3.5088E+02
0008668   8.7057E+03 -8.3936E+02 -1.1606E+02
0008669   8.1947E+03 -9.7905E+01  6.7960E+01
0008670   7.6048E+03  1.2560E+03 -1.8783E+03
0008671   6.1075E+03 -9.3955E+02  3.1460E+03
0008672   5.8839E+03  1.7959E+03 -1.1721E+03
0008673   8.1297E+03 -8.3075E+02  1.5842E+03
0008674   7.1587E+03  1.8364E+03  5.3927E+02
0008675   6.9225E+03  3.8872E+03  1.6550E+03
0008676   6.7924E+03  6.3089E+02  1.4047E+03
0008677   7.5320E+03  4.5801E+01 -1.0683E+02
0008678   8.9327E+03 -4.6263E+02  1.4787E+02
0008679   7.0326E+03 -1.7644E+03 -1.3937E+03
0008680   5.7051E+03 -2.9369E+03 -1.6228E+03
0008681   8.0032E+03 -1.5954E+03 -4.3606E+02
0008682   8.7673E+03 -1.9667E+03  2.4488E+02
0008683   7.0234E+03  5.0001E+02  2.0350E+02
0008684   8.9954E+03 -7.0686E+02  2.9194E+03
0008685   7.6432E+03 -4.6682E+02  4.6553E+02
0008686   9.5978E+03  1.9203E+03 -1.9230E+03
0008687   6.9405E+03 -2.2425E+03  1.2163E+03
0008688   8.0977E+03 -1.1758E+03 -1.2026E+03
0008689   7.4659E+03 -1.1867E+03  1.6562E+03
0008690   7.8655E+03  7.8455E+02  1.1622E+03
0008691   8.2164E+03  7.8209E+01  2.7228E+03
0008692   8.2756E+03  2.0046E+03  7.9932E+02
0008693   8.1153E+03 -1.5570E+03 -4.1336E+02
0008694   6.9869E+03 -2.0703E+03 -1.4749E+03
0008695   2.0955E+03  5.2874E+02 -3.9479E+03
0008696   5.8317E+03  1.8311E+03 -3.6217E+02
0008697   7.0494E+03  2.6184E+03 -1.2137E+03
0008698   8.3384E+03  3.3764E+02  8.8366E+01
0008699   9.4293E+03 -2.1882E+02  1.1345E+03
0008700   8.1580E+03  7.9514E+01 -2.5197E+02
0008701   9.0789E+03 -1.5283E+03 -5.8776E+02
0008702   6.9437E+03 -1.4159E+03  3.9172E+03
0008703   7.2542E+03  2.0436E+03 -1.4821E+03
0008704   7.2532E+03  1.2364E+03 -1.4360E+03
0008705   6.8211E+03 -1.1747E+03 -1.4960E+03
0008706   4.3425E+03  2.2284E+03  4.2378E+03
0008707   6.4803E+03  3.6150E+03 -7.6093E+02
0008708   7.0751E+03  9.4244E+01  1.0943E+02
0008709   8.1687E+03 -4.2443E+02  1.1250E+03
0008710   7.0051E+03 -1.4497E+02 -2.0538E+03
0008711   7.0444E+03  7.5498E+02  1.4806E+03
0008712   7.6533E+03 -1.2459E+03  7.8023E+02
0008713   8.2733E+03 -1.2716E+03 -2.6403E+03
0008714   6.9267E+03  6.3030E+02 -2.6916E+03
0008715   8.8039E+03  1.3185E+03  9.1206E+02
0008716   5.5928E+03 -6.9256E+02 -4.3393E+03
0008717   6.0728E+03 -1.4917E+03 -3.2218E+03
0008718   6.7179E+03 -5.4746E+02  2.0992E+03
0008719   6.2591E+03 -2.7525E+03 -3.1631E+02
0008720   8.8382E+03 -7.9542E+02  7.5439E+02
0008721   8.3538E+03 -6.5914E+02  1.2010E+03
0008722   6.6205E+03 -3.9216E+03 -6.6915E+02
0008723   7.2291E+03 -7.0938E+02 -3.1075E+03
0008724   8.9092E+03  2.3113E+03  8.2202E+02
0008725   8.7490E+03  5.7452E+02 -2.3122E+03
0008726   7.7269E+03  4.1436E+02 -1.5330E+03
0008727   6.7116E+03 -2.8476E+03 -4.9673E+02
0008728   7.4896E+03 -1.2713E+03 -1.7400E+03
0008729   8.6596E+03  1.0857E+03 -5.1181E+02
0008730   7.0713E+03 -4.6201E+02  1.8792E+03
0008731   5.7111E+03  8.3366E+02  1.3541E+03
0008732   6.5859E+03  1.2728E+03  2.6318E+03
0008733   5.2864E+03  1.0694E+03  3.1778E+03
0008734   7.0123E+03 -2.0599E+03 -2.8274E+02
0008735   8.5029E+03 -1.0165E+03  2.0300E+02
0008736   8.9230E+03 -1.1400E+03  6.4207E+02
0008737   8.1260E+03  7.5717E+02 -1.0838E+03
0008738   4.8372E+03  4.1209E+03 -3.4648E+03
0008739   6.8899E+03 -3.2627E+02 -1.6287E+03
0008740   7.9203E+03  2.1561E+03 -2.5073E+03
0008741   8.5051E+03 -3.9637E+02 -1.2713E+03
0008742   7.4632E+03  1.6237E+03 -9.2081E+02
0008743   7.1417E+03 -2.1763E+03  2.3000E+03
0008744   8.1723E+03 -3.0269E+03  2.9268E+03
0008745   8.8027E+03 -2.3808E+02  5.3805E+02
0008746   7.7619E+03  6.9859E+02  1.7194E+03
0008747   7.8086E+03  1.0052E+03  4.9067E+01
0008748   8.5198E+03  5.5769E+00  1.7093E+01
0008749   5.4901E+03  2.1828E+02 -1.4847E+03
0008750   8.6877E+03  8.9422E+02 -1.0609E+03
0008751   7.8033E+03 -3.6520E+02  1.0951E+03
0008752   5.6717E+03 -9.0221E+02 -1.9924E+03
0008753   6.0504E+03 -6.0190E+03 -5.3703E+02
0008754   8.9509E+03  1.3154E+03  9.6898E+02
0008755   6.9720E+03 -2.7097E+03  2.8971E+03
0008756   8.1581E+03 -3.1720E+03 -5.7911E+01
0008757   6.6435E+03  7.3443E+02  5.5569E+02
0008758   8.4154E+03 -8.5120E+01 -1.1410E+03
0008759   8.6027E+03  3.6038E+02 -3.5217E+02
0008760   8.0951E+03 -4.7553E+01 -1.4324E+03
0008761   5.5456E+03 -2.6388E+03 -2.6237E+03
0008762   8.1605E+03 -1.3194E+03  1.4795E+03
0008763   9.2224E+03 -1.7692E+03 -7.0943E+02
0008764   7.4604E+03 -3.0198E+03  1.0423E+03
0008765   4.9416E+03  1.6011E+03 -3.9371E+03
0008766   7.1415E+03 -1.5794E+03 -4.7880E+02
0008767   6.9381E+03  1.1447E+03  1.5350E+03
0008768   9.4092E+03  1.5137E+03  3.8815E+02
0008769   8.3661E+03  1.5663E+02 -1.3163E+02
0008770   9.5392E+03  9.8758E+02  1.7194E+02
0008771   7.0662E+03  4.2006E+03  2.8244E+03
0008772   7.0119E+03  7.2254E+02  2.5722E+03
0008773   7.3676E+03  2.6763E+02 -8.4423E+02
0008774   8.0607E+03  2.3363E+03 -2.1669E+03
0008775   6.5915E+03  2.5274E+03 -2.0646E+01
0008776   4.4131E+03 -9.1559E+02  3.6823E+03
0008777   6.2694E+03  7.2459E+02 -3.3358E+03
0008778   7.4445E+03 -2.7615E+03 -9.4968E+02
0008779   6.7162E+03 -2.5470E+02  3.0183E+02
0008780   9.5063E+03 -6.3084E+02  1.4788E+03
0008781   7.5923E+03 -3.1355E+02 -1.2582E+03
0008782   7.8274E+03  1.2716E+02 -1.1788E+02
0008783   8.2006E+03  3.5571E+02 -1.1886E+03
0008784   4.6804E+03  5.3947E+03  1.3960E+03
0008785   7.3212E+03 -5.7460E+02 -2.9747E+03
0008786   4.1435E+03  4.1351E+03  1.0809E+03
0008787   8.7567E+03  3.0848E+02 -5.6735E+02
0008788   9.0740E+03  9.0301E+02 -4.6464E+02
0008789   7.7579E+03  1.2665E+03  2.4009E+02
0008790   9.4023E+03 -4.1653E+02 -1.8374E+03
0008791   9.2909E+03  4.6393E+02 -1.0050E+03
0008792   7.6601E+03 -7.8880E+02  2.3327E+03
0008793   7.5264E+03 -2.9336E+03 -2.2869E+03
0008794   6.2913E+03 -5.5928E+02  1.9878E+03
0008795   7.4154E+03 -3.8915E+02 -1.0586E+03
0008796   7.4935E+03  4.1047E+02 -1.2675E+03
0008797   5.7599E+03  2.1692E+02  2.5867E+03
0008798   8.1637E+03 -2.5090E+03  1.4666E+03
0008799   6.2425E+03  4.9494E+03  1.7840E+03
0008800   1.0482E+04 -8.7181E+02  1.0133E+03
0008801   8.7013E+03 -8.6366E+02 -1.1942E+03
0008802   7.6071E+03 -4.0123E+02  6.8724E+02
0008803   7.7836E+03 -5.9028E+02 -1.4919E+03
0008804   8.6574E+03  8.4162E+02  1.3350E+03
0008805   6.6014E+03 -3.0766E+02  3.3523E+03
0008806   7.8142E+03  5.8493E+02 -1.1430E+03
0008807   7.1595E+03  3.4320E+03 -4.4780E+02
0008808   8.4501E+03  9.8620E+02  1.1957E+03
0008809   7.9220E+03  2.3352E+03  4.7138E+02
0008810   8.3713E+03 -6.4898E+02  2.8652E+02
0008811   8.2457E+03 -1.1286E+03  1.1092E+03
0008812   7.1027E+03 -1.8375E+03 -1.8350E+03
0008813   8.2836E+03 -3.4205E+02  3.1405E+03
0008814   6.0915E+03 -3.5252E+02 -1.4437E+03
0008816   8.9689E+03  3.6640E+02 -1.4035E+03
0008817   7.7374E+03 -3.8109E+02  2.9550E+03
0008818   7.9454E+03  1.7323E+03 -3.8854E+02
0008819   9.6057E+03  4.9152E+02  4.1347E+02
0008820   7.5565E+03  7.7550E+02 -5.2257E+01
0008821   6.6493E+03 -5.1422E+02  1.9387E+03
0008822   1.0791E+04 -3.4032E+02  5.2118E+02
0008823   8.2630E+03 -6.1230E+02 -4.3351E+02
0008824   7.5871E+03 -9.3816E+02 -2.7420E+03
0008825   5.8307E+03  4.0575E+03 -2.0545E+03
0008826   8.2435E+03 -1.4722E+03 -1.0121E+03
0008827   1.0028E+04 -1.0750E+03  8.6958E+02
0008828   5.2486E+03 -2.8142E+03  4.6886E+03
0008829   7.1044E+03  1.5047E+03 -2.1126E+03
0008830   8.2713E+03 -4.7288E+01  2.5276E+02
0008831   6.4802E+03  1.1417E+03 -3.8499E+03
0008832   8.5406E+03 -1.1181E+03 -2.3145E+03
0008833   7.3873E+03  6.5442E+02 -2.4851E+02
0008834   5.7562E+03 -1.0351E+03  1.7143E+03
0008835   5.1262E+03 -2.9392E+03  1.4391E+03
0008836   7.8959E+03 -2.1471E+03  1.3682E+03
0008837   7.2403E+03 -1.2518E+03  3.6791E+02
0008838   6.9363E+03  2.5379E+03 -8.3687E+02
0008839   7.8695E+03  1.3903E+03  7.2103E+02
0008840   6.4129E+03  3.1409E+02 -1.1142E+03
0008841   4.3296E+03 -1.0737E+03 -2.2278E+03
0008842   5.5497E+03 -2.2327E+03 -3.3113E+02
0008843   6.3649E+03 -6.7028E+02  3.7406E+03
0008844   9.2434E+03 -5.1613E+02  1.0894E+03
0008845   6.9914E+03  1.1140E+03  2.6247E+02
0008846   6.9969E+03  2.5936E+03 -1.1831E+03
0008847   6.7397E+03 -2.2274E+03 -5.5857E+02
0008848   7.4004E+03 -1.1290E+03  1.4106E+03
0008849   7.2156E+03 -1.2080E+03 -1.3727E+03
0008850   6.2618E+03  3.8052E+02 -3.7204E+01
0008851   8.0859E+03  2.7252E+02 -6.4188E+02
0008852   6.1889E+03  2.9347E+03  1.7949E+03
0008853   6.6167E+03  1.7602E+03  2.6617E+03
0008854   7.8291E+03  3.6043E+02  1.3332E+03
0008855   6.5075E+03 -7.7832E+00  6.5616E+01
0008856   5.5971E+03  1.1417E+03  1.5158E+03
0008857   7.5924E+03  7.9431E+02  1.1031E+03
0008858   7.0694E+03  2.5613E+03 -2.3448E+02
0008859   8.5626E+03  1.1365E+03  1.8022E+02
0008860   7.1943E+03  4.1127E+02 -6.4929E+02
0008861   7.7971E+03  6.3738E+02 -5.9965E+02
0008862   7.8454E+03  9.9586E+02  1.5265E+03
0008863   6.8702E+03 -2.1079E+03  1.8457E+02
0008864   7.7753E+03 -1.3926E+03  1.6636E+03
0008865   8.4408E+03  6.0316E+02  1.0678E+03
0008866   7.9094E+03  1.5437E+02  2.3576E+03
0008867   6.4030E+03  2.9806E+03 -1.7553E+03
0008868   7.0202E+03 -4.6181E+02  7.4122E+01
0008869   8.2996E+03 -1.4713E+03  1.2761E+03
0008870   8.1170E+03 -1.2444E+03  9.9471E+02
0008871   7.8996E+03  1.9024E+03 -1.4946E+03
0008872   6.8252E+03  1.4089E+03  3.3628E+00
0008873   6.6230E+03 -3.4520E+02  7.5878E+02
0008874   7.2713E+03  2.7611E+03  3.1326E+02
0008875   6.4234E+03  2.6329E+03  4.6026E+02
0008876   6.6190E+03 -1.9892E+03  9.3228E+02
0008877   7.9577E+03 -3.9900E+01 -1.6388E+02
0008878   8.3144E+03 -1.2803E+02  7.3631E+02
0008879   7.2425E+03  4.4398E+02  1.2824E+03
0008880   6.1383E+03  8.6026E+02 -2.6324E+03
0008881   7.5393E+03  6.5091E+01 -5.6655E+02
0008882   7.4753E+03  2.2861E+03 -2.2166E+03
0008883   7.4181E+03  2.4874E+02 -1.0324E+03
0008884   6.7391E+03 -8.3312E+02 -2.5288E+03
0008885   8.1715E+03  1.2426E+03 -7.0030E+02
0008886   6.5526E+03 -6.8992E+02 -2.4291E+03
0008887   8.0182E+03 -1.3043E+03  2.4723E+03
0008888   6.7445E+03 -9.0708E+02 -1.2174E+03
0008889   8.9024E+03  8.0876E+02  1.7812E+03
0008890   7.5818E+03  8.4393E+02  1.8324E+03
0008891   7.7481E+03  2.8033E+03 -1.2801E+03
0008892   7.2324E+03 -4.3470E+02  2.3984E+03
0008893   8.2194E+03  9.4231E+02  3.9925E+02
0008894   8.2415E+03  7.6682E+02  1.7614E+03
0008895   7.9362E+03  8.8351E+01 -1.3663E+03
0008896   2.8838E+03  2.4449E+03  2.1490E+03
0008897   4.2866E+03  3.2504E+02 -1.3561E+03
0008898   7.5853E+03 -8.6313E+02 -1.7232E+03
0008899   8.2860E+03 -8.1869E+02 -6.2988E+02
0008900   7.3654E+03 -2.6137E+03 -2.4968E+02
0008901   7.7042E+03  2.4715E+03  4.9602E+02
0008902   6.7677E+03  2.8158E+03 -2.5969E+03
0008903   7.7118E+03 -1.9384E+02  1.1409E+03
0008904   8.4918E+03 -2.3336E+03  1.4607E+03
0008905   7.8064E+03 -1.7419E+02  5.1701E+00
0008906   6.5445E+03  2.0617E+03  4.6691E+03
0008907   7.7732E+03 -1.2727E+03  1.6211E+02
0008908   7.2640E+03  1.1754E+03  3.8935E+03
0008909   7.0770E+03 -1.7218E+03  2.5679E+03
0008910   8.1226E+03  1.4946E+03 -1.0242E+03
0008911   8.5418E+03  3.8683E+02  9.3552E+02
0008912   5.9645E+03 -3.5876E+03 -2.6376E+03
0008913   6.8006E+03  1.5789E+03 -3.9771E+03
0008914   5.3546E+03 -4.4993E+02 -3.1908E+03
0008915   6.2717E+03  8.2388E+02 -1.0722E+03
0008916   7.8158E+03 -3.2533E+03 -5.7621E+01
0008917   7.5685E+03 -2.3480E+03  1.0584E+03
0008918   5.2247E+03 -5.9071E+02  2.3286E+03
0008919   8.4466E+03  1.8193E+03 -2.6065E+02
0008920   5.2839E+03 -1.2281E+03  4.2557E+03
0008921   7.7825E+03  3.2738E+03  3.0328E+02
0008922   6.6330E+03 -5.3740E+02  1.8664E+03
0008923   6.5398E+03 -5.4362E+02 -5.1048E+02
0008924   7.7651E+03 -1.4222E+03  3.0646E+03
0008925   8.0894E+03  1.4615E+01  1.1119E+03
0008926   7.6231E+03  8.7035E+02 -3.5019E+03
0008927   8.8854E+03  1.2966E+03 -6.0343E+02
0008928   5.9984E+03  2.8993E+03 -2.6204E+02
0008929   7.0514E+03  8.5597E+02  8.5475E+02
0008930   8.1266E+03  2.6304E+03  7.0411E+02
0008931   6.6783E+03 -2.4841E+03  3.6583E+03
0008932   6.8225E+03 -9.3638E+02  8.5981E+02
0008933   5.8499E+03 -2.1028E+03  3.6336E+03
0008934   9.2159E+03  2.6760E+03 -2.3698E+02
0008935   7.4816E+03 -1.0973E+03 -1.4774E+03
0008936   8.7165E+03 -1.5395E+03 -1.5042E+03
0008937   7.7931E+03 -5.7936E+02  1.2486E+03
0008938   7.1705E+03 -1.5506E+03  6.4997E+02
0008939   7.9795E+03  1.3192E+03  3.8963E+02
0008940   8.0654E+03  2.1477E+03 -8.0478E+02
0008941   6.7496E+03 -3.0564E+03 -1.3529E+02
0008942   7.0012E+03  2.0518E+03  1.0820E+03
0008943   4.6988E+03  2.5382E+03  3.8835E+03
0008944   8.5632E+03 -3.5769E+02  3.7795E+02
0008945   5.8911E+03 -1.6211E+03 -1.2136E+03
0008946   6.0916E+03  1.1175E+03 -5.5092E+02
0008947   7.2845E+03 -6.2687E+02 -2.9533E+03
0008948   8.5019E+03  9.7987E+02 -1.8719E+03
0008949   7.8450E+03 -1.0701E+03  1.6395E+03
0008950   4.0239E+03 -1.7491E+03 -5.1097E+03
0008951   7.5158E+03 -9.4183E+01 -6.4073E+02
0008952   7.3225E+03  2.2294E+03  8.9888E+02
0008953   8.4046E+03  1.4638E+03 -2.1637E+03
0008954   7.6089E+03  1.4308E+03  2.0888E+03
0008955   4.3492E+03  1.9839E+03 -1.6431E+03
0008956   7.4908E+03  1.7171E+03 -2.0024E+02
0008957   8.8187E+03  1.0115E+01  3.5924E+02
0008958   4.0311E+03 -2.2566E+03  5.7768E+03
0008959   8.2102E+03 -8.0324E+02  8.2910E+02
0008960   6.3871E+03 -2.3018E+03  1.5406E+03
0008961   8.4715E+03 -1.1720E+03 -2.8750E+03
0008962   7.9267E+03 -4.7419E+02  2.2439E+03
0008963   3.2817E+03 -4.4826E+03  8.9255E+02
0008964   6.8791E+03  2.1503E+03 -5.1019E+01
0008965   8.1481E+03 -1.5475E+02  1.7950E+03
0008966   8.1237E+03 -1.4742E+03 -1.6576E+03
0008967   7.7700E+03  1.2071E+03  1.2008E+03
0008968   7.3492E+03 -8.9150E+02  3.1259E+03
0008969   8.4162E+03  5.3805E+02  2.0240E+03
0008970   7.7832E+03 -4.9852E+02 -9.4495E+02
0008971   5.8239E+03 -1.0230E+03  3.6855E+03
0008972   6.2525E+03 -1.3159E+03  1.1963E+03
0008973   8.6993E+03  7.1214E+01 -1.0744E+03
0008974   7.2462E+03  4.2087E+02  2.4858E+03
0008975   7.1052E+03 -2.4528E+02  1.7964E+03
0008976   7.8513E+03 -1.0438E+03  1.0550E+03
0008977   5.7666E+03 -8.0996E+02  3.7325E+03
0008978   8.1786E+03  2.8664E+03  9.8868E+02
0008979   8.5248E+03 -9.7222E+02  1.8040E+03
0008980   9.1173E+03 -3.7035E+02  1.1089E+03
0008981   8.2724E+03 -2.7270E+03 -1.0372E+03
0008982   7.9623E+03  1.6079E+03  1.9337E+03
0008983   7.3093E+03 -2.1039E+03  1.6213E+03
0008984   6.6327E+03 -2.9103E+03  4.6184E+03
0008985   8.5038E+03  6.5081E+02  3.8537E+03
0008986   7.0759E+03  2.0928E+03  2.2090E+03
0008987   8.5772E+03  5.6289E+02 -5.7144E+02
0008988   9.1084E+03  2.3717E+03  8.3788E+02
0008989   8.8653E+03 -1.6784E+03  6.8725E+02
0008990   1.0057E+04  3.8896E+02  6.7170E+02
0008991   6.9169E+03  2.2369E+02  3.0102E+03
0008992   8.3352E+03 -4.3370E+02 -9.7015E+02
0008993   9.0868E+03 -2.6647E+03 -1.1473E+03
0008994   5.9904E+03 -2.0774E+03 -1.8129E+03
0008995   8.2153E+03  1.6903E+03 -9.8728E+02
0008996   8.1834E+03  1.8227E+03 -1.2721E+02
0008997   7.9483E+03  1.2040E+03  3.0821E+03
0008998   5.3688E+03  2.0699E+03  1.3613E+03
0008999   7.5769E+03 -4.1169E+03 -2.6967E+03
0009000   7.3132E+03  1.7294E+03 -3.2792E+03
0009001   7.4654E+03 -4.1039E+03 -2.2641E+03
0009002   8.7043E+03  3.6342E+02 -1.3564E+03
0009003   6.6733E+03 -3.9952E+03  4.6159E+02
0009004   9.1947E+03 -5.3535E+02  2.2792E+02
0009005   8.8634E+03 -1.4916E+03 -1.8869E+03
0009006   7.5699E+03  4.9321E+02  7.6535E+02
0009007   7.9913E+03 -1.5178E+03  2.3206E+02
0009008   7.2051E+03  1.1846E+03  1.5268E+03
0009009   7.3945E+03 -4.9280E+02 -1.8615E+03
0009010   8.0094E+03  4.2503E+02 -1.5711E+03
0009011   8.1867E+03  2.6931E+03 -3.3031E+02
0009012   8.4595E+03 -1.1812E+03 -1.7101E+03
0009013   5.5012E+03 -3.2741E+03  8.5311E+02
0009014   8.8379E+03 -3.0744E+02 -1.4111E+03
0009015   8.1917E+03 -2.1132E+03 -2.1061E+03
0009016   9.4039E+03 -1.4268E+03  6.7515E+02
0009017   6.5765E+03  1.3304E+03  1.7704E+03
0009018   8.6035E+03 -1.0287E+03 -6.1897E+02
0009019   6.5635E+03  2.0230E+03  2.8224E+03
0009020   8.8208E+03 -4.6208E+02 -2.0456E+03
0009021   5.0646E+03 -2.2235E+03 -2.7058E+03
0009022   5.7288E+03 -3.4721E+02 -3.3956E+03
0009023   7.7916E+03 -7.6547E+02 -1.0822E+03
0009024   8.0455E+03 -4.3839E+02 -4.9577E+02
0009025   8.0834E+03  2.0699E+03 -4.3820E+03
0009026   8.0904E+03  6.2834E+02  1.4386E+03
0009027   7.7314E+03 -1.9472E+03  6.6606E+02
0009028   6.4829E+03 -1.3526E+03  7.4195E+02
0009029   8.1354E+03 -1.6858E+03  3.8156E+02
0009030   7.0863E+03  1.9972E+03 -1.4565E+03
0009031   5.6507E+03  1.1913E+03 -5.2124E+03
0009032   5.0034E+03 -1.0643E+03  3.7619E+03
0009033   8.3897E+03  1.1613E+03 -1.2255E+03
0009034   8.3307E+03 -1.4996E+03 -1.1542E+03
0009035   6.3166E+03 -2.6264E+03 -2.5635E+03
0009036   8.7951E+03  2.0998E+03  1.0406E+03
0009037   4.7776E+03  3.5562E+02  4.6066E+02
0009038   4.4577E+03 -1.8937E+03  3.3716E+03
0009039   6.0343E+03  1.4766E+03 -1.6161E+02
0009040   8.6905E+03  5.4431E+02 -1.3379E+03
0009041   7.2638E+03  5.0693E+02  5.1861E+02
0009042   4.2237E+03 -3.3070E+03 -7.0354E+01
0009043   5.1966E+03  9.8079E+02  2.0854E+03
0009044   7.6208E+03  7.3195E+02 -7.1038E+02
0009045   8.1015E+03  2.5767E+02 -8.2941E+02
0009046   5.4511E+03  1.4710E+03 -2.2842E+03
0009047   6.8690E+03 -3.4784E+03  1.0045E+03
0009048   9.5277E+03 -1.2713E+03 -9.3821E+02
0009049   6.9517E+03 -2.5993E+01  2.6890E+03
0009050   6.9527E+03  1.1944E+03  3.3050E+03
0009051   7.1484E+03 -4.7118E+02  3.0562E+03
0009052   8.1087E+03  2.4060E+03 -1.8705E+03
0009053   6.8162E+03 -1.0813E+03 -2.0688E+03
0009054   8.2128E+03 -4.2431E+02  4.2975E+03
0009055   8.1773E+03 -2.9509E+02 -8.8101E+02
0009056   6.6364E+03 -9.4639E+02 -1.8512E+03
0009057   6.4045E+03  2.7195E+03  1.2897E+03
0009058   8.0651E+03  9.5577E+02  2.6890E+03
0009059   7.6508E+03  8.7505E+02  6.8641E+02
0009060   7.5869E+03  4.6693E+02  1.3993E+03
0009061   8.1271E+03  2.8579E+03 -2.0749E+03
0009062   8.0649E+03  7.1827E+02 -1.5417E+03
0009063   8.6634E+03 -8.9572E+02  2.8723E+02
0009064   9.6158E+03 -1.0962E+03 -9.6489E+02
0009065   6.5434E+03 -1.5396E+03 -7.4258E+02
0009066   6.9465E+03 -1.5694E+03  1.6906E+03
0009067   8.0072E+03 -3.1917E+01  6.6109E+02
0009068   7.9400E+03 -3.7316E+02 -1.5970E+03
0009069   7.2825E+03 -4.1595E+03  1.9952E+02
0009070   9.8496E+03  1.2217E+03  2.3005E+03
0009071   7.4313E+03 -1.1166E+03 -2.2052E+03
0009072   8.5836E+03 -2.1953E+03 -1.7130E+03
0009073   7.0273E+03 -2.1235E+03 -2.0351E+03
0009074   8.8620E+03  1.7443E+03  8.4871E+02
0009075   4.7559E+03  3.8082E+03  5.5731E+03
0009076   9.2195E+03 -2.3729E+03 -7.6891E+02
0009077   7.2710E+03 -1.1256E+03 -4.7076E+02
0009078   7.9082E+03  2.2373E+01  1.6166E+03
0009079   7.7252E+03 -2.3096E+03  1.5376E+03
0009080   6.7303E+03 -1.1972E+03  1.3157E+03
0009081   7.6952E+03  2.0758E+03 -9.0796E+02
0009082   5.8510E+03 -1.2128E+03  2.7961E+03
0009083   8.1921E+03 -1.2478E+03  1.3538E+03
0009084   8.0681E+03 -8.4388E+00  1.9652E+03
0009085   8.7102E+03  1.4326E+03  2.8969E+03
0009086   8.4109E+03 -1.9452E+03  1.0071E+02
0009087   6.2131E+03 -2.1812E+02  2.7558E+03
0009088   6.6615E+03  1.5172E+03 -5.8285E+02
0009089   6.6281E+03  2.2232E+03 -4.2196E+03
0009090   7.6441E+03 -2.2333E+03 -2.1482E+03
0009091   6.6718E+03  4.9671E+02 -1.9602E+03
0009092   6.5438E+03 -4.0569E+03 -9.5518E+02
0009093   7.2619E+03  2.6027E+03  2.1418E+03
0009094   6.8328E+03 -6.1891E+02  7.3079E+02
0009095   9.0943E+03 -1.8104E+03  1.4358E+03
0009096   7.2845E+03  2.3730E+03 -2.9412E+03
0009097   7.2386E+03 -2.0405E+03  1.8102E+02
0009098   6.3743E+03  6.6279E+02  4.6481E+01
0009099   7.2743E+03 -2.0349E+01 -1.8406E+03
0009100   6.4065E+03  1.6028E+03 -2.6574E+03
0009101   6.8314E+03  8.2303E+02  3.2123E+03
0009102   8.0610E+03 -1.3759E+03  8.0301E+02
0009103   6.0288E+03 -3.5911E+03  1.1775E+03
0009104   8.0153E+03  2.2638E+03  1.6079E+03
0009105   7.1252E+03  5.2950E+02 -2.2678E+03
0009106   7.0346E+03 -2.5776E+02  3.1578E+01
0009107   8.7059E+03 -5.1698E+02  1.7297E+02
0009108   6.8409E+03 -5.7942E+02 -3.7777E+03
0009109   9.7794E+03 -3.9008E+03 -1.3780E+03
0009110   8.7850E+03  1.9830E+02  4.8223E+02
0009111   6.9705E+03 -3.3610E+03 -2.0387E+03
0009112   8.1372E+03  1.1490E+02 -1.7269E+03
0009113   7.4921E+03  1.6923E+03 -1.0314E+03
0009114   8.6524E+03 -2.1190E+03 -7.2269E+02
0009115   7.0872E+03 -1.1065E+03  7.5561E+02
0009116   8.6640E+03  4.5894E+02 -1.0436E+03
0009117   3.7161E+03 -2.8278E+02 -1.0995E+03
0009118   6.6795E+03  1.4634E+03  8.0700E+02
0009119   1.0105E+04 -1.6587E+03  9.2261E+01
0009120   7.1042E+03  1.9414E+03 -1.5925E+03
0009121   7.0836E+03 -1.7188E+03 -2.3747E+03
0009122   7.7105E+03 -1.4472E+03  1.2315E+03
0009123   7.0423E+03  2.3074E+03  4.1930E+02
0009124   8.4121E+03 -7.1500E+02 -8.8413E+02
0009125   6.0509E+03  2.3425E+03  1.1705E+03
0009126   7.3184E+03  1.6674E+03 -7.4379E+01
0009127   6.0867E+03  5.4418E+03 -1.8714E+03
0009128   7.0092E+03  1.9441E+03  1.9262E+02
0009129   9.4664E+03  1.9569E+03  1.2641E+03
0009130   6.1707E+03 -1.5663E+03 -7.0241E+02
0009131   6.5645E+03 -6.0082E+01 -1.4893E+02
0009132   7.3804E+03 -1.4734E+03  5.1938E+00
0009133   6.3962E+03  3.0736E+03  1.9551E+03
0009134   8.4259E+03 -3.2551E+03 -1.8232E+03
0009135   6.8228E+03 -1.7757E+03  1.5443E+03
0009136   6.6413E+03 -1.1875E+03 -1.6619E+03
0009137   7.3389E+03  1.0655E+03 -1.5878E+03
0009138   5.9526E+03 -1.4163E+03 -3.5317E+03
0009139   8.4106E+03  2.5485E+03  2.7625E+03
0009140   8.5948E+03  7.8236E+02  2.6757E+03
0009141   9.2796E+02 -3.1298E+01  5.2896E+03
0009142   8.2990E+03 -2.4826E+02 -1.7542E+02
0009143   8.4257E+03  1.2399E+03  6.7204E+02
0009144   6.5061E+03  2.9217E+03 -2.0137E+03
0009145   8.5901E+03 -1.6262E+03 -9.1274E+02
0009146   7.7465E+03 -2.0499E+03 -1.1350E+03
0009147   8.5203E+03 -1.2640E+03  2.6496E+03
0009148   8.4145E+03 -1.1000E+02 -3.8445E+02
0009149   7.0069E+03 -1.3105E+03  1.5194E+03
0009150   6.6384E+03  2.3570E+03  6.5292E+01
0009151   6.8808E+03  1.2832E+03 -1.7596E+03
0009152   7.1754E+03  1.7378E+03 -1.2516E+03
0009153   8.3503E+03  1.8694E+03  8.0746E+01
0009154   7.8430E+03 -4.7982E+02  9.8516E+02
0009155   8.3083E+03 -1.5470E+03 -1.2801E+03
0009156   9.0970E+03 -8.2545E+02  1.0754E+03
0009157   7.1557E+03 -6.9164E+02 -2.1723E+03
0009158   6.8580E+03  1.7028E+01  1.0774E+03
0009159   7.5000E+03  1.6666E+03 -1.1009E+03
0009160   8.8566E+03 -1.0128E+03 -3.8883E+02
0009161   8.1443E+03  3.9577E+02  2.6709E+03
0009162   7.6099E+03  1.8606E+03 -8.1127E+02
0009163   8.0030E+03  2.0323E+03  2.3171E+03
0009164   8.0979E+03  5.7331E+02  6.0364E+02
0009165   8.3093E+03  1.9283E+03  1.6463E+03
0009166   3.7614E+03  3.9289E+03  5.3352E+02
0009167   7.6350E+03 -1.2678E+03 -1.2109E+03
0009168   8.8437E+03 -5.1918E+00 -4.8582E+01
0009169   3.2436E+03  3.4782E+00  1.0092E+02
0009170   7.3622E+03  1.2139E+03  1.7984E+03
0009171   8.4195E+03 -1.2516E+03 -1.8864E+03
0009172   7.6414E+03  5.4720E+02 -1.4488E+03
0009173   8.6494E+03 -4.6905E+02 -2.8214E+03
0009174   8.8859E+03  1.2434E+03  3.0577E+02
0009175   7.5104E+03  3.4040E+02  2.2641E+03
0009176   6.6190E+03 -3.6064E+01  2.8165E+03
0009177   8.6613E+03  5.9049E+02  1.0627E+03
0009178   6.9995E+03  2.2581E+03 -2.0669E+03
0009179   8.6341E+03 -1.0704E+03 -4.3760E+02
0009180   6.9691E+03  1.7473E+02 -4.8202E+03
0009181   6.5299E+03  9.2494E+02  1.0379E+03
0009182   4.9867E+03 -1.1193E+03  1.5205E+03
0009183   8.7463E+03  1.4358E+01  6.3316E+02
0009184   6.6305E+03  3.2177E+03  7.9163E+02
0009185   9.0440E+03 -4.2626E+02  1.7056E+03
0009186   7.8860E+03 -2.2011E+03 -4.6395E+02
0009187   6.8279E+03  3.7443E+02  3.9220E+03
0009188   6.4405E+03 -3.2137E+03 -1.9327E+03
0009189   7.1646E+03  4.2470E+02  1.7074E+03
0009190   6.9991E+03  1.9089E+03  2.6014E+03
0009191   8.9871E+03  8.7981E+02 -2.4004E+03
0009192   7.7057E+03 -2.3996E+03  1.2690E+03
0009193   8.7957E+03  8.2502E+02  1.5546E+03
0009194   7.0975E+03  1.6594E+03 -7.8118E+02
0009195   7.1945E+03 -1.2396E+03 -3.7006E+02
0009196   8.5667E+03  2.4048E+03 -7.2753E+02
0009197   5.9071E+03 -3.4953E+03  3.6076E+03
0009198   8.1688E+03  2.9949E+02 -2.3165E+02
0009199   5.8301E+03  1.7053E+03 -1.9376E+03
0009200   7.3665E+03  1.8912E+03  2.1734E+03
0009201   5.7905E+03 -6.2562E+02  2.6704E+03
0009202   6.5217E+03  4.4261E+02 -2.6518E+03
0009203   8.6876E+03 -1.6769E+03  7.3745E+02
0009204   7.7558E+03  1.1504E+01 -1.1652E+03
0009205   8.4877E+03  1.1517E+03  6.3804E+01
0009206   8.0852E+03 -1.8045E+03 -6.6755E+02
0009207   6.9182E+03  1.2275E+03 -1.8016E+03
0009208   6.2824E+03  2.0778E+03 -3.1396E+02
0009209   6.1993E+03  2.1784E+03 -2.8520E+03
0009210   6.8666E+03  1.6087E+03 -2.8020E+03
0009211   7.1592E+03 -6.1822E+02 -2.5621E+03
0009212   7.1575E+03 -1.3074E+03  9.4366E+02
0009213   7.3040E+03  1.2223E+03 -1.9866E+03
0009214   6.7937E+03 -6.5352E+01 -1.9403E+03
0009215   7.1488E+03  2.2236E+03 -8.5759E+02
0009216   7.8836E+03  3.7987E+02 -2.2018E+03
0009217   9.5409E+03  2.7067E+02  1.0137E+03
0009218   9.4885E+03 -2.3707E+02  3.6220E+01
0009219   7.4328E+03 -2.2833E+02  2.9708E+03
0009220   4.9494E+03  1.3731E+02 -3.5179E+03
0009221   6.1909E+03 -3.9789E+03 -1.2289E+03
0009222   3.0348E+03 -2.6728E+03  2.6122E+03
0009223   8.3414E+03  1.3818E+02 -2.2918E+02
0009224   9.0924E+03  5.7233E+02 -2.8073E+03
0009225   6.7444E+03 -8.3437E+02 -1.7678E+03
0009226   9.1108E+03  3.0546E+02 -3.5972E+02
0009227   7.0819E+03  8.7387E+02  2.3999E+03
0009228   7.2814E+03 -2.0142E+03 -1.3450E+02
0009229   7.4841E+03  1.6276E+02  1.3372E+03
0009230   8.6873E+03  5.7766E+02 -1.7096E+02
0009231   8.4433E+03 -1.9704E+03  1.8685E+03
0009232   4.7384E+03 -3.9993E+03 -3.7826E+00
0009233   7.7271E+03 -5.0119E+02 -7.7830E+02
0009234   9.1532E+03 -1.1656E+03 -7.0703E+02
0009235   6.3962E+03  1.8868E+01  1.8071E+03
0009236   7.6606E+03 -5.6523E+02 -1.9337E+03
0009237   8.3560E+03  1.3725E+03 -4.9315E+02
0009238   6.4870E+03 -9.3648E+02  1.0477E+03
0009239   9.0710E+03  1.2961E+03  1.1011E+03
0009240   8.2156E+03  2.5615E+02 -1.1942E+03
0009241   8.6468E+03 -2.0317E+03  2.6008E+03
0009242   4.9398E+03  3.2625E+03 -1.3021E+03
0009243   7.6598E+03 -1.4821E+03 -2.4500E+03
0009244   6.4269E+03  1.9326E+03  1.1547E+03
0009245   8.4072E+03  7.7725E+02  8.3765E+02
0009246   6.9019E+03 -4.1295E+03 -3.0616E+03
0009247   7.2680E+03  7.3959E+02  2.1380E+03
0009248   7.7230E+03  7.3207E+02  3.3024E+02
0009249   4.2615E+03 -4.7469E+03 -2.1774E+03
0009250   8.2797E+03 -8.5172E+01 -7.7061E+02
0009251   8.4848E+03  1.9578E+03 -6.7660E+02
0009252   8.0063E+03  5.8437E+02 -2.9473E+03
0009253   7.1808E+03  1.9413E+03  2.1602E+03
0009254   8.4830E+03  1.3303E+03 -1.3670E+03
0009255   7.0064E+03 -1.9666E+03  3.0066E+02
0009256   8.7459E+03 -2.5223E+03  2.0678E+02
0009257   8.5119E+03 -6.3298E+02 -1.0337E+03
0009258   8.5762E+03 -1.9311E+02 -4.6133E+03
0009259   6.5540E+03 -1.5427E+03  4.6256E+02
0009260   6.3907E+03 -3.3111E+03 -1.5148E+03
0009261   4.2524E+03  3.4685E+03 -2.6469E+03
0009262   7.8725E+03 -2.3471E+03  1.1049E+02
0009263   9.0335E+03  2.0959E+03  1.3199E+03
0009264   7.8021E+03 -2.9825E+03 -6.4355E+01
0009265   6.1998E+03  2.9503E+02  4.2457E+02
0009266   8.6736E+03  5.9846E+02  4.3265E+02
0009267   6.4774E+03  5.6082E+02  2.7550E+03
0009268   9.0592E+03  1.4276E+03 -5.5102E+02
0009269   8.7753E+03 -2.3852E+03 -4.8629E+02
0009270   7.4013E+03 -1.4119E+03 -3.4155E+03
0009271   9.2245E+03 -1.8367E+03  4.0334E+02
0009272   7.1500E+03  5.1884E+02  2.2958E+03
0009273   7.4811E+03 -8.6010E+02  4.5157E+02
0009274   8.9320E+03 -2.5434E+03  1.8485E+01
0009275   8.0491E+03 -4.7668E+02 -1.4624E+03
0009276   7.5972E+03  3.5391E+03  3.3068E+03
0009277   7.8961E+03 -9.9273E+02  1.0004E+03
0009278   8.0463E+03  1.4861E+03 -1.5677E+03
0009279   8.3794E+03  1.4539E+03  3.8997E+02
0009280   6.5214E+03  2.3295E+03 -3.9529E+02
0009281   7.0357E+03 -1.0280E+03 -1.9656E+03
0009282   8.3179E+03  5.2709E+02  3.0926E+03
0009283   8.8638E+03 -9.3281E+02  4.6459E+02
0009284   7.5708E+03  1.5789E+03 -2.1948E+02
0009285   6.1356E+03  9.7419E+02  4.2636E+03
0009286   8.7419E+03 -4.4926E+01  1.2301E+02
0009287   4.7504E+03 -2.4200E+03 -1.7532E+03
0009288   5.9835E+03 -3.5309E+03 -3.9256E+03
0009289   8.5955E+03 -1.0738E+03 -2.1511E+03
0009290   8.9402E+03  1.7307E+02  1.6693E+03
0009291   8.5212E+03 -5.9315E+02 -2.1629E+03
0009292   8.6592E+03  6.2416E+02 -1.2174E+03
0009293   7.6351E+03  6.2988E+02 -2.5906E+02
0009294   6.9707E+03 -1.7789E+03  3.1150E+03
0009295   7.7407E+03 -3.8065E+02  1.1568E+03
0009296   7.8590E+03 -2.1762E+03  1.5111E+03
0009297   7.8676E+03  3.9481E+02  8.7861E+02
0009298   8.2297E+03 -4.3089E+02  1.5129E+03
0009299   8.9909E+03  2.0065E+02  9.3735E+02
0009300   9.0512E+03  1.2421E+03  5.4944E+02
0009301   5.9221E+03  1.0410E+02 -3.7931E+03
0009302   8.2058E+03 -3.2648E+03 -2.2039E+03
0009303   6.1623E+03  2.6972E+02  1.0148E+03
0009304   5.7177E+03 -2.2200E+03  1.0510E+03
0009305   7.5639E+03 -1.0667E+03 -3.8402E+02
0009306   6.8020E+03  2.3663E+03  1.1968E+03
0009307   7.0373E+03  6.7193E+02 -6.0756E+02
0009308   8.2541E+03 -2.5793E+03  7.7552E+02
0009309   6.7789E+03 -2.3058E+03 -3.5732E+02
0009310   8.4549E+03  1.4685E+02  1.0284E+02
0009311   8.4896E+03  1.0372E+03 -6.4534E+02
0009312   6.2856E+03 -2.3671E+03 -1.1832E+03
0009313   6.6000E+03  1.5504E+03 -1.6249E+01
0009314   8.4600E+03  3.8517E+03  1.7449E+03
0009315   8.3317E+03 -1.0283E+03 -3.0720E+02
0009316   5.9593E+03 -6.5555E+02  5.3959E+01
0009317   6.7856E+03 -1.0831E+02  2.5533E+03
0009318   7.4214E+03  1.7281E+03 -5.0823E+02
0009319   9.4903E+03 -1.1286E+03 -4.1314E+02
0009320   9.0155E+03  1.4040E+03 -1.2268E+02
0009321   7.7235E+03  1.5508E+03 -4.1484E+02
0009322   6.3434E+03 -1.6484E+01 -2.9949E+03
0009323   6.3844E+03  2.3248E+02 -3.1623E+03
0009324   9.2105E+03  9.8951E+02  1.6197E+03
0009325   8.3225E+03  4.0211E+02 -1.0091E+03
0009326   8.5919E+03  2.8904E+02  7.4865E+02
0009327   7.5750E+03 -2.3183E+03  1.5590E+03
0009328   6.8142E+03 -6.0527E+02 -1.1971E+03
0009329   6.9525E+03  4.0166E+03  1.2931E+03
0009330   6.9317E+03 -2.0654E+03 -7.9804E+02
0009331   6.7594E+03 -2.7147E+03  1.2564E+03
0009332   7.4757E+03 -4.0141E+02  2.0687E+02
0009333   7.1613E+03 -1.1219E+02  2.9992E+03
0009334   4.4078E+03 -3.0328E+03  1.5894E+03
0009335   6.7727E+03 -2.5682E+03  9.4329E+02
0009336   7.5667E+03  1.2728E+03  1.0993E+03
0009337   6.6019E+03 -1.1494E+03 -2.1602E+03
0009338   7.6927E+03 -1.1851E+03 -3.0711E+02
0009339   6.7259E+03 -2.9294E+03  1.0372E+03
0009340   7.3483E+03  2.5433E+02 -2.3290E+03
0009341   7.6846E+03 -1.5361E+03  1.6497E+03
0009342   9.9742E+03 -5.7452E+02 -6.2110E+01
0009343   6.7510E+03 -5.6298E+02 -6.8468E+02
0009344   6.1587E+03  3.8636E+02  7.0260E+02
0009345   6.3371E+03  3.7546E+03 -1.9953E+03
0009346   7.2815E+03 -7.2491E+02 -9.2362E+01
0009347   9.4925E+03 -3.0879E+02 -7.2288E+02
0009348   7.7270E+03 -1.2476E+03  2.7383E+03
0009349   7.3534E+03 -4.3006E+02 -1.4369E+03
0009350   8.5879E+03  1.8332E+03 -1.9473E+03
0009351   4.9571E+03  7.2294E+01 -1.3714E+03
0009352   8.8530E+03  4.9251E+02 -1.1931E+02
0009353   7.5982E+03  8.5378E+02  1.1098E+03
0009354   8.4201E+03 -1.5867E+03 -8.0482E+02
0009355   5.2794E+03  7.1430E+02 -2.7638E+03
0009356   8.0774E+03 -7.2442E+01  3.4857E+02
0009357   8.8881E+03 -1.5196E+03 -5.3427E+01
0009358   8.1204E+03 -1.9650E+03 -1.1693E+03
0009359   7.5754E+03 -1.2963E+03 -1.1267E+03
0009360   5.6469E+02 -8.3011E+02 -3.5951E+03
0009361   7.6699E+03  1.4031E+03  6.7090E+02
0009362   9.2786E+03 -1.0006E+01  6.9085E+02
0009363   8.2852E+03  2.7611E+02  3.6591E+02
0009364   6.1191E+03 -9.4705E+02  5.7076E+02
0009365   7.7178E+03 -1.7149E+03  1.8122E+02
0009366   8.3073E+03  7.3507E+02 -4.8147E+01
0009367   5.7224E+03 -2.9785E+03  1.4398E+02
0009368   5.7530E+03  2.2388E+03  2.4342E+03
0009369   8.2806E+03 -1.5386E+03  1.6245E+03
0009370   8.8756E+03 -7.4097E+02  1.5520E+03
0009371   8.5833E+03  1.6834E+03 -1.2157E+03
0009372   8.0527E+03 -1.8555E+03 -1.8424E+03
0009373   8.6327E+03  6.8975E+02 -1.0866E+03
0009374   6.0355E+03 -3.3045E+03  1.7475E+02
0009375   8.9395E+03 -9.0694E+02  1.2013E+03
0009376   7.9130E+03 -1.6432E+03  4.8170E+02
0009377   7.1871E+03  2.7946E+03  1.7963E+03
0009378   7.4176E+03 -1.0435E+03  1.2539E+03
0009379   6.7114E+03 -2.5441E+01 -2.9845E+03
0009380   7.8785E+03 -6.2265E+02  1.7442E+03
0009381   7.3603E+03 -4.3744E+01 -1.8219E+03
0009382   7.5763E+03  3.1160E+03 -2.7724E+03
0009383   7.1914E+03  5.6165E+02 -2.0878E+03
0009384   8.4406E+03 -7.5290E+02  4.4639E+02
0009385   6.1619E+03 -2.1713E+03  1.4213E+03
0009386   8.7093E+03  2.5553E+03 -7.4499E+02
0009387   5.4043E+03  7.8049E+02 -5.6491E+03
0009388   8.2175E+03  1.5902E+03  2.5646E+03
0009389   8.1945E+03 -8.7363E+02  1.1070E+03
0009390   6.2778E+03 -3.7116E+03 -4.6767E+02
0009391   7.8485E+03  3.4136E+02  1.2326E+03
0009392   6.6267E+03 -2.8182E+03  6.7283E+02
0009393   4.2208E+03 -2.2373E+03 -3.2468E+03
0009394   8.3742E+03  9.4019E+02 -1.4243E+03
0009395   7.6309E+03  1.4970E+03  1.1463E+03
0009396   8.0072E+03  1.2337E+03 -7.9275E+02
0009397   8.0961E+03 -2.8417E+02  8.5809E+02
0009398   8.5376E+03  2.9888E+03 -1.8081E+02
0009399   4.7504E+03  2.2501E+03 -4.0282E+02
0009400   7.9174E+03 -3.2737E+03  6.1148E+02
0009401   6.4920E+03 -2.6090E+03  3.4167E+03
0009402   8.3329E+03  9.0312E+02 -9.0993E+02
0009403   6.7193E+03  1.8322E+03  4.9326E+02
0009404   8.3670E+03 -1.6475E+03 -1.6092E+03
0009405   7.7534E+03  1.4053E+02 -5.6758E+02
0009406   6.9574E+03  1.6282E+03 -3.5569E+02
0009407   7.8382E+03  3.3627E+03  1.2616E+03
0009408   8.2255E+03  2.5530E+03 -2.5046E+03
0009409   8.4630E+03  9.8363E+02 -2.9697E+02
0009410   8.1628E+03 -1.8075E+03  1.7869E+03
0009411   7.6953E+03  3.0416E+02  1.1904E+02
0009412   8.7829E+03 -3.9624E+02 -1.8958E+02
0009413   8.8571E+03  3.8801E+02  1.0769E+03
0009414   9.2917E+03 -7.7984E+02  1.0101E+02
0009415   8.7985E+03 -1.0853E+03  4.7677E+02
0009416   8.4655E+03  8.8908E+02  1.7335E+03
0009417   7.7179E+03  9.0177E+02 -1.9554E+03
0009418   7.7351E+03 -1.0341E+03  1.1614E+02
0009419   8.1650E+03  3.6672E+02  1.0046E+03
0009420   7.7713E+03 -1.4604E+03 -5.9486E+02
0009421   9.2072E+03  2.1061E+03  3.3478E+02
0009422   8.7276E+03  2.8757E+02  1.8749E+03
0009423   7.6198E+03 -2.2480E+02 -2.6612E+03
0009424   7.7081E+03  6.1761E+02 -1.6094E+03
0009425   7.1119E+03  1.7334E+03  9.9195E+02
0009426   8.4759E+03  2.1627E+03  1.7066E+03
0009427   8.6055E+03 -2.6589E+03  1.5598E+01
0009428   7.7374E+03 -1.9776E+03 -2.0369E+03
0009429   8.9691E+03  1.7700E+03  1.9811E+03
0009430   6.8037E+03 -2.5072E+03 -8.6167E+02
0009432   7.2566E+03 -1.0666E+03  2.5267E+02
0009433   8.0366E+03  2.2751E+03 -5.0117E+02
0009434   7.1903E+03 -3.2641E+03  2.2605E+03
0009435   7.6690E+03  8.6619E+02 -2.9742E+03
0009436   8.1109E+03 -1.1778E+03  2.2884E+03
0009437   8.8813E+03  3.7404E+01  4.2870E+02
0009438   8.5613E+03 -1.5082E+03  1.6733E+03
0009439   6.0944E+03 -4.6276E+03 -8.8606E+02
0009440   5.4418E+03  1.7829E+02  4.7358E+03
0009441   8.4969E+03  2.9514E+02 -3.2557E+02
0009442   5.7622E+03 -2.0434E+03 -5.0784E+02
0009443   7.4344E+03  1.6248E+03 -1.7613E+03
0009444   6.9197E+03  1.0836E+03  1.0307E+03
0009445   6.8693E+03 -7.8625E+02 -2.4362E+03
0009446   7.7407E+03  3.1240E+03 -1.2420E+03
0009447   7.9587E+03 -7.3311E+02 -2.1899E+03
0009448   9.0679E+03 -1.9872E+03  1.1147E+03
0009449   7.5564E+03 -3.6168E+02 -3.3551E+02
0009450   1.5624E+03  4.8090E+03  1.9221E+02
0009451   6.0859E+03  9.9908E+01 -1.8726E+02
0009452   8.4078E+03  2.6346E+01  1.0964E+03
0009453   7.0389E+03  5.1084E+02 -1.2695E+02
0009454   8.3638E+03 -1.1417E+03  1.0568E+03
0009455   9.2886E+03  5.2868E+02  2.8200E+02
0009456   8.2279E+03  3.4384E+03 -8.2088E+02
0009457   5.8310E+03 -8.7823E+02  2.9994E+03
0009458   7.2424E+03 -2.8047E+02  2.1286E+03
0009459   4.9835E+03  1.8234E+03 -2.1017E+03
0009460   7.7782E+03  2.1240E+03 -2.8582E+03
0009461   6.5494E+03  1.5352E+03  3.2189E+02
0009462   7.4559E+03  1.7099E+03 -4.3659E+02
0009463   8.2407E+03 -1.2466E+03  1.1980E+02
0009464   6.8404E+03 -1.6082E+03  1.4341E+03
0009465   7.6290E+03 -2.8128E+03 -6.8306E+02
0009466   5.0198E+03  1.0623E+03 -2.3114E+03
0009467   8.8087E+03  1.1295E+03  5.6666E+02
0009468   7.5066E+03  1.9151E+03  1.7477E+03
0009469   8.3246E+03 -1.2025E+03  2.9810E+02
0009470   7.8422E+03 -2.5068E+03  8.4096E+02
0009471   6.9277E+03  5.8494E+02 -2.2681E+03
0009472   7.6007E+03 -2.4757E+03  2.4893E+03
0009473   8.3278E+03  8.1923E+02 -9.6923E+02
0009474   6.6716E+03 -6.1044E+02 -3.4069E+03
0009475   8.3754E+03 -2.8596E+03 -1.3963E+03
0009476   8.1309E+03 -3.9121E+02 -3.5672E+02
0009477   8.0222E+03  9.6700E+02 -9.7712E+02
0009478   8.3419E+03 -8.5906E+02  1.5754E+03
0009479   7.5476E+03 -2.5518E+02 -1.7880E+03
0009480   7.4654E+03 -1.7945E+03  1.3543E+03
0009481   8.7240E+03 -1.7103E+03  5.7138E+02
0009482   6.1903E+03 -6.3084E+02  2.4898E+03
0009483   7.4734E+03 -2.8775E+03  9.6482E+02
0009484   3.2492E+03  3.6046E+02  2.1349E+03
0009485   8.4583E+03  2.6675E+03 -1.0651E+02
0009486   8.1874E+03  5.6043E+02 -2.7677E+03
0009487   8.3612E+03  7.5698E+02 -2.3629E+03
0009488   8.6018E+03 -1.7010E+03 -1.9512E+02
0009489   8.7508E+03  1.0496E+03  2.6475E+03
0009490   8.8828E+03 -1.7787E+02 -9.9398E+02
0009491   8.3834E+03 -1.4053E+03  1.0829E+03
0009492   7.9672E+03  2.0631E+02 -3.5592E+03
0009493   8.5867E+03  1.3109E+03  1.0998E+03
0009494   7.9871E+03  1.3547E+02 -2.5653E+03
0009495   8.1523E+03 -3.3194E+02  6.2941E+02
0009496   8.4527E+03  3.7646E+02  3.9181E+03
0009497   7.3467E+03  1.2123E+03 -8.3388E+02
0009498   2.0973E+03  4.5437E+03 -1.3250E+02
0009499   6.2874E+03  4.0089E+02  9.8866E+02
0009500   8.3273E+03  6.2832E+01 -2.1012E+03
0009501   7.9505E+03 -1.3895E+03 -3.0846E+01
0009502   7.2848E+03 -7.0617E+01 -9.2705E+02
0009503   7.3213E+03  3.8301E+02  2.0619E+03
0009504   8.3778E+03 -4.3000E+02 -1.6973E+03
0009505   7.5586E+03  1.8920E+03  2.0099E+02
0009506   8.7532E+03  1.2556E+03 -1.6937E+03
0009507   6.8537E+03  2.0780E+03 -1.1838E+03
0009508   7.7640E+03  1.2091E+03 -3.4305E+03
0009509   8.8500E+03 -1.1749E+03 -4.8597E+02
0009510   7.2089E+03  2.7984E+03  1.7134E+03
0009511   6.6992E+03 -5.2855E+02  1.0700E+03
0009512   8.5358E+03 -7.4207E+02 -8.0306E+02
0009513   8.2113E+03  4.8751E+02 -1.2785E+03
0009514   7.1090E+03  3.3787E+03  1.9123E+02
0009515   7.5140E+03 -4.7880E+02  1.6482E+03
0009516   8.8043E+03  3.9663E+02  1.7866E+03
0009517   4.9952E+03  4.8304E+03 -2.2266E+03
0009518   7.1939E+03  1.9926E+03  1.1175E+03
0009519   8.1122E+03 -9.1260E+02  7.1369E+02
0009520   6.1908E+03  2.4581E+03  1.9909E+03
0009521   9.0782E+03 -1.5287E+03  5.6167E+02
0009522   7.8770E+03 -3.9021E+03 -5.4938E+01
0009523   6.2600E+03  2.1835E+03 -1.9080E+03
0009524   8.0620E+03  1.1199E+03 -6.9524E+02
0009525   6.3922E+03 -5.9078E+02 -1.9233E+03
0009526   6.9401E+03 -2.2214E+03 -5.2251E+01
0009527   8.5656E+03  2.1712E+03 -1.0360E+03
0009528   8.3205E+03  3.8571E+02  1.0824E+03
0009529   8.4705E+03  7.9870E+01 -1.0425E+03
0009530   6.8791E+03 -1.6484E+03  8.4197E+02
0009531   7.6784E+03 -1.2836E+03 -3.1769E+03
0009532   8.4402E+03  2.1448E+03 -6.4108E+02
0009533   7.4802E+03 -1.4523E+03 -1.0185E+03
0009534   7.0893E+03  2.8071E+03  2.1905E+02
0009535   7.8337E+03 -2.5497E+03  1.2837E+03
0009536   8.4418E+03  1.8843E+03 -5.6245E+02
0009537   8.3328E+03 -1.1932E+03  9.6061E+02
0009538   7.1001E+03  4.7440E+02 -2.3087E+02
0009539   8.0502E+03  1.0191E+03 -1.1869E+03
0009540   7.7504E+03  9.6892E+02 -1.6603E+03
0009541   8.7549E+03 -1.6517E+03 -1.7824E+03
0009542   6.5479E+03  1.2359E+03  1.8898E+03
0009543   6.6604E+03 -1.5352E+03  2.0243E+03
0009544   7.5534E+03 -1.2749E+03  1.7452E+03
0009545   7.0296E+03  1.1689E+02 -1.0098E+03
0009546   7.6469E+03 -5.8844E+02 -9.7048E+02
0009547   7.5604E+03  1.0760E+03  1.8272E+03
0009548   9.3737E+03  2.0334E+03 -1.1388E+03
0009549   8.1798E+03  6.0413E+02 -2.2892E+03
0009550   6.4334E+03 -2.3514E+03  2.7192E+03
0009551   6.7154E+03 -9.2415E+01 -4.1609E+03
0009552   6.7548E+03  3.7862E+03  1.6247E+03
0009553   4.9025E+03 -2.4503E+03  5.0792E+03
0009554   7.4264E+03 -2.7155E+03 -9.5945E+02
0009555   7.6365E+03 -9.8152E+02  1.3964E+03
0009556   7.9680E+03 -1.8395E+02  9.5681E+01
0009557   6.8275E+03 -1.8722E+03  2.1449E+03
0009558   7.6191E+03  1.8660E+03  4.4109E+02
0009559   7.4710E+03  2.6684E+03  1.2052E+03
0009560   7.9764E+03  7.2019E+02 -1.6608E+03
0009561   6.7483E+03  7.6496E+02 -8.5320E+02
0009562   7.2889E+03  2.4373E+02  2.3467E+03
0009563   8.0757E+03  5.5451E+02  9.9750E+02
0009564   7.3016E+03  1.3528E+03 -1.7224E+03
0009565   8.2670E+03 -2.9484E+02  2.3381E+03
0009566   7.0787E+03  2.5706E+03  1.4389E+03
0009567   8.7295E+03  1.0140E+03 -8.6477E+02
0009568   7.5672E+03  1.3977E+03 -4.5172E+02
0009569   7.3011E+03  1.0907E+03 -3.5187E+03
0009570   6.2172E+03 -7.1604E+02  3.4420E+02
0009571   7.6812E+03 -2.3103E+03 -2.8087E+03
0009572   6.1072E+03 -1.4246E+03 -3.7621E+03
0009573   8.6757E+03  2.6498E+02 -1.9444E+03
0009574   4.4377E+03  3.0513E+03  4.4726E+03
0009575   7.7064E+03 -2.6904E+02 -1.5899E+03
0009576   6.6420E+03 -1.4037E+03  3.3220E+03
0009577   7.1982E+03  4.2535E+02  1.5960E+03
0009578   8.4028E+03 -2.3494E+03  1.6003E+03
0009579   8.1157E+03  1.7865E+03 -1.7785E+03
0009580   6.8411E+03  3.6382E+03  2.1082E+03
0009581   8.9062E+03 -2.3182E+03  1.9173E+03
0009582   4.8042E+03 -2.1091E+03  1.7440E+03
0009583   8.5493E+03 -2.2683E+02  2.0925E+02
0009584   6.3957E+03 -1.3327E+03  2.8827E+03
0009585   8.6926E+03 -4.4962E+02  2.1947E+02
0009586   7.6530E+03  1.2746E+03  2.7283E+03
0009587   9.0336E+03 -9.4026E+02  9.1475E+02
0009588   8.4852E+03  5.1635E+02 -3.6447E+02
0009589   5.9900E+03  1.5456E+03  4.1444E+03
0009590   8.6496E+03  1.2936E+02 -7.4250E+00
0009591   8.2040E+03 -2.2568E+03 -1.1079E+03
0009592   7.2506E+03 -1.9722E+03  8.5188E+01
0009593   8.5110E+03  9.2727E+02 -9.5279E+02
0009594   6.2571E+03 -1.5866E+03 -9.7597E+02
0009595   8.3452E+03  8.6684E+02  1.3495E+01
0009596   8.6124E+03 -6.2699E+02 -2.6475E+03
0009597   8.1233E+03 -2.1157E+03 -1.9624E+02
0009598   5.0277E+03 -3.1765E+02 -6.5291E+03
0009599   6.5550E+03  1.4726E+03 -2.8848E+03
0009600   8.8159E+03  2.0397E+03 -7.5937E+01
0009601   8.2058E+03 -2.1773E+02 -8.7138E+02
0009602   7.6314E+03  6.5284E+02 -1.8474E+03
0009603   8.6519E+03  8.6141E+02 -1.3109E+03
0009604   8.4785E+03  5.5715E+02  5.0323E+02
0009605   9.0524E+03  7.1442E+01 -8.8274E+02
0009606   6.5716E+03 -2.2735E+03 -4.0780E+02
0009607   7.7596E+03 -1.1302E+03 -2.3804E+01
0009608   7.0971E+03  2.8408E+03 -1.2031E+03
0009609   7.2397E+03 -6.3868E+02 -3.9297E+03
0009610   6.6826E+03 -2.0735E+03  2.4740E+03
0009611   7.5385E+03 -2.0564E+03 -1.2166E+03
0009612   7.3592E+03  2.0815E+03  4.1772E+02
0009613   9.1881E+03  1.1545E+03  1.0900E+03
0009615   8.7739E+03  1.5905E+03 -4.5832E+02
0009616   4.0119E+03  1.5041E+03  2.3729E+03
0009617   4.1170E+03  3.2199E+03 -2.1163E+03
0009618   6.9940E+03 -1.3963E+03  1.8315E+03
0009619   7.6573E+03 -4.4807E+02 -2.6729E+03
0009620   7.6260E+03 -2.8339E+02  1.8454E+02
0009621   8.1690E+03  1.6447E+03 -9.2731E+02
0009622   7.3628E+03  1.4030E+03 -1.7864E+03
0009623   6.9950E+03 -3.2857E+03 -5.3762E+02
0009624   7.5801E+03 -3.3767E+03  1.8076E+03
0009625   7.1236E+03  1.0153E+03  2.5016E+03
0009626   6.3723E+03 -1.4039E+03 -9.5007E+02
0009627   8.4584E+03  2.9005E+02 -1.0899E+03
0009628   8.6101E+03 -1.8410E+03  9.5351E+02
0009629   7.7240E+03 -8.0484E+02  7.9658E+02
0009630   7.3320E+03 -1.5376E+03  1.6188E+03
0009631   7.5971E+03 -1.3153E+03 -3.9327E+02
0009632   8.4861E+03  1.4920E+01  2.1452E+02
0009633   5.4059E+03 -1.1452E+03  8.3266E+02
0009634   7.0371E+03  6.3755E+01 -2.8686E+03
0009635   8.8731E+03  8.1045E+02  1.0835E+03
0009636   8.3053E+03  4.5723E+02 -9.2196E+02
0009637   7.0992E+03 -2.4641E+03 -1.8989E+03
0009638   6.1184E+03 -1.9036E+03 -2.0253E+03
0009639   5.0683E+03  9.3453E+02 -3.3073E+03
0009640   7.2186E+03 -1.7586E+03 -7.8796E+02
0009641   7.5638E+03  3.3143E+03 -2.3013E+03
0009642   7.6340E+03 -6.7205E+02 -1.8671E+03
0009643   8.6968E+03  9.1668E+02 -9.7400E+02
0009644   7.6048E+03 -2.4117E+03 -1.9138E+02
0009645   7.7879E+03  1.1164E+03  1.0005E+03
0009646   6.6359E+03  1.2739E+03 -5.8597E+02
0009647   7.3137E+03 -7.1610E+02  3.1422E+03
0009648   7.4128E+03 -8.7923E+02 -2.7678E+03
0009649   7.3918E+03 -3.6062E+01  7.6792E+02
0009650   6.2516E+03  2.7188E+02  7.5399E+02
0009651   8.2156E+03  1.8439E+03  4.8394E+02
0009652   8.9651E+03 -5.5970E+02  1.2370E+03
0009653   7.1986E+03 -9.9455E+02 -9.8342E+02
0009654   6.4173E+03 -1.3122E+03 -7.2962E+02
0009655   8.2143E+03 -5.6294E+02 -1.4115E+03
0009656   6.8819E+03 -1.7661E+03  4.4657E+01
0009657   8.1114E+03 -1.1759E+03 -1.0339E+03
0009658   8.1756E+03 -2.6519E+03  1.7533E+03
0009659   4.9908E+03 -3.5010E+03 -2.4763E+03
0009660   7.1742E+03  1.5862E+03  6.9387E+01
0009661   4.6392E+03  4.8953E+03 -3.2044E+03
0009662   7.3228E+03  2.4014E+03  4.0420E+02
0009663   7.4188E+03  4.0540E+02 -5.1658E+02
0009664   7.7193E+03 -1.3188E+03  3.4488E+03
0009665   8.3640E+03  5.4368E+02  2.6044E+03
0009666   8.1630E+03  7.2973E+02  1.6450E+03
0009667   7.3919E+03  1.6620E+03 -9.6572E+02
0009668   8.2686E+03  1.0217E+03 -1.5250E+03
0009669   9.0972E+03 -1.1544E+03  2.0762E+03
0009670   8.2028E+03  2.2905E+03  2.3026E+03
0009671   8.6787E+03  8.1776E+02 -2.6576E+03
0009672   8.5122E+03 -1.4017E+03  1.8190E+01
0009673   7.3372E+03  2.3936E+03 -2.8132E+03
0009674   8.1772E+03  9.5429E+02  1.0106E+03
0009675   6.9273E+03  3.7068E+03 -1.3787E+03
0009676   7.9650E+03 -2.2889E+02  7.0437E+02
0009677   9.0526E+03 -3.4346E+03 -1.0713E+03
0009678   7.5611E+03 -2.0207E+03 -1.7674E+03
0009679   8.0607E+03  3.5232E+02 -1.8396E+03
0009680   6.4646E+03 -2.9300E+03 -1.0921E+03
0009681   6.7554E+03  9.9557E+01  2.9771E+02
0009682   6.4320E+03 -2.0393E+03 -5.9683E+02
0009683   7.8048E+03 -1.2312E+03  1.1496E+03
0009684   8.9868E+03 -1.1186E+03 -2.2647E+03
0009685   5.8666E+03 -2.9759E+03  6.6173E+02
0009686   7.5676E+03 -2.3090E+02  3.0450E+02
0009687   7.0486E+03 -6.3169E+02 -3.9434E+03
0009688   8.1374E+03 -1.6310E+03  5.8542E+02
0009689   9.1388E+03  1.0371E+03 -1.8991E+03
0009690   8.5262E+03  1.1006E+03 -7.5124E+02
0009691   7.5721E+03  2.6522E+03  3.6632E+03
0009692   5.1215E+03 -1.9888E+03 -2.5231E+03
0009693   8.9134E+03 -2.5123E+02  2.1494E+02
0009694   7.4015E+03  4.8717E+03  2.1285E+03
0009695   8.0084E+03 -1.3513E+03  9.2164E+02
0009696   9.1566E+03 -2.0452E+03 -5.6077E+02
0009697   7.1197E+03 -9.9472E+02  1.6431E+02
0009698   8.4533E+03  1.1194E+03  3.4576E+01
0009699   9.0972E+03 -4.5730E+02 -1.0697E+03
0009700   7.6575E+03 -2.0752E+03  2.4262E+02
0009701   7.4746E+03 -1.9160E+03  1.4431E+03
0009702   9.0484E+03 -8.5744E+02 -2.9860E+02
0009703   5.7141E+03 -3.3835E+03  3.0014E+03
0009704   8.2340E+03 -6.2223E+02 -2.2369E+03
0009705   7.4072E+03  8.1659E+02  5.7714E+02
0009706   9.4862E+03 -3.4539E+02  2.5009E+03
0009707   3.5602E+03  4.7442E+02  2.0093E+03
0009708   7.9828E+03  2.2439E+03  1.5959E+03
0009709   9.0744E+03  2.1334E+03 -1.5672E+03
0009710   7.9299E+03 -4.0870E+02 -1.7298E+03
0009711   7.3225E+03  2.4050E+03  4.7416E+02
0009712   5.9357E+03  1.6641E+03  2.4002E+03
0009713   5.9406E+03 -2.2000E+02  2.9402E+03
0009714   8.8719E+03  1.4872E+03 -7.0935E+02
0009715   5.1909E+03 -2.4985E+03  1.3477E+03
0009716   7.5060E+03 -8.9704E+02  2.3404E+03
0009717   8.9713E+03 -9.4406E+02 -2.0014E+03
0009718   8.8085E+03 -1.0153E+03 -2.7817E+02
0009719   7.4368E+03  1.9673E+03 -1.6691E+03
0009720   9.0778E+03  9.9928E+02  4.5875E+02
0009721   5.6986E+03  4.1992E+03 -1.3315E+03
0009722   7.3628E+03  4.2561E+03  1.2305E+03
0009723   7.2946E+03  2.0945E+03 -4.6927E+02
0009724   7.4960E+03  2.1289E+02 -2.7343E+03
0009725   6.1930E+03  1.5775E+03 -3.2531E+03
0009726   6.9270E+03  1.4357E+03  1.4199E+03
0009727   5.7192E+03 -9.7972E+02 -1.7943E+03
0009728   9.4066E+03  2.7103E+00 -1.1020E+03
0009729   7.6661E+03 -3.3464E+02  1.5414E+02
0009730   7.1983E+03  9.7789E+02 -1.2373E+03
0009731   6.9255E+03 -2.6049E+02 -6.3369E+02
0009732   8.4359E+03 -1.2574E+02  5.2093E+02
0009733   6.7626E+03 -1.9452E+03  2.5093E+03
0009734   7.8420E+03 -1.2403E+03 -1.2543E+03
0009735   6.4315E+03 -2.5194E+03  6.5350E+02
0009736   5.1316E+03 -3.1106E+03  1.7299E+02
0009737   6.6143E+03  2.9330E+02 -7.7807E+02
0009738   7.6643E+03  3.1700E+03  1.6776E+03
0009739   7.8929E+03 -6.7757E+02  1.7113E+03
0009740   8.1567E+03 -9.9104E+02  5.0710E+02
0009741   7.6352E+03 -1.4457E+03 -1.0054E+03
0009742   7.2616E+03 -1.1271E+03 -6.9307E+02
0009743   8.5381E+03  9.8182E+02 -2.5962E+03
0009744   7.0235E+03 -1.0121E+03 -2.2216E+03
0009745   8.3633E+03 -1.0076E+03 -5.6464E+02
0009746   6.6174E+03 -8.0791E+01 -4.8022E+03
0009747   7.2252E+03  9.8283E+02  1.1945E+03
0009748   8.1831E+03  1.5326E+03 -3.1366E+01
0009749   7.0496E+03  2.0059E+03  3.0882E+03
0009750   5.1923E+03  1.0648E+03  1.7258E+02
0009751   7.2085E+03 -1.6691E+03 -2.6924E+03
0009752   4.8227E+03  9.6440E+02  7.4146E+02
0009753   4.6403E+03  1.2850E+03 -2.1931E+03
0009754   7.3743E+03 -1.6625E+03  6.4263E+02
0009756   8.2822E+03 -2.2222E+03 -1.2595E+03
0009757   6.8465E+03  1.9001E+03  2.8211E+03
0009758   8.5117E+03 -9.0525E+02  1.4502E+03
0009759   9.1882E+03  1.9736E+02 -3.0196E+02
0009760   7.2670E+03  4.3023E+02  3.2472E+03
0009761   7.0352E+03 -2.5469E+03 -1.3643E+03
0009762   7.1368E+03  1.3178E+03  2.6349E+03
0009763   7.2879E+03 -1.1259E+03  4.0662E+02
0009764   8.2605E+03  8.8297E+02  9.1837E+02
0009765   8.2152E+03  1.1709E+03  2.1474E+03
0009766   6.7957E+03  5.8324E+01 -3.1616E+03
0009767   9.0298E+03  8.1423E+02 -1.4991E+03
0009768   8.3342E+03 -1.6426E+02 -2.1413E+03
0009769   7.2211E+03 -1.4799E+03  2.2228E+03
0009770   8.4256E+03 -2.6505E+03 -2.6380E+03
0009771   7.4047E+03 -1.0905E+03  3.9842E+02
0009772   5.9892E+03 -2.4901E+03  2.9502E+03
0009773   9.2038E+03  8.3715E+02 -7.4289E+02
0009774   6.1501E+03  2.2051E+03  2.7089E+03
0009775   6.7507E+03  1.4637E+03 -2.7178E+02
0009776   7.9187E+03 -7.7287E+02 -2.6337E+02
0009777   8.4604E+03  2.6483E+03  2.0546E+03
0009778   8.1531E+03  2.4101E+03  9.2590E+02
0009779   8.3828E+03  8.1995E+02  1.2759E+01
0009780   1.1970E+03 -1.9406E+03 -3.8291E+03
0009781   8.3396E+03 -1.5324E+02  1.4730E+03
0009782   8.7127E+03  5.6306E+02  2.3300E+02
0009783   8.0934E+03  5.6306E+02 -1.8645E+03
0009784   7.5915E+03 -1.3910E+02 -5.9569E+02
0009785   7.6899E+03  1.6881E+03 -7.0349E+02
0009786   5.5138E+03  1.4797E+02 -1.1691E+03
0009787   6.7044E+03  2.8989E+02 -6.5199E+02
0009788   7.1606E+03  1.4412E+03 -1.7272E+02
0009789   7.9111E+03  1.9203E+01 -2.2334E+03
0009790   7.5502E+03  1.4334E+03  1.3139E+03
0009791   6.1988E+03  2.8940E+03 -1.0396E+03
0009792   7.4181E+03 -2.0295E+03 -1.9122E+03
0009793   7.0047E+03  1.5766E+03  2.0512E+03
0009794   6.8561E+03 -2.1665E+03 -1.1118E+03
0009795   8.1914E+03 -2.7476E+03 -2.3669E+03
0009796   7.8787E+03  2.5103E+03  8.1523E+02
0009797   7.7470E+03  2.3002E+03 -4.9819E+02
0009798   7.5524E+03 -1.2014E+03 -2.3645E+03
0009799   7.7816E+03 -2.3460E+03 -5.2079E+01
0009800   8.3856E+03  6.2080E+02 -4.8600E+02
0009801   7.5565E+03 -2.9291E+03  2.1919E+03
0009802   7.7401E+03 -8.2411E+02  1.1142E+03
0009803   7.7242E+03 -1.5942E+03  1.2428E+03
0009804   8.9366E+03 -3.5956E+01  3.8624E+02
0009805   6.2658E+03  1.5243E+03  2.0865E+01
0009806   7.8799E+03 -5.5849E+02  1.1661E+03
0009807   5.0416E+03  2.6182E+03  7.9940E+02
0009808   7.8061E+03 -1.8023E+02  4.7816E+02
0009809   7.9172E+03 -1.3336E+02  8.8510E+02
0009810   7.2066E+03 -2.1007E+03  2.0764E+01
0009811   8.4243E+03  3.3010E+02  5.6591E+02
0009812   8.1480E+03  1.9562E+03  1.0335E+03
0009813   7.9749E+03  2.5929E+02  1.1553E+03
0009814   7.7027E+03 -7.7627E+02  1.5161E+03
0009815   8.3080E+03 -6.3742E+02 -4.3577E+02
0009816   7.9064E+03 -1.2883E+03  1.5584E+03
0009817   7.9839E+03  5.2367E+02 -1.9009E+03
0009818   5.8914E+03  2.5728E+02  2.3054E+03
0009819   7.7933E+03  2.2718E+02 -1.2007E+03
0009820   8.0517E+03 -4.7619E+02  6.5267E+02
0009821   7.4442E+03  1.3330E+03  2.4319E+03
0009822   8.5092E+03 -3.0185E+02  1.4264E+03
0009823   8.5855E+03  8.8060E+02 -2.0490E+03
0009824   5.2757E+03 -1.4045E+03 -1.6523E+03
0009825   7.0522E+03  3.5600E+02  1.9036E+03
0009826   7.4140E+03  4.5160E+02 -2.9416E+03
0009827   7.6790E+03 -1.1667E+03  3.9842E+02
0009828   8.9323E+03 -1.1853E+02 -2.1123E+02
0009829   8.5391E+03  2.0695E+02  2.2829E+02
0009830   9.3960E+03 -1.0287E+03  7.8613E+02
0009831   6.9816E+03 -7.8737E+02 -1.4396E+03
0009832   5.6297E+03  1.5546E+03  3.4201E+03
0009833   7.3364E+03  1.8484E+03  1.4032E+01
0009834   8.2455E+03  4.7258E+01  8.9657E+02
0009835   5.9882E+02 -1.8003E+03  1.1046E+02
0009836   7.8369E+03  4.0297E+02 -1.4387E+03
0009837   7.2804E+03 -1.0512E+03  2.5301E+03
0009838   7.5442E+03 -7.1315E+02  1.0148E+03
0009839   7.8864E+03  1.2656E+03  6.7523E+01
0009840   7.5622E+03  2.0060E+03 -1.6908E+02
0009841   5.3340E+03 -2.5041E+03  4.7569E+03
0009842   5.4594E+03 -1.9885E+03 -3.1300E+03
0009843   6.9485E+03  2.4135E+03 -6.3863E+02
0009844   8.3559E+03  1.4098E+03 -4.5031E+02
0009845   6.5005E+03  1.5625E+02 -1.5677E+02
0009846   9.4132E+03  2.7757E+02 -8.1078E+02
0009847   8.3452E+03  1.5270E+03  1.0987E+03
0009848   7.1893E+03 -1.6582E+03 -5.2379E+02
0009849   7.1447E+03  1.1941E+03 -5.1747E+02
0009850   8.6770E+03 -2.2269E+03  8.0495E+02
0009851   7.7342E+03  2.2771E+03  9.7192E+02
0009852   7.9529E+03  3.8255E+02  5.8488E+02
0009853   7.5158E+03  4.6009E+02 -4.8456E+02
0009854   7.9601E+03 -1.8415E+03  6.0415E+02
0009855   7.9085E+03 -1.1950E+03  1.0530E+03
0009856   7.5718E+03 -3.2844E+03  2.4442E+03
0009857   8.8896E+03  6.4327E+02  1.8317E+02
0009858   7.4358E+03  1.3481E+03 -2.5665E+03
0009859   7.8347E+03  1.4830E+03  3.4811E+02
0009860   8.6106E+03  2.7050E+02  3.4078E+01
0009861   7.4596E+03 -4.0794E+03  1.1473E+03
0009862   6.1110E+03 -3.1399E+02  5.1911E+03
0009863   7.9698E+03  9.5639E+02  2.3488E+03
0009864   8.0917E+03 -1.6474E+03  1.6595E+02
0009865   8.6058E+03 -1.6975E+03 -5.1777E+02
0009866   7.6374E+03 -3.3526E+03 -4.5217E+02
0009867   7.9033E+03  1.6248E+03  1.9995E+02
0009868   7.8357E+03 -1.0048E+03 -4.7695E+01
0009869   7.5590E+03  8.3069E+02  3.6580E+02
0009870   5.1000E+03 -1.4315E+02  1.1141E+02
0009871   2.6679E+03 -3.5583E+03 -3.7745E+03
0009872   8.1459E+03 -1.4005E+02 -3.1803E+03
0009873   8.8226E+03  1.0972E+03  2.4919E+02
0009874   6.3093E+03 -2.5982E+03  9.1865E+02
0009875   7.4781E+03 -6.8134E+02  2.1279E+03
0009876   6.7104E+03  1.2466E+03 -1.9703E+03
0009877   6.8715E+03 -2.3704E+03 -2.1790E+03
0009878   8.8191E+03  1.0258E+03 -6.9817E+02
0009879   5.3429E+03 -2.8947E+03 -2.3017E+03
0009880   6.2571E+03  2.5411E+03 -9.7618E+02
0009881   8.7585E+03 -1.3739E+03 -1.9680E+02
0009882   6.6918E+03 -2.5197E+03  1.9337E+03
0009883   7.6180E+03  1.1999E+03 -1.8553E+03
0009884   8.7528E+03 -8.9604E+02  1.6865E+02
0009885   7.4143E+03  2.2239E+02  1.0074E+03
0009886   4.8796E+03 -1.8502E+03 -1.8354E+03
0009887   6.1604E+03 -6.3623E+02  1.5540E+03
0009888   7.3093E+03 -7.3861E+02  7.5299E+02
0009889   7.2276E+03 -2.6274E+03  2.3463E+03
0009890   7.7402E+03 -1.0122E+03 -1.3231E+03
0009891   5.1719E+03 -3.1465E+03 -2.2816E+03
0009892   8.4015E+03 -6.8414E+02  2.9544E+02
0009893   7.9791E+03  1.4227E+02  1.1521E+03
0009894   7.1213E+03  1.8360E+03  2.2197E+03
0009895   6.6321E+03  1.5203E+03 -2.9469E+03
0009896   8.3223E+03 -1.8019E+03 -1.1524E+03
0009897   8.3829E+03 -1.4619E+03 -1.1139E+03
0009898   7.6969E+03 -9.1086E+02 -2.4005E+03
0009899   9.0363E+03 -9.7891E+02 -3.4564E+02
0009900   6.3890E+03 -4.7462E+03 -1.0618E+03
0009901   5.6111E+03 -3.7729E+03  1.1729E+03
0009902   7.5217E+03 -2.4318E+03  5.1931E+02
0009903   3.5317E+03  1.9156E+03 -4.9507E+03
0009904   9.3497E+03  1.4136E+03  1.6433E+03
0009905   8.0834E+03  2.1688E+02 -5.9845E+02
0009906   7.5768E+03  2.1502E+03 -2.5544E+03
0009907   7.2872E+03  2.4823E+03 -1.0214E+03
0009908   8.1417E+03 -8.4138E+02 -1.9270E+03
0009909   7.3942E+03  5.5865E+02 -1.4470E+03
0009910   6.9439E+03  7.0852E+02  4.7143E+02
0009911   8.3066E+03  2.0279E+03  6.6326E+02
0009912   6.3668E+03  4.7480E+03 -2.5296E+03
0009913   9.1921E+03  1.5411E+03  6.2720E+01
0009914   9.1803E+03 -1.4249E+03 -1.8891E+03
0009915   8.2624E+03  1.5606E+03  1.1900E+03
0009916   6.7807E+03 -3.8704E+03 -1.4787E+03
0009917   8.0657E+03  1.5569E+03 -1.2649E+03
0009918   8.2049E+03 -5.0021E+02 -3.5072E+03
0009919   7.7139E+03 -2.2452E+02  6.9539E+02
0009920   8.2824E+03  2.2851E+02  8.7122E+02
0009921   8.0841E+03 -8.9708E+02 -4.4235E+02
0009922   7.8681E+03 -1.1245E+03 -9.2833E+02
0009923   8.8419E+03 -1.4226E+03  4.8402E+02
0009924   8.7691E+03  9.6171E+02  1.7493E+03
0009925   8.0634E+03 -2.9767E+03  9.0391E+02
0009926   8.0025E+03  4.3706E+02 -9.3186E+02
0009927   6.8542E+03 -1.3782E+03  7.8123E+02
0009928   7.6630E+03  1.6885E+03 -5.9814E+02
0009929   7.7051E+03  2.3099E+03 -7.1449E+02
0009930   8.4185E+03 -1.7763E+03 -1.1762E+03
0009931   6.7501E+03  4.3346E+02 -3.3742E+03
0009932   8.8714E+03  1.4653E+02 -8.2353E+02
0009933   7.4737E+03  1.5025E+03  1.4778E+03
0009934   7.6471E+03  1.3284E+03  2.6002E+03
0009935   9.0032E+03 -8.3472E+01 -3.6545E+03
0009936   9.3127E+03 -1.3018E+03  6.1353E+02
0009937   7.2640E+03  2.7895E+03 -4.1863E+02
0009938   1.0869E+04 -1.5629E+03 -4.7847E+02
0009939   8.7877E+03 -2.6795E+03 -1.3638E+03
0009940   6.3974E+03  2.5241E+03  1.9771E+03
0009941   7.2117E+03 -1.5179E+03 -1.3474E+03
0009942   8.7628E+03 -1.1643E+03  1.3463E+03
0009943   6.7572E+03 -5.1228E+02 -4.6202E+02
0009944   8.3895E+03 -1.3832E+03  5.7664E+02
0009945   5.6980E+03  4.4642E+02  2.3705E+03
0009946   6.8777E+03 -8.1061E+02  4.9173E+02
0009947   8.7534E+03 -1.7039E+03 -9.0510E+01
0009948   8.7004E+03  1.7032E+03  1.4691E+02
0009949   8.6817E+03  1.9763E+02 -9.4148E+02
0009950   6.9841E+03  1.7902E+03 -1.1447E+03
0009951   9.2287E+03  2.5589E+01 -6.7640E+02
0009952   9.3291E+03  4.5215E+02 -1.4307E+02
0009953   8.1868E+03  1.8947E+03  7.1739E+02
0009954   6.9486E+03 -2.9112E+03 -1.1179E+03
0009955   8.2275E+03  3.4320E+02  8.3890E+02
0009956   8.6872E+03 -1.2627E+03  6.3338E+02
0009957   6.2311E+03 -2.4783E+03  1.9267E+03
0009958   8.3064E+03  3.3006E+02  1.8511E+03
0009959   8.3148E+03 -3.7961E+02  2.0311E+03
0009960   7.9755E+03 -8.6459E+02  3.7571E+02
0009961   7.3743E+03 -2.0689E+03  7.7656E+02
0009962   6.1276E+03  3.5456E+03 -1.0060E+03
0009963   6.5847E+03 -2.4330E+03  1.0030E+03
0009964   7.7715E+03 -4.6787E+02 -6.9528E+01
0009965   8.2708E+03  5.8017E+02 -4.3094E+02
0009966   7.3331E+03 -8.0905E+02  1.7408E+03
0009967   5.8863E+03  4.0975E+03  3.7617E+02
0009968   7.0420E+03  1.3362E+03  1.6797E+03
0009969   7.9916E+03  6.1461E+02  1.6672E+03
0009970   5.9509E+03  1.0301E+03  2.1509E+03
0009971   6.9705E+03 -2.3734E+03 -5.1089E+02
0009972   7.9231E+03  5.2820E+01  1.2373E+03
0009973   2.5295E+03 -1.3755E+03 -6.7296E+03
0009974   6.5376E+03  9.1427E+02  6.2723E+02
0009975   7.6073E+03  1.5966E+03  1.2711E+03
0009976   6.3975E+03  2.6449E+03 -8.5946E+02
0009977   7.2571E+03 -5.9525E+02  2.6295E+03
0009978   6.4903E+03  1.1633E+03 -4.1856E+02
0009979   7.4182E+03 -2.7421E+03  1.8278E+03
0009980   6.7842E+03  1.0656E+03  1.8044E+03
0009981   6.0850E+03 -7.6162E+02 -1.1526E+01
0009982   8.3404E+03  1.5198E+02  3.4004E+02
0009983   7.1619E+03  1.9613E+03  2.9490E+03
0009984   2.8395E+03  6.1721E+03 -1.4680E+03
0009985   7.7851E+03  1.2914E+03 -1.7737E+03
0009986   8.5646E+03  7.8962E+02 -1.9942E+03
0009987   8.0427E+03  1.5568E+03  2.2883E+03
0009988   6.0913E+03 -3.5928E+03 -1.1131E+03
0009989   7.1220E+03 -3.3244E+03  2.4817E+03
0009990   6.9499E+03  8.3718E+02  1.7424E+02
0009991   9.4080E+03 -2.4671E+02 -2.1344E+02
0009992   5.5445E+03 -3.2001E+03 -1.0169E+03
0009993   7.7000E+03 -3.2069E+03 -3.4943E+01
0009994   7.4303E+03 -3.0856E+02  2.8920E+03
0009995   7.9163E+03  2.0467E+03  1.5469E+01
0009996   5.8278E+03 -1.9364E+03 -3.6266E+02
0009997   5.4476E+03  3.3243E+03  5.9220E+02
0009998   8.1663E+03 -2.2052E+03  1.2653E+03
0009999   8.9281E+03 -5.3063E+02  1.9048E+03
0010000   7.3521E+03  5.8864E+02  1.4247E+03
