============================== SRIM-2013.00 ==============================
==============================================================================
====== SRIM Outputs\RANGE_3D.txt : File of Final Ion Positions =====

Ion =  H (01)   Ion Mass= 001.0080
Energy  = 3565000.E-02 keV
Ion Angle to Surface = 00.0 degrees
==================== TARGET =======================
  Layer # 1 - Skin_Human (W&W type 1)
  Layer # 1 - Bottom Depth=100000.E+02 A
  Layer # 1 - Density =0001.0900 g/cm3
  Layer # 1 -  62 % of  H
  Layer # 1 -  13 % of  C
  Layer # 1 -  2 % of  N
  Layer # 1 -  23 % of  O
  Layer # 1 -  0 % of  S
  Layer # 1 -  0 % of Cl
  Layer # 1 -  0 % of Na
  Layer # 1 -  0 % of  K
  Layer # 1 -  0 % of Ca
  Layer # 1 -  0 % of  P
  Layer # 1 -  0 % of  H
  Layer # 1 -  0 % of  C
  Layer # 1 -  0 % of  N
  Layer # 1 -  0 % of  O
  Layer # 1 -  0 % of  S
  Layer # 1 -  0 % of Mg
  Layer # 1 -  0 % of  O
  Layer # 1 -  0 % of  C
  Layer # 1 -  0 % of  H
  Layer # 1 -  0 % of  N
  Layer # 1 -  0 % of  P
  Layer # 1 -  0 % of  K
  Layer # 1 -  0 % of Cl
  Layer # 1 -  0 % of Na
  Layer # 1 -  0 % of  O
  Layer # 1 -  0 % of  C
  Layer # 1 -  0 % of  H
  Layer # 1 -  0 % of  N
  Layer # 1 -  0 % of  P
  Layer # 1 -  0 % of  K
  Layer # 1 -  0 % of Cl
  Layer # 1 -  0 % of Na
様様様様様様様様様様様様様様様様様様様様様様様様様様
  Layer # 2 - Cortical Bone  Adult (W&W)
  Layer # 2 - Bottom Depth=500000.E+02 A
  Layer # 2 - Density =0001.9200 g/cm3
  Layer # 2 -  0 % of  H
  Layer # 2 -  0 % of  C
  Layer # 2 -  0 % of  N
  Layer # 2 -  0 % of  O
  Layer # 2 -  0 % of  S
  Layer # 2 -  0 % of Cl
  Layer # 2 -  0 % of Na
  Layer # 2 -  0 % of  K
  Layer # 2 -  7 % of Ca
  Layer # 2 -  4 % of  P
  Layer # 2 -  39 % of  H
  Layer # 2 -  15 % of  C
  Layer # 2 -  3 % of  N
  Layer # 2 -  32 % of  O
  Layer # 2 -  0 % of  S
  Layer # 2 -  0 % of Mg
  Layer # 2 -  0 % of  O
  Layer # 2 -  0 % of  C
  Layer # 2 -  0 % of  H
  Layer # 2 -  0 % of  N
  Layer # 2 -  0 % of  P
  Layer # 2 -  0 % of  K
  Layer # 2 -  0 % of Cl
  Layer # 2 -  0 % of Na
  Layer # 2 -  0 % of  O
  Layer # 2 -  0 % of  C
  Layer # 2 -  0 % of  H
  Layer # 2 -  0 % of  N
  Layer # 2 -  0 % of  P
  Layer # 2 -  0 % of  K
  Layer # 2 -  0 % of Cl
  Layer # 2 -  0 % of Na
様様様様様様様様様様様様様様様様様様様様様様様様様様
  Layer # 3 - Brain (ICRP)
  Layer # 3 - Bottom Depth=800000.E+02 A
  Layer # 3 - Density =0001.0300 g/cm3
  Layer # 3 -  0 % of  H
  Layer # 3 -  0 % of  C
  Layer # 3 -  0 % of  N
  Layer # 3 -  0 % of  O
  Layer # 3 -  0 % of  S
  Layer # 3 -  0 % of Cl
  Layer # 3 -  0 % of Na
  Layer # 3 -  0 % of  K
  Layer # 3 -  0 % of Ca
  Layer # 3 -  0 % of  P
  Layer # 3 -  0 % of  H
  Layer # 3 -  0 % of  C
  Layer # 3 -  0 % of  N
  Layer # 3 -  0 % of  O
  Layer # 3 -  0 % of  S
  Layer # 3 -  0 % of Mg
  Layer # 3 -  28 % of  O
  Layer # 3 -  6 % of  C
  Layer # 3 -  65 % of  H
  Layer # 3 -  1 % of  N
  Layer # 3 -  0 % of  P
  Layer # 3 -  0 % of  K
  Layer # 3 -  0 % of Cl
  Layer # 3 -  0 % of Na
  Layer # 3 -  0 % of  O
  Layer # 3 -  0 % of  C
  Layer # 3 -  0 % of  H
  Layer # 3 -  0 % of  N
  Layer # 3 -  0 % of  P
  Layer # 3 -  0 % of  K
  Layer # 3 -  0 % of Cl
  Layer # 3 -  0 % of Na
様様様様様様様様様様様様様様様様様様様様様様様様様様
  Layer # 4 - Brain Tumour (ICRP brain comp.)
  Layer # 4 - Bottom Depth=100000.E+03 A
  Layer # 4 - Density =0001.0500 g/cm3
  Layer # 4 -  0 % of  H
  Layer # 4 -  0 % of  C
  Layer # 4 -  0 % of  N
  Layer # 4 -  0 % of  O
  Layer # 4 -  0 % of  S
  Layer # 4 -  0 % of Cl
  Layer # 4 -  0 % of Na
  Layer # 4 -  0 % of  K
  Layer # 4 -  0 % of Ca
  Layer # 4 -  0 % of  P
  Layer # 4 -  0 % of  H
  Layer # 4 -  0 % of  C
  Layer # 4 -  0 % of  N
  Layer # 4 -  0 % of  O
  Layer # 4 -  0 % of  S
  Layer # 4 -  0 % of Mg
  Layer # 4 -  0 % of  O
  Layer # 4 -  0 % of  C
  Layer # 4 -  0 % of  H
  Layer # 4 -  0 % of  N
  Layer # 4 -  0 % of  P
  Layer # 4 -  0 % of  K
  Layer # 4 -  0 % of Cl
  Layer # 4 -  0 % of Na
  Layer # 4 -  28 % of  O
  Layer # 4 -  6 % of  C
  Layer # 4 -  65 % of  H
  Layer # 4 -  1 % of  N
  Layer # 4 -  0 % of  P
  Layer # 4 -  0 % of  K
  Layer # 4 -  0 % of Cl
  Layer # 4 -  0 % of Na
様様様様様様様様様様様様様様様様様様様様様様様様様様
                                            
Ion       Depth  X   Lateral Y   Lateral Z  
Number    (Angstrom) (Angstrom)  (Angstrom) 
-------  ----------- ----------- -----------
0000001   9.0012E+07  3.1695E+04 -1.9301E+06
0000002   8.9837E+07 -1.4380E+06  1.7893E+05
0000003   9.1437E+07 -2.5735E+06  6.2944E+05
0000004   9.1597E+07  1.0398E+05  3.9660E+05
0000005   8.9509E+07  1.2849E+06 -4.7037E+05
0000006   9.0161E+07  2.5488E+05 -4.1882E+05
0000007   9.0661E+07  1.4828E+06  3.1101E+06
0000008   8.8430E+07  3.0807E+06 -4.8991E+05
0000009   9.1227E+07  1.3259E+06  1.5880E+04
0000010   9.0745E+07  1.7220E+06  1.7816E+05
0000011   8.9259E+07  2.0173E+06 -3.8344E+04
0000012   8.9883E+07 -3.5288E+06 -3.7320E+06
0000013   8.7332E+07 -1.3374E+05  8.9552E+05
0000014   9.1691E+07 -3.5132E+06  5.4393E+05
0000015   8.8740E+07  3.5274E+06  2.5533E+06
0000016   9.0503E+07  1.6047E+06 -2.2065E+06
0000017   9.1830E+07  5.1855E+05  3.6245E+05
0000018   9.0796E+07  1.7613E+06 -4.1663E+05
0000019   8.9057E+07 -4.5551E+05 -3.1098E+06
0000020   8.9127E+07 -1.2205E+06  2.4526E+06
0000021   9.0560E+07 -7.9085E+05  1.2462E+05
0000022   8.9872E+07 -7.6383E+04 -1.5643E+06
0000023   8.9858E+07 -5.3211E+06 -1.9630E+06
0000024   9.0532E+07  2.5198E+06 -4.6661E+05
0000025   9.2022E+07 -6.6478E+05 -1.9531E+05
0000026   9.1958E+07 -1.3766E+06  9.2713E+04
0000027   8.9135E+07  2.2684E+06 -3.1455E+06
0000028   9.0606E+07 -3.5982E+06  7.9427E+05
0000029   9.0811E+07 -1.9052E+06  3.6263E+06
0000030   8.8679E+07  4.1867E+05 -4.3754E+05
0000031   8.9861E+07 -1.5332E+06  1.7657E+06
0000032   8.8775E+07 -9.8306E+05 -1.0756E+06
0000033   8.9700E+07 -1.1029E+05  1.5382E+05
0000034   8.9806E+07  4.4121E+05 -1.1545E+06
0000035   8.9596E+07 -8.4149E+05  1.0605E+06
0000036   8.9436E+07  2.8082E+06  2.4661E+06
0000037   9.1567E+07  1.1000E+06  7.0976E+05
0000038   8.9043E+07  1.1696E+06 -2.2667E+06
0000039   8.8621E+07  1.1860E+06  1.4837E+05
0000040   9.0112E+07  7.9430E+05  3.8557E+05
0000041   9.1351E+07  1.1998E+06  2.6967E+05
0000042   9.0702E+07  2.6958E+06 -1.9522E+06
0000043   8.9741E+07 -1.6435E+06 -2.5835E+05
0000044   8.9651E+07 -2.5069E+06  1.1559E+05
0000045   9.1524E+07 -3.3812E+06  1.2697E+06
0000046   9.1646E+07 -1.0133E+06 -2.1321E+05
0000047   9.0305E+07 -1.4783E+06  8.4685E+05
0000048   8.6878E+07  4.7884E+05  6.7267E+05
0000049   9.0478E+07 -1.8299E+06  7.2523E+05
0000050   8.8575E+07  6.4910E+05 -2.2616E+05
0000051   9.1167E+07 -2.3853E+06  2.6213E+04
0000052   9.0010E+07  1.0649E+06 -9.9690E+05
0000053   8.9900E+07 -3.4847E+06  9.4651E+05
0000054   8.8768E+07  7.2476E+05 -7.7749E+05
0000055   8.9817E+07 -1.0501E+06 -2.1726E+06
0000056   8.8067E+07  2.2148E+06  1.0978E+06
0000057   8.9386E+07  4.8977E+06 -1.1174E+05
0000058   8.8177E+07 -3.2618E+06 -2.6169E+06
0000059   9.1752E+07  2.2109E+06 -2.6247E+06
0000060   8.8493E+07  1.7527E+06  1.6861E+06
0000061   9.1181E+07 -3.6932E+06  1.6846E+06
0000062   9.0543E+07  5.6946E+05 -1.2983E+06
0000063   8.9073E+07  3.4191E+05  5.6288E+05
0000064   9.1042E+07  2.9061E+06  1.1860E+06
0000065   8.8302E+07 -1.3570E+06  1.8503E+06
0000066   8.9412E+07 -1.2881E+06 -6.8517E+06
0000067   8.7865E+07  7.7178E+06 -5.1735E+05
0000068   8.6762E+07  1.1631E+06 -2.7817E+06
0000069   8.9898E+07  1.2582E+06  2.4602E+05
0000070   8.7208E+07 -2.7344E+06 -3.3216E+05
0000071   8.9838E+07  2.5799E+06 -2.0616E+06
0000072   8.9395E+07  2.1240E+05 -1.2721E+05
0000073   8.8055E+07 -2.2022E+06  6.1622E+05
0000074   8.7914E+07 -2.3758E+06 -2.7169E+05
0000075   9.1685E+07  2.4381E+06 -4.5333E+06
0000076   9.0106E+07  1.7134E+06  1.2914E+06
0000077   8.8937E+07 -5.9190E+06  1.1224E+06
0000078   9.0690E+07 -1.6890E+06 -2.4069E+06
0000079   9.0034E+07 -1.7948E+06 -1.0446E+06
0000080   8.9114E+07 -1.3217E+06 -7.0271E+06
0000081   9.0822E+07 -2.3529E+06  2.4361E+05
0000082   8.8761E+07 -2.3517E+06 -3.1699E+05
0000083   9.0034E+07  2.7268E+06 -1.0557E+06
0000084   8.8550E+07  1.8373E+06 -2.4314E+05
0000085   8.9075E+07  5.0749E+05 -2.1088E+06
0000086   8.7590E+07 -3.3219E+06  8.5110E+05
0000087   8.7435E+07  4.7999E+06 -2.4386E+06
0000088   8.7240E+07 -8.8212E+05 -2.5342E+06
0000089   8.8307E+07  3.4618E+06 -3.6261E+06
0000090   8.7976E+07  6.0840E+06 -3.2628E+05
0000091   8.8716E+07 -2.9346E+05 -1.8172E+06
0000092   9.0342E+07 -2.2904E+06 -4.7924E+05
0000093   9.0956E+07  1.2483E+05  1.0136E+06
0000094   9.0508E+07  2.6023E+05  6.3061E+05
0000095   8.9055E+07 -3.5795E+06  3.2531E+05
0000096   8.7821E+07 -2.3741E+06 -4.8729E+05
0000097   9.0128E+07 -1.3036E+06  4.5356E+06
0000098   9.0917E+07 -3.0636E+05 -5.5808E+06
0000099   8.9265E+07 -1.6097E+06 -1.5254E+06
0000100   9.0778E+07  5.0261E+05 -1.2334E+06
0000101   9.1048E+07 -2.9290E+06  1.4378E+06
0000102   9.2001E+07 -1.9390E+06  4.7800E+05
0000103   8.9280E+07  2.6737E+06 -1.8714E+05
0000104   8.7449E+07 -5.2600E+06 -4.2660E+06
0000105   9.0078E+07  2.7411E+06  3.8467E+06
0000106   9.0237E+07  2.6055E+06 -1.3217E+06
0000107   8.9034E+07 -4.8421E+05  2.5834E+06
0000108   9.1213E+07  1.4515E+06 -7.7576E+05
0000109   8.8252E+07  2.0666E+06 -2.2653E+05
0000110   8.8398E+07 -2.0993E+05 -1.8295E+06
0000111   9.0953E+07 -3.6638E+06 -1.1022E+06
0000112   8.7635E+07 -2.2226E+06 -8.1692E+04
0000113   9.0506E+07  2.5969E+05 -1.4681E+06
0000114   8.8847E+07 -1.4413E+06  1.5799E+06
0000115   8.9935E+07 -5.4079E+05 -7.3672E+05
0000116   9.0123E+07  6.2044E+06 -1.6775E+06
0000117   9.0174E+07 -1.5543E+06 -1.2090E+06
0000118   8.8452E+07  2.1317E+06  1.2750E+06
0000119   9.0647E+07 -9.9290E+05  6.8114E+05
0000120   8.8040E+07 -3.1196E+06 -4.6897E+06
0000121   8.8159E+07  5.5924E+05  1.2837E+05
0000122   9.0119E+07  4.4516E+06  4.7061E+05
0000123   9.1492E+07  2.0627E+06 -7.6697E+05
0000124   9.0900E+07  9.4081E+05  2.0444E+06
0000125   9.0786E+07  1.8786E+06  2.0164E+06
0000126   9.1224E+07  2.6493E+06 -1.3181E+06
0000127   9.2199E+07 -2.5280E+06 -3.0934E+05
0000128   9.0435E+07 -7.8603E+05 -3.8936E+04
0000129   9.0487E+07 -1.9578E+06  6.4027E+05
0000130   9.0613E+07 -2.2916E+06  3.1006E+06
0000131   8.8917E+07 -1.0782E+06  1.1969E+05
0000132   9.4402E+07  2.5207E+06 -1.5605E+06
0000133   8.9409E+07 -9.1084E+05  1.5499E+06
0000134   8.8039E+07  2.6005E+06 -6.1516E+05
0000135   8.9508E+07  1.3050E+05  1.5700E+05
0000136   9.1107E+07 -1.8357E+06 -1.0825E+06
0000137   9.0490E+07  1.9331E+06  9.5027E+05
0000138   9.2779E+07  2.3650E+06 -1.9974E+06
0000139   9.0430E+07  9.2302E+05 -3.6146E+05
0000140   8.9085E+07 -2.6455E+06  2.6857E+05
0000141   9.2134E+07 -2.4817E+06  1.7433E+06
0000142   8.9798E+07  4.9631E+05 -8.3812E+05
0000143   8.9322E+07  9.7897E+05  1.3412E+06
0000144   9.0201E+07  2.5056E+06 -1.4066E+06
0000145   9.0792E+07  4.1165E+06 -3.1199E+05
0000146   9.1726E+07 -5.9183E+05  1.9348E+06
0000147   9.0148E+07 -1.6149E+06 -2.3869E+06
0000148   8.8730E+07 -9.7854E+05  1.2261E+06
0000149   9.1288E+07  2.5168E+06  1.6063E+06
0000150   9.1207E+07  1.8429E+06 -4.8568E+06
0000151   9.0793E+07  3.4382E+06 -3.3122E+06
0000152   8.8495E+07 -3.5886E+05 -1.7991E+06
0000153   8.8917E+07  5.8174E+06  1.4121E+05
0000154   9.0146E+07 -3.1386E+06  1.0730E+06
0000155   9.0887E+07  1.7712E+06  1.5912E+05
0000156   8.9134E+07  2.5987E+05  2.7251E+06
0000157   9.0508E+07  9.3881E+05  2.6948E+06
0000158   8.6354E+07 -2.9150E+06  1.7171E+06
0000159   8.8551E+07  4.1409E+05  3.0347E+06
0000160   9.0777E+07 -7.0153E+05 -2.5083E+06
0000161   8.6558E+07 -7.2116E+05 -1.8148E+06
0000162   8.8836E+07 -2.3783E+06  1.9584E+06
0000163   9.2558E+07  3.6798E+05  1.2149E+06
0000164   9.0791E+07  1.3810E+06 -1.7531E+06
0000165   9.0160E+07 -7.1654E+05 -8.7107E+05
0000166   8.9987E+07  1.6339E+06  2.2594E+06
0000167   8.7754E+07 -1.6972E+06 -2.9667E+06
0000168   8.9022E+07 -1.7997E+06  1.2032E+06
0000169   9.0493E+07  7.1711E+04 -1.4292E+06
0000170   8.8754E+07  3.6281E+05  2.6490E+06
0000171   9.1019E+07  1.9216E+06 -4.9795E+05
0000172   9.1543E+07 -1.9364E+06  1.8798E+06
0000173   9.0080E+07 -1.0453E+06  3.4805E+06
0000174   8.8837E+07  4.1724E+06  8.8544E+05
0000175   8.9787E+07  3.7892E+06  4.0111E+06
0000176   8.9810E+07 -1.6137E+06  1.5166E+06
0000177   9.1299E+07  1.4287E+05 -1.2271E+06
0000178   8.9925E+07  4.4461E+06 -4.6925E+05
0000179   8.8697E+07 -6.2645E+05  1.9687E+06
0000180   8.8673E+07  2.8711E+06 -2.0865E+06
0000181   8.8899E+07 -3.2345E+06 -1.7245E+06
0000182   9.0781E+07 -1.0000E+06 -3.1532E+06
0000183   8.9755E+07  3.8527E+05  2.5564E+06
0000184   9.0878E+07 -2.0303E+06 -1.6173E+06
0000185   8.9083E+07 -1.4757E+06  2.7204E+05
0000186   9.1234E+07 -2.5863E+06 -2.0186E+06
0000187   9.3125E+07  2.7939E+06  1.2257E+06
0000188   8.9225E+07 -4.7971E+05  3.4223E+06
0000189   8.7421E+07 -2.8636E+04 -1.5014E+06
0000190   9.1119E+07 -9.1697E+06  1.1530E+06
0000191   8.9299E+07 -1.8861E+06 -3.5413E+05
0000192   8.9628E+07  4.0464E+05  4.8113E+06
0000193   8.9920E+07 -5.0516E+05 -1.6196E+06
0000194   8.9531E+07 -1.2663E+06  2.4424E+06
0000195   8.8075E+07 -5.7585E+04 -3.0257E+06
0000196   9.1940E+07 -3.8616E+06 -3.5500E+05
0000197   8.8789E+07 -4.6327E+06 -3.2346E+05
0000198   9.2302E+07 -9.8747E+05  1.6573E+06
0000199   9.0886E+07 -9.4519E+04  1.5330E+06
0000200   9.1972E+07 -2.6557E+06 -7.0296E+05
0000201   8.7535E+07 -1.5852E+06 -2.5161E+06
0000202   9.1309E+07 -1.1725E+06  1.1234E+06
0000203   9.1811E+07  1.9208E+05 -1.6580E+06
0000204   9.1600E+07  9.8845E+05 -2.6041E+06
0000205   9.1734E+07  2.2138E+06  5.0875E+06
0000206   9.1045E+07  8.2311E+04 -1.0066E+06
0000207   8.9726E+07  8.0218E+05  3.2228E+06
0000208   9.2592E+07  1.1065E+06 -8.3182E+05
0000209   8.7745E+07  1.7994E+06  2.5331E+05
0000210   8.9671E+07 -5.5889E+06  4.9479E+06
0000211   8.9684E+07 -3.1979E+06  5.5122E+05
0000212   8.5975E+07 -3.8621E+06 -2.7471E+06
0000213   9.2333E+07 -2.2513E+05 -1.0743E+06
0000214   9.1002E+07  2.4726E+06  1.0058E+05
0000215   8.9242E+07  2.0148E+05 -2.3511E+06
0000216   9.1525E+07  8.2204E+05 -7.0359E+05
0000217   8.8901E+07  2.9132E+06 -2.3331E+05
0000218   9.1688E+07 -6.6967E+05 -1.2294E+06
0000219   8.6298E+07 -5.2732E+06  2.5666E+05
0000220   9.0453E+07  8.4801E+05  1.3950E+06
0000221   8.9505E+07 -4.7425E+06  3.2307E+06
0000222   8.9017E+07 -7.4449E+05 -3.5445E+06
0000223   8.8660E+07  2.4343E+06  1.8305E+06
0000224   9.2320E+07 -4.4180E+06  7.9404E+05
0000225   9.0035E+07  1.2987E+06  1.4123E+06
0000226   9.1709E+07 -3.4894E+05  2.6650E+06
0000227   9.0946E+07  2.0334E+05 -3.6097E+05
0000228   8.8952E+07 -2.6545E+06  1.6643E+06
0000229   8.9536E+07  5.1607E+04  1.0100E+06
0000230   8.9099E+07 -2.4791E+05 -8.1039E+05
0000231   8.9068E+07 -2.3916E+06 -8.7768E+05
0000232   8.9974E+07  4.8190E+05  2.2809E+06
0000233   8.9378E+07 -2.0285E+05 -1.0913E+06
0000234   8.8945E+07  1.3033E+06 -1.3753E+06
0000235   9.0955E+07  9.4241E+05  8.6520E+05
0000236   8.8671E+07 -5.8862E+04  1.4256E+06
0000237   9.0093E+07 -5.4019E+06  1.0969E+05
0000238   9.1394E+07  1.3993E+06  2.9995E+06
0000239   9.0916E+07  1.9480E+06 -2.0235E+06
0000240   9.0689E+07  5.4147E+05 -4.6383E+05
0000241   8.9037E+07 -4.5762E+04  2.4220E+06
0000242   9.0109E+07  7.2368E+05 -2.2003E+06
0000243   9.1873E+07 -2.7593E+06  1.9616E+06
0000244   9.3455E+07  8.9429E+05  8.1535E+05
0000245   8.8453E+07  8.4038E+04 -8.1655E+05
0000246   8.9127E+07 -1.7332E+04  2.2732E+06
0000247   8.9716E+07 -9.8786E+05  1.8023E+06
0000248   8.9595E+07 -5.1883E+05  7.2481E+04
0000249   8.9199E+07  1.6982E+06 -2.2255E+05
0000250   8.9399E+07 -1.7515E+06 -1.4125E+06
0000251   9.0440E+07 -2.1113E+06  4.7365E+05
0000252   9.1345E+07  9.0143E+05  1.2385E+06
0000253   8.9248E+07  1.1334E+06 -1.8957E+06
0000254   9.0513E+07 -8.2316E+05 -4.1577E+06
0000255   8.8364E+07 -2.1591E+06  7.4610E+05
0000256   9.1830E+07 -2.2963E+06  8.3077E+04
0000257   9.1524E+07  1.9281E+06 -3.1187E+06
0000258   8.8919E+07  3.0553E+06 -1.6552E+06
0000259   8.8173E+07 -1.4577E+06  4.8438E+05
0000260   8.7838E+07 -1.2639E+06 -3.9049E+05
0000261   8.9675E+07  1.4783E+06 -3.7083E+05
0000262   8.7246E+07  1.2739E+06 -2.9161E+06
0000263   8.8446E+07 -1.5907E+06 -4.5708E+05
0000264   9.0384E+07 -3.1859E+06 -4.0858E+06
0000265   9.1699E+07  8.0338E+05  6.4916E+05
0000266   8.9352E+07 -3.0064E+05 -9.9567E+05
0000267   8.9235E+07 -3.2485E+05 -2.9978E+06
0000268   9.0763E+07  6.1419E+05 -5.2036E+05
0000269   8.7807E+07 -4.3883E+06  1.5050E+06
0000270   8.8810E+07 -8.5480E+04  1.4982E+06
0000271   8.9934E+07 -4.8041E+05  1.6699E+05
0000272   8.9423E+07  1.5920E+06  3.9767E+06
0000273   9.0825E+07  7.8445E+03 -2.8516E+06
0000274   8.9704E+07 -6.1435E+05 -2.2248E+06
0000275   8.9667E+07 -3.3107E+06  8.7882E+06
0000276   8.9097E+07 -2.2365E+06 -1.3965E+06
0000277   9.0583E+07  1.9309E+06  2.3940E+05
0000278   9.0098E+07 -1.7056E+06 -7.9454E+05
0000279   8.9275E+07 -3.1771E+06  4.4679E+05
0000280   8.9638E+07 -7.7016E+05  1.6367E+05
0000281   8.8368E+07  1.1886E+06 -1.4001E+06
0000282   8.8317E+07  3.3901E+06 -9.1271E+05
0000283   9.0242E+07  3.3826E+06 -7.1255E+05
0000284   8.9125E+07  7.7507E+05 -1.6666E+06
0000285   9.0353E+07 -5.7498E+05  2.1439E+06
0000286   8.9811E+07 -1.0312E+06 -6.0108E+05
0000287   9.0001E+07 -5.3087E+05 -2.9869E+05
0000288   9.0055E+07 -2.7372E+06  1.6248E+06
0000289   9.2567E+07  1.4110E+05 -3.5572E+06
0000290   8.9298E+07 -1.2112E+06 -1.2804E+06
0000291   9.0192E+07 -2.4569E+06 -6.7759E+06
0000292   9.0287E+07  2.3396E+06 -1.4707E+06
0000293   9.2790E+07 -1.8949E+06 -5.0346E+05
0000294   8.9306E+07 -5.0303E+06  1.1802E+06
0000295   9.1753E+07  4.7782E+05  4.9911E+03
0000296   9.0120E+07  3.4387E+05 -2.1031E+06
0000297   8.7157E+07 -3.9457E+06 -3.2099E+05
0000298   9.0943E+07  1.4835E+06  2.6984E+06
0000299   8.9379E+07 -3.4285E+06 -1.4682E+06
0000300   9.0487E+07 -5.2302E+05  8.0748E+05
0000301   9.0714E+07 -2.2918E+06 -2.4805E+06
0000302   8.9245E+07 -1.7187E+06 -1.2068E+06
0000303   9.0237E+07 -8.5747E+04  2.0756E+06
0000304   9.1235E+07  1.2925E+06 -4.2640E+05
0000305   9.0273E+07 -1.2564E+06 -4.1808E+06
0000306   9.1288E+07  2.5527E+05  3.0868E+05
0000307   8.9599E+07  9.6026E+04 -3.4253E+06
0000308   8.9966E+07  6.4332E+05  3.8822E+06
0000309   8.9068E+07 -3.5188E+03 -1.9126E+06
0000310   8.8636E+07 -1.6508E+06 -2.3382E+06
0000311   9.0770E+07 -9.9457E+05 -2.0452E+05
0000312   9.0544E+07  2.6401E+06 -4.3318E+04
0000313   8.9145E+07 -1.3321E+06 -2.0782E+06
0000314   9.0834E+07 -8.0489E+05  9.6963E+05
0000315   9.1396E+07 -5.1832E+05 -1.2841E+06
0000316   8.8521E+07  1.3304E+04 -1.2829E+06
0000317   8.9938E+07 -8.2353E+05  3.9253E+06
0000318   9.0846E+07 -5.0329E+05 -2.6911E+06
0000319   9.1846E+07  6.6910E+05  1.8808E+06
0000320   9.0926E+07 -6.1449E+06 -2.7454E+06
0000321   9.0830E+07 -7.4631E+05  1.1356E+06
0000322   8.5208E+07  1.5846E+06 -1.0376E+06
0000323   8.8650E+07 -1.6816E+05  2.0287E+06
0000324   9.3162E+07 -8.0788E+05 -6.1202E+06
0000325   8.9413E+07  9.7523E+05 -2.6456E+06
0000326   8.9694E+07  1.7200E+05  2.0190E+05
0000327   9.1355E+07 -2.6369E+06  1.3149E+06
0000328   9.1555E+07 -3.2013E+06  9.7101E+05
0000329   8.7528E+07  4.6455E+06 -2.0599E+05
0000330   9.1050E+07 -1.8862E+06 -2.4049E+06
0000331   9.0122E+07 -9.6240E+05 -5.7693E+05
0000332   8.8593E+07  1.6647E+06  2.6961E+06
0000333   9.1090E+07 -9.1779E+05  1.9465E+06
0000334   9.0855E+07 -6.2827E+04 -3.4445E+06
0000335   9.0386E+07  1.0428E+04 -1.8283E+06
0000336   8.7090E+07 -1.7235E+05 -1.2621E+06
0000337   8.6765E+07  5.3385E+05 -3.1227E+05
0000338   8.9156E+07 -1.8619E+06  7.7431E+05
0000339   9.1151E+07 -1.7698E+06  4.4386E+05
0000340   8.9552E+07  2.9935E+06 -1.0962E+06
0000341   9.2239E+07  1.9493E+06  2.8238E+05
0000342   8.9571E+07 -8.6188E+05  6.1700E+05
0000343   9.2221E+07 -4.7676E+04 -1.4802E+06
0000344   8.9023E+07 -5.1084E+05  8.3867E+05
0000345   8.9150E+07 -1.4279E+06 -9.4648E+05
0000346   9.1468E+07  7.5661E+05  1.0408E+06
0000347   9.0321E+07 -3.6570E+05  2.0076E+05
0000348   8.9574E+07 -1.9350E+06 -2.1478E+06
0000349   8.8665E+07  1.9635E+06  2.4719E+05
0000350   8.6965E+07  9.6671E+05  4.5925E+05
0000351   8.5569E+07  9.2398E+06 -6.9442E+06
0000352   8.9135E+07 -3.8042E+05 -6.9324E+05
0000353   8.7476E+07  1.3262E+06  4.5553E+04
0000354   9.0218E+07 -3.6498E+06 -1.8811E+06
0000355   8.9129E+07  1.2131E+06  1.6064E+06
0000356   8.9572E+07 -1.0377E+06  6.6897E+05
0000357   9.0164E+07  8.3119E+05  1.6010E+06
0000358   8.8756E+07 -1.9425E+06  5.0170E+05
0000359   8.9389E+07  1.8183E+06 -1.0731E+06
0000360   8.9096E+07 -2.5258E+05 -1.5854E+06
0000361   8.9992E+07 -4.2569E+06 -5.5251E+06
0000362   9.0084E+07  1.2479E+04  1.0513E+06
0000363   9.2264E+07 -3.5673E+06  9.9599E+05
0000364   8.9046E+07 -1.0561E+06  8.2259E+05
0000365   9.0987E+07 -1.4680E+06 -2.7640E+06
0000366   8.8995E+07 -2.3151E+05 -2.4112E+06
0000367   9.0035E+07 -2.0748E+06 -9.0544E+05
0000368   9.1629E+07 -1.4751E+06 -2.9135E+06
0000369   8.9800E+07 -2.1229E+06  3.2466E+06
0000370   8.6499E+07  2.6541E+06  3.0535E+06
0000371   8.8070E+07  3.9780E+06  2.4463E+06
0000372   8.8874E+07  1.7061E+06 -6.2425E+05
0000373   8.7654E+07 -9.0397E+05  1.0855E+06
0000374   8.7704E+07  1.4799E+06  5.1191E+05
0000375   9.1005E+07  2.2042E+04 -2.7499E+05
0000376   9.2106E+07 -2.4029E+06 -6.5769E+05
0000377   8.9915E+07  3.6484E+06  1.3057E+06
0000378   9.0216E+07 -1.4944E+06 -2.2846E+06
0000379   8.9870E+07  2.0058E+05  9.5545E+04
0000380   9.0458E+07 -1.0746E+06 -2.8995E+06
0000381   9.1060E+07 -1.1048E+06 -2.0832E+06
0000382   9.0367E+07  1.5574E+06  6.9413E+05
0000383   8.7065E+07  1.5288E+06 -1.5079E+06
0000384   8.7181E+07 -1.8420E+06  8.6289E+05
0000385   8.9276E+07 -3.2184E+05 -1.3072E+06
0000386   9.0014E+07 -3.4451E+05 -3.2594E+06
0000387   8.8061E+07  7.8588E+05  1.0991E+06
0000388   9.0227E+07  2.7028E+06 -2.5202E+06
0000389   8.6792E+07 -8.9341E+05 -1.8171E+05
0000390   9.0878E+07  7.3026E+05  1.2015E+06
0000391   8.9764E+07  1.9036E+04  1.2372E+06
0000392   8.9705E+07  4.3424E+05 -1.9265E+06
0000393   8.9081E+07  3.7688E+06  1.0300E+06
0000394   9.1102E+07 -3.4691E+05 -3.4217E+06
0000395   8.9703E+07  4.0833E+06 -9.7030E+06
0000396   8.8924E+07  4.0627E+05 -6.6219E+04
0000397   8.9456E+07 -2.5958E+06 -1.9151E+06
0000398   8.9285E+07 -2.5504E+06  1.2900E+06
0000399   9.0384E+07  1.1761E+06 -1.6604E+06
0000400   9.0308E+07  3.6559E+05 -3.0678E+06
0000401   8.9828E+07 -8.7773E+04 -2.9536E+06
0000402   9.2183E+07 -1.1909E+05  2.2592E+05
0000403   9.1037E+07 -6.5440E+05 -6.1765E+05
0000404   8.9033E+07 -1.3729E+06  6.4387E+06
0000405   9.0816E+07 -1.9279E+06 -2.0438E+06
0000406   9.0271E+07  8.3525E+05  2.5238E+06
0000407   9.0180E+07 -7.8534E+05 -5.0769E+05
0000408   8.7495E+07  8.7801E+06  3.8451E+04
0000409   8.7733E+07 -2.1205E+06  5.3787E+06
0000410   9.1143E+07  2.6310E+06  1.0100E+06
0000411   9.1315E+07 -8.2407E+05  2.3728E+06
0000412   9.3433E+07 -6.4621E+05 -1.3291E+06
0000413   8.8376E+07  1.3625E+06  1.5485E+06
0000414   9.0073E+07 -2.1752E+05 -9.3286E+05
0000415   8.9318E+07 -2.3763E+05 -2.3839E+06
0000416   9.0740E+07  2.6146E+06 -4.4350E+06
0000417   9.2308E+07 -5.2738E+05 -1.5530E+06
0000418   9.0010E+07 -3.5582E+06 -1.7344E+06
0000419   9.0808E+07  2.6808E+06  1.4889E+07
0000420   8.8216E+07 -3.2871E+05 -4.5488E+05
0000421   8.8370E+07  7.7558E+06 -3.1384E+06
0000422   9.1279E+07 -2.3808E+05  2.2079E+06
0000423   9.1222E+07 -1.5310E+06  1.2670E+06
0000424   8.9109E+07  8.1524E+05 -1.9510E+06
0000425   8.8737E+07 -1.0867E+06  8.7589E+05
0000426   8.9713E+07  1.3309E+05  9.8371E+05
0000427   8.9801E+07 -1.2272E+06 -5.0294E+05
0000428   9.0072E+07 -1.6777E+06 -1.7394E+06
0000429   9.1013E+07  1.1756E+06  3.5604E+06
0000430   8.9430E+07 -1.4785E+06  1.4461E+06
0000431   9.3618E+07 -5.5079E+05 -5.6810E+05
0000432   8.9310E+07  1.3899E+06  6.4803E+05
0000433   8.9231E+07  3.2220E+06 -2.1536E+06
0000434   8.7324E+07  2.9110E+06 -2.7969E+06
0000435   8.9318E+07  7.0000E+05  2.6114E+06
0000436   8.9200E+07  1.8853E+06 -2.8827E+06
0000437   8.8964E+07  4.4693E+04  6.7022E+05
0000438   9.1220E+07 -1.0536E+06  2.4513E+05
0000439   8.9864E+07 -3.7204E+05 -9.4887E+05
0000440   9.3365E+07  4.3398E+05 -1.7092E+06
0000441   9.1028E+07  5.8966E+06  4.9389E+05
0000442   8.9802E+07  6.8432E+05 -2.0406E+05
0000443   9.1363E+07  4.2927E+05  1.3497E+06
0000444   9.1021E+07  1.5148E+06 -1.2571E+06
0000445   8.9833E+07  5.9177E+05 -1.1763E+05
0000446   8.9131E+07 -5.3664E+06  5.7095E+06
0000447   8.9972E+07  6.5527E+05 -1.1133E+06
0000448   9.2126E+07 -9.8574E+05  5.7602E+05
0000449   9.1149E+07  6.5784E+04  3.9285E+06
0000450   9.0351E+07 -1.3825E+06 -2.8918E+06
0000451   8.7426E+07 -8.3302E+05  8.9544E+05
0000452   8.9822E+07  1.2266E+06 -1.3062E+05
0000453   8.8223E+07  4.2767E+05  1.9160E+06
0000454   9.2141E+07  3.0487E+06  1.4398E+06
0000455   8.9164E+07  1.8136E+06  1.1410E+05
0000456   8.9481E+07 -2.9270E+06  4.9842E+04
0000457   9.1267E+07  4.5824E+05 -3.6578E+05
0000458   8.9453E+07 -3.3083E+06  3.4605E+06
0000459   8.8310E+07 -2.0762E+06 -1.5794E+06
0000460   9.1857E+07  1.5182E+06 -1.3969E+05
0000461   8.9143E+07  4.7922E+05  2.7307E+06
0000462   9.0864E+07  3.1136E+06 -3.5862E+06
0000463   8.8635E+07  8.0439E+05  1.1471E+06
0000464   8.9951E+07  3.2185E+04  1.3233E+06
0000465   9.0222E+07 -2.0428E+06 -1.9759E+06
0000466   9.0267E+07  1.1520E+06 -7.9100E+04
0000467   9.0449E+07 -3.4560E+05  3.5703E+06
0000468   9.1468E+07  1.2174E+06  2.3898E+06
0000469   8.7536E+07 -4.3642E+06 -1.8342E+06
0000470   8.8110E+07 -1.7725E+06 -1.1949E+06
0000471   9.0246E+07  1.3561E+06 -6.7906E+05
0000472   9.0312E+07  3.2846E+06  1.4045E+06
0000473   8.9480E+07  1.2074E+06  2.3941E+06
0000474   8.8804E+07  1.3738E+06 -7.8531E+05
0000475   9.0721E+07  1.8682E+06 -2.3531E+06
0000476   8.8632E+07  1.3496E+06 -1.1742E+06
0000477   8.8643E+07  1.9526E+06  5.5843E+05
0000478   9.0495E+07 -3.5104E+06  1.6991E+05
0000479   8.8301E+07 -1.0682E+06  1.0794E+06
0000480   8.9933E+07  5.5939E+04  6.2007E+05
0000481   9.1688E+07  2.3624E+05  2.7533E+06
0000482   9.0608E+07 -1.3553E+06 -1.0866E+04
0000483   9.0269E+07  8.2904E+05  1.3319E+06
0000484   9.0907E+07  6.1329E+05 -5.5711E+05
0000485   9.1855E+07  8.3462E+05  1.3473E+06
0000486   9.3194E+07 -7.7110E+05 -1.6630E+06
0000487   8.9960E+07  6.4521E+06  1.2027E+06
0000488   8.8494E+07  2.8859E+06 -4.2058E+06
0000489   9.3345E+07 -2.5197E+06  1.2955E+06
0000490   8.9453E+07  1.7795E+06 -2.4811E+06
0000491   8.7532E+07  4.3860E+05 -7.7901E+05
0000492   8.8426E+07 -2.0899E+06  1.0619E+05
0000493   8.8481E+07  1.4528E+05  2.7346E+05
0000494   8.9516E+07 -2.8497E+06 -4.1170E+06
0000495   9.1328E+07  1.3578E+06 -1.5186E+05
0000496   8.8049E+07  2.8731E+05 -2.3921E+06
0000497   8.7887E+07 -2.6563E+06 -3.9959E+06
0000498   8.9233E+07 -3.2110E+06  3.2198E+05
0000499   9.1529E+07  2.8488E+06 -1.3052E+06
0000500   8.9255E+07  2.1496E+06 -9.9448E+05
0000501   8.9106E+07  3.5456E+04 -7.5710E+05
0000502   9.0382E+07  1.5900E+05 -1.0757E+06
0000503   8.7715E+07  4.3291E+05 -5.6402E+05
0000504   8.8652E+07 -2.2481E+06 -7.3883E+05
0000505   9.0098E+07  6.4663E+05 -8.2712E+05
0000506   8.9972E+07  4.8041E+05 -2.5859E+06
0000507   8.9546E+07 -9.3022E+05 -1.3800E+06
0000508   9.1003E+07  2.7532E+06  1.5712E+06
0000509   9.1415E+07 -2.5675E+05  2.3233E+06
0000510   9.1886E+07  2.5834E+06 -3.5226E+06
0000511   8.9797E+07  2.5472E+06 -2.0287E+06
0000512   9.2754E+07  5.4986E+04  9.3207E+04
0000513   8.9546E+07  1.8240E+06  2.6678E+05
0000514   9.0367E+07  3.6944E+05  4.2388E+05
0000515   8.5972E+07  1.5243E+07 -1.5531E+07
0000516   8.7347E+07 -2.3015E+06  3.3588E+06
0000517   8.7168E+07 -6.0067E+05 -3.7120E+05
0000518   9.2302E+07 -1.7396E+06  7.3946E+05
0000519   9.1064E+07 -1.0512E+05 -1.0469E+06
0000520   8.8101E+07  4.5130E+06  4.5795E+05
0000521   9.2056E+07 -6.6699E+05  4.0553E+05
0000522   9.2656E+07 -7.3040E+04 -9.7083E+05
0000523   8.8582E+07 -2.4215E+06 -4.5800E+05
0000524   9.1473E+07  4.8073E+06  7.6441E+05
0000525   9.1276E+07  9.1590E+05  2.0731E+06
0000526   9.1428E+07  6.3499E+05 -2.4885E+06
0000527   8.9127E+07 -3.2293E+05 -8.8274E+05
0000528   9.0070E+07 -6.7915E+04 -3.8303E+06
0000529   9.0261E+07  9.0710E+05 -1.3337E+06
0000530   9.0321E+07 -1.3330E+06 -2.0813E+06
0000531   8.8530E+07  2.4013E+06 -6.1769E+06
0000532   9.2815E+07  8.7398E+05 -1.9503E+06
0000533   9.1539E+07  1.4196E+06 -1.9920E+06
0000534   9.0034E+07  2.0467E+06 -1.9172E+06
0000535   9.1115E+07 -3.7524E+06 -1.3443E+06
0000536   8.6430E+07 -1.9988E+06 -2.1991E+06
0000537   9.3367E+07 -7.8321E+05 -7.3138E+04
0000538   8.9986E+07  5.7257E+05 -1.1899E+06
0000539   8.9177E+07  1.1553E+06 -2.0052E+06
0000540   9.0131E+07 -1.4790E+06 -5.2616E+05
0000541   8.8767E+07 -2.0109E+06  1.3830E+06
0000542   8.8566E+07  1.2643E+05 -3.0789E+06
0000543   8.5548E+07  1.0775E+06  8.1077E+05
0000544   8.9134E+07 -1.3039E+05 -4.3850E+06
0000545   8.8973E+07  2.6678E+06  3.6195E+05
0000546   8.8951E+07  5.7151E+06  2.3425E+06
0000547   9.4868E+07  2.1163E+06 -5.0113E+05
0000548   8.6890E+07  1.3378E+06  5.9327E+04
0000549   8.8804E+07  8.2453E+05 -3.0928E+05
0000550   9.0594E+07 -1.7569E+06  2.8186E+03
0000551   9.1675E+07  2.6193E+06 -1.4334E+06
0000552   9.1696E+07  7.5118E+05  1.9967E+06
0000553   8.8558E+07 -7.4504E+05  4.1500E+06
0000554   9.1732E+07 -3.0445E+06  2.8871E+05
0000555   8.7898E+07  2.6166E+05  2.0889E+06
0000556   8.9935E+07 -9.2961E+05 -1.0960E+06
0000557   8.8516E+07  1.1889E+06 -1.0481E+06
0000558   9.0758E+07 -1.6498E+06  6.9973E+05
0000559   8.8872E+07  9.8341E+05 -2.3189E+06
0000560   8.7824E+07  2.5557E+06  7.8951E+05
0000561   8.7493E+07  7.9452E+05 -1.5808E+05
0000562   9.0832E+07 -1.8555E+06  2.4096E+06
0000563   8.9627E+07  5.3759E+06  7.6087E+05
0000564   8.6091E+07 -7.8294E+05  2.0200E+06
0000565   9.1758E+07 -3.8287E+06 -4.3140E+06
0000566   9.0889E+07 -2.2613E+05 -5.2251E+05
0000567   9.1919E+07 -6.7032E+05  1.4944E+06
0000568   8.9952E+07  1.0057E+06 -5.7599E+05
0000569   8.8920E+07  3.6254E+06  1.1686E+06
0000570   9.0588E+07  1.0886E+06 -3.4650E+05
0000571   9.0500E+07 -1.3474E+06  1.7455E+06
0000572   8.9602E+07  3.1858E+06  1.0580E+06
0000573   9.0624E+07  4.5283E+05 -1.5035E+06
0000574   8.8577E+07  4.1819E+06 -1.4208E+06
0000575   9.1131E+07  1.0302E+06  1.9628E+06
0000576   9.0254E+07 -1.9903E+06 -5.8230E+05
0000577   9.1635E+07  1.1817E+06 -1.8751E+06
0000578   8.6371E+07  9.0130E+06  6.8122E+05
0000579   9.1491E+07 -1.1878E+06  2.5100E+06
0000580   8.9552E+07 -6.5243E+05 -2.4144E+06
0000581   8.9811E+07  4.3555E+06  2.5992E+06
0000582   8.9641E+07 -6.7161E+05 -2.4937E+06
0000583   9.1467E+07 -1.2465E+05  4.1229E+05
0000584   8.9112E+07 -1.0227E+07 -8.4977E+06
0000585   9.0455E+07  2.2984E+06  1.5086E+06
0000586   8.8604E+07  3.9701E+06  5.5924E+06
0000587   9.0952E+07 -1.2952E+06 -4.1192E+06
0000588   8.9792E+07 -8.3466E+05  1.6516E+06
0000589   8.7204E+07  7.7505E+05 -2.1019E+06
0000590   8.7331E+07  9.2540E+04 -5.7726E+05
0000591   9.0136E+07 -1.3273E+06 -6.3695E+05
0000592   9.0146E+07 -3.3137E+06 -1.5201E+06
0000593   9.0414E+07  1.7930E+05 -4.6785E+05
0000594   8.7773E+07  4.9799E+05 -8.5334E+05
0000595   9.1575E+07 -6.4040E+04  2.7491E+05
0000596   8.8783E+07  8.2300E+05 -1.5584E+06
0000597   8.9460E+07  1.3943E+06 -8.8654E+05
0000598   8.9968E+07 -4.5488E+05  1.0854E+06
0000599   9.0088E+07  1.0403E+06  1.2956E+06
0000600   9.0927E+07 -4.4644E+06 -3.9849E+05
0000601   9.0398E+07  1.2236E+04 -2.6582E+06
0000602   8.8969E+07 -2.0093E+06 -3.6990E+06
0000603   9.0494E+07 -4.5467E+05 -1.2695E+06
0000604   8.6593E+07  8.1354E+05 -3.7731E+05
0000605   9.0442E+07  1.5472E+06  5.8623E+05
0000606   9.1648E+07 -1.1509E+06 -2.6155E+06
0000607   9.0443E+07 -2.8319E+05  9.4847E+05
0000608   8.9217E+07 -4.0984E+05 -2.4228E+06
0000609   8.9395E+07 -2.4935E+06 -4.7631E+05
0000610   8.9992E+07 -2.0821E+06 -9.0224E+05
0000611   8.8695E+07  1.5036E+06  1.5804E+06
0000612   9.1502E+07 -5.6228E+06  2.6929E+06
0000613   9.1481E+07  9.6936E+05 -1.3107E+06
0000614   9.2895E+07 -5.7101E+05 -1.5369E+06
0000615   9.0396E+07  6.9947E+04  2.5654E+06
0000616   9.0668E+07  1.6446E+06  1.2453E+06
0000617   8.7664E+07 -2.1250E+05  7.0895E+05
0000618   8.9356E+07 -3.1501E+06  2.5429E+06
0000619   9.2720E+07 -2.1956E+05 -1.5548E+06
0000620   8.8674E+07  1.0829E+06 -1.1320E+05
0000621   9.1169E+07  9.6858E+05  2.5934E+05
0000622   9.0798E+07 -2.0194E+06  1.4568E+06
0000623   9.2573E+07 -3.9853E+06 -2.1441E+06
0000624   8.8684E+07 -2.4887E+06 -2.7217E+05
0000625   8.9666E+07  8.1266E+05 -2.8544E+06
0000626   9.2364E+07  6.7866E+05 -2.9700E+06
0000627   9.0928E+07 -4.0146E+06  3.5475E+05
0000628   8.9814E+07  9.4714E+05 -5.8526E+04
0000629   8.7642E+07 -3.4010E+06 -2.3952E+06
0000630   9.0825E+07 -1.5774E+06  1.1261E+06
0000631   8.7758E+07 -4.7937E+06  3.7978E+06
0000632   9.0633E+07  3.8281E+05  6.0529E+04
0000633   8.9803E+07  9.1551E+05 -4.0364E+05
0000634   9.0438E+07 -2.8101E+06 -1.0825E+06
0000635   8.8398E+07  1.8887E+06 -6.1453E+06
0000636   8.9869E+07  1.1070E+06  2.0341E+06
0000637   8.8819E+07  1.5577E+06 -1.6636E+05
0000638   8.8031E+07 -5.4339E+06 -7.3848E+05
0000639   8.9728E+07 -8.3019E+05 -5.4335E+05
0000640   9.0790E+07 -1.6435E+06 -2.7853E+06
0000641   8.9407E+07  4.4106E+06  3.7476E+05
0000642   8.8104E+07 -3.7090E+06  1.2924E+06
0000643   8.9871E+07 -5.5995E+05  1.5019E+06
0000644   9.2622E+07  1.7647E+06  1.8615E+06
0000645   9.0312E+07  9.8316E+05  8.0463E+05
0000646   8.9325E+07 -5.4161E+05  3.1018E+05
0000647   8.9708E+07  4.9622E+05 -2.3865E+06
0000648   9.1605E+07 -4.7826E+05  6.5316E+05
0000649   9.0807E+07 -1.4797E+06 -3.9938E+06
0000650   8.7913E+07  1.4195E+06 -8.8687E+05
0000651   9.2630E+07  1.2263E+06  1.4299E+06
0000652   8.8808E+07 -3.3672E+05 -2.1209E+06
0000653   9.2109E+07  3.5461E+06 -1.9623E+06
0000654   8.7907E+07  3.3361E+05 -8.1955E+05
0000655   8.9728E+07 -1.0026E+06 -1.5855E+06
0000656   9.0087E+07  1.2160E+06  1.1415E+06
0000657   8.8089E+07  2.3435E+06  1.8586E+06
0000658   9.0755E+07  6.8564E+05 -1.5154E+04
0000659   9.0405E+07  7.6749E+05  3.9253E+06
0000660   8.8319E+07  1.5007E+06  2.9229E+06
0000661   9.2249E+07 -1.7179E+06 -2.8457E+06
0000662   8.8844E+07  1.5969E+06  2.3425E+06
0000663   9.3376E+07 -3.2576E+06 -1.4923E+06
0000664   9.1952E+07 -1.7265E+06 -1.1954E+06
0000665   8.7086E+07 -3.1451E+06 -2.0185E+06
0000666   8.8131E+07 -1.0762E+06  6.5611E+05
0000667   9.0416E+07  2.1613E+06 -6.7811E+05
0000668   8.9896E+07 -2.1579E+06 -5.6533E+05
0000669   8.8966E+07  1.3112E+06  1.8752E+06
0000670   8.8935E+07 -4.8912E+06  2.2440E+04
0000671   9.1215E+07 -1.9493E+05  2.2651E+05
0000672   9.0160E+07  1.3146E+06  1.1485E+06
0000673   9.0195E+07  9.9711E+05  1.2041E+06
0000674   8.9700E+07  1.6143E+06  6.3289E+05
0000675   8.9404E+07 -4.1763E+06 -1.3783E+06
0000676   8.9554E+07  1.7029E+06  7.7217E+05
0000677   8.9347E+07 -7.8630E+05 -1.1748E+05
0000678   9.0403E+07 -3.1187E+06  3.9932E+06
0000679   9.0708E+07 -3.4866E+06  2.0238E+06
0000680   9.0277E+07 -2.6054E+06 -5.7170E+05
0000681   8.9349E+07 -1.3279E+06 -2.4405E+06
0000682   9.0151E+07  1.6858E+06  8.0156E+04
0000683   8.9520E+07  3.5403E+06  1.7177E+06
0000684   9.0148E+07  4.7797E+05  5.3076E+05
0000685   8.9442E+07 -1.3677E+06 -3.5955E+04
0000686   8.8146E+07  5.0659E+05 -3.0796E+06
0000687   8.9072E+07 -6.3875E+05  6.9061E+04
0000688   9.0839E+07  1.9275E+06  8.7542E+05
0000689   9.1697E+07  2.2717E+06 -5.2420E+05
0000690   8.7349E+07  2.9706E+06  4.7476E+05
0000691   8.6627E+07  3.6659E+06 -1.7293E+06
0000692   8.7768E+07 -9.6791E+04 -1.7184E+06
0000693   8.8127E+07 -2.5424E+06 -6.5161E+05
0000694   9.0689E+07  8.7107E+05 -7.9648E+05
0000695   8.8157E+07 -8.8130E+05 -2.1993E+05
0000696   9.0311E+07 -3.8202E+05 -3.5108E+05
0000697   8.9542E+07 -4.0750E+06 -4.0311E+06
0000698   8.7798E+07 -6.2701E+05  2.1810E+06
0000699   8.8653E+07  1.3327E+06  1.7816E+06
0000700   8.8226E+07  1.8703E+05 -3.3651E+06
0000701   9.0746E+07 -1.8229E+06 -3.1674E+06
0000702   8.7749E+07 -3.6819E+06 -1.5978E+06
0000703   9.3421E+07  4.6730E+06  1.5785E+05
0000704   9.0727E+07  3.9513E+06 -3.4841E+06
0000705   8.9629E+07 -2.1253E+06 -3.6605E+06
0000706   8.9706E+07  1.3181E+06 -1.2072E+06
0000707   9.0255E+07  1.8581E+06  1.4328E+06
0000708   9.1090E+07 -1.0984E+06  4.4393E+05
0000709   8.9132E+07 -1.4798E+06 -9.9391E+05
0000710   8.8998E+07  3.7159E+06 -6.3785E+06
0000711   9.2473E+07 -2.6512E+06 -5.4255E+05
0000712   8.9120E+07  1.5978E+06  1.6795E+06
0000713   8.8788E+07  7.9977E+05  8.5278E+05
0000714   8.9060E+07 -2.2695E+06 -9.3100E+05
0000715   9.1788E+07 -9.1877E+05  2.3186E+06
0000716   8.7600E+07  1.4945E+06 -3.2542E+06
0000717   9.1231E+07 -5.1959E+05  7.4377E+05
0000718   8.9266E+07  1.9089E+06  1.7592E+06
0000719   8.9196E+07 -8.0502E+05  8.9489E+04
0000720   9.2461E+07 -9.7584E+05  1.4390E+06
0000721   9.0575E+07 -2.5428E+06  2.5145E+06
0000722   8.7870E+07 -7.0450E+05 -2.3899E+06
0000723   8.9371E+07 -2.6843E+06  2.2577E+06
0000724   8.8895E+07 -8.6945E+05 -1.2429E+06
0000725   8.8772E+07  4.3756E+05 -2.3610E+06
0000726   8.9696E+07 -2.5937E+06 -1.0813E+06
0000727   8.9409E+07  8.3528E+05 -2.5898E+06
0000728   9.0819E+07 -1.0265E+06  5.4113E+05
0000729   9.0444E+07  1.4701E+06 -6.1110E+04
0000730   9.1026E+07 -1.7642E+06  1.1483E+06
0000731   8.9327E+07  5.0683E+04  1.2084E+06
0000732   8.9794E+07  2.5810E+06 -3.6888E+05
0000733   8.9604E+07  8.1261E+05  6.2130E+05
0000734   9.0490E+07 -5.9216E+05  1.4779E+06
0000735   8.8859E+07 -2.1756E+06  1.6439E+06
0000736   8.8648E+07  3.5165E+06 -1.2290E+06
0000737   9.0954E+07 -1.4200E+06  1.3686E+05
0000738   8.7761E+07 -2.6596E+06  1.6802E+07
0000739   9.0921E+07 -1.8435E+06  7.7877E+05
0000740   9.0376E+07 -2.4122E+06 -1.3550E+06
0000741   8.9413E+07 -1.1096E+05  2.5596E+06
0000742   8.8915E+07 -7.2047E+05  3.3864E+06
0000743   9.0970E+07  2.9184E+06 -2.3209E+06
0000744   8.9729E+07 -1.3731E+06  1.2663E+06
0000745   9.1101E+07  4.7322E+04 -6.3238E+06
0000746   9.1792E+07 -3.6490E+06  2.1096E+04
0000747   9.0090E+07  2.7570E+06  3.6735E+06
0000748   9.0254E+07 -4.8713E+05 -1.2092E+06
0000749   8.8587E+07 -4.6119E+04  4.3813E+05
0000750   8.8245E+07 -1.6666E+06  2.3921E+06
0000751   9.0047E+07  8.5082E+06  4.2963E+06
0000752   8.8321E+07 -1.2709E+06  4.3494E+05
0000753   8.9212E+07 -5.5955E+05 -1.3564E+06
0000754   8.9307E+07  1.2570E+06 -1.0014E+06
0000755   8.9025E+07 -5.6250E+06 -3.3217E+06
0000756   9.0070E+07  3.3522E+06  2.1343E+06
0000757   8.7384E+07  5.1861E+05 -3.5093E+06
0000758   8.9742E+07 -1.2905E+06 -2.0616E+06
0000759   8.8442E+07 -1.4186E+05 -7.1008E+05
0000760   8.7082E+07  4.4506E+05 -4.9374E+05
0000761   8.9830E+07  4.2528E+06 -2.3544E+06
0000762   8.9904E+07 -1.0330E+06 -3.0618E+06
0000763   8.9580E+07 -1.2092E+06 -5.7032E+05
0000764   9.1110E+07 -8.5830E+05 -1.1378E+06
0000765   9.1480E+07  2.7413E+05 -7.3723E+05
0000766   9.1609E+07  1.1379E+06  3.9092E+05
0000767   9.0168E+07 -3.6458E+05  1.0516E+06
0000768   9.0285E+07  6.2341E+05  2.4895E+06
0000769   8.7203E+07  7.0726E+05 -1.9740E+05
0000770   9.2088E+07 -2.6230E+06 -2.0576E+06
0000771   9.1006E+07  3.1072E+06 -2.7151E+04
0000772   8.6855E+07 -1.2048E+06 -6.0311E+05
0000773   8.9119E+07  3.9013E+05  2.8394E+05
0000774   9.0283E+07  2.9799E+06  7.9810E+05
0000775   8.8274E+07 -4.3398E+05 -1.5233E+06
0000776   9.0377E+07 -2.3130E+06  4.4029E+06
0000777   8.9971E+07  3.9533E+06  4.9761E+06
0000778   8.9183E+07  1.0370E+06  2.6942E+06
0000779   8.7962E+07  1.0166E+06 -6.4906E+05
0000780   9.1251E+07 -8.6244E+05  1.1088E+05
0000781   8.9234E+07  6.8452E+06 -4.9112E+06
0000782   9.1641E+07 -4.2816E+05  2.8930E+06
0000783   9.0340E+07 -9.2441E+04  1.7479E+06
0000784   9.0186E+07 -9.0045E+04  1.5986E+06
0000785   8.9331E+07 -8.9386E+05  3.7160E+05
0000786   8.9610E+07  7.6691E+05 -1.7030E+06
0000787   8.9438E+07  1.0057E+06 -8.3719E+05
0000788   9.0471E+07 -5.1038E+06  1.0211E+06
0000789   8.8537E+07  3.2746E+06  3.8138E+06
0000790   8.8378E+07 -4.2873E+06 -2.8690E+06
0000791   9.0014E+07 -3.2835E+06 -3.2103E+06
0000792   8.9782E+07 -3.0644E+04 -2.5182E+06
0000793   8.9215E+07  4.7205E+06  9.2413E+06
0000794   8.9219E+07 -1.3320E+06  7.8390E+05
0000795   9.0314E+07  1.2729E+06 -9.3083E+05
0000796   8.8600E+07  8.4836E+05  5.8926E+05
0000797   8.9445E+07  9.1137E+06  2.7374E+06
0000798   8.9809E+07 -4.2789E+06  2.0287E+04
0000799   9.3941E+07 -1.8602E+06  7.4251E+05
0000800   9.0297E+07  4.9144E+06 -1.0309E+07
0000801   8.9174E+07 -8.9566E+05  6.5175E+05
0000802   8.7114E+07  9.8012E+05  5.4406E+05
0000803   9.0018E+07  5.8868E+06 -6.9336E+05
0000804   9.0626E+07  1.5946E+06 -2.2373E+06
0000805   8.6658E+07 -1.6650E+06 -1.2620E+06
0000806   9.0587E+07  1.0088E+06 -7.3585E+05
0000807   9.0380E+07  1.1904E+06  2.4675E+06
0000808   8.7351E+07 -1.1909E+06 -1.4892E+06
0000809   9.2313E+07  1.3138E+06  5.2685E+05
0000810   8.9769E+07  8.2741E+05  3.5586E+05
0000811   8.8484E+07  3.1043E+05  1.9104E+06
0000812   9.0560E+07 -6.0228E+06 -2.1789E+06
0000813   9.1503E+07 -2.1279E+06 -5.4651E+05
0000814   8.8669E+07 -7.9278E+05  5.2179E+06
0000815   8.9854E+07 -2.0889E+06 -1.9502E+06
0000816   9.0321E+07  1.9198E+06  2.9816E+06
0000817   8.9023E+07  1.0522E+07  1.4204E+06
0000818   8.8217E+07  1.9951E+06  2.2512E+06
0000819   9.1774E+07 -7.7370E+05  5.1051E+05
0000820   8.8905E+07 -2.8704E+06  1.2254E+06
0000821   8.9224E+07 -3.3647E+06 -1.4890E+06
0000822   8.8762E+07 -1.8189E+05 -3.0461E+06
0000823   9.0089E+07 -1.9480E+06 -2.1346E+06
0000824   8.8077E+07 -1.8287E+06  5.8122E+06
0000825   9.3384E+07  6.5062E+06 -5.2491E+05
0000826   8.9590E+07  7.6585E+05  2.7265E+06
0000827   9.0987E+07 -3.0404E+06  2.5554E+06
0000828   8.9253E+07  1.5960E+06 -1.4579E+06
0000829   8.9202E+07 -1.8090E+06  3.9042E+05
0000830   8.7372E+07 -1.7181E+06  4.2047E+05
0000831   9.2664E+07 -4.6289E+06  1.0828E+06
0000832   8.9877E+07  1.8567E+06 -1.5261E+06
0000833   8.8828E+07  1.8778E+06  2.6315E+06
0000834   8.8904E+07 -7.0483E+05  7.8177E+05
0000835   9.0454E+07 -6.5614E+05  2.1205E+06
0000836   9.0121E+07 -2.2245E+06  3.5346E+05
0000837   9.1296E+07  1.4863E+06  1.0523E+06
0000838   8.6323E+07  1.5622E+06  3.5311E+06
0000839   9.3461E+07  1.7067E+06  3.3904E+06
0000840   8.9945E+07  1.5068E+06  1.5011E+06
0000841   8.9329E+07  7.3455E+05  1.0649E+05
0000842   8.9307E+07  1.3194E+06  1.4711E+06
0000843   8.7361E+07  1.0247E+06 -3.4522E+06
0000844   8.9321E+07 -7.2385E+05  3.2390E+06
0000845   8.9000E+07 -2.5219E+06  1.4883E+06
0000846   9.0330E+07  5.7281E+05 -1.8298E+06
0000847   8.9065E+07 -1.8051E+06 -1.7918E+06
0000848   8.9557E+07  2.0942E+06  1.9730E+06
0000849   9.0692E+07  8.9599E+05 -2.5864E+06
0000850   9.0848E+07 -4.3818E+06 -2.7585E+06
0000851   9.0548E+07  5.2621E+05 -7.0469E+05
0000852   8.8523E+07  1.8785E+06 -9.6789E+05
0000853   9.1388E+07  3.9411E+03 -1.0937E+06
0000854   8.9997E+07 -6.1090E+05 -4.8654E+05
0000855   9.0337E+07 -3.9747E+05  4.3232E+05
0000856   9.0567E+07 -2.1267E+06 -1.5598E+06
0000857   8.8907E+07 -7.4522E+04 -4.0847E+05
0000858   9.1055E+07 -4.1228E+05  1.9062E+06
0000859   9.1154E+07 -5.0016E+05 -7.2154E+05
0000860   8.9717E+07 -3.2834E+05  2.9966E+06
0000861   8.8147E+07 -4.9664E+05 -9.7698E+05
0000862   9.2073E+07 -1.0995E+05  5.9138E+05
0000863   8.9784E+07 -1.1451E+06  1.1133E+06
0000864   8.8202E+07 -6.9424E+04 -1.4390E+06
0000865   8.9189E+07  5.4567E+06 -1.0339E+06
0000866   8.9937E+07 -1.2747E+06 -9.6805E+05
0000867   9.1396E+07  9.0720E+05  1.4485E+06
0000868   8.9695E+07 -3.1092E+06 -9.3609E+05
0000869   9.3341E+07 -1.1232E+05 -5.9460E+04
0000870   9.0092E+07 -7.1102E+05 -1.7356E+06
0000871   8.9363E+07 -3.6087E+06  1.5370E+06
0000872   8.9056E+07  1.1270E+06 -1.0385E+06
0000873   9.0887E+07 -1.6807E+06 -7.3025E+05
0000874   8.9892E+07  4.0512E+06 -2.1312E+05
0000875   9.0692E+07  1.3157E+06  5.1378E+05
0000876   8.9872E+07 -3.6150E+06  2.5623E+05
0000877   8.8926E+07 -8.5926E+05 -1.2051E+06
0000878   8.8365E+07 -4.4156E+04  3.9524E+05
0000879   8.8363E+07 -5.6326E+05 -1.6793E+04
0000880   8.8676E+07  2.0117E+06  2.1252E+06
0000881   8.9252E+07 -1.9063E+06  1.9528E+06
0000882   9.0711E+07 -3.3267E+05 -2.5849E+06
0000883   8.8783E+07 -9.8555E+05 -1.4617E+06
0000884   8.9765E+07 -5.1591E+05 -2.3153E+04
0000885   8.9345E+07 -1.1252E+06  1.7281E+05
0000886   9.0331E+07 -3.1406E+06 -2.9833E+06
0000887   9.3686E+07 -1.1206E+06  3.3925E+06
0000888   8.9875E+07  2.2524E+05 -1.3193E+06
0000889   8.8349E+07 -1.7727E+05  1.4062E+06
0000890   8.9615E+07 -2.3099E+06  1.2615E+06
0000891   8.7449E+07 -5.1211E+04  3.2036E+06
0000892   9.0580E+07  1.3301E+06  3.9340E+05
0000893   9.0731E+07 -1.9523E+04  1.9803E+04
0000894   8.9270E+07 -8.7657E+05 -1.3079E+06
0000895   9.0477E+07 -5.5148E+06  5.3576E+06
0000896   8.9393E+07 -1.3557E+06 -8.5321E+05
0000897   8.9462E+07  1.0641E+06 -2.0411E+06
0000898   8.8655E+07  2.8677E+06 -1.5186E+06
0000899   9.0733E+07 -3.4358E+06  2.7807E+06
0000900   8.7141E+07 -3.2958E+06  6.0874E+05
0000901   9.1314E+07  2.9300E+06 -7.6537E+05
0000902   9.0281E+07  5.9670E+03  1.9167E+06
0000903   8.8732E+07  8.1956E+05 -1.3292E+06
0000904   8.9098E+07 -8.1674E+05  1.5042E+06
0000905   8.8820E+07 -1.8967E+06  4.5652E+06
0000906   9.0042E+07 -6.6414E+05  1.4907E+06
0000907   9.2226E+07 -1.5344E+05  4.6871E+05
0000908   9.0440E+07 -3.0694E+04  1.3936E+06
0000909   8.7523E+07  7.7491E+05 -2.0315E+05
0000910   8.9554E+07  2.0507E+06  4.8334E+05
0000911   8.9134E+07 -1.9976E+06 -2.5511E+06
0000912   8.8994E+07 -2.1331E+06 -2.2349E+06
0000913   8.9441E+07  4.8672E+06  2.4149E+05
0000914   9.0707E+07 -2.8902E+05  1.8910E+05
0000915   8.9283E+07  5.0598E+06 -1.1232E+06
0000916   8.7859E+07 -2.3186E+06  1.4204E+06
0000917   8.8351E+07  1.6500E+06 -4.3678E+06
0000918   8.9449E+07  1.8145E+06 -3.0592E+06
0000919   9.0700E+07 -2.4395E+06  2.3634E+06
0000920   8.8990E+07  8.6601E+06  8.0909E+05
0000921   8.8867E+07  1.7625E+06  9.2053E+05
0000922   8.8409E+07 -2.5401E+06  2.1687E+06
0000923   8.9136E+07  9.6332E+05  1.8319E+06
0000924   8.8685E+07  1.2741E+06  1.1370E+06
0000925   9.1728E+07  4.8855E+05  1.8431E+06
0000926   9.3436E+07 -1.0454E+06 -9.1664E+04
0000927   8.8248E+07  3.6007E+06 -2.2354E+06
0000928   8.7583E+07  4.1473E+06 -5.6439E+05
0000929   8.6152E+07  2.4880E+06  1.5812E+06
0000930   9.0699E+07  5.8325E+04 -8.2825E+05
0000931   8.8496E+07 -1.7170E+05  4.9011E+06
0000932   8.9263E+07 -1.2843E+06 -1.1472E+06
0000933   8.9009E+07 -4.9109E+05 -2.3467E+06
0000934   8.9754E+07 -4.9235E+06  2.7503E+06
0000935   8.7981E+07 -1.5188E+06  1.1709E+06
0000936   8.6859E+07 -1.5489E+06 -1.9916E+06
0000937   8.9887E+07 -4.0515E+05  1.7516E+06
0000938   8.9395E+07 -1.1435E+06 -9.3277E+05
0000939   8.8362E+07 -1.8904E+06  1.5319E+06
0000940   9.0314E+07  7.3061E+05  2.2285E+06
0000941   8.8099E+07 -2.1342E+06  5.1191E+06
0000942   8.9737E+07 -5.5492E+05  9.7101E+05
0000943   8.9559E+07  5.6216E+05 -2.6659E+06
0000944   9.0316E+07  4.8281E+06  4.3186E+06
0000945   9.1026E+07  1.0489E+06  1.9178E+06
0000946   8.9141E+07 -8.9185E+05  2.4750E+05
0000947   9.0814E+07 -2.5283E+05 -3.3780E+06
0000948   8.3331E+07  3.4600E+06 -1.7452E+07
0000949   9.2579E+07 -8.7393E+05  1.3790E+06
0000950   8.7303E+07  7.4064E+05  2.6267E+06
0000951   8.9722E+07  1.2318E+06  1.4316E+06
0000952   8.6430E+07  8.9383E+04 -7.3851E+05
0000953   8.9307E+07  6.3150E+06 -9.9221E+04
0000954   8.7356E+07 -2.9913E+06  2.4947E+06
0000955   9.0970E+07  1.8834E+05  1.8236E+06
0000956   9.0969E+07  6.4785E+05 -3.6769E+05
0000957   9.2066E+07  1.4442E+06  1.0316E+06
0000958   9.1911E+07  1.5886E+06 -2.2550E+05
0000959   9.0660E+07  2.7321E+06 -8.1904E+05
0000960   8.8595E+07 -1.9506E+06 -2.9911E+05
0000961   8.6462E+07  3.1677E+05 -6.7665E+05
0000962   8.8839E+07 -9.4466E+05  1.6970E+06
0000963   8.6934E+07 -5.5748E+06 -3.7935E+06
0000964   9.1079E+07 -1.3486E+06 -1.2272E+05
0000965   9.0197E+07  2.1508E+06 -7.2945E+05
0000966   8.9263E+07  2.0450E+06  1.4788E+06
0000967   8.9485E+07  1.3847E+06 -1.4627E+06
0000968   9.1167E+07  2.7750E+05 -3.6544E+06
0000969   8.7213E+07 -6.4060E+05  6.2966E+05
0000970   9.2442E+07 -1.5656E+06  1.6939E+06
0000971   9.0538E+07  2.3502E+06  1.1076E+06
0000972   9.0229E+07 -1.1308E+05  6.1088E+05
0000973   9.0884E+07  1.4679E+06 -5.8907E+04
0000974   8.8052E+07 -1.9630E+06 -1.3068E+06
0000975   9.0017E+07 -2.8007E+06  7.4667E+05
0000976   9.0668E+07  1.3438E+06  3.7135E+06
0000977   8.8854E+07  3.1803E+06 -6.8221E+05
0000978   9.2110E+07  1.4962E+06  2.4733E+05
0000979   8.9187E+07  3.9059E+04  2.3128E+06
0000980   9.0634E+07  2.9000E+06  8.0412E+05
0000981   8.9153E+07  2.2473E+06 -2.5040E+06
0000982   9.0161E+07 -4.6619E+06  2.7647E+06
0000983   8.9178E+07 -1.4002E+06  9.8104E+05
0000984   9.0515E+07  8.1691E+05  2.8007E+05
0000985   9.0780E+07 -7.6122E+05 -8.9307E+05
0000986   8.8693E+07  1.2250E+06  1.2934E+05
0000987   9.1151E+07 -3.6448E+06  3.3296E+06
0000988   9.0462E+07  2.8074E+06 -3.7411E+06
0000989   9.1205E+07  2.0877E+06 -2.0808E+05
0000990   8.9406E+07 -3.0724E+06  2.0003E+06
0000991   8.7421E+07  3.1405E+06  1.1582E+06
0000992   9.0095E+07 -1.6562E+06 -2.0399E+06
0000993   9.0806E+07  9.5349E+05 -2.8191E+05
0000994   8.9034E+07  2.2984E+06 -7.6804E+05
0000995   8.8685E+07  1.2180E+06 -1.4880E+06
0000996   8.8265E+07  3.2349E+06 -8.2471E+05
0000997   8.8874E+07  2.7402E+06  3.1204E+06
0000998   8.9343E+07  2.4005E+06  5.1769E+05
0000999   8.9571E+07  1.2669E+06 -1.7365E+06
0001000   8.8403E+07  1.1003E+06  8.4893E+05
0001001   9.0351E+07 -8.8368E+05  4.3703E+05
0001002   9.0194E+07 -8.4333E+05  2.3659E+06
0001003   8.8737E+07  1.2991E+06  2.1264E+06
0001004   8.9328E+07 -5.3266E+05 -1.1546E+06
0001005   9.0734E+07 -2.7592E+06 -8.2718E+05
0001006   9.0763E+07 -1.0848E+06  2.7162E+06
0001007   8.8966E+07 -1.8041E+06 -2.0782E+06
0001008   8.9183E+07 -3.3321E+06  9.5487E+05
0001009   8.9949E+07 -3.6143E+06  3.6534E+06
0001010   9.0778E+07  1.0775E+06  1.1110E+06
0001011   8.6687E+07 -3.0818E+06 -4.6403E+06
0001012   8.9215E+07 -4.1130E+05  4.4058E+05
0001013   9.1128E+07  2.4866E+06 -2.1746E+06
0001014   9.0755E+07 -2.0920E+06  4.6868E+06
0001015   9.0674E+07 -9.5739E+05 -3.8775E+05
0001016   9.0317E+07 -7.8095E+05 -3.0070E+06
0001017   9.0521E+07 -7.1864E+04  4.9560E+04
0001018   8.8122E+07 -1.7545E+06 -1.9469E+06
0001019   8.9454E+07  1.1104E+06  3.4608E+05
0001020   9.0003E+07  1.5935E+06 -3.0124E+06
0001021   8.9263E+07  1.5789E+06 -4.5749E+05
0001022   9.0228E+07 -1.5055E+05  7.6647E+05
0001023   8.8804E+07  5.0624E+05 -7.4524E+05
0001024   9.1095E+07  3.9400E+06  2.2896E+05
0001025   8.9959E+07 -1.7929E+06  1.4753E+06
0001026   9.0597E+07  6.8674E+05 -7.7710E+05
0001027   9.0825E+07  3.1845E+06  3.5845E+06
0001028   9.0500E+07  1.3274E+06  5.2014E+05
0001029   8.9856E+07 -1.0130E+06  1.0012E+05
0001030   8.9726E+07  2.1021E+06 -1.0262E+05
0001031   9.1119E+07 -1.3985E+06 -9.8262E+05
0001032   8.9107E+07  3.8011E+06  2.5387E+06
0001033   8.8130E+07  3.7559E+06  3.3318E+05
0001034   8.8792E+07 -3.6179E+05  3.6159E+05
0001035   9.1120E+07 -3.1433E+06  1.6265E+05
0001036   8.9795E+07 -3.2483E+05 -8.0983E+05
0001037   9.1148E+07 -2.9371E+06  1.2864E+05
0001038   8.8427E+07  1.2078E+07 -4.7089E+06
0001039   8.7787E+07 -4.0032E+05  1.3704E+06
0001040   8.9533E+07 -5.1174E+06 -1.7870E+06
0001041   8.7707E+07 -3.6412E+04 -6.4358E+06
0001042   8.9311E+07 -6.7780E+05 -2.1815E+06
0001043   9.0104E+07 -6.3777E+06 -2.0690E+06
0001044   8.8552E+07 -9.5078E+05 -1.0939E+06
0001045   8.8310E+07 -1.7963E+06 -4.4280E+05
0001046   9.0570E+07  6.4871E+04 -4.5089E+06
0001047   8.8446E+07  5.8460E+06 -4.2499E+05
0001048   8.9770E+07 -3.1634E+06 -1.9675E+06
0001049   8.7683E+07 -8.5534E+05  2.3743E+04
0001050   9.0406E+07  2.9468E+06  8.8137E+05
0001051   9.0612E+07 -4.9664E+05 -2.7610E+06
0001052   9.0211E+07  1.3281E+06 -4.2352E+05
0001053   9.1418E+07 -1.3401E+05  3.4511E+06
0001054   8.7367E+07  3.1104E+05 -2.3594E+06
0001055   8.9083E+07 -1.3523E+06  1.1727E+06
0001056   8.9548E+07  3.0828E+06  2.2375E+06
0001057   8.8895E+07 -1.1421E+05  2.6446E+06
0001058   8.9686E+07 -2.1825E+06 -1.3214E+06
0001059   8.8605E+07 -2.9055E+06 -7.1077E+05
0001060   9.0520E+07 -1.9319E+06  2.9944E+06
0001061   9.0151E+07  4.8885E+05  1.0035E+06
0001062   9.0912E+07  4.9144E+05  4.7925E+05
0001063   9.1711E+07 -2.0210E+06 -2.4799E+06
0001064   8.8753E+07  1.3030E+06 -1.8331E+06
0001065   8.9971E+07 -2.7285E+05  7.0201E+05
0001066   8.9906E+07  2.0881E+06  3.3899E+06
0001067   8.8999E+07 -7.5032E+05 -4.3823E+06
0001068   9.0578E+07  2.2327E+06 -5.5033E+04
0001069   9.1215E+07  2.0386E+06  4.4505E+05
0001070   9.1341E+07  4.2788E+06  3.4318E+05
0001071   8.8555E+07 -1.0177E+06  2.3651E+06
0001072   9.0093E+07  5.0217E+06  1.9101E+06
0001073   9.0983E+07  1.3544E+05 -7.3983E+04
0001074   8.7982E+07 -1.5558E+06 -3.2124E+06
0001075   8.8889E+07  3.8190E+06 -7.5277E+05
0001076   8.9397E+07 -1.0869E+05  1.4026E+06
0001077   9.1496E+07 -8.8926E+05 -1.3804E+06
0001078   9.0385E+07 -6.0242E+04  2.1752E+06
0001079   9.0195E+07 -1.1473E+06 -1.4339E+06
0001080   8.8413E+07 -3.6249E+06  3.4197E+06
0001081   8.9565E+07  2.0820E+06 -1.4196E+06
0001082   8.8394E+07  4.0415E+05  1.6164E+06
0001083   8.9166E+07  3.5930E+06 -2.9372E+06
0001084   8.8906E+07 -8.5394E+05 -1.2765E+05
0001085   8.9680E+07 -1.2955E+06 -1.7293E+06
0001086   9.1676E+07 -4.9386E+05  1.1056E+05
0001087   9.3003E+07  3.7627E+05 -2.6296E+04
0001088   9.0012E+07 -1.6083E+06  2.8996E+04
0001089   8.9941E+07  1.0536E+06  8.5180E+05
0001090   8.7176E+07  2.5984E+06  5.5891E+06
0001091   8.9257E+07 -7.9558E+05  1.4581E+06
0001092   9.0653E+07  1.9791E+06  3.6449E+05
0001093   9.1586E+07 -5.6632E+05 -5.1035E+05
0001094   9.0008E+07  1.1161E+06 -2.2132E+06
0001095   9.0138E+07 -9.2584E+03 -1.3927E+06
0001096   8.8599E+07  1.8919E+06  1.0247E+06
0001097   9.1168E+07  3.7560E+04 -2.7457E+05
0001098   8.7379E+07 -5.0574E+06  4.6335E+06
0001099   8.9917E+07  1.3874E+06 -1.2319E+06
0001100   8.9255E+07  2.5715E+06 -3.9737E+05
0001101   8.9311E+07 -4.0447E+05  1.6823E+06
0001102   9.0540E+07 -2.3169E+06 -2.3084E+06
0001103   8.7508E+07  3.3764E+05  1.7817E+06
0001104   9.2091E+07  1.9007E+06 -1.2235E+06
0001105   9.0242E+07  2.9212E+06  9.9158E+05
0001106   9.0035E+07  2.0061E+06  2.3213E+04
0001107   8.7201E+07 -1.9302E+06 -4.4827E+05
0001108   8.7949E+07 -1.9148E+06 -2.4917E+06
0001109   9.2662E+07 -2.8622E+05 -2.4089E+06
0001110   9.2794E+07  4.5089E+06  4.8464E+05
0001111   9.0761E+07  1.0156E+06 -1.1067E+06
0001112   8.7642E+07 -2.1723E+06 -7.8544E+05
0001113   9.1722E+07 -1.9294E+06  1.7856E+06
0001114   9.1752E+07  2.2340E+06  9.4097E+05
0001115   9.0360E+07 -1.1336E+06 -1.6702E+06
0001116   8.8829E+07  4.5711E+05 -1.2097E+06
0001117   8.8645E+07  3.0689E+06 -2.5994E+05
0001118   8.9870E+07 -2.1627E+06 -1.2782E+06
0001119   9.0762E+07 -1.2850E+06  4.1262E+06
0001120   8.7766E+07  3.1002E+06  2.7028E+06
0001121   9.2535E+07 -2.4990E+06 -8.0299E+05
0001122   8.9511E+07 -3.9615E+06  1.0480E+06
0001123   8.7418E+07  1.5716E+06  6.2049E+04
0001124   9.1943E+07  1.5819E+06 -1.4733E+06
0001125   9.2167E+07  5.2637E+06 -3.4000E+06
0001126   9.1564E+07 -9.7315E+05  3.0426E+06
0001127   9.1048E+07 -1.2228E+06  2.5835E+06
0001128   9.1947E+07  2.3863E+06 -1.4486E+05
0001129   9.0033E+07 -6.4021E+05  6.1029E+05
0001130   9.2040E+07  5.8524E+06  4.7187E+06
0001131   9.1138E+07  7.5887E+06 -4.4941E+06
0001132   9.0972E+07 -1.6356E+06 -3.7050E+05
0001133   8.9069E+07 -3.4775E+06  3.2087E+06
0001134   8.7370E+07  7.4302E+06  1.1898E+06
0001135   8.9108E+07  9.2608E+06 -2.1975E+06
0001136   9.0462E+07 -1.7184E+05 -1.4132E+06
0001137   9.0737E+07  3.3775E+06  2.7522E+06
0001138   9.1251E+07 -6.8864E+05  3.1063E+06
0001139   8.9548E+07  1.0155E+05 -6.4892E+05
0001140   9.0997E+07 -4.2992E+06 -5.4748E+05
0001141   8.9855E+07  1.9439E+06  1.3496E+06
0001142   9.0654E+07 -2.2723E+06 -1.8290E+06
0001143   8.8598E+07  9.5250E+05  3.3893E+06
0001144   9.1335E+07 -1.9993E+06 -1.6212E+06
0001145   9.1325E+07  3.0662E+06  8.4293E+05
0001146   9.0644E+07 -6.1218E+05 -5.9627E+05
0001147   8.8517E+07  1.3366E+06 -7.7772E+05
0001148   9.0371E+07  2.6863E+06 -2.3334E+06
0001149   8.9773E+07 -9.5513E+05 -2.2393E+05
0001150   9.3359E+07 -3.6525E+05  3.2581E+06
0001151   9.2457E+07 -6.5102E+05 -1.8512E+06
0001152   9.0924E+07  5.9762E+05 -3.6739E+06
0001153   8.7508E+07 -1.5037E+06 -1.4241E+06
0001154   9.0815E+07 -4.2666E+05  4.3739E+06
0001155   8.8822E+07  8.2360E+05  1.3140E+06
0001156   9.0926E+07  8.6736E+05  1.4776E+06
0001157   8.9641E+07  1.4397E+06 -9.7577E+05
0001158   8.9034E+07  2.0859E+06  2.9871E+06
0001159   8.9331E+07 -1.4383E+06  3.5373E+06
0001160   8.8757E+07  1.1749E+06  2.0328E+06
0001161   9.0650E+07  1.0043E+06 -3.7415E+06
0001162   8.7888E+07  1.7663E+06  6.8092E+05
0001163   8.8509E+07 -1.5908E+06  3.2076E+06
0001164   9.1221E+07  1.1085E+06  9.6872E+05
0001165   8.9730E+07  1.3808E+06  1.2796E+06
0001166   8.6590E+07  1.1357E+06 -9.9105E+05
0001167   9.0604E+07  2.6207E+06 -1.4880E+06
0001168   8.9929E+07  1.9242E+04  1.5344E+06
0001169   9.0854E+07 -2.9508E+05  9.6262E+05
0001170   9.0197E+07 -8.5298E+05  1.4934E+06
0001171   8.7833E+07  1.0994E+06 -6.8016E+05
0001172   9.1085E+07 -9.2614E+04 -3.3728E+05
0001173   9.0929E+07 -7.2429E+05  2.3434E+05
0001174   9.0195E+07  2.2421E+06  1.9106E+06
0001175   8.9628E+07 -1.2364E+05  3.5643E+05
0001176   8.9392E+07 -3.4636E+05 -2.9147E+06
0001177   8.6924E+07 -6.8150E+05 -5.1572E+03
0001178   9.1603E+07  1.7712E+06 -3.2940E+04
0001179   8.9046E+07  4.0842E+06 -5.0990E+05
0001180   9.0469E+07 -6.0476E+05 -1.3374E+06
0001181   8.8255E+07 -1.3179E+06 -1.4006E+06
0001182   8.9210E+07  2.1134E+06  1.8723E+06
0001183   8.8790E+07 -6.3199E+05 -1.3560E+06
0001184   9.0466E+07 -7.5690E+05 -1.7567E+06
0001185   8.9509E+07 -2.7794E+05 -7.6416E+04
0001186   8.9676E+07  1.3062E+06 -2.6442E+06
0001187   9.0917E+07 -1.7892E+06  2.6669E+06
0001188   8.7970E+07  7.9885E+05 -9.3779E+06
0001189   9.1319E+07  1.0881E+06  8.2881E+05
0001190   9.1423E+07 -9.0777E+05  2.8630E+06
0001191   9.2849E+07 -3.1742E+05 -1.6586E+05
0001192   9.2300E+07  1.8206E+06  2.0045E+06
0001193   9.0131E+07  7.8592E+05  1.0612E+06
0001194   8.9173E+07 -6.1324E+05 -8.3882E+06
0001195   9.1597E+07 -2.0697E+06 -2.5738E+06
0001196   8.9791E+07  7.7031E+05  4.6420E+06
0001197   8.8917E+07 -1.4771E+06  4.2668E+06
0001198   9.1915E+07 -2.4759E+06 -1.1513E+05
0001199   8.7755E+07 -1.6454E+06 -2.8283E+06
0001200   8.8951E+07 -1.9435E+06  2.4279E+06
0001201   8.9791E+07 -1.8324E+05 -1.2838E+06
0001202   9.0774E+07 -6.2057E+05  3.1346E+06
0001203   8.8022E+07 -1.1764E+06  1.5490E+06
0001204   8.7394E+07  7.7244E+04 -7.9359E+05
0001205   9.0603E+07 -3.5341E+06  5.9958E+05
0001206   8.7023E+07  1.4806E+06 -1.9832E+06
0001207   8.9682E+07 -6.4058E+05 -1.1519E+06
0001208   8.6752E+07  2.6748E+06 -1.9016E+07
0001209   9.0566E+07 -9.4122E+05 -2.2904E+06
0001210   9.0250E+07  2.1431E+06  6.2444E+06
0001211   8.9169E+07  2.5061E+05 -8.8628E+05
0001212   8.8978E+07  2.0743E+05  2.0469E+06
0001213   8.9711E+07 -1.9520E+06 -8.5103E+05
0001214   8.9090E+07  5.3480E+05 -3.3203E+06
0001215   8.9418E+07 -5.0468E+05  7.3089E+05
0001216   8.8387E+07  1.5987E+06 -2.0977E+06
0001217   9.1636E+07  5.6893E+05  1.3750E+04
0001218   8.8743E+07  1.6481E+06 -1.8368E+06
0001219   9.1509E+07 -1.9091E+06  1.4607E+06
0001220   9.1616E+07 -5.4890E+05 -3.6909E+04
0001221   9.0264E+07  2.1121E+06  3.2572E+06
0001222   9.1380E+07  6.4532E+05 -7.6713E+05
0001223   8.7847E+07 -7.0549E+05  5.0270E+05
0001224   8.5996E+07 -1.3428E+06 -8.0631E+05
0001225   8.7176E+07 -5.3569E+06 -9.6525E+04
0001226   8.8945E+07  2.2912E+06  4.0039E+05
0001227   8.8531E+07  6.3541E+05  1.0898E+06
0001228   8.8789E+07 -7.4262E+05 -1.7240E+06
0001229   8.8685E+07 -2.9296E+06 -4.8295E+05
0001230   9.0890E+07 -1.4891E+06  1.1314E+06
0001231   8.7418E+07 -4.9914E+05  1.3701E+06
0001232   8.8010E+07 -6.5173E+05  1.3369E+06
0001233   9.0509E+07  2.8507E+06  9.0568E+05
0001234   9.2246E+07 -1.4670E+06  6.5216E+05
0001235   9.0613E+07 -6.9470E+05  9.6565E+05
0001236   9.1951E+07 -5.6906E+05 -5.1551E+05
0001237   8.5412E+07 -2.1091E+06  3.4453E+06
0001238   9.2373E+07 -1.0648E+06  3.3853E+06
0001239   9.0471E+07  1.3098E+06 -6.6708E+05
0001240   8.9721E+07 -9.2903E+05  5.9754E+05
0001241   9.2611E+07  4.6429E+05  1.9675E+06
0001242   8.9432E+07  3.4741E+06  5.7403E+06
0001243   8.9033E+07 -5.0720E+06  6.7535E+05
0001244   9.0001E+07 -1.3753E+06 -6.8817E+05
0001245   8.8678E+07  4.8299E+06  2.2484E+06
0001246   9.0285E+07  2.6034E+06  1.9204E+05
0001247   8.7060E+07 -3.3320E+03 -2.3050E+06
0001248   8.9843E+07 -5.0789E+06 -3.4028E+06
0001249   9.0275E+07 -2.8868E+06  4.6980E+06
0001250   9.0649E+07 -1.4360E+05  9.4366E+05
0001251   8.9139E+07 -2.8750E+06 -1.3846E+06
0001252   8.8712E+07 -5.4115E+06 -1.6695E+06
0001253   9.1478E+07 -1.8766E+06  2.9767E+05
0001254   8.8022E+07  1.2848E+06  2.9133E+05
0001255   8.8776E+07  5.8729E+05 -2.5140E+05
0001256   8.9204E+07 -6.9054E+05  1.2709E+06
0001257   8.9632E+07 -7.6471E+04 -3.3428E+05
0001258   8.7432E+07  1.6510E+04  2.0933E+06
0001259   9.0847E+07  2.7833E+06  7.4461E+05
0001260   9.0913E+07 -2.8974E+05  3.9593E+05
0001261   9.0440E+07  5.6557E+05  1.9623E+06
0001262   8.8788E+07  1.2899E+06  5.2041E+05
0001263   8.9657E+07 -6.9910E+05  1.1460E+06
0001264   8.7836E+07  5.3546E+06 -7.1784E+05
0001265   8.9309E+07 -1.3110E+05 -2.0774E+06
0001266   9.0418E+07  1.1731E+05 -1.0200E+06
0001267   9.0481E+07 -2.5603E+06  1.9600E+06
0001268   8.8247E+07  2.9098E+06  1.1112E+06
0001269   8.8481E+07 -9.3117E+05 -8.6416E+05
0001270   9.1573E+07  1.1939E+05  2.6717E+06
0001271   9.0861E+07  1.6624E+06  5.0952E+05
0001272   8.9566E+07  3.3151E+04  3.5103E+05
0001273   9.1370E+07  7.8905E+05 -1.0941E+06
0001274   9.0177E+07 -5.2354E+05 -3.7616E+06
0001275   9.1139E+07 -1.2842E+06 -2.4787E+06
0001276   8.8464E+07 -1.0364E+06 -7.9529E+06
0001277   9.1692E+07 -4.4691E+06 -4.3394E+06
0001278   8.9759E+07  5.7470E+05  1.9829E+06
0001279   8.8410E+07 -1.7725E+05  1.6984E+06
0001280   8.8427E+07 -2.8992E+06  1.8287E+06
0001281   9.2244E+07  1.6277E+06 -1.0388E+06
0001282   8.8523E+07  3.2880E+06  6.6558E+05
0001283   8.8056E+07  3.3634E+06  2.6755E+06
0001284   8.9755E+07  2.6563E+06  9.5412E+04
0001285   8.8493E+07  1.0971E+06 -4.1149E+06
0001286   9.1879E+07  1.4257E+06 -1.3371E+06
0001287   9.0985E+07 -4.4996E+04  2.9803E+06
0001288   9.0383E+07 -2.2574E+06  5.5841E+05
0001289   9.1763E+07  1.5301E+06 -1.7906E+06
0001290   9.1856E+07 -1.7622E+05 -7.6591E+05
0001291   8.9996E+07 -1.1576E+05  1.2456E+06
0001292   8.8787E+07 -3.2869E+06 -4.4726E+05
0001293   8.8277E+07 -3.2580E+06  6.1911E+05
0001294   9.0021E+07 -6.9674E+05 -1.6985E+06
0001295   8.9148E+07  4.7070E+06 -3.8270E+06
0001296   8.8767E+07 -2.6327E+06 -7.5757E+05
0001297   8.8826E+07  3.6127E+05  3.2136E+06
0001298   8.9076E+07 -8.1598E+05  2.7212E+06
0001299   9.1191E+07 -1.3737E+06  1.3204E+06
0001300   9.1395E+07  3.1520E+06 -2.5783E+06
0001301   8.8868E+07  1.0009E+06 -8.6741E+05
0001302   9.0903E+07  9.4805E+05 -1.0701E+06
0001303   9.0174E+07 -1.0160E+06  2.0317E+06
0001304   8.9813E+07 -2.2949E+06 -1.5535E+06
0001305   9.1110E+07 -1.3015E+06 -2.3341E+05
0001306   9.0149E+07  4.9601E+06 -1.6808E+06
0001307   8.9826E+07 -1.6864E+06 -1.7931E+06
0001308   8.9785E+07  1.3040E+06  3.1562E+05
0001309   8.9180E+07  1.4501E+06 -1.3229E+06
0001310   8.9003E+07  3.9217E+06  4.6966E+06
0001311   8.9664E+07 -1.3888E+06 -3.9504E+05
0001312   8.8668E+07  1.8798E+06  2.1809E+06
0001313   8.8642E+07 -7.3907E+05  2.2003E+06
0001314   8.9737E+07 -2.2827E+06 -2.2425E+05
0001315   8.9944E+07  2.2459E+06 -4.9412E+05
0001316   9.0632E+07  4.3995E+05 -1.8031E+06
0001317   9.0659E+07 -2.2370E+06 -1.8341E+06
0001318   8.8758E+07  1.4738E+06 -1.9231E+06
0001319   8.9409E+07  8.9985E+05 -1.7303E+05
0001320   8.9380E+07 -2.3947E+06  4.8821E+05
0001321   9.0702E+07  1.0603E+05 -2.3539E+05
0001322   8.8718E+07 -9.3540E+05  4.5175E+05
0001323   9.2235E+07  1.1390E+06 -4.5968E+05
0001324   8.9103E+07  9.2242E+05 -4.7425E+05
0001325   8.7990E+07  1.0499E+06  1.0184E+06
0001326   8.9609E+07 -5.9598E+05  1.4021E+06
0001327   8.9057E+07 -4.9865E+05 -4.3314E+05
0001328   8.7662E+07 -1.3473E+06 -2.4958E+06
0001329   9.0794E+07  3.0913E+06 -8.2525E+05
0001330   8.8425E+07  4.3713E+06  1.3834E+06
0001331   9.0154E+07  2.0921E+06 -8.6123E+05
0001332   9.0416E+07 -8.2627E+05 -4.3187E+06
0001333   8.9372E+07  3.1288E+06  8.3694E+05
0001334   8.7604E+07 -1.6394E+06 -1.6450E+06
0001335   8.8086E+07  1.4386E+05  1.0384E+06
0001336   8.9507E+07  3.7970E+06 -5.2653E+05
0001337   9.0776E+07 -5.0469E+05 -2.1807E+05
0001338   9.0775E+07  4.6860E+06  5.4619E+05
0001339   8.9909E+07 -1.8365E+06 -1.2898E+06
0001340   8.8996E+07 -4.6005E+04  1.4728E+06
0001341   9.1128E+07 -2.0668E+06  3.6561E+05
0001342   9.0585E+07 -7.9684E+05  7.4694E+05
0001343   8.9634E+07  2.4444E+06  3.2812E+06
0001344   9.0115E+07  5.6083E+05 -6.4177E+04
0001345   8.8316E+07  1.4831E+06  2.9548E+06
0001346   8.9213E+07 -9.7578E+05  8.4811E+05
0001347   8.7362E+07 -3.5802E+06 -3.4128E+06
0001348   8.8823E+07  2.3461E+05  9.0946E+05
0001349   8.8923E+07 -3.9052E+06 -2.1143E+06
0001350   9.0843E+07 -3.7886E+05 -1.9912E+06
0001351   9.0812E+07  5.6890E+04 -2.5246E+06
0001352   9.0044E+07 -4.0252E+06 -1.5868E+06
0001353   8.7775E+07  9.1614E+05  1.1256E+06
0001354   8.8616E+07 -3.4678E+06 -2.0576E+06
0001355   9.0989E+07 -2.2010E+06 -4.4016E+05
0001356   9.1051E+07 -1.6757E+06  2.8950E+06
0001357   9.2925E+07  9.6160E+05  1.9753E+05
0001358   8.8723E+07  2.7205E+06 -2.4369E+06
0001359   9.0091E+07 -2.6038E+04  1.8115E+03
0001360   8.8662E+07 -1.5676E+06 -2.7688E+04
0001361   9.2585E+07  4.0751E+05 -1.8695E+06
0001362   8.8383E+07 -1.9511E+06  1.1741E+06
0001363   9.0457E+07  2.1396E+05 -9.3579E+04
0001364   8.9188E+07 -1.1102E+06 -1.3424E+06
0001365   8.9828E+07 -4.0928E+06  1.7114E+06
0001366   9.0839E+07 -8.6821E+06 -1.9876E+06
0001367   8.8773E+07 -2.1655E+06  3.1644E+06
0001368   9.1114E+07 -1.2173E+06  1.2305E+05
0001369   8.8035E+07 -5.7024E+05 -9.6174E+05
0001370   9.1506E+07  4.2721E+05  1.1594E+06
0001371   8.9180E+07 -1.6453E+06 -2.5674E+05
0001372   8.8659E+07  3.0777E+05  1.5223E+06
0001373   9.0908E+07  1.5704E+06 -6.8186E+05
0001374   8.9931E+07  2.8347E+06  1.3367E+06
0001375   9.1173E+07 -2.7891E+06 -5.6904E+06
0001376   8.9294E+07  2.1277E+06 -5.9744E+05
0001377   9.1171E+07  2.3489E+06  4.5148E+06
0001378   8.9084E+07 -3.4499E+05 -2.5932E+06
0001379   8.9865E+07  1.5285E+06  2.2294E+05
0001380   8.9757E+07  1.3816E+06  2.8537E+06
0001381   9.1356E+07 -4.0210E+06 -4.4180E+05
0001382   9.0545E+07  1.9694E+06 -2.2056E+06
0001383   8.9123E+07  5.1698E+05  1.3788E+04
0001384   9.2342E+07  3.1889E+05  1.2049E+06
0001385   8.8974E+07  9.9144E+05 -4.6815E+06
0001386   9.0882E+07  5.7180E+04 -4.2559E+05
0001387   8.8888E+07  8.5156E+05 -1.2514E+06
0001388   9.1948E+07  1.6150E+06  1.1959E+06
0001389   8.9334E+07  3.4637E+06  7.7388E+05
0001390   8.7214E+07  2.1250E+06 -5.6782E+04
0001391   9.0818E+07 -8.6497E+05 -4.2907E+06
0001392   8.9421E+07 -2.1717E+06 -2.4919E+06
0001393   8.0167E+07 -1.2377E+07  1.0307E+06
0001394   8.9041E+07 -3.4983E+06 -5.6846E+06
0001395   9.1162E+07  7.0879E+05 -4.7627E+06
0001396   9.0588E+07 -3.1982E+06  1.2219E+06
0001397   8.9934E+07 -3.4584E+06  3.3159E+06
0001398   9.1996E+07  1.2278E+06  1.2970E+05
0001399   9.1528E+07  1.7127E+06 -3.8401E+05
0001400   8.8416E+07  5.4400E+06 -3.4931E+05
0001401   8.9805E+07  9.3654E+05 -1.3731E+04
0001402   9.0622E+07 -1.6866E+06  4.8736E+06
0001403   8.8834E+07 -7.4056E+05  2.8382E+06
0001404   9.0206E+07  5.6908E+06 -3.0137E+06
0001405   8.6826E+07  2.3792E+06 -2.5641E+06
0001406   9.0300E+07 -8.4090E+05 -2.6753E+04
0001407   8.8129E+07 -3.4380E+05  1.0859E+07
0001408   8.9251E+07  1.4151E+06  3.9811E+05
0001409   9.1358E+07  2.5204E+06  1.0762E+06
0001410   9.3008E+07 -3.6414E+06  2.9775E+06
0001411   8.9695E+07 -1.4246E+06 -1.6788E+06
0001412   9.0085E+07 -1.6580E+06  5.6476E+04
0001413   9.0131E+07 -1.0434E+06 -5.9083E+05
0001414   8.9441E+07  1.3442E+06  7.5999E+05
0001415   8.9231E+07  1.0500E+06 -7.4065E+05
0001416   8.9541E+07 -2.0404E+06 -2.0821E+06
0001417   9.0342E+07  9.6225E+05  5.3029E+05
0001418   8.9373E+07 -1.0426E+06  1.2330E+06
0001419   8.8846E+07 -8.4580E+05  1.7046E+06
0001420   9.0348E+07 -9.5717E+05 -1.1844E+06
0001421   8.8863E+07  1.7314E+06  8.8461E+05
0001422   8.9636E+07 -2.1173E+06  5.2837E+06
0001423   8.9269E+07  1.1157E+06  9.4626E+05
0001424   8.8888E+07 -3.0978E+06  2.1971E+06
0001425   8.8358E+07 -1.9365E+05  5.4427E+05
0001426   8.8701E+07 -4.9417E+05 -2.1096E+06
0001427   8.9003E+07  3.4946E+06  1.8883E+06
0001428   9.0917E+07  8.3015E+05 -1.6404E+06
0001429   9.2450E+07 -2.3576E+06  3.8914E+06
0001430   9.2196E+07 -2.4168E+05 -8.3363E+05
0001431   8.6225E+07  4.4694E+06  1.1005E+07
0001432   9.1422E+07 -4.6296E+05  6.6256E+04
0001433   8.9339E+07  6.2081E+05  9.1621E+05
0001434   9.1624E+07  2.3456E+05 -1.9301E+06
0001435   8.8630E+07 -1.0074E+06  1.4486E+05
0001436   9.2527E+07  7.9282E+05 -9.9308E+04
0001437   9.0846E+07  1.4232E+06 -1.9503E+06
0001438   9.1314E+07 -9.1590E+05 -1.8425E+06
0001439   8.8439E+07 -8.5828E+05 -6.8884E+05
0001440   8.7978E+07  1.3074E+06  1.2617E+06
0001441   9.1526E+07  1.5412E+06 -1.3473E+05
0001442   9.2261E+07 -2.5503E+06  8.4392E+04
0001443   8.8838E+07  2.0091E+06  6.2937E+05
0001444   8.8754E+07 -1.2149E+06  1.5552E+06
0001445   8.6930E+07  4.2254E+06 -3.4460E+06
0001446   9.1282E+07 -2.7816E+06 -4.9639E+06
0001447   8.9456E+07  8.9110E+05 -1.3485E+06
0001448   9.0040E+07  5.2393E+05 -1.0945E+06
0001449   8.8621E+07 -6.0085E+05 -9.2799E+05
0001450   8.8948E+07 -1.9492E+06 -2.9168E+06
0001451   8.7190E+07  9.3336E+05  9.3613E+05
0001452   9.0417E+07  3.6809E+05 -2.4118E+05
0001453   8.9404E+07  1.8581E+06 -2.5806E+06
0001454   9.1563E+07 -8.3373E+05  1.1392E+06
0001455   8.9667E+07 -1.2387E+06  5.8380E+04
0001456   8.8640E+07 -1.0066E+06  6.7572E+05
0001457   9.1404E+07  1.5331E+06  8.6558E+05
0001458   9.0108E+07 -3.5123E+06 -1.1923E+05
0001459   8.8326E+07 -1.2443E+06 -1.4896E+06
0001460   9.0974E+07  6.3830E+05 -2.4307E+06
0001461   9.1171E+07  2.0520E+06  1.3735E+06
0001462   8.8705E+07 -1.2676E+06 -2.1875E+05
0001463   9.0193E+07  1.4086E+06 -5.2901E+06
0001464   9.0005E+07  2.8275E+06  2.6585E+06
0001465   8.9438E+07  1.9900E+06 -2.0969E+06
0001466   8.8613E+07 -1.3856E+07  5.5157E+06
0001467   8.8377E+07 -7.6033E+05  9.9762E+06
0001468   9.0211E+07 -7.7063E+05 -1.5269E+06
0001469   8.9218E+07  6.3583E+05 -1.5529E+06
0001470   8.9245E+07  2.7729E+06  1.8068E+06
0001471   8.9505E+07  1.1396E+06 -9.0962E+05
0001472   8.7119E+07 -5.2087E+05  9.9958E+05
0001473   9.0290E+07  1.8495E+05  2.0336E+06
0001474   9.0257E+07  1.6532E+05 -1.6177E+06
0001475   9.0697E+07 -2.4563E+06  2.8748E+05
0001476   8.9336E+07 -2.5055E+06 -1.6286E+06
0001477   9.2188E+07  4.3840E+05  1.4557E+06
0001478   9.0667E+07 -1.5981E+06  1.5452E+06
0001479   8.8045E+07  1.5497E+06 -4.6447E+06
0001480   9.1858E+07  3.2917E+05 -2.6401E+06
0001481   9.0467E+07  4.0200E+05  1.7883E+06
0001482   8.9582E+07  2.5915E+05 -8.8744E+05
0001483   8.9035E+07 -2.9601E+06 -2.6746E+06
0001484   8.9797E+07  2.0839E+05  1.3765E+06
0001485   9.0919E+07 -1.6400E+06 -9.9260E+05
0001486   9.0708E+07  4.0250E+06  2.0691E+06
0001487   9.1106E+07 -4.4887E+05  2.2447E+05
0001488   8.9798E+07 -9.4778E+04 -8.0949E+05
0001489   9.0222E+07 -1.9066E+06 -3.7114E+06
0001490   9.0627E+07 -3.7273E+05  1.2799E+06
0001491   9.0969E+07 -2.9548E+06  3.3704E+05
0001492   8.9507E+07  1.6199E+06 -1.8519E+05
0001493   9.0326E+07 -2.3527E+06 -1.5197E+06
0001494   9.0566E+07 -2.5137E+06  1.6672E+05
0001495   9.1881E+07  2.6601E+05 -1.6305E+06
0001496   9.0555E+07  5.6872E+05 -2.3707E+06
0001497   8.8944E+07 -2.0964E+05 -1.7322E+06
0001498   9.0137E+07 -2.8285E+04  1.1980E+06
0001499   8.8441E+07  4.6957E+06 -2.3795E+06
0001500   8.7267E+07 -3.5077E+05  4.4980E+05
0001501   8.7635E+07 -3.0442E+06  1.1678E+06
0001502   9.3303E+07  4.5016E+05  2.0378E+06
0001503   9.1987E+07  3.4916E+05  7.2453E+05
0001504   9.2381E+07 -7.4654E+05 -2.4318E+05
0001505   9.0057E+07  4.6918E+05 -1.9375E+06
0001506   9.0486E+07  3.1941E+06  2.0085E+04
0001507   9.0589E+07 -2.3936E+06 -1.1310E+06
0001508   8.9491E+07  2.5637E+06 -1.8081E+06
0001509   8.9752E+07  1.3622E+06 -6.2361E+06
0001510   9.0534E+07  5.2767E+05  8.9256E+05
0001511   8.9974E+07  2.7489E+05  3.2107E+06
0001512   8.8040E+07  1.9114E+05 -1.7547E+06
0001513   9.0487E+07  2.9197E+05 -1.4998E+04
0001514   8.8961E+07  2.0773E+05  3.0351E+06
0001515   9.0431E+07 -1.2263E+05 -2.2726E+06
0001516   9.0349E+07  4.8073E+06  1.4384E+06
0001517   9.0328E+07  5.3022E+05 -4.0403E+06
0001518   9.0967E+07 -3.0901E+05 -1.7063E+05
0001519   8.9095E+07 -8.0416E+05 -3.4866E+05
0001520   8.9408E+07 -8.3462E+05 -6.6891E+04
0001521   8.9378E+07 -1.7851E+06  7.1824E+05
0001522   9.1450E+07  3.7041E+05  3.1458E+05
0001523   9.1539E+07  1.7492E+06 -2.9314E+06
0001524   9.1299E+07  1.3184E+06 -2.5547E+06
0001525   8.8982E+07 -1.1151E+05 -6.8237E+05
0001526   9.2919E+07 -1.3664E+06 -1.4940E+05
0001527   9.0851E+07 -8.2465E+06 -1.1099E+06
0001528   8.8219E+07 -3.6548E+06 -2.5082E+06
0001529   9.0747E+07  1.5351E+06 -9.5923E+05
0001530   8.9099E+07 -2.3014E+06 -1.7139E+06
0001531   9.0187E+07  2.5729E+05 -2.5037E+06
0001532   8.9826E+07 -2.0248E+06  3.3182E+06
0001533   9.1024E+07 -5.6488E+05 -2.6225E+05
0001534   8.8911E+07  1.1552E+06  1.3915E+06
0001535   8.7809E+07  3.7372E+04  1.4857E+06
0001536   8.9724E+07  1.5056E+06 -1.3499E+06
0001537   8.9542E+07 -1.2211E+06 -1.0826E+06
0001538   8.9040E+07 -1.5101E+06 -1.1548E+06
0001539   8.8711E+07 -2.1983E+06 -4.7095E+06
0001540   9.0841E+07 -2.7544E+06 -7.7702E+05
0001541   8.9812E+07  9.6880E+05  7.8541E+05
0001542   9.0651E+07  1.0251E+06 -3.8384E+06
0001543   8.9655E+07 -3.1401E+05  6.8498E+05
0001544   8.8479E+07 -3.1082E+06  1.2746E+05
0001545   9.3603E+07  3.0900E+06  3.4384E+06
0001546   8.7238E+07 -3.1496E+06  5.6483E+05
0001547   9.1431E+07 -3.3861E+05 -1.0790E+05
0001548   8.8806E+07  7.1795E+05  6.9281E+05
0001549   8.9356E+07  5.8096E+06  4.2987E+06
0001550   8.9686E+07  6.9432E+05  1.4893E+05
0001551   9.2689E+07  2.8304E+06 -2.4444E+05
0001552   8.9580E+07 -1.1440E+06  3.6859E+06
0001553   9.1699E+07 -1.2711E+05  2.2176E+06
0001554   8.8608E+07 -4.8896E+06 -1.7376E+06
0001555   8.9590E+07 -1.7685E+06  1.5099E+06
0001556   9.1017E+07 -1.8962E+06  1.4745E+06
0001557   9.1009E+07  8.2537E+05  1.8213E+06
0001558   9.0987E+07 -6.4829E+05  5.4603E+05
0001559   8.9130E+07  2.5991E+06  7.6820E+05
0001560   9.0296E+07 -5.1295E+05  1.2970E+06
0001561   9.3457E+07  2.1906E+05  3.4493E+06
0001562   8.8826E+07 -3.6658E+06 -2.5525E+06
0001563   8.8179E+07 -2.7556E+05  1.0627E+06
0001564   8.8899E+07 -1.1410E+06  4.1167E+06
0001565   9.0917E+07  6.5754E+06 -1.6562E+06
0001566   9.0961E+07 -9.7600E+05  4.3656E+06
0001567   9.0768E+07  1.2765E+06 -4.1337E+05
0001568   8.8394E+07  2.1718E+06 -2.0049E+06
0001569   8.9395E+07  2.5065E+06  2.6320E+06
0001570   9.1487E+07  1.2419E+06 -1.7500E+06
0001571   8.9834E+07 -1.6219E+06  1.1425E+06
0001572   9.1556E+07  1.6597E+06 -1.0027E+06
0001573   8.9932E+07  1.9919E+06  1.7821E+06
0001574   9.1273E+07  3.3318E+06 -1.6236E+05
0001575   8.7836E+07 -6.7564E+06  7.0733E+06
0001576   9.2669E+07 -1.2025E+06  4.9911E+06
0001577   8.7634E+07 -1.0668E+06 -6.7128E+05
0001578   8.8920E+07 -1.9384E+06  8.7900E+04
0001579   8.7255E+07 -3.7296E+06  4.8552E+06
0001580   9.0315E+07  4.8805E+05 -8.2902E+05
0001581   9.2366E+07  2.4802E+06 -2.0220E+06
0001582   8.8273E+07  2.7684E+05  3.4482E+06
0001583   8.9854E+07 -2.9039E+05  2.7086E+04
0001584   8.9461E+07 -1.6127E+06  1.8526E+06
0001585   8.9807E+07  1.2248E+05 -1.5610E+06
0001586   9.0307E+07  1.1860E+06  3.2727E+05
0001587   9.0177E+07  1.7728E+06 -5.2887E+05
0001588   8.8037E+07 -2.0980E+06  1.6960E+05
0001589   9.1346E+07  1.0065E+05 -1.7412E+06
0001590   8.8401E+07  1.8319E+06  2.5608E+06
0001591   9.1518E+07  4.5405E+06  3.9765E+06
0001592   8.9139E+07 -3.0459E+06  1.8543E+06
0001593   8.9381E+07 -3.1145E+06 -1.3286E+06
0001594   9.0442E+07 -2.2861E+05 -2.2830E+05
0001595   9.3120E+07  8.2458E+05 -2.2423E+06
0001596   9.0740E+07 -1.3112E+06  1.5267E+06
0001597   8.9287E+07 -6.0907E+05 -1.8563E+06
0001598   9.1818E+07  1.1042E+06  1.1872E+06
0001599   9.0855E+07  6.2339E+05 -4.6725E+05
0001600   8.9888E+07  8.4125E+05 -5.2889E+05
0001601   9.0779E+07 -1.6874E+06  2.7492E+06
0001602   9.1989E+07  2.7409E+06  1.4114E+06
0001603   9.0096E+07 -4.6029E+05  1.0051E+06
0001604   8.9775E+07  1.3091E+06  2.3614E+05
0001605   9.0580E+07 -5.8648E+05 -3.5088E+05
0001606   9.0786E+07  1.8642E+06  1.0549E+06
0001607   8.8694E+07 -7.5660E+05  8.4519E+05
0001608   9.0930E+07 -1.4866E+06 -6.7610E+05
0001609   8.9592E+07  3.2073E+06 -1.6135E+06
0001610   9.2545E+07  7.0152E+05  6.2059E+05
0001611   8.8869E+07  2.7504E+05 -3.4968E+06
0001612   9.2512E+07 -1.0761E+06 -6.7466E+05
0001613   8.9892E+07  5.1402E+04  2.5570E+05
0001614   8.9436E+07  2.8035E+06  1.0678E+06
0001615   9.2363E+07  2.0177E+06  9.7502E+05
0001616   9.2034E+07  4.1997E+05 -1.1860E+06
0001617   9.1460E+07  2.0096E+06 -3.0470E+05
0001618   8.9516E+07  3.0683E+06 -4.2087E+06
0001619   8.7051E+07  2.7100E+04 -8.1017E+05
0001620   8.9594E+07  2.3825E+06 -1.3456E+05
0001621   9.0601E+07  7.6551E+06 -3.2468E+06
0001622   8.9092E+07 -2.0439E+06 -5.6124E+06
0001623   8.7503E+07 -1.2495E+06  4.3292E+06
0001624   8.8839E+07 -1.2181E+06  1.1496E+06
0001625   8.9141E+07  4.7175E+06 -2.4639E+06
0001626   9.0160E+07  8.5400E+04 -9.1301E+05
0001627   9.1193E+07  2.0637E+06 -1.3561E+05
0001628   9.1606E+07 -1.4551E+06  5.4566E+05
0001629   9.0710E+07 -9.8900E+05  2.9366E+06
0001630   8.9732E+07  9.7544E+05 -3.5129E+06
0001631   8.8116E+07 -1.6663E+06  6.2562E+05
0001632   8.9448E+07 -1.9146E+06 -2.3454E+06
0001633   8.7760E+07  9.2881E+05  5.1856E+05
0001634   9.1067E+07  9.0845E+05  1.7768E+06
0001635   9.0541E+07 -7.3753E+05  1.4112E+06
0001636   8.9229E+07  1.1489E+06 -1.5536E+06
0001637   8.9162E+07  2.6941E+06 -8.3814E+05
0001638   9.1645E+07 -2.1738E+06 -4.7896E+05
0001639   8.7800E+07 -6.9614E+05  8.1483E+05
0001640   8.8703E+07 -5.8715E+06  1.7932E+06
0001641   9.0218E+07  1.8119E+06  2.1282E+06
0001642   9.0391E+07  1.2929E+06 -6.4532E+05
0001643   8.9636E+07  1.2537E+06  2.7486E+06
0001644   9.1810E+07  1.0276E+06 -1.4474E+06
0001645   8.9539E+07  6.6649E+05 -2.0291E+06
0001646   9.3176E+07 -3.0475E+06  3.7730E+06
0001647   8.7524E+07  2.4108E+06  2.4684E+05
0001648   9.0899E+07 -2.0653E+06  2.3068E+06
0001649   9.0366E+07  3.0602E+05  8.5089E+05
0001650   8.8543E+07 -3.0401E+06  2.5936E+06
0001651   8.9473E+07 -6.5675E+05  1.5753E+05
0001652   8.8666E+07 -3.1934E+06  2.2869E+06
0001653   8.9363E+07 -2.5027E+06 -2.2581E+06
0001654   9.1160E+07 -2.3159E+06 -3.7635E+05
0001655   8.8548E+07 -2.2614E+06  2.0084E+06
0001656   9.1155E+07  9.9529E+05 -1.5576E+06
0001657   9.0491E+07 -1.4449E+06 -2.6171E+04
0001658   9.0455E+07 -3.5942E+06 -2.6062E+05
0001659   8.8744E+07  4.4397E+06 -4.5592E+06
0001660   9.1770E+07  5.3229E+06  2.4905E+06
0001661   9.1617E+07 -1.4352E+06 -7.8661E+05
0001662   8.8747E+07  2.1543E+06  7.4796E+05
0001663   8.8334E+07  1.4515E+05 -1.7473E+06
0001664   8.9889E+07  4.2889E+06  4.1631E+06
0001665   9.0286E+07  2.4399E+06  4.4914E+05
0001666   8.9113E+07 -1.4877E+06 -1.1250E+06
0001667   8.8251E+07  6.7488E+05  6.3875E+05
0001668   8.9942E+07  3.0225E+06 -6.2249E+05
0001669   9.2866E+07  1.0858E+06 -1.8957E+06
0001670   8.8781E+07  2.1009E+06 -1.9551E+05
0001671   8.8851E+07 -1.6608E+06  1.1159E+06
0001672   9.1012E+07  1.7849E+05  4.1929E+06
0001673   9.1819E+07  2.0345E+06  1.5369E+06
0001674   9.1457E+07 -1.1352E+06 -3.5916E+06
0001675   9.1626E+07  1.1756E+05  1.3342E+06
0001676   9.1043E+07 -2.0855E+05  9.2363E+05
0001677   8.9273E+07 -8.2704E+05 -3.0039E+05
0001678   8.8753E+07 -8.3614E+04 -1.8268E+06
0001679   8.8703E+07  1.6661E+06  6.6491E+05
0001680   8.9498E+07  7.1659E+05 -2.8644E+06
0001681   8.8792E+07 -1.6197E+06  9.6771E+05
0001682   8.9257E+07  5.2726E+05 -3.2714E+06
0001683   8.9287E+07 -3.1403E+06  1.5161E+06
0001684   8.9387E+07 -3.1804E+05 -5.7574E+05
0001685   8.7682E+07 -3.1063E+06  1.6534E+06
0001686   9.0918E+07 -1.6923E+04 -7.7266E+05
0001687   8.9803E+07 -3.4018E+06  3.3208E+06
0001688   9.1044E+07  3.0036E+06 -3.6708E+06
0001689   9.2556E+07  2.8438E+06 -2.8609E+06
0001690   8.8840E+07  2.9703E+06  4.9195E+05
0001691   9.0691E+07 -9.8876E+05  8.2768E+05
0001692   8.9955E+07 -1.7511E+06  1.7502E+06
0001693   8.9322E+07  1.4288E+06 -1.2010E+06
0001694   8.8738E+07 -3.4880E+06  4.6669E+05
0001695   8.8710E+07 -6.5966E+05  2.1489E+05
0001696   8.9232E+07  1.4639E+06  3.9433E+06
0001697   8.7966E+07  5.2794E+06  1.4428E+06
0001698   8.9782E+07  3.3327E+05 -1.9093E+06
0001699   8.7994E+07  2.0183E+06  2.7381E+06
0001700   9.2536E+07 -4.5709E+06  3.9514E+06
0001701   8.8799E+07 -1.8167E+06 -1.2338E+06
0001702   8.9549E+07  1.1359E+06 -7.1696E+05
0001703   8.9454E+07  2.3523E+06  6.2035E+05
0001704   9.0404E+07  6.2938E+05 -3.7482E+05
0001705   8.7260E+07  6.7604E+05 -7.0883E+06
0001706   8.8892E+07  4.5167E+06 -1.6545E+04
0001707   8.8927E+07 -1.1805E+05  2.5264E+06
0001708   8.9450E+07  3.1856E+06  1.3524E+06
0001709   9.1242E+07  3.2059E+06 -9.3831E+05
0001710   8.8194E+07  1.4914E+06  9.0576E+05
0001711   8.9883E+07  1.6629E+05  4.2151E+06
0001712   8.7529E+07 -3.2454E+06  2.5214E+06
0001713   8.8272E+07 -7.0052E+05 -1.2232E+06
0001714   9.1862E+07 -4.8099E+05 -1.5416E+05
0001715   9.1255E+07 -2.1969E+06  2.0329E+05
0001716   9.0758E+07  3.0192E+06 -2.0571E+06
0001717   8.9339E+07  1.3486E+05  4.0551E+05
0001718   9.0547E+07  1.2712E+05 -6.5009E+05
0001719   8.6908E+07  2.4262E+05 -7.8715E+05
0001720   9.2003E+07 -7.2233E+04 -3.5921E+05
0001721   9.1213E+07 -7.6490E+05 -1.7878E+06
0001722   8.9778E+07  1.3528E+06  1.1809E+06
0001723   9.1670E+07  5.6873E+05  3.0183E+05
0001724   9.1027E+07 -6.4049E+05 -2.3772E+06
0001725   9.2487E+07  4.5974E+05  1.6125E+06
0001726   8.8517E+07  1.1020E+06 -1.3753E+06
0001727   9.1440E+07 -1.5539E+06 -1.2873E+06
0001728   8.8387E+07  8.9429E+05 -4.6567E+05
0001729   9.1572E+07 -1.2128E+06  1.6295E+06
0001730   9.0269E+07  3.1517E+06  3.0045E+05
0001731   8.9757E+07 -6.8197E+05  1.4532E+06
0001732   8.7914E+07  3.2175E+06  2.3551E+06
0001733   9.0572E+07  4.4191E+05 -4.0717E+05
0001734   8.8293E+07  1.3312E+06 -1.5669E+06
0001735   8.8388E+07  1.9824E+06 -1.8756E+06
0001736   8.8262E+07  1.4775E+06 -9.6811E+05
0001737   9.0212E+07 -5.6157E+06  2.5706E+06
0001738   8.9217E+07 -3.2459E+04  1.3875E+06
0001739   8.8590E+07 -6.9642E+05 -1.9780E+06
0001740   8.8569E+07 -1.6457E+06  3.3364E+06
0001741   8.9337E+07  2.4101E+05  4.4690E+05
0001742   8.7001E+07  2.1551E+06  2.3014E+05
0001743   8.6139E+07 -1.2154E+06  2.5471E+06
0001744   9.0591E+07 -1.6251E+06 -7.8456E+05
0001745   8.9767E+07 -1.5247E+05 -1.3706E+06
0001746   8.8717E+07  5.4470E+06 -3.9355E+05
0001747   8.9431E+07 -1.2769E+06  3.8853E+05
0001748   9.1542E+07  6.8289E+05  1.6802E+06
0001749   9.0708E+07 -1.2294E+06 -8.4006E+05
0001750   8.7497E+07 -3.5982E+06 -1.0031E+06
0001751   8.8638E+07 -2.6386E+05 -1.7524E+06
0001752   8.9502E+07  3.6367E+06  3.2787E+05
0001753   8.7759E+07 -2.1042E+06  1.9791E+06
0001754   8.8778E+07 -1.5491E+06  2.4318E+06
0001755   8.9917E+07 -1.7825E+06 -2.2675E+06
0001756   9.2466E+07  1.2293E+06 -1.3219E+06
0001757   9.0474E+07  1.4000E+06 -1.7037E+06
0001758   8.7317E+07 -2.6318E+05 -1.0040E+06
0001759   9.0858E+07  3.1139E+06  7.5652E+05
0001760   8.8997E+07 -3.8294E+06 -2.8862E+06
0001761   8.8748E+07  2.9462E+05 -1.1956E+06
0001762   9.3061E+07 -3.3187E+06 -2.7429E+06
0001763   8.8176E+07 -8.5339E+06  9.2683E+05
0001764   9.3196E+07  3.2051E+06  2.1828E+06
0001765   9.1713E+07  2.3819E+06  9.6929E+05
0001766   8.9758E+07 -9.8373E+05  1.6612E+06
0001767   8.9521E+07  1.3299E+06  1.1893E+06
0001768   8.8741E+07 -2.5183E+06 -5.0236E+05
0001769   8.8566E+07  2.5156E+06 -7.4631E+05
0001770   9.0589E+07 -1.3129E+06 -2.9639E+05
0001771   8.9650E+07  2.5691E+06 -3.6892E+05
0001772   8.5279E+07  5.9852E+06 -1.8007E+07
0001773   9.2046E+07 -1.2804E+06  1.7442E+06
0001774   8.9667E+07 -2.9991E+06 -4.9308E+06
0001775   9.1474E+07  2.6304E+06 -1.7141E+06
0001776   8.9805E+07  3.5068E+05 -5.8794E+05
0001777   9.2099E+07  1.0997E+05 -1.3321E+06
0001778   9.2018E+07  2.5284E+06  1.7171E+06
0001779   8.9562E+07  8.4181E+05  1.2292E+05
0001780   9.0730E+07 -9.1366E+05 -1.1983E+06
0001781   8.9822E+07  3.1978E+06  6.9363E+06
0001782   9.1724E+07  1.0244E+06 -7.2764E+05
0001783   9.0288E+07 -1.2387E+06 -1.8824E+06
0001784   8.9798E+07  5.3055E+05 -1.3259E+06
0001785   9.1574E+07  1.1359E+04 -4.7539E+06
0001786   8.9002E+07  6.0752E+06 -8.8848E+04
0001787   8.9816E+07 -1.1610E+06 -5.1613E+06
0001788   9.1353E+07 -7.1933E+05  3.6619E+06
0001789   9.0830E+07  2.6931E+06  1.4999E+06
0001790   8.9707E+07  1.9936E+06 -2.2946E+05
0001791   9.0076E+07  2.4618E+06  1.3429E+06
0001792   8.8186E+07 -1.2132E+06  9.3444E+05
0001793   8.8227E+07 -1.4041E+06  2.3616E+06
0001794   8.7452E+07  3.4016E+06 -1.2586E+06
0001795   9.0446E+07 -2.2526E+06  3.7238E+05
0001796   8.8229E+07 -1.1380E+06  2.1488E+06
0001797   9.0835E+07  1.4815E+06 -1.9613E+06
0001798   8.8888E+07  1.1015E+06  1.1016E+06
0001799   9.0458E+07  1.7676E+06 -1.1772E+06
0001800   9.1783E+07  3.1920E+06 -2.9227E+06
0001801   8.9811E+07 -2.8338E+06  2.7297E+06
0001802   8.8019E+07  3.9624E+06 -5.6621E+06
0001803   9.0444E+07 -2.6604E+06 -1.5700E+06
0001804   9.2379E+07  1.6096E+06 -1.9465E+06
0001805   9.1008E+07 -1.2358E+06  1.4839E+06
0001806   8.5960E+07  8.9245E+05  7.0432E+06
0001807   9.1856E+07  5.6986E+06  3.8175E+06
0001808   9.0214E+07  1.4838E+06  1.3359E+05
0001809   9.0919E+07  7.1782E+05 -1.7021E+06
0001810   8.8150E+07  6.8676E+04  1.8000E+06
0001811   8.9652E+07  4.6098E+05 -1.4362E+06
0001812   8.9873E+07 -3.7742E+06 -1.5701E+06
0001813   8.8754E+07  1.2783E+06 -2.7048E+06
0001814   8.8443E+07 -1.3258E+06 -1.1497E+06
0001815   8.9477E+07 -2.0374E+06 -2.2648E+06
0001816   9.1346E+07  1.9249E+05 -9.6583E+05
0001817   8.9179E+07  3.1662E+06 -3.3434E+05
0001818   8.9897E+07 -1.7362E+05  1.4441E+06
0001819   9.0712E+07 -2.0920E+06  3.9729E+05
0001820   8.9895E+07 -1.4126E+06  8.4242E+05
0001821   9.0345E+07  6.2429E+05  7.8142E+05
0001822   8.7694E+07 -3.3257E+06  2.3300E+06
0001823   9.0400E+07  2.4813E+06  1.7388E+06
0001824   8.9060E+07  2.0703E+06  4.8140E+05
0001825   8.7627E+07  1.5501E+06  3.9066E+06
0001826   9.1548E+07 -5.6598E+03  1.2739E+05
0001827   8.9838E+07 -1.7970E+06  1.2336E+06
0001828   9.1911E+07  2.2909E+06 -1.7211E+06
0001829   8.9238E+07 -3.0044E+05  1.2008E+06
0001830   8.9446E+07  1.8295E+06 -1.2004E+06
0001831   9.2409E+07  1.2130E+06  1.5841E+06
0001832   9.1932E+07  5.3475E+06 -5.7727E+06
0001833   8.7366E+07  9.5776E+06  8.5125E+06
0001834   8.9891E+07  2.5908E+06 -1.6914E+06
0001835   8.9589E+07  7.2252E+05 -2.2897E+06
0001836   9.1164E+07  1.4145E+06  1.1470E+06
0001837   8.9159E+07 -1.7496E+06 -2.3070E+06
0001838   9.1432E+07 -4.8882E+05  2.2334E+06
0001839   8.7890E+07 -1.6353E+06 -8.7143E+05
0001840   9.1156E+07  2.5399E+06  2.7127E+06
0001841   8.9389E+07  4.1662E+05 -2.4413E+06
0001842   9.1663E+07 -2.0016E+06 -2.5832E+06
0001843   9.0809E+07  4.4837E+05 -1.7750E+06
0001844   8.8256E+07  2.5541E+05 -3.2444E+06
0001845   9.0736E+07  1.9865E+06 -1.8951E+06
0001846   8.4876E+07  1.6596E+07 -3.8415E+06
0001847   9.3358E+07 -2.8211E+05 -1.6319E+06
0001848   8.7730E+07 -1.5236E+06  9.1177E+05
0001849   8.9997E+07 -3.1297E+05 -1.0821E+05
0001850   9.1276E+07  1.2775E+06  4.1109E+05
0001851   9.0829E+07  2.1057E+06 -3.6688E+06
0001852   8.8697E+07 -1.1572E+06 -2.4596E+04
0001853   8.8689E+07  2.0003E+06 -1.4525E+06
0001854   8.5709E+07 -1.3864E+06  1.4902E+07
0001855   8.7888E+07 -2.2941E+05  2.1769E+06
0001856   6.9998E+07  2.8312E+07 -1.7359E+07
0001857   8.8362E+07 -1.2705E+06 -1.5606E+06
0001858   9.0934E+07  5.5430E+05  3.6626E+06
0001859   8.8395E+07 -5.7043E+05  2.5814E+06
0001860   9.0735E+07 -1.8783E+06  5.4981E+05
0001861   9.1097E+07 -5.2332E+05  1.3171E+06
0001862   9.1905E+07  2.8811E+05 -1.5488E+06
0001863   9.0977E+07 -1.5389E+06 -3.2377E+06
0001864   8.9126E+07 -3.7725E+06 -2.6120E+05
0001865   8.6768E+07  2.5719E+06  2.5268E+06
0001866   9.1451E+07 -2.3097E+06  5.8290E+05
0001867   9.0634E+07 -1.1527E+06  2.2196E+06
0001868   9.0639E+07  9.5683E+05  8.7322E+04
0001869   8.9888E+07 -7.4850E+05  8.4031E+05
0001870   8.8436E+07 -6.9854E+05 -2.9347E+05
0001871   8.9111E+07 -1.5831E+06  1.6163E+06
0001872   9.0277E+07  1.0533E+06  3.5300E+06
0001873   9.0052E+07 -1.2903E+06 -6.1846E+05
0001874   8.9303E+07  3.5103E+05 -1.4646E+06
0001875   8.8717E+07 -2.0710E+06 -4.1020E+06
0001876   8.9305E+07  1.1973E+06  9.2156E+05
0001877   8.7116E+07  5.0271E+05 -6.6729E+05
0001878   9.2019E+07 -1.2167E+06  7.2991E+05
0001879   8.9219E+07 -1.3411E+06  1.3055E+06
0001880   8.8833E+07 -1.3217E+06 -2.7165E+06
0001881   8.9964E+07  2.5733E+05 -6.9365E+06
0001882   9.0049E+07 -1.5831E+06 -1.4018E+06
0001883   9.0233E+07  7.8849E+05  1.8634E+06
0001884   8.8962E+07 -1.4983E+06  1.2837E+06
0001885   8.9154E+07  1.7900E+06 -8.9727E+05
0001886   8.8216E+07  3.4549E+05 -1.4870E+06
0001887   9.0022E+07 -4.8036E+06  8.5457E+05
0001888   9.1298E+07 -5.4559E+05 -8.7741E+05
0001889   8.9354E+07  1.4746E+06 -3.3682E+06
0001890   9.1191E+07 -1.7414E+06  1.4656E+06
0001891   9.1416E+07 -1.0112E+06 -2.6523E+06
0001892   8.7599E+07  6.7504E+05  2.3533E+06
0001893   9.0563E+07  1.8860E+06 -8.3969E+05
0001894   8.8036E+07 -9.1314E+05  2.0036E+03
0001895   8.6759E+07 -1.8887E+05  8.9219E+05
0001896   9.0085E+07 -1.8214E+05  2.5277E+04
0001897   9.0868E+07 -2.3698E+06  1.3808E+05
0001898   8.7649E+07 -1.1116E+06 -2.0609E+06
0001899   8.9115E+07  7.9252E+05  2.0734E+05
0001900   8.8880E+07 -6.2291E+05  8.3707E+05
0001901   9.1306E+07  1.0035E+06 -1.7214E+06
0001902   8.9842E+07 -1.4232E+06 -2.1504E+06
0001903   8.8235E+07 -1.5929E+06  3.5435E+05
0001904   9.0052E+07 -7.1561E+05  6.0775E+05
0001905   8.9900E+07 -3.2009E+05 -1.3965E+06
0001906   8.9190E+07  3.1548E+06 -3.1802E+06
0001907   9.0255E+07  1.8955E+05 -1.1142E+06
0001908   8.9314E+07 -1.3973E+06 -3.6512E+05
0001909   9.2309E+07  8.0716E+05 -3.6463E+06
0001910   9.2062E+07  2.5621E+05  1.0889E+06
0001911   9.1179E+07  2.5883E+06  6.0518E+05
0001912   9.1785E+07 -1.3160E+05 -1.5872E+06
0001913   9.0729E+07  1.8595E+06 -5.6113E+05
0001914   9.2194E+07 -2.7805E+06  2.6704E+06
0001915   8.8912E+07 -6.1857E+05  1.2942E+06
0001916   8.7683E+07 -3.1286E+05 -1.6032E+06
0001917   8.8404E+07  1.9458E+06  1.8087E+06
0001918   8.9991E+07  8.4704E+05 -3.7252E+05
0001919   8.8570E+07 -4.1040E+06 -4.9798E+06
0001920   8.9974E+07 -1.0584E+06  1.4713E+06
0001921   9.1021E+07 -5.2288E+05  2.7614E+06
0001922   8.9661E+07  8.6839E+05  4.5077E+05
0001923   8.7285E+07  4.6269E+06  2.2475E+06
0001924   8.8503E+07  1.3101E+06 -3.3023E+06
0001925   8.7420E+07 -3.3645E+05  1.3287E+06
0001926   8.8467E+07 -2.9011E+05 -1.7824E+06
0001927   9.1288E+07  2.7292E+06 -6.8124E+05
0001928   8.8373E+07 -9.9879E+05 -1.4294E+06
0001929   9.0200E+07 -2.4747E+06 -4.8936E+06
0001930   9.1947E+07 -2.1383E+06 -9.4864E+05
0001931   9.1228E+07  1.3391E+06  2.9632E+06
0001932   8.9635E+07 -5.5188E+06 -5.1004E+06
0001933   9.1014E+07  1.5105E+06  2.4256E+05
0001934   9.0664E+07  2.9883E+06  2.7868E+06
0001935   8.9920E+07  4.3493E+06  5.9757E+05
0001936   9.1057E+07 -4.0983E+06 -3.4425E+06
0001937   9.1691E+07  1.8825E+06 -1.5223E+04
0001938   8.7618E+07  9.8602E+06 -9.6296E+06
0001939   8.9699E+07 -9.2829E+05  8.3334E+05
0001940   9.0056E+07 -3.9387E+05  2.3481E+06
0001941   8.9241E+07  4.7082E+05 -2.4222E+06
0001942   8.8640E+07 -2.2042E+06  3.1751E+06
0001943   8.8904E+07  1.4838E+05  1.0218E+06
0001944   8.8304E+07  2.3049E+06 -1.3371E+06
0001945   8.9236E+07  3.1454E+06  6.8854E+05
0001946   8.9807E+07 -3.0309E+06 -7.2060E+04
0001947   8.8324E+07 -6.6994E+05 -9.1251E+05
0001948   8.9181E+07 -1.8812E+06 -2.1298E+06
0001949   8.9723E+07 -7.3284E+05 -2.7929E+06
0001950   8.8076E+07  5.2683E+05  1.7076E+06
0001951   9.0672E+07  1.3482E+06  7.1811E+05
0001952   8.7485E+07 -3.5731E+05 -2.4579E+06
0001953   9.2210E+07  3.0422E+05  1.2516E+06
0001954   9.0930E+07  6.8179E+05 -3.5827E+05
0001955   8.8335E+07  5.1679E+05  1.9944E+06
0001956   8.9605E+07 -2.9954E+06  1.8989E+06
0001957   8.8586E+07 -7.4370E+05 -1.2574E+06
0001958   8.8819E+07  6.2129E+06 -4.4298E+06
0001959   9.0138E+07  9.4987E+05  1.3388E+06
0001960   8.9377E+07 -2.5844E+06 -4.0437E+05
0001961   9.3709E+07  7.4017E+05 -4.9922E+05
0001962   8.9402E+07  1.4092E+06 -1.3457E+06
0001963   9.1159E+07  1.1743E+06  1.0460E+05
0001964   8.9679E+07  1.6741E+06  1.3835E+06
0001965   8.9076E+07  1.9238E+06  1.2219E+06
0001966   9.0107E+07 -3.4694E+06 -1.5098E+06
0001967   8.9620E+07  6.4055E+05 -1.0204E+06
0001968   8.9628E+07 -3.1916E+05 -5.1839E+05
0001969   9.0048E+07 -5.2428E+05 -8.4857E+05
0001970   9.0413E+07 -2.4261E+05 -5.2577E+05
0001971   8.9530E+07  2.1818E+06 -2.6308E+06
0001972   8.8761E+07 -2.0171E+06 -1.6780E+06
0001973   9.1216E+07 -2.5381E+06  1.1045E+05
0001974   8.9845E+07  6.5995E+05 -1.2749E+06
0001975   8.9164E+07  2.7615E+04  8.4028E+05
0001976   8.9247E+07 -1.0943E+07  5.0147E+06
0001977   8.7940E+07 -4.0068E+06 -9.1389E+05
0001978   8.8636E+07  7.8292E+05 -7.9622E+04
0001979   8.8431E+07 -1.0663E+07 -1.2906E+07
0001980   8.8675E+07  1.5240E+06  3.9662E+05
0001981   9.2810E+07 -2.3415E+06  8.4254E+05
0001982   8.8495E+07  1.1745E+07  3.4166E+06
0001983   8.9650E+07  2.0538E+06  1.4803E+06
0001984   8.7283E+07  1.5981E+06 -2.6697E+05
0001985   8.9829E+07  7.3110E+06  2.6011E+05
0001986   8.8238E+07  6.4035E+05 -4.3661E+06
0001987   8.9718E+07 -6.4527E+05  3.8448E+06
0001988   8.8911E+07 -3.8502E+06  8.4988E+05
0001989   8.8035E+07  8.9505E+05 -2.0717E+06
0001990   9.0122E+07  6.2665E+04  3.4754E+05
0001991   8.9714E+07 -2.4929E+06  5.0812E+06
0001992   8.8729E+07 -4.8557E+06  3.5407E+05
0001993   8.8725E+07  1.0083E+05 -9.3792E+06
0001994   8.8671E+07 -2.7739E+05  7.5664E+05
0001995   8.9016E+07 -1.3675E+06 -2.4706E+06
0001996   9.0407E+07 -2.1092E+06 -2.2893E+05
0001997   8.7112E+07 -6.0435E+05  9.2473E+05
0001998   8.6806E+07 -4.6490E+05  5.4151E+05
0001999   8.9370E+07  2.5335E+06  9.7016E+05
0002000   8.9929E+07  9.8639E+04  3.7422E+06
0002001   9.0302E+07  3.6479E+05 -1.9131E+06
0002002   8.8279E+07 -4.1997E+06  1.1200E+06
0002003   9.1419E+07  5.4674E+05 -1.6129E+06
0002004   8.9259E+07  1.9866E+06  1.3897E+06
0002005   9.1522E+07 -2.1918E+06 -5.4283E+04
0002006   9.0093E+07 -1.4310E+06  4.0834E+06
0002007   8.9788E+07  3.3028E+06 -8.5548E+05
0002008   8.8674E+07  8.1100E+05  4.4231E+06
0002009   9.1958E+07  3.0462E+06 -1.1915E+06
0002010   9.0187E+07 -4.6478E+05 -1.8071E+06
0002011   9.1745E+07 -1.3998E+06  6.3385E+05
0002012   8.9608E+07 -4.1725E+05 -2.1092E+06
0002013   8.9227E+07  1.3400E+05 -6.9267E+05
0002014   9.0212E+07 -1.6999E+06  2.6224E+06
0002015   9.0695E+07 -3.2614E+06 -3.2032E+06
0002016   9.1186E+07  2.3911E+06 -3.8614E+06
0002017   8.6914E+07  1.2086E+06 -4.7975E+05
0002018   9.1468E+07  1.7679E+06 -4.3269E+05
0002019   8.9884E+07  1.0497E+06 -2.3422E+06
0002020   9.0587E+07  1.1095E+06 -2.2726E+06
0002021   8.8432E+07 -2.8945E+06  4.7856E+05
0002022   8.9114E+07  2.2696E+06  3.8161E+05
0002023   8.9672E+07 -3.8736E+05  7.1149E+05
0002024   8.8711E+07 -2.3559E+06  2.3768E+05
0002025   9.1091E+07 -8.9664E+04 -2.9456E+06
0002026   8.8689E+07 -8.0493E+05 -9.7480E+05
0002027   9.2699E+07 -7.6741E+05 -4.3827E+06
0002028   8.8449E+07 -2.0005E+06 -1.6475E+06
0002029   8.9122E+07  5.0056E+06  4.2087E+06
0002030   8.8004E+07 -6.2691E+05 -1.0157E+06
0002031   8.8197E+07 -1.5516E+06 -3.1821E+05
0002032   9.1192E+07  1.2643E+06 -4.1391E+06
0002033   8.9007E+07 -1.0414E+06 -1.0473E+06
0002034   8.9430E+07  6.4021E+05 -2.2691E+05
0002035   8.7571E+07 -3.5377E+05 -2.6380E+06
0002036   8.9502E+07 -1.6416E+06  1.4252E+06
0002037   8.9394E+07  9.7274E+05 -3.5598E+05
0002038   8.9448E+07  5.2146E+05  3.5099E+06
0002039   8.7343E+07 -9.0928E+06 -3.6820E+06
0002040   8.8998E+07  1.6161E+06  5.9626E+05
0002041   9.4664E+07  2.1727E+06  2.4980E+06
0002042   8.7208E+07 -6.6853E+06 -1.7317E+06
0002043   8.9697E+07 -1.8819E+06 -1.8964E+06
0002044   8.8753E+07  1.6431E+06 -3.4494E+06
0002045   9.2073E+07  7.4096E+04 -1.8618E+06
0002046   8.9034E+07  8.4800E+05 -8.6377E+05
0002047   9.0762E+07 -1.2520E+06 -3.7724E+04
0002048   8.9328E+07 -1.3967E+06 -2.5514E+05
0002049   9.1069E+07 -2.1874E+06  3.2637E+06
0002050   8.9891E+07 -8.0878E+05 -6.9887E+05
0002051   8.8117E+07 -4.9622E+06 -3.8879E+06
0002052   8.9116E+07 -1.8865E+06  1.1558E+06
0002053   9.1265E+07  2.8485E+05  1.4465E+06
0002054   8.8982E+07 -3.5205E+06  3.2970E+06
0002055   8.9618E+07 -3.4190E+06  2.3418E+05
0002056   8.9662E+07  7.0431E+04 -7.3829E+05
0002057   9.1768E+07 -3.3662E+06  2.6650E+06
0002058   8.8113E+07 -4.5593E+05  4.8723E+05
0002059   8.9031E+07 -1.5269E+06  2.3757E+06
0002060   9.1425E+07 -2.7119E+06 -3.1596E+06
0002061   8.8450E+07 -1.7889E+05 -1.7529E+06
0002062   9.1900E+07  2.5441E+06 -5.6228E+05
0002063   8.9877E+07 -1.3625E+06  8.5853E+05
0002064   9.0375E+07 -9.2709E+05  5.4389E+05
0002065   8.6844E+07 -1.2360E+06  6.1760E+05
0002066   9.0522E+07 -1.5040E+06  5.6562E+05
0002067   8.9935E+07  1.3148E+06 -4.1277E+05
0002068   8.7939E+07  2.4311E+06 -5.1756E+05
0002069   8.8224E+07 -1.9969E+06  8.8645E+05
0002070   8.8428E+07 -7.3349E+05 -3.6928E+06
0002071   8.7967E+07  1.3113E+06  4.4673E+05
0002072   8.8409E+07 -2.7833E+06  6.5751E+05
0002073   8.8102E+07 -6.2043E+05  6.9989E+05
0002074   9.3054E+07  3.7239E+06  8.1115E+06
0002075   9.1262E+07  2.6974E+05  7.4930E+05
0002076   9.0267E+07 -2.1259E+06 -1.7461E+06
0002077   8.9916E+07  6.7554E+06  4.4586E+05
0002078   9.0323E+07  2.0208E+05 -2.4033E+06
0002079   8.8821E+07  1.3016E+06  5.9046E+05
0002080   9.2770E+07  2.7344E+06 -9.8159E+05
0002081   8.8958E+07  3.0925E+06 -1.5943E+06
0002082   8.8081E+07 -7.1078E+04 -2.5868E+06
0002083   9.1370E+07 -2.1740E+06 -3.8612E+05
0002084   8.8849E+07 -2.8672E+06 -1.6004E+06
0002085   8.9867E+07  8.8381E+04 -3.4618E+06
0002086   9.0253E+07 -6.3560E+05 -3.0015E+05
0002087   8.9751E+07  2.2286E+06 -4.1484E+05
0002088   9.1263E+07  2.9257E+06  2.9071E+06
0002089   8.7317E+07 -2.1699E+06  2.5594E+06
0002090   9.0516E+07 -6.3075E+06  1.7244E+06
0002091   9.2214E+07  1.5374E+06 -9.7367E+05
0002092   8.9648E+07 -1.1194E+06 -6.2815E+05
0002093   8.8630E+07  1.7853E+06  2.5400E+05
0002094   8.9889E+07  4.1046E+06  1.6937E+06
0002095   8.8329E+07  3.4527E+05 -2.4391E+06
0002096   8.9913E+07  2.1928E+06  4.6682E+06
0002097   9.1518E+07 -1.6119E+04 -6.9665E+05
0002098   8.8077E+07  1.5054E+06 -1.0637E+06
0002099   8.6791E+07 -3.0722E+05  3.7943E+06
0002100   8.9902E+07  9.5377E+05  4.3329E+06
0002101   8.9054E+07 -1.0898E+06  3.8945E+06
0002102   8.9049E+07 -2.6801E+06  1.5470E+05
0002103   9.0604E+07 -5.3969E+05  2.2406E+05
0002104   9.0310E+07  2.0255E+06 -4.8420E+06
0002105   8.7185E+07 -5.9412E+05  2.9706E+06
0002106   9.0546E+07 -2.2893E+06  3.1670E+06
0002107   8.7913E+07 -8.2509E+06 -9.5336E+05
0002108   9.1966E+07 -1.1206E+05  9.4727E+05
0002109   8.5151E+07 -6.1545E+05  2.2815E+06
0002110   8.7853E+07 -5.6127E+05 -1.7431E+06
0002111   9.4235E+07  3.1346E+05 -2.7691E+06
0002112   8.8989E+07  8.6230E+05  3.2113E+06
0002113   8.9520E+07  2.0229E+06  1.0163E+06
0002114   9.1647E+07 -8.1321E+05  1.5848E+06
0002115   9.0631E+07 -8.3694E+05  2.5656E+06
0002116   8.8475E+07 -7.9209E+05 -7.8090E+05
0002117   8.9681E+07 -1.3973E+06  1.4259E+05
0002118   8.8914E+07 -1.6986E+06  1.5347E+06
0002119   9.1115E+07  1.8620E+06  3.6201E+05
0002120   8.8180E+07 -2.3198E+06 -3.8746E+06
0002121   9.1113E+07  2.9865E+06  9.7220E+05
0002122   8.8143E+07  2.9829E+05 -5.6164E+06
0002123   9.0049E+07  6.6158E+06  2.7723E+06
0002124   9.1223E+07  2.2710E+06 -2.8192E+06
0002125   8.8608E+07  8.2716E+06  2.4497E+06
0002126   8.9332E+07 -1.9867E+06  1.3119E+06
0002127   9.2295E+07 -1.9300E+06  1.5173E+06
0002128   9.0497E+07 -3.7840E+06 -2.2481E+06
0002129   9.1382E+07  2.7414E+06 -6.6490E+05
0002130   9.3098E+07 -1.3423E+06 -3.5657E+06
0002131   8.6942E+07  1.6716E+06  1.0761E+06
0002132   8.9651E+07 -3.9513E+05 -5.7991E+05
0002133   9.0663E+07  6.9355E+05 -2.0165E+06
0002134   8.7933E+07  1.9379E+06  1.5528E+06
0002135   9.1091E+07  2.1529E+05 -3.8442E+05
0002136   8.7855E+07 -1.2338E+06 -6.7118E+05
0002137   9.1621E+07 -1.6385E+06  3.4715E+06
0002138   8.8058E+07  4.7312E+06  1.6592E+06
0002139   8.8761E+07 -6.2325E+05  2.6033E+06
0002140   9.0382E+07 -1.6785E+06  2.4531E+06
0002141   8.8256E+07 -1.1383E+06  1.2556E+06
0002142   8.9432E+07  1.6217E+06 -7.3767E+05
0002143   9.2054E+07  2.1186E+06 -1.4918E+06
0002144   9.2034E+07 -3.0006E+06 -3.0383E+06
0002145   9.0903E+07 -7.3905E+05 -9.7823E+05
0002146   8.7815E+07 -1.9255E+06  8.5718E+05
0002147   8.9499E+07 -4.5889E+05  3.6652E+05
0002148   9.1734E+07 -3.4838E+06  2.4312E+06
0002149   9.0968E+07 -1.2635E+06  2.1143E+06
0002150   8.9745E+07 -7.6122E+05 -6.7493E+05
0002151   9.0126E+07 -6.4747E+05 -3.0378E+06
0002152   9.0136E+07  1.4715E+06  1.4189E+06
0002153   9.2150E+07 -1.4665E+06 -4.3500E+05
0002154   8.9922E+07 -2.1420E+06 -5.2569E+05
0002155   9.0108E+07  1.5734E+06  9.7172E+05
0002156   8.9800E+07  3.5217E+06 -2.0689E+06
0002157   8.8425E+07 -9.8151E+05  8.7457E+05
0002158   9.1212E+07 -3.8514E+05  9.4801E+05
0002159   8.7446E+07 -6.6985E+05 -3.5636E+05
0002160   9.0728E+07 -3.3772E+05  3.3266E+06
0002161   8.8902E+07 -1.2123E+06  8.9616E+05
0002162   8.8868E+07 -2.7491E+06  1.3817E+06
0002163   8.8699E+07 -6.0233E+05  6.1697E+05
0002164   8.8460E+07  2.2801E+06 -2.3444E+06
0002165   9.0125E+07  4.8129E+05  4.4771E+05
0002166   9.0804E+07 -1.3007E+06  6.6100E+05
0002167   9.1868E+07 -4.9416E+06  1.1921E+06
0002168   9.0201E+07  2.4019E+06  6.6933E+05
0002169   9.0728E+07 -3.4002E+06 -1.2242E+06
0002170   8.9039E+07  2.4102E+05 -9.5205E+05
0002171   9.2005E+07  3.4872E+06  4.1241E+06
0002172   9.0679E+07  3.8720E+06  5.2107E+05
0002173   9.0944E+07 -2.2418E+06  1.7779E+06
0002174   9.1704E+07  1.7844E+06  6.8623E+05
0002175   9.1195E+07  3.4324E+05  5.8526E+05
0002176   9.1861E+07 -3.6620E+06  1.0833E+06
0002177   9.0026E+07  9.7621E+05 -9.4686E+05
0002178   9.0693E+07  2.0589E+06  9.2437E+05
0002179   8.9766E+07  6.4666E+05 -5.0712E+05
0002180   9.1434E+07 -1.8796E+06 -9.7188E+05
0002181   9.1327E+07  1.1237E+06  2.9096E+06
0002182   8.9727E+07  1.7687E+06  1.8124E+06
0002183   8.8843E+07 -5.6271E+06  3.5795E+06
0002184   8.9140E+07 -6.1159E+05 -2.5917E+06
0002185   9.1764E+07 -1.5171E+06 -4.8390E+05
0002186   8.9649E+07 -1.0238E+06  2.3579E+05
0002187   9.0848E+07 -1.7726E+06  1.5155E+06
0002188   9.0039E+07  6.0180E+06  3.2603E+06
0002189   8.8379E+07  1.6588E+06  1.4170E+06
0002190   9.0225E+07  2.7836E+06 -1.7044E+06
0002191   9.1171E+07  1.9716E+05  2.0559E+06
0002192   8.9927E+07  5.5106E+05 -1.9878E+06
0002193   8.8045E+07 -7.6021E+05  1.3272E+06
0002194   9.0715E+07 -7.4021E+04  1.5001E+06
0002195   8.8447E+07 -3.9546E+06  1.7288E+06
0002196   8.8226E+07 -9.1575E+05 -7.8777E+05
0002197   8.9145E+07  1.3801E+06  1.5510E+06
0002198   8.8599E+07  3.6487E+05  2.7524E+06
0002199   9.1044E+07  1.8297E+06  2.0075E+06
0002200   9.1323E+07  1.5764E+06 -3.2079E+06
0002201   8.9296E+07 -1.9941E+06 -1.1449E+06
0002202   8.9670E+07  2.6875E+06  1.8306E+06
0002203   9.0469E+07  4.4240E+06  1.7003E+06
0002204   8.9328E+07 -8.0372E+05 -1.0597E+06
0002205   9.2287E+07  1.2152E+06  4.6918E+06
0002206   8.9798E+07 -3.3456E+06 -4.5279E+06
0002207   8.9718E+07 -5.4485E+05  3.6417E+05
0002208   9.0476E+07 -1.4845E+06  3.4375E+06
0002209   9.0551E+07 -2.2758E+06  4.8062E+06
0002210   9.0712E+07  1.5961E+05  1.2308E+06
0002211   8.9838E+07 -4.4525E+05  6.9263E+05
0002212   9.0426E+07  9.3281E+05 -3.9260E+06
0002213   8.7769E+07 -6.2989E+05  2.0794E+06
0002214   9.1502E+07  1.1629E+06  7.9292E+05
0002215   9.0578E+07 -5.8069E+05 -1.1324E+06
0002216   8.9437E+07 -3.0015E+06 -3.7445E+06
0002217   9.0232E+07  1.8859E+06  1.1464E+06
0002218   8.7943E+07  8.8448E+05 -1.0397E+06
0002219   9.0728E+07  2.4758E+05 -5.6793E+05
0002220   9.0537E+07  1.7906E+06  2.5844E+06
0002221   8.7977E+07  4.9702E+05 -1.8415E+06
0002222   8.7910E+07 -1.1711E+06  5.6704E+03
0002223   8.9137E+07  1.8072E+06  3.2198E+05
0002224   9.2468E+07  2.3651E+06  1.7589E+06
0002225   8.9316E+07 -2.0062E+06 -4.5831E+05
0002226   9.0202E+07 -3.4561E+05 -2.2474E+06
0002227   8.7537E+07 -9.2295E+05 -4.1119E+06
0002228   9.0778E+07  2.3040E+06 -1.3765E+06
0002229   8.6663E+07 -3.1814E+06  9.4201E+05
0002230   8.8977E+07  2.2401E+05 -5.0725E+06
0002231   9.0217E+07 -7.5850E+05 -4.3335E+05
0002232   8.8778E+07  1.2183E+06 -1.3445E+06
0002233   8.9534E+07 -5.1410E+06 -9.7467E+05
0002234   9.0012E+07  3.6922E+05 -1.4351E+06
0002235   8.9010E+07 -1.2155E+06  1.6007E+05
0002236   8.9470E+07 -2.1829E+06 -1.9242E+06
0002237   8.9740E+07 -1.0720E+06 -1.0304E+06
0002238   9.1093E+07 -8.3031E+04 -2.6092E+06
0002239   8.7160E+07 -9.7378E+04  3.9405E+06
0002240   9.1275E+07  4.1332E+06 -2.0911E+06
0002241   8.6408E+07  1.0675E+06 -6.6577E+06
0002242   8.7773E+07  2.3982E+06 -8.5489E+05
0002243   9.0950E+07 -1.6377E+06 -2.8787E+05
0002244   8.9547E+07 -5.8470E+05  1.7659E+06
0002245   8.9094E+07 -5.5771E+05  3.8127E+06
0002246   9.2209E+07  1.0633E+06 -7.8933E+05
0002247   8.8516E+07 -1.3328E+06  2.1658E+05
0002248   9.1729E+07 -3.2637E+06 -1.6767E+06
0002249   9.1867E+07 -2.3679E+06 -3.3303E+05
0002250   9.0649E+07  3.0035E+06  2.8387E+05
0002251   9.0210E+07  2.2817E+06  8.0611E+05
0002252   9.1771E+07 -2.0532E+06 -3.2825E+05
0002253   9.0509E+07 -1.6739E+06 -1.5513E+06
0002254   9.1959E+07 -1.2393E+06  2.5183E+06
0002255   8.4434E+07 -2.3519E+07  1.3221E+06
0002256   8.8086E+07 -1.1123E+06  1.8266E+06
0002257   8.8830E+07  3.3171E+06  2.1254E+06
0002258   8.9270E+07  4.4060E+05 -3.6020E+04
0002259   9.1437E+07  1.2077E+06 -1.1106E+06
0002260   9.2678E+07 -2.7417E+06  1.4629E+05
0002261   8.8881E+07 -3.8895E+05  7.7137E+05
0002262   8.6689E+07 -8.8351E+05  2.7565E+06
0002263   9.0714E+07 -3.6958E+06  2.4697E+06
0002264   8.8325E+07 -3.5879E+06  1.1186E+06
0002265   8.8984E+07 -1.5956E+06 -5.0310E+05
0002266   8.9522E+07  6.9614E+05  1.6455E+06
0002267   9.3058E+07 -1.0966E+06  1.8839E+06
0002268   9.2319E+07 -6.2157E+05  1.6707E+06
0002269   8.9200E+07 -1.5897E+06  1.6644E+05
0002270   8.7139E+07  6.3364E+06 -1.2356E+07
0002271   8.8412E+07  3.3961E+06  7.8023E+05
0002272   8.9736E+07 -5.2341E+06 -4.3505E+06
0002273   8.9867E+07  3.3118E+05 -3.2828E+06
0002274   8.7224E+07 -1.4543E+06 -7.6791E+05
0002275   8.9267E+07  3.8021E+05 -4.3250E+05
0002276   8.8454E+07 -2.2580E+06 -8.3405E+05
0002277   8.8976E+07  1.8417E+06  3.8344E+06
0002278   8.9563E+07  2.5065E+06  9.9331E+05
0002279   8.8052E+07  7.5200E+05 -1.6186E+05
0002280   8.7977E+07 -2.1502E+06  3.9005E+06
0002281   9.1072E+07 -1.3779E+06  2.7961E+06
0002282   8.8602E+07  1.3625E+06 -2.2687E+06
0002283   9.1068E+07 -6.8632E+05  1.8311E+06
0002284   9.0086E+07  2.2747E+06 -2.9375E+05
0002285   8.8246E+07  1.9610E+06  2.0839E+05
0002286   9.0559E+07  5.5612E+06 -4.9703E+05
0002287   9.0933E+07  1.7081E+06  2.4093E+04
0002288   9.0107E+07  2.2596E+06 -1.1322E+06
0002289   8.9759E+07 -2.8511E+06 -3.8155E+06
0002290   8.9755E+07 -2.2741E+05 -3.4276E+06
0002291   9.2497E+07 -1.2643E+06  2.5571E+06
0002292   8.8712E+07  7.5439E+05  2.2859E+06
0002293   8.9729E+07 -2.5739E+05 -8.4204E+05
0002294   9.0008E+07 -3.3225E+06 -6.9461E+06
0002295   8.9325E+07 -2.3471E+06  1.4142E+05
0002296   8.8600E+07 -5.3502E+05 -4.9075E+06
0002297   9.2061E+07 -6.0185E+05  1.5340E+05
0002298   8.9646E+07 -1.5420E+06 -2.2711E+05
0002299   9.0704E+07 -1.1702E+06 -1.2737E+06
0002300   9.0662E+07 -2.3238E+06 -4.4748E+05
0002301   8.9620E+07  7.3147E+05  1.5379E+05
0002302   8.9438E+07  1.8797E+06  2.5777E+06
0002303   8.8701E+07  5.0727E+05 -3.6704E+06
0002304   9.0108E+07 -2.7516E+05  3.6422E+05
0002305   8.9278E+07  2.5421E+05 -3.6784E+05
0002306   9.0456E+07 -1.2644E+06 -1.1575E+06
0002307   9.0664E+07  2.5281E+06  1.2736E+06
0002308   9.0549E+07  1.1137E+06 -6.7325E+05
0002309   8.8974E+07  2.1670E+06  1.0645E+06
0002310   8.9535E+07  9.3780E+05  1.0693E+06
0002311   9.0371E+07  7.2411E+05  1.0164E+06
0002312   9.1705E+07 -2.5140E+06 -1.6613E+06
0002313   8.7132E+07  3.3298E+06  3.0409E+06
0002314   9.1487E+07  2.2629E+05  4.4878E+05
0002315   8.8955E+07  2.6740E+05 -2.9021E+05
0002316   9.1225E+07  3.5222E+06  6.8068E+04
0002317   9.0204E+07 -2.8078E+06 -3.2291E+06
0002318   8.9573E+07 -1.4362E+06  8.1757E+04
0002319   8.9603E+07 -9.6910E+05  1.4088E+05
0002320   8.9814E+07 -1.3085E+06 -3.0508E+06
0002321   8.7928E+07 -2.3269E+06 -3.8502E+06
0002322   8.9675E+07  2.2203E+06  2.0595E+06
0002323   8.8415E+07 -6.4082E+05  6.8852E+05
0002324   8.8901E+07 -2.8569E+06 -2.1065E+04
0002325   9.1319E+07  1.2663E+06 -2.1107E+05
0002326   9.0487E+07  4.6196E+06  3.3370E+06
0002327   9.1074E+07 -2.3043E+06  9.0834E+04
0002328   8.9453E+07  2.2213E+06 -1.6714E+05
0002329   8.4026E+07  5.8980E+06 -1.9080E+07
0002330   8.9654E+07 -7.8833E+05 -4.5329E+05
0002331   9.3902E+07 -1.1901E+06  4.1183E+06
0002332   8.8708E+07  1.9775E+06  4.1081E+05
0002333   8.9421E+07  1.5797E+06  3.3351E+06
0002334   8.8918E+07  2.7976E+06  6.5394E+05
0002335   9.0090E+07  1.5769E+05 -4.2724E+06
0002336   8.9781E+07 -1.6609E+06  8.7636E+05
0002337   8.9774E+07 -1.2148E+06 -3.2052E+06
0002338   8.9115E+07  9.4485E+05  2.4291E+06
0002339   9.0080E+07  1.1399E+06  8.7804E+05
0002340   9.0275E+07  7.9408E+06 -1.5756E+06
0002341   8.9658E+07 -2.5164E+06 -1.7703E+06
0002342   8.9453E+07  7.7992E+05  4.0623E+06
0002343   9.3175E+07  2.1338E+06 -4.2815E+06
0002344   9.1700E+07  2.3558E+05 -1.1369E+06
0002345   8.6509E+07 -1.5821E+06  1.8631E+06
0002346   8.9157E+07  4.9797E+06  7.3018E+05
0002347   8.8312E+07 -1.0935E+06 -3.3227E+05
0002348   8.8335E+07  8.1740E+05  2.0147E+06
0002349   8.9032E+07 -3.2635E+06 -3.4487E+06
0002350   9.0031E+07  7.4640E+05 -1.7610E+06
0002351   8.8939E+07 -3.0100E+05 -1.5202E+06
0002352   9.0127E+07  1.2920E+06  3.2283E+06
0002353   8.9259E+07 -4.1302E+06  4.8403E+06
0002354   8.7896E+07 -1.1956E+06  4.5203E+06
0002355   8.9061E+07 -4.9600E+05  1.2051E+06
0002356   8.8313E+07 -6.8384E+05  2.2784E+06
0002357   9.0409E+07  5.7242E+05  8.7839E+05
0002358   8.8367E+07  1.1538E+06  1.6856E+06
0002359   8.8313E+07  6.5994E+06 -2.7044E+06
0002360   8.8861E+07 -1.7263E+06  1.5820E+06
0002361   9.0357E+07  4.6995E+05 -5.8675E+05
0002362   8.8896E+07 -1.3239E+06 -7.8218E+05
0002363   8.7649E+07 -5.2829E+05 -4.7530E+05
0002364   9.2103E+07 -1.5095E+05 -3.9435E+06
0002365   9.0671E+07 -3.6214E+05  3.9055E+05
0002366   9.0644E+07 -2.6773E+06  1.3886E+06
0002367   9.1192E+07  1.5502E+06  2.9730E+06
0002368   8.9090E+07  6.2923E+05 -1.8089E+06
0002369   8.9370E+07  1.8881E+06  5.3103E+06
0002370   9.1262E+07 -2.2745E+06  6.3720E+05
0002371   9.0679E+07 -1.3009E+06 -4.1034E+05
0002372   8.8953E+07  7.1498E+05  6.7392E+05
0002373   8.8944E+07  2.2729E+06  4.7879E+05
0002374   8.7540E+07 -6.1349E+05  1.0374E+06
0002375   9.0794E+07 -1.4604E+06 -4.8192E+05
0002376   9.1144E+07  1.2524E+06  7.3989E+04
0002377   9.0078E+07  7.1718E+05 -2.4916E+05
0002378   9.2433E+07  9.0831E+05  9.7484E+05
0002379   8.7317E+07 -3.0721E+06  1.1334E+06
0002380   9.4859E+07 -1.6651E+06  1.6463E+06
0002381   8.9958E+07  1.9114E+06  7.8540E+05
0002382   8.9831E+07 -1.0152E+06 -1.1294E+06
0002383   8.7979E+07  7.1791E+05 -4.8450E+06
0002384   8.7508E+07  1.3662E+06 -1.3062E+06
0002385   8.9642E+07 -3.9393E+06  2.2038E+06
0002386   8.8598E+07  7.1904E+05 -2.3743E+06
0002387   9.0714E+07  2.1108E+05  2.4762E+06
0002388   9.0748E+07  1.3835E+06 -2.4972E+06
0002389   9.0001E+07  1.4366E+05 -1.9891E+06
0002390   9.0788E+07 -1.3537E+06 -3.7427E+05
0002391   9.0058E+07 -3.0155E+06  3.4967E+05
0002392   8.9824E+07 -5.1886E+05 -1.9619E+03
0002393   9.1043E+07 -3.8481E+05 -1.5988E+04
0002394   9.2361E+07  2.3959E+06  1.0991E+06
0002395   8.9717E+07  2.2071E+06 -2.5623E+05
0002396   8.9623E+07 -2.1062E+06 -1.9187E+06
0002397   8.8778E+07  1.2042E+06  6.7255E+05
0002398   9.0244E+07  8.3182E+05 -1.9486E+06
0002399   9.1106E+07 -2.3980E+06 -1.6408E+06
0002400   9.2595E+07  1.2592E+06 -5.7816E+04
0002401   8.9844E+07 -3.2160E+06  1.9599E+06
0002402   8.9668E+07 -2.9711E+05  3.6827E+06
0002403   8.9070E+07 -2.2437E+06 -2.6892E+06
0002404   8.8728E+07 -8.8498E+05 -5.4829E+05
0002405   8.9564E+07  2.6625E+06 -2.6745E+06
0002406   8.8855E+07  5.0389E+05  1.4849E+06
0002407   8.9413E+07 -9.9261E+05  1.9349E+06
0002408   9.0592E+07  8.5553E+05 -1.4705E+06
0002409   8.9294E+07 -3.2080E+06  1.2665E+06
0002410   8.6739E+07 -1.7876E+06  1.3323E+06
0002411   9.2636E+07 -2.5574E+06  5.3541E+05
0002412   9.1010E+07 -1.9417E+06 -2.0252E+06
0002413   9.1595E+07 -7.1143E+04  3.1435E+06
0002414   8.8252E+07  1.1841E+06  2.8413E+06
0002415   8.8538E+07  1.6720E+06  9.6780E+05
0002416   8.8256E+07 -5.6807E+06  2.7562E+06
0002417   8.8094E+07  1.0092E+06 -1.0094E+06
0002418   8.8207E+07 -3.6587E+06  3.3722E+06
0002419   8.5474E+07 -8.1389E+05 -1.7892E+05
0002420   8.8259E+07  2.9472E+06 -3.6499E+06
0002421   8.8861E+07 -9.5855E+05  2.7273E+06
0002422   9.0300E+07 -1.6406E+06 -1.3444E+06
0002423   8.9474E+07 -7.3114E+05 -1.8353E+06
0002424   8.9862E+07 -2.7003E+06 -1.2779E+06
0002425   8.8227E+07  5.5766E+06 -1.3927E+07
0002426   9.0348E+07  5.9547E+05 -1.2605E+04
0002427   8.9921E+07 -5.0272E+06  4.9447E+05
0002428   8.8909E+07  7.0505E+04  1.9738E+06
0002429   8.9989E+07 -3.4760E+05  3.4434E+06
0002430   8.9665E+07  7.1705E+04 -2.9983E+06
0002431   9.2175E+07  1.0097E+04  3.6756E+05
0002432   8.9115E+07 -9.1013E+05 -1.1456E+06
0002433   9.0398E+07  1.2623E+06 -8.1301E+05
0002434   8.9835E+07 -3.2859E+06 -3.5790E+04
0002435   9.0273E+07  2.5450E+06  8.7897E+05
0002436   8.9558E+07 -2.4223E+05 -2.4641E+06
0002437   9.1492E+07  2.4711E+05  9.8548E+04
0002438   8.8817E+07  2.6367E+05 -7.4170E+04
0002439   8.9478E+07 -4.8964E+05 -2.0647E+06
0002440   8.8480E+07 -1.5760E+06 -1.7537E+05
0002441   9.1385E+07  5.2623E+05  1.0080E+06
0002442   8.9870E+07 -1.3640E+06  2.5542E+06
0002443   8.9220E+07 -7.6813E+05 -3.7613E+06
0002444   8.9676E+07 -9.8168E+05  4.9433E+05
0002445   9.2461E+07 -3.9304E+06  8.8124E+05
0002446   9.0252E+07  2.0788E+06 -2.0349E+06
0002447   8.8162E+07 -3.6311E+06  3.9720E+06
0002448   9.2561E+07 -5.7367E+05  3.6205E+04
0002449   9.0508E+07 -3.0519E+06 -1.4365E+05
0002450   9.2550E+07 -4.6555E+05  1.3745E+05
0002451   9.2810E+07  1.2973E+06 -3.6001E+06
0002452   9.0309E+07 -9.5107E+05 -2.4322E+05
0002453   8.9429E+07  2.1834E+06 -6.7187E+05
0002454   8.8519E+07  2.5740E+06 -2.0296E+06
0002455   8.8401E+07  5.4953E+05  3.5872E+05
0002456   8.8778E+07 -2.1459E+06 -3.9231E+06
0002457   8.9964E+07 -1.0168E+06  3.0410E+06
0002458   9.0637E+07 -1.0984E+06  1.6404E+06
0002459   9.0320E+07 -2.3590E+06  3.3640E+06
0002460   9.0330E+07 -3.4475E+06  3.7790E+06
0002461   8.8352E+07  1.1047E+06  5.2323E+05
0002462   9.0859E+07 -1.7799E+06 -1.0445E+06
0002463   8.6735E+07  6.5459E+05 -1.5026E+06
0002464   9.1327E+07  3.4599E+05  1.7111E+06
0002465   8.9997E+07  4.1692E+06 -8.4436E+04
0002466   9.2668E+07  2.0306E+06  2.3427E+06
0002467   8.7866E+07 -8.9542E+05 -1.6737E+06
0002468   9.0962E+07  1.8455E+06  1.1165E+06
0002469   8.8274E+07 -6.0500E+05  1.9599E+06
0002470   8.7719E+07  1.5825E+06 -7.3005E+05
0002471   8.8646E+07 -9.5289E+05  7.9009E+04
0002472   9.0812E+07 -3.8550E+06 -5.0121E+05
0002473   9.1789E+07 -3.4237E+06  2.1871E+06
0002474   9.2129E+07  6.2365E+04 -9.2460E+05
0002475   9.2269E+07 -2.7038E+06 -3.6490E+06
0002476   9.0839E+07 -1.1480E+06  4.7359E+06
0002477   9.0925E+07  1.9325E+06 -3.7471E+05
0002478   8.8896E+07 -9.1733E+05 -1.9840E+06
0002479   9.0237E+07  1.6588E+06 -3.2385E+06
0002480   8.7129E+07 -7.5501E+05  1.8014E+06
0002481   8.8865E+07  1.1734E+06 -6.4192E+05
0002482   9.1422E+07 -2.1206E+06  5.6564E+05
0002483   8.8579E+07 -1.3538E+06 -2.2426E+05
0002484   8.8495E+07  3.4811E+06 -1.7767E+06
0002485   8.9258E+07  9.4527E+05 -4.3863E+06
0002486   8.9637E+07  1.1145E+06  6.3016E+05
0002487   8.9441E+07  1.3217E+06 -1.5854E+06
0002488   8.9678E+07  1.6185E+06 -1.8604E+06
0002489   9.1677E+07  3.3344E+05  4.4483E+05
0002490   8.8006E+07 -3.2360E+06 -1.8008E+06
0002491   9.0379E+07  4.4406E+05 -5.1705E+05
0002492   9.1471E+07  7.4953E+05  4.1410E+06
0002493   8.7825E+07  3.7164E+06 -5.2484E+04
0002494   8.9976E+07 -1.9927E+06 -6.8966E+05
0002495   9.1424E+07  1.4772E+06  1.1506E+06
0002496   9.0815E+07 -1.9157E+06 -1.3747E+06
0002497   8.8837E+07 -3.5796E+06 -2.4483E+06
0002498   8.9026E+07  4.4548E+06  5.6926E+05
0002499   8.8493E+07  1.2143E+06  2.8777E+04
0002500   9.0828E+07  2.8378E+06  1.8445E+06
0002501   8.9551E+07  7.4501E+05  6.9629E+06
0002502   9.0159E+07 -1.6016E+06 -1.3794E+06
0002503   9.0053E+07 -2.9096E+05 -4.2946E+05
0002504   9.1742E+07  5.0254E+06 -4.2284E+06
0002505   9.0674E+07 -1.6692E+06 -6.0776E+05
0002506   9.0198E+07 -8.3417E+05  1.7841E+06
0002507   8.7787E+07 -8.8515E+05 -2.6157E+06
0002508   8.9302E+07 -1.4521E+06  5.2756E+05
0002509   9.1046E+07  2.9387E+06 -1.1148E+06
0002510   9.1435E+07 -6.3051E+05  2.7775E+06
0002511   8.2730E+07 -4.9580E+06  9.9395E+06
0002512   9.0424E+07  1.0888E+06  5.5296E+04
0002513   8.9553E+07 -7.0381E+05 -1.8437E+06
0002514   9.0089E+07 -2.5696E+06  1.6719E+06
0002515   9.0840E+07  1.4888E+06 -4.3547E+05
0002516   8.7724E+07 -6.1071E+05  2.9097E+06
0002517   8.9595E+07  1.0018E+06  2.6036E+05
0002518   9.0355E+07 -7.8970E+04  2.9618E+06
0002519   8.8904E+07 -2.7134E+06  6.4036E+04
0002520   9.0735E+07 -2.0190E+06  2.1001E+06
0002521   9.0719E+07  7.9803E+05  9.1508E+05
0002522   8.8068E+07  4.2909E+06  8.5414E+04
0002523   9.3275E+07 -2.6316E+06  4.9456E+05
0002524   8.9952E+07  6.0169E+05 -8.3897E+05
0002525   9.0303E+07 -3.6671E+06 -1.4361E+06
0002526   8.6488E+07 -2.6277E+06  2.0099E+06
0002527   9.1502E+07 -1.9619E+06  6.2031E+05
0002528   8.9755E+07 -2.2469E+06  3.1561E+06
0002529   8.9727E+07 -9.6500E+05 -1.9735E+06
0002530   8.6755E+07 -9.0067E+04  2.1378E+06
0002531   9.2961E+07 -2.0854E+05  1.4408E+04
0002532   9.0055E+07 -5.7780E+06  1.8786E+06
0002533   8.8435E+07  3.1962E+06  4.6809E+05
0002534   8.8229E+07  2.1396E+05 -7.9171E+05
0002535   8.8989E+07  4.0583E+06 -3.2677E+06
0002536   8.9556E+07  2.4946E+05 -1.6372E+06
0002537   8.4028E+07  8.3636E+05  2.5795E+07
0002538   9.2318E+07 -1.1662E+06  1.7683E+06
0002539   8.9611E+07  4.5462E+03  1.3295E+05
0002540   8.9900E+07 -2.9571E+05 -7.6056E+05
0002541   9.0472E+07 -1.2781E+06  2.7759E+06
0002542   9.1399E+07 -2.2100E+06  2.3979E+06
0002543   8.9297E+07 -3.1036E+06  3.2097E+06
0002544   8.9980E+07  1.8643E+06 -3.5502E+06
0002545   9.2968E+07 -2.1053E+06  2.6320E+05
0002546   9.1513E+07 -3.8233E+06  4.4233E+06
0002547   8.8462E+07  1.3116E+06 -1.0230E+06
0002548   8.8938E+07 -5.3664E+06 -4.5799E+06
0002549   8.7468E+07 -9.5533E+05  1.8583E+06
0002550   9.0552E+07 -5.4072E+06 -4.3772E+04
0002551   9.0913E+07  4.5879E+05 -1.7131E+05
0002552   8.7130E+07  4.6220E+05  4.9572E+06
0002553   8.9935E+07 -1.0570E+06  5.4286E+05
0002554   8.8298E+07  1.0713E+06 -9.6840E+05
0002555   8.9497E+07 -2.8310E+06 -2.2664E+06
0002556   8.9165E+07  4.5879E+06  1.6467E+06
0002557   8.8907E+07  3.4489E+05  6.4720E+04
0002558   9.0590E+07 -6.6047E+05 -2.9570E+05
0002559   9.0218E+07 -1.3601E+06 -1.7622E+06
0002560   9.1019E+07 -2.4299E+05 -3.7249E+06
0002561   9.0610E+07 -1.0500E+05  2.9757E+06
0002562   8.8549E+07 -6.6410E+05 -1.0838E+07
0002563   8.8836E+07 -2.1610E+06  1.7783E+06
0002564   8.9272E+07 -2.3236E+06 -3.8197E+06
0002565   9.1690E+07 -2.5842E+06  8.0026E+05
0002566   8.9440E+07  2.0734E+06  5.1401E+05
0002567   9.0003E+07  2.2138E+06  1.5979E+06
0002568   8.9178E+07 -3.5680E+05  2.8182E+05
0002569   8.8225E+07  6.9626E+06  1.0024E+07
0002570   9.0719E+07  1.8167E+06  2.3829E+06
0002571   8.9281E+07  3.4218E+06  3.5406E+05
0002572   8.7913E+07  1.5928E+06 -4.8938E+05
0002573   8.9163E+07 -2.4650E+05  8.0451E+05
0002574   8.9550E+07 -7.9066E+05 -1.5309E+06
0002575   8.8879E+07 -2.2445E+06 -6.7685E+06
0002576   8.9173E+07 -1.0799E+05 -4.1936E+06
0002577   9.0734E+07 -2.1462E+05 -2.8237E+05
0002578   9.1107E+07  3.3874E+06  2.4096E+06
0002579   9.1174E+07  5.2861E+05 -3.0836E+06
0002580   9.0617E+07  2.4991E+05 -3.2306E+06
0002581   9.0904E+07 -1.7953E+06  1.0467E+06
0002582   9.0507E+07 -4.8927E+06  2.1465E+05
0002583   9.1307E+07 -1.4094E+05  6.7800E+05
0002584   9.0784E+07  3.1129E+06 -3.0963E+06
0002585   8.9683E+07  9.1430E+04  1.7094E+06
0002586   9.0514E+07 -2.4871E+06 -2.3605E+06
0002587   9.0435E+07  1.7056E+04  3.7328E+06
0002588   8.7569E+07 -1.2352E+06 -1.5498E+06
0002589   8.9614E+07  2.9196E+05 -3.3035E+06
0002590   8.9186E+07  1.3079E+05  8.4494E+05
0002591   8.9979E+07 -2.0027E+06  4.4408E+05
0002592   8.9625E+07 -1.8150E+06 -1.1376E+06
0002593   8.6348E+07 -2.3555E+06  2.0444E+07
0002594   8.9354E+07 -1.8447E+06 -2.4711E+06
0002595   8.9305E+07  2.3196E+04  3.1344E+05
0002596   8.9356E+07 -1.5286E+06 -1.6479E+06
0002597   8.7930E+07 -7.5862E+05 -2.1479E+06
0002598   8.6586E+07 -1.4773E+06 -2.2691E+06
0002599   8.7360E+07  2.7790E+06 -1.6560E+06
0002600   8.8130E+07 -1.0067E+06  2.5676E+06
0002601   9.0549E+07 -2.1202E+05  2.5145E+06
0002602   9.1553E+07 -3.6056E+05  2.1493E+06
0002603   8.9100E+07  1.5276E+06 -2.3132E+05
0002604   9.1640E+07 -9.5564E+05 -2.1123E+06
0002605   8.9408E+07  2.0527E+06  9.5520E+03
0002606   8.8639E+07 -3.5969E+05  9.4960E+05
0002607   9.1796E+07 -2.7368E+06  2.8721E+05
0002608   8.9555E+07 -8.3796E+05 -2.0292E+06
0002609   8.9342E+07 -1.8500E+05 -3.4127E+05
0002610   8.8656E+07 -1.3471E+06 -1.8036E+06
0002611   9.0496E+07 -1.0733E+06 -1.0372E+05
0002612   8.9457E+07 -8.9432E+05  5.1940E+05
0002613   8.8899E+07  3.7618E+06 -9.4207E+05
0002614   8.9753E+07 -4.4536E+05 -2.8961E+06
0002615   9.1213E+07  1.6126E+06  4.3375E+06
0002616   8.7685E+07 -4.2474E+06  1.0648E+06
0002617   9.0798E+07  2.3585E+06  8.0882E+05
0002618   8.9011E+07  8.3652E+05 -1.7860E+05
0002619   8.8240E+07  1.2143E+04 -7.7649E+05
0002620   9.0582E+07 -1.3691E+05 -4.8673E+06
0002621   8.8950E+07  3.7348E+06 -3.5655E+06
0002622   8.9372E+07 -2.7346E+05  4.0399E+05
0002623   9.1757E+07 -1.0102E+06 -1.3217E+06
0002624   9.0344E+07 -1.4691E+06 -5.4291E+05
0002625   9.1167E+07 -2.1232E+06  1.7665E+06
0002626   9.0526E+07  1.0144E+06  2.0951E+05
0002627   8.9990E+07 -4.4764E+06  2.7643E+06
0002628   9.0794E+07  1.0283E+06  2.6637E+05
0002629   9.1177E+07 -1.8751E+06  7.9222E+05
0002630   8.9373E+07  1.9426E+06  3.0715E+05
0002631   8.8984E+07  3.6414E+06  1.5257E+04
0002632   8.8167E+07 -2.5086E+06 -2.0139E+06
0002633   8.9857E+07  1.2567E+06 -3.0637E+06
0002634   8.8859E+07 -8.1691E+05  1.6413E+06
0002635   8.8880E+07  5.3933E+06 -4.2050E+06
0002636   9.0464E+07  5.2760E+04 -1.9356E+06
0002637   9.0133E+07  4.3422E+05  1.4541E+06
0002638   9.1372E+07  1.1507E+06 -1.8882E+06
0002639   8.8289E+07 -3.6214E+06 -2.3954E+05
0002640   9.1188E+07 -7.7771E+05 -1.5633E+06
0002641   8.8185E+07  5.0828E+05  2.9522E+06
0002642   9.1492E+07 -3.9616E+05  1.1804E+06
0002643   9.1380E+07 -1.4682E+06 -2.2111E+06
0002644   8.6977E+07 -8.4928E+04 -2.1575E+06
0002645   9.1348E+07  1.3206E+06 -2.5905E+06
0002646   9.1297E+07 -6.7171E+05 -1.1412E+06
0002647   9.3076E+07 -2.1459E+06 -9.7295E+05
0002648   8.9938E+07 -2.2239E+06 -3.2770E+05
0002649   9.1406E+07  1.6087E+05 -6.0310E+06
0002650   9.2720E+07 -2.7593E+06  2.2084E+06
0002651   8.9246E+07 -2.2767E+06 -3.7027E+06
0002652   8.8435E+07 -1.4372E+06 -6.4271E+05
0002653   9.1407E+07  3.5692E+05 -1.1665E+06
0002654   9.3499E+07  1.8554E+06 -4.1747E+05
0002655   8.8077E+07 -2.0689E+06  5.1647E+05
0002656   8.8332E+07 -3.7524E+06 -1.3053E+06
0002657   9.1500E+07 -2.3878E+06 -6.6357E+05
0002658   9.0551E+07 -1.2682E+06 -1.4378E+06
0002659   9.1737E+07 -2.2169E+05 -1.8779E+06
0002660   8.7840E+07 -1.7963E+06 -1.9893E+06
0002661   8.9884E+07 -1.4199E+06 -1.5597E+06
0002662   8.9349E+07  9.6951E+04 -2.0989E+06
0002663   9.0655E+07  2.6427E+06  2.6184E+06
0002664   9.1229E+07 -1.0866E+06  1.7673E+06
0002665   8.7541E+07  5.7203E+05 -2.0920E+06
0002666   9.1811E+07  9.9859E+05 -1.7081E+06
0002667   9.1009E+07  2.5571E+06 -4.1513E+06
0002668   8.5601E+07 -2.2584E+06 -2.0782E+06
0002669   8.9878E+07 -4.5886E+05  4.4308E+05
0002670   9.0791E+07  8.7522E+03 -1.4268E+06
0002671   8.7265E+07 -2.9052E+06 -1.4809E+06
0002672   8.8598E+07 -9.1075E+05  4.6747E+05
0002673   9.0998E+07  1.1606E+06  2.9790E+06
0002674   9.2573E+07  2.8803E+05 -2.2410E+06
0002675   8.8077E+07  1.7515E+06 -3.4873E+06
0002676   9.2340E+07 -1.5583E+06 -1.4823E+06
0002677   9.3981E+07 -1.2470E+06 -2.0444E+06
0002678   8.9543E+07 -1.0675E+06 -2.6846E+06
0002679   8.9781E+07 -2.7501E+06 -6.6170E+05
0002680   9.1797E+07 -5.6156E+04 -6.0264E+05
0002681   9.1503E+07  1.6758E+06  1.5739E+06
0002682   8.8905E+07 -4.8551E+06  1.2806E+05
0002683   9.0837E+07 -1.9436E+06 -2.9596E+06
0002684   9.1702E+07 -1.3043E+06  8.3875E+05
0002685   8.9300E+07 -1.8369E+06  4.9338E+05
0002686   9.0621E+07  1.7635E+06  1.9164E+05
0002687   9.2273E+07 -2.0131E+06  1.3846E+06
0002688   9.0613E+07 -2.2805E+05 -8.9328E+05
0002689   8.8740E+07 -1.8869E+06 -4.2889E+06
0002690   8.8543E+07  7.4792E+05  3.1364E+06
0002691   9.2068E+07  1.6295E+06 -3.1380E+05
0002692   9.1519E+07  1.0373E+06 -2.7975E+05
0002693   9.0607E+07 -6.2882E+05 -1.2849E+06
0002694   8.9499E+07 -2.1706E+06 -2.7327E+06
0002695   8.9007E+07  4.1901E+06 -4.6141E+06
0002696   8.7711E+07 -2.9644E+06 -6.7936E+05
0002697   8.9467E+07 -1.2628E+06  2.3104E+06
0002698   9.0615E+07 -2.4154E+06 -4.2913E+06
0002699   9.2489E+07 -3.7771E+06 -2.7606E+06
0002700   9.0135E+07 -4.5098E+06 -1.3127E+06
0002701   9.1849E+07  4.2241E+06  7.5039E+05
0002702   8.8998E+07  1.2795E+06 -4.3069E+06
0002703   9.1938E+07  1.4436E+06 -2.0802E+06
0002704   8.9587E+07  7.8865E+05  1.3735E+06
0002705   8.9183E+07  1.1856E+06  1.1949E+05
0002706   8.9754E+07  1.4681E+06 -2.1144E+06
0002707   8.8883E+07  6.7865E+05  7.1022E+05
0002708   8.7898E+07  4.4479E+06  2.0229E+06
0002709   8.8865E+07  1.4100E+06  7.0007E+05
0002710   8.8989E+07 -2.1510E+06 -4.2538E+06
0002711   8.9064E+07 -3.5552E+05  9.2214E+05
0002712   9.2909E+07  1.4816E+06  7.8956E+06
0002713   8.8910E+07  1.5597E+06 -2.8896E+06
0002714   9.1923E+07 -1.7048E+06  2.4068E+06
0002715   8.7360E+07  1.7755E+06 -2.8281E+05
0002716   9.0020E+07 -2.2012E+06 -2.5810E+06
0002717   9.0324E+07  2.2728E+05  1.0860E+06
0002718   8.9996E+07 -2.1367E+06  1.8925E+04
0002719   8.9207E+07 -6.1570E+05  2.1985E+06
0002720   8.8975E+07 -4.8987E+05  2.4959E+06
0002721   9.0248E+07  9.1748E+05  2.0793E+06
0002722   9.0322E+07 -4.9166E+05 -1.2885E+06
0002723   9.0248E+07  1.7664E+06 -2.2443E+05
0002724   8.9713E+07  2.7628E+06  2.3498E+05
0002725   9.0868E+07  1.1563E+06 -1.8998E+06
0002726   9.0787E+07 -2.2772E+06  1.3210E+06
0002727   8.9776E+07 -2.0147E+05 -3.4813E+05
0002728   8.7988E+07 -9.3380E+05  7.7947E+05
0002729   9.0499E+07 -2.7492E+04  1.5711E+05
0002730   8.9064E+07  5.9246E+05 -2.0848E+06
0002731   8.6979E+07  1.7714E+05  7.8812E+05
0002732   9.0357E+07  1.3336E+06 -6.5555E+05
0002733   8.9787E+07  2.6417E+05  1.3350E+06
0002734   9.1934E+07  3.2327E+06 -2.0411E+06
0002735   9.0755E+07  1.0382E+06  9.4473E+03
0002736   8.9601E+07  8.4219E+05  6.9424E+05
0002737   8.9968E+07  4.3292E+06  5.9960E+05
0002738   8.9718E+07  1.9259E+05  1.6456E+06
0002739   9.0460E+07  2.5545E+06  9.6816E+05
0002740   9.2471E+07  1.6951E+06  2.5052E+05
0002741   9.2919E+07  4.3360E+05  1.7547E+05
0002742   9.0057E+07  3.4938E+06  6.3072E+05
0002743   9.1741E+07 -1.3781E+06  7.3837E+05
0002744   8.8487E+07  2.5137E+06 -9.2820E+05
0002745   9.0680E+07 -1.0013E+06  1.5516E+06
0002746   9.2126E+07 -1.3258E+06  3.2205E+06
0002747   9.1039E+07  2.1309E+06  3.8443E+06
0002748   9.0837E+07  1.5767E+06  2.3644E+06
0002749   9.0858E+07  8.3774E+04 -1.9123E+05
0002750   8.7926E+07  6.8717E+06  1.2109E+05
0002751   9.0103E+07 -5.1510E+05 -1.4483E+06
0002752   9.2217E+07 -1.3871E+06  3.1631E+06
0002753   9.1495E+07 -1.1377E+06  1.2538E+06
0002754   8.7310E+07  1.4037E+05  3.2621E+06
0002755   8.9600E+07  6.9971E+05  2.1015E+05
0002756   8.9079E+07  2.1096E+06 -4.1504E+06
0002757   8.8108E+07  5.5992E+05  6.3603E+04
0002758   9.0351E+07  2.3744E+06 -3.1144E+06
0002759   9.1807E+07 -1.9521E+05 -2.1481E+06
0002760   8.8431E+07 -1.1047E+06 -1.5571E+06
0002761   9.1981E+07  5.4556E+05  2.6404E+06
0002762   9.0513E+07 -9.5513E+05 -1.7160E+06
0002763   9.0516E+07  9.0818E+05 -9.5176E+05
0002764   9.0395E+07  8.4272E+04 -4.1010E+04
0002765   9.0147E+07 -2.7434E+06  2.4095E+06
0002766   8.7649E+07 -1.3814E+06 -3.3930E+06
0002767   9.1032E+07  3.4986E+06  1.2067E+06
0002768   9.0456E+07 -4.9965E+05  8.8787E+05
0002769   8.7969E+07  2.1466E+06 -8.4576E+05
0002770   8.9889E+07 -3.0618E+06 -1.9206E+05
0002771   8.8407E+07 -3.9621E+06 -5.6631E+06
0002772   8.7732E+07 -1.0361E+06 -1.8636E+06
0002773   9.0471E+07  1.7018E+06  3.5724E+06
0002774   9.0179E+07  9.0235E+05 -1.2854E+06
0002775   8.8197E+07 -1.0436E+06  1.2693E+05
0002776   9.1722E+07  1.8314E+06 -1.1551E+06
0002777   8.9552E+07  1.3571E+06  2.9961E+05
0002778   9.1657E+07 -9.8389E+05 -8.1560E+04
0002779   9.1932E+07  9.7215E+05 -4.4214E+05
0002780   9.0279E+07 -1.3720E+06 -1.0569E+06
0002781   8.9495E+07 -1.6377E+05  6.3452E+05
0002782   8.7305E+07 -6.7600E+05  1.0587E+06
0002783   9.0412E+07  1.5536E+05  2.5465E+06
0002784   9.1683E+07  9.9571E+05 -1.0446E+06
0002785   9.1947E+07  1.7131E+06  3.1351E+06
0002786   8.9805E+07 -2.4347E+06 -3.2611E+06
0002787   9.0571E+07 -8.6122E+05 -6.6613E+06
0002788   9.2274E+07 -5.5467E+05  2.5791E+06
0002789   8.7401E+07 -3.8674E+05 -5.3757E+06
0002790   8.5827E+07 -1.6828E+06 -7.4369E+06
0002791   8.8499E+07  9.0011E+05  1.2093E+06
0002792   9.0697E+07 -6.1806E+06 -2.8556E+05
0002793   8.9517E+07  1.8877E+06 -2.0882E+06
0002794   8.7886E+07  9.9441E+05  2.2934E+05
0002795   8.8481E+07  1.4839E+06  6.9599E+05
0002796   9.0753E+07 -9.1298E+05  1.1397E+06
0002797   8.9486E+07  5.5584E+05 -7.4218E+05
0002798   9.2858E+07 -1.5058E+06  2.0789E+05
0002799   8.9218E+07 -1.1125E+06 -2.1350E+06
0002800   9.1074E+07 -1.2301E+06 -8.2833E+05
0002801   9.0410E+07 -3.0568E+06 -1.0136E+06
0002802   8.8459E+07  1.5977E+03 -1.3882E+06
0002803   9.0234E+07 -2.9696E+06  2.2722E+06
0002804   8.8261E+07 -1.7828E+06 -2.3805E+06
0002805   9.0262E+07 -1.3449E+06 -8.7621E+05
0002806   8.9162E+07  1.8313E+06  6.9235E+05
0002807   9.0638E+07 -2.5695E+06  1.1199E+06
0002808   8.6869E+07  1.2613E+06  9.5582E+05
0002809   8.7613E+07 -1.9472E+06  9.7325E+05
0002810   9.0660E+07  3.7421E+05 -2.8475E+06
0002811   8.6940E+07  3.6927E+05 -4.4510E+05
0002812   9.0872E+07  5.9581E+03  3.6547E+05
0002813   9.1105E+07  2.8073E+06 -1.6952E+05
0002814   9.0406E+07 -3.7754E+06  1.4999E+06
0002815   8.6221E+07 -1.5169E+07 -1.0328E+06
0002816   8.9466E+07  1.2166E+06  4.1964E+05
0002817   9.0538E+07  3.9276E+05  1.8918E+06
0002818   9.0559E+07  1.2920E+06 -1.3883E+06
0002819   8.7667E+07  3.7949E+06 -4.7603E+06
0002820   8.8970E+07  1.4606E+06  2.0224E+06
0002821   9.0168E+07  1.1297E+06  3.0601E+06
0002822   8.7565E+07  3.7208E+05  1.4165E+06
0002823   9.0733E+07 -2.7329E+06 -8.0420E+05
0002824   8.9663E+07 -1.5956E+06 -4.1958E+05
0002825   8.5313E+07 -4.4510E+05  3.6032E+06
0002826   8.8842E+07 -2.8127E+06 -1.7055E+06
0002827   9.2041E+07  3.4748E+05  4.4163E+04
0002828   9.0191E+07  1.6171E+06  1.5968E+06
0002829   9.0007E+07  2.6224E+06  6.0087E+05
0002830   9.0617E+07  4.3803E+05  7.8172E+04
0002831   8.9819E+07 -1.1902E+06 -2.1503E+06
0002832   8.9542E+07 -1.3714E+06  1.3295E+06
0002833   9.0426E+07 -7.7250E+05 -4.7785E+05
0002834   9.0348E+07  2.5436E+06  2.1094E+06
0002835   8.9726E+07 -8.3210E+05  3.7765E+06
0002836   8.8455E+07  3.8842E+05 -1.5655E+06
0002837   9.0381E+07 -2.5415E+05 -3.2284E+05
0002838   9.2381E+07  3.0872E+05 -5.5725E+05
0002839   9.0517E+07  1.8201E+06  3.5229E+05
0002840   9.0125E+07  1.4442E+05 -2.0632E+06
0002841   9.0197E+07 -9.0237E+05  2.4867E+06
0002842   8.8516E+07  1.2794E+06 -2.4034E+06
0002843   8.9017E+07 -7.2524E+04  1.4427E+06
0002844   8.9360E+07  7.4432E+05 -1.4955E+04
0002845   8.9397E+07  2.5696E+06  1.1396E+06
0002846   8.8353E+07 -7.0450E+05  1.9118E+06
0002847   8.9073E+07 -2.0562E+06 -3.5453E+06
0002848   8.8283E+07 -9.7061E+05 -5.2399E+05
0002849   8.9562E+07 -3.1651E+06 -5.4780E+05
0002850   9.0283E+07 -6.1324E+05 -1.0042E+06
0002851   8.9990E+07 -2.1273E+06  1.5973E+06
0002852   8.8604E+07  8.8377E+05 -1.2410E+06
0002853   9.0184E+07  2.7096E+06  3.5280E+06
0002854   9.1934E+07 -1.0983E+06  3.0271E+06
0002855   9.1893E+07 -3.9388E+06 -2.0471E+06
0002856   8.9962E+07 -4.4709E+05  1.8725E+06
0002857   8.8982E+07  2.6527E+06  2.4434E+06
0002858   8.7476E+07  8.9845E+05 -1.7410E+05
0002859   9.0693E+07 -1.0739E+06  1.4315E+05
0002860   9.0416E+07 -2.2553E+06  1.6855E+06
0002861   9.1673E+07 -8.0453E+05 -6.2133E+05
0002862   9.2685E+07  2.0581E+05  1.1046E+05
0002863   9.2356E+07 -1.8269E+06  1.1250E+05
0002864   8.9727E+07  9.4544E+05 -1.1087E+05
0002865   8.9894E+07  9.7107E+05 -4.3847E+05
0002866   8.9070E+07  1.3897E+06 -1.4230E+06
0002867   9.4211E+07  7.2412E+04  1.3340E+06
0002868   8.9498E+07 -2.4882E+06  1.9659E+06
0002869   9.1291E+07  6.5412E+05 -2.4333E+06
0002870   8.9454E+07 -6.5214E+05  5.8168E+05
0002871   8.9949E+07  1.1297E+06  9.9712E+05
0002872   9.1553E+07  3.1291E+06  2.8195E+05
0002873   9.1772E+07 -6.9299E+05 -1.0878E+06
0002874   9.5425E+07  1.6384E+06 -4.9278E+06
0002875   9.2723E+07  2.2131E+06  3.1236E+06
0002876   8.9618E+07  1.8332E+06  6.6697E+05
0002877   9.0902E+07 -2.7203E+06  2.6346E+06
0002878   8.8420E+07  2.7608E+06 -1.3366E+06
0002879   8.7786E+07  1.5924E+06  1.0625E+06
0002880   9.1692E+07 -1.3701E+06  9.1843E+04
0002881   8.9955E+07  6.2089E+06 -2.9862E+06
0002882   8.9884E+07  2.9314E+06  3.0743E+06
0002883   8.9571E+07  3.3719E+06  1.9436E+06
0002884   8.9374E+07  3.6363E+05 -7.2234E+05
0002885   9.0055E+07 -2.7506E+06  2.1718E+06
0002886   8.9126E+07  2.0945E+06 -1.4284E+06
0002887   8.8690E+07  4.1091E+04  1.4047E+06
0002888   9.0103E+07  4.8567E+06 -5.5532E+06
0002889   9.0250E+07 -4.0089E+05  1.3192E+05
0002890   8.9444E+07 -2.4040E+06 -1.2974E+06
0002891   8.7646E+07 -3.0426E+05  2.5426E+05
0002892   8.9324E+07  3.0590E+06 -2.2937E+05
0002893   8.9796E+07  1.3559E+06 -1.0678E+06
0002894   8.9898E+07  3.5669E+06 -1.2098E+05
0002895   8.9037E+07  2.0255E+06 -1.8956E+06
0002896   9.1468E+07  2.4298E+05  1.1414E+06
0002897   9.2119E+07  1.0887E+06  2.9050E+05
0002898   9.1286E+07 -4.7569E+06  2.0796E+06
0002899   9.0152E+07 -2.3292E+06  2.9460E+06
0002900   9.0141E+07  2.6143E+06  3.0485E+06
0002901   9.0646E+07 -7.8651E+05 -8.7915E+05
0002902   8.8746E+07 -2.1289E+06 -6.0583E+06
0002903   9.0775E+07 -1.0486E+06 -3.7433E+06
0002904   8.9960E+07  1.2639E+06 -1.2708E+06
0002905   9.0868E+07  2.9098E+06 -1.2970E+06
0002906   8.8938E+07  4.7472E+06  1.2297E+06
0002907   9.0674E+07  1.6744E+06  7.8403E+05
0002908   9.0660E+07  3.2693E+06  1.9994E+06
0002909   8.9182E+07  1.7863E+06 -8.1796E+05
0002910   9.1063E+07  3.8130E+05 -7.9983E+05
0002911   8.8329E+07 -5.8167E+06 -1.8429E+06
0002912   9.1915E+07 -7.0285E+05  3.4462E+06
0002913   9.0835E+07 -1.3685E+06 -5.9048E+05
0002914   9.0518E+07 -1.2801E+06 -7.5580E+05
0002915   8.9933E+07  6.3098E+06 -1.9604E+05
0002916   8.9974E+07 -5.1195E+02  9.7317E+05
0002917   9.1876E+07 -4.5068E+05 -1.6803E+06
0002918   9.0719E+07  9.5134E+05  3.1002E+06
0002919   8.7936E+07 -6.7029E+04 -1.7649E+05
0002920   8.7115E+07  4.2573E+05  2.6406E+06
0002921   9.0246E+07  1.5920E+06 -4.0209E+05
0002922   8.9355E+07  3.9880E+06 -3.1693E+06
0002923   8.8656E+07  3.3136E+06  2.9542E+05
0002924   8.9548E+07 -1.0754E+06 -6.1380E+06
0002925   8.9287E+07  2.3272E+06  7.8347E+06
0002926   8.9752E+07  7.1724E+05 -3.3955E+05
0002927   8.8260E+07 -2.0833E+06 -2.0295E+05
0002928   9.1213E+07  5.0053E+05  8.8423E+06
0002929   9.2211E+07  1.1202E+06  3.4430E+06
0002930   8.9906E+07 -7.7780E+06  1.9796E+06
0002931   8.7681E+07 -7.0655E+05 -1.5084E+06
0002932   8.8922E+07 -1.5905E+06 -2.0860E+06
0002933   8.5698E+07 -7.2277E+06 -9.5389E+06
0002934   8.7847E+07 -2.8601E+06  3.2519E+06
0002935   8.8086E+07  8.8948E+05  3.0921E+06
0002936   8.9830E+07 -2.7969E+06 -9.6958E+05
0002937   8.9747E+07  4.3954E+05  1.5878E+06
0002938   8.9784E+07 -4.5455E+05  3.3854E+06
0002939   9.0420E+07  6.9418E+03  2.2336E+06
0002940   8.9720E+07 -3.0925E+05 -4.6290E+06
0002941   8.7510E+07 -5.8407E+06 -4.9321E+06
0002942   8.6655E+07 -1.3713E+05 -4.7063E+05
0002943   8.8898E+07  4.8342E+05 -4.9156E+06
0002944   8.8412E+07 -7.5251E+06  2.4607E+06
0002945   9.1463E+07  4.9703E+05 -5.8862E+05
0002946   9.0509E+07  9.1784E+05 -2.2380E+06
0002947   8.8196E+07 -1.4394E+06 -6.4463E+05
0002948   8.9470E+07  3.9721E+06  2.3635E+06
0002949   8.9030E+07  1.6182E+06  4.5460E+06
0002950   9.0272E+07 -2.8142E+05 -2.5554E+06
0002951   9.1685E+07 -3.7253E+06  3.4303E+06
0002952   4.1670E+07  2.5258E+07  8.8118E+06
0002953   8.9569E+07  3.9601E+06  1.0683E+05
0002954   8.9283E+07 -7.1399E+05 -5.9394E+06
0002955   8.8123E+07 -8.0497E+05 -8.9279E+05
0002956   9.0218E+07 -1.2059E+06  2.8323E+06
0002957   8.6777E+07 -2.3341E+06 -1.0316E+06
0002958   9.0681E+07  1.1229E+06  1.2124E+06
0002959   9.1059E+07 -1.5616E+06 -4.5405E+05
0002960   8.8849E+07 -3.6234E+06 -3.2508E+05
0002961   9.1641E+07 -1.0460E+06 -1.3317E+06
0002962   9.1637E+07  9.8041E+05  1.2165E+05
0002963   8.9737E+07  1.0543E+06  1.1356E+06
0002964   9.0981E+07 -2.2803E+06 -2.4046E+06
0002965   8.7323E+07  1.9811E+06 -1.4191E+06
0002966   8.9348E+07 -2.4822E+06  1.1318E+06
0002967   8.9916E+07 -2.0917E+06  2.8005E+06
0002968   9.0439E+07  4.5474E+05  9.7630E+05
0002969   8.9095E+07  2.2477E+05  3.3352E+06
0002970   9.3553E+07 -1.5373E+06 -9.9453E+05
0002971   8.9348E+07  3.9978E+06  3.5401E+05
0002972   8.9285E+07  2.2351E+05 -3.1374E+05
0002973   8.7763E+07  8.4060E+05  3.2225E+05
0002974   9.1185E+07 -1.6071E+06  1.2585E+06
0002975   9.0463E+07 -4.9996E+05  5.4186E+05
0002976   9.0356E+07  1.7459E+06 -9.9595E+05
0002977   9.0942E+07 -5.6488E+05 -3.0327E+06
0002978   9.1858E+07 -2.4292E+04  1.4905E+06
0002979   9.0871E+07  2.4159E+05 -2.6177E+06
0002980   8.9204E+07  4.7506E+04  4.8333E+06
0002981   8.9866E+07 -5.8104E+05  4.6597E+05
0002982   9.0075E+07  3.6008E+05  4.4356E+05
0002983   9.0946E+07 -2.0872E+06  1.7268E+06
0002984   9.1499E+07 -6.8963E+06  2.4431E+06
0002985   9.1052E+07  1.4890E+06  5.7895E+05
0002986   9.0284E+07 -6.3149E+05  9.5047E+05
0002987   9.2578E+07 -6.4224E+06 -2.6295E+06
0002988   8.9932E+07  9.3156E+05 -2.6874E+06
0002989   9.0779E+07 -4.8043E+06 -1.8307E+06
0002990   8.9436E+07  1.7979E+06 -9.0715E+05
0002991   8.8988E+07 -2.2485E+05  1.0746E+06
0002992   8.8067E+07 -2.3945E+06 -6.2398E+05
0002993   8.8402E+07  9.0384E+05 -7.6066E+04
0002994   8.8472E+07  3.6968E+06 -2.5917E+05
0002995   9.1319E+07  2.3013E+06 -2.6188E+05
0002996   9.1768E+07 -1.9404E+06  1.0845E+06
0002997   8.9867E+07 -4.1916E+06  4.3823E+06
0002998   9.1585E+07 -2.7855E+05 -4.9297E+06
0002999   8.8776E+07  1.0002E+06 -3.1755E+05
0003000   8.9854E+07  1.3374E+04  2.2539E+06
0003001   9.1838E+07  2.9128E+06 -3.7202E+06
0003002   8.8970E+07  1.9097E+06  2.7909E+06
0003003   9.1020E+07 -3.1222E+06  3.0468E+05
0003004   8.9425E+07 -7.5701E+06 -1.5591E+06
0003005   8.9034E+07 -3.9498E+06  2.5278E+06
0003006   8.9778E+07 -6.5215E+05  3.5272E+05
0003007   9.0388E+07  1.0615E+06 -2.6134E+06
0003008   8.8619E+07  2.3029E+05  1.1349E+06
0003009   8.8461E+07 -5.9358E+06 -7.2106E+05
0003010   8.9342E+07 -7.1342E+04 -5.3194E+06
0003011   8.9269E+07  5.8293E+06 -2.9956E+06
0003012   8.9646E+07 -5.6336E+04 -1.3149E+06
0003013   9.0349E+07  1.9067E+06 -4.4556E+06
0003014   8.8013E+07  2.0186E+06  2.3013E+06
0003015   8.9925E+07 -8.8814E+05 -8.0668E+05
0003016   8.9883E+07  1.0324E+06  9.6643E+04
0003017   9.2005E+07 -5.0994E+05  5.1173E+04
0003018   9.0154E+07 -1.1868E+06  2.7077E+06
0003019   8.8175E+07 -1.4044E+06 -2.1943E+06
0003020   8.9694E+07 -3.8198E+06 -4.9001E+05
0003021   8.7325E+07 -5.1639E+06  3.9161E+06
0003022   8.7484E+07  2.3086E+06  1.1964E+06
0003023   9.3060E+07 -4.4262E+05 -9.1230E+05
0003024   8.8314E+07  1.2146E+06 -4.0395E+04
0003025   9.0418E+07 -4.9422E+05 -2.7654E+06
0003026   8.8605E+07 -4.3134E+06  4.1678E+06
0003027   8.9775E+07  7.9663E+05 -1.0930E+06
0003028   8.9696E+07 -2.2811E+06 -1.6283E+06
0003029   9.1345E+07 -4.7511E+06 -2.8250E+06
0003030   9.2502E+07 -1.4354E+06  1.9192E+06
0003031   8.9545E+07  1.0468E+06  7.5953E+05
0003032   9.1099E+07  1.7304E+06 -1.0816E+06
0003033   8.9045E+07 -2.4665E+05  3.2578E+06
0003034   9.0260E+07  2.4234E+06  1.1194E+06
0003035   8.8072E+07  1.1867E+06 -1.5725E+06
0003036   8.8327E+07  4.2773E+05 -6.9687E+05
0003037   9.0936E+07  1.4524E+06  7.2854E+04
0003038   8.9555E+07  1.1280E+06  1.5122E+06
0003039   8.9592E+07  1.7541E+06 -2.1684E+06
0003040   9.0032E+07 -9.1880E+05  2.4765E+06
0003041   9.0885E+07  3.7274E+06  2.3768E+06
0003042   8.8080E+07  4.5575E+05 -2.9825E+05
0003043   9.0570E+07  1.5746E+06 -1.6577E+06
0003044   8.9907E+07 -1.3896E+06 -3.7025E+05
0003045   9.0601E+07 -1.4932E+06  1.8486E+06
0003046   9.0129E+07  9.7193E+05  1.6090E+06
0003047   9.0372E+07  2.0189E+06 -1.8288E+06
0003048   9.2493E+07  2.5178E+04 -1.1957E+06
0003049   8.8119E+07  7.2000E+05 -4.7264E+06
0003050   9.1278E+07 -1.1110E+06  2.0925E+06
0003051   8.9542E+07  2.8609E+06  8.8090E+05
0003052   9.0390E+07  5.0787E+05  3.5777E+06
0003053   8.9688E+07 -6.7664E+05  1.0544E+06
0003054   8.9018E+07 -2.0921E+05  2.6586E+06
0003055   8.8630E+07 -1.9320E+06 -8.2532E+05
0003056   9.1810E+07 -6.4309E+05  3.8418E+06
0003057   8.7589E+07  4.2441E+05 -1.6800E+06
0003058   9.0754E+07 -2.1168E+06 -9.8579E+04
0003059   8.9150E+07  1.4373E+05 -3.9625E+06
0003060   9.2065E+07  1.3246E+06 -5.7883E+06
0003061   8.9702E+07 -5.3085E+04  1.0673E+06
0003062   9.1422E+07  1.8879E+06  1.5963E+06
0003063   8.9262E+07  8.0769E+05 -3.7058E+05
0003064   9.0766E+07  9.9261E+05 -9.7235E+05
0003065   9.1566E+07  6.0587E+06  7.9113E+05
0003066   8.8024E+07 -1.8449E+06  3.7246E+06
0003067   9.0641E+07  4.4619E+06 -2.2534E+05
0003068   8.7244E+07  3.8401E+05  1.5706E+06
0003069   9.0847E+07 -5.5867E+06 -8.5255E+06
0003070   8.8819E+07 -9.3623E+05  7.0943E+05
0003071   8.7697E+07 -1.4482E+06 -1.4450E+06
0003072   8.8135E+07 -1.4493E+06  1.4461E+05
0003073   8.8310E+07  1.1388E+06 -1.4725E+06
0003074   9.0356E+07  3.3725E+06 -2.6418E+06
0003075   9.0715E+07  1.9786E+06  1.4380E+05
0003076   8.5227E+07 -1.2019E+07  6.4496E+06
0003077   8.7655E+07 -1.1233E+06  3.2540E+05
0003078   8.9599E+07 -5.0599E+05 -2.2651E+06
0003079   9.1473E+07 -1.2923E+06  2.0595E+06
0003080   9.0874E+07 -7.6864E+05 -1.2874E+06
0003081   9.4520E+07 -6.7433E+04 -2.0929E+06
0003082   9.0536E+07  1.8268E+05  2.1671E+05
0003083   9.0279E+07 -1.6470E+06 -5.9072E+03
0003084   8.7771E+07 -5.2866E+05 -7.5366E+06
0003085   8.8253E+07  1.1566E+06 -1.3439E+06
0003086   8.8293E+07 -1.2774E+06  1.7433E+06
0003087   8.8441E+07  9.0814E+04 -1.8623E+06
0003088   8.9621E+07 -3.2981E+06  2.5848E+06
0003089   8.8546E+07  1.8119E+06  5.6658E+05
0003090   9.0934E+07 -1.4522E+06 -2.2292E+06
0003091   9.1210E+07 -1.4586E+06 -2.9098E+06
0003092   8.9757E+07  2.2841E+06 -9.0006E+04
0003093   8.9356E+07 -3.0824E+06  1.9491E+06
0003094   8.7722E+07  1.2139E+06 -5.1182E+05
0003095   8.9102E+07  3.8679E+05  1.5869E+06
0003096   9.0645E+07  8.2715E+05 -3.5197E+06
0003097   9.0685E+07 -1.6669E+06 -3.3568E+05
0003098   9.0134E+07  3.4187E+05  1.2070E+06
0003099   8.9897E+07 -2.0692E+06  4.0751E+05
0003100   8.8731E+07 -1.9926E+05  1.8398E+06
0003101   8.8888E+07 -5.8066E+06  4.5255E+06
0003102   8.9490E+07  1.8627E+06  2.0134E+06
0003103   8.9586E+07  1.1901E+06 -5.3996E+05
0003104   9.0699E+07 -1.3150E+05 -1.7020E+06
0003105   9.1011E+07 -8.2224E+05 -1.8670E+06
0003106   8.8095E+07 -2.6338E+06  2.1303E+05
0003107   8.9378E+07  1.5531E+06 -1.1176E+06
0003108   8.9445E+07 -1.8172E+06 -1.6488E+06
0003109   8.7340E+07  2.3286E+06  2.1520E+06
0003110   9.0425E+07 -2.7419E+06 -1.3527E+06
0003111   9.0073E+07  4.0864E+05  1.0460E+06
0003112   8.7509E+07 -4.3119E+06 -7.6452E+06
0003113   9.1172E+07 -8.5236E+05 -2.7834E+06
0003114   8.7252E+07  1.6118E+06 -3.3263E+05
0003115   8.8716E+07  1.2319E+06  2.2706E+06
0003116   9.1028E+07 -2.9963E+06 -3.9809E+05
0003117   9.1465E+07 -1.5057E+06  3.4586E+04
0003118   9.3130E+07 -8.2556E+04  5.2571E+05
0003119   9.1308E+07  3.9525E+05  2.0417E+04
0003120   9.0426E+07 -4.8467E+05  7.1643E+04
0003121   8.9324E+07  3.7509E+06 -3.2806E+06
0003122   8.9829E+07  2.8775E+06  2.2243E+06
0003123   8.9972E+07 -1.2112E+06 -1.0008E+06
0003124   8.9894E+07  1.5573E+06  1.0516E+06
0003125   8.7076E+07 -2.3638E+06 -1.7308E+06
0003126   9.0485E+07  9.6825E+05 -1.6670E+06
0003127   9.0137E+07  1.6181E+06  2.2501E+06
0003128   8.9404E+07 -6.9214E+05 -3.7808E+06
0003129   9.0970E+07 -5.7915E+04 -1.5351E+06
0003130   9.0520E+07  1.4002E+06  5.2194E+05
0003131   9.1170E+07  1.1177E+05  4.4058E+06
0003132   9.0040E+07 -8.4495E+05  1.1256E+06
0003133   8.9485E+07  3.1731E+05 -1.1937E+06
0003134   8.8138E+07 -1.4089E+06 -5.3114E+05
0003135   9.1043E+07 -4.9548E+06 -2.0906E+06
0003136   9.0996E+07 -8.1974E+05 -1.5945E+06
0003137   9.0459E+07 -2.8890E+05 -1.4505E+05
0003138   9.2296E+07 -2.1549E+06 -1.5491E+06
0003139   8.8027E+07 -7.7052E+05  2.0892E+06
0003140   8.6736E+07 -3.5885E+06 -1.5008E+06
0003141   8.7959E+07 -2.0632E+06 -1.0317E+06
0003142   8.9131E+07 -7.2350E+05 -3.1624E+06
0003143   9.2658E+07  2.6824E+06 -5.9102E+05
0003144   8.9982E+07 -9.2923E+05  5.5763E+05
0003145   9.0271E+07 -1.5844E+06 -1.7824E+06
0003146   9.0848E+07 -2.3613E+06 -9.8449E+05
0003147   8.9893E+07  6.7017E+05 -6.9591E+05
0003148   8.9572E+07  1.0567E+05  6.3294E+05
0003149   9.0170E+07 -1.2190E+06  1.8962E+06
0003150   9.1773E+07  5.2815E+05  4.5007E+06
0003151   8.8942E+07  2.3385E+06 -3.6596E+04
0003152   8.8414E+07 -4.0231E+06 -7.6842E+05
0003153   8.9232E+07  9.8638E+05  1.4610E+06
0003154   8.8282E+07  7.6112E+05 -1.2507E+06
0003155   8.9252E+07  2.8244E+06  7.6286E+05
0003156   9.2206E+07 -1.3608E+06  7.2006E+05
0003157   9.1407E+07  2.2010E+06 -9.1959E+05
0003158   9.0504E+07  2.2525E+05 -2.1361E+05
0003159   8.9517E+07  2.4840E+06  7.2060E+05
0003160   8.9801E+07  2.1404E+05  6.1170E+05
0003161   8.9191E+07 -1.2409E+06  5.6970E+05
0003162   9.0346E+07  4.7357E+05 -1.8713E+05
0003163   9.0176E+07 -9.3094E+04  1.7480E+06
0003164   8.8298E+07 -1.7945E+05 -1.9509E+06
0003165   9.0039E+07 -6.1439E+05 -2.3143E+06
0003166   8.8612E+07  1.0981E+06 -1.3923E+06
0003167   8.9774E+07 -1.6286E+06 -3.2216E+06
0003168   8.8216E+07 -4.3721E+05 -1.0680E+06
0003169   8.7940E+07 -1.8538E+06  3.4597E+05
0003170   8.9384E+07 -2.0499E+06 -1.2547E+06
0003171   8.9885E+07 -3.0591E+06 -4.9170E+05
0003172   8.9678E+07  3.0225E+06 -1.4927E+06
0003173   8.9397E+07  1.7373E+06  5.0300E+05
0003174   8.5621E+07  1.3150E+07 -1.4946E+07
0003175   9.0524E+07  1.5145E+06 -2.7912E+05
0003176   8.8209E+07  1.1141E+06  1.8315E+06
0003177   9.1219E+07  1.4307E+06  1.6303E+06
0003178   9.0323E+07  2.0822E+06  2.2648E+06
0003179   9.0645E+07 -1.7976E+06  1.6446E+06
0003180   9.2211E+07 -2.4688E+06 -2.3065E+06
0003181   8.8789E+07  1.2395E+06  4.3100E+05
0003182   9.0771E+07  2.0519E+05  1.5711E+06
0003183   8.9269E+07  7.8980E+05 -5.8923E+05
0003184   8.9121E+07 -8.3866E+04  1.8784E+06
0003185   8.8839E+07  2.0578E+06 -1.1559E+06
0003186   8.9393E+07 -1.1409E+06  3.5769E+05
0003187   8.8561E+07  3.1379E+06 -1.7353E+06
0003188   8.8131E+07  8.8037E+05 -2.0919E+06
0003189   8.8186E+07  2.0266E+06  7.3840E+05
0003190   8.8948E+07  2.3113E+06  3.3054E+06
0003191   8.5143E+07 -1.1785E+07  9.5085E+06
0003192   8.5889E+07  1.6525E+06 -5.6276E+05
0003193   8.9507E+07 -4.1650E+05 -1.2199E+06
0003194   9.0476E+07  5.1862E+05 -5.7345E+05
0003195   8.7472E+07  6.9598E+05  2.2472E+06
0003196   9.3209E+07  1.4586E+06  1.5660E+05
0003197   8.8788E+07 -7.3458E+05  9.5088E+05
0003198   9.1834E+07 -8.7298E+05 -6.6921E+04
0003199   8.6672E+07 -4.4937E+05  6.2225E+05
0003200   8.6385E+07  3.1202E+06 -1.3759E+06
0003201   8.8937E+07  1.3844E+06 -1.0517E+06
0003202   8.9868E+07 -3.1059E+06 -1.1142E+06
0003203   8.7392E+07 -1.9525E+06  4.9746E+05
0003204   9.3178E+07  5.4953E+05  2.2285E+06
0003205   8.9681E+07  9.8903E+05  9.6041E+05
0003206   8.7824E+07  7.9208E+04  3.4984E+06
0003207   8.9201E+07 -2.4481E+05 -6.1577E+05
0003208   9.1053E+07 -1.5529E+06 -6.7865E+05
0003209   9.0736E+07 -3.2791E+06  2.4861E+06
0003210   8.7939E+07  2.1559E+05  3.7438E+06
0003211   8.8752E+07 -2.2298E+06 -3.5628E+05
0003212   9.2795E+07 -3.2167E+05 -3.1721E+06
0003213   9.0057E+07  3.4370E+05 -1.2922E+06
0003214   8.8572E+07 -8.6470E+04 -9.6334E+05
0003215   9.2088E+07 -1.9719E+06  1.5834E+06
0003216   8.9523E+07  2.0496E+06  2.2212E+06
0003217   8.9369E+07  2.6446E+06 -2.5128E+06
0003218   9.1786E+07 -1.0916E+05 -5.2763E+05
0003219   9.1684E+07  1.1035E+06  1.0593E+06
0003220   8.8825E+07  3.2150E+06  3.9365E+05
0003221   9.1928E+07 -2.4141E+06  4.3399E+05
0003222   9.0969E+07  2.9906E+06 -3.5770E+06
0003223   9.0624E+07 -4.5132E+06 -4.5628E+06
0003224   8.8709E+07 -2.2237E+06 -1.6166E+06
0003225   8.7997E+07  1.2772E+06  1.3878E+06
0003226   9.1452E+07  2.2366E+06  5.7382E+05
0003227   8.8697E+07  8.5858E+05  8.7094E+05
0003228   8.9569E+07 -1.4759E+05 -1.7447E+05
0003229   8.6810E+07  1.3721E+06  2.5652E+06
0003230   8.7506E+07 -3.2595E+05  5.5495E+04
0003231   9.0741E+07  1.1817E+06 -1.3878E+05
0003232   8.8666E+07 -9.7573E+05  7.4882E+05
0003233   8.9406E+07 -1.7349E+05  2.1086E+06
0003234   8.7701E+07  1.7258E+06  3.1905E+06
0003235   8.9062E+07  7.1793E+05  1.4255E+06
0003236   8.9854E+07  2.6637E+06  2.1687E+06
0003237   8.8642E+07 -2.8828E+06  2.1229E+06
0003238   8.8054E+07 -3.1742E+06 -3.2989E+06
0003239   9.1443E+07  1.2611E+06  2.0595E+06
0003240   9.1714E+07 -4.2524E+06  1.1199E+05
0003241   8.8206E+07  6.0180E+05 -2.7162E+06
0003242   9.0480E+07 -1.2170E+06 -5.2980E+05
0003243   9.0917E+07 -5.1508E+06  1.0468E+06
0003244   9.0143E+07  1.8857E+06  7.7046E+04
0003245   8.9441E+07  1.7891E+06  3.1555E+06
0003246   8.9853E+07 -2.5683E+06  1.3399E+06
0003247   8.7917E+07 -1.7624E+05  1.3858E+06
0003248   9.2094E+07  1.8959E+06 -2.0801E+06
0003249   8.8324E+07 -2.8718E+06 -1.4737E+06
0003250   8.9559E+07  1.4180E+06 -3.5497E+05
0003251   9.0067E+07  5.3326E+05  2.3984E+06
0003252   8.9523E+07 -1.3151E+05  4.4445E+05
0003253   9.0083E+07 -2.6911E+06 -1.2815E+06
0003254   9.2010E+07  1.1182E+06 -2.0114E+06
0003255   8.7073E+07  7.6352E+05 -2.3656E+06
0003256   9.1950E+07 -2.5721E+05  1.3072E+06
0003257   8.9195E+07 -2.1665E+06 -4.2152E+05
0003258   9.0720E+07  1.5664E+06 -1.5979E+06
0003259   9.0193E+07 -1.8694E+06 -2.5051E+06
0003260   9.2219E+07  1.3363E+06 -1.2215E+06
0003261   9.0116E+07 -1.0545E+05  2.1529E+06
0003262   9.1023E+07 -2.3739E+06  3.1456E+06
0003263   8.9591E+07  1.8859E+06  4.8926E+06
0003264   8.7745E+07 -5.3945E+05 -7.4695E+05
0003265   8.8825E+07 -7.7498E+05  9.5932E+05
0003266   9.1854E+07 -9.5907E+05 -4.5161E+05
0003267   8.9612E+07 -1.3273E+06  2.6867E+06
0003268   9.0807E+07  1.3678E+06 -4.6253E+06
0003269   9.0034E+07 -3.1226E+05  1.7623E+06
0003270   9.2200E+07 -1.7856E+05 -4.4315E+05
0003271   9.0053E+07  3.7842E+06  9.7946E+05
0003272   9.2286E+07  1.1768E+06  1.0797E+06
0003273   9.1159E+07  6.3446E+05 -1.5577E+06
0003274   9.3904E+07 -2.6734E+06 -2.9196E+05
0003275   9.0320E+07 -6.3860E+05  4.0371E+06
0003276   8.7041E+07 -1.1740E+06  9.9549E+05
0003277   9.1227E+07  5.9243E+05 -1.9433E+06
0003278   8.6981E+07 -8.6379E+04 -8.3071E+05
0003279   8.8039E+07 -1.0954E+06  6.9459E+05
0003280   9.1580E+07 -5.8466E+05 -1.0935E+06
0003281   8.9773E+07  1.6495E+06 -9.3132E+05
0003282   8.8454E+07  3.2096E+06 -1.3658E+06
0003283   9.1517E+07  9.9613E+05  1.8858E+06
0003284   9.1517E+07 -2.0849E+06  4.3464E+06
0003285   9.0877E+07 -1.0735E+06  8.1897E+05
0003286   9.0447E+07  2.3689E+06  1.0668E+06
0003287   8.7359E+07 -8.2002E+05  3.9636E+05
0003288   9.2106E+07 -1.7013E+06 -3.4132E+05
0003289   9.2477E+07  8.9571E+05 -2.9271E+06
0003290   9.1044E+07 -8.6153E+05  6.9164E+05
0003291   9.1905E+07 -1.5721E+06 -4.7665E+05
0003292   9.1080E+07  8.6354E+05  2.0085E+06
0003293   9.1403E+07 -1.1711E+06 -5.9675E+05
0003294   9.1430E+07 -1.9028E+06  1.7494E+06
0003295   9.0655E+07  1.9885E+06  2.7607E+06
0003296   8.9596E+07 -7.5211E+05  2.2658E+05
0003297   9.0658E+07  3.2305E+05  8.8650E+05
0003298   9.0047E+07 -3.4104E+05 -1.1219E+06
0003299   8.9257E+07 -9.6644E+05  7.4646E+05
0003300   9.0947E+07  1.5221E+06 -1.7615E+06
0003301   8.8965E+07  9.3878E+05 -8.8559E+06
0003302   8.9572E+07 -3.7948E+06  2.2771E+06
0003303   8.9173E+07  2.3235E+06  1.4627E+06
0003304   9.0736E+07  4.1031E+06 -1.5072E+06
0003305   9.1879E+07 -3.2187E+05  2.3779E+06
0003306   9.1435E+07 -4.7011E+03 -1.2155E+06
0003307   8.8760E+07 -6.4036E+06  1.1964E+07
0003308   9.0052E+07  1.9177E+06 -2.2215E+06
0003309   9.0436E+07  2.1554E+06 -1.7518E+06
0003310   9.2218E+07 -2.5253E+05  1.3471E+06
0003311   9.1737E+07  1.6011E+06 -2.6046E+05
0003312   8.9458E+07 -1.5009E+05 -1.8143E+05
0003313   8.7828E+07  3.7237E+05 -5.7266E+05
0003314   8.8706E+07 -1.7067E+06  6.1937E+05
0003315   8.8339E+07  1.5341E+06  3.8378E+06
0003316   9.2412E+07 -2.2492E+06 -2.7022E+06
0003317   8.9038E+07  2.3750E+06 -6.0451E+05
0003318   9.0575E+07 -8.6891E+05  3.0160E+06
0003319   8.8631E+07  1.9466E+06  3.8821E+05
0003320   8.8981E+07 -1.4571E+06  1.8497E+06
0003321   8.9155E+07 -1.0613E+06  1.0672E+06
0003322   9.0255E+07 -6.5163E+05 -8.2652E+05
0003323   8.7794E+07 -1.1806E+06  3.0717E+06
0003324   8.9202E+07  2.0567E+05  2.7457E+05
0003325   8.9157E+07  2.8500E+05  6.5016E+05
0003326   9.0023E+07 -5.0844E+05  2.6524E+06
0003327   8.8263E+07 -8.9980E+05 -3.1257E+06
0003328   9.2702E+07 -2.5850E+06 -2.5391E+06
0003329   8.9149E+07  4.4121E+05  1.2690E+06
0003330   9.1958E+07 -6.9617E+05  1.8454E+05
0003331   9.0861E+07 -2.4463E+06 -5.0617E+06
0003332   9.1497E+07  1.0253E+05  1.3325E+05
0003333   8.7680E+07 -1.1907E+06  8.8447E+05
0003334   8.8322E+07 -7.4416E+06  4.5721E+06
0003335   8.6796E+07  3.5936E+06  1.5861E+05
0003336   8.9112E+07 -5.7298E+06 -2.9133E+06
0003337   8.9939E+07 -3.1440E+06  4.8440E+05
0003338   9.1171E+07  1.9406E+06 -6.2513E+05
0003339   8.8188E+07  4.9303E+05 -2.7784E+05
0003340   8.6787E+07 -5.7297E+06  3.3290E+06
0003341   9.1100E+07 -6.3832E+06  3.8871E+06
0003342   8.7063E+07  3.8171E+05  1.6611E+04
0003343   8.9785E+07  2.5085E+06 -5.2510E+05
0003344   8.8939E+07 -8.6575E+05  9.3130E+05
0003345   9.0703E+07  9.8739E+05 -1.1821E+06
0003346   8.7822E+07  1.5502E+06  8.0839E+05
0003347   9.2382E+07 -2.7645E+05  1.5879E+06
0003348   9.1129E+07  2.4897E+05  1.3330E+05
0003349   8.5902E+07  3.1280E+05 -6.2908E+05
0003350   9.2072E+07 -2.0584E+06  4.3704E+06
0003351   9.0289E+07  1.6111E+06  2.5614E+06
0003352   8.9473E+07  1.4415E+06 -3.9313E+05
0003353   9.1104E+07  6.0073E+05  2.4382E+06
0003354   8.8604E+07 -7.4761E+05  1.0370E+06
0003355   8.9852E+07 -4.5267E+05 -7.6925E+04
0003356   8.9487E+07 -7.7573E+06  8.0225E+06
0003357   9.0036E+07 -2.2104E+06  2.4330E+06
0003358   9.1544E+07 -3.8095E+05  3.1095E+05
0003359   9.2627E+07 -5.3601E+05 -5.8749E+05
0003360   9.0191E+07  5.2310E+06 -1.7165E+06
0003361   8.9546E+07  6.3357E+05 -1.0279E+06
0003362   8.9760E+07 -2.8061E+06 -5.0624E+06
0003363   8.9696E+07 -1.4683E+06 -3.3063E+05
0003364   9.1754E+07  8.7388E+05  1.3267E+06
0003365   8.9119E+07 -1.3729E+06 -1.4568E+06
0003366   8.8727E+07  1.6785E+06 -4.1284E+05
0003367   8.8931E+07  1.4501E+05  3.9639E+05
0003368   8.7453E+07  5.4521E+05  1.9266E+06
0003369   8.8709E+07 -6.9715E+05  2.9590E+05
0003370   9.2364E+07 -2.8933E+06 -5.1196E+05
0003371   8.8702E+07  9.2668E+05 -6.1686E+05
0003372   8.7301E+07  7.0610E+05  3.8945E+05
0003373   8.9041E+07  1.7233E+06  2.4195E+06
0003374   9.2137E+07  1.0845E+05 -2.4975E+06
0003375   8.8938E+07  1.3416E+06  2.4490E+05
0003376   8.8385E+07  1.3308E+06  1.2925E+06
0003377   8.9729E+07 -8.5253E+05  2.8206E+05
0003378   9.1898E+07 -3.1075E+05 -1.2355E+06
0003379   8.9026E+07 -2.0567E+05  6.4598E+05
0003380   8.9887E+07 -4.0215E+06 -3.9583E+05
0003381   8.9791E+07 -1.4129E+06 -4.8876E+06
0003382   9.0847E+07  2.8414E+05  1.1841E+06
0003383   9.0091E+07 -3.7260E+06  9.5707E+05
0003384   9.1186E+07 -3.1757E+06 -4.4830E+06
0003385   9.0747E+07 -4.4583E+05 -4.4302E+06
0003386   8.9549E+07  4.6722E+04 -3.3260E+06
0003387   8.7332E+07  4.1612E+06  3.5329E+06
0003388   9.1289E+07  2.2141E+06  2.1972E+05
0003389   8.9305E+07 -7.8447E+05 -2.0127E+03
0003390   9.2702E+07  1.6084E+05 -1.6425E+06
0003391   8.8397E+07 -3.8576E+06  4.2160E+05
0003392   9.1648E+07  3.8020E+05  4.1586E+06
0003393   9.0427E+07 -1.7389E+06 -1.6303E+06
0003394   8.8059E+07 -1.1565E+06 -1.1726E+06
0003395   8.8143E+07  2.2352E+06 -1.1533E+06
0003396   8.6969E+07  1.4374E+06 -2.7286E+06
0003397   8.9856E+07 -1.6944E+06 -1.2505E+06
0003398   9.2944E+07  2.8606E+06 -2.0607E+06
0003399   8.8681E+07  1.7475E+06  9.5884E+05
0003400   9.0183E+07 -1.3863E+06 -1.9002E+06
0003401   8.8505E+07 -1.5841E+06  2.9030E+06
0003402   9.0304E+07 -1.3277E+05  3.6259E+04
0003403   9.0114E+07  3.4186E+06 -3.1667E+06
0003404   8.8768E+07  1.1406E+06 -2.7723E+06
0003405   8.9745E+07  2.6637E+06 -3.2872E+06
0003406   8.7206E+07  2.2336E+06 -2.7777E+06
0003407   8.9166E+07  1.7450E+06 -2.7204E+06
0003408   9.0990E+07  2.1003E+05  1.8921E+06
0003409   8.8129E+07 -1.4542E+05 -2.4641E+06
0003410   9.0750E+07 -2.5905E+05  7.4415E+05
0003411   8.9854E+07 -1.3298E+06  1.0081E+06
0003412   8.9530E+07  1.6474E+06 -2.8770E+06
0003413   8.7732E+07 -1.4012E+06  6.1044E+06
0003414   8.7786E+07 -6.6680E+05  7.5533E+05
0003415   8.7371E+07  1.3839E+06 -5.3195E+04
0003416   8.6999E+07 -2.5468E+06  2.0926E+06
0003417   8.7248E+07  1.2351E+06  1.2022E+06
0003418   8.9360E+07 -4.4987E+06 -1.0076E+06
0003419   8.9080E+07  7.7088E+06 -5.7009E+06
0003420   8.9854E+07  2.1655E+06  1.0430E+06
0003421   8.9244E+07 -3.7087E+06  6.4767E+05
0003422   9.0681E+07  4.4437E+05 -1.2678E+06
0003423   8.8884E+07 -1.4104E+06 -4.5829E+04
0003424   8.8049E+07 -4.4520E+05 -1.0395E+06
0003425   8.9034E+07 -9.1176E+05 -2.5919E+06
0003426   9.0606E+07  1.2960E+06  5.1823E+05
0003427   8.9882E+07  1.4514E+06 -1.5294E+06
0003428   8.8971E+07 -3.1871E+05  2.7516E+06
0003429   9.2006E+07 -2.9167E+06  1.4424E+05
0003430   9.0274E+07 -1.5153E+05  8.0120E+05
0003431   9.0075E+07  3.2612E+05  4.5080E+06
0003432   9.0908E+07 -6.3689E+05  2.1136E+06
0003433   8.5866E+07 -2.0407E+07 -9.1839E+06
0003434   9.0586E+07 -4.1105E+05 -3.8121E+06
0003435   8.8906E+07 -1.1736E+06  2.5141E+06
0003436   9.1133E+07  2.8176E+06  3.0735E+06
0003437   8.9971E+07  9.7485E+05  1.2199E+06
0003438   8.8130E+07  1.1733E+06 -4.8035E+06
0003439   9.1417E+07 -6.2164E+05 -2.2070E+06
0003440   9.1872E+07 -4.1537E+05  6.8276E+05
0003441   9.0588E+07 -1.0058E+06 -4.1407E+05
0003442   9.1305E+07  1.9928E+06  5.6114E+05
0003443   8.9370E+07  1.8658E+06 -2.7467E+06
0003444   9.1677E+07  1.5549E+06  3.0573E+04
0003445   9.0280E+07 -1.7675E+06  3.6232E+06
0003446   9.0342E+07  3.4314E+06 -5.7852E+04
0003447   8.8818E+07  4.0501E+05  2.3538E+06
0003448   8.9055E+07 -8.2485E+05 -6.1153E+05
0003449   8.5195E+07 -2.0260E+06 -1.2396E+06
0003450   9.0117E+07 -1.0663E+06  9.8812E+05
0003451   8.9096E+07 -1.0648E+06 -2.8935E+06
0003452   9.1328E+07  5.2243E+04  2.5876E+06
0003453   8.7692E+07  2.3481E+06 -2.1914E+06
0003454   8.8139E+07  1.5205E+06 -4.3817E+05
0003455   9.0100E+07  2.2802E+06 -2.8335E+05
0003456   8.9643E+07  1.8521E+06 -3.1755E+06
0003457   8.9470E+07  2.4125E+06  7.0593E+05
0003458   9.0217E+07 -6.1161E+05  5.8218E+05
0003459   9.1440E+07  3.0742E+06 -9.4109E+05
0003460   8.9095E+07  1.4257E+06  2.1311E+06
0003461   8.6740E+07 -2.2750E+06  4.1941E+06
0003462   8.9115E+07  1.2319E+06  2.5797E+05
0003463   8.9828E+07  1.2891E+06  1.7588E+06
0003464   9.0485E+07 -9.4927E+05 -3.6414E+04
0003465   8.8084E+07  1.2989E+06 -6.0526E+05
0003466   9.0177E+07  2.0727E+05 -5.4351E+05
0003467   8.8338E+07 -8.2340E+05 -4.3851E+04
0003468   9.0695E+07  1.5477E+06 -2.6288E+06
0003469   9.0354E+07 -7.3706E+05  1.0730E+06
0003470   8.7522E+07  5.4217E+05 -1.8751E+06
0003471   8.8744E+07 -3.0201E+06  1.6407E+06
0003472   8.7159E+07 -2.2031E+06  1.5895E+06
0003473   8.8134E+07  1.1489E+05 -2.3761E+05
0003474   8.9681E+07  5.4862E+05  1.9157E+06
0003475   8.8430E+07 -1.0975E+06  6.1175E+05
0003476   9.0124E+07  1.8701E+06 -1.1738E+06
0003477   9.1033E+07  1.8843E+06 -1.5385E+06
0003478   9.0433E+07 -1.8958E+06 -1.3646E+06
0003479   8.6718E+07 -1.3515E+06  3.7048E+06
0003480   9.3058E+07 -1.7601E+05  3.6892E+05
0003481   9.0561E+07 -6.1830E+06 -2.9706E+06
0003482   8.9681E+07 -4.8147E+05 -3.3656E+06
0003483   9.0001E+07  1.8366E+06 -9.2481E+05
0003484   8.8040E+07 -2.3294E+06  1.5220E+06
0003485   9.2687E+07 -3.2173E+06  2.4658E+06
0003486   8.7718E+07 -1.3633E+06  1.9385E+06
0003487   9.0343E+07  3.0488E+06 -8.9792E+05
0003488   8.9307E+07  3.0827E+06  2.0225E+06
0003489   8.7613E+07 -1.7650E+06 -9.3544E+05
0003490   8.9395E+07 -1.0594E+06 -3.0283E+05
0003491   8.9620E+07  1.2263E+06  3.0495E+05
0003492   9.0892E+07  9.4309E+05  1.6421E+05
0003493   9.0473E+07  1.2165E+06  1.0266E+06
0003494   9.0133E+07 -1.0277E+06 -1.3874E+06
0003495   8.8943E+07 -3.3162E+06 -2.9493E+05
0003496   8.9131E+07  5.1499E+05 -1.7628E+06
0003497   9.1356E+07  2.0961E+06  5.5833E+05
0003498   9.0615E+07 -3.2932E+05 -4.4804E+05
0003499   8.9487E+07  1.6740E+06 -1.6927E+06
0003500   8.8773E+07  1.8256E+05  4.4218E+05
0003501   8.9425E+07 -7.6407E+05 -1.9653E+06
0003502   8.9464E+07  5.2577E+05  1.5653E+03
0003503   9.0563E+07  6.2406E+05 -9.1276E+05
0003504   8.9376E+07 -1.7021E+05 -1.2391E+05
0003505   8.9765E+07 -1.3263E+06  2.5193E+06
0003506   8.8384E+07 -2.0405E+06 -4.2473E+05
0003507   9.2474E+07  2.1056E+05 -9.2369E+05
0003508   8.8073E+07  1.9063E+06  1.6900E+06
0003509   8.9172E+07 -4.1784E+06  1.6080E+06
0003510   9.0390E+07  1.3474E+06  8.8208E+05
0003511   8.3208E+07  8.1258E+06  1.9576E+07
0003512   8.9909E+07  6.2738E+04  2.8892E+05
0003513   8.6757E+07 -5.2669E+06 -1.4511E+06
0003514   9.1391E+07 -1.1790E+06 -1.8440E+04
0003515   9.1323E+07 -1.1354E+06  2.6004E+06
0003516   8.9836E+07  9.7131E+06 -1.1421E+06
0003517   9.0488E+07  2.1726E+06 -1.0167E+06
0003518   8.8011E+07  2.3138E+05  7.1563E+05
0003519   8.8531E+07  2.5376E+06 -1.8144E+05
0003520   8.6647E+07  2.3725E+06 -5.1501E+05
0003521   8.9054E+07  1.6236E+06  2.1344E+06
0003522   8.8333E+07 -3.0016E+06 -2.9310E+05
0003523   9.4327E+07  2.6797E+06 -3.5750E+06
0003524   9.2777E+07 -1.4118E+06  4.8984E+04
0003525   8.9308E+07  3.3110E+06 -1.8282E+06
0003526   8.7999E+07  1.9605E+05 -2.0565E+06
0003527   8.8464E+07  3.1790E+06 -2.6852E+05
0003528   9.2837E+07  9.1724E+05  1.3449E+06
0003529   9.1357E+07 -1.6429E+06  2.6943E+06
0003530   8.8848E+07  1.6410E+06  3.2858E+05
0003531   8.9614E+07 -2.0655E+05 -4.1372E+06
0003532   8.9293E+07 -1.2565E+06 -2.5951E+06
0003533   8.9121E+07  7.5932E+05  5.9900E+05
0003534   8.8216E+07 -1.4662E+06 -4.7551E+05
0003535   9.0293E+07  2.2545E+06 -9.2234E+05
0003536   9.0990E+07  1.6974E+05  5.7242E+05
0003537   9.0269E+07 -8.3995E+05 -9.8998E+05
0003538   8.9978E+07 -2.0166E+06 -7.4848E+05
0003539   9.2120E+07 -1.2506E+06 -5.9384E+05
0003540   9.1286E+07 -1.7554E+06 -2.6383E+06
0003541   9.1109E+07 -2.8169E+06  7.3194E+06
0003542   8.7948E+07 -3.8606E+06  1.6185E+06
0003543   9.0325E+07 -1.4996E+06  1.6140E+06
0003544   8.7509E+07  2.2587E+06 -1.3257E+06
0003545   8.9897E+07 -1.5017E+06 -3.2738E+06
0003546   9.0222E+07 -5.8926E+05 -1.3346E+06
0003547   9.0474E+07 -5.7401E+05  5.7060E+05
0003548   9.0913E+07  4.0280E+05 -3.4097E+06
0003549   8.9721E+07  5.1482E+05  2.9547E+06
0003550   9.2599E+07 -1.5419E+05 -1.1783E+06
0003551   9.0624E+07 -1.4542E+06  1.8364E+06
0003552   9.0133E+07 -3.8475E+05 -1.0694E+06
0003553   9.2269E+07 -1.4185E+06  8.2520E+05
0003554   8.8454E+07  5.3603E+06 -3.0508E+06
0003555   8.8642E+07  6.4077E+05  3.2482E+04
0003556   8.9913E+07  1.8239E+06 -2.6019E+06
0003557   9.0686E+07  6.4131E+05  1.8574E+06
0003558   8.9361E+07  3.0475E+04  4.7597E+05
0003559   8.7506E+07  1.8689E+06  4.0696E+06
0003560   9.0493E+07 -1.4056E+06  1.6763E+06
0003561   8.7125E+07 -2.7314E+06  1.7033E+06
0003562   9.1117E+07 -7.7409E+05  2.4658E+06
0003563   8.9663E+07 -1.3153E+06 -3.6573E+05
0003564   8.9703E+07 -5.5115E+05 -9.6457E+05
0003565   8.8821E+07 -1.5105E+06 -2.7325E+06
0003566   9.0467E+07 -5.3391E+05  1.0307E+06
0003567   9.1054E+07  1.6719E+05  2.0036E+06
0003568   8.9519E+07  4.0348E+05 -3.8366E+06
0003569   8.8181E+07 -9.4649E+05  3.1684E+06
0003570   8.9372E+07 -5.5483E+05 -1.6643E+06
0003571   9.1517E+07  4.0000E+06  2.4292E+06
0003572   9.2084E+07 -1.4105E+06  4.2354E+05
0003573   9.0639E+07  2.8026E+05 -2.7042E+06
0003574   9.0451E+07  2.3167E+06 -1.5525E+06
0003575   9.0641E+07  2.9620E+06  1.2633E+06
0003576   8.9167E+07  6.9814E+05 -1.9257E+06
0003577   9.0771E+07 -2.1028E+06  3.0234E+06
0003578   8.9515E+07  7.8323E+05  1.5024E+06
0003579   8.9562E+07  1.5950E+05  1.9125E+05
0003580   8.9136E+07 -3.0836E+06  7.2842E+05
0003581   8.9361E+07  1.2961E+06 -1.2684E+06
0003582   8.8794E+07 -2.3028E+06 -1.7225E+06
0003583   8.9918E+07 -2.2077E+06  6.8762E+05
0003584   8.8006E+07  1.2731E+06 -1.3352E+06
0003585   8.9832E+07  1.8860E+06 -1.7724E+06
0003586   8.9920E+07 -1.5650E+06  1.5851E+06
0003587   9.1451E+07 -1.1278E+06  3.6554E+06
0003588   8.9707E+07  2.8605E+06 -6.7526E+04
0003589   9.1204E+07  3.2491E+06 -1.9327E+06
0003590   8.8621E+07 -1.1860E+05 -4.2636E+05
0003591   8.8877E+07  8.0792E+05 -1.7621E+05
0003592   8.9457E+07  5.6118E+05 -2.9921E+06
0003593   8.9153E+07 -1.5671E+06 -5.0184E+05
0003594   8.9851E+07  3.1943E+06 -1.7266E+06
0003595   9.4000E+07  8.8168E+05 -7.1793E+03
0003596   9.1320E+07  1.2992E+06  9.6654E+05
0003597   9.1611E+07  1.0581E+05  2.3300E+06
0003598   8.8633E+07 -1.0166E+06  2.8536E+06
0003599   8.8334E+07 -6.9725E+06  3.3417E+06
0003600   8.9824E+07 -3.9120E+05 -4.4814E+06
0003601   8.8565E+07 -1.4181E+06 -4.3863E+06
0003602   8.9768E+07  2.4293E+05  2.2124E+05
0003603   9.2316E+07  1.1522E+06 -4.0349E+06
0003604   9.0485E+07 -1.8263E+06  2.2197E+06
0003605   9.1456E+07  4.0546E+06  2.3748E+06
0003606   8.9761E+07  4.8342E+05  6.4350E+05
0003607   9.0563E+07 -4.8279E+06  2.9634E+06
0003608   8.9323E+07 -1.5770E+06 -2.1401E+05
0003609   8.9824E+07  1.6608E+06  8.1261E+05
0003610   8.7556E+07 -6.6679E+06  1.8739E+06
0003611   9.0135E+07  4.3488E+05 -8.7295E+04
0003612   8.6831E+07 -4.7170E+06  4.9874E+04
0003613   9.0840E+07 -1.4477E+06 -2.0284E+06
0003614   9.0575E+07 -7.3781E+05 -4.8836E+05
0003615   9.1735E+07  2.1070E+06  3.6930E+06
0003616   9.0985E+07 -2.7030E+06 -6.2158E+06
0003617   9.2362E+07 -1.4433E+06 -1.5381E+06
0003618   9.0026E+07 -3.1257E+06  6.8937E+04
0003619   9.0526E+07  2.2108E+06 -2.6688E+06
0003620   8.8237E+07 -3.3018E+05 -3.7043E+06
0003621   8.9721E+07 -5.2155E+05  1.8434E+06
0003622   8.8550E+07  2.4530E+06  5.3900E+04
0003623   9.0447E+07  1.3815E+06  2.0922E+06
0003624   8.9225E+07 -1.2837E+06 -3.2194E+05
0003625   9.0398E+07 -1.2472E+06  9.1045E+05
0003626   8.8760E+07 -2.0367E+06 -1.4792E+06
0003627   9.0192E+07 -2.8451E+06 -1.8641E+06
0003628   8.8787E+07  1.9296E+06 -2.1096E+06
0003629   9.0167E+07  1.7277E+05 -5.8336E+05
0003630   8.9129E+07 -1.4119E+05 -2.4472E+06
0003631   8.8467E+07  7.5271E+05 -2.4479E+06
0003632   8.9489E+07  1.2539E+06 -3.2134E+05
0003633   8.9690E+07  1.9871E+06 -2.2057E+05
0003634   8.8318E+07  3.2961E+05  1.7159E+06
0003635   8.8568E+07 -5.6088E+05 -3.2669E+06
0003636   8.9024E+07  2.3385E+06  3.2336E+06
0003637   8.8684E+07  4.3754E+06 -3.2145E+06
0003638   9.0108E+07  2.2045E+06  4.6953E+05
0003639   8.6839E+07  1.0683E+06  7.6572E+06
0003640   8.9477E+07 -3.1645E+06  2.9272E+06
0003641   8.8417E+07 -3.9945E+05 -2.8926E+06
0003642   8.8138E+07  2.6196E+06 -1.1043E+06
0003643   9.0500E+07 -5.4232E+05 -1.7548E+05
0003644   9.0708E+07  6.8471E+05 -3.5570E+06
0003645   8.8535E+07  2.1055E+06  4.1773E+06
0003646   8.6803E+07  7.9861E+05  6.9072E+04
0003647   9.0063E+07 -1.9346E+06  2.3030E+06
0003648   8.9349E+07 -3.2371E+06 -2.4603E+05
0003649   8.9098E+07  7.3293E+05  1.5874E+06
0003650   8.8720E+07 -1.6659E+06 -1.2046E+06
0003651   8.9738E+07  2.7566E+06 -6.9200E+05
0003652   8.8428E+07  1.2125E+06 -1.0389E+06
0003653   9.0164E+07 -2.3309E+06 -1.0444E+06
0003654   9.0596E+07  1.2320E+06 -2.6760E+06
0003655   8.8175E+07 -3.6084E+06 -4.9458E+05
0003656   8.9357E+07 -1.9835E+06  2.7401E+06
0003657   9.1075E+07  2.7289E+06 -3.0825E+06
0003658   9.0646E+07  7.9893E+05 -6.3818E+04
0003659   9.2583E+07 -7.9291E+05 -1.0063E+05
0003660   8.7638E+07  1.3903E+06  8.9881E+05
0003661   9.1223E+07 -6.2007E+06 -4.7972E+06
0003662   8.9765E+07 -1.4121E+06 -1.6906E+06
0003663   8.7534E+07 -3.9275E+05  2.3436E+06
0003664   8.8044E+07  2.3353E+05 -3.3030E+06
0003665   9.0487E+07  3.0028E+06  9.2922E+05
0003666   8.9186E+07  1.5682E+06 -1.3256E+06
0003667   8.9361E+07  1.0036E+06  1.0888E+05
0003668   8.9853E+07 -3.0355E+06  1.6212E+06
0003669   8.9157E+07  7.1070E+05 -3.8512E+05
0003670   9.1527E+07  5.7939E+05  8.9744E+05
0003671   8.6511E+07  7.6249E+05 -3.8406E+05
0003672   8.9987E+07  7.3622E+05  3.5588E+06
0003673   9.0126E+07  6.1611E+05 -5.7233E+05
0003674   8.9498E+07  1.3359E+06  2.0579E+06
0003675   8.9484E+07 -1.7020E+05  6.1824E+05
0003676   8.7881E+07 -1.8351E+05 -9.7515E+06
0003677   9.1168E+07  2.9904E+06  3.2588E+06
0003678   9.0537E+07 -1.9965E+06  7.2326E+05
0003679   9.0945E+07  2.9562E+06  4.0203E+06
0003680   9.0048E+07  1.0887E+06  7.4287E+05
0003681   9.0771E+07 -3.3728E+06 -2.5507E+06
0003682   8.9633E+07 -6.2038E+06 -5.2691E+06
0003683   9.2053E+07  3.1251E+05 -1.0841E+06
0003684   9.2263E+07  7.9072E+05  2.8582E+05
0003685   9.2102E+07  5.6441E+05  5.6421E+05
0003686   8.8367E+07 -4.1096E+06  2.6668E+06
0003687   8.9829E+07  1.4552E+06 -4.8726E+05
0003688   8.8163E+07  2.1156E+06 -1.4611E+06
0003689   8.7641E+07  1.3096E+06  4.4120E+05
0003690   8.8681E+07  1.7279E+06  2.4288E+05
0003691   8.9631E+07 -4.3697E+05  8.3646E+05
0003692   8.9733E+07 -2.0572E+06  2.4236E+05
0003693   9.2497E+07  2.0722E+06  2.1435E+06
0003694   8.9360E+07  4.2858E+05  1.1549E+06
0003695   9.0253E+07  3.5868E+06  1.3257E+05
0003696   8.9150E+07 -2.1626E+06  1.8785E+06
0003697   8.9451E+07  4.6866E+05 -2.5412E+06
0003698   9.1172E+07  1.6938E+06 -3.9942E+06
0003699   8.9772E+07  2.2864E+05  3.6095E+06
0003700   9.1143E+07  3.6835E+05 -5.1102E+06
0003701   9.0571E+07 -9.9471E+05  1.6126E+06
0003702   9.1463E+07 -1.9272E+06 -2.9468E+06
0003703   9.2681E+07  1.1644E+06 -6.5849E+05
0003704   8.9818E+07 -2.0692E+06  2.2735E+06
0003705   9.0651E+07  3.4650E+06 -5.5123E+05
0003706   8.8985E+07  9.5694E+04 -1.8130E+06
0003707   8.9754E+07 -2.6830E+05 -1.9690E+06
0003708   8.8584E+07  1.1487E+06  3.8843E+06
0003709   9.0018E+07 -6.4958E+05 -2.2654E+06
0003710   9.0347E+07 -3.3731E+06 -4.1119E+06
0003711   9.0349E+07  2.8560E+06  1.8715E+06
0003712   9.0458E+07 -5.4696E+05  9.7191E+05
0003713   9.0891E+07 -2.4952E+06 -1.2848E+05
0003714   9.1407E+07 -3.4645E+05 -2.4569E+06
0003715   8.8801E+07  2.2633E+06 -1.8637E+06
0003716   9.0032E+07 -3.2925E+06  3.6018E+06
0003717   8.9604E+07  8.6756E+05  1.8310E+06
0003718   8.9609E+07 -3.9114E+05 -1.8128E+06
0003719   8.8824E+07 -1.4656E+05 -3.6492E+05
0003720   9.1417E+07 -9.6642E+04  1.6896E+06
0003721   8.7795E+07  7.9011E+05  3.1304E+06
0003722   8.9447E+07  2.0265E+06 -1.8031E+06
0003723   8.8314E+07 -3.6208E+06  1.2835E+06
0003724   9.0140E+07  2.4035E+06 -1.3279E+06
0003725   9.2202E+07 -1.0657E+04  1.0118E+06
0003726   8.9815E+07 -1.4868E+05 -2.3438E+06
0003727   9.2152E+07  2.6544E+06 -1.1920E+06
0003728   9.0071E+07 -1.3624E+06 -5.8844E+04
0003729   8.9435E+07  8.5334E+05  1.4557E+06
0003730   8.9032E+07 -6.0119E+04 -1.5030E+06
0003731   8.9478E+07  2.1012E+06  1.1149E+06
0003732   8.6709E+07 -3.5333E+05 -3.8641E+06
0003733   9.0861E+07  1.5779E+06 -5.7708E+05
0003734   8.8308E+07 -2.1294E+06 -3.1302E+06
0003735   8.9686E+07  4.1447E+06  1.5691E+06
0003736   8.9121E+07 -4.3762E+05 -4.3235E+05
0003737   9.2889E+07 -6.0519E+04 -1.2282E+06
0003738   9.0173E+07 -1.8713E+06  3.1932E+06
0003739   9.0162E+07 -1.7860E+06 -1.1028E+06
0003740   8.9026E+07 -1.4032E+06  6.7726E+05
0003741   8.9997E+07  9.5849E+04  5.2415E+05
0003742   9.0494E+07 -4.4320E+06 -9.3868E+05
0003743   8.9597E+07 -1.3363E+06  6.2232E+05
0003744   9.1164E+07 -3.6025E+06  8.2047E+05
0003745   8.8935E+07 -8.5364E+05 -1.8744E+06
0003746   9.0468E+07  1.1417E+06 -1.4367E+04
0003747   9.1701E+07  8.5598E+05  5.4633E+04
0003748   9.1959E+07  3.7489E+06  3.1416E+06
0003749   8.8890E+07  1.2713E+06  3.4508E+06
0003750   9.0226E+07 -1.5916E+06  2.5781E+05
0003751   8.9374E+07 -6.5115E+05  9.2738E+05
0003752   8.9111E+07 -2.2268E+06  1.4320E+06
0003753   8.8703E+07  3.0794E+06  2.9532E+06
0003754   9.1462E+07 -6.8164E+05 -6.1637E+05
0003755   9.1358E+07  8.0102E+06 -1.3229E+06
0003756   8.9393E+07 -2.4526E+06 -3.6753E+06
0003757   8.9188E+07 -1.1237E+06 -1.7766E+06
0003758   8.8368E+07  2.1631E+06 -1.4796E+06
0003759   8.9793E+07 -3.3209E+06 -3.4209E+05
0003760   8.7636E+07  1.8980E+06 -1.3184E+06
0003761   9.1549E+07 -7.7013E+04  1.0243E+06
0003762   9.0862E+07  7.4197E+04  9.0251E+05
0003763   8.9620E+07 -2.9853E+06 -3.4919E+06
0003764   9.2879E+07 -1.5322E+06  2.6154E+06
0003765   9.0224E+07 -5.8412E+05  3.7468E+05
0003766   9.0595E+07  7.8620E+05  2.9874E+06
0003767   8.9152E+07 -8.1814E+04  4.2761E+04
0003768   9.0516E+07 -1.4771E+06 -8.1261E+05
0003769   9.0913E+07  1.7760E+06 -3.4539E+06
0003770   9.0771E+07 -2.6303E+06  2.6527E+06
0003771   9.0875E+07  2.8469E+06 -5.7228E+05
0003772   8.9404E+07 -1.9360E+06  3.2923E+04
0003773   8.9520E+07  5.1787E+04 -2.1634E+06
0003774   9.1090E+07  4.2451E+05 -2.4384E+06
0003775   8.6880E+07 -9.2727E+05 -4.1958E+06
0003776   9.1027E+07  2.2806E+06 -8.5067E+05
0003777   9.1832E+07 -1.7372E+06  3.7474E+05
0003778   8.9220E+07  6.7538E+04  8.7376E+05
0003779   9.0918E+07  1.5507E+06  7.9693E+05
0003780   9.1307E+07 -2.5439E+06 -1.4464E+05
0003781   8.9397E+07 -1.0304E+06 -6.7600E+05
0003782   8.9818E+07  8.1829E+05  2.3579E+06
0003783   8.8079E+07 -5.3121E+06  2.8985E+05
0003784   8.9465E+07  6.5941E+06  9.3002E+05
0003785   9.1576E+07  1.7161E+06  1.6667E+06
0003786   8.9928E+07  2.1535E+06  1.6331E+06
0003787   9.1834E+07  2.1723E+05 -1.5151E+06
0003788   8.9697E+07  5.5351E+05  7.4586E+05
0003789   8.9142E+07  6.9934E+05 -4.6339E+04
0003790   8.6319E+07 -2.3897E+06 -4.3194E+05
0003791   8.9675E+07  4.3653E+06  1.7217E+06
0003792   9.0407E+07 -7.1524E+05 -1.1832E+05
0003793   9.0580E+07 -2.1454E+06 -6.2082E+05
0003794   9.0715E+07 -1.3672E+06 -9.7419E+05
0003795   9.0833E+07 -1.7914E+06  8.5128E+05
0003796   8.8814E+07  2.0212E+05 -1.4835E+06
0003797   9.0312E+07  1.1221E+06 -8.3414E+05
0003798   8.9573E+07  4.9044E+06 -2.9755E+06
0003799   9.0294E+07  2.1538E+06  1.4350E+06
0003800   9.0046E+07 -1.4444E+06  1.8713E+06
0003801   8.9986E+07 -4.2097E+06 -1.5232E+06
0003802   8.8983E+07  2.4279E+05 -3.7191E+06
0003803   9.0128E+07  1.6867E+06 -2.1856E+06
0003804   9.1808E+07 -2.8837E+05 -8.0893E+05
0003805   8.8555E+07  5.6501E+06  3.1384E+05
0003806   8.9164E+07  1.0582E+06 -6.3335E+05
0003807   9.1675E+07  1.1015E+06  1.2831E+06
0003808   8.9331E+07  1.7670E+05 -1.2493E+04
0003809   9.1303E+07  1.9194E+06 -1.3797E+06
0003810   8.7764E+07  7.3952E+05 -4.6338E+05
0003811   9.0433E+07 -1.5519E+06  3.4195E+06
0003812   8.8993E+07  5.1428E+05  5.8206E+05
0003813   9.3613E+07  9.6911E+04 -1.6087E+06
0003814   8.9874E+07  2.9976E+06  5.6054E+06
0003815   8.6535E+07  4.9555E+05  3.0762E+06
0003816   9.0901E+07  7.6275E+05  6.7789E+05
0003817   8.8177E+07  2.0457E+06  1.1018E+05
0003818   8.8870E+07  1.1576E+07  5.6672E+06
0003819   9.2072E+07  1.8428E+02 -5.5758E+05
0003820   8.7044E+07 -8.4060E+04 -1.6026E+06
0003821   8.8126E+07  1.2943E+05  2.8147E+05
0003822   8.8822E+07 -5.4614E+06 -7.0735E+06
0003823   9.1968E+07 -3.5227E+05 -1.1609E+06
0003824   8.9396E+07  3.1038E+06 -8.3641E+05
0003825   9.0902E+07  1.7853E+06 -3.3970E+05
0003826   8.8771E+07 -6.5188E+06  4.5796E+06
0003827   9.2061E+07  2.0231E+06  1.2403E+06
0003828   9.0244E+07  4.0931E+06  5.1591E+06
0003829   8.7037E+07 -2.4131E+06  7.4515E+05
0003830   8.9649E+07 -2.2892E+06 -3.4622E+06
0003831   8.7620E+07  2.4359E+06 -2.7512E+05
0003832   8.7629E+07 -8.3513E+04  8.0579E+05
0003833   8.7090E+07  9.5753E+05 -3.5787E+05
0003834   8.9561E+07 -6.0119E+05 -1.5659E+06
0003835   9.0777E+07 -1.4973E+05  2.3998E+06
0003836   9.1455E+07  1.0687E+06 -1.1096E+05
0003837   9.0762E+07 -5.7800E+05  2.9632E+04
0003838   8.9533E+07 -9.2233E+05 -3.6554E+06
0003839   8.8732E+07  1.2368E+06  3.1297E+06
0003840   8.9517E+07 -3.6265E+06 -4.3364E+06
0003841   9.0916E+07 -2.1992E+06 -2.7224E+06
0003842   8.9355E+07 -8.4608E+05  1.5844E+06
0003843   8.9836E+07 -1.7145E+06  1.4190E+06
0003844   8.8436E+07 -1.5931E+06  8.9826E+05
0003845   8.8802E+07  8.3195E+05  9.4507E+04
0003846   8.9216E+07 -2.3753E+06  5.8033E+05
0003847   8.9116E+07 -2.7958E+05  2.1842E+06
0003848   8.8865E+07 -9.9388E+05  1.1071E+05
0003849   8.9473E+07  3.3886E+06 -2.7254E+06
0003850   9.0201E+07  4.0396E+06 -7.9310E+05
0003851   8.9644E+07 -1.2721E+06  3.7244E+05
0003852   9.0063E+07  5.7492E+05 -2.0526E+06
0003853   8.7466E+07 -1.3154E+06 -1.8551E+06
0003854   9.0716E+07 -3.0823E+06  5.1707E+03
0003855   9.0325E+07 -5.0269E+05  8.4101E+05
0003856   8.8871E+07  2.6527E+06  3.9946E+06
0003857   8.8581E+07  2.8782E+06 -1.7616E+06
0003858   8.9932E+07  1.2249E+06 -3.8361E+06
0003859   8.7854E+07  1.2596E+06 -1.5757E+05
0003860   8.7655E+07  2.7895E+06 -1.8677E+06
0003861   9.2732E+07  8.5848E+05 -3.2664E+06
0003862   8.9945E+07  1.2096E+06 -1.0600E+06
0003863   8.9701E+07 -3.5326E+05  2.0209E+06
0003864   8.8407E+07 -2.8610E+06 -2.0031E+06
0003865   9.2969E+07 -4.0484E+06 -2.6770E+06
0003866   9.0455E+07 -2.5997E+06 -1.4752E+06
0003867   8.7358E+07  3.6279E+06 -1.0432E+06
0003868   9.1023E+07  6.5789E+05 -6.0252E+05
0003869   8.7941E+07  7.1773E+05 -2.8414E+06
0003870   8.9375E+07 -4.7041E+05  1.6024E+06
0003871   8.9495E+07  9.6923E+05 -1.0948E+06
0003872   9.0683E+07 -3.6365E+06 -2.2061E+06
0003873   9.0282E+07  2.3934E+06  3.1821E+06
0003874   9.0761E+07 -3.2405E+06  3.6649E+04
0003875   8.9978E+07  1.8362E+06 -1.8930E+05
0003876   9.0622E+07 -1.1226E+06  1.1692E+05
0003877   8.7616E+07 -1.6737E+06  1.3539E+05
0003878   9.0199E+07  6.0837E+05 -2.0853E+06
0003879   9.0284E+07 -2.2053E+06 -1.1487E+06
0003880   9.0983E+07 -1.8662E+06 -2.7743E+06
0003881   8.8023E+07  3.8116E+05  6.7724E+05
0003882   9.1343E+07 -1.4291E+06  4.0311E+06
0003883   8.8533E+07  1.1926E+06  6.7323E+05
0003884   8.9201E+07  5.3376E+06 -6.7139E+03
0003885   9.2586E+07  6.8868E+05  5.8112E+06
0003886   9.1458E+07 -1.2836E+06  1.0599E+06
0003887   8.8310E+07 -3.5358E+06  4.1633E+05
0003888   8.9845E+07 -2.4406E+06 -1.0202E+06
0003889   8.8594E+07 -2.4990E+06 -3.9851E+06
0003890   9.1998E+07  1.5627E+05  5.8575E+05
0003891   8.9423E+07  3.0430E+06 -2.6967E+06
0003892   8.8487E+07 -1.9092E+06  4.0215E+06
0003893   9.0789E+07 -5.4922E+05  7.3384E+05
0003894   9.0876E+07 -8.5141E+06  3.2783E+06
0003895   8.9377E+07 -3.4899E+06 -1.9728E+06
0003896   8.9080E+07  4.7946E+06  6.9933E+06
0003897   8.8135E+07  3.3542E+06 -8.9357E+06
0003898   8.8175E+07  1.9027E+06  4.1042E+06
0003899   9.0852E+07  1.1770E+06 -2.9438E+05
0003900   8.8005E+07  3.1050E+05 -8.6688E+05
0003901   9.1733E+07 -8.7246E+05  1.1500E+06
0003902   8.9340E+07  1.9120E+06 -2.4182E+06
0003903   9.0108E+07  1.0973E+06  1.7550E+05
0003904   9.0359E+07 -7.5333E+05  1.7806E+06
0003905   9.0897E+07  4.7227E+04  9.0081E+04
0003906   8.9384E+07 -2.2860E+06  3.1090E+06
0003907   8.9097E+07 -1.3722E+06 -1.9789E+06
0003908   9.0107E+07 -2.6619E+06  4.8153E+06
0003909   8.8299E+07  6.6655E+05 -1.2061E+06
0003910   8.9608E+07  3.6618E+06  2.7712E+06
0003911   9.0269E+07  1.8083E+04  1.2969E+06
0003912   9.1602E+07 -6.8388E+05 -3.7808E+06
0003913   9.2583E+07  7.1686E+05 -1.0297E+06
0003914   9.1185E+07 -2.1674E+06  3.5720E+06
0003915   9.1299E+07 -1.0845E+06 -2.8494E+06
0003916   9.0435E+07  4.4008E+06 -1.9668E+06
0003917   9.0490E+07 -1.6348E+06  1.4953E+06
0003918   9.0488E+07 -5.3085E+05  2.4442E+05
0003919   9.2206E+07 -1.4204E+06  1.4428E+06
0003920   9.1657E+07  5.1357E+05  1.1290E+06
0003921   8.9123E+07 -3.5100E+06  3.0799E+06
0003922   8.9089E+07 -9.9315E+06 -4.9365E+05
0003923   8.8187E+07 -7.1263E+05  1.1321E+06
0003924   8.9765E+07 -8.1539E+05  1.1176E+06
0003925   8.9505E+07 -1.4847E+06 -3.5748E+06
0003926   8.9706E+07  2.0650E+05  2.2456E+06
0003927   8.8329E+07  1.9468E+06  3.9095E+05
0003928   8.9861E+07 -5.4291E+05  4.9579E+05
0003929   8.9923E+07  2.1544E+06 -4.2005E+05
0003930   8.9764E+07 -1.9564E+06  1.0859E+06
0003931   9.1188E+07  1.0433E+06 -2.6222E+06
0003932   9.1597E+07 -1.6384E+06 -7.9266E+05
0003933   8.6792E+07 -5.1388E+05 -6.2092E+05
0003934   9.0542E+07 -3.5295E+06  4.4982E+05
0003935   8.7255E+07  1.5221E+06 -4.7914E+05
0003936   9.3816E+07 -2.0852E+06 -3.2067E+06
0003937   8.8605E+07 -4.5690E+04 -2.3711E+06
0003938   9.0316E+07  2.9093E+06  2.0032E+06
0003939   8.7467E+07  5.2545E+05  1.0962E+06
0003940   8.6716E+07 -2.0052E+06  2.0111E+06
0003941   9.0378E+07  4.6577E+05  9.9302E+05
0003942   9.0174E+07  2.2790E+06  2.7246E+06
0003943   8.9316E+07 -1.7473E+06 -1.5352E+06
0003944   9.0907E+07 -2.3529E+06  1.0595E+06
0003945   9.0323E+07 -2.9276E+06 -6.7045E+05
0003946   9.0243E+07  2.6075E+06  1.7147E+06
0003947   8.9437E+07  1.4686E+06 -1.3349E+06
0003948   8.9985E+07  1.3614E+06  3.8488E+06
0003949   9.1231E+07 -8.7307E+05 -2.2203E+04
0003950   8.7979E+07 -2.3725E+06  9.1813E+05
0003951   9.1765E+07 -1.5233E+05  1.4182E+06
0003952   8.8127E+07 -1.1561E+06  1.6246E+05
0003953   9.0560E+07 -2.5982E+05  2.1706E+06
0003954   9.0888E+07  1.6026E+06 -2.1939E+06
0003955   9.0878E+07  9.6752E+05  2.9198E+06
0003956   8.7726E+07 -8.2141E+05 -2.2436E+06
0003957   8.8909E+07  5.3299E+06 -1.1945E+05
0003958   9.0130E+07 -3.8277E+05  4.3526E+06
0003959   9.1036E+07 -5.9249E+06  1.5713E+06
0003960   9.2099E+07  4.3686E+05 -5.4175E+05
0003961   9.0407E+07 -4.4627E+06  2.2554E+06
0003962   9.2060E+07  2.3262E+05  9.2182E+05
0003963   8.9696E+07 -1.4554E+06 -1.2052E+06
0003964   9.2038E+07 -7.7556E+04  5.5927E+06
0003965   9.1164E+07  9.2135E+05 -3.6080E+05
0003966   8.8930E+07  2.0211E+06  3.2011E+06
0003967   8.9036E+07  2.1367E+06 -1.8625E+06
0003968   9.2356E+07  2.3712E+05  2.3509E+06
0003969   9.0966E+07  1.1024E+06 -1.8440E+05
0003970   8.8094E+07  3.5923E+05  3.2200E+06
0003971   9.2183E+07 -7.7865E+05  1.7182E+06
0003972   9.1564E+07 -3.8398E+06  1.0796E+06
0003973   9.1049E+07  1.4008E+06  6.7302E+05
0003974   8.9291E+07  3.6839E+05  3.5531E+05
0003975   9.0377E+07  1.6267E+06 -8.9511E+05
0003976   8.9407E+07 -1.6347E+06  1.3827E+06
0003977   9.1194E+07  1.5845E+06 -1.7585E+06
0003978   8.7845E+07 -9.5644E+05  8.8580E+05
0003979   8.8908E+07  4.9559E+05 -4.2186E+04
0003980   9.1582E+07  1.3133E+06  8.7842E+05
0003981   8.8652E+07 -7.0534E+05 -9.4806E+05
0003982   9.1144E+07 -2.2983E+06  3.0689E+06
0003983   9.2819E+07 -2.2221E+06 -7.1184E+05
0003984   8.9460E+07  3.6827E+06  7.9970E+05
0003985   8.8746E+07 -9.0304E+05 -3.8843E+06
0003986   9.0460E+07 -1.1934E+06 -2.6783E+06
0003987   8.9067E+07  2.2645E+06  6.6060E+05
0003988   8.8408E+07  3.8681E+05 -8.0072E+05
0003989   8.7146E+07  1.3524E+06 -8.9941E+05
0003990   9.1088E+07 -9.8410E+05  1.2878E+06
0003991   9.0516E+07 -1.1070E+06  1.3921E+06
0003992   9.0553E+07 -3.6417E+06  2.8602E+06
0003993   9.0878E+07 -6.1824E+05  1.6363E+06
0003994   8.8803E+07  2.4050E+05 -3.3536E+06
0003995   8.8641E+07  2.6778E+06  1.2184E+06
0003996   9.1399E+07  2.5883E+06 -2.8197E+06
0003997   9.0891E+07 -1.7670E+06 -1.0720E+06
0003998   8.8366E+07 -9.0604E+05 -8.4356E+05
0003999   9.0867E+07  6.0128E+05  1.9352E+06
0004000   9.1907E+07 -2.7466E+06  9.2168E+05
0004001   8.8815E+07  1.1374E+05 -1.4663E+06
0004002   8.9089E+07 -1.0937E+06  2.6353E+06
0004003   8.9599E+07  8.0762E+05 -3.4368E+05
0004004   8.8316E+07  1.2559E+06  1.4481E+06
0004005   9.1073E+07  1.0281E+05  8.5202E+05
0004006   8.9920E+07 -1.0425E+06 -2.7635E+05
0004007   8.7228E+07 -8.8132E+05 -3.9183E+06
0004008   8.8962E+07  3.4498E+06 -3.9164E+06
0004009   8.7096E+07 -1.2924E+06  4.0525E+06
0004010   8.9314E+07 -8.7827E+05 -4.5100E+06
0004011   8.9587E+07 -3.1413E+05  4.5141E+05
0004012   8.9484E+07 -3.0363E+06  2.1198E+06
0004013   8.9870E+07  2.7451E+06  1.9919E+06
0004014   8.7184E+07  1.3560E+06  1.7641E+06
0004015   9.1975E+07 -5.8708E+06  3.7147E+06
0004016   9.0056E+07  7.2849E+05  2.9870E+06
0004017   8.9958E+07  2.6510E+06 -3.2110E+06
0004018   9.0602E+07  1.0990E+06  1.0223E+06
0004019   8.9042E+07  2.9497E+05 -1.4606E+06
0004020   9.0488E+07  4.0385E+06  1.2267E+06
0004021   8.9384E+07  8.8047E+05  1.5111E+06
0004022   9.1268E+07  1.1133E+06  9.3899E+05
0004023   9.0996E+07 -1.1047E+06  1.4656E+06
0004024   8.9593E+07  7.7730E+05  1.8605E+05
0004025   8.8639E+07  1.7603E+06 -1.7430E+06
0004026   8.9984E+07 -7.8984E+04  1.8573E+06
0004027   8.8726E+07  5.0210E+05 -1.2089E+06
0004028   8.8779E+07  2.4790E+05  2.5646E+05
0004029   8.9887E+07  1.3064E+06 -8.8004E+05
0004030   9.0739E+07 -6.7704E+05 -9.8243E+05
0004031   8.9692E+07 -3.8100E+05  2.8880E+06
0004032   9.0531E+07  1.6653E+06  1.3564E+06
0004033   9.0117E+07 -6.4297E+05 -2.7483E+05
0004034   8.7592E+07 -1.0613E+06 -4.3217E+05
0004035   9.1890E+07 -6.5842E+05  6.9884E+05
0004036   9.1014E+07 -7.0578E+05  8.7718E+04
0004037   8.9098E+07 -2.4050E+06  1.6389E+06
0004038   9.0370E+07 -2.4285E+06 -1.6682E+06
0004039   8.9440E+07 -2.1266E+06  4.3898E+06
0004040   9.1187E+07  2.5565E+06  9.2002E+05
0004041   8.6796E+07 -2.4043E+06  1.1577E+06
0004042   9.1353E+07  5.2647E+06  2.4821E+06
0004043   8.9638E+07  7.0676E+05  4.5800E+05
0004044   9.0265E+07 -3.9347E+05  8.4515E+05
0004045   9.1136E+07 -8.2971E+05 -1.0540E+06
0004046   8.7451E+07 -3.4858E+05 -1.8087E+05
0004047   8.9682E+07 -2.3251E+06 -7.7005E+04
0004048   8.9717E+07 -1.2255E+06  9.6559E+05
0004049   9.1314E+07  1.5324E+06  4.2083E+05
0004050   8.9412E+07 -1.1870E+06 -3.2765E+06
0004051   8.9102E+07  2.1554E+06 -8.4090E+05
0004052   8.9752E+07 -1.2502E+07  6.9059E+06
0004053   9.3004E+07 -1.9275E+06 -4.4630E+04
0004054   8.9795E+07 -4.4687E+05 -8.9560E+04
0004055   8.8038E+07  2.1912E+06  1.6239E+06
0004056   8.9826E+07  1.1287E+06  3.8940E+06
0004057   9.0858E+07 -1.0580E+06 -1.2490E+06
0004058   9.1000E+07 -2.6604E+05 -1.5145E+06
0004059   8.8885E+07 -1.6271E+06 -4.9902E+05
0004060   9.1981E+07  6.7042E+05 -2.2500E+06
0004061   8.8044E+07  1.8828E+06  5.2873E+05
0004062   9.0128E+07 -3.5004E+06  2.3396E+06
0004063   9.1845E+07  8.9902E+05  1.3360E+06
0004064   8.8846E+07  4.4773E+06  4.9370E+06
0004065   9.0965E+07  4.0003E+06 -1.1697E+05
0004066   9.0059E+07  3.7000E+05  1.4125E+06
0004067   8.8428E+07  4.7810E+06 -8.6045E+06
0004068   9.2455E+07 -8.9823E+05 -8.4220E+05
0004069   9.1201E+07  6.5074E+05  1.9488E+06
0004070   8.9340E+07  5.1407E+06  5.2051E+05
0004071   9.0142E+07  9.4385E+05 -3.3003E+06
0004072   8.9194E+07 -2.9910E+06 -7.2638E+05
0004073   8.7344E+07 -2.4816E+06  6.6464E+05
0004074   8.8844E+07 -5.1359E+06  5.5878E+05
0004075   9.1575E+07 -4.5650E+05 -1.6418E+06
0004076   9.0281E+07  8.4534E+05  2.7504E+06
0004077   9.1021E+07 -3.2545E+05  2.4486E+05
0004078   9.0341E+07  1.9433E+05  2.2388E+05
0004079   8.9750E+07 -2.9694E+06 -2.6305E+05
0004080   9.0217E+07  2.4802E+06 -1.9575E+06
0004081   9.0704E+07  3.8166E+06 -2.1173E+06
0004082   9.1174E+07 -6.9947E+05 -3.9396E+05
0004083   9.1239E+07  1.0700E+05 -1.1587E+06
0004084   9.3138E+07  4.4889E+05 -5.0203E+04
0004085   9.0694E+07 -2.2742E+04 -1.0562E+06
0004086   8.9915E+07  5.2146E+04  8.8863E+04
0004087   9.0880E+07 -2.5975E+06  3.0791E+06
0004088   8.9295E+07  1.0498E+05 -2.0904E+06
0004089   9.0425E+07 -2.2906E+06 -3.5232E+06
0004090   9.1079E+07 -2.3849E+05  1.2819E+06
0004091   9.0334E+07 -2.9718E+06 -1.3141E+06
0004092   8.9898E+07  1.6528E+06  1.3476E+05
0004093   8.8485E+07  1.2815E+05  1.6948E+05
0004094   8.9596E+07  2.6822E+06  2.3423E+06
0004095   8.9497E+07 -2.5310E+06  1.8248E+06
0004096   8.9433E+07 -1.3520E+06 -1.4573E+05
0004097   9.0829E+07 -1.7469E+06  8.9544E+05
0004098   9.0076E+07 -1.4020E+06  9.7393E+05
0004099   9.0197E+07  3.2723E+05 -1.5935E+06
0004100   8.8839E+07 -1.5313E+06  5.6637E+04
0004101   8.9282E+07 -2.7608E+06 -1.3447E+06
0004102   9.1015E+07  1.3702E+06 -6.6482E+05
0004103   8.8431E+07  1.6341E+06  1.0690E+06
0004104   8.9834E+07  1.3211E+06  4.4490E+06
0004105   8.8935E+07 -3.5922E+06  1.9008E+06
0004106   8.9426E+07  4.2909E+06  1.9602E+06
0004107   8.7850E+07  4.9598E+05  9.6260E+05
0004108   9.1452E+07 -2.8602E+06  6.8692E+05
0004109   8.8445E+07  1.4226E+06 -3.2387E+06
0004110   8.9275E+07  3.0920E+06  6.4946E+05
0004111   8.9414E+07 -9.6615E+04  3.8809E+05
0004112   9.2963E+07  2.0641E+06  9.0669E+05
0004113   8.8964E+07 -7.5337E+04  9.3836E+04
0004114   8.9165E+07  2.1203E+06  4.7970E+05
0004115   8.9729E+07 -2.1249E+06 -3.3330E+05
0004116   9.0175E+07  4.4883E+04 -2.7133E+05
0004117   8.8606E+07  1.9595E+06  2.1084E+06
0004118   9.0178E+07 -2.3491E+06  6.5961E+04
0004119   9.1375E+07  1.3845E+06 -2.1859E+06
0004120   8.9227E+07 -7.5514E+05 -1.3295E+06
0004121   9.0861E+07  1.9991E+06  9.9362E+05
0004122   8.9989E+07  2.1490E+06  5.8496E+04
0004123   9.2619E+07  3.7822E+06  1.4311E+06
0004124   8.9649E+07 -2.3042E+06  2.0138E+06
0004125   9.0551E+07 -1.8170E+06  9.4560E+05
0004126   9.0411E+07 -2.7329E+06 -3.7391E+06
0004127   9.1440E+07  1.3436E+06  2.7522E+05
0004128   8.8523E+07  3.5499E+06 -1.5437E+06
0004129   9.0299E+07 -5.4044E+06 -2.4726E+06
0004130   8.8181E+07  8.8038E+05  1.7383E+05
0004131   9.0101E+07 -1.4993E+06  4.2427E+06
0004132   9.0133E+07  2.8872E+06 -5.1564E+05
0004133   8.8361E+07  9.2874E+05  4.2199E+05
0004134   9.0484E+07  1.4284E+05  3.0591E+05
0004135   8.9426E+07  2.2269E+06  1.7110E+06
0004136   8.8665E+07 -8.6365E+05  3.1356E+06
0004137   8.8836E+07 -4.0029E+06 -1.6684E+06
0004138   8.8374E+07 -7.0565E+05  1.4568E+06
0004139   8.5287E+07 -1.4249E+06  2.5561E+06
0004140   9.1432E+07  1.2355E+06 -2.7252E+06
0004141   8.7897E+07  3.4548E+05 -1.1925E+06
0004142   9.0437E+07  2.0702E+06  9.9436E+05
0004143   8.9845E+07  4.2869E+06 -2.5135E+06
0004144   8.8631E+07 -5.4545E+06 -1.5937E+06
0004145   9.1839E+07  1.4755E+05 -6.6878E+05
0004146   8.9997E+07 -5.9244E+05 -2.7433E+06
0004147   8.8787E+07  1.8718E+06 -1.0359E+06
0004148   9.2927E+07 -1.1154E+06 -2.7371E+06
0004149   8.7783E+07  1.7885E+06  5.8402E+05
0004150   9.0438E+07 -3.7594E+05  1.3534E+06
0004151   8.5508E+07  8.3097E+04  1.1150E+06
0004152   8.9656E+07  9.0940E+05  9.3952E+05
0004153   8.9651E+07  5.4541E+06 -2.8822E+05
0004154   9.0388E+07 -4.0656E+06  2.7669E+06
0004155   8.9961E+07 -2.7517E+06 -7.2873E+05
0004156   8.9047E+07  2.6880E+05  3.8779E+06
0004157   8.9146E+07  2.0662E+06  1.0062E+06
0004158   9.1576E+07 -2.3286E+06 -5.3233E+05
0004159   8.9023E+07  2.0636E+06 -9.7163E+05
0004160   9.0153E+07 -8.1260E+05 -4.0210E+06
0004161   8.8434E+07 -3.4771E+06  8.7294E+05
0004162   8.8478E+07  5.2955E+05 -1.2666E+06
0004163   9.0365E+07  2.0067E+06 -2.3977E+05
0004164   9.1113E+07 -3.4337E+06  5.2748E+05
0004165   8.9145E+07 -4.1127E+06  4.1626E+05
0004166   9.0312E+07  4.4985E+05 -1.0368E+06
0004167   9.0758E+07  7.9858E+05  9.2351E+05
0004168   9.3740E+07 -4.6215E+05  2.3376E+06
0004169   9.1836E+07  1.6809E+06  2.3651E+04
0004170   8.8346E+07  2.6486E+06  1.6569E+06
0004171   9.0794E+07  1.6797E+06 -1.1090E+06
0004172   8.9371E+07  4.4276E+06 -3.8007E+05
0004173   8.8278E+07  1.8302E+06 -4.9063E+05
0004174   8.8944E+07  1.6179E+06 -1.8173E+06
0004175   8.6759E+07 -6.6058E+04  2.4479E+06
0004176   9.0460E+07  2.9142E+06  1.4422E+06
0004177   9.1667E+07  1.8747E+06  7.8418E+05
0004178   9.0399E+07 -8.3579E+05  2.6006E+06
0004179   9.0597E+07  3.6934E+06 -1.1747E+06
0004180   9.0751E+07  4.1889E+06 -4.3049E+06
0004181   8.9499E+07  5.4490E+06 -1.3965E+06
0004182   8.7644E+07  2.3929E+06  2.5846E+05
0004183   8.8551E+07 -1.0300E+06  2.8049E+06
0004184   9.1756E+07 -2.6080E+06  3.8553E+05
0004185   8.9332E+07 -2.7351E+06 -1.5073E+06
0004186   9.0567E+07  3.5347E+05 -1.6808E+06
0004187   9.0617E+07  3.6972E+05 -1.0837E+06
0004188   9.0212E+07 -6.6959E+05 -9.9984E+05
0004189   8.9831E+07 -4.0196E+06 -1.0345E+06
0004190   9.1803E+07  3.8418E+05  1.7690E+06
0004191   9.1105E+07  2.3256E+06 -1.6332E+05
0004192   9.1309E+07 -4.3917E+06  9.3291E+05
0004193   9.2217E+07 -2.8251E+06 -1.5608E+06
0004194   9.2306E+07  1.5049E+06 -2.2010E+06
0004195   8.9780E+07  3.4640E+05  5.1900E+05
0004196   8.8435E+07  2.7316E+05 -1.9972E+06
0004197   8.7978E+07 -2.3409E+06 -2.6995E+06
0004198   9.0194E+07 -3.7310E+06 -6.3032E+06
0004199   8.9375E+07 -8.0801E+05 -1.5346E+06
0004200   9.0865E+07  1.8845E+06  2.2517E+06
0004201   9.2441E+07  4.1407E+06 -7.3208E+05
0004202   9.0818E+07 -2.5984E+05  2.1300E+06
0004203   8.8572E+07 -1.3926E+06  7.8240E+04
0004204   8.8389E+07  1.7699E+06 -3.3451E+06
0004205   9.2650E+07 -2.5298E+06  1.4547E+06
0004206   8.8284E+07  5.7927E+05 -1.1233E+05
0004207   9.2223E+07  1.3749E+06 -1.5197E+06
0004208   9.0889E+07  1.3981E+06  1.6442E+05
0004209   9.0450E+07  1.9452E+05  1.3765E+06
0004210   8.8989E+07 -1.8309E+06  1.1407E+06
0004211   9.1494E+07  4.1276E+06 -4.9046E+06
0004212   8.9858E+07 -1.2189E+05  1.5017E+06
0004213   9.1057E+07  2.5020E+06  6.7253E+05
0004214   8.7768E+07  1.0544E+05  3.6094E+05
0004215   9.2221E+07  5.9132E+05  2.5283E+06
0004216   8.8922E+07  1.7754E+06  2.8376E+06
0004217   9.0861E+07 -4.2314E+06  4.8016E+06
0004218   8.8195E+07 -2.9949E+06  4.7120E+05
0004219   9.2437E+07  1.9885E+06  1.1900E+06
0004220   8.7815E+07  2.3147E+06  1.8040E+06
0004221   9.1108E+07  8.0678E+05  7.5797E+05
0004222   8.8886E+07 -4.6007E+05  1.0845E+06
0004223   9.0425E+07  3.3817E+06  2.7858E+06
0004224   8.9012E+07 -7.4473E+04  2.5799E+06
0004225   8.6399E+07  4.2489E+06  1.2437E+07
0004226   9.1306E+07  1.5853E+06 -1.1541E+06
0004227   9.0539E+07  1.5653E+06  3.1503E+06
0004228   8.9970E+07 -1.2331E+06  2.4150E+06
0004229   9.1260E+07  2.9127E+06  1.9528E+06
0004230   8.8323E+07 -1.7134E+06 -2.0853E+06
0004231   8.8196E+07 -5.2018E+06  1.1762E+06
0004232   8.9306E+07 -3.6994E+05  5.6992E+05
0004233   8.9633E+07  4.0828E+06  8.1438E+05
0004234   9.1773E+07 -4.7679E+05  3.6577E+06
0004235   9.0340E+07  6.7406E+04 -3.2511E+06
0004236   8.9490E+07  6.0835E+05 -3.7091E+06
0004237   8.9648E+07  1.3588E+05  5.4090E+05
0004238   9.0342E+07 -9.0443E+05 -8.2457E+05
0004239   9.1015E+07  1.1440E+06  2.4262E+06
0004240   8.8920E+07  6.5907E+05 -2.6767E+06
0004241   8.9477E+07  1.7924E+06 -2.1852E+06
0004242   8.9312E+07  1.8269E+06 -4.0554E+05
0004243   9.0104E+07 -7.3650E+05  1.2972E+06
0004244   9.0146E+07 -1.9527E+05  4.4295E+05
0004245   9.1093E+07  2.8889E+06 -2.4790E+06
0004246   8.8266E+07  7.7404E+05  1.5028E+06
0004247   9.0498E+07 -2.2097E+06  2.0347E+06
0004248   8.7560E+07  2.4111E+06  4.8463E+06
0004249   8.9960E+07  1.0164E+06 -1.7133E+06
0004250   8.9173E+07 -2.2304E+06  2.1375E+06
0004251   8.8084E+07 -7.8748E+05  2.4090E+06
0004252   8.8109E+07 -1.7232E+06 -1.3830E+05
0004253   8.9548E+07  3.4460E+05 -8.0525E+05
0004254   9.0594E+07 -1.3638E+06  1.2708E+06
0004255   9.0935E+07 -4.0191E+06 -2.8660E+06
0004256   9.0322E+07  2.0493E+06  1.8848E+05
0004257   8.9761E+07 -3.2316E+06 -9.0957E+04
0004258   9.1831E+07 -4.0910E+06  1.3215E+06
0004259   8.8834E+07  1.2365E+05  9.5320E+04
0004260   9.0244E+07 -3.2832E+05 -4.7395E+05
0004261   8.8200E+07  1.4171E+04  1.5683E+06
0004262   8.9337E+07  1.8714E+06 -2.4425E+06
0004263   8.8659E+07  2.1442E+06  2.0382E+06
0004264   9.1182E+07 -7.6314E+06 -2.5762E+06
0004265   9.0668E+07 -2.0571E+06 -4.3176E+05
0004266   8.8984E+07  4.2487E+06 -3.2789E+06
0004267   8.7632E+07 -3.0154E+05 -1.0517E+06
0004268   9.1508E+07  2.8340E+06  1.8934E+06
0004269   9.2780E+07 -1.3725E+06  1.2906E+06
0004270   8.9247E+07  7.6131E+05  1.9462E+06
0004271   8.9398E+07  1.2781E+06  2.5910E+05
0004272   9.1469E+07 -4.2359E+06  2.3366E+06
0004273   8.7342E+07  3.9561E+06  1.1472E+06
0004274   8.8537E+07  1.3585E+06  2.3652E+06
0004275   8.9875E+07  1.9046E+06 -2.6570E+05
0004276   8.9399E+07 -1.4415E+06  4.2367E+06
0004277   8.8700E+07 -2.3529E+05 -1.1169E+06
0004278   9.0131E+07  3.7200E+06 -1.7364E+05
0004279   8.8332E+07 -8.4229E+05  5.8366E+05
0004280   9.1230E+07 -2.3721E+06  9.7182E+05
0004281   9.0936E+07  1.7895E+05  1.2157E+06
0004282   9.0405E+07  2.7645E+06 -1.7451E+05
0004283   9.1355E+07 -8.4220E+05  7.6076E+05
0004284   8.9931E+07  1.9050E+06  3.7335E+05
0004285   8.9980E+07 -3.1932E+04 -1.4545E+06
0004286   8.9425E+07  3.0485E+06  3.8130E+05
0004287   8.9217E+07 -3.4909E+04  5.3294E+06
0004288   9.0091E+07  1.1283E+06 -2.8996E+06
0004289   8.7867E+07 -3.6674E+06  4.5511E+06
0004290   8.9644E+07 -1.4629E+06  2.7318E+06
0004291   9.2068E+07 -7.9567E+05  1.4982E+06
0004292   8.9109E+07 -1.9347E+06 -9.9887E+05
0004293   8.9706E+07 -2.0918E+06  2.6603E+06
0004294   8.7799E+07 -1.4710E+06 -1.6797E+06
0004295   8.9148E+07 -3.3936E+06 -8.4420E+04
0004296   8.7898E+07  2.3098E+05 -1.0268E+06
0004297   9.0576E+07  4.2464E+05 -2.2791E+06
0004298   9.0394E+07 -2.0594E+06  1.9697E+06
0004299   9.1455E+07  2.9775E+05 -3.0053E+05
0004300   8.8540E+07  2.0570E+06  2.6456E+05
0004301   9.2670E+07 -2.9993E+05 -1.8140E+05
0004302   8.9507E+07  8.6549E+04 -1.5461E+06
0004303   9.2064E+07  2.0084E+04 -2.2404E+05
0004304   9.1265E+07  5.1359E+06  3.1881E+06
0004305   8.9974E+07 -1.4424E+05  1.5606E+06
0004306   9.2475E+07  3.1179E+06 -1.3661E+05
0004307   8.8889E+07  5.8571E+05 -1.5443E+05
0004308   9.1564E+07 -2.3539E+06 -3.9419E+06
0004309   9.1765E+07 -1.1396E+06  3.2802E+06
0004310   8.7826E+07  1.1476E+06  1.7195E+06
0004311   9.1932E+07  1.8277E+06 -5.0725E+05
0004312   9.0013E+07 -6.0877E+05  3.5681E+05
0004313   8.8142E+07  9.8853E+05  4.0686E+05
0004314   9.0237E+07  4.2758E+05 -2.9185E+06
0004315   8.8893E+07  8.9150E+05 -1.3814E+06
0004316   9.1445E+07  9.6590E+05  2.2104E+06
0004317   9.0481E+07 -3.5750E+05 -1.8840E+06
0004318   9.1323E+07  5.8699E+05  3.0238E+05
0004319   8.9354E+07  6.8584E+06  4.0660E+06
0004320   9.0629E+07  4.8264E+05  4.0654E+06
0004321   9.0041E+07  1.4536E+06  6.6903E+05
0004322   8.9816E+07 -1.3563E+06 -1.9215E+06
0004323   8.8689E+07  3.8092E+06  3.5848E+06
0004324   8.9304E+07  1.8266E+06  1.8463E+06
0004325   9.0501E+07 -4.9075E+05  1.5165E+06
0004326   9.0362E+07 -3.8796E+05 -1.6971E+05
0004327   8.9455E+07 -1.6571E+06  1.2652E+06
0004328   8.9374E+07  3.5500E+05 -1.1082E+06
0004329   9.0317E+07 -2.2005E+05 -2.4773E+06
0004330   8.9265E+07 -2.1918E+06 -1.7436E+06
0004331   9.1268E+07 -2.6250E+06  9.5648E+05
0004332   8.7844E+07 -8.6922E+05 -3.5753E+05
0004333   9.0416E+07 -5.2667E+06  3.8407E+06
0004334   8.9867E+07  2.9206E+05 -1.3652E+06
0004335   9.0214E+07  2.8259E+06  3.3327E+06
0004336   9.0068E+07  4.6918E+05 -4.5281E+05
0004337   9.1045E+07 -1.7980E+06  5.7374E+04
0004338   8.7614E+07  6.0987E+04 -2.9154E+06
0004339   9.1360E+07  1.9125E+04  6.6525E+05
0004340   8.8641E+07 -9.6908E+05  2.2293E+06
0004341   8.9166E+07 -1.4458E+06 -5.8250E+05
0004342   8.9175E+07  3.8458E+06 -3.1615E+06
0004343   9.0546E+07  2.6237E+05  5.9954E+06
0004344   8.8803E+07  1.4328E+06 -4.7427E+05
0004345   9.0661E+07 -5.7115E+05  4.7206E+06
0004346   9.1602E+07 -2.6496E+06 -1.3059E+06
0004347   9.0499E+07 -6.7859E+05  2.3948E+06
0004348   8.7612E+07  3.3781E+06  3.3463E+05
0004349   9.0857E+07 -1.2952E+06 -3.7858E+06
0004350   8.8323E+07  2.1394E+06 -1.0753E+06
0004351   8.9532E+07 -4.0600E+06  1.7677E+06
0004352   9.2566E+07  1.7996E+06 -4.0059E+06
0004353   9.0758E+07 -2.9023E+06 -8.9932E+05
0004354   9.2483E+07  7.1362E+05 -1.0980E+06
0004355   8.8772E+07  1.0667E+06  3.2115E+06
0004356   8.7686E+07  7.6892E+05  4.5456E+05
0004357   9.1903E+07  1.3599E+06  6.3721E+05
0004358   9.1603E+07  4.7179E+05 -8.4253E+05
0004359   8.7000E+07 -7.3746E+05  2.3365E+05
0004360   9.0346E+07  1.7542E+06 -2.3081E+06
0004361   8.9528E+07  8.4185E+05  1.3595E+06
0004362   9.1149E+07  1.9048E+06  1.9968E+06
0004363   9.1686E+07 -4.5355E+05  1.8731E+06
0004364   8.8476E+07  1.6344E+06  1.6266E+06
0004365   8.7822E+07 -1.5908E+06  1.0297E+06
0004366   9.0537E+07  1.2312E+06  2.6707E+06
0004367   8.9945E+07 -9.1315E+05  6.0824E+05
0004368   9.2204E+07  1.4481E+06  3.8776E+06
0004369   9.1450E+07 -4.3119E+06  2.5973E+06
0004370   8.7653E+07  2.1358E+06 -3.1223E+05
0004371   8.7108E+07 -2.7051E+06  5.9728E+05
0004372   8.8735E+07  8.6844E+05  2.4744E+06
0004373   9.2465E+07 -1.8507E+06  1.2462E+06
0004374   8.6448E+07 -5.4384E+05  1.4313E+06
0004375   8.8821E+07  8.4708E+05  1.6984E+06
0004376   8.8259E+07  6.7022E+05 -3.8993E+06
0004377   8.9003E+07  2.7927E+06 -1.3843E+06
0004378   8.8473E+07  4.1710E+05 -1.3058E+05
0004379   8.9336E+07  3.3015E+06 -1.7006E+06
0004380   8.8947E+07  3.5732E+06 -3.2502E+05
0004381   8.8486E+07 -1.1650E+06  2.6350E+05
0004382   9.1589E+07 -1.8397E+06 -3.5667E+06
0004383   9.3730E+07 -2.3603E+06 -1.1918E+05
0004384   8.9202E+07 -4.8243E+05 -1.9328E+06
0004385   9.0376E+07 -4.7344E+05  2.3604E+06
0004386   8.9249E+07  1.5270E+06  5.0167E+05
0004387   8.9047E+07  1.4809E+06 -3.7348E+06
0004388   9.1698E+07  4.3026E+06  3.1519E+06
0004389   9.0749E+07 -6.5917E+05 -1.6508E+06
0004390   9.0734E+07  1.8881E+06 -4.0853E+05
0004391   8.9300E+07 -4.4317E+05  8.4983E+05
0004392   8.9212E+07  1.4742E+06 -2.1534E+06
0004393   9.2286E+07 -2.2595E+06 -1.2195E+06
0004394   9.0692E+07  1.3667E+06  2.3211E+06
0004395   8.9348E+07 -4.0764E+06  1.0745E+06
0004396   8.9244E+07  4.2238E+06  4.4946E+05
0004397   8.8445E+07 -3.8546E+04 -2.0406E+06
0004398   8.8323E+07  5.0551E+05  3.0942E+05
0004399   8.9919E+07  2.0844E+06  5.1460E+05
0004400   9.0703E+07  8.5276E+05 -2.3346E+05
0004401   9.1305E+07 -4.8805E+05 -1.2303E+04
0004402   8.7343E+07 -2.8024E+06 -2.5003E+06
0004403   9.1056E+07 -9.5346E+03 -2.5255E+05
0004404   9.1554E+07 -6.6612E+04 -4.1142E+06
0004405   8.9948E+07 -8.1456E+05  1.4047E+06
0004406   9.1003E+07  1.5354E+05 -1.7773E+06
0004407   9.1538E+07  1.4236E+06  8.1600E+05
0004408   9.0597E+07 -4.1135E+05  2.4770E+06
0004409   9.0037E+07  8.6239E+04 -2.1306E+06
0004410   8.9625E+07  4.1633E+05  1.3387E+06
0004411   9.0708E+07  1.2584E+06  9.7799E+05
0004412   8.9756E+07  5.5170E+06  6.3156E+05
0004413   9.0041E+07  2.8350E+06 -1.6082E+06
0004414   9.1949E+07 -2.0856E+06 -2.0500E+06
0004415   8.9564E+07  3.3172E+05  6.5599E+05
0004416   9.0929E+07  9.5117E+05  1.7935E+06
0004417   9.0709E+07 -5.0205E+06  8.9815E+05
0004418   8.8185E+07 -1.5141E+06  7.5365E+05
0004419   9.1269E+07  1.4314E+06  4.0070E+06
0004420   8.9675E+07  4.2389E+06 -1.1185E+06
0004421   8.8382E+07 -5.1469E+04  2.0769E+06
0004422   8.8181E+07 -1.1294E+06 -3.8332E+06
0004423   8.9918E+07  2.6412E+06 -6.0511E+05
0004424   9.1474E+07 -5.1440E+05  6.6935E+06
0004425   8.8027E+07  4.0495E+05 -1.1914E+06
0004426   8.9891E+07  2.8131E+06 -1.2523E+06
0004427   9.0403E+07  1.1575E+06 -2.8492E+06
0004428   9.1145E+07  9.1546E+05 -7.9440E+05
0004429   8.8107E+07 -3.4921E+06 -1.0893E+06
0004430   8.8304E+07 -8.1916E+05  6.8395E+04
0004431   8.8960E+07  1.8953E+06  1.6845E+06
0004432   8.7163E+07  2.0989E+06  1.2372E+06
0004433   9.1092E+07  2.3036E+06  2.8736E+05
0004434   9.0341E+07  1.6937E+06  1.9744E+06
0004435   8.9752E+07  8.4043E+04 -1.8442E+06
0004436   8.9768E+07  1.6812E+06  8.7798E+05
0004437   9.0264E+07 -2.8768E+05  1.8134E+06
0004438   9.1931E+07 -5.5676E+05 -1.7776E+06
0004439   9.0130E+07  3.3875E+04  9.4153E+05
0004440   8.9194E+07 -6.2264E+05  2.9445E+05
0004441   8.8990E+07 -3.8352E+06  6.1906E+05
0004442   9.0312E+07  2.2804E+06  1.1318E+06
0004443   8.8470E+07 -1.1196E+06 -1.8911E+06
0004444   9.1767E+07 -1.6207E+05  5.0177E+05
0004445   8.8685E+07  2.8584E+04  9.9771E+05
0004446   8.8323E+07  2.7114E+06 -5.0530E+06
0004447   8.8881E+07  2.3935E+06 -1.9324E+05
0004448   9.1061E+07  2.4897E+06 -5.9847E+05
0004449   8.9901E+07  2.9256E+05  1.6992E+05
0004450   9.0220E+07  1.0847E+06  1.4419E+05
0004451   8.9653E+07 -1.6302E+06 -8.7072E+05
0004452   8.9901E+07 -3.2763E+05  3.6785E+06
0004453   9.1252E+07  4.5910E+06  2.5895E+06
0004454   9.0225E+07  8.9418E+04 -3.0683E+05
0004455   8.7275E+07 -7.5863E+05 -5.9911E+05
0004456   8.7899E+07  2.0551E+05 -2.1380E+06
0004457   8.9373E+07  1.9821E+06 -3.5540E+06
0004458   8.7451E+07 -1.3056E+04  4.7413E+04
0004459   9.0212E+07 -6.5854E+05 -1.7461E+06
0004460   8.9016E+07 -9.8058E+06  2.9711E+06
0004461   9.0296E+07 -4.2386E+05 -1.6080E+06
0004462   8.8308E+07 -1.9342E+06 -3.2142E+06
0004463   9.0991E+07 -1.5070E+06 -7.8126E+05
0004464   8.8413E+07  4.9645E+06  8.1673E+05
0004465   8.8088E+07 -1.1456E+06  1.5201E+06
0004466   9.0290E+07  1.5368E+06  1.1678E+06
0004467   9.1910E+07 -4.8384E+05 -2.3647E+06
0004468   9.0366E+07  7.3183E+05  5.4101E+05
0004469   9.1474E+07  1.1978E+06 -3.8733E+05
0004470   8.6033E+07 -1.5541E+06 -2.4751E+06
0004471   8.7943E+07 -1.4584E+06  1.3529E+06
0004472   8.9736E+07  1.1677E+06  3.3153E+06
0004473   8.8692E+07 -1.4688E+06 -1.1376E+06
0004474   8.9476E+07 -3.0824E+06 -6.9911E+04
0004475   9.1112E+07  5.7385E+05  1.8098E+05
0004476   9.0334E+07 -1.3044E+05 -3.9104E+06
0004477   8.8042E+07 -2.3398E+06  3.6833E+06
0004478   8.9454E+07  1.6895E+06  1.9861E+06
0004479   8.8174E+07 -1.3448E+06  2.6126E+06
0004480   8.9033E+07  2.4085E+06 -3.4346E+05
0004481   8.9620E+07 -6.8395E+05  3.6401E+06
0004482   8.9165E+07  1.4473E+05  2.1013E+05
0004483   8.9321E+07 -9.3773E+05  9.4548E+05
0004484   8.8688E+07  5.6132E+05 -7.1879E+05
0004485   9.0840E+07 -9.6055E+05  5.5670E+06
0004486   9.1987E+07 -4.3144E+05 -1.8328E+05
0004487   8.8368E+07 -1.7422E+05  1.0903E+06
0004488   9.0961E+07  1.7330E+06 -1.2372E+06
0004489   8.8929E+07  1.6457E+06 -3.5254E+06
0004490   8.9346E+07  3.5671E+06 -1.8913E+06
0004491   9.0746E+07 -4.3481E+05  1.3516E+06
0004492   8.7833E+07 -6.6633E+05 -2.5677E+05
0004493   8.7820E+07 -1.7620E+06 -2.6903E+06
0004494   9.1964E+07  7.6262E+04  2.6684E+06
0004495   9.0313E+07 -3.1157E+06  2.4886E+05
0004496   9.2563E+07  5.0810E+05  8.8812E+05
0004497   9.0083E+07 -5.0406E+05 -1.1378E+06
0004498   9.1113E+07  1.1239E+06 -1.4645E+06
0004499   8.9587E+07 -1.3865E+06  2.1486E+06
0004500   8.7140E+07  8.3826E+06  1.6077E+06
0004501   8.7970E+07 -8.0623E+05  9.3228E+05
0004502   9.0840E+07 -5.1164E+05  2.8597E+06
0004503   8.9332E+07 -3.5016E+06  4.1962E+05
0004504   8.8277E+07 -2.1813E+06  2.3529E+06
0004505   9.0077E+07 -2.2327E+06  9.1339E+05
0004506   9.1590E+07 -2.1790E+06 -5.6828E+06
0004507   9.0570E+07  1.6854E+05 -2.5281E+05
0004508   9.0317E+07 -7.5175E+06 -2.0642E+06
0004509   9.0381E+07  1.2403E+06  2.2215E+06
0004510   8.9660E+07 -1.3282E+06  1.4736E+06
0004511   9.0071E+07 -1.9817E+06 -1.6475E+06
0004512   8.8276E+07 -1.7294E+06 -1.4621E+06
0004513   9.1446E+07  1.2640E+06 -6.2084E+05
0004514   8.8581E+07 -7.8694E+04  7.5080E+05
0004515   9.0351E+07  4.6022E+05 -1.9340E+05
0004516   9.0912E+07  2.5304E+06 -3.1744E+06
0004517   8.9650E+07  1.5637E+06 -9.0375E+05
0004518   9.0189E+07 -1.7160E+06 -4.6200E+06
0004519   8.8303E+07 -1.5546E+06  2.2828E+06
0004520   8.8017E+07  1.0307E+06  9.7337E+05
0004521   9.1982E+07  5.7863E+04  1.6578E+05
0004522   8.9146E+07  1.0674E+06  1.5011E+06
0004523   8.8448E+07 -6.8406E+05  1.2409E+05
0004524   8.9187E+07  8.0694E+05  2.7259E+06
0004525   8.9662E+07 -2.1777E+06  5.0574E+06
0004526   9.1323E+07 -2.2599E+06 -2.9537E+06
0004527   9.2119E+07 -2.0685E+06  5.0045E+05
0004528   8.5626E+07  3.9788E+05  2.9996E+05
0004529   8.7935E+07  5.7030E+05 -1.7661E+06
0004530   9.0505E+07 -1.7884E+06  1.0082E+06
0004531   9.0538E+07  1.0634E+06  5.8664E+05
0004532   9.0408E+07  9.8632E+05 -5.4266E+05
0004533   8.7583E+07 -3.5901E+05 -4.1933E+06
0004534   8.7116E+07  5.4493E+06 -1.8050E+05
0004535   9.0623E+07  1.4269E+06  1.5169E+06
0004536   9.0746E+07 -2.6719E+06  1.4349E+05
0004537   8.9810E+07  1.3245E+06  1.0612E+06
0004538   8.9337E+07 -9.2151E+05  2.1271E+06
0004539   8.9983E+07  1.6561E+06 -3.7833E+06
0004540   8.8014E+07  1.0654E+06 -1.5223E+06
0004541   9.1501E+07 -3.8914E+06  1.9901E+06
0004542   8.8960E+07  1.7692E+06  1.0311E+06
0004543   9.0859E+07  5.5624E+05 -1.2356E+06
0004544   9.0722E+07  1.6122E+06 -1.9456E+06
0004545   8.9447E+07  4.1903E+06 -2.7153E+05
0004546   8.8103E+07  1.9900E+06  2.8192E+06
0004547   9.0894E+07  8.7048E+04  1.0629E+06
0004548   9.1433E+07 -2.1626E+06 -2.9540E+06
0004549   9.1970E+07  9.8116E+05 -1.7210E+06
0004550   9.2192E+07  1.9248E+06  2.0421E+06
0004551   8.9255E+07 -1.7212E+06  5.9771E+05
0004552   8.9755E+07  2.8204E+06 -1.7412E+06
0004553   9.1653E+07  2.4712E+06  9.8199E+05
0004554   9.2230E+07  2.2189E+06 -1.2505E+05
0004555   8.8969E+07 -1.6150E+06  1.7121E+06
0004556   8.9535E+07  1.0052E+06 -1.2487E+06
0004557   9.0020E+07  2.0129E+06  1.6516E+06
0004558   8.9067E+07 -3.3646E+05  2.8623E+06
0004559   8.9409E+07 -4.1661E+05  2.8498E+05
0004560   9.1230E+07 -1.4843E+06  2.8587E+03
0004561   8.9023E+07 -8.0984E+05  3.7892E+05
0004562   9.0086E+07 -8.6158E+05 -6.3424E+04
0004563   8.9316E+07  6.2857E+05  1.0577E+06
0004564   9.0567E+07  1.2090E+05  1.1655E+06
0004565   9.0119E+07 -1.8601E+06 -3.5480E+06
0004566   9.0272E+07 -1.7123E+05 -1.2325E+05
0004567   9.1177E+07  5.7089E+05 -3.2298E+06
0004568   8.9748E+07  6.0290E+06  3.8980E+06
0004569   9.0962E+07  8.6444E+05  2.5154E+06
0004570   8.7847E+07  2.2349E+06 -4.6473E+05
0004571   9.0209E+07 -3.0302E+06  3.8638E+06
0004572   8.9648E+07  2.7459E+06 -6.8366E+06
0004573   8.6462E+07  2.1399E+06  4.0800E+06
0004574   8.8198E+07 -9.3415E+05  1.8319E+06
0004575   8.9818E+07  2.7041E+06  3.0221E+06
0004576   8.8643E+07  2.6887E+05  7.4797E+03
0004577   9.2899E+07  1.2470E+06  2.4663E+06
0004578   8.8905E+07  1.2000E+06  1.5341E+06
0004579   9.0724E+07 -1.1477E+05 -6.0606E+05
0004580   8.9776E+07  3.2356E+05 -3.0498E+06
0004581   9.1599E+07  1.7849E+06  7.9228E+05
0004582   8.9808E+07 -1.0266E+06 -1.2759E+06
0004583   8.9223E+07 -4.1787E+06 -9.9930E+05
0004584   9.0622E+07  1.5099E+06 -1.6915E+06
0004585   8.9389E+07  2.7695E+06 -1.7972E+06
0004586   9.2503E+07 -1.8457E+06 -2.8159E+04
0004587   8.8866E+07  1.1663E+06  9.2384E+05
0004588   9.1427E+07 -4.1543E+06 -5.4797E+06
0004589   8.9534E+07  5.7991E+05  1.5602E+06
0004590   8.9403E+07 -2.4227E+05  2.9842E+06
0004591   9.2617E+07 -2.0398E+05 -1.0084E+06
0004592   9.0136E+07  8.9683E+05 -7.0272E+05
0004593   8.8783E+07  2.7122E+06 -2.9611E+06
0004594   9.1349E+07 -2.7393E+05  1.2902E+06
0004595   8.8276E+07 -2.0594E+06 -3.4640E+06
0004596   9.1285E+07 -9.3145E+05 -7.4623E+05
0004597   9.1411E+07 -8.4357E+05 -1.2115E+06
0004598   9.0110E+07 -1.7012E+06 -1.1973E+06
0004599   9.0662E+07 -2.1526E+06 -1.4946E+06
0004600   8.8650E+07 -2.4694E+06 -4.9237E+05
0004601   8.9758E+07  1.1537E+05  2.0223E+06
0004602   8.9243E+07  4.2585E+05 -1.7365E+06
0004603   8.8095E+07 -1.4492E+06 -1.8828E+05
0004604   9.0219E+07  2.4842E+05  1.1508E+06
0004605   9.1817E+07 -2.2974E+06 -1.9094E+06
0004606   9.1483E+07 -4.2700E+05  1.7210E+06
0004607   9.0511E+07  2.4441E+06 -8.7957E+04
0004608   8.8422E+07  2.5433E+05  3.2659E+05
0004609   8.7345E+07 -2.1851E+06  1.5423E+06
0004610   9.1103E+07 -6.5120E+05  6.5832E+05
0004611   8.9554E+07 -1.6140E+05 -2.1937E+06
0004612   9.0379E+07  7.4321E+06  2.6004E+06
0004613   9.1118E+07 -1.6933E+06  1.4593E+06
0004614   8.9275E+07 -3.4887E+05  8.3333E+05
0004615   8.7157E+07 -3.3117E+06  1.0918E+06
0004616   8.8927E+07  8.5772E+05 -1.0279E+06
0004617   8.7186E+07 -4.8700E+06 -1.0341E+06
0004618   9.0215E+07 -1.2789E+06 -1.4669E+06
0004619   8.9831E+07  2.4861E+06 -5.2590E+06
0004620   8.9491E+07 -1.1158E+06 -1.2050E+06
0004621   9.1149E+07  3.4821E+06 -5.0555E+06
0004622   9.0838E+07  2.5535E+06 -1.0837E+06
0004623   8.9821E+07  2.1980E+05 -1.9152E+06
0004624   8.8982E+07 -5.0553E+06  2.2203E+06
0004625   8.7268E+07  1.3813E+06 -1.0906E+06
0004626   8.9149E+07  3.8628E+05  2.7690E+04
0004627   9.0315E+07 -7.0647E+05 -1.4485E+06
0004628   9.0649E+07 -1.7180E+06 -1.8540E+06
0004629   9.0494E+07 -7.4597E+05 -1.0184E+06
0004630   9.2538E+07 -2.2258E+05 -7.9871E+05
0004631   9.0418E+07  1.7980E+06  1.3623E+06
0004632   8.8178E+07 -2.8478E+06 -1.2148E+06
0004633   8.8683E+07  1.4708E+06 -1.5081E+06
0004634   8.9599E+07 -1.3471E+06  7.6219E+05
0004635   9.1810E+07 -3.8170E+06  1.4463E+06
0004636   8.9567E+07  1.2332E+06 -7.5518E+05
0004637   9.0320E+07  2.2625E+06  1.9435E+06
0004638   9.1326E+07 -1.1874E+04  8.4454E+04
0004639   9.1720E+07  3.1170E+06 -2.9358E+06
0004640   9.2896E+07 -1.2223E+06  3.1370E+06
0004641   8.8346E+07 -2.1382E+06  1.4224E+06
0004642   9.2529E+07 -5.3062E+05 -1.0942E+06
0004643   8.8758E+07 -2.6183E+06 -7.2026E+04
0004644   8.9117E+07  1.5348E+06  1.2899E+06
0004645   9.0169E+07  5.6408E+05 -5.3375E+05
0004646   9.0755E+07  3.5967E+05 -1.5616E+05
0004647   8.9761E+07  2.7241E+06 -1.0617E+06
0004648   9.2373E+07  9.2189E+05 -3.2449E+06
0004649   8.7786E+07 -1.8001E+06  9.0191E+05
0004650   8.9030E+07  1.0385E+06 -1.1042E+06
0004651   9.0042E+07  1.6018E+06  6.5280E+06
0004652   8.7665E+07 -1.1806E+06  2.9924E+05
0004653   9.0526E+07  2.4087E+06 -3.1786E+04
0004654   9.2068E+07  8.4601E+05  5.9875E+05
0004655   8.9408E+07 -1.0063E+06  7.5302E+05
0004656   8.9198E+07  7.7045E+04 -1.4501E+06
0004657   9.1150E+07  6.3426E+06 -7.7688E+05
0004658   9.0711E+07 -1.4113E+06 -6.1237E+05
0004659   8.9674E+07 -4.0989E+06 -8.6827E+05
0004660   8.9487E+07  6.0027E+05  2.1357E+06
0004661   8.9557E+07 -2.0727E+06 -8.9083E+05
0004662   8.8544E+07  4.9525E+06 -9.6219E+05
0004663   8.9071E+07  3.1953E+06  6.6339E+05
0004664   8.9796E+07  1.7325E+06  5.2569E+05
0004665   9.4519E+07  1.8217E+06  1.5644E+06
0004666   8.8487E+07  2.0159E+06  3.0706E+06
0004667   8.8614E+07  1.6207E+06 -1.8952E+06
0004668   9.1545E+07 -6.6130E+05 -4.0570E+04
0004669   8.8084E+07 -1.5915E+06  7.4425E+05
0004670   8.6714E+07  7.7538E+05  8.8515E+04
0004671   8.9034E+07 -2.5582E+06 -1.9338E+06
0004672   8.6840E+07  7.2164E+03 -1.4210E+06
0004673   9.2105E+07  1.4297E+06 -2.8865E+06
0004674   9.1485E+07  1.2354E+06 -9.1728E+05
0004675   8.5830E+07 -8.3176E+05  4.4669E+05
0004676   9.1143E+07 -7.1500E+05  4.8496E+06
0004677   8.9526E+07  9.5094E+05 -1.8659E+06
0004678   9.1743E+07  1.2096E+06 -1.1286E+06
0004679   9.1898E+07 -1.8844E+06  2.0972E+06
0004680   8.6977E+07 -1.6685E+06 -1.3409E+06
0004681   8.9285E+07  8.9863E+06  7.2439E+06
0004682   9.3326E+07 -1.0453E+06 -1.5519E+06
0004683   9.1127E+07  4.3303E+05 -2.9423E+06
0004684   9.0214E+07 -1.7078E+06 -2.7740E+06
0004685   8.9017E+07 -1.8789E+06 -3.6895E+05
0004686   9.0738E+07 -9.2666E+05  3.5522E+05
0004687   8.9137E+07  2.8614E+06  2.3610E+05
0004688   8.9421E+07 -1.4207E+06 -2.9383E+05
0004689   8.9559E+07  1.5292E+06  2.4491E+06
0004690   9.0066E+07 -2.1782E+05  1.8931E+06
0004691   8.8748E+07 -3.8164E+06  1.8918E+06
0004692   8.9577E+07  8.0564E+05 -2.2064E+06
0004693   9.0778E+07 -5.4505E+05  1.4440E+06
0004694   8.9904E+07 -1.1235E+06 -1.9620E+06
0004695   8.9173E+07  3.4737E+06 -3.3041E+06
0004696   9.0408E+07 -1.3834E+06  2.1092E+06
0004697   9.0450E+07 -1.4741E+06  1.5988E+06
0004698   8.7232E+07  1.2310E+06 -4.9564E+05
0004699   8.8109E+07 -1.7350E+06 -2.4906E+06
0004700   8.9702E+07  1.0457E+06  1.5584E+06
0004701   9.1526E+07 -5.2814E+06  2.7976E+06
0004702   8.9258E+07 -7.7336E+05 -2.9876E+06
0004703   8.8557E+07  6.8340E+05  1.8815E+06
0004704   9.0523E+07  5.1579E+05 -8.2382E+05
0004705   8.7382E+07 -1.9743E+06  1.1360E+06
0004706   9.0210E+07 -6.3313E+05  4.7319E+05
0004707   9.0431E+07  6.9093E+05 -1.7362E+06
0004708   8.9151E+07 -1.2052E+05  5.2698E+06
0004709   8.9526E+07 -3.9112E+06 -7.4537E+04
0004710   9.0387E+07 -5.8947E+06 -1.0083E+06
0004711   8.9010E+07  2.2190E+06  1.9213E+06
0004712   9.0140E+07 -3.5563E+06  3.1524E+06
0004713   8.8474E+07 -1.7012E+06  9.1351E+06
0004714   8.9681E+07  1.4029E+06 -5.3268E+05
0004715   9.0951E+07  6.4079E+05  3.5699E+05
0004716   8.9229E+07 -1.3355E+06  1.4532E+06
0004717   9.0144E+07  1.2383E+05 -7.6224E+05
0004718   9.0461E+07 -1.9588E+06  5.9721E+05
0004719   9.0279E+07  2.5642E+06  9.5967E+04
0004720   8.9229E+07  2.7019E+06  2.6078E+06
0004721   8.8147E+07 -2.1870E+06 -7.9804E+05
0004722   9.3250E+07 -2.7084E+06 -3.2361E+06
0004723   8.8502E+07 -5.7519E+05 -2.4964E+06
0004724   8.7167E+07 -3.0703E+06  3.0363E+06
0004725   9.0656E+07 -1.0665E+05  7.7015E+05
0004726   9.1992E+07 -2.5269E+04  2.8943E+06
0004727   7.6701E+07  1.2140E+07 -2.1521E+07
0004728   9.1133E+07  4.7734E+05  1.2206E+06
0004729   8.9836E+07 -4.5241E+06  5.5877E+06
0004730   8.9825E+07 -4.7631E+06 -1.2452E+06
0004731   8.8155E+07  4.8117E+06 -2.6469E+06
0004732   8.7881E+07  1.3781E+06 -2.0569E+06
0004733   8.9215E+07  3.1627E+06 -3.0393E+06
0004734   9.2640E+07  2.0311E+06  6.2732E+05
0004735   8.8949E+07 -2.0016E+05  3.5989E+06
0004736   9.1862E+07 -1.9435E+05 -5.6235E+03
0004737   8.6897E+07  2.1195E+06 -1.0448E+06
0004738   9.1266E+07 -2.3786E+06 -2.1091E+06
0004739   9.0299E+07 -2.1961E+06 -1.6565E+06
0004740   9.0636E+07 -6.1217E+05  2.0514E+06
0004741   8.9725E+07 -1.4558E+06 -2.7670E+05
0004742   9.0512E+07  5.7854E+05  2.6257E+05
0004743   9.0118E+07 -3.1148E+06 -1.7104E+06
0004744   8.4312E+07 -3.5289E+06 -1.0324E+07
0004745   8.8765E+07 -2.0492E+06 -3.6461E+06
0004746   9.0374E+07  3.2368E+06  9.4459E+05
0004747   9.1877E+07 -1.2529E+06 -1.3573E+06
0004748   9.1534E+07  3.2391E+06 -3.9825E+06
0004749   9.1778E+07 -2.7591E+06 -9.4596E+05
0004750   9.1846E+07 -4.0658E+05 -1.9291E+06
0004751   9.0556E+07  5.4028E+05 -3.8196E+06
0004752   9.0073E+07 -1.0113E+06  6.8498E+05
0004753   8.9933E+07  3.9104E+05  1.9350E+05
0004754   9.0147E+07  9.4000E+05  4.4476E+06
0004755   9.0313E+07  2.7458E+06  8.7230E+04
0004756   9.0394E+07 -2.9197E+06 -1.9920E+06
0004757   8.9417E+07  1.0431E+06  1.2945E+05
0004758   9.3818E+07  1.1729E+06  3.0706E+06
0004759   8.8849E+07 -8.2692E+05 -2.7957E+06
0004760   8.9494E+07  2.1133E+06  6.5686E+05
0004761   8.8225E+07 -1.3906E+06 -1.8215E+06
0004762   8.8812E+07  4.7634E+05 -1.2785E+06
0004763   8.9424E+07 -3.6119E+05 -2.9774E+06
0004764   8.9680E+07 -1.8661E+06  2.3721E+06
0004765   9.2636E+07  2.3230E+06  2.2155E+06
0004766   8.8689E+07  9.0007E+05  1.7533E+06
0004767   8.9058E+07 -2.2199E+06 -6.8186E+05
0004768   9.0659E+07  8.0357E+05  4.8862E+05
0004769   9.0989E+07  1.0098E+06 -1.2139E+06
0004770   8.9829E+07  6.5363E+05  9.3313E+05
0004771   9.1472E+07  4.5966E+05  1.0745E+05
0004772   9.1306E+07 -8.6758E+03  7.5620E+05
0004773   9.1659E+07  1.6436E+06 -2.2090E+06
0004774   8.8517E+07 -3.1006E+06 -2.1480E+06
0004775   8.8225E+07  1.2040E+06  1.9970E+06
0004776   9.1005E+07  2.6501E+05  4.8045E+05
0004777   8.9473E+07  1.0663E+05  1.7955E+06
0004778   8.8465E+07 -1.2350E+06 -2.5734E+05
0004779   9.1059E+07 -1.0933E+06 -5.1065E+05
0004780   9.0482E+07 -2.3989E+06  1.8336E+06
0004781   8.8214E+07 -2.3616E+06  7.2564E+05
0004782   8.8632E+07 -1.0026E+05 -3.7763E+05
0004783   8.8283E+07  1.8445E+06 -2.4117E+05
0004784   8.8856E+07  1.2213E+06 -1.2398E+06
0004785   9.0598E+07  1.3275E+06 -2.9637E+06
0004786   8.8007E+07  4.3015E+06  6.3314E+06
0004787   9.0435E+07 -2.9118E+05 -9.4872E+04
0004788   8.7532E+07 -2.4839E+06  3.2286E+06
0004789   9.0074E+07  1.4852E+06  9.1995E+05
0004790   8.9216E+07  6.0599E+05  1.1341E+06
0004791   8.9649E+07 -2.2709E+05 -5.9592E+06
0004792   8.9758E+07 -2.8345E+06 -3.1990E+06
0004793   9.0242E+07 -8.0995E+05 -1.1185E+06
0004794   8.7856E+07  6.8041E+05 -3.8682E+05
0004795   9.1060E+07 -7.9332E+05 -1.4441E+06
0004796   9.0486E+07  1.1103E+06 -2.1251E+05
0004797   8.8426E+07 -8.8686E+05  1.1708E+06
0004798   9.2256E+07  1.2049E+06  4.3092E+05
0004799   8.8106E+07 -3.2034E+06 -2.6343E+06
0004800   9.1061E+07  1.0986E+06  2.2449E+06
0004801   8.8379E+07 -7.4446E+04  1.4974E+06
0004802   8.8106E+07  1.4766E+06 -4.3193E+06
0004803   8.7341E+07  2.4398E+06  1.3703E+06
0004804   8.8352E+07  3.3311E+06  1.3571E+07
0004805   9.1584E+07 -1.8520E+06 -4.9660E+03
0004806   9.2140E+07  1.4653E+06 -2.2049E+06
0004807   8.9886E+07 -2.6352E+05  1.0631E+06
0004808   9.2159E+07  1.1559E+06 -1.9402E+06
0004809   8.5529E+07 -6.2017E+06  8.2976E+06
0004810   9.0231E+07  2.5515E+06  8.3967E+05
0004811   8.9795E+07  1.4793E+06 -5.8717E+03
0004812   9.0174E+07  2.3488E+06  2.9308E+05
0004813   8.9318E+07  6.1164E+05  3.3760E+06
0004814   9.0001E+07  2.4801E+05 -2.2120E+06
0004815   9.3065E+07  1.7664E+06 -3.2318E+06
0004816   8.8019E+07 -2.0006E+06  6.1188E+06
0004817   9.1572E+07  2.2119E+06 -1.6176E+06
0004818   8.9467E+07 -1.6673E+06 -8.4362E+05
0004819   8.8743E+07  1.1653E+06  3.4383E+05
0004820   9.0924E+07 -3.2203E+05  1.8220E+06
0004821   8.9786E+07  1.0091E+06  1.4899E+06
0004822   9.0302E+07  9.9761E+04  1.9554E+05
0004823   8.9061E+07  3.5230E+06  1.1214E+06
0004824   8.7958E+07 -3.3094E+05  2.2558E+06
0004825   8.9899E+07 -3.4338E+06 -3.7719E+05
0004826   8.6704E+07  4.8418E+06  7.1104E+06
0004827   9.1489E+07  6.8754E+05  1.5816E+05
0004828   9.2072E+07 -2.1331E+06 -1.6150E+06
0004829   8.9342E+07  5.6850E+05 -2.9412E+06
0004830   9.0637E+07  1.3156E+06 -7.4130E+05
0004831   9.0254E+07 -2.6172E+06 -1.4934E+05
0004832   9.0391E+07  3.3149E+05  1.4436E+06
0004833   9.2510E+07  3.6901E+06 -2.5522E+06
0004834   8.9646E+07 -1.7553E+04  4.4867E+05
0004835   8.8745E+07 -3.1099E+05  8.8302E+05
0004836   8.6561E+07 -1.7316E+06 -1.0810E+06
0004837   8.6837E+07 -4.1784E+05 -4.7299E+05
0004838   9.0532E+07 -7.3140E+05  3.2907E+06
0004839   9.0712E+07 -9.8160E+05 -1.6210E+06
0004840   8.9976E+07  2.2009E+05 -2.4792E+05
0004841   9.1774E+07  3.8511E+06 -4.9029E+06
0004842   9.1469E+07 -1.5726E+06  2.5233E+06
0004843   8.6836E+07 -1.2855E+06  4.0233E+06
0004844   8.9288E+07 -1.9277E+06 -8.1150E+05
0004845   9.1319E+07 -6.3420E+05  7.6955E+05
0004846   8.8060E+07 -9.0756E+05 -1.0044E+06
0004847   8.9087E+07 -1.0335E+06  2.0501E+06
0004848   9.0293E+07 -1.2913E+06 -9.4252E+05
0004849   9.0500E+07  1.2051E+05 -6.8636E+05
0004850   8.8112E+07  2.5201E+06  8.5789E+05
0004851   8.8879E+07 -3.4613E+06  1.8285E+06
0004852   9.0573E+07 -5.8882E+05  6.1789E+05
0004853   8.8669E+07  5.8931E+06  2.5589E+06
0004854   8.7585E+07 -6.4380E+05 -5.8815E+05
0004855   9.2463E+07  1.3346E+06 -3.8423E+06
0004856   8.7620E+07 -5.8859E+05 -1.1784E+06
0004857   8.9770E+07 -5.8218E+05  8.8499E+05
0004858   9.0461E+07  1.7915E+06 -1.0114E+06
0004859   8.9588E+07 -3.2581E+06  1.7840E+05
0004860   9.0625E+07 -1.5814E+06 -1.4101E+05
0004861   9.2202E+07  4.6460E+06 -9.6116E+05
0004862   9.0941E+07 -1.0166E+06  2.3301E+06
0004863   9.1807E+07 -9.9920E+04 -1.3704E+06
0004864   8.7483E+07  2.0521E+06  4.3870E+06
0004865   8.8668E+07  1.4340E+06 -1.3425E+06
0004866   9.2701E+07  8.2069E+04  2.3192E+06
0004867   8.9323E+07  1.1411E+06 -2.4720E+06
0004868   9.1392E+07  2.3456E+06  1.3808E+06
0004869   9.0266E+07  1.4553E+06  6.6941E+05
0004870   9.3125E+07  9.3267E+05  1.3162E+06
0004871   8.9129E+07 -3.3493E+06 -3.2669E+06
0004872   9.1189E+07  2.0990E+06 -1.4547E+06
0004873   9.0791E+07  1.0885E+06 -2.6977E+05
0004874   9.0272E+07 -6.2398E+05  9.8743E+05
0004875   8.8742E+07  2.6389E+06  5.6863E+05
0004876   9.0802E+07 -6.6642E+05 -2.0939E+05
0004877   8.9073E+07  6.0559E+05  2.0943E+06
0004878   8.8573E+07 -2.8839E+05 -5.7164E+05
0004879   8.9600E+07 -1.1737E+06  3.2659E+04
0004880   8.9489E+07  6.3720E+05  4.8322E+06
0004881   8.9696E+07 -2.9953E+06 -8.5672E+05
0004882   8.9908E+07  3.4121E+06 -4.1842E+06
0004883   9.1040E+07 -3.4010E+06  2.9513E+05
0004884   9.0551E+07 -1.6112E+06  1.2310E+06
0004885   8.9282E+07  1.9927E+06 -4.3163E+05
0004886   8.9309E+07  2.8592E+06  8.1959E+05
0004887   9.2341E+07  3.1194E+05  1.5095E+06
0004888   8.8787E+07  1.8279E+06 -7.7313E+04
0004889   8.8635E+07  2.3553E+06 -1.1035E+06
0004890   9.1514E+07  1.0139E+06 -1.1320E+06
0004891   9.0881E+07 -1.0388E+06  7.4320E+05
0004892   8.9363E+07 -4.4861E+04  1.6501E+06
0004893   8.8278E+07  8.9293E+05  3.5448E+06
0004894   9.0824E+07 -2.9124E+06  2.6806E+06
0004895   8.9190E+07 -4.4223E+06 -3.5240E+06
0004896   9.0810E+07 -4.9414E+06 -9.6419E+05
0004897   9.0485E+07 -2.6980E+06 -8.9793E+05
0004898   8.7413E+07  3.1375E+06  3.9699E+06
0004899   9.0372E+07  1.1769E+06  1.2228E+06
0004900   8.8240E+07  9.5039E+05  2.4196E+06
0004901   9.1448E+07 -2.8456E+06 -1.8968E+06
0004902   8.9280E+07  5.1860E+06  3.0491E+06
0004903   9.1125E+07 -1.0047E+06  3.6434E+06
0004904   8.9363E+07  2.1639E+06  1.9000E+06
0004905   8.8337E+07  7.6438E+05  6.5499E+05
0004906   8.9094E+07 -2.7046E+06 -5.6302E+06
0004907   8.9405E+07  7.2855E+04 -9.0107E+05
0004908   8.8877E+07 -1.8921E+06  2.6863E+06
0004909   9.3750E+07  1.3602E+06 -4.8542E+05
0004910   9.1016E+07 -8.2945E+05 -4.3244E+05
0004911   8.8201E+07  3.1124E+05  9.7704E+05
0004912   8.9778E+07  1.1518E+05 -1.0033E+06
0004913   9.0921E+07  3.5715E+06  2.4579E+05
0004914   8.9041E+07  5.3734E+05  3.8262E+05
0004915   9.1712E+07 -9.8293E+05 -1.3560E+05
0004916   8.9613E+07  2.0101E+06 -7.7946E+05
0004917   8.8945E+07  1.3823E+06  7.2598E+06
0004918   8.6887E+07 -2.8933E+06 -7.4848E+05
0004919   9.2427E+07 -2.5436E+06  3.5198E+06
0004920   9.0772E+07 -1.3739E+06 -1.1529E+06
0004921   8.9969E+07 -4.4283E+06  8.3237E+05
0004922   9.3342E+07  1.5890E+06  3.5956E+05
0004923   8.9331E+07 -1.2218E+06  7.0626E+05
0004924   8.9888E+07  1.4763E+06 -5.0395E+06
0004925   8.8771E+07 -2.0055E+06  5.0392E+06
0004926   8.9893E+07 -8.2217E+05  4.7438E+06
0004927   8.8908E+07  2.7436E+06 -3.0043E+05
0004928   8.9247E+07  2.1114E+06 -1.1119E+06
0004929   9.0974E+07 -1.4131E+06  3.3067E+06
0004930   8.9468E+07 -4.8911E+06  1.6163E+06
0004931   9.0613E+07 -1.2365E+06  3.9330E+05
0004932   8.6858E+07 -3.1438E+06  1.6922E+06
0004933   8.9984E+07  1.2935E+06 -1.2943E+06
0004934   9.0554E+07 -1.6780E+06  1.6078E+06
0004935   9.0706E+07  1.3598E+06  9.0751E+05
0004936   8.9150E+07 -9.0726E+04 -5.3140E+05
0004937   9.1248E+07 -1.4843E+06 -1.1849E+06
0004938   8.9071E+07 -1.5382E+06  6.4504E+04
0004939   9.1408E+07 -2.2731E+06  9.9255E+05
0004940   9.0413E+07  3.3265E+06  1.7502E+06
0004941   8.8625E+07 -1.6611E+06  3.0051E+05
0004942   9.0607E+07  1.8786E+06 -6.4742E+05
0004943   8.9821E+07 -1.3039E+05 -1.7425E+06
0004944   9.0314E+07 -1.0242E+06 -2.4607E+06
0004945   8.7154E+07 -5.5721E+06 -1.5652E+07
0004946   9.1039E+07 -7.5662E+05 -1.8956E+06
0004947   8.9278E+07 -8.3758E+05  4.6753E+05
0004948   9.0487E+07  2.9650E+05  1.9814E+06
0004949   8.8762E+07  2.8072E+06 -1.2729E+04
0004950   8.8977E+07 -5.4319E+05  8.1478E+05
0004951   8.9936E+07  7.0478E+04 -2.3970E+06
0004952   8.5417E+07 -1.4225E+06 -2.7386E+06
0004953   9.1405E+07 -1.4258E+06  2.5635E+06
0004954   8.9198E+07  8.5858E+05  9.9015E+05
0004955   9.1496E+07 -2.3606E+06  2.1976E+06
0004956   8.8528E+07  1.1517E+05  7.2972E+05
0004957   9.1533E+07  1.8778E+06  5.1646E+06
0004958   9.0669E+07 -5.5183E+06 -1.9547E+06
0004959   8.8646E+07  1.0942E+06  8.2416E+05
0004960   3.2791E+07 -3.6657E+07  5.6748E+06
0004961   8.9985E+07  2.3012E+06  1.0584E+06
0004962   8.6922E+07 -1.3562E+06  7.3680E+05
0004963   9.1634E+07 -1.2254E+06 -7.2401E+06
0004964   9.0015E+07 -3.2251E+05  2.5113E+06
0004965   8.8502E+07 -1.4368E+06  3.8175E+05
0004966   9.1361E+07  5.0108E+05  3.5877E+06
0004967   9.0151E+07  1.4940E+06 -1.7772E+06
0004968   9.2749E+07  1.7096E+06 -2.2931E+06
0004969   8.8729E+07  2.6833E+06  2.1758E+06
0004970   8.9542E+07 -8.0403E+05  1.9031E+06
0004971   9.0990E+07  8.1982E+05 -2.5182E+06
0004972   8.7876E+07 -1.7360E+06 -2.5602E+06
0004973   8.8471E+07  2.0912E+05  1.5676E+06
0004974   8.8830E+07 -2.1673E+06 -5.5362E+06
0004975   9.1054E+07  2.3289E+06  3.2101E+06
0004976   8.9631E+07  6.4723E+05  2.1291E+06
0004977   9.1908E+07 -2.2624E+06  4.2694E+06
0004978   9.2879E+07 -7.3919E+04 -5.5531E+05
0004979   9.0831E+07 -2.3877E+06  2.2766E+06
0004980   9.1196E+07 -5.2887E+06  1.3583E+06
0004981   8.8020E+07 -5.3633E+05 -5.5906E+05
0004982   9.1464E+07  1.9897E+06  1.8579E+06
0004983   8.7995E+07 -1.0194E+06  1.3437E+06
0004984   8.9547E+07  1.8559E+06 -9.8407E+05
0004985   9.1597E+07 -4.6386E+05  9.8193E+05
0004986   8.7476E+07 -4.8538E+06  5.0444E+06
0004987   8.9411E+07 -1.0863E+06  1.0944E+06
0004988   9.0061E+07  3.6849E+05  1.0942E+06
0004989   8.7971E+07  1.3472E+06  1.8990E+06
0004990   8.9601E+07 -6.8997E+05  7.0457E+05
0004991   8.9278E+07  2.9652E+06 -1.0038E+06
0004992   9.1205E+07 -1.9877E+06  5.0822E+05
0004993   8.9981E+07  1.1621E+06 -4.2097E+05
0004994   8.9879E+07  1.6410E+06  1.3778E+05
0004995   8.8773E+07 -1.1034E+06  7.8642E+05
0004996   8.9846E+07 -1.2593E+06 -1.5456E+06
0004997   8.9114E+07 -2.3934E+06 -9.0011E+05
0004998   8.9773E+07 -1.6535E+06 -2.1450E+06
0004999   9.1070E+07 -2.4706E+06  6.3467E+05
0005000   8.9508E+07  4.2487E+06 -1.1815E+06
0005001   8.9431E+07 -3.3513E+06 -1.3973E+06
0005002   8.8987E+07 -2.3852E+06 -1.2876E+05
0005003   8.9420E+07  1.5552E+06  5.3228E+05
0005004   8.8541E+07 -3.2738E+06  2.0440E+05
0005005   8.6340E+07  7.8512E+05  2.1463E+05
0005006   9.0138E+07  2.4231E+06 -2.5434E+06
0005007   8.9565E+07 -2.0625E+06  1.1554E+06
0005008   9.2096E+07 -4.0812E+05  2.5226E+06
0005009   9.0678E+07  5.5606E+06  3.0388E+06
0005010   9.0103E+07  3.8820E+06 -8.9230E+05
0005011   8.9833E+07  2.5740E+06  3.9402E+06
0005012   8.9487E+07  1.5207E+06 -9.9398E+05
0005013   8.8328E+07 -3.8063E+05  9.7230E+04
0005014   8.9995E+07  1.0639E+06 -3.2596E+06
0005015   9.0397E+07  1.0670E+06  2.3389E+06
0005016   9.0895E+07 -1.1486E+06  9.7886E+05
0005017   9.1266E+07 -1.0605E+06 -1.6308E+06
0005018   9.1054E+07 -1.5734E+06 -6.9774E+05
0005019   9.0806E+07 -3.8003E+06  1.2209E+06
0005020   8.9752E+07  9.9313E+05  8.7603E+05
0005021   9.0671E+07  1.2021E+06 -4.9629E+05
0005022   8.7549E+07  1.3721E+06 -7.8183E+05
0005023   8.8217E+07 -4.9408E+06 -1.8220E+06
0005024   8.9624E+07 -2.4112E+06  4.2836E+06
0005025   9.1515E+07 -4.0667E+05  2.8213E+06
0005026   8.8901E+07  1.3413E+06 -9.7737E+05
0005027   8.7695E+07 -2.4360E+06  1.2081E+06
0005028   8.9969E+07 -2.8103E+06  8.0809E+05
0005029   8.7064E+07  3.3745E+06  8.1015E+05
0005030   8.9774E+07 -1.2110E+06 -2.3924E+06
0005031   9.1518E+07 -1.5320E+06  3.2403E+06
0005032   9.2030E+07 -1.1866E+06 -4.8442E+05
0005033   8.9678E+07 -5.9906E+05 -1.6077E+05
0005034   8.9676E+07  1.4318E+06 -1.4707E+06
0005035   8.8725E+07 -1.3798E+06 -1.6600E+06
0005036   9.0046E+07  5.4628E+05 -7.7159E+06
0005037   8.9693E+07 -1.0383E+06 -2.9596E+06
0005038   8.7699E+07 -3.7501E+06 -1.7280E+06
0005039   8.8791E+07 -1.4782E+06  3.4721E+05
0005040   8.8753E+07 -3.1524E+06  2.0671E+06
0005041   8.8817E+07  3.4022E+05 -3.5917E+05
0005042   8.9826E+07  6.5198E+05  3.2563E+06
0005043   8.8196E+07 -2.0264E+06  9.2343E+05
0005044   9.0141E+07 -3.8561E+06  1.0700E+06
0005045   9.1082E+07 -2.5065E+06 -3.1513E+05
0005046   9.1466E+07  2.3455E+06  1.0497E+06
0005047   8.9453E+07 -6.9403E+05  2.1423E+06
0005048   9.0003E+07  6.0579E+05  2.3891E+06
0005049   8.9173E+07  3.2433E+05  1.0462E+06
0005050   8.7710E+07 -1.3388E+06 -7.1866E+05
0005051   9.0301E+07  4.3345E+04  1.6229E+06
0005052   9.0835E+07  2.3070E+05 -5.9297E+06
0005053   8.8786E+07 -1.3746E+05  5.6276E+05
0005054   9.1631E+07  1.6847E+05 -2.4189E+06
0005055   9.1525E+07 -6.0681E+05 -8.4033E+05
0005056   8.9863E+07 -3.3674E+06 -2.0488E+06
0005057   9.2329E+07 -1.0061E+06 -1.3870E+06
0005058   9.0301E+07 -1.9075E+06  7.9072E+04
0005059   9.2546E+07 -8.2310E+05  2.2137E+06
0005060   9.0266E+07  1.3518E+05 -4.6616E+04
0005061   9.1729E+07 -7.8348E+05  4.2977E+06
0005062   9.0489E+07 -5.0958E+05 -7.3247E+05
0005063   9.0903E+07  2.2960E+06 -1.5875E+06
0005064   8.9631E+07  2.1090E+06 -1.9163E+06
0005065   9.1778E+07  2.0317E+06 -1.0347E+05
0005066   8.7908E+07 -2.1219E+06  1.2404E+06
0005067   9.1390E+07 -2.4957E+06  3.5842E+06
0005068   8.6837E+07  1.8120E+06  2.7308E+06
0005069   8.8997E+07  1.4639E+06 -2.6179E+06
0005070   8.8166E+07  2.4327E+06  3.7651E+06
0005071   9.1474E+07  2.1107E+06  3.2138E+06
0005072   8.9853E+07 -2.5848E+06  2.7942E+06
0005073   9.0432E+07 -6.3959E+05  3.7087E+06
0005074   8.7864E+07  2.6174E+06 -1.4844E+06
0005075   9.1598E+07 -1.9375E+06  5.7520E+05
0005076   8.7546E+07 -3.7259E+05 -1.1751E+07
0005077   8.8713E+07 -5.8337E+06  1.9448E+06
0005078   9.2279E+07 -3.6062E+06 -9.5675E+05
0005079   9.1364E+07 -2.4028E+06  1.8234E+05
0005080   8.9387E+07  5.6635E+05 -1.7797E+06
0005081   8.8804E+07 -3.1517E+06  3.9260E+05
0005082   8.8853E+07  1.5413E+06 -4.8329E+05
0005083   9.0972E+07  3.6458E+06 -2.9965E+06
0005084   8.8943E+07 -1.5587E+06  3.4457E+06
0005085   8.7154E+07  1.3440E+06 -1.4535E+06
0005086   9.1227E+07 -5.6969E+05 -1.4401E+06
0005087   8.9896E+07 -4.1397E+06  3.0513E+06
0005088   8.8691E+07  1.0945E+06 -7.2494E+04
0005089   8.8336E+07  1.1735E+06  7.1133E+05
0005090   8.9751E+07  7.1926E+03  1.1971E+06
0005091   9.0372E+07 -3.4920E+05 -3.5135E+06
0005092   8.9440E+07 -2.6276E+06 -3.3656E+05
0005093   8.9094E+07 -5.6395E+06  1.6154E+06
0005094   8.7689E+07  1.5384E+06 -9.8825E+05
0005095   8.8253E+07 -1.5733E+05 -5.8822E+05
0005096   9.2770E+07  9.4086E+05  3.3591E+06
0005097   8.9499E+07  1.1165E+06 -1.1200E+06
0005098   9.1897E+07 -1.6077E+06 -1.2019E+06
0005099   8.9954E+07 -4.2544E+06  1.8137E+06
0005100   8.9880E+07  1.0672E+06 -2.0554E+06
0005101   8.8266E+07 -7.3068E+05 -8.0653E+05
0005102   9.0715E+07 -4.8643E+06 -7.2143E+05
0005103   8.7495E+07  8.2601E+05 -2.3429E+06
0005104   8.8145E+07  1.1786E+06  1.3103E+06
0005105   8.9137E+07 -3.2410E+06 -1.8696E+06
0005106   9.2127E+07  2.6688E+06 -2.5343E+06
0005107   8.9356E+07 -1.5270E+06  7.7878E+04
0005108   9.0836E+07  1.4187E+06  1.1721E+06
0005109   8.8362E+07 -1.0983E+06  4.2020E+06
0005110   8.9803E+07 -1.3588E+05  9.1578E+05
0005111   8.8778E+07  8.0368E+05 -2.6127E+06
0005112   9.0318E+07 -1.2998E+06  7.3947E+05
0005113   8.8338E+07 -7.2740E+05 -3.7008E+06
0005114   8.9200E+07 -2.0790E+06  3.1680E+05
0005115   9.1332E+07  1.1601E+06  2.6189E+06
0005116   9.0431E+07 -1.3916E+06  1.9003E+05
0005117   8.8832E+07  1.0841E+06  2.8828E+06
0005118   9.0109E+07  2.7958E+05  3.4304E+06
0005119   8.8063E+07 -1.3204E+06  1.2907E+06
0005120   8.9433E+07  5.7378E+05  7.6619E+05
0005121   8.9797E+07  4.8738E+05 -1.3196E+05
0005122   8.9168E+07  7.1724E+06  1.3713E+06
0005123   8.9174E+07  9.2774E+05  1.6865E+06
0005124   8.9370E+07  3.5189E+06  2.5961E+06
0005125   8.9967E+07 -1.2254E+06 -1.7591E+05
0005126   8.8309E+07  6.9362E+06  2.9161E+06
0005127   9.0074E+07 -6.4810E+05  3.9330E+05
0005128   9.2113E+07 -1.6045E+06 -8.0254E+05
0005129   8.6502E+07  2.1854E+06  3.6713E+05
0005130   9.0042E+07  1.7550E+04 -3.3360E+05
0005131   9.2466E+07  4.9188E+05  2.2182E+05
0005132   9.0331E+07  1.3745E+06  1.6495E+06
0005133   9.1270E+07  4.9257E+05  4.9496E+06
0005134   8.8134E+07  5.7374E+04 -9.1814E+05
0005135   9.0384E+07 -1.6401E+06  1.3381E+06
0005136   8.8739E+07 -1.0291E+06 -2.4271E+06
0005137   8.9148E+07 -4.6813E+06 -1.7707E+06
0005138   9.0533E+07  9.1507E+05 -4.2486E+05
0005139   9.0018E+07  3.2771E+05  6.9096E+05
0005140   9.2297E+07  2.4318E+06  1.6888E+06
0005141   9.1058E+07 -4.3772E+05 -9.5723E+05
0005142   8.8742E+07 -1.6171E+06 -4.4187E+05
0005143   8.8646E+07 -3.2758E+06 -1.0296E+06
0005144   9.0998E+07  3.8671E+05 -2.8134E+06
0005145   9.0331E+07  6.3041E+05 -9.2478E+05
0005146   9.2235E+07  3.8225E+05 -3.1065E+03
0005147   9.0077E+07  5.6773E+06 -4.6610E+05
0005148   8.8990E+07  9.5239E+05 -3.8399E+06
0005149   8.9299E+07 -9.4856E+05 -1.0312E+06
0005150   9.0114E+07 -3.2249E+06  6.9877E+05
0005151   8.7557E+07  1.3386E+06  1.0512E+06
0005152   8.9347E+07 -1.6453E+06 -8.8037E+03
0005153   9.0119E+07 -1.0773E+06  4.8913E+05
0005154   9.0416E+07 -4.5069E+05 -5.9213E+06
0005155   8.8908E+07  7.6262E+05 -9.7672E+05
0005156   9.1216E+07  1.2928E+06  8.0108E+04
0005157   9.1429E+07 -1.3485E+05 -6.5367E+05
0005158   8.7965E+07  1.2598E+06 -3.1775E+06
0005159   9.0632E+07  1.2262E+05 -2.4743E+06
0005160   8.8878E+07 -9.1231E+05  3.2886E+06
0005161   8.8988E+07 -4.1251E+06 -2.5476E+06
0005162   8.9822E+07  7.1239E+05 -7.0730E+05
0005163   8.7803E+07  1.5890E+06 -1.0884E+06
0005164   8.9894E+07 -2.4659E+06  1.8585E+06
0005165   9.1411E+07 -1.0110E+06 -1.6077E+06
0005166   9.0026E+07 -2.3010E+06 -4.7437E+05
0005167   8.9357E+07 -2.7582E+06 -1.1965E+06
0005168   8.8319E+07  1.8843E+05  2.3038E+06
0005169   8.8980E+07  1.1034E+06 -7.1465E+05
0005170   8.9255E+07  2.9820E+06 -2.0848E+06
0005171   9.1883E+07  1.5760E+06  2.1429E+06
0005172   9.0386E+07  1.6764E+06 -3.1652E+06
0005173   8.8412E+07 -8.2163E+05 -1.3123E+06
0005174   8.9850E+07 -3.6774E+06 -2.7320E+06
0005175   9.1798E+07 -3.1683E+06 -4.7339E+05
0005176   9.1337E+07  8.3780E+05  2.7446E+06
0005177   8.8785E+07  7.4180E+06  2.2798E+06
0005178   8.8879E+07  1.7804E+06  7.2562E+05
0005179   9.0964E+07  1.0176E+06  3.2008E+06
0005180   9.0704E+07 -2.8314E+05  1.8443E+06
0005181   8.9221E+07  1.8932E+06 -1.0275E+06
0005182   8.8205E+07  1.9854E+06 -6.8631E+05
0005183   9.0436E+07 -7.7107E+05  2.0390E+05
0005184   9.0023E+07 -3.5462E+06 -4.6171E+05
0005185   8.7678E+07  4.0640E+05  1.2504E+06
0005186   9.0167E+07 -1.9758E+05 -4.1583E+06
0005187   9.1335E+07  3.8532E+05  2.0064E+06
0005188   9.0882E+07  1.9727E+06  2.2988E+06
0005189   8.9903E+07 -5.3949E+05  1.3008E+06
0005190   9.1108E+07  5.6759E+05 -1.2645E+06
0005191   9.1479E+07  1.5069E+06 -9.1487E+05
0005192   9.0882E+07  1.7371E+05  3.6546E+06
0005193   9.3884E+07  4.6375E+06  2.9485E+06
0005194   8.9714E+07 -4.3142E+06 -6.9786E+05
0005195   9.0393E+07 -2.4312E+06 -1.0442E+06
0005196   8.8847E+07 -2.8050E+06 -3.4160E+05
0005197   8.9266E+07 -1.7844E+05  1.2920E+05
0005198   9.1789E+07  1.4718E+06  3.6721E+06
0005199   8.8782E+07 -1.0201E+05 -2.5516E+06
0005200   8.9223E+07  4.0567E+04  9.6414E+05
0005201   9.0989E+07  2.8482E+05 -1.6879E+05
0005202   8.9666E+07 -2.0022E+06  5.0789E+05
0005203   8.9195E+07  8.9651E+05  2.3711E+06
0005204   9.1754E+07 -5.0050E+05  1.3000E+06
0005205   8.8429E+07 -3.0413E+06 -9.9443E+05
0005206   9.2097E+07  1.2398E+06 -1.1742E+06
0005207   8.8229E+07 -1.2066E+06 -4.3078E+05
0005208   8.9580E+07 -2.1757E+05  1.3621E+06
0005209   8.8777E+07 -1.1572E+06 -3.3591E+06
0005210   9.0924E+07  2.9969E+06  9.2865E+05
0005211   8.9139E+07  1.9113E+06  3.4240E+06
0005212   8.8729E+07 -4.1902E+05  1.2277E+06
0005213   9.0458E+07 -9.1363E+05 -1.8817E+06
0005214   8.7989E+07  1.8825E+06 -1.5472E+06
0005215   8.9273E+07  4.7910E+05 -4.5470E+04
0005216   9.0351E+07 -1.4769E+06  5.6687E+05
0005217   8.6972E+07  2.8470E+06  1.2308E+06
0005218   8.9780E+07  7.0107E+05  4.4724E+05
0005219   9.2371E+07 -1.1516E+06 -4.5305E+05
0005220   8.8467E+07  1.1854E+06 -8.7381E+03
0005221   9.0385E+07  2.3114E+06 -2.7229E+06
0005222   8.7919E+07  5.1484E+04  1.1756E+06
0005223   8.8218E+07 -7.6798E+06 -4.1451E+06
0005224   8.8737E+07  7.1065E+05 -2.9825E+06
0005225   8.9760E+07  3.7591E+06  4.5024E+05
0005226   8.9997E+07 -2.3651E+06  1.0265E+05
0005227   8.8470E+07 -4.2128E+06  1.9810E+06
0005228   8.9676E+07  2.1962E+05 -2.2010E+06
0005229   9.1395E+07 -5.7237E+05 -1.0924E+06
0005230   8.7496E+07  2.9691E+06  1.3488E+06
0005231   9.1601E+07 -3.7858E+06 -1.1135E+06
0005232   8.9380E+07 -1.4367E+06 -3.4320E+04
0005233   8.8855E+07  8.4801E+05  1.5864E+06
0005234   9.0280E+07  2.8349E+06 -3.0811E+04
0005235   9.0569E+07  1.7109E+05 -4.1122E+05
0005236   8.9078E+07 -9.7035E+05  1.3437E+05
0005237   8.9881E+07 -3.0799E+05  2.1202E+05
0005238   8.9938E+07  3.9017E+05  5.3932E+04
0005239   9.4599E+07  2.2520E+06  2.7229E+06
0005240   9.1748E+07  7.4176E+05 -1.1488E+06
0005241   8.8471E+07  2.6612E+06 -5.6400E+05
0005242   8.7330E+07  1.1571E+06 -2.5233E+06
0005243   9.0002E+07  2.5466E+05  3.2897E+06
0005244   9.1595E+07  7.5540E+05 -4.6289E+06
0005245   8.8661E+07 -2.2150E+06  9.1638E+03
0005246   8.9138E+07  7.1684E+05 -1.9228E+06
0005247   9.1186E+07 -1.6434E+06 -2.0135E+06
0005248   9.1559E+07  2.7687E+06 -1.7260E+06
0005249   9.0979E+07 -8.3232E+05  5.7324E+05
0005250   8.8750E+07  6.3738E+06 -8.9991E+05
0005251   8.6929E+07 -1.1429E+06  1.2322E+06
0005252   8.9610E+07  1.4186E+06 -1.0394E+06
0005253   8.8483E+07  2.8595E+06 -2.0509E+06
0005254   9.1852E+07 -8.3522E+05 -3.5252E+06
0005255   8.8547E+07  8.6649E+04 -1.9254E+06
0005256   8.8628E+07 -3.0411E+06 -2.0654E+06
0005257   9.1333E+07  1.3853E+06  6.8854E+05
0005258   9.0984E+07  1.3061E+06  4.7033E+06
0005259   8.8394E+07  6.8643E+05  1.8734E+06
0005260   8.9005E+07  1.5759E+06 -9.3596E+05
0005261   7.5302E+07 -1.2623E+07  2.6782E+07
0005262   9.0205E+07 -4.5347E+05 -4.9475E+05
0005263   9.0842E+07 -2.3477E+06  1.5279E+06
0005264   9.0803E+07 -9.3660E+05 -2.8609E+06
0005265   8.8845E+07 -1.8050E+06 -2.3141E+06
0005266   9.0297E+07 -2.3952E+06 -3.3120E+06
0005267   8.8998E+07 -3.0443E+05  2.5495E+06
0005268   9.1314E+07  7.7974E+03  3.1092E+05
0005269   9.0519E+07  2.0899E+06 -1.6320E+05
0005270   8.7766E+07  2.2121E+06  3.1986E+06
0005271   9.0050E+07 -5.2689E+05 -3.1011E+06
0005272   8.9799E+07  3.4237E+06 -1.7991E+06
0005273   8.9895E+07 -1.7953E+05 -6.8545E+05
0005274   8.7971E+07  1.7113E+05  2.8778E+06
0005275   8.9859E+07  9.1125E+04 -3.9659E+06
0005276   8.9309E+07  2.5221E+06  2.1588E+06
0005277   8.9125E+07  2.3697E+06 -3.4038E+05
0005278   9.1118E+07 -4.7303E+05  2.7856E+06
0005279   9.2584E+07  1.3003E+06 -3.9453E+05
0005280   9.3107E+07 -1.4500E+06  1.1563E+06
0005281   9.1982E+07 -3.4858E+06  3.7783E+06
0005282   8.8808E+07  7.6895E+05  1.4082E+06
0005283   9.0621E+07 -2.0447E+06 -2.2971E+06
0005284   8.7075E+07  4.6615E+05 -1.4807E+06
0005285   8.7735E+07 -5.1037E+05 -2.2045E+05
0005286   8.8629E+07  2.7411E+06  3.2873E+06
0005287   8.9671E+07  5.1237E+06 -1.2510E+06
0005288   8.9620E+07 -1.7621E+05 -1.1531E+06
0005289   8.9018E+07  2.9078E+06  6.9246E+05
0005290   9.0283E+07  8.2226E+04 -5.4185E+05
0005291   8.7737E+07  4.8236E+05 -6.7470E+05
0005292   9.1112E+07  9.4128E+05  3.1548E+05
0005293   8.9634E+07  1.3209E+06 -1.4267E+06
0005294   9.0159E+07 -6.0731E+04  1.0490E+06
0005295   8.9240E+07 -1.7668E+06  1.5189E+06
0005296   8.9734E+07  3.3805E+06 -2.3795E+05
0005297   9.3080E+07 -1.2686E+06 -1.6298E+06
0005298   8.6020E+07 -1.3800E+05  2.3594E+06
0005299   9.3200E+07 -2.1031E+06  1.7247E+06
0005300   9.0977E+07 -1.5455E+06  1.5079E+06
0005301   9.2633E+07  1.8657E+06 -2.3853E+06
0005302   9.0646E+07 -1.5921E+06  2.2570E+06
0005303   9.1484E+07 -1.2776E+06 -3.4122E+06
0005304   8.9043E+07  1.7895E+06  8.3089E+05
0005305   9.0407E+07 -3.2551E+06  1.1054E+06
0005306   8.8682E+07 -1.4210E+06  2.4607E+06
0005307   8.8091E+07  1.8461E+06 -8.6000E+05
0005308   8.9524E+07 -2.4391E+05  3.8138E+05
0005309   9.0840E+07 -1.0327E+06 -1.9323E+06
0005310   9.0890E+07 -3.7287E+05 -6.6133E+05
0005311   9.0936E+07  2.6525E+06 -1.6299E+06
0005312   8.8667E+07 -1.5121E+06 -4.5639E+05
0005313   8.6775E+07 -9.2046E+05 -1.4331E+06
0005314   9.2024E+07  1.1764E+06 -3.9732E+06
0005315   9.0395E+07  1.2648E+05 -2.0816E+06
0005316   9.1583E+07 -3.0687E+06  6.5911E+06
0005317   9.0845E+07 -3.1398E+05  1.3099E+06
0005318   9.1147E+07  1.4417E+06 -1.3395E+06
0005319   9.0795E+07 -2.3099E+06 -3.8913E+05
0005320   9.1506E+07 -3.0351E+06  1.2469E+05
0005321   8.7107E+07  2.9760E+06 -2.2954E+06
0005322   9.0116E+07 -1.5887E+06  4.0836E+06
0005323   9.0550E+07  3.0522E+06  1.3480E+06
0005324   9.1759E+07  3.0303E+05 -3.7565E+06
0005325   8.8961E+07  2.2380E+06 -3.9153E+06
0005326   9.0820E+07  1.4125E+06 -1.2294E+06
0005327   9.0642E+07 -4.9733E+05  3.2720E+06
0005328   8.9494E+07  4.9226E+05 -5.6367E+05
0005329   8.8718E+07 -1.2157E+06 -7.2310E+05
0005330   9.0264E+07 -2.2046E+06 -1.5520E+06
0005331   9.0419E+07  2.8617E+06 -1.9724E+06
0005332   8.8999E+07 -2.3840E+06 -4.0961E+05
0005333   9.1467E+07 -1.2986E+06 -4.0343E+06
0005334   9.0228E+07  7.7682E+05 -7.2293E+05
0005335   9.1499E+07 -1.5006E+06  2.4119E+06
0005336   9.0395E+07  2.0474E+06 -1.5226E+06
0005337   8.8516E+07 -1.5199E+06  7.9330E+04
0005338   8.9632E+07  1.8989E+06  1.9921E+06
0005339   8.8487E+07 -2.1325E+06 -3.0547E+06
0005340   8.7135E+07 -6.1286E+06 -9.6002E+06
0005341   8.9628E+07 -2.5628E+06 -1.0154E+06
0005342   9.2101E+07 -4.5721E+06  2.1858E+06
0005343   8.8120E+07  3.2750E+04 -2.0573E+06
0005344   9.0529E+07 -3.7159E+05  9.9236E+05
0005345   9.0013E+07 -2.7077E+06 -9.6584E+04
0005346   9.0597E+07 -7.8528E+05 -1.1395E+06
0005347   8.9638E+07  6.8052E+05 -9.3529E+05
0005348   9.0034E+07  1.7652E+06  6.2460E+04
0005349   8.9147E+07 -3.9813E+05 -2.9557E+05
0005350   8.8025E+07 -2.6418E+06  1.7022E+06
0005351   9.1032E+07 -7.8644E+05 -2.2243E+06
0005352   8.8564E+07  5.5627E+05 -1.5362E+06
0005353   9.0233E+07 -1.1805E+06  5.4342E+06
0005354   9.0690E+07 -7.2586E+05  3.0254E+06
0005355   9.3167E+07  5.6986E+06 -1.5741E+06
0005356   9.2341E+07 -4.6379E+05 -6.2538E+05
0005357   8.7341E+07 -2.1120E+06  3.2559E+05
0005358   9.2349E+07  3.3153E+05  1.0704E+06
0005359   9.1273E+07 -2.4221E+04 -2.0135E+06
0005360   8.6297E+07 -2.1089E+06 -1.4148E+06
0005361   9.1334E+07 -8.1188E+05  1.8662E+06
0005362   8.8964E+07 -3.8363E+03 -2.8972E+05
0005363   9.0112E+07 -3.1095E+06 -1.6949E+06
0005364   9.2944E+07  6.0522E+06 -1.6842E+05
0005365   8.9221E+07  1.2954E+06 -1.7844E+06
0005366   8.9959E+07 -3.6667E+04  1.1809E+06
0005367   8.9587E+07 -1.5649E+06  1.6016E+06
0005368   8.9625E+07  1.3532E+06  9.4760E+05
0005369   9.1935E+07 -5.2078E+06 -1.6610E+06
0005370   8.7610E+07 -1.8412E+06  6.1532E+05
0005371   8.9882E+07  2.0111E+05  6.2820E+04
0005372   9.1733E+07 -4.3439E+06 -1.3869E+06
0005373   8.7265E+07  1.2757E+06  1.8324E+06
0005374   8.8273E+07 -2.1312E+06 -2.2854E+06
0005375   8.9717E+07  1.9109E+06 -3.8974E+05
0005376   8.8817E+07  1.8169E+06  1.9031E+05
0005377   9.0909E+07 -2.9531E+06  3.2456E+06
0005378   8.8922E+07 -9.1776E+05 -5.0436E+06
0005379   8.9789E+07  1.7802E+05  1.5557E+05
0005380   8.7896E+07  3.5072E+06 -1.8087E+06
0005381   8.9509E+07  2.0281E+06 -1.1845E+06
0005382   9.1002E+07  3.5678E+06 -3.1658E+06
0005383   8.9401E+07 -7.2002E+05  8.4438E+05
0005384   9.1081E+07 -1.0548E+06 -4.3706E+05
0005385   9.2368E+07 -1.4336E+06 -1.3839E+06
0005386   9.0307E+07  9.8274E+05  9.7762E+05
0005387   9.0986E+07 -1.9395E+06  2.3573E+06
0005388   8.9795E+07  1.3478E+06 -3.2564E+06
0005389   8.8084E+07  2.7698E+06 -1.2194E+06
0005390   8.8626E+07  2.7565E+05  2.0555E+05
0005391   8.9807E+07  4.0388E+06  9.6014E+05
0005392   9.0945E+07 -7.7666E+05 -3.4745E+06
0005393   9.1542E+07  1.5095E+06 -8.3242E+05
0005394   8.8523E+07 -1.5950E+06  1.4744E+06
0005395   8.9855E+07 -1.3028E+06 -1.9877E+05
0005396   8.9021E+07 -2.3872E+06  1.0469E+05
0005397   8.9178E+07 -1.2813E+05  2.5174E+06
0005398   8.9499E+07 -8.1184E+05  3.0480E+05
0005399   8.8755E+07 -2.2490E+05 -1.2469E+06
0005400   8.8614E+07  1.2396E+06  2.3154E+06
0005401   9.1488E+07  1.2313E+06  1.1838E+06
0005402   8.8360E+07  4.5724E+05  1.2430E+06
0005403   9.0249E+07 -4.8429E+05  1.9275E+06
0005404   9.1130E+07 -2.2265E+06  2.2275E+06
0005405   9.0625E+07 -1.2057E+06  6.4130E+06
0005406   9.0305E+07 -3.4125E+06 -5.6700E+05
0005407   8.6696E+07 -3.1396E+05 -8.9628E+05
0005408   8.9648E+07  1.2045E+06 -3.9386E+05
0005409   8.8736E+07  1.5104E+06  8.2197E+05
0005410   8.9419E+07 -3.2439E+06 -2.7712E+05
0005411   9.1692E+07 -1.2912E+06 -3.1304E+06
0005412   8.9411E+07  1.7881E+06 -3.5209E+05
0005413   8.8645E+07 -2.9796E+06 -3.6959E+06
0005414   9.0038E+07 -1.6926E+06 -2.5220E+06
0005415   8.9195E+07  3.5565E+06  5.7181E+05
0005416   8.7197E+07 -1.0498E+07 -9.9518E+06
0005417   9.1200E+07  2.8018E+06 -1.9209E+06
0005418   9.0760E+07 -3.1151E+06  2.2075E+06
0005419   9.0456E+07  7.6832E+05  6.3438E+05
0005420   8.9529E+07 -2.3437E+06 -1.4088E+06
0005421   8.9292E+07 -1.6557E+06  2.6675E+05
0005422   9.2535E+07  2.7258E+05 -1.0303E+06
0005423   8.8538E+07  7.7515E+05  8.6472E+05
0005424   8.7368E+07  1.1218E+06  3.7914E+06
0005425   8.9749E+07 -6.6185E+05 -1.0694E+06
0005426   9.1900E+07  1.6262E+06 -2.2052E+06
0005427   9.0070E+07  1.1443E+06 -2.5371E+06
0005428   9.2270E+07 -4.0390E+06 -6.0217E+05
0005429   9.0766E+07  1.3097E+06 -7.9629E+05
0005430   8.7877E+07  1.0778E+05 -1.1614E+06
0005431   8.6960E+07 -6.8918E+04 -3.9645E+04
0005432   8.8033E+07 -4.5641E+06  1.0296E+06
0005433   9.2887E+07 -2.6926E+06 -1.3266E+06
0005434   8.8150E+07  7.1409E+05  3.1697E+06
0005435   8.8497E+07  2.0273E+06  5.6484E+06
0005436   8.8852E+07  3.2067E+06 -1.6419E+06
0005437   9.0597E+07  1.8627E+06 -2.1545E+06
0005438   8.9402E+07 -1.7495E+06  1.9539E+06
0005439   8.8415E+07 -2.6530E+06 -4.0250E+04
0005440   8.9927E+07  2.1259E+06  1.8377E+06
0005441   8.8307E+07  1.9212E+04  5.1808E+06
0005442   8.9437E+07 -3.0054E+06 -1.1717E+06
0005443   9.2853E+07 -8.7317E+04  2.5167E+06
0005444   8.7650E+07 -1.7832E+06  4.0420E+05
0005445   9.2118E+07  1.4244E+06  3.3553E+06
0005446   8.7254E+07 -1.3474E+06 -4.2208E+05
0005447   9.1376E+07 -5.0257E+06  6.0450E+05
0005448   9.1300E+07 -1.3875E+06 -1.0800E+06
0005449   9.1634E+07 -5.1269E+06 -1.1971E+06
0005450   9.0105E+07 -4.7175E+03 -1.5313E+06
0005451   9.1041E+07  2.6014E+06  7.7127E+05
0005452   8.9459E+07  5.7715E+05 -7.2456E+05
0005453   8.9281E+07  1.7106E+06 -1.4713E+06
0005454   8.9251E+07  1.5147E+06 -4.6422E+06
0005455   8.5740E+07  1.7564E+06 -1.0242E+06
0005456   8.9800E+07  1.4004E+04  1.5273E+06
0005457   9.1829E+07  3.4877E+05 -3.4041E+06
0005458   8.9949E+07  1.6706E+06  1.7716E+06
0005459   9.0832E+07  1.0148E+06 -3.3609E+06
0005460   9.0251E+07  2.8606E+06  1.1414E+06
0005461   8.9366E+07  2.5610E+06  2.7717E+06
0005462   9.1180E+07  3.9120E+06  4.0944E+05
0005463   8.9514E+07  7.5897E+05  1.6971E+06
0005464   9.0818E+07  1.1243E+06 -6.3849E+05
0005465   9.2308E+07 -2.4751E+06  7.9034E+05
0005466   8.9426E+07  4.8817E+05 -1.6833E+05
0005467   8.9994E+07 -2.4873E+06  6.5564E+06
0005468   9.1944E+07 -1.5079E+06 -1.5765E+06
0005469   9.2492E+07  3.2461E+06  6.9969E+05
0005470   8.8012E+07 -3.3063E+06  1.8624E+06
0005471   8.9229E+07  1.2739E+06 -8.0278E+05
0005472   9.1943E+07  1.0796E+06 -3.3620E+06
0005473   8.8744E+07  6.8995E+05  2.1127E+06
0005474   9.0462E+07  1.7992E+06 -2.1059E+06
0005475   9.1865E+07 -1.3648E+06 -2.1214E+06
0005476   8.9326E+07 -6.8525E+06  3.6950E+06
0005477   8.9634E+07  1.7332E+06 -1.4288E+06
0005478   8.9940E+07  2.5033E+06 -6.6093E+06
0005479   8.7385E+07  3.6199E+05  1.2278E+06
0005480   9.0098E+07 -1.1030E+06  8.9048E+05
0005481   9.0972E+07  2.0977E+05 -1.7073E+06
0005482   8.8441E+07  1.2749E+06  1.7666E+06
0005483   8.9575E+07 -9.0585E+05  5.1965E+05
0005484   9.1550E+07  8.3469E+05 -6.5837E+04
0005485   8.9671E+07 -1.6072E+06 -1.6261E+06
0005486   8.9804E+07 -1.2755E+06  4.9368E+05
0005487   8.9047E+07 -1.8099E+06  1.3590E+06
0005488   8.9707E+07  6.8205E+05 -9.6829E+05
0005489   8.9617E+07 -1.4204E+06 -1.4886E+06
0005490   8.9788E+07  3.0489E+06 -2.8701E+06
0005491   9.3055E+07 -2.8916E+06 -1.6698E+06
0005492   8.9779E+07 -1.2910E+06 -3.0606E+06
0005493   9.2833E+07  5.5809E+06 -3.0709E+06
0005494   9.1736E+07 -3.7705E+06  2.1488E+06
0005495   9.3249E+07  4.4135E+05 -1.5781E+06
0005496   9.1712E+07  7.7965E+05  1.8058E+06
0005497   8.9128E+07  1.5137E+06  2.6417E+04
0005498   9.2284E+07 -3.7814E+06 -2.9862E+04
0005499   8.8254E+07 -1.4924E+06 -1.3300E+06
0005500   8.9768E+07  1.4944E+06 -9.8826E+04
0005501   9.0756E+07 -1.4693E+06  1.0857E+06
0005502   9.2694E+07 -3.0375E+06  9.7506E+05
0005503   8.8574E+07 -5.4348E+05  5.8163E+06
0005504   9.1426E+07  1.3817E+06  1.0577E+06
0005505   8.7472E+07 -2.7106E+06  2.2978E+06
0005506   9.1367E+07  2.7998E+06 -7.7638E+05
0005507   9.1587E+07  1.6956E+05  1.8608E+05
0005508   8.7838E+07  6.8925E+06  9.4231E+05
0005509   9.1525E+07  1.9859E+06 -3.1226E+06
0005510   9.1189E+07 -1.8720E+06 -7.4892E+05
0005511   8.9087E+07  9.7752E+06 -1.7490E+06
0005512   9.1073E+07 -7.0319E+05  8.0823E+05
0005513   9.0347E+07  3.9567E+06 -1.3094E+06
0005514   9.0803E+07 -1.3128E+06 -6.9188E+05
0005515   9.0783E+07 -4.0088E+05  8.6438E+04
0005516   8.5026E+07 -5.6612E+06  8.6732E+05
0005517   8.8324E+07 -3.7675E+05  1.8171E+06
0005518   9.2411E+07  6.5383E+05 -3.7497E+05
0005519   8.8888E+07 -1.2059E+06 -1.6217E+06
0005520   8.9211E+07  4.4148E+05  6.1313E+05
0005521   9.0395E+07 -8.9958E+03 -1.5870E+05
0005522   8.7953E+07 -5.1883E+06  1.2306E+06
0005523   8.9290E+07 -6.8598E+05 -1.2681E+06
0005524   9.0384E+07 -6.1941E+05 -1.3380E+05
0005525   8.8019E+07  1.6760E+06 -9.9710E+05
0005526   8.9233E+07 -2.0045E+05  2.1363E+06
0005527   8.9204E+07 -4.3445E+05  9.1961E+05
0005528   8.9847E+07  2.0867E+06  6.0985E+04
0005529   8.8752E+07  1.2289E+06  6.7038E+06
0005530   9.0798E+07  3.0867E+06  1.7733E+06
0005531   9.1340E+07  4.5249E+05 -9.7134E+05
0005532   8.8484E+07  5.3595E+06  7.8161E+05
0005533   9.0971E+07  1.6883E+06 -2.4171E+06
0005534   8.8964E+07  4.8555E+05  4.6124E+05
0005535   8.9954E+07 -1.6822E+06  6.4143E+04
0005536   9.0095E+07  1.9049E+05  1.4879E+06
0005537   8.7661E+07  1.1895E+06 -5.5020E+05
0005538   8.7995E+07  2.2454E+06 -1.1720E+06
0005539   9.0057E+07  2.3519E+06  4.0595E+05
0005540   9.1195E+07  1.6149E+06 -7.3279E+05
0005541   9.0562E+07 -3.1115E+06  4.9607E+06
0005542   8.8826E+07  2.2491E+06 -8.8935E+05
0005543   9.0853E+07  1.1040E+06 -2.2487E+06
0005544   9.1337E+07 -1.7439E+06 -4.7135E+06
0005545   9.0749E+07  3.7568E+05 -6.3389E+05
0005546   8.7947E+07  1.2309E+06 -8.3478E+05
0005547   9.0889E+07 -3.9474E+05  3.5365E+06
0005548   9.0939E+07 -7.0059E+06 -6.0083E+06
0005549   9.0076E+07  2.5455E+05  3.1927E+06
0005550   8.9823E+07 -2.6844E+06 -8.2886E+05
0005551   8.8989E+07 -3.8795E+05 -2.4917E+05
0005552   9.2010E+07  9.3598E+04  6.4967E+04
0005553   9.1622E+07  5.2294E+05  5.4499E+05
0005554   8.8245E+07 -2.5539E+05  1.6543E+05
0005555   8.9206E+07  2.6164E+06  1.0288E+06
0005556   8.6244E+07  9.0332E+05 -6.8294E+05
0005557   8.7536E+07  2.9279E+06 -7.9111E+05
0005558   9.0929E+07  2.5529E+06  3.1760E+06
0005559   8.9625E+07  8.8750E+05  3.1197E+06
0005560   8.9651E+07 -2.1453E+06  1.1220E+05
0005561   8.9796E+07 -2.2354E+06  2.7044E+06
0005562   8.8456E+07 -4.8577E+04  9.3734E+05
0005563   8.8676E+07 -7.1541E+06 -2.0997E+06
0005564   8.6079E+07 -9.0659E+05  6.9084E+05
0005565   8.9031E+07 -4.5250E+06 -2.3452E+05
0005566   9.1235E+07 -2.0603E+06  1.0176E+06
0005567   8.8400E+07  5.8853E+06  2.8091E+06
0005568   8.8981E+07  4.2591E+05  1.6341E+06
0005569   8.7369E+07 -1.2790E+06  1.7723E+05
0005570   9.0216E+07 -2.5145E+06 -2.3676E+06
0005571   9.1891E+07  3.5295E+05 -5.8193E+06
0005572   9.0215E+07 -3.5733E+06 -2.0639E+06
0005573   8.7712E+07 -4.7787E+06  1.9323E+06
0005574   8.9523E+07 -1.6509E+06  1.5694E+06
0005575   8.8997E+07 -9.7448E+05  2.8305E+06
0005576   9.1282E+07 -2.5353E+05 -1.2165E+06
0005577   9.2507E+07 -3.5406E+06 -3.7349E+06
0005578   8.9396E+07 -1.7945E+06 -1.7388E+06
0005579   9.0954E+07  4.8718E+05 -4.6906E+05
0005580   9.1442E+07 -1.4434E+06  1.8360E+06
0005581   8.8462E+07  3.2042E+06  3.9532E+04
0005582   9.0005E+07  6.7974E+05 -2.7185E+06
0005583   8.9288E+07 -1.4262E+06 -2.3422E+06
0005584   8.8224E+07  3.2469E+06 -2.4598E+06
0005585   9.1031E+07  2.4879E+06  2.6620E+06
0005586   9.1698E+07 -2.9416E+06 -5.0091E+06
0005587   8.9652E+07 -3.2593E+05  4.4147E+06
0005588   8.7792E+07 -1.1848E+06 -2.0736E+05
0005589   8.8102E+07  3.5513E+06  2.4476E+05
0005590   8.8883E+07 -3.0246E+05 -2.6203E+06
0005591   8.8033E+07  1.7661E+06 -2.3738E+06
0005592   8.8611E+07  1.2828E+06  5.5776E+05
0005593   8.8460E+07 -1.2217E+06 -2.0681E+06
0005594   8.9295E+07  1.1985E+06 -6.7601E+05
0005595   9.3140E+07 -1.1348E+06 -1.6204E+06
0005596   9.0435E+07  1.0627E+06  7.1674E+05
0005597   8.9415E+07 -5.1861E+06 -2.5441E+06
0005598   8.7867E+07 -1.8971E+06  8.5908E+05
0005599   8.9186E+07  2.1394E+06 -1.1808E+06
0005600   8.6816E+07 -5.0969E+05  2.1917E+05
0005601   8.7499E+07  7.6317E+05  8.9038E+05
0005602   8.8872E+07  8.3686E+05  2.5613E+06
0005603   8.7439E+07 -7.0937E+05 -9.5213E+03
0005604   9.0941E+07  1.4032E+06 -1.4581E+06
0005605   8.9799E+07 -1.6922E+05 -3.5600E+06
0005606   8.7567E+07  4.4853E+05 -1.5715E+06
0005607   8.9102E+07  1.9417E+06  8.8505E+05
0005608   9.1327E+07  7.1159E+05  8.7312E+05
0005609   8.9632E+07 -1.9857E+06 -2.2083E+06
0005610   8.7919E+07  1.5545E+06  1.9479E+06
0005611   8.9721E+07 -1.3756E+06 -4.4888E+06
0005612   8.8067E+07 -4.2521E+06 -4.5061E+05
0005613   9.0912E+07  2.2790E+06 -1.3087E+06
0005614   8.9388E+07 -1.0960E+06  1.4081E+05
0005615   8.9294E+07 -1.1553E+06 -3.5812E+06
0005616   8.9721E+07 -6.7540E+05  8.4501E+05
0005617   9.1539E+07  1.0731E+06  6.0600E+05
0005618   9.1625E+07  1.0908E+06  5.1683E+05
0005619   8.9110E+07 -1.8133E+06  3.2509E+05
0005620   8.9975E+07 -4.1066E+06  2.7699E+06
0005621   8.9346E+07  9.3854E+05 -6.9191E+05
0005622   9.0245E+07  1.1369E+06 -1.9872E+05
0005623   9.1524E+07 -5.6713E+05  3.4193E+06
0005624   9.1650E+07 -9.8186E+05  5.8949E+05
0005625   9.0898E+07 -3.1054E+06 -1.7715E+06
0005626   8.8451E+07  3.9159E+06 -1.6295E+06
0005627   8.9403E+07  2.6658E+06  1.4632E+06
0005628   9.2088E+07  1.8425E+06  8.3446E+05
0005629   9.0555E+07 -6.4289E+05  1.0307E+05
0005630   9.1150E+07 -1.5823E+05 -2.9511E+06
0005631   9.0571E+07  2.0539E+06  2.2628E+06
0005632   9.0061E+07  1.9948E+05 -1.2394E+06
0005633   9.0179E+07 -5.6913E+06 -3.6049E+05
0005634   9.0827E+07  1.4256E+06  1.3713E+06
0005635   9.0614E+07  7.2653E+05 -1.8401E+06
0005636   8.9210E+07  3.6816E+06  6.0713E+05
0005637   8.8736E+07 -2.7356E+06  4.8072E+05
0005638   9.0462E+07 -5.5502E+05 -7.2212E+05
0005639   9.0420E+07 -2.0280E+06  4.6957E+05
0005640   8.9312E+07  3.3579E+06  2.8321E+06
0005641   9.0502E+07  4.4398E+05 -2.1078E+05
0005642   8.9796E+07 -4.8938E+05 -5.4596E+05
0005643   9.1535E+07 -2.2119E+06  7.0250E+05
0005644   8.9000E+07 -8.3505E+05 -5.6471E+06
0005645   9.0025E+07 -1.7340E+06 -2.8933E+06
0005646   9.1953E+07 -3.4618E+04  9.6133E+04
0005647   9.1331E+07  5.6402E+06 -3.0337E+05
0005648   8.7665E+07  2.7037E+05  3.4961E+04
0005649   9.0069E+07 -1.8662E+05  2.3192E+05
0005650   8.8329E+07 -4.2322E+06 -1.1194E+07
0005651   8.8910E+07 -7.7937E+05  8.6569E+05
0005652   8.9790E+07  5.8753E+06 -1.4832E+05
0005653   8.9497E+07 -2.5345E+06  1.6719E+06
0005654   8.6478E+07  4.3798E+05 -8.5041E+06
0005655   8.8671E+07  5.3505E+05 -3.6453E+05
0005656   8.9184E+07  3.3258E+06  7.0528E+06
0005657   8.8445E+07 -7.1767E+05 -3.4200E+06
0005658   8.7998E+07  2.3743E+06  3.0415E+06
0005659   9.2572E+07  1.2269E+06 -4.7728E+05
0005660   9.3877E+07  2.1739E+05 -4.9859E+06
0005661   8.7154E+07  9.7938E+05 -8.3586E+05
0005662   8.9733E+07  2.0772E+06 -2.3151E+05
0005663   9.1028E+07  1.9887E+06 -1.1266E+05
0005664   8.8149E+07 -1.1156E+06  1.4907E+05
0005665   8.8385E+07 -1.3155E+05  5.6080E+06
0005666   8.8894E+07  1.4605E+06  4.1799E+06
0005667   9.0212E+07  4.9198E+05  8.1659E+05
0005668   9.0827E+07  2.3288E+06 -2.1779E+05
0005669   8.8216E+07 -3.5800E+05 -2.2795E+05
0005670   8.9668E+07  4.9508E+03  2.9253E+06
0005671   8.9035E+07 -1.8533E+06 -6.1428E+04
0005672   9.1525E+07  3.2284E+06 -2.6835E+06
0005673   8.8719E+07 -1.5685E+06  3.6208E+05
0005674   8.7765E+07 -2.0546E+06  1.9985E+06
0005675   8.9783E+07  3.3931E+05  4.9918E+04
0005676   9.0864E+07  1.6483E+06  4.0706E+05
0005677   8.9028E+07 -2.2808E+06  1.8394E+06
0005678   9.0444E+07 -1.6022E+06  3.4404E+06
0005679   9.1178E+07  9.9954E+05 -1.1122E+06
0005680   8.9328E+07 -3.7234E+06 -1.4870E+06
0005681   8.8265E+07 -1.7862E+06 -1.4025E+06
0005682   8.9452E+07  6.3647E+04 -4.2169E+06
0005683   8.8635E+07 -1.5870E+05  3.2706E+06
0005684   9.0465E+07  2.3579E+06 -2.5799E+04
0005685   9.1074E+07 -1.2761E+06 -8.8922E+05
0005686   8.9190E+07  4.2403E+06  3.9152E+06
0005687   9.3543E+07  1.1736E+06  3.0982E+06
0005688   9.0340E+07 -2.8164E+05  4.2931E+04
0005689   8.9754E+07  2.7152E+06  9.8156E+05
0005690   8.9954E+07 -7.4059E+05 -5.0985E+05
0005691   9.0526E+07 -1.1496E+06  2.0637E+05
0005692   8.7468E+07 -1.8410E+06 -7.9501E+05
0005693   8.8962E+07  1.7900E+06  1.5987E+06
0005694   9.0663E+07 -1.7036E+06 -1.7236E+06
0005695   8.9514E+07  3.5900E+06  2.8099E+06
0005696   9.1491E+07 -1.0165E+06  6.4350E+05
0005697   8.9342E+07  1.2238E+06 -1.3085E+06
0005698   8.9520E+07 -1.6946E+05 -9.0796E+05
0005699   8.9617E+07 -1.2796E+06  5.0806E+05
0005700   8.7849E+07  1.3844E+05  6.7492E+05
0005701   8.9962E+07 -3.2013E+05 -1.2115E+06
0005702   9.0054E+07  3.5387E+06 -5.8079E+05
0005703   9.1754E+07  3.0986E+05 -1.3579E+06
0005704   8.9309E+07  9.9105E+05 -1.8224E+05
0005705   8.8912E+07  1.7887E+06  1.9408E+06
0005706   9.0807E+07 -7.2445E+05  6.3475E+05
0005707   8.8956E+07  1.9586E+06  2.3665E+06
0005708   9.0661E+07 -3.1764E+06  4.2480E+06
0005709   8.5327E+07  1.6590E+07 -5.0673E+06
0005710   8.9120E+07 -5.1660E+06 -3.9229E+05
0005711   9.0464E+07  3.1301E+06 -4.2828E+05
0005712   8.9679E+07 -7.5361E+05  8.6450E+05
0005713   9.1708E+07  1.0114E+06 -1.1304E+05
0005714   8.5641E+07  1.1005E+06  1.0235E+07
0005715   9.1271E+07  2.3287E+06  6.3800E+06
0005716   8.7927E+07 -2.5562E+05 -7.2449E+05
0005717   8.7614E+07  1.2720E+06  2.1262E+06
0005718   9.0651E+07 -2.2774E+05  2.8757E+06
0005719   8.9233E+07  1.3143E+06  5.0967E+05
0005720   8.9895E+07 -2.5268E+06  3.8999E+05
0005721   9.0649E+07 -3.4093E+06  6.6943E+05
0005722   9.0830E+07 -4.3558E+05 -8.4730E+05
0005723   9.1737E+07 -2.5546E+04 -5.8482E+05
0005724   9.0141E+07 -5.2253E+05 -2.0819E+06
0005725   8.9318E+07 -3.8256E+05 -1.3258E+06
0005726   9.0991E+07 -1.9470E+06  1.4407E+06
0005727   8.9720E+07  7.7105E+05  4.0642E+05
0005728   8.9134E+07 -2.7198E+06 -1.5560E+06
0005729   8.9853E+07  2.8543E+06  2.8689E+06
0005730   9.1242E+07  6.6213E+05  2.6291E+06
0005731   8.9491E+07 -4.2881E+06  4.5902E+05
0005732   8.9101E+07 -1.9967E+06  6.0894E+04
0005733   9.0690E+07 -5.5896E+05  4.6471E+04
0005734   9.1589E+07  6.5689E+04 -1.4106E+06
0005735   9.0703E+07 -3.6985E+04 -2.0747E+05
0005736   9.1166E+07 -8.3432E+05 -2.5860E+05
0005737   8.8237E+07 -1.2589E+06 -2.7666E+06
0005738   9.1190E+07  2.5452E+06  3.0164E+06
0005739   8.8084E+07 -1.4040E+06 -2.3605E+06
0005740   9.1016E+07  4.9791E+04  2.3107E+05
0005741   8.7709E+07  3.1365E+06 -1.4300E+06
0005742   9.0036E+07  2.1928E+06 -9.6637E+05
0005743   8.9901E+07 -3.9550E+05 -1.5193E+06
0005744   8.7138E+07 -1.0476E+04 -1.3420E+06
0005745   9.0963E+07  1.7887E+06 -9.5583E+05
0005746   9.1271E+07  9.7590E+04 -1.6074E+06
0005747   8.8451E+07  1.0479E+06 -1.8350E+06
0005748   8.9920E+07  7.3193E+05  1.7072E+06
0005749   8.8425E+07 -5.2250E+05  1.4067E+06
0005750   8.8724E+07  3.3357E+05 -1.0813E+06
0005751   8.7217E+07  2.5758E+05 -1.3795E+06
0005752   9.1039E+07 -4.1594E+05  7.3122E+05
0005753   8.7383E+07 -9.8055E+05  3.8920E+06
0005754   8.9747E+07 -1.6330E+06 -1.8379E+06
0005755   8.9375E+07  1.4865E+06 -1.1515E+06
0005756   9.0812E+07 -1.5927E+06 -1.1480E+06
0005757   9.1351E+07  1.3527E+06  2.6838E+06
0005758   8.7627E+07 -1.3293E+06  1.6429E+06
0005759   9.1359E+07  1.6298E+06 -1.0189E+06
0005760   8.7965E+07 -3.4756E+06 -2.4694E+06
0005761   8.9691E+07 -5.5346E+05 -1.1531E+06
0005762   8.9108E+07  5.0241E+06  1.1805E+06
0005763   9.0500E+07  1.6188E+06  3.3849E+05
0005764   8.9062E+07  1.2491E+05  1.7584E+06
0005765   9.1495E+07 -1.0062E+06  9.0067E+05
0005766   9.1288E+07  6.4876E+05 -2.7263E+06
0005767   8.9924E+07 -1.0790E+06  2.4486E+06
0005768   8.8059E+07 -3.0363E+06  1.2022E+06
0005769   9.0186E+07 -6.4249E+05  4.9554E+05
0005770   8.8590E+07  1.7866E+06  7.4570E+05
0005771   8.8800E+07 -2.2544E+06  1.1487E+06
0005772   8.9070E+07 -2.4648E+06 -5.0557E+04
0005773   8.8036E+07  9.2968E+05 -1.8488E+06
0005774   8.9615E+07  2.4063E+05  2.0051E+06
0005775   9.1090E+07 -1.4433E+06 -1.1977E+06
0005776   8.8819E+07 -9.8006E+05 -1.1741E+06
0005777   8.7058E+07  9.9648E+04  1.2247E+05
0005778   8.8515E+07  2.1443E+04  8.7139E+05
0005779   8.8800E+07  2.1017E+06 -9.9643E+05
0005780   8.9986E+07  1.0698E+07  3.6272E+06
0005781   8.9062E+07 -9.7847E+05 -4.0999E+06
0005782   8.9460E+07  9.6246E+05 -1.1485E+07
0005783   9.0181E+07 -1.7992E+06 -2.6686E+05
0005784   9.0867E+07 -1.7538E+06  4.5788E+05
0005785   9.0078E+07  8.7789E+05 -2.3112E+06
0005786   9.1898E+07  5.2809E+05 -1.5883E+06
0005787   9.2505E+07 -1.9822E+06 -1.1886E+06
0005788   8.8312E+07 -1.8148E+06 -1.2615E+06
0005789   8.8703E+07 -1.8026E+06  5.8995E+04
0005790   8.9341E+07  1.5322E+06 -2.5047E+06
0005791   9.0406E+07  4.2196E+05  5.1621E+06
0005792   9.1553E+07 -5.6681E+06  6.1540E+06
0005793   8.9884E+07 -8.0025E+05 -6.5195E+04
0005794   9.0960E+07  2.7959E+06  8.0310E+05
0005795   8.9550E+07  2.0108E+06 -1.5410E+06
0005796   8.8943E+07 -4.3825E+06 -2.7173E+05
0005797   9.0123E+07 -9.5552E+05 -1.7482E+06
0005798   9.2305E+07 -2.0632E+06 -3.8703E+06
0005799   8.9504E+07 -8.9058E+06  3.9483E+06
0005800   9.0984E+07  2.0510E+06  4.0939E+06
0005801   9.0421E+07 -2.1504E+05 -3.0967E+05
0005802   9.0675E+07 -1.6864E+06 -2.0032E+06
0005803   8.8406E+07 -1.0785E+06  2.9577E+05
0005804   8.9142E+07 -2.7873E+06  3.5312E+06
0005805   8.8201E+07 -3.3723E+06 -1.8007E+06
0005806   9.0234E+07  4.3928E+06 -2.0482E+06
0005807   9.0004E+07  5.9020E+04  1.0002E+07
0005808   8.8631E+07  2.2488E+06 -7.3421E+05
0005809   8.8388E+07  2.4603E+06  7.5168E+05
0005810   8.7840E+07  5.3445E+05  3.7637E+05
0005811   9.1035E+07  2.7068E+06  1.9942E+06
0005812   8.9886E+07  1.8037E+06  2.2860E+06
0005813   9.0911E+07 -4.3885E+05  9.4337E+05
0005814   9.1564E+07 -2.5052E+06 -6.3543E+05
0005815   8.9706E+07 -1.2749E+06  2.9901E+05
0005816   9.0463E+07  1.2494E+06  2.2579E+06
0005817   9.0136E+07  1.2549E+06 -1.9325E+06
0005818   8.9864E+07  3.3742E+05 -2.4175E+06
0005819   8.9974E+07  9.1676E+05 -2.4144E+06
0005820   8.7289E+07 -1.4140E+06 -1.3486E+05
0005821   8.9190E+07  9.8802E+05 -1.5706E+06
0005822   8.9247E+07  3.8121E+05  1.3001E+06
0005823   8.9956E+07  2.0515E+06 -4.5976E+05
0005824   9.0534E+07  4.5321E+05  2.5616E+06
0005825   9.1310E+07 -2.9349E+06  5.1120E+06
0005826   9.2152E+07  4.3217E+05 -4.2207E+05
0005827   9.1132E+07  4.4190E+05 -2.6367E+06
0005828   9.1224E+07  1.8200E+06  1.5077E+06
0005829   9.0057E+07 -1.7402E+06 -1.2483E+06
0005830   9.0056E+07 -6.7269E+06 -6.4713E+05
0005831   9.0868E+07 -1.4621E+06 -1.4179E+06
0005832   9.0254E+07 -1.1262E+06  3.1087E+06
0005833   9.0321E+07 -1.0829E+06 -1.9039E+06
0005834   8.9141E+07  1.1316E+06 -1.7622E+06
0005835   9.0078E+07 -7.5252E+05 -8.6072E+05
0005836   8.7799E+07 -4.5684E+05  4.7157E+06
0005837   9.0416E+07  1.0861E+06  2.5177E+06
0005838   8.9322E+07  9.3598E+04  6.6296E+05
0005839   9.1370E+07 -5.0174E+05 -2.9743E+05
0005840   8.7789E+07  2.0538E+06  4.5502E+05
0005841   8.7006E+07  1.6158E+06 -9.2635E+05
0005842   9.1522E+07  3.4515E+05 -2.0632E+06
0005843   8.8828E+07  1.0282E+05  1.3885E+06
0005844   9.0493E+07  1.0056E+06  1.7372E+06
0005845   8.9858E+07  1.4510E+06  3.1204E+06
0005846   8.8937E+07  3.1260E+06  6.2381E+04
0005847   8.9613E+07  6.4314E+06 -5.3550E+05
0005848   8.9255E+07 -2.9063E+06  3.3387E+04
0005849   8.9132E+07  2.0899E+06  7.5932E+05
0005850   8.9110E+07 -2.6499E+05  1.6426E+06
0005851   9.1309E+07 -9.0044E+05 -3.0253E+05
0005852   9.0469E+07  8.5583E+05  3.5315E+05
0005853   9.3161E+07 -2.8583E+06  4.0606E+05
0005854   9.2161E+07  2.2333E+06  3.9362E+06
0005855   8.7954E+07 -2.4990E+06  1.0685E+06
0005856   8.8003E+07  4.9714E+06 -3.6676E+06
0005857   8.8981E+07  1.3411E+06  7.1312E+05
0005858   8.6906E+07 -4.2692E+06  5.5969E+05
0005859   9.0596E+07  5.7955E+05 -1.5357E+06
0005860   9.1065E+07 -1.7776E+06  2.7583E+06
0005861   9.0427E+07 -3.8078E+06  1.8862E+06
0005862   8.7907E+07 -1.9005E+06 -2.9336E+05
0005863   8.8926E+07  4.8046E+06 -1.2609E+06
0005864   9.1021E+07 -1.2449E+06 -1.1444E+06
0005865   8.8912E+07  8.0631E+05 -2.2161E+06
0005866   9.0516E+07 -1.1138E+06  2.3377E+06
0005867   8.9515E+07  7.3514E+05  6.2003E+05
0005868   9.1387E+07 -2.3086E+06 -6.1881E+05
0005869   9.2928E+07  1.6670E+06 -5.5529E+05
0005870   9.0633E+07  6.6222E+05 -2.8262E+05
0005871   8.9739E+07 -7.1936E+05 -4.0987E+06
0005872   8.8231E+07  2.3701E+06 -2.1178E+06
0005873   9.0613E+07  1.5858E+06  1.9895E+06
0005874   8.9334E+07 -8.9119E+04  7.5073E+05
0005875   8.8487E+07  1.5859E+06 -8.9233E+05
0005876   8.9753E+07  1.9537E+06  2.6664E+06
0005877   9.0523E+07  2.4282E+06  1.4492E+06
0005878   9.0184E+07 -3.4447E+05 -2.9213E+05
0005879   8.6200E+07  7.1510E+05 -1.7540E+06
0005880   9.0399E+07 -2.3122E+06  2.3335E+04
0005881   8.9300E+07  3.6310E+06 -1.7833E+06
0005882   9.0710E+07  1.1893E+06 -1.5393E+06
0005883   9.2800E+07  2.7290E+06  6.9429E+05
0005884   8.8675E+07 -3.0900E+06 -1.5527E+06
0005885   9.0621E+07  3.5783E+06 -2.0146E+06
0005886   8.9666E+07 -9.1914E+05  9.1663E+05
0005887   8.8227E+07  7.5664E+05 -1.2785E+05
0005888   8.9537E+07  9.9024E+05  8.8860E+05
0005889   8.9953E+07  1.0721E+06  7.6144E+05
0005890   8.9928E+07 -1.0106E+06 -1.0974E+06
0005891   8.8590E+07 -3.9772E+05 -3.8522E+06
0005892   9.1165E+07  2.0183E+06 -2.5783E+06
0005893   8.7256E+07  2.4728E+06 -1.6362E+06
0005894   9.1111E+07 -1.5300E+06  4.0492E+05
0005895   8.7874E+07 -5.0868E+06  1.3534E+06
0005896   9.3653E+07 -2.2135E+06  7.5228E+05
0005897   9.0039E+07  3.0643E+06  1.1492E+06
0005898   9.2781E+07 -1.8472E+06 -3.7623E+06
0005899   8.8386E+07 -1.2770E+06  2.1134E+06
0005900   8.9347E+07  2.4183E+06 -1.5330E+04
0005901   9.0039E+07  1.9473E+06  9.5144E+05
0005902   8.9692E+07  1.6025E+06  3.1100E+06
0005903   9.2836E+07  7.6058E+05  1.8247E+06
0005904   9.1404E+07  2.2340E+06 -3.3801E+06
0005905   8.7968E+07  1.5969E+06 -1.3324E+05
0005906   8.7384E+07 -4.0529E+06 -1.7514E+06
0005907   8.7672E+07 -2.8916E+06  6.3042E+06
0005908   9.0160E+07 -4.5840E+05  8.7928E+05
0005909   8.8988E+07 -1.3634E+06 -7.5405E+05
0005910   8.9301E+07  2.8958E+06  3.9260E+05
0005911   8.9356E+07  3.1854E+06  4.5381E+06
0005912   8.7645E+07  4.3177E+06 -1.6330E+06
0005913   9.0160E+07  5.4831E+05 -1.0936E+06
0005914   8.9572E+07  4.3010E+04  5.5186E+05
0005915   8.9733E+07  1.2343E+06 -1.6912E+06
0005916   9.1027E+07 -1.1259E+06  7.6191E+04
0005917   8.9347E+07  7.4147E+05 -1.2190E+06
0005918   8.9044E+07 -9.5846E+05  1.6496E+06
0005919   9.1498E+07 -2.7867E+05 -3.7224E+05
0005920   9.0181E+07 -1.6730E+06  3.5308E+06
0005921   9.1346E+07 -9.5074E+05 -2.4885E+06
0005922   8.8270E+07 -8.4852E+04  1.4940E+06
0005923   8.9530E+07  7.8698E+05  4.7208E+05
0005924   9.0071E+07 -3.0605E+05 -2.3486E+06
0005925   9.2064E+07  1.9663E+06  1.4948E+06
0005926   8.7656E+07  8.4676E+05 -4.6502E+06
0005927   8.6933E+07  4.8213E+06  7.4910E+06
0005928   9.2012E+07  2.8632E+06  2.3543E+06
0005929   8.8690E+07  2.4107E+06  4.5908E+05
0005930   8.9812E+07  4.1352E+06  2.3710E+06
0005931   8.7213E+07  3.4568E+06 -7.9394E+05
0005932   9.4035E+07  1.6574E+06 -1.8468E+06
0005933   8.9893E+07 -1.4332E+05 -2.1503E+05
0005934   8.9079E+07 -1.1795E+06 -6.1635E+06
0005935   8.9865E+07  7.3282E+05  2.5986E+06
0005936   9.0757E+07  1.0875E+06 -2.8986E+05
0005937   9.0815E+07  2.5229E+06  1.2730E+06
0005938   9.1542E+07 -7.1504E+05  5.7786E+04
0005939   8.7273E+07 -5.3722E+06 -5.3470E+06
0005940   9.1030E+07  5.4497E+06  4.4083E+06
0005941   8.8759E+07  5.6425E+05  6.0525E+05
0005942   9.0895E+07 -4.9116E+06 -1.4330E+06
0005943   8.7005E+07 -1.5801E+06  1.1692E+06
0005944   8.7775E+07  2.3145E+06  4.0159E+05
0005945   8.9760E+07  5.5893E+05  5.9015E+05
0005946   9.1046E+07 -2.8246E+06  1.8485E+06
0005947   8.8575E+07 -2.2982E+05  1.9359E+06
0005948   8.8400E+07  5.0093E+06 -3.1149E+06
0005949   9.0958E+07  2.1612E+06 -2.7067E+05
0005950   9.1898E+07 -1.9152E+04 -2.8331E+06
0005951   8.9100E+07  5.6668E+05 -1.7304E+06
0005952   9.1749E+07 -4.0832E+04 -1.0867E+06
0005953   8.7621E+07  6.8821E+05  3.4370E+06
0005954   8.7395E+07 -3.3061E+05 -2.0239E+06
0005955   8.8021E+07  8.2096E+05  2.2432E+06
0005956   9.3011E+07  2.9518E+06 -1.7337E+05
0005957   8.8593E+07 -3.5135E+06  1.1604E+05
0005958   8.9621E+07 -2.7472E+05 -7.6357E+05
0005959   9.4151E+07  1.0883E+06 -3.7961E+06
0005960   8.8412E+07  1.7623E+06  1.7958E+05
0005961   9.0689E+07  4.7050E+05 -2.6152E+06
0005962   8.7773E+07 -3.9551E+06  4.5502E+06
0005963   9.1295E+07 -2.0978E+06  1.1564E+04
0005964   8.8433E+07 -9.2831E+04  2.7278E+05
0005965   9.0682E+07 -3.0085E+06 -2.2795E+06
0005966   9.2218E+07  1.2486E+06 -4.8579E+06
0005967   8.7915E+07 -1.0512E+06 -1.9005E+06
0005968   8.8492E+07 -1.4002E+06 -2.9177E+05
0005969   9.0108E+07 -7.2678E+05 -2.6005E+06
0005970   9.0326E+07  4.9507E+05  1.0808E+06
0005971   8.1420E+07  2.6793E+07  7.6116E+05
0005972   8.8156E+07  2.5702E+06  1.4473E+06
0005973   8.6441E+07  1.1370E+06  2.2699E+04
0005974   8.7919E+07 -1.7843E+06  4.1287E+06
0005975   8.9911E+07  8.9624E+05 -3.4874E+06
0005976   9.0779E+07 -1.9003E+05 -3.3759E+06
0005977   9.0050E+07  1.1521E+06  1.1570E+06
0005978   8.9812E+07 -3.6799E+05 -2.1705E+06
0005979   9.0326E+07  2.4221E+06 -1.4786E+06
0005980   9.1086E+07 -1.1207E+05  1.4034E+06
0005981   9.1611E+07  2.1472E+06  7.0925E+05
0005982   8.8996E+07  2.0422E+05  6.7888E+05
0005983   9.0307E+07 -2.8151E+06  1.7359E+05
0005984   8.8518E+07  8.4532E+05 -1.1393E+06
0005985   8.9498E+07 -2.9905E+05 -1.9035E+05
0005986   9.0830E+07  1.3426E+06  8.8110E+05
0005987   8.9370E+07 -1.1650E+06 -2.8054E+06
0005988   8.9972E+07  1.9095E+06 -2.5571E+06
0005989   9.0076E+07 -1.0252E+06 -9.2077E+05
0005990   8.9083E+07 -1.4241E+06 -7.4235E+06
0005991   8.9853E+07 -6.0423E+05 -2.8293E+06
0005992   8.8852E+07 -8.9087E+04 -2.0770E+06
0005993   8.9255E+07 -5.9263E+05  2.4751E+06
0005994   9.0704E+07  1.1182E+06  6.7735E+05
0005995   8.9392E+07  2.0494E+06  2.9553E+06
0005996   8.8382E+07  8.8120E+05 -2.8073E+06
0005997   8.7337E+07 -2.8845E+05  1.6914E+06
0005998   8.9589E+07 -6.7344E+06 -3.1150E+06
0005999   8.9966E+07 -1.2191E+05  3.3855E+05
0006000   8.8103E+07 -2.5132E+06 -1.0237E+06
0006001   8.8579E+07  5.6124E+05 -1.0215E+06
0006002   8.7473E+07  2.3107E+06 -3.0022E+06
0006003   8.9612E+07 -2.0143E+06 -4.7561E+05
0006004   9.1640E+07 -4.6640E+05  1.4280E+05
0006005   8.9346E+07 -8.9789E+05 -9.1260E+06
0006006   9.1436E+07 -3.9117E+06 -1.0676E+06
0006007   9.0545E+07  7.4990E+05 -4.4018E+06
0006008   8.9010E+07  5.2090E+06 -1.0905E+06
0006009   9.0061E+07  8.1225E+05 -2.3584E+06
0006010   9.0342E+07 -2.1283E+06 -7.3323E+05
0006011   9.1329E+07  2.9636E+06  1.1814E+06
0006012   9.2637E+07 -2.1489E+06 -4.2339E+05
0006013   8.8314E+07 -2.1881E+05  7.8766E+05
0006014   8.8598E+07 -2.3968E+06 -3.1713E+05
0006015   8.8669E+07  2.5631E+06  1.3325E+06
0006016   8.8427E+07  1.7282E+06 -2.6374E+06
0006017   9.0272E+07 -4.3052E+05 -1.7981E+06
0006018   9.0306E+07 -5.4161E+06  1.7945E+06
0006019   9.0704E+07 -3.7357E+06 -3.4517E+05
0006020   9.0192E+07 -2.0495E+06 -8.2044E+05
0006021   9.2061E+07 -7.5039E+05  3.2646E+05
0006022   9.0608E+07  5.9670E+05  2.1241E+06
0006023   8.9963E+07 -2.4243E+06 -2.4923E+06
0006024   9.1007E+07 -1.8203E+06 -1.5188E+06
0006025   8.6175E+07 -1.0041E+06 -4.1912E+06
0006026   9.0504E+07  1.4344E+06  2.4339E+06
0006027   9.1325E+07  1.1316E+06  2.6852E+05
0006028   8.8309E+07  1.7505E+06  1.8236E+06
0006029   8.7737E+07  4.3775E+06 -2.6035E+06
0006030   8.8099E+07  2.1209E+06 -1.8295E+06
0006031   9.0988E+07 -5.2761E+05 -1.7403E+06
0006032   8.9918E+07  1.9109E+06 -1.7609E+06
0006033   8.8909E+07  3.4142E+06  1.0607E+06
0006034   8.9066E+07  1.0120E+06  3.2824E+06
0006035   8.7581E+07 -2.4007E+06 -1.5241E+06
0006036   8.8958E+07  2.2308E+05  5.2117E+06
0006037   8.8045E+07 -6.6687E+05  2.8720E+06
0006038   9.0549E+07  6.4466E+05 -1.9928E+06
0006039   9.0003E+07 -6.4711E+05 -4.7997E+05
0006040   9.0906E+07  1.5164E+03  2.1279E+06
0006041   8.8262E+07 -9.5630E+06  7.3257E+06
0006042   8.8157E+07 -1.7269E+06 -9.9487E+05
0006043   8.8389E+07  1.4279E+06 -2.4893E+06
0006044   8.8461E+07  2.2293E+06  2.9315E+06
0006045   8.7686E+07 -3.3784E+06 -4.5935E+05
0006046   8.8994E+07  5.3403E+05  2.6330E+06
0006047   8.9227E+07 -2.4567E+05 -2.5404E+06
0006048   8.9662E+07  1.1888E+04  9.8912E+05
0006049   8.8368E+07 -6.5916E+05 -4.4751E+04
0006050   8.7108E+07 -5.5239E+05  7.4813E+05
0006051   8.8870E+07 -2.5974E+06  1.4278E+06
0006052   8.8600E+07 -1.1481E+05 -1.8490E+06
0006053   9.0753E+07  4.3326E+05  1.7140E+06
0006054   9.0409E+07  3.6857E+06  9.5413E+05
0006055   8.6564E+07 -2.7976E+06 -1.3032E+06
0006056   9.1246E+07  4.2098E+06  2.9165E+04
0006057   9.3507E+07  2.1620E+05 -1.3758E+05
0006058   9.0827E+07  7.4465E+05  1.8801E+06
0006059   8.9777E+07 -1.0880E+06  4.4357E+06
0006060   8.7822E+07 -4.2776E+06  1.0726E+06
0006061   8.8503E+07  4.4523E+05 -3.5127E+06
0006062   8.9077E+07  2.8573E+06  1.2717E+06
0006063   8.8941E+07 -2.6220E+06  5.6453E+06
0006064   8.9853E+07 -1.7619E+06  3.3204E+06
0006065   8.9569E+07  3.5361E+06 -1.1899E+06
0006066   9.2486E+07  1.3703E+06  2.5565E+06
0006067   8.7427E+07 -3.3091E+06 -1.3526E+07
0006068   9.1146E+07  1.9827E+05 -1.0794E+06
0006069   8.9407E+07 -1.2748E+06  1.5902E+06
0006070   8.9348E+07  2.4572E+06  1.9969E+05
0006071   8.8989E+07 -3.2238E+06 -5.3196E+06
0006072   8.9934E+07  6.4410E+05  5.9863E+05
0006073   8.9119E+07 -1.9274E+06 -1.0107E+06
0006074   8.8123E+07 -2.5807E+05 -2.1463E+06
0006075   9.0098E+07  1.7600E+06  1.4694E+06
0006076   8.8585E+07  3.3311E+06 -1.0901E+06
0006077   8.8920E+07  1.2263E+07  8.0722E+05
0006078   9.2025E+07  1.7119E+06 -1.6560E+06
0006079   9.0187E+07 -1.3455E+06  1.8091E+06
0006080   9.0282E+07 -3.9603E+05 -2.7403E+05
0006081   9.0348E+07 -5.8565E+05  4.0972E+04
0006082   9.0287E+07 -2.0531E+06 -2.3501E+06
0006083   9.1532E+07  1.4846E+06 -3.7479E+06
0006084   8.9484E+07 -1.1849E+04 -8.5114E+05
0006085   8.6910E+07  1.9553E+06 -2.7343E+06
0006086   8.7546E+07  1.0164E+06  2.2357E+06
0006087   8.8968E+07 -2.6663E+05 -8.6645E+05
0006088   9.1703E+07  1.3687E+06 -4.8979E+05
0006089   9.1198E+07  1.6620E+06  2.1485E+05
0006090   8.9275E+07 -3.7483E+05 -9.3218E+05
0006091   8.8353E+07  1.7767E+06 -1.8199E+06
0006092   8.7809E+07  3.1996E+06 -1.6134E+05
0006093   8.8190E+07 -9.3548E+05  8.5032E+05
0006094   8.8360E+07 -1.2645E+06  3.0700E+05
0006095   8.9032E+07  1.2111E+05  2.5702E+06
0006096   9.1185E+07 -2.0606E+06  1.2429E+06
0006097   8.9539E+07 -7.7169E+05 -3.4899E+04
0006098   8.8071E+07 -4.3881E+05  1.0599E+06
0006099   9.2679E+07 -2.8741E+06  3.3538E+06
0006100   9.0342E+07 -3.1758E+05  3.6378E+06
0006101   8.8384E+07  8.7874E+04  3.7956E+06
0006102   9.0977E+07  9.0134E+05 -1.9249E+04
0006103   9.0124E+07 -1.2034E+06 -1.8668E+05
0006104   9.0109E+07  1.1004E+06 -2.0013E+06
0006105   9.0400E+07  5.7849E+05 -2.2167E+05
0006106   9.0371E+07 -1.9651E+05  4.1462E+05
0006107   8.9078E+07  2.5353E+06 -5.8088E+05
0006108   8.9319E+07 -1.3696E+06 -4.3378E+05
0006109   8.9175E+07  1.1528E+06 -5.8204E+04
0006110   8.9846E+07 -5.8044E+05  8.3451E+05
0006111   8.8324E+07 -7.1883E+06 -9.8455E+06
0006112   8.8242E+07 -8.6225E+05  2.2064E+05
0006113   8.9386E+07  6.4948E+04  5.6368E+06
0006114   9.0305E+07  5.0087E+05 -1.0242E+06
0006115   8.8410E+07  4.5175E+06 -2.1427E+06
0006116   9.0379E+07 -1.8518E+06  2.3581E+06
0006117   8.8166E+07  1.2301E+06 -2.7103E+06
0006118   9.1039E+07  2.7127E+06  1.0289E+06
0006119   9.0865E+07  1.2798E+06 -3.9002E+05
0006120   9.0085E+07  4.6427E+06 -4.2781E+05
0006121   8.9301E+07 -4.9348E+05 -1.4264E+06
0006122   8.9877E+07  1.9646E+06 -4.8341E+05
0006123   8.7858E+07  1.5983E+06  3.0625E+06
0006124   8.9998E+07  1.6146E+06  3.2546E+05
0006125   9.0525E+07  2.4383E+06  4.6079E+06
0006126   8.9365E+07  2.6366E+06 -2.0138E+06
0006127   9.0758E+07  3.6292E+05 -1.0868E+06
0006128   8.9536E+07 -1.1847E+05 -1.2517E+05
0006129   8.8920E+07 -1.0162E+06 -3.0139E+06
0006130   8.9419E+07 -1.0858E+06 -5.3922E+06
0006131   9.0159E+07  2.6720E+06 -5.9372E+05
0006132   8.9427E+07  4.9795E+05  6.3464E+04
0006133   8.8669E+07  2.1485E+06  2.3057E+06
0006134   8.9368E+07 -1.9330E+06  8.2142E+04
0006135   9.1548E+07 -2.7348E+05  1.3334E+06
0006136   8.7690E+07  5.0001E+06  4.3622E+06
0006137   8.7122E+07 -5.7983E+06 -5.7756E+04
0006138   8.9022E+07  1.2240E+05 -2.3519E+06
0006139   8.8366E+07 -5.5070E+05  2.5949E+06
0006140   8.9720E+07  6.4254E+05 -1.8339E+06
0006141   9.0566E+07  2.7321E+06  1.5711E+06
0006142   8.8795E+07 -3.5263E+06 -3.7955E+06
0006143   9.0355E+07  1.6563E+06 -1.1841E+06
0006144   8.8151E+07 -8.3297E+05 -2.1676E+05
0006145   8.9734E+07  1.3570E+06  2.0778E+06
0006146   8.6189E+07 -3.3564E+06 -1.1263E+06
0006147   8.9444E+07 -5.6821E+06 -5.1344E+06
0006148   9.0997E+07  6.5201E+05  3.5468E+05
0006149   8.7871E+07  9.6473E+05  3.1367E+06
0006150   9.0694E+07  7.5773E+05 -2.8061E+05
0006151   8.7005E+07  2.6867E+06 -7.2884E+05
0006152   8.8896E+07  2.0156E+05 -1.0884E+06
0006153   9.1060E+07  2.2481E+06 -8.7568E+05
0006154   8.8562E+07  5.9035E+05 -2.1451E+06
0006155   9.0845E+07  3.8344E+06 -5.2627E+06
0006156   8.9602E+07  1.1105E+06  3.9968E+06
0006157   9.0076E+07 -2.1212E+06 -2.4597E+05
0006158   8.8775E+07 -2.6614E+06 -2.0095E+06
0006159   8.7503E+07 -2.2697E+04  3.1516E+06
0006160   8.9354E+07  9.0834E+04  1.2612E+06
0006161   8.9790E+07  2.5821E+06 -9.3499E+05
0006162   9.2521E+07 -2.5179E+06 -4.1757E+04
0006163   9.0633E+07  1.6853E+06  4.6950E+06
0006164   9.0690E+07  5.7076E+05 -2.3395E+05
0006165   9.0474E+07 -1.5316E+06  1.9376E+06
0006166   9.1002E+07  2.5236E+05 -1.8969E+06
0006167   9.1344E+07  9.3344E+05  3.2874E+05
0006168   8.9473E+07 -1.3859E+06 -5.0536E+06
0006169   8.7836E+07  5.0326E+05  7.2979E+05
0006170   8.9621E+07 -9.7103E+05  3.8984E+05
0006171   8.5816E+07  7.5234E+05 -1.9209E+06
0006172   9.1027E+07  4.5206E+04  1.2981E+06
0006173   8.9430E+07  1.5722E+06 -2.1077E+05
0006174   8.9286E+07  2.9548E+06 -1.2258E+07
0006175   8.9423E+07  1.0959E+06 -5.8727E+05
0006176   9.0399E+07  1.4104E+06  9.8341E+05
0006177   9.0889E+07 -1.8807E+06 -1.1654E+06
0006178   8.8724E+07 -5.8224E+05 -1.0671E+06
0006179   8.6954E+07 -6.3069E+05  9.6853E+05
0006180   8.7952E+07  8.0846E+06  2.8809E+06
0006181   8.9989E+07  5.2503E+05  2.3832E+05
0006182   9.0468E+07 -9.6099E+05  6.7602E+05
0006183   8.8633E+07 -1.8135E+06 -2.2615E+06
0006184   9.2295E+07 -1.7223E+06  3.3502E+06
0006185   8.7904E+07 -1.2347E+06 -1.0704E+06
0006186   8.8895E+07 -1.9561E+06  1.1039E+05
0006187   8.7257E+07  7.9560E+06 -5.0336E+06
0006188   9.0443E+07 -4.5124E+05  6.5782E+05
0006189   8.8492E+07 -1.2914E+06  4.0376E+05
0006190   9.0451E+07 -3.2145E+06 -2.4095E+06
0006191   8.7756E+07  6.2022E+04 -2.4291E+06
0006192   8.9003E+07 -1.0035E+06  1.9026E+05
0006193   8.5994E+07 -6.2187E+05  2.2722E+06
0006194   8.9227E+07  3.9375E+06  1.1535E+06
0006195   9.1041E+07 -2.1839E+06  3.1030E+06
0006196   9.0604E+07  4.7254E+05 -9.2606E+05
0006197   8.8095E+07  1.7458E+05  6.7794E+06
0006198   9.0055E+07  4.3667E+05 -1.4118E+06
0006199   9.0956E+07  2.1447E+06 -1.7114E+06
0006200   9.0324E+07 -2.3453E+06 -3.5524E+05
0006201   9.1739E+07  9.1746E+05 -5.8019E+05
0006202   9.0116E+07 -9.8186E+05  3.1063E+06
0006203   8.7367E+07  4.4520E+06  2.1597E+06
0006204   9.0423E+07 -9.5275E+05 -1.2321E+06
0006205   8.3471E+07 -3.6956E+05 -4.6329E+06
0006206   8.6454E+07  9.5055E+06 -1.8646E+07
0006207   9.1339E+07  2.3075E+06  1.4575E+06
0006208   9.0046E+07 -1.4351E+06  8.8839E+05
0006209   9.0549E+07 -2.3830E+05  3.7419E+06
0006210   8.8246E+07 -9.7448E+05 -9.5774E+05
0006211   8.7597E+07  1.2937E+06 -1.3511E+05
0006212   8.9538E+07  1.4207E+06  1.5997E+06
0006213   8.9511E+07  3.9507E+06  3.0670E+06
0006214   9.1119E+07 -7.3438E+05 -6.6796E+05
0006215   8.7309E+07 -5.3991E+05 -4.9133E+05
0006216   9.1291E+07 -2.6729E+06  1.3033E+06
0006217   8.8818E+07  1.7364E+06  1.1490E+05
0006218   8.7982E+07  1.7656E+06 -2.4499E+06
0006219   8.7010E+07  1.4295E+06  1.3247E+06
0006220   8.9637E+07 -4.5757E+05  1.8648E+06
0006221   9.0240E+07 -2.7108E+06 -5.3004E+06
0006222   8.5376E+07 -1.4826E+07 -6.9649E+06
0006223   8.7860E+07  4.1934E+05 -3.1600E+06
0006224   9.1696E+07  5.0203E+05 -2.4120E+06
0006225   8.9918E+07 -1.2296E+06  1.5434E+06
0006226   9.0607E+07 -9.6903E+05 -4.4268E+05
0006227   9.0015E+07 -6.4475E+04  4.3584E+06
0006228   9.0303E+07 -1.6912E+06  2.5748E+05
0006229   9.0440E+07  3.0542E+06  3.4374E+06
0006230   8.9153E+07  5.6029E+06  2.5799E+06
0006231   8.9093E+07  3.2688E+06 -7.8166E+05
0006232   8.8553E+07  4.0746E+06  1.0750E+06
0006233   8.7714E+07 -5.4901E+05  2.5388E+06
0006234   8.8886E+07 -2.6195E+06 -1.6721E+06
0006235   8.9863E+07  2.2132E+06 -1.8540E+06
0006236   8.9991E+07  9.7499E+05  1.2356E+06
0006237   9.1053E+07  3.6818E+06  8.7759E+05
0006238   8.7696E+07 -3.1490E+05  2.7865E+06
0006239   9.0331E+07  7.2422E+05 -1.6930E+06
0006240   9.0212E+07 -1.3615E+06  1.8433E+05
0006241   8.7942E+07 -2.3932E+06 -2.2345E+06
0006242   8.9496E+07  4.4731E+06  5.5002E+06
0006243   8.9521E+07  6.9739E+05  1.0919E+05
0006244   9.0427E+07 -1.4528E+06 -3.4607E+06
0006245   8.7557E+07  1.4890E+06  2.5938E+06
0006246   8.8826E+07  2.0791E+06  8.5125E+05
0006247   9.1086E+07 -1.6094E+06  5.8520E+05
0006248   9.1264E+07 -1.7779E+06  1.7132E+06
0006249   8.9827E+07 -2.6611E+06 -3.3189E+06
0006250   8.9568E+07 -2.4989E+06  8.3999E+05
0006251   8.9291E+07 -2.8741E+06  3.5285E+06
0006252   8.9090E+07  7.0836E+05 -1.6064E+06
0006253   8.7685E+07  3.1254E+06 -2.5172E+06
0006254   8.9092E+07  2.3207E+06 -2.5266E+06
0006255   9.0074E+07 -3.8980E+06  2.5052E+06
0006256   9.1044E+07  1.3254E+05  7.7868E+05
0006257   9.0612E+07  1.1549E+04  1.5152E+06
0006258   9.1665E+07 -6.3073E+05 -7.9965E+05
0006259   8.6688E+07  9.9052E+05  1.8036E+03
0006260   9.0971E+07 -7.7496E+05  1.6965E+06
0006261   9.0434E+07  7.5756E+05 -1.9123E+06
0006262   8.8414E+07 -2.8097E+05  1.6651E+06
0006263   8.8012E+07 -3.0720E+06 -7.5584E+06
0006264   9.2615E+07  2.4000E+06 -6.4719E+05
0006265   8.8602E+07  3.5353E+05 -1.1821E+06
0006266   8.9967E+07 -2.4784E+06 -1.9163E+06
0006267   9.0384E+07 -8.2312E+05  3.0251E+05
0006268   9.2681E+07  1.2911E+06 -2.0880E+06
0006269   8.9113E+07  3.3429E+06  1.2555E+06
0006270   8.9479E+07 -2.3788E+04 -1.0340E+05
0006271   8.8083E+07  7.7264E+05  4.6252E+06
0006272   9.0293E+07  7.2814E+05 -6.4270E+05
0006273   8.7379E+07  1.4061E+06  8.4324E+06
0006274   8.9425E+07 -3.6179E+05  1.9926E+06
0006275   8.8541E+07  1.1863E+06  7.7853E+05
0006276   8.7392E+07 -4.6162E+05 -2.5653E+06
0006277   8.7966E+07 -6.4939E+06 -5.5460E+06
0006278   8.8646E+07  1.0512E+06 -3.1116E+06
0006279   9.0950E+07 -4.7346E+06 -2.6539E+06
0006280   8.8912E+07  4.9711E+05 -4.6689E+05
0006281   8.6698E+07  2.2638E+06  3.5021E+05
0006282   8.6197E+07  9.9295E+05 -1.0999E+06
0006283   8.7667E+07 -1.2930E+05 -7.7351E+05
0006284   8.8449E+07 -2.2375E+06 -4.1178E+06
0006285   9.0126E+07  9.5373E+05 -1.0974E+06
0006286   9.1576E+07 -4.2164E+06 -1.0319E+06
0006287   8.7537E+07  2.4467E+06  1.0970E+06
0006288   8.9281E+07  1.5292E+06  1.8600E+06
0006289   8.9296E+07  1.1972E+06 -2.4130E+06
0006290   9.0887E+07  4.0227E+06  4.4699E+06
0006291   9.0921E+07  3.1568E+05 -2.2464E+05
0006292   9.0603E+07  3.0685E+05 -2.4927E+06
0006293   8.9222E+07 -2.0445E+05  4.6523E+05
0006294   9.0529E+07 -6.9680E+05 -5.8490E+05
0006295   9.1009E+07  3.2071E+06  5.3107E+05
0006296   8.8734E+07 -1.5211E+06  4.6230E+06
0006297   8.8161E+07 -2.7016E+06  2.3096E+06
0006298   9.0513E+07  6.1508E+05  4.2878E+05
0006299   8.8558E+07 -7.3834E+05 -4.6164E+05
0006300   9.2056E+07 -3.9737E+06 -3.6785E+06
0006301   9.1880E+07  1.6864E+06 -2.3643E+05
0006302   8.8825E+07  1.5358E+06  2.5512E+05
0006303   8.9458E+07  1.2261E+06  8.1531E+05
0006304   8.9809E+07  2.6606E+06 -2.8242E+06
0006305   9.0487E+07 -2.1725E+06 -2.9117E+04
0006306   9.2123E+07 -2.5292E+06  4.1518E+05
0006307   9.0020E+07 -8.7010E+05  2.2480E+06
0006308   8.9783E+07 -3.5763E+06  3.8308E+06
0006309   9.0769E+07  5.5910E+05 -1.2276E+06
0006310   9.2703E+07  2.8645E+06 -3.4730E+06
0006311   8.9709E+07  1.4108E+05 -2.3920E+06
0006312   8.7014E+07 -4.9132E+06 -1.7128E+06
0006313   8.8012E+07 -3.8160E+06 -1.9829E+05
0006314   8.9147E+07 -9.6066E+05  2.2382E+05
0006315   8.9322E+07 -9.2092E+05 -2.6442E+05
0006316   8.9169E+07 -3.2477E+06 -3.1466E+06
0006317   9.1185E+07  3.0730E+06  1.1952E+06
0006318   9.0133E+07  4.8108E+06  1.9445E+05
0006319   8.9347E+07  2.9401E+06  3.1431E+05
0006320   8.8797E+07  5.2580E+06  5.4035E+06
0006321   9.0310E+07 -2.2754E+06 -2.1261E+05
0006322   8.8441E+07  5.1386E+05  1.9209E+06
0006323   9.0894E+07 -9.7359E+05 -3.1840E+06
0006324   8.8106E+07 -3.8800E+06  5.0774E+04
0006325   8.8807E+07 -3.0850E+06  3.5782E+06
0006326   8.9812E+07 -2.7437E+06 -2.4054E+06
0006327   8.9893E+07  1.3584E+06  2.6763E+06
0006328   9.0785E+07 -1.4268E+06 -1.4078E+06
0006329   9.1395E+07 -2.4895E+05  3.5681E+05
0006330   8.8270E+07 -1.2946E+06  3.0809E+06
0006331   9.0940E+07 -1.4721E+06  2.5971E+06
0006332   8.9823E+07  2.8980E+05  1.0348E+06
0006333   9.0836E+07 -2.3531E+05 -1.1875E+06
0006334   8.7824E+07 -2.8103E+05 -6.4590E+05
0006335   9.2158E+07  3.9510E+06  1.8610E+06
0006336   9.0969E+07 -1.3028E+05 -9.4982E+05
0006337   8.9181E+07  2.5641E+06 -2.0742E+06
0006338   8.8841E+07  2.1089E+06  1.2688E+06
0006339   8.9582E+07 -4.1263E+05  3.7949E+06
0006340   8.9272E+07  2.3477E+06 -1.1173E+06
0006341   9.0904E+07  2.5777E+06 -2.0015E+06
0006342   8.9579E+07  1.7297E+06 -2.4239E+06
0006343   8.9267E+07  4.4066E+05  3.7350E+06
0006344   8.9321E+07 -1.1313E+05  3.7858E+05
0006345   8.9868E+07  4.1349E+06  3.4801E+05
0006346   9.1592E+07 -1.0933E+06  5.4750E+05
0006347   9.1492E+07  2.7004E+05  1.1757E+06
0006348   8.9025E+07 -4.5216E+05 -2.4585E+05
0006349   8.9073E+07 -1.1898E+06  1.8988E+06
0006350   8.8563E+07 -2.6237E+06 -1.6581E+05
0006351   9.1956E+07 -9.9174E+05  5.2101E+04
0006352   9.1964E+07  1.9535E+06 -1.2080E+06
0006353   8.9626E+07 -7.4300E+03 -1.4473E+06
0006354   8.8716E+07 -1.4611E+07 -7.7435E+06
0006355   9.2291E+07 -1.9732E+06 -1.4792E+05
0006356   9.1293E+07  1.1180E+07  8.4108E+05
0006357   9.0332E+07  5.3347E+04 -3.4791E+06
0006358   8.9770E+07 -9.3905E+05 -1.8193E+06
0006359   9.0695E+07  1.6838E+06  1.1176E+06
0006360   9.0987E+07  4.6953E+05 -1.8989E+06
0006361   9.1337E+07  4.9549E+05  3.9771E+06
0006362   8.9932E+07  1.1811E+06  6.3057E+04
0006363   9.2506E+07  1.1693E+06  2.1831E+06
0006364   9.0300E+07  1.8225E+06  3.0886E+06
0006365   9.0209E+07  2.6066E+06 -1.4413E+06
0006366   9.0525E+07  7.0781E+05  4.6949E+05
0006367   8.9922E+07 -2.2091E+06  4.1171E+06
0006368   9.0472E+07 -1.1528E+05 -3.5276E+06
0006369   8.9998E+07  1.6118E+06 -2.3443E+06
0006370   9.0343E+07 -1.7144E+06 -7.7328E+05
0006371   8.8807E+07  2.4385E+06  9.1072E+05
0006372   9.1172E+07  1.6496E+06  1.9235E+05
0006373   8.9945E+07 -8.6127E+05 -4.4946E+05
0006374   8.8687E+07 -3.3194E+05 -1.3646E+06
0006375   9.1592E+07  6.1251E+06  1.0371E+06
0006376   8.8390E+07 -3.4634E+06 -5.9313E+05
0006377   8.8851E+07 -1.6543E+06 -2.8274E+06
0006378   8.9676E+07  1.0520E+06 -8.7408E+03
0006379   9.0880E+07  2.2283E+06 -5.0406E+05
0006380   9.1069E+07  9.6058E+05 -1.7615E+05
0006381   8.8761E+07 -2.1853E+06 -1.2023E+06
0006382   9.0375E+07  2.0501E+06  3.9202E+06
0006383   8.8614E+07  9.0328E+05 -3.5338E+06
0006384   9.2253E+07 -4.1033E+05 -2.9261E+06
0006385   8.7597E+07  4.0201E+05  2.7089E+06
0006386   8.8794E+07 -8.1485E+05  7.3875E+06
0006387   9.1615E+07 -4.8788E+05  1.4530E+06
0006388   9.1976E+07  5.2988E+06 -4.0612E+06
0006389   8.9623E+07  5.4980E+06  2.5254E+06
0006390   8.8844E+07 -4.1687E+06 -5.2134E+06
0006391   8.7894E+07 -9.9223E+05 -1.0733E+06
0006392   9.1863E+07  2.4889E+06 -2.0800E+05
0006393   9.0783E+07 -3.2074E+06 -7.3966E+05
0006394   8.9340E+07 -1.0110E+06  2.4544E+06
0006395   8.9544E+07 -1.8122E+05  9.1837E+04
0006396   8.9896E+07  1.5218E+06  1.6913E+06
0006397   9.2672E+07 -1.4667E+06  1.3288E+06
0006398   9.0310E+07  2.0350E+06 -2.6834E+06
0006399   9.0850E+07 -5.6746E+06 -8.6868E+05
0006400   8.9831E+07 -2.0483E+06  1.6918E+06
0006401   8.9669E+07  7.5785E+05 -2.2965E+05
0006402   8.9410E+07 -3.1657E+06  2.3170E+06
0006403   8.8577E+07 -2.5295E+06 -7.6542E+06
0006404   8.9558E+07  9.9277E+05 -5.3631E+05
0006405   8.9352E+07 -2.5424E+06  3.5930E+06
0006406   8.9874E+07  5.5892E+05  9.1596E+05
0006407   9.1950E+07 -1.7770E+06 -7.8433E+05
0006408   9.1937E+07  7.5900E+04 -6.6637E+05
0006409   8.5905E+07  1.1019E+06 -2.0380E+06
0006410   8.8662E+07 -5.9773E+05  1.8778E+06
0006411   8.8554E+07 -3.4532E+06 -2.3756E+06
0006412   8.9148E+07  2.6850E+06  2.4504E+06
0006413   8.7546E+07  2.6403E+06 -1.5387E+06
0006414   9.0503E+07  6.0807E+05  5.7905E+05
0006415   8.9751E+07 -2.9688E+05  1.8359E+06
0006416   9.1603E+07  1.4928E+06  2.8849E+06
0006417   8.8994E+07 -1.7601E+06  1.2251E+06
0006418   8.8683E+07  1.6766E+06  7.7656E+05
0006419   9.0859E+07  2.0346E+05 -1.5363E+05
0006420   9.0581E+07  2.9400E+06 -3.0218E+06
0006421   8.7258E+07  2.9335E+06 -5.6556E+05
0006422   8.8879E+07  2.4513E+06  1.1568E+06
0006423   9.0955E+07 -1.0248E+06 -1.8529E+06
0006424   8.9750E+07  1.5876E+06 -2.1629E+06
0006425   9.0955E+07  3.2121E+06  3.4811E+05
0006426   8.9299E+07  9.7932E+05  4.0323E+06
0006427   9.0284E+07  1.3598E+06 -2.8488E+06
0006428   9.2259E+07  2.3273E+05 -9.2678E+05
0006429   8.9713E+07  2.3126E+06  2.4552E+06
0006430   8.8947E+07  2.7428E+05 -1.7922E+04
0006431   8.8505E+07 -2.5522E+06 -6.2466E+04
0006432   9.0540E+07  5.2459E+04  3.3084E+06
0006433   9.0727E+07 -7.9041E+04 -1.4836E+06
0006434   8.6720E+07  1.9196E+06  2.3107E+06
0006435   8.9368E+07 -3.2279E+06 -4.5825E+05
0006436   8.8318E+07  1.0669E+07  2.8054E+06
0006437   9.0614E+07 -3.8051E+05 -2.6344E+05
0006438   9.1025E+07 -5.4050E+05  9.6784E+05
0006439   8.8440E+07 -2.6175E+05 -1.6881E+06
0006440   9.2448E+07 -9.6653E+05 -7.3879E+05
0006441   8.8533E+07  9.1024E+05 -5.0532E+05
0006442   8.9393E+07 -4.3989E+05 -8.6936E+05
0006443   9.1198E+07 -3.1214E+06 -2.4734E+06
0006444   8.8550E+07  2.0967E+06 -5.8170E+06
0006445   9.1039E+07  5.5149E+05 -1.9369E+05
0006446   9.0031E+07  8.7173E+05  5.7062E+05
0006447   8.8611E+07  2.7130E+05 -4.1851E+05
0006448   9.4074E+07 -1.4552E+05 -1.9148E+06
0006449   9.0422E+07 -4.6191E+06 -1.6324E+06
0006450   8.9848E+07 -2.8266E+06 -1.1964E+06
0006451   9.0565E+07 -2.9139E+06  3.5324E+06
0006452   9.0248E+07 -1.1561E+06  1.6262E+06
0006453   8.9166E+07 -1.0979E+06  1.8116E+05
0006454   8.9477E+07  5.1888E+06 -3.4863E+06
0006455   9.3057E+07 -2.4187E+06 -2.5142E+06
0006456   8.9546E+07 -8.9716E+04  7.9314E+04
0006457   8.7920E+07  2.6849E+06 -3.9434E+06
0006458   9.0368E+07  6.1196E+05  7.0593E+05
0006459   9.0231E+07 -3.0332E+06 -8.9317E+05
0006460   8.9802E+07 -2.4143E+06 -8.5324E+05
0006461   8.8792E+07 -2.2188E+05  2.0888E+06
0006462   9.2067E+07  2.1438E+06  9.6756E+05
0006463   8.7020E+07  4.9395E+06  2.7346E+06
0006464   8.8937E+07  3.2662E+05  4.7731E+06
0006465   9.0731E+07  1.7614E+06 -1.4035E+05
0006466   8.8270E+07  1.1584E+06 -1.5124E+06
0006467   9.0187E+07 -1.9534E+06 -1.3007E+04
0006468   9.1013E+07  7.5108E+05 -3.0062E+06
0006469   9.1204E+07  3.0171E+06  1.6072E+06
0006470   9.0991E+07 -1.1919E+06 -1.8000E+06
0006471   9.0830E+07 -2.5400E+06  7.1325E+04
0006472   9.1034E+07 -1.0002E+06  1.6443E+06
0006473   8.7804E+07  9.9624E+05 -2.5844E+05
0006474   8.7663E+07  9.3890E+05 -1.7353E+06
0006475   8.8318E+07  2.3821E+06  1.3881E+06
0006476   9.2421E+07 -6.4186E+05  7.0731E+05
0006477   9.0547E+07  1.5733E+06 -1.0205E+06
0006478   8.7797E+07  3.9046E+05 -1.3412E+06
0006479   8.9870E+07  1.1568E+06  4.8653E+05
0006480   9.1191E+07  3.6798E+06  3.8389E+06
0006481   9.0802E+07 -1.7687E+05 -5.9482E+04
0006482   9.1689E+07 -1.6797E+06 -3.7645E+06
0006483   9.0229E+07 -3.4276E+05 -1.5595E+06
0006484   8.8855E+07 -3.6420E+04  9.1773E+05
0006485   9.0390E+07 -2.0188E+06  1.6699E+06
0006486   9.2140E+07  2.0088E+05  1.7184E+04
0006487   8.9867E+07  4.1923E+06  5.9495E+06
0006488   8.9328E+07  5.7726E+05  9.3054E+05
0006489   9.1618E+07  1.0938E+06  6.5808E+05
0006490   9.1075E+07  6.9201E+06  3.1837E+06
0006491   9.2352E+07 -1.3055E+06 -1.7876E+06
0006492   8.9637E+07  4.6342E+06  2.9782E+06
0006493   8.9940E+07 -3.1839E+06 -4.2277E+05
0006494   9.0654E+07 -5.2264E+06  8.5671E+06
0006495   9.0029E+07 -1.3236E+05 -2.2494E+06
0006496   8.8751E+07 -2.9730E+06  3.7656E+06
0006497   9.0918E+07  1.5289E+06  2.5876E+06
0006498   9.1779E+07  1.1622E+06 -7.9426E+05
0006499   9.1533E+07 -2.4427E+05 -4.8472E+06
0006500   8.7153E+07 -6.5501E+05 -3.9181E+05
0006501   8.9448E+07  4.0268E+05 -1.9167E+06
0006502   8.9884E+07 -4.3369E+05  2.7392E+05
0006503   9.1924E+07 -1.5846E+06  4.6840E+05
0006504   9.1361E+07 -4.0566E+06 -3.6093E+06
0006505   9.0622E+07  1.3623E+06  2.2463E+06
0006506   8.8375E+07 -5.3075E+05 -6.8445E+05
0006507   9.0335E+07 -3.6737E+06 -3.6390E+06
0006508   8.7128E+07  3.8294E+05  1.5656E+06
0006509   8.9271E+07 -3.2699E+06 -1.6344E+05
0006510   8.7678E+07 -3.2799E+06 -9.9290E+04
0006511   8.9620E+07  1.1300E+06  2.1210E+05
0006512   9.3478E+07 -1.2569E+06 -3.5916E+06
0006513   9.0206E+07 -3.3081E+06 -4.5869E+06
0006514   9.1234E+07  5.5674E+04  1.4971E+06
0006515   9.2455E+07 -2.4823E+05 -4.3040E+06
0006516   9.0148E+07  1.6474E+06  1.2163E+06
0006517   8.9868E+07  3.0757E+06  1.9022E+06
0006518   9.1505E+07  4.4140E+05 -5.7311E+05
0006519   9.0915E+07  9.0629E+05 -4.2353E+06
0006520   8.8664E+07  5.6318E+05  8.0727E+05
0006521   8.9819E+07  1.9138E+06 -1.4242E+06
0006522   8.8143E+07  1.4793E+05  1.6524E+06
0006523   8.9780E+07 -1.6558E+06 -7.5415E+05
0006524   9.1200E+07  2.2590E+06  1.4284E+06
0006525   9.0232E+07  4.4306E+05 -5.5490E+06
0006526   8.9032E+07  6.2161E+04 -1.4156E+06
0006527   9.1443E+07 -1.8357E+06  1.6041E+06
0006528   8.9154E+07  1.3972E+06  3.4737E+06
0006529   9.1129E+07 -2.1374E+05  4.9535E+05
0006530   9.1092E+07  1.3185E+06 -3.3169E+06
0006531   8.9424E+07  8.8301E+05 -1.4919E+06
0006532   8.9385E+07  6.8905E+05  4.4096E+06
0006533   8.7568E+07 -3.0527E+05  2.2577E+06
0006534   9.0325E+07 -3.3432E+06 -4.8588E+05
0006535   8.8036E+07  6.2847E+05  7.6029E+05
0006536   8.8302E+07  4.9883E+06  3.4664E+06
0006537   8.8431E+07  1.4757E+06 -2.3846E+06
0006538   8.8796E+07 -1.5743E+06  1.3995E+05
0006539   8.7855E+07 -1.3920E+06 -2.4630E+06
0006540   8.8241E+07  3.0464E+05 -1.0886E+06
0006541   9.0692E+07 -1.5591E+06  4.7826E+04
0006542   8.8168E+07 -1.8084E+06  8.0203E+05
0006543   9.2100E+07 -1.1195E+06 -1.6160E+06
0006544   8.8481E+07  2.0441E+06 -4.3095E+06
0006545   8.8797E+07 -3.0694E+06 -1.4295E+05
0006546   8.8035E+07 -1.7697E+06  4.2785E+06
0006547   9.1574E+07  7.3403E+04  3.9336E+06
0006548   9.1556E+07 -2.0375E+06 -2.3915E+04
0006549   8.9409E+07  7.3039E+06 -5.6705E+06
0006550   9.1333E+07  1.3450E+06 -2.3116E+06
0006551   8.9482E+07  5.5219E+06 -2.4792E+06
0006552   8.9469E+07 -1.1681E+06  1.7919E+05
0006553   8.6471E+07  3.6467E+06 -4.8464E+06
0006554   9.0051E+07  3.0601E+06 -4.0736E+06
0006555   8.9872E+07  1.2008E+06  3.0506E+05
0006556   8.9998E+07 -3.8132E+06  1.7909E+06
0006557   9.1037E+07 -2.1654E+06 -9.2514E+05
0006558   8.8605E+07 -6.4057E+05  2.4568E+06
0006559   9.0765E+07 -2.3505E+06 -1.9453E+06
0006560   9.3029E+07 -2.3532E+06 -1.6771E+06
0006561   9.2144E+07  8.4677E+05 -1.6617E+06
0006562   8.9809E+07  3.7232E+06  1.4678E+06
0006563   9.0619E+07 -9.9874E+05  1.5254E+05
0006564   9.2088E+07  2.8812E+06  7.4622E+05
0006565   8.8337E+07  7.2034E+03  2.2510E+05
0006566   9.0226E+07  8.9915E+05  6.0525E+06
0006567   8.7673E+07 -6.1219E+05 -1.3911E+06
0006568   8.9428E+07 -1.3472E+06  2.9161E+06
0006569   8.8462E+07 -4.3799E+05  5.7976E+05
0006570   9.3401E+07 -5.2827E+06  5.1738E+05
0006571   8.8841E+07 -1.2293E+06 -2.2390E+06
0006572   8.9744E+07 -2.2230E+06 -3.8754E+06
0006573   9.1335E+07 -2.4210E+06 -4.3101E+06
0006574   8.7415E+07 -1.9017E+05 -6.2621E+05
0006575   8.8829E+07 -1.7042E+06  2.8689E+06
0006576   9.1803E+07  3.2172E+06  1.3224E+06
0006577   9.0464E+07  1.4518E+06  1.6890E+06
0006578   8.4910E+07 -1.4253E+05  1.0766E+06
0006579   8.9100E+07  1.5285E+06 -1.1452E+06
0006580   8.9382E+07 -3.2610E+06 -6.2407E+06
0006581   9.0691E+07  1.0845E+06  9.8203E+06
0006582   8.9220E+07 -1.5731E+05  8.2747E+04
0006583   9.1501E+07  8.1178E+05 -8.5249E+05
0006584   8.7127E+07 -2.4113E+06 -1.9828E+06
0006585   8.8615E+07  4.7325E+06 -3.5997E+05
0006586   9.0597E+07  1.4804E+06 -5.4517E+06
0006587   8.8065E+07  8.6330E+05  1.9081E+06
0006588   8.9125E+07 -2.2446E+06 -4.1438E+06
0006589   9.0667E+07 -8.2900E+04 -7.9697E+05
0006590   8.9039E+07 -1.6102E+06  9.6119E+05
0006591   9.1583E+07 -2.0160E+06 -4.9749E+05
0006592   9.0589E+07  2.2805E+06  2.5472E+05
0006593   9.0408E+07  2.4634E+05  4.0584E+06
0006594   9.1163E+07  5.3102E+06  5.4030E+06
0006595   8.9650E+07 -2.0636E+05  8.1674E+05
0006596   9.1658E+07 -3.7215E+06  3.7916E+06
0006597   9.0086E+07  1.4260E+06  1.3954E+06
0006598   9.1728E+07 -4.8739E+06 -2.3100E+06
0006599   9.2437E+07  7.0586E+04  1.4909E+06
0006600   8.7419E+07  2.1584E+06  2.4802E+06
0006601   8.9428E+07  8.7347E+05 -6.9195E+05
0006602   8.8347E+07 -1.0470E+06 -3.9170E+06
0006603   8.5621E+07  2.2870E+06 -9.5398E+06
0006604   8.9213E+07  1.3576E+06  2.0815E+06
0006605   8.9051E+07  2.6043E+06 -9.4242E+05
0006606   8.9769E+07 -2.0078E+05 -2.7197E+06
0006607   9.0227E+07 -1.1505E+06 -1.0185E+06
0006608   8.9557E+07  1.6267E+06 -2.6615E+06
0006609   8.8672E+07  1.5581E+05 -1.2055E+05
0006610   8.9333E+07 -1.7889E+05  7.2209E+05
0006611   8.8125E+07  2.0011E+06 -1.3254E+06
0006612   8.8308E+07 -1.6453E+06  4.9785E+06
0006613   8.8868E+07 -1.0166E+06  1.9374E+06
0006614   8.9192E+07  1.7331E+06 -8.8390E+05
0006615   8.6993E+07  4.1900E+06  3.4383E+06
0006616   8.8331E+07  1.9149E+06  2.6917E+06
0006617   8.8169E+07 -1.8121E+06  6.7683E+05
0006618   9.1695E+07  9.7601E+05  1.6761E+06
0006619   9.1104E+07 -9.0831E+05 -2.5814E+06
0006620   8.6357E+07  8.5286E+05 -3.6516E+06
0006621   8.8849E+07  6.5559E+05 -2.4031E+06
0006622   8.9842E+07  1.6713E+05  4.1873E+05
0006623   9.0976E+07 -3.7910E+06  3.7631E+06
0006624   8.9432E+07 -5.9960E+05 -6.7279E+05
0006625   9.2212E+07 -5.4819E+05 -5.2422E+05
0006626   8.9082E+07  1.3468E+06  1.0315E+06
0006627   9.0989E+07 -6.1625E+05  5.4858E+05
0006628   9.0064E+07 -5.8561E+05 -3.2158E+06
0006629   9.2729E+07  3.4708E+05 -1.6223E+06
0006630   9.0467E+07 -1.2820E+06  4.0332E+06
0006631   9.0222E+07  1.5353E+06  3.7365E+06
0006632   8.8608E+07 -2.7851E+06  8.1207E+05
0006633   9.1500E+07  1.9161E+05 -7.8695E+05
0006634   9.1298E+07  1.9009E+06  3.2729E+06
0006635   8.7849E+07 -3.6843E+06  2.4661E+06
0006636   9.1469E+07 -2.3225E+06 -6.6003E+04
0006637   8.9447E+07 -3.6793E+06  4.6919E+06
0006638   8.7075E+07 -1.1222E+06  3.7192E+06
0006639   9.1412E+07  2.0698E+06  2.6254E+06
0006640   8.8487E+07  8.8640E+05 -1.3453E+06
0006641   8.6109E+07 -8.6028E+05 -4.3657E+05
0006642   9.0065E+07  3.0942E+06 -2.3247E+06
0006643   8.7504E+07  2.1653E+06  9.8081E+05
0006644   9.1323E+07  2.2064E+06  4.8808E+05
0006645   9.0552E+07  3.1812E+06  1.3033E+06
0006646   9.1327E+07  1.1519E+06  5.5524E+04
0006647   9.0314E+07 -2.0013E+05 -4.0712E+06
0006648   9.0969E+07  5.4390E+05 -6.1899E+05
0006649   9.0296E+07  6.4773E+05  1.2695E+06
0006650   9.2274E+07 -1.0800E+06 -1.5523E+06
0006651   8.6572E+07 -7.8058E+05 -2.6957E+06
0006652   9.1059E+07 -8.0434E+05  1.2011E+06
0006653   9.0360E+07 -2.6000E+05  2.6718E+06
0006654   9.3734E+07 -6.0381E+05 -2.8945E+06
0006655   8.8930E+07 -1.2130E+06  2.8662E+04
0006656   9.1404E+07  4.0723E+06  2.8445E+06
0006657   8.7588E+07  1.2272E+07  2.9819E+06
0006658   9.1224E+07 -9.5116E+05  2.1990E+05
0006659   8.8889E+07  1.1124E+06 -1.2834E+06
0006660   8.9340E+07  1.1182E+06 -2.9536E+05
0006661   8.9936E+07 -7.1136E+05 -2.9529E+06
0006662   9.0529E+07 -7.5107E+05  1.0244E+06
0006663   9.1231E+07 -4.1963E+05 -1.7685E+06
0006664   8.9850E+07  9.5050E+05  1.7831E+06
0006665   8.7054E+07 -7.3172E+05 -7.4660E+06
0006666   9.0442E+07  4.4478E+05 -2.8631E+06
0006667   8.9179E+07  1.5420E+06 -4.3254E+05
0006668   8.9683E+07 -3.0296E+06 -2.6673E+06
0006669   8.8606E+07 -3.6907E+05 -2.6355E+06
0006670   8.8617E+07  3.5197E+06 -1.7912E+06
0006671   8.7945E+07  1.6659E+06 -8.4887E+05
0006672   9.1386E+07  1.6479E+06 -8.9143E+05
0006673   8.9828E+07  2.2192E+06  2.4802E+06
0006674   9.0149E+07  1.7808E+06 -8.7577E+05
0006675   8.9416E+07  2.0993E+06 -2.5208E+06
0006676   9.0597E+07 -1.1051E+06 -3.2722E+06
0006677   9.1277E+07 -1.0472E+06  2.9038E+06
0006678   8.8546E+07 -1.6750E+05 -6.4040E+06
0006679   8.7007E+07 -1.7292E+06  1.8682E+06
0006680   8.7779E+07  4.6784E+05 -1.3391E+06
0006681   8.9430E+07  1.6933E+05  8.4044E+05
0006682   8.9389E+07 -4.8188E+06 -2.0111E+06
0006683   8.7980E+07 -4.4600E+05 -1.0998E+05
0006684   9.0774E+07  7.3001E+03 -2.2713E+06
0006685   8.8257E+07  7.5708E+05 -3.3859E+05
0006686   8.9258E+07 -6.7012E+05 -1.4836E+05
0006687   8.8811E+07  6.1567E+05 -5.9151E+05
0006688   9.1191E+07  8.7653E+05  1.7561E+06
0006689   8.7570E+07  2.9486E+06  3.7552E+05
0006690   8.8947E+07  1.1864E+06 -5.7976E+06
0006691   8.9273E+07 -1.7538E+06 -8.0988E+05
0006692   8.8647E+07  5.4118E+05  1.4663E+06
0006693   8.8088E+07  2.0291E+06  1.8643E+06
0006694   8.7579E+07  2.1854E+06  6.8196E+05
0006695   8.9104E+07  4.2480E+06 -1.2604E+06
0006696   8.7946E+07 -1.5553E+06 -2.0970E+05
0006697   9.0860E+07 -5.8036E+05 -2.9871E+06
0006698   9.0112E+07 -1.6778E+06  2.2076E+05
0006699   8.8908E+07  1.3525E+05 -4.5020E+06
0006700   8.5913E+07 -6.5676E+06 -2.3975E+06
0006701   8.8780E+07  2.3331E+06 -2.5823E+06
0006702   9.0649E+07  1.1634E+06  2.8639E+06
0006703   8.8761E+07  5.1385E+06 -1.9212E+06
0006704   8.9594E+07 -1.0202E+06 -9.3998E+05
0006705   8.9381E+07 -3.3516E+05  2.4789E+06
0006706   8.9664E+07  1.5294E+04 -2.9304E+05
0006707   8.8785E+07 -7.4851E+05  1.2549E+06
0006708   9.1329E+07 -5.5105E+05 -7.4436E+05
0006709   9.1116E+07  1.6454E+06  1.8275E+06
0006710   9.1506E+07 -8.7465E+03  1.4380E+06
0006711   9.0951E+07 -1.5456E+06  9.4282E+05
0006712   8.7388E+07  1.0103E+06  2.0393E+05
0006713   9.1753E+07  6.5902E+04  3.8193E+05
0006714   8.9629E+07 -8.4151E+05  2.9562E+05
0006715   9.2183E+07  3.6120E+06  8.1381E+05
0006716   8.8418E+07  9.1738E+05  1.3807E+06
0006717   9.1269E+07 -4.2184E+05 -3.7107E+06
0006718   8.9336E+07 -4.0523E+06  1.6652E+06
0006719   9.0486E+07 -8.4151E+05 -1.9265E+05
0006720   8.6237E+07 -4.9648E+06  3.3274E+05
0006721   8.8459E+07 -8.4435E+05 -4.6614E+06
0006722   9.1502E+07  7.0362E+06 -5.8220E+06
0006723   9.0988E+07 -8.4266E+05  3.0002E+06
0006724   8.9858E+07  2.0103E+06  6.1522E+05
0006725   9.0952E+07 -1.3580E+05  2.2729E+06
0006726   9.2561E+07  1.2674E+06 -1.7587E+06
0006727   9.2134E+07  4.6061E+05  3.0529E+06
0006728   9.2435E+07  2.0953E+06 -1.0623E+06
0006729   8.8732E+07 -1.1497E+06  3.9495E+05
0006730   9.0652E+07  3.8213E+06 -4.6433E+04
0006731   8.8152E+07  1.8362E+06 -1.4922E+06
0006732   8.9881E+07  1.5626E+06 -2.3854E+06
0006733   9.2591E+07  3.8591E+06  8.6198E+05
0006734   9.0857E+07 -2.1405E+06  1.1677E+05
0006735   8.9214E+07  1.4157E+06  2.0945E+06
0006736   8.9690E+07 -4.3889E+06 -1.5463E+06
0006737   9.1819E+07 -7.7524E+05 -4.8731E+05
0006738   9.0344E+07  2.1281E+06  3.8447E+05
0006739   8.8845E+07  2.1496E+06  2.1684E+06
0006740   8.8812E+07 -1.8809E+06 -2.4987E+06
0006741   8.9265E+07  4.9962E+05  1.4325E+06
0006742   8.9707E+07  2.4292E+05  2.8918E+06
0006743   9.2318E+07 -2.3049E+05 -1.0718E+05
0006744   9.1008E+07 -2.3773E+06  2.3699E+06
0006745   9.0567E+07  1.3993E+06  3.5611E+06
0006746   8.8934E+07 -2.7559E+06 -7.3849E+04
0006747   8.8227E+07  8.4967E+05 -1.0369E+06
0006748   9.2090E+07  4.1443E+06  5.1556E+06
0006749   8.8232E+07  2.4254E+06  1.1129E+06
0006750   9.2419E+07  1.3030E+06 -1.0843E+05
0006751   8.5315E+07  3.5748E+06  1.6115E+06
0006752   9.0621E+07  1.2559E+06  1.8747E+06
0006753   8.7945E+07 -4.4317E+06 -6.1340E+06
0006754   8.8395E+07 -4.6524E+06 -4.0828E+06
0006755   9.0351E+07 -7.6212E+05 -7.5561E+06
0006756   8.8726E+07 -3.1663E+05  2.8434E+06
0006757   8.9010E+07  8.6801E+05 -2.3952E+06
0006758   9.0190E+07  5.5629E+05 -1.3988E+06
0006759   9.0224E+07 -1.3918E+06  2.5408E+06
0006760   9.2032E+07 -1.5203E+05  8.8589E+05
0006761   8.7926E+07  2.7139E+06  2.8934E+04
0006762   8.9022E+07  4.8726E+05 -2.4885E+06
0006763   9.1713E+07 -1.9417E+06 -1.9596E+05
0006764   9.1578E+07 -8.4211E+05  1.2280E+06
0006765   8.9753E+07  7.5208E+05 -8.1597E+05
0006766   8.9590E+07  1.7984E+06 -4.3523E+05
0006767   9.2335E+07  1.7334E+06  1.7126E+06
0006768   8.8854E+07  3.9095E+06 -4.2351E+06
0006769   9.0346E+07  6.8783E+06  4.8995E+06
0006770   9.0558E+07  6.9432E+05 -8.1333E+05
0006771   9.0581E+07 -4.5460E+05 -3.0185E+05
0006772   9.0210E+07  1.1102E+05  5.6352E+04
0006773   8.7912E+07 -7.6244E+05  1.0409E+06
0006774   8.9274E+07  8.9736E+05 -3.2839E+05
0006775   9.1380E+07  1.3836E+06  7.1469E+05
0006776   9.0268E+07 -9.9708E+05  1.8072E+06
0006777   9.1539E+07  3.6015E+05  2.4633E+06
0006778   9.0001E+07  2.1788E+06  6.2905E+05
0006779   8.9105E+07  1.5036E+06  1.4446E+06
0006780   8.9887E+07 -1.0366E+06 -9.7384E+05
0006781   9.0890E+07  5.7631E+05 -3.6416E+06
0006782   9.1937E+07 -2.8804E+06 -1.9428E+06
0006783   8.9150E+07 -2.8607E+05 -2.3189E+06
0006784   8.9369E+07 -3.1749E+06 -2.8689E+06
0006785   8.8613E+07 -5.1482E+05 -1.8831E+05
0006786   8.9512E+07 -2.0733E+06 -4.5701E+06
0006787   8.8645E+07  3.6074E+06 -1.8830E+06
0006788   8.9298E+07  1.1061E+06 -5.5534E+05
0006789   9.0214E+07  2.3365E+06  1.5650E+05
0006790   8.8891E+07  1.5431E+06 -6.6164E+04
0006791   9.1462E+07  2.5705E+06 -1.8997E+06
0006792   9.1350E+07  4.2859E+05 -4.5018E+05
0006793   8.9290E+07  1.3148E+06  1.5908E+06
0006794   9.2830E+07  1.2294E+06 -9.3774E+05
0006795   8.7388E+07  3.5305E+04  2.8120E+06
0006796   9.1572E+07  4.8158E+06  1.6415E+06
0006797   9.0186E+07 -3.8000E+06 -2.3251E+06
0006798   8.8986E+07 -1.8176E+06  3.0583E+05
0006799   9.0172E+07 -3.9065E+05 -1.8208E+06
0006800   8.8954E+07 -2.9434E+06 -2.7624E+06
0006801   8.9331E+07  5.5246E+05 -1.6293E+06
0006802   9.0371E+07 -3.9498E+05  1.6875E+05
0006803   9.1655E+07  1.5332E+06 -1.0841E+05
0006804   8.8630E+07  1.3200E+06  2.1793E+05
0006805   9.0903E+07 -2.2477E+06 -3.0374E+06
0006806   9.0257E+07  1.5258E+06  1.6051E+05
0006807   9.1523E+07 -2.5078E+06 -3.6832E+05
0006808   9.0314E+07  1.2062E+06 -5.2582E+05
0006809   9.0098E+07  3.4312E+06  1.7972E+06
0006810   9.0272E+07 -2.5520E+06 -1.3866E+05
0006811   8.8953E+07  2.4568E+05  8.4934E+05
0006812   9.0346E+07  2.4597E+06  1.2280E+06
0006813   8.7202E+07 -1.7138E+06  9.3349E+05
0006814   9.1302E+07  4.9757E+05 -9.2746E+05
0006815   8.8923E+07 -2.6232E+06  2.1310E+06
0006816   9.0782E+07  1.3886E+06  1.9748E+06
0006817   8.9336E+07 -2.7432E+06  4.3750E+06
0006818   9.0230E+07 -3.7550E+06  1.0896E+06
0006819   9.1152E+07  2.0737E+06 -6.5779E+05
0006820   9.0954E+07  1.5133E+06 -1.8941E+06
0006821   8.8956E+07 -9.4041E+05 -2.4959E+06
0006822   9.1995E+07  1.1424E+06 -1.6405E+06
0006823   8.8979E+07  2.0420E+06 -9.9603E+05
0006824   9.0849E+07  1.7623E+06  1.3818E+06
0006825   8.9168E+07 -5.3345E+06 -4.5403E+06
0006826   9.0199E+07  6.0507E+04 -4.9567E+05
0006827   9.1379E+07 -5.9701E+05  8.7982E+04
0006828   8.7436E+07 -2.1497E+05 -1.5410E+06
0006829   8.7380E+07  1.5707E+06 -8.9680E+05
0006830   9.1264E+07  3.4755E+06  2.3600E+06
0006831   9.0626E+07 -3.4905E+06 -3.4573E+06
0006832   9.1358E+07  1.4768E+06  2.0007E+06
0006833   9.0521E+07  6.3712E+06 -3.3240E+06
0006834   8.8870E+07  3.9888E+06 -2.4398E+06
0006835   9.1578E+07 -1.1044E+06  5.9128E+04
0006836   8.7121E+07  5.9519E+06  6.2458E+05
0006837   8.9420E+07  6.0441E+06  3.9096E+06
0006838   9.1456E+07  1.7711E+06 -7.5777E+04
0006839   9.0026E+07  2.8616E+05 -1.5484E+06
0006840   8.9659E+07 -2.8385E+06  4.8067E+04
0006841   8.8840E+07  1.1278E+06 -3.0137E+06
0006842   9.0619E+07 -3.5365E+06  1.0670E+06
0006843   9.0120E+07  2.2297E+06  2.3369E+06
0006844   9.1344E+07  1.3825E+06  1.0662E+03
0006845   8.9310E+07  1.6103E+06  1.8059E+06
0006846   9.0984E+07 -4.4614E+05  2.4268E+06
0006847   8.8282E+07 -9.0380E+05  7.3763E+05
0006848   8.9515E+07 -2.5691E+05 -2.2413E+06
0006849   8.8393E+07  2.1432E+06 -2.6868E+06
0006850   8.8928E+07  1.0090E+06  9.1568E+05
0006851   8.8068E+07 -6.3132E+06 -5.8574E+06
0006852   8.8721E+07 -1.6468E+06 -8.7544E+05
0006853   9.0811E+07 -1.0576E+06  9.1074E+05
0006854   9.0133E+07  2.7641E+05  6.9866E+05
0006855   8.8788E+07  7.7797E+05 -1.1411E+06
0006856   9.0655E+07 -7.3208E+05  6.6443E+05
0006857   8.8399E+07  9.1969E+05  2.3872E+06
0006858   8.7824E+07  1.1727E+06  2.0680E+06
0006859   8.9456E+07  1.8520E+06  2.3793E+06
0006860   8.9697E+07  1.4821E+06 -6.3385E+06
0006861   9.0281E+07  1.9378E+06  2.2307E+06
0006862   9.2725E+07  2.5707E+06  1.7260E+06
0006863   8.8445E+07 -1.9374E+06 -6.2554E+06
0006864   8.7671E+07 -2.8871E+06  1.2571E+06
0006865   8.7852E+07 -3.5741E+06  1.3238E+06
0006866   8.7907E+07 -6.5966E+05 -1.6020E+06
0006867   8.9422E+07  8.8073E+05 -1.5592E+06
0006868   8.8552E+07  2.5288E+06  2.2040E+05
0006869   8.8266E+07 -5.0489E+06  5.4501E+05
0006870   8.9351E+07 -9.2535E+05 -2.4824E+05
0006871   8.9596E+07  3.0685E+06 -1.7764E+06
0006872   8.9816E+07  1.0808E+06  1.4100E+06
0006873   8.7696E+07 -5.7338E+04  3.1025E+05
0006874   8.9350E+07  4.8850E+05  2.4582E+06
0006875   9.1508E+07 -1.3010E+05  2.0422E+05
0006876   9.0777E+07  1.3833E+05  1.1399E+06
0006877   8.9584E+07 -2.6942E+05 -6.6143E+05
0006878   9.0906E+07  3.0077E+06 -6.8153E+04
0006879   8.8278E+07 -3.7015E+06 -7.3031E+06
0006880   9.2455E+07 -2.6015E+05  3.2932E+06
0006881   8.7764E+07  3.4770E+06  1.7513E+06
0006882   8.9219E+07  2.6971E+06 -2.1185E+06
0006883   8.8901E+07  1.4932E+05  1.7474E+06
0006884   8.9202E+07 -7.2700E+05  3.1541E+06
0006885   9.0105E+07 -1.4660E+06 -7.2497E+05
0006886   8.8319E+07 -5.9687E+05 -2.9073E+06
0006887   8.9191E+07 -8.3545E+05 -4.4228E+06
0006888   8.8724E+07  2.8360E+06  1.4895E+05
0006889   9.0745E+07  9.8145E+05  2.7714E+06
0006890   8.7259E+07  3.2173E+05  5.3447E+05
0006891   8.9893E+07 -3.4566E+05  3.6365E+06
0006892   8.7857E+07  2.8596E+05  4.7467E+05
0006893   9.0405E+07 -3.4231E+05  9.2481E+05
0006894   8.9553E+07  7.7159E+05  1.0327E+06
0006895   9.0165E+07 -2.4841E+06 -8.0593E+05
0006896   8.8909E+07  3.1308E+05 -3.4325E+05
0006897   8.9201E+07 -2.2451E+05  5.1804E+05
0006898   9.0537E+07 -6.6878E+05 -1.1024E+06
0006899   9.0624E+07 -1.9631E+06 -1.2952E+06
0006900   8.9460E+07 -6.5809E+05  1.5496E+06
0006901   9.2184E+07  1.4116E+06 -2.9348E+05
0006902   8.8009E+07  1.3890E+05  1.3255E+06
0006903   9.2107E+07 -1.2836E+06 -1.5254E+06
0006904   9.1693E+07 -5.2325E+05  4.8293E+06
0006905   8.9448E+07 -8.0881E+05  1.4482E+06
0006906   9.0882E+07  7.2290E+05 -1.6672E+06
0006907   9.0497E+07  1.3302E+06 -2.1318E+05
0006908   8.7181E+07 -9.0039E+05  8.9225E+06
0006909   8.9646E+07  3.2754E+05  2.8981E+06
0006910   9.1049E+07 -2.4273E+06  2.5028E+06
0006911   9.1800E+07  1.2231E+06 -1.7144E+06
0006912   9.1786E+07 -2.6721E+06  1.3586E+06
0006913   9.0671E+07 -3.5543E+06  2.8901E+06
0006914   9.0050E+07 -1.1573E+06 -3.5202E+06
0006915   8.9391E+07 -1.3446E+06  3.4520E+04
0006916   9.0021E+07 -5.8729E+06  1.9129E+06
0006917   8.8214E+07 -1.4288E+06 -2.8991E+06
0006918   8.8967E+07 -8.1429E+05 -3.4553E+06
0006919   8.8979E+07 -2.4913E+05  3.7769E+05
0006920   8.8775E+07 -8.2791E+05  2.5595E+06
0006921   9.0162E+07 -9.7219E+04 -2.4386E+06
0006922   8.8600E+07  3.4321E+05 -2.2237E+05
0006923   8.9581E+07  2.2209E+06  3.5729E+06
0006924   8.9703E+07 -5.0391E+04 -1.0402E+04
0006925   8.9811E+07 -1.3851E+06 -2.1648E+06
0006926   8.8797E+07  9.8345E+05  9.1803E+05
0006927   9.1601E+07  1.7946E+05  1.6044E+05
0006928   8.9332E+07 -1.4020E+06  1.4862E+06
0006929   8.9954E+07  1.5512E+06 -1.3104E+06
0006930   9.0820E+07  2.5242E+06 -1.8064E+06
0006931   9.0861E+07 -1.5698E+06 -2.2125E+06
0006932   8.8435E+07 -4.4070E+05 -1.2793E+05
0006933   8.7541E+07  1.9385E+06  5.7367E+06
0006934   8.8505E+07 -2.7359E+05  3.0768E+06
0006935   8.9746E+07 -4.6304E+05  2.8479E+06
0006936   9.1601E+07  1.0238E+06  3.7872E+06
0006937   9.0672E+07 -1.4817E+06  4.0245E+05
0006938   9.1947E+07 -1.5825E+06 -2.1701E+06
0006939   8.9281E+07 -7.9721E+04  1.6886E+06
0006940   9.0174E+07  6.0378E+04  2.4061E+06
0006941   8.9184E+07 -2.4478E+05  6.7184E+04
0006942   9.1412E+07  1.5099E+06  5.2658E+05
0006943   9.0825E+07 -1.8277E+06  2.6177E+06
0006944   9.0647E+07 -1.2958E+06  2.7903E+06
0006945   9.1582E+07  1.4001E+06 -3.2598E+06
0006946   9.0284E+07  7.5852E+05 -7.0527E+05
0006947   9.0692E+07  4.7170E+05 -1.5962E+06
0006948   8.8549E+07 -1.1698E+06  2.8145E+05
0006949   9.3145E+07  1.9138E+06  2.0464E+06
0006950   9.3857E+07  1.1580E+06  3.5880E+06
0006951   9.2576E+07 -9.1141E+05 -1.6607E+06
0006952   9.0467E+07 -9.1035E+05  9.3185E+05
0006953   8.9174E+07  1.9723E+06  4.9104E+05
0006954   8.8725E+07  1.2194E+06 -2.1753E+06
0006955   8.8813E+07 -2.8892E+06  1.5540E+06
0006956   9.1061E+07  3.8029E+06 -2.5829E+06
0006957   8.8084E+07  2.0440E+06 -4.5984E+06
0006958   9.2227E+07 -8.0224E+05 -8.2115E+05
0006959   9.4849E+07 -2.5434E+06 -3.5052E+06
0006960   9.0849E+07 -2.0734E+06  3.6308E+05
0006961   8.8914E+07 -9.7758E+05  6.1252E+05
0006962   8.9438E+07  2.4040E+06 -2.5562E+06
0006963   9.0460E+07 -2.1970E+06  4.3059E+05
0006964   8.7297E+07  4.0511E+06 -4.2690E+05
0006965   8.9994E+07  8.9641E+06 -5.8433E+06
0006966   9.0401E+07 -3.8878E+06 -8.3260E+05
0006967   9.1028E+07  1.2376E+06  3.4838E+05
0006968   8.6814E+07 -1.0348E+06  1.7326E+06
0006969   8.9130E+07 -1.6953E+06  4.3697E+06
0006970   8.9749E+07  2.1347E+06 -9.1579E+05
0006971   8.9378E+07  1.9754E+06 -3.2643E+06
0006972   8.9975E+07 -9.7367E+05 -3.2190E+06
0006973   9.1554E+07  4.1746E+05 -2.4195E+06
0006974   8.9574E+07  7.4065E+05 -4.9393E+05
0006975   8.8252E+07 -1.8165E+05  1.2984E+06
0006976   9.0060E+07  2.0633E+05  2.9843E+06
0006977   8.9090E+07 -2.1902E+06  3.9378E+05
0006978   8.9184E+07  7.7512E+04  6.5818E+06
0006979   9.0285E+07  9.7062E+05 -6.4768E+04
0006980   8.8545E+07  2.9234E+05  1.1134E+06
0006981   9.0425E+07  1.1626E+05 -5.7427E+06
0006982   8.9199E+07  4.2276E+05  1.1022E+06
0006983   8.9625E+07  3.2829E+06 -6.4192E+06
0006984   8.8754E+07  2.0673E+06  1.5535E+06
0006985   9.1509E+07  1.6816E+06 -1.3529E+06
0006986   9.0065E+07  1.2658E+06 -2.0285E+06
0006987   8.9832E+07 -2.7166E+06  1.3818E+06
0006988   8.9538E+07  7.3741E+05 -4.1768E+06
0006989   8.8173E+07  1.4020E+05 -4.7602E+05
0006990   8.9109E+07 -1.9767E+06 -1.3634E+06
0006991   8.9415E+07 -1.4235E+05 -9.9481E+05
0006992   8.8539E+07 -1.5275E+06 -1.0884E+06
0006993   8.9498E+07  3.7057E+06 -5.9783E+05
0006994   8.9060E+07 -2.1336E+05 -6.9538E+05
0006995   8.7829E+07  3.0748E+05  5.0820E+05
0006996   8.8026E+07 -7.4243E+05 -1.8217E+06
0006997   8.8499E+07  1.3613E+05 -2.9665E+06
0006998   8.9622E+07 -1.0930E+06  9.5288E+05
0006999   8.9741E+07  2.4501E+06  1.4842E+06
0007000   9.0355E+07 -2.5285E+06 -5.2617E+05
0007001   8.8787E+07 -3.1524E+05 -2.0630E+06
0007002   8.8685E+07 -2.7078E+06 -1.6444E+06
0007003   9.0037E+07  3.7594E+06 -8.8587E+05
0007004   8.9589E+07 -1.9865E+06  8.2919E+04
0007005   9.0584E+07 -3.2249E+05 -2.5049E+04
0007006   9.0531E+07 -2.8370E+06  2.9554E+06
0007007   9.0349E+07 -1.5963E+06  2.7306E+04
0007008   8.8419E+07 -1.2528E+06  2.2230E+06
0007009   8.3933E+07 -8.5357E+06  1.4769E+07
0007010   8.9018E+07  1.4975E+06 -1.0986E+06
0007011   8.8844E+07 -2.0108E+05 -2.7100E+06
0007012   8.9794E+07 -4.2531E+05 -9.8478E+05
0007013   8.9733E+07 -2.5516E+06  1.8898E+06
0007014   8.8560E+07 -2.4354E+06 -1.7285E+03
0007015   8.9505E+07 -1.8089E+06 -1.4062E+06
0007016   9.1535E+07 -1.4620E+05 -4.3403E+04
0007017   9.1607E+07 -2.3045E+06  2.1480E+06
0007018   9.2723E+07  8.2476E+05 -2.2459E+05
0007019   9.0983E+07 -1.1219E+06 -8.2324E+05
0007020   8.8336E+07 -2.4062E+06 -1.1032E+06
0007021   8.9765E+07  9.8983E+05  9.4078E+05
0007022   8.8180E+07 -1.8473E+06  5.7221E+06
0007023   9.1426E+07 -1.7954E+06 -3.3240E+05
0007024   9.3089E+07 -4.0802E+05  9.7950E+05
0007025   8.8975E+07  7.1671E+05 -1.7792E+06
0007026   9.0621E+07 -1.9585E+06  3.2119E+05
0007027   9.0187E+07  1.9612E+06 -1.3291E+06
0007028   8.8341E+07 -1.7202E+06  9.9899E+05
0007029   9.0177E+07 -7.6503E+05  1.4081E+06
0007030   9.0291E+07  1.8993E+06 -1.0955E+05
0007031   8.7522E+07 -1.1237E+06  1.4403E+06
0007032   9.0329E+07 -3.8881E+06 -5.3025E+05
0007033   9.2351E+07  2.9650E+06 -5.6180E+05
0007034   9.0334E+07 -7.8725E+05 -2.4821E+06
0007035   9.0285E+07  2.8548E+06 -3.6999E+05
0007036   9.0519E+07  6.3754E+05  7.6604E+05
0007037   9.1332E+07 -3.5817E+06  1.0934E+06
0007038   8.9663E+07  9.6984E+05  9.0861E+05
0007039   9.0443E+07  9.8583E+05  1.0096E+06
0007040   8.9346E+07 -1.6786E+06 -9.1947E+05
0007041   9.2371E+07  1.0591E+06 -3.0268E+06
0007042   9.0572E+07  2.1699E+06 -1.2234E+06
0007043   9.1771E+07  9.0082E+05 -1.2048E+06
0007044   8.7902E+07 -3.7136E+06  1.0395E+06
0007045   9.0822E+07 -1.9319E+06  3.6506E+05
0007046   8.9718E+07 -3.7795E+06  2.8965E+05
0007047   8.7974E+07  2.1936E+06 -2.6124E+06
0007048   9.0608E+07  2.4111E+06 -6.6499E+05
0007049   8.7385E+07 -7.8844E+06  2.0904E+06
0007050   8.8859E+07 -8.2695E+05 -1.7002E+06
0007051   8.9662E+07  8.4214E+05 -3.4820E+06
0007052   9.1110E+07  1.0626E+06 -3.3992E+06
0007053   8.9734E+07 -5.4241E+05  1.1183E+06
0007054   9.2089E+07 -3.2925E+05 -1.6452E+06
0007055   8.9119E+07  2.5823E+06  2.3553E+06
0007056   8.9450E+07  1.7209E+06  1.6078E+06
0007057   8.8576E+07 -1.5727E+06  1.2188E+06
0007058   8.7339E+07  1.3377E+06  3.4893E+05
0007059   8.9158E+07  5.7234E+05  7.8217E+06
0007060   9.1196E+07  3.2230E+06  3.3479E+05
0007061   8.8253E+07 -1.1748E+06  7.0283E+05
0007062   9.0721E+07 -2.1615E+05 -5.2909E+04
0007063   9.0799E+07  9.6945E+04  8.9969E+05
0007064   8.9706E+07  1.9755E+06 -3.5808E+05
0007065   9.1199E+07  1.4166E+06 -4.7917E+05
0007066   9.3888E+07 -1.6020E+06 -4.5955E+06
0007067   9.2897E+07 -8.2489E+05  5.5040E+05
0007068   8.9899E+07  1.0507E+06 -7.3852E+05
0007069   9.1555E+07 -4.0005E+04 -7.8983E+05
0007070   9.0031E+07  2.3393E+06  4.6232E+05
0007071   9.0742E+07  1.4537E+06  3.4338E+05
0007072   9.0108E+07 -2.8067E+06  1.2705E+06
0007073   9.0122E+07 -1.1621E+06 -2.0592E+06
0007074   8.9600E+07  1.5035E+06  2.3198E+06
0007075   8.8982E+07 -2.2749E+06 -5.6315E+03
0007076   8.9515E+07  3.6261E+06  2.4313E+06
0007077   8.9460E+07  1.8077E+06  1.9075E+06
0007078   9.0277E+07  1.9285E+06  4.1498E+05
0007079   8.6573E+07 -1.9696E+04 -1.0830E+06
0007080   8.9459E+07  4.6444E+05 -4.1734E+05
0007081   9.1921E+07  5.5012E+06  3.5243E+06
0007082   8.7394E+07 -5.8142E+06  4.6153E+06
0007083   8.8704E+07 -2.8164E+06 -3.1775E+06
0007084   9.2450E+07 -5.3049E+05  1.2985E+06
0007085   9.0153E+07  8.3730E+05 -3.1554E+06
0007086   8.9133E+07 -1.5881E+06  2.6950E+06
0007087   8.9111E+07 -1.6813E+06  9.0261E+04
0007088   8.9837E+07 -1.8836E+05 -2.2420E+05
0007089   9.0213E+07 -1.1682E+06 -2.6792E+06
0007090   9.2442E+07 -2.8995E+06 -4.2477E+04
0007091   8.7641E+07  4.9584E+05 -9.3690E+05
0007092   8.8389E+07 -1.7303E+05 -6.9644E+05
0007093   9.0281E+07 -1.7168E+06  2.4594E+06
0007094   8.6644E+07 -1.5857E+06  6.6270E+05
0007095   8.8740E+07  3.0359E+05 -2.0648E+06
0007096   8.9426E+07 -2.4585E+06 -2.1436E+06
0007097   8.9624E+07 -1.4078E+05 -1.1280E+05
0007098   8.9697E+07  1.5776E+06 -8.1041E+05
0007099   9.0724E+07 -1.9927E+06  2.5719E+05
0007100   8.8373E+07  4.1204E+05 -1.7014E+06
0007101   8.8152E+07  1.0339E+06  4.9551E+05
0007102   9.0297E+07  4.3685E+05 -3.3557E+06
0007103   8.9461E+07 -2.0654E+05  2.8982E+06
0007104   8.7925E+07 -5.2557E+06 -1.1484E+06
0007105   8.9920E+07  1.8657E+06  1.9324E+06
0007106   8.9930E+07  1.0702E+06 -1.9753E+06
0007107   9.0395E+07  2.7085E+06 -1.7618E+06
0007108   9.0105E+07  7.0244E+05  2.8229E+06
0007109   8.8914E+07 -1.0507E+05  8.0434E+05
0007110   9.2064E+07  2.7045E+06  2.1837E+06
0007111   9.0976E+07  4.3026E+05  1.1051E+06
0007112   8.7053E+07  4.9826E+05  2.2809E+05
0007113   8.7736E+07  3.0333E+06  2.2181E+06
0007114   8.8581E+07  1.1983E+06  2.6180E+06
0007115   8.9183E+07 -5.5946E+05 -1.4316E+05
0007116   9.1697E+07  2.5717E+06  6.3955E+06
0007117   8.9630E+07 -1.0701E+06 -1.5890E+06
0007118   9.0595E+07  1.6158E+06  3.3890E+06
0007119   9.1280E+07 -2.2966E+06 -6.9948E+05
0007120   8.8856E+07 -8.0940E+05  2.7742E+05
0007121   8.9674E+07 -4.3672E+05 -4.2960E+06
0007122   8.9950E+07  1.3635E+05  5.3817E+04
0007123   8.7698E+07  3.0408E+04 -9.0754E+05
0007124   8.9977E+07  1.0600E+06  2.4901E+06
0007125   8.8408E+07  4.3733E+05 -1.8822E+06
0007126   9.1955E+07  1.2596E+06  3.6107E+06
0007127   9.0004E+07  8.0839E+05  1.3841E+06
0007128   8.8780E+07  9.3590E+05 -1.9867E+06
0007129   9.1462E+07 -3.8688E+06 -6.7548E+05
0007130   8.6623E+07  1.8695E+06  4.2731E+06
0007131   8.9461E+07 -1.3370E+06 -1.2473E+06
0007132   9.0112E+07 -4.8915E+06  1.1462E+06
0007133   8.9016E+07  2.4881E+06 -2.0733E+05
0007134   9.0237E+07 -2.3352E+06 -8.5795E+05
0007135   8.8609E+07 -1.4111E+06 -2.9402E+06
0007136   9.0718E+07 -2.8005E+06 -1.2378E+06
0007137   8.8300E+07  4.1852E+05  2.9123E+06
0007138   8.6993E+07  4.7718E+04  3.5632E+06
0007139   8.8637E+07  8.5219E+05 -3.0349E+05
0007140   9.0546E+07 -4.8070E+06  6.5716E+06
0007141   9.0665E+07 -1.5769E+06  3.7937E+06
0007142   8.8458E+07 -4.0342E+06 -1.5217E+06
0007143   9.0091E+07 -5.2065E+04 -2.8523E+06
0007144   8.8952E+07 -2.7802E+06 -5.8254E+05
0007145   9.1055E+07  9.0057E+05 -1.6702E+06
0007146   8.7889E+07 -2.0512E+06 -2.2204E+06
0007147   8.9457E+07 -4.2459E+06  3.0244E+05
0007148   9.0634E+07 -3.9750E+06 -6.1542E+06
0007149   8.9305E+07 -3.1750E+06  3.9513E+05
0007150   8.8109E+07 -8.2609E+05 -1.0834E+05
0007151   9.0012E+07 -7.6049E+05  2.5355E+06
0007152   9.1067E+07  1.5422E+06  1.5532E+06
0007153   9.0740E+07  6.0553E+05  2.2112E+06
0007154   8.7936E+07 -3.8443E+05 -3.4933E+06
0007155   8.9195E+07 -2.0203E+05  2.2045E+06
0007156   9.0984E+07 -2.3266E+06 -2.0030E+06
0007157   8.9341E+07  1.4684E+06  1.7543E+06
0007158   8.8402E+07 -1.1256E+06 -2.4336E+05
0007159   8.8770E+07  2.5933E+05  1.8828E+05
0007160   8.9492E+07 -1.0384E+05 -3.4697E+05
0007161   9.1499E+07  1.7412E+06  3.3304E+06
0007162   8.9534E+07  1.6024E+06 -2.0182E+06
0007163   8.9500E+07  3.1233E+04  1.1317E+06
0007164   8.8544E+07  7.5591E+05 -2.1270E+06
0007165   8.9991E+07 -4.4815E+05 -5.3739E+05
0007166   8.7886E+07  1.2335E+06  2.1629E+06
0007167   8.6739E+07 -2.3541E+06  1.0314E+05
0007168   9.0043E+07  3.2886E+06 -3.3498E+06
0007169   9.0227E+07 -2.6451E+05 -1.3353E+06
0007170   8.9174E+07 -3.0334E+06  1.8920E+06
0007171   8.8145E+07 -9.9280E+05 -4.1749E+06
0007172   9.0544E+07  3.7774E+05  3.2375E+06
0007173   9.2225E+07  4.5830E+06  1.2020E+06
0007174   8.9915E+07  2.1591E+06 -3.3583E+06
0007175   8.9456E+07 -2.1327E+06  2.8651E+06
0007176   8.9559E+07 -1.9659E+06  2.4837E+06
0007177   8.9013E+07  5.2113E+05 -3.3740E+06
0007178   8.9346E+07  3.9954E+05  1.7512E+06
0007179   9.1184E+07 -2.6462E+06 -2.7498E+06
0007180   8.8564E+07  9.2076E+05 -3.8413E+06
0007181   9.2203E+07 -8.6982E+05  3.0194E+06
0007182   8.9406E+07 -1.6801E+06 -1.5758E+06
0007183   8.8316E+07 -1.7129E+06  5.1220E+05
0007184   8.9153E+07 -3.8827E+06  1.8032E+06
0007185   8.9944E+07  6.7458E+05  2.1464E+06
0007186   8.9931E+07  1.0761E+06 -2.3395E+06
0007187   9.2536E+07  6.2533E+05 -9.2779E+05
0007188   8.9493E+07  1.5844E+06  5.6826E+05
0007189   9.0680E+07 -1.4399E+06 -1.5807E+06
0007190   9.1653E+07 -5.5303E+05  3.3360E+06
0007191   9.0609E+07  1.6966E+06 -4.0631E+06
0007192   9.1887E+07 -4.3360E+06  1.2506E+05
0007193   8.8732E+07 -1.0800E+06  3.5209E+06
0007194   9.0704E+07  1.1185E+06  9.6559E+05
0007195   9.0101E+07  1.3736E+06 -1.4211E+06
0007196   8.7735E+07  6.2878E+05  2.9826E+05
0007197   8.8281E+07 -3.2922E+05 -1.5206E+06
0007198   8.8237E+07 -1.8914E+05 -8.9530E+05
0007199   8.9083E+07  2.0054E+06 -4.0431E+06
0007200   8.7805E+07 -6.1291E+05 -1.0033E+06
0007201   9.0671E+07 -8.7273E+05 -4.5425E+05
0007202   9.0802E+07  1.5834E+06  3.4297E+04
0007203   8.8056E+07  3.3243E+06  8.0053E+04
0007204   8.9006E+07  2.4983E+06  2.8341E+05
0007205   9.0647E+07 -6.0311E+04 -2.4172E+06
0007206   9.2495E+07  1.4274E+06 -2.3627E+06
0007207   9.0889E+07 -6.2589E+05  1.9211E+06
0007208   8.9560E+07  3.2568E+05 -1.1043E+06
0007209   9.0157E+07  2.3045E+06 -2.8899E+05
0007210   8.1261E+07  5.4727E+06  2.4130E+07
0007211   8.7293E+07 -3.7934E+05  9.4611E+05
0007212   9.1162E+07  2.0542E+06  4.0122E+05
0007213   9.1361E+07  3.9731E+06 -1.6048E+06
0007214   8.8614E+07  3.5146E+05  9.9573E+05
0007215   9.1642E+07  1.0412E+06 -1.1622E+06
0007216   9.2754E+07  2.1865E+06  2.4097E+06
0007217   9.0842E+07 -1.0744E+06 -6.6533E+05
0007218   8.8424E+07  3.4973E+05  1.3025E+06
0007219   9.0280E+07 -2.2344E+06 -2.7359E+06
0007220   9.2057E+07 -2.5208E+06 -3.3153E+06
0007221   9.0179E+07  2.1315E+05 -1.3158E+06
0007222   9.0999E+07  1.3053E+06 -1.1736E+06
0007223   8.9405E+07 -4.2949E+05  1.9603E+06
0007224   8.9573E+07  1.0225E+06 -2.5928E+06
0007225   9.0073E+07 -1.3132E+06 -3.4467E+06
0007226   9.0895E+07  7.7801E+05 -1.0433E+05
0007227   9.0800E+07  4.2513E+05 -1.6587E+06
0007228   9.0900E+07 -2.5043E+06  1.0217E+05
0007229   8.9709E+07  2.6955E+06 -1.1416E+06
0007230   8.7649E+07 -6.6891E+05  1.5088E+06
0007231   8.8077E+07  8.5400E+05  1.8295E+06
0007232   9.0136E+07 -1.9259E+06 -3.7171E+06
0007233   8.6900E+07  6.6684E+05  1.0151E+06
0007234   8.8284E+07 -9.5412E+05 -8.3756E+05
0007235   9.1002E+07 -1.8249E+06  1.4162E+06
0007236   8.8086E+07  1.1266E+06  3.4726E+05
0007237   8.7733E+07  3.5675E+06  8.1763E+05
0007238   8.8101E+07 -1.2018E+06  1.1631E+06
0007239   8.6700E+07  2.1481E+06 -9.9623E+05
0007240   9.1835E+07 -1.2502E+06 -3.7956E+06
0007241   8.8743E+07 -6.1375E+05 -9.5894E+05
0007242   9.1463E+07  2.7310E+06 -1.3449E+06
0007243   9.1162E+07 -1.2364E+06  3.1990E+06
0007244   9.0941E+07 -1.9985E+05  2.4123E+06
0007245   8.9627E+07  1.8272E+06 -7.3768E+04
0007246   8.8680E+07  2.2329E+06  1.0912E+06
0007247   8.7577E+07 -1.1503E+06 -9.9661E+05
0007248   8.9393E+07 -2.0931E+06  3.8721E+05
0007249   8.9624E+07 -4.1228E+05  3.3772E+06
0007250   9.1378E+07 -2.5154E+06 -2.2769E+06
0007251   8.9987E+07 -3.7239E+06  3.7063E+06
0007252   8.9376E+07  2.4852E+06  1.7967E+05
0007253   8.9793E+07 -1.1951E+06 -1.8688E+06
0007254   9.0040E+07  3.0728E+06 -1.9100E+06
0007255   8.8204E+07 -8.7475E+05 -9.1047E+05
0007256   9.0513E+07  2.0824E+06  4.5902E+05
0007257   9.0145E+07  1.7590E+06 -1.0423E+06
0007258   9.0169E+07 -2.6372E+06  2.6281E+06
0007259   8.7708E+07  3.5809E+06 -3.5617E+05
0007260   9.0697E+07 -2.8233E+05 -1.2108E+06
0007261   9.0461E+07  1.2916E+05 -1.5614E+06
0007262   8.9575E+07 -9.6946E+05 -1.2713E+06
0007263   8.9103E+07  3.1880E+06 -2.6234E+06
0007264   9.1013E+07 -1.5189E+06  1.1844E+05
0007265   8.8769E+07  1.8136E+06 -4.5698E+06
0007266   8.7378E+07  3.0015E+05  3.1439E+06
0007267   9.1909E+07  1.1674E+06 -1.0043E+06
0007268   9.2740E+07  4.9716E+05 -2.0667E+06
0007269   9.0929E+07  2.2133E+06  5.6109E+05
0007270   9.1950E+07 -5.8863E+05  2.0705E+05
0007271   9.0822E+07  7.1897E+05 -2.3234E+06
0007272   9.1032E+07 -4.8478E+06 -1.7288E+06
0007273   9.2608E+07 -1.2904E+06  5.4212E+06
0007274   8.8741E+07 -2.0017E+06 -1.8314E+06
0007275   9.0218E+07 -9.8996E+05 -2.0033E+06
0007276   8.9491E+07  2.3093E+05 -2.4429E+05
0007277   9.0791E+07  7.4154E+05 -2.7289E+06
0007278   9.2040E+07  1.9033E+06  2.6994E+06
0007279   8.9950E+07 -2.6606E+06  1.1396E+06
0007280   9.3223E+07 -1.6353E+06  1.5985E+06
0007281   9.2202E+07  1.5572E+06 -1.1016E+06
0007282   8.9465E+07 -2.6893E+06 -3.7070E+05
0007283   8.8852E+07 -7.8090E+06  1.5844E+06
0007284   8.9140E+07 -1.0896E+06  1.7009E+06
0007285   8.9274E+07  3.2862E+05 -2.6340E+06
0007286   9.0691E+07  6.1240E+04  1.3459E+06
0007287   8.7369E+07 -1.5647E+06  1.1652E+06
0007288   8.9276E+07 -5.6124E+06 -5.8740E+06
0007289   8.7466E+07  9.1120E+05 -2.4669E+05
0007290   8.9990E+07  1.8484E+06  1.3179E+06
0007291   8.8335E+07  6.2472E+05 -9.4521E+05
0007292   8.8001E+07  2.1524E+05 -1.8951E+06
0007293   8.7857E+07  2.2881E+06 -4.4994E+06
0007294   9.0124E+07  5.9094E+05 -2.2662E+06
0007295   9.0374E+07 -8.3138E+05 -9.8672E+04
0007296   8.5566E+07  5.6270E+05  3.8297E+06
0007297   8.7451E+07  2.4239E+06  2.3473E+05
0007298   8.9398E+07  1.1560E+06  2.7875E+05
0007299   8.7744E+07 -2.3081E+06 -2.6303E+06
0007300   9.0153E+07 -3.1103E+05  4.3870E+06
0007301   8.9427E+07  1.0606E+06 -2.9314E+04
0007302   9.0863E+07 -1.1283E+06  5.8942E+04
0007303   8.7201E+07  1.1550E+06  1.2625E+06
0007304   9.1869E+07  6.2543E+05 -2.3999E+06
0007305   8.9953E+07 -3.7929E+06  2.1198E+05
0007306   8.9695E+07  9.0091E+05 -6.8935E+05
0007307   9.0508E+07 -5.4601E+05 -1.7259E+06
0007308   8.8676E+07 -2.3146E+06  2.8296E+06
0007309   9.1699E+07  3.3096E+06 -1.1879E+05
0007310   8.7078E+07 -1.1893E+07  7.4680E+06
0007311   9.0262E+07  2.0392E+05  1.8029E+06
0007312   9.0462E+07  1.6198E+06 -3.6658E+05
0007313   8.9800E+07 -3.5166E+06  5.4689E+05
0007314   8.9405E+07 -3.1206E+05 -1.1371E+06
0007315   9.1695E+07 -2.2170E+06 -1.0873E+06
0007316   8.7148E+07 -2.3512E+05 -2.2375E+06
0007317   9.0072E+07 -3.1485E+06 -1.2048E+05
0007318   8.9082E+07 -1.4561E+06 -2.4287E+06
0007319   8.9314E+07 -1.0043E+06  1.1440E+06
0007320   9.0540E+07 -2.4320E+06  1.4052E+06
0007321   8.7859E+07 -1.5953E+06  6.1146E+05
0007322   9.2539E+07 -1.3378E+06  2.6395E+05
0007323   9.1496E+07 -2.4093E+06 -2.0112E+06
0007324   9.0686E+07  4.4815E+06  2.0925E+06
0007325   8.7714E+07  2.0738E+06 -3.2063E+06
0007326   8.8033E+07  1.9768E+04 -3.1209E+05
0007327   8.7851E+07  1.5027E+06  2.7122E+05
0007328   9.0674E+07  1.8936E+06  3.0719E+05
0007329   9.0944E+07  1.5348E+06  1.0724E+06
0007330   9.0984E+07 -2.9603E+05  4.8698E+05
0007331   8.9106E+07 -8.1725E+06 -7.5859E+05
0007332   9.2914E+07  4.8596E+05  1.5009E+05
0007333   9.2356E+07  8.4920E+05 -3.4637E+05
0007334   9.0095E+07  1.3921E+06 -1.2949E+06
0007335   9.1689E+07  1.5972E+05 -3.3137E+06
0007336   9.1024E+07  1.2625E+06 -4.5854E+02
0007337   8.5203E+07  2.0351E+05 -9.2348E+05
0007338   9.1370E+07  1.4953E+06 -7.7002E+05
0007339   8.9019E+07  1.6670E+06 -4.9267E+04
0007340   9.0492E+07  4.4885E+06 -1.3443E+06
0007341   8.9559E+07  4.1159E+06  4.0223E+06
0007342   8.8179E+07 -5.3898E+05 -4.3262E+06
0007343   9.2491E+07 -1.5393E+06  3.7198E+05
0007344   8.9463E+07  1.1488E+06  4.9021E+04
0007345   9.2530E+07  1.2217E+05  1.4063E+05
0007346   8.7821E+07  1.0636E+06  1.3774E+05
0007347   8.9064E+07  1.0373E+06  4.3593E+05
0007348   9.1090E+07  2.9715E+06  2.5824E+06
0007349   8.9919E+07 -2.9559E+06 -2.4944E+06
0007350   8.8668E+07  1.9998E+06 -3.0967E+05
0007351   8.9339E+07 -4.9923E+06 -1.0564E+06
0007352   9.0483E+07 -5.6426E+05 -5.9353E+05
0007353   8.9242E+07 -2.7124E+05 -4.3053E+06
0007354   8.6462E+07  8.4203E+05  3.2823E+06
0007355   9.0554E+07  1.2284E+06  3.9603E+05
0007356   8.8944E+07 -1.9840E+05  2.6515E+06
0007357   8.9777E+07  8.2100E+04  1.8399E+06
0007358   8.9868E+07 -4.5620E+05  3.3021E+06
0007359   8.8856E+07 -5.7054E+05  3.2922E+06
0007360   8.8820E+07 -6.7312E+05 -3.1183E+05
0007361   8.9985E+07  1.1666E+06  5.2633E+06
0007362   8.8840E+07  1.2803E+06  7.6249E+05
0007363   8.9037E+07 -2.0624E+04  1.4127E+06
0007364   8.9014E+07  1.9725E+06 -1.0583E+06
0007365   9.0393E+07 -6.8660E+05  4.6167E+06
0007366   9.0219E+07 -1.2561E+06 -2.1027E+06
0007367   9.1401E+07  4.2031E+06 -8.8959E+04
0007368   9.0679E+07 -5.0093E+06  5.9447E+05
0007369   9.1957E+07 -1.8546E+06 -9.1510E+05
0007370   8.8864E+07  8.1423E+05  9.1289E+05
0007371   9.0796E+07 -3.5406E+06  5.2263E+05
0007372   9.1453E+07 -1.5656E+06 -1.1351E+06
0007373   9.0303E+07 -1.0158E+06 -2.1274E+06
0007374   9.0756E+07 -3.5431E+05 -1.6369E+06
0007375   9.0661E+07  1.4446E+06  3.7511E+06
0007376   8.9224E+07  2.3300E+06 -6.2935E+05
0007377   9.1471E+07 -2.1792E+06 -1.6891E+06
0007378   8.9719E+07 -7.4342E+04 -9.4872E+05
0007379   8.9127E+07  4.6176E+05  2.5574E+05
0007380   9.1116E+07  2.6327E+06  2.5261E+05
0007381   9.0993E+07 -3.2185E+06  1.5373E+06
0007382   8.9265E+07  2.1066E+06 -7.9930E+05
0007383   9.0512E+07 -8.9928E+05 -4.1794E+06
0007384   8.9910E+07 -2.0542E+06  2.4243E+05
0007385   8.9720E+07  1.3653E+06 -1.5878E+05
0007386   8.9698E+07 -7.7587E+05  1.2624E+06
0007387   9.0024E+07 -5.0688E+06  2.3462E+05
0007388   8.7830E+07 -1.5047E+06  1.4418E+06
0007389   9.1113E+07 -1.1988E+06 -3.3194E+06
0007390   9.0134E+07 -2.1450E+06 -5.4110E+05
0007391   9.1387E+07  1.1919E+06 -2.0135E+06
0007392   9.2996E+07  4.1026E+06  1.3073E+05
0007393   8.9703E+07 -1.4459E+06 -1.4670E+06
0007394   9.0031E+07  7.6519E+05  5.0059E+06
0007395   8.5229E+07  1.7372E+06  1.0517E+06
0007396   8.9262E+07 -9.7212E+05  7.1095E+05
0007397   8.7269E+07  2.4607E+06 -4.0099E+06
0007398   9.0086E+07 -1.1022E+06 -3.0876E+05
0007399   8.8386E+07 -4.4295E+06 -1.4446E+06
0007400   9.0220E+07 -1.3856E+06  1.2750E+06
0007401   9.0472E+07  2.5894E+06 -9.5100E+05
0007402   9.0173E+07 -1.4145E+06  2.1135E+06
0007403   8.9004E+07 -9.7435E+04 -1.2791E+06
0007404   9.1581E+07  2.2767E+05  1.5300E+06
0007405   9.0136E+07 -1.0104E+05 -8.5806E+05
0007406   8.9694E+07  1.5744E+06 -1.0282E+06
0007407   8.7929E+07 -4.7951E+06 -2.9767E+06
0007408   9.1761E+07  1.0407E+06 -7.4292E+05
0007409   9.0022E+07  4.9182E+05 -3.1520E+05
0007410   9.0915E+07 -7.9334E+04  2.6880E+06
0007411   8.8881E+07  3.4228E+05 -2.0958E+06
0007412   8.8781E+07  2.0980E+06  6.7382E+05
0007413   8.9649E+07 -3.9977E+06  7.9705E+05
0007414   9.1183E+07 -8.3862E+05  8.4961E+05
0007415   9.1532E+07 -5.9571E+05 -9.9161E+05
0007416   8.9588E+07 -1.3367E+06  6.9614E+06
0007417   8.9764E+07 -3.9351E+06 -3.6622E+06
0007418   9.0249E+07 -7.6616E+05  5.1785E+06
0007419   9.1826E+07 -4.6931E+06 -2.0998E+06
0007420   9.0812E+07 -1.5070E+06  2.0620E+06
0007421   8.9854E+07  2.3071E+06  6.7351E+05
0007422   9.3331E+07  6.3116E+05 -3.1146E+06
0007423   8.8525E+07 -1.4132E+06 -1.0780E+06
0007424   9.0345E+07 -8.4634E+04  2.5619E+06
0007425   9.1929E+07 -1.4441E+06  2.8284E+06
0007426   9.3617E+07  4.1980E+06 -2.3661E+06
0007427   8.8685E+07 -1.1218E+06 -1.8467E+06
0007428   8.7936E+07 -5.5832E+05  7.1674E+05
0007429   9.0563E+07 -2.0896E+05  1.3178E+06
0007430   9.0218E+07 -2.8491E+06  3.0910E+06
0007431   9.0268E+07 -1.6390E+06  1.7703E+06
0007432   8.9632E+07  1.6662E+06  9.6274E+05
0007433   8.9779E+07  8.1655E+05 -1.8153E+06
0007434   8.8448E+07 -2.6612E+05 -1.5569E+06
0007435   9.2108E+07 -2.3511E+06  3.9533E+06
0007436   9.0854E+07 -6.4949E+06 -2.3550E+06
0007437   8.9131E+07 -2.6260E+06  2.2720E+06
0007438   9.0708E+07 -7.5706E+04  8.5836E+05
0007439   9.1168E+07  2.0342E+06 -7.1632E+05
0007440   9.1307E+07  2.3052E+06 -6.5534E+05
0007441   9.0625E+07 -1.4573E+06  2.8759E+06
0007442   8.7790E+07  1.3661E+06  2.4822E+06
0007443   9.2070E+07 -9.8942E+05 -1.4102E+06
0007444   9.3953E+07 -7.9926E+05 -3.9505E+06
0007445   8.9567E+07  2.2008E+06  7.5106E+05
0007446   9.1784E+07 -3.3021E+05 -4.1610E+05
0007447   9.1143E+07 -4.6829E+06 -1.8425E+05
0007448   9.0388E+07  1.2138E+06 -1.9388E+06
0007449   8.7348E+07  2.9657E+05 -2.2726E+06
0007450   9.2273E+07 -2.9704E+05  1.6264E+06
0007451   8.8745E+07 -9.6849E+05 -2.6277E+05
0007452   9.1110E+07 -4.6314E+05 -2.9912E+05
0007453   8.9940E+07 -6.9776E+05  1.5939E+06
0007454   8.7973E+07 -1.9918E+06 -6.6083E+06
0007455   9.3047E+07  2.6036E+06 -3.6855E+06
0007456   8.9353E+07 -1.7184E+06  1.2628E+06
0007457   8.9076E+07  1.1887E+06  1.0386E+06
0007458   8.8507E+07  3.6224E+05  1.2196E+05
0007459   9.0555E+07  2.8746E+06 -3.2885E+06
0007460   8.9168E+07  1.4116E+06  1.6489E+06
0007461   8.8091E+07 -1.0263E+06  1.7234E+06
0007462   9.2000E+07  1.8630E+05 -1.3064E+06
0007463   8.9764E+07  3.7988E+05 -4.6749E+05
0007464   8.9665E+07 -9.3383E+06 -2.0218E+06
0007465   9.0802E+07 -6.8422E+05  7.1669E+05
0007466   8.8583E+07  1.6336E+06 -1.4420E+06
0007467   9.0168E+07  5.7710E+05 -1.4954E+06
0007468   8.8642E+07 -1.0219E+06 -8.0646E+05
0007469   8.8799E+07  1.9770E+06 -3.6447E+06
0007470   9.1342E+07 -4.5073E+05  1.4304E+06
0007471   8.8127E+07  1.8145E+06 -1.6537E+06
0007472   9.1763E+07  8.7510E+05  1.0501E+06
0007473   8.8692E+07  3.1268E+06  3.4605E+05
0007474   9.0100E+07 -3.8227E+06 -3.5078E+05
0007475   8.8275E+07 -2.3765E+04  4.8316E+06
0007476   8.9228E+07  1.1981E+06  1.8053E+06
0007477   8.8633E+07 -1.0601E+06 -9.9914E+04
0007478   8.8881E+07 -1.3987E+06  2.3804E+06
0007479   9.1635E+07 -1.9528E+06  1.9925E+06
0007480   9.1695E+07  1.4820E+06  3.1788E+06
0007481   9.1240E+07 -1.1167E+06 -1.8619E+06
0007482   9.1437E+07 -2.7002E+06  1.0874E+06
0007483   8.8596E+07  1.7278E+06 -5.8674E+05
0007484   8.9051E+07  4.3464E+05  1.2042E+06
0007485   9.0340E+07  1.8673E+06 -5.7891E+05
0007486   9.1031E+07 -7.6796E+05  1.5630E+05
0007487   9.0902E+07  6.3202E+05  2.8905E+06
0007488   9.1327E+07 -1.8293E+06  1.6231E+06
0007489   9.0517E+07  7.5174E+05 -5.0887E+05
0007490   9.3118E+07  3.6809E+05 -2.0760E+06
0007491   9.2235E+07  4.6042E+06  1.4710E+05
0007492   8.9949E+07  3.1942E+06 -4.4656E+06
0007493   8.7638E+07 -1.3373E+06  6.8830E+04
0007494   8.9827E+07 -7.7395E+05 -7.8350E+05
0007495   8.9980E+07  3.6112E+05 -3.9959E+06
0007496   9.1384E+07 -4.2973E+05  1.2288E+06
0007497   8.9826E+07 -1.1105E+06  1.0891E+06
0007498   8.9774E+07  1.7214E+06 -8.6446E+05
0007499   9.1049E+07 -5.3546E+05 -1.3302E+05
0007500   8.9918E+07 -1.2872E+06  2.3522E+05
0007501   9.2052E+07  6.7722E+05 -3.4639E+06
0007502   8.9489E+07 -1.1488E+06  2.5834E+06
0007503   9.1908E+07 -5.6524E+05 -7.1048E+05
0007504   9.0418E+07 -2.8679E+06 -2.3658E+06
0007505   8.6715E+07  5.7541E+05 -2.5579E+06
0007506   8.9475E+07  4.3600E+05 -6.6172E+05
0007507   8.7752E+07 -2.5622E+06 -3.5729E+05
0007508   8.9922E+07 -4.7927E+05  3.1400E+05
0007509   8.8915E+07  2.9054E+06  1.9654E+05
0007510   8.9339E+07 -3.2290E+06  4.7200E+06
0007511   9.1821E+07  1.9768E+06 -2.2568E+06
0007512   8.8978E+07  2.7501E+06  1.9600E+05
0007513   8.9375E+07 -9.6862E+05 -7.6062E+05
0007514   9.1160E+07 -1.3017E+06 -2.6058E+06
0007515   9.0809E+07 -3.7041E+06 -4.3280E+05
0007516   9.2428E+07 -1.6819E+06  7.2519E+05
0007517   9.0164E+07  3.8265E+06  3.6574E+06
0007518   9.3078E+07  9.4938E+04 -5.0260E+05
0007519   8.9543E+07  4.9140E+05 -2.5320E+06
0007520   9.0964E+07 -5.7042E+05  1.6923E+06
0007521   8.9686E+07  1.6550E+06 -1.5979E+06
0007522   8.9047E+07  2.4217E+06  1.5159E+06
0007523   9.0463E+07  2.2804E+06 -1.0936E+06
0007524   8.9712E+07  2.8613E+06 -4.3049E+06
0007525   8.9598E+07 -5.6010E+05  9.8207E+05
0007526   8.9186E+07  6.0211E+06  3.6138E+06
0007527   8.7653E+07 -1.5499E+06  1.4422E+05
0007528   9.1268E+07 -3.5017E+05 -1.7935E+06
0007529   8.8306E+07  8.0193E+05  1.0690E+05
0007530   9.0454E+07  1.1839E+06  5.4266E+05
0007531   8.9341E+07 -2.2884E+05  1.3790E+06
0007532   9.0335E+07  1.7361E+05  1.8244E+05
0007533   8.8878E+07 -2.3033E+06  1.0746E+06
0007534   8.9376E+07  2.7321E+05  2.9192E+06
0007535   9.0001E+07  8.1281E+05  1.0505E+06
0007536   8.7866E+07  2.7300E+05  1.2825E+06
0007537   8.9789E+07  1.0319E+06 -3.2464E+05
0007538   9.0577E+07 -5.3021E+05  3.2532E+06
0007539   9.0058E+07 -1.9888E+06  2.0352E+06
0007540   8.9537E+07 -1.5071E+06  5.1483E+05
0007541   9.1633E+07  1.0823E+06  2.6529E+06
0007542   9.3309E+07 -1.6957E+06 -8.5242E+05
0007543   8.8470E+07 -1.2396E+06 -3.0346E+05
0007544   8.9101E+07  3.8027E+06 -1.3591E+06
0007545   8.9136E+07 -5.1881E+05  2.4366E+06
0007546   9.0891E+07 -3.1455E+05  2.4749E+06
0007547   8.9384E+07 -1.7504E+06 -1.1875E+06
0007548   9.1752E+07 -3.4612E+06  3.0028E+06
0007549   9.1898E+07  1.2611E+06  3.2282E+04
0007550   8.8471E+07 -3.0040E+06 -5.4570E+06
0007551   8.9896E+07 -2.6784E+06 -4.3867E+05
0007552   8.8671E+07 -2.8094E+06  3.4361E+06
0007553   8.8125E+07  1.5183E+06  1.2967E+06
0007554   8.9324E+07 -1.4682E+06 -3.0712E+06
0007555   8.9043E+07 -2.5421E+05  1.9807E+06
0007556   8.8776E+07  1.3651E+06 -2.6798E+06
0007557   9.1102E+07 -8.3421E+05  3.3791E+06
0007558   8.8944E+07 -2.2063E+06  3.2680E+06
0007559   9.0009E+07 -1.7347E+06 -4.0140E+06
0007560   8.7407E+07  9.4021E+06 -8.4066E+05
0007561   9.0551E+07 -3.7204E+06 -2.5764E+06
0007562   9.2811E+07  1.4460E+06 -3.8675E+05
0007563   8.8862E+07 -4.5273E+06 -8.4421E+05
0007564   9.0948E+07  7.2413E+05 -2.4485E+06
0007565   9.1140E+07 -2.9351E+06 -3.1611E+06
0007566   8.9496E+07  5.2944E+05  2.0161E+06
0007567   8.8347E+07 -1.6451E+06 -1.7730E+06
0007568   8.8779E+07  1.3541E+06  5.4874E+05
0007569   8.9682E+07 -5.1378E+05  1.3372E+06
0007570   9.2474E+07 -2.4312E+06  4.9890E+05
0007571   8.9241E+07  7.1685E+05  2.5715E+06
0007572   9.0560E+07 -1.4516E+06 -9.2054E+05
0007573   9.0079E+07 -1.4215E+06  1.2603E+05
0007574   8.8881E+07 -1.6088E+06  1.8817E+06
0007575   9.0462E+07 -2.9366E+05 -3.4436E+05
0007576   8.9020E+07  4.3749E+06 -7.8669E+06
0007577   8.8371E+07 -5.3713E+06  3.1786E+06
0007578   9.0182E+07  1.2138E+05 -3.7355E+04
0007579   9.0679E+07 -1.6822E+06  1.8666E+06
0007580   9.0656E+07  7.7641E+05 -7.7524E+04
0007581   9.3065E+07 -8.5764E+05  2.7010E+06
0007582   8.7879E+07  5.7921E+05  1.4945E+06
0007583   8.9918E+07 -9.7500E+05  2.5740E+06
0007584   9.1683E+07 -8.4311E+04  5.9193E+04
0007585   9.0389E+07  4.2128E+06  8.9546E+05
0007586   8.8551E+07  1.4431E+06 -7.7815E+05
0007587   8.8008E+07  1.7534E+06  3.4000E+06
0007588   8.9653E+07  9.2712E+05 -1.3732E+05
0007589   8.9903E+07  9.0161E+05  6.0305E+05
0007590   8.7192E+07 -3.6471E+06 -2.9702E+04
0007591   8.9589E+07  1.5517E+06  5.6615E+05
0007592   9.1362E+07  1.2307E+06  1.9957E+06
0007593   8.9800E+07 -4.2079E+05  5.0367E+04
0007594   8.7048E+07 -3.5100E+05  9.6830E+05
0007595   8.8244E+07  1.6716E+05  2.3852E+06
0007596   8.8928E+07 -1.7915E+06 -3.8918E+06
0007597   8.8412E+07  4.7825E+05 -1.2860E+06
0007598   8.8833E+07  2.2501E+06 -1.7629E+06
0007599   8.9720E+07 -9.6614E+05 -8.5037E+05
0007600   9.2159E+07  5.7018E+05  1.0182E+06
0007601   9.1365E+07  2.0701E+05 -2.0878E+04
0007602   9.0872E+07  2.2922E+06 -3.8721E+05
0007603   8.8859E+07 -1.2219E+06  6.7071E+05
0007604   8.9298E+07  4.0557E+06  2.1564E+06
0007605   9.3426E+07 -3.2895E+06  2.1188E+05
0007606   9.1022E+07  3.9336E+06 -4.8759E+05
0007607   8.8406E+07 -7.4787E+05 -7.9556E+05
0007608   9.0585E+07  7.5449E+04 -3.5439E+06
0007609   9.0965E+07  2.7739E+06  2.4151E+06
0007610   8.9925E+07  3.1974E+06 -8.0192E+05
0007611   8.9560E+07  1.3626E+06 -2.9913E+06
0007612   9.1343E+07 -3.4544E+06 -8.1346E+04
0007613   9.1607E+07 -3.3730E+06 -5.0887E+05
0007614   8.9194E+07  1.3125E+06  2.0506E+06
0007615   8.8527E+07 -1.2768E+06  5.0685E+02
0007616   8.8900E+07 -1.9980E+06 -3.6705E+06
0007617   9.3757E+07 -4.6628E+06 -1.6816E+05
0007618   8.8074E+07 -6.5989E+04  5.7763E+05
0007619   9.0201E+07  2.6762E+05 -1.2700E+06
0007620   8.8876E+07 -1.1628E+05  1.8440E+06
0007621   8.8575E+07 -1.3942E+06 -4.1246E+05
0007622   9.0549E+07  1.0684E+06 -1.6691E+06
0007623   8.9515E+07  2.8611E+06 -1.3401E+06
0007624   8.7353E+07  3.7822E+06 -4.3536E+06
0007625   8.9560E+07  1.6169E+05 -3.8495E+05
0007626   8.7966E+07  1.0437E+05  1.1197E+06
0007627   9.1899E+07  1.4574E+05 -5.3233E+05
0007628   8.6952E+07 -1.8876E+06  2.5368E+04
0007629   8.8938E+07  4.0992E+05  1.1274E+06
0007630   9.1540E+07 -8.6129E+05 -2.7387E+06
0007631   8.6684E+07  1.6041E+06  1.3066E+07
0007632   9.1322E+07  4.2929E+05 -2.8245E+06
0007633   8.9755E+07  4.5194E+05 -3.1640E+06
0007634   8.9001E+07  2.0237E+05 -1.7438E+06
0007635   8.7990E+07  1.0345E+06 -1.7938E+06
0007636   8.7759E+07  6.3920E+05 -3.7339E+06
0007637   8.8132E+07 -1.5510E+06  6.5372E+04
0007638   9.2065E+07 -6.0304E+05 -5.3846E+05
0007639   9.2576E+07 -2.4189E+03 -7.8411E+06
0007640   8.8343E+07  7.9189E+05 -5.5271E+05
0007641   9.0344E+07  1.2652E+06  3.3502E+05
0007642   8.6776E+07  3.1103E+06  2.8986E+06
0007643   8.8543E+07  2.7954E+06 -9.8268E+05
0007644   8.9938E+07 -1.8800E+06  9.5198E+05
0007645   9.1302E+07 -6.3775E+05  2.5116E+06
0007646   8.8764E+07  9.9867E+05  1.2412E+06
0007647   8.8503E+07  7.0421E+06  1.4997E+06
0007648   8.8459E+07 -9.7015E+05  1.9006E+06
0007649   9.2303E+07 -1.8401E+05  1.9779E+06
0007650   9.1283E+07  1.6778E+06  8.6691E+05
0007651   8.8479E+07  1.1712E+06  2.3402E+06
0007652   8.9289E+07 -8.2490E+05  9.3144E+05
0007653   8.9637E+07  3.0668E+05  2.8880E+06
0007654   9.1337E+07  1.1614E+06  1.9772E+06
0007655   8.8152E+07 -6.4000E+04  2.4184E+06
0007656   9.0140E+07  1.4831E+06 -2.5242E+06
0007657   8.8620E+07 -1.3045E+07 -9.5939E+06
0007658   8.8643E+07 -5.5077E+06 -2.1828E+06
0007659   8.8858E+07  2.9473E+06 -2.1186E+06
0007660   8.9065E+07 -3.1608E+06  2.2649E+06
0007661   9.0198E+07 -5.3858E+06  2.8280E+06
0007662   8.8015E+07  6.4854E+06  7.4228E+06
0007663   9.1230E+07 -4.5905E+05  8.2083E+05
0007664   8.8840E+07  1.4552E+06  2.8757E+05
0007665   8.9243E+07 -1.8633E+06 -1.1599E+06
0007666   9.1794E+07 -4.0470E+05  2.4757E+06
0007667   9.0242E+07  2.8774E+05  2.1111E+06
0007668   9.1101E+07 -8.0235E+05  1.7412E+06
0007669   9.2927E+07 -7.0802E+05 -2.2439E+06
0007670   8.8517E+07  5.4935E+06 -2.0702E+06
0007671   9.0445E+07 -9.6657E+05  1.4227E+06
0007672   9.0809E+07 -1.3273E+05 -2.6406E+06
0007673   9.0552E+07  7.7460E+05 -1.3523E+06
0007674   8.9271E+07  2.4050E+04  2.3289E+06
0007675   8.9200E+07  2.9176E+06 -3.5244E+05
0007676   8.6723E+07 -1.2551E+06 -3.5210E+06
0007677   8.9395E+07 -1.3759E+06  1.9800E+06
0007678   8.9005E+07 -3.2379E+06 -3.0535E+06
0007679   8.9937E+07  1.0905E+06  1.0922E+06
0007680   8.7950E+07  9.4784E+05 -4.0292E+05
0007681   8.9638E+07  3.4565E+06 -4.0000E+05
0007682   8.9024E+07  2.2929E+06  2.0061E+04
0007683   8.8465E+07  3.6286E+06 -2.1379E+06
0007684   8.9151E+07  7.2452E+05 -1.6606E+06
0007685   8.9839E+07 -1.1406E+05  6.2088E+05
0007686   8.9753E+07 -1.1880E+06  1.7414E+06
0007687   8.8425E+07  2.5278E+06 -1.6930E+05
0007688   8.8372E+07 -1.3764E+06 -1.3812E+06
0007689   8.7172E+07 -8.8451E+05  2.1842E+06
0007690   8.9620E+07 -3.7102E+05  9.1859E+05
0007691   9.2037E+07  1.3910E+06 -3.8632E+05
0007692   9.1841E+07 -1.0815E+06  7.5428E+05
0007693   8.6601E+07  4.1970E+05 -3.0614E+06
0007694   9.0379E+07  1.4938E+06 -9.2246E+04
0007695   9.0656E+07  2.8496E+06  9.1776E+05
0007696   8.8275E+07 -3.2794E+05 -1.4477E+06
0007697   8.8123E+07 -1.1523E+06 -1.7040E+06
0007698   9.1129E+07  2.6585E+06  2.3286E+06
0007699   8.8005E+07 -5.8766E+06 -6.6826E+06
0007700   9.2001E+07  1.9158E+06 -2.6332E+05
0007701   8.9163E+07  1.3561E+06  4.5661E+05
0007702   9.1183E+07  4.5979E+05 -2.2038E+06
0007703   8.9348E+07 -1.9840E+06  1.8894E+06
0007704   8.8809E+07  3.6188E+04 -4.8125E+05
0007705   8.8824E+07 -1.5522E+06 -6.3413E+05
0007706   8.8954E+07  1.3255E+06  1.2870E+06
0007707   8.9592E+07  1.9498E+05  2.8168E+06
0007708   8.9991E+07 -4.2525E+06 -5.2605E+05
0007709   8.9980E+07 -1.9871E+06 -6.4109E+05
0007710   8.8540E+07 -1.6754E+06  8.4254E+05
0007711   9.0202E+07  1.4740E+06 -1.4196E+06
0007712   8.8960E+07  3.7069E+05 -4.3021E+05
0007713   9.1532E+07 -5.7989E+05 -1.8556E+06
0007714   8.9133E+07  1.4210E+06  2.8713E+06
0007715   9.0107E+07  6.3560E+05 -2.6983E+06
0007716   9.0283E+07 -1.4697E+05  3.2881E+06
0007717   9.2084E+07  1.8609E+05 -1.4696E+06
0007718   8.9233E+07  2.5504E+06  3.6408E+05
0007719   9.0686E+07  1.1786E+06  1.1378E+06
0007720   9.0047E+07 -1.1602E+06  1.6354E+06
0007721   9.0696E+07  3.1580E+05  1.9603E+06
0007722   8.7789E+07 -1.2302E+06  1.3437E+05
0007723   8.7940E+07  7.3677E+05 -3.1811E+06
0007724   9.1065E+07  1.8267E+06  8.2427E+05
0007725   9.1329E+07 -3.5027E+05  2.8520E+06
0007726   9.0655E+07  2.3654E+06  6.3490E+05
0007727   9.1728E+07 -2.4797E+06  2.8930E+05
0007728   8.8787E+07  1.6114E+06  1.4299E+06
0007729   9.1150E+07 -2.2988E+05  5.6109E+05
0007730   9.1369E+07  4.1006E+06  2.6890E+06
0007731   9.2384E+07 -1.2708E+06  1.8764E+06
0007732   8.9980E+07 -3.8659E+06  2.2325E+06
0007733   8.8006E+07 -4.1723E+06  3.7655E+06
0007734   9.0265E+07  2.1364E+06  1.3333E+06
0007735   9.0946E+07 -1.7852E+06 -3.2484E+06
0007736   9.2395E+07 -3.1377E+06  1.9222E+05
0007737   8.9974E+07 -6.9309E+05 -2.3439E+06
0007738   9.1471E+07  1.1572E+06  6.1868E+06
0007739   9.0689E+07 -1.6947E+06 -1.8464E+06
0007740   8.9809E+07  3.7380E+06  1.1515E+06
0007741   8.9603E+07  2.2101E+05 -1.5619E+06
0007742   9.2541E+07 -1.6373E+06 -4.8696E+06
0007743   8.8917E+07  4.8045E+06 -5.0998E+06
0007744   9.0194E+07  2.0388E+06 -8.6942E+05
0007745   9.0034E+07 -6.4269E+05  5.1189E+05
0007746   9.0707E+07  1.9572E+06 -3.0320E+06
0007747   8.9777E+07 -2.2273E+06  1.3478E+06
0007748   9.0821E+07  6.7962E+05 -3.6957E+04
0007749   9.0981E+07  2.8704E+06  2.5042E+06
0007750   9.1038E+07  2.0149E+06  2.9204E+06
0007751   8.8396E+07  1.1542E+06  9.3577E+05
0007752   8.8136E+07  3.3477E+06  2.3546E+06
0007753   9.0005E+07  1.8686E+06 -3.9283E+06
0007754   8.8717E+07 -1.3117E+06  1.6468E+06
0007755   9.0074E+07 -1.0498E+05  1.3090E+05
0007756   8.8183E+07  3.0494E+05  2.0665E+05
0007757   8.9573E+07 -3.8565E+05 -1.2089E+06
0007758   8.9754E+07 -2.2443E+05  2.5307E+06
0007759   9.1192E+07  9.7080E+05 -7.8468E+03
0007760   8.8357E+07  1.5570E+06 -1.6264E+06
0007761   9.3197E+07 -3.2296E+06 -1.2983E+05
0007762   9.0162E+07 -2.7301E+06 -6.1379E+05
0007763   9.1992E+07 -1.1436E+06 -1.6500E+06
0007764   8.9505E+07  1.6723E+06  6.3715E+04
0007765   9.1201E+07  5.8519E+06  6.2263E+05
0007766   8.9286E+07 -8.7455E+06  6.7124E+06
0007767   8.9749E+07 -2.5432E+06 -5.8344E+06
0007768   9.0907E+07  7.8259E+05 -5.6647E+04
0007769   9.0580E+07 -6.3530E+05  2.0734E+06
0007770   9.1140E+07 -5.6459E+05 -2.1267E+06
0007771   9.0023E+07 -3.8883E+06 -3.0670E+06
0007772   9.0960E+07  6.0092E+05  1.5514E+06
0007773   8.8708E+07 -2.3729E+05  3.9940E+05
0007774   9.3700E+07 -1.2732E+06  9.0173E+04
0007775   8.7639E+07  4.5005E+05  2.7921E+05
0007776   9.1195E+07  1.8567E+06 -3.0503E+06
0007777   8.9793E+07 -1.8487E+06 -2.6910E+05
0007778   8.6907E+07  4.4735E+05 -2.0214E+06
0007779   8.8372E+07 -2.1593E+06  2.3112E+06
0007780   8.7827E+07  8.2160E+05 -4.4280E+05
0007781   8.9937E+07  2.1331E+06 -2.3531E+06
0007782   8.7912E+07  1.0433E+06 -4.3506E+05
0007783   8.8936E+07  4.4877E+05 -1.6509E+06
0007784   9.0261E+07  1.9240E+06 -4.8569E+06
0007785   9.1382E+07  2.9811E+06  7.8131E+05
0007786   9.0937E+07  5.1452E+06  2.2141E+06
0007787   8.8873E+07 -6.2045E+06 -3.1196E+06
0007788   8.9149E+07  8.6926E+05  1.1540E+06
0007789   8.9519E+07 -2.2708E+06 -2.8726E+06
0007790   9.0592E+07 -2.4364E+06  2.8356E+06
0007791   9.0518E+07 -1.2742E+06  3.3901E+05
0007792   8.9307E+07  1.5963E+06  3.9545E+06
0007793   8.9754E+07  4.3302E+03 -3.6919E+06
0007794   9.0969E+07 -1.2342E+06  3.9311E+06
0007795   9.1442E+07  1.0239E+06  3.5948E+05
0007796   8.9776E+07 -3.0996E+05 -2.1437E+05
0007797   9.1093E+07  2.4937E+06 -9.8265E+05
0007798   9.0104E+07 -3.0374E+06  1.6418E+06
0007799   8.8311E+07  2.5542E+06  1.1442E+06
0007800   9.1357E+07 -4.9735E+06 -1.8681E+05
0007801   8.8386E+07 -8.5928E+05 -1.7853E+06
0007802   9.0239E+07 -3.3231E+06 -6.2489E+05
0007803   9.0461E+07 -2.4153E+06 -3.3750E+05
0007804   8.8311E+07  1.1162E+06 -5.6855E+05
0007805   8.9039E+07 -4.6807E+06 -1.0749E+06
0007806   8.8199E+07 -2.1853E+03 -6.5668E+05
0007807   9.1115E+07 -3.8676E+06 -1.7377E+06
0007808   9.1941E+07  1.8146E+06  1.7552E+06
0007809   8.9704E+07 -1.5017E+06  1.4970E+05
0007810   9.2117E+07  1.6973E+06  1.8409E+06
0007811   8.9405E+07 -1.0287E+06  2.1283E+05
0007812   8.9545E+07  1.5388E+06 -2.4782E+06
0007813   9.0325E+07 -1.2574E+05 -2.2874E+06
0007814   8.8282E+07  1.5693E+06 -1.8319E+05
0007815   9.0501E+07 -1.7628E+06 -6.5190E+05
0007816   8.9689E+07  1.6975E+06 -1.1315E+06
0007817   9.0394E+07 -2.1024E+06 -3.5434E+06
0007818   8.9781E+07  2.3698E+05 -8.7896E+05
0007819   8.9631E+07 -1.8236E+06  5.7299E+06
0007820   9.0480E+07  9.1047E+05  1.3588E+06
0007821   9.1680E+07 -5.8746E+05 -1.9661E+05
0007822   9.0812E+07  9.6107E+05 -2.0940E+06
0007823   8.9121E+07  4.1280E+06 -4.6439E+05
0007824   9.2031E+07  1.1633E+06  2.2068E+06
0007825   9.0126E+07 -1.3339E+06 -1.2204E+06
0007826   9.0009E+07  1.2512E+06 -1.4051E+06
0007827   9.1579E+07  2.1666E+06 -8.9594E+05
0007828   8.8026E+07 -1.9163E+06  1.6928E+06
0007829   9.0689E+07 -1.4182E+05  2.7319E+06
0007830   8.8966E+07  6.2880E+05 -1.0407E+06
0007831   8.9164E+07  5.2981E+05 -1.4035E+06
0007832   9.2378E+07 -3.1184E+06  3.6923E+05
0007833   9.2334E+07 -1.3823E+06  3.4543E+06
0007834   8.8741E+07 -5.4199E+05  7.5493E+05
0007835   9.2168E+07  1.8479E+06  3.9212E+06
0007836   8.8833E+07  8.1337E+05 -2.4400E+06
0007837   8.9911E+07 -6.0740E+05 -1.0798E+06
0007838   9.1033E+07  1.3284E+06  7.2403E+05
0007839   9.1022E+07  9.4967E+05  1.2060E+06
0007840   8.8763E+07 -1.4388E+06  1.6391E+06
0007841   9.0819E+07  1.8505E+06 -1.5118E+05
0007842   9.3827E+07  9.6193E+05 -1.4686E+06
0007843   9.0685E+07  2.8188E+05  7.2301E+04
0007844   9.0237E+07 -2.2339E+06  4.7650E+05
0007845   8.8775E+07 -2.2327E+06 -2.1380E+06
0007846   8.9472E+07  2.3864E+06 -1.4765E+06
0007847   9.0640E+07 -1.6589E+06 -3.6030E+05
0007848   9.2141E+07 -1.0321E+06  1.8437E+06
0007849   9.1276E+07 -1.7984E+06 -2.7523E+06
0007850   9.1315E+07 -1.4271E+06 -8.5114E+04
0007851   9.1472E+07 -9.7630E+05 -2.7756E+06
0007852   9.1382E+07  4.9225E+06 -1.8894E+06
0007853   9.0031E+07 -2.5662E+06  1.0059E+06
0007854   8.9791E+07 -1.2262E+06 -2.7592E+06
0007855   9.0693E+07 -3.7065E+06 -6.3428E+05
0007856   8.9455E+07  2.3067E+06 -3.3549E+05
0007857   9.0475E+07 -3.0734E+06  2.3577E+06
0007858   9.1170E+07 -1.0404E+05  2.3904E+06
0007859   8.9371E+07  1.2497E+06 -6.6542E+05
0007860   8.8398E+07 -3.0722E+06  2.7164E+06
0007861   8.9422E+07  3.1217E+06  5.2266E+05
0007862   9.1965E+07  4.2655E+05  1.4337E+06
0007863   9.1179E+07 -3.1591E+06 -1.5028E+06
0007864   8.9791E+07  5.7749E+05 -4.8681E+06
0007865   9.2675E+07 -2.9024E+06 -1.7712E+06
0007866   9.0462E+07 -2.2520E+06 -4.6656E+06
0007867   8.9574E+07  7.4635E+04  1.1439E+06
0007868   8.8982E+07 -1.8324E+06 -2.5637E+06
0007869   9.0103E+07 -5.6467E+04 -2.0685E+06
0007870   9.0620E+07 -3.9665E+06 -5.4616E+06
0007871   9.0649E+07 -3.0937E+05 -9.0952E+05
0007872   9.2760E+07 -1.4276E+06 -1.3004E+06
0007873   8.7489E+07 -1.9438E+05  1.9697E+05
0007874   8.9431E+07  7.2760E+05 -2.5090E+05
0007875   8.9339E+07  2.2966E+06 -6.5670E+06
0007876   9.0299E+07  1.0223E+06 -1.4651E+06
0007877   8.7698E+07 -8.3838E+05 -9.3322E+05
0007878   9.0492E+07 -2.9948E+05 -3.2291E+06
0007879   8.9849E+07  3.7420E+06 -4.8360E+05
0007880   8.8779E+07  8.6956E+05  7.3251E+05
0007881   9.1048E+07  1.8138E+05  3.9190E+05
0007882   9.0909E+07 -3.5996E+06  7.2356E+05
0007883   9.0334E+07  2.3910E+06  3.2789E+06
0007884   8.9087E+07 -1.4227E+06  1.9285E+06
0007885   9.1640E+07 -4.9569E+05  2.9316E+06
0007886   8.9354E+07  1.5164E+06  7.0257E+05
0007887   8.9671E+07  1.5214E+06  6.6464E+05
0007888   8.7286E+07 -2.8244E+06  1.9461E+06
0007889   8.9797E+07  7.9098E+05 -3.4064E+06
0007890   8.8558E+07  4.4938E+06 -2.8145E+06
0007891   9.1057E+07 -4.7698E+05 -3.3089E+06
0007892   9.1138E+07  4.9401E+05 -7.8364E+05
0007893   9.0462E+07  4.8970E+06  9.3217E+05
0007894   9.0569E+07 -7.9875E+05 -1.9740E+06
0007895   9.0607E+07 -4.6085E+06  4.5019E+05
0007896   9.0520E+07  1.5999E+06 -9.9432E+05
0007897   8.7982E+07  6.6301E+05  8.3248E+06
0007898   8.8460E+07  1.1936E+06  1.5934E+06
0007899   8.7950E+07 -1.8919E+06  1.3188E+06
0007900   9.0554E+07 -1.0360E+05  5.7210E+05
0007901   8.7797E+07  2.9576E+05 -1.5123E+06
0007902   8.8816E+07 -9.0524E+05  2.9612E+06
0007903   9.3114E+07 -1.0574E+06 -3.7523E+04
0007904   9.0945E+07  1.5477E+06 -4.2291E+05
0007905   9.1292E+07  2.5333E+06  1.3682E+06
0007906   8.8127E+07  5.3577E+05  4.2774E+06
0007907   9.0145E+07  1.4400E+06 -4.1905E+06
0007908   9.0022E+07  6.2448E+05 -2.2177E+06
0007909   8.9823E+07  8.2217E+05  5.5010E+05
0007910   9.0308E+07 -1.1633E+06 -1.6835E+06
0007911   8.9613E+07 -2.0123E+06 -1.1450E+06
0007912   8.8182E+07  2.1821E+06  1.1286E+05
0007913   8.8763E+07  7.9429E+05  1.3074E+06
0007914   8.8667E+07  1.2433E+06  7.5498E+05
0007915   9.0269E+07  7.5387E+06  1.0773E+07
0007916   9.0377E+07  1.7109E+06 -8.6592E+05
0007917   8.9216E+07  1.9737E+06  8.9533E+05
0007918   8.7624E+07 -2.5363E+06  3.4311E+05
0007919   8.9237E+07  1.5701E+04  6.2254E+05
0007920   8.9734E+07 -4.2619E+06  2.0622E+05
0007921   8.7895E+07 -1.5384E+06  1.1078E+06
0007922   9.0547E+07 -5.4036E+06  1.2442E+06
0007923   8.9338E+07 -3.0160E+06  1.2400E+06
0007924   9.0375E+07 -6.7043E+06 -1.6515E+06
0007925   9.0134E+07 -2.5445E+06 -1.6095E+06
0007926   9.0877E+07 -8.2937E+05 -8.2373E+05
0007927   9.2053E+07 -2.8864E+06  1.5871E+06
0007928   8.8709E+07  5.7252E+05  2.3942E+06
0007929   9.0603E+07 -4.9862E+05  2.3999E+06
0007930   8.9455E+07  8.4380E+05  1.2281E+05
0007931   8.7781E+07  6.9059E+05  1.7401E+06
0007932   8.8031E+07  2.2007E+06 -1.3427E+06
0007933   9.1498E+07  1.2819E+06  3.4388E+06
0007934   8.9142E+07  1.1921E+06  2.1029E+05
0007935   8.8131E+07 -2.3907E+06 -2.1061E+06
0007936   8.9116E+07  1.8249E+06 -9.6895E+05
0007937   8.9394E+07 -2.4588E+06 -1.8663E+06
0007938   9.0371E+07  2.3446E+05  8.7580E+05
0007939   8.7324E+07  2.3307E+06 -1.3987E+06
0007940   9.2092E+07 -6.7432E+05  1.3689E+06
0007941   8.9649E+07  2.4055E+06  1.0190E+06
0007942   8.9095E+07  8.0339E+05 -1.1773E+04
0007943   9.0950E+07 -2.7815E+06 -1.9762E+06
0007944   9.2898E+07  1.9367E+06 -1.1198E+06
0007945   9.2920E+07  1.6158E+06  8.7579E+05
0007946   8.9117E+07  1.7881E+05 -7.8927E+05
0007947   8.7959E+07 -1.9465E+06 -1.2755E+06
0007948   8.9925E+07 -3.8324E+06  4.4096E+05
0007949   9.0515E+07  1.7269E+06  2.2579E+06
0007950   8.8035E+07 -2.4481E+06 -6.6428E+06
0007951   8.9554E+07 -3.8752E+04  2.1486E+04
0007952   9.0569E+07 -3.2057E+06 -1.3458E+05
0007953   8.8896E+07 -1.0571E+06  9.0993E+05
0007954   9.0515E+07  2.0480E+06 -1.0627E+06
0007955   8.8195E+07  2.1920E+06 -2.8098E+05
0007956   9.0028E+07 -2.5978E+06 -3.6223E+05
0007957   8.9206E+07  4.8754E+06 -1.4698E+06
0007958   8.8831E+07 -7.4594E+05 -3.3049E+06
0007959   8.8870E+07 -6.7164E+03  1.1872E+06
0007960   8.8466E+07  3.5383E+06  6.7392E+05
0007961   8.8741E+07  1.1332E+06  1.7147E+06
0007962   8.7750E+07  1.6650E+06 -2.8502E+06
0007963   9.0458E+07 -1.5736E+06  6.4357E+05
0007964   9.1381E+07 -3.1378E+06  2.1930E+06
0007965   9.0753E+07  2.6576E+06  8.4266E+05
0007966   8.8357E+07  8.0990E+05  2.1517E+06
0007967   9.1124E+07  1.6525E+06 -4.0925E+05
0007968   8.9197E+07  3.7406E+06 -2.5307E+06
0007969   9.0363E+07 -1.5147E+06 -2.7031E+06
0007970   9.0380E+07 -4.6799E+05  2.1086E+06
0007971   8.9702E+07 -2.5758E+06 -1.3118E+06
0007972   8.6999E+07 -1.7270E+05 -8.2246E+05
0007973   8.7455E+07  2.8641E+05 -7.1514E+04
0007974   8.8806E+07  4.4960E+05 -3.4455E+05
0007975   8.8540E+07  5.2608E+06  8.1949E+06
0007976   9.0362E+07  1.6244E+05  1.8533E+06
0007977   9.0463E+07  2.0399E+06  3.4380E+05
0007978   9.1525E+07 -2.1271E+06 -9.1334E+05
0007979   8.7812E+07 -8.1107E+06  1.1328E+06
0007980   9.0578E+07 -9.2451E+04  3.5202E+06
0007981   9.1362E+07  3.1236E+06 -2.5480E+06
0007982   8.9969E+07  1.6963E+06 -3.2352E+06
0007983   8.9686E+07 -2.2780E+06 -4.7696E+05
0007984   9.1967E+07 -2.5267E+06 -7.1017E+05
0007985   9.2647E+07 -2.7278E+06 -3.1673E+06
0007986   8.8057E+07 -3.6091E+05  4.1019E+06
0007987   8.9239E+07 -5.9368E+05 -9.6407E+05
0007988   9.0228E+07  1.1903E+04 -6.8545E+05
0007989   8.9205E+07  4.1523E+06  1.2909E+06
0007990   8.9978E+07  4.0935E+05 -3.4169E+06
0007991   8.7511E+07 -2.7226E+06  1.7151E+06
0007992   9.0980E+07  2.4288E+06 -3.2707E+06
0007993   8.8922E+07  1.4256E+06  1.1554E+06
0007994   8.9651E+07  7.0299E+05 -7.6813E+05
0007995   8.8378E+07 -1.8233E+06 -1.4993E+06
0007996   8.9360E+07  2.3536E+06 -7.8071E+05
0007997   9.0457E+07 -1.7354E+06 -1.1806E+06
0007998   8.9493E+07  1.9147E+06  1.7681E+06
0007999   9.1474E+07 -2.1776E+06  5.9209E+06
0008000   9.0064E+07  3.0248E+05 -1.4294E+06
0008001   8.9519E+07 -3.7269E+05  1.9266E+06
0008002   9.2746E+07  9.5382E+05 -4.9391E+04
0008003   8.9498E+07 -4.5899E+06 -4.9097E+06
0008004   9.0367E+07 -8.2154E+05 -7.5314E+05
0008005   9.2050E+07  3.8240E+06 -4.7740E+06
0008006   9.1983E+07  1.8844E+06  8.0132E+05
0008007   9.1617E+07 -5.2705E+06 -1.9104E+06
0008008   9.2102E+07 -5.5494E+05  2.1554E+06
0008009   8.9249E+07 -2.7338E+06 -1.2804E+06
0008010   9.0719E+07 -2.7872E+06 -1.5491E+06
0008011   9.0408E+07  2.2277E+06  1.0187E+06
0008012   9.1964E+07  3.9470E+06 -4.4877E+05
0008013   8.8823E+07  7.8631E+05 -2.6587E+06
0008014   8.9845E+07 -1.3000E+06 -2.8643E+06
0008015   9.0754E+07 -6.1988E+05 -2.5586E+06
0008016   9.0234E+07  2.9754E+05  2.3487E+05
0008017   8.6842E+07 -3.2748E+05 -1.4204E+06
0008018   8.9284E+07 -1.3530E+06 -2.3258E+06
0008019   8.8474E+07  1.4378E+06  9.0984E+05
0008020   9.1245E+07 -2.4337E+06 -8.8622E+05
0008021   9.0139E+07 -1.0053E+06 -3.0022E+06
0008022   9.1779E+07 -4.0514E+06  1.8170E+06
0008023   8.7497E+07  3.5680E+05  1.2287E+06
0008024   8.7991E+07 -1.6152E+06 -2.6132E+06
0008025   8.9870E+07  8.6068E+05  3.5444E+06
0008026   8.9305E+07 -1.6459E+06  2.1136E+06
0008027   9.2268E+07 -8.3805E+05  6.0431E+06
0008028   9.0239E+07  1.4792E+06 -1.4127E+06
0008029   9.1037E+07  5.1172E+05 -6.7971E+06
0008030   8.7577E+07 -6.9702E+05  3.5196E+06
0008031   8.9422E+07 -1.0729E+06 -3.7476E+06
0008032   8.9551E+07 -2.7082E+06  8.8333E+05
0008033   8.8610E+07 -1.6209E+06 -3.9970E+05
0008034   8.8738E+07 -3.0339E+06  3.6754E+05
0008035   9.2249E+07  5.0477E+06  4.1494E+05
0008036   9.1194E+07  7.1605E+05  5.4149E+05
0008037   8.9522E+07  1.0535E+05 -2.4303E+06
0008038   8.9891E+07 -5.2006E+05 -1.8758E+05
0008039   9.0914E+07 -3.2885E+06 -8.6760E+05
0008040   9.0759E+07  2.0407E+06  3.3388E+06
0008041   9.0481E+07 -3.5472E+06 -2.2677E+06
0008042   9.0233E+07 -4.2381E+05  1.7035E+06
0008043   8.9700E+07  4.8446E+06  1.4318E+06
0008044   8.9917E+07 -1.0494E+06 -5.6366E+05
0008045   8.7855E+07 -1.7996E+06  4.6469E+05
0008046   9.2161E+07 -1.1524E+06 -3.1185E+06
0008047   9.1523E+07 -2.7392E+05 -1.3390E+06
0008048   9.0498E+07 -6.0449E+05  3.1712E+04
0008049   9.0620E+07 -8.3248E+05  4.7131E+05
0008050   8.9076E+07  1.9559E+05  2.1533E+06
0008051   9.0341E+07 -2.5960E+06 -1.1791E+05
0008052   8.8743E+07  2.0465E+05  1.9271E+06
0008053   8.8474E+07 -1.9752E+06  6.9628E+06
0008054   8.8695E+07  2.3679E+05 -7.2312E+06
0008055   8.9414E+07 -6.9637E+05  2.3575E+06
0008056   8.9501E+07 -2.8482E+06 -1.6926E+06
0008057   8.9665E+07  8.0832E+04  2.5702E+06
0008058   9.0696E+07  2.6561E+06 -1.4783E+06
0008059   8.8111E+07 -2.5245E+06  8.9131E+05
0008060   8.9318E+07 -2.5905E+05  2.1005E+06
0008061   9.0809E+07  1.1844E+06  7.6997E+05
0008062   9.0128E+07  8.5286E+05 -1.1178E+06
0008063   8.8718E+07  2.4859E+06 -3.9591E+06
0008064   9.1256E+07  1.0441E+06  9.5108E+05
0008065   8.9349E+07 -9.3963E+05 -3.7299E+06
0008066   8.7401E+07 -1.1049E+07  1.1014E+07
0008067   8.8095E+07  6.4901E+05 -3.5625E+06
0008068   8.9152E+07 -2.3385E+06  1.2532E+05
0008069   8.7072E+07  5.8866E+05  1.5758E+06
0008070   9.0517E+07 -1.7215E+06  4.4764E+05
0008071   8.9405E+07 -1.1045E+06 -9.3302E+04
0008072   8.9149E+07 -1.1090E+06  4.7824E+04
0008073   8.9203E+07 -6.7057E+05  1.3961E+06
0008074   8.9591E+07  2.1360E+05 -2.8105E+06
0008075   9.0571E+07 -2.9732E+05 -1.1081E+06
0008076   9.0074E+07 -1.2622E+06 -8.8582E+05
0008077   9.1136E+07  2.6734E+06  2.5636E+06
0008078   8.8709E+07 -1.3122E+06  2.0667E+06
0008079   9.0221E+07  2.1615E+06  4.1370E+06
0008080   8.8433E+07  1.7337E+06 -8.6107E+05
0008081   8.9860E+07  3.5199E+04 -2.6593E+06
0008082   9.1546E+07 -3.0077E+06  1.9552E+06
0008083   8.8202E+07 -9.9113E+05  3.8435E+05
0008084   9.4087E+07  2.6323E+06 -1.8393E+06
0008085   8.8184E+07 -3.1311E+06  1.2885E+06
0008086   8.9552E+07 -2.6781E+06  1.4652E+06
0008087   9.0152E+07  1.5371E+06  1.4524E+06
0008088   8.9437E+07  4.2482E+06  7.3720E+04
0008089   8.9642E+07  2.2448E+06 -5.7353E+05
0008090   9.2197E+07  2.9549E+05  1.0053E+06
0008091   8.9121E+07 -1.4701E+06  1.1211E+06
0008092   9.0710E+07  2.7559E+06 -2.2572E+06
0008093   9.1065E+07 -2.1944E+06 -2.6746E+06
0008094   9.0504E+07 -2.8271E+05 -1.7241E+05
0008095   8.8564E+07  2.4889E+06 -3.7868E+06
0008096   9.2733E+07  1.3733E+06 -1.2400E+06
0008097   9.2331E+07  5.8992E+05  2.3078E+06
0008098   8.9042E+07 -3.6556E+05  1.2755E+05
0008099   8.8899E+07  3.7020E+05  1.6333E+06
0008100   8.8783E+07 -1.2317E+06  1.1980E+06
0008101   8.7306E+07 -1.0494E+06 -4.2753E+05
0008102   9.2717E+07 -1.3654E+06 -9.1886E+05
0008103   9.1056E+07  3.6422E+06  4.3944E+05
0008104   8.9733E+07  1.9951E+04  1.4981E+06
0008105   8.6499E+07 -2.5113E+06  1.5786E+06
0008106   8.8464E+07  4.0702E+06  1.3257E+06
0008107   9.0343E+07  1.5547E+06 -2.0243E+06
0008108   8.9064E+07 -1.1677E+06  3.4974E+06
0008109   9.0369E+07  1.3042E+06  1.6916E+06
0008110   9.0266E+07  3.9214E+06 -2.6551E+06
0008111   8.7635E+07  1.1836E+06  1.1861E+06
0008112   9.2030E+07  1.8369E+06 -4.3729E+05
0008113   9.0358E+07 -1.9080E+06 -1.7009E+06
0008114   8.9801E+07  2.9358E+06  5.9064E+05
0008115   9.0757E+07  1.5111E+06 -7.5297E+05
0008116   9.2109E+07  1.4394E+06 -1.6568E+05
0008117   8.9922E+07 -2.0586E+05  4.1363E+05
0008118   9.0167E+07  2.6360E+06  1.1075E+06
0008119   8.9951E+07  1.8210E+05 -3.8186E+06
0008120   8.9111E+07 -1.2302E+06 -9.7989E+05
0008121   8.8988E+07 -1.6744E+06 -6.4357E+05
0008122   9.1181E+07  6.5264E+04 -3.7573E+06
0008123   9.1479E+07  2.5110E+06 -4.8262E+06
0008124   8.7461E+07 -1.4153E+06 -1.9932E+06
0008125   8.9871E+07  2.1933E+06 -2.8804E+05
0008126   9.0212E+07 -4.2155E+05  8.8130E+05
0008127   9.0731E+07  1.7655E+05  1.9829E+06
0008128   9.2634E+07 -5.6468E+05  2.6829E+05
0008129   8.9328E+07  1.1311E+05 -2.2313E+06
0008130   9.2071E+07  3.4066E+04  4.4448E+04
0008131   8.9955E+07  6.9085E+05 -9.9591E+05
0008132   8.9581E+07  2.7246E+06  5.9901E+05
0008133   9.4214E+07 -3.2742E+06 -1.4974E+06
0008134   9.0041E+07 -2.0726E+06 -3.0629E+06
0008135   9.0878E+07 -1.3430E+06 -8.7943E+05
0008136   9.1607E+07 -5.3400E+05  2.7082E+06
0008137   8.9183E+07 -1.2175E+06  8.6536E+05
0008138   9.0321E+07 -8.5929E+05  1.8066E+06
0008139   9.0200E+07 -1.1427E+06 -2.1251E+06
0008140   9.1410E+07  4.1863E+06 -3.4417E+06
0008141   9.1050E+07  3.2897E+06  2.5730E+05
0008142   8.5450E+07 -1.1026E+07  3.5743E+06
0008143   8.9421E+07 -3.5161E+05  3.5970E+06
0008144   8.9527E+07 -2.4463E+06 -7.4238E+05
0008145   9.0890E+07 -1.0952E+06 -1.2752E+06
0008146   9.0443E+07  8.6507E+05 -4.4240E+06
0008147   8.9197E+07  3.6997E+05  1.2691E+06
0008148   8.8829E+07  5.3381E+05  1.6622E+06
0008149   8.6800E+07  2.4300E+06 -4.7352E+05
0008150   8.7326E+07  1.4074E+06 -1.9447E+05
0008151   9.1736E+07 -2.7676E+06  1.0362E+06
0008152   8.7580E+07 -2.5646E+04 -2.8697E+06
0008153   9.0604E+07  3.2961E+06  7.7047E+05
0008154   9.1078E+07 -1.9193E+05  2.2549E+06
0008155   8.6687E+07  8.8955E+06  3.8495E+06
0008156   8.7460E+07  2.4756E+06  1.2723E+05
0008157   9.1352E+07 -6.9463E+05 -2.3538E+06
0008158   8.8978E+07 -5.3110E+05 -2.1520E+06
0008159   8.9492E+07 -1.7598E+06  1.9500E+06
0008160   9.0150E+07 -1.2185E+06 -1.1889E+06
0008161   9.0640E+07 -3.1939E+05 -4.0692E+05
0008162   9.0385E+07 -1.2455E+06  8.1448E+05
0008163   8.8821E+07  4.4402E+05  2.5890E+06
0008164   9.1994E+07  2.7833E+06 -2.7887E+05
0008165   8.9461E+07 -2.1333E+06 -1.1169E+06
0008166   8.8766E+07  1.8215E+06 -2.1262E+06
0008167   8.9031E+07  1.5998E+06 -2.2111E+05
0008168   9.0046E+07 -7.5041E+06  7.0359E+06
0008169   9.1301E+07 -9.4205E+05 -3.9484E+06
0008170   8.7606E+07 -1.1188E+04 -7.1160E+04
0008171   8.9678E+07 -9.5738E+05  6.0748E+05
0008172   8.8662E+07  1.3280E+06 -8.4203E+05
0008173   8.7590E+07  2.4489E+05 -3.6957E+05
0008174   9.2023E+07  3.2395E+06 -1.1282E+06
0008175   9.1057E+07 -2.2147E+06 -6.3699E+05
0008176   8.7425E+07  1.0386E+06  2.2787E+05
0008177   9.0866E+07  1.1545E+06  5.0869E+05
0008178   8.9911E+07  2.3534E+06  8.8014E+05
0008179   8.9331E+07  2.3960E+06 -3.2713E+06
0008180   8.9096E+07 -1.2933E+06  3.4961E+06
0008181   9.2121E+07  1.3626E+06 -1.3543E+06
0008182   9.1748E+07 -1.0664E+04  2.1162E+06
0008183   8.8953E+07 -4.3108E+05 -8.3282E+05
0008184   8.8924E+07 -6.2993E+05 -8.3817E+05
0008185   9.0013E+07 -1.3660E+06  3.7977E+06
0008186   9.0248E+07  3.1976E+06 -3.8247E+05
0008187   8.9539E+07  3.3844E+06 -7.8574E+06
0008188   8.9939E+07  5.7804E+05  1.3456E+06
0008189   9.1572E+07 -1.2889E+06  1.6564E+06
0008190   8.8106E+07 -3.8592E+06  5.8039E+05
0008191   8.9904E+07 -4.5495E+05 -3.5603E+05
0008192   8.8788E+07 -1.5739E+05 -2.0772E+05
0008193   8.8688E+07  1.0466E+06 -3.4594E+06
0008194   8.8661E+07 -7.3793E+05  8.1522E+05
0008195   8.9932E+07  5.5409E+05  5.3759E+06
0008196   9.2622E+07 -1.5632E+06  3.1748E+06
0008197   8.9948E+07 -1.5831E+06  1.2433E+06
0008198   9.1457E+07 -1.8121E+06  5.2227E+05
0008199   9.1041E+07  1.2601E+06  1.8401E+06
0008200   9.0047E+07 -3.2309E+06  2.5599E+06
0008201   9.0145E+07  1.2904E+06 -1.3878E+06
0008202   8.9313E+07  2.4041E+05  1.3815E+06
0008203   8.9573E+07  1.8887E+06 -2.5301E+05
0008204   8.8253E+07  6.2486E+05 -9.3889E+05
0008205   9.1814E+07  2.8961E+05  6.9816E+05
0008206   8.9190E+07 -8.0798E+05  1.5610E+06
0008207   8.8725E+07  2.0496E+06  3.5226E+06
0008208   9.0838E+07  2.7598E+06 -2.1534E+06
0008209   8.8731E+07 -4.9797E+06 -1.6125E+06
0008210   9.0504E+07 -1.3533E+06 -5.3837E+05
0008211   9.0863E+07 -2.3677E+06  5.0749E+06
0008212   8.7147E+07  1.0354E+07  3.8385E+06
0008213   9.1023E+07  8.5235E+04  2.5203E+06
0008214   8.9668E+07 -4.3335E+06  1.2132E+05
0008215   8.8743E+07 -1.2367E+06 -3.2633E+06
0008216   9.0370E+07  4.0722E+05  1.1493E+06
0008217   8.8707E+07 -1.4924E+06 -1.0296E+06
0008218   8.6882E+07 -2.1431E+06 -4.2310E+05
0008219   9.1808E+07 -7.1911E+05 -2.1718E+06
0008220   9.1860E+07 -9.9574E+05 -3.0432E+05
0008221   8.9059E+07  2.3963E+05  4.6054E+05
0008222   9.0832E+07  3.1551E+06 -2.0753E+06
0008223   9.1382E+07  1.3940E+06  5.4240E+05
0008224   8.9265E+07  4.4258E+06 -8.2981E+05
0008225   9.0063E+07  5.1030E+02 -2.0923E+06
0008226   8.7109E+07 -5.9182E+05  2.2431E+06
0008227   8.9194E+07 -1.0424E+06  1.2980E+06
0008228   8.9062E+07  2.8780E+06 -1.4564E+06
0008229   8.8974E+07 -2.7686E+05 -3.1633E+06
0008230   9.0233E+07 -2.4814E+04 -1.0740E+06
0008231   9.0993E+07  2.4272E+06  9.5097E+05
0008232   9.0394E+07 -9.2035E+05  2.9481E+06
0008233   8.8496E+07  1.9791E+06  3.9463E+06
0008234   8.8812E+07  5.4995E+06  1.7046E+05
0008235   9.0607E+07 -1.5307E+06 -7.9044E+05
0008236   8.9490E+07 -1.3034E+06  4.5432E+05
0008237   8.9003E+07 -7.9480E+05  2.2790E+05
0008238   8.8246E+07  1.5104E+06  2.5691E+06
0008239   8.9055E+07 -1.8391E+05  6.6898E+05
0008240   8.9543E+07  3.5892E+06 -1.7429E+06
0008241   9.1840E+07 -7.5065E+05  6.3848E+05
0008242   8.9221E+07 -2.6078E+06  8.8252E+05
0008243   8.9741E+07  1.4484E+05 -1.5667E+06
0008244   8.8023E+07 -5.7962E+05 -1.5002E+06
0008245   8.8576E+07 -6.6679E+05  3.0763E+05
0008246   9.0126E+07 -1.2571E+06 -3.1875E+05
0008247   9.0472E+07 -3.7007E+06 -6.2680E+05
0008248   9.0176E+07  9.3338E+05 -1.2874E+06
0008249   9.0540E+07  1.4058E+06  7.2567E+05
0008250   9.0060E+07  1.1862E+06 -3.2130E+05
0008251   9.1568E+07 -2.6716E+06 -1.2137E+06
0008252   8.7773E+07 -1.1791E+06 -2.7193E+05
0008253   8.9703E+07 -1.2728E+06 -3.0556E+06
0008254   8.9822E+07  8.2362E+05 -1.2479E+06
0008255   8.9931E+07  1.5942E+06 -2.0758E+06
0008256   9.1440E+07 -2.4304E+06 -1.6637E+06
0008257   9.1134E+07  3.1284E+05 -3.7901E+06
0008258   8.8925E+07  9.1163E+05  2.8469E+06
0008259   9.0414E+07  1.8976E+06 -1.9536E+06
0008260   8.7236E+07  2.0476E+06 -4.0676E+06
0008261   9.1474E+07 -3.4362E+06 -5.3521E+05
0008262   9.0272E+07 -3.0420E+06  5.7718E+03
0008263   9.2028E+07  2.2830E+06  3.2299E+06
0008264   8.8445E+07  4.7332E+04 -1.3233E+06
0008265   8.8589E+07  8.3066E+05 -4.6737E+06
0008266   8.7952E+07 -5.8247E+05  1.1471E+06
0008267   8.9017E+07 -3.9983E+06  6.1539E+05
0008268   9.1036E+07  2.5625E+05  8.1527E+05
0008269   8.6815E+07 -2.3419E+06 -1.0213E+06
0008270   8.7890E+07  9.3481E+05 -8.7312E+04
0008271   8.9670E+07 -2.2350E+06  5.1039E+05
0008272   8.7444E+07 -8.9323E+05  9.8192E+05
0008273   8.6723E+07 -1.6520E+05  1.4591E+06
0008274   9.0444E+07  5.8979E+05 -3.0044E+06
0008275   9.0385E+07  7.8396E+05  9.8514E+05
0008276   9.0018E+07 -4.4805E+06  6.1456E+05
0008277   8.7299E+07  3.4064E+05  1.8929E+06
0008278   8.9790E+07 -2.2248E+06  2.6486E+06
0008279   8.8762E+07 -1.3428E+06 -3.9761E+05
0008280   8.9534E+07 -1.1899E+06 -2.3051E+06
0008281   9.0024E+07  8.0909E+05  8.0170E+04
0008282   8.7991E+07  2.5462E+06  4.0635E+06
0008283   9.0001E+07 -1.8718E+06  2.1547E+06
0008284   8.9395E+07  2.1240E+05 -5.9509E+06
0008285   9.0015E+07 -2.8048E+06 -2.9956E+06
0008286   9.2124E+07 -3.2256E+06  7.6117E+05
0008287   8.9501E+07 -3.5292E+06  2.3319E+06
0008288   8.6756E+07  8.7574E+05 -3.7962E+06
0008289   9.0317E+07  2.3525E+06  1.6891E+05
0008290   8.8360E+07 -2.4254E+06 -5.3060E+06
0008291   8.9622E+07  2.6378E+06  6.0327E+05
0008292   8.8801E+07 -1.1521E+06 -5.3803E+06
0008293   9.0141E+07 -3.3118E+06  3.7399E+06
0008294   8.9602E+07  7.1674E+05  2.3384E+06
0008295   9.2882E+07  1.3199E+06 -4.8359E+05
0008296   9.0835E+07 -1.4584E+06 -2.6153E+06
0008297   8.8346E+07  5.1707E+06  5.5070E+04
0008298   9.1460E+07 -2.0762E+06 -1.5986E+06
0008299   9.0764E+07 -1.0359E+06 -9.7496E+05
0008300   8.8152E+07 -1.0704E+06 -3.9539E+06
0008301   8.8847E+07 -1.5509E+06  2.3222E+06
0008302   8.5284E+07  3.4513E+06  2.7600E+05
0008303   8.8547E+07  5.5784E+05  1.0565E+06
0008304   8.9703E+07 -2.5313E+06 -9.1870E+04
0008305   8.9930E+07 -7.9369E+05 -1.6168E+06
0008306   8.8370E+07  7.6020E+04  1.8376E+06
0008307   9.0072E+07  2.0054E+06  5.0436E+05
0008308   8.8536E+07  5.4933E+05  3.1459E+06
0008309   9.1102E+07 -2.9537E+05 -1.1021E+06
0008310   9.0621E+07  1.2412E+06 -6.9057E+05
0008311   9.1527E+07 -1.4101E+06 -3.6504E+06
0008312   8.6605E+07  9.4865E+05 -7.6964E+05
0008313   8.8969E+07 -2.5637E+05  1.9346E+06
0008314   8.8657E+07 -1.6494E+06  4.8524E+05
0008315   8.8775E+07  1.4382E+06 -1.7820E+06
0008316   9.2890E+07 -1.1987E+06 -1.0660E+06
0008317   9.0411E+07  3.8386E+03  2.5685E+06
0008318   8.9219E+07  9.0972E+05  1.9534E+06
0008319   9.0524E+07 -1.1912E+06 -1.4690E+06
0008320   8.8622E+07  2.9734E+06  1.2382E+06
0008321   8.6646E+07 -2.5822E+06  4.5393E+06
0008322   9.0517E+07  1.7569E+06 -4.9936E+05
0008323   8.8012E+07  6.1349E+06  4.6605E+06
0008324   9.0036E+07  5.9639E+05  1.3520E+06
0008325   8.8967E+07 -3.9200E+06  1.5647E+05
0008326   8.8721E+07  1.6380E+05 -5.7629E+05
0008327   8.9285E+07 -4.9659E+06  5.1998E+05
0008328   8.9510E+07 -1.3924E+06  9.8210E+05
0008329   8.8488E+07  3.9932E+05  2.4815E+06
0008330   8.7984E+07 -1.5422E+06 -8.3298E+05
0008331   8.8352E+07 -7.6710E+05  2.6741E+05
0008332   8.9003E+07  6.8922E+05 -2.6856E+06
0008333   8.9857E+07  8.6982E+05 -3.2714E+06
0008334   9.0012E+07 -3.7168E+06 -6.1565E+05
0008335   9.0784E+07 -6.4910E+05  2.3508E+06
0008336   8.9425E+07 -1.6531E+06 -1.7681E+06
0008337   9.0474E+07 -9.6733E+04 -4.1753E+06
0008338   8.9472E+07  4.7940E+06  1.2024E+06
0008339   8.9682E+07  3.3451E+06 -9.1396E+05
0008340   9.0907E+07  4.5752E+05  1.2802E+06
0008341   8.7890E+07  2.8180E+06 -9.5678E+05
0008342   9.1889E+07 -1.2879E+06  3.2101E+06
0008343   8.9026E+07  1.8424E+06 -1.9510E+06
0008344   9.0152E+07  9.5694E+05 -1.9947E+06
0008345   9.0179E+07  8.4509E+05 -4.0276E+05
0008346   9.1753E+07 -1.8331E+06  5.5936E+05
0008347   8.9739E+07 -1.0565E+04 -1.9603E+06
0008348   8.9088E+07 -3.1037E+06 -2.1209E+06
0008349   8.9295E+07  1.4160E+06 -1.5757E+06
0008350   8.7637E+07 -6.0865E+06 -5.4582E+05
0008351   9.1951E+07 -2.4307E+05  2.6841E+06
0008352   9.2971E+07 -9.6862E+05 -6.6777E+06
0008353   9.0742E+07 -5.8577E+05 -2.2545E+06
0008354   9.2259E+07 -1.1319E+06 -2.0449E+06
0008355   8.9094E+07 -1.1682E+06 -1.6328E+04
0008356   8.7772E+07  9.0438E+05  1.1927E+06
0008357   7.9973E+07  2.7490E+07  2.0913E+06
0008358   9.1414E+07  4.5117E+06 -9.8673E+05
0008359   8.7816E+07 -2.5675E+05 -3.3080E+06
0008360   9.0861E+07  2.9088E+06 -2.2818E+06
0008361   8.9669E+07 -6.5731E+05 -1.4580E+05
0008362   8.9923E+07  1.1956E+06  3.1167E+06
0008363   9.1505E+07 -1.3292E+06 -4.1158E+05
0008364   9.1013E+07 -1.8708E+06  9.4296E+05
0008365   9.0229E+07  2.5994E+06  8.3260E+05
0008366   9.0744E+07 -3.1944E+06  2.4199E+05
0008367   8.8912E+07 -8.9902E+05 -5.8274E+05
0008368   8.8955E+07 -3.1202E+06 -1.9613E+06
0008369   8.8657E+07  1.4655E+06  1.6031E+06
0008370   8.9879E+07  5.1622E+05 -1.4454E+06
0008371   9.0301E+07  2.1884E+06  1.1127E+06
0008372   8.7930E+07 -1.1024E+05  1.1182E+06
0008373   9.0226E+07  2.4618E+06 -2.8734E+06
0008374   9.1233E+07  4.4794E+06  1.0160E+06
0008375   8.7707E+07 -2.9941E+06 -6.1306E+05
0008376   9.1105E+07 -1.9328E+06  8.8817E+05
0008377   8.9615E+07 -1.3089E+06 -3.9466E+05
0008378   9.1732E+07 -1.5459E+06 -5.4742E+05
0008379   8.7893E+07  1.2341E+06 -8.3481E+05
0008380   8.9454E+07  2.5440E+06  8.2259E+05
0008381   8.9977E+07 -1.5309E+05 -2.1808E+06
0008382   9.0102E+07 -8.7803E+04 -6.2604E+05
0008383   8.8440E+07  1.1660E+06 -1.6909E+06
0008384   9.1489E+07 -5.1036E+06  4.9989E+06
0008385   8.9601E+07  8.1224E+05 -3.4370E+05
0008386   9.2951E+07 -1.1350E+05  1.4745E+06
0008387   8.8552E+07 -5.3162E+05  4.6954E+06
0008388   9.0786E+07 -1.5931E+06  2.9774E+05
0008389   8.9567E+07  4.2570E+06 -1.6562E+06
0008390   8.7732E+07  6.2974E+05 -1.8547E+06
0008391   9.0457E+07 -4.4341E+06  2.7740E+06
0008392   9.0222E+07 -1.0261E+06  1.4072E+06
0008393   8.7913E+07 -2.9501E+06  2.1333E+06
0008394   9.0877E+07 -3.8447E+05  4.2379E+05
0008395   9.0916E+07  2.9059E+04 -1.9300E+05
0008396   9.3200E+07  1.3126E+06  5.0863E+05
0008397   8.9801E+07  4.5662E+05  2.8590E+06
0008398   9.0544E+07  6.1125E+05  1.6140E+06
0008399   9.0468E+07  8.5113E+06  1.2547E+06
0008400   9.0105E+07  5.3350E+05 -6.2809E+05
0008401   8.8619E+07  9.5517E+06  2.3828E+06
0008402   9.2192E+07 -1.2209E+06 -2.9399E+06
0008403   8.7491E+07 -2.1182E+06  1.0495E+05
0008404   9.0265E+07  1.3327E+06  1.3596E+06
0008405   9.1181E+07 -1.5519E+06  1.7149E+06
0008406   8.9302E+07 -1.6256E+05  6.9314E+04
0008407   8.9514E+07 -3.9881E+05  1.0701E+06
0008408   8.7376E+07 -4.4027E+06 -2.1739E+06
0008409   9.1644E+07  1.7851E+06 -3.4204E+05
0008410   8.7792E+07  2.5200E+05  6.5837E+06
0008411   8.9708E+07 -3.3538E+06 -3.0377E+06
0008412   9.1428E+07  1.2259E+06 -2.1747E+06
0008413   8.8126E+07 -4.0402E+05  2.7203E+06
0008414   9.0132E+07  3.1168E+06  2.1001E+06
0008415   8.9516E+07 -4.2949E+06 -8.7673E+03
0008416   8.9058E+07  1.6033E+04 -6.4306E+06
0008417   9.0359E+07  2.3407E+05 -9.6736E+05
0008418   8.8965E+07 -3.6704E+06 -2.4152E+06
0008419   8.9849E+07  1.2735E+06 -5.3122E+04
0008420   9.1492E+07 -1.8745E+06  2.7894E+06
0008421   9.0135E+07 -7.3285E+05 -4.9315E+05
0008422   8.8890E+07 -1.2825E+06  1.1381E+04
0008423   8.8456E+07  5.7088E+04 -3.2750E+05
0008424   8.9128E+07 -1.5419E+06 -2.5152E+06
0008425   8.8977E+07  4.3078E+05  1.4409E+06
0008426   9.0164E+07  1.6736E+06 -2.4050E+06
0008427   9.1539E+07  1.5387E+06 -2.3787E+06
0008428   9.0181E+07 -1.5622E+06  4.8798E+06
0008429   8.9327E+07 -3.2320E+05 -1.3113E+06
0008430   9.1181E+07  2.6270E+06  1.4108E+06
0008431   8.8503E+07  1.3933E+06  1.3887E+06
0008432   8.9904E+07  5.4749E+04  2.6812E+06
0008433   8.8202E+07  1.5383E+06  2.3334E+06
0008434   9.0700E+07  2.1899E+06  1.2756E+06
0008435   9.0070E+07 -7.9423E+05 -2.7537E+05
0008436   8.9570E+07  7.0825E+05 -1.2215E+06
0008437   9.1377E+07 -4.2112E+05 -1.4430E+06
0008438   9.0694E+07  2.1023E+06  3.1884E+06
0008439   9.0135E+07  9.2265E+05 -1.4991E+06
0008440   9.0553E+07  1.2286E+06  1.5787E+05
0008441   9.0816E+07 -2.3962E+06  1.8313E+06
0008442   8.8711E+07  1.0846E+06  8.3787E+05
0008443   9.2108E+07 -8.8268E+05 -2.1114E+06
0008444   9.0503E+07  3.4650E+03 -8.2271E+05
0008445   8.9548E+07 -1.1311E+05  3.6365E+05
0008446   9.2646E+07 -1.6380E+06  6.1405E+05
0008447   8.8978E+07 -1.3577E+06  2.0561E+05
0008448   8.9498E+07 -1.2803E+06 -1.8596E+06
0008449   8.9730E+07  6.5731E+05  1.4974E+06
0008450   9.2806E+07 -1.8929E+06 -2.8799E+06
0008451   8.9329E+07  4.5618E+06 -1.9165E+06
0008452   8.9214E+07  5.7748E+05  2.0210E+06
0008453   8.6824E+07  1.2903E+06 -4.7497E+04
0008454   8.7742E+07 -3.6341E+06 -7.9495E+05
0008455   9.1109E+07 -1.6998E+06  6.4275E+05
0008456   9.2221E+07  2.4051E+05  1.8311E+06
0008457   8.8401E+07 -1.2172E+06  1.8662E+06
0008458   8.8901E+07  1.7783E+06 -2.0891E+06
0008459   8.7428E+07  1.9891E+05 -2.7432E+06
0008460   8.8012E+07 -3.6189E+05 -1.9713E+06
0008461   8.9374E+07  3.3745E+06 -2.7685E+06
0008462   8.9571E+07  2.1197E+06  1.0421E+06
0008463   8.9501E+07 -3.8661E+05 -2.0339E+06
0008464   9.1791E+07  1.5089E+06  2.1528E+06
0008465   8.9087E+07  7.1860E+05  1.4180E+06
0008466   8.9559E+07 -1.6668E+06 -2.8291E+06
0008467   8.8876E+07  1.6388E+06 -1.6328E+06
0008468   9.2063E+07 -2.9119E+06  2.4889E+06
0008469   8.9874E+07  4.1843E+05 -4.4818E+06
0008470   8.8323E+07  4.0360E+06 -1.0171E+06
0008471   9.1563E+07  1.5186E+06 -6.1262E+05
0008472   8.9794E+07 -1.3097E+06  5.4781E+06
0008473   8.9744E+07 -5.9599E+05 -1.6576E+06
0008474   9.2638E+07 -2.0036E+06 -6.1760E+05
0008475   9.0841E+07 -2.1096E+05  2.4515E+06
0008476   8.7444E+07  8.8481E+05 -1.7622E+06
0008477   9.0756E+07  1.6514E+06 -1.4937E+06
0008478   8.8629E+07  1.6031E+06 -1.6141E+06
0008479   8.9054E+07  1.8447E+06 -1.8748E+06
0008480   9.0169E+07 -1.6838E+05 -1.6580E+06
0008481   8.8290E+07 -8.9387E+05 -1.6304E+06
0008482   8.9416E+07 -2.8811E+06 -7.2130E+05
0008483   8.9027E+07  1.2886E+06 -3.7819E+06
0008484   8.8641E+07 -8.5318E+05 -2.4589E+04
0008485   8.8048E+07 -2.1896E+06 -2.9976E+05
0008486   9.0562E+07  1.5317E+06  3.2489E+05
0008487   9.0229E+07 -5.8419E+05 -2.0042E+06
0008488   8.9826E+07  4.4213E+05 -5.9585E+05
0008489   9.2319E+07 -3.4430E+05 -1.8054E+06
0008490   8.8786E+07 -7.1469E+05  1.9193E+06
0008491   9.1275E+07  1.5030E+06 -1.9736E+06
0008492   8.8338E+07 -1.3559E+06 -2.4673E+05
0008493   8.8869E+07 -5.2042E+05 -1.1821E+05
0008494   9.1107E+07  4.2453E+06  1.5585E+06
0008495   9.2204E+07  9.5314E+05  2.4619E+06
0008496   9.1340E+07 -2.6456E+06 -2.2964E+06
0008497   8.7050E+07  3.0247E+06  4.7988E+05
0008498   8.7575E+07 -3.5810E+06 -2.9743E+05
0008499   9.0365E+07  6.9672E+05  7.5837E+05
0008500   8.9496E+07 -1.1976E+06 -3.6396E+06
0008501   8.8735E+07  1.2940E+06  2.5017E+06
0008502   8.9673E+07  2.1354E+06 -7.9394E+05
0008503   8.9464E+07  7.1148E+04  5.1936E+05
0008504   8.7228E+07 -4.4612E+05  1.4318E+06
0008505   8.8526E+07  2.8246E+06 -2.2107E+06
0008506   8.9949E+07 -4.6335E+05  1.9263E+06
0008507   8.9705E+07 -6.2024E+05 -6.8290E+05
0008508   8.8412E+07 -1.0152E+05 -2.3282E+06
0008509   8.8277E+07 -1.2157E+06  7.2656E+05
0008510   8.8949E+07  1.1888E+06 -2.4112E+06
0008511   9.1422E+07 -2.6785E+05  5.6349E+05
0008512   8.7934E+07  2.9424E+06 -2.6387E+06
0008513   9.1167E+07 -2.7479E+06 -6.3950E+05
0008514   8.9222E+07  2.5628E+06 -2.1400E+06
0008515   8.9366E+07 -6.9403E+04 -8.6938E+05
0008516   9.0664E+07 -3.8427E+06  1.2698E+06
0008517   9.0963E+07  1.1395E+06 -1.4924E+06
0008518   8.8813E+07 -1.9225E+06  2.5878E+06
0008519   9.0996E+07 -3.5450E+06  2.6481E+05
0008520   8.8522E+07  1.7767E+06 -1.6535E+06
0008521   8.8319E+07 -4.1148E+05 -1.3189E+06
0008522   8.8375E+07 -1.4572E+06  1.1164E+06
0008523   9.0979E+07  1.0398E+06 -6.0441E+05
0008524   9.1526E+07  4.3923E+06 -1.9274E+06
0008525   9.1075E+07 -2.1665E+06  7.8004E+05
0008526   9.2047E+07  2.9005E+06 -4.1733E+05
0008527   9.2392E+07 -3.5661E+05 -2.0637E+05
0008528   8.8427E+07 -2.8603E+06  7.3355E+05
0008529   8.8846E+07 -3.3726E+06  3.5087E+05
0008530   8.5967E+07  7.1129E+06  3.8540E+06
0008531   8.9309E+07  3.2157E+06 -2.2866E+06
0008532   9.0997E+07  1.2414E+05  2.2545E+06
0008533   8.9744E+07 -6.9313E+04  3.6707E+06
0008534   9.0648E+07  3.0764E+06  9.5194E+05
0008535   8.9554E+07  1.8604E+06  2.6647E+05
0008536   9.2128E+07  2.3562E+06  3.0791E+06
0008537   8.9837E+07 -4.0787E+04 -1.7187E+06
0008538   8.9473E+07  2.9381E+06  1.2925E+06
0008539   9.0806E+07 -3.0487E+04 -4.4250E+06
0008540   9.1267E+07  4.9679E+05 -1.0996E+05
0008541   8.9232E+07  1.3139E+06  9.9173E+05
0008542   8.9250E+07 -2.1996E+06  3.3814E+06
0008543   8.9645E+07 -7.3301E+05 -1.7574E+06
0008544   8.9538E+07 -5.0498E+05  3.7204E+06
0008545   9.0781E+07 -1.2647E+06  9.0178E+05
0008546   9.0844E+07  4.1039E+06 -1.1828E+06
0008547   8.8869E+07 -7.3554E+05 -4.1529E+06
0008548   9.1183E+07  1.0962E+06  2.3123E+06
0008549   9.2617E+07  1.1911E+06 -1.7013E+06
0008550   8.9501E+07 -7.8190E+05  1.5054E+06
0008551   8.9347E+07 -5.1780E+05  2.3884E+06
0008552   8.8027E+07  9.5895E+05 -2.8964E+05
0008553   9.0050E+07 -7.1976E+05 -1.2065E+06
0008554   8.8302E+07 -1.2117E+06  8.7274E+05
0008555   8.8531E+07  6.0990E+06  7.5732E+06
0008556   9.0600E+07 -1.9095E+06  9.6783E+05
0008557   9.2163E+07  8.0512E+05 -1.2990E+06
0008558   8.8958E+07 -1.3761E+06  1.1433E+06
0008559   9.0418E+07  2.0574E+06  2.0131E+05
0008560   8.9813E+07  8.3068E+05 -3.1086E+06
0008561   8.8808E+07 -4.3622E+05 -3.6881E+05
0008562   8.9792E+07 -3.0451E+05  1.0289E+06
0008563   9.0038E+07 -4.0610E+06  1.2179E+06
0008564   8.8198E+07  2.8125E+06  1.5066E+06
0008565   9.0544E+07  1.4418E+06 -2.7019E+06
0008566   9.1024E+07  5.1045E+05  1.0035E+06
0008567   9.0484E+07 -1.2758E+06 -1.6337E+06
0008568   9.1085E+07 -1.9994E+05  8.6826E+05
0008569   8.9412E+07  8.2176E+05  4.1612E+06
0008570   9.0681E+07 -3.6907E+06  6.8059E+05
0008571   8.9287E+07 -2.8598E+05  3.6387E+05
0008572   8.7839E+07 -2.6773E+06 -6.3406E+05
0008573   8.8730E+07  2.3888E+06  3.1449E+06
0008574   9.0245E+07 -2.8729E+06 -6.3967E+05
0008575   8.8450E+07 -8.4659E+05  1.1002E+06
0008576   8.9039E+07  2.9289E+06 -3.1107E+06
0008577   8.8686E+07 -2.8606E+06  2.5002E+06
0008578   8.9779E+07 -2.7672E+06  1.0747E+06
0008579   8.8675E+07 -2.5090E+04 -1.6808E+06
0008580   8.7266E+07  3.7565E+05  4.7195E+06
0008581   8.9291E+07  8.8047E+05  9.5806E+06
0008582   8.9224E+07  2.1525E+06  7.2040E+05
0008583   9.1064E+07 -1.7156E+05 -3.3440E+06
0008584   9.1489E+07  1.8584E+06 -7.9615E+05
0008585   8.9132E+07 -1.7280E+06 -1.1831E+06
0008586   9.2647E+07  1.1467E+05  1.1663E+06
0008587   8.6092E+07  7.1294E+06 -7.5614E+06
0008588   8.9307E+07 -6.1291E+05  4.6863E+06
0008589   8.9315E+07  1.3712E+06 -5.8912E+05
0008590   9.0818E+07 -7.4338E+05 -3.2078E+05
0008591   9.1134E+07  6.1337E+05 -2.5537E+06
0008592   9.0535E+07 -4.3512E+06 -2.0369E+06
0008593   8.9848E+07  3.3103E+06  9.5391E+05
0008594   9.0897E+07  1.6325E+06 -2.7591E+06
0008595   9.0549E+07 -2.2047E+05 -4.7610E+06
0008596   8.8880E+07 -9.6499E+04 -1.0364E+06
0008597   8.9910E+07 -1.0065E+06  1.2501E+06
0008598   8.9779E+07 -3.0711E+06  3.7139E+06
0008599   9.0984E+07  1.2026E+06  2.6550E+06
0008600   8.7923E+07  3.0039E+06  1.2878E+06
0008601   9.1126E+07 -4.0195E+05  7.9232E+05
0008602   9.1146E+07 -6.8930E+05  1.4578E+06
0008603   9.1083E+07  4.2565E+05  5.0298E+05
0008604   8.8891E+07 -2.2709E+06  7.2765E+05
0008605   8.6781E+07 -1.5098E+06 -2.6346E+05
0008606   9.0055E+07 -3.5812E+06 -1.4173E+06
0008607   8.8144E+07 -2.2908E+06  1.8274E+06
0008608   9.1344E+07 -4.7327E+05  1.2981E+06
0008609   9.1869E+07  5.4808E+05 -7.1454E+05
0008610   8.9193E+07 -1.1482E+06 -1.8936E+06
0008611   8.9949E+07 -7.9862E+04  2.4631E+06
0008612   8.9063E+07  2.0234E+06  4.5965E+06
0008613   8.9954E+07 -1.5363E+06  6.6057E+05
0008614   8.7749E+07  7.3003E+05 -4.9921E+06
0008615   8.8254E+07 -4.0580E+06  1.4133E+06
0008616   8.8573E+07 -3.9156E+05 -2.8609E+06
0008617   8.9602E+07 -1.6785E+06 -2.4943E+05
0008618   9.2172E+07  1.6642E+06  2.3353E+06
0008619   8.8185E+07  2.9843E+06  1.8197E+06
0008620   8.9930E+07  1.5530E+06 -1.5844E+06
0008621   9.0010E+07 -1.8988E+06 -2.3130E+06
0008622   8.8065E+07  3.3858E+06  1.7962E+06
0008623   8.9061E+07 -1.0914E+06  1.2046E+06
0008624   8.6724E+07  5.6237E+05  2.9742E+05
0008625   9.0760E+07 -1.8896E+06 -1.0934E+06
0008626   8.9844E+07  2.0969E+05 -1.3203E+06
0008627   8.8434E+07  3.5775E+05 -2.4633E+06
0008628   9.0790E+07  3.8745E+06  3.6856E+06
0008629   9.0364E+07  4.6895E+06  7.2757E+05
0008630   9.3318E+07 -2.7624E+05  3.3976E+06
0008631   8.9362E+07 -2.1585E+06  3.8962E+04
0008632   8.7937E+07  1.4397E+06  3.4114E+06
0008633   9.0901E+07 -2.2939E+06 -1.6074E+06
0008634   9.1908E+07 -9.9197E+04 -6.7127E+05
0008635   8.9390E+07  6.5853E+05 -4.7768E+06
0008636   9.1691E+07  2.2345E+06 -2.2200E+02
0008637   8.9273E+07 -4.9227E+05 -2.8782E+06
0008638   9.2018E+07 -2.5125E+06  8.0087E+05
0008639   9.0057E+07  4.8470E+06  9.9208E+05
0008640   9.0355E+07 -4.9842E+06  5.7802E+06
0008641   9.0186E+07 -5.3117E+05 -2.2281E+06
0008642   8.7418E+07 -2.0673E+06  1.9454E+06
0008643   8.9967E+07  1.4085E+06 -7.6152E+05
0008644   8.9966E+07 -2.2603E+05  1.1628E+06
0008645   9.0957E+07  1.8594E+06  2.5329E+06
0008646   8.8462E+07 -1.1238E+06 -2.0005E+06
0008647   8.7172E+07  1.0548E+06  5.4134E+06
0008648   8.9819E+07 -3.8299E+05 -2.8370E+05
0008649   9.1212E+07  1.9045E+06 -6.0925E+06
0008650   8.7674E+07  1.6758E+06  4.9187E+05
0008651   8.8691E+07  1.9133E+06  1.1818E+06
0008652   8.7844E+07 -2.1885E+06 -1.3103E+06
0008653   8.8572E+07  4.3052E+05  1.0202E+05
0008654   9.0059E+07 -6.1799E+05 -1.9227E+06
0008655   9.1308E+07 -7.4152E+04  1.9938E+06
0008656   8.9377E+07  1.3027E+06 -3.5998E+06
0008657   8.8943E+07 -5.2260E+04 -1.5059E+06
0008658   8.7405E+07 -8.5667E+05  8.8920E+05
0008659   8.9484E+07 -3.9644E+06 -2.0908E+06
0008660   9.1664E+07  1.8735E+06  7.1461E+05
0008661   9.1190E+07 -1.6298E+06 -3.4150E+06
0008662   9.2333E+07  1.0409E+05 -1.1836E+06
0008663   8.7752E+07 -3.1798E+06  1.6562E+06
0008664   9.1214E+07  3.4622E+05 -3.6946E+05
0008665   8.7854E+07  4.4334E+06  9.3053E+06
0008666   8.9896E+07 -8.6204E+05 -3.1028E+06
0008667   9.1396E+07 -9.5216E+05  1.5336E+06
0008668   8.9457E+07  1.4639E+06  1.1236E+06
0008669   8.5630E+07  2.5407E+06  1.2482E+06
0008670   9.0169E+07 -1.2755E+06  7.4181E+05
0008671   8.7604E+07  4.3163E+05  9.8398E+05
0008672   9.0650E+07  4.1100E+06 -9.2089E+05
0008673   8.7962E+07  1.7770E+06  3.8336E+06
0008674   8.9637E+07  5.6026E+05  4.9271E+05
0008675   8.9140E+07 -1.7447E+06 -2.7396E+06
0008676   9.1522E+07  4.8287E+05 -2.0793E+06
0008677   9.0791E+07 -1.8379E+06 -1.0607E+06
0008678   9.1335E+07 -5.6741E+05 -9.0554E+05
0008679   9.0491E+07  1.1911E+06 -2.3150E+06
0008680   8.7329E+07  1.3284E+06 -8.1058E+05
0008681   9.0518E+07 -4.7935E+06  2.0603E+06
0008682   9.0591E+07  5.7329E+06  3.4028E+06
0008683   8.8964E+07 -2.6313E+06 -1.9173E+05
0008684   9.1116E+07  1.3228E+06 -3.8087E+05
0008685   8.9696E+07  5.2951E+05 -4.6874E+05
0008686   8.8876E+07  2.4069E+06 -1.1461E+06
0008687   8.8262E+07 -4.1106E+05 -2.0113E+05
0008688   8.7179E+07  1.7671E+06  2.0654E+06
0008689   9.0027E+07  1.4108E+05  2.0273E+06
0008690   8.7891E+07  2.0071E+06 -2.9610E+06
0008691   8.9197E+07 -9.8713E+05 -2.3210E+06
0008692   8.7540E+07 -9.7841E+05 -2.4108E+06
0008693   8.8917E+07  3.9847E+06  3.1613E+06
0008694   9.0890E+07  6.1675E+05  2.1175E+06
0008695   9.1849E+07  1.4450E+06  3.1065E+05
0008696   9.1421E+07  8.5350E+05  5.1011E+05
0008697   8.8200E+07 -3.3049E+06  2.9117E+05
0008698   8.9828E+07  4.4906E+06 -1.2441E+07
0008699   9.0080E+07  2.4403E+06  7.4690E+05
0008700   8.9408E+07 -6.2701E+05  2.3571E+05
0008701   8.8612E+07  4.0557E+06  2.5711E+06
0008702   9.1878E+07 -1.2561E+06 -7.0266E+05
0008703   8.7389E+07 -1.4764E+05  1.2554E+05
0008704   8.9386E+07 -1.8697E+06  2.7061E+05
0008705   9.0331E+07 -1.5344E+06  1.8675E+05
0008706   8.8148E+07 -1.6793E+06  5.2161E+05
0008707   9.1461E+07  2.8271E+06  3.8677E+06
0008708   8.7251E+07 -1.0256E+06  1.6853E+06
0008709   8.9707E+07 -4.9767E+05  3.0282E+06
0008710   8.8313E+07  1.5571E+06 -3.3733E+06
0008711   9.0930E+07 -2.5635E+06  4.3800E+05
0008712   8.6739E+07  2.9224E+06 -3.8340E+06
0008713   8.7207E+07 -1.1521E+05 -9.3821E+05
0008714   8.9540E+07 -3.8442E+06 -2.3238E+06
0008715   8.9589E+07 -1.2888E+06  1.0534E+05
0008716   8.9679E+07 -3.6363E+06 -2.3746E+06
0008717   8.8417E+07 -4.1303E+05  1.9747E+06
0008718   8.8082E+07 -1.9110E+06  6.0090E+06
0008719   8.9360E+07 -1.6857E+05  3.2532E+06
0008720   9.0333E+07 -1.5695E+06  1.8271E+06
0008721   9.0087E+07  3.6018E+04 -8.6501E+05
0008722   9.0965E+07  9.1165E+05  1.1563E+06
0008723   9.3115E+07 -5.6028E+06  3.0359E+06
0008724   9.1595E+07 -7.7799E+05 -3.6220E+05
0008725   8.9308E+07  9.3808E+05  1.6482E+06
0008726   8.8458E+07 -1.1765E+05  1.1219E+06
0008727   9.0181E+07 -1.5897E+06  2.6526E+06
0008728   9.0863E+07  3.3878E+06 -3.6493E+06
0008729   8.9793E+07  3.2708E+05  6.4623E+05
0008730   9.0328E+07 -2.3489E+06  9.4719E+05
0008731   9.0826E+07  1.2911E+06  6.6259E+05
0008732   9.2420E+07 -1.4378E+06  1.7478E+05
0008733   8.8830E+07 -7.4836E+06 -2.2910E+06
0008734   8.6148E+07 -4.2291E+06  2.9380E+06
0008735   9.1141E+07 -1.2905E+06  2.8637E+06
0008736   9.0861E+07 -6.3893E+05  6.4555E+06
0008737   8.9842E+07  1.6219E+06 -3.0543E+04
0008738   8.8482E+07  2.5173E+06 -1.3706E+05
0008739   8.6860E+07 -3.1970E+05  2.3693E+06
0008740   9.0526E+07  1.5739E+05  1.0074E+06
0008741   9.0253E+07  1.1407E+06 -2.6226E+06
0008742   9.2750E+07 -1.9295E+06 -3.8177E+06
0008743   8.8396E+07 -7.6018E+05 -8.8126E+05
0008744   8.9339E+07  3.2303E+06 -1.0376E+06
0008745   8.6544E+07  9.4000E+05 -1.4827E+06
0008746   9.1175E+07 -9.1931E+04 -3.3902E+05
0008747   8.9477E+07  1.2398E+06  5.9049E+05
0008748   8.9649E+07  2.1245E+06 -2.1279E+05
0008749   8.8849E+07 -2.6086E+05  4.6799E+05
0008750   8.7717E+07 -1.0985E+07 -2.5177E+06
0008751   8.8995E+07  3.0111E+06  1.4660E+06
0008752   8.7725E+07 -2.0776E+06  1.7504E+06
0008753   8.8981E+07  1.4350E+06 -2.6239E+06
0008754   8.9044E+07  2.5845E+06  7.0851E+05
0008755   9.0824E+07  7.3207E+05 -9.5255E+05
0008756   8.9040E+07  1.5388E+06  2.6986E+06
0008757   8.9670E+07  1.3630E+06 -1.3117E+05
0008758   8.7488E+07 -3.7202E+06 -1.6399E+06
0008759   8.9151E+07  8.5956E+05 -2.7203E+06
0008760   8.8636E+07 -4.0116E+06  2.0929E+06
0008761   9.3416E+07 -1.7581E+06  3.5061E+06
0008762   9.2171E+07 -2.1123E+04 -2.7422E+06
0008763   9.0111E+07 -7.8168E+03 -1.3542E+06
0008764   8.9053E+07  7.0932E+05 -2.5625E+06
0008765   8.9897E+07  4.8075E+06  2.8483E+06
0008766   8.8013E+07  3.4240E+05 -5.9591E+05
0008767   9.0328E+07  3.9585E+06 -1.0393E+06
0008768   9.1134E+07  2.4019E+05  3.6130E+05
0008769   9.0381E+07  1.5132E+06  7.9403E+04
0008770   9.0444E+07  2.8754E+05 -1.4109E+06
0008771   8.9862E+07  3.6703E+05 -9.1860E+05
0008772   9.1021E+07 -3.7092E+06 -6.0423E+03
0008773   8.8634E+07 -3.3464E+06 -1.8286E+06
0008774   8.8175E+07  8.5689E+04 -1.1896E+06
0008775   9.0206E+07 -3.9319E+05  1.2836E+06
0008776   9.2098E+07 -3.5610E+06  2.0692E+05
0008777   9.1556E+07  4.1295E+06 -3.4612E+05
0008778   8.8969E+07 -2.1599E+06  8.0347E+05
0008779   9.0045E+07 -4.7059E+06 -1.5375E+06
0008780   9.0906E+07 -1.4482E+06 -2.5008E+06
0008781   8.7823E+07 -3.9402E+05  6.5865E+05
0008782   8.9741E+07 -3.6618E+06 -2.7415E+05
0008783   9.1406E+07 -1.4932E+06 -1.7643E+06
0008784   8.9261E+07  6.3417E+05 -1.2714E+06
0008785   8.9530E+07  1.4800E+05 -9.4579E+04
0008786   8.8850E+07  4.3212E+05  4.4664E+04
0008787   9.1230E+07  1.5450E+06  1.4786E+06
0008788   8.7500E+07  2.0959E+06 -3.4688E+06
0008789   9.0695E+07  3.1474E+05  8.6059E+05
0008790   9.0794E+07 -2.5239E+06  3.7046E+05
0008791   8.8035E+07  1.1674E+06 -6.8808E+05
0008792   9.1683E+07  1.9561E+06 -1.5654E+06
0008793   8.9828E+07 -8.1066E+05  2.1667E+06
0008794   8.9904E+07  2.3429E+05 -3.6151E+05
0008795   9.0251E+07  5.0680E+05 -6.9645E+05
0008796   8.8618E+07 -1.1341E+06  2.6276E+06
0008797   8.7742E+07  4.9589E+06 -2.5657E+05
0008798   9.2062E+07  2.8001E+06  3.2710E+05
0008799   9.0925E+07 -3.0732E+05 -7.4286E+05
0008800   9.0823E+07  5.8095E+05  2.7759E+06
0008801   9.1679E+07  1.5386E+06  4.1654E+05
0008802   9.1210E+07  3.8361E+05 -1.8040E+06
0008803   9.0128E+07  1.2219E+06 -8.8328E+05
0008804   8.7544E+07  1.5461E+06 -1.0517E+06
0008805   8.8666E+07  1.1616E+06 -1.2205E+06
0008806   9.0003E+07 -4.8934E+06  5.1448E+05
0008807   9.1717E+07 -3.4650E+06 -6.0935E+05
0008808   9.1763E+07  7.7878E+04 -1.9423E+06
0008809   9.0505E+07  2.3712E+06 -1.0883E+06
0008810   8.8594E+07  1.3890E+06  1.2267E+06
0008811   8.7243E+07 -1.8582E+06 -2.8069E+06
0008812   9.0891E+07  1.4643E+06 -4.3175E+06
0008813   8.9979E+07  9.5997E+05  1.4293E+06
0008814   8.9383E+07 -1.6366E+06  7.8487E+05
0008815   9.0982E+07 -2.8794E+06  4.5578E+05
0008816   8.8592E+07 -1.7648E+06  3.8438E+06
0008817   9.0746E+07  1.4487E+06  1.3761E+06
0008818   8.7119E+07  3.8477E+06 -3.7142E+05
0008819   8.9711E+07 -2.2326E+06  8.1167E+05
0008820   9.1151E+07  3.5400E+05 -9.4013E+05
0008821   9.0086E+07  2.1927E+06  2.5425E+06
0008822   9.3743E+07 -4.7096E+05 -3.6552E+05
0008823   8.7351E+07 -2.4827E+06  9.0906E+05
0008824   9.0472E+07 -3.4012E+06  5.0727E+06
0008825   9.0549E+07  8.9724E+05 -6.9727E+05
0008826   9.0445E+07  8.6774E+05  4.4380E+04
0008827   9.0417E+07 -2.5648E+06 -3.3915E+06
0008828   9.1069E+07 -1.6422E+06  3.7635E+06
0008829   8.7610E+07 -1.4627E+05 -1.6804E+06
0008830   8.9694E+07  3.3737E+05  1.1790E+06
0008831   8.8747E+07 -8.1294E+05  1.4848E+06
0008832   9.0840E+07 -1.7081E+06 -1.9725E+05
0008833   8.6832E+07 -3.1132E+06 -1.5744E+06
0008834   8.9686E+07 -1.5773E+06  1.1471E+06
0008835   9.0987E+07 -5.3808E+06  1.1070E+06
0008836   9.0959E+07  1.0718E+06 -2.2692E+06
0008837   8.8140E+07 -8.8062E+05  2.8394E+06
0008838   8.8491E+07 -4.8399E+05 -2.1957E+06
0008839   8.8673E+07  2.1015E+06  1.2407E+06
0008840   8.9446E+07  1.0603E+06 -2.7739E+06
0008841   8.8502E+07 -2.9638E+06 -1.2452E+06
0008842   8.9298E+07  1.7147E+06  1.5468E+06
0008843   9.0170E+07 -2.8511E+05 -1.9073E+06
0008844   8.7767E+07  1.9740E+06 -4.3872E+06
0008845   9.1272E+07  1.2354E+06  3.3834E+06
0008846   8.9078E+07  1.8781E+06  9.6223E+05
0008847   9.1136E+07 -1.3439E+05 -2.3456E+06
0008848   9.1635E+07  6.4198E+06  1.8729E+06
0008849   8.8423E+07  1.8918E+06  1.2283E+06
0008850   9.0151E+07  3.2937E+06 -1.1492E+06
0008851   8.9728E+07 -5.4709E+05  1.7587E+04
0008852   9.0726E+07 -2.7596E+05 -2.0120E+06
0008853   9.1092E+07  2.1662E+05 -2.9582E+06
0008854   9.0411E+07  1.8391E+06  1.2606E+06
0008855   8.7047E+07 -3.2083E+06 -1.3719E+06
0008856   8.9842E+07  4.0618E+06  1.7265E+06
0008857   8.9938E+07 -1.2648E+06  1.1343E+05
0008858   8.9068E+07  6.6968E+05  3.6164E+06
0008859   8.9385E+07 -1.3922E+05  7.4511E+05
0008860   8.8573E+07  3.1810E+06  5.5442E+06
0008861   9.0287E+07 -4.9240E+05 -6.0727E+05
0008862   8.9560E+07 -1.5167E+06  7.5452E+04
0008863   8.7945E+07 -1.8254E+06  1.8481E+06
0008864   8.9395E+07 -2.0543E+06 -7.0403E+05
0008865   9.3651E+07  1.2029E+06 -4.0645E+06
0008866   9.1398E+07 -3.0661E+06  1.0859E+06
0008867   8.8974E+07  1.2566E+06 -8.7379E+05
0008868   8.8642E+07  5.2059E+05  2.9963E+06
0008869   9.0998E+07 -3.0428E+06  1.5493E+06
0008870   9.2069E+07  1.3607E+06  4.4560E+06
0008871   9.0897E+07 -3.3007E+06 -3.4113E+05
0008872   8.9171E+07 -2.9647E+06 -2.1027E+06
0008873   8.7657E+07 -1.6161E+06 -4.9453E+05
0008874   9.1354E+07  2.7767E+05 -2.9843E+05
0008875   8.8525E+07 -9.0016E+05 -3.2085E+05
0008876   9.3906E+07 -8.4406E+05  1.3778E+06
0008877   8.8200E+07 -7.6158E+05  2.0733E+06
0008878   9.0474E+07  2.2811E+06 -1.6500E+06
0008879   8.8469E+07 -3.6503E+06 -3.8034E+06
0008880   8.8906E+07 -1.5317E+06  1.8818E+06
0008881   9.0516E+07  2.9422E+06  9.5887E+05
0008882   8.8952E+07 -4.2352E+05 -1.0062E+06
0008883   9.0383E+07  7.7405E+05 -2.6378E+06
0008884   8.9457E+07  2.4970E+06  3.0023E+05
0008885   8.9516E+07  3.5386E+05 -6.7705E+05
0008886   8.9167E+07 -1.9117E+06  1.5638E+06
0008887   9.0838E+07  1.9870E+06 -2.5763E+06
0008888   9.0105E+07 -7.3598E+06  1.0794E+07
0008889   9.0485E+07  3.2934E+05  1.4932E+06
0008890   9.2732E+07 -3.2617E+06 -1.3435E+06
0008891   9.3255E+07  4.6912E+04 -6.1125E+05
0008892   9.0987E+07 -1.7108E+05  3.0928E+06
0008893   8.8733E+07  1.8671E+06 -1.4846E+06
0008894   8.9767E+07 -7.8978E+05  6.7696E+05
0008895   8.8659E+07  2.7744E+06 -7.3060E+05
0008896   8.8527E+07  6.3404E+05  1.8852E+06
0008897   8.9625E+07 -5.2526E+06  7.7383E+05
0008898   8.9803E+07 -8.6698E+05 -4.4600E+06
0008899   8.9476E+07  7.7064E+05  6.6618E+05
0008900   8.9274E+07 -6.3741E+04 -3.9300E+05
0008901   8.9121E+07 -2.6081E+06 -1.2025E+06
0008902   8.7535E+07  9.5533E+05 -3.2585E+06
0008903   9.1574E+07 -1.0893E+06 -2.6853E+06
0008904   8.9881E+07  4.5083E+05 -3.3588E+05
0008905   9.0036E+07 -1.9118E+06 -2.7854E+05
0008906   8.7123E+07  1.7753E+06 -2.5293E+06
0008907   8.9329E+07 -4.4573E+06  3.2169E+06
0008908   8.8048E+07  3.1212E+06  1.7462E+06
0008909   9.0046E+07 -2.1230E+06  3.7058E+06
0008910   8.9521E+07 -2.2994E+05  1.7907E+05
0008911   9.1213E+07 -1.3252E+06 -5.3185E+05
0008912   8.9893E+07  3.7682E+06  4.1131E+06
0008913   9.1211E+07  5.4255E+05  3.6258E+06
0008914   8.9259E+07  8.5564E+05  1.8747E+06
0008915   8.8123E+07 -1.0212E+05  1.5057E+06
0008916   8.9317E+07  2.2760E+06  5.6465E+05
0008917   9.4136E+07 -6.3109E+05  2.8619E+05
0008918   9.1621E+07  3.8436E+06 -1.6829E+05
0008919   9.2421E+07 -1.0747E+06  1.4163E+06
0008920   9.0609E+07 -1.4875E+06  2.7988E+06
0008921   9.1091E+07 -1.2049E+06  1.5948E+06
0008922   9.0641E+07 -1.5166E+06  1.9108E+06
0008923   9.0592E+07  1.8326E+06  3.7436E+06
0008924   9.0203E+07 -1.9470E+05  7.3320E+04
0008925   8.9949E+07 -1.3827E+06  2.5471E+05
0008926   9.2146E+07  2.6749E+06  6.5082E+05
0008927   8.9133E+07 -6.6156E+05  1.5808E+06
0008928   9.1812E+07 -6.6595E+05  6.7650E+05
0008929   9.1344E+07  5.3758E+05 -8.0414E+05
0008930   8.8173E+07 -9.6775E+05  1.5997E+06
0008931   8.7683E+07  2.9700E+05  3.7982E+06
0008932   9.1208E+07  1.4591E+06 -2.2012E+06
0008933   8.9244E+07  1.4058E+06  4.6590E+05
0008934   9.2354E+07  3.0458E+06  4.8362E+06
0008935   9.2149E+07 -8.2582E+04 -9.3611E+05
0008936   8.7998E+07 -2.0280E+05 -1.7307E+06
0008937   8.9674E+07  1.4641E+05 -1.0032E+06
0008938   8.8261E+07  2.7345E+06  1.8282E+06
0008939   8.8583E+07  5.0305E+05  7.8494E+05
0008940   9.1848E+07  8.4421E+05 -7.4122E+05
0008941   9.0281E+07 -9.6539E+05 -3.3141E+06
0008942   8.8149E+07 -2.2614E+06 -2.5590E+06
0008943   8.8953E+07  2.4303E+06 -9.5677E+05
0008944   8.9801E+07  4.7684E+05  7.9114E+05
0008945   9.0086E+07 -2.1768E+06  1.0628E+06
0008946   8.7368E+07 -2.5127E+06 -2.0605E+06
0008947   8.8195E+07 -8.4096E+05 -6.9437E+05
0008948   9.3112E+07 -2.4358E+05 -1.0187E+06
0008949   9.0676E+07 -5.9662E+05 -1.4354E+06
0008950   9.2282E+07 -1.3882E+06 -1.8486E+06
0008951   9.0940E+07 -9.8178E+06 -3.3410E+06
0008952   8.9896E+07 -1.2510E+06 -1.9985E+06
0008953   9.0352E+07 -4.3846E+04 -8.7951E+04
0008954   9.0357E+07 -9.6754E+04 -1.2328E+06
0008955   8.9775E+07  5.9329E+05  1.1324E+06
0008956   9.1705E+07 -2.5488E+06  4.3519E+06
0008957   8.9467E+07  3.0574E+05  5.2656E+06
0008958   8.9292E+07 -1.9581E+06 -6.8738E+05
0008959   9.1662E+07  2.5322E+05 -5.2749E+05
0008960   8.9561E+07  1.2481E+06  9.4214E+06
0008961   9.0695E+07 -6.3989E+05 -4.4335E+04
0008962   9.2280E+07 -1.7724E+06  2.0723E+06
0008963   8.8918E+07  9.1919E+05 -1.3280E+05
0008964   8.8020E+07  1.4813E+06 -1.2664E+06
0008965   9.0993E+07 -3.3660E+06 -7.2544E+06
0008966   9.1453E+07 -7.2786E+05  2.3131E+06
0008967   9.0794E+07  1.8749E+05  2.4991E+05
0008968   8.8854E+07  5.9300E+05 -2.3095E+06
0008969   8.9932E+07 -1.6730E+06  7.6339E+05
0008970   8.7762E+07 -1.9552E+06 -2.0622E+06
0008971   9.0536E+07  4.8536E+05 -1.2154E+05
0008972   8.9507E+07 -2.0897E+06  1.0925E+06
0008973   8.9207E+07 -1.2571E+06  3.9136E+05
0008974   8.9917E+07  2.6281E+05 -1.3462E+06
0008975   9.0381E+07  7.6318E+06  1.0054E+07
0008976   8.8963E+07 -3.1620E+06 -3.4510E+06
0008977   8.8183E+07 -1.7157E+06 -1.2798E+06
0008978   8.9070E+07  2.1613E+06 -5.0771E+04
0008979   8.9644E+07 -4.8554E+06 -2.6108E+06
0008980   9.1662E+07  2.6795E+05 -5.9267E+06
0008981   8.9266E+07 -2.7391E+06 -3.6643E+06
0008982   8.9319E+07 -2.7143E+06  1.9362E+06
0008983   9.1264E+07  1.1017E+06  4.7935E+03
0008984   9.2368E+07 -1.7930E+06 -2.1005E+04
0008985   9.0287E+07 -8.6721E+05  2.9456E+06
0008986   9.1215E+07 -4.7283E+06 -1.8034E+06
0008987   9.1611E+07  1.9659E+06 -2.8677E+06
0008988   8.7789E+07 -3.7354E+06 -1.1738E+06
0008989   8.9823E+07  3.8393E+05  1.1482E+06
0008990   8.9374E+07 -3.5872E+06  1.3797E+05
0008991   9.0869E+07 -3.3842E+06  6.2823E+05
0008992   8.7766E+07  2.7756E+06 -6.6611E+05
0008993   8.9166E+07 -1.1757E+06  1.4751E+06
0008994   8.9368E+07 -4.0788E+05  3.1826E+05
0008995   9.1170E+07 -2.9636E+06 -2.9437E+05
0008996   8.9375E+07 -8.7543E+05  6.0801E+05
0008997   8.9691E+07 -1.2056E+06  2.5551E+06
0008998   9.0067E+07  4.8125E+05  3.3159E+05
0008999   9.0325E+07 -1.5129E+06 -4.1971E+05
0009000   8.9078E+07 -1.0295E+06 -2.9420E+06
0009001   8.9465E+07  5.3875E+05 -2.0680E+06
0009002   8.9489E+07  1.8868E+06  1.2876E+06
0009003   9.1616E+07  9.7067E+04  2.1868E+06
0009004   8.8972E+07 -8.6720E+05 -3.6944E+05
0009005   9.2746E+07  3.2009E+06 -2.6253E+06
0009006   8.9928E+07 -1.8044E+06  2.0044E+06
0009007   8.8032E+07  8.9703E+05 -1.7178E+06
0009008   8.9739E+07 -3.8840E+06  1.7854E+05
0009009   8.9913E+07  1.8824E+06 -1.0330E+06
0009010   9.1086E+07  1.6093E+06 -8.2753E+05
0009011   9.2019E+07 -5.4969E+05  8.3347E+05
0009012   9.1110E+07  4.4807E+05  6.2608E+05
0009013   8.8627E+07 -4.6799E+05  3.4968E+05
0009014   9.4266E+07  2.1752E+06  3.3188E+05
0009015   9.0983E+07  1.1057E+05  7.6035E+05
0009016   9.0321E+07  1.9807E+06  8.6155E+05
0009017   9.0774E+07 -2.3964E+06  2.7826E+06
0009018   9.0621E+07  2.8958E+06 -5.4863E+06
0009019   8.9003E+07  8.2913E+05 -1.2937E+06
0009020   8.9181E+07 -6.7799E+05 -1.7942E+06
0009021   8.8151E+07 -9.4087E+05 -5.6978E+05
0009022   8.9883E+07 -2.3420E+06 -7.3616E+05
0009023   8.9958E+07  1.3161E+06  8.1706E+05
0009024   8.9034E+07  1.9123E+06 -9.7278E+05
0009025   8.8772E+07 -1.5748E+06 -4.8710E+06
0009026   8.9629E+07 -4.1101E+06 -5.0588E+05
0009027   8.9607E+07  1.0300E+06 -1.8188E+06
0009028   8.8035E+07 -7.1653E+05  1.0253E+06
0009029   8.6881E+07 -6.6464E+05 -1.2079E+06
0009030   8.9850E+07  1.1182E+06 -7.3198E+05
0009031   9.2335E+07  1.2616E+06 -4.3506E+06
0009032   8.9470E+07  2.4508E+06 -1.4908E+06
0009033   9.2744E+07 -1.7248E+06  5.7899E+05
0009034   8.9703E+07 -2.1267E+06  3.0327E+05
0009035   8.7763E+07  1.3870E+05  1.4925E+06
0009036   8.8829E+07  2.2759E+05  3.5757E+06
0009037   9.1061E+07 -1.4184E+06  9.4177E+05
0009038   8.8886E+07 -5.7091E+05 -3.0975E+05
0009039   9.0248E+07  1.8606E+06  8.3610E+05
0009040   8.9429E+07 -1.9322E+06 -1.0463E+06
0009041   8.9547E+07 -2.1823E+06 -5.3255E+05
0009042   9.1531E+07  1.4510E+06  9.6339E+05
0009043   8.8823E+07 -1.0193E+06  1.9255E+05
0009044   8.8217E+07 -1.9041E+06 -3.1094E+06
0009045   8.8752E+07  1.7779E+06  1.8444E+06
0009046   9.0657E+07  3.5972E+06  1.4687E+06
0009047   9.0667E+07 -2.3694E+05  7.3559E+04
0009048   9.0621E+07  5.9677E+06  2.8587E+06
0009049   8.9715E+07  1.7590E+06 -1.4400E+06
0009050   8.8577E+07  3.1712E+05 -1.6028E+06
0009051   9.0713E+07  6.9804E+04 -1.6090E+06
0009052   9.0202E+07  4.8549E+05  4.1226E+06
0009053   9.2525E+07 -1.3214E+06  1.1553E+06
0009054   8.9866E+07 -8.8929E+05 -4.3523E+05
0009055   9.1506E+07  2.2574E+06  1.7298E+06
0009056   9.0900E+07  6.2950E+05 -1.6567E+06
0009057   9.0660E+07 -7.4395E+05  2.7305E+06
0009058   8.9493E+07 -4.4347E+06  3.5541E+06
0009059   8.8130E+07 -4.7665E+06  1.0277E+06
0009060   8.9140E+07 -4.2328E+03  1.0794E+06
0009061   8.8003E+07  3.9366E+04 -1.9065E+06
0009062   9.0256E+07  3.9445E+06  1.1661E+06
0009063   8.7981E+07  4.2574E+06 -1.1327E+06
0009064   8.9732E+07 -1.4020E+06 -6.9626E+05
0009065   8.9538E+07  6.1317E+05  1.6543E+06
0009066   9.1288E+07 -3.3744E+06  1.5370E+06
0009067   8.9279E+07  3.4878E+05  5.1819E+05
0009068   9.0459E+07 -3.9708E+06 -3.9521E+06
0009069   9.0986E+07 -3.2531E+06  1.5463E+06
0009070   8.7485E+07 -3.8403E+05  8.9322E+05
0009071   8.8101E+07 -1.4769E+04 -2.4171E+06
0009072   8.8584E+07  5.4877E+06  9.9585E+05
0009073   9.0671E+07  2.5716E+06 -1.1192E+06
0009074   9.0953E+07 -1.6367E+05 -2.4554E+06
0009075   9.0946E+07 -2.8132E+05 -8.0646E+05
0009076   9.2686E+07 -1.2875E+06  2.8723E+05
0009077   8.9514E+07  3.3469E+05  2.5036E+04
0009078   8.9134E+07  1.2429E+06  3.0968E+05
0009079   9.1162E+07 -3.5551E+05  7.5330E+04
0009080   8.7637E+07 -8.4715E+05 -1.1874E+06
0009081   8.9913E+07  3.4672E+06 -1.1949E+06
0009082   8.9665E+07 -8.7604E+05  7.5185E+05
0009083   8.8123E+07  1.5969E+06 -1.5760E+06
0009084   8.9174E+07  3.4648E+06 -1.2947E+06
0009085   8.6865E+07 -3.2521E+06  2.2560E+06
0009086   8.9897E+07  8.4893E+04  1.0217E+06
0009087   9.1024E+07 -1.3353E+06  4.7761E+05
0009088   8.9675E+07  3.4256E+06  1.6681E+06
0009089   9.1698E+07 -5.0663E+05  3.6516E+06
0009090   8.8828E+07 -2.2791E+06  2.2787E+05
0009091   8.8020E+07  5.9310E+05 -1.2082E+06
0009092   8.7946E+07 -1.0484E+06  4.2494E+05
0009093   8.9437E+07 -8.3191E+04  2.5840E+06
0009094   8.9677E+07 -3.5548E+05  5.0042E+05
0009095   9.0323E+07 -4.7019E+05 -7.5926E+05
0009096   9.0349E+07 -9.2107E+05 -5.9912E+05
0009097   8.9853E+07 -1.6967E+06 -2.7475E+06
0009098   9.2149E+07  1.0297E+06 -1.6622E+06
0009099   9.1494E+07 -4.4768E+06  1.3142E+06
0009100   9.0076E+07  4.1788E+05 -2.3469E+06
0009101   9.0080E+07  2.0565E+06  2.8410E+06
0009102   8.9433E+07  6.1462E+05  6.8055E+05
0009103   8.6264E+07 -2.3484E+06  7.5682E+05
0009104   9.0503E+07 -1.5815E+06  2.5055E+05
0009105   8.9750E+07  3.7363E+06  4.9316E+05
0009106   9.2064E+07 -2.1255E+06 -7.2084E+05
0009107   9.1576E+07  1.1393E+06  1.2406E+06
0009108   8.9337E+07 -1.1830E+05 -8.8509E+05
0009109   9.1208E+07  1.2309E+06  8.3192E+05
0009110   8.8178E+07  9.9662E+05  3.4638E+06
0009111   8.9725E+07 -1.9036E+06 -1.3890E+06
0009112   8.8318E+07 -1.4334E+06  1.2813E+06
0009113   8.9114E+07  5.8072E+05 -1.3657E+06
0009114   8.9767E+07  7.1892E+06 -1.1199E+06
0009115   8.9090E+07 -3.6168E+06 -1.2904E+06
0009116   9.1695E+07  2.4587E+06 -5.7766E+06
0009117   9.1136E+07  2.7588E+06  2.1045E+05
0009118   8.7228E+07  5.5777E+05  1.2268E+06
0009119   8.7680E+07 -1.5454E+05 -7.5627E+05
0009120   8.8026E+07 -2.6864E+06  1.2830E+06
0009121   9.1947E+07  6.3760E+06  1.3521E+07
0009122   9.0320E+07 -1.0427E+06  5.7151E+05
0009123   8.9442E+07 -2.5463E+04  5.0097E+05
0009124   8.8164E+07 -6.9407E+05 -1.9055E+06
0009125   8.7552E+07 -1.9302E+06 -2.4066E+06
0009126   8.8885E+07 -1.4013E+06 -1.4199E+06
0009127   8.7658E+07  2.8340E+06  2.3153E+06
0009128   9.0632E+07  1.6346E+06  4.2475E+05
0009129   8.7486E+07  1.8271E+06  1.0003E+06
0009130   8.8694E+07 -2.8694E+05  1.8470E+06
0009131   8.6365E+07  4.0894E+06  9.3924E+06
0009132   9.1877E+07  3.1146E+06  1.9591E+06
0009133   9.0121E+07  7.7902E+05  6.9207E+05
0009134   8.7965E+07  1.4934E+06  8.8912E+05
0009135   8.9712E+07  3.6544E+05 -9.9041E+05
0009136   8.9217E+07  1.8249E+05  1.9373E+06
0009137   8.8838E+07  1.1833E+06 -3.2540E+06
0009138   8.7599E+07  3.2867E+06  3.8184E+06
0009139   8.8550E+07  9.3205E+03 -2.0327E+04
0009140   8.9273E+07  2.8216E+06  2.6526E+06
0009141   9.0814E+07 -8.3932E+05 -9.5454E+05
0009142   8.8057E+07 -7.5452E+05 -1.2972E+06
0009143   8.4259E+07  2.8420E+06  1.0069E+06
0009144   8.7769E+07  2.1869E+06 -7.7027E+03
0009145   9.0300E+07  1.3115E+06 -3.6508E+06
0009146   8.9035E+07 -3.0716E+06  1.3343E+06
0009147   9.0155E+07 -1.4883E+06 -4.1552E+06
0009148   8.8931E+07 -2.1385E+05  3.0835E+06
0009149   9.0463E+07 -2.5191E+06 -1.0272E+05
0009150   8.9302E+07  1.2329E+06  2.0009E+06
0009151   8.8744E+07  2.7266E+05  2.7964E+06
0009152   8.8929E+07  2.5491E+06  9.4586E+05
0009153   8.9259E+07  1.2688E+06 -1.3779E+06
0009154   8.9056E+07  3.7728E+05 -2.1328E+06
0009155   9.0150E+07 -1.5121E+06  1.0554E+06
0009156   9.0047E+07 -9.0221E+05  1.0276E+06
0009157   8.9431E+07  1.6794E+06  9.5493E+05
0009158   9.0856E+07  2.6008E+06 -1.8129E+06
0009159   8.7327E+07 -3.0058E+05 -1.4325E+05
0009160   9.1847E+07 -3.0025E+06  1.9228E+05
0009161   9.2173E+07 -2.0338E+05 -1.2338E+06
0009162   8.6407E+07 -2.2563E+06  7.8678E+05
0009163   9.0793E+07 -1.0835E+06 -1.1807E+06
0009164   9.0085E+07  1.1786E+06 -2.6518E+06
0009165   8.7453E+07 -1.6364E+06  9.1819E+05
0009166   9.0512E+07 -5.6692E+05  2.8707E+06
0009167   9.1656E+07  1.7938E+06 -1.4104E+06
0009168   9.0085E+07 -1.6433E+06 -9.1392E+05
0009169   9.0547E+07  1.4434E+06 -2.0778E+06
0009170   9.2664E+07  5.1896E+05 -5.4798E+06
0009171   9.1173E+07 -2.0769E+06 -1.6788E+06
0009172   8.7728E+07  2.9562E+06  1.6909E+06
0009173   8.9070E+07 -2.3759E+05  2.0804E+06
0009174   8.9993E+07 -2.4328E+06 -1.8719E+06
0009175   8.8774E+07 -6.5495E+04  1.6675E+06
0009176   8.8102E+07 -9.4404E+05 -1.1085E+06
0009177   9.1506E+07 -8.2594E+05  6.6366E+05
0009178   9.0332E+07  1.0424E+06 -5.1905E+05
0009179   9.1441E+07 -2.7464E+06 -1.0420E+06
0009180   9.0507E+07  3.7152E+05 -3.2161E+06
0009181   8.9634E+07  1.6024E+05  1.5613E+05
0009182   9.0633E+07 -9.9627E+05 -7.1840E+05
0009183   9.0999E+07  1.7728E+06 -1.4416E+06
0009184   9.0096E+07 -1.2016E+06  3.7430E+06
0009185   8.7813E+07  1.9466E+06  1.5115E+06
0009186   9.3402E+07 -8.6256E+05  2.7768E+06
0009187   8.9953E+07  1.2783E+06  2.7898E+06
0009188   9.1071E+07 -6.0784E+04 -4.9920E+05
0009189   8.9994E+07  3.5380E+06 -3.5811E+06
0009190   8.7521E+07 -4.5686E+05 -1.3628E+06
0009191   8.8719E+07 -2.1592E+05  4.9464E+05
0009192   9.0250E+07  1.9625E+06 -3.5660E+06
0009193   9.1740E+07 -3.6760E+06 -1.6723E+06
0009194   9.0705E+07 -2.7518E+06  3.3140E+06
0009195   9.0867E+07  2.0191E+06 -7.0789E+05
0009196   8.5491E+07 -5.9838E+06  2.8124E+06
0009197   9.0020E+07 -1.0653E+06 -6.6882E+05
0009198   8.9502E+07 -3.2218E+06 -2.3939E+05
0009199   9.0190E+07  3.2596E+06 -1.2161E+06
0009200   8.7560E+07 -1.9886E+06  2.9315E+05
0009201   8.8999E+07 -5.7230E+05  6.3201E+05
0009202   8.9020E+07 -1.4130E+06  4.4426E+05
0009203   8.8751E+07  9.1230E+05 -4.4430E+04
0009204   9.0225E+07  1.4401E+06  1.7092E+06
0009205   9.1661E+07  7.7931E+05  1.2002E+06
0009206   9.0852E+07 -7.7552E+05  3.9535E+05
0009207   8.9599E+07 -2.1289E+05 -4.1495E+06
0009208   9.1602E+07 -1.8918E+06 -2.4842E+06
0009209   9.1184E+07  1.6948E+06 -3.2168E+06
0009210   9.1711E+07 -1.8150E+06 -2.4769E+06
0009211   8.9303E+07  5.7086E+06  5.6450E+06
0009212   9.3421E+07 -1.6845E+04  1.1815E+06
0009213   8.7434E+07 -1.7969E+06 -3.9976E+05
0009214   8.8308E+07 -4.5850E+06 -1.1288E+06
0009215   8.9093E+07  1.5375E+06 -9.8105E+05
0009216   8.9688E+07 -4.3220E+06  2.3497E+06
0009217   8.8685E+07 -1.8084E+06 -1.5704E+05
0009218   9.1272E+07 -1.1031E+06 -6.7012E+05
0009219   9.0874E+07  2.1016E+06 -6.6828E+05
0009220   9.3124E+07  2.9349E+06  3.9374E+05
0009221   8.8767E+07 -1.6666E+06  2.6776E+06
0009222   8.7286E+07  1.6250E+06  2.3474E+05
0009223   8.8380E+07 -1.1710E+06  6.1065E+05
0009224   9.1866E+07  6.1632E+05 -8.2240E+05
0009225   9.0062E+07 -2.7358E+05  1.6545E+06
0009226   9.1508E+07 -2.8740E+04  2.7147E+06
0009227   8.8998E+07  2.5161E+06 -3.9290E+05
0009228   9.0222E+07  5.4765E+06 -1.7615E+06
0009229   8.7027E+07 -8.1225E+05 -1.7828E+06
0009230   9.0105E+07 -1.3661E+06 -3.1199E+05
0009231   8.7909E+07  4.0561E+05  1.6868E+06
0009232   8.8159E+07 -2.3345E+05  6.8576E+05
0009233   8.7591E+07 -5.2543E+05  2.4325E+05
0009234   9.0380E+07  3.1961E+06  9.2235E+05
0009235   8.8990E+07  3.8599E+06 -3.0036E+06
0009236   8.9493E+07 -1.8485E+06 -9.6251E+05
0009237   8.9069E+07 -1.4423E+06 -3.7887E+06
0009238   9.0150E+07  2.1354E+06  1.9016E+06
0009239   9.0195E+07  3.4716E+06 -6.9340E+05
0009240   9.1408E+07  2.5757E+05  1.4922E+06
0009241   8.9616E+07  1.8342E+06  6.4553E+05
0009242   8.9391E+07 -7.2687E+05 -3.7086E+06
0009243   8.9390E+07 -1.3879E+06 -2.8395E+06
0009244   8.9380E+07 -1.7022E+06  1.1521E+06
0009245   9.1137E+07 -7.7116E+05 -2.6970E+06
0009246   8.9498E+07  1.5262E+06  1.6478E+06
0009247   8.9527E+07 -9.8615E+05  2.0592E+06
0009248   8.7719E+07 -3.5624E+06  1.5052E+06
0009249   8.7600E+07  7.4576E+05  7.1768E+06
0009250   9.1419E+07  1.2177E+06 -3.1710E+06
0009251   9.1418E+07  3.0721E+05 -1.6968E+06
0009252   8.7946E+07 -2.6314E+06  1.4712E+06
0009253   8.8566E+07  1.0728E+06  1.7864E+06
0009254   9.1193E+07  4.6099E+05 -6.6117E+05
0009255   9.0598E+07  4.5809E+06 -2.5501E+06
0009256   9.0426E+07  3.7875E+06  3.6765E+06
0009257   8.9864E+07 -1.9553E+06  8.3618E+05
0009258   8.8950E+07  7.2917E+05  2.3332E+05
0009259   8.9191E+07  7.2548E+05 -1.5892E+06
0009260   8.9284E+07  2.5292E+06 -1.0560E+06
0009261   9.0869E+07  2.0026E+06 -1.5016E+06
0009262   8.7744E+07 -5.7680E+06  3.4458E+06
0009263   9.0220E+07 -2.1509E+06 -6.7166E+05
0009264   9.1294E+07 -6.7189E+05  6.1262E+05
0009265   8.9868E+07  1.1054E+06 -5.9244E+05
0009266   8.8509E+07  1.6350E+06 -1.2925E+06
0009267   9.0402E+07  9.9070E+04 -6.4196E+05
0009268   9.1941E+07 -1.3590E+06  3.1071E+06
0009269   9.0464E+07  5.9794E+05 -1.7708E+06
0009270   9.3347E+07  3.4834E+06 -2.9446E+05
0009271   8.9912E+07  2.5252E+05  1.7988E+05
0009272   8.8929E+07 -3.6539E+06 -7.6946E+05
0009273   8.9462E+07  5.6021E+05 -1.4924E+06
0009274   8.9833E+07  1.9558E+05  1.7554E+05
0009275   8.9122E+07  3.7268E+05  1.1688E+06
0009276   8.7625E+07 -1.9660E+06 -7.8985E+05
0009277   8.9817E+07  3.5289E+06  1.0105E+05
0009278   8.8757E+07  7.3862E+05  6.9682E+05
0009279   8.7645E+07 -1.7703E+06 -1.5590E+06
0009280   8.8424E+07 -8.0924E+05 -2.3319E+06
0009281   8.9707E+07  5.5601E+06  4.4214E+06
0009282   8.8206E+07 -6.6327E+06 -9.8779E+06
0009283   8.7810E+07 -3.0644E+06 -2.9712E+06
0009284   8.8426E+07 -5.5739E+05  1.1360E+06
0009285   8.8680E+07 -3.8419E+05 -4.1347E+05
0009286   8.8542E+07 -2.8883E+06 -6.1847E+04
0009287   9.0625E+07 -1.0453E+06 -1.1959E+06
0009288   8.9565E+07 -2.0210E+06 -1.4868E+06
0009289   9.0217E+07 -3.7212E+05 -2.7977E+06
0009290   9.1715E+07 -1.4282E+06  2.0607E+06
0009291   9.1862E+07  2.5686E+06 -9.6377E+05
0009292   9.1253E+07 -4.5377E+06  3.1711E+06
0009293   8.9251E+07  7.1432E+05 -1.8135E+05
0009294   9.0465E+07  1.7987E+06 -1.0873E+06
0009295   9.0652E+07  8.4952E+05 -3.9389E+06
0009296   8.9555E+07 -1.8344E+06 -3.0370E+06
0009297   8.7958E+07  1.0293E+06 -1.1134E+06
0009298   9.0704E+07  2.2071E+06  5.8619E+05
0009299   8.9979E+07 -7.8980E+05 -1.1549E+06
0009300   8.8879E+07 -6.0615E+05  1.8718E+06
0009301   9.0413E+07  9.0458E+05  2.3283E+06
0009302   9.3462E+07 -2.9700E+06  2.8820E+06
0009303   8.7996E+07 -2.0754E+06  1.4486E+06
0009304   8.9732E+07  3.2113E+06 -4.6415E+06
0009305   8.9124E+07 -1.2197E+06 -1.1052E+05
0009306   8.9582E+07 -7.7391E+05  1.3093E+05
0009307   8.8252E+07  3.9724E+06  8.8478E+05
0009308   8.8548E+07  1.4596E+06  4.8009E+04
0009309   9.0264E+07  3.0841E+05 -1.4037E+05
0009310   8.9833E+07  3.1953E+05  1.4142E+05
0009311   8.8791E+07  4.1563E+06  4.7164E+06
0009312   9.1897E+07  1.6550E+06 -2.0566E+06
0009313   9.1534E+07  9.9294E+04 -2.5067E+06
0009314   8.9742E+07 -2.2870E+06  2.2589E+06
0009315   9.2171E+07 -1.1662E+06  2.7078E+06
0009316   8.9034E+07  1.9974E+06 -2.2800E+06
0009317   8.9559E+07 -1.5000E+05  1.8209E+06
0009318   8.9305E+07  5.2872E+05  1.0679E+06
0009319   9.1446E+07  3.6321E+06 -1.1057E+06
0009320   8.8657E+07 -3.0592E+06 -2.2225E+04
0009321   8.9220E+07  1.2985E+06  4.0960E+05
0009322   9.0845E+07 -2.7040E+06  4.6509E+05
0009323   9.0687E+07  1.2142E+06 -5.4667E+06
0009324   9.1413E+07  1.6899E+06 -1.0123E+06
0009325   8.9413E+07  8.6933E+05  8.7455E+05
0009326   8.8686E+07  1.3476E+06  2.9932E+05
0009327   9.1568E+07  3.1976E+06 -1.9562E+06
0009328   9.1882E+07  2.4890E+06 -2.0937E+06
0009329   8.8783E+07 -7.7344E+05 -1.4625E+06
0009330   9.0400E+07 -6.0722E+05  9.5471E+05
0009331   9.2092E+07 -1.5100E+06 -2.2917E+06
0009332   9.0649E+07 -6.8100E+05 -1.6079E+06
0009333   9.1319E+07 -2.4462E+06  1.5558E+06
0009334   9.0385E+07  8.3489E+05 -2.3723E+06
0009335   8.9729E+07 -3.0509E+06 -1.8240E+06
0009336   8.9219E+07 -2.5373E+06 -1.5559E+06
0009337   9.0240E+07  1.9202E+06 -9.1390E+05
0009338   9.2397E+07 -1.4457E+06  7.1189E+05
0009339   9.3151E+07 -6.4896E+05 -2.9942E+05
0009340   8.9357E+07 -2.9017E+06 -1.6279E+06
0009341   8.9881E+07 -7.7506E+05 -1.2919E+06
0009342   8.8987E+07 -1.5083E+06  9.5524E+05
0009343   9.1423E+07  2.1147E+06  3.1603E+06
0009344   8.7244E+07 -2.2888E+06 -9.2779E+05
0009345   9.2234E+07 -2.7956E+05  5.8067E+06
0009346   9.0177E+07 -7.5766E+05 -1.9803E+06
0009347   9.0682E+07 -2.0324E+06  6.1050E+05
0009348   8.9641E+07  5.0269E+06 -6.2386E+05
0009349   9.0648E+07  4.0867E+05 -9.3098E+05
0009350   8.7662E+07  3.2299E+06 -1.0767E+06
0009351   9.1067E+07  9.1291E+05 -6.2591E+05
0009352   9.0450E+07 -2.0678E+06  1.5919E+06
0009353   9.1234E+07 -1.6244E+06  7.3912E+05
0009354   9.0255E+07  6.7150E+05  1.0619E+06
0009355   8.8797E+07  3.8983E+06 -7.6657E+06
0009356   8.8533E+07 -8.6048E+06  2.8263E+06
0009357   9.0516E+07  1.9002E+06  8.6641E+05
0009358   9.2170E+07 -2.0403E+06  1.0132E+06
0009359   9.0575E+07 -6.5166E+06  7.3533E+06
0009360   9.0116E+07 -3.2932E+06  7.3813E+05
0009361   8.8379E+07 -3.6706E+06 -2.3157E+06
0009362   9.0662E+07 -1.0322E+06  1.5016E+05
0009363   8.8744E+07  2.8332E+06 -2.6080E+06
0009364   9.2326E+07  3.2517E+06 -1.6429E+06
0009365   8.9251E+07  1.7399E+05 -1.1010E+06
0009366   8.8111E+07  1.0034E+05 -2.6447E+06
0009367   9.0571E+07 -2.1734E+06 -7.8674E+05
0009368   8.7871E+07 -1.5133E+06 -6.4495E+05
0009369   8.9239E+07  2.3346E+06 -1.7064E+06
0009370   8.9396E+07  1.1219E+06 -1.4771E+06
0009371   8.9813E+07 -3.1478E+05  1.9683E+06
0009372   8.8385E+07  2.6972E+06 -1.5075E+06
0009373   8.8033E+07  1.1805E+06 -2.1807E+05
0009374   8.7729E+07 -3.3141E+05  3.4046E+06
0009375   8.8938E+07 -3.1262E+06 -1.8181E+06
0009376   8.9702E+07 -7.2840E+05  3.6714E+06
0009377   9.0580E+07  8.5274E+04  8.5490E+05
0009378   9.1441E+07 -1.4428E+06  2.9428E+05
0009379   8.8918E+07  1.0141E+04 -1.9763E+06
0009380   9.1054E+07  2.9284E+05  4.9431E+06
0009381   8.9593E+07  7.1808E+05 -1.0239E+06
0009382   9.1210E+07  1.0789E+06  9.7039E+04
0009383   9.0784E+07  8.8178E+05 -1.4517E+06
0009384   9.0933E+07 -1.6405E+06 -4.1319E+05
0009385   8.9512E+07 -2.6557E+06 -7.8691E+05
0009386   8.8678E+07 -1.8585E+06  2.1944E+06
0009387   9.0489E+07 -1.4777E+06  6.0473E+06
0009388   8.9967E+07  9.6254E+06  2.8818E+06
0009389   8.8574E+07 -1.1810E+06 -2.9127E+05
0009390   9.0867E+07 -1.6129E+06 -2.5610E+06
0009391   9.0998E+07 -2.5999E+06 -8.1364E+05
0009392   9.0400E+07  4.4076E+06  3.7619E+06
0009393   9.2540E+07  1.6980E+06 -2.2578E+06
0009394   9.2077E+07  4.7656E+05 -9.6798E+05
0009395   9.1769E+07 -1.4125E+06  2.0370E+05
0009396   8.8894E+07 -4.0865E+05 -9.3518E+04
0009397   8.9364E+07  1.8383E+06 -3.4345E+06
0009398   8.8964E+07  1.5285E+06  3.0024E+06
0009399   9.0154E+07  4.2204E+06  1.4300E+06
0009400   8.9071E+07  2.3096E+06 -3.4066E+06
0009401   9.1777E+07 -1.5219E+06 -2.5644E+06
0009402   8.9973E+07  2.4226E+05  9.9251E+05
0009403   8.9249E+07  3.0349E+06 -1.7732E+06
0009404   9.0256E+07 -1.6617E+05 -2.1178E+05
0009405   9.0017E+07  1.8084E+06  3.6603E+05
0009406   9.0876E+07 -5.6278E+05 -1.6798E+06
0009407   9.1432E+07 -2.6356E+05  9.6205E+05
0009408   9.2041E+07  4.8025E+05 -7.1112E+05
0009409   8.8397E+07 -1.9502E+06  2.8730E+06
0009410   8.7466E+07 -2.7595E+06 -1.3139E+06
0009411   8.9921E+07  3.3894E+06  1.1175E+06
0009412   8.8386E+07  2.2351E+05  2.2268E+06
0009413   9.0257E+07 -9.5852E+05 -4.5465E+06
0009414   8.6898E+07 -3.3224E+04  1.7940E+06
0009415   9.3945E+07 -2.6355E+06  5.5309E+06
0009416   8.6261E+07 -2.8029E+05  5.4039E+05
0009417   9.3001E+07  3.3590E+05 -1.0641E+06
0009418   8.9856E+07  1.2862E+06 -8.2262E+05
0009419   9.1480E+07 -3.1943E+06  1.0590E+05
0009420   8.9851E+07 -8.5937E+05  2.9821E+05
0009421   9.0659E+07  3.6140E+06  4.8253E+05
0009422   8.8028E+07  1.8392E+06  1.1663E+06
0009423   9.0630E+07  3.4943E+05  5.6534E+05
0009424   9.1250E+07  3.0181E+06 -4.9106E+05
0009425   8.7635E+07 -3.9734E+06 -5.0159E+06
0009426   9.0096E+07 -2.3819E+06  3.5019E+06
0009427   8.8694E+07  4.1676E+05 -1.2701E+06
0009428   9.1528E+07  3.2174E+06 -5.5511E+05
0009429   8.9405E+07 -1.2128E+06  2.4547E+06
0009430   8.9719E+07  6.0634E+05 -8.4964E+05
0009431   9.0156E+07 -4.3881E+06 -1.4701E+06
0009432   8.8278E+07  2.8389E+06  1.8305E+05
0009433   8.7161E+07 -7.6018E+05  1.5520E+06
0009434   8.9464E+07 -1.0930E+06 -2.2391E+06
0009435   9.0795E+07 -2.7606E+06  1.8494E+06
0009436   8.8154E+07 -1.4918E+06  5.7740E+05
0009437   9.1411E+07  3.9003E+05 -3.8180E+06
0009438   9.1872E+07  1.5275E+06  2.6987E+06
0009439   9.0571E+07 -5.0287E+05 -3.2453E+06
0009440   8.9838E+07 -1.7657E+06  5.3858E+05
0009441   9.0928E+07 -2.7404E+06 -1.4991E+05
0009442   8.8189E+07  2.1140E+06 -3.6458E+06
0009443   8.8027E+07 -4.2374E+05 -2.2459E+06
0009444   8.9547E+07 -2.2964E+04 -2.6860E+06
0009445   9.1408E+07 -9.1422E+05 -3.7631E+06
0009446   8.9424E+07 -4.1962E+06  8.2543E+05
0009447   8.9804E+07  8.2367E+05  5.0936E+05
0009448   8.8616E+07 -2.2787E+06  6.7497E+06
0009449   8.7311E+07  1.3223E+06  1.0764E+05
0009450   8.9207E+07  3.5472E+05 -6.9339E+05
0009451   8.9189E+07  4.0021E+06 -3.6583E+06
0009452   9.1270E+07  4.8095E+05 -1.6196E+06
0009453   8.8552E+07 -4.6226E+06  2.6385E+06
0009454   9.1270E+07 -2.6459E+06  2.6810E+06
0009455   8.9426E+07 -1.1791E+06  4.8429E+06
0009456   9.2512E+07  2.0212E+06  1.9167E+06
0009457   8.9546E+07  1.0775E+05 -1.5473E+06
0009458   8.9482E+07 -2.2120E+06 -2.6355E+06
0009459   9.2150E+07 -1.7817E+06  9.8063E+05
0009460   9.1649E+07  1.6257E+06 -1.7359E+06
0009461   9.0221E+07 -3.5818E+06 -2.9133E+05
0009462   9.2595E+07  3.9292E+06  1.9592E+06
0009463   8.8064E+07  1.5720E+06 -1.0963E+06
0009464   8.9334E+07  4.8293E+05 -8.5310E+05
0009465   8.9778E+07 -1.6857E+06  1.6625E+06
0009466   8.9951E+07 -2.0934E+06  1.6245E+06
0009467   9.0702E+07 -6.3208E+05 -3.9003E+06
0009468   9.0016E+07 -1.9128E+06  4.8130E+05
0009469   8.8327E+07  6.8117E+05  2.8545E+06
0009470   9.0293E+07 -1.4092E+06  2.0712E+06
0009471   9.0227E+07 -2.0748E+06  7.3659E+05
0009472   8.9697E+07 -7.9399E+05 -4.5122E+06
0009473   9.0630E+07 -1.8063E+06  2.2996E+06
0009474   8.9443E+07  5.4062E+06 -9.7709E+05
0009475   9.1480E+07 -1.9970E+06 -2.4254E+06
0009476   8.9805E+07  7.1563E+06 -4.9857E+05
0009477   9.1951E+07 -2.1885E+06  2.6243E+06
0009478   8.8189E+07  3.0839E+05  1.5413E+06
0009479   8.7668E+07  4.4248E+05 -1.7363E+04
0009480   8.7074E+07 -5.4388E+06  3.8325E+06
0009481   9.0149E+07  8.2890E+05  2.1011E+06
0009482   8.9242E+07  2.2850E+06  2.9662E+05
0009483   8.9012E+07  3.3002E+06  7.7457E+05
0009484   8.6309E+07  1.8323E+06 -1.1086E+06
0009485   9.2623E+07  1.7909E+06 -5.6370E+06
0009486   9.0531E+07 -1.8383E+06  1.8959E+06
0009487   8.8434E+07  3.3580E+06  4.3126E+06
0009488   9.1336E+07  3.4931E+06 -5.3968E+05
0009489   9.0520E+07 -5.7198E+05 -4.1531E+03
0009490   9.0482E+07 -1.0990E+06  1.5796E+06
0009491   8.9614E+07 -8.0953E+05 -2.8466E+06
0009492   9.1206E+07  2.8370E+06 -7.6574E+05
0009493   8.9607E+07 -5.7982E+06 -4.0379E+06
0009494   9.3196E+07 -1.9023E+06 -3.0473E+06
0009495   9.2046E+07  3.6178E+06 -9.5437E+05
0009496   8.9883E+07 -1.0112E+06 -1.1754E+06
0009497   8.9131E+07 -1.8478E+06  1.9724E+06
0009498   9.1089E+07 -2.1322E+06  1.6163E+06
0009499   9.0559E+07  1.1187E+06  3.1964E+05
0009500   8.7744E+07  1.7882E+06  1.6996E+05
0009501   8.8821E+07  2.6174E+06  2.4019E+05
0009502   9.2216E+07  3.1058E+06 -6.0008E+05
0009503   8.8611E+07 -1.7697E+06  5.5294E+05
0009504   8.9569E+07  8.5923E+05 -1.2102E+05
0009505   8.9977E+07 -4.9499E+06  2.8396E+06
0009506   8.9123E+07 -1.3199E+06 -2.6950E+05
0009507   8.9196E+07 -1.7276E+06 -1.2023E+05
0009508   9.1060E+07  1.6059E+06  1.7783E+06
0009509   9.0405E+07 -6.8945E+05  8.4114E+05
0009510   9.0137E+07  5.4251E+05  2.7070E+06
0009511   9.0166E+07 -2.0719E+06 -8.5676E+05
0009512   8.9287E+07  8.0966E+04 -2.0318E+06
0009513   8.9703E+07  5.2582E+05 -2.2205E+06
0009514   8.7657E+07 -3.8790E+06 -3.1491E+06
0009515   8.8142E+07 -8.5372E+05 -2.2953E+06
0009516   8.9034E+07 -2.0190E+06  2.0869E+06
0009517   9.0560E+07  3.2374E+06 -8.9863E+06
0009518   8.7709E+07 -2.0397E+06  1.0801E+06
0009519   8.9840E+07 -4.8638E+05  6.8275E+05
0009520   9.0198E+07 -4.1548E+06  1.8512E+06
0009521   9.0540E+07  2.5254E+06 -1.1332E+06
0009522   8.9660E+07  2.2895E+06  2.3013E+06
0009523   9.0133E+07  5.6964E+05  3.6703E+05
0009524   9.0554E+07 -1.8911E+05 -1.7300E+06
0009525   8.9045E+07  1.2396E+06 -1.6326E+06
0009526   8.8179E+07 -2.6453E+06 -3.9105E+05
0009527   9.0261E+07 -1.3731E+06 -5.6701E+05
0009528   9.0091E+07 -1.9191E+06 -1.3592E+06
0009529   9.1054E+07  7.3120E+05  3.4029E+06
0009530   9.0735E+07 -4.1187E+06 -6.3079E+05
0009531   9.0437E+07 -1.5909E+06 -1.0126E+05
0009532   8.8811E+07  1.0035E+06  8.1864E+05
0009533   8.8939E+07  2.7264E+06 -6.6333E+05
0009534   8.9691E+07  1.3827E+06  5.1947E+05
0009535   8.9062E+07  1.4811E+05 -1.9999E+06
0009536   8.8707E+07  8.4846E+05  8.5781E+05
0009537   9.1335E+07 -3.7911E+06  8.1206E+06
0009538   9.0188E+07 -5.2961E+05  9.9331E+05
0009539   8.9167E+07 -1.6186E+06 -3.1577E+06
0009540   8.9452E+07  2.7317E+06 -3.0795E+06
0009541   8.8882E+07 -2.4488E+06  9.3152E+05
0009542   8.9497E+07  3.5654E+05  1.8843E+06
0009543   9.0191E+07 -1.3415E+06 -1.6503E+06
0009544   9.0360E+07 -5.6372E+05  2.3460E+06
0009545   9.1881E+07 -2.1304E+06  2.3483E+06
0009546   9.0302E+07  7.2582E+06  3.2900E+05
0009547   9.1082E+07  1.5850E+06  9.6232E+04
0009548   9.0019E+07 -2.1892E+05  1.2074E+06
0009549   8.9399E+07  3.6729E+05 -1.3097E+06
0009550   9.0621E+07  3.9499E+06  9.8887E+05
0009551   9.0442E+07  7.7950E+05 -3.2929E+06
0009552   8.9443E+07 -6.1270E+04 -1.0268E+06
0009553   9.3020E+07 -1.2923E+06  2.2880E+06
0009554   8.7768E+07 -2.8331E+06 -7.4853E+06
0009555   9.0815E+07 -1.5364E+06  1.0945E+06
0009556   8.9162E+07 -6.8655E+05 -9.3444E+05
0009557   9.0536E+07  1.5584E+06 -8.1822E+05
0009558   8.7378E+07 -1.7177E+06  8.0214E+05
0009559   8.7858E+07 -1.1248E+06 -9.3058E+05
0009560   9.0431E+07 -1.9819E+06 -8.2628E+05
0009561   9.2196E+07 -1.4760E+06 -1.8675E+05
0009562   9.0238E+07  1.2055E+06 -3.6090E+06
0009563   9.0850E+07  3.6332E+06  3.0391E+06
0009564   8.9555E+07 -2.9092E+04  3.2053E+06
0009565   8.7177E+07  1.6379E+06 -1.2595E+06
0009566   9.0138E+07  1.3724E+05  1.0775E+06
0009567   8.8789E+07 -8.0584E+05 -1.1234E+06
0009568   9.1017E+07  3.4036E+06 -8.8607E+05
0009569   9.0150E+07  1.3149E+06  2.7846E+06
0009570   8.8047E+07  3.5388E+05 -1.3545E+06
0009571   9.2651E+07 -1.5268E+06  1.7563E+06
0009572   8.5636E+07 -2.9471E+06 -6.2027E+05
0009573   9.1263E+07 -2.4692E+06  9.9079E+05
0009574   9.0643E+07 -1.2030E+06 -3.6430E+04
0009575   8.8799E+07 -2.2152E+06 -4.1543E+06
0009576   8.8438E+07  1.7622E+04 -3.3357E+06
0009577   9.0468E+07 -2.1781E+05 -9.6841E+05
0009578   8.9165E+07 -5.1399E+05  3.5264E+05
0009579   8.7101E+07  5.9157E+05  9.7401E+05
0009580   9.2188E+07  8.9519E+05 -1.1776E+06
0009581   8.8712E+07  2.5671E+06 -9.5399E+05
0009582   8.8858E+07 -9.7882E+05 -7.4962E+05
0009583   8.9308E+07 -7.7349E+05 -1.4766E+06
0009584   8.9238E+07 -3.1137E+06  2.8851E+06
0009585   9.1338E+07  2.5597E+05 -1.7215E+06
0009586   8.8935E+07  3.9771E+06  4.0158E+05
0009587   9.1124E+07 -5.1081E+05  1.2359E+06
0009588   9.0545E+07  1.3066E+06  1.1397E+06
0009589   8.8100E+07 -2.4483E+06  6.7335E+06
0009590   8.9415E+07  2.9383E+04 -1.5547E+06
0009591   8.7687E+07 -2.0602E+06  2.0906E+06
0009592   8.7912E+07 -2.1502E+06 -1.1380E+06
0009593   9.0486E+07 -3.6875E+06  1.8939E+06
0009594   9.2134E+07 -4.5827E+04  1.4046E+06
0009595   8.7807E+07 -4.5089E+05  1.4552E+06
0009596   8.9971E+07  6.1995E+05  1.1593E+06
0009597   8.8896E+07 -1.2806E+06  1.6486E+05
0009598   8.9754E+07  1.5473E+06 -5.1810E+05
0009599   8.9160E+07 -3.2058E+06  1.2603E+06
0009600   9.0133E+07 -2.4799E+06 -3.5830E+04
0009601   8.9728E+07 -7.3101E+05 -1.6723E+06
0009602   8.8863E+07  1.1103E+06  6.1842E+05
0009603   9.1334E+07 -8.8215E+05 -2.8026E+06
0009604   8.9879E+07 -6.5844E+05  3.9921E+05
0009605   8.7325E+07  7.3650E+06  3.9676E+06
0009606   9.1003E+07  3.1252E+06 -2.4473E+05
0009607   8.9310E+07  1.1801E+06 -2.0343E+06
0009608   8.9719E+07 -7.9873E+05 -8.6499E+05
0009609   8.9244E+07  4.8023E+06  5.4339E+06
0009610   8.9668E+07  4.3874E+06 -2.0701E+06
0009611   8.9094E+07  2.7855E+06 -1.7881E+05
0009612   9.0929E+07  1.4202E+06  2.2749E+06
0009613   8.9435E+07  2.1008E+06 -3.4277E+05
0009614   8.9051E+07 -8.4356E+05 -2.9572E+05
0009615   9.2258E+07 -2.7406E+06 -8.3961E+05
0009616   9.1160E+07 -8.9025E+05  3.1641E+06
0009617   9.0710E+07 -1.6203E+06 -1.6073E+06
0009618   9.1817E+07  1.0943E+06 -2.2330E+06
0009619   9.1216E+07 -3.6010E+05  2.4628E+05
0009620   8.9841E+07 -6.9534E+05 -1.7276E+06
0009621   9.1050E+07  5.9589E+05  9.0424E+05
0009622   8.8037E+07 -1.2806E+06 -2.3428E+06
0009623   9.1783E+07 -8.7666E+05  8.0463E+05
0009624   9.0479E+07 -2.2242E+06 -1.3389E+06
0009625   8.9378E+07 -1.0968E+06  5.7977E+04
0009626   9.0635E+07 -3.2676E+06 -1.8562E+05
0009627   9.1073E+07 -1.5615E+05  5.4872E+05
0009628   9.0252E+07 -4.9844E+05  8.8583E+05
0009629   8.8155E+07 -1.3425E+06 -5.8021E+06
0009630   9.1832E+07  2.0523E+05 -8.6017E+05
0009631   9.1096E+07  2.7776E+06  2.5835E+06
0009632   8.9057E+07  1.6276E+06 -7.3943E+05
0009633   8.9492E+07  6.5517E+05  2.4450E+06
0009634   9.0075E+07 -2.1864E+05  3.3618E+06
0009635   8.7410E+07 -2.3012E+06 -3.9438E+05
0009636   9.1657E+07 -2.0302E+05  7.0035E+05
0009637   9.0080E+07 -3.6260E+05 -8.6052E+05
0009638   8.8901E+07 -4.5086E+06 -2.3977E+06
0009639   8.5788E+07 -1.7053E+05 -3.8868E+06
0009640   9.0136E+07 -3.9991E+06  2.6249E+06
0009641   8.8331E+07 -1.4659E+06  1.2176E+06
0009642   8.8550E+07  2.4346E+06  2.1302E+06
0009643   9.0421E+07  9.8401E+05 -2.0184E+06
0009644   8.9732E+07 -3.7092E+06 -1.3871E+06
0009645   8.8501E+07  8.0784E+05 -1.6950E+06
0009646   8.8233E+07  7.1507E+05 -9.5922E+05
0009647   9.2336E+07  5.1724E+05  2.0736E+06
0009648   9.0587E+07 -1.8627E+06  1.5719E+06
0009649   8.8359E+07  5.1671E+05  1.9589E+05
0009650   8.9458E+07  1.0637E+03  7.3124E+05
0009651   8.9782E+07 -2.8936E+06 -9.9266E+05
0009652   9.0278E+07 -2.4924E+05  1.4597E+06
0009653   9.0934E+07  2.4468E+06 -2.6130E+06
0009654   9.0434E+07 -2.5148E+05 -1.4850E+05
0009655   9.0303E+07  3.0755E+06 -2.0821E+06
0009656   8.8693E+07  7.6732E+05  2.4654E+06
0009657   9.3062E+07  7.4109E+05 -2.0811E+06
0009658   8.7853E+07  1.0352E+06  3.4678E+05
0009659   9.1834E+07 -1.5635E+06 -1.6299E+06
0009660   8.9525E+07 -9.6341E+05  3.1863E+06
0009661   9.0646E+07 -1.5355E+06  4.3924E+04
0009662   8.8405E+07  5.3742E+05 -2.0677E+06
0009663   8.8800E+07  1.9443E+05  2.9813E+06
0009664   8.9748E+07 -8.9655E+05 -3.0395E+06
0009665   9.1134E+07 -1.6251E+06  1.4636E+06
0009666   8.8622E+07  1.1093E+06  2.6808E+04
0009667   8.9658E+07  4.3708E+05 -6.9947E+05
0009668   8.9089E+07  1.3436E+06  3.0849E+05
0009669   8.9466E+07 -1.3362E+06 -6.0326E+05
0009670   9.0166E+07 -4.0127E+06 -3.4455E+06
0009671   9.1829E+07 -1.3648E+06  1.0149E+06
0009672   8.9250E+07 -7.7361E+05 -4.7726E+06
0009673   9.1229E+07  9.3705E+05 -3.4625E+05
0009674   8.8908E+07 -2.9940E+05  5.7836E+06
0009675   9.0371E+07  2.8778E+06 -3.7313E+06
0009676   9.0212E+07  1.9774E+06  2.1069E+05
0009677   8.9321E+07 -2.3192E+06 -1.5324E+05
0009678   9.0369E+07  2.6616E+06 -1.9921E+05
0009679   8.7766E+07 -1.7346E+06 -1.9684E+06
0009680   8.9805E+07 -2.4143E+06  1.7242E+06
0009681   8.9776E+07 -9.2021E+05 -2.9281E+06
0009682   9.0240E+07  3.8648E+06 -2.2326E+06
0009683   9.0134E+07  2.1988E+06  2.0788E+06
0009684   8.9546E+07  3.8314E+05 -3.4156E+05
0009685   8.9163E+07  1.9838E+06  2.1151E+06
0009686   8.8987E+07 -5.4858E+04 -4.7655E+05
0009687   8.7841E+07  3.0358E+06 -9.2919E+05
0009688   8.9478E+07 -8.9281E+05  1.6339E+06
0009689   8.8806E+07 -1.0029E+06 -4.1561E+05
0009690   8.9836E+07  6.5973E+05 -3.9621E+06
0009691   9.1096E+07  4.3658E+06  3.3250E+06
0009692   8.9374E+07  1.6737E+05  4.1271E+06
0009693   8.8189E+07 -4.3059E+05 -1.9237E+06
0009694   9.1240E+07 -8.0237E+05 -2.7561E+06
0009695   8.6098E+07 -6.3312E+06  1.4275E+06
0009696   9.0182E+07 -2.3836E+06 -1.5141E+06
0009697   9.2006E+07  1.0824E+06  3.0178E+06
0009698   8.7726E+07  1.5248E+06  1.2285E+06
0009699   9.0745E+07  3.3426E+06 -1.9896E+06
0009700   9.0898E+07  1.9907E+06 -6.7636E+05
0009701   9.0409E+07  2.2304E+06  6.9915E+05
0009702   8.9983E+07 -1.8052E+06 -2.7724E+04
0009703   9.0932E+07 -3.3736E+05 -2.2771E+05
0009704   8.9624E+07  2.9661E+06  1.5606E+06
0009705   9.0903E+07 -1.8225E+06  1.4834E+06
0009706   8.7724E+07  8.8137E+06  2.1172E+06
0009707   8.8554E+07  4.3658E+06 -3.5228E+06
0009708   8.9769E+07  8.1942E+05  2.7683E+06
0009709   8.8613E+07  1.0769E+06  3.5789E+06
0009710   8.9549E+07 -3.5443E+06  1.3707E+06
0009711   8.9967E+07 -1.3202E+04  2.7751E+05
0009712   8.9771E+07  1.3042E+06 -1.0073E+06
0009713   8.9740E+07 -3.8622E+06  2.1434E+05
0009714   9.0581E+07  1.5317E+06  4.8150E+05
0009715   8.8988E+07 -1.2050E+07 -8.5204E+06
0009716   9.1135E+07  1.7856E+06 -2.4310E+06
0009717   9.0507E+07  1.5544E+06 -9.1653E+05
0009718   9.0331E+07 -2.3759E+06  1.0584E+06
0009719   8.9508E+07  1.4328E+05  4.4558E+06
0009720   9.1568E+07  3.4076E+06  3.0933E+06
0009721   9.2323E+07  4.0927E+05  4.6660E+05
0009722   9.0994E+07  4.2007E+06 -1.0450E+06
0009723   8.8634E+07 -4.4858E+05  1.0631E+06
0009724   9.1570E+07 -3.6364E+06  1.7181E+06
0009725   8.7761E+07 -9.5736E+05  2.7355E+05
0009726   8.8337E+07 -2.2710E+06 -1.7141E+05
0009727   8.9637E+07  1.2779E+06  6.6074E+05
0009728   9.0471E+07 -1.0007E+06  9.5106E+05
0009729   9.0684E+07  2.2693E+06  2.7715E+06
0009730   8.8152E+07  6.6056E+06  1.6490E+05
0009731   8.7469E+07  5.3801E+05 -1.0948E+06
0009732   9.1132E+07 -3.8625E+05 -4.2676E+05
0009733   9.0714E+07 -1.1997E+06 -1.5757E+06
0009734   9.2027E+07  8.0251E+05 -9.5996E+05
0009735   9.0070E+07 -3.3548E+06  4.6193E+06
0009736   9.0707E+07  2.4487E+06  7.8281E+04
0009737   9.0174E+07  2.4113E+06  3.3966E+04
0009738   8.9508E+07 -5.5311E+05  3.6686E+05
0009739   8.9425E+07  1.8021E+06 -2.9194E+06
0009740   8.8910E+07 -1.4862E+06  7.7600E+05
0009741   9.0318E+07 -9.2995E+05 -3.4500E+05
0009742   8.8140E+07  6.5538E+05  8.2955E+05
0009743   8.8016E+07 -2.4827E+06  1.7428E+06
0009744   8.9614E+07 -1.4847E+06 -3.2175E+06
0009745   8.9808E+07  2.2156E+06  1.9250E+06
0009746   8.7708E+07 -1.2929E+06  1.8043E+06
0009747   8.9122E+07  2.1322E+06 -1.0483E+05
0009748   9.0365E+07 -1.6712E+06 -3.9732E+05
0009749   9.0912E+07 -3.5189E+06 -1.0835E+06
0009750   8.8457E+07 -4.1129E+05 -1.0427E+06
0009751   9.0589E+07  1.1629E+06  2.9626E+06
0009752   9.0884E+07 -2.8825E+05  9.4118E+05
0009753   8.8168E+07  4.5971E+06 -2.5246E+06
0009754   9.1027E+07 -1.4524E+06  2.6729E+05
0009755   9.0722E+07 -2.3014E+06 -6.5225E+05
0009756   9.1681E+07  4.1337E+06  2.2013E+06
0009757   8.9027E+07 -8.9306E+04 -9.0651E+05
0009758   9.0460E+07 -2.1538E+06 -8.8886E+05
0009759   8.7833E+07  1.4152E+06  4.4582E+05
0009760   8.8922E+07  4.7608E+05 -3.6493E+04
0009761   9.1287E+07 -9.4577E+05  1.1306E+05
0009762   8.9344E+07  1.8995E+06  9.2869E+04
0009763   8.8926E+07  2.1384E+06  5.8278E+05
0009764   9.1068E+07  7.6028E+05  6.5326E+05
0009765   9.1378E+07 -2.7334E+06 -2.4718E+06
0009766   9.1709E+07 -3.6071E+05  1.4413E+06
0009767   9.0125E+07 -9.5788E+06 -4.7448E+06
0009768   8.8962E+07 -3.5236E+06 -6.6389E+05
0009769   8.9783E+07 -6.3793E+05  5.5504E+05
0009770   8.9392E+07 -2.0466E+05 -1.4252E+06
0009771   8.9720E+07 -3.7523E+05  2.8141E+05
0009772   8.9900E+07 -1.1379E+06 -7.9958E+05
0009773   9.1688E+07 -1.2014E+06 -1.0056E+05
0009774   9.0336E+07 -3.2458E+06 -1.2257E+06
0009775   8.9758E+07  8.8835E+05  6.4344E+06
0009776   8.9133E+07  1.0201E+06  3.5290E+06
0009777   8.7173E+07  3.0523E+05 -6.4691E+05
0009778   8.7524E+07  5.1891E+06 -1.0888E+06
0009779   9.0286E+07 -1.3915E+06  1.4286E+06
0009780   8.8041E+07 -1.8168E+06 -1.4698E+05
0009781   9.0690E+07 -4.9272E+06 -1.3643E+06
0009782   8.6567E+07  1.5975E+06  1.1627E+06
0009783   9.0877E+07 -2.2184E+06 -2.2493E+06
0009784   9.2572E+07 -1.7311E+06  6.7196E+05
0009785   9.0128E+07 -1.9442E+06 -4.9471E+05
0009786   9.1291E+07  6.2706E+05  1.8549E+06
0009787   8.9478E+07  6.2973E+05  7.5427E+05
0009788   8.9009E+07  4.4838E+06  9.1747E+05
0009789   8.8246E+07 -1.5286E+06 -1.9191E+06
0009790   8.8932E+07 -1.9434E+06 -2.7027E+06
0009791   8.8896E+07 -4.0565E+06  7.3892E+05
0009792   9.1645E+07  7.6131E+05  4.4310E+06
0009793   8.8446E+07 -9.1716E+05 -2.8246E+06
0009794   8.9924E+07  2.8977E+05 -4.2167E+05
0009795   8.7637E+07  1.1483E+06  1.2172E+06
0009796   8.8868E+07  1.9106E+06 -1.4198E+06
0009797   9.0268E+07 -1.1110E+05 -1.8845E+06
0009798   9.2017E+07  5.2789E+06  6.6265E+05
0009799   8.9128E+07  2.2964E+06  6.9386E+05
0009800   9.1540E+07  2.3328E+05 -6.3727E+06
0009801   8.9673E+07  3.7895E+05  5.9044E+05
0009802   8.7897E+07  2.1923E+06 -2.9422E+06
0009803   9.1387E+07  8.5493E+05 -2.7141E+05
0009804   9.0184E+07  4.8903E+06  8.3671E+04
0009805   8.6656E+07 -3.7132E+06 -6.8596E+05
0009806   8.8246E+07  5.1206E+05 -9.8457E+05
0009807   8.9606E+07  3.3092E+06  2.0249E+06
0009808   8.9443E+07 -4.8232E+05  3.4447E+06
0009809   9.0425E+07  2.2286E+06  9.6105E+05
0009810   9.1191E+07  2.1755E+06 -8.1967E+05
0009811   8.8891E+07 -8.7476E+05 -1.1186E+06
0009812   9.0902E+07 -2.0800E+05  3.0222E+06
0009813   8.9598E+07  1.9267E+06 -6.8532E+05
0009814   8.9504E+07 -1.9425E+05 -2.2006E+06
0009815   9.0105E+07  2.8717E+06  3.4242E+06
0009816   8.7803E+07  8.7469E+05 -1.6593E+06
0009817   8.8891E+07 -3.0520E+05  2.6909E+06
0009818   8.8103E+07 -4.5522E+05 -7.1471E+05
0009819   8.9053E+07  2.9932E+06 -6.0591E+06
0009820   9.1326E+07  1.4283E+06 -1.1096E+04
0009821   8.9091E+07 -2.1265E+06  3.3446E+06
0009822   8.9225E+07  7.4403E+05 -2.4898E+06
0009823   9.0009E+07 -2.3319E+06 -4.8508E+05
0009824   8.8283E+07  2.1990E+06 -1.2935E+06
0009825   9.1528E+07  9.5990E+05  1.1385E+06
0009826   9.1927E+07  4.7629E+04 -9.5691E+05
0009827   8.9119E+07  1.3247E+06  2.8868E+06
0009828   8.9089E+07 -1.2448E+06  1.0930E+06
0009829   9.1575E+07  3.1548E+06  1.2053E+06
0009830   8.8916E+07 -2.9546E+06 -9.7516E+05
0009831   8.8986E+07 -1.2100E+06 -6.3571E+06
0009832   9.0778E+07  2.6571E+06  2.3758E+06
0009833   9.0156E+07 -1.6238E+06  1.5941E+06
0009834   8.8605E+07 -6.2240E+05  3.4754E+06
0009835   9.1261E+07  1.9621E+06 -1.1861E+06
0009836   9.0340E+07 -6.2690E+05 -2.3820E+06
0009837   8.9353E+07 -1.9049E+06 -4.3135E+05
0009838   9.0312E+07  5.6757E+06  9.6836E+05
0009839   8.8644E+07 -1.2481E+06  2.1165E+06
0009840   9.1873E+07 -1.4187E+06  5.9362E+05
0009841   9.1207E+07 -2.2816E+06 -4.5015E+05
0009842   9.1776E+07  2.3369E+06  1.6844E+06
0009843   9.0069E+07 -3.8964E+05  1.7870E+05
0009844   9.0432E+07 -3.0252E+06  2.1054E+05
0009845   8.9538E+07  2.2595E+06 -5.4321E+05
0009846   9.0500E+07 -1.1880E+06 -3.9525E+06
0009847   8.8176E+07 -9.9100E+05  3.0194E+06
0009848   9.0016E+07  1.9065E+06 -5.9527E+05
0009849   9.1891E+07 -2.6133E+06 -1.4185E+06
0009850   8.8131E+07  6.9991E+05 -7.6111E+05
0009851   8.9811E+07 -6.0811E+05  1.0158E+05
0009852   9.1382E+07 -2.5409E+06 -3.3757E+05
0009853   9.0053E+07 -9.6768E+05 -6.8242E+05
0009854   9.0028E+07  1.8805E+06  1.4984E+05
0009855   8.9844E+07 -1.8006E+06 -4.0565E+06
0009856   9.0564E+07 -1.3704E+06  3.1828E+06
0009857   8.6902E+07 -4.2054E+05 -9.9103E+05
0009858   8.9979E+07  7.7632E+05 -9.9080E+05
0009859   9.0879E+07 -3.2679E+06  1.9198E+05
0009860   8.7506E+07  1.6470E+06 -1.1061E+05
0009861   9.0814E+07  2.0498E+06 -1.8635E+05
0009862   9.0867E+07 -1.0403E+06 -1.1256E+06
0009863   9.2460E+07  2.3936E+05  3.5408E+06
0009864   8.9209E+07  7.2337E+05  1.9719E+06
0009865   9.0525E+07  2.3529E+06 -1.0177E+05
0009866   8.9924E+07  1.9973E+06  2.0421E+06
0009867   9.0966E+07  5.4606E+05  1.7304E+06
0009868   8.9129E+07  2.2675E+06  2.2350E+06
0009869   9.1452E+07  5.8537E+05  1.4581E+06
0009870   8.6065E+07  7.4489E+05  2.7129E+06
0009871   9.0842E+07 -3.1275E+05  1.5037E+06
0009872   8.9767E+07 -1.1258E+06 -1.2693E+06
0009873   8.9955E+07  4.7209E+06 -1.2327E+06
0009874   9.2489E+07 -2.7417E+06  4.2526E+06
0009875   9.1073E+07 -8.1439E+05 -1.5980E+06
0009876   9.2081E+07  3.8010E+06  9.6565E+05
0009877   8.7866E+07 -5.4108E+05  3.2085E+05
0009878   9.0443E+07  6.3201E+05  1.9915E+06
0009879   9.1425E+07 -1.1630E+06 -2.3080E+06
0009880   8.9460E+07 -8.5920E+05 -2.2999E+06
0009881   9.0699E+07 -5.6957E+06 -2.1181E+04
0009882   8.8563E+07  3.2898E+05 -2.3319E+06
0009883   8.8202E+07  9.2207E+05 -6.3509E+05
0009884   8.9318E+07 -6.4605E+05  4.3809E+05
0009885   8.9468E+07  2.0775E+06  4.1491E+05
0009886   8.9434E+07  3.0457E+06  4.8612E+06
0009887   9.1181E+07 -2.1475E+06 -3.6196E+05
0009888   8.8073E+07  1.0617E+06 -6.2441E+04
0009889   8.7952E+07  1.5590E+05 -3.0982E+06
0009890   8.9593E+07 -1.7516E+06 -2.3851E+06
0009891   8.9748E+07 -4.3965E+06 -5.5385E+05
0009892   9.0714E+07 -5.5144E+05 -8.1416E+05
0009893   9.0903E+07 -3.3246E+04  2.5780E+06
0009894   8.9279E+07  3.0844E+06  1.7505E+06
0009895   8.9733E+07  4.1919E+05 -5.4203E+05
0009896   8.9236E+07 -7.5331E+06 -2.1895E+06
0009897   8.8796E+07 -4.6985E+06  6.2129E+06
0009898   8.9671E+07  4.0757E+06  2.3336E+06
0009899   9.3732E+07  1.2756E+06 -1.6353E+05
0009900   8.7655E+07 -1.8505E+06  1.0183E+06
0009901   8.8640E+07 -7.5217E+06 -1.9425E+06
0009902   8.7626E+07  4.5626E+05 -2.0644E+05
0009903   9.0538E+07  1.7738E+06 -2.2015E+06
0009904   9.0927E+07 -1.7117E+06  1.4294E+06
0009905   8.8752E+07  2.0952E+05  3.3342E+05
0009906   8.9902E+07  4.2663E+06  8.0236E+05
0009907   8.9315E+07  1.8424E+05  2.2080E+06
0009908   9.1206E+07  6.5788E+05 -3.9667E+05
0009909   8.7499E+07 -2.5709E+06 -4.8551E+06
0009910   8.9423E+07  6.7769E+05 -4.8355E+06
0009911   9.1496E+07 -1.4504E+06 -5.3951E+05
0009912   9.1018E+07  6.0413E+05 -7.1928E+05
0009913   9.1309E+07  2.2503E+06 -5.3228E+05
0009914   8.9652E+07  1.2744E+06  4.0761E+06
0009915   8.9746E+07 -1.1066E+05  1.6973E+06
0009916   8.9888E+07 -2.4940E+05 -1.6929E+06
0009917   8.9572E+07  3.2162E+06 -8.9490E+05
0009918   9.0211E+07  9.0378E+05 -4.1131E+05
0009919   9.1128E+07 -4.0917E+06  7.7801E+05
0009920   9.1241E+07  4.5228E+05 -2.2308E+05
0009921   9.1111E+07  1.3858E+06  5.7163E+05
0009922   8.8974E+07 -1.1948E+06  1.9737E+06
0009923   8.8550E+07  6.9644E+06 -6.3917E+06
0009924   8.8800E+07 -7.0839E+05 -4.5283E+06
0009925   8.7786E+07  1.6978E+06 -1.6934E+06
0009926   8.8264E+07  4.7167E+06 -1.0651E+06
0009927   9.0778E+07  2.1484E+06 -2.4078E+05
0009928   9.1228E+07  8.0601E+05 -1.8310E+06
0009929   9.1206E+07  1.0478E+05 -1.0933E+06
0009930   8.9335E+07 -7.0102E+05 -1.3056E+06
0009931   9.0175E+07 -1.5837E+05  2.0294E+05
0009932   9.1277E+07  1.0147E+06 -2.7371E+06
0009933   8.9429E+07 -1.2361E+05 -1.6424E+06
0009934   9.1124E+07 -8.2179E+05  2.3448E+06
0009935   9.0621E+07  1.7207E+06  5.5492E+05
0009936   9.1499E+07 -1.5639E+05 -1.3565E+06
0009937   8.9170E+07  1.7708E+06  8.4525E+06
0009938   8.9953E+07  6.7002E+05  1.7719E+06
0009939   8.9430E+07 -1.6088E+06 -3.7461E+06
0009940   8.8991E+07  5.9536E+06 -3.2844E+06
0009941   9.0657E+07  1.9164E+06 -1.6772E+06
0009942   8.9970E+07 -2.3476E+06 -7.2822E+06
0009943   9.1233E+07  3.7711E+06  2.5660E+05
0009944   9.0906E+07  1.3284E+05 -1.8755E+06
0009945   8.9012E+07 -1.6881E+06  3.4763E+06
0009946   8.6806E+07  2.7186E+06 -6.2635E+06
0009947   9.0744E+07 -1.5031E+06  3.8758E+05
0009948   9.0910E+07 -2.3543E+06 -1.3152E+06
0009949   9.0958E+07 -8.5281E+05  1.2342E+06
0009950   9.0218E+07 -2.3430E+05 -1.8473E+06
0009951   8.8121E+07 -1.4467E+06  1.5076E+06
0009952   8.9944E+07  1.7652E+06  7.7080E+05
0009953   9.2430E+07 -1.4411E+06  1.5365E+06
0009954   9.0595E+07 -2.1093E+06 -9.3966E+05
0009955   8.7515E+07  9.7015E+05 -1.2371E+06
0009956   9.1548E+07 -3.4682E+05 -2.3380E+06
0009957   9.2694E+07 -1.2596E+06 -3.8049E+06
0009958   8.9874E+07 -1.2531E+06 -3.8575E+05
0009959   8.9297E+07  5.2115E+05  2.5782E+05
0009960   9.0979E+07  1.4848E+06  2.4199E+06
0009961   9.0583E+07  1.6296E+06  1.2383E+06
0009962   8.9531E+07 -1.9047E+06  1.0335E+06
0009963   8.8350E+07 -6.4157E+05 -1.1511E+06
0009964   9.0673E+07  6.8835E+05  3.6865E+05
0009965   8.7767E+07  5.5340E+03  1.1945E+06
0009966   8.9912E+07 -1.5432E+05 -5.4864E+05
0009967   9.1500E+07 -2.5659E+06  2.6210E+06
0009968   8.7112E+07 -8.6244E+05  2.3745E+06
0009969   8.8196E+07 -1.2417E+06 -7.0503E+05
0009970   9.0937E+07  1.1390E+06  6.3298E+05
0009971   9.0332E+07  7.3756E+05  1.4829E+06
0009972   8.8520E+07  3.7291E+05 -5.7058E+06
0009973   8.8261E+07  1.4964E+06 -2.9734E+06
0009974   9.0949E+07  2.1275E+06 -2.9584E+06
0009975   8.7576E+07 -4.1660E+05  1.9878E+06
0009976   8.6528E+07 -3.3705E+05  1.0859E+06
0009977   9.0937E+07 -7.2984E+05  1.4641E+06
0009978   9.0346E+07  9.2536E+06  1.4047E+06
0009979   9.4150E+07 -1.8065E+06 -1.1793E+06
0009980   9.2099E+07  5.2828E+05 -5.1082E+05
0009981   9.0554E+07  1.0668E+06  2.1463E+06
0009982   9.1377E+07  3.3618E+05 -1.2682E+06
0009983   9.0348E+07  1.3666E+06 -2.9849E+05
0009984   9.0783E+07  6.9381E+05 -5.1161E+05
0009985   9.1609E+07 -9.6323E+05  3.7424E+05
0009986   8.9964E+07  7.5821E+05 -3.9497E+05
0009987   8.9494E+07 -4.0590E+06  3.9237E+06
0009988   9.1974E+07  4.9035E+06  1.5030E+06
0009989   8.8815E+07  1.2851E+05 -8.8630E+05
0009990   8.9289E+07  4.1596E+06 -5.0132E+06
0009991   9.0361E+07 -5.0846E+03  2.1210E+06
0009992   9.2141E+07  4.2825E+06 -1.0581E+06
0009993   8.9788E+07 -1.9940E+06  3.6605E+06
0009994   9.0032E+07 -4.0355E+05  1.0742E+06
0009995   8.9683E+07 -5.6624E+06  8.9090E+05
0009996   8.9804E+07 -8.7564E+05  1.2302E+06
0009997   9.1751E+07  8.3711E+05  3.5588E+06
0009998   9.0065E+07  2.2043E+06  5.5326E+05
0009999   8.9731E+07 -1.0392E+06  2.0374E+06
0010000   9.1038E+07 -6.2092E+03  1.6440E+06
