============================== SRIM-2013.00 ==============================
==============================================================================
====== SRIM Outputs\RANGE_3D.txt : File of Final Ion Positions =====

Ion = Ar (18)   Ion Mass= 039.9620
Energy  = 3000000.E-05 keV
Ion Angle to Surface = 00.0 degrees
==================== TARGET =======================
  Layer # 1 - GaAs
  Layer # 1 - Bottom Depth=160000.E-02 A
  Layer # 1 - Density =0005.3200 g/cm3
  Layer # 1 -  50 % of Ga
  Layer # 1 -  50 % of As
様様様様様様様様様様様様様様様様様様様様様様様様様様
                                            
Ion       Depth  X   Lateral Y   Lateral Z  
Number    (Angstrom) (Angstrom)  (Angstrom) 
-------  ----------- ----------- -----------
0000001   5.1073E+02 -2.2852E+02 -1.2243E+01
0000002   1.9983E+01  1.1478E+02 -6.0519E+01
0000003   5.7831E+01 -2.1643E+02 -6.7642E+01
0000004   2.5704E+02 -3.6231E+01 -2.3431E+01
0000005   3.9500E+02 -5.3651E+01 -3.7513E+02
0000006   3.0013E+02  2.6451E+02 -8.9516E+01
0000007   1.2188E+02  3.9656E+01  6.7565E+01
0000008   6.8011E+02 -6.1339E+01  2.8360E+02
0000009   1.1583E+02 -6.9578E+00  4.8864E+01
0000010   2.7206E+02 -1.0725E+02  1.3030E+02
0000011   3.3293E+02  1.3427E+02 -1.0225E+02
0000012   1.6440E+02  1.1287E+02 -1.5581E+02
0000013   4.2107E+02  3.6269E+02 -3.0706E+02
0000014   2.9078E+02  1.7979E+02  5.1374E+01
0000015   1.5343E+02  3.5782E+02 -5.6817E+01
0000016   2.5799E+02  1.1227E+02  8.8881E+01
0000017   1.5497E+02 -1.0268E+02  7.0901E+01
0000018   1.0743E+02  2.1997E+02 -2.0976E+02
0000019   2.0836E+02  8.1307E+01  3.1951E+02
0000020   2.3035E+02 -3.0236E+02  6.1268E+01
0000021   3.0872E+02  3.2342E+01 -9.8207E+00
0000022   6.0295E+01  2.5122E+02 -4.1792E+01
0000023   1.1930E+02 -1.9436E+01 -1.6383E+02
0000024   3.0755E+02  9.5389E+01 -2.3817E+02
0000025   5.7831E+02  4.0265E+01  2.8911E+02
0000026   3.0901E+02  9.9266E+01  2.9509E+01
0000027   3.0971E+02  5.9886E+01  3.3374E+01
0000028   5.3677E+01  5.6267E+01 -1.5540E+02
0000029   1.0697E+02  1.2232E+01  5.6351E+01
0000030   1.1334E+02 -5.7904E+01  9.1741E+01
0000031   1.3085E+02  1.6149E+01  7.8100E+00
0000032   2.4604E+02 -4.1474E+02 -6.1516E+01
0000033   4.1365E+02 -1.1728E+02 -4.1062E+00
0000034   3.9525E+02 -1.4761E+02  1.4390E+02
0000035   8.6747E+01  1.6621E+01 -1.9997E+02
0000036   3.8989E+02  8.2473E+01 -6.6014E+01
0000037   5.5220E+02  2.9533E+02 -1.9612E+01
0000038   6.3336E+02 -2.9249E+01 -8.0583E+01
0000039   3.0242E+02 -1.4717E+02  3.1734E+01
0000040   1.5374E+02 -1.2932E+01 -3.9425E+01
0000041   3.4364E+02  4.3980E+02 -1.5043E+02
0000042   3.7177E+02  6.3952E+01 -2.0473E+02
0000043   1.9048E+02  8.3059E+01  1.9254E+02
0000044   1.0119E+02  4.4102E+01 -1.1074E+02
0000045   2.1308E+02  1.6562E+02  5.8255E+01
0000046   2.5276E+02  3.1670E-01  1.1241E+02
0000047   1.9734E+02 -2.7115E+01 -6.6756E+01
0000048   1.5234E+02 -6.3841E+01  2.3917E+02
0000049   2.9415E+02  1.2035E+02 -6.6311E+01
0000050   2.3838E+02 -3.5701E+00 -9.5702E+01
0000051   2.3819E+02 -6.3967E+01 -5.4767E+01
0000052   1.8459E+02 -1.1057E+00 -1.4714E+01
0000053   5.0628E+02  2.4330E+02  1.3283E+02
0000054   4.1085E+01  6.8395E+01 -5.1706E+01
0000055   3.8893E+01 -5.7920E+01  2.1831E+02
0000056   3.2210E+02  1.7426E+02  1.7073E+02
0000057   6.1146E+02 -2.6708E+02 -9.9117E+01
0000058   2.2629E+02  1.9239E+02 -4.0516E+02
0000059   4.5650E+02  2.1520E+02 -2.6885E+02
0000060   8.2356E+01  9.8550E+01 -4.8724E+01
0000061   3.7251E+02  1.6406E+02  5.9638E+01
0000062   3.6861E+02 -2.3067E+02 -2.3718E+02
0000063   1.7200E+02 -8.5305E+01 -1.0523E+01
0000064   2.1522E+02 -1.4784E+02  2.4411E+02
0000065   3.3938E+02 -2.2954E+02 -1.9136E+02
0000066   4.8332E+02  2.1940E+02 -2.7903E+02
0000067   1.9918E+02  1.4162E+02  1.3397E+02
0000068   1.4599E+02  4.7740E+00  3.6647E+01
0000069   3.1708E+02 -1.1006E+02  3.5367E+01
0000070   1.4213E+02  1.0289E+02  8.1660E+00
0000071   3.2784E+02  1.3758E+02  1.2421E+02
0000072   1.9874E+02  1.2996E+01  1.0876E+02
0000073   4.4761E+02 -1.3286E+02 -1.2203E+01
0000074   3.9965E+01 -1.6896E+02  4.6621E+01
0000076   3.8927E+02 -2.1229E-01 -3.2943E+01
0000077   1.5722E+02  3.3559E+01  6.4813E+01
0000078   3.1005E+02  3.3918E+02  1.3506E+02
0000079   2.3844E+02 -1.7500E+02 -7.5285E+01
0000080   4.5854E+02  3.4139E+01  7.7784E+01
0000081   1.5996E+02  5.6744E+00 -6.3277E+01
0000082   1.7945E+02  9.6786E+01  5.0411E+01
0000083   2.4571E+02  3.1391E+01  1.5956E+02
0000084   1.1107E+02  2.3022E+02 -3.2941E+02
0000085   3.3756E+02  2.8927E+01 -5.7001E+01
0000086   3.2739E+02 -1.2685E+02  9.3190E+01
0000087   2.6811E+02  1.0829E+01 -1.8894E+02
0000088   3.1937E+02  3.6906E+01  5.7408E+01
0000089   8.7598E+01  2.3773E+02 -1.1764E+02
0000090   4.7804E+02 -8.7554E+01  1.3647E+02
0000091   2.8427E+02  5.7434E+01 -5.8843E+01
0000092   1.3209E+02  6.2428E+01  4.8799E+01
0000093   3.2121E+02  5.5020E+01  3.2805E+00
0000094   4.7488E+02 -2.2235E+01 -1.3901E+01
0000095   7.6925E+01  4.5162E+01  1.0409E+02
0000096   4.3404E+02 -6.1742E+00 -2.0461E+02
0000097   5.6008E+01  1.2472E+01  4.1552E+01
0000098   3.1832E+02 -2.5756E+01  7.8381E+00
0000099   3.8215E+02  1.0818E+02 -1.8665E+02
0000100   1.9684E+02 -1.6027E+02  1.5301E+02
0000101   2.3115E+02 -1.0286E+02  1.1470E+02
0000102   2.7956E+02  6.9212E+01  1.2036E+02
0000103   3.4836E+02  1.5761E+02  2.6837E+02
0000104   2.0628E+02 -1.9855E+02  5.2252E+01
0000105   4.8896E+02  2.8737E+02 -3.0570E+01
0000106   4.8266E+02 -1.5298E+02  1.2575E+02
0000107   1.4119E+02  8.9711E+01  3.2878E+01
0000108   5.1725E+02  3.9968E+01  4.4692E+01
0000109   3.5021E+02 -1.8837E+02 -8.1702E+01
0000110   9.7784E+01 -5.2005E+01  9.1123E-01
0000111   1.2167E+02  7.3048E+01 -9.5521E+01
0000112   3.7389E+02  1.2468E+02 -5.3503E+01
0000113   4.2827E+02 -1.5711E+02  6.2481E+01
0000114   2.0715E+02  4.2172E+01 -1.9366E+02
0000115   4.5127E+02  2.1113E+02 -3.3361E+01
0000116   8.0310E+01  9.3198E+01  1.4357E+02
0000117   3.3635E+02  1.2196E+02  1.2182E+02
0000118   3.4964E+02 -2.4101E+01  1.0262E+02
0000119   5.5916E+02 -8.4774E+01 -9.5145E+00
0000120   8.7791E+01  6.6160E+00  2.6268E+01
0000121   4.0262E+02  9.4371E+01  3.3449E+02
0000122   3.0723E+02 -8.0566E+01  1.2265E+02
0000123   2.3030E+02  9.2013E-01  1.4634E+00
0000124   3.4528E+02 -7.5736E+01  1.6725E+02
0000125   2.4952E+02  1.8374E+01  2.9937E+01
0000126   3.9637E+02  7.4750E+01  3.7406E+01
0000127   1.3463E+02  1.2094E+01  1.6722E+01
0000128   3.2611E+02  4.8886E+01 -3.0123E+02
0000129   1.7259E+02 -3.9884E+01 -2.2257E+02
0000130   7.4895E+02  1.8175E+02 -1.6571E+02
0000131   7.2671E+01  1.1074E+01  4.2383E+01
0000132   2.5562E+02 -9.1837E+01 -1.4242E+02
0000133   3.1768E+02 -1.4089E+01  2.5012E+02
0000134   2.2405E+02 -1.3448E+02  2.3399E+02
0000135   1.9138E+02 -2.9274E+02  5.6645E+01
0000136   3.2554E+02  2.8022E+01  1.1552E+02
0000138   3.5082E+02  9.1206E+01  1.6920E+01
0000139   2.2849E+02 -1.2163E+02  1.2868E+02
0000140   4.2706E+02 -2.4376E+02  1.0514E+01
0000141   1.0025E+02 -4.6706E+01  3.2044E+01
0000142   3.2516E+02  4.0716E+01 -2.5549E+01
0000143   7.0748E+01 -7.5897E+01 -2.7516E+02
0000144   2.3120E+02 -5.0547E+01 -4.6666E+01
0000145   1.8833E+01  4.5512E+01  1.1447E+01
0000146   2.1039E+02  5.5942E+01 -2.2406E+00
0000147   2.3691E+02  2.0459E+02  4.0011E+01
0000148   2.2350E+02 -6.8853E+01  1.6172E+01
0000149   2.8007E+02  8.8283E+01 -7.9509E+01
0000150   1.9495E+02  5.7212E+01  1.0495E+02
0000152   3.8884E+02  5.1828E+01 -1.2653E+02
0000153   3.2865E+02 -8.8017E+01  8.2529E+01
0000154   2.7074E+02 -2.8593E+01 -8.1730E+01
0000155   5.6799E+02 -2.0015E+01  2.5916E+01
0000156   5.2496E+01  1.8198E+01  3.1490E+02
0000157   4.4569E+02 -1.3958E+01  1.2261E+02
0000158   3.0050E+02  4.9981E+01  4.9123E+01
0000159   5.4887E+02 -1.0249E+02  2.0467E+02
0000160   4.0781E+01 -2.0911E+00 -4.5497E+01
0000161   3.1017E+02  6.6328E+01  1.0660E+02
0000162   2.0271E+02  1.3243E+02 -1.3777E+02
0000163   3.7788E+02  8.8074E-02 -1.7253E+02
0000164   3.0924E+02 -1.9525E+02  2.4018E+02
0000165   4.1581E+02 -3.1992E+02  1.2773E+02
0000166   2.2117E+02  1.4341E+02  5.0084E+01
0000167   1.4961E+02  6.2848E+01  1.4633E+01
0000168   4.7344E+02 -1.8030E+02 -3.3522E+02
0000169   1.0081E+02 -6.4462E+01  3.0988E+01
0000170   1.4692E+02 -3.8957E+01 -1.4715E+02
0000171   2.6376E+02 -1.1095E+01 -3.7547E+02
0000172   5.0077E+02 -5.8295E+01 -1.4521E+02
0000173   5.4985E+02  1.4244E+02  1.0202E+02
0000174   5.7729E+02 -9.3497E+01 -8.8726E+01
0000175   2.7258E+02 -4.3646E+01 -2.4132E+02
0000176   1.2429E+02 -1.0941E+02  3.1298E+01
0000177   1.7089E+02 -1.8157E+02  3.1660E+02
0000178   3.1041E+01 -5.6665E+01  5.5555E+01
0000179   1.5187E+02 -4.9579E+01 -2.0893E+01
0000180   2.7981E+02 -2.0288E+02 -1.1284E+02
0000181   5.2173E+02  2.2306E+02  9.1572E+00
0000183   6.2515E+01 -9.9537E+01  1.7480E+02
0000184   2.4727E+02  1.3187E+02 -1.3558E+02
0000185   2.5635E+02  1.0397E+02  1.1032E+02
0000186   3.8881E+02  4.3471E+01 -1.5381E+02
0000187   4.5048E+02 -1.0079E+02 -1.1832E+02
0000188   3.4712E+02 -1.6550E+02  3.5909E+02
0000189   5.1673E+02 -5.8874E+01 -1.3377E+02
0000190   3.3480E+01  2.2422E+00 -1.1222E+02
0000191   2.7096E+02  3.3441E+01  3.4291E+01
0000192   2.7446E+02 -3.9961E+01  9.8031E+01
0000193   3.6518E+02 -2.3052E+02  1.4470E+01
0000194   2.7414E+02 -7.2938E+01  8.7863E+01
0000195   4.6608E+02  3.1735E+01  2.5359E+01
0000196   4.8730E+02 -1.5486E+01 -6.2716E+01
0000197   1.7338E+02 -4.5280E+01  4.1454E+01
0000198   3.1956E+02 -5.8580E+00  3.1135E+02
0000199   5.4837E+02 -8.4348E+01 -7.0227E+01
0000200   7.6905E+00 -1.6396E+01 -1.2718E+02
0000201   3.4876E+02  7.2459E+01 -2.7304E+01
0000202   4.0626E+02  8.0287E+01 -1.2919E+01
0000203   2.2806E+02  7.5237E+01 -1.9853E+02
0000204   3.4495E+02 -7.5667E+01 -1.5919E+02
0000205   4.3012E+02 -8.7664E+01  2.4861E+02
0000206   3.5681E+02  1.0623E+02  4.3385E+01
0000207   5.0373E+02  6.3582E+01 -3.2132E+01
0000208   2.1965E+02 -1.1591E+02  6.6757E+01
0000210   2.3278E+01  4.9100E+00  1.5810E+02
0000212   1.7367E+02  6.5360E+01  4.9206E+01
0000213   2.0691E+02 -1.8492E+02  3.9801E+01
0000214   2.2868E+02 -1.1962E+02 -3.7669E+02
0000215   2.9010E+02  1.6843E+01 -1.6986E+02
0000216   1.6568E+02 -2.6040E+02 -1.3729E+02
0000217   1.0042E+02 -9.9513E+01 -1.3209E+02
0000218   3.4115E+02  1.1280E+02 -1.3724E+02
0000219   2.0918E+02 -1.0016E+02 -4.9182E+01
0000220   9.1176E+01 -1.8657E+02  1.6751E+02
0000221   2.6796E+02  5.5639E+01  1.1563E+02
0000222   6.2598E+01 -1.1209E+02  7.5225E+01
0000223   2.3097E+02 -1.8969E+02 -4.1302E+02
0000224   7.4582E+01 -2.2579E+02 -6.0884E+01
0000225   2.1463E+02 -4.4185E+01 -7.9894E+01
0000226   2.5756E+02 -1.0445E+02 -7.4725E+01
0000227   2.7815E+02  5.8361E+01 -7.6138E+01
0000228   2.6485E+02  3.2558E+02  2.5000E+01
0000229   3.5662E+02  1.9272E+02  1.7376E+02
0000230   5.9284E+02  2.9806E+01 -2.9711E+01
0000231   1.5628E+02  1.1900E+02 -1.8021E+02
0000232   4.0582E+02  3.7751E+01 -9.7199E+01
0000233   3.3842E+02  1.3778E+02 -2.3922E+02
0000234   5.3245E+01  2.1902E+01 -1.7096E+02
0000235   2.9598E+01  4.9686E+01  1.3391E+02
0000236   4.0598E+02  2.3025E+02  2.0816E+02
0000237   3.7006E+02  7.0620E+01 -8.0242E+01
0000238   2.2184E+02 -1.1637E+01 -6.7892E+01
0000239   1.1037E+02 -4.9852E+01  9.1301E+01
0000240   4.5249E+02  2.9105E+01 -6.6079E+01
0000241   2.1853E+02  5.6588E+01  2.4390E+02
0000242   3.6233E+02 -2.2337E+01 -1.0930E+02
0000243   4.1724E+02 -1.9661E+02  4.5911E+00
0000244   8.3013E+01 -1.0635E+02  2.5743E+02
0000245   2.1760E+02  5.2601E+01 -3.4876E+01
0000246   1.0098E+01 -7.1315E+00 -2.4511E+02
0000247   4.9258E+02  1.5176E+02  4.1755E+01
0000248   1.8336E+02  3.0844E+01 -3.3714E+01
0000249   4.3613E+02  5.7076E+01  5.2345E+01
0000250   5.4745E+02 -1.5933E+02 -2.9775E+00
0000251   7.1034E+01 -3.1543E+01 -6.1799E+01
0000252   4.0879E+02 -9.3145E+01 -7.2848E+01
0000253   6.7255E+01  7.7597E+01 -1.3279E+01
0000254   7.6701E+01 -9.2086E+01 -2.8409E+01
0000256   3.9826E+02 -2.9791E+01  9.3089E+01
0000257   4.3387E+02 -4.3082E+01  1.7842E+02
0000258   1.8743E+02  1.9464E+02  1.0154E+02
0000259   1.4698E+02  1.2792E+02  2.3782E+02
0000260   4.4644E+02  5.7535E+01 -5.2590E+01
0000261   2.9181E+02  1.5286E+01  1.3654E+02
0000262   3.0572E+02  1.1481E+02  2.3584E+01
0000263   5.0403E+02 -8.7905E+01  4.1206E+01
0000264   3.1797E+02 -2.1741E+01  3.1736E+02
0000265   1.0384E+02 -6.7497E+01  5.0999E+01
0000266   3.2624E+02 -1.0635E+01 -7.7857E+01
0000267   2.7562E+02 -2.1550E+02  2.0395E+02
0000268   4.9351E+01  2.5323E+02  2.8228E+01
0000269   1.0428E+02  2.5221E+01 -1.2351E+02
0000270   2.5179E+02  2.2382E+02  4.8096E+01
0000271   1.4826E+02  3.8759E+02 -9.0477E+01
0000272   4.0263E+02  1.2951E+02 -7.8866E+01
0000273   2.9541E+02 -4.2662E+01 -4.2070E+01
0000274   3.5166E+02  1.0715E+02 -1.6000E+02
0000275   1.8444E+02 -6.9198E+01  1.4534E+02
0000276   5.6225E+02  2.4179E+02  1.1917E+02
0000277   1.4972E+02 -6.4285E+01 -5.0283E+01
0000278   2.3587E+02  8.9939E+01  7.3050E+01
0000279   4.3507E+02  7.7926E+01  2.4515E+02
0000280   4.5644E+02 -4.4389E+01 -2.1652E+02
0000281   2.8616E+02 -8.4756E+01  1.4547E+02
0000282   2.2552E+02 -3.6312E+02  1.4982E+02
0000283   3.0415E+02 -7.8845E+01 -1.8665E+02
0000284   3.7618E+02 -1.2100E+02 -6.2512E+01
0000285   1.5717E+02 -2.1583E+01  2.8657E+01
0000286   1.6397E+02 -4.9855E+01 -2.3419E+01
0000287   3.4947E+01  2.0276E+02 -2.5951E+01
0000288   3.1662E+02 -1.9183E+02  6.7263E+01
0000289   2.9138E+02 -2.8684E+02 -6.6334E+01
0000290   2.8383E+02 -1.1978E+02 -9.3215E+01
0000291   3.3758E+02  7.9295E+01 -8.7070E+01
0000292   2.7110E+02  1.2707E+02  3.3632E+01
0000293   1.2447E+02 -1.2088E+02 -8.8237E+01
0000294   2.4481E+02 -1.9719E+02  1.4148E+02
0000295   2.7604E+02  1.6950E+01 -1.8619E+02
0000296   4.2948E+02 -2.2324E+02  1.6139E+02
0000297   1.1890E+02  9.7112E+01 -4.4763E+01
0000298   6.6462E+01  8.3469E+00 -5.3178E+01
0000299   2.4360E+02 -1.5206E+02 -1.0639E+01
0000300   2.6270E+02 -4.4020E+01 -1.8862E+02
0000301   1.0537E+02 -1.0649E+02  2.3542E+01
0000302   1.5461E+02  1.4963E+02 -1.2510E+02
0000303   1.1659E+02  1.4257E+02  3.1483E+02
0000304   3.1936E+02  1.8882E+02 -2.5942E+02
0000305   3.1597E+02 -2.8640E+02 -6.9752E+01
0000306   3.4064E+02  1.6246E+01 -2.8984E+02
0000307   2.5940E+02  1.9611E+02 -8.9288E+00
0000308   5.3740E+02 -1.2217E+02  1.1800E+02
0000309   2.0813E+02 -2.1360E+02  2.6801E+01
0000310   4.3518E+02 -1.1919E+02 -1.4748E+02
0000311   3.7678E+02 -9.2961E+01 -6.8031E+01
0000312   3.0391E+02 -1.7100E+02  2.2989E+02
0000313   2.8955E+02  5.8020E+01 -8.0243E+01
0000314   4.7587E+02 -2.9449E+02 -8.4645E+01
0000315   9.2802E+01 -7.0301E+01  7.7030E+01
0000316   1.0499E+02  1.6596E+02 -2.7501E+02
0000317   2.6457E+02 -1.4847E+02  1.3789E+02
0000318   2.1237E+02  2.8130E+01 -1.9541E+02
0000319   4.4083E+02 -9.2897E+01 -1.1283E+02
0000320   3.0970E+02 -6.8101E+01 -2.7325E+02
0000321   4.0360E+02 -1.8413E+02  1.0633E+02
0000322   3.6676E+02 -5.9683E+01  1.7253E+02
0000323   2.7662E+02 -2.5062E+02  8.5119E+01
0000324   1.2118E+02 -4.5739E+01  1.7773E+02
0000325   2.6106E+02  9.4477E+01 -4.5914E+01
0000326   1.1527E+02 -8.5640E+01 -1.0199E+02
0000327   5.5732E+02  8.5481E+01  2.0288E+01
0000328   7.2946E+02  2.5183E+02  8.2843E+01
0000329   2.9310E+02  3.9859E+01  1.0073E+02
0000330   3.4814E+02  4.4727E+01 -1.6132E+01
0000331   2.8783E+02  6.9315E+01 -8.8530E+00
0000332   6.1515E+02 -1.9463E+01 -1.3105E+02
0000333   1.2986E+02 -6.2821E+01  8.9354E+01
0000334   3.8015E+02 -1.8989E+02 -1.9030E+02
0000335   1.8113E+02 -1.6993E+01  1.8326E+02
0000336   4.0624E+02 -2.6058E+01  1.1390E+02
0000337   4.1741E+02  1.5877E+02  5.4760E+01
0000338   2.9174E+02 -1.6840E+02  6.7566E+01
0000339   1.8136E+02 -3.2932E+01  1.5668E+02
0000340   4.4165E+02  1.6809E+02  1.4923E+02
0000341   3.2062E+02  1.2406E+02 -2.4711E+02
0000342   3.8208E+02  3.3450E+01  3.4735E+01
0000343   4.4829E+02 -9.2134E+01 -1.0590E+00
0000345   3.7115E+02  1.7964E+02  1.9566E+02
0000346   3.2034E+02 -3.5371E+01 -1.3181E+02
0000347   3.6903E+02  1.4187E+01  6.4556E+01
0000348   2.1986E+02  6.4125E+01  3.1180E+01
0000349   2.6549E+02  2.1254E+01  1.6956E+02
0000350   5.1272E+02  6.0618E+01 -1.5838E+02
0000351   8.7276E+01  9.1810E+01 -4.1205E+01
0000352   6.7998E+01  1.8032E+02 -2.7982E+02
0000353   2.9651E+02  3.9626E+01  1.6398E+02
0000354   3.9134E+02  1.1646E+02 -6.2809E+01
0000355   4.7693E+02  4.3159E+01 -1.9934E+02
0000356   1.0383E+02  2.2746E+02 -3.4698E+01
0000357   2.0821E+02  7.4493E+01  3.4433E+01
0000358   4.1314E+02 -4.1981E+02  9.9324E+00
0000359   1.2494E+02  2.9388E+01 -6.3250E+01
0000360   5.6512E+02 -4.0631E+01  7.6396E+01
0000361   2.6607E+02 -4.4832E+01 -1.3822E+01
0000362   1.9606E+02  2.4025E+02  1.6869E+02
0000363   7.3678E+01  8.0410E+01  4.5268E+01
0000364   2.5557E+02 -7.6879E+01  1.7721E+02
0000365   2.0982E+02 -2.2390E+01 -1.9894E+02
0000366   3.3480E+02 -1.3136E+02  7.0590E+01
0000367   3.3266E+02  1.1276E+02 -6.3404E+01
0000368   4.1322E+02  7.8437E+01 -2.4687E+02
0000369   2.8804E+02  3.5294E+02  6.6981E+01
0000370   2.2131E+02 -6.5488E+01 -2.2090E+01
0000372   1.3539E+02 -1.3157E+01 -2.5008E+02
0000373   1.2054E+02  1.3976E+02 -9.2668E+01
0000374   3.0650E+02  8.2539E+01 -1.0672E+02
0000375   6.8784E+01 -6.1295E+01  7.5499E+01
0000376   4.6920E+02  1.8527E+02  1.0253E+02
0000377   3.1049E+01  1.0629E+02  1.6998E+02
0000378   3.6486E+02 -2.3438E+02 -2.1394E+01
0000379   5.1378E+02  1.9034E+02 -2.3138E+02
0000380   5.8039E+02  1.6641E+01 -6.4897E+01
0000381   3.5338E+02 -3.3601E+02  4.2275E+02
0000382   1.7406E+02 -5.3791E+01 -4.0912E+01
0000383   2.7989E+02 -1.0609E+01 -9.1201E+01
0000384   3.6797E+02 -3.1277E+01  2.5319E+01
0000385   3.5209E+02 -4.7964E+01 -6.5358E+01
0000386   2.0991E+02 -3.2452E+02  1.1643E+02
0000387   2.2335E+02 -1.5187E+02 -2.1924E+02
0000388   2.4420E+02  9.9407E+00 -8.4372E+00
0000389   4.8216E+01  2.0441E+02 -3.4154E+01
0000390   1.6615E+02 -1.8840E+02 -2.0319E+02
0000391   8.8506E+01  2.4164E+02  9.8319E+01
0000392   2.2232E+02  1.1800E+02  2.3795E+02
0000393   2.7283E+02 -1.2796E+02  1.3645E+02
0000394   2.7190E+02 -9.4804E+00  3.8929E+01
0000395   3.2836E+02  2.8286E+02  8.6090E+01
0000396   3.1517E+02  8.8305E+00  1.5382E+02
0000397   2.7421E+02 -2.0830E+02 -1.3763E+02
0000398   2.9178E+02  9.3797E+01  2.2145E+01
0000399   5.8146E+02 -2.9030E+02  7.9056E+01
0000400   4.4211E+02  4.4709E+01 -5.5138E+01
0000401   2.9412E+02  3.0241E-01 -6.0472E+01
0000402   2.2326E+02 -1.4835E+02  7.8033E+00
0000403   4.5602E+02 -5.4055E+01  2.4242E+02
0000404   3.1152E+02  3.3762E-01 -8.9952E+01
0000405   3.5508E+02 -6.9308E+01 -4.7578E+01
0000406   3.6138E+02  4.1087E+00  3.0553E+01
0000408   1.3926E+02 -2.3763E+00 -1.5686E+02
0000409   1.6481E+02 -1.3755E+02 -5.1736E+01
0000410   2.7286E+02  1.0649E+02  3.7780E+00
0000411   3.2517E+02  6.3590E+01  1.0205E+02
0000412   2.8837E+02  1.9680E+02 -1.1588E+02
0000413   5.0195E+01 -5.6797E+01  2.4869E+01
0000414   1.6438E+02  4.5878E+01 -1.0615E+02
0000415   2.4352E+02 -2.4601E+01  1.1943E+02
0000417   2.4956E+02  6.6107E+01 -2.5332E+02
0000418   3.2250E+02  6.8642E+01 -6.7072E+01
0000419   3.7500E+02 -1.5268E+02  2.3209E+01
0000420   2.0804E+02 -9.1953E+01 -1.0012E+02
0000421   6.9863E+01  5.2140E+01  3.0447E+01
0000422   1.8418E+02 -9.1685E+01 -1.3401E+02
0000423   2.1403E+02  6.2692E+01  5.4223E+01
0000424   8.3512E+00  4.4472E+01  3.3205E+01
0000425   3.8443E+01 -6.2491E+01  2.2722E+02
0000426   1.5783E+02  2.7093E+01 -3.2863E+01
0000427   5.7264E+02  5.7528E-01  2.1078E+02
0000428   3.4233E+01  4.8331E+01 -1.3695E+02
0000429   2.3333E+02  1.1964E+02  5.4489E+01
0000430   8.1263E+01  5.4110E+01  6.0196E+01
0000431   3.0044E+02 -8.1870E+01  1.9198E+01
0000432   2.0769E+02 -2.5786E+02 -1.7946E-01
0000433   1.0725E+02 -5.9764E+01  6.2021E+01
0000434   2.0079E+02 -1.0973E+02 -9.7888E+01
0000435   3.6032E+02 -2.6405E+02 -1.4869E+02
0000436   1.1903E+02 -5.8492E+01 -5.4270E+00
0000438   2.7837E+02  9.1768E+01 -3.6662E+00
0000439   3.7608E+02  4.9541E+01 -1.3960E+02
0000440   2.4235E+02 -9.5994E+01 -1.1237E+02
0000441   3.3094E+02  3.6299E+01  2.5769E+02
0000442   3.9218E+02 -4.1206E+02 -2.1202E+02
0000443   2.0177E+02 -3.3770E+01 -4.0254E+01
0000444   2.3375E+02 -3.8495E+02 -8.6104E+00
0000445   3.1563E+02  1.5341E+02 -1.5835E+02
0000446   5.2874E+02  2.7320E+02 -2.0778E+02
0000447   5.8925E+02 -1.3464E+02 -2.3834E+02
0000448   3.8705E+02 -1.9695E+02 -1.1021E+02
0000449   9.1092E+01 -8.1803E+01 -5.8652E+01
0000450   4.8000E+01 -2.9150E+00  1.5231E+02
0000451   1.2903E+02 -5.2516E+01 -5.7181E+01
0000452   2.8820E+02  1.1706E+02  1.2859E+02
0000453   4.4808E+01 -3.4470E+01 -1.2062E+02
0000454   1.1144E+02 -6.4468E+00 -4.5526E+01
0000455   1.2443E+02 -8.8873E+01  3.0839E+01
0000456   1.3923E+02 -4.5551E+01 -1.1833E+02
0000457   3.6663E+02  4.2046E+01  1.4967E+00
0000458   2.3429E+02 -3.4806E+01 -4.5490E-01
0000459   1.2942E+02  2.4720E+02  5.5686E+01
0000460   3.2183E+02 -2.4082E+02 -5.3004E+01
0000461   1.5538E+02  4.8576E+01  2.0288E+02
0000462   2.1598E+02 -2.9983E+02 -9.4200E+01
0000463   2.1215E+02  7.0549E+01 -8.7760E+01
0000464   4.4617E+01  9.1135E+01 -2.5943E+01
0000465   4.3151E+02 -3.9338E+01  2.0085E+01
0000466   1.2128E+02 -6.5299E+01  8.2031E+01
0000468   3.5550E+02 -1.2436E+02  1.6904E+01
0000469   1.6123E+01 -6.2652E+01  6.0460E+01
0000470   3.5646E+02 -6.7054E+01 -5.0044E+01
0000471   2.2215E+02  2.1997E+01  7.3242E+01
0000472   2.1098E+02 -6.8290E+01 -4.3545E+02
0000473   2.4364E+02  6.0876E+01 -9.8215E+00
0000474   2.9022E+02 -7.8965E+01 -3.3654E+01
0000475   3.2962E+02  7.0274E+01  3.4075E+02
0000476   4.5154E+02  1.5585E+02 -7.6976E+01
0000477   4.0608E+02  1.3972E+01 -3.7115E+01
0000478   2.6207E+02  4.8285E+01 -7.0523E+01
0000479   3.9038E+02  3.3792E+02 -1.3681E+02
0000480   3.6791E+02 -2.8315E+02  3.4049E+01
0000481   1.9449E+01  2.0706E+02 -8.6942E+01
0000482   2.9485E+02  7.9017E+00  4.0883E+00
0000483   1.2690E+02 -9.4863E+01  5.6389E+01
0000484   2.7889E+02  3.1613E+01 -3.9090E+01
0000485   2.1233E+02 -2.8599E+02 -6.2122E+01
0000486   2.0052E+02  4.6670E+01  4.7348E+00
0000487   1.2253E+02 -1.6140E+02  1.0977E+02
0000489   5.8586E+01 -4.1547E+01  4.9458E+01
0000490   2.2396E+02 -1.1220E+02 -1.9166E+02
0000491   5.4720E+02  4.3223E+01 -2.3423E+02
0000493   1.0364E+02 -2.1646E+01 -4.5233E+01
0000494   1.8071E+02 -1.0736E+02 -5.5404E+01
0000495   6.2780E+02 -5.9487E+01 -2.5183E+02
0000496   2.6182E+02  1.5155E+02 -1.0530E+02
0000497   4.3587E+02  1.4996E+02  1.2666E+02
0000498   3.4773E+02 -1.1581E+00  8.2685E+00
0000499   1.6645E+02 -1.4911E+02  6.1238E+01
0000500   7.6994E+01 -1.6826E+02  5.8940E+01
0000501   2.1630E+01 -1.5087E+02 -3.6246E+02
0000502   2.1492E+02  1.0333E+02 -2.8674E+01
0000503   1.0772E+02  9.3033E+01  1.1408E+02
0000504   1.7436E+02  1.6494E+02 -9.3869E+01
0000505   2.5685E+02 -1.4749E+02 -7.2108E+01
0000506   2.7894E+02  2.8794E+02 -9.9012E+01
0000507   2.6664E+02 -4.6242E+01 -2.3243E+02
0000508   1.5520E+02 -7.5421E+00 -3.3901E+01
0000509   2.2019E+02 -1.8498E+02  9.6549E+01
0000510   8.3385E+01 -3.0586E+01  1.6588E+01
0000511   2.9048E+02 -1.2388E+02  1.9520E+02
0000512   6.5317E+01 -1.8772E+01 -3.1614E+01
0000514   3.1516E+02  1.9638E+02 -1.6307E+02
0000515   4.4268E+02  1.1903E+02  1.5235E+02
0000516   2.4015E+02  1.4231E+02  1.7475E+01
0000517   2.1353E+02 -2.2132E+02  1.8398E+02
0000518   5.1316E+02  8.4457E+01 -1.0800E+02
0000519   5.3130E+01 -3.7806E+01  3.6444E+01
0000520   1.3427E+02  3.0757E+01 -1.1991E+02
0000521   4.9376E+02 -5.6825E+01 -1.8893E+01
0000522   2.9941E+02 -2.5486E+02  2.4775E+02
0000523   1.9905E+02 -1.5720E+02  4.1082E+02
0000524   2.7532E+02 -2.9245E+02  6.2456E+01
0000525   1.6742E+02 -2.0797E+01 -9.3892E+01
0000526   2.3352E+02 -1.3086E+02  2.0517E+02
0000527   1.9047E+02  1.5732E+02 -1.5427E+02
0000528   3.7177E+02 -1.3035E+02  2.4696E+01
0000529   6.2101E+02  3.6280E+01 -1.9753E+02
0000530   1.3777E+01 -1.2130E+02 -8.4830E+01
0000531   2.0922E+02  8.5467E+01 -6.5510E+01
0000532   4.0158E+02 -7.0826E+01 -1.0388E+02
0000533   7.6660E+01 -3.0202E+01 -6.0914E+01
0000534   4.1047E+02  1.5479E+02 -1.6837E+02
0000535   3.0806E+02  1.3792E+02 -3.1729E+01
0000536   5.0470E+02 -6.5382E+01 -2.9280E+02
0000537   6.8632E+01  2.3088E+01 -1.0356E+02
0000538   3.1466E+02 -1.8109E+02  4.1078E+01
0000539   2.1003E+02  3.2713E+01  9.6885E+01
0000540   1.2571E+02 -9.0097E+01  4.5854E+01
0000541   3.2331E+02 -2.9158E+01 -8.2614E+01
0000542   4.7524E+01 -1.1421E+02 -6.3730E+01
0000543   4.5708E+02 -2.3155E+02 -1.0272E+02
0000544   2.1706E+02 -8.6985E+01  1.0183E+02
0000545   1.8976E+02 -1.3646E+02 -1.8636E+02
0000546   3.9288E+02  5.1773E+01 -1.0823E+02
0000547   1.1961E+02 -1.9504E+02  1.1207E+02
0000548   1.6026E+02 -1.3544E+02 -8.9949E+01
0000549   2.3751E+02 -1.9769E+02 -1.4660E+02
0000550   1.1166E+02  1.5046E+00 -2.9118E+01
0000551   1.6233E+02  1.9234E+02  3.3835E+02
0000552   2.9407E+02 -1.0810E+02 -4.1003E+01
0000553   2.3703E+02  1.4848E+01  4.0482E+01
0000554   9.0943E+01  7.8222E+01 -2.1913E+02
0000555   3.3818E+02 -1.2205E+02 -1.1690E+02
0000556   2.0934E+02  4.9498E+01  2.2561E+01
0000557   2.7384E+02  5.7239E+00  1.9938E+02
0000558   1.2535E+02  1.0615E+02  2.7031E+01
0000559   1.8424E+02 -1.2122E+02 -1.7642E+01
0000560   2.6678E+02 -4.1691E+01 -7.1003E-01
0000561   1.0465E+02  1.4281E+02  2.6395E+02
0000562   8.5546E+01 -2.2112E+02  3.1327E+01
0000563   1.8126E+02 -1.6093E+02 -6.0029E+01
0000564   3.2391E+02  1.9734E+02  6.5246E+01
0000565   2.1461E+02 -2.4568E+02 -1.0893E+02
0000566   3.6007E+02 -2.6132E+02 -4.8901E+02
0000567   5.7708E+02  2.5628E+02 -3.4993E+01
0000568   3.9458E+02 -2.0857E+02 -1.0102E+02
0000569   1.3774E+02 -2.0161E+02  1.4772E+02
0000570   1.8921E+02 -2.7040E+01 -1.1073E+02
0000571   1.7891E+02 -4.9355E+01  1.0379E+02
0000572   2.5345E+02 -1.7581E+01 -3.2181E+02
0000573   1.5014E+02 -5.5760E+01  7.4965E+00
0000574   1.2777E+02  3.1107E+01  1.2870E+02
0000576   5.6691E+01  7.8270E+01 -6.7013E+01
0000577   2.2703E+02 -8.2242E+01  6.0236E+01
0000578   2.0173E+02  3.9112E-01  1.2360E+02
0000579   1.4529E+02  8.0612E+01 -7.2729E+00
0000581   4.1299E+02  1.1177E+01  1.6161E+01
0000582   3.7791E+02  3.1898E+02  1.0975E+02
0000583   4.7396E+02 -1.5157E+02  5.9498E+01
0000584   3.6917E+02  9.1137E+01 -2.0168E+02
0000585   8.3311E+01 -1.5508E+01 -9.7457E+01
0000586   1.3137E+02  1.3409E+02  2.2620E+02
0000587   2.1282E+02 -2.6783E+02 -1.2742E+02
0000588   1.1390E+02 -4.9351E+01  6.6013E+01
0000589   3.2218E+02  1.9410E+02  1.6332E+02
0000590   2.8172E+02 -1.1752E+02 -5.1072E+01
0000592   4.5503E+02  4.6498E+01  8.9379E+01
0000593   4.4098E+01 -5.1172E+00 -1.5151E+02
0000594   3.9234E+02 -2.0613E+02  7.0761E+01
0000595   2.9697E+02  1.1683E+02 -7.0002E+01
0000596   8.4781E+01 -1.9579E+01 -4.0930E+01
0000597   2.0137E+02 -1.9791E+01  3.2792E+00
0000599   8.4868E+01 -1.4140E+02  3.6111E+01
0000600   1.9106E+02  1.0310E+02 -1.1331E+02
0000601   5.1302E+02  9.9632E+01 -1.2014E+02
0000602   2.8528E+02  2.4226E+01  1.1410E+02
0000603   2.7526E+02 -1.4281E+02  9.4906E+01
0000604   1.8647E+02 -1.8878E+02 -2.0383E+02
0000605   5.3062E+01 -3.8957E+01  5.5986E+01
0000606   1.9973E+01  1.9246E+02  2.0856E+02
0000607   3.2404E+02 -2.3932E+01 -1.5508E+02
0000608   2.9236E+02 -2.8155E+01  2.3082E+02
0000609   5.8230E+00 -4.4914E+01  2.4774E+02
0000610   1.7350E+02  1.5022E+02 -2.0261E+02
0000611   3.2876E+02 -8.3110E+01  1.0079E+02
0000612   1.9457E+02 -1.9753E+01  1.5458E+02
0000613   8.7348E+01  8.4771E+01 -2.2409E+02
0000615   2.8107E+02  9.6130E+00  2.3509E-01
0000616   2.7995E+02 -8.8659E+00 -6.0515E+01
0000617   2.4535E+02 -1.4959E+02 -3.8307E+01
0000618   1.4064E+02 -9.6369E+01  1.7537E+01
0000619   6.7003E+02  9.7879E+00  1.6414E+00
0000620   1.9611E+02 -1.0103E+02  2.2096E+01
0000621   8.6320E+01 -4.3461E+01 -1.4522E+02
0000622   3.1891E+02 -8.8026E+01 -6.1246E+01
0000623   2.1878E+02 -7.0274E+01 -4.8873E+01
0000624   1.5564E+02  3.4433E+01 -8.1050E+01
0000625   3.8718E+02  8.5766E+01  1.3014E+02
0000626   1.0736E+02  1.3923E+02  2.2820E+02
0000627   1.7880E+02 -6.5981E+01 -8.1585E-01
0000628   3.0258E+02  1.1076E+02  2.4324E+01
0000629   3.4379E+02 -1.8891E+02  5.0376E+01
0000630   1.5767E+02 -1.8254E+02 -9.1145E+01
0000631   4.3427E+02 -2.2361E+02 -2.5900E+01
0000632   6.5545E+02  2.7765E+02  1.4708E+02
0000633   4.4709E+02 -9.2177E+01  2.8385E+02
0000634   3.8291E+02  7.5245E+01  1.7313E+02
0000635   2.3310E+02 -1.2973E+02 -3.7920E+00
0000636   2.0074E+02 -2.1561E+01  7.7993E+01
0000637   1.4314E+02  2.1619E+01  1.3577E+02
0000638   1.0222E+02 -1.7226E+01 -2.7627E+01
0000639   4.6598E+02  1.0870E+02 -6.4408E+01
0000640   2.7677E+02  1.8017E+02 -4.7147E+01
0000641   1.9054E+02 -2.6341E+02 -1.1701E+02
0000642   1.1158E+02 -1.0359E+01 -8.8258E+01
0000643   6.8455E+01  1.1791E+01 -5.0478E+00
0000644   3.1800E+02 -1.1857E+02  7.1124E+01
0000645   1.1701E+02 -4.4600E+01 -2.6878E+01
0000646   2.0504E+02 -1.5613E+02 -1.3002E+02
0000647   1.5663E+02  7.0747E+01 -1.5499E+02
0000648   1.9700E+02  5.8148E+00  3.2804E+00
0000649   2.3451E+02  6.6098E+01 -2.8568E+02
0000650   4.0585E+02  2.8724E+02 -9.9446E+01
0000651   3.0141E+02  7.6729E+01 -6.8738E+01
0000652   2.6434E+02  6.7705E+00 -2.8297E+02
0000653   3.7970E+02  5.7924E+01  2.8444E+01
0000654   4.2440E+02 -1.2950E+02  1.5363E+01
0000655   1.8708E+02 -5.4124E+01  1.7207E+00
0000656   2.0694E+02  2.4586E+01 -2.7232E+02
0000657   2.4412E+02 -1.7740E+02 -9.8444E+01
0000658   2.9705E+02  1.0066E+02 -3.9516E+01
0000659   3.0706E+02 -3.0641E+01 -3.4833E+01
0000660   2.8329E+02 -2.2742E+01  1.7218E+02
0000661   1.1203E+02 -7.4361E+01  1.6317E+01
0000663   1.7539E+02  7.6636E+01 -2.1112E+02
0000664   8.5324E+01 -3.3553E+01 -5.6516E+01
0000665   3.1956E+02 -4.8490E+01  5.3865E+00
0000666   1.3720E+02 -8.0487E+01  8.3955E+01
0000667   5.0231E+01  3.2355E+01 -2.2221E+02
0000668   4.5670E+02  2.3223E+02 -2.0547E+02
0000669   3.4825E+02  5.5502E+01  2.3685E+02
0000670   3.3972E+02  3.7145E+02  1.3255E+01
0000671   1.6272E+02  1.2036E+02 -1.9819E+02
0000672   2.9665E+02 -1.1587E+02  5.2202E+01
0000673   2.4381E+02  1.4873E+02 -4.8216E+01
0000674   1.6765E+02 -1.8067E+02 -1.8613E+02
0000675   6.0651E+02 -2.8695E+01 -4.9017E+01
0000676   2.8570E+02 -7.4054E+00  1.6344E+02
0000677   2.2248E+02 -1.7562E+02  2.2657E+02
0000678   1.4022E+02  9.6686E+00  1.6070E+00
0000679   3.0559E+02 -7.4621E+01 -3.1606E+02
0000680   3.4664E+02 -8.4260E+01  4.8756E+00
0000681   6.3044E+01  3.6116E+01  1.3775E+02
0000682   1.9795E+02 -3.0264E+01  5.6737E+01
0000683   3.0180E+02  8.1144E+00  2.9698E+01
0000685   9.3322E+01 -7.9449E+01 -1.3012E+02
0000686   3.4757E+02  1.4667E+01  9.0712E+01
0000687   2.0956E+02 -2.0028E+02 -4.1001E+00
0000688   1.8643E+02  5.3840E+01  2.4816E+02
0000689   2.7049E+02  1.1951E+02  2.0660E+02
0000690   1.0210E+01  2.0838E+01  2.2654E+01
0000691   4.8522E+02  1.4830E+02 -1.7257E+02
0000692   8.0666E+01 -2.1382E+01 -5.2694E+01
0000693   2.0387E+02 -1.3504E+02 -1.7119E+02
0000694   1.7394E+02  7.4071E+00  1.6141E+02
0000695   7.4890E+01 -2.3867E+01  5.2427E+01
0000696   4.9915E+02  7.4417E+01 -8.1940E+01
0000697   4.7972E+02  1.9418E+02  1.6532E+02
0000698   3.8617E+02  8.4410E+01 -1.5752E+02
0000699   1.1280E+02 -1.0231E+02 -2.1090E+01
0000700   8.3745E+01  7.2888E+01 -5.6690E+00
0000702   1.6946E+02  1.4943E+02  3.5400E+02
0000703   1.3790E+02 -1.1737E+02  1.4226E+01
0000704   3.1621E+02 -9.6745E+01  4.3060E+00
0000705   1.4718E+02 -5.1902E+01 -1.2440E+01
0000706   1.4792E+02  2.2169E+02  2.4948E+01
0000707   8.2728E+01  2.0045E+02 -1.9776E+02
0000708   2.0075E+02  4.2555E+01  2.3931E+02
0000709   3.5353E+02 -6.4826E+01  9.8804E+00
0000710   4.9134E+01  2.6874E+02 -1.6085E+02
0000711   6.1926E+02 -1.4740E+02 -4.7779E+01
0000712   4.6500E+02  6.6240E+01 -1.3050E+01
0000713   2.2432E+02 -1.3220E+02 -8.6268E+01
0000714   4.2673E+02  1.9212E+02  5.0644E+01
0000715   7.1228E+01 -4.5088E+01  3.3988E+01
0000716   3.8304E+02 -2.9114E+02  1.6756E+02
0000717   4.1354E+02  5.9334E+01  5.4041E+00
0000718   5.7632E+02 -1.8942E+02  3.8292E+01
0000720   1.6276E+01  9.4627E+01 -2.2861E+01
0000721   1.3799E+02 -1.1396E+02 -2.7386E+02
0000722   2.6432E+02 -2.8078E+01  7.2658E+01
0000723   2.5563E+02 -1.2724E+02  5.9152E+01
0000724   3.7776E+02  3.9817E+01 -3.0010E+01
0000725   1.6280E+02  1.6305E+02  1.0726E+02
0000726   2.5609E+02 -4.0388E+00  1.5052E+01
0000727   3.7960E+02  4.2225E+01  4.5866E+02
0000728   4.7483E+02  3.4750E+02  5.8548E+00
0000729   3.9232E+02 -8.1186E+01  2.2706E+02
0000730   2.7185E+02 -9.1606E+01 -1.1050E+02
0000731   1.9046E+02  1.5823E+02  3.0019E+02
0000732   3.8003E+02  1.8432E+02  1.2384E+02
0000733   3.0169E+02  6.7188E+01 -1.1988E+02
0000734   4.7076E+02 -1.8694E+02  1.5592E+02
0000735   3.3117E+01 -1.4442E+02 -3.0752E+01
0000736   3.0254E+02 -5.5903E+01 -2.0204E+02
0000737   1.2603E+02 -1.3297E+02 -5.9756E+01
0000738   2.9140E+02 -1.3198E+02 -4.9812E+01
0000739   1.7965E+02  4.9463E+01 -4.8509E+01
0000740   2.7653E+02 -1.1664E+02 -5.8829E+01
0000741   1.0507E+02  2.1058E+01 -3.2386E+01
0000743   3.4993E+02 -6.4643E+01  1.2242E+02
0000744   4.3788E+02  7.9580E+01 -2.4036E+02
0000745   5.0182E+02  9.1547E+01  1.1357E+02
0000746   2.5273E+02  1.7299E+02  7.8946E+01
0000747   3.1335E+02  4.9804E+01 -1.0691E+02
0000748   2.8318E+02  1.2022E+02  4.0350E+01
0000749   3.3269E+02  1.8074E+02  1.7853E+02
0000750   1.7437E+02 -2.8635E+01 -9.1216E+01
0000751   2.2476E+02 -9.0948E+01 -4.0788E+01
0000752   3.5446E+02  2.8162E+02 -1.2888E+02
0000753   2.9888E+02 -7.0819E+01  1.9541E+02
0000754   2.9748E+02  5.5648E+01  9.9761E+01
0000756   1.4518E+02 -4.1315E+01  6.3450E+01
0000757   4.0113E+02 -5.0193E+01 -1.7671E+02
0000758   2.3761E+02 -5.8063E+01  5.8199E+00
0000759   5.7036E+02  2.6670E+01  2.4159E+02
0000760   5.9255E+02  1.2953E+02 -2.2455E+02
0000761   1.7941E+02 -3.7388E+01 -1.0260E+02
0000762   3.4541E+02 -9.6971E+01 -1.5745E+02
0000763   1.1169E+02 -1.6975E+02 -8.9732E+01
0000764   4.2396E+02  9.6184E+01  5.2579E+01
0000765   1.7256E+02  1.2575E+02  7.2047E+01
0000766   2.1214E+02  1.2465E+02  6.7323E+01
0000767   2.5905E+02  7.0761E+01 -1.3804E+02
0000768   1.0906E+02  1.0978E+01 -7.9069E+01
0000769   5.5105E+01 -5.5823E+01 -2.3577E+02
0000770   1.9194E+02 -2.0749E+02 -7.2468E+01
0000771   3.5273E+02 -2.9808E+02  1.2698E+02
0000772   3.3831E+02 -1.2876E+02 -8.1339E+01
0000773   7.7132E+01  3.9560E+01  5.6448E+01
0000774   2.2562E+02  4.1579E+01  3.2153E+01
0000775   4.7714E+02  7.3167E+01  5.8930E+00
0000776   2.8585E+02  5.5761E+01  1.7158E+02
0000777   5.1966E+02  1.9981E+02 -3.3574E+01
0000778   5.9822E+01 -9.4572E+01  2.1583E+02
0000779   3.5726E+02 -6.8574E+01  1.7781E+02
0000780   2.4692E+02 -1.2266E+02  1.2276E+02
0000781   3.9816E+02 -2.3142E+02  1.0275E+01
0000782   1.4191E+02 -2.9801E+01 -8.3953E+01
0000783   3.8051E+02 -6.5492E+00  2.4475E+02
0000784   4.5551E+02 -8.2755E+01 -1.7682E+02
0000785   5.2440E+02  1.3037E+01 -2.4568E+02
0000786   2.2949E+01  2.9255E+01  8.6341E+01
0000787   2.6365E+02 -1.4644E+02  1.2323E+01
0000788   2.3802E+02  6.5858E+01 -5.9647E+01
0000789   2.1256E+02 -8.9168E+01  5.2335E+01
0000790   3.0785E+02 -1.7201E+02  8.0491E+01
0000791   2.5701E+02  5.4007E+00  4.3016E+01
0000792   1.0344E+02  3.5317E-01 -5.0565E+01
0000793   7.1673E+01 -3.2357E+01 -6.7557E+01
0000794   2.2187E+02  5.8892E+01 -1.1951E+02
0000795   5.9084E+02  1.6001E+02 -5.1302E+01
0000796   2.7588E+02  1.3150E+02 -7.2126E+01
0000797   2.5464E+02 -4.0163E+01  7.7784E+01
0000798   2.7848E+02 -9.6167E+01  3.3496E+01
0000799   2.9700E+02 -3.9321E+01  2.1198E+02
0000800   4.3290E+02  1.1669E+02 -5.2146E+01
0000801   2.2442E+02 -8.2873E+00  2.2137E+02
0000802   2.9283E+02  1.1591E+02 -2.1394E+02
0000803   5.2356E+02 -1.4315E+01 -4.7885E+01
0000804   2.3676E+02 -3.0460E+01  9.9151E+01
0000805   3.9064E+02 -5.9496E+01  1.5365E+02
0000806   1.7891E+02 -2.1475E+02  1.0513E+02
0000807   2.4128E+02  7.6436E+01 -5.7512E+01
0000808   8.1688E+01  4.8195E+01 -4.5713E+01
0000809   2.3210E+02 -1.0832E+02 -3.5242E+01
0000810   2.0101E+02  5.8657E+01  1.6707E+02
0000811   1.3656E+02  1.2318E+01  1.2763E+01
0000812   6.7572E+01 -1.2465E+01  2.0064E+01
0000813   6.4625E+01 -1.4350E+02  9.9501E+01
0000814   2.1101E+02  1.0468E+02  2.1411E+02
0000815   2.2477E+02  8.4068E+01  2.0054E+02
0000816   3.5110E+02 -3.0122E+01  1.6530E+02
0000817   5.2620E+01  1.9133E+02 -5.2192E+01
0000818   5.9775E+01 -1.4668E+02  1.8952E+02
0000819   2.0197E+02  1.3795E+02 -1.2174E+02
0000820   8.0171E+01 -1.8279E+02  1.8450E+02
0000821   4.5195E+00 -8.6419E+01 -2.8052E+01
0000822   4.5316E+02  4.3611E+01  5.3301E+01
0000823   3.6775E+02  1.4785E+02 -3.6562E+02
0000824   1.7776E+02 -1.8703E+01  1.2032E+02
0000825   4.7611E+02 -5.6287E+01  3.1906E+01
0000826   2.7670E+02 -2.8909E+02 -5.8173E+01
0000827   2.5023E+02 -2.9834E+02 -1.5884E+02
0000828   2.5718E+02  2.5673E+02 -1.1217E+02
0000829   4.6571E+02 -1.2271E+02  1.7405E+02
0000830   2.5486E+02 -1.3997E+02  1.0296E+02
0000831   2.8191E+02  7.3536E+01  3.3258E+01
0000832   1.3306E+02  8.8125E+01  3.3991E+01
0000833   2.0649E+02 -3.5046E+00 -2.4706E+01
0000834   1.1135E+02 -2.8710E+02 -2.9702E+02
0000835   3.2519E+02 -2.5785E+02  8.0245E+01
0000836   2.5569E+02 -5.4780E+01 -2.0555E+02
0000837   2.8029E+02  2.1057E+02  2.0408E+01
0000838   4.6021E+02  7.0793E+01  3.6100E+01
0000839   1.0797E+02 -4.0842E+01 -3.3036E+01
0000840   2.2945E+02  7.0332E+01 -1.5243E+02
0000841   3.8351E+02 -9.5631E+00  1.1651E+02
0000842   2.7797E+02  1.2914E+02  1.7383E+01
0000843   1.7288E+02  5.2626E+01 -5.4243E+01
0000844   1.0259E+02  3.1201E+02  1.1489E+02
0000845   4.4346E+02 -2.6854E+02 -1.9331E+02
0000846   2.5835E+02 -5.9489E+01 -1.1000E+02
0000847   2.9046E+02  5.1247E+00 -4.5239E+00
0000848   4.5765E+02  1.0964E+02 -9.8172E+01
0000849   3.0696E+02 -1.8016E+02  4.2356E+02
0000850   2.8220E+02  2.9334E+02 -2.2741E+02
0000851   3.9000E+02  1.0766E+02 -6.9575E+01
0000852   2.8737E+02  1.0725E+02 -9.2807E+01
0000853   1.9725E+02 -1.9800E+02  6.3039E+01
0000854   2.0912E+02 -1.4937E+02  8.6962E+01
0000855   2.2501E+02 -1.3233E+02  1.2341E+02
0000856   2.5029E+02  4.7838E+01 -3.2796E+02
0000857   3.1709E+02  1.3878E+02  1.7307E+02
0000858   4.9230E+01  5.4383E+01 -3.4805E+01
0000859   8.8716E+01  2.2559E+02  1.7237E+02
0000860   4.5035E+02 -8.6946E+01 -1.1594E+02
0000861   2.7994E+02  4.9839E+01  1.5424E+02
0000862   8.3321E+01  6.9905E+01  8.3165E+01
0000863   2.3492E+02 -2.8680E+02 -2.3654E+02
0000865   2.9702E+02 -4.2862E+01 -4.2303E+01
0000867   1.9583E+02  1.5779E+02  1.0562E+02
0000868   2.8783E+02  6.8760E+00 -1.9733E+02
0000869   4.5919E+01 -1.7297E+01 -7.5123E+01
0000870   2.8995E+02 -3.1059E+02  1.6433E+02
0000871   5.7653E+02 -8.1601E+01  1.3005E+02
0000872   2.4855E+02 -1.7003E+02 -1.5496E+02
0000873   1.6801E+02  1.6711E+01  1.0806E+02
0000874   3.6989E+02 -7.4591E+01 -8.8664E+01
0000876   5.2687E+02  1.6478E+02  8.6244E+01
0000877   1.8636E+01 -5.6975E+01 -9.0770E+01
0000878   3.2792E+02 -1.7161E+02 -1.2317E+02
0000879   5.1697E+00 -8.3897E-01  3.2101E+01
0000880   2.7553E+02  7.5229E+01 -1.1301E+01
0000881   2.7366E+02  1.1112E+02  1.9137E+02
0000882   5.4156E+02 -1.9590E+02  9.3524E+01
0000883   3.7507E+02  1.0449E+02  1.1195E+02
0000884   1.4245E+02 -4.8811E+01 -5.0865E+01
0000885   7.7057E+01  1.2391E+01  4.4401E+01
0000886   4.5468E+02  1.5567E+02  8.4900E+01
0000887   4.5675E+02 -7.6702E+01  1.4246E+02
0000888   1.7424E+02 -2.7700E+01  9.9330E+01
0000889   3.3950E+02 -1.4736E+02 -1.4230E+02
0000890   3.0163E+02 -1.3315E+02 -2.1736E+02
0000891   2.3023E+02  2.5772E+00 -7.8515E+01
0000892   3.6810E+02 -2.1143E+02 -7.5419E+01
0000893   1.0915E+02 -1.6838E+02  8.6904E+01
0000894   2.7680E+02 -3.5643E+01  1.4834E+02
0000895   2.2048E+02  6.0490E+01 -3.5780E+01
0000896   3.6920E+02  6.1931E+01 -4.5001E+01
0000897   3.3274E+02  1.1393E+02 -1.1784E+02
0000898   2.4882E+02 -1.1163E+02  8.7783E+01
0000900   3.5267E+02  3.3564E+01  1.5965E+02
0000901   5.1512E+02 -1.0733E+02  4.1059E+01
0000902   3.9872E+02 -5.1056E+02  1.8400E+02
0000903   5.5610E+01  7.4117E+01 -1.0131E+02
0000904   1.3173E+02 -2.8118E+02  1.2407E+02
0000905   4.3019E+01  6.7580E+00  8.6977E+01
0000906   3.0633E+02  1.2108E+02  7.3446E+01
0000907   4.2041E+02  1.2454E+02 -3.0375E+01
0000908   1.2953E+02  1.0560E+02 -2.3226E-01
0000909   3.7805E+02  2.0188E+02 -3.6715E+02
0000911   5.1880E+02  2.3092E+02  1.4053E+02
0000912   4.6793E+02  8.7202E+01  1.5769E+01
0000913   9.2763E+01  9.0633E+01  6.3701E+00
0000914   4.3923E+01 -2.1279E+02 -1.0342E+01
0000915   2.8823E+02 -8.1919E+01  9.8800E+01
0000916   2.0763E+02  1.2469E+02  1.3954E+02
0000917   3.0960E+02  2.1881E+02 -1.5850E+02
0000918   3.8174E+02 -1.2166E+02 -7.9661E+01
0000919   2.9754E+02  5.2282E+01 -1.9149E+01
0000920   1.4803E+02 -2.8113E+02 -4.2328E+01
0000921   2.1138E+02  1.5700E+02 -6.9875E+01
0000922   4.8170E+02 -9.8994E+01  9.9248E+01
0000923   5.0750E+02 -2.7627E+02  1.2083E+02
0000924   3.7062E+02  1.1443E+02 -5.6212E+01
0000925   4.8087E+02  4.5150E+01  2.4982E+02
0000926   2.9787E+02 -1.5648E+02 -6.6769E+01
0000927   8.0593E+02  1.1602E+00 -1.1047E+02
0000928   2.5063E+02 -3.7107E+01 -1.2865E+02
0000929   4.8551E+02  5.5930E+01  3.0782E+01
0000930   2.3313E+02 -1.1861E+00  3.2022E+01
0000931   3.1478E+02 -6.3018E+01 -1.2857E-01
0000932   4.1166E+02 -9.7052E+00  2.4867E+02
0000933   1.5375E+02 -1.1629E+01 -1.5014E+01
0000934   3.5050E+02 -5.1305E+01 -3.3940E+01
0000935   4.4099E+01 -5.6854E+01  2.2925E+00
0000936   6.0712E+01  9.5539E+01  1.9432E+01
0000937   2.7892E+02  9.0619E+01 -4.8872E+01
0000938   1.5176E+02 -6.1318E+01  1.8220E+02
0000939   3.3194E+02  2.8868E+01 -7.4123E+01
0000940   2.3900E+02  1.4344E+02  7.5769E+01
0000941   1.4446E+02 -2.3079E+02 -1.7333E+01
0000942   6.5577E+01  5.6896E+01  1.0267E+02
0000943   4.9433E+02  9.9811E+01  2.0913E+02
0000944   3.1416E+02 -3.3328E+02  9.5924E+01
0000945   2.9752E+02 -3.1757E+01  1.5253E+02
0000946   5.6475E+01 -1.7544E+01 -2.3672E+01
0000947   2.4195E+02  4.5775E+01 -3.6467E+01
0000948   1.9954E+02  5.0390E+01 -3.3497E+00
0000949   1.9195E+02 -4.9572E+01  3.0379E+01
0000950   1.9383E+02  1.0870E+02 -5.5629E+01
0000951   6.5008E+02  1.1227E+02  1.8298E+02
0000952   1.7662E+02 -1.3136E+02  3.9771E+01
0000953   2.6520E+01  8.1273E+01 -1.2747E+02
0000955   2.1903E+02 -4.2101E+02  5.1736E+00
0000956   5.7168E+02  1.2746E+02 -2.2234E+02
0000957   5.2377E+02  1.1091E+02 -1.0470E+02
0000958   4.3193E+02 -2.1866E+02  2.1957E+02
0000959   1.6244E+02  1.8937E+02 -3.7486E-01
0000960   1.8307E+02  1.2259E+01 -3.9398E+01
0000961   8.5473E+01 -3.9074E+01 -4.2101E+01
0000962   3.9136E+02  1.1783E+02  2.4238E+02
0000963   1.2555E+02 -1.8563E+02  5.3133E+00
0000964   2.6419E+02  2.6830E+02 -3.3843E+02
0000965   3.3081E+02  1.1252E+02 -3.0145E+02
0000967   2.2665E+02  2.1486E+02 -6.5845E+01
0000968   2.6868E+02  3.0211E+02  1.7198E+01
0000969   1.8536E+02 -3.0515E+00  9.9501E+01
0000970   5.2220E+02 -1.5582E+01 -3.4590E+01
0000971   2.2733E+02  5.2685E-01  2.1600E+02
0000972   4.0739E+02  1.7919E+02 -6.5879E+01
0000973   4.9754E+02  2.5010E+02  5.5119E-01
0000974   3.6770E+02 -2.9903E+02  1.2837E+02
0000975   4.1452E+02  1.3681E+02  2.5651E+02
0000976   2.4343E+02 -4.0145E+01 -2.5245E+01
0000977   1.7543E+02 -1.2809E+02 -5.1057E+01
0000978   1.2289E+02 -7.0785E+01 -6.3123E+01
0000979   3.1777E+02  4.8599E+00 -4.0767E+01
0000980   1.8096E+02 -4.9532E+00  2.4130E+02
0000981   2.2768E+02  9.4073E+01 -2.1551E+01
0000982   1.7555E+02 -2.6120E+01  3.1269E+01
0000983   4.5503E+02  1.9543E+02  2.0440E+02
0000984   2.7918E+02  8.6050E+01  4.2347E+02
0000985   6.5388E+01 -8.4242E+01  1.8656E+02
0000986   2.3165E+02  3.9949E+02 -3.1099E+02
0000987   2.2038E+02  4.0217E+01  3.0343E+02
0000988   2.7942E+02 -1.1663E+02 -2.0574E+02
0000989   4.6784E+01 -3.4256E+01 -1.5323E+02
0000990   3.6055E+02  1.8964E+01  1.7320E+02
0000991   2.7842E+02  1.3180E+02 -6.0294E+01
0000992   3.1345E+02 -8.6741E+01 -1.0117E+02
0000993   1.3825E+02 -1.9707E-01  5.5679E+01
0000994   2.6568E+02 -2.7124E+02 -3.2083E+00
0000995   1.9785E+02  5.4749E+00  2.0755E+01
0000996   5.8427E+01  1.4546E+01 -2.0052E+02
0000997   5.6997E+01  1.1629E+02  9.9148E+01
0000998   4.7615E+02 -3.1334E+01 -2.1874E+02
0000999   2.8414E+02  8.4358E+01  1.2554E+02
0001000   3.7540E+02 -5.4763E+01 -4.0747E+01
0001001   8.2602E+01  1.2732E+02 -9.9274E+00
0001002   2.4275E+02  8.6146E+01 -2.7216E+01
0001003   2.1975E+02  2.1630E+02 -9.2345E+01
0001004   2.9657E+02 -3.1659E+01  1.4948E+02
0001005   5.9064E+02  1.6084E+02  7.3645E+00
0001006   9.3860E+01  5.1263E+01  2.4936E+01
0001007   3.9468E+02  2.9127E+02 -8.1973E+01
0001008   2.2614E+02  6.2325E+01 -1.5354E+02
0001009   2.2185E+02  1.0984E+02  2.1352E+02
0001010   1.2340E+02 -2.1876E+02 -1.5063E+02
0001011   3.4073E+02 -1.7169E+02 -9.6344E+01
0001012   6.5142E+01  8.4430E+01  1.5701E+02
0001013   1.1633E+02  4.5498E+01  9.4606E+01
0001014   3.7542E+02 -9.2747E+01 -4.0588E+02
0001015   4.6057E+02 -1.6614E+02  2.4415E+01
0001016   3.4670E+02  1.3778E+02 -2.3385E+02
0001017   2.6442E+02  2.0769E+02  6.4557E+01
0001018   3.4703E+02  1.2674E+02 -2.1208E+02
0001019   2.6415E+02  1.3940E+02 -5.8589E+01
0001020   3.0244E+02 -1.9006E+02 -2.0046E+02
0001021   3.0556E+00  3.4610E+02  2.6612E+01
0001022   1.4095E+02 -1.2831E+02  1.0277E+02
0001023   2.7970E+02 -1.3198E+02  3.2417E+02
0001024   2.2693E+02  1.1337E+02  1.9858E+02
0001025   2.7241E+02 -1.3910E+02 -2.8426E+02
0001026   3.9689E+02  2.3003E+02 -9.6569E+01
0001027   4.4026E+02  3.2325E+02  3.1010E+02
0001028   3.3548E+02 -3.7482E+01  6.8019E+01
0001030   3.8476E+02 -1.7069E+02 -1.8686E+02
0001031   1.3364E+02 -9.8285E+01 -7.7153E+00
0001032   4.7365E+01  1.1268E+02 -1.0017E+02
0001034   5.0999E+02  1.2794E+02  1.9263E+01
0001035   3.4472E+02 -7.8053E+00  5.7706E+01
0001036   3.2701E+02 -4.9125E+00  7.6730E+01
0001037   4.8887E+02  2.5509E+02 -1.2698E+02
0001038   2.4012E+02  5.5594E+01 -5.3410E+01
0001039   4.1236E+02 -7.4372E+01  1.2294E+02
0001040   1.8865E+02 -2.0871E+02  1.5076E+02
0001041   3.3284E+02 -2.1536E+01 -1.7428E+01
0001042   1.1386E+02  2.2773E+02  1.4867E+02
0001043   5.0848E+02 -2.0734E+02  4.9649E+01
0001044   1.0960E+02 -8.0532E+01 -4.2963E+01
0001045   1.5305E+02 -2.4358E+02  6.3728E+01
0001046   8.5334E+01  1.1039E+02 -2.1602E+01
0001047   6.2442E+02 -1.0017E+02  6.8575E+01
0001048   4.3393E+02  1.5365E+02  1.9869E+02
0001049   1.3542E+02 -4.6670E+01 -2.7203E+01
0001050   4.1608E+02 -2.7170E+02 -7.1928E+01
0001051   2.7337E+02  1.7994E+01  1.0302E+01
0001052   3.0054E+01 -6.6058E+01  1.0130E+02
0001053   3.5561E+02 -3.0596E+02  1.1517E+01
0001054   2.0680E+02 -4.1493E+01 -1.0928E+02
0001055   1.9820E+02  1.9590E+02 -5.9035E+01
0001056   3.0892E+02  1.3553E+02  3.2576E+02
0001057   3.5336E+01  1.6706E+01 -1.2732E+01
0001058   5.4711E+02 -1.8951E+01 -4.7568E+01
0001059   1.2101E+02  4.4084E+01 -3.8984E+02
0001060   4.4294E+02  1.6688E+02 -1.3076E+02
0001061   3.6858E+02  5.8855E+01 -2.9476E+01
0001062   4.1796E+02  7.8864E+00 -3.0796E+02
0001063   4.2661E+02  1.2193E+02 -4.4324E+01
0001064   1.7924E+02  1.5693E+02 -6.4402E+01
0001065   2.0617E+02 -8.4706E+01 -2.1474E+01
0001066   2.2634E+02  4.2237E+01 -1.9216E+01
0001067   5.4637E+02 -2.7014E+01 -3.4765E+02
0001068   2.6816E+02  9.4980E+01 -5.3196E+01
0001069   2.0207E+02  7.2548E+01 -2.7578E+02
0001070   1.1378E+02 -8.3827E+01  3.3021E+01
0001071   5.2576E+02 -6.4649E+01 -1.3441E+02
0001072   4.7972E+02 -7.1913E+01 -1.5513E+02
0001073   5.5149E+02  1.3633E+02 -8.1438E+01
0001074   1.0141E+01  1.2765E+02 -1.0860E+02
0001076   2.7768E+02 -2.3212E+02 -1.5171E+02
0001077   3.7703E+02 -2.9716E+01  3.3020E+01
0001078   2.7232E+02  1.8175E+02  4.3969E+01
0001079   1.3835E+02  1.9578E+02  9.1770E+01
0001080   5.3235E+02 -1.6980E+01  2.1182E+02
0001081   2.3818E+02 -1.4732E+02 -1.3815E+02
0001082   2.5866E+02 -1.6896E+02  9.1910E+01
0001083   3.5409E+02 -1.8289E+02 -9.0783E+01
0001084   3.1627E+02 -7.9564E+01 -2.0048E+02
0001085   5.8428E+02 -3.1478E+02  3.2199E+01
0001086   3.2007E+02  2.3594E+02 -5.0642E+01
0001087   2.5404E+02 -4.7502E+01 -1.1016E+02
0001088   4.4497E+02 -7.7520E+01 -1.5372E+02
0001089   6.3394E+01  1.3431E+02  1.1458E+02
0001090   3.6348E+02 -1.3043E+02  1.3875E+02
0001091   1.3259E+02 -3.0996E+01  3.0538E+01
0001092   2.3360E+02 -4.8492E+02 -2.5845E+01
0001093   2.3453E+02 -4.8825E+01  1.0427E+02
0001094   2.5837E+02 -2.1835E+01  2.9899E+02
0001095   3.0315E+02 -1.9255E+02  1.1385E+02
0001096   2.2274E+02 -2.2225E+01 -1.7466E+02
0001097   5.6261E+01 -6.2967E+01 -2.6549E+01
0001098   1.0327E+02 -3.6292E+02 -1.8646E+01
0001099   7.6272E+01 -6.8670E+01 -2.0521E+01
0001100   1.8746E+02  3.8889E+01  9.0827E+00
0001101   7.8345E+01 -3.0333E+02 -1.0598E+02
0001102   5.4325E+02  7.6713E+01  1.3417E+01
0001103   3.4564E+02 -8.8174E+01  8.7246E+01
0001104   2.9732E+02  4.2023E+01 -1.9285E+02
0001106   1.7383E+02 -6.8871E+01  2.4718E+02
0001107   9.5256E+01  4.3211E+01 -2.7467E+01
0001108   1.1880E+02 -3.0823E+00  5.5369E+00
0001109   4.0735E+02 -5.8630E+01 -3.3009E+01
0001110   2.2779E+02 -1.4452E+02 -9.0609E+01
0001111   3.0281E+02  4.4735E+01 -3.0369E+01
0001112   5.2814E+02  1.5526E+02 -4.7092E+01
0001113   5.1950E+01 -1.1889E+02 -2.7032E+02
0001114   1.7443E+02 -8.7259E+01 -5.8796E+01
0001115   1.9537E+02  2.1142E+02  1.2006E+01
0001116   5.0668E+02 -1.0532E+02  3.2839E+01
0001117   1.2588E+02 -1.2250E+02 -1.3077E+02
0001118   2.0463E+02  2.1919E+02  2.3165E+02
0001119   2.7271E+02  3.3969E+01  6.5717E+01
0001120   1.4572E+02  2.6842E+02  5.8068E+01
0001121   3.5650E+02  3.7501E+01 -8.2324E+01
0001122   1.5016E+02 -9.6485E+00  4.3217E+01
0001123   1.8975E+02 -5.1477E+01  3.9055E+02
0001124   3.0537E+02  1.8579E+02  2.3365E+02
0001125   2.6339E+02  1.3865E+02  3.8360E+01
0001126   3.9931E+02  6.9428E+01  2.9926E+02
0001127   1.7603E+02 -1.6739E+02 -1.4253E+02
0001128   1.3125E+02  4.4682E+00 -2.8225E+00
0001129   5.1000E+02 -2.1991E+02 -3.8624E+02
0001130   2.8926E+02 -1.4324E+01 -1.4613E+02
0001131   6.6063E+02  3.6815E+01 -8.7847E+01
0001132   5.7591E+01  1.8496E+02 -1.3703E+02
0001133   3.4326E+02 -3.4167E-01  3.3093E+01
0001134   4.7111E+02  1.2988E+02 -8.6953E+01
0001135   1.3672E+02  3.5663E+02  1.1240E+02
0001136   3.9783E+02 -2.3024E+01  4.0174E+00
0001138   1.0640E+02 -1.9149E+01 -2.0162E+01
0001139   4.4095E+02  5.8349E+01 -1.2814E+02
0001140   2.3427E+02 -1.9947E+02 -2.0998E+02
0001142   2.5479E+02 -2.4563E+02  1.8374E+02
0001143   2.5468E+02  1.6423E+02  4.1791E+01
0001144   5.3758E+02  9.4567E+01 -1.7241E+02
0001145   2.6128E+02  1.8464E+02  8.8348E+01
0001146   1.9143E+02 -7.1722E+01  1.1026E+02
0001147   5.0668E+02  8.2341E-01  1.6981E+02
0001148   1.2956E+02  9.1803E+01  3.5580E+01
0001149   3.1115E+02  3.0598E+02 -1.2823E+02
0001150   3.2748E+02 -3.4767E+01  3.8423E+01
0001151   1.7274E+02 -2.2798E+02 -1.4513E+02
0001152   2.8166E+02 -2.3963E+02  1.0772E+02
0001153   2.8519E+02 -7.7100E+01  1.6340E+02
0001154   4.4161E+02  2.3302E+02 -2.1976E+02
0001155   1.7771E+02 -1.8867E+01 -5.0353E+01
0001156   2.7289E+02  5.1500E+01  1.3983E+02
0001157   2.9529E+02 -7.5868E+01  5.2069E+01
0001158   1.9640E+02  1.6270E+02 -2.7251E+01
0001159   5.6835E+02  2.9086E+01 -1.0731E+02
0001160   2.8018E+02  2.8010E+01  6.5606E+00
0001161   3.2839E+02 -2.1439E+02  1.8596E+02
0001162   4.0261E+02  1.1721E+02 -4.6001E+01
0001163   2.2169E+02 -4.2036E+01  9.1749E+00
0001164   2.4353E+02  1.1752E+02 -1.3766E+02
0001165   4.6348E+02 -9.0900E+01 -2.0418E+02
0001166   3.2613E+02  1.5022E+02  7.2215E+01
0001167   4.1909E+02 -1.8381E+02  7.2770E+00
0001168   3.0423E+02 -9.5871E+01  8.7275E+01
0001169   1.8687E+02  1.4983E+01  3.7240E+01
0001170   1.8152E+02 -3.7632E+02  3.4607E+01
0001171   3.7095E+02  1.0718E+02 -1.9699E+02
0001172   1.5371E+02  1.8559E+02 -1.1589E+02
0001173   5.0242E+01 -7.6578E+01  1.2433E+02
0001174   5.5716E+01  2.1296E+02  2.2954E+02
0001175   2.6868E+02  1.2953E+02  4.4176E+01
0001176   1.2434E+02  3.2913E+01 -5.8692E+01
0001178   2.4336E+02  1.3897E+02  1.1194E+01
0001179   9.7697E+01 -1.3258E+02  5.8123E+01
0001180   3.3536E+02  1.4559E+02  8.5841E+01
0001181   3.1618E+02 -1.0664E+02 -1.2116E+02
0001182   4.3516E+01  4.5088E+01  1.6143E+02
0001183   4.6886E+02 -1.9476E+02  4.4702E+01
0001184   1.1069E+02  1.0404E+02  9.8194E+00
0001185   4.8803E+02 -1.1122E+02  1.7154E+02
0001186   2.4766E+02 -1.6656E+01 -1.3295E+02
0001187   2.3269E+02  3.9173E+01  1.0711E+02
0001188   2.0969E+02 -2.5043E+01  1.5955E+02
0001189   2.6191E+02  9.8759E+01  3.8156E+01
0001190   2.5565E+02 -1.6462E+02  1.0154E+02
0001191   4.5997E+02 -2.2765E+01 -2.5763E+02
0001192   4.6852E+02  1.2011E+02 -1.1809E+02
0001193   6.9873E+01  1.5164E+02  3.1585E+01
0001194   2.0509E+02  1.1466E+02 -1.1392E+02
0001195   1.6599E+02  7.1459E+01 -7.6453E+01
0001196   1.1679E+02  1.3453E+02 -3.6539E+01
0001197   4.0910E+02 -1.9846E+02 -4.5450E+01
0001198   2.6880E+02 -1.1446E+01  6.2522E+01
0001199   3.2700E+02 -7.6334E+01  1.4610E+02
0001200   3.4815E+02  1.5628E+02  1.4282E+02
0001201   3.8878E+02  3.2217E+01  1.5707E+01
0001202   2.5624E+02 -5.5648E+00  1.3573E+02
0001203   5.8436E+01 -1.8104E+02 -1.2274E+02
0001204   4.9038E+02  7.7854E+01 -8.2955E+01
0001205   1.4539E+02  5.0305E+01 -1.7385E+02
0001206   1.8820E+02 -1.5013E+02  1.8822E+02
0001207   3.6429E+02 -2.7089E+01 -1.8457E+02
0001209   1.6136E+02 -8.1390E+01 -1.6563E+02
0001210   5.1810E+02  1.2364E+02  1.3358E+02
0001211   6.9978E+01 -1.4405E+02 -8.8206E+01
0001212   2.4687E+02 -7.1466E+01 -1.5584E+02
0001213   3.6644E+02 -1.1309E+02 -2.3890E+01
0001214   1.6105E+02 -1.9805E+01 -6.9311E+01
0001215   2.6868E+02 -2.0060E+02 -1.4493E+02
0001216   7.3296E+00 -3.2466E+01  7.4183E+01
0001217   1.5659E+02  4.3395E+01 -8.0180E+01
0001218   3.3014E+02  4.6793E+01 -6.5842E+01
0001219   3.1355E+02 -3.4586E+01 -2.1193E+01
0001220   3.4687E+02  1.8855E+02 -1.2506E+02
0001221   2.2270E+02  2.1723E+01 -8.1625E+01
0001222   1.3327E+02  2.0143E+02 -6.5363E+00
0001223   3.0740E+01  5.9298E+01 -3.3877E+01
0001224   2.2034E+02 -6.7108E+01 -1.4574E+02
0001225   4.6340E+02 -4.2714E+01 -4.8735E+02
0001226   3.9727E+02  5.3636E+01 -2.0590E+01
0001227   5.6498E+02 -1.2050E+02 -2.8428E+02
0001228   1.3786E+02  2.8422E+02 -8.7439E+00
0001229   1.0926E+02  1.1062E+02 -5.6946E+01
0001230   3.7675E+02 -1.1737E+02  7.9424E+01
0001231   1.8298E+02 -2.9949E+01  3.6263E+01
0001232   1.5086E+02 -2.4940E+01 -1.8938E+02
0001233   2.7426E+02  6.4099E+01 -8.2523E+01
0001234   9.2472E+01 -1.4562E+02  1.6457E+02
0001235   1.8084E+02 -2.0720E+02 -7.9378E+01
0001236   1.4422E+02  1.6513E+01 -7.0633E+01
0001237   1.2784E+02 -1.0411E+02  8.2870E+01
0001238   3.5524E+02 -1.6015E+02  5.7629E+01
0001239   3.2173E+02 -3.3539E+01  9.0483E+01
0001240   3.9237E+02  7.1744E+01 -2.7596E+01
0001241   2.4075E+02  1.5753E+02  4.9520E+01
0001242   5.5870E+02 -5.9651E+01 -8.3690E+01
0001243   2.9103E+02  1.0306E+02 -9.3889E+01
0001244   1.9203E+02 -6.7234E+01  8.1532E+01
0001245   3.9194E+02 -1.0409E+01 -8.3545E+01
0001246   2.1071E+02  2.0460E+02  3.1182E+01
0001247   2.7585E+02  6.8637E+01 -6.9766E+01
0001248   4.5987E+02  2.3415E+02 -7.0737E+01
0001249   2.2112E+02 -9.2460E+01  8.6320E+01
0001250   4.1985E+02 -5.3516E+01  5.1619E+00
0001251   4.2302E+02  4.4322E+01 -3.0636E+01
0001252   3.5288E+02 -1.5999E+02 -1.1357E+02
0001253   2.5685E+02 -6.7256E+01 -5.6622E+01
0001254   2.6225E+02 -8.7723E+01 -1.5157E+02
0001255   4.0958E+02 -5.9288E+01  9.9027E+01
0001256   2.8352E+02 -1.2195E+02 -1.8781E+02
0001257   2.3697E+02  1.5415E+02  1.0384E+02
0001258   4.5633E+02  5.1921E+01  1.0687E+01
0001259   2.4510E+02  1.2985E+02 -2.6662E+02
0001260   3.4794E+02 -1.1161E+02  1.5673E+02
0001261   2.3020E+02 -2.3258E+02 -1.5265E+02
0001262   3.0172E+02 -3.8800E+01  1.1508E+01
0001263   1.7691E+02  1.1320E+02 -2.0649E+01
0001264   2.1444E+02 -2.0253E+02  5.5965E+01
0001265   3.0569E+02 -2.4795E+02 -2.0468E+02
0001266   4.0561E+02  1.5783E+02  2.3274E+02
0001267   1.0283E+02  4.2105E+01  9.1201E+01
0001268   4.1808E+02 -1.2376E+02 -2.2897E+02
0001269   2.3335E+02 -1.3159E+02  9.5173E+01
0001270   3.8202E+02  2.0003E+01  4.1259E+02
0001271   2.6939E+02  2.8961E+02 -3.1603E+01
0001272   1.6908E+02 -1.5720E+02 -1.0785E+02
0001273   1.9285E+02  6.6738E+01  3.5533E+01
0001274   5.1787E+02  1.5002E+02  1.4017E+02
0001275   1.9366E+02  2.2298E+01  1.1610E+02
0001276   3.2553E+02  1.7462E+02 -1.2688E+02
0001277   6.0727E+01  1.9865E+01 -7.6637E+00
0001278   2.1620E+02  6.9089E+01 -7.6245E+01
0001279   1.6076E+01 -7.7127E+00 -4.4723E+02
0001280   4.9371E+02 -1.4811E+02 -2.2094E+02
0001281   2.3735E+02 -4.3908E+00  2.3422E+00
0001282   9.7953E+01 -1.3472E+02  1.4454E+02
0001283   1.9864E+02  1.7855E+02  5.1782E+01
0001284   2.7644E+02 -2.2450E+01 -1.9391E+02
0001285   3.4061E+02  5.6990E+01 -2.3691E+02
0001286   1.5967E+02 -2.1333E+01  1.9264E+01
0001287   2.6785E+02 -1.3942E+02  2.5307E+02
0001289   6.0649E+00  1.8922E+01  1.9280E+01
0001290   3.8946E+02 -1.3996E+02  1.8305E+02
0001291   2.0279E+02 -2.0958E+02  7.7592E+01
0001292   4.3282E+01 -1.1839E+02  7.2851E+01
0001293   2.5737E+02  5.5279E+01 -5.8213E+01
0001294   2.3766E+02 -8.9093E+01  1.9000E+01
0001296   3.4905E+01 -5.7993E+01 -2.6297E+02
0001297   1.6878E+02  4.8984E+00  1.1644E+02
0001298   3.4640E+02  8.5626E+01 -2.0104E+01
0001299   1.8282E+02  6.1394E+01  2.6633E+01
0001300   6.3668E+01 -1.3025E+02 -1.0109E+02
0001301   3.4465E+02  8.5227E+01  3.3418E+01
0001302   1.7179E+02  2.1891E+01 -3.6631E+01
0001303   2.3037E+01  1.2869E+02 -6.7315E+01
0001304   3.9847E+02  1.2142E+02 -8.0418E+01
0001305   2.8841E+01  1.0416E+02 -9.9896E+00
0001306   6.6024E+02  5.6178E+00  2.8878E+01
0001307   4.0544E+02  2.4280E+01 -4.1858E+01
0001308   4.5571E+02  1.8490E+02 -2.1913E+02
0001309   2.0830E+02 -2.5371E+02 -6.7073E+01
0001310   3.2366E+02 -1.8206E+02 -7.5862E+01
0001311   3.7769E+02 -9.2818E+01 -4.5894E+01
0001312   1.9873E+02 -1.9515E-01 -2.1048E+02
0001314   1.0550E+02 -1.7277E+01  1.1620E+01
0001315   1.1761E+02 -2.0418E+02  1.3736E+02
0001316   3.3970E+02  6.8145E+01 -1.9018E+02
0001317   3.1727E+02  1.7601E+02 -8.9534E+01
0001318   3.5138E+02 -3.4424E+01  1.5891E+02
0001319   3.0868E+02 -3.4063E+02  2.6633E+02
0001320   5.1180E+02 -5.6293E+01 -1.0271E+02
0001321   3.4968E+02 -1.1639E+01 -6.5317E+01
0001322   4.6460E+02  2.0743E+02 -3.2025E+01
0001323   1.6331E+02 -1.7136E+02 -8.9714E+01
0001324   2.4156E+02  2.0721E+02  1.6851E+02
0001325   1.3786E+02 -5.4934E+01  9.6842E+01
0001326   7.6553E+02  1.1464E+02 -5.0381E+01
0001327   2.4615E+02  1.2096E+02 -1.5653E+02
0001329   4.2903E+02 -6.5608E+00  2.1704E+01
0001330   2.5665E+02  2.1638E+02 -7.9538E+01
0001331   2.5272E+02 -7.8120E+01 -1.6499E+02
0001332   4.5283E+02 -1.3058E+02  1.2399E+02
0001333   2.3876E+02 -1.6273E+02 -4.8765E+01
0001334   2.3523E+02 -4.1378E+01  2.7409E+02
0001335   3.0563E+02  5.1556E+01 -2.5497E+02
0001336   5.3007E+02  1.4491E+00  9.2878E+01
0001337   1.9823E+02  1.6833E+02 -1.0282E+02
0001338   1.0745E+02  4.4617E+01 -2.7941E+01
0001339   2.8010E+02 -5.7706E+01  8.6424E+01
0001340   3.0090E+02 -1.1936E+02  3.6991E+01
0001341   3.0843E+02  5.7350E+01  2.7221E+02
0001342   2.7186E+02 -2.9598E+01 -4.5329E+02
0001343   1.8453E+02  1.3768E+02 -1.9317E+02
0001344   1.9137E+02  2.1843E+02 -3.0124E+01
0001345   1.5189E+02  5.8019E+01  5.9677E+01
0001346   2.3737E+02 -7.3830E+01  1.0319E+02
0001347   1.7299E+02  1.1112E+02  1.1354E+02
0001348   8.3590E+01  7.9552E+01  2.3567E+02
0001349   7.7208E+01 -1.3016E+02 -2.1991E+02
0001350   2.0172E+02  2.9406E+02 -3.5776E+02
0001351   1.3081E+02  2.1150E+01  4.5135E+01
0001352   5.3588E+02 -7.8113E+01 -1.5726E+02
0001353   1.0245E+02 -8.1330E+01 -8.5070E+01
0001354   1.5200E+02 -1.0180E+02 -6.1775E+01
0001355   1.6479E+02 -3.8618E+01  3.3368E+01
0001356   7.2368E+01 -4.4354E+01  4.5874E+01
0001357   5.0395E+02 -2.1119E+02  2.0966E+02
0001358   3.7695E+02 -1.6961E+02  2.4259E+02
0001359   3.1398E+02 -1.0845E+02  1.4862E+02
0001360   2.5493E+02 -5.6275E+01  9.4179E+01
0001361   3.7098E+02 -7.1691E+00  8.4860E+01
0001362   8.6401E+01  4.6390E+01  4.5785E+01
0001363   2.3947E+02  6.2869E+01  4.1895E+00
0001364   4.8238E+01 -4.3620E+01 -1.5447E+01
0001365   3.2286E+02  1.0021E+02  2.3804E+02
0001366   1.9834E+02  1.8863E+01  5.5988E+01
0001367   3.9223E+02  6.1978E+01 -1.2433E+02
0001368   1.9267E+02 -6.5781E+01 -2.2170E+01
0001369   1.1219E+02 -1.0197E+01 -2.8209E+01
0001370   3.9294E+02 -8.8728E+01  8.6015E+00
0001371   4.0013E+01  1.0204E+02  5.9825E+01
0001372   1.2554E+02 -5.5864E+01 -6.0492E+01
0001373   3.2015E+02  6.8687E+01 -2.0191E+02
0001374   5.2370E+02  3.9976E+01 -9.7036E+01
0001375   3.3453E+02 -2.3704E+02 -1.5348E+02
0001376   1.0513E+02 -2.5746E+02  1.3734E+02
0001377   1.4559E+01 -4.1209E+01  1.1076E+01
0001378   3.2073E+02  1.2073E+02  1.8489E+02
0001379   3.0489E+02  1.8458E+01  3.1513E+02
0001380   2.0806E+02  7.2487E+01  1.7448E+02
0001381   2.4740E+02 -2.0256E+01  1.0515E+02
0001382   3.8043E+02 -1.5383E+02  1.5805E+01
0001383   4.5738E+02  7.0891E+01 -1.5293E+02
0001384   3.7452E+01 -1.1683E+02 -6.6000E+01
0001385   1.7450E+02 -4.2620E+01  2.4858E+01
0001386   1.0608E+01  1.9568E+02 -2.0071E+02
0001387   1.3839E+02 -1.4289E+02 -1.0972E+02
0001389   4.1399E+02 -7.8005E+01  1.4501E+02
0001390   3.8804E+02  5.9482E+01 -1.5835E+02
0001391   4.6881E+02 -1.4588E+02  1.5321E+02
0001392   6.8626E+01 -4.3917E+01  6.7856E+01
0001393   1.8193E+02 -1.7226E+02  2.1108E+02
0001394   3.0774E+02  6.4033E+01 -3.2782E+01
0001395   3.2795E+02  2.1484E+02 -1.5614E+01
0001396   6.1699E+02  1.8361E+02  2.4952E+02
0001397   3.0320E+02 -8.5327E+01  1.9085E+02
0001398   1.8324E+02 -5.8337E+00 -3.9573E+01
0001399   2.6754E+02 -8.7482E+00  4.7889E+01
0001400   3.0784E+02 -1.6213E+01 -1.0653E+02
0001401   2.9037E+02 -1.7935E+02  1.8602E+02
0001402   1.5296E+02 -1.0022E+02  1.6461E+00
0001403   1.3650E+02  1.3249E+02  1.3202E+02
0001404   5.8270E+02  1.9818E+01  2.0218E+02
0001405   9.4045E+01 -3.0581E+01 -1.6075E+02
0001406   3.8783E+02  1.3426E+02  1.7716E+02
0001407   2.9859E+02 -1.7212E+02 -5.9310E+01
0001408   4.3055E+02  7.3898E+01 -1.4148E+02
0001409   1.3511E+02 -9.8178E+01  9.3433E+01
0001410   9.4441E+01 -4.6385E+01 -2.4845E+02
0001411   2.5679E+02  1.8772E+02  2.2876E+02
0001412   6.2989E+01 -2.3025E+01 -2.7432E+01
0001413   4.2326E+02  1.7364E+01  1.4389E+02
0001414   4.9098E+02  2.5231E+01 -5.4172E+00
0001415   8.4217E+01 -7.0266E+01 -9.9754E+01
0001416   4.5398E+01 -4.8367E+00  1.2606E+01
0001417   4.6280E+02  7.0695E+01 -1.3612E+02
0001418   2.9218E+02 -1.8715E+02 -2.1062E+02
0001419   4.1890E+02  9.7941E+00  1.9113E+02
0001420   3.3591E+02 -4.3417E+01  2.1223E+02
0001421   3.0197E+01  6.4867E+01  9.4241E+01
0001422   3.5546E+02 -7.7268E+01  2.8370E+01
0001423   5.7977E+02 -1.7045E+02  4.0112E+01
0001424   2.3123E+02  1.9818E+02 -5.5859E+01
0001425   9.4439E+01 -4.3545E+01  2.7226E+02
0001426   4.2039E+01 -3.0948E+01 -2.8559E+02
0001427   5.3480E+01  6.9355E+01 -2.6746E+01
0001428   1.9874E+02 -4.0337E-01  2.4416E+02
0001429   4.0374E+02  5.2625E+01  2.2080E+02
0001430   3.3479E+02 -2.6271E+01  1.6356E+02
0001431   3.6934E+02 -2.5317E+02 -1.1494E+02
0001432   2.1698E+02  7.9319E+00  2.3763E+01
0001433   3.6558E+02 -3.2840E+01 -1.8499E+02
0001434   2.6614E+02 -9.2242E+01 -1.2358E+02
0001435   1.9333E+02  1.6241E+02  2.8011E+02
0001436   1.5066E+02 -2.9489E+02  2.1028E+02
0001437   2.1172E+02  8.3133E+01 -3.6092E+02
0001438   4.3836E+02  1.9437E+02 -4.4948E+01
0001439   2.7071E+02  2.0828E+01  2.0220E+02
0001440   3.3299E+02  1.8533E+02  4.6310E+01
0001441   1.4695E+02  2.1876E+02  6.3112E+01
0001442   2.9193E+02 -1.9931E+02  1.5123E+02
0001443   4.1915E+02 -2.0671E+02 -4.3708E+01
0001444   2.0943E+02 -8.6940E+01 -5.2431E+01
0001445   1.3416E+02 -2.9562E+01 -3.6428E+02
0001447   2.2732E+02  1.2783E+02  8.8157E+01
0001448   1.1850E+02  3.7517E+01  4.9110E+01
0001450   3.2410E+02  4.5340E+01  2.4201E+01
0001451   1.3663E+02 -1.1732E+01  2.5143E+01
0001452   3.3818E+02 -2.9314E+00 -2.0529E+02
0001453   3.4655E+02 -1.2234E+02  1.6147E+02
0001454   1.2283E+01  1.9538E+02  3.2030E+02
0001455   4.9763E+02 -2.9647E+00 -1.7507E+02
0001456   1.8190E+02 -3.0322E+01 -7.5637E+01
0001457   3.6480E+02  1.5741E+02  5.9348E+01
0001458   2.6878E+02  7.3528E+00  1.4161E+01
0001459   6.9164E+01 -6.8277E+01 -5.3317E+01
0001460   2.2270E+02 -1.6425E+02 -1.1225E+02
0001461   1.8471E+02  3.6105E+02  2.3523E+02
0001462   6.3838E+02 -1.0060E+02  2.7208E+01
0001463   4.5044E+02  2.5372E+01  1.6178E+02
0001464   4.6175E+02  2.1787E+02 -1.0642E+02
0001465   5.5952E+01  8.2009E+01 -4.3190E+01
0001466   3.9439E+02  5.1452E+01 -4.3697E+01
0001467   4.2788E+02  3.6411E+01  1.4480E+02
0001468   5.7839E+01  5.3378E+01  8.1345E+00
0001469   1.0843E+02 -3.9389E+01 -2.4024E+02
0001470   3.6618E+02 -2.1986E+02 -5.6198E+02
0001471   1.5021E+02  6.5973E+00  6.6693E+01
0001472   5.0664E+02 -9.0306E+01  4.3615E+01
0001473   4.5398E+02 -7.3953E+01 -1.0842E+02
0001474   2.0591E+02 -2.4665E+01 -8.8745E+01
0001475   1.2378E+02  3.5118E+01  2.4406E+02
0001476   1.0954E+02  2.2998E+01  1.9837E+01
0001477   4.5079E+02  7.6048E+01  7.7062E+01
0001478   3.4691E+02 -1.1801E+02 -2.0161E+02
0001479   2.2079E+02  9.4557E+01 -6.4000E+01
0001480   1.2209E+02 -9.7824E+01  4.6948E+01
0001481   2.7536E+02  7.4357E+01 -1.0920E+02
0001482   6.6372E+01 -7.2244E+00 -4.0953E+01
0001483   3.1567E+02  9.4648E+01 -1.1842E+02
0001484   1.4718E+02  1.1208E+02 -8.0011E+01
0001485   2.5459E+02  1.3717E+02 -5.2594E+01
0001486   1.3478E+02 -1.0771E+00  2.0885E+01
0001487   8.4947E+01 -2.7875E+02  1.5569E+02
0001488   2.9090E+02 -1.1721E+02 -1.3179E+02
0001489   3.2319E+02 -3.0865E+01  8.3523E+01
0001490   4.3163E+02  1.0115E+02  1.7876E+01
0001491   3.6173E+02 -1.3594E+02 -1.8527E+02
0001492   8.7050E+01  1.0547E+02  3.9496E+02
0001493   1.3797E+02 -1.3527E+02  3.1099E+00
0001494   1.5565E+02  1.0146E+02 -2.7912E+02
0001495   2.2896E+02 -9.0739E+01  8.5781E+01
0001496   4.1215E+02  1.9114E+01  4.1420E+01
0001497   2.9898E+02  8.1518E+01  3.4458E+02
0001498   2.0432E+02  1.7966E+01  4.3492E+01
0001499   1.8893E+02 -3.7977E+01 -1.5616E+02
0001501   1.9795E+02 -2.9926E+01  8.7076E+01
0001502   4.2603E+02 -6.6318E+01 -2.4994E+02
0001503   2.7187E+02  1.3298E+02  4.1078E+02
0001504   1.5905E+02  4.8967E+01 -3.7551E+01
0001505   3.8234E+02 -7.7426E+00  2.2886E+02
0001506   2.1059E+02  1.7815E+02  1.1277E+02
0001507   3.4127E+02  3.1789E+01 -3.4825E+00
0001508   6.3951E+01  7.2819E+01  2.8012E+02
0001509   2.4662E+02 -1.0734E+02  2.7161E+02
0001510   2.2004E+02 -2.9004E+02 -1.2921E+02
0001511   2.3728E+02 -2.5708E+01  4.0971E+01
0001512   3.7233E+02 -3.7518E+02 -1.1457E+02
0001513   4.1419E+02  1.4734E+02  1.1835E+02
0001514   9.2062E+01 -5.7632E+01 -2.6484E+01
0001515   2.4924E+02 -1.6079E+02 -6.3963E+01
0001516   4.6702E+02 -2.4077E+02 -1.5530E+02
0001518   4.1806E+02  1.2317E+02 -5.0441E+01
0001519   4.9274E+00 -2.6512E+01  8.3247E+01
0001520   2.0270E+02 -1.8467E+01 -1.5929E+02
0001521   3.2304E+02  1.6545E+02 -8.7605E+01
0001522   1.8921E+02  7.8415E+01  1.4140E+02
0001523   4.8964E+02 -1.4854E+02  8.8545E+01
0001524   3.0989E+02 -1.9862E+02  7.3266E+01
0001525   1.8340E+02 -1.1277E+02  8.8399E+01
0001526   2.8957E+02 -1.1462E+02  1.3962E+02
0001527   2.3469E+02 -5.5752E+01  2.2391E+01
0001528   7.9666E+01  2.4448E+02 -4.6194E+01
0001529   3.7243E+02  1.6441E+02 -3.4087E+00
0001530   2.0050E+02  1.6678E+01  4.3651E+00
0001531   3.2902E+02  7.4314E+01 -8.1710E+01
0001532   3.6027E+02  4.2272E+01 -1.7774E+02
0001533   1.1691E+02 -3.1780E+02  7.5644E+01
0001534   1.5414E+02 -3.0881E+01  1.1127E+02
0001535   2.9828E+02 -3.4336E+02 -7.7346E+01
0001536   3.9943E+02  8.5355E+01 -3.4829E+01
0001537   3.7990E+02 -2.0278E+02 -2.4308E+01
0001538   1.2987E+02 -6.2063E+00 -1.3697E+02
0001539   3.0004E+02 -4.0235E+01 -1.0469E+02
0001540   5.5905E+02  3.1452E+01 -2.4733E+01
0001541   1.5373E+02  1.2317E+02  3.0227E+02
0001542   5.1028E+02 -7.3515E+01  1.9258E+02
0001543   2.6698E+02 -3.1106E+02  3.0696E+01
0001544   2.9667E+02  3.0649E+01 -9.1238E+01
0001545   1.8811E+02 -9.5328E+01 -1.7675E+02
0001546   2.9739E+02 -1.9265E+02  1.4478E+02
0001547   2.1779E+02  1.7489E+02 -8.5948E+01
0001548   2.1851E+02 -3.0030E+01 -2.5253E+01
0001549   4.6540E+02 -2.0289E+01 -1.5309E+00
0001550   2.7306E+02 -3.7936E+02  9.3650E+00
0001551   4.9781E+02 -4.0192E+01  4.9468E+02
0001552   1.7859E+02  1.0029E+02 -1.2944E+02
0001554   4.8543E+02  9.8674E+00 -1.3441E+01
0001555   2.7915E+02 -1.4219E+00  1.6076E+02
0001556   1.9859E+02 -2.6942E+02  2.6912E+02
0001557   4.4839E+01  6.5988E+01 -1.1374E+02
0001559   3.1095E+02 -1.1049E+02  1.7090E+02
0001560   3.0637E+02 -3.5914E+00  3.7608E+01
0001561   6.3363E+01  6.4552E+01 -1.8334E+02
0001562   4.7837E+01 -3.1468E+01  5.5888E+01
0001563   5.4936E+01 -2.5185E+01 -5.7790E+01
0001564   1.3112E+02  3.1513E+01 -1.1153E+02
0001565   2.2298E+02  1.3192E+02 -2.1430E+02
0001566   2.8115E+02  7.6796E+01 -8.5829E+01
0001567   4.9280E+02  1.9058E+02  2.0979E+01
0001568   2.2877E+02 -1.5691E+02  9.9694E+01
0001569   4.4026E+02  7.3480E+01  1.2512E+01
0001570   2.8443E+02 -8.2104E+01  1.0351E+02
0001571   3.9820E+01 -9.3735E+01 -2.5982E+01
0001572   3.5345E+02  1.7404E+02 -6.0365E+02
0001573   7.6709E+01  5.8213E+01 -1.9524E+01
0001574   1.2937E+02 -9.8082E+01 -7.0660E+01
0001575   2.0552E+02  1.1560E+02  2.9271E+01
0001576   1.8222E+02  5.9281E+00 -3.3781E+02
0001577   2.7524E+02 -6.5108E+01 -1.5819E+02
0001578   4.8043E+02 -1.5783E+02  1.2651E+02
0001579   6.7658E+01  7.5948E+00  1.6835E+01
0001580   4.9225E+02  1.7157E+02  1.4054E+01
0001581   7.6128E+01 -2.3939E+01  2.4979E+01
0001582   1.1918E+02 -4.1715E+01 -6.8031E+00
0001583   4.6495E+02 -2.2417E+02  1.0606E+00
0001584   4.3673E+01  3.0075E+01 -3.3564E+01
0001585   3.6426E+02 -3.1871E+02  1.8752E+02
0001586   1.1129E+02 -1.7209E+02 -3.9433E+01
0001587   1.6266E+02 -1.8063E+01 -2.4377E+01
0001588   6.7778E+01 -2.4882E+01  5.5778E+01
0001589   4.8507E+01 -2.0698E+02 -4.0283E+01
0001590   2.4074E+02 -1.4472E+01  2.3214E+02
0001591   2.2174E+02 -9.4772E+01  1.3068E+02
0001592   1.3575E+02 -6.6475E+01  1.2147E+02
0001593   9.4989E+01 -4.8761E+01  1.8973E+01
0001594   1.4406E+02  1.5376E+01 -2.7419E+01
0001595   3.1295E+02 -5.3452E+01 -1.1550E+02
0001596   4.0047E+02  2.0256E+02 -1.3942E+02
0001597   2.2448E+01  7.3300E+01  1.1362E+02
0001598   2.6982E+02 -1.5440E+02  3.9863E+01
0001599   2.9911E+02  9.3309E+01 -5.1855E+00
0001600   1.0221E+02 -3.1529E+02  2.1890E+02
0001601   3.4055E+02  1.8969E+02 -1.0113E+02
0001602   8.7663E+01  1.3671E+02 -2.0523E+02
0001603   2.8400E+02  1.7638E+02 -5.7760E+01
0001604   1.3601E+02  7.3290E+01 -3.3731E+01
0001605   1.8462E+02 -4.6399E+01 -6.6366E+01
0001606   1.6440E+02 -1.2218E+02  1.6829E+02
0001607   1.7585E+02  2.0812E+02  2.4956E+01
0001608   1.0078E+02 -6.0437E+01 -1.1535E+02
0001609   4.7413E+02  7.4284E+01  1.2889E+02
0001610   4.6849E+02 -1.1639E+02  9.0197E+01
0001611   3.0733E+02  1.2587E+02 -1.0235E+02
0001612   4.0026E+02  6.1252E+01 -1.0588E+01
0001613   4.9232E+02  1.6555E+02 -6.4240E+01
0001614   1.1277E+02 -7.6241E+01 -6.1297E+01
0001615   3.4601E+02 -5.7160E+01 -2.1918E+01
0001616   7.6161E+01  1.7816E+01 -2.7539E+01
0001617   2.2259E+02  1.1396E+02 -1.1617E+02
0001618   2.8352E+02  2.0224E+02 -1.5191E+02
0001619   1.7400E+02 -1.0808E+02 -1.3843E+02
0001620   3.9853E+02  4.0634E+02 -6.7100E+01
0001621   2.1258E+02  4.9892E+01  8.9913E+01
0001622   2.0753E+02 -3.1551E+02 -1.4463E+02
0001623   4.9088E+02  1.5989E+02  1.2554E+02
0001624   5.5205E+01 -2.0671E+02 -1.5472E+02
0001625   1.8391E+02 -1.0432E+02  1.4373E+02
0001626   3.4800E+02  3.5136E+01  1.2339E+01
0001627   4.3125E+02 -1.1688E+02 -1.1435E+01
0001628   1.4335E+02  9.8632E+01 -1.4163E+02
0001629   1.3581E+02  2.6761E+02  1.7148E+02
0001630   2.7297E+02 -9.4668E+01 -4.1836E+01
0001631   1.7317E+02  6.6670E+01 -1.2461E+02
0001632   4.0305E+02  2.1737E+02 -9.3332E+01
0001633   1.7902E+02  2.0299E+02  4.2379E+01
0001634   2.9353E+02 -9.4685E+01 -3.0582E+02
0001635   1.7814E+02  2.5447E+02  8.9841E+01
0001636   3.4298E+02 -8.2219E+01  2.2723E+02
0001637   3.2565E+02 -1.9776E+01 -1.7585E+01
0001638   1.4410E+02  6.3170E+01  9.0497E+01
0001639   1.9079E+02  9.8761E+01  1.3499E+02
0001640   2.2808E+02 -8.7468E+01 -7.6539E+01
0001641   4.1437E+02 -2.0122E+01  6.5464E+01
0001642   2.1575E+02  9.6338E+01  3.6985E+01
0001643   1.9996E+02  1.9302E+02  4.4461E+01
0001644   5.8254E+01 -9.4502E+01  1.1525E+02
0001645   2.3470E+02  1.9210E+02  1.0515E+02
0001646   5.2819E+01 -7.6620E+00 -6.1203E+01
0001647   3.4149E+02  2.3038E+02  3.0175E+02
0001648   2.2738E+02  7.6879E+01  8.7048E+01
0001649   3.1305E+02  3.0032E+01  1.7264E+02
0001650   4.8272E+02  1.4967E+02  1.2519E+01
0001651   2.9077E+02 -1.7131E+02 -1.0502E+02
0001652   2.4690E+02 -1.8189E+00 -7.2380E+01
0001653   2.4920E+02  6.5809E+01  4.7825E+01
0001654   2.2425E+02 -8.5270E+01 -1.0473E+02
0001655   6.2163E+02  1.8417E+02 -2.5516E+02
0001656   8.5955E+01  1.9576E+01  1.1816E+01
0001657   1.8316E+02  3.6712E+01  8.1537E+00
0001658   2.2022E+02  2.9107E+02 -1.9566E+02
0001659   4.2472E+02 -7.9594E+01 -5.4571E+01
0001660   3.1813E+02 -1.4801E+02  1.5699E+02
0001661   5.9059E+02 -9.8824E+01  1.2391E+02
0001662   2.0589E+02 -2.4019E+02 -1.3636E+02
0001663   6.7687E+02  7.8196E+01  1.1459E+02
0001664   3.6768E+02  1.3785E+02 -2.2286E+01
0001666   2.0573E+02  1.2268E+02 -1.2911E+02
0001667   1.7100E+02  1.1264E+02 -1.0585E+02
0001668   4.2441E+02 -1.6911E+02 -8.5601E+01
0001669   2.9600E+01 -2.2039E+02  1.5436E+01
0001670   2.0531E+02 -1.9989E+02 -3.6187E+01
0001671   1.1281E+02 -4.9583E+01 -1.5853E+01
0001672   2.3070E+02 -1.3880E+02  1.7657E+02
0001673   5.2094E+02 -5.4395E+01 -6.9500E+01
0001674   1.6756E+02 -2.6665E+01  7.8728E+01
0001675   5.3513E+02  2.2817E+02  1.2937E+02
0001676   9.1728E+01 -1.2091E+02  1.6698E+01
0001677   4.5008E+02 -4.8299E+00 -1.1776E+02
0001678   4.5058E+02  6.0545E+01  1.7519E+02
0001680   3.1904E+02 -6.0844E+01 -2.8200E+02
0001681   1.7382E+02 -4.9795E+01  1.3802E+02
0001682   1.0607E+02 -1.3076E+02 -3.1709E+02
0001683   1.2713E+02 -7.0206E+01 -4.1145E+01
0001684   5.1257E+02 -6.3671E+01 -1.2014E+02
0001685   3.1107E+02  7.1167E+01  4.6470E+01
0001686   1.2415E+02 -4.2736E+00  2.3075E+02
0001687   3.5407E+02  4.5259E+01 -1.3919E+00
0001688   2.7093E+02  6.8417E+01 -8.0276E+01
0001689   2.4890E+02  2.3368E+02  1.5933E+02
0001690   4.4073E+02  1.0447E+02 -1.2197E+02
0001691   6.0390E+00 -1.5781E+01  1.8191E+02
0001692   7.9093E+01 -3.6862E+02 -1.4660E+02
0001693   8.4338E+01  3.0831E+02  5.7150E+01
0001695   2.5759E+02 -7.5133E+01  5.0011E+01
0001696   4.7709E+02 -8.7334E+01 -2.6530E+02
0001697   1.2593E+02  7.3694E+01 -1.1472E+02
0001698   2.8581E+02  3.6022E+01 -6.0609E+01
0001699   3.7541E+02 -4.1477E+01  1.4032E+02
0001700   2.7745E+02  3.9686E+01  2.7744E+01
0001701   2.6637E+02 -7.8651E+01 -1.9578E+02
0001702   1.2472E+02  3.4477E+01 -2.2341E+00
0001703   2.6588E+02  1.9480E+02  8.6046E+00
0001704   1.1295E+02 -2.8039E+02 -1.1655E+02
0001706   3.7399E+02 -1.0732E+02  1.0715E+02
0001707   2.6818E+01  1.4110E+02 -1.5938E+01
0001708   3.8459E+02  1.6675E+02 -1.5441E+02
0001709   1.6291E+02 -1.8593E+02  2.4216E+00
0001710   2.8787E+02  1.3908E+02  7.3221E+00
0001711   1.5647E+02  3.5082E+01  9.0169E+00
0001712   4.3959E+02 -6.3535E+01 -2.5379E+02
0001713   1.8123E+02 -9.2413E+01 -4.3599E+01
0001715   2.5247E+02  2.2327E+02  1.9375E+02
0001716   4.3201E+02 -8.4695E+01  1.4224E+02
0001717   4.3992E+02 -4.0217E+01 -2.7451E+02
0001718   1.2279E+02  6.4416E+01 -2.8299E+01
0001719   1.8167E+02  3.2586E+01 -5.7306E+01
0001720   1.1147E+01  6.0759E+01 -2.7072E+01
0001721   1.7674E+02 -1.3717E+02  1.7889E+02
0001722   2.2405E+02 -1.0867E+02  1.1293E+02
0001723   7.6693E+01 -1.9154E+02  2.7172E+01
0001724   2.7258E+02  2.9962E+02  4.0146E+01
0001725   3.6369E+02  7.9120E+01  1.8881E+02
0001726   2.0278E+02 -3.7368E+02  4.5290E+01
0001728   1.4349E+02 -8.1245E+01 -4.8249E+01
0001729   2.9415E+02 -1.2786E+02 -3.1338E+01
0001730   2.3062E+02 -1.0083E+02  2.3130E+02
0001731   1.8777E+02 -2.0142E+02  4.2256E+01
0001732   2.3963E+02 -1.5365E+02 -5.6719E+01
0001733   2.6146E+02 -2.3710E+01  2.4548E+01
0001734   3.0509E+02  3.1110E+01  1.2606E+02
0001735   1.5321E+02  5.3938E+01 -5.3449E+01
0001736   1.4492E+02  1.4753E+01 -1.8487E+02
0001737   1.7537E+02  1.4134E+01  2.0675E+02
0001738   1.4556E+02 -7.7145E+01  1.0097E+01
0001739   3.1791E+02 -5.9139E+01  2.0521E+01
0001740   1.9221E+02  6.8418E+01  7.1967E+01
0001741   4.8999E+02  1.4242E+02  1.5606E+02
0001742   3.2878E+02  2.2176E+02  1.3400E+02
0001743   2.6011E+02 -3.3401E+02  1.3066E+00
0001744   1.4904E+02  3.2776E+01  3.7026E+01
0001745   5.6060E+02  1.6074E+02 -6.3331E+01
0001746   2.6902E+02 -8.8721E+01 -1.2715E+01
0001747   3.4474E+02  9.0644E+00  1.0081E+02
0001748   2.8110E+02  2.4394E+01  1.1501E+02
0001749   3.7095E+02 -5.6644E+01 -1.4967E+02
0001750   1.6735E+02 -7.7492E+01 -2.0539E+02
0001751   2.2705E+02  8.6120E+01 -8.3117E+01
0001752   4.1138E+02 -2.0291E+02  1.2964E+02
0001754   3.7439E+02  1.6978E+02  2.5793E+02
0001755   1.7984E+02 -9.7933E+01 -9.8860E+01
0001756   2.6273E+02 -2.6461E+02 -3.5447E+02
0001757   3.1000E+02 -3.8141E+01  7.1833E+01
0001758   6.8895E+02 -3.1505E+02  1.5490E+02
0001760   3.0391E+02  2.1134E+02  1.1659E+01
0001761   1.3695E+02  6.5285E+01  8.2670E+01
0001762   5.6384E+02 -3.5757E+01  4.0176E+01
0001763   3.7622E+02  1.3617E+01  1.6142E+02
0001764   1.0693E+02 -1.8210E+01 -1.7739E+02
0001765   3.5323E+01  2.7179E+02  6.4596E+01
0001766   2.1562E+02  9.0290E+01  9.3825E+01
0001767   4.8730E+02  2.4608E+02 -4.7333E+01
0001768   5.3111E+01  6.9948E+01 -1.4369E+02
0001769   2.5529E+02 -1.5480E+02 -2.0418E+02
0001770   2.2893E+02 -3.7653E+01  3.1441E+02
0001771   2.5357E+02  4.9869E+01  1.7130E+02
0001773   8.6289E+01  5.2644E+01  1.6033E+02
0001774   3.3104E+02 -7.0839E+01 -2.0769E+02
0001775   3.6402E+02 -2.1521E+01 -3.8939E+01
0001776   3.3753E+02 -5.2590E+01 -3.7323E+00
0001777   3.4396E+02  8.4876E+01  7.1131E+01
0001778   1.1080E+02  1.7925E+02  2.2094E+01
0001779   9.0204E+01  2.0937E+02 -6.4212E+01
0001780   2.5009E+02  2.1849E+02  1.4025E+01
0001781   6.3916E+02 -1.1278E+02  4.3035E+02
0001782   2.9264E+02  1.0764E+02 -4.2294E+01
0001783   7.0347E+01  2.4742E+02 -1.7793E+01
0001784   4.7184E+02  1.0930E+02 -8.7190E+00
0001785   1.6504E+02 -2.1421E+02 -5.8748E+00
0001787   1.4239E+02 -1.4318E+02 -7.4135E+01
0001788   1.8348E+02 -6.3637E+01 -1.4759E+02
0001789   1.2860E+02  7.3613E+01  6.1183E+01
0001790   4.8001E+02 -2.6796E+01 -3.2463E+01
0001791   3.0852E+02 -4.3632E+01 -4.1994E+01
0001792   2.4111E+02 -1.5158E+02 -6.1060E+01
0001793   2.4290E+02  1.8640E+02  1.4187E+02
0001794   2.3450E+02  7.6512E+01 -1.5090E+01
0001795   3.5812E+02  2.9461E+02 -1.9979E+02
0001796   2.3195E+02 -5.9017E+01 -1.3168E+02
0001797   5.7245E+02  3.9613E+01 -1.8186E+02
0001798   4.8499E+02  1.5572E+01 -2.5274E+02
0001799   2.8833E+02 -2.4841E+01 -9.9791E+01
0001800   3.6667E+02  1.9054E+02  1.4385E+02
0001801   4.6196E+01 -1.0606E+02  8.0414E+01
0001802   4.1510E+02 -2.3889E+02 -1.2850E+02
0001803   1.0223E+02 -8.1970E+01  7.9368E+01
0001804   2.4960E+02 -2.4323E+02 -2.1203E+01
0001805   1.2743E+02 -5.4983E+01 -3.8750E+01
0001806   2.2645E+02  4.2770E+00  1.3748E+02
0001807   2.2732E+02  7.0488E+01  1.7321E+01
0001808   2.9751E+02  2.4207E+02 -1.3351E+02
0001809   8.4336E+01  5.4138E+00 -6.2506E+01
0001810   5.7875E+02 -6.1121E+01 -2.5855E+02
0001811   3.0427E+02 -5.7412E+00 -7.4704E+01
0001812   2.9895E+02  1.0995E+02  1.1384E+02
0001813   1.4930E+02 -9.7184E+01  2.7045E+01
0001814   2.9382E+01  1.7357E+02 -1.3860E+01
0001815   2.4783E+02 -4.4046E+01 -5.5862E+01
0001816   2.8015E+01  2.4315E+01  1.8291E+00
0001817   1.5161E+02 -8.2400E+01 -3.5396E+01
0001818   2.9675E+02 -6.4209E+01 -2.4351E+02
0001819   1.9009E+02  7.3513E+01 -1.3903E+02
0001820   4.5425E+02 -7.5851E+01  6.1470E+01
0001821   3.2354E+02  1.1989E+02  3.2254E+02
0001822   4.3097E+02 -2.6583E+02  9.5551E+01
0001823   3.8664E+02 -3.6194E+01 -5.0523E+01
0001824   2.8092E+02  2.6604E+02 -1.6576E+02
0001825   1.9669E+02 -1.7062E+00  8.9200E+01
0001826   3.3055E+02  1.8874E+02  1.6347E+02
0001827   2.2909E+02  1.3813E+02 -2.5915E+02
0001828   1.5846E+02  2.9945E+02 -1.0223E+02
0001829   1.5336E+02 -9.9776E+01 -4.4412E+01
0001831   1.6228E+02 -1.2096E+02 -3.7813E+01
0001833   4.2645E+02 -8.1511E+01 -2.3246E+02
0001834   2.3778E+01 -1.1277E+01 -3.0711E+01
0001835   1.0180E+02 -2.0893E+02 -2.4173E+02
0001836   1.5129E+01 -1.0327E+02  1.5029E+01
0001837   4.4185E+02  1.1830E+02 -1.2358E+01
0001838   4.2965E+02 -1.0436E+02  1.1855E+02
0001839   1.3408E+02  7.3028E+01  1.9153E+01
0001840   3.3729E+02  2.0293E+02  1.1682E+02
0001841   1.4709E+02 -6.9369E+01 -8.2534E+01
0001842   4.4478E+02  9.9802E+01 -1.5043E+02
0001843   1.3029E+02  2.1436E+02 -3.1053E+02
0001844   2.2140E+02  3.6548E+02 -2.1659E+02
0001845   2.6951E+02  1.6694E+02  5.2047E+01
0001846   1.6215E+02 -2.4545E+02  9.3081E+01
0001847   4.0987E+02 -2.2306E+02  1.7526E+02
0001848   4.2856E+02 -6.2065E+01 -8.6236E+01
0001849   1.4746E+02 -4.4576E+01 -2.1722E+02
0001850   1.1575E+02 -8.6772E+01  7.2080E+01
0001851   3.4096E+02  1.2981E+02 -2.9159E+01
0001852   4.0585E+02  4.2679E+02 -2.4310E+02
0001853   2.6299E+02 -2.0229E+02  3.3815E+01
0001854   4.9867E+02  1.7394E+02 -1.1260E+02
0001855   3.4465E+02  1.1723E+02  1.5838E+02
0001856   2.1353E+02  3.1760E+02 -5.8032E+00
0001857   2.6064E+02  1.0162E+01 -9.0086E+01
0001858   2.2504E+01  1.0756E+02 -1.0228E+02
0001859   3.4892E+02 -8.9000E+01 -3.1015E+02
0001860   5.8940E+01 -4.9341E+01  4.8587E+01
0001861   4.8924E+02 -2.1270E+02 -6.5739E+01
0001862   8.3424E+01 -2.6756E+00 -7.6137E+01
0001863   2.8285E+02 -9.0465E+01 -1.2532E+02
0001864   1.9758E+02  3.7857E+01  1.9514E+00
0001865   5.1924E+02 -7.9497E+00 -7.2438E+01
0001866   1.5242E+02  1.2140E+02  4.7083E+01
0001867   3.5929E+02 -8.9487E+00 -1.7740E+01
0001868   3.4567E+02  1.0080E+02  1.0856E+02
0001870   2.7465E+02 -2.1021E+02 -2.9306E+01
0001871   2.2073E+02  6.9438E+01 -1.6132E+02
0001872   7.3574E+01  1.9112E+02 -6.7348E+01
0001873   3.4391E+02  6.9475E+01  2.3481E+02
0001874   5.7000E+02 -1.7670E+02  8.8030E+01
0001875   6.8279E+01  2.9773E+01  1.5639E+01
0001876   2.8628E+02 -1.6846E+02 -1.4769E+01
0001877   1.2906E+02 -6.0193E+01  1.7329E+01
0001878   3.4623E+02 -1.0619E+02 -5.1153E+01
0001879   2.5550E+02 -1.4225E+02 -6.3732E+01
0001880   1.7623E+00 -2.8012E+02 -6.1184E+01
0001881   1.6019E+02  1.2874E+01  1.7810E+01
0001883   3.1862E+02 -7.9607E+01  1.3834E+00
0001884   4.3700E+02  1.0529E+02 -3.2087E+01
0001885   1.0075E+02  7.9911E+01 -1.9138E+01
0001886   4.2983E+02  6.1493E+01 -3.3364E+01
0001887   2.6423E+01  4.9927E+01 -2.7825E+01
0001888   1.6871E+01  2.3391E+02  1.6618E+01
0001889   1.3718E+02 -6.8301E+01 -4.0524E+02
0001890   3.4069E+02  3.1668E+01  3.3317E+01
0001891   2.5783E+02 -1.6153E+02 -1.2590E+02
0001892   4.2593E+01  3.2701E+01 -1.5150E+02
0001893   1.4846E+02 -1.1770E+01 -2.4474E+02
0001894   2.0006E+02  2.4434E+00  3.8600E+01
0001895   4.8255E+02 -7.7221E+00  5.4189E+01
0001896   4.4522E+02 -3.6707E+01  4.3979E+00
0001898   2.4189E+02  3.5355E+02 -3.6319E+02
0001899   1.5092E+02 -1.4478E+02  8.1924E+01
0001900   5.1440E+02  9.5096E+01  1.6962E+01
0001901   1.3929E+02  4.7097E+01  3.4838E+02
0001902   1.9213E+02 -2.2149E+01  6.0547E+01
0001903   1.3226E+02  1.2379E+00 -3.1893E+02
0001904   2.1630E+02 -4.7187E+01  1.1182E+02
0001905   9.3628E+01 -9.2648E+01  1.0621E+02
0001906   3.3916E+02  3.9156E+02  5.5242E+01
0001908   4.5161E+01  3.8380E+01  1.0874E+02
0001909   2.6910E+02  3.0110E+02 -1.2741E+02
0001910   1.6501E+02  1.0787E+02 -1.5846E+02
0001911   4.0780E+02 -1.6915E+02  1.3319E+01
0001912   1.5000E+02 -3.0352E+01 -1.2545E+02
0001913   1.8805E+02 -9.3172E+01 -3.7353E+01
0001914   2.7414E+02  1.3795E+02 -2.4760E+02
0001915   2.3253E+02  1.4224E+02  1.1507E+02
0001916   1.3163E+02  3.0901E+02  4.4443E+01
0001917   5.2800E+02  2.5336E+01 -3.0219E+02
0001918   2.5485E+02 -1.3254E+01  4.0845E+01
0001919   4.9292E+01 -2.7215E+02  9.1513E+01
0001920   3.8288E+02 -6.5730E+01 -1.1086E+02
0001921   3.2273E+02 -2.0058E+02 -1.1256E+02
0001922   4.0967E+02 -1.5004E+02 -4.3801E+00
0001923   1.8050E+02 -1.0990E+02  6.7810E+01
0001924   2.1097E+02 -1.5381E+02 -6.1862E+00
0001925   2.8699E+02 -2.4330E+02  8.2416E+01
0001926   1.5025E+02 -1.5701E+02 -1.9039E+02
0001927   3.1350E+02 -3.7155E+02  2.2875E+02
0001928   2.9005E+01 -1.6017E+02  2.3789E+02
0001929   4.4229E+02 -1.2985E+02 -3.4059E+02
0001930   6.4654E+01  6.9714E+01  3.2155E+01
0001931   1.4420E+02 -1.4603E+02  1.9166E+02
0001932   3.1931E+02 -9.3271E+01 -6.7514E+01
0001933   2.7547E+02 -3.5481E+02  7.2994E+01
0001934   1.6616E+02  1.8604E+02  4.0565E+02
0001935   4.6258E+02 -7.1418E+01 -1.4847E+02
0001936   3.0797E+02  4.9423E+01 -2.7435E+01
0001937   2.5767E+02  5.5395E+01 -7.4856E+01
0001938   3.3799E+02 -1.1397E+02 -1.3055E+02
0001939   1.1380E+02  3.3392E+01 -1.1932E+01
0001940   3.7551E+02  1.1275E+02 -8.2718E+00
0001941   1.8931E+01 -6.9271E+01  4.4273E+01
0001942   3.4087E+02  2.6184E+01 -2.2516E+01
0001943   3.6571E+02  6.4086E+01  2.9414E+01
0001944   1.6220E+02  1.2096E+02  1.0975E+01
0001945   4.8134E+02  3.7508E+02  8.0978E+01
0001946   2.6973E+01 -2.2586E+00 -1.1342E+00
0001947   1.3923E+02  1.3553E+02  3.3158E+00
0001948   2.1727E+02 -3.1551E+02 -1.2091E+02
0001949   2.6938E+02  2.5186E+02 -1.2267E+02
0001950   5.0050E+02  9.1004E+00 -1.6267E+02
0001951   3.7644E+02 -1.0634E+02  3.3226E+01
0001952   1.3469E+02 -4.4015E+01 -3.5093E+01
0001954   3.1208E+02 -1.3710E+00  7.5608E+01
0001955   3.6874E+02  3.0410E+02 -1.2031E+02
0001956   3.2502E+02 -2.5933E+02 -1.6109E+01
0001957   7.2102E+01  1.2207E+02  2.5844E+02
0001958   5.0119E+02  1.2650E+02 -2.1231E+02
0001959   1.0390E+02  1.2747E+01 -3.9857E+01
0001960   1.0548E+02  9.8829E+01 -5.2208E+00
0001961   1.5987E+02 -2.4057E+01 -4.9766E-01
0001962   4.3682E+02  1.1353E+02 -2.9287E+02
0001963   3.1880E+02  4.1722E+01  4.1364E+01
0001964   2.8170E+02  5.6476E+01  2.8356E+02
0001965   4.7175E+02 -1.7446E+02  1.4010E+01
0001966   6.4708E+01 -8.9575E+01 -1.0931E+02
0001967   1.1407E+02 -6.9337E+01  8.8419E+00
0001969   2.1589E+02  3.4941E+01 -1.1735E+02
0001970   1.3338E+02 -2.3883E+01 -1.9626E+02
0001971   2.0843E+02  1.1702E+02 -9.1431E+01
0001972   1.3625E+02 -2.2467E+02  5.5898E+01
0001973   1.9404E+02 -7.9112E+01 -7.2542E+00
0001974   3.1972E+02  1.2045E+02 -2.5576E+02
0001975   3.3715E+02 -2.1986E+02 -4.9624E+00
0001976   2.6939E+02  6.1248E+01  1.2050E+02
0001977   1.0442E+02 -1.9723E+01 -1.5211E+02
0001978   2.3792E+02 -2.3697E+02  9.5056E+01
0001979   2.9586E+02  6.3549E+01 -7.0403E+01
0001980   3.2034E+02 -1.6736E+02 -1.5947E+02
0001981   4.3500E+02 -3.5935E+02 -5.4850E+01
0001982   4.6220E+02 -2.1170E+01  6.8714E+01
0001983   1.5708E+02 -8.5638E+01  8.8526E+00
0001984   3.6103E+02  5.1185E+01  2.3695E+02
0001985   3.1998E+02 -1.3192E+02  8.6239E+01
0001986   3.7417E+02 -1.0794E+02 -1.8237E+02
0001987   3.2098E+02  2.3747E+01  7.4756E+01
0001988   2.6915E+02 -1.3371E+02 -1.0972E+02
0001989   1.5464E+02 -2.8473E+02  5.0109E+01
0001990   2.2899E+02  4.0475E+01 -6.5181E+00
0001991   4.3581E+02 -1.5387E+02  4.4659E+01
0001992   3.1393E+02 -4.1476E+01  1.7552E+02
0001993   2.3669E+02  1.6437E+02  2.0170E+02
0001994   7.2490E+01  6.6694E+01 -1.6988E+00
0001995   1.9934E+02 -1.3911E+02 -7.7210E+00
0001996   2.0516E+02 -3.2225E+01  5.7509E+01
0001997   1.9282E+02  1.7173E+02 -1.2089E+02
0001998   3.3985E+02  1.4859E+02  2.4446E+01
0001999   7.6769E+01 -5.3315E+00 -2.2071E+01
0002000   3.7025E+02 -2.2169E+02 -1.6989E+02
0002001   4.3130E+02  2.5419E+02  3.5930E+02
0002002   4.5320E+02  3.0705E+01  1.5862E+01
0002003   2.9278E+02 -5.5549E+01 -2.5099E+02
0002004   3.7051E+02  7.0957E+01  1.6759E+01
0002005   2.3355E+02  2.1832E+02  2.9034E+02
0002006   2.9888E+02 -5.8719E+01 -3.9822E+01
0002007   5.3123E+02  3.3082E+01 -2.7269E+02
0002009   1.9052E+02  1.1079E+02 -1.2753E+02
0002010   2.8443E+02 -1.0698E+01  8.0446E+00
0002011   1.6305E+02 -2.2969E+02 -2.9616E+02
0002012   2.1986E+02 -1.8119E+02 -1.4678E+02
0002013   2.2095E+01 -3.3173E+01 -4.2016E+01
0002014   2.4184E+01  9.7066E+01 -8.2357E+01
0002015   1.5094E+02 -6.8167E+01  4.7962E+01
0002016   1.7301E+02 -1.3434E+01  5.2389E+01
0002017   9.4176E+01 -1.9742E+01 -7.3483E+01
0002018   4.4302E+02  5.7871E+01 -1.6729E+02
0002019   1.9753E+02  1.5174E+02  9.8669E+01
0002020   2.8061E+02  1.1512E+02 -2.4646E+02
0002021   3.8758E+02 -9.7045E+01 -1.2732E+02
0002022   1.9566E+02 -1.2819E+02 -7.6161E+01
0002023   4.3240E+02 -1.5808E+02 -1.4733E+02
0002024   3.1789E+02  1.3725E+02 -7.4900E+01
0002025   1.8608E+02 -5.0032E+01  5.2928E+01
0002026   3.8445E+02 -3.5423E+01 -1.5167E+01
0002027   4.3051E+02  4.0944E+01  2.7229E+02
0002028   2.4026E+02 -2.4020E+00  3.5289E+01
0002029   2.6725E+02 -3.1081E+02  6.9807E+01
0002030   2.9660E+02 -1.3261E+02  1.0668E+02
0002031   1.0501E+02 -2.5606E+02 -2.9711E+02
0002032   9.4096E+01 -4.9616E+01  2.5421E+02
0002033   2.5524E+02 -5.0278E+01  4.5243E+01
0002034   1.0084E+02 -2.1009E+01  1.5264E+02
0002035   3.9017E+02 -1.1962E+02 -3.5592E+01
0002036   3.1363E+01  8.4349E+01  2.8615E+00
0002037   2.4558E+02 -8.5595E+01  8.8479E+01
0002038   1.2759E+02  8.8442E+01 -1.5903E+01
0002039   1.5964E+02  5.3440E+01  6.4718E+01
0002040   3.9631E+02 -1.5845E+02  2.7057E+01
0002041   1.4265E+02 -1.6179E+02  1.9491E+02
0002042   3.1884E+02  6.0369E+00  1.9139E+01
0002043   1.3302E+02 -3.3358E+02 -4.0659E+01
0002044   1.6077E+02  2.2512E+01 -1.0575E+01
0002045   2.1529E+02  8.3053E+01 -1.7917E+02
0002046   4.7295E+02 -6.6680E+01 -2.3456E+02
0002047   3.7645E+02  2.8731E+02 -1.7061E+02
0002048   2.2384E+02  1.7356E+02 -6.5870E+01
0002049   3.3349E+02  1.3137E+02  3.4717E+01
0002050   4.8764E+01 -1.1174E+02  5.4989E+00
0002052   1.5770E+02  1.6000E+01 -1.8632E+02
0002053   2.6401E+02  1.2067E+02 -2.8136E+02
0002054   2.5977E+02  8.0967E+01  1.0601E+02
0002055   1.8232E+02 -2.3935E+01 -8.1666E-01
0002056   2.2525E+02 -1.9405E+02  8.0306E+01
0002057   2.2128E+02 -2.1201E+01  1.5328E+02
0002058   2.6081E+02  2.5668E+01  6.7713E+01
0002059   2.3369E+02 -1.4987E+02  4.4757E+01
0002061   4.9853E+02  1.5125E+02  5.0877E+01
0002062   2.7244E+02 -1.1536E+02 -4.7758E+01
0002063   1.5332E+02  3.7547E+01  5.2707E+01
0002064   4.4651E+02  1.2354E+01 -8.1985E+01
0002065   5.8011E+02  2.9087E+00 -1.7967E+02
0002066   2.8251E+02 -1.8289E+02  2.8271E+01
0002067   4.4533E+02  6.6296E+01  3.3080E+01
0002068   2.4936E+02  3.9885E+00  6.6186E+01
0002069   2.3842E+02 -1.4846E+02  3.4666E+01
0002070   2.9284E+02  4.5651E+01  1.6261E+02
0002071   2.9895E+01  3.1595E+01  6.7914E+01
0002072   3.2714E+02  3.4857E+01  3.4182E+01
0002073   2.1999E+02 -1.0832E+02 -8.0539E+01
0002074   2.1212E+02 -1.9230E+02 -8.5465E+01
0002075   3.1030E+02 -1.0390E+02  3.3081E+02
0002076   2.2395E+02  1.3808E+02 -2.0681E+02
0002077   1.2071E+02  9.5801E+00 -2.9068E+01
0002078   3.1140E+02  1.1955E+02  5.0545E+01
0002080   2.8613E+02 -7.2491E+01  3.8489E+01
0002081   3.4213E+02 -1.7614E+02 -2.7960E+02
0002082   3.1778E+01 -5.3369E+01  2.4005E+01
0002083   2.6083E+01  4.3278E-01 -5.6463E+01
0002084   4.0197E+02  3.0857E+01  1.3527E+02
0002085   2.5000E+02  1.5380E+02 -1.1626E+02
0002086   3.4524E+02  1.2944E+02 -2.6495E-02
0002087   2.6056E+02 -4.4923E+01 -1.3805E+02
0002088   5.9016E+01 -5.3126E+01 -1.2695E+01
0002089   3.1376E+02 -1.3035E+02  3.9075E+01
0002090   3.5474E+02 -1.3981E+02 -2.0206E+02
0002091   4.7623E+02  1.3791E+01 -8.6863E+01
0002092   2.1213E+02  1.7908E+02 -4.4272E+01
0002093   3.1636E+02 -1.1478E+02  4.0149E+01
0002094   7.3170E+02 -7.0005E+01 -5.5863E+01
0002095   4.1328E+02 -3.7950E+00 -1.0316E+02
0002096   3.3137E+02  1.1326E+02  6.4710E+01
0002097   2.0176E+02 -2.5850E+02  1.8581E+02
0002098   7.9078E+01  2.3847E+01 -4.9524E+01
0002099   9.2452E+01 -1.1889E+02  5.4666E+01
0002100   4.1594E+02 -2.4623E+01  7.3405E+00
0002101   4.1675E+02  1.5840E+01 -1.3646E+02
0002103   3.6038E+02 -5.8035E+00 -2.7515E+02
0002104   1.3175E+02 -1.6164E+02 -9.2800E+01
0002105   4.5969E+02 -7.8258E+01 -2.8583E+01
0002106   4.4201E+02  5.7300E+01 -6.5245E+01
0002107   2.2015E+02  7.0985E+00 -3.1927E+01
0002108   2.4291E+02 -2.1962E+02  4.8427E+02
0002109   1.4181E+02  2.7533E+02 -8.2193E+01
0002110   1.1777E+02 -1.8262E+01  8.6426E+01
0002111   2.9626E+02  1.1201E+02 -1.0445E+02
0002112   3.7492E+02 -1.6726E+01 -1.7130E+02
0002113   8.9207E+01 -9.7239E+01  1.5993E+02
0002114   4.1978E+02 -1.9333E+02 -2.3529E+02
0002115   4.4810E+02  1.0187E+02  7.9608E+01
0002116   4.6228E+02 -1.2928E+02  1.2222E+02
0002117   1.3454E+02  5.7673E+01 -9.5533E+00
0002118   3.6680E+02 -2.8418E+02 -7.0538E+01
0002119   2.6920E+02  2.5690E+02  1.3464E+02
0002120   3.2267E+02 -9.4155E+01 -1.7152E+02
0002121   1.3648E+02 -6.1417E+00  3.2629E+01
0002122   1.6938E+02  1.7627E+02 -1.1295E+02
0002123   1.4478E+02 -2.0024E+01  6.2589E+01
0002124   2.1236E+02  3.2125E+02 -2.4485E+00
0002125   4.9042E+02 -1.5380E+02  4.4523E+01
0002126   1.9755E+02  1.1055E+01 -6.2067E+01
0002127   2.0049E+02 -4.7593E+01 -1.3764E+01
0002128   2.9592E+02 -4.0269E+01  2.1924E+02
0002129   3.6674E+02  1.5781E+02  4.6493E+01
0002130   2.4822E+02  1.6795E+02 -5.4339E+01
0002131   5.0013E+02  2.2120E+02 -3.4388E+01
0002132   4.1494E+02 -1.9916E+02  1.1951E+02
0002133   5.1436E+01 -3.1160E+01  6.8876E+01
0002135   1.6308E+02  5.1423E+01  2.2424E+02
0002136   1.2440E+02 -6.3735E+01  9.6188E+01
0002137   1.3720E+02 -4.3361E+01 -1.5050E+02
0002138   2.7057E+02 -7.4098E+01 -1.1206E+02
0002139   1.5384E+02  1.4694E+02  1.2774E+02
0002140   3.3398E+02 -8.0480E+01 -5.2968E+01
0002141   3.8307E+02 -2.8081E+01 -1.1799E+02
0002142   1.1513E+02  1.0689E+02  1.0473E+01
0002143   1.3043E+02 -9.2573E+01 -1.2350E+01
0002144   3.4291E+02  1.2532E+01  8.4045E+01
0002145   3.6143E+02  8.9217E+01  3.0127E+01
0002146   3.7888E+02 -1.5047E+02  5.3735E+01
0002147   4.5713E+02  6.9816E+01  9.3047E+01
0002148   9.9602E+01  8.2433E+01  2.2728E+02
0002149   3.6952E+02  1.9647E+02 -1.4760E+02
0002150   4.8130E+02  4.6133E+01 -1.1448E+02
0002151   3.0383E+02  8.0284E+00  3.2736E+01
0002152   4.6014E+02  3.7078E+02 -1.9423E+02
0002153   3.1461E+02  3.0869E+01 -9.4960E+01
0002154   2.2198E+02  1.4852E+02 -4.3203E+00
0002155   2.8550E+02 -2.0229E+02  3.9036E+01
0002156   1.5384E+02 -3.1019E+01  3.4604E+02
0002157   1.5784E+02  1.5119E+02  1.1068E+02
0002158   5.1108E+02  2.5998E+02  1.0850E+02
0002159   2.2245E+02  2.9879E+01 -8.5522E+01
0002160   4.8074E+01 -2.5026E+01  3.7885E+01
0002161   2.3536E+02  2.5613E+02 -1.0941E+02
0002162   4.1121E+02  4.8150E+01  2.4290E+02
0002163   3.4748E+02  6.8756E+01 -3.8721E+01
0002164   2.8418E+02  4.0529E+01 -6.1888E+00
0002165   3.0640E+02  3.1070E+01 -3.5472E+01
0002166   2.7421E+02 -1.5776E+02 -1.5659E+01
0002167   5.5483E+01  1.1066E+02 -1.7921E+02
0002168   5.0601E+01 -4.6656E+01 -7.1466E+01
0002169   1.9534E+02 -9.5202E+01  2.8737E+01
0002170   4.3549E+01 -9.7585E+01  6.6357E+01
0002171   4.6656E+02  5.4392E+01  6.7347E+01
0002172   7.5619E+01  8.5439E+01 -4.6931E+01
0002173   2.8001E+02  5.3556E+01 -9.1366E+01
0002174   1.0477E+02 -2.3488E+02 -4.8432E+01
0002175   1.4536E+02  1.7534E+02 -1.7863E+02
0002176   5.8163E+01  5.4388E+01 -1.8379E+02
0002177   4.1328E+02 -1.2602E+01 -6.2003E+01
0002178   9.8307E+01  1.0938E+02  1.5343E+01
0002179   2.0345E+02  2.3000E+02  6.7007E+01
0002180   1.1725E+02 -2.6644E+02 -1.1551E+02
0002181   6.2431E+01 -1.8075E+01 -4.2087E+01
0002182   1.6027E+02 -1.7031E+02 -1.3161E+02
0002183   4.3582E+02  1.6430E+01 -1.7648E+02
0002184   1.8656E+02  2.7843E+01 -7.8933E+01
0002185   5.9389E+02 -1.6672E+02 -1.1174E+02
0002186   4.8280E+02  1.6303E+02  6.9079E+01
0002187   2.2072E+02  6.3262E+01  1.3476E+02
0002188   2.4019E+02 -3.7697E+01  2.8419E+00
0002189   6.5828E+01 -2.6749E+01 -6.6011E+01
0002190   5.5635E+01  5.1929E+01 -1.0933E+02
0002191   3.1940E+02  9.4497E+01 -2.9151E+01
0002192   1.0446E+02 -9.9216E+01  3.9097E+01
0002193   9.3084E+01 -5.7411E+01  7.2103E+01
0002194   6.6811E+02  8.2516E+01 -9.7704E+01
0002195   1.7977E+02  3.7399E+01  9.0390E+01
0002196   1.9110E+02 -5.6893E+01 -1.9913E+02
0002197   4.1081E+02  2.3857E+02 -1.5765E+02
0002198   2.5777E+02  1.6294E+02 -1.8938E+02
0002199   3.6684E+02 -1.6339E+02 -1.4847E+02
0002200   2.6537E+02 -6.0377E+01  7.3429E+01
0002201   2.1694E+02  8.6248E+01  6.2863E+01
0002202   4.4406E+02  1.5316E+02  1.9192E+01
0002203   3.2092E+02 -4.7418E+01 -1.9930E+02
0002204   2.7012E+02 -1.0329E+02 -1.7437E+02
0002205   3.4266E+02 -2.3117E+01  3.8047E+02
0002206   4.1292E+02 -1.3303E+02 -1.3410E+01
0002207   3.3420E+02 -1.8462E+01  6.4477E+01
0002208   3.2645E+02  3.9551E+02  1.0200E+02
0002209   1.2877E+02  3.1102E+01  1.9634E+02
0002210   7.5906E+02 -3.5200E+02 -2.5322E+02
0002211   1.8236E+02  1.2225E+01  4.1458E+01
0002212   1.6834E+02 -2.8472E+01  7.7184E+01
0002213   1.6421E+02  2.5305E+02 -1.8808E+01
0002214   4.6789E+02  1.6012E+02 -1.5880E+02
0002215   4.1608E+02 -6.4727E+01 -1.1378E+02
0002216   2.6752E+02 -2.8305E+02 -1.8341E+02
0002217   1.4241E+02  1.6579E+02 -3.1276E+02
0002218   3.3033E+02  1.4401E+02 -3.3756E+01
0002219   5.1962E+02 -2.6219E+02 -9.3432E+01
0002220   2.0686E+02 -1.0617E+02  1.0811E+02
0002221   4.0044E+02 -1.6057E+02  1.1515E+01
0002222   1.5309E+02  7.8707E+01  1.5687E+01
0002223   2.8544E+02  7.1973E+01 -7.0744E+00
0002224   2.9338E+02 -2.8810E+01  5.8047E+01
0002225   2.3158E+02 -2.8110E+02 -2.1114E+02
0002226   3.6502E+02 -1.0638E+02 -1.8715E+02
0002227   2.8167E+02 -8.2620E+01 -3.7138E+02
0002228   7.2546E+02 -1.5912E+02  8.6244E+01
0002229   3.6774E+02 -5.3111E+01  2.4826E+02
0002230   2.0055E+02  6.3420E+01  7.8881E+01
0002231   1.0612E+02  1.2140E+02  7.7541E+01
0002232   3.2150E+02  5.8847E+01 -1.7356E+01
0002233   2.6461E+02 -1.1813E+02 -5.2746E+01
0002234   1.6151E+02  1.6428E+02 -2.5381E+02
0002235   3.9544E+02 -1.3838E+02  4.0256E+01
0002236   3.4727E+02 -1.0886E+02 -8.8437E+01
0002237   4.7688E+02  6.1226E+01  2.6054E+02
0002238   2.4901E+02 -2.7555E+02  1.7310E+02
0002239   4.7051E+02  1.8372E+02  4.2904E+01
0002240   3.3039E+02  2.5445E+02 -3.5055E+02
0002241   1.9319E+02 -7.1352E+01 -5.1291E+01
0002242   2.1410E+02 -5.8025E+01 -8.7858E+01
0002243   2.2083E+02 -7.7340E+01  4.6038E+01
0002244   1.1068E+02  2.4173E+01  1.9640E+01
0002245   2.5094E+02  2.6581E+01  3.2985E+02
0002248   3.7758E+02 -9.3647E+01  1.7483E+02
0002249   3.4085E+02 -1.0552E+02  1.3890E+02
0002250   2.5305E+02  8.0767E+01 -2.3085E+02
0002251   1.4553E+02 -4.4852E+01 -1.3787E+02
0002252   2.5451E+02  1.3975E+00  1.4361E+02
0002253   5.8327E+01 -1.1028E+02 -1.3423E+02
0002254   1.5990E+02  5.3345E+01  8.3271E+01
0002255   2.6384E+02 -9.0940E+01  1.3336E+02
0002256   4.0141E+01 -1.9402E+02 -9.3725E+00
0002257   1.9680E+02  1.7315E+02 -7.7057E+01
0002258   4.7840E+02 -1.7034E+01  3.3801E+00
0002259   2.0208E+02  2.1466E+01  8.0876E+01
0002260   2.4301E+02 -1.9759E+02 -1.0963E+02
0002261   2.6519E+02 -7.4953E+01  1.8585E+02
0002262   4.5273E+02 -6.0357E+01 -2.3219E+02
0002264   2.2158E+02 -5.8555E+01 -9.4386E+01
0002265   5.9217E+02  5.0459E+01  8.4325E+01
0002266   3.3071E+02  5.6334E+01  1.9183E+02
0002267   3.8035E+02 -2.9756E+01 -2.4045E+02
0002268   1.6277E+02 -4.1321E+01  6.5036E+00
0002269   4.9254E+02 -3.2717E+01  7.6905E+01
0002270   4.9064E+02  1.5549E+01  2.6870E+02
0002271   1.0869E+02 -8.5009E+01  3.2136E+01
0002272   1.8938E+02 -1.1151E+02 -5.0522E+01
0002273   2.8696E+02  1.0805E+02  7.1779E+01
0002274   2.0518E+02 -5.3266E+01 -2.0376E+02
0002275   2.5242E+02 -1.3403E+02 -1.1603E+02
0002276   3.5828E+02 -5.4997E+01  1.7030E+02
0002277   7.8350E+01 -1.4093E+02 -1.3863E+02
0002278   4.1115E+02 -2.2345E+01 -2.2088E+00
0002279   2.8203E+02 -9.3061E+01  1.4704E+02
0002280   3.0763E+02 -3.0520E+02 -2.7381E+02
0002281   5.5879E+02  1.0687E+02 -3.4599E+01
0002282   1.3246E+02 -8.9146E+01 -1.6933E+02
0002283   3.3769E+02  6.0522E+01  2.2469E+02
0002284   1.9585E+02  8.8492E+01 -1.6907E+02
0002285   2.8390E+02  7.3679E+01 -1.1120E+02
0002286   3.3272E+02  8.3932E+00  9.4393E+01
0002287   9.7666E+01 -1.8199E+01  1.2118E+02
0002288   3.3329E+02  6.0043E+01  1.5701E+02
0002289   1.0865E+02  9.8683E+01 -1.2430E+02
0002290   1.6200E+02  1.4645E+01 -3.9905E+01
0002291   4.6248E+02  2.6397E+00 -2.1604E+01
0002292   1.1707E+02  5.0940E+01  1.3164E+02
0002293   2.3991E+02 -7.8254E+01  2.9248E+02
0002294   3.6812E+02  1.3530E+01  6.9711E+01
0002295   1.7975E+02 -8.7516E+01  7.7277E+01
0002296   2.3398E+02 -9.5637E+01  4.3744E+01
0002297   1.6241E+02  6.2335E+01  9.3829E+00
0002298   2.4036E+02 -3.2492E+02 -9.5435E+00
0002299   1.6898E+01 -6.4263E+01  2.0519E+02
0002300   4.0234E+02  6.4755E+01  3.2547E+02
0002301   3.5405E+02 -4.6395E+00 -6.4256E+01
0002302   2.2632E+02  4.6523E+01 -8.6558E+01
0002303   1.8054E+02 -6.0466E+01  1.4738E+01
0002304   3.7003E+02  8.4198E+01 -2.2176E+00
0002305   2.2946E+02  9.2619E+01  3.1146E+00
0002306   2.7621E+02  1.1923E+02  2.3199E+02
0002308   4.1395E+02 -6.6627E+01 -1.6296E+01
0002309   2.2018E+02 -5.5262E+01 -5.3922E+00
0002310   3.4233E+02  3.0645E+01 -1.1417E+02
0002311   3.6205E+02 -2.8293E+01  1.2992E+02
0002312   3.2697E+02 -2.0123E+02  1.6219E+01
0002313   1.2335E+02 -7.2981E+01  1.7616E+01
0002314   2.5136E+01  6.1755E+01 -1.9845E+00
0002315   3.5667E+02 -6.0042E+01  1.5596E+01
0002316   3.4466E+02 -1.8858E+02 -9.2952E+01
0002317   2.4695E+02  1.5461E+02  1.4022E+02
0002318   6.2547E+02 -3.7298E+02  7.5798E+01
0002319   2.6517E+02 -1.5328E+02 -2.7455E+02
0002320   2.3715E+02 -1.0160E+02  1.6746E+02
0002321   6.4908E+02 -1.1707E+02  9.3751E+00
0002322   1.3994E+02  6.5701E+01 -3.3979E+01
0002324   1.0542E+02  4.3957E+01  1.1235E+02
0002325   8.3200E+01  5.2746E+00 -8.3062E+01
0002326   2.8857E+02  2.4297E+01 -7.0136E+01
0002327   1.3958E+02 -4.2936E+01 -1.7005E+01
0002328   1.5565E+01  7.8199E+01 -4.0693E+01
0002329   2.0557E+02  3.9746E+00 -2.6432E+01
0002330   6.9002E+02 -2.4108E+02 -1.0080E+02
0002331   1.5369E+02  3.3530E+01  1.0235E+02
0002333   1.9340E+02  2.2152E+02  2.7693E+02
0002334   9.9834E+01  6.5672E+01  1.2132E+02
0002335   1.3444E+01  1.1203E+01  3.4163E+01
0002336   3.0578E+02 -1.4824E+02  3.7784E+02
0002337   3.3826E+02  2.0093E+02  1.5536E+02
0002338   6.5215E+01  1.3517E+02  4.3376E+01
0002339   1.9077E+02 -8.4568E+01  4.4696E+01
0002340   5.3953E+01 -1.9238E+02  2.3579E+02
0002341   3.6417E+02 -8.6921E+01 -1.0628E+02
0002342   1.0763E+02  5.0108E+01 -2.8982E+01
0002343   5.5244E+02 -9.2618E-01  4.1216E+01
0002344   9.7793E+01 -2.7674E+02  1.5476E+01
0002345   3.0761E+02  4.1160E+02  1.6421E+02
0002346   3.9363E+02  8.0405E+01 -2.5276E+01
0002347   3.9430E+02 -1.2903E+02  1.1169E+02
0002348   4.4455E+00 -1.0224E+02 -1.3716E+02
0002349   3.3213E+02  1.1174E+02  9.1578E+01
0002350   1.1792E+02  7.0961E+01 -9.6701E+00
0002351   4.0990E+01  3.3663E+01  4.4617E+01
0002352   4.3122E+02  3.1460E+02  1.4802E+02
0002353   3.0183E+02 -1.0489E+02 -1.2625E+02
0002354   3.5741E+02 -3.9847E+02 -2.4350E+00
0002355   4.2885E+02  1.4064E+02 -1.3785E+02
0002356   1.3746E+02 -1.5264E+02  1.0048E+02
0002357   3.5712E+01 -3.1626E+01  1.3795E+01
0002358   9.2333E+01 -1.1027E+02  8.9924E+01
0002360   2.6564E+01  3.1698E+01  1.7373E+02
0002361   1.9011E+02  1.8040E+02 -6.0758E+01
0002362   4.8168E+02  1.4105E+02  9.6013E+01
0002363   2.7874E+02  1.6056E+01  4.2793E+01
0002364   6.6847E+01 -1.2385E+02 -3.6121E+01
0002365   1.4982E+02 -1.1517E+02 -4.7519E+01
0002366   1.5869E+02 -4.0734E+01 -1.5444E+02
0002367   4.6129E+02  1.8181E+02  6.1590E+01
0002368   4.2847E+02 -6.4205E+01 -9.4995E+01
0002369   3.4197E+02  1.8065E+02 -5.5870E+00
0002370   2.3965E+02 -1.2947E+01  4.0763E+00
0002371   1.2414E+02  4.4221E+02 -2.5573E+01
0002372   2.0303E+02  3.8095E+01  6.8219E+01
0002373   3.8018E+02 -9.9399E+01  4.2439E+01
0002374   4.1371E+02 -6.9687E+01 -2.7761E+02
0002375   2.7049E+02  8.7516E+01 -1.0422E+01
0002376   3.5615E+02 -7.5732E+01 -1.5011E+01
0002377   3.3871E+02  2.8191E+02 -1.5511E+02
0002378   9.1045E+01 -2.0913E+01  1.0994E+02
0002379   2.9139E+02  5.5053E+00 -2.9715E+02
0002380   4.8770E+02 -4.1775E+01  1.4084E+02
0002381   4.2414E+02 -1.4575E+02 -9.5692E+01
0002382   2.8266E+02 -4.6059E+01  1.3085E+02
0002383   1.0843E+02  1.8001E+02  3.2492E+01
0002384   2.9500E+02 -2.2736E+02  3.7094E+02
0002385   7.9922E+01 -1.1471E+02  1.1253E+02
0002386   8.0257E+01  5.5916E+01  1.5837E+02
0002387   2.1688E+02 -1.0014E+02  1.5233E+02
0002388   1.7976E+02  1.4505E+00 -6.0833E+01
0002389   1.8021E+02  2.4969E+01  1.2284E+02
0002390   4.0130E+02 -9.4653E+01 -4.6318E+01
0002391   1.7512E+02  1.1430E+02  7.0564E+01
0002392   3.3299E+02  2.6252E+02  1.0534E+02
0002393   2.8907E+02 -2.6142E+02  1.7261E+02
0002394   4.3607E+02 -3.0164E+01 -1.3323E+02
0002395   3.7854E+02 -1.4379E+02 -2.3885E+01
0002397   1.7451E+02 -1.6176E+02  6.9248E+01
0002398   2.7864E+02 -3.0669E+02  6.6438E+01
0002399   1.5420E+02 -8.6160E-01  7.7216E+01
0002400   3.9929E+02 -2.5908E+02  1.0676E+02
0002401   2.7983E+02 -8.6707E+01  9.0260E+01
0002402   2.4853E+02 -6.7114E+01 -1.8254E+02
0002403   2.8355E+02 -9.4514E+00 -8.1655E+01
0002404   4.0713E+02  9.3266E+01  1.7439E+02
0002405   9.9150E+01 -2.2858E+02  1.8659E+02
0002406   3.8977E+02  3.8519E+01 -1.8313E+02
0002407   3.2567E+00  2.3971E+02 -8.0185E+01
0002408   6.3498E+02  7.2277E+01 -7.6733E+01
0002409   4.3903E+02  3.4829E+01  8.1223E+01
0002410   7.3930E+02  2.7354E+01 -3.9338E+01
0002411   1.2061E+02  2.0124E+01 -6.4247E+01
0002412   1.6839E+02  2.1516E+02  1.9033E+02
0002413   8.5509E+00  3.9312E+01  4.1146E+02
0002414   3.4040E+02 -2.1430E+02 -2.1832E+02
0002415   1.5893E+02 -2.0056E+02 -1.3999E+02
0002416   5.7569E+01  1.8952E+02 -4.3838E+01
0002417   2.3712E+02 -3.0592E+00 -3.1470E+02
0002418   7.3092E+01  4.3990E+01  6.5453E+01
0002419   4.2102E+02  9.0641E+01  1.3414E+02
0002420   2.2618E+02  1.6498E+02  1.7132E+02
0002421   9.8898E+00 -2.4425E+00 -4.1531E+01
0002422   3.2628E+02  2.3551E+02  1.7273E+01
0002423   2.8963E+02 -2.3517E+02 -8.3395E+01
0002424   1.4856E+02 -4.0441E+01 -4.9266E+01
0002425   7.0154E+01  1.1121E+02  1.1591E+02
0002426   4.4259E+02  1.0045E+02 -5.2743E+01
0002427   8.2405E+01 -6.4747E+01  4.4517E+01
0002428   3.9056E+02 -2.1917E-01  8.7738E+00
0002429   1.0815E+02  7.5448E+01 -3.2608E+01
0002430   6.6898E+01  1.9564E+01  7.1559E+01
0002431   1.4298E+02 -4.7586E+01  1.8605E+02
0002432   7.3199E+00  1.8218E+01  5.2923E+01
0002434   3.2204E+02 -1.8874E+02  1.4666E+02
0002435   1.8376E+02  1.5472E+02 -1.2534E+02
0002436   1.3051E+02 -5.3131E+00 -1.6195E+02
0002437   3.0414E+02  6.5281E+01 -8.1756E+01
0002438   6.5533E+01 -1.0191E+02 -6.5906E+01
0002439   3.4215E+02 -2.0930E+02 -1.4218E+02
0002440   1.3246E+02 -1.6961E+02  1.3938E+01
0002441   2.2721E+02  2.9015E+02  6.8597E+01
0002442   2.6019E+02 -9.7864E+01  1.6770E+02
0002443   1.4765E+02 -8.9336E+01 -1.3456E+02
0002444   8.3679E+01  4.1404E+01  6.5411E+01
0002445   4.0361E+02 -2.6089E+01 -2.8586E+02
0002446   6.7315E+02  1.4200E+00  1.3488E+02
0002447   3.3810E+02  8.6824E+01 -1.2627E+02
0002448   1.8689E+02  7.5242E+01 -1.9891E+02
0002449   5.0965E+02 -2.5241E+01  1.3456E+02
0002450   2.2383E+02 -9.0697E+01  1.8115E+02
0002452   1.5286E+02  1.2136E+02  2.1164E+01
0002453   1.6007E+02  1.5428E+01  4.6824E+00
0002454   3.9197E+02  9.0662E+01  1.8326E+02
0002456   2.2143E+02  1.9182E+02  1.5047E+01
0002458   3.6207E+02 -7.5073E+01 -1.4611E+02
0002459   2.1499E+02 -5.6824E+01 -1.9754E+01
0002460   2.0669E+02 -1.7819E+01 -7.7937E+01
0002461   2.5173E+02 -1.1417E+02  3.4051E+01
0002462   4.3168E+02  6.5980E+01 -3.8036E+02
0002463   2.9283E+02  1.8301E+02  8.9056E+01
0002465   2.3108E+02  1.0625E+02 -2.3831E+02
0002466   5.0744E+02  1.5552E+02 -1.8057E+01
0002467   3.6541E+02 -1.5904E+02  3.7575E+00
0002468   2.3558E+02 -9.8807E+01 -2.2761E+01
0002469   2.9882E+02  2.5820E+02  3.7767E+02
0002470   1.9684E+02  2.1353E+01 -2.0726E+02
0002471   4.9712E+02 -1.6309E+02 -5.0366E+01
0002472   2.7375E+02  2.7481E+01  4.0081E+01
0002473   2.9533E+02 -4.2716E+01 -3.7052E+01
0002474   9.6697E+01 -4.6806E+01  1.6667E+02
0002475   4.7350E+02  1.8667E+02 -2.1547E+02
0002476   1.1976E+02 -5.1540E+01 -1.2815E+01
0002477   3.8964E+02 -4.6957E+00  1.8554E+02
0002478   8.5599E+01 -1.5486E+02 -1.2421E+02
0002479   1.6517E+02 -1.2969E+02 -4.4784E+01
0002481   3.7375E+02  5.2214E+01 -1.7334E+02
0002482   1.7466E+02  8.7648E+01  4.1668E+01
0002483   5.1829E+02 -3.2629E+01 -2.3067E+02
0002484   3.1197E+02  1.1556E+02 -5.4320E+01
0002485   3.7469E+02  3.1093E+02 -2.1088E+01
0002486   3.6467E+02  1.8308E+02 -1.5187E+02
0002487   1.7466E+02  1.1168E+02 -1.3387E+02
0002488   2.8529E+02  2.2939E+02  1.3718E+02
0002489   4.3782E+02  2.4890E+02 -8.1997E+01
0002490   3.5626E+02 -1.6512E+02  1.5704E+02
0002491   3.5853E+02 -1.3307E+02 -1.0181E+01
0002492   3.0522E+02  1.0891E+02  2.2854E+02
0002493   2.2039E+02  2.4730E+01  9.4634E+01
0002494   2.9564E+02  1.4635E+02 -3.0191E+02
0002495   5.0666E+02  8.8343E+01  5.6600E-01
0002496   5.1343E+02  5.8947E+01  6.2231E+01
0002497   2.8813E+02  2.3086E+02 -2.6325E+02
0002498   2.6025E+02  1.0793E+02 -1.2681E+01
0002499   3.4291E+02  6.1077E+01  2.6106E+02
0002500   2.7512E+02 -8.7444E+01  8.0460E+01
0002501   1.3958E+02 -1.2800E+02 -7.2566E+01
0002502   2.5604E+02  7.0728E+01  2.0915E+02
0002503   2.5455E+02 -4.1368E+01  7.4742E+01
0002504   4.0621E+02 -1.8865E+02  2.1623E+02
0002505   3.1643E+02 -6.2436E+01  1.0135E+01
0002507   1.1147E+02 -6.5910E+01  1.2369E+02
0002508   1.3506E+02  6.8460E+01 -2.3923E+01
0002510   3.4554E+02 -1.0404E+02  1.0046E+02
0002511   3.1985E+02 -6.6014E+01  1.1204E+02
0002512   1.2590E+02 -5.6392E+01  7.0575E+01
0002513   5.6940E+02  3.6456E+02  1.3626E+02
0002514   1.7645E+02 -2.1577E+02  5.7590E+01
0002515   2.1484E+02  2.3095E+01  9.6499E+01
0002516   1.7239E+02 -1.7952E+02  8.5848E+01
0002517   5.1132E+02  8.9519E+01  6.7517E+01
0002518   4.6197E+02 -1.2483E+02 -6.7244E-01
0002520   3.5206E+02 -1.0019E+02  6.2739E+01
0002521   2.2925E+02  3.9203E+01  2.1788E+02
0002522   5.5927E+01 -5.4711E+01  6.9258E+00
0002523   4.8590E+02  1.1593E+02  1.1913E+01
0002524   2.1896E+02 -1.7686E+02 -1.7216E+02
0002525   3.0173E+02  5.8299E+01 -1.5955E+02
0002526   3.7122E+02 -3.4679E+01  9.2692E+01
0002527   3.0244E+02  4.5956E+01  2.6326E+01
0002528   3.6830E+02 -2.3856E+01 -4.1050E+01
0002529   1.6753E+02 -5.2631E+01  9.9317E+01
0002530   5.1040E+02 -1.5878E+02  6.9917E+00
0002531   1.3433E+02 -9.1785E+01 -2.3012E+02
0002532   2.0715E+02  2.2910E+01  1.0654E+02
0002533   2.1669E+02  1.3191E+02  8.5658E+01
0002534   3.5279E+02  4.6220E+01  2.4863E+02
0002535   5.0451E+02 -2.9862E+01 -2.2730E+01
0002536   3.7434E+02 -2.4194E+02  7.3374E+01
0002537   3.3479E+00 -2.6754E+02  1.8801E+02
0002538   1.2377E+02 -1.0056E+02  2.1852E+01
0002539   2.9654E+02 -7.4295E+01 -1.5247E+02
0002540   1.5784E+02  4.1011E+00 -2.4911E+02
0002541   3.0972E+02  8.9379E+01  6.1471E+01
0002542   3.6107E+02  1.9526E+02  1.5238E+02
0002543   1.7949E+02  1.5382E+02  1.3747E+02
0002544   1.3706E+02 -1.0103E+02 -1.4042E+02
0002545   3.3594E+02 -8.2548E+01  1.2850E+02
0002546   1.6724E+02  1.2764E+02  1.3274E+02
0002547   3.9757E+02  1.9481E+02  7.1803E+01
0002548   2.9015E+02 -2.6792E+02 -8.3432E+00
0002549   2.1846E+02  1.5139E+01 -4.4944E+01
0002550   2.9428E+02 -2.8709E+01 -5.2518E+01
0002551   8.9061E+01 -5.9857E+01  2.3336E+01
0002552   2.9963E+02  9.2204E+01 -1.7909E+01
0002553   7.4378E+01  2.3255E+01  5.6997E+01
0002554   2.5521E+02  1.7081E+02 -1.3114E+02
0002555   2.1344E+02  3.2669E+01 -1.5662E+02
0002556   9.3121E+01 -1.1846E+02 -7.5205E+01
0002557   2.0797E+02  1.4292E+01  8.5165E+00
0002558   4.6195E+02 -1.9600E+02 -2.5665E+02
0002559   3.2685E+02  1.2003E+02 -3.2237E+02
0002560   4.4991E+02  1.1836E+02 -3.7491E+01
0002561   2.3482E+02 -8.0806E+01 -2.0205E+02
0002562   1.1727E+02  8.3092E-01 -8.3885E+00
0002563   3.4167E+02 -7.8165E+01  2.4353E+02
0002564   1.2419E+01 -8.8162E+01  2.5566E+02
0002565   9.3240E+00  6.2147E+00 -6.7952E+01
0002566   4.1628E+02  9.8720E+00 -1.9989E+02
0002567   2.9948E+02 -1.6829E+02 -5.9504E+01
0002568   3.3330E+02 -2.4685E+02 -2.3360E+01
0002569   2.0899E+02 -7.5445E+01 -1.0967E+02
0002570   2.2080E+02  4.6198E+02 -1.3309E+02
0002571   3.6449E+02 -3.0313E+00  3.7557E+01
0002572   6.6214E+01  1.4727E+02  2.8491E+01
0002573   3.3415E+02 -2.3118E+02 -8.4579E+01
0002574   6.2470E+01  1.2047E+02 -2.4857E+02
0002575   2.5064E+02  4.0496E+01 -1.3729E+01
0002577   2.6277E+02  5.8993E+01  1.3164E+02
0002578   4.0453E+01  3.8882E+01  7.0162E+01
0002579   2.4285E+02  8.6902E+01  1.5641E+02
0002580   3.5604E+02  2.0217E+02  7.9038E+01
0002581   9.2609E+01 -6.0605E+01 -2.0572E+02
0002582   4.9631E+02  4.2255E+01 -2.2497E+02
0002583   3.1654E+02 -5.6949E+01 -3.1882E+01
0002584   3.8327E+02 -1.8346E+02 -3.8728E+02
0002585   1.4204E+02 -1.2389E+02 -1.7636E+02
0002586   3.1272E+02  1.2448E+02  1.7617E+02
0002587   4.6942E+02 -2.0640E+01 -2.0659E+02
0002588   1.1757E+02 -2.1390E+02  4.9970E+01
0002589   8.2244E+01 -2.2038E+02  2.1529E+01
0002590   4.9370E+02 -3.3217E+01  1.7227E+02
0002591   4.1024E+02  1.6311E+01 -1.1573E+02
0002592   3.7914E+01  1.0745E+02  3.9049E-01
0002593   4.5836E+02  1.1077E+02 -6.0356E+01
0002594   4.7428E+01 -1.8237E+02  1.9117E+02
0002595   3.9268E+02 -1.5263E+02  2.7628E+02
0002596   2.0750E+02 -8.2618E+00 -2.1122E+02
0002597   1.0714E+02  1.4714E+01  2.0587E+02
0002598   1.0644E+02 -1.8319E+02  1.1358E+02
0002599   2.3248E+02  4.2817E+01 -2.3325E+02
0002600   2.8831E+02  4.7816E+01 -5.8765E+01
0002601   4.4413E+02  2.8063E+02  5.6786E+00
0002602   1.0203E+02  2.9328E+01  4.2411E+02
0002603   7.1476E+01  1.7496E+02  7.3464E+00
0002604   1.8192E+02  2.3326E+00  2.7748E+01
0002605   1.9684E+02 -2.0520E+02 -1.8975E+02
0002606   5.5290E+02  4.4027E+01 -4.6042E+02
0002607   4.1940E+02  3.4495E+02  3.2719E+00
0002608   5.1501E+02  2.0904E+01  1.3550E+02
0002609   1.2117E+02 -1.7697E+02 -7.4060E+01
0002610   8.1814E+01  7.2158E-01 -5.2538E+01
0002611   2.9126E+02  1.1076E+02 -1.2330E+02
0002612   1.7301E+02 -1.7168E+02 -1.0966E+02
0002613   2.5280E+02  1.9855E+02 -7.7065E+01
0002614   3.0304E+01 -4.2986E+01 -4.1447E+02
0002616   1.1633E+02  3.9851E+01 -1.1634E+02
0002617   3.2731E+02 -2.5746E+02 -1.7894E+02
0002618   3.1621E+02 -8.6830E+01 -2.0829E+02
0002619   4.0919E+02  1.3970E+02  2.0437E+02
0002620   3.8418E+02  3.4736E+01 -1.2295E+02
0002621   1.4776E+02  1.1095E+02 -1.9889E+00
0002622   3.0261E+02  5.9119E+01 -5.0877E+01
0002623   5.2182E+02 -3.0974E+01  1.4136E+02
0002624   2.6057E+02 -2.3103E+02  5.8742E+01
0002625   4.3813E+02  3.3563E+01  2.0055E+02
0002626   3.2617E+02  1.8502E+02 -1.6399E+02
0002627   2.7109E+02 -7.0340E-01  9.4948E+01
0002628   4.1286E+02 -1.6017E+01  1.2302E+01
0002629   2.4977E+02 -1.5682E+02  1.6309E+02
0002630   1.2955E+02  5.7001E+01  1.4374E+01
0002631   1.8325E+02  6.1909E+00 -1.2842E+02
0002632   4.5796E+02  3.1042E+02 -1.3737E+02
0002633   1.4397E+02 -1.5300E+02  8.0230E+01
0002634   4.3134E+02  7.7819E+01  4.6988E+01
0002635   1.9940E+02  3.2812E+01  2.6339E+02
0002636   4.3525E+02  2.6349E+02 -3.3679E+02
0002637   3.7423E+02 -1.7134E+01  6.8912E+01
0002638   4.2481E+02 -9.5612E+01 -1.6518E+02
0002639   4.3912E+02  2.4471E+02 -1.2126E+02
0002640   1.6173E+02  1.3948E+02 -8.9625E+01
0002641   1.5002E+02  1.3144E+02 -2.5099E+01
0002642   2.2444E+02 -7.8516E+01  8.8372E+01
0002643   6.7269E+02  1.6919E+02 -2.6893E+01
0002644   2.3720E+02 -8.6257E+00 -2.4265E+02
0002646   3.3874E+02  8.9633E+01  2.4408E+01
0002647   5.7437E+02  7.8373E+01 -2.4247E+02
0002648   3.6345E+02 -1.1780E+02 -1.0485E+01
0002649   3.9996E+02  1.8359E+02 -1.1879E+02
0002650   6.2698E+01 -7.8023E+01  4.4556E+01
0002651   4.3556E+02  1.5480E+02  8.0072E+01
0002652   4.2260E+02  1.4294E+02 -1.2164E+02
0002653   8.7797E+01  1.6230E+02  2.4726E+01
0002654   1.7464E+01 -8.6446E+00  3.8485E+01
0002655   3.2501E+02  9.2807E+01 -1.5752E+02
0002656   9.3390E+01  3.7082E+02  1.7066E+02
0002658   1.5483E+02 -5.2191E+01 -1.3968E+00
0002659   3.3115E+02 -5.2177E+01  3.2863E+01
0002660   6.4625E+02  2.4308E+01 -2.8557E+01
0002661   2.8852E+02  4.4590E+01 -1.4098E+02
0002662   3.5368E+02  2.3064E+02  1.0786E+02
0002663   8.4720E+01  1.4046E+02 -3.0139E+01
0002664   3.2573E+02  2.7244E+02  1.1456E+02
0002665   1.2311E+02 -5.6738E+01 -1.0961E+01
0002666   9.2642E+01 -1.9382E+01 -7.8671E+01
0002667   2.0880E+01  1.2116E+01  7.4482E+01
0002668   3.4504E+02  3.9062E+01 -1.3164E+02
0002669   2.6880E+02 -8.1444E+01 -1.2998E+02
0002670   1.8491E+02  4.3393E+01 -1.9951E+01
0002671   6.6376E+02  3.1969E+00 -7.3385E+01
0002672   2.9051E+02  4.0979E+01 -3.9969E+01
0002673   2.1469E+02 -5.8400E+00 -2.4695E+02
0002674   3.4690E+02  1.7146E+02 -3.1910E+01
0002675   2.9502E+02 -1.1674E+02  8.0226E+00
0002676   1.3377E+02  1.0866E+01 -1.4789E+01
0002677   4.3263E+02 -1.9928E+01  9.2559E+01
0002678   2.8607E+02 -9.2139E+01 -2.0403E+01
0002679   3.9668E+02  2.5588E+02 -2.1351E+02
0002680   3.3744E+02  1.2257E+02 -3.7286E+01
0002681   5.2261E+02  4.1224E+01  5.6630E+01
0002682   3.3694E+02  5.8947E+00  1.0575E+01
0002683   2.8914E+02  2.2907E+02 -1.2418E+02
0002684   2.6293E+02 -1.3168E+02  1.4281E+02
0002685   4.4496E+02  2.0134E+02 -1.3596E+02
0002687   1.9064E+02  2.1051E+02 -1.6978E+02
0002688   9.4030E+01 -1.3582E+02 -5.1593E+00
0002689   2.4684E+02  9.0500E+00  4.8946E+01
0002690   2.0809E+02  2.4995E+01 -1.0266E+02
0002691   7.1947E+01  1.0245E+02  8.4230E+00
0002692   1.1292E+02  1.1950E+02  4.8583E+00
0002693   2.5875E+02  1.0836E+01 -3.9265E+01
0002694   2.1943E+02 -5.6678E-01  8.6628E+01
0002695   1.1177E+02  1.3925E+02 -7.4678E+01
0002696   1.4277E+02 -6.1874E+01  6.8733E+01
0002698   1.0967E+02 -1.2404E+02 -3.3845E+01
0002699   1.5148E+02 -6.7091E+01  3.4794E+01
0002700   1.3798E+02 -5.3286E+01  2.1436E+02
0002701   1.7303E+02 -2.1931E+02  2.0125E+02
0002702   3.1757E+02 -4.3024E+01  1.3256E+02
0002703   4.5594E+02 -3.1524E+02 -1.6199E+02
0002704   4.3673E+01 -3.3123E+01 -1.6589E+01
0002705   1.3702E+02  2.3624E+02  2.0385E+02
0002706   4.8598E+02  2.5701E+01 -6.9069E+01
0002707   3.0955E+02  8.1938E+01 -5.9393E+01
0002708   2.0683E+02  2.0791E+02 -1.0111E+02
0002709   3.2174E+02  6.8096E+01  2.6231E+02
0002710   3.9245E+02  1.8052E+02 -1.9821E+02
0002711   2.6819E+02  1.5552E+02  1.0874E+01
0002712   1.6460E+02 -4.0130E+01  5.1521E+00
0002713   6.1416E+02 -1.6632E+02 -8.5974E+01
0002714   5.9730E+02  2.6531E+02  1.8701E+02
0002715   3.2166E+02  9.9195E+01  7.0122E+01
0002716   1.1212E+02 -2.3137E+02 -1.3602E+02
0002717   3.3001E+02 -3.1511E+01 -1.1999E+02
0002718   2.6101E+02  8.4125E+01 -1.0870E+01
0002719   2.1859E+02  2.3173E+02 -7.2351E+01
0002720   1.1885E+02 -2.3377E+02  2.2176E+01
0002721   1.9704E+01  4.0599E+01  3.2761E+01
0002722   2.8986E+02 -2.1971E+02  1.3865E+02
0002723   2.1831E+02  3.8389E+02 -1.5694E+02
0002724   1.9552E+02  9.8421E+01  1.0758E+02
0002725   4.0477E+02 -1.0448E+02  8.1569E+01
0002726   3.8681E+02  5.6877E+01 -4.2572E+01
0002727   1.8098E+02  4.7235E+01 -1.2879E+02
0002728   3.5475E+02 -7.6589E+01  4.6101E+02
0002729   2.9100E+02  1.4102E+02  3.5915E+00
0002730   6.5764E+00 -1.0480E+02  6.6745E+01
0002731   2.3498E+02  1.7365E+02  3.1334E+02
0002732   2.1256E+02  2.4824E+02 -1.8133E+02
0002733   2.4085E+02 -1.9002E+02 -1.1090E+02
0002734   3.0301E+02  1.1743E+00  1.4245E+02
0002735   4.1187E+02 -1.7365E+01 -2.1797E+01
0002736   4.1790E+02 -1.2534E+02  2.0162E+02
0002737   2.3776E+02  1.4171E+02 -2.2513E+02
0002738   1.7998E+02  1.6871E+01  1.1013E+01
0002739   2.1058E+02  2.3512E+02 -1.2511E+02
0002740   3.1384E+02 -6.0063E+01  2.9350E+01
0002741   3.1676E+02  6.1571E+01 -2.0567E+02
0002742   3.6209E+02 -4.9805E+01  1.0520E+02
0002743   3.8842E+02  2.0973E+02  2.0211E+02
0002744   2.3739E+02 -7.7392E+01 -1.1203E+02
0002745   1.1621E+02  5.5584E+01  4.0980E+01
0002746   6.0508E+01 -8.6355E+01 -6.6389E+00
0002747   4.1130E+02 -8.1112E+00 -1.2734E+02
0002749   1.9593E+02  1.9523E+02 -2.2981E+02
0002750   4.7093E+02 -3.4910E+01 -2.4617E+02
0002751   2.4540E+02  8.1382E+01 -9.9420E+01
0002752   1.2962E+02 -4.2686E+01 -3.0205E+02
0002753   8.4782E+01  1.2993E+01  1.1576E+02
0002754   4.9822E+02 -2.7640E+02  2.7928E+01
0002755   3.7206E+02 -1.8236E+01 -9.0853E+01
0002756   1.4951E+02 -1.9370E+02 -1.6818E+02
0002757   1.4547E+02  2.0398E+02  1.8358E+02
0002758   2.1352E+02  1.3065E+02  1.0863E+02
0002760   3.0164E+02  7.3968E+01  2.8552E+02
0002761   1.0908E+02  3.7343E+01 -3.1040E+01
0002762   2.9038E+02 -9.8179E+00 -4.8780E+00
0002763   1.9680E+02 -4.4235E+01  5.2297E+01
0002764   3.4094E+02 -1.3198E+01  3.7002E+01
0002765   4.3944E+02 -1.5280E+02  2.0068E+02
0002766   4.3727E+02 -9.2899E+01  1.9978E+02
0002767   2.5393E+02 -9.3047E+00 -1.8405E+02
0002768   2.0202E+02  1.7820E+02 -1.8842E+02
0002769   5.1774E+02 -1.0088E+02 -1.0876E+02
0002770   1.2183E+02  1.0265E+02  4.0196E+01
0002771   3.5613E+02 -2.4464E+02 -9.5782E+01
0002772   3.3542E+02 -9.5006E+01  6.5878E+01
0002773   2.2344E+02  7.3679E+00 -1.1785E+02
0002774   2.9126E+02 -2.3496E+02  1.3016E+02
0002775   2.3373E+02 -3.4770E+00 -1.7495E+02
0002776   2.9035E+02 -7.6843E+01  3.0619E+01
0002777   2.9860E+02 -3.2058E+02  1.4562E+01
0002778   2.9927E+02  2.3973E+02 -1.0600E+02
0002779   1.0231E+02 -2.4901E+02 -8.8623E+01
0002780   2.6823E+02 -1.1058E+02 -3.9150E+01
0002781   2.8547E+02 -1.7721E+01 -6.9826E+01
0002782   3.9010E+02 -8.4667E+01 -9.8552E+01
0002783   1.4625E+02  1.1737E+02 -1.0571E+02
0002784   1.4864E+02 -5.9334E+01  7.6347E+01
0002785   2.6244E+02 -7.7796E+01  3.0659E+00
0002786   1.3435E+01 -3.7774E+01 -1.9486E+02
0002787   1.5011E+02 -6.9548E+01 -5.9182E+01
0002788   2.6971E+02 -2.7864E+02  1.2445E+01
0002789   1.6201E+02  2.7561E+00 -1.6042E+00
0002790   9.8633E+01  1.1174E+02 -1.5545E+01
0002791   2.0032E+02  7.2268E+01  1.0096E+02
0002793   1.4007E+02 -2.5299E+02  1.8282E+02
0002794   1.6650E+02  8.0413E+00 -1.4194E+01
0002795   3.7080E+02 -1.0454E+02  4.4639E+01
0002796   4.0703E+02 -1.1552E+02 -4.8813E+01
0002797   7.5405E+01 -1.8787E+01  4.5456E+01
0002798   4.1245E+02 -1.4143E+02  7.5762E+01
0002799   3.6603E+02  2.2216E+02  4.5766E+01
0002800   3.4801E+02  3.5646E+01  2.8348E+01
0002801   2.4148E+02  5.6889E+01  2.4718E+02
0002802   1.6814E+02  3.3785E+01  6.2193E+01
0002803   1.9297E+01 -5.2903E+01  7.9560E+01
0002804   7.6062E+01 -6.6137E+01 -1.7574E+02
0002805   2.8772E+02  5.1447E+00  3.4866E+01
0002806   2.1401E+02 -1.7317E+02 -1.0274E+01
0002807   6.5086E+02 -7.5605E+01  2.3929E+01
0002808   1.7670E+02 -2.2302E+02 -2.4105E+01
0002809   2.2398E+02 -3.3967E+00 -6.4107E+01
0002810   3.3483E+00 -1.8562E+01  1.4391E+01
0002811   1.5842E+02 -2.4047E+02  1.6371E+01
0002812   1.0815E+02 -4.3804E+01  6.7370E+01
0002813   1.9755E+02 -6.9726E+01 -3.1294E+01
0002814   4.4724E+02  3.3534E-01 -6.7666E+01
0002815   5.2978E+02  1.1216E+02 -1.1132E+02
0002816   9.1068E+01  2.4407E+01 -1.4004E+02
0002817   3.3312E+02  7.8907E+01  1.1172E+02
0002818   1.5380E+02 -2.5788E+01  6.7603E+01
0002819   1.8349E+02  1.1156E+02  5.2995E+00
0002820   2.1851E+02 -1.3935E+02 -1.8083E+02
0002822   1.3349E+02 -1.8088E+01 -2.9607E+01
0002823   3.1689E+02  2.5534E+02 -5.5899E+01
0002824   1.5323E+02 -1.8534E+02  2.5812E+02
0002825   4.4164E+02 -2.5618E+02 -3.8355E+01
0002826   5.2788E+02  3.1623E+02 -1.2563E+01
0002827   3.6110E+02  3.4227E+01 -4.5864E+01
0002828   1.8863E+02  1.2811E+02  1.5202E+02
0002829   3.6287E+02  6.3778E+01  7.9468E+01
0002830   2.0696E+02 -1.3676E+02 -1.3217E+02
0002831   1.2073E+02  1.2076E+02  9.8580E+01
0002832   3.7950E+02 -3.0034E+02  1.1861E+02
0002833   1.0658E+02 -1.8282E+01 -7.0174E+01
0002834   4.4610E+02 -2.4813E+02 -1.6152E+02
0002835   6.0214E+02  1.7292E+02 -2.9510E+01
0002836   2.3263E+02 -1.9614E+02  6.1011E+01
0002837   1.8310E+02 -1.9351E+02  1.1781E+02
0002838   2.0097E+02 -1.4751E+02 -1.7806E+02
0002839   1.4824E+02 -1.5361E+02  7.2695E+01
0002840   2.9395E+02  1.3224E+02 -3.0351E+00
0002841   4.4964E+02 -3.2366E+02 -2.7387E+02
0002842   4.2200E+01  7.6246E+01 -1.2738E+01
0002843   1.0216E+02  4.7954E+01  1.2815E+02
0002844   4.1837E+02  6.3805E+01  9.6291E+01
0002845   6.2356E+01  1.1023E+02 -7.6241E+01
0002846   1.9772E+02 -2.0756E+02  1.3334E+02
0002847   2.7980E+02  1.1120E+02  1.6804E+02
0002848   1.5557E+02 -3.7390E+01  3.4833E+02
0002849   4.9090E+02 -5.0220E+01 -1.1849E+02
0002850   2.3194E+02  2.9496E+01  8.7077E+01
0002851   2.7859E+02 -1.4932E+02  5.6270E+01
0002852   5.0622E+02 -5.8541E+01 -1.4185E+02
0002853   3.3331E+02  2.0086E+02 -2.1649E+02
0002854   1.0608E+02  8.3561E+01  1.0726E+01
0002855   3.2974E+01 -1.9844E+01  7.7824E+01
0002856   3.4295E+02  2.4788E+02 -4.8846E+01
0002857   2.1722E+02  1.1406E+02  7.0854E+01
0002858   1.5878E+02 -3.5651E+01 -2.1961E+02
0002860   3.0558E+02  1.8531E+02  3.3999E+01
0002861   4.3527E+02 -2.6582E+02 -1.6682E+02
0002862   3.7907E+02  1.9025E+02 -1.5622E+02
0002863   2.3249E+02 -2.2983E+00 -5.9755E+00
0002864   2.5592E+02  2.2389E+02  9.3634E+01
0002865   6.8677E+01  2.3270E+02  4.7978E+01
0002866   5.3848E+02  5.9105E+01 -1.6157E+01
0002867   8.5109E+01 -6.5121E+01  3.8509E+02
0002868   2.4085E+01 -3.8398E+01 -1.5697E+02
0002869   5.3585E+02  1.4758E+01 -1.2524E+02
0002870   2.1194E+02 -2.2064E+02  3.3475E+01
0002871   4.7398E+02  4.7417E+01 -2.1220E+02
0002872   2.5064E+02  1.2798E+02  1.5892E+01
0002873   1.1334E+02 -6.0165E+01 -5.8049E+01
0002874   1.0508E+02  1.0587E+02 -2.9630E+02
0002875   4.4153E+02 -3.4539E+01  4.3896E+02
0002876   2.7111E+02  7.1549E+01 -8.1042E+00
0002877   2.0460E+02  2.3037E+01  3.7099E+01
0002878   2.8389E+02  7.6625E+01 -2.3373E+01
0002879   4.4766E+02 -4.7139E+01 -1.8421E+02
0002880   3.0036E+02 -6.8239E+01  2.0705E+02
0002881   1.0257E+02 -3.0186E+01 -1.7511E+02
0002882   2.5300E+02  1.7719E+02  1.3960E+02
0002883   2.5838E+02 -4.5029E+00 -6.9234E+01
0002884   1.0558E+02  1.1607E+02 -8.7882E+01
0002885   2.7353E+02  1.4882E+02 -9.7279E+01
0002886   8.6075E+01 -7.2197E+01  4.1684E+02
0002887   3.0034E+02 -8.7812E+01 -6.3427E+01
0002888   4.3643E+02 -2.2219E+02  7.4099E+01
0002889   4.2280E+02 -9.4761E+01 -7.9271E+01
0002890   3.8275E+02 -1.2722E+02  3.7737E+01
0002891   2.9828E+02 -3.9132E+01  1.7917E+02
0002892   1.7795E+02  5.9702E+01  1.4234E+02
0002893   2.7030E+02  1.0813E+02  1.3854E+02
0002894   1.8002E+02  9.7676E+00  3.7933E+01
0002895   5.5846E+02  3.0871E+02  2.2740E+01
0002896   4.4661E+02  1.8296E+02  9.4517E+01
0002897   4.4306E+02  2.4692E+01  4.7466E+02
0002899   4.4259E+01 -1.0454E+02  2.2877E+02
0002900   1.9023E+02  1.0598E+02  5.4064E+01
0002901   1.9212E+02  6.7076E+01 -1.4702E+02
0002902   3.4344E+02  2.5703E+02  2.3016E+01
0002903   2.4881E+02  3.9004E+01 -1.5161E+02
0002904   2.1488E+02 -2.8393E-01 -9.7855E+01
0002905   6.3050E+01  4.3930E+01  9.5774E+01
0002906   2.8635E+02  2.4151E+01 -9.8174E+01
0002907   5.1533E+01  5.4973E+01 -8.0513E+00
0002908   3.1979E+02  2.7258E+02 -8.3653E+01
0002909   3.6971E+02  1.2214E+02 -3.8535E+02
0002910   5.7080E+01 -1.7357E+02 -2.6665E+01
0002911   2.4091E+02 -3.6703E+02  3.0473E+02
0002912   1.9472E+02 -2.2736E+02  1.1126E+02
0002913   9.0162E+01  6.5001E+01 -8.0222E+01
0002914   5.2948E+01 -1.1732E+02 -7.6219E+01
0002915   3.2338E+02 -1.5175E+01  1.2828E+01
0002916   1.4045E+02 -4.0753E+01 -9.3292E+01
0002917   2.8344E+02 -3.8377E+01  2.8798E+01
0002918   2.1520E+01 -1.0100E+02  2.2081E+02
0002919   3.9319E+02 -1.0431E+02  4.0532E+02
0002920   3.2396E+02 -2.3675E+01 -3.0139E+01
0002921   2.9835E+02  1.7098E+01  1.2644E+02
0002922   1.4427E+02  2.2692E+02  2.4825E+02
0002923   4.3733E+02  1.5699E+02  1.3917E+02
0002924   1.6459E+02 -2.9381E+02 -7.7232E+01
0002925   9.9443E+01  8.8398E+01  1.8019E+01
0002926   3.5416E+02  9.3243E+01 -2.7716E+02
0002927   1.6120E+02 -1.3140E+02 -6.1672E+01
0002929   3.3662E+02  7.0788E+01  5.2446E+01
0002930   2.7881E+02  3.2486E+02  1.3776E+01
0002931   1.9913E+02  4.8542E+01 -3.2076E+01
0002932   9.4784E+01  7.3080E+01  3.4756E+00
0002933   1.5700E+02  9.0819E+00 -1.3283E+02
0002934   2.3696E+02  8.9548E+00  1.4587E+02
0002935   2.3191E+02 -2.1721E+02 -1.3120E+02
0002936   4.7360E+02  1.6489E+02 -3.0723E+01
0002937   1.0358E+02  2.3251E+01  2.6378E+02
0002938   1.3191E+02  1.6934E+02  1.2310E+02
0002939   2.5901E+02  6.6637E+01  6.4998E+01
0002940   1.7620E+02  8.1360E+01 -1.4794E+02
0002941   3.2090E+02  1.2918E+02  6.1405E+01
0002942   3.4013E+02 -7.1277E+01 -1.9253E+02
0002943   1.6667E+02 -5.4810E+01 -1.3918E+02
0002944   2.4077E+02 -2.0827E+02  3.4799E+01
0002945   9.4380E+01  5.5844E+01  2.2952E+01
0002946   3.2554E+02 -5.5207E+01  4.8598E+01
0002947   2.6976E+02 -5.7218E+01  3.1452E+01
0002948   1.1379E+02  4.1503E+01 -2.6067E+01
0002949   1.8537E+02  1.3942E+02  2.5669E+01
0002951   1.3547E+02  3.6295E+00  1.3680E+02
0002952   1.7488E+02 -4.7006E+01 -4.2629E+01
0002953   3.2710E+02 -2.1163E+01  1.3363E+02
0002954   2.9017E+02 -1.8556E+02 -7.1256E+01
0002955   1.8924E+02  1.1939E+02 -2.0007E+02
0002956   1.2783E+02 -1.6714E+02 -2.5072E+02
0002958   2.4015E+02 -5.6680E+01  5.4666E+01
0002959   1.2996E+02 -4.0908E+01 -2.6105E+02
0002960   2.3706E+01  2.0571E+02 -1.1662E+02
0002961   3.0518E+02 -5.4063E+01 -6.1467E+01
0002962   1.3638E+02 -9.0810E+01 -1.2918E+01
0002963   1.1813E+02  1.3382E+02  5.8804E+01
0002964   1.5381E+02  4.2226E+00 -1.8189E+01
0002965   2.8050E+02  4.8649E+01 -1.4806E+02
0002966   6.0315E+01 -3.3220E+01 -1.3848E+02
0002967   4.0169E+01  6.4914E+01  4.2068E+01
0002968   1.1634E+02 -1.6396E+02 -1.7100E+02
0002969   3.3422E+02  4.7164E+01 -1.6783E+02
0002970   4.2529E+02  3.0508E+01 -8.1220E+01
0002971   2.4329E+02 -1.0901E+02 -2.1421E+02
0002972   1.8161E+02 -2.0038E+02  9.4778E+01
0002973   1.2913E+02 -7.3261E+01  1.5200E+01
0002974   2.9059E+02  4.7091E+01  9.8575E+01
0002975   1.0009E+02  1.5422E+02 -8.7709E+01
0002976   3.2704E+02 -1.9633E+02  3.6565E+01
0002977   1.7528E+02 -1.1422E+02  2.8639E+00
0002978   4.4959E+02  3.2220E+02 -1.8147E+02
0002979   3.5548E+02 -1.7201E+02 -1.3073E+02
0002980   1.7387E+02 -2.3936E+02 -8.9418E+00
0002981   5.6594E+02  1.9910E+01  2.6308E+00
0002982   1.9656E+02  1.7804E+02 -1.6854E+01
0002983   2.3466E+02  1.9055E+01  2.4402E+02
0002984   2.3056E+02 -4.0603E+02 -1.5029E+01
0002985   3.2750E+02  1.0376E+02 -5.2397E+01
0002986   3.0926E+01  1.7894E+01  6.9011E+01
0002987   4.9418E+01  2.1350E+02  9.7140E+01
0002988   1.9665E+02  3.3005E+01 -9.4278E+01
0002989   9.3850E+01 -9.2428E+01 -5.6574E+01
0002990   4.7593E+02 -1.2216E+02 -1.8546E+02
0002991   8.8901E+01  1.4515E+01 -4.1101E+01
0002992   1.1860E+02 -6.8147E+01 -1.8479E+01
0002993   3.6363E+02 -1.0358E+02  1.2997E+02
0002994   3.6766E+02  1.2665E+01 -2.5308E+02
0002995   1.1357E+02 -9.7591E+01 -1.2774E+02
0002996   2.4667E+02 -2.4382E+02 -8.1576E+00
0002997   3.1461E+02  1.1233E+02  4.2530E+01
0002998   4.1512E+02 -1.7808E+02 -3.5223E+01
0002999   1.4564E+02 -1.1242E+02 -3.4349E+01
0003000   1.5778E+02 -4.6016E+01  2.3420E+01
0003001   6.0070E+01  2.0459E+01 -5.3253E+00
0003002   7.9326E+01 -1.2263E+02 -2.0309E+02
0003003   2.0641E+02 -3.6187E+01  1.4224E+02
0003004   5.3559E+01 -1.3369E+02  2.1336E+02
0003005   4.3619E+02  1.8024E+02 -3.8371E+02
0003006   3.1495E+02 -9.9916E+01 -7.4953E+01
0003007   1.2321E+02  1.2660E+02 -1.3489E+01
0003008   3.7625E+02  6.1804E+01 -2.9261E+01
0003009   4.1583E+02  1.1465E+02 -1.1911E+02
0003010   2.4765E+02  8.2942E+01  7.7925E+01
0003011   3.2133E+02 -2.3037E+02 -2.9100E+02
0003012   1.6307E+02 -1.9901E+02 -1.8342E+01
0003013   1.4005E+02 -1.4809E+02  1.1654E+02
0003014   2.5042E+02 -2.5588E+02 -1.1840E+02
0003015   5.5966E+02 -6.1085E+00  2.1543E+01
0003016   1.2869E+02 -2.8763E-01 -4.5407E+01
0003018   3.0024E+02  7.7696E+01 -7.5186E+01
0003019   1.1734E+02 -6.2345E+01  4.1477E+01
0003020   1.5811E+02  4.4372E+01 -2.5924E+01
0003021   3.0220E+02 -1.5435E+02  9.7047E+01
0003022   3.0045E+02  8.7902E+01 -7.6606E+01
0003023   2.7900E+02  1.0895E+02 -2.3533E+02
0003024   2.1357E+02  6.2177E+00  6.0797E+02
0003025   1.8646E+00 -7.0685E+00 -1.0113E+02
0003026   1.2214E+02 -6.0006E+01 -6.3667E+01
0003027   6.7020E+01 -1.0255E+02  2.3211E+02
0003028   8.6633E+01 -3.7674E+02  5.5664E+01
0003029   2.7379E+02  3.1745E+02  1.1105E+02
0003030   2.6355E+02  3.9649E+01  3.2100E+02
0003031   2.0564E+02 -1.5553E+01 -1.2038E+02
0003032   2.2295E+02  1.0427E-01  1.1483E+02
0003033   2.8030E+02  2.2093E+02  1.3755E+02
0003034   3.9585E+02  4.5983E+01 -2.4344E+02
0003035   4.5235E+02  1.1874E+02  1.5403E+02
0003036   4.1963E+02  6.1559E+01 -2.3348E+02
0003037   4.3704E+02  2.4975E+01 -8.0991E+01
0003038   2.1489E+02 -4.5406E+01  8.1742E+01
0003039   1.9822E+02  2.1338E+01  1.8390E+00
0003041   9.8342E+01  1.0777E+02  1.4079E+02
0003042   2.3365E+02 -1.0731E+02  1.2518E+02
0003043   1.1867E+02 -2.2180E+01  1.5899E+02
0003044   2.4767E+02 -1.5789E+00  1.4783E+01
0003045   2.0517E+02 -3.2699E+02 -2.8509E+01
0003046   2.4737E+02 -2.0026E+01  1.2342E+02
0003047   3.6403E+02 -2.4718E+02  4.9848E+01
0003048   4.9844E+02  1.3110E+02 -3.7544E+02
0003049   4.2863E+02 -3.2241E+01  4.8432E+01
0003050   1.5406E+02 -1.1254E+02  1.1885E+02
0003051   2.8854E+02  2.3405E+02 -2.0581E+02
0003052   9.7672E+01 -7.2788E+01 -3.8314E+01
0003053   1.1358E+02 -3.6657E+01  1.0032E+02
0003054   5.0529E+02  1.8467E+02  8.5658E+01
0003055   7.1074E+02 -4.0883E+01  2.8678E+01
0003056   4.1810E+02  4.9119E+01  3.1118E+01
0003057   2.9990E+02 -2.2639E+02  5.4401E+01
0003058   2.0335E+02 -3.2718E+01  6.4528E+01
0003059   2.4434E+02 -4.0126E+01  2.3964E+02
0003060   3.0882E+02 -1.0522E+02 -1.7249E+02
0003061   6.5232E+01 -2.3260E+00 -1.1290E+02
0003062   9.6908E+01 -3.7625E+01  1.0890E+02
0003063   3.9368E+01  8.2141E+01 -1.2849E+02
0003064   2.9748E+02 -2.2213E+01  6.8951E-01
0003065   3.9455E+02  1.2098E+02 -1.8572E+01
0003066   2.6098E+02  1.5997E+02  6.3924E+01
0003067   8.4094E+01  2.9622E+02  2.3936E+02
0003068   5.9827E+02 -1.2112E+02  8.5963E+00
0003069   2.4547E+02  2.4371E+01  1.4994E+02
0003070   6.1461E+02  3.0353E+02 -6.5667E+00
0003071   2.4626E+02 -1.7554E+00  1.6452E+02
0003072   3.0900E+02 -2.6805E+02  8.5021E+01
0003073   3.2521E+02  8.5935E+01 -7.2354E+01
0003074   4.2118E+02  2.6907E+01  2.8855E+02
0003075   7.1950E+01 -1.5420E+02  7.3935E+00
0003076   4.1373E+02 -2.0514E+02 -1.3895E+01
0003077   4.1807E+02 -8.1408E+01 -2.5647E+01
0003078   1.9769E+02  2.1158E+02  9.8355E+01
0003079   2.6307E+02  1.0625E+02  1.4525E+02
0003080   3.8368E+01 -5.2318E+01 -1.1100E+02
0003081   5.2585E+02  1.5532E+02 -1.1319E+02
0003082   2.5663E+02  1.9718E+02 -2.1046E+02
0003083   2.1594E+02  8.9123E+01 -5.9744E+01
0003084   1.2318E+02  5.8341E+01  9.5151E+01
0003085   1.1090E+02  2.9596E+02  1.4216E+01
0003086   2.1463E+02 -3.6519E+01 -4.9316E+01
0003087   1.0324E+02 -1.2098E+02 -1.5852E+02
0003088   3.9885E+02 -2.2877E+02  7.5204E+01
0003089   9.2132E+01 -5.6453E+01 -3.7382E+01
0003090   3.2237E+02 -5.3841E+01  1.1118E+02
0003091   6.7623E+01  1.1087E+02 -2.2992E+02
0003092   8.1163E+01  1.5790E+01 -1.1991E+02
0003093   2.0807E+02 -4.0528E+01 -1.6705E+02
0003094   2.2878E+02 -1.4440E+02  2.1094E+01
0003095   5.8594E+02 -3.9765E+01  2.8123E+01
0003096   9.9131E+01  1.8468E+02 -1.5629E+02
0003097   2.8228E+02  5.4758E+01 -1.6802E+02
0003098   4.6515E+02  1.7002E+02 -1.7963E+02
0003099   5.7293E+02  1.6373E+02  1.4790E+02
0003100   3.5222E+02  4.9461E+01  1.3125E+01
0003101   2.4563E+02  2.0896E+01 -3.9230E+01
0003102   1.3945E+02  4.4072E+02  1.9771E+02
0003103   1.3750E+02 -2.0490E+02  6.1517E+01
0003104   1.6709E+02  9.7074E+01 -2.2477E+02
0003105   1.4725E+02 -3.6398E-02 -6.3848E+01
0003106   2.2301E+02  2.9166E+00  1.7545E+02
0003107   2.3155E+02 -4.2824E+01  1.3093E+02
0003108   3.3222E+02  1.2613E+02 -1.3545E+02
0003109   2.5489E+02  1.4583E+02  3.8765E+01
0003111   1.5084E+02  3.3084E+01 -7.0551E+01
0003112   1.1012E+02  3.3924E+01 -6.2109E+01
0003114   1.0547E+02  5.1913E+00 -4.5040E+01
0003115   5.0980E+02 -2.3166E+01  3.2154E+01
0003116   3.3618E+02  1.3405E+02  1.8076E+02
0003117   3.0356E+02 -1.3513E+01 -5.1477E+01
0003118   2.0734E+02  5.6913E+01  3.1626E+00
0003119   2.7094E+02 -7.3198E+01 -1.3524E+02
0003120   2.7106E+02  2.2399E+02  1.0510E+02
0003122   3.4362E+02  1.2975E+02  2.0247E+02
0003123   8.7023E+01  8.9176E+01 -3.1548E+01
0003124   3.0787E+02  4.9569E+01 -1.5781E+02
0003125   2.5487E+02  1.0950E+01 -7.1980E+01
0003126   5.0974E+02  5.9350E+01  1.6358E+02
0003127   3.6843E+02 -2.7283E+02  6.8513E+01
0003128   1.6984E+02  1.9221E+02 -5.4986E+01
0003129   2.2001E+02 -4.0788E+00 -2.2472E+02
0003130   4.7207E+02 -1.9168E+02  7.8282E+01
0003131   1.8265E+02 -2.1402E+02 -4.7794E+01
0003132   4.2575E+01 -1.5207E+01  3.1232E+02
0003133   1.4124E+02 -6.2514E+01  3.8918E+01
0003134   4.0415E+02 -6.3070E+00  1.6329E+02
0003136   3.2671E+02 -2.6748E+02  3.8372E+01
0003137   2.3310E+02 -1.0623E+02 -2.3725E+02
0003138   2.9915E+02 -5.5911E+01  2.2573E+02
0003139   3.0322E+02  1.5969E+02  2.5622E+02
0003140   4.4028E+01 -1.8061E+02 -4.6596E+02
0003141   1.5995E+02 -1.2587E+01 -1.8716E+01
0003142   2.9453E+02 -6.6930E+00 -1.6157E+02
0003143   3.1279E+02 -1.3633E+02  1.0314E+01
0003144   1.8173E+02 -1.0734E+02 -1.7633E+02
0003145   4.2662E+02 -5.2908E+01  2.2247E+02
0003146   1.4459E+02 -8.1487E+01  4.2011E+02
0003147   6.4670E+00 -2.9737E+01  1.0567E+02
0003148   3.1214E+02  3.9965E+02  4.0982E+01
0003149   2.0115E+02 -6.2126E+01 -6.8627E+01
0003150   2.6538E+02  6.5898E+01  1.8411E+02
0003151   5.7504E+01 -4.3059E+01  6.9723E+01
0003152   1.4636E+02 -3.5350E+01  1.2413E+02
0003153   2.2008E+02  8.2978E+01 -2.6009E+01
0003154   3.2171E+02 -1.0538E+02  1.5665E+01
0003155   3.3687E+02  7.0676E+01  1.0416E+02
0003156   1.6347E+02  2.2910E+01 -1.9281E+01
0003157   3.0019E+02  2.0896E+02  2.4394E+02
0003158   2.7750E+02 -3.4953E+00  2.0671E+02
0003159   2.7273E+02 -1.1007E+02 -1.8340E+02
0003160   2.6858E+02  2.6399E+01 -1.5786E+02
0003161   2.8789E+02  4.3178E+01  2.4202E+00
0003162   3.0306E+02 -7.0002E+00  2.0869E+01
0003163   1.9956E+02 -7.3036E+01  2.5096E+02
0003164   8.7229E+01  1.3833E+00 -6.6247E+01
0003165   3.1547E+02 -1.2777E+02  8.7924E+01
0003166   4.7203E+02 -9.2224E+01  4.7231E+01
0003167   3.6685E+02 -5.7389E+01 -6.4726E+01
0003168   2.0062E+02 -1.3733E+00 -6.7789E+01
0003169   4.0085E+02 -1.0557E+02  4.4620E-01
0003170   2.0878E+02 -2.0812E+02 -8.0059E+01
0003171   1.4924E+02  6.0305E+01 -1.1013E+01
0003172   1.7501E+02  1.2854E+02 -7.8386E+01
0003173   2.1039E+01 -1.1002E+02  1.7171E+02
0003174   4.1671E+02  9.5634E+01  5.0985E+01
0003175   6.5083E+01  1.2627E+02  1.0930E+02
0003176   3.8508E+02 -1.5751E+02 -1.0859E+00
0003177   9.5005E+01 -6.5896E+00  1.8871E+01
0003178   2.9091E+02 -2.4424E+02  9.2029E+01
0003179   2.7808E+02  1.4975E+01 -7.9286E+01
0003180   3.8414E+02  5.6492E-02 -2.8821E+01
0003181   1.9483E+02  1.4033E+02  1.5693E+02
0003182   3.8640E+02  4.6433E+01 -1.7956E+02
0003183   5.1270E+02  1.3741E+02  4.3011E+00
0003184   3.8854E+02 -2.5002E+02  1.6303E+02
0003185   9.6083E+01 -3.7723E+01 -2.0403E+02
0003186   1.9438E+02  1.2389E+02 -4.4383E+01
0003187   3.3138E+02 -1.4922E+02 -9.4605E+01
0003188   4.0154E+02  1.5225E+02 -3.4621E+01
0003189   3.7404E+02 -2.1367E+02 -2.5346E+02
0003190   1.2351E+02 -3.4371E+01 -5.5018E+01
0003191   1.0871E+02 -5.6519E+01 -9.9879E+01
0003192   1.6841E+02 -7.0588E+01  3.6162E+01
0003193   2.9496E+02  3.3668E+01 -8.5782E+01
0003194   2.1226E+02  9.8464E+01  2.3627E+01
0003195   1.0034E+02 -5.1034E+01  1.2925E+02
0003196   2.1758E+02 -1.1552E+02  1.1913E+02
0003197   2.3809E+02  1.0395E+02  1.7285E+01
0003198   2.6539E+02  2.2563E+02 -1.7615E+02
0003199   2.2573E+02  1.4806E+02  8.8798E+01
0003200   3.0014E+02 -1.3731E+02 -1.4724E+02
0003201   3.4559E+02  2.0796E+02 -7.8741E+01
0003202   3.5321E+02 -1.9516E+02 -3.7713E+01
0003203   2.0593E+02 -5.8314E+01 -6.0478E+01
0003204   4.8790E+02  5.6700E+01  3.0702E+02
0003205   4.1115E+02  1.9305E+02  1.6582E+02
0003206   2.0982E+02 -1.0430E+02 -1.6763E+02
0003207   2.1970E+02 -2.8776E+02 -1.2708E+02
0003208   1.6876E+02 -1.8169E+01  2.5805E+01
0003209   5.0770E+02 -1.0117E+02 -6.3673E+01
0003210   4.8432E+02  1.9590E+02  2.2986E+02
0003211   1.2100E+02  1.9164E+01 -1.0372E+02
0003212   3.1059E+02  1.0407E+02  5.9880E+01
0003213   2.1030E+02 -2.7744E+02 -1.0898E+02
0003214   1.8018E+02 -2.4999E+01 -1.4370E+02
0003215   3.3432E+02 -2.4797E+02  1.0526E+02
0003216   3.3602E+02 -8.6826E+01  1.3252E+02
0003217   1.7086E+02 -1.5521E+01  1.6270E+02
0003218   1.1871E+02  6.4692E+00  3.0065E+00
0003219   1.1126E+02  1.1364E+02  7.1865E+01
0003220   1.2575E+02 -1.6105E+02 -3.3254E+00
0003221   3.3497E+02  8.7790E+01  6.0759E+01
0003222   3.6467E+02  2.8602E+01 -5.2625E+01
0003223   9.7453E+01  3.0140E+02  3.4203E+01
0003224   1.2179E+02 -2.0298E+02 -1.9095E+01
0003225   1.0742E+02  1.9182E+01 -1.6466E+02
0003226   9.5717E+01 -2.8126E+01 -3.3679E+01
0003227   2.1819E+02  1.1556E+01 -1.1009E+01
0003228   6.3489E+01  2.5837E+01  6.8997E+00
0003229   2.0147E+02  1.3881E+02  1.5352E+02
0003230   3.2222E+02  1.6723E+02 -6.3059E+01
0003231   1.7524E+02 -3.3898E+01  3.9159E+01
0003232   4.1314E+02 -1.2320E+02 -1.1616E+01
0003233   4.9996E+02 -2.5214E+01 -2.8114E+02
0003234   1.7190E+02 -1.1745E+02  4.6346E+01
0003235   3.2394E+02  2.5904E+01 -1.8452E+02
0003236   3.6085E+02  2.7167E+00  8.2614E+01
0003237   2.5799E+02 -3.6548E+01 -1.5244E+02
0003238   3.8030E+02  4.4127E+01  1.6885E+02
0003239   4.3397E+02  2.2915E+02  8.6244E+01
0003240   2.1358E+02 -3.8996E-01  1.4869E+02
0003241   1.4560E+02 -9.0847E+01  1.5901E+02
0003242   5.1005E+02  2.4166E+01  2.4758E+02
0003243   2.0559E+02 -1.4879E+01 -3.0908E+01
0003244   1.6007E+02 -1.0946E+02 -1.9316E+02
0003245   3.7220E+02  2.2029E+02  1.6468E+02
0003246   8.2872E+01  3.5437E+01  1.8222E+02
0003247   2.0044E+02  1.3759E+02 -1.4132E+02
0003248   2.9981E+02  6.4917E+01  2.9613E+02
0003249   3.7277E+02 -6.5716E+01  7.1483E+01
0003250   4.4307E+02 -3.9448E+01 -4.1382E+01
0003251   5.3362E+01 -1.0789E+02 -5.4987E+00
0003252   2.7836E+02  1.9503E+02 -1.8348E+02
0003253   1.0485E+02 -1.1167E+02 -1.6416E+02
0003254   2.9393E+02  1.7870E+02  5.7615E+01
0003255   4.5451E+02 -1.4801E+02 -5.2096E+01
0003256   2.9802E+02  7.0850E+01  6.6367E+01
0003257   2.4871E+02 -2.1282E+02  1.2622E+02
0003258   3.7463E+02 -1.0891E+02 -5.1293E+01
0003259   9.5446E+01 -2.1072E+01 -7.1890E+01
0003260   2.1515E+02  6.2469E+01  4.2758E+01
0003261   2.0823E+02  1.8112E+01 -1.4908E+02
0003262   2.6008E+02 -5.3035E+01 -7.3639E+00
0003263   1.5829E+02 -5.7551E+01 -1.4363E+02
0003264   1.8802E+02 -1.0884E+02 -8.4391E+01
0003265   1.7948E+02 -7.1202E+00 -2.8074E+02
0003266   1.4665E+02  7.8462E+01 -6.1577E+01
0003267   2.1709E+02 -3.3622E+00  1.3933E+02
0003268   3.2601E+02 -2.5365E+02 -5.3125E+01
0003269   2.6080E+02  1.9402E+02  8.2976E+01
0003270   2.5076E+02  4.6528E+01 -7.5066E+01
0003271   3.7124E+02 -1.0680E+02 -2.6892E+01
0003272   2.2134E+02 -4.7723E+01 -2.6809E+00
0003273   2.0414E+02  1.2124E+02 -2.6108E+01
0003274   1.9455E+02 -1.0157E+02 -9.6375E+01
0003275   2.2542E+02  1.2191E+02  1.7692E+02
0003276   3.0263E+02  8.2985E+01  3.0289E+01
0003277   4.1371E+02 -1.1711E+02  1.2600E+02
0003278   2.9173E+02 -8.5786E+01 -3.9041E+01
0003279   5.8909E+02  1.3260E+02  2.3087E+02
0003280   3.5748E+02 -2.7279E+01  2.4099E+02
0003282   1.6235E+02  4.6789E+01 -5.3051E+01
0003283   1.3184E+02  2.3678E+02 -3.4903E+01
0003284   6.4396E+02 -6.4920E+01  9.7903E+01
0003285   2.6554E+02  3.5103E+02  2.3990E+02
0003286   2.4499E+02 -4.2954E+00 -4.8711E+01
0003287   3.8356E+02 -2.9131E+02 -9.4794E+01
0003288   4.8718E+02  1.1463E+02  3.2668E+01
0003289   3.5929E+02  2.9173E+02 -2.1729E+02
0003290   3.7909E+02 -1.8255E+01  1.8270E+01
0003291   2.9737E+02 -3.2232E+01  3.7883E+01
0003292   4.8834E+02 -1.3114E+02 -3.0771E+01
0003293   1.2973E+02 -1.1796E+02 -1.5597E+02
0003295   4.2159E+02 -4.3049E+01 -1.1249E+02
0003296   1.8959E+02 -1.7674E+00 -1.0372E+02
0003297   2.7342E+02  8.8305E+01 -5.5509E+01
0003298   3.1310E+02  9.1901E+01 -1.5198E+02
0003299   4.2550E+02  3.2631E+02 -6.4156E+01
0003300   3.1400E+02  2.3150E+02  2.7213E+01
0003301   3.3660E+02  3.9208E+00  4.8982E+01
0003302   3.8392E+02 -6.8056E+01  2.3652E+01
0003303   1.8225E+02 -1.3517E+01 -7.2273E+01
0003304   1.1607E+02 -1.6799E+02  1.8392E+02
0003305   9.8887E+01 -7.5164E+01 -6.6867E+01
0003306   1.5579E+02  1.5259E+02 -2.6410E+01
0003307   3.0025E+02 -1.9811E+02  1.8061E+02
0003308   3.1608E+02  3.3638E+02  1.4403E+02
0003309   4.3958E+01 -1.7833E+02 -7.2123E+01
0003310   2.1749E+02 -1.8707E+02  3.4326E+01
0003311   3.8013E+02 -5.3628E+01  8.4065E+01
0003312   4.7455E+02 -2.4930E+02 -1.0751E+02
0003313   2.8101E+02 -2.7689E+02  1.8567E+01
0003314   2.5288E+02  2.5047E+02  1.6700E+02
0003315   5.8794E+02  1.7354E+01  1.1183E+01
0003316   2.4619E+02 -1.1769E+02  3.9722E+00
0003317   3.0658E+02  2.7670E+01  1.0801E+02
0003319   7.1087E+01 -9.0356E+01 -4.3532E+01
0003320   2.8512E+02  1.3852E+02  5.0060E+01
0003321   1.3578E+02 -5.5953E+01  2.3099E+02
0003322   4.5399E+02  9.9597E+01 -1.5677E+01
0003323   2.5003E+02 -2.1501E+02  5.5899E+01
0003324   3.4776E+02  2.2750E+02 -8.4636E+01
0003326   1.1112E+02  9.5417E+01  1.5009E+02
0003327   3.5962E+02  4.6890E+01 -1.0976E+02
0003329   2.8094E+02  5.4345E+01  5.1522E+00
0003330   5.6497E+02  1.3855E+02  3.6426E+02
0003331   2.4611E+02 -2.5483E+02  8.3584E+01
0003332   1.1733E+02 -2.6587E+01  2.5505E+01
0003333   3.2146E+02 -1.5047E+02  4.3683E+01
0003334   2.2904E+02  2.5257E+02  1.2995E+02
0003335   3.2322E+02  3.2756E+00 -2.5538E+02
0003336   2.5483E+02 -8.1673E+01  4.8571E-01
0003337   1.2382E+02 -1.4934E+02  1.2168E+02
0003338   4.6375E+02  3.2072E+01 -2.0223E+02
0003339   4.2135E+02  1.0352E+02 -6.5960E+01
0003340   2.4238E+02 -1.7815E+02  2.5337E+02
0003341   4.2388E+02 -2.2173E+02 -3.1314E+02
0003342   4.3418E+02  2.4162E+02  1.6672E+02
0003343   1.8749E+02  2.8197E+01 -7.7778E+01
0003344   2.1832E+02 -5.8921E+01  2.5876E+02
0003345   2.1867E+02  1.8619E+02  1.2299E+02
0003346   1.4900E+02 -6.4400E+01 -1.4039E+02
0003347   2.9983E+02  2.0350E+02 -2.6028E+01
0003348   1.9349E+02  7.0715E+01 -6.9384E+01
0003349   2.4454E+02  1.0093E+02  3.1137E+01
0003350   1.6653E+02  9.1959E+01 -2.3981E+02
0003351   1.1134E+02 -2.1685E+01  4.2574E+01
0003352   2.8381E+02  3.1853E+01  2.4676E+01
0003353   2.0734E+01  4.0773E+01  1.5566E+02
0003354   2.0033E+02 -1.6073E+02 -1.1951E+01
0003355   2.1838E+02  1.8183E+02  9.4066E+01
0003356   4.3206E+02 -4.9120E+02 -4.4250E+01
0003357   1.2146E+02 -9.7635E+01  1.7841E+02
0003358   1.8356E+02 -4.6471E+01  3.2050E+01
0003359   1.9220E+02 -9.3036E+00 -8.8629E+01
0003360   1.7711E+02  1.7066E+02 -4.1485E+01
0003361   1.5196E+02  3.7302E+01 -1.0312E+02
0003362   3.2034E+02  8.5568E+01 -2.0331E+01
0003363   5.2887E+02  2.7866E+01 -3.4740E+01
0003364   6.0785E+02  2.4100E+01 -1.0095E+02
0003365   9.8986E+01 -3.4632E+02 -2.8930E+01
0003366   1.8940E+02 -5.8151E+01 -2.5408E+01
0003367   1.6320E+02  4.4828E+00 -1.9789E+02
0003368   3.5645E+02 -1.3313E+02 -1.1988E+02
0003369   3.6539E+02 -9.0657E+00 -2.2049E+02
0003370   1.9396E+02  5.8034E+01  4.1202E+01
0003371   1.8899E+02 -2.8640E+02  1.7390E+02
0003372   4.9316E+02 -4.2305E+02  1.6504E+02
0003373   3.1991E+02  3.5003E+00  2.2786E+02
0003374   2.0283E+02 -7.5152E+01  1.7767E+01
0003375   1.8940E+02  2.7092E+01  2.4595E+01
0003376   1.7692E+02 -1.8826E+02  1.4827E+02
0003377   4.4833E+02 -2.8015E+02  3.2257E+01
0003378   3.9785E+02  1.7098E+01 -4.7612E+01
0003379   4.1953E+02  2.8485E+02 -1.3766E+02
0003380   1.5018E+01 -1.1417E+01  1.1057E+02
0003381   5.3090E+02  8.5630E+01 -2.6451E+02
0003382   2.7013E+02 -1.7737E+01  2.2034E+02
0003383   5.4378E+02  7.2186E+01 -4.4260E+01
0003384   5.4090E+01  6.0265E+01  8.2424E+01
0003385   6.5375E+02 -9.9498E+01  1.9834E+02
0003386   1.5724E+02 -6.3474E+01  1.2782E+02
0003387   1.8880E+01 -1.3992E+02 -7.5962E+01
0003388   3.3276E+02 -7.6324E+01 -1.1013E+01
0003389   3.2999E+02  3.7136E+00  5.8469E+01
0003390   1.6018E+02  2.1085E+01  3.0097E+02
0003391   3.0587E+02 -1.5287E+02  8.1752E+01
0003392   2.8718E+02 -9.3074E+01 -1.1310E+02
0003393   5.2855E+02  1.8819E+02 -1.3108E+02
0003394   3.5069E+02 -1.2028E+02 -1.3949E+02
0003395   1.8468E+02 -6.4517E+01 -2.5367E+01
0003396   6.3740E+02 -6.4420E+01 -2.4123E+02
0003397   2.0179E+02 -4.9165E+00  1.2780E+02
0003398   2.9285E+02  1.2804E+02 -1.8098E+02
0003399   5.8474E+01 -1.2323E+01  4.2063E+01
0003400   4.8843E+02  3.4653E+01  8.4170E+01
0003401   3.6714E+02  7.8335E+01 -5.5437E+01
0003402   4.8802E+02  2.3375E+02 -2.7890E+02
0003403   1.1616E+02  2.5968E+02  8.2254E+01
0003404   1.3628E+02  1.1333E+02  2.0934E+02
0003405   2.9204E+02  2.8403E+01  7.8955E+01
0003407   2.2029E+02 -2.8487E+02  1.4513E+02
0003408   5.1604E+02 -2.3327E+02  9.6826E+01
0003409   2.5407E+02  4.7264E+02  2.9039E+01
0003410   1.9381E+02  3.8229E+01  1.5115E+02
0003411   1.0333E+02 -1.2616E+02  2.0018E+01
0003412   2.8124E+02  3.1752E+01 -1.5553E+02
0003413   4.7230E+01  1.8740E+02  3.4271E+01
0003414   2.1689E+02  1.8638E+02  1.8480E+00
0003415   3.2608E+02 -6.9342E+01  2.8357E+02
0003416   1.0421E+02  4.0879E+00  9.0870E+01
0003417   4.0916E+02  3.2320E+02  1.6900E+02
0003418   1.2673E+02 -3.4358E+01  2.8249E+02
0003419   4.9868E+02 -1.1604E+02 -1.1667E+02
0003420   4.4142E+01 -1.0711E+02  7.6321E+01
0003421   3.1056E+02  4.5192E+01  2.2119E+02
0003422   4.8108E+02 -3.2368E+02  8.4937E+01
0003423   2.2252E+00  1.2295E+02  1.5230E+02
0003424   1.6314E+02  7.9896E+01  2.6035E+01
0003425   1.0151E+02  4.8535E+01 -1.3228E+01
0003426   1.4142E+02 -1.3989E+02 -7.6193E+01
0003427   4.6458E+01  2.1524E+02 -2.2569E+02
0003428   3.6391E+02 -2.1713E+02  6.1470E+01
0003429   2.9466E+02  4.8268E+01  1.2508E+01
0003430   3.4500E+02 -3.8712E+01  1.6626E+02
0003431   2.9537E+02 -3.1183E+01  2.6648E+01
0003432   7.4503E+02 -2.2809E+02  9.7096E+01
0003434   3.3039E+02  1.9144E+01 -2.7574E+02
0003435   3.2084E+02 -6.9607E+01  7.5053E+01
0003436   3.9753E+02 -2.7551E+02 -1.4834E+02
0003437   2.1778E+02 -1.2800E+02  2.1935E+02
0003438   4.9075E+02 -1.4870E+02  4.0640E+01
0003439   3.5372E+02 -2.3970E+02  2.8117E+02
0003440   5.3022E+02 -2.9754E+02  7.4306E+01
0003441   2.1059E+02 -3.4836E+01 -4.1152E+02
0003442   6.1062E+02 -1.9429E+02 -1.1759E+02
0003443   3.7142E+02 -1.4717E+02 -8.2395E+01
0003444   2.6090E+02 -9.3169E+01  3.0483E+02
0003445   1.6291E+02  8.0193E+01  8.4153E+01
0003446   3.7799E+02  1.4360E+02 -1.2144E+01
0003447   2.3054E+02 -6.6264E+01  6.1535E+00
0003448   4.5092E+02  8.0015E+01 -1.3125E+02
0003449   7.5666E+01 -6.6885E+00  2.5349E+01
0003450   2.0869E+02 -7.2114E+01  1.1482E+01
0003451   4.3599E+02  6.8258E+01 -7.5000E+01
0003452   4.3335E+02  1.1310E+01 -9.8859E+01
0003453   4.8598E+02 -9.2116E+01  3.3835E+01
0003454   1.1433E+02 -5.0854E+01  5.1319E+01
0003455   2.0546E+02 -3.0338E+00 -8.1082E+01
0003456   4.3698E+02 -1.6621E+02  1.5934E+02
0003457   4.5024E+02 -3.0766E+02 -2.4255E+02
0003458   6.7793E+01 -8.4953E+01 -7.1048E+01
0003459   4.0055E+02 -1.4168E+00  2.3812E+02
0003460   2.3836E+02  8.4815E+01  2.4046E+02
0003461   2.5541E+02 -1.0125E+02 -7.8906E+01
0003462   2.4431E+02 -5.2338E+01  2.4604E+01
0003463   1.8954E+02 -1.5588E+01  4.4820E+01
0003464   2.1509E+02  7.5639E+01  3.6575E+01
0003465   4.8080E+02  7.2209E+01  2.4680E+01
0003466   2.9720E+02  1.0990E+02 -7.4814E+01
0003467   2.0884E+02 -8.7668E+01  2.3517E+02
0003468   1.2079E+02  1.1244E+02  8.9814E+01
0003470   3.7995E+02  2.0891E+02 -3.2292E+02
0003471   3.2208E+02 -6.5406E+01 -8.6912E+01
0003472   8.8140E+01 -1.7579E+02 -1.2834E+01
0003473   1.7284E+02  1.7688E+02 -1.1461E+02
0003474   4.1515E+02  4.0515E+01 -1.0752E+01
0003475   5.7393E+02  3.3462E+02 -9.1986E+01
0003476   2.9262E+01  1.6688E+02  1.1830E+02
0003477   5.0436E+02  9.7604E+01  3.5540E+02
0003478   2.9715E+02 -1.4951E+02 -9.4685E+01
0003479   1.6218E+02  1.5913E+02 -1.1402E+02
0003480   2.0404E+02  5.1115E+01 -2.1550E+01
0003481   1.9932E+02  2.1646E+02 -1.3404E+02
0003482   2.0839E+02 -1.0439E+02 -1.1965E+02
0003483   2.7011E+02 -1.2587E+02 -1.7527E+02
0003484   2.8258E+02  7.5309E+01  3.5511E+01
0003485   8.0916E+01 -6.6307E+01  2.6208E+02
0003486   1.4357E+02 -1.2019E+01  1.2819E+02
0003487   3.2000E+02 -1.1325E+02 -1.2593E+02
0003488   1.7651E+02 -1.8091E+01 -2.7530E+02
0003489   4.8664E+02  1.3305E+02 -6.0487E+01
0003490   2.8227E+02 -6.9537E+01  8.2205E+01
0003491   3.0191E+02  1.5671E+02 -1.1379E+02
0003492   4.9001E+02 -1.3710E+02  7.0015E+01
0003493   3.3639E+02 -3.4140E+01 -1.2565E+02
0003494   4.9098E+02 -2.1182E+02  3.8603E+01
0003495   1.4056E+02 -5.5657E+01 -2.2492E+01
0003496   2.5949E+02  7.9794E+01 -1.9277E+01
0003498   2.4416E+02  7.3685E+01  1.9079E+02
0003499   3.9689E+02 -1.6545E+02 -1.6589E+02
0003500   1.4832E+02 -1.6274E+02  1.4448E+02
0003501   3.5100E+00  3.7601E+01  2.7045E+01
0003502   2.7467E+02 -6.7730E+01  1.4604E+02
0003503   5.6105E+02  1.8532E+02  5.7487E+01
0003504   5.4828E+02  1.8729E+01  2.3448E+01
0003505   2.9385E+02 -2.0706E+01 -1.2944E+01
0003506   4.2051E+02 -1.5791E+02 -1.4561E+02
0003507   2.2030E+02  1.1253E+02  2.4840E+02
0003508   4.0269E+02 -6.0978E+01 -1.5104E+02
0003509   1.2680E+02  4.7129E+01 -1.1720E+02
0003510   4.2256E+02 -8.1323E+00  7.4480E+01
0003511   3.8056E+02  1.7068E+02  1.3200E+02
0003512   1.6289E+02 -1.7158E+02 -1.5834E+02
0003513   1.6034E+02 -2.3542E+01  1.4777E+02
0003515   1.1122E+02  4.3762E+01  6.9251E+01
0003516   2.1126E+02  8.6859E+01  7.9037E+01
0003517   3.7874E+02 -2.6029E+02 -9.9181E+01
0003518   1.9962E+02  5.0545E+01  1.7739E+02
0003519   2.4601E+02  5.6098E+01 -4.1374E+01
0003520   3.5626E+02 -1.1578E+02 -9.8887E+01
0003521   1.4893E+02 -2.1623E+02  1.4626E+02
0003522   2.0721E+02  1.1417E+02  1.2581E+02
0003523   4.3837E+02  7.5289E+01 -2.7880E+02
0003524   2.0242E+02 -5.5603E+02 -1.4029E+01
0003525   1.0933E+02  2.0156E+02  4.4840E+01
0003526   3.7348E+02  2.8219E+01 -3.6922E+02
0003527   1.9406E+02 -3.8642E+01 -6.3348E+00
0003528   5.6073E+02  2.9308E+02  6.6940E+01
0003529   3.4497E+02 -1.7423E+02 -1.1222E+02
0003530   1.6764E+02  1.2732E+02  3.3035E+02
0003531   3.6477E+02  1.5231E+02 -2.9684E+01
0003532   2.2013E+02  1.2602E+02 -8.4164E+01
0003533   2.3730E+02  6.0796E+00  9.8930E-01
0003534   2.2224E+02  1.9504E+02  1.7197E+02
0003536   3.3187E+02  3.2390E+01  1.7052E+01
0003537   1.6184E+02 -7.2608E+00 -2.2049E+02
0003538   1.7439E+02  2.1989E+02  9.8199E+01
0003539   3.9780E+02  7.3845E+01  2.7431E+01
0003540   5.3302E+02 -1.2167E+02 -9.0558E+01
0003541   3.0248E+02 -1.8735E+02  2.1948E+01
0003542   6.2481E+02 -2.5856E+01  9.4105E+01
0003543   2.8391E+02  8.1679E+01  5.4145E+01
0003544   3.2883E+02 -1.1734E+02  2.5848E+02
0003545   4.5437E+02 -1.3469E+02 -5.1428E+01
0003546   4.5354E+02 -5.8946E+01 -4.9222E+01
0003547   4.7021E+01  7.4750E+01  2.8367E+01
0003548   5.1506E+02 -1.4140E+02 -1.0595E+02
0003549   2.7256E+02  4.6047E+01 -2.9494E+01
0003550   7.4880E+01 -4.6592E+01 -2.2940E+02
0003551   2.5406E+02 -9.1068E+00 -3.9435E+01
0003552   8.8211E+01 -8.8301E+00  8.5371E+01
0003553   1.9456E+02  1.2372E+01  2.2844E+01
0003554   1.9155E+02  1.7619E+01 -9.5525E+01
0003555   3.4039E+02  6.3175E+01  1.8319E+02
0003556   5.6264E+02 -1.7121E+02  2.6782E+01
0003557   2.4722E+02 -5.3358E+01  7.3802E+01
0003558   2.7889E+02  1.4403E+02  5.5022E+01
0003559   2.9753E+02 -2.2515E+02  2.5679E+02
0003560   3.8788E+02  4.0184E+01  5.1819E+01
0003561   6.0067E+02 -6.5249E+01  2.3008E+02
0003562   1.5570E+02  1.5553E+02 -1.3465E+02
0003563   1.3556E+02  4.8542E+01 -9.6839E+01
0003564   5.1480E+02  1.2316E+02  5.7099E+01
0003565   1.3843E+02 -7.5196E+01  1.5512E+02
0003566   3.2618E+02  9.2773E+01  2.3932E+02
0003567   4.7146E+02  3.3342E+01 -5.0118E+01
0003568   3.0546E+02 -2.1468E+02 -2.2082E+02
0003569   3.4541E+02  1.4804E+02 -1.5001E+01
0003570   1.2846E+02  2.2312E+02  1.5221E+01
0003571   2.3491E+02  3.1574E+02 -1.7622E+02
0003572   1.5703E+02 -4.5894E+01 -1.8800E+01
0003573   4.7559E+02 -5.2128E+01 -1.7509E+02
0003574   2.5730E+02 -5.9289E+01  3.8907E+01
0003575   4.0427E+01 -3.0957E+01  4.7430E+01
0003576   5.0717E+02 -1.9333E+02  5.2002E+01
0003577   1.2351E+02 -7.1895E+00  3.2126E+02
0003578   2.4841E+02  3.9767E+00 -1.7552E+02
0003579   1.6438E+02 -1.2115E+02 -1.5737E+02
0003580   6.9340E+01 -6.0158E+00 -1.6168E+01
0003581   3.9455E+01 -1.9986E+02  1.1952E+02
0003582   1.0649E+02  3.6516E+02 -6.1786E+01
0003583   3.6352E+02 -1.1704E+02  1.8610E+02
0003584   8.7345E+01 -1.4647E+01  9.0841E+01
0003585   1.4113E+02 -1.9959E+01  5.1038E+01
0003586   1.0838E+02  8.9995E+01  1.9548E+02
0003587   2.8394E+02 -4.9243E+01 -4.6354E+01
0003588   1.8309E+02 -1.4273E+02  4.6428E+00
0003589   2.3273E+02  6.0177E+01  2.8528E+02
0003590   1.8821E+02 -1.2487E+02  1.5302E+02
0003591   1.0967E+02 -6.4916E+01 -7.1519E+01
0003592   2.0120E+02 -5.9852E+01 -1.3941E+02
0003593   6.6766E+02  6.3445E+01 -9.8719E+01
0003594   4.8036E+02 -1.0426E+02 -4.1643E+01
0003595   2.4881E+02 -1.2392E+02 -1.5719E+02
0003596   2.9398E+02 -2.6251E+02  1.9555E+01
0003597   5.6842E+02 -4.5275E+02  7.0888E+01
0003598   1.1230E+02 -2.8819E+02  2.8604E+01
0003600   3.0971E+02 -2.3348E+01 -1.5944E+02
0003601   3.1487E+02  7.1374E+01  1.9875E+02
0003602   2.4717E+02  5.7366E+01 -7.9679E+01
0003603   1.9532E+02  6.6147E+01 -4.5715E+02
0003605   3.5367E+02 -2.7484E+01  1.1573E+02
0003606   5.7912E+01  1.3001E+02 -1.5350E+02
0003607   1.1336E+02 -4.6319E+01 -1.9531E+02
0003608   2.7125E+02  1.8435E+01 -1.4054E+02
0003609   1.8258E+02 -4.0407E+01 -4.7086E+01
0003610   2.0563E+02  1.3922E+01 -4.1888E+01
0003611   3.8636E+02  7.3850E+01  2.2399E+02
0003612   1.1101E+02 -6.7089E+01 -7.4682E+01
0003613   1.6014E+02  5.5638E+01 -9.0648E+01
0003614   4.1864E+02 -2.0186E+01 -2.3536E+02
0003615   3.6720E+02 -9.6862E+01  1.4543E+02
0003616   2.5265E+02  5.8731E+00 -1.5470E+02
0003617   6.7527E+02 -2.5574E+01 -3.8889E+01
0003618   4.3957E+02  1.9489E+02 -2.8048E+02
0003620   3.0166E+02 -6.5333E+01 -3.2533E+01
0003621   4.1783E+02  3.3387E+02 -6.6953E+01
0003622   1.1766E+02  1.3612E+01 -1.0312E+02
0003623   1.3263E+01  1.8999E+01 -2.5143E+00
0003624   2.5009E+02 -1.2774E+02 -2.9097E+02
0003625   5.8602E+02  2.0240E+01  6.5487E+01
0003626   2.6800E+02 -2.6171E+01 -1.9798E+02
0003627   1.2851E+02  1.9856E+02 -9.9800E+01
0003628   4.3827E+02 -2.1158E+02 -2.5985E+01
0003629   7.7382E+01  2.1485E+01  4.6819E+01
0003630   1.3816E+02 -7.8504E+01 -3.6525E+01
0003631   4.9541E+02  1.9533E+02 -1.4225E+02
0003632   6.0911E+02 -1.9907E+02  6.4052E+01
0003633   3.4733E+01 -4.7756E+01  3.2044E+01
0003634   2.0842E+02  4.0513E+01 -8.1605E+00
0003635   2.0090E+02 -1.1689E+01  1.6673E+02
0003636   3.8364E+02 -2.5192E+02  5.0874E+01
0003637   3.0818E+02 -2.2839E+02 -4.4228E+01
0003638   3.6394E+02  6.0464E+01 -2.4372E+02
0003639   3.2600E+01  1.7811E+01  1.0642E+02
0003640   1.3931E+02  1.1484E+02  9.8780E+01
0003642   1.0380E+02 -1.9984E+02 -5.3057E+01
0003644   2.9528E+02  6.5004E+01 -2.7024E+02
0003645   1.2032E+02 -1.3648E+02  1.3508E+02
0003646   4.8096E+02 -1.0614E+02  5.6904E+01
0003647   1.6083E+02  1.8854E+02  2.5440E+01
0003648   1.3990E+02  8.9851E+00 -9.5530E+01
0003649   9.1876E+01 -3.4801E+01  1.4448E+02
0003650   2.7847E+02  1.7600E+02 -3.9709E+01
0003651   1.1545E+02  2.5445E+02 -1.1466E+02
0003652   2.3832E+02 -1.2368E+02  4.3425E+01
0003653   8.9664E+01  3.6013E+02  5.3905E+01
0003654   3.7286E+02 -1.8241E+02  2.1656E+02
0003655   1.7747E+02  1.6452E+02 -3.5283E+01
0003656   7.7942E+01  6.5831E+01 -1.3991E+02
0003657   9.4649E+01 -2.2855E+01  4.0550E+00
0003658   1.0669E+02 -7.3106E+01  7.6772E+01
0003659   4.4179E+02  2.2752E+02  2.9245E+01
0003660   3.1191E+02  1.2540E+01 -3.8633E+01
0003661   3.8583E+02 -1.7366E+02  5.9731E+01
0003662   1.0026E+02 -3.3270E+02  2.3481E+02
0003663   1.6823E+02 -8.5329E+01 -3.6011E+01
0003664   6.1711E+02  4.2031E+02  9.0681E+01
0003665   4.0819E+02 -1.2943E+02  2.5037E+02
0003666   9.4431E+01  9.6529E+01  2.7790E+01
0003667   5.7850E+02  8.9637E+01 -1.0301E+02
0003668   3.4655E+02 -2.4896E+01 -1.2775E+01
0003669   3.3661E+02  6.1728E+01  1.0496E+02
0003670   4.5671E+02  1.8453E+02  1.5360E+02
0003671   2.7692E+02 -7.6060E+01  9.4530E+01
0003672   4.2643E+02 -1.4554E+00  7.1933E+01
0003673   4.1876E+02 -1.0227E+02  4.4471E+01
0003674   4.1074E+02  1.6725E+02 -1.5142E+02
0003675   5.9467E+02  1.5485E+02  2.3692E+02
0003676   1.2710E+02 -9.7021E+01 -1.9255E+01
0003677   2.6767E+02  1.2330E+02  6.0105E+01
0003678   2.1651E+02 -7.0783E+01  5.3025E+01
0003679   2.9415E+02  1.2298E+02  1.9206E+02
0003680   4.2589E+02 -1.2158E+02  1.0892E+02
0003681   3.1541E+02 -2.6260E+01  2.1742E+02
0003682   3.9960E+02  2.3030E+01 -1.6149E+02
0003683   1.2934E+02  1.2490E+02  1.8658E+02
0003684   2.6714E+02  2.6210E+02  1.4883E+02
0003685   3.5198E+02 -4.4456E+01  3.3446E+02
0003686   4.2833E+02  5.6063E+01 -1.0392E+02
0003688   2.7946E+02 -8.3633E+00 -2.1960E+02
0003689   1.3749E+02  5.1860E+01 -1.8399E+02
0003690   3.8018E+02  2.8725E+01  1.4125E+01
0003691   1.7160E+02 -1.1843E+01  1.5325E+02
0003692   1.6145E+02  2.3138E+00 -1.5727E+02
0003693   5.3725E+02 -1.1938E+02  2.9606E+02
0003694   2.1458E+02  3.2947E+01  2.7139E+01
0003695   2.5681E+02 -2.0153E+02  8.7016E+01
0003696   4.7187E+02 -3.5235E+02 -8.8082E+00
0003697   3.0224E+02 -9.4240E+01 -2.2979E+02
0003698   1.8789E+02 -1.8371E+02 -3.6598E+02
0003699   2.9197E+02 -3.0325E+01 -1.8425E+02
0003700   9.8226E+01  3.3288E+02 -1.1503E+02
0003701   4.1445E+02  3.2349E+02 -8.1454E+01
0003702   6.1118E+01  1.4399E+02 -4.1746E+01
0003703   3.5834E+02 -3.5907E+01 -1.8378E+01
0003704   1.4639E+02 -5.0091E+01 -1.2902E+02
0003705   5.0059E+02 -4.8673E+01  8.3499E+01
0003706   4.1481E+02  1.1884E+01  1.0442E+02
0003707   6.2716E+01  7.4897E+00  1.1264E+00
0003708   4.6384E+02  7.0581E+01 -1.9901E+02
0003709   1.4056E+02  1.3949E+02 -9.6756E+01
0003710   1.5164E+02 -2.1225E+01  3.0329E+02
0003711   9.0618E+01  4.8083E+01 -7.7045E+01
0003712   3.2791E+02 -3.4021E+00  4.8200E+01
0003713   2.7187E+02  1.8937E+02 -2.4651E+02
0003714   4.4562E+02  1.6207E+02 -3.0634E+01
0003715   4.0815E+02 -1.9505E+01 -3.7188E+01
0003716   1.3807E+02  1.3191E+02  2.1484E+01
0003717   1.0966E+02  6.5550E+01  9.7307E+01
0003718   1.7515E+02  7.5089E+01 -1.7029E+02
0003719   2.0059E+02  1.0888E+02 -2.9963E+01
0003720   4.1818E+01  6.3727E+01  3.6558E+01
0003721   8.1587E+01 -2.6254E+01 -1.0962E+02
0003722   4.1946E+02  1.6960E+02  6.8359E+01
0003723   3.2044E+02 -1.3585E+02 -1.6560E+02
0003724   3.5470E+02 -4.8153E+01 -2.7113E+02
0003725   2.8005E+02  1.9012E+02 -1.9443E+01
0003726   4.9689E+01 -2.8822E+02  1.8921E+02
0003727   1.0435E+02 -1.1194E+01 -1.8406E+01
0003728   4.0156E+02  1.4445E+02 -1.0059E+01
0003729   1.4564E+02 -1.1323E+02 -3.6509E+02
0003730   2.5373E+02 -2.0762E+02  1.0717E+02
0003731   4.3690E+02 -9.0187E+01 -1.5595E+01
0003732   2.7615E+02 -1.3617E+02 -5.0110E+02
0003733   2.7446E+02 -1.2225E+02  3.2301E+01
0003734   9.7234E+01 -1.1109E+01  2.9788E+02
0003736   3.3165E+02  1.7321E+02 -2.3296E+02
0003737   5.3329E+01 -2.3334E+02 -2.7774E+02
0003738   4.7567E+01  6.9371E+01 -5.1130E+01
0003739   2.3027E+02 -2.7129E+01 -6.5285E+01
0003740   2.6064E+02  2.7849E+01  1.0907E+02
0003741   2.3708E+02  3.7177E+01  2.5385E+01
0003742   2.1213E+02 -1.5194E+01  1.3219E+02
0003743   3.6000E+02 -1.6498E+02 -1.7568E+02
0003744   2.1744E+02 -4.4093E+01  4.4019E+01
0003745   3.3939E+02 -5.9054E+01  1.3526E+01
0003746   4.6260E+01  1.7813E+02 -1.8314E+02
0003747   1.6008E+02  4.2525E+02 -8.7619E+01
0003748   1.2271E+02  6.8343E+01 -1.9838E+02
0003749   5.9036E+01 -1.6776E+01 -1.2293E+02
0003750   4.2704E+02 -2.4805E+02  1.5633E+02
0003751   5.2257E+01  4.2953E+01  2.8343E-01
0003752   2.0036E+02 -3.2479E+01  6.7133E+01
0003753   2.3350E+02  2.0554E+02  1.2930E+02
0003754   2.5163E+02 -1.1114E+01 -1.3417E+01
0003755   1.9962E+02  3.5044E+00  1.3572E+02
0003756   3.3354E+02  4.8347E+00 -1.0841E+02
0003757   3.1690E+02  1.3239E+01 -1.3429E+02
0003758   2.1576E+02 -2.9488E+02  1.8761E+02
0003759   2.2997E+02  1.5588E+01 -2.7351E+01
0003760   1.4782E+02  2.4843E+01 -9.0383E+01
0003761   1.3966E+02  7.2619E+01 -8.3576E+00
0003762   2.9666E+02 -6.4553E+01 -1.0636E+02
0003763   8.3690E+01 -5.4082E+01  6.4962E+01
0003764   1.3131E+02 -9.5058E+01  4.1376E+01
0003765   2.4878E+02  2.9304E+02 -1.0156E+02
0003766   3.3302E+02  2.6089E+02 -7.6571E+01
0003767   2.7585E+02 -1.8449E+02  1.9521E+02
0003768   4.4140E+02 -9.6740E+01  2.4147E+02
0003769   1.1505E+02 -5.6252E+01 -1.3089E+02
0003770   3.4756E+02  5.0824E+01  4.8002E+01
0003771   4.2264E+02 -2.7223E+02  1.5032E+02
0003772   2.3277E+02 -2.2278E+02  3.7192E+01
0003773   2.7722E+02  6.6581E+01  1.5783E+02
0003774   1.2664E+02  1.6386E+02  1.6365E+02
0003775   1.3948E+02 -1.0058E+01  8.8143E+01
0003776   4.6204E+02 -2.3593E+01 -9.6276E+01
0003777   2.3708E+02 -2.3469E+01  4.5066E+01
0003778   3.3524E+01  7.9571E+01 -6.4128E+00
0003779   2.8045E+02 -6.9214E+01  4.7101E+01
0003780   3.4901E+02  2.5287E+02  1.6643E+02
0003781   4.8158E+02 -1.2397E+02  1.2954E+02
0003782   3.0318E+02  4.7129E+01 -9.0476E+01
0003783   1.7862E+02 -2.1774E+02 -1.6436E+02
0003784   2.9869E+02  1.3129E+02  1.0648E+02
0003785   3.1774E+02 -1.2066E+00  2.9086E+02
0003786   6.1254E+02  8.4067E+00 -3.7610E+01
0003787   3.7240E+02  5.9520E+01 -1.9369E+02
0003788   2.8547E+02 -1.1173E+02  5.7493E+01
0003789   1.1942E+02 -2.0603E+02  1.1919E+02
0003790   2.0813E+02  1.0358E+02  6.6421E+01
0003791   1.3143E+02  4.5719E+01  5.9213E+01
0003792   2.5601E+02 -1.5826E+02 -5.0359E+01
0003793   5.0844E+02  2.2182E+02 -2.0069E+01
0003794   2.8257E+02  2.7985E+01  2.1233E+01
0003795   1.6487E+02  8.3042E+01  5.4773E+01
0003796   3.2079E+02  2.6317E+01  5.9900E+01
0003797   1.2971E+02 -7.3965E+01  2.7414E+02
0003798   2.0519E+02 -4.3192E+01 -9.9432E+01
0003800   1.0042E+02  1.2743E+02 -4.5264E+01
0003801   5.6300E+01  3.9786E+01 -9.4778E+01
0003802   3.3821E+02  1.2266E+02  1.8261E+01
0003803   1.6420E+02  5.6908E+00 -1.4361E+02
0003804   4.3687E+02 -6.2071E-01  3.6948E+01
0003805   3.5248E+02  8.3362E+01 -3.1570E+01
0003807   4.9394E+02 -3.5668E+01  3.0338E+02
0003808   6.1556E+02  3.0486E+02  2.7237E+01
0003809   1.6241E+02  8.2586E+01 -1.8729E+02
0003811   1.2217E+02  1.3433E+02  1.1996E+02
0003812   3.6732E+02  1.9169E+02 -2.1472E+01
0003814   2.4628E+02  9.7239E+00  1.5608E+02
0003815   2.8511E+02  3.1018E+01  4.1749E+00
0003816   4.0062E+01  1.2851E+02  1.9920E+02
0003817   7.7238E+01  1.4187E+00 -9.4980E+01
0003818   1.3615E+02  3.1227E+01 -2.6892E+01
0003819   5.7474E+02 -1.1992E+01  4.4468E+01
0003820   1.3823E+02 -1.2960E+02 -1.7162E+02
0003821   1.1007E+02 -6.4250E-01  3.0623E+02
0003822   1.6868E+02 -4.3911E+01 -1.5567E+01
0003823   2.6434E+02 -8.7759E+00 -7.9838E+01
0003824   4.0546E+02 -1.0148E+02 -2.2391E+02
0003825   3.3445E+02  8.3134E+01 -2.3039E+02
0003826   3.2215E+02  9.8298E+01 -1.6052E+02
0003827   2.7896E+02  4.1578E+01  6.8200E+01
0003828   2.3039E+02 -1.5639E+02 -1.0063E+02
0003829   7.2597E+01 -1.0257E+02  4.3219E+01
0003830   1.2277E+02  3.4418E+01  1.1030E+02
0003831   3.5981E+02  7.5668E+01  1.8921E+02
0003832   1.6617E+02 -2.4272E+02 -1.7683E+01
0003833   2.8065E+02 -8.9034E+01  2.0744E+02
0003834   1.3704E+02 -6.6742E-01  8.3132E+00
0003835   1.5940E+02 -6.4788E+01  7.1370E+01
0003836   1.8060E+02 -1.3530E+02  3.6782E+02
0003837   3.1363E+02  2.1503E+02  1.2605E+02
0003838   5.9638E+01 -1.0440E+02  1.0493E+02
0003839   3.4708E+02  1.0213E+02  3.7227E+01
0003840   2.8636E+02 -2.8668E+01  1.6244E+02
0003841   3.7160E+02  2.3588E+02  7.0985E+01
0003842   1.6374E+02  7.6965E+00 -3.9467E+01
0003843   1.4573E+02  5.7122E+01 -8.4288E+01
0003844   2.0966E+02 -1.2252E+02 -1.9488E+02
0003845   2.2329E+02 -1.1417E+02  2.7127E+02
0003846   3.8152E+01  7.0131E+01  7.5971E+01
0003847   1.2279E+02 -1.6866E+02  2.0474E+02
0003848   4.8199E+02  2.0808E+02 -9.5361E+01
0003849   3.3081E+02 -3.8316E+01 -1.5963E+02
0003850   2.0369E+02 -1.1348E+02  4.4094E+01
0003851   3.1229E+02 -1.5795E+02  5.2787E+01
0003852   2.3918E+02 -3.1865E+02 -4.9482E+01
0003853   8.6268E+01 -8.0099E+01 -1.4825E+01
0003854   4.4434E+02 -1.2545E+02  7.5442E+01
0003855   1.1795E+02 -1.6987E+02 -2.1099E+02
0003856   4.9313E+02 -2.9964E+02 -2.5998E+02
0003857   1.4201E+01 -2.1090E+01  3.7290E+01
0003858   2.6522E+02 -1.8836E+02 -6.7417E+01
0003859   1.8837E+02  7.5741E+01  1.4536E+02
0003860   1.0219E+02 -5.7146E+01  7.7490E+00
0003861   1.9908E+02 -9.7681E+01  2.1124E+01
0003862   1.6293E+02 -2.5054E+01  2.5116E+01
0003863   1.5467E+01 -1.0814E+02  1.7051E+01
0003864   6.0561E+01 -3.7379E+01  4.5572E+01
0003865   3.1919E+02  1.4324E+02 -5.6937E+01
0003866   3.4618E+02 -1.3595E+02 -9.6497E+01
0003867   1.7581E+02 -1.3886E+02 -6.8333E+01
0003868   3.4572E+02  1.4064E+02  1.9819E+02
0003869   3.4227E+01 -4.6143E+01  1.2189E+02
0003870   1.2816E+02  1.2628E+02 -5.0975E+01
0003871   5.2729E+01 -3.5630E+01 -2.3186E+02
0003872   4.7967E+02  2.4932E+01 -1.8616E+02
0003873   4.7431E+02  6.5786E+01  1.2086E+01
0003874   9.0702E+01 -4.3606E+01 -3.7296E+01
0003875   1.2470E+02 -4.6186E+00  1.5591E+02
0003876   2.8941E+02  1.0594E+02  3.1631E+01
0003877   2.7600E+02  6.2825E+01  4.5138E+01
0003878   3.9705E+02  6.5438E+01 -2.0263E+00
0003879   2.9332E+02  2.3701E+01  5.2023E+00
0003880   5.8616E+02  1.0727E+02 -2.1175E+02
0003881   2.6374E+02 -7.6044E+00 -5.5370E+01
0003882   3.1756E+02 -2.4972E+02  1.4821E+02
0003883   1.2394E+02  1.1742E+02 -1.3565E+01
0003884   2.9645E+02 -1.4507E+01 -6.3468E+01
0003885   4.1739E+02  1.8626E+02  3.6079E+01
0003887   8.3958E+01  8.4872E+01  5.0765E+01
0003888   2.2461E+02  9.5592E+01  3.8010E+01
0003889   1.1501E+00 -5.0459E+01  7.7531E+00
0003890   4.5225E+02 -2.4131E+02 -3.0933E+01
0003891   4.4287E+01 -1.2767E+02 -4.5154E+01
0003892   2.5784E+02 -1.3227E+02 -4.1644E+01
0003893   1.3678E+02  1.0425E+02 -2.3310E+02
0003894   3.4353E+02  3.3208E+02  3.3107E+01
0003895   2.8045E+02  3.3021E+02  1.1924E+02
0003896   2.8529E+02  5.5441E+01  3.8762E+01
0003897   2.8505E+02  6.3484E+01 -5.4727E+01
0003898   3.7614E+02 -3.5688E+02 -2.5129E+02
0003899   1.5018E+02  7.0804E+01  1.2620E+02
0003900   4.6967E+02  5.2827E+01 -7.3119E+01
0003901   4.4041E+02  1.2814E+02  1.7569E+02
0003902   2.0723E+02 -1.4520E+01  4.1603E+01
0003903   4.1331E+02  6.1553E+01 -3.0371E+02
0003904   2.3365E+02  2.6207E+01  2.6268E+02
0003905   2.9624E+02 -2.7799E+02  6.3614E+01
0003906   3.2140E+01  1.2226E+02  2.2264E+02
0003907   3.1835E+02 -1.1819E+02  1.0226E+02
0003908   2.1673E+02  2.2085E+02 -8.3720E+01
0003909   2.3954E+02 -2.2311E+02  9.3257E+01
0003910   2.9062E+02 -2.1248E+02 -2.2346E+02
0003911   3.8240E+02  2.3989E+02 -3.8174E+00
0003912   1.8277E+02  1.9989E+02  8.9792E+01
0003913   4.2433E+01 -3.4219E+01 -5.0268E+00
0003914   4.1173E+02 -1.1925E+02 -2.0675E+02
0003915   3.2719E+02  1.1038E+02  3.2691E+02
0003916   2.0732E+02 -9.1509E+01  9.9998E+01
0003917   3.8036E+02 -4.8122E+01 -7.8045E+01
0003918   9.8356E+01 -6.9243E+01 -4.5089E+01
0003919   2.6486E+02 -1.4292E+02  2.6571E+02
0003920   2.4014E+02  7.1464E+01 -3.2633E+01
0003921   2.0680E+02  9.4318E+01  1.5203E+02
0003922   1.3539E+02 -2.7753E+01 -2.7248E+01
0003923   1.2809E+02 -6.0670E+01  5.6149E+01
0003924   3.5842E+02  1.0138E+01 -3.1632E+02
0003925   2.9404E+02 -1.0234E+01 -4.0729E+01
0003926   6.2067E+02  3.0120E+02 -3.6500E+01
0003927   1.1508E+02  5.6239E+01 -6.9276E+01
0003928   1.1658E+02 -1.3506E+01 -4.8067E+01
0003929   3.8231E+02  1.3698E+02 -2.6980E+02
0003930   3.2883E+02  1.2400E+02 -3.3650E+01
0003931   4.3248E+02 -3.6173E+01  2.0150E+01
0003932   1.1720E+02 -1.6211E+02 -6.3602E+01
0003933   2.7182E+02  4.4714E+01  2.8017E+01
0003934   4.5326E+02  5.1230E+00  2.3872E+02
0003935   8.2606E+00 -1.0947E+02  3.8368E+01
0003936   5.1399E+02  1.6212E+01 -1.8543E+02
0003937   3.2173E+02 -8.6098E+01  1.6275E+02
0003938   4.9964E+02  2.0829E+02  9.5710E+01
0003939   3.1004E+02 -9.4102E+01  6.6774E+01
0003940   5.4391E+01  9.9305E+01 -2.5457E+02
0003941   2.6961E+02 -1.3410E+02  2.0850E+02
0003942   1.7580E+02 -1.9561E+02 -1.6415E+02
0003943   2.2996E+02 -1.5970E+01  2.2536E+01
0003944   1.8957E+02 -1.7676E+02 -1.2642E+02
0003945   3.3210E+02 -5.2634E+01  9.0823E+01
0003946   1.5315E+02  1.2926E+02 -8.5405E+00
0003947   1.6856E+02 -6.5532E+01  3.1285E+01
0003948   1.7001E+02 -4.1826E+01 -6.3823E+01
0003949   1.7095E+02  1.2762E+02  4.5379E+00
0003950   2.3208E+02  7.2354E+01 -1.7902E+02
0003952   2.7324E+02  1.2778E+01  1.9240E+02
0003953   1.9693E+02 -1.6224E+02  2.0318E+01
0003954   4.3526E+02  2.4449E+02 -9.6685E+01
0003955   2.4503E+02 -1.3041E+02 -1.0522E+02
0003956   2.5722E+02 -1.7926E+02 -2.2307E+01
0003957   1.4911E+02  7.3868E+01 -6.1127E+01
0003958   1.0463E+02 -9.8490E+01 -4.0532E+01
0003959   3.7214E+01  8.2575E+01 -4.5049E+01
0003960   6.3568E+02  8.3836E+01  6.6883E+01
0003961   3.7088E+02  7.9201E+01 -1.2811E+02
0003962   1.1782E+02 -4.0421E+02 -1.8879E+02
0003963   4.3363E+02  8.9180E+01  6.4980E+01
0003964   3.8066E+01  8.0340E+00 -2.7693E+00
0003965   2.0000E+02  5.5294E+01 -1.8944E+02
0003966   3.1782E+02  1.9207E+02  1.0959E+02
0003967   4.1150E+02  5.8447E+01  1.7056E+01
0003968   5.8116E+01 -1.1647E+02  1.5921E+02
0003969   1.0597E+02 -1.5568E+02 -1.8601E+02
0003970   5.4975E+02 -7.7829E+01  2.1074E+02
0003971   3.1860E+02 -3.9670E+01  2.2277E+01
0003973   2.4304E+02 -8.6309E+01  2.1963E+02
0003974   4.1789E+02  1.0906E+02  1.9265E+02
0003975   1.6108E+02 -3.8909E+01  1.5646E+01
0003976   1.6507E+02 -6.8938E+01 -6.4059E+01
0003977   1.1345E+02 -1.1221E+02 -1.4755E+02
0003978   2.0071E+02 -5.5749E+01  4.0886E+01
0003979   6.1935E+01 -7.3907E+01  1.6571E+02
0003980   1.7645E+02 -3.1987E+00  2.1745E+01
0003981   3.3074E+02  6.8228E+01 -5.6438E+01
0003982   1.7260E+02  5.1677E+01  1.7058E+01
0003983   1.2930E+02  2.2665E+02  2.5853E+02
0003984   3.9721E+02 -1.2640E+02 -4.1784E+02
0003985   2.0482E+02  4.7951E+01  1.1388E+02
0003986   6.0332E+02 -5.6310E+01 -4.5540E+00
0003987   1.9456E+02  1.3782E+02  7.2490E+01
0003988   2.3581E+02 -2.5225E+02 -7.2152E+01
0003989   7.6999E+01 -9.3920E+00 -3.1621E+01
0003990   2.7914E+02 -8.4477E+01 -1.3136E+02
0003991   4.0349E+02  7.1965E+01  3.1448E+01
0003992   3.0344E+02 -1.0650E+02  1.9894E+02
0003993   4.7183E+01 -6.5128E+01  4.4424E+01
0003994   2.6178E+02 -5.9411E+01  2.9742E+02
0003995   2.4232E+02  5.5426E+01 -5.8084E+01
0003996   2.7749E+01  6.5925E+01 -2.4664E+02
0003997   3.7924E+01 -4.6104E+01 -6.5237E+01
0003998   3.0078E+02 -2.3509E+02  6.3603E+00
0003999   2.4153E+02 -6.2686E+00 -1.0124E+01
0004000   4.6641E+02 -1.5620E+01 -1.1928E+02
0004001   4.4652E+02  5.9605E+01 -2.2002E+02
0004002   8.2916E+01  1.5215E+02  5.9562E+01
0004003   3.8267E+02  4.7523E+01  2.5325E+02
0004004   5.3323E+02  1.0653E+02 -9.5288E+01
0004005   2.7009E+02  1.4810E+02  1.7021E+00
0004006   4.4009E+02 -1.8201E+01 -8.3833E+01
0004007   1.0127E+02  1.8548E+01 -4.1897E+01
0004008   9.1592E+01 -8.1896E+01 -9.3721E+00
0004009   1.5788E+01  4.3495E+01 -5.4123E+01
0004010   1.0313E+02  2.1253E+02  3.7299E+01
0004011   2.6787E+02 -2.6831E+02  2.1153E+02
0004012   2.0861E+02  1.0512E+02  6.6115E+01
0004013   2.3153E+02 -1.2483E+02  2.0247E+02
0004014   1.3249E+02 -7.6043E+01 -1.0226E+02
0004015   2.4553E+02 -8.4650E+01 -1.0333E+02
0004016   1.5591E+02  1.0482E+00 -4.6650E+01
0004017   2.1269E+02  2.9791E+01 -2.8665E+02
0004018   2.0895E+02  1.0641E+02  1.6265E+02
0004019   2.3370E+02  1.2969E+02 -1.6731E+02
0004020   3.4057E+02  2.6886E+02  1.9446E+01
0004021   1.1892E+02 -1.4173E+02  2.5601E+02
0004022   1.2890E+02  3.0637E+01  9.9292E+01
0004023   1.6011E+02  2.2043E+02  3.0817E+02
0004024   2.6708E+02 -1.2559E+02  1.5525E+02
0004025   2.3542E+02 -1.6048E+02  8.9531E+01
0004026   4.9128E+02  1.0972E+01 -2.7461E+02
0004027   2.4080E+02 -3.6653E+02  1.2083E+01
0004028   2.5241E+02 -1.2615E+01  1.2489E+02
0004029   1.9686E+02 -5.3267E+01  1.1558E+02
0004030   2.7663E+02 -5.6191E+01  2.0568E+02
0004031   2.1521E+02 -2.3270E+02  1.5850E+02
0004032   1.0747E+02 -3.8279E+01  4.6717E+02
0004033   5.5454E+02  5.6925E+01  2.4969E+02
0004035   4.7675E+02 -4.7343E+01 -2.7490E+02
0004037   3.5458E+02 -6.0271E+01  4.1768E+01
0004038   3.7064E+02 -1.3862E+02 -1.1158E+02
0004040   2.7999E+02  1.5612E+02 -1.8951E+02
0004041   6.4850E+01 -1.8924E+02 -1.2213E+02
0004043   3.4979E+02 -2.4257E+01 -9.9181E+01
0004044   8.5512E+01 -6.9032E+01 -2.3221E+02
0004045   1.9997E+02 -1.7999E+02 -1.4325E+02
0004046   5.9513E+01  7.6619E+01  1.8942E+02
0004047   1.1087E+02  9.4088E+00  5.3825E+01
0004048   1.2878E+02 -4.0868E+00  3.2925E+02
0004049   4.8727E+02 -5.6942E+01 -1.5849E+02
0004050   2.5544E+02  1.2071E+01 -1.9711E+02
0004051   3.3834E+02  1.8616E+02  1.4755E+02
0004052   3.2304E+02  3.0249E+02 -1.8282E+02
0004053   9.2553E+01  3.8181E+01 -1.2992E+02
0004054   4.9813E+02  2.1321E+02 -1.9956E+02
0004055   1.6424E+01 -3.4595E+01  4.9366E+01
0004056   1.3465E+02  4.5670E+01 -1.2960E+02
0004057   3.4566E+02  6.7947E+01  3.5224E+00
0004058   5.1050E+01  4.1498E+01 -1.8684E+02
0004059   5.0582E+02  1.9385E+02 -2.0260E+01
0004060   1.1189E+02  1.0746E+02  1.2735E+02
0004061   3.2882E+02 -1.9118E+02 -3.9920E+01
0004062   3.6307E+02 -2.8827E+02  3.1202E+02
0004063   2.0444E+02  1.1325E+02  5.2967E+01
0004064   4.8506E+02 -3.4833E+02 -1.1187E+01
0004065   5.4439E+02 -1.4878E+01 -2.8102E+02
0004066   6.3406E+01 -3.0183E+01  4.6859E+00
0004067   2.3096E+02 -1.9760E+02 -2.0508E+02
0004068   4.6911E+02  4.8383E+01 -5.6076E+01
0004069   1.9351E+02  2.1235E+02  1.9678E+02
0004070   1.0661E+01 -9.4234E+01 -2.1651E+01
0004071   3.1371E+02 -1.6515E+02 -2.8180E+02
0004072   4.0583E+02 -5.1093E+01  9.6824E+01
0004073   3.0376E+02 -2.0167E+02  1.9695E+02
0004074   3.8394E+02 -1.5671E+02 -9.5557E+01
0004075   3.4739E+02 -2.3692E+02  2.1838E+02
0004076   1.8186E+02 -1.1727E+02 -8.0902E+01
0004077   2.8520E+02 -1.0667E+02  1.1187E+02
0004078   3.7954E+02 -7.0415E+01 -4.0484E+01
0004079   1.2478E+02  2.9277E+01 -2.3877E+01
0004080   9.1027E+01  7.3703E+01 -1.4439E+02
0004081   7.6637E+01 -1.0166E+02 -6.0541E+01
0004082   9.6117E+01  1.1767E+02 -2.8158E+01
0004083   2.3854E+02  2.7377E+01  5.5683E+01
0004084   2.7772E+02  2.4585E+02  3.1801E+02
0004085   2.6009E+02  8.4610E+01  6.0088E+01
0004086   3.6797E+02  1.2937E+02 -1.2930E+02
0004087   2.4020E+02  2.0010E+00  3.6714E+02
0004088   5.2744E+01 -5.8162E+01 -2.7252E+02
0004090   3.5620E+02  2.5710E+02 -8.8020E+01
0004091   1.6162E+02  7.8488E+01 -1.8455E+01
0004093   3.1257E+02 -1.0356E+02 -1.8787E+02
0004094   6.8619E+02  2.1122E+02  1.7748E+01
0004095   2.9968E+02  4.9535E+01 -1.4408E+02
0004096   1.2868E+02 -1.1419E+02 -4.2784E+01
0004097   2.0954E+02 -3.8647E+01  2.5838E+02
0004098   4.8044E+02  8.9282E+01  2.1231E+01
0004099   2.4258E+02  2.3917E+01 -2.0699E+02
0004100   4.6839E+02  1.2266E+02  9.4760E+01
0004101   5.5936E+02 -5.4184E+01  1.9938E+01
0004102   1.4815E+02 -4.8390E+00  3.8397E+01
0004103   2.0950E+02 -5.0965E+01  2.0494E+02
0004104   2.8480E+02 -1.0372E+02 -3.4199E+02
0004105   1.6576E+02 -5.8131E+01  2.1938E+01
0004106   3.2970E+02  1.6658E+01 -4.6926E+01
0004107   3.7567E+02 -2.7099E+02 -1.4347E+02
0004108   3.0115E+02 -1.5559E+02 -2.4322E+01
0004109   3.4074E+02 -1.4909E+01  1.6091E+01
0004110   1.1410E+02  1.3211E+01 -1.0416E+02
0004111   1.5777E+02  1.6664E+02  1.8829E+02
0004112   1.0667E+02 -4.7200E+01 -5.9665E+01
0004113   2.7283E+02  2.5616E+01 -1.7076E+01
0004114   2.4443E+02 -5.4756E+01  5.4372E+01
0004115   2.3526E+02  6.3204E+01  5.5459E+01
0004116   4.7090E+02  3.0383E+02 -2.9370E+02
0004117   4.3695E+02  5.5699E+01  8.1298E+01
0004118   1.8894E+02 -1.0942E+02  4.1966E+01
0004119   3.0926E+02 -1.1197E+01  1.3165E+02
0004120   2.6314E+02  4.6105E+01  4.5027E+01
0004121   2.0157E+02 -3.2748E+00  2.1200E+01
0004122   1.1774E+02  3.6107E+01 -3.0849E+01
0004123   1.5519E+02  8.1876E+01  2.6891E+02
0004124   8.4544E+01 -1.9020E+01  6.6231E+01
0004125   2.3669E+02  1.7514E+01 -7.0836E+01
0004126   3.8280E+02 -9.8366E+01  1.3812E+02
0004127   3.5655E+02  1.0611E+02  5.9299E+01
0004128   4.9528E+02  8.4074E+01 -1.0955E+02
0004129   2.4683E+02 -8.6851E+01 -4.7377E+01
0004130   1.3834E+02  9.3558E+00 -3.0569E+01
0004131   1.8107E+02  4.7027E+00  6.3778E+01
0004132   1.0953E+02  1.2735E+02 -6.3562E+01
0004133   2.9790E+02 -2.0104E+01  8.5085E+01
0004134   1.1342E+02  6.8423E+01 -3.6265E+01
0004135   3.2690E+02 -2.1141E+01 -1.3541E+02
0004136   1.9339E+02 -2.9813E+01 -3.4116E+01
0004137   3.9213E+02  6.0357E+01 -2.2238E+02
0004138   3.7916E+02  5.8972E+01 -1.3699E+02
0004139   4.6078E+02 -1.7447E+02 -7.3130E+01
0004140   3.7647E+02 -1.1237E+02 -1.4358E+02
0004141   1.7540E+02 -1.4492E+02 -2.5985E+02
0004142   1.3971E+02 -8.3255E+01 -4.3885E+01
0004143   2.6930E+02  3.3500E+00  4.2766E+01
0004144   2.3766E+02 -1.0475E+02 -4.2809E+01
0004145   1.2626E+02  5.3244E+01  9.0282E+01
0004146   2.0284E+02  1.4756E+01 -7.2103E+01
0004147   2.7915E+02 -7.9584E+01 -1.4470E+02
0004148   2.8034E+02 -7.1092E+01  8.0933E+01
0004149   1.5605E+02 -2.3275E+01  5.1841E+01
0004150   4.3794E+02 -1.5567E+02  8.7712E+01
0004151   1.0595E+02 -5.1299E+01 -9.1385E+01
0004152   1.9584E+02  6.7980E+01  6.8496E+01
0004153   2.3662E+02 -1.2687E+01 -2.9144E+02
0004154   2.0815E+02  2.6998E+01  1.0346E+02
0004156   3.7178E+02  2.4188E+02 -1.9836E+02
0004157   1.3915E+02 -2.8166E+02  1.4989E+02
0004158   3.0635E+02 -6.4664E+01 -1.3972E+01
0004159   7.3906E+01 -7.8558E+01  1.0560E+01
0004160   5.7257E+01  4.1962E+01  1.4547E+01
0004161   3.0368E+02  2.0206E+02 -4.9285E+01
0004162   5.0458E+02  1.0411E+02 -9.7196E+01
0004163   8.8557E+01  2.9534E+00  4.8487E+01
0004164   1.6894E+02 -1.0075E+02 -2.2332E+01
0004165   3.5996E+02  7.3255E+01  2.9696E+01
0004166   4.6677E+02 -8.5924E+01  2.4751E+01
0004167   3.1778E+02 -6.9563E+01 -1.6951E+02
0004168   3.6118E+02  1.6751E+02 -1.6082E+02
0004169   1.4673E+02 -1.6303E+01  1.5419E+02
0004171   2.6626E+02  7.1117E+00 -1.0638E+02
0004172   3.8556E+02 -5.7174E+01  5.9405E+01
0004173   1.9772E+02  4.3536E+01  1.1655E+01
0004174   2.8606E+02 -1.6582E+01  6.6051E+01
0004175   4.0596E+02 -1.6568E+02 -4.9679E+01
0004176   1.8936E+01 -2.1055E+01  7.6951E+01
0004177   4.3262E+02  1.3205E+02 -2.6410E+01
0004178   2.2339E+02 -4.9013E+02  1.3220E+01
0004179   2.5636E+01  7.1803E+01 -1.4354E+02
0004180   7.9111E+01 -1.3501E+02 -4.1177E+01
0004181   2.1420E+02  1.1414E+01  1.8424E+02
0004182   4.0363E+02  1.7407E+02 -3.4535E+02
0004183   3.1322E+02 -1.0692E+02  5.4311E+01
0004184   2.8737E+02  8.5476E+01 -4.9769E+01
0004185   3.5680E+02  5.3856E+01  6.0986E+01
0004186   2.6089E+02 -1.7219E+01  8.4728E+01
0004187   1.3628E+01  1.8167E+02 -1.2228E+02
0004188   2.0779E+02 -3.8168E+02  1.3295E+02
0004189   2.1922E+02  7.1624E+01  7.5216E+01
0004190   5.1080E+02  1.5806E+01 -4.1334E+01
0004191   4.6148E+02  1.0175E+02  1.7046E+02
0004192   1.5804E+02  2.0130E+02  2.5035E+02
0004193   1.0876E+02 -7.2104E+01  2.3422E+01
0004194   2.3063E+02  4.3557E+01  3.7727E+01
0004195   2.3255E+02  5.0819E+01 -1.3243E+02
0004196   2.4448E+02 -3.8826E+01  1.6286E+02
0004197   7.8266E+01  1.6587E+02 -5.3537E+01
0004198   2.4148E+02 -2.2486E+02  3.8891E+01
0004199   2.6973E+02 -8.2349E+00  1.8686E+02
0004200   3.1469E+02 -2.3511E+02 -3.3454E+01
0004201   1.5839E+02 -8.4250E-01 -6.1896E+01
0004202   3.3525E+02 -3.2674E+02  2.8503E+02
0004203   1.6465E+02  5.6749E+01  1.2728E+02
0004204   5.9340E+02 -1.9209E+02  6.7299E+01
0004205   2.2589E+02 -6.0772E+00 -5.7585E+01
0004206   2.0975E+02  6.5004E+01  5.5169E+01
0004207   2.0444E+02 -1.3664E+01 -2.1634E+02
0004208   2.7975E+02  2.5771E+02 -1.1355E+02
0004209   3.6435E+01 -1.7457E+02 -1.8128E+01
0004210   3.1115E+02 -9.4644E+01  3.1467E+02
0004212   2.3300E+02  1.3458E+02  2.5693E+02
0004213   4.9277E+02  1.0371E+02 -8.5837E+01
0004214   3.9710E+02 -4.8012E+01 -2.7570E+02
0004215   1.9632E+02  7.5399E+01 -7.8498E+01
0004216   6.8364E+02  2.8820E+02  4.3572E+01
0004217   2.2199E+02 -1.1724E+02 -2.3484E+02
0004218   1.9675E+02  1.5390E+02 -2.1689E+01
0004219   1.2474E+02  1.3703E+02 -3.6087E+02
0004220   2.6768E+02  1.9271E+02 -1.1767E+02
0004221   6.3376E+01  1.5122E+01 -1.9544E+02
0004222   2.4843E+02  9.9867E+00 -9.7659E+00
0004223   3.1664E+02 -1.4830E+02 -6.0168E+01
0004224   2.0168E+02 -7.4570E+01 -1.2018E+02
0004225   1.3339E+02  7.0783E+01 -1.0865E+02
0004226   5.4542E+02 -1.7489E+02  7.9338E+01
0004227   2.6780E+02 -1.6740E+01  1.7927E+02
0004228   2.5253E+02  3.2376E+01 -1.1549E+02
0004229   4.5464E+02 -7.3980E+01 -8.8137E+01
0004230   1.3914E+02 -1.8253E+02 -2.1677E+01
0004231   1.9781E+02 -8.8626E+01 -1.1419E+01
0004232   3.7144E+02 -9.8920E+00  5.5891E+01
0004233   1.7203E+02  4.6023E+01 -9.3655E+01
0004234   2.4615E+01 -1.7132E+02  1.8284E+02
0004235   5.5144E+01  8.3092E-01 -4.2972E+01
0004236   5.2613E+02  3.0410E+02  5.9947E+00
0004237   3.0087E+02  8.9625E+01  7.8907E+01
0004238   5.4693E+02  4.5954E+00  4.2227E+02
0004239   3.9261E+02  2.1819E+01 -3.2669E+02
0004240   1.1445E+02  5.9347E+01 -7.4081E+01
0004241   1.5206E+02 -7.3305E+01  2.6470E+02
0004242   9.0410E+01  3.6332E+01 -2.8370E+01
0004243   2.6265E+02  1.5136E+02 -6.9615E+00
0004244   4.1346E+02  1.3758E+02  9.3525E+01
0004245   1.8751E+02 -9.1247E+01  3.9500E+02
0004246   1.1778E+01 -4.7617E+01  7.0843E+00
0004247   5.1459E+02 -1.1121E+02  1.5928E+02
0004248   2.1111E+02  1.0279E-01 -1.4153E+02
0004249   3.3187E+02 -4.0516E+01  1.1890E+02
0004250   2.8921E+02 -2.9359E+01  2.2621E+01
0004251   1.8540E+02 -2.8641E+00 -1.9726E+02
0004252   4.6345E+02 -3.3043E+01  1.5334E+02
0004253   2.1972E+02  1.0373E+02  7.0551E+01
0004254   7.2674E+01 -1.2447E+01  2.0045E+02
0004256   4.4960E+02 -1.7630E+02  1.8177E+02
0004257   5.4300E+01  1.3555E+02 -1.4686E+02
0004258   1.1578E+02 -2.2938E+02 -6.3696E+01
0004259   2.4267E+02  9.6589E+01  7.6203E+01
0004260   3.6703E+02  2.8480E+02 -8.6899E+01
0004261   1.6389E+02  3.6676E+01  6.8088E+00
0004262   6.2883E+02 -2.1741E+02  1.0783E+02
0004263   1.1392E+02  7.4790E+01 -1.9765E+01
0004264   2.2702E+02 -1.5694E+02 -2.1967E+01
0004265   3.3442E+02  3.1699E+02 -1.2151E+02
0004266   1.7834E+02 -2.2066E+02 -9.2270E+01
0004267   3.4762E+02 -1.1016E+02  1.6056E+01
0004268   6.1543E+01  7.1983E+01  3.1371E+01
0004269   4.1104E+02 -1.3973E+01 -2.9260E+01
0004270   1.8700E+02 -1.4233E+01  8.9406E+01
0004271   3.2824E+02  2.2314E+02  1.9139E+02
0004272   3.3514E+02  4.4987E+01 -2.9694E+02
0004273   8.5308E+01  4.6693E+01 -9.2177E+01
0004274   3.3686E+02 -1.3846E+02 -3.0539E+02
0004275   2.5118E+02 -9.5193E+01  7.7065E+01
0004276   1.7961E+02 -1.5586E+02 -5.5685E+01
0004277   2.3525E+02  1.4483E+01 -4.4557E+01
0004278   1.0246E+02 -4.7372E+01  3.7620E+01
0004279   2.1203E+02 -2.0337E+01 -9.2150E+01
0004280   4.3437E+02  9.7353E+01  1.7592E+02
0004281   2.8655E+02  6.7298E+01 -3.2458E+01
0004282   3.6963E+02 -1.8840E+02 -9.3463E+01
0004283   2.3370E+01  4.4619E+01  5.3088E+01
0004284   2.2779E+02  9.0897E+00  2.8361E+02
0004285   2.4893E+02  1.3734E+02 -8.9186E+01
0004286   3.4341E+02 -1.4966E+02  3.1765E+01
0004287   2.1561E+02 -3.4575E+01 -5.3051E+01
0004288   7.0957E+01  9.3973E+01  6.2415E+01
0004289   2.8705E+02  7.5671E+01 -2.6349E+02
0004290   5.7746E+01 -2.9108E+01  3.0802E+01
0004291   4.2450E+02  1.7739E+02  9.7781E+01
0004292   2.7128E+02  3.2595E+01 -8.3903E+01
0004293   4.9079E+02  1.6646E+02 -7.3114E+01
0004294   2.1806E+02 -1.7335E+02  1.6126E+01
0004295   2.9568E+02 -1.4660E+02 -2.3572E+02
0004297   1.9461E+02 -9.3161E+01  2.1363E+01
0004298   4.6187E+02 -3.7065E+01 -2.1936E+02
0004299   4.3510E+02  2.4670E+02  2.4308E+02
0004300   2.1631E+02  8.2476E+01 -1.7661E+02
0004301   2.8511E+02 -1.8609E+02  5.2997E+01
0004302   3.1710E+02  8.6485E+01  5.1546E+01
0004303   5.5092E+01  5.6720E+01 -2.6635E+02
0004304   2.7947E+02 -1.5168E+02 -3.4333E+02
0004305   1.7665E+02 -3.6124E-01  3.9231E+01
0004307   4.5675E+02 -4.8233E+01  3.6345E+02
0004308   4.1592E+02  1.0927E+01  1.4764E+02
0004309   2.6174E+02  1.3016E+02  4.2308E+01
0004310   3.2308E+02  2.7467E+01  2.2319E+02
0004311   3.0752E+02  4.7128E+01  1.7151E+01
0004312   2.9383E+02 -1.3458E+02  3.8495E+01
0004313   3.7619E+02 -2.1297E+01 -2.2863E+02
0004314   3.1155E+02 -9.2620E+01 -6.9985E+01
0004315   1.8935E+02 -1.8288E+02 -9.9200E+01
0004316   3.9300E+02 -3.6006E+02 -7.3247E+01
0004317   4.3015E+02 -7.4145E+01 -2.6526E+02
0004318   3.1441E+02 -6.8018E+01 -8.7726E+01
0004319   1.3770E+02 -6.0934E+01 -9.7580E+01
0004320   1.6926E+02 -2.1158E+02  5.3614E+01
0004321   1.4279E+02 -4.8821E+00 -1.5943E+01
0004322   1.7175E+02  2.0000E+01  1.2817E+01
0004323   3.0642E+02 -1.7948E+02  1.5371E+02
0004324   4.5077E+02  8.0337E+01 -5.9731E+01
0004325   2.6156E+02  1.4401E+01  2.7571E+02
0004326   3.4261E+02 -1.9350E+02 -2.1443E+02
0004327   4.1142E+02  7.8426E+01 -2.3997E+01
0004328   2.7496E+02  5.6997E+01 -4.9170E+01
0004329   2.0688E+02 -3.2956E+02 -8.7583E+01
0004330   1.9695E+02 -1.8368E+02  7.7321E+00
0004331   2.3267E+02 -6.3947E+01 -3.7304E+01
0004332   5.3414E+02  2.0811E+02 -1.4511E+02
0004333   2.4862E+02 -1.6200E+00  2.6674E+01
0004334   4.8703E+02 -5.4201E+01 -1.5850E+01
0004335   2.0095E+02 -1.3445E+02 -5.8481E+01
0004336   2.8440E+02 -1.4108E+02  3.1664E+02
0004337   9.1662E+01 -1.8921E+02  7.2869E+01
0004338   1.0991E+02 -1.1216E+02  3.6684E+01
0004339   5.5174E+02  4.5227E+00 -5.4870E+01
0004340   1.5177E+02 -1.0304E+00 -4.6742E+01
0004341   3.5570E+02 -6.4700E+01  1.1700E+02
0004342   3.9712E+02 -2.4613E+02  1.1765E+02
0004343   1.7414E+02 -2.4913E+02 -2.8470E+01
0004344   2.6409E+02  1.5627E+02  1.8236E+02
0004346   9.6904E+01  1.0575E+02  9.3664E+01
0004347   2.6192E+02  1.7764E+02 -3.4401E+01
0004348   2.2924E+02  2.8327E+01 -3.5327E+02
0004349   4.1980E+02  1.8471E+02  7.0373E+01
0004350   3.3433E+02 -7.2453E+01  1.1849E+02
0004352   1.8838E+02  1.1272E+01 -1.0316E+02
0004353   2.9840E+01  8.9006E+01 -8.1031E+00
0004354   3.1931E+02 -1.1369E+02 -1.4972E+02
0004355   2.9210E+02  6.3803E+01  1.1973E+02
0004356   4.2590E+02  2.0505E+02  1.0985E+02
0004357   1.5895E+02  1.4388E+02 -2.5845E+02
0004358   1.0209E+02  1.8771E+02 -2.3844E+02
0004359   3.5815E+02  2.2406E+02  5.4268E+01
0004360   2.6916E+02 -5.5505E+01  8.2295E+01
0004361   4.6052E+02 -1.9330E+01  1.1056E+02
0004362   1.1362E+02  3.4874E+01 -4.5085E+01
0004363   4.4016E+02  4.8830E+01  3.5451E+01
0004364   4.8484E+02  1.3827E+02  4.1468E+01
0004365   3.0732E+02  7.5635E+01 -1.1181E+00
0004366   3.9357E+02  7.0004E+01  1.9696E+02
0004367   1.3356E+02  8.2689E+01  6.2290E+01
0004368   2.2310E+02  7.4857E+01 -7.1909E+01
0004369   1.8222E+02  4.8893E+01 -1.6694E+02
0004370   7.9141E+00  7.8678E+01  3.6284E+02
0004371   3.9443E+02 -1.7580E+02  2.0538E+01
0004372   2.9174E+02 -8.5139E+00  9.6820E+00
0004373   5.2153E+02  2.8259E+01  5.7393E+01
0004374   2.7343E+02  2.9841E+02  1.1239E+02
0004375   1.5192E+02  3.1803E+01 -4.5756E+01
0004376   4.4154E+02  1.0431E+02 -9.1152E+01
0004377   7.0270E+01 -1.0143E+02  1.4009E+01
0004378   4.7799E+02  3.0749E+01  7.9339E+01
0004379   6.1760E+02  6.5872E+01  7.7533E+01
0004380   2.1995E+02 -3.2051E+00  1.0066E+02
0004381   4.3104E+02 -6.1521E+01 -1.4943E+02
0004382   2.7732E+02  7.7434E+00  2.5000E+02
0004383   2.4193E+02 -3.5250E+01 -2.7957E+01
0004384   6.5874E+01  3.2559E+01  1.5336E+02
0004385   2.8969E+02 -2.0325E+02  1.4367E+02
0004386   2.2428E+02  7.7010E+01  5.4640E+01
0004387   5.1260E+02 -1.5354E+02 -8.0740E+01
0004388   3.9715E+02 -2.5129E+01  1.2173E+02
0004389   4.2921E+02 -6.2017E+01 -3.6201E+00
0004390   3.1630E+02  1.1975E+02 -3.0048E+01
0004391   2.6004E+02 -1.3863E+01  9.7841E-01
0004392   4.2409E+02  6.6058E+01  1.3761E+02
0004393   2.8941E+02  4.6712E+00 -8.8151E+01
0004394   1.9219E+02  1.4938E+02 -4.4099E+01
0004395   2.2394E+02 -1.6559E+02  7.9256E+01
0004396   2.0317E+02  1.4046E+01 -1.3420E+02
0004397   1.3159E+02  1.5312E+01  4.8710E+01
0004398   3.2243E+02 -1.2789E+02 -2.0012E+02
0004399   2.4467E+02  8.6551E+01 -8.4480E+01
0004400   3.1898E+02 -6.3740E+01  6.6916E+01
0004401   2.3506E+02 -1.7254E+02 -6.5459E+01
0004402   2.4358E+02  1.3162E+01  1.9064E+02
0004403   2.5115E+02 -1.6660E+01 -3.1280E+02
0004404   2.6809E+02 -1.9387E+02 -1.3673E+02
0004405   1.4291E+02  1.2895E+02  1.5553E+00
0004406   2.7395E+02 -9.9166E+01  1.4882E+02
0004407   4.4395E+02 -2.0786E+01 -9.4946E+00
0004408   3.5004E+02 -2.0780E+01  4.3598E+01
0004409   1.1235E+02 -4.4830E+01  4.6165E+01
0004410   2.4988E+02  6.6942E+01  3.7538E+02
0004411   3.2031E+02  2.5313E+01  5.1910E+01
0004412   3.7665E+02  1.7168E+02 -5.6549E+01
0004413   1.8546E+02 -3.0226E+01 -7.1364E+01
0004414   7.9991E+01  1.7921E+02 -9.0104E+01
0004415   1.9622E+02  1.2363E+02 -3.4522E+01
0004416   2.6552E+02 -1.0125E+02 -6.2806E+01
0004417   8.6393E+01  5.8066E+01  3.5374E+02
0004419   4.1788E+02 -7.0071E+01  1.4362E+02
0004420   3.4005E+02 -8.8534E+01  6.5646E+01
0004421   4.5009E+02 -2.4037E+01 -8.0211E+01
0004422   1.8280E+02  2.2862E+02 -4.1380E+01
0004423   2.2202E+02  5.1173E+01  1.9475E+02
0004424   5.3376E+02 -1.4521E+02  1.4285E+02
0004425   5.4045E+01 -8.1474E+01  4.2681E+01
0004426   2.2694E+02  1.0810E+02 -4.0585E+01
0004427   1.9992E+02 -1.6755E+02  6.3710E+01
0004428   3.6181E+02  1.2861E+02  9.8831E+01
0004429   1.0207E+01  1.3915E+02 -1.4754E+02
0004430   1.1808E+02 -1.8801E+02 -1.4446E+02
0004431   1.7047E+02 -8.8804E+01  4.4979E+02
0004432   1.5474E+02 -9.3562E+01  4.8719E+01
0004433   2.2159E+02  3.6813E+01  1.1693E+02
0004434   1.8483E+02 -1.9577E+02 -1.5225E+02
0004435   1.4152E+02  8.1937E+01 -9.0927E+01
0004436   3.0073E+02  2.6781E+02  1.9951E+02
0004438   1.8320E+02  1.9298E+02 -8.1608E+01
0004439   3.0541E+02  8.2300E+01  8.6202E+01
0004440   4.2829E+02  8.7912E+01 -1.3454E+02
0004441   1.2710E+02  9.0862E+01 -2.8637E+00
0004442   1.4421E+02 -3.3702E+01  1.3558E+02
0004443   2.4475E+02  6.0341E+01  9.0978E+01
0004444   4.4749E+02  1.5460E+02  5.8840E+01
0004445   2.3144E+02 -2.0163E+02 -1.1872E+02
0004446   7.9765E+01  4.4984E+01  3.5502E+02
0004447   2.3909E+01  1.1314E+02  1.8242E+02
0004448   2.4509E+02 -1.8098E+02  5.7253E+01
0004449   4.0884E+02 -2.3697E+02 -2.7953E+02
0004450   2.0639E+02  3.2577E+02 -9.2867E+01
0004451   5.8828E+02  1.5921E+02 -2.4884E+02
0004452   2.3661E+02  3.0688E+01  2.3181E+02
0004453   5.6331E+02 -9.7051E+00  1.5769E+02
0004454   3.1597E+02  3.5742E+01  1.2015E+02
0004455   2.3264E+02  2.6675E+00 -1.4617E+02
0004456   1.4839E+02 -1.5541E+02 -8.2531E+00
0004457   1.9994E+02 -1.0683E+02 -1.1977E+01
0004458   4.2512E+00 -2.6092E+01  1.9102E+01
0004459   1.0095E+02 -3.4926E+00  6.5095E+01
0004460   8.9092E+01 -7.1578E+01  5.6064E+01
0004461   6.4643E+02  2.5611E+02 -3.2224E+02
0004462   1.2154E+02  1.6371E+01  1.2207E+02
0004463   1.9995E+02 -5.8057E+01 -1.6670E+01
0004464   9.3521E+01 -3.8500E+01  1.5868E+02
0004465   2.4226E+02 -1.5346E+02  5.9515E+01
0004466   1.3921E+02 -9.3379E+01  2.7411E+02
0004467   3.7285E+02  5.0890E+01  1.9504E+01
0004468   1.0114E+02  1.0146E+02 -5.2452E+01
0004469   8.3279E+01  1.8890E+02 -5.7925E+01
0004470   4.5795E+02  4.5609E+01  3.3214E+01
0004471   3.6754E+02 -3.5374E+02 -5.3128E+02
0004472   2.2024E+02  6.8142E+01 -1.4356E+02
0004473   1.3331E+02 -1.5228E+02  1.0593E+02
0004474   3.7919E+02  3.6586E+02 -3.0366E+02
0004475   2.5245E+02  1.9286E+02  2.2569E+01
0004476   3.0652E+02 -8.6612E+00  7.7294E+01
0004477   4.3457E+02  1.4182E+02  1.4209E+02
0004478   1.6084E+02  3.5654E+01 -1.2834E+01
0004479   3.4739E+02 -2.3774E+02 -1.2096E+02
0004480   2.2167E+02 -1.4506E+02 -3.4514E+01
0004481   3.9438E+02 -1.0085E+01  1.5204E+02
0004482   5.9182E+02 -6.2687E+01 -9.6557E+01
0004483   1.8847E+02  8.4572E+00 -1.0712E+02
0004484   7.4964E+01 -3.7408E+01 -5.1217E+01
0004485   5.5749E+01  9.4547E+01  1.0827E+02
0004486   7.3595E+02  4.2527E+01  2.2524E+02
0004487   2.1901E+02 -7.3448E+01 -5.6747E+01
0004488   3.8707E+02 -1.2768E+02  3.5889E+02
0004489   4.5514E+02 -1.1952E+02  3.6883E+01
0004490   4.4809E+02 -1.9631E+02 -6.8226E+01
0004491   2.5573E+02 -5.0022E+01 -5.2275E+00
0004492   3.0930E+02 -2.5446E+02 -1.0655E+02
0004493   4.6397E+02  2.7254E+02 -2.0101E+02
0004494   4.3070E+02 -1.2291E+02  5.7082E+00
0004496   4.1677E+02 -7.3864E+01  4.3308E+01
0004497   2.3379E+02  3.3162E+01 -8.7817E+01
0004498   1.6435E+02  7.8658E+01 -3.2875E+01
0004499   2.2705E+02  1.1519E+02  1.9681E+02
0004500   1.5180E+02 -1.7963E+02  2.3313E+01
0004502   9.8882E+00  3.9349E+01 -3.0908E+01
0004503   1.2604E+02  3.6565E+02  8.7341E+01
0004504   3.2891E+02  1.0920E+02  4.2550E+01
0004505   9.8609E+01 -2.2749E+02 -3.5939E+01
0004506   2.1610E+02 -7.3233E+01  3.7355E+01
0004507   4.3404E+02 -1.0010E+02 -2.1166E+02
0004508   3.2635E+02  1.2221E+02  1.9184E+02
0004509   9.9677E+01 -5.3794E+01  7.4167E+01
0004510   1.6574E+02 -1.2829E+02 -3.7681E+01
0004511   3.0749E+02  1.6196E+00 -4.6156E+00
0004512   3.4146E+02 -2.6563E+02 -2.0827E+02
0004513   2.5925E+02  1.4213E+02  1.8919E+01
0004514   1.2073E+02  1.5222E+02 -2.5085E+02
0004515   3.0412E+02 -5.8154E+00  3.9018E+01
0004516   4.5263E+02 -1.5932E+02  1.0274E+02
0004517   1.6576E+02 -1.7306E+02 -3.2225E+02
0004518   3.8629E+02  8.1372E+01  2.1451E+02
0004519   2.6751E+02 -2.7615E+02 -5.7960E+00
0004520   2.1058E+02 -1.0988E+01 -1.0698E+02
0004521   4.0500E+02  2.3301E+02  2.2322E+02
0004522   6.8470E+01 -1.5480E+01  7.3639E+01
0004523   1.7023E+02 -5.2814E+01 -7.7887E+00
0004524   8.6832E+02 -2.1366E+02  1.8359E+01
0004525   2.3794E+02 -1.5604E+01 -1.0358E+02
0004526   1.2883E+02 -4.9974E+01  2.4322E+01
0004527   1.2083E+02  8.4756E+01  4.7684E+01
0004528   3.1134E+02  2.4721E+02 -1.0904E+02
0004529   2.7934E+02  1.5787E+02  7.5650E+01
0004530   3.5188E+02  5.1722E+01  9.8136E+01
0004531   2.2154E+02  5.8460E+01 -1.3149E+02
0004532   3.5193E+02  2.4933E+01 -1.3374E+01
0004533   3.1980E+02  1.4070E+01 -2.4850E+01
0004534   1.9361E+02  1.1567E+02  3.5382E+01
0004535   4.2634E+02 -1.0919E+02 -1.3707E+02
0004536   2.9498E+02  2.7458E+02  4.6277E+01
0004537   1.5381E+02  2.7185E+02  1.4845E+02
0004538   4.1638E+02  1.3282E+02 -4.8659E+00
0004539   8.2815E+01 -2.8741E+01  2.2093E+01
0004540   2.2717E+02  2.6722E+02 -1.7726E+02
0004541   5.1745E+02 -2.0965E+01  2.0944E+01
0004542   3.8856E+02 -4.4503E+01 -2.0715E+02
0004543   5.1171E+02  5.3481E+00  3.0254E+02
0004544   3.4415E+02 -4.1230E+01  9.9901E+01
0004545   4.5571E+01  1.5889E+01 -3.1084E+00
0004546   3.5766E+02 -1.1960E+02  1.1172E+02
0004547   4.4702E+02  1.5765E+02  7.2550E+01
0004548   4.4280E+02  1.6760E+01 -4.5579E+01
0004549   1.4924E+02 -2.0432E+02  1.2747E+01
0004550   4.7228E+02 -1.9177E+02  1.4493E+02
0004551   2.7770E+02  1.1356E+02 -5.6052E+01
0004552   5.7214E+02  1.3343E+02 -8.4711E+00
0004553   2.9890E+02 -3.0689E+02 -1.8354E+02
0004554   2.0043E+02 -6.4628E+01  7.0815E+01
0004555   1.0573E+02  5.5129E+01 -1.3440E+02
0004556   1.7789E+02 -2.2774E+01 -1.1361E+02
0004557   3.9569E+02  1.5448E+02 -1.6576E+00
0004558   2.4299E+02  4.5108E+02  1.1762E+02
0004559   3.7511E+02 -2.4142E+02 -1.8563E+02
0004560   3.1423E+02 -2.3962E+02 -4.8803E+01
0004561   1.1828E+02 -1.4454E+02 -1.4178E+02
0004562   1.7584E+01 -3.1069E+01  4.4535E+01
0004563   3.1065E+02  3.9127E+01  7.2730E+01
0004564   1.3182E+02 -3.5998E+01 -9.7101E+01
0004565   1.7435E+02  1.7141E+02  1.1567E+02
0004566   2.5063E+02  8.0827E+00  9.0280E+00
0004567   9.1476E+01  6.7452E+01 -1.1727E+02
0004568   2.0647E+02  1.2213E+02 -1.5407E+02
0004569   8.6053E+01 -8.7397E+01  4.0741E+01
0004570   1.0448E+02 -1.9225E+02  1.3493E+02
0004571   3.8030E+02 -3.0018E+02  1.3056E+02
0004572   1.5043E+02  5.2980E+01 -1.2703E+02
0004573   3.5187E+02 -1.3975E+02 -2.7927E+01
0004574   1.4098E+02  1.7749E+02  2.5191E+02
0004575   1.0761E+01 -1.3109E+01  1.4080E+02
0004576   6.3780E+02  2.9135E+02 -1.2467E+02
0004577   4.3911E+02  7.4739E+01 -9.7974E+00
0004578   2.7179E+02  9.6964E+01  4.6559E+00
0004579   2.3623E+02  1.1167E+02 -8.1437E+01
0004580   8.9761E+01  1.0952E+01 -3.8733E+00
0004581   1.6232E+02 -1.8378E+02  3.8893E+01
0004582   2.1417E+02  7.6786E+01  3.9907E+01
0004583   3.3180E+02  4.8344E+01 -1.2590E+02
0004584   2.9420E+02  1.1033E+02  1.1858E+02
0004585   3.6025E+02  4.4042E-01  1.5102E+02
0004586   2.1021E+02 -1.8306E+02  1.9090E+01
0004587   3.1559E+02  1.0317E+02  1.5118E+02
0004588   2.5376E+02  1.5007E+01  3.0230E+01
0004589   5.4758E+02  1.3958E+02  1.5619E+02
0004591   1.2323E+01  4.5813E+01 -6.4525E+01
0004592   2.1256E+02 -5.0166E+01  1.5612E+02
0004593   1.4088E+02 -1.3065E+02 -8.9265E+01
0004594   1.6258E+02 -7.1197E+01 -1.6815E+02
0004595   1.1362E+01 -4.7410E+01 -7.8498E+01
0004596   3.0827E+02  1.2548E+01 -6.9278E+01
0004597   3.7667E+02  1.4330E+02  1.0116E+02
0004598   2.5131E+02 -1.9057E+02 -8.5535E+00
0004600   2.0098E+02 -1.6739E+02 -5.8636E+01
0004601   3.7542E+02 -1.0022E+02 -6.3605E+01
0004602   1.4425E+02 -2.5048E+02  1.8158E+02
0004603   4.5292E+02 -1.9626E+02 -2.4688E+02
0004604   2.6294E+02 -3.5838E+02  1.4045E+02
0004605   1.5631E+02 -6.2323E+01 -3.4528E+01
0004606   5.7005E+02  8.8180E+01 -1.0967E+02
0004607   5.9757E+01  9.1061E+00 -5.5552E+01
0004608   1.2902E+02  7.6033E+00  1.0631E+01
0004609   1.7155E+02 -4.9661E+00 -8.0985E+01
0004610   3.7424E+02  2.3766E+02  1.4088E+02
0004611   1.7325E+02  3.0174E+01  3.5042E+01
0004612   9.4533E+01 -3.9359E+01  1.9859E+01
0004613   4.2714E+02 -8.4003E+01 -1.1514E+02
0004614   2.4175E+02 -1.7868E+02 -1.1355E+02
0004615   4.2240E+02  2.5258E+02  3.0903E+01
0004616   3.1219E+02 -9.5626E+00  2.1293E+02
0004617   4.5233E+02  3.7838E+01  3.5888E+02
0004618   2.0947E+02  1.1136E+02 -9.6805E+01
0004619   2.7633E+02 -6.7601E+01  2.6190E+01
0004620   1.4664E+02  2.0177E+02 -1.2422E+02
0004621   4.9409E+02 -7.7692E+01  1.3054E+02
0004622   3.6278E+02  1.4600E+02  2.0503E+02
0004623   4.6541E+02 -5.1251E+01  8.5807E+01
0004624   1.1162E+02 -7.7514E+01 -5.2722E+00
0004625   1.8725E+01 -5.3095E+01  4.9086E+01
0004626   3.0617E+02  5.9408E+01 -4.9763E+01
0004627   4.1728E+02 -2.2252E+02 -1.8501E+02
0004628   2.9659E+02  7.4502E+01  4.8699E+01
0004629   1.6948E+02 -9.7981E+01  3.1085E+01
0004630   4.4501E+02  1.7409E+02 -4.9415E+01
0004631   1.0303E+02 -1.7791E+02 -2.9424E+01
0004632   2.3798E+02  5.2892E+01  1.5853E+02
0004633   4.6125E+02 -2.9643E+02 -1.5586E+01
0004634   4.3519E+02 -1.2738E+01 -1.3906E+02
0004635   1.0382E+02 -4.3082E+01  5.3853E+01
0004636   2.9337E+02 -8.2560E+01 -2.8786E+02
0004637   2.3103E+02  1.6370E+02 -4.1247E+01
0004638   4.1470E+02 -2.4153E+02 -1.4362E+02
0004639   9.0764E+00  2.5442E+02  2.0837E+02
0004640   2.8766E+02  7.5437E+01  1.0695E+02
0004641   1.3842E+02 -3.9738E+01  4.3347E+01
0004642   5.2485E+01  3.9720E+01  1.2275E+01
0004643   8.3888E+01  1.1036E+02 -3.3889E+01
0004644   4.1431E+01  3.3719E+01  5.5190E+00
0004646   3.0443E+02 -7.5409E+00 -2.6907E+02
0004647   1.5605E+02 -3.2759E+00 -1.7272E+01
0004648   2.5801E+02  1.7726E+02  2.0335E+02
0004650   2.6799E+02  2.3132E+02  2.0755E+02
0004651   1.0715E+02  1.8553E+02  5.9917E+01
0004652   3.6226E+02 -2.0084E+02 -3.5154E+01
0004653   3.1143E+01  3.1117E+01 -1.1750E-01
0004654   1.5493E+02 -4.6941E+01  1.8411E+02
0004655   2.2270E+02  1.0833E+02 -6.5164E+01
0004656   2.0421E+02 -5.0933E+01  1.0566E+02
0004657   3.1125E+02  1.2066E+02  5.2018E+01
0004658   1.6135E+02  3.9461E+01  9.8220E+01
0004659   1.5464E+02  6.7454E+01 -1.3510E+02
0004660   4.8257E+02  8.4773E+01  9.3337E+01
0004661   1.8484E+02  8.5777E+01  2.4866E+02
0004662   2.3952E+02 -1.1569E+01  1.6933E+02
0004663   5.9067E+02 -1.9461E+02 -9.3209E+01
0004664   2.1929E+02 -1.0919E+02 -1.0278E+02
0004665   1.7564E+02 -1.5708E+02  2.7210E+02
0004666   1.9650E+02 -8.1234E+01  7.5268E+01
0004667   3.0517E+02  3.3523E+01  2.7658E+01
0004668   4.7783E+02 -9.1426E+00 -3.0719E+01
0004669   2.1898E+02  5.8181E+00  3.7478E+01
0004670   2.4590E+02 -8.8825E+01 -5.4877E+01
0004671   3.1726E+02 -1.5214E+01 -8.9896E+01
0004672   4.5664E+02  5.6655E+01  5.8002E+01
0004673   3.6873E+02  2.8182E+00 -3.3312E+02
0004674   1.7206E+01  1.2448E+02  8.7930E+01
0004675   2.2241E+02  2.5286E+02  3.6306E+02
0004676   1.6180E+02 -9.1072E+01  7.4305E+01
0004677   9.8862E+01 -2.1399E+01  1.9582E+01
0004678   2.9145E+02 -2.3428E+02 -2.7843E+02
0004679   2.5991E+02 -3.6584E+01  1.1013E+02
0004680   8.2486E+01  2.2008E+02 -1.1644E+02
0004681   4.8578E+02 -2.4933E+02 -3.6304E+01
0004682   3.4719E+02 -1.3389E+02 -3.1334E+01
0004683   1.2582E+02  1.1106E+02 -1.0348E+02
0004684   2.2339E+02  3.4117E+02 -3.6945E+01
0004685   2.6344E+02 -1.7803E+01 -1.1965E+02
0004686   3.2388E+02 -8.8078E+01  3.2847E+00
0004687   1.0693E+02 -2.0862E+02 -9.0448E+01
0004688   4.9741E+02 -2.8124E+01 -8.0968E+01
0004689   1.0652E+02  3.7425E+01  5.2499E+01
0004690   3.1678E+02 -1.1038E+02  2.1984E+02
0004691   2.7032E+02 -1.7841E+02  4.8405E+01
0004692   2.5527E+02  1.0435E+02  9.1650E+01
0004693   3.1508E+02 -4.0610E+01  1.1129E+02
0004694   1.5010E+02  1.3818E+02 -1.4358E+02
0004695   1.2386E+02 -8.7085E+01 -4.8569E+01
0004696   2.1890E+02  9.3452E+01 -1.9486E+01
0004697   3.4104E+02  9.4856E+01  9.9533E+01
0004698   4.0170E+01  1.4538E+02  1.3723E+02
0004699   6.5050E+02 -1.4900E+02  2.6379E+02
0004700   1.1250E+02 -2.1972E+01  2.0593E+01
0004701   4.2438E+02 -8.1324E+01 -1.6884E+02
0004702   1.3667E+02 -1.4261E+02 -1.0103E+02
0004703   1.9380E+02 -3.3120E+02  4.3661E+02
0004704   1.7632E+02 -3.7206E+01 -2.2045E+01
0004705   1.0719E+02 -2.7404E+02 -3.0254E+01
0004706   2.6785E+02 -3.4541E+01  1.0900E+02
0004707   3.7812E+01 -1.5545E+02  2.9299E+02
0004708   4.6654E+02 -3.5652E+01 -1.6047E+02
0004709   3.8847E+02  9.2792E+01 -2.5152E+01
0004710   4.8505E+02 -3.6553E+01 -2.3917E+02
0004711   1.1408E+02  5.6043E+01 -1.3917E+02
0004712   3.0773E+02  3.1602E+01  1.3315E+01
0004714   6.7969E+01 -1.3348E+02  1.4006E+02
0004715   2.4821E+02  8.3461E+00  9.6384E+01
0004716   3.3021E+02  2.6130E+02  1.1292E+02
0004717   3.2735E+02 -1.4956E+02  3.3527E+02
0004718   1.3360E+02 -2.9634E+02  2.1685E+02
0004719   1.5858E+02 -1.7645E+02  1.2872E+02
0004720   6.4296E+02  5.2601E+01  3.0137E+01
0004721   1.7506E+02  4.0150E+01 -1.4999E+01
0004722   3.4060E+02 -1.4438E+02 -1.0207E+02
0004723   2.2592E+02 -6.5704E+01 -1.1613E+02
0004724   5.6993E+01  3.3073E+01  7.2784E+00
0004725   4.3484E+02  4.1708E+01  2.4633E+02
0004726   2.5464E+02 -1.1161E+02 -1.0997E+02
0004727   1.7609E+02  7.5172E+01 -3.4906E+02
0004728   3.1107E+02 -2.7347E+01  8.9545E+01
0004729   5.0444E+02 -2.1742E+02  1.8590E+02
0004730   3.8550E+02 -3.5053E+01 -5.6739E+01
0004731   6.3520E+01  7.4457E+01  1.7939E+01
0004732   3.2872E+02 -1.2185E+02 -1.9670E+01
0004733   3.7358E+02  1.7131E+02 -2.9002E+02
0004734   2.7672E+02  1.4517E+02 -8.9211E+00
0004735   1.3809E+02  3.6423E+01 -1.0059E+01
0004736   1.8933E+01  7.1857E+01  9.8557E+01
0004737   9.7161E+01 -2.9930E+01 -2.4202E+02
0004738   2.2398E+02  5.8072E+00 -5.3231E+01
0004739   1.4635E+02 -1.3077E+02  6.5325E+01
0004740   3.3516E+02 -3.4835E+02 -6.8901E+01
0004741   3.9297E+02  1.6875E+02  4.6131E+01
0004742   3.8622E+02  1.4549E+02  6.1252E+01
0004743   1.7593E+02 -1.3803E+01  5.1401E+01
0004744   4.4733E+02  1.3164E+02 -2.1512E+02
0004746   1.2103E+02  6.7523E+00  8.3421E+01
0004747   2.2294E+02 -6.5652E+01  4.3430E+01
0004748   3.4575E+02  7.4021E+01 -1.4481E+02
0004749   1.2432E+02  8.4843E+00  6.5319E+01
0004750   1.0239E+02 -1.6835E+02  1.0701E+02
0004751   5.2259E+02 -6.0951E+01  3.3297E+02
0004752   8.4291E+01  2.1175E+02 -5.7844E+01
0004753   1.0245E+02  6.6191E+01  4.4076E+01
0004754   3.6234E+02  1.7989E+00 -5.3357E+01
0004755   3.0907E+02 -1.7490E+02  5.8575E+01
0004756   3.4919E+02  4.4521E+01  8.3125E+01
0004757   3.9327E+02 -1.7685E+02 -5.2643E+02
0004758   1.9885E+02  1.2263E+02  1.1224E+02
0004759   1.8234E+02  6.8418E+01  1.6017E+02
0004760   1.5978E+02 -5.8016E+01  1.0587E+02
0004761   1.8189E+02 -2.1139E+01 -4.6218E+00
0004762   1.6426E+02  1.3428E+02  5.9728E+01
0004763   3.3465E+02  8.9064E+01 -3.8742E+01
0004764   1.4013E+02  2.6757E+02 -2.2958E+02
0004765   1.7743E+02 -2.4692E+02 -2.0830E+02
0004766   3.1429E+02 -3.1169E+02 -2.2419E+02
0004767   5.8193E+01 -2.2131E+00  3.0592E+01
0004768   1.8527E+02 -3.1702E+01  2.7764E+00
0004769   2.9032E+02 -5.8607E+01  1.5616E+02
0004770   1.9882E+02  1.3030E+01  7.2672E+01
0004771   2.2537E+02 -2.0270E+02  2.3666E+01
0004772   2.4617E+02  2.8848E+02  8.1963E+01
0004773   3.5071E+02  1.2998E+02  3.3019E+01
0004774   4.8950E+02 -8.4465E+01  2.4338E+02
0004775   2.9637E+02 -7.8218E+01  5.8824E+01
0004776   1.2663E+02 -4.0210E+01 -2.6016E+00
0004777   4.1938E+02 -4.8800E+01 -1.7388E+02
0004778   8.5125E+01 -7.4301E+01  3.0598E+02
0004779   4.3040E+02  2.5654E+02  4.9166E+01
0004780   1.7655E+02 -3.0772E+01 -7.1260E+01
0004781   7.6718E+01 -3.1123E+01 -9.4738E+01
0004782   4.7632E+02  5.2965E+01  4.4398E+01
0004783   5.5807E+01  1.4113E+02 -6.3372E+01
0004784   1.4326E+02 -1.6238E+02 -2.4358E+02
0004785   4.5405E+02 -1.5040E+02  1.5916E+02
0004786   1.5982E+02 -1.6491E+02  2.6732E+02
0004787   1.9341E+02  4.4915E+00  1.4657E+01
0004788   1.2471E+02  3.0896E+02  4.3483E+02
0004789   2.5607E+02 -1.2771E+02 -8.8050E+01
0004790   5.7248E+02  4.5160E+01  9.3671E+01
0004791   2.5684E+02  1.6488E+02 -5.4679E+01
0004792   3.1503E+02 -1.3775E+01 -2.6261E+01
0004793   4.4796E+02  7.8214E+01  1.2953E+02
0004794   4.6076E+02 -4.3963E+01  5.3500E+01
0004795   2.7453E+02 -2.2556E+01 -2.8187E+02
0004796   3.6758E+02  2.1684E+02  1.3587E+02
0004797   4.3035E+02 -1.4333E+02 -6.8772E+01
0004798   2.3458E+02 -2.5131E+02  2.2382E+02
0004799   6.7169E+01 -1.6971E+02 -2.2921E+02
0004800   5.6556E+02 -6.4284E+01  1.1553E+02
0004801   2.1715E+02  1.8428E+02  2.5333E+02
0004802   3.6928E+02 -6.4961E+01 -1.9399E+02
0004803   3.5369E+02  3.9209E+01 -2.0649E+02
0004804   1.7308E+02 -3.1745E+02 -4.7695E+01
0004805   2.7356E+02  1.3176E+02  5.9148E+01
0004806   1.8956E+02  9.0575E+01  5.4364E+01
0004807   1.8574E+02 -2.1882E+02 -1.1058E+02
0004808   3.1591E+02 -1.1794E+02  9.1062E+01
0004809   1.1275E+02 -5.1380E-01 -7.3699E+01
0004810   4.6354E+02  1.6200E+02  1.3389E+02
0004811   7.6811E+01 -7.8047E+01 -1.3873E+02
0004812   3.1657E+02 -1.7552E+02  1.2406E+00
0004813   2.1937E+02  1.0197E+02  3.4240E+01
0004814   2.3640E+02  2.4770E+01  8.8505E+00
0004815   1.2665E+02 -2.1721E+02 -1.7731E+02
0004816   9.6039E+01 -3.1466E+01  3.1726E+01
0004817   2.0299E+02  4.4529E+01 -4.1861E+01
0004818   4.4036E+02 -1.9861E+02 -2.1477E+02
0004819   1.3639E+02 -1.3995E+02  1.4731E+02
0004820   3.0796E+02  1.8572E+01  4.2572E+01
0004821   2.7582E+02  1.4203E+01  1.1171E+02
0004822   1.1290E+02  1.6708E+02  2.6596E+02
0004823   1.1078E+02  2.1642E-01  6.7082E+00
0004824   1.7476E+02 -1.9753E+02 -2.5902E+01
0004825   7.8775E+01  1.4405E+02 -1.2475E+02
0004826   6.3401E+01 -5.3327E+01 -4.9573E+01
0004827   1.7487E+02  1.0922E+02  1.1364E+02
0004828   3.1979E+02  4.0570E+02 -1.8517E+02
0004829   3.5360E+02  1.8582E+02 -5.6337E+00
0004830   1.2890E+02 -1.3173E+01  4.1359E+01
0004831   2.3203E+02  1.4571E+02 -2.3540E+02
0004832   4.2330E+02 -4.2176E+02 -1.8434E+01
0004833   1.8314E+02 -3.3495E+01 -5.3576E+01
0004834   3.5612E+02  5.6119E+01  1.8879E+01
0004835   1.2371E+02  3.7537E+02  1.7451E+02
0004836   3.6438E+02 -4.3222E+01  6.6767E+01
0004837   3.8243E+02 -4.8770E+01 -1.5044E+02
0004839   1.3247E+02  8.5245E+01 -4.2720E+01
0004840   3.0348E+02 -2.7375E+02 -8.6733E+01
0004841   2.6390E+02  9.2340E+01  7.2040E+01
0004842   3.2179E+02  2.1412E+00 -1.1717E+01
0004843   2.5127E+02  4.7193E+01  5.7784E+01
0004844   4.3260E+01 -1.1995E+02 -1.0945E+02
0004846   2.1094E+02 -1.1068E+00  4.5645E+01
0004847   4.4191E+02  7.8725E+01 -2.3532E+00
0004848   4.3143E+01 -5.2808E+01  9.6596E+01
0004849   2.8317E+02  9.2421E+00  3.6299E+01
0004850   2.5413E+02 -2.4050E+01 -8.7347E+01
0004851   1.0959E+02  1.8144E+02 -2.3443E+01
0004852   3.7169E+02  5.0986E+01 -3.7670E+01
0004853   3.5792E+02  3.7196E+01  7.8318E+01
0004854   4.9612E+02  1.4388E+02  1.5094E+02
0004855   4.1491E+02 -1.9623E+02 -8.1459E+01
0004856   2.5206E+02  1.4830E+02  9.7434E+01
0004857   2.5517E+02 -6.9601E+01 -3.4116E+02
0004858   3.3622E+02 -1.1137E+02 -1.1271E+02
0004859   3.6630E+02  2.2122E+02 -1.2083E+02
0004860   1.2180E+02  6.3199E+01 -1.3609E+02
0004861   2.8371E+02  3.2930E+02  2.7227E+02
0004862   9.6783E+01 -3.5803E+01 -9.8260E+00
0004863   4.3359E+02 -5.9244E+00 -2.2232E+02
0004864   2.4632E+02  9.2190E+00  3.0832E+00
0004865   2.6118E+02  2.5834E+01  1.8914E+00
0004866   3.3216E+02  1.5416E+02 -5.1585E+01
0004867   2.4169E+02  1.3916E+02  4.3735E-01
0004868   4.8367E+02  8.7878E+01  2.1312E+02
0004869   2.8074E+02 -3.6958E+01 -9.8012E+01
0004870   5.2030E+01 -9.7085E+01 -3.8182E+02
0004871   4.7220E+02  1.0074E+02  1.6291E+02
0004872   2.6229E+02 -4.1739E+01  5.8039E+01
0004873   3.6744E+02  4.6520E-01  4.9214E+01
0004874   1.6511E+02 -1.6012E+02  5.9399E+01
0004875   3.4582E+02  1.5706E+02 -1.9203E+02
0004876   1.5671E+02  2.8443E+02 -2.4028E+02
0004877   2.5563E+02  4.1203E+01  3.5136E+01
0004878   4.6675E+02  8.8978E+01  2.4742E+02
0004879   3.5869E+02 -6.1142E+01  2.3495E+01
0004880   2.7351E+02 -1.1586E+02  3.8594E+01
0004881   3.2914E+02  1.8637E+02  2.1555E+02
0004882   1.8981E+02  8.1990E+01 -3.2911E+01
0004883   2.9194E+02  9.5949E+00  3.7150E+01
0004884   2.9204E+02 -3.5794E+01 -1.6491E+02
0004885   3.5608E+02  4.6020E+01 -1.3926E+02
0004886   1.9191E+02 -1.7489E+01  4.6019E+01
0004887   4.4155E+02 -1.1647E+01 -3.4275E+02
0004888   3.3572E+02  1.5819E+02 -1.0296E+02
0004889   2.6290E+02  1.7487E+02 -1.8462E+02
0004890   2.3361E+02  3.0115E+02  1.6454E+02
0004891   3.4415E+02 -9.4449E+01  7.2548E+01
0004892   4.2891E+02  9.0481E+01  3.8024E+01
0004893   1.6677E+02 -1.2607E+02  6.9016E+01
0004894   2.4554E+01 -3.7400E+01 -8.6961E+01
0004895   3.9327E+02 -1.5039E+02  3.3175E+02
0004896   2.7017E+02  9.3447E+01  3.0770E+01
0004897   6.2736E+01 -1.5373E+02  7.8314E+01
0004898   3.7454E+02 -1.8245E+02 -2.5488E+02
0004899   2.1100E+02  2.2873E-01 -6.2598E+01
0004900   4.1020E+01  1.0318E+02 -1.1059E+02
0004901   6.4597E+01  5.9761E+01 -1.9565E+02
0004902   5.0208E+02 -7.8598E+00 -9.5509E+01
0004903   5.0511E+02 -8.6503E+01  1.8432E+02
0004904   1.1963E+02 -1.1364E+02 -1.0858E+02
0004905   1.5456E+02  6.0612E+01 -7.7609E+01
0004906   2.0420E+02 -4.6567E+01 -3.9500E+01
0004907   3.0183E+02  1.5845E+02 -2.0082E+02
0004908   3.6868E+02 -3.7448E+01 -1.5611E+02
0004909   2.6381E+02 -1.3082E+02 -4.0601E+01
0004910   3.0820E+02  6.5008E+00 -3.4395E+02
0004911   1.0704E+02  4.1930E+02  2.8362E+01
0004912   3.5499E+01 -6.7568E+00 -4.0020E+01
0004913   2.7135E+02 -2.4187E+01  8.9638E+01
0004914   3.4184E+02 -2.1491E+01  2.1934E+02
0004915   3.3906E+02  2.4464E+01  2.0097E+02
0004916   3.9458E+02  9.7435E+01 -6.6205E+00
0004917   5.5531E+01 -1.4433E+01 -1.2835E+00
0004918   1.3746E+02  4.8712E+01  6.4593E+01
0004919   4.2227E+02 -1.2644E+02 -2.4901E+01
0004920   4.9911E+02  7.5772E+01 -5.1053E+01
0004921   4.1239E+02  1.0001E+02  2.9999E+01
0004922   4.7898E+02 -2.6101E+02  5.6721E+01
0004923   2.5884E+02  1.5980E+01  2.2667E+02
0004924   9.7427E+01  7.8157E+01 -1.8334E+02
0004925   1.7326E+02  1.6236E+02  4.3582E+01
0004926   1.2740E+02 -2.3661E+02  1.3038E+02
0004927   1.6248E+02 -1.7329E+02  1.4738E+02
0004928   2.9402E+02  3.4772E+01  2.0229E+00
0004929   2.4010E+02 -8.9973E+01  1.3929E+01
0004930   4.1660E+02 -9.7805E+01  2.4894E+02
0004931   1.5394E+02  3.3941E+02  1.0188E+02
0004932   1.3245E+02  2.3683E+02  6.5015E+01
0004933   8.3307E+01 -1.8995E+02  1.9293E+01
0004934   1.7918E+02  2.5009E+02 -8.5727E+01
0004935   9.3898E+01  4.2582E+01  4.3892E+01
0004936   4.7809E+02 -1.7580E+02  6.6461E+01
0004937   7.1899E+01 -1.6193E-01  1.7508E+01
0004938   3.3925E+02 -3.5894E+02  1.3930E+00
0004939   3.5576E+02 -5.3311E+01  5.7483E+01
0004940   3.3754E+02  7.8922E+01  1.4421E+01
0004941   4.9077E+02 -1.4317E+01  8.9876E+01
0004942   3.5389E+02 -8.8760E+01 -1.1009E+02
0004943   2.6534E+02 -1.7091E+01  3.0569E+02
0004944   5.1773E+02 -6.9545E+01 -1.9724E+02
0004945   1.8440E+02  2.4255E+02 -4.5553E+01
0004946   5.1732E+01  5.7637E+01  2.5127E+00
0004947   2.2143E+02  4.2804E+00  3.4730E+02
0004948   1.4803E+02  2.4359E+02 -1.9126E+02
0004949   3.9907E+02  1.4156E+02  3.8517E+02
0004950   6.8772E+02  1.3082E+02  5.0645E+01
0004951   3.4491E+02  7.2186E+01 -2.0960E+01
0004952   2.3046E+02 -1.5619E+01  1.8831E+02
0004953   2.3726E+02 -1.1246E+02 -1.4282E+02
0004954   2.6270E+02 -9.5639E+01  1.5257E+02
0004955   2.1000E+01  1.7115E+02 -1.5226E+02
0004956   2.0830E+02  8.5073E+00  1.6054E+02
0004957   6.9550E+01 -2.7860E+02  5.6166E+01
0004959   1.6768E+02  1.1106E+02 -1.8993E+01
0004960   4.9878E+01  1.4214E+01  1.8014E+01
0004961   1.2778E+02  4.5392E+01 -2.5726E+01
0004962   3.5018E+02 -3.3147E+01 -1.7213E+02
0004963   2.1490E+02 -6.6896E+01 -2.4498E+00
0004964   2.5486E+02  8.2224E+01  1.4430E+02
0004965   3.5108E+02 -2.7678E+02  1.4898E+02
0004966   3.6141E+02  1.1317E+01  2.6333E+02
0004967   2.3101E+02  1.7444E+01  2.0706E+02
0004968   2.3163E+02  4.2932E+01  7.8312E+01
0004969   2.0561E+02  8.4714E+01 -1.3895E+02
0004970   1.5607E+02 -1.7308E+02  4.4083E+01
0004971   2.2227E+02 -1.6304E+02 -2.7094E+02
0004972   3.9695E+02  1.3381E+02 -1.2595E+02
0004973   2.6513E+02  4.4118E+01  5.3398E+02
0004974   1.0157E+02  2.6345E+01  1.2794E+02
0004975   9.0355E+01 -9.0664E+01 -1.2377E+02
0004976   6.8925E+01 -4.6254E+01  2.4252E+01
0004977   4.9236E+02 -1.4895E+02 -1.5101E+02
0004978   1.0223E+02  1.5085E+02  1.3601E+02
0004979   2.5819E+02 -3.1785E+01  8.4626E+01
0004980   1.6005E+02  2.0457E+01 -2.0080E+02
0004981   4.9038E+02  2.1931E+02  1.4147E+01
0004982   4.8048E+02 -3.4337E+02  2.9952E+02
0004983   4.3064E+02 -6.7214E+01  2.4236E+01
0004984   2.8886E+02 -9.1442E+01  8.5041E+01
0004985   5.1542E+02 -1.0530E+02  9.4233E+01
0004986   4.6893E+02 -1.8791E+01  2.2274E+01
0004987   2.0913E+02  1.3301E+02 -3.8378E+02
0004988   1.7377E+02 -8.1814E+01 -3.1261E+01
0004990   2.5526E+02  9.3603E+01  9.8866E+01
0004991   1.7313E+02  1.2453E+02 -3.4321E+00
0004992   4.4161E+02 -5.2898E+01  1.0104E+01
0004993   3.4714E+02  2.6841E+02 -1.2454E+01
0004994   2.5717E+02 -1.3954E+02 -3.3000E+02
0004995   2.4401E+02  8.5459E+01 -5.3253E+01
0004996   1.4672E+02  1.4330E+00  9.6103E+00
0004997   2.1315E+02  1.6707E+02 -1.1212E+02
0004998   8.5077E+01  2.2905E+02  5.7014E+01
0004999   5.0758E+02  1.9181E+02 -1.1717E+02
0005000   5.7706E+01 -1.1413E+02 -6.3989E+01
0005001   5.9214E+02 -1.1716E+02  6.7459E+01
0005002   1.0020E+02 -1.6718E+02  1.4486E+02
0005003   2.1054E+02 -3.9970E+01 -1.0876E+02
0005004   3.1085E+02 -3.0720E+01 -7.9995E+01
0005005   3.6262E+01  9.3804E+00 -8.4368E+00
0005006   6.4906E+01 -8.9448E+01  1.1853E+02
0005007   2.9027E+02 -3.0973E+01  5.1904E+01
0005008   3.7851E+02 -1.6960E+02  4.9191E+01
0005009   4.0553E+02  6.5709E+01 -1.1666E+02
0005010   3.3980E+02  1.6256E+02  7.9659E+01
0005011   5.8128E+02 -7.6999E+01 -4.6286E+01
0005012   1.6534E+02  7.9959E+01  1.3948E+02
0005013   1.3888E+02  4.6119E+01 -1.7209E+02
0005014   5.0428E+02 -1.3964E+02  1.7299E+01
0005015   3.1441E+02  8.5228E+01  4.7305E+01
0005016   2.3227E+02 -7.7803E+00 -1.9108E+00
0005017   3.1137E+02  1.2293E+02  2.6266E+01
0005018   2.5300E+02  1.7218E+02 -4.6640E+01
0005019   1.2504E+02 -5.7344E+01  1.3944E+02
0005020   4.8620E+02 -3.3589E+01  1.1096E+02
0005021   4.3732E+02  5.2108E+01  1.4544E+02
0005022   1.1386E+02 -5.0243E+01 -7.1715E-01
0005023   6.0612E+01 -2.2496E+02  6.4643E+01
0005024   2.4363E+02  2.3044E+02 -1.3409E+02
0005025   4.6218E+01  9.0921E+01  6.6507E+01
0005026   1.1846E+02 -2.8704E+01  1.2782E+01
0005027   3.9398E+02  5.9832E+01 -9.1474E+01
0005028   3.1655E+02 -4.8983E+01  4.9257E+01
0005029   1.9005E+02  8.6088E+01  1.8723E+02
0005030   2.1085E+02 -1.7084E+02 -5.0617E+01
0005031   4.7043E+02 -2.3660E+02  2.9727E+02
0005032   1.4893E+02 -1.5763E+02  7.2464E+01
0005033   2.1158E+02  9.5270E+01  1.5435E+02
0005034   4.5656E+02  1.4683E+02 -2.1506E+02
0005035   2.8213E+02  3.0149E+01  2.2869E+02
0005036   3.2515E+02  4.1515E+01 -7.6769E+01
0005037   3.2404E+02 -3.5399E+02  9.5944E+00
0005038   2.4006E+02  1.0981E+02 -1.6548E+01
0005039   1.7768E+02  1.2006E+02 -1.5949E+02
0005040   2.4008E+02 -8.9184E+01 -1.9512E+02
0005041   8.7030E+01 -5.2717E+01  1.0050E+02
0005042   1.5644E+02  7.1861E+01  1.0567E+02
0005043   5.2330E+02 -1.9781E+02 -4.5680E+01
0005044   4.8936E+02 -4.3876E+01  2.0282E+02
0005045   3.7528E+02  1.6552E+02  2.9749E+01
0005046   4.6125E+02  1.5631E+02  5.6519E+01
0005047   9.6825E+01  1.0964E+02  1.0146E+02
0005048   1.3603E+02 -1.4773E+02  2.4489E+02
0005049   1.3755E+02  4.6864E+01 -3.1285E+01
0005051   4.8154E+02 -6.9045E+01 -3.5514E+01
0005052   2.6247E+02  2.2472E+01  1.3450E+01
0005053   3.0077E+02  4.7561E+01  1.3441E+02
0005054   1.7562E+02  8.8483E+01  2.1416E+02
0005055   2.9566E+02  5.2931E+01 -2.1690E+02
0005056   1.2215E+02 -3.0264E+01  5.7839E+00
0005057   1.9094E+02  4.2404E+00 -1.7068E+01
0005058   3.9809E+02  1.0906E+02 -9.4604E+01
0005059   1.3324E+02  7.6923E+01 -3.5590E+01
0005060   1.5216E+02  3.1832E+01 -4.8186E+01
0005061   3.4838E+02 -4.8557E+01  1.5444E+02
0005062   3.4350E+02 -6.1656E+01 -6.2620E+01
0005063   2.0542E+02 -1.6091E+02 -2.1739E+01
0005064   2.6760E+02  1.6323E+02  5.9964E+01
0005065   2.2865E+02  1.7593E+02  8.1714E+01
0005066   1.7456E+02  2.5968E+01 -6.5365E+01
0005067   4.1107E+02  4.5015E+01 -3.8571E+01
0005068   3.1496E+02 -1.2303E+02 -1.6338E+01
0005069   3.9303E+02  6.9440E+01  9.4763E+01
0005070   4.8803E+02 -5.7626E+01  9.6118E+01
0005071   4.7379E+02  3.6577E+01 -3.0016E+01
0005072   3.8297E+02  6.9810E+01 -8.7111E+01
0005073   3.4796E+02  7.3928E+01 -1.8389E+02
0005074   1.3428E+02 -1.9530E+01  4.8212E+01
0005075   1.8404E+02 -1.2457E+02 -1.1441E+02
0005076   1.6133E+02  8.7973E+00  4.6770E+01
0005077   4.1700E+02  5.0220E+01 -2.0657E+00
0005078   6.3476E+01  2.4295E+02  2.6479E+01
0005080   3.5272E+02 -1.9842E+02 -2.8760E+02
0005081   1.1713E+02  8.2504E+01  7.2982E+01
0005082   2.2263E+02 -6.1504E+00  1.9832E+02
0005083   9.3104E+01 -9.7823E+01  1.2929E+02
0005084   3.7172E+02  1.8015E+02  1.6958E+02
0005085   2.2867E+02  3.6450E+01 -1.5439E+02
0005086   4.8980E+02  9.3767E+01  1.8585E+02
0005087   3.1394E+02  1.9345E+01 -1.8980E+02
0005088   2.6559E+02 -3.7139E+00 -2.0806E+02
0005090   3.1442E+02 -1.2020E+02  2.2065E+02
0005091   1.2238E+02 -3.3683E+02  1.0160E+02
0005092   1.6293E+02 -1.4618E+02  7.8607E+01
0005093   3.0141E+02 -1.3928E+02 -1.1227E+02
0005094   3.4610E+02  2.7362E+02  1.2326E+02
0005095   2.9942E+02 -9.1922E+01  5.7669E+00
0005096   2.3553E+02  1.8048E+02  2.6117E+02
0005097   1.0489E+01  1.9346E+01  3.6612E+01
0005098   1.0290E+02 -4.0710E+00 -2.0742E+02
0005099   2.0041E+02  1.1722E+01 -1.8191E+00
0005100   3.4489E+02 -1.6644E+01  9.9071E+01
0005101   5.2709E+02 -4.2864E+02 -5.4529E+01
0005102   2.7990E+02 -8.2936E+01 -1.1806E+02
0005103   2.6653E+02 -4.5125E+01 -4.6543E+01
0005104   3.6810E+02  2.2695E+02 -9.7559E+01
0005105   2.2662E+02  1.7056E+02 -2.0263E+01
0005106   3.5431E+02  1.5301E+02 -8.1359E+01
0005107   1.9221E+02 -8.5824E+01  3.0335E+01
0005108   3.7755E+02  1.2537E+02  2.2610E+02
0005109   6.1558E+01  3.3870E+01  2.7593E+01
0005110   3.1380E+02  1.2443E+02 -6.2257E+00
0005111   4.8740E+01 -9.7703E+01  1.7375E+01
0005112   2.2651E+02  1.1011E+01  1.2649E+02
0005113   1.5270E+02 -2.6736E-01  5.5324E-01
0005114   1.3189E+02  2.0086E+02  2.0537E+02
0005115   1.5686E+02 -1.9493E+01  1.1655E+02
0005116   3.6974E+02  1.4437E+02 -3.1563E+01
0005117   2.7165E+02  1.2239E+02 -7.8711E+01
0005118   5.1326E+02  2.8528E+02 -7.7568E+01
0005119   4.1758E+02  5.2790E+01 -2.4187E+01
0005120   2.7399E+02  8.2097E+01  1.4340E+02
0005121   4.0430E+02 -1.2271E+01  2.6635E+02
0005122   2.6461E+02  1.3323E+02  2.2539E+01
0005123   1.0097E+02 -2.1184E+02  5.2690E+01
0005124   2.0524E+02  2.3787E+02 -7.4655E+00
0005125   1.8254E+02  1.7063E+02  3.5471E+00
0005126   4.1241E+02  4.3739E+00 -1.6826E+02
0005127   2.2116E+02 -3.2738E+02 -1.1411E+02
0005128   4.6560E+01  1.0481E+02 -1.2327E+02
0005129   3.8057E+02 -1.8545E+02 -1.1875E+02
0005130   3.8239E+02 -5.3293E+01  1.3245E+01
0005131   9.6431E+01 -2.8727E+02  4.6302E+00
0005132   2.6638E+02  8.2537E+01  6.3486E+01
0005133   1.0806E+02  1.4139E+02  1.8182E+01
0005134   1.0240E+02 -8.7520E+01 -9.8609E+01
0005135   4.7913E+02  1.8508E+02 -1.9573E+02
0005136   3.0222E+02 -9.4466E+01  9.8665E+01
0005137   2.4637E+02 -1.8147E+02 -3.8688E+01
0005138   2.3895E+02  8.7804E+01  3.5377E+02
0005139   3.4256E+02  2.8146E+02  6.1136E+01
0005140   3.7219E+02  1.7754E+00 -1.6971E+02
0005141   3.9369E+02  3.8236E+01  8.8445E+01
0005142   2.9113E+01  3.9640E+00  4.4018E+01
0005143   2.6204E+02  1.6457E+02 -8.9765E+01
0005144   1.1240E+02  3.3831E+01  4.4939E+01
0005145   1.5693E+02 -7.7888E+01 -5.4776E+01
0005146   2.7161E+02 -1.3121E+01 -1.3701E+02
0005147   1.8418E+02  1.2816E+02 -3.3558E+01
0005148   3.3044E+02 -1.3544E+02 -1.4069E+02
0005149   6.5091E+01 -2.9295E+01  4.8028E+01
0005150   1.7369E+02 -2.1537E+02  5.4642E+01
0005151   6.9691E+01  1.1310E+02  8.2507E+01
0005152   9.7450E+01  2.6464E+02  1.8818E+02
0005153   4.6770E+01  1.6037E+02  4.6280E+02
0005154   2.4925E+02 -4.9087E+01 -7.9590E+01
0005156   2.3488E+02 -4.0943E+01  4.5249E+01
0005157   4.5784E+02  3.3429E+01  9.9767E+01
0005158   3.7216E+01 -1.7673E+00  8.2467E+01
0005159   1.9106E+02 -2.7060E+02 -6.6230E+01
0005160   5.4536E+02  9.8387E+01  4.6462E+01
0005161   4.5035E+01  3.8324E+01  1.3523E+02
0005162   3.6323E+02  1.1751E+02 -7.5843E-01
0005163   9.6769E+01  8.9239E+01 -1.1775E+02
0005164   4.2736E+02 -1.7150E+02 -8.8976E+01
0005165   4.4581E+02 -6.5144E+00  3.6688E+01
0005166   1.9780E+02  1.0156E+02 -1.4379E+02
0005167   2.5488E+02  1.5090E+02  3.9478E+01
0005168   3.0404E+02 -9.0094E+00  2.8744E+01
0005169   1.7956E+02 -3.2066E+01  2.1838E+01
0005170   5.7419E+01 -3.2165E+01  1.0165E+02
0005171   2.6885E+02  1.3207E+02  6.4060E+01
0005172   2.3770E+02  2.9256E+02 -1.1685E+02
0005173   7.0716E+01 -1.8279E+02 -8.9293E+01
0005174   9.9671E+01 -3.5533E+01  2.6605E+02
0005175   1.0290E+02 -7.3270E+01  1.1155E+02
0005176   2.4457E+02 -4.2424E+02  2.0023E+02
0005177   1.3911E+02 -1.6204E+02 -2.1252E+02
0005178   3.1829E+02  2.8972E+01 -2.2715E+02
0005179   3.5410E+02 -1.8457E+01  3.3494E+01
0005180   3.3158E+02 -2.4885E+02 -4.4400E+01
0005181   3.9057E+02  2.0610E+02 -1.9400E+02
0005182   1.8046E+02  1.1666E+02 -2.5634E+01
0005183   1.5914E+02  2.4313E+02  2.3434E+02
0005184   4.1164E+02 -1.3645E+02  1.2208E+02
0005185   3.3443E+02 -2.8600E+02  2.0395E+02
0005186   2.6134E+02  2.0534E+01  3.2615E+01
0005187   2.8061E+02  2.8837E+01 -4.4678E+01
0005188   5.8265E+02  3.5782E+01 -2.0547E+02
0005189   1.3098E+02 -1.5686E+02 -2.5827E+02
0005190   1.4160E+02  2.1404E+01  2.7296E+01
0005191   2.4988E+02 -9.4372E+01  1.0130E+02
0005192   2.7802E+02  2.5430E+02  2.2101E+02
0005193   4.6578E+01  1.0411E+02  2.7151E+01
0005194   3.7731E+02  1.2511E+02 -1.2255E+02
0005195   4.4307E+01  5.2426E+01  5.0666E-01
0005196   5.7235E+01  1.5679E+01  5.6558E+01
0005197   3.0906E+02 -8.4469E+01 -1.3174E+02
0005199   1.4757E+02  2.3547E+02  1.0564E+02
0005200   1.2900E+02 -1.9555E+02 -1.5393E+02
0005201   1.4122E+02  1.4896E+02  1.3247E+02
0005202   6.4139E+02  1.0365E+02  3.8166E+01
0005203   3.4654E+02  2.1589E+02  2.3117E+02
0005204   2.7516E+02 -1.0335E+02 -3.4843E+01
0005205   2.0141E+02  3.5550E+02 -8.1496E+01
0005206   1.8760E+02 -3.3485E+01  1.3075E+02
0005207   2.2598E+02  1.1646E+02  1.9164E+02
0005208   4.2596E+02  2.2444E+02  7.3844E+01
0005209   4.9395E+02 -1.4291E+02  1.6918E+02
0005210   2.9698E+02  2.3135E+02 -7.6603E+01
0005211   3.0699E+02 -1.2784E+02  2.7260E+01
0005212   4.1420E+02  1.0891E+02 -1.9034E+02
0005213   4.5265E+02 -5.4982E+01  3.6870E+01
0005214   1.0353E+02  1.8824E+02  3.4929E+01
0005215   4.4860E+02 -2.0246E+02  1.4991E+02
0005216   2.5914E+02  8.0194E+01  6.0980E+00
0005217   3.7841E+02  3.9355E+01  8.9463E+00
0005218   2.3512E+02 -2.9682E+01 -2.0709E+02
0005219   1.6693E+02 -3.1970E+01 -7.3892E+01
0005220   5.6126E+02  6.6250E-02 -2.5738E+02
0005221   2.0336E+02 -2.2397E+02 -1.5320E+01
0005222   1.2869E+02  1.7490E+01 -7.4254E+01
0005223   2.0434E+02 -5.9207E+01  3.6902E+01
0005224   3.4587E+02 -1.8189E+02  9.4503E+01
0005225   5.0417E+02  4.3009E+01  1.8056E+02
0005226   5.0972E+02  1.3317E+01 -2.5630E+01
0005227   3.1378E+02  1.0961E+02 -3.0238E+02
0005228   2.1410E+02  1.3808E+02  2.0287E+01
0005229   1.7158E+02 -1.8442E+02  4.3074E+02
0005230   1.7842E+02 -3.4151E+01 -6.7868E+01
0005231   9.8705E+01 -1.4315E+02 -1.6079E+02
0005232   1.9274E+02  1.9558E+01  1.7261E+02
0005233   5.1009E+02  4.7864E+01 -5.5326E+01
0005234   3.1811E+02 -3.6505E+00 -1.8244E+02
0005235   1.0658E+02 -1.3794E+02  9.7563E+01
0005236   5.0763E+02 -4.4001E+01  2.0300E+02
0005237   5.5880E+01 -9.6581E+00  2.4656E+01
0005238   4.7231E+02  1.8127E+02 -1.7307E+00
0005239   2.1211E+02 -1.3089E+02 -9.1462E+01
0005240   6.8372E+01  2.2594E+02  2.1139E+02
0005241   1.6651E+02  8.5374E+01  8.9667E+01
0005242   5.9284E+01  6.1283E+01  1.7074E+02
0005243   4.4861E+02 -1.3370E+01 -1.7317E+02
0005244   1.5257E+02 -3.0313E+01  1.5141E+02
0005245   4.5847E+02  5.3087E+01 -4.8459E+01
0005246   7.1379E+01  4.7036E+01  1.2264E+02
0005247   3.6852E+01  6.0777E+01 -3.9614E+01
0005248   3.6056E+02 -2.7640E+02 -3.0822E+02
0005249   2.4150E+02  5.6589E+01 -1.7298E+01
0005250   4.0809E+02 -1.7363E+02 -3.2821E+01
0005251   2.2902E+02 -2.9087E+01 -3.4301E+01
0005252   3.7032E+02  7.8592E+01  1.1242E+02
0005253   1.2254E+02 -1.7896E+02 -2.5893E+01
0005254   7.3825E+01 -1.0024E+02 -1.6382E+02
0005255   1.9697E+02  9.2475E+01 -2.6869E+01
0005256   1.5361E+01 -9.8400E+01 -9.4217E+01
0005257   4.5450E+02 -9.8078E+01 -1.1164E+01
0005258   3.9056E+02  1.9229E+02  1.9513E+02
0005259   7.6294E+02  1.7301E+02  2.7810E+02
0005260   1.8000E+02 -2.9775E+02 -1.4079E+02
0005261   2.6769E+02  7.6061E+01  2.9213E+02
0005262   2.8451E+02  6.7720E+01 -3.7733E+01
0005263   1.7872E+02  4.0584E+01 -2.5415E+02
0005264   3.0529E+02  1.7913E+02  5.1380E+01
0005265   3.3086E+02  2.8798E+02  5.8673E+01
0005266   2.6233E+02  1.4909E+01  3.5931E+02
0005267   4.1025E+02  6.2323E+01 -9.4681E+01
0005268   3.4087E+02 -1.9765E+01 -1.0700E+02
0005269   3.3855E+02  2.7085E+02 -2.9639E+02
0005270   2.3801E+02  1.3289E+02 -1.2659E+02
0005271   5.0694E+01 -1.7827E+01 -2.9618E+01
0005272   3.1057E+02 -2.5869E+01  5.4229E+01
0005273   1.0094E+01 -8.7545E+01 -1.4923E+02
0005274   2.0600E+02 -1.8324E+02  9.9394E+01
0005275   1.4424E+02 -6.3049E+01 -3.5719E+01
0005276   2.3915E+02 -7.5093E+01 -1.1342E+01
0005278   1.8112E+02  1.2072E+02  4.3926E+01
0005279   2.4767E+02 -1.5093E+02  1.2249E+02
0005280   1.5729E+02 -1.1316E+02  5.4978E-01
0005281   1.6906E+02  1.0113E+02 -1.6748E+02
0005282   5.9253E+01 -2.0240E+02 -5.3893E+01
0005283   2.9941E+02 -1.4800E+02 -9.1195E+01
0005284   3.5185E+02  1.1498E+02  4.4896E+01
0005285   1.6714E+02 -9.9693E+00 -5.2732E+01
0005286   3.9736E+02 -5.9338E+01 -4.1571E+01
0005287   2.2094E+02 -9.6292E+01 -1.4646E+02
0005288   2.2335E+02 -9.3425E-01 -6.2923E+01
0005289   3.7265E+02 -1.9717E+02  3.4223E+01
0005290   3.4605E+01 -1.2836E+02 -8.1722E+01
0005291   5.0531E+01  1.7121E+02  6.2623E+01
0005292   2.3427E+02 -4.1417E+01 -3.1502E+02
0005293   2.3081E+02 -8.8167E+01 -7.4707E+01
0005294   1.5122E+02  9.3759E+00 -3.1449E+01
0005295   9.1722E+01  1.5085E+02  1.2797E+02
0005296   7.6010E+01 -7.3297E+01  4.1890E+02
0005297   2.9038E+02 -1.8287E+01 -1.8202E+01
0005298   2.7716E+02  8.5524E+01  1.7919E+01
0005299   1.4844E+02 -2.2399E+02  1.2677E+02
0005300   2.6366E+02  6.0884E+01  5.7351E+01
0005301   3.6881E+02 -5.4337E+01 -1.6202E+02
0005302   3.8246E+02 -8.2174E+01  8.3475E+01
0005303   4.1768E+02  1.7967E+02 -3.9004E+01
0005304   4.2434E+02  1.5630E+01  9.0986E+01
0005305   3.9312E+01  1.7089E+02  1.2377E+02
0005306   2.0452E+02  3.4630E+02  1.7497E-01
0005307   3.5660E+02 -7.0777E+01  1.1739E+02
0005308   2.8829E+02  3.8387E+01 -5.3322E+01
0005310   9.4015E+01  2.2680E+01 -1.2846E+02
0005311   2.4942E+02 -1.9243E+02  9.4562E+01
0005312   3.5206E+02 -1.2288E+01  1.0247E+02
0005313   8.0108E+01  1.9057E+01  2.5768E+01
0005314   1.2409E+02  1.2308E+02 -2.5609E+01
0005315   1.6737E+02  2.1296E+01 -6.8845E+01
0005316   5.1532E+02  1.4021E+02 -4.3558E+01
0005317   2.6986E+02 -1.3099E+02  2.3574E+01
0005318   4.1452E+02 -1.4863E+02 -1.0816E+02
0005319   2.8282E+02 -1.2556E+02  2.8483E+02
0005320   4.9552E+02 -3.0878E+01  3.7721E+02
0005321   7.2229E+01  2.4903E+01 -8.4486E+01
0005322   4.7899E+02 -4.3808E+02 -2.5805E+01
0005323   1.2741E+02 -1.0522E+02 -6.9741E+01
0005324   3.5353E+02  2.3171E+01 -6.5561E+01
0005325   2.7164E+02  1.2544E+02 -1.2342E+02
0005326   2.1133E+02  2.4985E+01  4.9191E+01
0005327   1.6519E+02 -1.2361E+02 -6.6151E+01
0005328   3.9294E+02  1.0022E+02  1.5419E+02
0005329   4.6055E+02 -1.9625E+01  6.7520E+01
0005330   4.6276E+02 -1.3079E+02 -2.0828E+00
0005331   5.1999E+02 -1.3364E+02  6.6697E+01
0005332   4.9135E+02 -1.2208E+01  5.3210E+01
0005333   2.0022E+02  6.5834E+01 -1.0138E+02
0005334   1.8427E+02 -5.9003E+01  5.1488E+01
0005335   3.9938E+02 -1.3535E+02  4.1081E+02
0005336   3.7255E+02  1.4314E+01  2.1445E+02
0005337   3.2775E+02  1.4288E+01 -8.7797E+01
0005338   4.0634E+02 -5.7252E+01 -1.9200E+00
0005339   2.3115E+02  8.0878E+01 -1.7106E+02
0005340   3.9488E+02  7.0087E+01  5.3831E+01
0005341   3.8639E+02 -7.1205E+01 -1.3924E+02
0005342   4.5827E+02  2.5253E+01  1.8920E+01
0005343   3.7799E+02  2.5997E+02 -3.8696E+01
0005344   4.3362E+01 -2.3193E+01 -7.3382E+01
0005345   9.3924E+01  1.8497E+02 -3.2043E+01
0005346   3.9183E+02 -4.6277E+01 -1.0447E+02
0005347   1.5461E+02 -2.3463E+01  7.8284E+01
0005348   2.3462E+02 -1.4248E+01  4.8848E+01
0005349   3.2630E+02  2.5975E+01  2.7330E+02
0005350   3.9960E+02  1.7365E+01 -8.5489E+01
0005351   8.0898E+01 -5.8130E+01 -2.1735E+02
0005352   2.8864E+02 -1.7981E+02 -3.8447E+01
0005353   5.7402E+02 -8.3025E+01  1.1120E+02
0005354   5.4077E+02  1.2377E+02  4.4195E+01
0005355   1.8078E+02  9.4048E+01 -2.7415E+02
0005356   3.1820E+02  1.4301E+02  1.1309E+01
0005357   1.6453E+02  1.3340E+02  9.5194E+01
0005358   1.3686E+02 -1.5587E+01 -9.8903E+00
0005359   4.5684E+02 -1.0692E+02 -1.1469E+02
0005360   1.7605E+02  1.4277E+02  2.5079E+02
0005361   4.9388E+02 -2.8814E+02  1.9534E+02
0005362   2.8358E+02 -8.4928E+01  3.3101E+01
0005363   5.2083E+02  1.7076E+02  1.5895E+01
0005364   1.7159E+02  2.6059E+01 -1.5006E+02
0005365   2.9301E+02  5.0244E+01 -3.9625E+02
0005366   8.9834E+01 -1.2050E+02 -3.9975E+01
0005368   4.4477E+02 -2.9185E+01 -4.2941E+01
0005369   5.3289E+02 -1.1835E+02  1.0284E+02
0005370   1.5907E+02 -7.2825E+01 -5.3449E+01
0005371   8.0503E+01  9.4204E+01  1.4285E+02
0005372   3.7323E+02 -2.0523E+01 -4.7137E+01
0005373   2.1344E+02  1.9593E+02  6.7788E+01
0005374   7.6411E+01 -4.1160E+01  2.3374E+02
0005375   1.1703E+02 -5.3763E+01  1.6054E+01
0005376   3.6043E+02 -6.7016E+01  1.5317E+02
0005377   1.8058E+02 -1.8209E+01 -1.0082E+01
0005379   2.0329E+02 -2.4868E+02  1.3329E+01
0005380   4.4923E+02 -4.3203E+01 -8.1569E+01
0005381   3.1137E+02 -3.5043E+02  7.5276E+01
0005382   2.9646E+02 -4.3799E+01  3.0327E+02
0005383   2.2324E+02 -2.5397E+02 -9.6276E+01
0005384   1.0319E+02 -1.7961E+01  3.9935E+01
0005385   4.3766E+02 -1.6841E+02  2.5231E+02
0005386   6.7077E+01 -8.4241E+01 -1.6302E+01
0005387   1.2717E+02  2.0541E+02 -2.2974E+01
0005388   3.1059E+02 -3.1372E+01  2.8311E+01
0005389   3.2989E+02  9.4491E+01 -8.5177E+01
0005390   2.0958E+02 -2.8112E+01  6.7252E+01
0005391   2.7094E+02 -1.2465E+02 -4.4838E+02
0005392   3.5338E+02 -7.5294E+01 -1.8538E+02
0005393   3.9051E+02  8.8373E+01 -2.2079E+01
0005394   4.7698E+02 -5.7118E+01 -9.4008E+01
0005395   3.1104E+02  1.1806E+02 -2.6688E+02
0005396   2.2331E+02  1.5905E+02 -9.7133E+01
0005397   2.1006E+02 -1.1388E+02  3.1585E+02
0005398   2.4145E+02  3.2377E+01 -5.4354E+00
0005400   2.1265E+02  5.7752E+01  3.6798E+01
0005401   1.9128E+02  4.1553E+00  5.9855E+01
0005402   3.3879E+01 -1.6253E+01  1.5007E+01
0005403   3.4534E+02 -7.9425E+01  2.4476E+02
0005404   3.7447E+02 -1.4347E+02  2.2621E+02
0005405   3.8276E+02  1.3629E+02 -3.1575E+02
0005408   9.7199E+01  1.9997E+02  3.9254E+01
0005409   1.9938E+02  1.0320E+02 -1.6352E+02
0005410   5.6275E+01  3.3403E+01 -5.7363E+01
0005411   2.4634E+02  5.9805E+01 -3.8070E+02
0005412   2.0065E+02 -1.5839E+01  1.5326E+01
0005413   1.5879E+02 -3.0598E+01 -3.6978E+01
0005414   1.2936E+02 -1.6716E+00  9.2324E+01
0005415   6.9115E+01 -3.5278E+02  1.6800E+02
0005416   3.6552E+02  9.9529E+01 -2.3194E+01
0005417   2.5494E+02 -9.3905E+01 -1.3809E+01
0005418   2.1157E+02  2.2045E+02  1.1272E+02
0005419   3.2232E+02 -6.1065E+01  1.7950E+02
0005420   6.9350E+02 -3.5707E+01 -9.8176E+01
0005421   6.5829E+02 -2.6558E+02 -2.2053E+02
0005422   3.0805E+02 -3.7263E+01  1.2375E+02
0005423   2.5530E+02 -4.7507E+01 -4.2670E+01
0005424   2.0161E+02 -3.8246E+01  1.0471E+01
0005425   6.8867E+01 -5.5196E+01  4.1297E+01
0005426   4.3016E+01  9.7087E-01  1.8065E+02
0005427   1.1480E+02 -2.8007E+01 -6.5655E+00
0005428   1.7206E+02 -6.2021E+01 -1.2637E+02
0005429   5.4741E+02 -2.0446E+02  9.7214E+01
0005430   3.1441E+02  1.9910E+02  4.6483E+02
0005431   4.3911E+02 -8.7647E+01  1.9016E+01
0005432   3.5606E+02 -1.4203E+02 -4.3806E+01
0005433   6.8289E+01 -5.3512E+01  2.1225E+00
0005434   3.9808E+02  2.8871E+01  7.2656E+01
0005435   2.7113E+02  7.7445E+01  2.9802E+01
0005436   2.8407E+02 -2.7342E+01 -1.0128E+02
0005437   2.0251E+02 -2.6212E+01  8.8765E+01
0005438   1.7812E+02 -3.5602E+02 -1.5019E+02
0005439   1.5520E+02  7.0746E+01 -4.8084E+01
0005440   4.1185E+02  1.0520E+02 -9.8231E+01
0005441   6.9995E+01 -7.7375E+01  1.0502E+00
0005442   3.2391E+02 -2.5836E+01 -3.5825E+01
0005443   1.6913E+02 -1.5995E+02 -1.0661E+02
0005444   3.7522E+02 -1.2946E+02 -3.7489E+01
0005445   2.9447E+02  2.1352E+02 -2.4596E+02
0005446   3.2692E+02  4.5767E+01 -1.0186E+02
0005447   3.0323E+02  2.3002E+02  2.5859E+02
0005448   2.0947E+02  2.4786E+02  1.0214E+02
0005449   1.8927E+02 -1.3386E+02 -8.8511E+01
0005450   3.2716E+02  1.0456E+02  1.2336E+02
0005451   4.8915E+02  1.5170E+02 -2.8675E+02
0005453   3.6230E+02  1.4356E+02 -1.1248E+02
0005454   2.7902E+02 -3.1662E+01 -1.5274E+01
0005455   1.3760E+02 -1.1440E+02 -1.2015E+02
0005456   3.0465E+02 -4.5922E+00 -5.9709E+01
0005457   2.0633E+02 -7.9615E+01  1.4605E+02
0005458   9.3960E+01 -8.5237E+00  3.8121E+00
0005459   3.2970E+02 -1.8219E+01 -3.2239E+01
0005460   4.3059E+02 -1.5109E+02  6.6970E+01
0005461   5.2747E+02 -2.1539E+02  1.2002E+02
0005462   1.6046E+02  2.7579E+01  5.3710E+01
0005464   3.8856E+02  1.9183E+02 -4.7360E+01
0005465   4.9773E+02  1.3592E+02 -2.3521E+02
0005466   3.3997E+02  6.2848E+01 -2.5868E-01
0005467   4.1790E+02 -2.2561E+02 -2.8079E+00
0005468   1.7035E+02 -7.7975E+01 -7.6319E+01
0005469   2.2706E+02  1.5069E+02  2.9534E+01
0005470   2.5723E+02  1.1617E+02  1.8561E+02
0005471   6.1708E+02 -1.5069E+02 -2.9998E+02
0005472   1.4782E+02  1.0200E+02 -2.1098E+02
0005473   4.6159E+02  2.0638E+02  9.6250E+01
0005474   8.1415E+01 -6.7509E+01  2.2786E+02
0005475   4.1550E+02 -1.0335E+02  2.5677E+02
0005476   1.6650E+02  4.4145E+01  2.8375E+02
0005477   3.6206E+02  6.5263E+01  1.3447E+02
0005478   2.3934E+02 -1.0035E+02  9.3221E+01
0005479   1.0313E+02  3.7163E+00 -8.9812E+01
0005480   1.7676E+02 -1.6313E+02 -5.7132E+01
0005481   4.0288E+02  4.0796E+01 -1.2947E+02
0005482   5.0280E+02 -3.3318E+01  1.6143E+02
0005483   3.3639E+02 -2.9890E+01 -2.6396E+01
0005484   1.5009E+02 -1.6385E+02 -2.2849E+02
0005485   1.4528E+02 -4.4476E+01 -4.2303E+01
0005486   3.3969E+02  1.3641E+02 -2.0318E+02
0005487   8.4193E+01  1.4749E+02  7.1270E+01
0005488   5.8247E+02 -8.0774E+00 -3.5008E+01
0005489   9.0547E+01 -6.7417E+01 -2.5796E+01
0005490   3.9812E+02  6.8464E+01 -1.4493E+02
0005491   4.3324E+02  2.0911E+02 -1.0378E+02
0005492   2.3666E+02 -8.3008E+01  3.1938E+02
0005493   1.4099E+02  5.3277E+01 -5.5207E+01
0005494   1.6780E+02 -2.7374E+01  1.3876E+01
0005495   4.7348E+01 -1.0728E+02  6.4916E+01
0005496   1.3131E+02  1.9255E+02  6.5891E-01
0005497   4.0663E+02  4.5882E+02 -1.3309E+02
0005498   2.0309E+01 -1.8976E+01  9.9070E+01
0005499   2.7600E+02  8.7744E+01  2.9258E+02
0005500   2.6034E+02  2.5370E+01 -1.0094E+02
0005501   3.0374E+02  1.7142E+02 -6.6029E-01
0005502   1.6448E+02  3.0981E+02  8.3308E+01
0005503   2.6584E+02  2.8062E+02  6.8102E+01
0005504   1.2608E+02  2.5665E+01  3.2129E+01
0005505   1.3121E+02  1.3190E+02 -1.2190E+02
0005506   1.1181E+02  1.1653E+02  1.5155E+02
0005507   4.6780E+02  2.8814E+02  2.5083E+02
0005508   3.9254E+02  1.3990E+02  8.6006E+01
0005509   3.7379E+02  2.6804E+02 -1.4392E+02
0005510   3.1267E+02  1.3947E+02 -1.7730E+00
0005511   3.2676E+02 -1.7395E+02 -7.2049E+01
0005512   3.2318E+02 -2.4863E+01 -1.4554E+02
0005513   1.1971E+02 -5.2435E+01 -2.0698E+02
0005514   2.2460E+02  1.1881E+02  4.2650E+01
0005515   2.3484E+02  5.1861E+01 -9.3110E-01
0005516   1.5815E+02  1.4355E+02 -9.4597E+01
0005517   2.9345E+02 -2.1231E+02  1.0233E+02
0005518   2.0665E+02  1.2961E+02  2.3331E+01
0005519   1.3873E+02 -3.2176E+01 -3.5464E+01
0005520   2.7522E+02 -1.1291E+01  4.2034E+01
0005521   2.2615E+02 -1.4314E+02  1.8736E+02
0005522   3.3601E+02  5.0396E+00 -3.4171E+01
0005523   4.1198E+02 -1.5425E+01  1.5539E+02
0005524   5.7633E+01  1.0853E+01  5.5524E+01
0005525   1.3821E+02  7.2159E+01 -8.1422E+01
0005526   4.2436E+01 -1.7305E+02  6.0050E+00
0005527   4.1718E+01  4.6423E+01 -1.1511E+01
0005528   1.1581E+02 -1.6447E+02 -5.6401E+01
0005529   5.1390E+02 -1.0213E+02 -3.5080E+01
0005530   2.7944E+02 -3.5175E+02  1.5822E+02
0005531   1.3145E+02  1.8506E+01  1.4252E+02
0005532   4.5146E+02 -2.5725E+02 -3.0069E+02
0005533   4.4127E+02  8.8850E+01  1.7593E+02
0005534   3.4520E+02  3.6908E+00 -1.2416E+02
0005536   3.3635E+02 -1.6679E+02  1.7068E+00
0005537   2.2405E+02  1.0055E+02  1.1697E+02
0005538   2.4827E+02  1.1420E+02 -2.9729E+02
0005539   2.8963E+02  1.5835E+01 -2.3041E+02
0005540   9.6707E+00  1.6226E+02 -1.3618E+01
0005541   2.6907E+02 -4.0229E+01 -1.1690E+02
0005542   2.3000E+02 -1.4365E+02  1.2881E+02
0005543   4.0999E+02  3.4047E+02  1.0449E+02
0005544   4.1354E+02 -7.5933E+01  5.0779E+01
0005545   5.0181E+02 -1.0899E+02 -6.0714E+01
0005546   5.9735E+01  1.2108E+02 -2.2996E+02
0005547   2.2192E+02  3.3581E+01 -3.1715E+01
0005548   1.1045E+02 -1.5207E+02  1.7415E+02
0005549   4.2475E+02  9.4108E+01  2.0499E+01
0005550   1.5395E+02 -1.2771E+02  1.3868E+02
0005551   5.2442E+02 -4.2813E+01  3.9848E+01
0005552   3.0654E+02 -1.7614E+02 -5.7806E+01
0005553   3.8580E+02  2.2956E+02 -1.5579E+02
0005555   3.8374E+02 -2.3916E+02  1.5966E+02
0005556   1.0212E+02 -1.2078E+02 -8.8572E+01
0005557   2.5851E+02 -1.2520E+02 -3.2331E+02
0005558   6.1267E+02  1.9417E+02 -4.1509E+01
0005559   2.7777E+02 -5.3405E+01 -2.9098E+02
0005560   1.0498E+02  1.9372E+01  1.5950E+02
0005561   2.9348E+02 -8.4858E+00  1.8223E+02
0005562   1.1949E+02 -1.2083E+02  1.4690E+02
0005563   3.5608E+02  2.3932E+01  7.6406E+01
0005564   2.2843E+02  1.2209E+02 -8.4519E+01
0005566   3.7910E+02 -1.1017E+02 -9.7005E+01
0005567   2.6996E+01 -1.6138E+02 -1.2153E+02
0005568   2.8817E+02  4.4095E+01 -3.9099E+01
0005569   9.1448E+01  5.2623E+01 -1.7064E+02
0005570   1.6509E+02 -8.9282E+01  1.0293E+02
0005571   2.8848E+02  5.7600E+01 -3.1847E+01
0005572   1.6481E+02 -1.8629E+02  2.5624E+02
0005573   4.2203E+01  5.1001E+01  9.1818E+01
0005574   4.0441E+02 -1.5037E+02  2.5724E+02
0005575   2.0887E+02  4.0512E+02 -2.5402E+01
0005576   1.7570E+02 -1.7644E+02 -6.0889E+01
0005577   3.3672E+02 -3.6861E+02  5.1968E-01
0005578   4.2513E+02 -1.7118E+02 -5.8905E+01
0005579   2.0249E+02  2.7174E+02 -1.5023E+01
0005580   4.1911E+02 -8.7380E+01  1.1121E+02
0005581   3.2069E+02 -2.4014E+02 -8.7764E+01
0005582   3.5446E+02 -2.5384E+01  2.4373E+01
0005583   4.5977E+02  6.5876E+00 -2.6562E+01
0005584   4.8823E+02 -7.1180E+01  9.6193E+01
0005585   2.2349E+02  2.7000E+02 -9.5235E+01
0005586   1.4990E+02  1.3574E+02  2.4931E+01
0005587   8.7787E+01 -6.2227E+01 -5.8719E+01
0005588   3.2872E+02 -1.0700E+01 -1.7832E+02
0005589   4.7627E+02  2.2697E+02 -1.8391E+02
0005590   4.0902E+02 -7.3394E+01 -3.0340E+01
0005591   3.3146E+02  8.1278E+01 -3.2619E+02
0005592   6.2182E+01  7.6077E+01  2.3897E+02
0005593   1.6617E+01  3.6528E+00  8.6929E+00
0005594   1.2333E+02  8.6511E+01  4.2209E+01
0005595   3.4258E+02 -9.5878E+01 -2.0357E+02
0005596   1.5757E+02 -8.0939E+01 -2.2147E+01
0005597   1.6968E+02  1.2534E+02  9.2872E+01
0005598   3.3963E+01  1.0868E+02 -1.0578E+02
0005599   1.3352E+02 -4.4302E+01 -4.3144E+00
0005600   4.2791E+02 -5.9470E+01  1.3357E+02
0005601   2.1983E+02  5.5149E+01 -2.4496E+02
0005602   1.1426E+02 -8.4780E+01  1.7952E+02
0005605   2.7834E+02 -1.2251E+02 -2.7783E+01
0005606   1.3345E+02 -5.6438E+01  1.2056E+02
0005607   3.2896E+02  1.9079E+01 -3.0455E+01
0005608   8.3819E+01 -1.8731E+02  7.4454E+00
0005609   2.3045E+02  3.8607E+00 -1.1427E+02
0005610   2.6564E+02  9.9988E+01  4.2728E+01
0005611   8.6980E+01 -7.9234E+00 -5.4785E+01
0005612   4.9461E+02  8.0795E+00  4.4848E+01
0005613   4.0227E+02  1.5057E+02 -6.4621E+01
0005614   1.8446E+02  2.4606E+00  2.7111E+01
0005615   2.4360E+02  1.8106E+02 -2.0361E+02
0005616   2.3345E+02 -3.5967E+01 -1.0137E+02
0005617   3.7378E+02 -2.0905E+02  3.8072E+02
0005618   2.8224E+02  8.7214E+00  2.6863E+01
0005619   6.1665E+02  6.4334E+01  1.2569E+02
0005620   3.8506E+02  3.8711E+01  1.3176E+02
0005621   2.1521E+02  1.9631E+01  2.7637E+01
0005622   2.1376E+02  6.5257E+01  7.8148E+01
0005623   1.2468E+02 -5.2761E+01  9.8758E+01
0005624   2.7007E+02 -1.0008E+02 -1.0156E+02
0005625   2.5124E+02  3.1707E+01  1.3199E+02
0005626   3.0955E+02 -1.0053E+02 -9.8860E+01
0005627   2.1180E+02 -2.1977E+02 -1.4930E+02
0005628   1.2392E+02  1.6942E+01  2.3326E+02
0005629   2.4839E+02 -6.6404E+01 -8.5066E+01
0005630   3.6955E+02 -1.8828E+02 -2.6123E+01
0005631   2.2162E+02  1.3008E+02  1.7356E+01
0005632   1.7317E+02  4.3191E+01 -2.0953E+02
0005633   2.3947E+02  9.0775E+01  2.3753E+02
0005634   1.5676E+02  1.1061E+02 -8.5377E+01
0005635   2.5727E+02  1.1357E+02  3.2342E+01
0005636   3.7782E+02 -2.0157E+01 -6.3501E+01
0005637   3.0838E+02 -3.4264E+02 -3.0416E+00
0005638   5.0473E+01  4.0404E+01 -8.5399E+01
0005639   1.8042E+02  2.4550E+02 -2.8192E+01
0005640   1.0251E+02  2.3535E+02  7.3013E+00
0005641   4.0432E+02  1.7306E+02  2.2043E+02
0005642   3.4219E+02 -1.1640E+02  7.6852E+01
0005643   1.0322E+02  3.6599E+01 -2.6048E+02
0005644   4.8527E+02 -5.7071E+01  7.3942E+01
0005645   3.7750E+02 -1.1382E+02 -4.0201E+01
0005646   6.1105E+01 -1.6713E+02 -7.1869E+01
0005647   1.6370E+02 -4.5964E+01 -9.2580E+01
0005648   3.4384E+02  2.2805E+02 -6.1907E+01
0005649   2.9973E+02  3.6137E+01  8.6315E+00
0005651   3.6397E+02 -1.1040E+02  2.3499E+01
0005652   4.6246E+02  3.5323E+01 -2.3381E+01
0005653   4.7671E+02 -9.4639E+01  6.1729E+01
0005654   4.2862E+02  2.4265E+02  1.3494E+02
0005655   2.5880E+02  4.2970E+01  1.8585E+02
0005656   1.8610E+02 -1.2563E+02 -3.0388E+00
0005657   1.7834E+02 -9.5209E+01  2.6007E+02
0005658   5.6676E+02  1.8134E+02  1.8317E+02
0005659   7.8096E+01  3.1555E+02  1.7816E+02
0005661   1.5199E+02  9.8519E+00  7.4222E+01
0005662   1.3734E+02 -2.0053E+02 -1.8761E+02
0005663   4.6927E+02  7.1930E+01  1.4278E+01
0005664   3.6704E+02  5.9441E+01  4.3677E+01
0005665   2.9660E+02  2.7821E+02 -4.7880E+01
0005666   2.2304E+02  5.2084E+01 -2.0592E+02
0005667   3.0495E+02 -4.5530E+01  1.1736E+02
0005668   1.2154E+02  2.3588E+01  3.3658E+02
0005669   2.8998E+02 -4.7767E+01  2.2202E+02
0005670   1.2639E+02 -3.3632E+02 -5.5080E+00
0005671   1.3237E+02 -3.4628E+01  1.1960E+02
0005672   5.8607E+02 -1.1384E+02 -9.2887E+01
0005673   1.7513E+02 -5.6626E+01  1.4656E+02
0005674   3.5775E+02  1.8679E+02  2.0954E+02
0005675   2.5988E+02  6.9512E+01  1.1145E+02
0005676   1.5337E+02  3.4243E+01  2.7351E+02
0005677   1.2336E+02 -7.9436E+01 -2.7265E+01
0005678   2.4057E+02 -6.4740E+01 -1.7712E+01
0005679   5.0898E+01  1.2733E+02 -3.5019E+01
0005681   1.0796E+02 -3.2590E+01  1.9441E+02
0005682   1.4728E+02  2.0823E+02  2.3331E+02
0005683   1.5752E+02 -8.3458E+00 -1.9476E+02
0005684   5.1416E+02  1.8605E+02 -7.7821E+01
0005685   5.3287E+02 -7.2718E+01  9.3094E+00
0005686   4.3462E+02  2.3509E+02 -6.1869E+01
0005687   2.5961E+02 -3.4087E+00  6.9558E+01
0005688   1.7678E+02 -1.5519E+02 -8.2364E+01
0005690   6.5052E+02 -1.9143E+02 -2.4807E+02
0005691   2.5528E+02 -7.3821E+01  1.2489E+02
0005692   7.0019E+01  2.0343E+02  1.2267E+02
0005693   1.8658E+02 -9.2272E+01  4.4660E+01
0005694   3.3374E+02 -7.3216E+01  1.0639E+02
0005695   1.0514E+02  1.1901E+02 -6.8689E+01
0005696   1.7158E+02  3.1454E+01 -1.0151E+02
0005697   2.3101E+02  3.0471E+02 -9.9546E+01
0005698   1.7976E+02  6.0232E+01 -9.0342E+00
0005699   3.6971E+01  3.6385E+01 -2.6574E+02
0005700   1.5797E+02  8.4087E+01 -3.7350E+01
0005701   2.0544E+02  1.2722E+02  9.0626E+01
0005702   3.2443E+02 -1.8863E+02 -1.9488E+02
0005703   3.7725E+02 -3.3521E+02 -3.1144E+01
0005704   3.5631E+02  1.6943E+02 -1.3577E+02
0005705   1.3396E+02 -3.1861E+01  3.4698E+01
0005706   1.0329E+02 -2.3899E+02 -1.5176E+01
0005707   3.1287E+02 -1.7022E+02  1.3269E+02
0005708   2.7480E+02  6.4749E+01  6.7703E+00
0005709   1.4435E+02  1.4197E+02  9.1809E+01
0005710   1.6085E+02  2.8111E+02  1.5633E+01
0005711   1.3460E+02  1.1826E+02 -1.9236E+02
0005712   2.7255E+02  1.4534E+02 -8.7872E+01
0005714   1.4529E+02 -1.8610E+02 -5.3856E+01
0005716   2.6686E+02 -2.7934E+02 -2.9885E+02
0005717   4.4481E+02 -2.8388E+02  7.7332E+01
0005718   3.8186E+02 -5.5916E+01 -8.4346E+01
0005720   4.3367E+02  1.1065E+02 -1.0719E+02
0005721   1.4531E+02 -1.4612E+01 -1.2803E+01
0005722   1.9130E+02  1.8559E+02 -2.0185E+02
0005723   2.8417E+02  6.1123E+01 -4.2810E+01
0005724   2.3773E+02 -5.7254E+01 -1.0732E+02
0005725   2.5827E+02 -2.5824E+02  2.0768E+02
0005726   8.2289E+01 -2.5382E+02 -8.6337E+01
0005727   1.7174E+02 -1.9779E+02  5.8575E+00
0005728   1.2664E+02  1.4276E+02  4.5524E+01
0005729   4.4649E+02 -3.1954E+01  7.3591E+01
0005730   2.5813E+02  1.3710E+02 -1.0583E+02
0005731   4.3160E+02 -2.1149E+01  9.3757E+01
0005732   2.8204E+02 -1.9771E+02 -9.8314E+01
0005733   3.1302E+02 -4.5051E+01  8.9817E+01
0005734   2.5799E+02  1.2088E+01  3.8577E+02
0005735   7.8518E+01 -4.5532E+01 -1.7061E+02
0005736   2.2228E+02 -1.0857E+02  2.0039E+02
0005737   4.7460E+02 -7.0645E+01 -1.7254E+01
0005738   1.8244E+02  7.0525E+01  1.2178E+02
0005739   1.6287E+02 -3.4531E+02 -9.2458E+01
0005740   2.8542E+02 -1.4377E+02  1.8695E+02
0005741   1.0024E+02  8.1030E+01  6.5677E+01
0005742   4.3921E+01 -4.1328E+00  5.4173E+01
0005743   2.5459E+02 -6.2019E+01  1.3362E+02
0005744   4.3247E+01 -9.2234E+01 -1.7624E+01
0005745   1.4687E+02 -4.2263E+01  8.1320E+01
0005746   2.8365E+02  2.9003E+02 -2.3595E+01
0005747   1.8149E+02  4.7561E+01 -1.5383E+01
0005748   1.0283E+02  9.9743E+00 -7.5315E+01
0005749   3.5127E+02 -6.6181E+01  2.5072E+01
0005750   2.8018E+02 -1.1741E+01  2.5969E+00
0005751   3.7621E+02  9.7538E+01  1.1645E+02
0005752   2.5130E+02 -1.0085E+02  5.0894E+01
0005753   1.3224E+02 -1.2075E+02  9.6342E+01
0005754   2.7312E+02 -1.1559E+02 -2.1820E+01
0005756   4.4891E+02  2.1524E+02 -1.2557E+02
0005757   2.5064E+02  1.9622E+01  7.2287E+01
0005758   3.3382E+02  6.8732E+01  1.2994E+01
0005759   3.1724E+02 -1.0169E+02 -1.2693E+02
0005760   3.4889E+02 -1.7976E+02  1.3484E+02
0005762   2.7200E+02 -5.8728E+01 -3.0803E+02
0005763   2.2196E+02 -7.6372E+01  8.5773E+01
0005764   7.3541E+01 -2.1134E+01  9.7453E+01
0005765   1.1027E+02  7.0277E+01  3.8338E+02
0005766   1.0960E+02  3.0457E+01 -9.5182E+01
0005767   3.1049E+02 -1.5207E+02 -1.9319E+02
0005768   3.6544E+02 -2.0826E+01  2.1403E+02
0005769   1.4244E+02 -2.8922E+01 -7.5050E+01
0005770   3.1026E+02 -2.0952E+01  8.8337E+01
0005771   2.8886E+02  1.4945E+00 -1.3120E+01
0005772   4.4261E+02  3.0747E+02 -1.0294E+02
0005773   3.4809E+02 -6.1180E+01  3.8516E+01
0005774   3.0497E+02  3.1911E+01  3.0543E+01
0005775   7.2287E+01 -1.3211E+02  2.4969E+02
0005776   3.2275E+02  1.1812E+01 -1.0600E+02
0005777   3.4917E+02 -2.1062E+02 -1.1063E+02
0005778   2.4706E+02 -6.8586E+01  2.7623E+02
0005779   1.3201E+02  1.6442E+01  1.0513E+02
0005780   1.0078E+02  5.0912E+01 -2.6052E+02
0005781   4.2628E+02  2.0556E+02 -1.8551E+01
0005782   5.5836E+02 -1.9171E+01 -1.4072E+01
0005783   4.7512E+01 -3.9340E+01 -2.3118E+01
0005784   6.9870E+01  6.7863E+00  9.5464E+01
0005785   5.3803E+02  2.6403E+02  1.7887E+02
0005786   3.3459E+02 -5.1030E+01 -1.5142E+02
0005787   4.4278E+02 -1.1625E+02  1.8552E+02
0005788   1.9340E+02 -1.1779E+02  1.9440E+02
0005789   3.6551E+02  8.6716E+01  7.1833E+01
0005790   1.8883E+02 -2.9947E+01 -1.3362E+02
0005791   6.7773E+01  2.5369E+01 -1.6759E+02
0005792   4.6705E+02 -2.6323E+01  2.9472E+02
0005793   2.1382E+02 -1.9076E+02  1.1478E+01
0005794   3.5397E+02 -1.7239E+02 -3.2945E+01
0005795   7.2511E+00  1.3520E+01  1.2839E+02
0005796   3.1815E+02  2.2033E+02  1.5132E+01
0005797   3.1444E+02  4.8173E+01  6.2350E+01
0005798   3.9764E+02  1.2722E+02  6.9945E+01
0005799   5.8499E+02  1.4791E+02 -4.3284E+01
0005800   2.4688E+02  1.0629E+01 -2.9499E+02
0005801   2.3692E+02  1.4401E+02 -6.8747E+01
0005802   1.2594E+02  6.9409E+01 -3.4776E+01
0005803   1.5753E+02  2.6511E+02  8.4843E+01
0005804   9.6634E+01  9.9245E+01  1.3855E+02
0005805   1.0746E+02 -1.4478E+01  5.7805E+01
0005806   4.1243E+02 -1.2999E+02 -3.4602E+02
0005807   3.4525E+02  1.1825E+01 -2.1447E+02
0005808   1.0824E+02  1.1527E+02 -9.5112E+01
0005809   3.2132E+02  2.0732E+02  2.5882E+01
0005810   1.8441E+02  1.1048E+02 -9.0095E+01
0005811   2.7439E+02 -1.8731E+02 -1.3374E+02
0005812   1.8011E+02 -7.7224E+01 -1.1277E+02
0005813   1.9569E+02 -1.1637E+02  1.8520E+01
0005814   1.6759E+02 -8.2537E+01 -1.9989E+02
0005815   3.2312E+02 -2.3878E+02 -6.9633E+01
0005816   3.8667E+02  1.2726E+01 -4.2427E+01
0005817   3.8297E+02 -7.4952E+01  2.7397E+01
0005818   1.9108E+02 -3.7816E+01 -1.2265E+02
0005819   1.7283E+02 -4.7828E+01 -2.9190E+01
0005820   3.4416E+02  2.0326E+02  6.2109E+01
0005821   1.7159E+02 -5.2924E+01 -1.1476E+02
0005822   2.3390E+01  2.3400E+01  3.0925E+01
0005823   1.7092E+02 -6.9643E+00 -1.9110E+02
0005824   1.7093E+02 -2.5425E+02  2.8432E+01
0005825   1.4853E+02 -1.1805E+01  7.6840E+01
0005826   3.1752E+02  2.3795E+02  6.6924E+01
0005827   4.5865E+02  2.3468E+01 -2.5317E+02
0005828   1.1268E+02 -4.9900E+01 -8.4132E+01
0005829   3.8219E+02 -1.4709E+02  1.8540E+02
0005830   4.0523E+02 -1.8412E+02 -1.4141E+01
0005831   2.7958E+02  1.5638E+02 -1.3112E+02
0005832   1.2622E+02 -2.9817E+02  9.1551E+01
0005833   2.7507E+02 -4.6629E+00  1.5684E+02
0005834   9.0501E+01 -3.1409E+02 -2.6221E+02
0005835   1.8541E+02  1.9893E+02 -2.6319E+02
0005836   1.3161E+02 -5.1220E+01 -3.3739E+01
0005837   4.3467E+02 -1.6050E+00  2.6918E+02
0005838   1.1764E+02 -1.7074E+02 -1.9608E+02
0005839   3.6369E+02  2.3873E+02  1.9597E+02
0005840   1.7854E+02  6.9814E+01 -1.1415E+02
0005841   2.8772E+02 -1.2283E+01  5.6271E+01
0005842   1.3648E+02 -4.9216E+01  3.4662E+00
0005843   2.5513E+02  1.2472E+02  1.0039E+02
0005844   4.2873E+02 -1.3732E+02  2.7976E+02
0005845   1.9755E+02 -1.2704E+02  3.2391E+02
0005846   2.9709E+02 -1.8083E+02  6.7193E+01
0005847   3.6923E+02  1.0038E+02  3.9132E+01
0005848   1.4782E+02 -4.9750E+00 -1.9068E+02
0005849   4.6848E+01 -4.2167E+01 -1.0001E+02
0005850   4.9567E+02  5.4804E+01  2.1602E+02
0005851   1.1264E+02 -2.5500E+01 -6.6966E+01
0005852   3.3509E+02 -1.2365E+02 -2.6207E+01
0005853   1.3675E+02  1.1885E+02 -2.1174E+01
0005854   4.5960E+02  1.8467E+02 -8.9193E+01
0005855   3.0770E+02  7.4875E+00 -1.2300E+02
0005856   6.8220E+02  1.8952E+02 -1.8728E+02
0005857   3.1887E+02 -1.4901E+01  3.9155E+01
0005858   5.1280E+02  3.5513E+02  4.1987E+01
0005859   5.3824E+02  7.4588E+01  8.6544E+01
0005860   8.2113E+01 -2.4060E+02 -2.0743E+02
0005861   1.6281E+02 -1.8676E+01 -8.2813E+01
0005863   5.1336E+02  7.5664E+01 -1.8227E+01
0005864   3.1742E+02 -1.0841E+01  1.8568E+02
0005865   3.8517E+02 -1.0527E+02 -3.9849E+02
0005866   1.4888E+02 -6.1646E+01  4.6782E+01
0005867   3.6312E+01 -2.2777E+02  3.0165E+01
0005868   2.6835E+02  1.2939E+00 -4.4918E+01
0005869   1.8353E+02 -1.5882E+02 -9.1955E+01
0005870   5.5384E+02  2.0245E+02  6.9543E+01
0005871   4.0471E+01  5.1187E+00 -6.2970E+00
0005872   3.0428E+02 -1.4555E+02  1.4628E+02
0005873   3.9971E+01 -4.9435E+01 -4.8674E+01
0005874   1.0901E+02 -5.6021E+01  4.4117E+01
0005875   3.4985E+02  1.8559E+02 -1.0901E+02
0005876   1.8474E+02  1.4297E+02 -2.1216E+02
0005877   3.8269E+02 -2.9480E+02  7.3697E+01
0005878   5.0121E+02 -6.3741E+01 -1.9513E+02
0005879   3.1360E+02  1.3121E+02 -8.2897E+01
0005880   3.1062E+02  4.3304E+01  9.2688E+01
0005881   1.5496E+02  2.1016E+01 -5.1525E+01
0005882   4.7416E+02 -2.9482E+02  1.2159E+02
0005883   4.1243E+02  2.9931E+01  4.8770E+00
0005884   4.5700E+02  3.0304E+01 -7.4552E+01
0005885   1.6650E+02  3.0960E+01  2.5982E+02
0005886   1.8108E+02 -1.7560E+01 -1.0965E+01
0005887   1.9641E+02 -2.0765E+02  1.0470E+02
0005889   1.8218E+02 -9.8302E+01  9.5576E+01
0005890   3.4131E+02 -1.3381E+01 -6.7522E+01
0005891   4.6710E+02 -7.6011E+01 -7.1318E+01
0005892   2.8666E+02 -1.7160E+02 -1.3314E+02
0005893   3.0049E+02 -1.7936E+01  1.0068E+02
0005894   1.4269E+02 -3.5717E+01  6.4272E+01
0005895   3.2189E+02 -1.5805E+02  1.1849E+02
0005896   2.6711E+02 -8.3181E+01 -1.2824E+02
0005897   1.9238E+02  1.1087E+02  1.1502E+02
0005898   2.6180E+02 -7.3892E+01 -1.6885E+02
0005899   3.9610E+02  1.6203E+02 -2.1131E+02
0005900   1.9970E+02 -6.2977E+01  8.5911E+00
0005901   3.2241E+02 -1.4660E+02  7.3838E+01
0005902   4.1971E+02  6.1088E+01 -8.4592E+01
0005903   1.0161E+02 -1.6258E+02  1.9112E+02
0005904   1.5777E+02 -9.6708E+01  4.3937E+01
0005906   3.5279E+02  6.8083E+01  5.4744E+01
0005907   5.6514E+02 -1.0506E+02 -2.3762E+02
0005908   2.2964E+02 -1.6992E+02 -7.7746E+01
0005909   8.9424E+01 -2.3678E+02 -3.0419E+02
0005910   8.9952E+01  1.4563E+00 -9.1148E+00
0005911   2.9316E+02 -3.1745E+01  2.4399E+01
0005912   1.4172E+02  1.6008E+01 -1.1883E+02
0005914   2.6694E+02 -4.6465E+01 -2.1726E+01
0005915   1.9559E+02  1.3029E+01  9.0677E+01
0005916   6.7544E+01  1.1638E+02 -1.1609E+02
0005917   2.0032E+02  2.6119E+01 -1.0466E+02
0005918   6.7681E+01  4.3641E+00  4.8957E-01
0005919   1.7863E+02 -4.1779E+00  2.0197E+01
0005920   2.8131E+02  2.4363E+02  1.2912E+01
0005921   4.0495E+02 -2.9124E+02 -6.3583E+01
0005922   1.9815E+02  1.4183E+02 -1.7870E+01
0005923   6.3453E+02  1.1376E+02  1.2773E+02
0005924   2.0603E+02  1.5103E+02  9.8090E+00
0005925   3.9896E+02 -1.6298E+02 -2.3536E+02
0005926   1.6134E+02  2.9159E+02 -1.6984E+02
0005928   4.3304E+02 -2.8533E+02  6.3378E+01
0005929   2.9175E+02  5.3953E+00  4.0095E+02
0005930   3.2290E+02  1.9037E+01  8.6635E+01
0005931   9.6603E+01  3.6099E+00  8.8987E+01
0005932   4.7957E+02 -6.7558E+01  2.4239E+02
0005933   5.1727E+02 -1.6743E+02 -3.0817E+02
0005934   5.3349E+02 -2.0338E+02 -7.6696E+01
0005935   4.1626E+02 -1.8133E+02 -3.8180E+01
0005936   5.0033E+02 -5.8664E+01 -1.5587E+02
0005937   2.2293E+02  1.8913E+01  8.5061E+01
0005938   1.1071E+02 -1.0227E+01 -1.2603E+02
0005939   6.2268E+02 -1.3999E+02  1.1781E+02
0005940   1.1001E+02  5.3097E+01 -1.6791E+02
0005942   1.3776E+02  4.6293E+00  1.1273E+02
0005943   6.1812E+01 -2.3707E+02  3.3600E+01
0005944   9.9763E+01  1.0243E+02 -7.3850E+01
0005945   2.2291E+02  9.3022E+00 -9.9908E-01
0005946   2.3863E+02 -2.1622E+02 -4.1514E+01
0005947   3.3286E+02 -1.2362E+02 -2.4941E+02
0005948   3.5963E+02 -2.5826E+02 -9.5374E+01
0005949   3.3228E+02 -3.8119E+02  1.6371E+01
0005950   5.5778E+02  4.7760E+01 -1.2438E+02
0005951   3.5897E+02 -1.3739E+02 -8.5948E+01
0005952   3.0949E+01  6.7360E+01 -9.5652E+01
0005953   2.6941E+02  1.0314E+02 -1.7463E+02
0005954   3.7543E+02 -2.3375E+02 -7.3114E+01
0005955   2.9141E+02  4.0622E+01  1.1098E+02
0005956   4.2048E+02  2.0631E+02 -2.5833E+01
0005957   2.1128E+02  3.9618E+01 -4.9633E+01
0005958   2.2723E+02 -6.0213E+01  1.4134E+02
0005959   2.3900E+02  2.1365E+02  6.1792E+01
0005960   3.8142E+02 -1.0976E+02  9.0812E+01
0005961   2.1176E+02 -1.6327E+02  8.1790E+01
0005962   1.7783E+02  1.4516E+02 -6.2013E+01
0005963   1.2780E+02 -6.0322E+01  4.8233E+01
0005964   1.0301E+02 -4.0680E+01  1.5878E+02
0005965   4.0058E+02  1.4668E+02  3.0493E+02
0005966   1.5733E+02  2.4743E+02  6.6144E+01
0005967   4.4616E+02 -8.5880E+00 -4.1074E+02
0005968   9.2276E+01 -4.1169E+01  1.5338E+01
0005969   2.2550E+02  9.3296E+01  9.0928E+01
0005970   2.1507E+01  8.2347E+01  1.1696E+01
0005971   2.9420E+02  6.5040E+01 -1.4353E+02
0005972   5.0049E+02 -2.7942E+01 -2.5940E+02
0005973   3.4247E+02 -2.3457E+01  8.0395E+00
0005974   4.4220E+02 -2.6984E+02 -3.1265E+02
0005975   5.7091E+01  1.5755E+02  1.0899E+01
0005976   1.6803E+02  1.4130E+02 -6.4801E+01
0005977   1.2150E+02  1.9339E+02  9.6462E+01
0005978   1.7680E+02 -2.1614E+01  3.7912E+01
0005979   2.3772E+01 -1.8463E+02  1.2045E+02
0005980   2.4652E+02  2.6834E+01  6.7643E+01
0005981   2.4588E+02  2.0295E+02  9.9212E+00
0005982   2.5599E+02 -2.6918E+02 -1.7433E+02
0005983   3.6793E+01 -1.2337E+02  2.7213E+02
0005984   3.5507E+02 -1.1105E+01 -8.5183E+01
0005986   4.6342E+02 -1.8787E+01  3.4667E+01
0005987   1.8238E+02 -1.3053E+02 -3.5474E+01
0005989   3.4636E+02  4.7152E+01  1.4182E+00
0005990   1.4825E+02 -4.4303E+01  1.7590E+01
0005991   2.1282E+02 -2.1875E+00 -1.4447E+02
0005992   2.6631E+02 -4.6108E+01 -4.5361E+01
0005993   4.5433E+02 -2.5663E+01 -1.1860E+02
0005994   1.8876E+02  4.3804E+01  5.9125E+01
0005995   4.8977E+02 -1.1662E+01 -1.7598E+01
0005996   3.7387E+02 -1.2563E+01  1.6244E+02
0005997   3.0730E+02 -2.5529E+01  2.1594E+02
0005998   5.6769E+02 -2.1538E+02  1.8497E+02
0005999   1.2482E+02 -3.4707E+00  9.9728E+01
0006000   2.3389E+02  8.2418E+01  8.4830E+01
0006001   4.0075E+02 -3.7329E+01  1.5373E+02
0006002   4.5601E+02  8.4499E+01 -3.6644E+01
0006003   1.8400E+02  2.0596E+02 -2.9288E+02
0006004   2.7680E+02  4.6622E+02  8.4403E+01
0006005   1.6069E+02 -3.5516E+01  1.1301E+02
0006006   3.9324E+02 -4.7176E+01 -3.6114E+02
0006007   5.2112E+02  2.7610E+01 -4.3898E+01
0006008   3.4302E+02  9.4195E+00 -6.7442E+01
0006009   3.2377E+02 -5.5202E+01  1.3824E+02
0006010   3.6080E+02  2.0177E+02 -1.2696E+02
0006011   1.1788E+02 -2.0319E+02 -3.6497E+02
0006012   3.1481E+02 -2.5073E+01 -1.2208E+02
0006013   6.1083E+01 -2.7749E+02 -2.0943E+01
0006014   2.6218E+02  6.0625E+01 -1.6910E+01
0006015   8.9857E+01  3.6750E+01 -1.6661E+02
0006016   4.5818E+02  1.6851E+02 -1.0050E+02
0006017   1.4908E+02  7.9812E+01  4.2360E+01
0006018   4.0790E+02 -1.6772E+02 -7.5794E+01
0006019   1.5436E+02  1.7522E+01 -1.1385E+02
0006020   2.0552E+02  3.7662E+01  1.7270E+01
0006021   3.0151E+02 -2.4589E+02 -2.6091E+01
0006022   1.6586E+02 -1.2848E+02 -5.1785E+01
0006023   4.0964E+01 -1.7329E+02 -4.0063E+01
0006024   2.1065E+02 -3.7277E+00  2.7383E+02
0006025   3.3528E+02  1.8421E+02  5.6850E+01
0006026   1.5661E+02 -1.1198E+02 -3.2988E+01
0006027   1.3040E+02  2.7808E+01  7.9185E+01
0006028   1.2697E+02  1.1617E+02 -9.5219E+01
0006029   5.7205E+02  6.7234E+01 -6.4047E+00
0006030   9.3003E-01  2.2349E+01  3.8052E+01
0006031   5.6085E+02  6.4257E+01  1.6571E+02
0006032   1.3802E+02  1.9492E+01 -1.7328E+02
0006033   2.3851E+02  2.5397E+01 -3.7372E+01
0006034   2.7255E+02  2.0156E+01  3.5756E+01
0006035   4.3527E+02 -1.1997E+02  8.5679E+01
0006036   6.2125E+01 -4.8063E+00  2.2266E+01
0006037   1.5237E+02 -5.6732E+01  6.3805E+01
0006038   2.8363E+02  1.6522E-01  1.2445E+02
0006039   3.0722E+02 -3.0045E+02  1.6289E+02
0006040   2.5200E+02  8.6255E+01  2.0889E+02
0006041   5.6318E+02  1.1377E+02  2.6798E+01
0006042   2.1911E+02 -1.5463E+02 -2.7532E+02
0006043   5.7495E+02 -1.7950E+01 -1.1538E+02
0006044   4.3131E+02 -3.6366E+01 -1.4384E+01
0006045   1.2302E+02 -7.2119E+01  2.1409E+00
0006046   2.0444E+02 -1.1387E+01  3.3669E+01
0006047   2.2467E+02  1.3883E+02 -2.4681E+01
0006048   1.0274E+02  5.2324E+01  3.2864E+01
0006049   6.1235E+01  6.5135E+01 -7.5665E+01
0006050   2.7566E+02 -2.1871E+02 -5.5345E+01
0006051   2.0217E+02  3.0268E+01  7.6760E+01
0006052   3.2816E+02  2.0432E+02  2.4207E+01
0006053   4.4252E+02 -3.8372E+02  4.0110E+02
0006054   1.7284E+02 -4.8801E+01  9.4046E+01
0006055   2.4788E+02 -6.9721E+01 -3.2397E+01
0006056   3.4243E+02 -2.2550E+02 -1.3822E+02
0006057   3.2096E+02  7.9678E+01 -2.0854E+02
0006059   2.0820E+02  3.2327E+02  1.3739E+02
0006060   2.9706E+02 -9.2903E+01 -1.0564E+02
0006061   3.7057E+02  2.5030E+02  6.4812E+00
0006063   4.0283E+01  1.9607E+02  2.6242E+01
0006064   9.5868E+01 -8.6296E+01 -3.4009E+01
0006065   2.1242E+02  9.7866E+01 -3.7880E+02
0006066   1.8727E+02 -2.5114E+02  2.0853E+01
0006067   3.2944E+02  8.5539E+00 -6.5272E+00
0006068   2.0124E+02 -1.1561E+02  6.2951E+01
0006069   2.3102E+02  1.6163E+02  3.3731E+01
0006070   3.0816E+01  7.0103E+01 -5.0822E+01
0006071   7.5291E+01 -2.4922E+02 -2.3244E+02
0006072   3.4661E+02  1.2389E+02 -1.4993E+02
0006073   3.2359E+02 -1.0889E+02 -1.5753E+02
0006074   3.7539E+02 -1.7250E+02 -4.1776E+01
0006075   2.4144E+02  5.8630E+01 -1.6127E+02
0006076   1.6196E+02 -1.0073E+02  1.8423E+02
0006078   2.5729E+02 -1.3893E+00  2.5503E+01
0006079   1.7819E+02 -1.1026E+02 -2.4989E+02
0006080   2.7763E+02  1.2612E+02 -5.5569E+01
0006081   2.6385E+02  1.4470E+02  4.2237E+01
0006082   3.4995E+02  1.2547E+02 -1.4778E+02
0006083   5.0450E+02 -1.1799E+02  1.4136E+02
0006084   9.4963E+01 -1.6310E+02  5.1773E+00
0006085   1.9601E+02 -2.5008E+02 -2.3818E+02
0006086   3.4193E+02 -1.4284E+02 -1.1056E+02
0006087   2.7167E+02  2.3134E+02 -1.0468E+02
0006089   1.6424E+02 -2.5067E+02 -1.5424E+01
0006090   3.8028E+02 -1.0570E+02 -1.3140E+02
0006091   4.0289E+02  4.1032E+01 -1.2235E+02
0006092   2.5355E+02 -2.0168E+02  3.8526E+00
0006093   3.5592E+02 -7.3974E+00  1.1568E+02
0006094   1.8778E+02 -1.8936E+02  5.8893E+01
0006095   1.2436E+02 -2.2063E+01 -7.2788E+01
0006096   2.6944E+02 -2.3057E+02  3.3628E+01
0006097   1.0952E+02  1.3079E+02 -1.0300E+02
0006098   2.5846E+02  5.8428E+01 -5.1843E+00
0006099   2.0682E+02  1.1077E+01  2.0489E+01
0006100   2.3281E+02 -1.3939E+02 -2.4090E+01
0006101   8.1096E+01 -9.7430E+01 -5.1542E+01
0006102   3.2612E+02  1.9292E+02  6.4771E+01
0006103   1.7927E+02 -1.3379E+02 -7.2216E+01
0006104   3.8032E+02  1.8711E+02  4.8142E+01
0006105   2.1447E+02  1.0944E+01 -4.0932E+01
0006106   3.6618E+02  1.7337E+02 -1.8740E+02
0006107   3.1608E+02  1.2341E+02 -2.1119E+02
0006108   4.7021E+01 -3.1441E+01 -6.0813E+01
0006109   1.0729E+02  1.1777E+02  1.6587E+01
0006110   2.5549E+02 -1.1705E+02 -2.2507E+02
0006111   2.1641E+02  1.0124E+02  2.9162E+02
0006112   3.6629E+02 -1.3449E+02 -2.5940E+02
0006113   4.8458E+02 -2.7442E+01  2.0856E+02
0006114   3.5042E+02 -1.1053E+01 -2.1991E+02
0006115   2.5794E+02  2.5408E+01  7.8042E+00
0006116   1.0933E+02 -2.3657E+01 -2.2060E+01
0006117   2.1018E+02  1.0312E+02  2.7430E+02
0006118   1.7281E+02  3.4935E+01  5.0757E+01
0006119   1.1832E+02  1.6566E+02 -2.9832E+01
0006120   2.6049E+02 -1.3303E+02  1.0893E+02
0006121   1.7996E+02  4.9498E+01 -8.6165E+01
0006122   1.1155E+02 -2.2880E+02 -1.2941E+01
0006123   4.7003E+02 -1.0308E+02  1.3435E+02
0006124   2.4382E+02 -3.5269E+01 -2.9336E+01
0006125   1.6044E+02 -3.9100E+01  2.5896E+01
0006126   5.0182E+02 -9.3584E+01  1.2673E+02
0006127   4.7658E+02 -1.7005E+02 -1.8253E+01
0006128   4.1288E+02  1.0425E+02 -4.7662E+01
0006129   1.2752E+02 -1.0762E+01  2.9688E+01
0006130   1.6346E+02  2.0357E+02 -6.3418E+01
0006131   2.0611E+02 -8.8636E+01  1.0472E+02
0006132   2.6606E+02 -9.9134E+01 -7.8912E+00
0006133   2.4881E+02  1.9277E+02  2.5775E+02
0006134   4.2449E+02 -6.4576E+01 -1.7159E+01
0006135   5.0529E+01  8.7168E+01 -1.3755E+01
0006137   1.3379E+02  2.7463E+01 -7.1261E+01
0006138   3.3768E+02 -9.2697E+01 -8.3966E+01
0006139   2.2827E+02 -1.7714E+02 -9.9052E+01
0006140   3.2814E+02  3.1031E+02  4.5412E+00
0006141   5.6337E+02 -1.0451E+02 -1.6735E+02
0006142   2.9501E+02  1.3585E+02 -4.8786E+01
0006143   2.3320E+02 -1.4426E+01 -1.0200E+02
0006144   1.7271E+02  1.5365E+02  3.4714E+02
0006145   3.7154E+02 -3.9531E+01 -1.4377E+02
0006146   4.6238E+02  4.2691E+02  1.0290E+02
0006147   1.5009E+02  2.5404E+01  4.2544E+01
0006148   5.0951E+02 -7.8281E+00 -1.3007E+02
0006149   2.1481E+02 -5.8910E+01  8.4053E+01
0006150   4.2794E+02 -1.4361E+01  2.2101E+01
0006151   1.8835E+02  2.9154E+02 -2.2136E+02
0006152   4.1020E+01 -1.9453E+02  2.1830E+02
0006153   2.5597E+02  1.0291E+02 -1.0238E+01
0006154   3.5982E+02  2.2211E+02 -4.3812E+01
0006155   1.6965E+02 -1.7558E+02  4.5578E-01
0006156   5.3493E+01 -1.6244E+02 -9.5798E+01
0006157   2.7099E+02 -2.7477E+01  2.3100E+01
0006158   3.6185E+02  2.2886E+02 -1.4037E+02
0006159   1.6908E+02 -8.6898E+01 -2.3383E+02
0006160   1.0536E+02  7.5999E+01  1.5307E+02
0006161   5.8189E+02 -7.7090E+01 -1.5063E+02
0006162   3.7345E+02  1.1879E+01  1.6285E+02
0006163   2.8465E+02 -8.5854E+01  2.7392E+01
0006164   1.5880E+02  2.7120E+01 -1.4320E+01
0006165   1.7492E+02  9.6572E+01  1.8276E+02
0006166   2.4706E+02  1.8671E+02 -1.5311E+01
0006167   1.0312E+02 -2.8681E+01  9.6576E+01
0006168   7.8711E+01  2.4897E+02  9.0854E+01
0006169   4.5177E+02 -1.8072E+02  1.4413E+02
0006170   5.1709E+02  1.3033E+02 -1.0154E+02
0006171   4.4913E+02  5.8128E+01 -3.5299E+01
0006172   4.1393E+02  6.6732E+00 -2.1763E+02
0006173   1.0870E+02  1.0519E+02  3.3872E+02
0006174   1.8903E+02 -1.5225E+02 -1.7464E+02
0006175   2.0883E+02 -7.1264E+01  5.5509E+01
0006176   2.5928E+02 -4.6562E+01 -5.6343E+01
0006177   3.9704E+02  1.1029E+02  1.2987E+02
0006178   2.0900E+02  1.9313E+01 -1.0836E+02
0006179   3.3667E+02  2.0698E+01 -7.4535E+01
0006180   6.3537E+01 -7.3832E+01  2.0671E+02
0006181   2.7675E+02 -3.2104E+02 -5.0751E+01
0006182   1.5594E+02  1.7998E+02  1.0185E+02
0006183   3.3784E+02  1.6835E+02 -2.6021E+02
0006184   2.3281E+02 -6.4768E+01 -8.6781E+01
0006185   1.4879E+02 -3.2694E+01 -2.2806E+01
0006186   4.1163E+01  2.5010E+01 -1.3563E+02
0006187   3.2097E+02 -2.2687E+02 -1.6706E+02
0006188   3.4511E+02 -2.5461E+01  1.3253E+02
0006189   3.0286E+02  2.5541E+02  3.7708E+02
0006190   1.7330E+02  2.3935E+01  5.5149E+01
0006191   3.7581E+02  2.1349E+02 -1.3101E+02
0006192   1.7372E+02 -1.7002E+02 -5.3614E+01
0006193   9.0244E+01  1.3602E+00 -1.1704E+02
0006194   4.0747E+02 -3.0020E+01  1.3430E+02
0006195   3.3512E+02  2.6556E+01 -1.1715E+01
0006196   2.6630E+02 -2.0321E+02 -8.1212E+01
0006197   3.6920E+02  1.3587E+02  6.6775E+01
0006198   3.4809E+01  2.6235E+02  1.9263E+02
0006199   2.6471E+02  1.8376E+01 -2.7187E+02
0006200   3.7404E+02 -6.2894E+01 -3.8422E+02
0006201   2.6025E+02 -6.8277E+01 -1.2972E+02
0006203   1.8035E+02 -2.2862E+01  5.8459E+01
0006204   1.7862E+02 -1.6861E+01 -3.0004E+02
0006205   1.9057E+02 -1.4548E+02 -1.6081E+01
0006206   3.3968E+02 -2.0599E+02 -1.3633E+02
0006207   4.3593E+02  6.8901E+01 -1.2895E+02
0006208   3.0042E+02 -3.6411E+01 -7.4584E+00
0006209   1.1901E+02 -2.8501E+00  6.2056E+01
0006210   2.0153E+02  5.0844E+01 -7.9359E+01
0006211   1.6781E+02  6.6088E+01  7.1729E+01
0006212   6.0193E+02 -1.7414E+02  3.9489E+01
0006213   5.2594E+02 -1.6045E+02 -1.3452E+02
0006214   1.0644E+02 -6.6830E+01  1.3061E+02
0006215   4.1844E+02  1.8172E+02 -2.2641E+01
0006216   2.7989E+02 -1.3360E+02 -1.0155E+02
0006217   1.0773E+02  7.0857E+00 -9.6425E+01
0006218   2.3050E+02  8.6325E+00  3.9489E+02
0006219   5.7930E+01 -1.0069E+02 -2.4439E+01
0006220   2.5823E+02  1.0048E+01  1.1466E+02
0006221   3.8324E+02  2.3114E+02  3.8763E+01
0006222   2.6955E+02 -4.2384E+00 -1.4663E+02
0006223   4.0494E+02  3.6298E+01  1.7703E+02
0006224   2.4494E+02 -2.5564E+01 -1.1377E+02
0006225   1.1591E+02 -2.1940E+02 -4.0765E+01
0006226   1.3101E+02  1.4946E+01 -2.2379E+02
0006227   3.6297E+02  1.1681E+02 -1.1885E+02
0006228   3.5683E+02 -2.5489E+02  4.2749E+01
0006229   1.7735E+02  1.6243E+01  8.3115E+01
0006230   2.9510E+02 -8.6499E+01  3.2657E+02
0006231   5.2606E+02 -1.4682E+02 -2.0001E+01
0006232   4.0442E+01 -5.1625E+01 -1.2282E+01
0006233   2.6556E+02  6.8038E+01  7.4927E+00
0006234   1.0707E+02  2.6837E+02 -2.7298E+02
0006235   1.7550E+02  1.2396E+02  2.7776E+02
0006236   3.5183E+02  6.6420E+00 -1.4268E+02
0006237   1.6482E+02 -4.7280E+01  3.7467E+00
0006238   2.9547E+02 -7.3606E+01  1.4807E+02
0006239   3.8765E+02  8.0939E+01 -1.8034E+02
0006240   2.4889E+02  1.6169E+01 -1.3203E-01
0006241   3.4756E+02  8.5686E+01 -1.4405E+02
0006242   1.5960E+02  3.0539E+01 -1.5036E+02
0006243   6.6433E+01  3.3662E+02 -1.7815E+02
0006244   2.1269E+02 -6.5154E+01  2.2740E+02
0006245   2.7588E+02 -9.3051E+01  7.8861E+01
0006246   5.8402E+01  9.8262E+01  6.7515E+01
0006247   3.8018E+02  7.8894E+01  9.9047E+01
0006248   2.8029E+02  4.5865E+01 -2.7700E+01
0006249   2.8669E+02  3.3207E+01 -7.6183E+00
0006250   2.6997E+02 -7.6842E+01 -1.5104E+02
0006251   1.0151E+02 -9.1245E+01  5.4492E+01
0006253   2.2355E+02 -1.0198E+02 -1.0442E+02
0006254   3.5518E+02 -1.4421E+02  1.4094E+02
0006255   7.7382E+01 -4.7678E+01  9.6647E+01
0006256   3.7365E+02  1.5937E+01  2.5653E+01
0006257   4.3274E+02 -1.2881E+02  2.6394E+02
0006258   3.3312E+02 -1.6486E+02 -7.6193E+02
0006259   2.7787E+02  9.7865E+01  1.3536E+01
0006260   2.7126E+01 -1.8816E+02  2.0791E+02
0006261   2.6502E+02  1.4898E+02 -9.8741E+01
0006262   2.1535E+02 -9.7304E-01 -2.7239E+01
0006263   3.2925E+02  1.5158E+01 -1.9140E+02
0006264   1.4229E+02 -8.6449E+00 -1.0722E+02
0006265   3.8800E+01  8.7242E+01 -3.1816E+01
0006266   9.1966E+01  1.1463E+02 -1.2508E+02
0006267   2.6321E+02 -1.7860E+02 -5.9742E+01
0006268   1.8301E+02  1.7701E+02 -1.5006E+02
0006270   3.5660E+01 -4.4353E+01 -7.2985E+01
0006271   3.3073E+02  4.4751E+01 -6.4362E+01
0006272   3.0704E+02  3.9584E+02 -1.1340E+02
0006273   6.4888E+02  1.9783E+02  1.0189E+02
0006274   3.2103E+02  6.9479E+00  1.0949E+02
0006275   3.2737E+02 -1.3269E+02 -8.6683E+01
0006276   3.3017E+02 -8.0226E+01  6.0656E+00
0006277   3.8969E+02 -6.7169E+01  1.7438E+02
0006278   4.8559E+02  2.8560E+02  2.2559E+02
0006279   4.8412E+02 -1.8360E+01  1.2419E+02
0006280   3.0339E+02 -8.0953E+01 -1.7445E+02
0006281   3.6525E+02 -1.9933E+02  1.8529E+02
0006283   5.8228E+02  3.5162E+02  2.6488E+01
0006284   5.4762E+01  2.1338E+01  5.8172E+01
0006285   3.2236E+02 -1.8093E+01  2.5125E+02
0006287   5.8562E+01  8.5050E+01  9.6093E+01
0006288   5.2705E+01 -1.4743E+01 -6.1901E+00
0006289   1.4007E+02  4.7074E+01  1.5549E+02
0006290   1.8264E+02 -1.8229E+01 -3.8730E+01
0006291   1.6784E+02  8.7614E+00  1.4794E+02
0006292   1.9385E+02 -6.6886E+01  6.0699E+01
0006293   2.4980E+02 -4.5004E+01 -1.4010E+02
0006294   6.0855E+02 -1.4580E+02  1.6700E+01
0006295   1.7928E+02  1.1583E+02 -5.0060E+01
0006296   3.0182E+02  2.6704E+01 -1.3120E+02
0006297   4.6591E+02 -4.1720E+02  1.3768E+02
0006298   2.9865E+02  1.7507E+01  1.1237E+02
0006299   5.6135E+01  9.3265E+01 -6.2558E+01
0006300   4.1069E+02  1.0189E+01  1.3042E+02
0006301   1.8881E+02 -2.4729E+01 -3.9743E+01
0006302   1.1816E+02 -8.3874E+01  1.3702E+02
0006303   4.1933E+02  1.7365E+02 -2.1921E+02
0006304   3.5678E+02 -1.5655E+02  1.0708E+02
0006305   3.6121E+02  6.1980E+01 -1.1407E+02
0006306   2.6126E+02  2.3718E+02 -8.1723E+01
0006308   1.0739E+02 -1.6749E+02  6.2792E+01
0006309   3.6483E+02 -7.4188E+01 -6.6232E+01
0006310   2.0853E+02 -5.5215E+01 -6.5713E+01
0006311   2.6027E+02 -1.3103E+01 -4.2872E+01
0006312   2.7425E+02  7.3864E+01 -5.3657E+01
0006313   2.0223E+02  5.1281E+01 -1.4644E+02
0006314   2.0231E+02  1.4980E+02  1.9344E+02
0006315   1.6374E+02 -9.5342E+01  5.0833E+01
0006316   1.1239E+02 -1.3252E+01 -7.6728E+01
0006317   1.2994E+02  7.6608E+01  7.2500E+01
0006318   3.1053E+02  1.3853E+02  8.7773E+01
0006319   6.5230E+01  2.9627E+00 -1.5188E+02
0006320   1.3187E+02  1.7764E+01  2.1570E+02
0006321   5.1861E+02  4.9356E+00  2.0767E+02
0006322   1.0895E+02 -1.7216E+02  7.8885E+01
0006323   2.1457E+02 -6.0956E+01 -1.7945E+02
0006324   2.2940E+02  1.5264E+02  2.7592E+01
0006325   4.0754E+02  2.4118E+02  8.6807E+01
0006326   2.9131E+02  5.0074E+01 -2.2787E+01
0006327   2.0588E+02 -4.6171E+01  1.9487E+01
0006328   3.3371E+02 -2.0400E+02 -2.6280E+02
0006329   8.2802E+01  4.4465E+01  2.4663E+02
0006330   4.9500E+02 -6.6345E+01 -1.0711E+01
0006331   2.3627E+02  1.2183E+02 -4.5019E+01
0006332   1.9073E+02 -2.6310E+02  4.7282E+01
0006333   3.7292E+01 -2.6652E+00 -2.7196E+01
0006334   1.7002E+02  5.4793E-01  8.4634E+01
0006335   2.0896E+02  8.3759E+01  1.6295E+02
0006336   2.4174E+02 -2.3745E+01  7.1278E+01
0006337   4.9494E+02  2.3167E+01 -2.2342E+02
0006338   5.1057E+02  9.8784E+01  7.9219E+00
0006339   1.5121E+02  6.6913E+01 -6.3067E+01
0006340   4.2094E+02  1.5428E+01  1.6862E+02
0006341   4.6718E+02 -4.2840E+02  2.1284E+02
0006342   2.1176E+02 -9.9748E+01 -2.4040E+02
0006343   1.6164E+02 -8.2077E+01  7.2139E+01
0006344   3.0595E+02  1.1170E+02  1.5092E+02
0006345   9.5920E+01 -1.3450E+02 -2.2610E+02
0006346   1.2993E+02  1.6641E+02 -9.3015E+01
0006347   3.6588E+02  5.0170E+01  3.3645E+01
0006348   1.6454E+01 -1.9712E+01 -1.1534E+01
0006349   4.0959E+02  4.0069E+02  1.0746E+02
0006350   2.6256E+02  1.0263E+02 -1.3044E+02
0006351   6.6997E+01  1.1541E+01  5.4066E+01
0006352   3.7646E+02  3.9553E+01 -2.1076E+02
0006353   5.8898E+02 -2.0211E+02 -9.9897E+01
0006355   2.9056E+02 -2.2671E+02  3.0507E+02
0006357   9.5971E+00  6.7529E+01 -6.9677E+01
0006358   3.8984E+02  1.4923E+02 -1.5190E+02
0006359   1.9157E+02  1.6777E+02 -1.4292E+02
0006360   1.3290E+02  2.2919E+01  1.9168E+01
0006361   2.9323E+02  2.6556E+02 -2.0767E+02
0006363   1.2439E+02  4.4581E+01 -1.6456E+02
0006364   1.6439E+02  6.6963E+01  6.9319E+01
0006365   4.1025E+02  1.2484E+02  1.3394E+01
0006366   2.0889E+02  6.4378E+01  5.2120E+01
0006367   2.5406E+02 -5.6989E+01  1.4954E+02
0006368   5.2627E+02  9.9444E+01 -1.3899E+02
0006369   7.8578E+01  1.8808E+02 -2.3563E+02
0006370   1.8352E+01  4.4508E+01  5.2630E+01
0006371   4.0362E+02 -3.4831E+02 -1.3409E+01
0006372   1.5044E+02 -8.1850E+00  4.9778E+01
0006373   1.3383E+02  2.3165E+00 -5.3891E+01
0006374   1.5206E+02  1.3166E+02  5.5031E+01
0006375   2.8245E+02 -5.2825E+01 -3.0545E+02
0006376   3.1854E+02  6.0958E+01  1.7571E+02
0006377   1.5182E+02  1.1544E+02  2.8839E+02
0006378   2.9016E+02  2.0259E+02  1.4897E+02
0006379   4.9100E+01 -4.6250E+01 -1.3842E+02
0006380   1.8119E+02  2.2612E+01 -1.0025E+02
0006381   2.0917E+02 -1.3528E+02  3.6108E+01
0006382   3.0024E+02 -7.2917E+01  1.4190E+02
0006383   3.3176E+02 -1.9669E+02 -1.8270E+02
0006384   3.8904E+02 -2.9231E+02  3.2734E+01
0006385   4.3763E+02 -1.7104E+02  5.5126E+01
0006386   2.3377E+02 -1.2875E+02 -1.0183E+02
0006387   3.2619E+02  2.6061E+02  1.1764E+02
0006388   3.6016E+02 -7.5127E+00 -3.8400E+01
0006389   2.6226E+02  1.2230E+02 -1.3279E+02
0006390   1.9199E+02 -3.2514E+01 -5.6778E+01
0006391   2.3964E+02 -4.0108E+01 -1.0376E+02
0006392   1.4810E+02  1.2406E+02  2.2598E+02
0006393   2.0303E+02 -1.0521E+02 -8.1923E+01
0006394   1.8862E+02 -5.1350E+01  1.3059E+02
0006395   2.9231E+02  1.5483E+02 -6.3425E+01
0006396   1.4376E+02  4.4978E+01  2.7503E+02
0006397   1.0270E+02 -2.3921E+01 -3.2339E+02
0006398   4.7222E+02 -1.6798E+02 -2.8207E+02
0006399   3.7890E+02  2.2224E+02 -3.1912E+01
0006400   1.8689E+02 -8.5900E+01 -3.4966E+02
0006401   2.6432E+02 -2.3262E+01 -8.4080E+01
0006402   3.5581E+02 -1.2858E+01 -5.2159E+01
0006403   4.2963E+02 -3.4035E+02 -6.9724E+00
0006404   1.4425E+02 -2.5905E+01 -8.2831E+01
0006405   2.3039E+02 -1.1231E+02  3.5615E+01
0006406   7.4352E+02  1.8118E+02 -1.7163E+02
0006407   3.0917E+02 -3.7348E+01 -6.9759E+01
0006408   2.1534E+02 -7.1289E+01  7.4379E+01
0006409   5.1124E+02 -4.0773E+01 -3.6232E+01
0006410   4.3050E+02 -2.4452E+01  1.7528E+02
0006411   9.6757E+01 -1.4114E+01 -1.4595E+02
0006412   2.1560E+02 -1.1855E+02  2.7216E+01
0006413   2.5267E+02 -3.3361E+01  1.3054E+02
0006415   1.3402E+02 -2.3951E+02 -1.0867E+02
0006416   4.7880E+02  2.0547E+01  7.3231E+01
0006417   3.5008E+02 -1.9640E+01  5.2244E+01
0006418   5.9834E+02  8.7696E+01  2.0581E+02
0006419   2.5868E+02  2.4747E+01  5.0525E+01
0006420   2.1992E+02 -5.7142E+01  1.4685E+02
0006422   3.7048E+02  1.9809E+02 -1.5109E+01
0006423   2.6699E+02 -1.5588E+02  4.5863E+00
0006424   4.1600E+02  1.8071E+02 -7.5621E+01
0006425   1.9194E+02  1.9582E+02 -3.6920E+01
0006426   8.1964E+01 -1.5239E+02 -5.5687E+01
0006427   8.3082E+01 -7.7780E+01 -8.6280E+01
0006428   1.7683E+02 -1.3011E+02  1.2943E+02
0006429   4.5212E+02  2.3558E+02  1.6320E+02
0006430   1.5261E+02  1.3465E+02  2.2234E+02
0006431   3.5329E+02  1.3235E+02  4.4369E+01
0006432   4.3485E+02  1.2797E+02 -6.0190E+00
0006433   2.2802E+02 -2.5221E+00  1.0189E+00
0006434   6.3247E+01  2.3879E+02  2.4401E+02
0006435   5.2958E+02 -1.8667E+02 -1.6501E+02
0006436   4.3318E+02  6.7677E+01  2.2086E+00
0006437   1.6108E+02  2.1825E+02  1.0191E+02
0006438   1.6173E+02  1.1313E+02 -4.8877E+01
0006439   5.4449E+01 -2.7372E+02  8.8025E+01
0006440   1.7851E+02 -6.3270E+00 -7.8516E+01
0006441   2.0785E+02 -2.1894E+02  7.6019E+01
0006442   3.6833E+02 -1.2894E+02  9.6986E+01
0006443   2.8433E+02  8.1954E+01  3.0341E+01
0006445   1.7269E+02  9.6051E+01 -3.2491E+01
0006446   4.7165E+02  2.3286E+02 -2.7129E+01
0006447   3.1830E+02 -9.7349E+01 -9.6599E+01
0006448   4.2720E+02  5.4749E+01 -3.6972E+02
0006449   2.3622E+02  2.9978E+01 -1.1689E+02
0006450   2.1630E+02  1.3995E+02  4.4713E+01
0006451   3.4775E+02 -1.4464E+01  3.1367E+02
0006452   2.7636E+02 -1.5238E+02  2.0065E+02
0006453   1.4455E+02  4.3564E+01 -4.3753E+01
0006454   3.3515E+02  1.0580E+02  1.9672E+02
0006455   1.0082E+02 -1.5852E+02  2.8050E+01
0006456   2.1529E+02 -2.4713E+00 -1.2580E+02
0006457   9.6467E+01 -2.4017E+01 -2.1163E+02
0006458   6.3362E+02 -1.4962E+02  1.7571E+02
0006459   1.2087E+02 -5.8793E+01 -1.0603E+02
0006460   1.2032E+02  8.7176E+01 -1.8137E+01
0006461   2.4565E+02  1.9269E+02 -8.7598E+01
0006463   1.3993E+02 -2.9750E+01  3.1766E+01
0006464   3.1815E+02 -1.0220E+02 -1.9218E+02
0006465   2.1248E+02 -2.0945E+02 -3.7046E+01
0006466   1.4226E+02 -1.2300E+02  9.4225E+01
0006467   9.6149E+01  3.8840E+01 -4.1875E+00
0006468   1.7256E+02 -4.7963E+01  8.7484E+01
0006469   3.6310E+02 -2.5263E+02  1.1072E+02
0006470   2.0950E+02 -5.3425E+01  3.3445E+02
0006471   1.3875E+02 -4.5795E+01 -9.4069E+01
0006472   3.7051E+02 -2.5171E+02  1.1962E+02
0006473   1.7031E+02  7.3130E+01  1.6270E+02
0006474   5.6893E+02  3.4959E+02  1.6212E+02
0006475   1.0121E+01  2.8395E+01 -2.9049E+01
0006476   3.7372E+02 -3.1736E+01  2.0462E+02
0006477   1.1010E+02  6.7444E+00  9.4403E+01
0006478   1.1751E+02  9.6853E+01 -1.6076E+01
0006479   3.7351E+02 -2.3467E+02  1.2103E+02
0006480   2.1604E+02  9.8172E+01 -1.0736E+02
0006481   6.2579E+02  3.4365E+02 -6.3583E+01
0006482   2.5808E+02  2.2680E+00 -1.7144E-01
0006483   3.3743E+02  1.2341E+02  1.2040E+02
0006484   2.1129E+02  3.4440E+00 -4.6934E+01
0006485   1.3794E+02  7.4850E+00 -2.1558E+01
0006486   4.5363E+02  2.1973E+02 -9.7279E+01
0006487   2.4184E+02 -4.9374E+01 -9.5936E+01
0006488   1.0915E+02 -4.8652E+01  1.2586E+02
0006489   2.5405E+02 -9.1066E+01  4.2685E+01
0006490   3.1924E+02 -2.2346E+02 -1.1612E+02
0006491   4.1252E+02 -2.4409E+02  2.3917E+02
0006492   1.0067E+02  4.9906E+01  8.8072E+01
0006493   5.0519E+02 -1.4793E+02  3.3818E+01
0006495   4.0016E+02 -2.8083E+02 -6.8218E+01
0006496   3.4501E+02  4.4264E+01  4.4569E+01
0006498   2.3719E+02  1.8441E+02 -4.9604E+01
0006499   2.4262E+02 -7.5608E+01 -4.0026E+02
0006500   2.5424E+02 -1.3885E+02 -2.9298E+01
0006501   1.4458E+02 -1.4894E+01  4.7005E+01
0006502   1.4557E+02 -1.2299E+02 -8.5766E+01
0006503   2.7689E+02 -1.7660E+02 -1.7286E+02
0006504   7.1420E+01  2.6982E+01  5.0343E+00
0006505   2.5132E+02 -4.1564E+01  7.9232E+01
0006506   2.9692E+02  2.1932E+02 -9.7573E+01
0006507   3.0916E+02 -9.9748E+01 -1.8628E+02
0006508   3.7171E+02  2.3514E+02  1.5968E+02
0006509   1.6972E+02  1.8324E+01  4.5745E+00
0006510   5.6846E+02  1.5138E+02  2.3247E+02
0006511   4.7687E+02  2.2072E+02 -1.8048E+02
0006512   4.1242E+02 -4.8282E+01 -8.4875E+01
0006513   3.8337E+02 -1.0150E+02  2.5230E+00
0006514   4.2210E+02 -1.2212E+02  2.3297E+02
0006515   2.4220E+02 -2.1209E+02 -1.9298E+01
0006516   3.0806E+02  4.7760E+01  7.8944E+01
0006517   2.2811E+02  1.1501E+02  2.7891E+01
0006518   2.5903E+02 -2.7681E+02  7.7839E+01
0006519   4.3344E+02 -1.0728E+02  1.2460E+02
0006520   1.7550E+02  8.1300E+01  9.5774E+01
0006521   1.1041E+02 -8.0959E+01 -1.1896E+02
0006522   1.0593E+02  1.2223E+02  3.0586E+01
0006523   3.7592E+02 -5.1038E+01  3.2483E+01
0006524   3.4082E+02 -2.5096E+01  1.0206E+02
0006525   7.1611E+01 -9.4503E+01 -3.0565E+01
0006526   4.3874E+02 -2.3408E+02  2.2999E+02
0006527   1.0011E+02  8.3822E+01 -1.4763E+02
0006528   4.8265E+01  8.4913E+01 -5.8549E+01
0006529   2.9786E+02 -2.3533E+01 -4.1342E+01
0006530   4.6887E+02 -3.2716E+01 -1.6035E+02
0006531   4.2179E+02 -9.4744E+00  3.2135E+02
0006532   5.6554E+01 -2.9725E+01 -5.4041E+01
0006533   1.8690E+02 -8.3164E+01 -3.0834E+01
0006534   2.4638E+02 -3.0486E+01  1.2277E+02
0006535   1.1407E+02  1.3485E+02  1.9313E+02
0006536   2.6197E+02 -6.0913E+01 -2.1214E+02
0006537   1.9546E+02 -1.8943E+02  1.2451E+02
0006538   3.0077E+02  1.0938E+02 -3.5135E+01
0006539   1.7310E+02  3.1754E+02  4.5432E+02
0006540   3.3632E+02 -1.4258E+01  6.5285E+01
0006541   2.8605E+02  1.6072E+02 -6.5233E+01
0006542   4.0400E+02 -7.3456E+01 -4.1138E+01
0006543   4.8877E+02 -1.0483E+02 -9.9317E+01
0006544   2.0897E+02 -4.3443E+02  5.5480E+01
0006545   5.0516E+02  3.2949E+02 -2.7115E+01
0006546   2.4033E+02  5.5553E+01  7.3358E+01
0006547   1.5155E+02 -1.8763E+01  2.1830E+02
0006548   4.2208E+02  2.3153E+02  5.2480E+01
0006549   3.7896E+02 -2.1220E+02 -1.1017E+02
0006550   2.0117E+02  8.9066E+01  1.9560E+02
0006551   2.1139E+02  2.0453E+02  4.1399E+01
0006552   3.5049E+01 -8.0374E+01 -1.4958E+02
0006553   1.2051E+02  4.2526E+01 -1.2802E+00
0006554   2.8600E+02  3.1533E+01 -2.7509E+02
0006555   4.1870E+02  3.5284E+01 -8.3524E+00
0006556   1.8897E+02  5.3682E+01  1.9546E+02
0006557   4.6191E+02 -5.8981E+01 -3.5909E+02
0006558   1.4656E+02  8.0148E+01  2.6848E+01
0006559   1.9700E+02 -8.6547E+01 -1.5910E+02
0006560   6.6697E+02  2.6466E+02  2.1513E+02
0006561   2.4998E+02 -2.0743E+02 -3.9357E+02
0006562   5.3282E+02  1.0955E+02 -7.4496E+01
0006563   1.2692E+02 -1.7228E+02  1.2507E+02
0006564   8.1267E+01 -7.0796E+01 -8.4560E+01
0006565   3.1227E+02  1.1104E+02 -1.2914E+01
0006566   1.3532E+02  2.6419E+01 -6.7034E+01
0006567   1.6318E+02  2.3025E+01  4.5041E+01
0006568   9.2827E+01 -3.7054E+01  8.3215E+01
0006569   3.4847E+02 -1.0752E+01 -1.7037E+02
0006570   1.5083E+02  3.2662E+01  7.5517E+01
0006571   2.2607E+02 -1.7316E+02  2.3890E+02
0006572   2.1722E+02  8.8040E+01  7.0263E+01
0006573   1.0778E+02  1.0419E+02 -1.8686E+02
0006574   7.1973E+01 -1.9566E+02 -6.8317E+01
0006575   3.2756E+02  6.9086E+00  2.3436E+02
0006576   7.7216E+01 -4.2234E+01  2.0766E+01
0006578   6.2490E+01  6.6274E+01  1.2123E+02
0006579   1.8054E+02  7.1057E+01  1.7721E+01
0006580   8.9572E+01  1.3867E+01  1.4542E+02
0006581   3.5869E+02  7.7298E+01 -4.4805E+01
0006582   3.5552E+02  7.1317E+01 -1.1555E+02
0006583   1.7870E+02  9.5940E+01 -3.6888E+02
0006584   1.4238E+02  1.3010E+02  1.4570E+02
0006585   5.8110E+02 -7.8301E+01  6.5371E+01
0006586   1.4294E+02 -4.9072E+01  3.0186E+01
0006587   3.8395E+02  9.2424E+01 -1.8483E+01
0006588   8.2591E+01 -1.2911E+02 -6.1250E+01
0006589   2.6863E+02  5.1871E+01  2.5760E+01
0006590   4.7862E+01 -3.5080E+01 -5.1726E+01
0006591   3.2309E+02 -2.6229E+01  2.2317E+02
0006592   4.2028E+02 -5.1766E+00 -1.7416E+02
0006593   1.5674E+01  6.9075E+01 -1.7260E+01
0006594   1.9457E+02  1.0978E+02  6.9376E+01
0006595   2.0173E+02 -8.5087E+01 -1.0833E+02
0006596   3.0399E+02  1.3903E+02 -3.1882E+01
0006597   2.4631E+02  3.0224E+01  8.7152E+01
0006598   1.6637E+02 -2.3588E+01  2.2016E+02
0006599   1.5821E+02  1.2543E+01  9.6125E+00
0006601   1.1714E+02 -1.1755E+02  1.3577E+02
0006602   1.3666E+02  9.9173E+01 -3.1857E+01
0006603   1.2151E+02 -3.2763E+00  4.5802E+01
0006604   2.0760E+02  5.3674E+01 -5.7371E+01
0006605   4.3408E+02 -3.7200E+01 -5.6112E+01
0006606   5.4026E+02 -1.8846E+02 -1.8129E+02
0006607   1.6265E+02 -3.2510E+01 -9.2546E+01
0006608   3.1169E+02 -8.6225E+01 -1.3961E+02
0006609   3.5909E+02  2.2249E+01  1.6328E+02
0006610   2.1189E+02  2.1574E+01 -1.2870E+02
0006611   3.5630E+02 -1.2202E+02 -1.3871E+02
0006612   1.6744E+02  2.1597E+02 -1.3675E+01
0006613   3.0427E+02  1.7583E+02 -3.0782E+02
0006614   4.1908E+02  4.7884E+01 -8.3078E+01
0006615   2.9821E+02 -1.2378E+02 -2.1102E+02
0006616   3.8898E+02 -2.7087E+02 -4.6230E+01
0006617   2.9153E+02 -3.9067E+01  4.8328E+01
0006618   6.5275E+02  1.1151E+02  2.8232E+00
0006619   1.8835E+02 -1.8935E+01  5.9256E+01
0006620   4.4310E+02 -2.0197E+02 -2.2914E+02
0006621   1.6788E+02  4.3747E+01  1.7670E+02
0006622   2.1274E+02  2.7175E+02 -6.2680E+01
0006623   1.4075E+02 -4.7292E+01  8.3204E+01
0006624   6.5810E+01  7.5172E+00  6.1707E+01
0006625   2.8812E+02 -3.3272E+02  1.1273E+01
0006626   3.7465E+02 -1.5884E+02 -4.0113E+01
0006627   2.3595E+02 -3.0104E+02  3.3381E+02
0006628   5.8097E+02 -9.8890E+01  3.5430E+01
0006629   3.9738E+02 -2.9033E+02  1.2026E+01
0006631   2.9578E+02 -2.8212E+01 -9.2579E+01
0006632   3.1829E+02  2.9593E+01  3.1666E+02
0006633   3.7199E+02  9.0367E+01 -1.4217E+02
0006634   7.0960E+01 -1.6641E+00  3.8213E+01
0006635   2.4195E+02 -1.9641E+02 -1.1512E+02
0006636   3.1981E+01 -6.3185E+01  2.0165E+02
0006637   2.9156E+02  1.3048E+00 -1.6698E+02
0006638   1.8795E+02 -3.7600E+01  2.7990E+01
0006639   1.8409E+02 -1.3127E+02  1.5095E+02
0006640   2.1990E+02 -7.6342E+01  1.0363E+02
0006641   1.3762E+02 -3.8637E+01  4.6670E-01
0006642   5.0894E+02  1.1066E+02  3.2892E+01
0006643   2.2884E+02  7.6836E+00 -5.4794E+01
0006644   3.3627E+01  2.4364E+02  2.5561E+02
0006645   2.3488E+02  4.7985E+01 -1.2185E+02
0006646   1.7979E+02 -1.5766E+02 -2.1156E+02
0006647   1.4199E+02 -4.2920E+01  1.5248E+02
0006648   2.1047E+02 -3.0149E+01  4.5671E+01
0006649   2.8052E+02  2.7857E+01  1.3179E+02
0006650   2.6117E+02 -7.8828E+01  1.3569E+02
0006651   7.1503E+01 -1.1250E+02 -6.6671E+01
0006652   2.7677E+02  1.8938E+01 -1.5265E+02
0006653   2.4547E+02 -2.9226E+01  3.0448E+01
0006654   1.9521E+02 -1.9052E+01 -1.0694E+01
0006655   4.1780E+02 -1.3935E+01  5.5434E+00
0006656   4.8517E+02  7.6474E-01  4.3856E+02
0006657   1.0240E+02  4.1620E+01 -7.5199E+01
0006658   3.8914E+02 -3.7422E+01 -1.1563E+02
0006659   4.2537E+02  1.6869E+02  1.6995E+01
0006660   4.1950E+02  8.3333E+01  1.8323E+01
0006661   5.1380E+02 -1.2788E+02  8.8002E+01
0006662   3.1068E+02  1.3528E+02 -8.7120E+01
0006663   4.0789E+02  1.2308E+02  1.3742E+02
0006664   2.7230E+02 -6.4272E+01  3.1704E+00
0006665   3.1974E+02  1.0041E+02  1.5652E+02
0006666   2.3225E+02 -1.2332E+02 -9.1027E+01
0006667   2.1245E+02  2.8913E+02  4.5602E+01
0006668   2.6293E+02  3.0250E+02 -8.8454E+01
0006671   1.5232E+02 -1.1395E+02 -1.5882E+02
0006672   4.3629E+02  6.6994E+01  4.2931E+01
0006673   4.7529E+00 -1.6475E+01 -1.3420E+02
0006674   1.9318E+02 -1.1927E+02 -8.5237E+01
0006676   2.7207E+02  1.9278E+02  1.2513E+00
0006677   9.0023E+01  8.5810E+00  2.0204E+02
0006678   1.9948E+02  1.1609E+02  5.3929E+00
0006679   2.4909E+02 -8.6956E+01  3.9191E+01
0006680   1.5230E+02 -1.2412E+02  2.4356E+02
0006681   1.8910E+02 -7.1246E+00 -3.1751E+01
0006682   4.1026E+02  7.8651E+01  1.4357E+02
0006683   1.0851E+02  1.0277E+02 -3.7016E+02
0006684   3.2551E+02 -1.9406E+02 -1.4594E+02
0006685   4.2970E+02 -1.4362E+02 -2.5772E+01
0006686   1.8315E+02 -6.1396E+01  7.5494E+01
0006687   1.7533E+02  2.6356E+02  1.4802E+02
0006688   2.4348E+02 -1.4977E+01  9.8578E+01
0006689   1.5595E+02  4.8979E+01  5.1582E+01
0006690   5.7612E+02  7.9009E+01  7.6100E+01
0006691   3.0247E+02  8.1091E+01 -5.8664E+01
0006692   5.9434E+01 -7.8684E+01 -6.3082E+01
0006693   2.7437E+02 -8.5428E+01 -9.1146E+01
0006694   2.1940E+02 -2.6406E+02  7.8640E+01
0006695   7.5888E+01  8.4148E+00  1.1019E+01
0006696   6.6039E+02  7.1784E+01  5.5895E+01
0006697   1.8573E+02  7.7107E+01  2.3756E+02
0006698   6.5567E+01 -2.8506E+02  2.2214E+02
0006699   1.4008E+02  3.0069E+01  4.4496E+01
0006701   1.5584E+02 -7.9104E+01  3.7522E+02
0006702   2.2341E+02 -1.5324E+01  2.3219E+02
0006703   2.0066E+02  3.2490E+01  4.0102E+01
0006704   1.7697E+02  4.2137E+00  1.4763E+02
0006705   3.6569E+02 -3.1308E+01  9.3934E+01
0006707   3.3819E+02  7.8623E+01  4.6018E+01
0006708   3.8787E+02  1.5024E+01  3.9307E+01
0006709   3.3120E+02 -4.3939E+00 -2.3678E+01
0006710   9.4068E+01  6.0537E+01  2.0387E+02
0006712   3.6588E+02 -1.5865E+02  5.0189E+01
0006713   1.3272E+02  4.1510E+01  2.0070E+01
0006714   3.4265E+02  1.6262E+02  2.8155E+02
0006715   4.7560E+01 -4.3123E+01 -4.3184E+01
0006716   2.4935E+02  9.3866E+01 -3.3371E+02
0006717   3.0054E+02  1.8445E+02 -1.2262E+02
0006718   2.2741E+02 -2.4535E+02 -2.3914E+02
0006719   1.8554E+02  9.5136E+01 -2.9633E+01
0006720   3.2549E+02 -1.2806E+02 -6.3641E+01
0006721   3.4610E+02 -2.8605E+02 -2.0892E+02
0006723   1.9473E+02 -1.3162E+02 -5.2140E+01
0006724   3.4562E+01  1.2283E+00 -3.1072E+02
0006725   8.3545E+01 -8.1743E+01  5.0556E+01
0006726   2.1288E+01 -1.4068E+02 -6.1042E+01
0006727   1.9571E+02  9.6038E+01  2.0005E+01
0006728   4.5881E+02 -2.0107E+02  1.3251E+01
0006729   5.7721E+01 -7.6938E+01 -1.0175E+02
0006730   2.5453E+02  5.7644E+01 -7.4263E+01
0006731   3.6629E+02  9.5103E+00  1.5634E+02
0006732   3.1121E+02 -3.5187E+01  2.8740E+02
0006733   1.3946E+02 -1.2781E+02 -1.9156E+02
0006734   2.6584E+02  1.8529E+02  2.3747E+01
0006735   4.4029E+02 -1.1299E+02  1.6887E+01
0006736   8.8203E+01  9.9645E+01 -2.5948E+01
0006737   1.9772E+02  4.2459E+01  1.0199E+02
0006738   1.7000E+02  4.8456E+01 -1.2643E+02
0006739   2.2498E+02  2.7546E+01 -1.2638E+02
0006740   6.1160E+02  1.4927E+02  1.6554E+02
0006741   3.6210E+02 -2.1347E+00  2.2816E+02
0006742   3.5673E+02  1.9781E+02 -2.1633E+02
0006743   3.4634E+02  6.3325E+01 -1.5096E+02
0006744   3.0881E+02  2.7005E+02  1.4159E+02
0006745   2.1250E+02  6.7192E+01  1.3824E+02
0006746   1.8746E+02  3.4044E+01  5.8130E+01
0006747   2.6576E+02  1.6188E+01  2.2840E+02
0006748   3.5722E+02 -9.0809E+01 -2.2047E+02
0006749   3.4088E+02  2.9557E+00 -1.4887E+02
0006750   2.4850E+02 -9.5853E+01 -7.9059E+01
0006751   1.4443E+02  1.6411E+01  1.9815E+02
0006752   9.6666E+01  6.4850E+01  1.8429E+01
0006753   1.1614E+02  2.9239E+01  2.2346E+02
0006755   3.0863E+02  1.3080E+02  1.0487E+02
0006756   5.4925E+02  6.6697E+01 -4.8412E+01
0006757   3.0589E+02  5.3330E+01 -1.3150E+02
0006758   2.4845E+02  3.3059E+02  2.5028E+02
0006759   1.1637E+02 -7.4044E+01 -2.4661E+02
0006760   3.3403E+02  1.3198E+02 -4.0358E+02
0006761   2.0602E+02  1.3079E+02  1.9646E+01
0006762   8.6898E+01 -9.5378E+01  5.6601E+01
0006763   2.0701E+02 -7.5816E+01  1.8344E+01
0006764   3.0395E+02  7.6363E+01  2.6750E+02
0006765   4.1104E+02 -2.9921E+02  4.6529E+01
0006766   1.9556E+02  1.2965E+02 -1.3161E+02
0006767   3.8241E+01 -1.7039E+02  1.1552E+02
0006768   1.7360E+02  1.4678E+02  1.0535E+02
0006769   1.1314E+02 -1.6701E+01  8.0403E+01
0006770   1.2065E+02  1.8518E+02 -3.5269E+02
0006771   1.9790E+02 -1.2404E+02  1.0638E+02
0006772   2.2497E+02 -6.0107E+01  3.3474E+02
0006773   2.5506E+02 -7.3222E+01  3.2823E-01
0006774   2.1622E+02  3.3252E+02  1.4400E+02
0006775   2.2518E+02 -1.3348E+01  2.8087E+02
0006776   5.5187E+01  8.4270E+00 -1.5541E+02
0006777   8.4052E+01 -5.5460E+01 -6.2511E+01
0006778   3.5882E+02  8.9224E+01 -1.9804E+02
0006779   3.7933E+02  2.5152E+02  2.6502E+02
0006780   3.9287E+02 -1.3032E+02 -1.0930E+02
0006781   4.1034E+02  1.2086E+02 -1.8038E+01
0006782   6.5555E+00  2.0839E+02  3.8390E+01
0006783   5.8043E+02 -1.6512E+02  5.0136E+02
0006784   6.7702E+01  1.6068E+02  1.8725E+02
0006785   3.0378E+02  2.0441E+01  2.0421E+01
0006786   6.8253E+02  5.3733E+00  8.9284E+01
0006787   3.0895E+02 -1.0475E+01 -2.2611E+02
0006788   3.7084E+02 -1.1296E+02  1.4077E+01
0006789   2.4615E+02  3.4557E+01 -1.4252E+02
0006790   3.8510E+02 -2.8789E+01 -1.6996E+02
0006791   3.8567E+02 -5.8197E+01  2.2181E+01
0006792   1.4412E+02 -6.2228E+01 -4.1774E+02
0006793   3.6004E+02  3.2235E+02  3.0572E+02
0006794   2.7092E+02  1.2860E+02  1.2740E+01
0006795   2.3234E+02 -3.2004E+01  1.7104E+02
0006796   3.5674E+02  1.1834E+01 -3.7840E+01
0006797   3.3956E+02 -3.5336E+01  1.7661E+01
0006798   2.1487E+02  8.1723E+01 -1.0206E+02
0006799   1.3009E+02  4.6163E+01 -1.2783E+01
0006800   5.3745E+01 -1.3863E+02  1.1440E+02
0006801   2.8194E+02  1.7160E+02 -7.5218E+01
0006802   2.2550E+02 -8.2065E+01 -1.9042E+01
0006803   2.3085E+02  4.7146E+01 -1.3736E+02
0006804   2.8795E+02  1.3985E+02  2.1122E+01
0006805   2.1117E+02 -3.2656E+01 -2.3143E+02
0006806   1.7831E+02 -3.3035E+00  8.4624E+01
0006807   4.5530E+02  2.2522E+02  3.5636E+01
0006808   2.1551E+02 -1.1681E+02 -1.3114E+02
0006809   2.0453E+02 -1.0282E+01  4.0498E+01
0006810   1.7596E+02 -7.1251E+01  1.3562E+00
0006811   2.0223E+02 -4.4921E+01 -1.3403E+02
0006812   3.4863E+02 -2.8719E+01  9.8449E+01
0006813   8.1922E+01  6.1238E+01  1.8494E+01
0006814   1.7036E+02  7.9152E+01  7.6693E+00
0006815   4.5703E+02  8.2631E+01  5.8526E+01
0006816   2.2778E+02 -4.9974E+01  1.9589E+02
0006817   2.3818E+02 -1.6694E+01  5.1642E+01
0006818   2.3888E+02 -5.6933E+01  1.1488E+02
0006819   2.8781E+02 -1.2241E+02  1.5018E+02
0006820   2.8663E+01  3.8336E+01  9.2225E+00
0006821   4.0739E+02  5.4763E+01  2.0129E+01
0006822   1.0556E+02 -1.2368E+02  1.4426E+02
0006823   4.0437E+02  2.8650E+02 -2.0346E+02
0006824   2.5345E+02 -1.7213E+02 -6.4088E+01
0006825   1.4589E+02  7.7276E+01  7.1628E+01
0006826   1.7284E+02  1.4082E+02 -2.3519E+01
0006827   1.9607E+02 -9.7851E+00  4.4589E+00
0006828   9.8805E+01  6.0474E+01 -8.1767E+01
0006830   2.3999E+02 -2.2340E+02 -1.9765E+02
0006831   2.5396E+02  2.6265E+01 -2.0590E+01
0006832   1.8992E+02  1.0768E+02  9.2108E+01
0006833   1.8450E+02  1.0828E+02 -1.2210E+02
0006834   1.3000E+02  9.1235E+01 -6.5688E+01
0006835   2.5575E+02 -2.3640E+02 -1.7042E+01
0006836   2.4214E+02  2.0739E+02 -1.5206E+02
0006837   4.0035E+02 -1.2675E+02 -1.3206E+02
0006838   2.6315E+02  2.0285E+02  1.0269E+02
0006839   3.9700E+02  2.8370E+02 -7.0412E+01
0006840   1.7561E+02  1.4873E+02  3.3051E+01
0006841   5.1623E+02 -5.3560E+01 -1.6369E+01
0006842   1.8402E+02  7.2583E-01 -1.2285E+02
0006843   2.4431E+02  1.5862E+02  2.6015E+02
0006845   2.1146E+02 -2.8532E+02 -4.4564E+01
0006846   3.4750E+02 -1.7255E+02 -8.1240E+01
0006847   2.2122E+02 -2.9257E+01  6.1644E+01
0006848   2.1890E+02 -7.9772E+01  1.5370E+02
0006849   3.3622E+02  5.2226E+01 -5.6144E+01
0006850   2.2902E+02 -8.0642E+01 -4.6591E+01
0006851   1.3907E+02  2.2615E+02 -1.6264E+02
0006852   3.1093E+02  3.7567E+02  1.1548E+02
0006853   1.5544E+02 -1.4085E+02  1.2157E+01
0006854   1.3819E+02  2.0741E+02 -1.9136E+02
0006855   3.9581E+02 -1.0380E+02 -6.0447E+00
0006856   9.1460E+01  2.0857E+02  4.0709E+01
0006857   2.0949E+02 -1.2300E+02  1.2567E+02
0006859   1.0461E+02 -9.3773E+01 -1.5555E+02
0006860   3.1091E+02 -1.8806E+02  1.1347E+02
0006861   4.6213E+02 -1.5407E+02 -9.5317E+01
0006862   2.8732E+02 -5.5185E+01 -5.1458E+01
0006863   9.4915E+01 -6.5754E+01 -7.8981E+01
0006864   2.3734E+02 -1.1918E+02  1.1717E+02
0006865   1.1199E+02 -2.4741E+02 -3.3299E+02
0006866   2.8591E+02  9.7837E+01  1.4169E+02
0006867   3.9630E+02  1.5147E+02  5.2607E+00
0006868   3.9748E+02 -1.4426E+02  4.3806E+01
0006869   4.3624E+01 -1.7114E+02 -9.1337E+00
0006870   4.8022E+02 -1.3359E+02  6.1207E+00
0006871   3.4669E+02 -9.4765E+01  1.8149E+01
0006872   2.1366E+02 -1.9169E+02  2.1123E+01
0006873   2.6523E+02 -7.4174E+01  3.2192E+02
0006874   3.1089E+02 -1.5680E+02  1.8828E+02
0006875   1.3653E+02  1.7110E+02  8.1841E+01
0006876   4.4265E+02 -6.3969E+01 -1.0418E+01
0006877   1.7341E+02  9.9481E+01 -7.2279E+00
0006878   2.8776E+02 -3.1781E+02 -1.7723E+02
0006879   1.9096E+02 -3.2849E+02 -1.2170E+01
0006880   1.4338E+02  6.1582E+01  4.5684E+01
0006881   1.5247E+02 -1.1567E+02  5.1587E+01
0006882   1.3467E+02 -6.0876E+01  9.3546E+01
0006883   6.0368E+01 -4.4651E+00  4.4771E+01
0006884   1.0874E+02 -9.0385E+01  1.2028E+02
0006885   1.9772E+02 -4.4043E+00  9.0049E+01
0006886   3.2364E+02 -1.7834E+02  3.4101E+01
0006887   8.2188E+01 -1.9995E+02 -2.0341E+02
0006889   1.9056E+02 -5.6939E+01 -1.0771E+02
0006890   1.5457E+02  5.1702E+01 -5.4178E+01
0006891   3.0290E+02  8.9253E+00  2.1724E+02
0006892   2.4601E+02 -5.3447E+01 -2.1384E+02
0006893   6.3432E+02  8.7639E+01 -1.6119E+02
0006894   3.1809E+02  1.5028E+02  7.6447E+01
0006895   1.6035E+02 -2.6446E+01 -1.4511E+02
0006896   3.3925E+02 -2.5905E+02  2.2139E+02
0006897   3.4180E+02  2.4695E+02  7.2655E-01
0006898   2.8833E+02  1.0284E+02  8.4731E+01
0006899   3.3992E+02 -5.8685E+01  4.1459E+01
0006900   2.8519E+02 -2.4723E+02 -5.1464E+01
0006901   4.8231E+02  1.9344E+02  5.9528E+01
0006902   1.0158E+02 -2.5622E+02  1.2642E+02
0006903   1.5970E+02  9.8638E+01 -7.3144E+01
0006904   3.9416E+02 -6.8979E+01 -2.2722E+02
0006905   1.6677E+02  1.1574E+02  5.2336E+01
0006906   1.5980E+02 -2.2789E+02 -9.6226E+01
0006907   1.7065E+02 -1.6464E+02  1.3391E+01
0006908   1.2963E+02  1.1092E+02 -3.9926E+01
0006909   6.0425E+02  1.5905E+02  1.7398E+02
0006910   2.9091E+02 -1.4996E+02 -1.7973E+02
0006911   1.0227E+02 -4.1206E+01 -2.8363E+01
0006912   4.7721E+01 -2.7004E+02  1.1038E+02
0006913   1.7673E+02 -1.6234E+02 -9.6226E+01
0006914   2.7645E+02  3.3740E+01 -2.9075E+01
0006915   4.9410E+02  2.5235E+02 -9.0962E+01
0006916   2.8485E+02  6.2555E+01  1.7342E+02
0006917   2.0676E+02  5.6807E+01 -5.2101E+01
0006918   1.3972E+02  4.8592E+01 -1.0765E+02
0006919   5.4446E+02 -1.8841E+02  5.6108E+01
0006920   2.4580E+02 -7.3317E+00 -4.3942E+01
0006922   1.7279E+02 -9.6324E+01 -9.0103E+01
0006923   5.4858E+02  1.6825E+01 -1.2793E+02
0006925   2.2538E+02  5.7462E+01 -1.4324E+02
0006926   9.1084E+01 -2.3233E+01 -3.7991E+01
0006927   1.6635E+02  1.1385E+02 -1.1020E+02
0006928   2.5953E+02 -9.4984E+01  1.2570E+02
0006929   1.8884E+02 -4.2899E+01  1.4109E+02
0006930   4.4892E+02 -5.6071E+01  2.0476E+01
0006931   3.1198E+02  1.2606E+02 -1.7056E+01
0006932   4.7999E+02 -1.8737E+02  7.6463E+01
0006933   2.8538E+02 -1.4141E+02 -5.5401E+02
0006934   2.6582E+02 -1.6728E+01  1.2077E+02
0006935   2.3494E+02  2.9196E+01 -5.8603E+00
0006936   7.5503E+01  8.7112E+01  1.8107E+02
0006937   1.7348E+02  1.9412E+02  9.7826E+01
0006938   3.0538E+02 -1.6210E+01  1.5509E+02
0006939   3.7199E+02 -1.0286E+02  1.6454E+02
0006940   1.4232E+02  5.3483E+01 -2.0668E+02
0006941   4.3657E+02  6.5346E+01  2.4034E+02
0006944   1.8587E+02 -4.3997E+02  2.4630E+01
0006945   8.2886E+01 -2.6010E+01 -1.4389E+02
0006946   3.2449E+02 -2.4262E+02 -2.9727E+01
0006947   2.3362E+02  3.1844E+01 -1.0372E+02
0006948   3.3014E+02 -2.7060E+02 -6.4277E+01
0006949   2.8014E+02  8.4232E+01 -2.0759E+01
0006950   3.3263E+02  7.4826E+01 -1.3047E+02
0006951   3.8634E+02 -4.9552E+01 -1.7364E+00
0006952   2.6569E+02 -9.5261E+01 -1.3473E+02
0006953   2.9139E+02  1.0952E+01 -2.4344E+02
0006954   3.5581E+02  3.4540E+02 -3.4952E+01
0006955   2.4210E+02  2.2087E+02  3.3583E+02
0006956   9.0056E+01  1.4471E+02 -4.0182E+01
0006957   2.4932E+02 -9.9640E+01  8.5282E+01
0006958   8.6171E+01  1.4990E+02 -2.5455E+01
0006959   3.1025E+02  3.1861E+02 -1.1244E+02
0006960   8.4089E+01  1.2309E+01  1.6340E+02
0006961   3.7005E+02 -4.5309E+00  7.8651E+00
0006962   7.8873E+01 -1.7639E+01 -5.1580E+00
0006963   5.5181E+02 -1.4508E+02  2.0166E+02
0006964   3.3517E+02  5.1095E+01 -4.7088E+01
0006965   1.5373E+02  1.1239E+02 -1.5553E+02
0006967   4.4265E+02  2.0867E+02 -1.3075E+02
0006968   3.8205E+02  1.0292E+02  5.0090E+01
0006969   5.7527E+02  1.3020E+02  1.2476E+02
0006970   2.0088E+02 -3.7750E+02 -4.4544E+01
0006971   2.8236E+02  1.3848E+01  8.7343E+01
0006972   5.3155E+02 -4.8942E+01 -4.5079E+00
0006973   1.5123E+02 -9.7658E+01 -1.8265E+02
0006974   8.4934E+01  1.3600E+02 -1.1220E+02
0006975   4.6661E+02  9.6314E+01 -1.7284E+02
0006976   3.6362E+02 -4.5719E+01  1.7620E+02
0006977   2.6706E+02  1.1815E+02 -5.5332E+01
0006978   3.0977E+02 -4.4129E+01  1.7441E+02
0006979   5.0192E+02 -2.2847E+02  1.7039E+02
0006980   2.4996E+01  1.6409E+02  4.7651E+01
0006981   2.1801E+02  6.9977E+01 -5.2919E+01
0006982   3.6579E+02 -9.5920E+01  2.0395E+02
0006983   2.9627E+02 -2.2819E+02 -1.1213E+02
0006984   1.1191E+02 -1.3693E+02 -6.7702E+01
0006985   2.1444E+02 -1.7075E+02 -2.6914E+01
0006986   1.3752E+02 -1.5015E+02  6.2581E+00
0006987   4.5879E+02  6.1975E+01 -7.0691E+01
0006988   1.6021E+02 -2.7512E+02 -9.6971E+01
0006989   3.8774E+02  2.1657E+02  2.3630E+01
0006990   5.6651E+02  2.1164E+01  4.2878E+01
0006991   9.8647E+01 -4.8592E+01  4.1149E+01
0006992   2.7051E+02  7.0099E+01 -4.7431E+01
0006993   2.7690E+02 -5.5729E+01  1.7069E+02
0006994   3.1876E+02  1.1862E+02 -3.1536E+01
0006995   3.8508E+02  5.1806E+01  4.4606E+01
0006996   2.4878E+02  8.4921E+01  1.2643E+02
0006997   5.1335E+02 -1.6508E+02  1.7442E+02
0006998   1.4665E+02  5.7418E+01  2.0811E+01
0006999   1.5686E+02 -7.1778E+00 -1.4157E+02
0007000   2.2128E+02  1.8698E+02  6.2582E+01
0007001   2.4319E+02 -6.7275E+01  5.4889E+01
0007002   4.1586E+02  2.7604E+02  6.0858E+01
0007003   3.2351E+02  1.7536E+02  2.0099E+02
0007004   6.3396E+01 -1.3713E+02 -8.9095E+01
0007005   1.4186E+02 -2.4041E+02  1.3675E+01
0007006   2.3529E+02 -1.4026E+02 -1.9558E+01
0007007   2.0192E+02 -8.6496E+01 -3.1170E+01
0007008   1.5613E+02 -9.2532E+01  1.0210E+02
0007010   1.0254E+02 -9.8620E+01  2.3592E+02
0007011   9.9009E+01 -8.9770E+01 -8.5736E+00
0007012   3.5116E+02 -5.4654E+00  1.2518E+02
0007013   4.2996E+02 -1.3314E+02  1.5571E+02
0007014   2.5767E+02 -1.0279E+00 -8.9795E+01
0007015   2.4849E+02  7.1464E+00  1.2165E+02
0007016   1.3291E+02 -1.2109E+02 -1.6383E+02
0007017   8.0894E+01  1.1825E+02 -8.5024E+01
0007018   5.1465E+02  2.8028E+02  6.1304E+01
0007020   5.4688E+01  6.9278E+01  1.1725E+02
0007021   2.6182E+02 -1.6616E+02  3.3815E+02
0007022   9.9777E+01 -2.3526E+02  1.0830E+02
0007023   4.1948E+02  1.3450E+02 -6.7934E+00
0007024   5.8875E+01 -4.0750E+00 -4.1976E+01
0007026   2.4797E+02  7.6618E+01 -1.4495E+02
0007027   3.9545E+02 -1.0835E+02  5.0741E+01
0007028   2.6144E+02 -8.0297E+01 -1.0434E+02
0007029   2.2193E+02 -1.5422E+00  8.0082E+01
0007030   2.3521E+02  2.1647E+02  1.1353E+02
0007031   2.4987E+02 -1.0917E+02  1.1289E+02
0007032   1.6012E+02  5.8424E+01 -1.1047E+02
0007033   3.3313E+02  1.7760E+02 -2.2469E+01
0007034   2.8461E+02 -2.6672E+02  2.1955E+02
0007035   3.1177E+02 -1.1674E+02  1.0651E+02
0007036   3.3290E+02  1.1195E+02  1.2554E+02
0007037   5.6268E+02 -2.0212E+02  9.3272E+01
0007038   4.2083E+02  3.5943E+02  4.0404E+01
0007039   3.2748E+02 -2.6788E+01  2.5203E+02
0007040   1.8080E-01 -2.5329E+01 -1.9077E+02
0007041   3.7067E+02 -1.6408E+02  7.0239E+01
0007043   4.0015E+02  2.1407E+02  6.2109E+01
0007044   1.7590E+02 -1.9113E+02  1.1740E+02
0007046   2.2574E+02  1.1566E+02 -1.2802E+02
0007047   6.9448E+01 -4.5522E+01 -5.4743E+01
0007048   3.0908E+02  7.9906E+00 -8.3014E+01
0007049   2.8425E+02 -8.1846E+01  2.4561E+02
0007050   1.5407E+01 -3.4230E+01  1.6122E+01
0007051   4.9842E+02  6.9366E+01  2.0219E+02
0007052   5.3178E+02  2.4531E+02 -6.7917E+01
0007053   3.6935E+02  1.8545E+02 -5.3585E+01
0007054   2.4810E+02 -5.7791E+01 -7.4547E+01
0007055   2.0019E+01 -1.0238E+02  1.3213E+01
0007056   1.6563E+02  5.8815E+01  6.0093E+01
0007057   3.2873E+02 -3.5271E+02 -8.3485E+01
0007058   5.7177E+02 -1.6345E+02  8.0161E+00
0007059   2.8855E+02  1.2525E+02  9.7873E+01
0007060   1.8461E+02 -3.0979E+01  4.0584E+01
0007061   2.5214E+02 -7.1959E+01 -3.4995E+00
0007062   4.5432E+02  3.1955E+02 -5.7188E+00
0007063   5.1472E+01  4.3512E+01  2.6179E+01
0007064   4.1353E+02 -1.1353E+02 -8.6574E+01
0007065   1.0451E+02  2.0950E+02 -5.5929E+01
0007066   1.3092E+02 -1.1629E+02  2.2025E+02
0007067   4.8478E+02 -1.8898E+02 -5.4443E+01
0007068   3.6956E+02  6.4660E+01  2.6923E+02
0007069   1.7083E+02  3.6415E+01 -4.8734E+01
0007070   4.2936E+02  7.3033E+01  2.5027E+02
0007071   2.8121E+02  1.6924E+02  6.1709E+01
0007072   1.1806E+02 -6.0014E+01  1.6127E+01
0007073   5.0593E+02 -1.1722E+02  2.6896E+02
0007074   3.9410E+02  1.0647E+02  5.1486E+01
0007075   9.4716E+01 -1.1626E+02  2.7196E+02
0007076   2.1950E+02  7.1135E+01 -8.8593E+01
0007077   2.2471E+02  1.2157E+02  1.4458E+01
0007078   4.7850E+01 -2.6098E+02  1.4941E+02
0007079   2.9910E+02 -2.4315E+02  2.1690E+02
0007081   2.5643E+02 -1.7031E+02 -1.3573E+02
0007082   1.9547E+02 -1.7080E+02 -4.6887E+02
0007083   4.6441E+02 -4.4309E+01 -5.8021E+00
0007084   1.5880E+02  1.2759E+01  9.3600E+01
0007085   3.4901E+02  2.0374E+02 -1.6945E+01
0007086   2.7305E+02 -2.6976E+02  3.5209E+01
0007087   3.9679E+02  4.8258E+01  1.0970E+02
0007088   4.3540E+02 -1.3025E+02  2.7538E+02
0007089   2.1976E+02 -2.6181E+02 -3.5147E+02
0007090   5.0835E+02  3.4549E+02 -1.7097E+02
0007091   1.7711E+02  2.1546E+02 -2.7326E+01
0007092   2.8540E+02  1.3075E+02 -6.5255E+01
0007093   1.6283E+02  4.9116E+01 -2.1971E+02
0007094   3.3974E+02  8.2809E+01  1.1796E+02
0007095   2.5908E+02  1.2703E+02 -3.0622E+02
0007096   7.5087E+01  4.4435E+01  1.1091E+01
0007097   2.3121E+02 -1.8774E+02  5.1867E+01
0007098   2.6116E+02 -4.0580E+01  2.2450E+02
0007099   1.0449E+02  5.5835E+01  1.1226E+00
0007100   1.4108E+02 -1.4888E+02  1.7876E+02
0007101   1.4257E+02 -2.5852E+01 -4.1950E+01
0007102   3.4843E+02  1.7359E+01 -7.5010E+01
0007104   3.2163E+02 -3.6502E+01  7.1606E+00
0007105   4.3130E+02 -2.9677E+02 -3.5820E+02
0007106   3.2281E+02  1.1486E+02 -5.0647E+01
0007107   2.7168E+02 -3.8968E+02  2.5491E+02
0007108   2.3907E+02  9.7466E+01 -5.5646E+01
0007109   6.3422E+02  8.3045E+01 -1.5335E+02
0007110   4.6471E+02 -9.6650E+00  4.7505E+01
0007111   1.4975E+02  1.3557E+02 -3.0452E+00
0007112   1.6130E+02  2.4944E+01  1.1835E+02
0007113   1.3480E+01  3.1851E+02  2.3122E+02
0007114   3.4481E+02 -2.1973E+01  2.1362E+02
0007115   3.3033E+02 -9.8910E+01  1.5970E+02
0007116   3.5923E+02 -5.4935E+01 -5.1575E+01
0007117   2.5716E+02 -4.0718E+01  1.4963E+02
0007118   1.2082E+02 -3.3421E+01  3.5141E+01
0007119   4.8733E+02 -1.7356E+02 -3.3461E+02
0007120   2.6484E+02 -6.5113E+01 -9.6951E+01
0007121   2.8002E+02 -1.1647E+02 -7.1243E+01
0007122   6.3599E+01  1.3848E+02 -1.6086E+02
0007123   4.8537E+02 -1.7597E+02  3.9113E+01
0007124   2.8991E+02 -4.2187E+01  1.9537E+02
0007125   1.6798E+02 -3.0363E+02 -1.7568E+02
0007126   4.4614E+02  1.2460E+02  3.2580E+02
0007127   1.7698E+02 -6.2781E+01 -4.2685E+01
0007128   2.9177E+02 -3.1855E+01  3.7784E+01
0007129   2.1344E+02  1.6057E+02  3.4287E+01
0007130   2.6287E+02  6.7122E+01 -7.1865E+01
0007131   2.7558E+01 -8.1456E+01  2.6956E+01
0007132   1.5353E+02 -5.3807E+01 -3.6672E+01
0007133   4.1964E+02 -1.2270E+02 -1.2445E+01
0007134   4.3936E+02  1.2324E+02  2.4620E+02
0007136   7.0844E+02 -2.1385E+01 -2.4660E+02
0007138   9.1190E+01  8.5405E+01  2.7634E+01
0007139   3.9762E+02  1.3220E+02 -1.2102E+01
0007140   1.2671E+02 -1.2836E+02  7.5010E+01
0007141   7.4458E+01  2.6128E+02 -8.1405E+01
0007142   4.6536E+02  1.3897E+01  9.2544E+01
0007143   1.8929E+02  1.5276E+02 -9.8972E+00
0007144   1.7105E+02  1.1904E+02 -1.3911E+02
0007145   2.8526E+02 -2.9539E+02  3.0648E+01
0007146   3.5420E+02 -1.1136E+02  1.0121E+02
0007147   6.3935E+01  3.9606E+01 -1.1374E+02
0007149   4.1760E+02 -8.2884E+01 -5.0181E+02
0007150   5.6143E+02 -2.3781E+02  5.1127E+01
0007151   1.5727E+02 -2.0358E+01 -2.3903E+02
0007152   1.7677E+02  1.3633E+02 -5.4235E+00
0007153   2.4538E+02 -1.6062E+02  1.5213E+02
0007154   1.3108E+02  3.9539E+01  8.4812E+01
0007155   5.8583E+02  8.8352E+01  3.0538E+01
0007156   3.0045E+02  9.6701E+00 -1.4913E+02
0007157   1.9250E+02  1.4059E+02 -2.5755E+02
0007159   2.8670E+02 -1.0986E+02  6.9216E+01
0007160   3.0656E+02 -1.5577E+02 -2.9748E+02
0007161   1.1952E+02 -5.5580E+01  1.9337E+02
0007162   3.1817E+02 -8.7665E+01 -4.1195E-01
0007163   6.5226E+02 -1.2682E+02  6.3712E+01
0007164   1.4329E+02  1.1427E+02 -2.4012E+02
0007165   1.4159E+02  8.0048E+01 -2.0518E+01
0007166   1.6586E+02  6.7396E+01 -1.0693E+02
0007167   1.5326E+02  1.1138E+02 -6.6298E+01
0007168   6.2746E+01 -3.8169E+01  5.5419E+01
0007169   1.7208E+02  8.0211E+01  9.0430E+01
0007170   4.9316E+01  6.3344E+01  1.3030E+02
0007171   2.6194E+02  1.2225E+02 -1.9344E+02
0007172   3.9651E+02 -9.2227E+01 -2.5969E+01
0007173   1.5997E+02 -1.2139E+02 -8.7183E+01
0007174   1.7133E+02  1.4232E+02 -1.8987E+01
0007175   5.0322E+02 -9.0509E-01  5.3611E+01
0007176   6.0840E+02  2.0295E+02 -2.2751E+02
0007177   3.7481E+02 -2.0843E+01 -5.2779E+01
0007178   2.8485E+02 -8.6508E+01  4.5734E+01
0007179   1.4035E+02 -4.4323E+01  8.9415E+01
0007180   1.2012E+02  2.2534E+02  5.1456E+01
0007181   8.7598E+01  3.2338E+01  2.8240E+01
0007182   2.3387E+02  1.5948E+02 -8.4844E+01
0007183   4.9296E+02  8.1403E+01 -1.2170E+01
0007184   3.1553E+02  2.3006E+01  2.8750E+01
0007185   4.0382E+02  1.0649E+02  2.0303E+01
0007186   2.5290E+02 -8.2629E+01 -1.0390E+02
0007187   5.0178E+02  7.7121E+01  3.1860E+02
0007188   1.6017E+02  4.8163E+00  1.2238E+02
0007189   1.8520E+02  2.2588E+02 -1.5271E+02
0007190   2.9216E+02  1.6250E+02  5.6971E+01
0007191   3.2303E+02  3.3296E+01 -6.6833E+01
0007192   4.3083E+02 -1.9576E+02 -4.3954E+01
0007193   2.9508E+02  1.6039E+02 -3.5541E+01
0007194   3.3549E+02 -2.8925E+02  2.2129E+02
0007195   2.1987E+02 -1.8012E+02 -1.3202E+02
0007196   1.8516E+02  6.1247E+01  6.7994E+01
0007197   4.1864E+02  7.7940E+01  1.1474E+02
0007198   2.3236E+02  1.1200E+02 -3.4828E+02
0007199   1.3245E+02 -1.3602E+01  2.6509E+02
0007200   6.6592E+01 -1.3206E+02 -4.5396E+01
0007201   2.9143E+02 -6.1785E+01  1.1290E+02
0007202   1.5481E+02 -2.6973E+01  5.4472E+01
0007203   5.7206E+02  4.6471E+02 -1.2869E+00
0007204   4.5614E+02 -2.1701E+01  6.6896E+01
0007205   2.5799E+02 -2.2846E+02 -4.0661E+01
0007206   3.9744E+02 -1.6944E+02 -8.8368E+01
0007207   1.0148E+02  1.4413E+01  1.1088E+02
0007208   4.7248E+02 -7.6234E+01 -1.0522E+02
0007209   1.7161E+02 -2.3255E+02 -8.9664E+01
0007210   1.5933E+02 -1.4560E+02  8.0792E+01
0007211   2.6104E+02  6.8092E+00  1.0255E+01
0007212   1.7014E+02 -4.4490E+01  4.4334E+01
0007213   5.6041E+01  3.0588E+01  1.2702E+02
0007214   3.9911E+02  2.4524E+01 -1.4184E+02
0007215   3.7282E+02 -9.2841E+01 -3.1587E+02
0007216   2.4779E+02 -2.3628E+01 -8.0721E+01
0007217   2.5636E+02 -6.2963E+01 -9.2024E+01
0007218   2.3222E+02 -3.3856E+02  1.3779E+02
0007219   2.1171E+02  3.2874E+01 -2.1650E+02
0007220   1.1064E+02  8.3606E+01  5.0933E+01
0007221   1.7450E+02 -4.9465E+01 -8.3312E+01
0007222   6.0693E+02  4.2850E+01  1.4872E+02
0007223   1.3678E+02  2.6984E+00 -1.7519E+01
0007224   3.7665E+02  3.9748E+01 -1.7238E+02
0007225   6.8904E+01  4.0613E+01 -1.0892E+02
0007226   2.3516E+02 -1.4848E+02 -3.4880E+01
0007227   3.9096E+02 -2.3119E+02 -1.0374E+02
0007228   4.6113E+02  1.2293E+02 -2.0333E+02
0007229   2.8351E+02 -2.9811E+02  9.1552E+01
0007230   1.0825E+02  5.7427E+01 -3.3306E+02
0007231   5.1902E+02 -2.1663E+02  3.1464E+01
0007232   2.6167E+02 -6.3031E+01 -1.3696E+01
0007233   3.4088E+02  1.7257E+02 -9.8803E+01
0007234   1.1717E+02  9.1269E+01 -3.4432E+01
0007235   2.4588E+02 -1.2706E+02  3.3781E+01
0007236   2.0334E+02 -8.2577E+01  4.2046E+01
0007237   1.0320E+02  3.0460E+02 -3.2794E+02
0007238   3.2091E+02  1.9438E+02 -2.8733E+02
0007239   3.1388E+02  2.8161E+02 -5.9027E+01
0007240   9.4805E+01 -2.2060E+02  2.4613E+02
0007241   3.4494E+02 -1.6256E+02  8.3763E+01
0007242   3.7625E+02  1.7105E+02  9.2048E+01
0007243   4.1260E+02  1.3844E+02 -1.6343E+02
0007244   2.2776E+02 -1.3546E+02  1.5130E+01
0007245   2.1261E+02 -1.5618E+02 -3.0144E+02
0007246   3.2885E+02  2.9415E+02 -9.0853E+01
0007247   3.7028E+02  1.3304E+02  1.4600E+02
0007248   5.9319E+01 -8.9647E+00  1.6919E+02
0007249   4.7129E+02  1.0588E+02  6.5322E+01
0007250   1.2192E+02 -2.1189E+02  2.1754E+02
0007251   1.7547E+02 -1.2133E+02 -1.7208E+02
0007252   2.8580E+02 -5.5982E+01  5.8480E+01
0007253   2.3928E+02 -1.3347E+02 -2.0546E+02
0007254   4.4272E+02 -7.6143E+01 -2.2332E+02
0007255   4.1311E+02 -1.7433E+01 -1.3339E+02
0007256   1.8134E+02 -4.6084E+00 -5.7258E+01
0007257   3.1280E+02  5.1297E+01  1.7681E+02
0007258   4.7634E+02  1.4741E+02  2.8785E+01
0007259   3.3492E+02  6.7949E-01 -1.1311E+02
0007260   2.2198E+02 -1.5434E+02  4.6456E+01
0007262   5.8009E+01  1.5986E+02  8.5929E+01
0007263   4.5978E+02 -1.4626E+02  5.7347E+01
0007264   6.7091E+02 -2.4367E+02  1.2603E+02
0007265   1.3401E+02 -2.1659E+02  1.3453E+01
0007266   3.2385E+02  1.4464E+02 -5.2312E+01
0007267   3.9670E+02  2.9977E+02 -1.0936E+02
0007268   1.3608E+02 -6.9895E+01  1.2535E+02
0007269   1.2208E+02 -1.1356E+02 -4.3308E+01
0007270   2.3363E+02 -2.0449E+02 -5.3075E+01
0007271   1.3122E+02  3.2344E+01 -1.6013E+02
0007272   2.5207E+02  1.9176E+02  6.8846E+01
0007273   3.1945E+02  5.7766E+01 -2.6212E+01
0007274   2.9683E+02 -1.3940E+02 -2.4526E+02
0007275   4.5687E+02  1.1213E+02 -2.0884E+02
0007276   4.4749E+02  9.9142E+01 -2.2564E+02
0007277   3.1327E+02  2.6526E+01  2.1640E+01
0007278   1.3162E+02  3.6285E+01 -6.4446E+01
0007279   4.0633E+02  2.7929E+01  1.8059E+02
0007280   4.7450E+01  9.3725E+01 -7.8000E+01
0007281   1.9300E+02 -2.3117E+02 -2.3960E+02
0007282   2.0714E+02 -7.6729E+00  5.5280E+01
0007283   1.9777E+02 -1.7707E+02  6.5787E+00
0007284   4.8427E+02  3.1403E+01 -2.4111E+01
0007285   5.1052E+02  2.9112E+02 -1.7644E+02
0007286   5.0917E+01 -9.5164E+01  3.5544E+02
0007287   2.3435E+02  6.8219E+01 -5.4437E+01
0007288   1.7457E+02  4.5879E+01  1.1935E+01
0007289   1.2880E+01 -1.7469E+02 -3.8294E+02
0007290   9.4246E+01  1.3818E+01  4.0764E+01
0007291   3.7879E+02 -1.8204E+02 -1.7214E+02
0007292   3.4192E+02 -2.7687E+02 -1.8108E+02
0007293   1.2727E+02 -1.4096E+02  3.6667E+01
0007294   2.8934E+02 -3.7656E+01 -7.3923E+01
0007295   2.1491E+02 -1.7399E+02  4.3724E+00
0007296   9.1139E+01 -7.1450E+00  2.4659E+01
0007297   5.4879E+02 -9.6495E+01  1.3696E+01
0007298   4.5932E+02  2.9573E+02 -2.6572E+02
0007299   1.6401E+02 -7.1966E+01  3.1869E+01
0007300   2.0612E+02 -1.0798E+01 -9.1940E+01
0007301   1.0985E+02  3.8469E+01 -2.5001E+01
0007302   3.8462E+02 -8.9112E+01  9.5507E+01
0007303   2.0002E+02 -9.0463E+01 -1.9572E+02
0007304   6.9685E+01  1.1049E+01  3.7062E+01
0007305   2.3507E+02 -8.1473E+01 -1.2269E+00
0007306   1.9667E+02  1.2300E+02  3.0156E+02
0007307   1.9195E+02  7.0558E+00 -3.3885E+02
0007308   5.2790E+02 -2.1937E+02  1.5259E+02
0007309   1.6096E+02 -6.1745E+00 -1.6561E+02
0007310   3.6539E+02  5.5796E+01  9.4492E+01
0007311   6.4208E+02 -6.7303E+01  1.5813E+01
0007312   2.6913E+02 -1.3860E+02  4.1292E+01
0007313   2.7219E+01 -1.7845E+02 -1.8448E+02
0007314   1.2698E+02  1.8675E+02 -8.5333E+01
0007315   3.6286E+02 -3.9770E+01 -1.7700E+02
0007316   7.6626E+01 -1.0173E+02  5.0810E+01
0007317   1.0627E+02 -3.7206E+01 -1.7195E+02
0007318   1.8468E+02 -4.9268E+00 -2.6640E+01
0007319   3.5104E+02  2.4388E+02  1.1379E+02
0007320   3.7094E+01  3.5234E+01 -1.5534E+01
0007321   3.9933E+02 -1.5787E+02 -3.7252E+02
0007322   8.4598E+01 -1.6157E+01  6.8209E+01
0007323   6.9704E+02 -1.5696E+02  3.9298E+01
0007324   1.1659E+02  1.9039E+02 -1.0782E+02
0007325   9.2639E+01 -1.7562E-01  5.4066E+01
0007326   4.7702E+02 -1.2749E+02 -1.7330E+02
0007327   9.2676E+01 -1.2702E+02  4.0265E+01
0007328   1.8250E+02  4.3358E+01  1.4790E+02
0007329   2.5218E+02 -1.9793E+00  9.0005E+01
0007330   3.7496E+02  2.8106E+02 -2.7508E+02
0007331   4.7085E+02 -2.7401E+01 -4.1248E+01
0007332   5.0855E+02 -4.9687E+01  4.8088E+01
0007333   1.5044E+02  5.5935E+01 -1.0644E+02
0007334   1.4706E+02 -3.0803E+01 -6.2989E+01
0007336   8.9302E+01  2.2889E+02 -1.5113E+02
0007337   3.6847E+02  1.3396E+02  3.7358E+02
0007338   2.6709E+02  9.8462E+01 -1.2016E+02
0007339   1.5610E+02  1.9365E+02 -4.7799E+00
0007340   1.9233E+02  1.6362E+02 -1.3392E+02
0007341   1.6557E+02 -3.3649E+01  9.8161E+00
0007342   4.7411E+02 -1.0753E+02 -1.4926E+02
0007343   1.3903E+02  1.4957E+01 -1.5392E+01
0007344   2.7956E+02  5.2313E+01  1.5110E+02
0007345   2.8230E+02 -2.7335E+01  3.5805E+01
0007346   1.6548E+02 -7.8072E+00 -3.9155E+01
0007347   4.4917E+02  2.9835E+02 -2.3464E+02
0007348   1.2482E+02 -1.0001E+01 -1.9160E+01
0007349   1.3553E+02 -1.1590E+02  1.6836E+02
0007350   5.6993E+02  9.0483E+01  5.8536E+00
0007351   1.4711E+02 -2.7687E+01  1.1215E+02
0007352   3.7859E+02  1.0757E+02  1.3611E+02
0007353   3.3703E+02  2.2482E+00  1.0219E+02
0007354   2.8664E+02  2.1124E+01 -2.0792E+02
0007355   4.6911E+02  1.2208E+02  4.7004E+01
0007356   3.5924E+02  5.4273E+01 -8.3593E+01
0007357   2.8637E+02 -9.9672E+01 -2.7496E+02
0007358   1.3483E+02 -8.1756E+01  1.5551E+02
0007359   1.2793E+02 -3.7307E+02 -1.4475E+01
0007360   3.2776E+02  2.0258E+02 -8.3859E+01
0007361   3.9793E+02 -1.1152E+02 -2.4015E+00
0007362   3.8998E+02 -2.1447E+02 -1.6597E+02
0007363   3.2958E+02  1.2869E+02 -1.1269E+02
0007364   2.9675E+01 -1.0142E+02 -7.7943E+01
0007365   4.4606E+02  4.8801E+01 -4.7698E+01
0007366   2.1124E+02  2.1107E+02  2.3972E+02
0007367   3.7139E+02  2.7323E+02 -1.2942E+02
0007368   3.1116E+02 -9.1816E+01 -9.1378E+01
0007369   1.5749E+02 -4.5418E+01  1.2939E+02
0007370   6.0443E+01  7.1892E+01 -6.4130E+01
0007371   2.0448E+02 -1.7225E+01 -8.4619E+01
0007372   1.5348E+02  1.0981E+02 -3.5552E+02
0007373   3.3596E+02  2.3936E+02 -3.2641E+02
0007374   4.0315E+02 -3.3277E+01 -7.8539E+01
0007375   3.2739E+02 -4.6858E+01  2.2630E+02
0007376   3.0035E+02  1.8444E+02 -2.3554E+02
0007377   1.8558E+02 -1.0066E+02 -3.6807E+01
0007378   4.2734E+02 -3.9223E+01  1.0430E+02
0007379   2.1400E+02  4.6721E+01 -2.8671E+01
0007380   3.2239E+02 -8.5135E+01 -3.8028E+01
0007381   1.4879E+02  2.5121E+01 -1.9850E+01
0007382   4.7512E+02 -2.4628E+02  1.1246E+02
0007383   3.0604E+02 -1.1481E+02 -7.0752E+01
0007384   1.2001E+02 -3.8662E+01  1.4184E+02
0007385   2.8489E+02  1.1259E+02 -2.7499E+02
0007387   1.7111E+02 -5.1845E+01 -2.2042E+01
0007388   3.6641E+02  3.4854E+01  5.8463E+01
0007389   2.9240E+02 -6.2383E+01  5.5649E+01
0007390   3.6043E+02 -3.2831E+00  7.6095E+01
0007391   1.7633E+02  7.2783E+01  1.9667E+02
0007392   7.1052E+01  3.3993E-01 -8.9862E+01
0007393   4.2349E+02 -1.2539E+02  2.1797E+02
0007394   4.1404E+02 -1.1307E+02  4.1363E+01
0007395   1.0752E+02  6.3397E+01 -1.7675E+01
0007396   3.1067E+02 -5.6275E+01 -8.4686E+00
0007397   4.6506E+02 -1.2918E+02 -1.5004E+02
0007398   2.2172E+02  2.8309E+00 -1.2565E+02
0007399   1.3812E+02 -1.3523E+02 -1.6156E-01
0007400   1.6405E+02 -4.9683E+01  3.2628E+01
0007401   9.0535E+01  7.0243E+01 -1.8754E+00
0007402   2.3347E+02  2.1040E+02 -7.8399E+01
0007403   3.0313E+02  1.2599E+02  1.3520E+02
0007404   4.9007E+02  1.8864E+01 -1.4166E+02
0007405   1.5797E+02 -9.6786E+01 -4.7204E+01
0007406   2.3186E+02 -2.8009E+01  1.1966E+02
0007407   2.6300E+02 -4.2276E+01 -8.6050E+01
0007408   2.1423E+02 -2.0089E+02 -1.4811E+02
0007409   1.9907E+02 -1.0185E+02  7.6519E+01
0007410   1.0588E+02 -1.4233E+02 -5.8031E+01
0007411   6.0697E+01 -5.5178E+01  1.2518E+02
0007412   2.8673E+02  2.7771E+02 -6.7194E+01
0007413   3.3563E+02  3.8591E+01  1.0494E+02
0007414   1.9452E+02  7.2534E+01 -4.9201E+01
0007415   3.0315E+02  2.5880E+01  1.7200E+02
0007416   4.4367E+02 -5.1123E+01 -6.2437E+01
0007418   3.3445E+02 -8.4690E+01  1.4818E+02
0007419   4.9910E+02 -9.3866E+01 -3.0808E+02
0007420   2.4069E+02 -1.6635E+02 -4.9113E+01
0007421   2.1177E+02 -5.3272E+01  5.0257E+01
0007422   2.1151E+02 -1.3436E+02  1.5813E+02
0007423   3.1874E+02 -6.7893E+01 -2.6231E+01
0007424   1.1322E+02  2.6185E+01  8.3213E+01
0007425   5.1561E+01 -2.0570E+01 -2.3323E+02
0007426   4.3876E+02 -7.7970E+01 -2.9617E+02
0007427   1.4775E+02  7.2441E+00 -8.8518E+01
0007428   5.5298E+01 -2.3979E+02 -6.4983E+01
0007429   2.6463E+02 -8.8839E+01  2.4545E+02
0007430   1.6771E+02 -2.8252E+01  2.5344E+00
0007431   3.5109E+02  7.3305E+01  2.1774E+02
0007432   5.0530E+02  2.1132E+02 -9.3940E+01
0007433   3.1108E+02 -7.4346E+01  1.2955E+02
0007434   1.2091E+02 -1.6057E+02  1.3809E+01
0007435   3.3019E+02 -1.6767E+02  1.2384E+02
0007436   5.6847E+02 -1.4047E+02  9.8980E+01
0007437   3.7958E+00  3.2879E+01  1.5282E+02
0007438   4.6594E+01  1.4614E+02  2.8238E+01
0007439   3.3678E+02  3.8466E+02  3.3436E+01
0007440   1.8037E+02  4.9604E+01  1.6324E+02
0007441   1.8108E+02  1.3256E+02 -4.0182E+01
0007442   1.4067E+02 -8.3877E+01 -2.6961E+02
0007443   2.5477E+02  1.0404E+02 -4.1379E+01
0007444   2.4711E+02  1.3085E+00 -1.6682E+02
0007445   1.9778E+02  1.9354E+02 -7.2841E+01
0007446   3.1445E+02  2.6755E+01 -9.4659E+01
0007447   1.4998E+02  4.6720E+00  2.0238E+01
0007448   2.0817E+02 -2.4840E+02 -5.6447E+01
0007449   1.7556E+02  5.2723E+01  1.0433E+02
0007450   1.7885E+02 -1.3028E+02 -2.5095E+00
0007452   6.8469E+01  2.0921E+02 -1.4141E+02
0007453   1.9273E+02 -8.0799E+01 -8.1514E+01
0007454   3.6485E+02  2.4672E+01 -9.8166E+01
0007455   2.9359E+02  4.2337E+01  1.6378E+01
0007456   4.3258E+02  1.6572E+02  7.8111E+01
0007457   6.0400E+02  4.2702E+02  1.5441E+02
0007459   4.2680E+02  6.7004E+01  4.2591E+01
0007460   2.1757E+02  1.0481E+02  1.2062E+02
0007461   1.8836E+02  3.0169E+01  6.1034E+01
0007462   3.6913E+02 -1.7269E+01  8.7142E+01
0007463   1.3060E+02 -6.3483E+01 -1.0867E+02
0007464   2.5517E+02 -1.1928E+02 -3.4007E+01
0007465   7.2984E+01 -2.2325E+01 -5.8892E+01
0007466   4.0417E+02  4.0767E+01 -7.1765E+01
0007467   1.3072E+02  1.1890E+02  1.5024E+02
0007468   2.6974E+01  1.2369E+02 -5.1487E+01
0007469   1.6761E+02  2.2040E+02 -1.1328E+02
0007470   5.0138E+02  1.1264E+02  1.0084E+02
0007471   3.3387E+02  2.7203E+01 -1.8755E+01
0007472   3.6708E+02 -5.7555E+01 -2.3442E+01
0007473   3.4969E+02 -4.0878E+00  9.7631E+01
0007474   5.9216E+02 -1.4205E+02 -1.6091E+02
0007475   6.6119E+02  1.3842E+02 -2.7473E+01
0007476   5.7383E+02  1.6056E+02 -2.1619E+01
0007477   2.4065E+01 -6.8669E+01  1.5876E+01
0007478   4.5472E+02 -8.1547E+01  6.2499E+01
0007479   2.7007E+02  2.3558E+02  2.1272E+02
0007480   4.3785E+02 -1.0939E+02  8.5759E+00
0007481   1.3743E+02 -5.6759E+01 -6.8382E+01
0007482   7.2720E+01 -1.6396E+02  3.7064E+01
0007483   8.2525E+01 -1.0047E+01  4.3707E+01
0007484   2.6233E+02  1.4054E+02  3.3152E+01
0007485   2.4415E+02 -4.5470E+01  3.9159E+01
0007486   1.5732E+02  1.0010E+01  2.1084E+01
0007487   1.6613E+02 -1.3626E+02 -8.3162E+01
0007488   2.1973E+02  1.9733E+02  9.9717E+01
0007489   4.6904E+01 -3.3336E+01 -1.9342E+02
0007490   3.1517E+02  4.4130E+01  1.2397E+02
0007491   1.2009E+02 -1.2915E+02 -2.2823E+02
0007493   2.1689E+02 -1.0210E+02 -7.5683E+01
0007494   4.1706E+02  2.5268E+02  5.2992E+00
0007495   1.7326E+02 -1.0235E+02  7.2734E+01
0007496   4.1869E+01  3.1152E+01 -5.2634E+01
0007497   3.3641E+01  1.8518E+02 -1.5999E+02
0007498   1.3336E+02 -8.6069E+01  2.8467E+01
0007499   2.8000E+02 -6.3233E+00 -4.7820E+01
0007500   3.6116E+02 -2.7621E+01  1.5322E+02
0007501   4.9047E+01  6.5292E+01  3.1493E+01
0007502   2.6461E+02  1.8255E+02 -4.1698E+01
0007503   4.6717E+02 -6.5584E+01  1.7373E+01
0007504   2.3798E+02  9.5002E+01  4.5878E+01
0007505   7.6990E+01 -4.0343E+01 -3.2464E+01
0007506   9.5455E+01 -1.4066E+01  4.3030E+00
0007507   2.2952E+02  6.9472E+01 -1.3070E+02
0007508   5.0678E+02  9.5258E+01 -2.1457E+02
0007509   7.0764E+01  8.8121E+01 -5.2146E+01
0007510   3.7756E+02 -8.2159E+01 -1.9363E+02
0007511   1.9536E+02 -8.7135E+01  1.6649E+02
0007512   3.0384E+02 -3.0747E+02 -3.3097E+02
0007514   1.6526E+02 -4.7835E+01 -1.0872E+01
0007515   1.3969E+02  1.4408E+02  2.1776E+02
0007516   2.5762E+02  8.5277E-01 -1.0656E+02
0007517   2.1773E+02 -5.5837E+01  5.9709E+01
0007519   4.2554E+02  6.9961E+01  2.9481E+02
0007520   3.4711E+02  1.1962E+02  4.1350E+01
0007521   4.7059E+01  2.2968E+01  2.8663E+01
0007522   9.1740E+01  8.7444E+01  3.6345E+01
0007523   4.1799E+02  2.9994E+02 -4.8853E+01
0007524   2.1761E+02  4.0197E+02 -1.7076E+02
0007525   3.1034E+02  2.6949E+01 -1.5343E+02
0007526   4.4087E+02 -1.1301E+02  2.4695E+02
0007527   2.5482E+02 -2.3075E+01  4.5490E+01
0007528   2.0719E+02 -4.3631E+01  1.4378E+02
0007529   2.6003E+02 -1.1874E+02  1.4751E+02
0007530   2.6826E+01  2.7299E+01  1.0059E+02
0007531   3.8290E+02 -1.4333E+02  4.9754E+01
0007532   2.8719E+02  1.7092E+01 -4.8194E+01
0007533   3.5865E+02  1.5590E+02 -7.7887E+01
0007534   2.4932E+02 -2.4593E+02 -4.7507E+01
0007535   2.2320E+02  3.5928E+01  1.5821E+02
0007536   2.2388E+02  1.2938E+02 -1.2491E+02
0007537   2.5471E+02 -2.8674E+02 -1.1037E+02
0007539   3.6540E+02 -1.0880E+01 -2.4471E+02
0007540   1.3491E+02 -8.2204E+01  2.0080E+02
0007541   2.6827E+02 -9.6802E+00  5.6217E+01
0007542   2.0934E+02  5.3321E+01 -2.8341E+01
0007543   2.7895E+02 -2.1772E+02 -1.8848E+02
0007544   1.1262E+02 -2.6304E+01  1.1650E+02
0007545   2.3656E+02  2.1879E+02  5.2174E+00
0007546   3.3457E+02  9.7012E+01 -1.1589E+01
0007547   4.6760E+02 -4.3900E+00  5.0442E+00
0007548   1.0856E+02 -2.6040E+01 -1.2064E+02
0007549   6.1039E+02  1.0948E+02 -1.6109E+02
0007550   2.7504E+02 -4.3729E+01 -1.5480E+02
0007551   3.1046E+02 -1.5692E+02 -6.8482E+01
0007552   1.6910E+02 -7.2532E+01 -1.8625E+02
0007553   2.3616E+02 -1.9803E+02 -2.7427E+02
0007554   7.2816E+01  4.3766E+01 -1.3621E+02
0007556   4.4171E+02 -8.5130E+01 -6.8084E+01
0007557   4.7401E+02 -6.7812E+01 -6.6335E+01
0007558   4.4994E+02  2.1554E+01 -4.6344E+01
0007559   2.8947E+02  2.3770E+01 -4.0676E+01
0007560   2.7846E+02 -5.9593E+01  9.0944E+01
0007561   3.2039E+02  1.0229E+02  1.7354E+02
0007562   3.1886E+02  8.8145E+01  3.5100E+02
0007563   1.3408E+02 -6.0434E+01 -2.3322E+01
0007564   2.8043E+02  1.7670E+02 -1.0866E+02
0007565   4.6280E+02  3.3112E+01 -2.6019E+02
0007566   2.5700E+02  3.1710E+02  2.6968E+02
0007567   9.2277E+01  7.3924E+01  1.1737E+02
0007568   1.9943E+02 -1.6072E+02 -1.7452E+02
0007569   2.6376E+02 -2.2275E+02  1.5418E+02
0007570   6.7139E+02  1.1294E+02 -1.5711E+02
0007571   2.9273E+02 -9.1666E+01 -3.8676E+01
0007572   5.5013E+02 -1.6309E+02  7.5348E+01
0007573   2.4124E+02 -2.9549E+02 -7.6446E+01
0007574   5.6931E+02 -2.9945E+02 -1.7194E+00
0007575   5.9266E+02  2.0351E+02  1.1042E+02
0007576   3.5923E+02 -2.7567E+01 -2.3421E+02
0007577   8.5637E+00  1.5780E+02  2.1797E+02
0007578   1.7489E+02 -9.2856E+00  5.6889E+01
0007579   1.8323E+02  3.6279E+02 -1.4714E+01
0007580   4.8150E+01  1.6460E+02 -3.5138E+01
0007581   1.0722E+02 -2.0654E+02 -5.2024E+01
0007582   3.1844E+02  1.4106E+02 -5.3526E+01
0007583   1.1367E+02 -1.0998E+02  2.1901E+01
0007584   2.1950E+02 -3.9534E+01  1.3546E+02
0007585   5.1796E+02 -3.5527E+00  4.6843E+02
0007586   3.1969E+02 -3.1454E+01  2.7031E+02
0007587   3.8733E+02  2.2106E+02 -8.8989E+01
0007588   3.5969E+02  2.7608E+01  1.1515E+02
0007589   4.0235E+02 -8.6593E+00 -9.1023E+01
0007590   3.2098E+02 -1.9725E+02  1.7426E+02
0007591   3.7906E+02 -1.7403E+01 -2.1043E+01
0007592   1.3739E+02 -1.1012E+02 -1.9980E+02
0007593   3.6512E+02 -9.7609E+01  1.2105E+02
0007594   2.0676E+02 -5.7232E+01  1.7453E+02
0007595   2.8251E+02  1.8319E+02 -9.8894E+00
0007596   3.3389E+02  5.0362E+01 -2.5186E+02
0007597   2.6207E+02 -1.3280E+02 -2.4266E+01
0007598   2.3354E+02 -8.2437E-01 -4.3848E+01
0007599   2.6207E+02 -1.6034E+02  7.3074E+00
0007600   2.6528E+02 -6.0256E+01 -3.1940E+01
0007602   4.0212E+02 -1.5874E+02  1.9447E+02
0007603   1.2119E+02 -8.8469E+01 -1.4667E+02
0007604   5.0636E+01  2.9620E+01  2.9750E+01
0007605   2.2936E+02 -4.7392E+00 -1.3725E+02
0007606   2.9272E+01  2.4921E+02  1.9642E+02
0007607   1.2937E+02  1.4882E+02 -2.1280E+02
0007608   2.4273E+02 -8.9868E+01 -1.1345E+02
0007609   2.6376E+02 -5.7560E+01  1.4337E+02
0007610   3.0751E+02 -1.5878E+01 -6.6834E+01
0007611   3.4954E+02 -2.7938E+02 -2.0210E+02
0007612   5.5644E+02 -1.5019E+02  2.0259E+01
0007613   1.9170E+02  7.7542E+01  7.6867E+01
0007614   5.8848E+01  9.7187E+00 -1.0416E+02
0007615   2.8503E+02 -7.3541E+01  1.0607E+02
0007616   4.3279E+02 -4.3025E+02 -1.4589E+02
0007617   4.0414E+02  3.1060E+01 -7.5397E+01
0007618   1.7162E+02  8.5049E+01  5.5811E+01
0007619   3.6567E+02 -9.9024E+01  1.4083E+02
0007620   1.7409E+02  7.4311E+01 -3.8748E+01
0007621   2.8076E+02  7.6791E+01 -1.4228E+02
0007622   2.1274E+02  1.0450E+02 -8.7745E+01
0007623   1.2462E+02  4.0839E+01 -1.5218E+02
0007624   3.3214E+02 -2.7654E+02 -9.5136E+01
0007625   5.4528E+02  2.2996E+02 -1.1929E+02
0007626   1.4315E+02 -4.3596E+01 -6.7010E+00
0007627   3.4198E+01  2.0642E+01  4.6242E+01
0007628   1.8757E+02 -7.6630E+01  9.3826E+01
0007629   9.2389E+01  1.5042E+02 -4.6349E+01
0007630   2.6738E+02  9.7541E+01  3.3057E+01
0007631   7.1375E+01 -7.3997E+01 -1.1870E+02
0007632   3.7962E+02  2.3817E+02 -2.8999E+02
0007633   1.7839E+02 -8.0559E+00  4.5552E+01
0007634   2.7043E+02 -4.2256E+01  1.2859E+02
0007635   4.0710E+02 -1.6347E+01 -2.1340E+02
0007636   5.0328E+02  1.7702E+02 -2.0009E+01
0007637   3.7082E+02 -1.7341E+02  4.9699E+01
0007638   3.8345E+02 -1.9176E+02 -1.1933E+02
0007639   2.0331E+02 -9.5641E+01 -4.1772E+01
0007640   3.7529E+02 -2.7971E+02  5.2617E+02
0007641   1.6515E+02 -2.8090E+01  5.6753E+01
0007642   3.8257E+02 -8.9957E+01  7.5261E+01
0007643   3.8221E+02  2.5645E+01 -3.6577E+02
0007644   1.1039E+02  1.6112E+02 -1.5427E+02
0007646   1.8380E+02 -6.2639E+01  3.4122E+01
0007647   2.7084E+02 -2.7606E+01 -1.2777E+01
0007648   3.1622E+02 -2.3685E+01 -1.4384E+02
0007649   5.2991E+02  6.9942E+01  3.9231E+01
0007650   2.2055E+02  6.2700E+01  3.4524E+01
0007651   2.4032E+02  9.2300E+01  1.8081E+00
0007652   3.3693E+02 -6.9250E+01  2.8903E+01
0007653   2.5378E+02 -3.1812E+02 -3.1790E+02
0007654   2.9164E+02  1.1660E+02  2.5269E+02
0007655   1.6791E+02  3.8790E+01 -7.2288E+01
0007656   8.1062E+01  1.6182E+00  1.7438E+01
0007657   2.3681E+02 -7.6329E+01  1.9809E+02
0007658   3.9794E+02  2.8364E+01 -5.8092E+01
0007659   1.3950E+02  9.4022E+01  4.3323E+01
0007660   1.4524E+02 -5.8329E+01  2.4280E+01
0007661   1.9761E+02  1.0762E+02  1.2646E+02
0007662   3.9823E+02 -6.0058E+01 -1.9141E+02
0007663   2.3831E+02  6.4179E+00  2.4250E+02
0007664   2.8539E+02 -1.4484E+02  1.3885E+02
0007665   1.8296E+02 -1.0290E+02  2.1923E+01
0007666   3.1142E+02 -8.8891E+01 -1.9207E+00
0007667   2.8140E+02 -3.0067E+00 -3.1274E+01
0007668   1.2468E+02  4.5332E+01 -1.8237E+01
0007669   3.5854E+02 -1.2259E+02  9.4746E+01
0007670   4.0101E+02 -1.9906E+02 -1.0384E+02
0007672   7.1819E+01  1.1038E+02  1.0953E+01
0007673   4.7964E+02 -1.1243E+01  2.7797E+00
0007674   2.7372E+02  6.8049E+01  2.4755E+01
0007675   3.0050E+02 -2.4733E+02 -1.3011E+02
0007676   7.6793E+01 -8.8777E+01  2.8794E+02
0007677   2.5375E+02  2.1471E+00  4.7898E+01
0007678   8.8569E+01  2.7311E+01  2.4767E+01
0007679   2.5188E+02  9.9248E+01  1.2333E+02
0007680   4.0481E+02 -1.5608E+02 -1.2081E+02
0007681   4.2832E+02  4.4135E+01 -1.3621E+02
0007682   2.5917E+02 -6.3398E+01  1.8403E+02
0007683   1.1468E+02  1.4106E+02 -2.5003E+02
0007684   2.2476E+02 -1.7964E+02  9.0690E+01
0007685   2.4462E+02 -8.3762E+01 -6.1480E+01
0007686   1.6031E+02  1.5717E+00 -3.9096E+01
0007687   1.9766E+02  1.4786E+02  1.1641E+02
0007688   3.3157E+02 -3.7772E+01 -1.2867E+02
0007689   2.2534E+02 -8.7512E+01 -1.0044E+02
0007690   2.3203E+02 -5.0001E+01  1.2001E+02
0007691   2.8384E+01 -3.5960E+02  1.4314E+02
0007692   5.2569E+02 -2.1668E+01  1.8988E+02
0007693   1.1095E+02  1.0007E+02  1.3497E+02
0007694   1.5102E+02  1.4387E+02 -7.8635E+00
0007695   1.7488E+02 -5.9913E+01 -5.0658E+01
0007696   1.8351E+02 -2.6919E+02 -1.5034E+02
0007697   3.1905E+02 -2.8294E+02  1.2637E+02
0007698   1.7921E+02  9.6756E+01 -2.0384E+00
0007699   2.5718E+02  2.5143E+01 -2.0846E+02
0007700   2.3657E+02  5.8224E+01  8.4009E+01
0007701   3.7129E+02  1.1969E+02 -6.1292E+01
0007702   1.8915E+02 -5.5171E+01  1.6222E+02
0007705   1.0604E+02 -2.9300E+01  3.5709E+01
0007706   3.0686E+02  1.4651E+02 -1.7719E+02
0007707   1.4548E+02  2.0581E+02  4.0750E+02
0007708   1.9083E+02  1.3232E+02  2.1780E+02
0007709   1.6738E+02  1.0037E+01 -9.8405E+01
0007710   1.5611E+02  1.0245E+02  9.4660E+01
0007711   1.3835E+02 -3.6278E+01  1.2829E+02
0007712   1.5471E+02 -9.4736E+01 -2.4227E+02
0007713   2.5628E+02 -1.2288E+02  4.0170E+01
0007715   2.0556E+02  2.0929E+02 -1.2432E+02
0007716   2.2350E+02  5.6299E+01 -2.6132E+02
0007717   5.1750E+02  3.2307E+00  2.0391E+01
0007718   5.2599E+02  2.3206E+01 -2.5593E+02
0007719   7.6190E+01 -1.2704E+02 -1.7292E+01
0007720   2.0760E+02  1.7451E+02 -5.6049E+01
0007721   4.2874E+02 -2.6346E+02 -1.5980E+02
0007723   2.6801E+02 -1.7584E+02 -1.3458E+02
0007724   1.0286E+02 -1.0144E+02 -3.3910E+00
0007725   2.7781E+02 -3.7948E+01  3.2069E+02
0007726   3.5630E+02 -1.7650E+02  1.3203E+02
0007727   3.3886E+02  6.7017E+01 -2.5751E+02
0007728   9.6986E+01 -9.7249E+01 -4.1384E+01
0007729   1.2407E+02  9.6785E+01  1.2876E+01
0007730   2.5465E+02 -1.2322E+02  1.4586E+02
0007731   3.7928E+02 -3.1460E-01 -3.2037E+01
0007732   1.7341E+02  9.7956E+01 -1.2558E+02
0007733   2.9377E+02 -3.0903E+01  1.0617E+02
0007734   4.5203E+02 -1.2657E+02  1.8430E+02
0007735   1.2587E+02 -2.9957E+02 -1.4913E+02
0007736   1.9380E+02 -2.7578E+01  1.9232E+02
0007737   8.1191E+02  4.2080E+01  8.5638E+01
0007738   4.6017E+02  1.3612E+02 -6.1355E+01
0007739   2.7362E+02 -1.0104E+02 -7.2245E+01
0007740   1.6123E+02  6.1002E+01  1.4420E+02
0007741   5.0681E+02  1.0246E+02  6.0573E+00
0007742   1.4051E+02 -8.6962E+01  6.8630E+01
0007743   4.2989E+02  8.4344E+01  7.2319E+01
0007744   1.0369E+02 -1.0614E+02 -2.7958E+01
0007745   5.4443E+02  4.0198E+01 -1.0353E+02
0007746   2.2724E+02 -1.0500E+01 -3.0554E+01
0007747   2.7036E+01 -1.5959E+01 -1.9037E+02
0007748   3.3610E+02 -6.1258E+00 -2.1884E+01
0007749   7.5905E+01 -8.6417E+01  1.0167E+02
0007750   3.7861E+02  1.2918E+02 -9.3168E+01
0007751   3.9043E+01  1.0923E+02 -4.2657E+01
0007752   1.5065E+02 -3.4713E+02 -1.1942E+02
0007753   4.7883E+01 -3.5204E+01  3.6506E+01
0007754   2.5656E+02 -9.5178E+01  1.4458E+02
0007755   3.3248E+02 -2.5578E+02 -6.2398E+01
0007756   1.3481E+02 -8.0543E+01 -3.3862E+01
0007757   3.9847E+02  1.0473E+02  5.9900E+01
0007758   1.7544E+02  1.9030E+01 -1.5267E+01
0007759   3.8875E+02 -1.5153E+02  1.4853E+02
0007760   2.6321E+02  1.9961E+02  1.6762E+02
0007761   3.0557E+02  1.3741E+02  1.4847E+01
0007762   2.2012E+02  7.5118E+01  3.1477E+01
0007763   1.3794E+02  5.7191E+01 -7.7747E+01
0007764   4.2350E+02  1.6600E+02 -1.3136E+02
0007765   1.7492E+02  2.3149E+02 -6.4168E+01
0007766   2.6596E+02  8.5100E+01 -2.9245E+02
0007767   1.5673E+02 -1.6912E+01 -1.3926E+02
0007768   2.2121E+02 -1.1156E+02 -6.1218E+01
0007769   3.6284E+02 -1.4603E+02  2.9307E+01
0007770   3.2512E+02 -5.3498E+01 -4.6244E+01
0007771   8.8645E+01 -3.9201E+01  1.0228E+02
0007772   3.1089E+02  6.9101E+01  5.0222E+01
0007773   2.9164E+02  5.9148E+01 -1.6669E+02
0007774   2.2570E+02  2.5470E+02  5.5539E+01
0007775   2.3311E+02 -2.0899E+02  1.4091E+00
0007776   1.7060E+02  8.7251E+01  4.1087E+01
0007777   1.1159E+02 -7.5841E+01  5.4232E+01
0007778   3.4599E+02 -3.4567E+02  1.1308E+01
0007779   1.3433E+02  5.8745E+01  5.9349E+01
0007780   2.8010E+02 -2.4154E+02 -3.9235E+02
0007781   3.5881E+02  2.5910E+02 -8.4403E+00
0007782   1.0737E+02  5.8134E-01  1.4648E+00
0007783   3.1371E+02 -2.0683E+02  1.1734E+01
0007784   1.8991E+02 -2.5031E+01 -3.4367E+01
0007785   1.5052E+02  4.9098E+01  3.5378E+01
0007786   3.3977E+02  2.4800E+02  6.7272E+01
0007787   5.0838E+02  2.6720E+01  1.4822E+02
0007788   3.3045E+02  9.2324E+01 -7.7632E+00
0007789   3.0654E+02 -5.5811E+01 -1.7723E+00
0007790   2.2798E+02  1.2438E+01 -2.3261E+01
0007791   3.6219E+02  2.1371E+02 -2.2157E+02
0007792   4.4172E+02 -2.2839E+02  3.0975E+02
0007794   5.1801E+02 -2.4052E+02  9.2527E+01
0007795   3.9674E+02  5.3952E+01 -1.6008E+02
0007796   2.4603E+02  7.2356E+01  1.7930E+02
0007797   4.3279E+02 -9.3313E+00  5.3609E+01
0007798   3.0329E+02  4.4969E+01 -2.0536E+02
0007799   3.2754E+02  1.0801E+02 -2.5047E+02
0007800   2.0698E+02 -8.9929E+01  1.1379E+02
0007801   4.6628E+02  2.6111E+01  2.9546E+01
0007802   5.6965E+01  1.2154E+02  7.9677E+01
0007803   1.5768E+02 -2.0506E+01 -8.9790E+01
0007804   1.2338E+02 -1.3082E+02 -8.8054E+00
0007805   2.2919E+02  1.6969E+02 -1.2646E+01
0007806   3.0089E+02  4.9641E+01  2.7354E+02
0007807   3.1959E+02  9.1867E+01 -1.3957E+02
0007808   4.0730E+02  1.7345E+02 -2.4855E+02
0007809   1.5537E+02 -6.8744E+01  1.0054E+02
0007810   1.7555E+02  2.2303E+02  1.1042E+02
0007812   1.6936E+02  9.6173E+01 -1.5511E+02
0007813   2.9754E+02 -4.3613E+02 -2.6333E+01
0007814   3.0842E+02  9.0702E+01  1.2698E+02
0007815   2.7107E+01  4.9853E+01 -2.6453E+01
0007816   2.6500E+02 -1.2830E+02  1.0155E+02
0007817   7.9145E+01  1.3144E+02 -4.5349E+01
0007818   2.1055E+02  2.4862E+02  8.7011E+01
0007819   1.2197E+02  1.9379E+02  2.1988E+02
0007820   3.5449E+02 -2.1971E+02 -1.2294E+01
0007821   2.0453E+02  3.1458E+01 -5.0097E+01
0007822   4.6246E+01 -2.6419E+02  1.6999E+01
0007823   3.0731E+02 -5.3348E+01  4.8291E+01
0007824   2.5565E+02  2.3191E+01  4.1128E+00
0007825   7.9148E+01 -1.2785E+02 -7.4345E+01
0007826   3.1319E+02 -2.0689E+02  6.0336E+01
0007827   1.5970E+02 -4.4463E+01 -1.0938E+02
0007828   2.7791E+02 -2.0699E+02 -3.1120E+02
0007830   1.3695E+02 -4.9547E+01  2.2214E+01
0007833   5.6498E+02  9.9771E+00  6.0300E+01
0007834   3.0556E+02 -1.4115E+01  2.2715E+02
0007835   7.9927E+01  1.5638E+02  2.9009E+01
0007836   1.9623E+02  1.4569E+02  9.4855E+01
0007837   9.0449E+01  6.2373E+01 -2.7817E+01
0007838   1.9077E+02 -1.7339E+01 -3.7749E+01
0007839   1.7182E+02  2.1819E+01  4.2295E+01
0007840   1.5144E+02 -1.5412E+02 -4.4545E+01
0007841   2.0001E+02 -1.2547E+01  1.2396E+02
0007842   2.2241E+02  5.9987E+01 -8.7156E+01
0007843   5.3103E+02 -2.4163E+02  1.1558E+02
0007844   1.2532E+02  1.7981E+02  1.2134E+02
0007845   3.4102E+02 -1.0947E+02  1.4598E+02
0007846   8.5819E+01  7.7547E+01 -4.2765E+01
0007847   3.7202E+02  6.1210E+01 -4.9478E+01
0007849   4.4925E+02 -2.8542E+01 -1.1500E+02
0007850   1.9020E+02 -4.7722E+01 -3.6058E+01
0007851   3.8071E+02  1.4763E+01 -3.2701E+01
0007852   2.9249E+02  1.0696E+02  9.3786E+01
0007853   3.8569E+02 -1.6330E+02 -6.3188E+01
0007854   2.7752E+02  6.1548E+01  3.4026E+02
0007855   4.8297E+02  3.9665E+02  4.7894E+00
0007856   9.4635E+01  2.5110E+02 -3.9672E+02
0007857   1.5612E+02 -9.1391E+01 -8.8611E+00
0007858   1.2935E+02 -5.2861E+01  8.3894E+01
0007859   5.0029E+02  2.7481E+01 -1.4048E-03
0007860   3.7944E+02 -7.6184E+01 -5.2996E+01
0007861   2.3728E+02  1.5746E+02 -2.1555E+02
0007862   3.1122E+02  2.3550E+02  9.1678E+01
0007863   1.2651E+02 -5.7219E+01  5.5122E+01
0007864   3.2533E+02  2.2147E+02  1.1653E+02
0007865   1.0719E+02 -2.9645E+02 -7.3870E+01
0007866   2.1870E+02  6.6402E+01  2.0593E+02
0007867   1.6960E+02 -7.2743E+01 -2.0096E+02
0007868   4.5197E+02 -3.1144E+01 -1.4101E+02
0007869   8.1657E+01 -1.5121E+01  1.4169E+01
0007871   2.2235E+02  7.6279E+01 -1.3381E+02
0007872   2.7419E+02 -9.7046E+01 -1.6218E+02
0007873   2.0085E+02 -8.9466E+01  3.9336E+01
0007874   3.5231E+02 -7.4741E+01 -2.0604E+02
0007875   4.2740E+02 -1.3288E+02 -2.1484E+02
0007876   3.0770E+02 -6.3705E+01 -1.6072E+02
0007877   2.0001E+02 -1.9581E+01 -1.2357E+02
0007878   2.7800E+02  9.0768E+01  9.9430E+01
0007879   2.3355E+02  6.2667E+01 -1.7084E+02
0007880   1.2988E+02 -4.6824E+02 -2.4127E+02
0007881   1.3322E+02 -9.5399E+01  1.0597E+02
0007882   1.0079E+02 -7.3507E+01  5.9665E+01
0007883   2.0003E+02  1.0914E+02  2.6233E+01
0007884   2.2610E+02 -5.5090E+00  2.2540E+02
0007885   1.9305E+02 -5.2739E+00  1.5048E+02
0007886   3.1263E+02  3.5675E+01  1.4180E+01
0007887   3.4521E+02  4.9825E+01  1.3894E+02
0007888   1.0222E+02 -1.2270E+02 -7.4537E+00
0007889   2.7479E+02 -1.5739E+02 -5.0078E+00
0007890   2.3411E+02 -3.5560E+01  1.4686E+02
0007891   6.3509E+01  3.2338E+01 -7.6929E+01
0007892   2.0770E+02 -1.9577E+02 -3.0321E+02
0007893   1.9196E+02  1.9260E+02  2.1536E+02
0007894   2.6312E+02  9.4348E+00  1.5147E+02
0007895   2.9011E+02  1.9963E+01  4.0649E+00
0007896   2.3216E+02 -1.5857E+02 -8.6400E+01
0007897   1.6956E+02 -1.0696E+01  8.5905E+01
0007898   1.6961E+02 -2.1898E+02 -8.6758E+01
0007899   4.3377E+02 -4.8843E+01  3.5063E+02
0007900   7.5552E+01  5.5481E+01 -1.5471E+01
0007901   5.9561E+02  3.6388E+02 -1.7889E+02
0007902   4.9105E+02 -4.3118E+01  3.0693E+02
0007903   7.6794E+01 -9.7785E+01 -3.0012E+02
0007904   2.0210E+02  2.5531E+02 -2.2381E+02
0007905   1.6658E+02 -9.5311E+01  7.6518E+01
0007906   1.9564E+02  5.8729E+01  3.6825E+02
0007907   1.4844E+02  2.7084E+00 -6.9655E+01
0007908   4.6666E+02 -9.2895E+01  7.2382E+01
0007909   1.8571E+02  2.4457E+02 -9.5615E+01
0007910   4.0002E+02  3.8873E+02 -1.8128E+02
0007911   2.0962E+02 -7.0676E+01 -2.7659E+01
0007912   1.6666E+02  7.5708E+01  6.7042E+01
0007913   2.0171E+02 -1.8304E+02 -2.3022E+01
0007915   4.7393E+01 -7.6958E+00 -2.1673E+00
0007916   1.1026E+02  5.0957E+01  1.6535E+02
0007917   2.2449E+02 -3.5238E+01  6.5014E+01
0007918   1.7961E+02 -2.3323E+02  1.4541E+02
0007919   1.0498E+02 -3.8267E+01 -2.9698E+01
0007920   3.9340E+02  2.3439E+02  1.1437E+01
0007921   3.0492E+02 -7.7146E+01  1.0261E+02
0007922   4.2166E+02 -2.4790E+02  9.7840E+01
0007923   2.3643E+02  1.3183E+02  4.4178E+01
0007924   2.6065E+02 -6.5640E+01 -3.2811E+02
0007925   3.1505E+02  2.0813E+02  1.6309E+02
0007926   1.1545E+02 -9.4501E+01 -4.4120E+01
0007927   1.2540E+02  4.6754E+01  6.3962E+01
0007928   7.3244E+01  9.9851E+01  1.3663E+02
0007929   3.2694E+02  2.3587E+02 -1.1521E+02
0007930   2.1422E+02 -2.9632E+01  6.3279E+01
0007931   3.5355E+02 -1.8788E+02  2.1188E+01
0007932   5.9353E+01 -1.2838E+02  2.5316E+01
0007933   3.3641E+02  5.9893E+01  1.9281E+02
0007934   1.5995E+02 -4.2179E+00  3.5260E+00
0007935   8.1983E+01 -7.8184E+01  3.5682E+01
0007936   1.8242E+02  9.9484E+01 -3.1247E+01
0007937   1.5211E+02 -7.7389E+01  1.3517E+02
0007938   1.6451E+02  1.7239E+02 -1.0178E+02
0007939   4.9688E+01  5.5336E+00 -1.9125E+01
0007940   1.4601E+02  1.2275E+02 -8.6821E+01
0007941   2.7834E+02 -6.9385E+01 -1.0676E+02
0007942   2.3936E+02  1.7334E+02  5.2099E+01
0007943   9.7129E+01 -5.5002E+00 -3.2531E+01
0007944   3.7223E+02  8.7741E+01  1.6404E+02
0007945   7.1425E+02 -8.7719E+00  1.7406E+02
0007946   1.8082E+02  1.1837E+02 -1.5301E+02
0007947   1.4008E+02 -8.1132E+01 -7.7830E+01
0007948   1.8361E+02  8.1328E+01 -1.2652E+01
0007949   1.8542E+02 -9.5002E+01  2.1277E+02
0007950   4.4040E+02  6.3891E+01  2.9572E+02
0007951   4.0077E+02 -8.8157E+01 -2.0048E+02
0007952   9.5016E+01  9.9371E+00  1.5282E+02
0007953   1.7778E+02  7.0041E+01 -8.6274E+01
0007954   2.9935E+02 -3.0767E+01  1.7970E+02
0007955   3.6014E+02  1.8272E+02  1.3744E+02
0007956   2.0489E+02 -2.1284E+02 -2.0513E+02
0007958   2.7819E+02  3.3097E+01  3.9189E+01
0007959   5.5492E+02 -1.6376E+02 -3.5466E+01
0007960   4.2180E+02  6.5207E+01 -2.0586E+01
0007961   5.4187E+01  3.9086E+01  3.8703E+01
0007962   3.5696E+02 -8.0176E+01 -4.5445E+01
0007963   3.0297E+02 -1.9581E+02  1.3260E+02
0007964   5.4360E+02 -1.9273E+01 -1.4256E+02
0007965   1.7662E+02 -1.9597E+02 -1.6818E+02
0007966   8.0152E+01 -5.4797E+01 -8.8445E+00
0007967   8.8339E+01  6.7615E+01 -3.5104E+01
0007968   2.9798E+02  5.4071E+01  1.6265E+02
0007969   2.6656E+02  1.2834E+01  1.8804E+02
0007970   6.8108E+02  3.3729E+02  1.1448E+02
0007971   2.4166E+02  5.7370E+01 -8.2623E+01
0007972   2.8636E+02  7.6472E+01  2.2409E+02
0007973   1.5537E+02 -6.0476E+00  2.4892E+01
0007974   9.2250E+01 -2.7392E+01 -1.0395E+01
0007975   2.9707E+02  3.0247E+01 -3.0037E+01
0007976   1.9070E+02 -4.9676E+01  1.1386E+02
0007977   4.4766E+02 -1.2620E+02  1.8306E+02
0007978   7.9709E+01 -8.3251E+00 -6.0496E+01
0007979   8.9341E+01  1.3808E+01 -3.9653E+01
0007980   7.3109E+01  1.3183E+02  2.7426E+01
0007981   3.0222E+02 -7.9227E+01 -1.4476E+02
0007982   1.1575E+02  7.2224E+01  3.4791E+00
0007983   3.0796E+02 -3.4114E+01 -2.5902E+02
0007984   3.5219E+01  5.2677E+02  2.1477E+02
0007985   2.4291E+02 -5.3203E+01  4.0963E+01
0007986   3.0274E+02  3.2661E+02  2.9747E+02
0007987   3.5876E+02 -1.2926E+02 -1.8222E+02
0007988   1.5761E+02 -4.2112E+01  1.5359E+02
0007989   1.6752E+02 -6.4253E+01 -5.2228E+01
0007990   2.3926E+02 -3.8581E+02 -1.5189E+02
0007991   3.8852E+02 -6.5512E+01 -1.8677E+02
0007992   4.1833E+02 -1.2527E+02 -1.4717E+02
0007994   1.0768E+02 -1.0819E+02 -1.5928E+01
0007995   3.2383E+02 -1.0018E+02  2.8905E+01
0007996   1.9269E+02 -9.9530E+01  8.0551E+01
0007997   4.0025E+02 -4.9770E+01 -9.2197E+01
0007998   1.7616E+02  5.8472E+01  1.3684E+02
0007999   1.7638E+02 -2.5889E+01 -1.3279E+02
0008000   1.7756E+02 -3.0387E+01  9.2223E+01
0008001   1.6375E+02 -1.7200E+02  2.8274E+02
0008002   1.1377E+02  2.4400E+01  2.7583E+02
0008003   2.5104E+02 -6.8884E+01 -6.6979E+01
0008004   2.2947E+02 -7.8765E+01 -2.3520E+02
0008005   2.2188E+02 -7.4340E+01  2.2515E+01
0008006   2.5723E+02  1.8755E+02  4.4279E+01
0008007   3.1094E+02 -3.0615E+02  2.8801E+01
0008008   2.5496E+02  4.7012E+01  2.2996E+01
0008009   6.9608E+01 -2.7336E+02  1.3050E+02
0008010   1.9618E+02  2.4141E+02  1.1603E+02
0008011   4.4136E+02  7.6870E+01 -1.4579E+02
0008012   3.2903E+02 -1.3375E+01  4.2570E+01
0008013   3.8984E+02  1.5495E+02 -3.4590E+01
0008014   5.8536E+02  5.1413E+01 -3.8726E+02
0008015   4.7569E+02 -1.7888E+01 -1.1090E+02
0008017   2.9375E+02 -1.4583E+02  1.6991E+02
0008018   4.2046E+02  6.5614E+01  4.9305E+01
0008019   2.1249E+02  3.5550E+01 -4.6700E+01
0008020   4.5937E+01  7.4065E+01  1.0495E+02
0008021   2.0384E+02  8.0420E+01  4.0152E+01
0008022   4.2222E+02 -9.4633E+01 -2.0695E+02
0008023   1.3396E+02  7.5976E+01  2.1587E+02
0008024   1.8589E+02  1.4811E+02  2.7035E+01
0008025   1.5389E+02  2.0313E+01 -1.3932E+02
0008026   1.4341E+02  7.4273E+00  7.9112E+00
0008027   3.1243E+02 -1.0542E+02 -8.2886E+01
0008028   2.7517E+02  1.8216E+02  4.5417E+01
0008029   2.2675E+02 -2.1033E+02  4.3738E+00
0008030   2.1193E+02  7.2804E+01  9.9156E+01
0008031   3.3752E+02  2.2980E+02 -1.2697E+02
0008032   1.6864E+02  1.4499E+01 -4.7545E+01
0008033   2.7746E+02 -8.8254E+01  6.3071E+01
0008034   2.3171E+02  1.7592E+02  6.0842E+01
0008035   1.5503E+02  2.7309E+01  1.2525E+02
0008036   3.0815E+02  3.1210E+02 -1.2523E+01
0008037   2.9211E+02 -7.5734E+01 -1.1340E+02
0008038   3.9545E+02  9.4441E+01 -1.0591E+01
0008039   4.0223E+02 -1.0032E+02 -5.4424E+01
0008040   2.8124E+02  5.8555E+01  6.8932E+01
0008041   1.8817E+02  1.1873E+02 -2.1180E+01
0008042   6.1686E+01 -8.6839E+01  3.4696E+01
0008043   2.4697E+02 -2.5051E+02  1.4080E+02
0008044   2.5044E+02 -8.7551E+00  1.1979E+02
0008045   2.6942E+02 -4.9735E+00 -1.0023E+02
0008046   4.8223E+01  4.9291E+01 -3.1629E+02
0008047   1.9050E+02 -1.2724E+01 -7.1120E+01
0008048   4.3724E+01 -3.4466E+01 -2.5038E+02
0008049   5.4299E+02  2.9122E+00 -1.8966E+00
0008050   3.3419E+02 -1.3625E+02  8.4254E+01
0008051   2.7658E+02  3.6200E+01  6.5358E+01
0008052   9.4416E+01 -2.9084E+02 -4.6704E+02
0008053   2.0466E+02  9.2287E+01 -1.2950E+02
0008054   2.2791E+02  4.1195E+01 -5.2993E+02
0008055   2.9717E+02  1.6286E+02 -2.1011E+01
0008056   4.7012E+02  2.3248E+02  2.1167E+02
0008057   3.9280E+01 -4.3066E+01  2.0718E+01
0008058   5.9139E+02  2.3112E+02  9.4686E+01
0008059   3.8577E+02 -9.1401E+01 -6.0946E+01
0008060   3.8965E+02 -2.6613E+02  3.6943E+01
0008061   4.3403E+02  8.4217E+01 -3.3501E+01
0008063   1.6595E+02 -3.0299E+01  1.5504E+01
0008064   2.6805E+02 -1.2357E+02  1.3769E+02
0008065   1.2379E+02  3.5322E+01  5.8525E+01
0008066   7.6696E+01 -6.3189E+01  1.1500E+02
0008067   6.2451E+01 -1.8289E+02  2.1544E+01
0008068   2.9494E+02  2.7799E+00  1.9075E+01
0008069   2.2202E+02 -1.3273E+02  6.7864E+01
0008070   4.4263E+02 -1.6521E+02  1.7309E+01
0008071   1.3087E+02  1.1122E+02  2.3212E+00
0008072   6.3736E+01 -7.4125E+01  2.0648E+01
0008074   2.3073E+02  7.5022E+01  5.3621E+01
0008075   4.0080E+02 -2.6015E+01  3.8814E+00
0008076   5.1756E+02  3.3698E+02 -4.2050E+01
0008077   1.8138E+02  1.2533E+02 -2.2938E+02
0008078   4.8673E+02 -1.0537E+02 -3.6859E+01
0008079   5.4740E+02  1.2589E+02 -1.1804E+02
0008080   1.6154E+02  9.8598E+00 -3.9159E+01
0008082   2.3213E+02  4.6032E+01  2.6871E+02
0008084   2.4205E+02 -1.4943E+02 -9.9657E+01
0008085   2.7695E+02 -9.7245E+01  8.5171E+01
0008086   3.3739E+02  1.1358E+02 -1.8615E+01
0008088   9.4167E+01 -1.1573E+02 -2.5002E+02
0008089   1.2515E+02  1.5048E+02  4.3080E+01
0008090   3.3745E+02  3.7261E+01 -2.2522E+02
0008091   2.6332E+02 -5.5029E+01 -1.4703E+02
0008092   6.9576E+01 -3.0151E+00  9.5397E+00
0008093   1.6158E+02 -1.6671E+02 -1.2622E+02
0008094   2.5685E+02  4.4231E+01 -8.9458E+01
0008095   2.1107E+02 -9.0061E+01 -5.5113E+01
0008096   3.3990E+02 -1.8448E+01  1.1864E+02
0008097   2.3031E+02 -2.0039E+01  1.3354E+02
0008098   1.2608E+02  9.4809E+01  2.9494E+02
0008099   2.1450E+02 -1.5264E+02  1.3289E+02
0008100   1.5267E+02  5.8619E+01 -3.6241E+01
0008101   4.0756E+02 -6.7990E+01 -1.2769E+01
0008103   3.7865E+02  2.6770E+02  2.9509E+01
0008104   2.1312E+02 -1.1699E+02  1.1592E+02
0008105   3.9246E+02 -1.4293E+02  8.2484E+01
0008106   1.0315E+02 -4.6528E+01 -3.9064E+01
0008107   1.4017E+02 -1.5731E+01  2.4291E+02
0008108   2.2759E+02 -1.4100E+02 -1.1642E+02
0008109   4.5738E+02  9.2326E-01 -1.5730E+01
0008110   2.8557E+02 -1.3138E+01  3.3537E+02
0008111   2.9695E+02 -1.6135E+02  2.4098E+02
0008112   1.2955E+02 -1.3702E+02  1.3172E+02
0008113   2.2553E+02 -2.7716E+01  1.3049E+02
0008114   1.3554E+02 -9.1073E+01 -1.3357E+02
0008115   3.3874E+01  2.4375E+00 -9.7208E+01
0008116   1.5055E+02 -1.5499E+01  2.0196E+02
0008117   4.3652E+02 -2.9320E+00 -2.2150E+02
0008118   3.3190E+02  3.3126E+01  1.3018E+02
0008119   5.8909E+02 -1.0085E+02 -2.3687E+00
0008120   1.9454E+02  1.2050E+02  5.0228E+00
0008121   1.1419E+02  1.5895E+02 -3.0582E+00
0008122   2.3628E+02  4.6824E+00 -2.6772E+01
0008124   4.1937E+02  6.6835E+01 -2.1001E+00
0008125   1.8403E+02 -4.3873E+01  4.8343E+01
0008126   2.0359E+02  1.5952E+02 -1.1860E+02
0008127   2.7217E+02  3.0359E+01  6.5624E+01
0008128   2.7302E+02  2.0154E+02  1.0178E+02
0008129   3.4022E+02 -1.1275E+02 -5.6287E+01
0008130   2.0507E+02  1.3530E+02  6.3539E+01
0008131   2.1144E+02  3.3726E+02 -6.3008E+01
0008133   2.4443E+02 -1.3596E+02 -5.6668E+01
0008134   3.7912E+02  1.0364E+00 -1.4836E+02
0008135   3.1743E+02  4.6671E+00  1.3937E+02
0008136   1.2145E+02 -3.1171E+02  3.3520E+01
0008137   1.7977E+02  1.5945E+00  3.7036E+01
0008138   1.4269E+02 -1.4293E+02  1.8361E+02
0008139   5.6275E+01 -6.9200E+01  2.1178E+00
0008140   2.2424E+02  8.1010E+01  1.5301E+02
0008141   4.9128E+02 -7.4182E+01 -2.0071E+01
0008142   2.0591E+02 -4.7960E+01  1.2129E+02
0008143   2.3845E+02  5.1638E+01  9.2474E+01
0008144   3.5099E+02 -1.2019E+02  7.1002E+00
0008145   2.9743E+02  2.3867E+02  2.1987E+00
0008146   3.2407E+02  2.7811E+01 -1.7863E+02
0008147   2.3571E+02  1.3929E+01 -5.7242E+01
0008149   2.7284E+02  2.5013E+02 -1.1565E+02
0008150   2.8991E+02 -2.8244E+00 -1.8597E+01
0008151   1.2458E+02 -1.2262E+01  1.3030E+02
0008152   8.7034E+01 -1.8072E+02 -2.0632E+01
0008153   2.8131E+02  9.8626E+01  1.0012E+02
0008154   3.5491E+01 -1.6578E+02 -1.6579E+02
0008155   2.3352E+02 -2.5260E+02  1.9658E+02
0008156   2.4982E+02 -1.7929E+02  1.0722E+01
0008157   1.2362E+02 -6.6687E+01  5.0220E+01
0008158   5.5152E+02  1.8955E+02  2.5344E+01
0008159   2.6346E+02  5.4720E+01  8.8765E+01
0008160   1.2412E+02  1.3944E+01  8.3941E+01
0008161   1.5320E+02 -1.4573E+01  2.3007E+02
0008162   1.2863E+02 -5.9287E+00 -5.7760E+01
0008163   3.2120E+02  2.3055E+02 -1.4719E+02
0008164   1.9691E+02  1.7460E+02 -2.2296E+02
0008165   2.1024E+02 -3.0136E+02  3.6044E+01
0008166   1.9348E+02  5.4099E+01 -2.7714E+02
0008167   2.0089E+02  1.7007E+02 -2.7286E+01
0008168   3.4364E+02 -4.1453E+01 -5.5686E+01
0008169   4.5031E+02  2.7779E+02  2.1453E+02
0008170   1.3032E+02  2.0967E+02  4.4581E+01
0008171   2.4090E+02 -4.8066E+01  5.1392E+00
0008172   2.4959E+02  2.3277E+01 -1.3495E+02
0008173   2.8395E+02 -1.4808E+02  1.0087E+00
0008174   6.0856E+02 -2.1839E+01  1.6867E+01
0008175   4.6793E+02  1.7945E+02 -2.9898E+01
0008176   1.9293E+02  1.1697E+02 -7.1534E+01
0008177   2.5475E+02  4.4870E+01 -2.6297E+01
0008178   3.5376E+01 -5.0031E+01  3.0368E+01
0008179   1.4341E+02  9.6612E+01 -6.1421E+01
0008180   5.3950E+02  2.0890E+01 -1.5425E+02
0008181   4.6271E+02  2.4520E+02 -7.7082E+01
0008182   4.7397E+02  9.2954E+01 -3.6451E+02
0008183   3.0491E+02 -1.8019E+02  3.6458E+01
0008184   2.3383E+02  1.8890E+02 -9.3723E+01
0008185   1.5220E+02  7.8786E+01  7.3351E+01
0008186   5.9679E+02 -1.6342E+02 -8.7314E+01
0008187   4.6123E+02 -1.4279E+02 -5.1901E+01
0008188   4.0978E+01 -1.1887E+02 -1.3968E+02
0008189   1.0820E+02  2.7461E+02 -1.4029E+02
0008190   3.8754E+01  1.2786E+02  1.7448E+01
0008191   3.7295E+02  3.1359E+01  1.1373E+02
0008192   2.8686E+01 -4.4486E+00 -2.3888E+00
0008193   9.6839E+01 -1.2044E+02  1.1032E+02
0008194   5.3728E+02 -1.0817E+02  1.6299E+02
0008195   3.2707E+02  1.8114E+02 -2.1925E+02
0008196   2.6169E+02 -1.5264E+02 -2.4130E+02
0008197   9.8966E+01 -1.2349E+02  1.4055E+02
0008198   2.8350E+02 -1.3884E+02 -6.3246E+01
0008199   2.7297E+02  1.1760E+02 -3.8301E+01
0008200   6.7058E+01 -2.7979E+02 -1.9629E+02
0008201   1.4253E+02 -7.4038E+01  7.3181E+01
0008202   3.6801E+01  1.5659E+02 -7.5215E+01
0008203   5.4190E+01 -4.7028E+01 -2.7930E+01
0008204   1.0049E+02  3.7336E+01 -2.3428E+01
0008206   1.2507E+02  2.8121E+02 -1.0132E+02
0008207   4.5750E+02  1.1555E+02  1.3090E+02
0008208   2.5359E+02  1.0054E+02  3.1747E+02
0008209   5.7893E+02  2.8156E+02  2.8931E+02
0008210   4.0849E+02  1.1225E+02  5.6490E+01
0008211   2.3380E+02  1.8804E+02  1.5143E+02
0008212   7.5835E+01  2.3384E+02 -1.3576E+02
0008213   3.1335E+02 -1.3380E+02  9.3106E+01
0008214   3.0716E+02  2.2757E+02 -6.2710E+01
0008215   3.5454E+02  3.1442E+02  2.0176E+01
0008216   1.5826E+02  1.9381E+02  9.3081E+01
0008217   3.9533E+02 -1.6077E+02 -2.5237E+01
0008218   2.6570E+02  1.5047E+02 -1.0062E+02
0008219   2.6673E+02  1.9494E+02  6.0608E+01
0008220   1.9621E+02  1.3414E+02  7.7015E+01
0008221   3.5763E+02  3.7031E+02  1.5485E+01
0008222   2.8292E+02  3.9180E+01  9.1724E+01
0008223   2.6662E+02 -7.8255E+01 -8.3332E+01
0008224   2.5977E+02  5.9595E+00  2.6619E+01
0008225   8.5856E+01 -3.8224E+02 -1.7799E+02
0008226   1.2761E+02 -9.8438E+01 -1.9670E+02
0008227   1.3593E+02 -1.0000E+02 -1.2711E+02
0008228   3.5990E+02 -1.1424E+02  1.9104E+02
0008229   4.7488E+02  2.2463E+02  1.0470E+02
0008230   3.3743E+02  3.2973E+00 -1.2487E+02
0008231   4.1532E+02  1.8441E+02 -1.0291E+02
0008232   2.5070E+02  1.6349E+02  7.1636E+01
0008233   2.4698E+02  3.6917E+02  1.5016E+01
0008234   1.9122E+02 -8.8955E+01  8.3211E+01
0008235   1.6518E+02 -1.2281E+02 -1.7915E+02
0008236   1.5858E+02 -2.7850E+01 -1.1539E+02
0008237   2.8536E+02  7.7386E+01  1.3105E+01
0008238   4.5473E+02  2.5742E+02 -1.5745E+02
0008239   2.3054E+02 -1.5373E+02 -8.5367E+01
0008240   7.2250E+01 -8.6143E+01 -6.4607E+01
0008241   2.6414E+02 -6.1055E+00 -5.4743E+01
0008242   2.3520E+02  9.6805E+01  1.2125E+02
0008243   1.8610E+02  2.0334E+01 -1.0491E+01
0008244   1.5400E+02  1.7936E+02 -4.7973E+01
0008246   3.5050E+02  2.2253E+02  2.5416E+01
0008247   2.9683E+02 -3.9224E+01 -1.8269E+01
0008248   1.9175E+02 -2.2987E+02  1.5590E+02
0008249   9.2818E+01  4.3822E+01  7.0104E+00
0008250   4.1493E+02 -2.5935E+02 -1.2576E+02
0008251   5.2242E+02  6.0955E+01 -1.4817E+02
0008252   2.0191E+02 -2.0747E+02  8.9655E+01
0008253   3.3837E+02  1.1162E+02 -2.2212E-01
0008254   1.9242E+02  6.9992E+01 -4.9010E+01
0008255   2.4481E+02  1.0080E+02  2.2548E+02
0008256   2.9070E+02  3.1301E+02 -2.2220E+02
0008257   1.2281E+02 -1.5392E+02 -8.0220E+01
0008258   3.2470E+02  4.6685E+01  3.0278E+00
0008259   3.7673E+02  5.2569E+01  7.4739E+01
0008260   2.7935E+02  2.6485E+02 -2.0387E+02
0008261   3.1395E+02  1.1108E+02 -1.7046E+02
0008262   5.2746E+02 -2.1059E+01  3.6248E+01
0008263   3.9589E+02  1.0333E+02  2.2590E+02
0008264   1.3209E+02 -1.3358E+02 -3.6102E+02
0008265   2.1770E+02 -1.6277E+02 -6.6899E+01
0008266   2.8586E+01 -9.4894E+00 -8.2321E+00
0008267   4.0304E+02 -1.5301E+02 -2.2155E+02
0008269   3.2419E+02  9.2827E+01  2.8141E+02
0008270   3.5102E+02 -1.6995E+01 -1.5196E+02
0008271   1.6116E+02 -7.8590E+01  1.7510E+02
0008272   8.6132E+01  8.1243E+00 -4.4919E+01
0008273   2.6945E+02  8.3318E+01  1.6160E+02
0008274   3.9180E+02 -1.2698E+02  1.9734E+02
0008275   3.2241E+02 -1.7606E+02  9.4578E+01
0008276   5.8313E+01 -7.8401E+01  1.6014E+02
0008277   4.9767E+02 -3.5365E+02  1.9970E+02
0008278   2.1039E+02  2.7370E+01  2.7332E+01
0008279   1.6647E+02  1.9310E+02 -1.2045E+02
0008280   2.7798E+02 -8.4072E+01 -1.3007E+02
0008281   3.8153E+02  6.1711E+01  1.8656E+01
0008282   2.2327E+02 -8.0199E+01  4.7970E+01
0008283   2.3648E+02 -3.2724E+01  1.8420E+02
0008284   3.4403E+02  5.0794E+01 -6.7877E+01
0008285   2.9847E+02 -6.8464E+00 -1.7266E+02
0008286   3.6303E+02 -8.4852E+01 -3.1968E+02
0008287   2.4242E+02 -9.0303E+01 -1.2623E+02
0008289   3.4202E+02 -3.9256E+02  3.0686E+01
0008290   2.9609E+02  4.1014E+01  2.1002E+01
0008291   2.0515E+02 -8.9995E+01  5.0732E+01
0008293   6.9947E+01  4.3128E+02  5.8803E+01
0008294   1.3189E+02 -1.4206E+02 -1.3442E+01
0008295   2.9678E+02 -1.0889E+02 -2.1044E+01
0008296   2.4855E+02 -9.4410E+01  2.7442E+02
0008297   3.7112E+02 -1.9597E+02  5.7495E+01
0008298   2.5943E+02  1.3396E+01  1.6668E+00
0008299   6.0305E+02  2.6476E+01 -3.4320E+02
0008300   1.0775E+02 -3.5153E+01  1.4668E+02
0008301   2.1058E+02  5.9396E+01  2.9781E+02
0008302   6.8617E+01  6.2431E+01  2.9881E+01
0008304   3.0846E+02  3.9930E+01 -5.3068E-01
0008305   3.2713E+02 -1.6358E+01  8.9185E+01
0008307   1.3861E+02 -4.4956E+01 -7.0307E+01
0008308   1.5285E+01  3.4589E+01  1.2126E+01
0008309   1.8377E+02  4.7166E+01 -2.6529E+01
0008310   2.9152E+02 -6.3068E+01 -2.1055E+02
0008311   5.5374E+02  3.0971E+02  4.6950E+01
0008312   1.9770E+02  1.3672E+01  3.4601E+01
0008313   3.7851E+02  1.8256E+02  1.9450E+02
0008314   6.5436E+01  1.0970E+02 -2.4318E+02
0008315   2.3247E+02 -1.0976E+02  1.7175E+02
0008316   3.8348E+02 -1.4314E+02 -3.0273E+01
0008317   2.7873E+02  6.7499E+01 -5.6267E+01
0008318   1.6041E+02  1.3961E+02 -6.4980E+01
0008319   2.1625E+02 -9.1470E+01  2.4513E+02
0008320   1.9406E+01  3.2750E+02 -1.1501E+02
0008321   2.9338E+02 -3.0800E+01 -1.4654E+01
0008322   3.2463E+02  6.0508E+01  1.0543E+02
0008323   2.0823E+02 -1.0452E+02 -1.8982E+02
0008324   2.6667E+02  2.2343E+02 -1.3481E+02
0008325   2.3707E+02  7.0376E+01  1.0588E+02
0008326   1.2048E+02  1.5320E+01  1.1931E+01
0008327   2.1009E+02 -2.3979E+01 -1.0859E+02
0008328   3.1434E+01 -3.7164E+01 -1.0475E+02
0008329   3.6190E+01  6.8877E+00 -7.3070E+01
0008330   2.9921E+02 -1.7645E+02 -1.5667E+02
0008331   1.6405E+02  1.4473E+02  1.4804E+02
0008332   1.5765E+02  8.1864E+01  1.3930E+01
0008333   1.7317E+02 -1.9764E+02  1.1757E+02
0008334   4.8489E+02 -1.2311E+02 -1.1176E+02
0008335   2.3296E+02  1.6468E+02 -1.4076E+02
0008336   5.4627E+02  5.1947E+01 -2.3800E+02
0008337   2.0339E+02  2.8188E+02  4.1312E+01
0008338   6.3433E+01  9.7265E+00  1.9596E+02
0008339   1.9376E+02  4.1660E+02 -9.1175E+00
0008340   1.7136E+02 -2.3605E+01 -1.3336E+01
0008341   2.6634E+02 -1.9066E+02 -5.1266E+01
0008342   2.4666E+02 -1.7306E+02 -7.7851E+01
0008343   1.2901E+02  9.6369E+01 -1.7108E+02
0008344   3.1583E+02  5.7086E+01  9.5240E+01
0008345   2.9363E+02  2.8865E+01  1.1768E+02
0008346   3.2999E+02 -4.4385E+02  7.2305E+01
0008347   4.1744E+02  2.6705E+02  1.9085E+02
0008348   3.7835E+02  1.0394E+01  4.1644E+01
0008349   4.4980E+02  1.1448E+02 -1.5383E+02
0008350   1.1423E+02  1.8690E+01  3.8371E+01
0008351   4.7871E+02  1.8496E+02  1.2456E+02
0008352   1.5154E+02 -4.9581E+01 -5.2491E+01
0008353   1.3512E+02  9.5350E+01  7.9769E+01
0008354   2.2856E+02  1.9538E+01  1.7645E+01
0008355   1.8906E+02 -1.5109E+01  2.5602E+01
0008356   4.0442E+02  1.0027E+02  1.5111E+02
0008357   1.8513E+02 -2.3183E+02  4.4448E+02
0008358   5.1613E+02 -5.2053E+01  8.2531E+01
0008359   2.3585E+02 -1.4566E+02 -1.9888E+02
0008360   4.3848E+02 -9.6581E+01 -1.2995E+02
0008361   2.9716E+02  7.0438E+01  1.3703E+02
0008362   1.4602E+02  8.0874E+01 -4.7064E+01
0008363   1.7342E+02 -4.2271E+01 -1.6193E+01
0008364   2.3845E+02 -1.3564E+02 -2.2287E+02
0008365   1.9953E+02  1.2317E+01  1.7386E+01
0008366   1.4513E+02  5.3344E+01 -1.2608E+02
0008367   1.7619E+02  1.0820E+02  2.0042E+02
0008368   1.1012E+02 -2.0123E+01  1.0467E+02
0008369   4.9326E+02 -2.8861E+02 -1.2840E+02
0008370   5.0476E+02 -4.2704E+01 -3.8516E+01
0008371   3.3930E+02  7.3479E-01 -5.2059E+01
0008372   3.8829E+02  1.8295E+02  1.9604E+02
0008373   2.7830E+02  1.5320E+02  3.2431E+01
0008374   3.3329E+02 -1.5309E+02  3.9282E+01
0008375   2.3106E+02  4.7619E+01  1.8358E+02
0008376   3.0200E+02  1.3741E+02  2.6859E+02
0008377   1.2059E+02 -7.2525E+00  1.2409E+02
0008378   1.3642E+02  4.9505E+00  6.2384E+01
0008379   1.2891E+02  6.0825E+01 -6.6229E+01
0008380   2.7917E+02  1.5129E+02 -1.1766E+02
0008381   4.3087E+02 -1.0006E+02  8.8741E+01
0008382   1.0184E+02  1.0406E+02 -2.4394E+01
0008383   1.1145E+02 -2.3252E+02 -7.2061E+01
0008384   3.8984E+02  9.1545E+01  6.0844E+01
0008385   2.2621E+02 -2.2858E+01 -2.5727E+02
0008386   1.6209E+02 -2.3484E+02 -1.2220E+02
0008388   3.5288E+02 -7.5926E+00  5.8975E+01
0008389   9.6482E+01 -2.2769E+01 -3.5306E+01
0008390   3.5915E+02  1.0253E+02 -2.4553E+02
0008391   2.4538E+02 -1.9988E+01 -9.6781E+01
0008392   1.2720E+02  2.4162E+02  9.9863E+01
0008393   8.2666E+01  7.2182E+00 -3.3359E+01
0008394   1.6094E+02  7.7152E+01 -1.7331E+02
0008395   2.9585E+02 -9.7582E+01  5.7174E+01
0008396   5.4571E+02  1.5496E+02 -1.9354E+02
0008397   1.2773E+02  1.6201E+02 -3.0086E+02
0008398   2.0752E+02  1.8772E+02  2.1883E+01
0008399   3.4754E+02 -1.1693E+02 -9.3583E+01
0008400   3.4776E+02 -6.0794E+01 -6.4411E+00
0008401   3.2441E+02 -1.1557E+01 -1.2642E+02
0008402   3.0657E+02  3.5254E+02 -1.0745E+02
0008403   1.4375E+02 -2.5677E+02  3.4512E+02
0008404   4.5421E+02  1.3031E+02  2.2830E+02
0008405   2.3662E+02  1.4161E+02 -4.3491E+01
0008406   2.0201E+02  1.0759E+02 -5.7124E+01
0008407   2.8997E+02 -1.1429E+01  9.7155E+01
0008408   5.4638E+01  6.2203E+01 -1.5041E+02
0008409   4.0283E+02  1.0662E+02  1.7327E+02
0008410   1.0965E+02 -3.3567E+00 -1.7852E+01
0008412   1.1018E+02 -1.8016E+02 -4.9934E+01
0008413   1.1889E+02 -7.2901E-01 -3.4632E+01
0008414   4.6942E+02  1.4615E+02 -1.8914E+02
0008415   3.5738E+02  1.2830E+02  1.3107E+02
0008416   3.0624E+02  2.4729E-01  1.2681E+01
0008417   2.9989E+02 -2.4688E+02 -1.3456E+02
0008418   2.8162E+02 -7.0971E+01  7.5149E+01
0008419   3.6947E+02  5.7257E+01  1.4220E+02
0008420   2.9649E+02  5.8530E+01  1.1732E+02
0008421   6.3884E+01  3.4721E+01  1.7198E+02
0008422   2.3578E+02 -6.3093E+01 -2.0878E+01
0008424   1.6813E+02 -2.6009E+02  2.6868E+02
0008425   2.9856E+02 -2.2801E+02 -3.9307E+02
0008426   1.3193E+02 -1.8076E+02  2.4630E+01
0008427   2.5357E+02  2.8799E+02 -3.3219E+02
0008428   1.2575E+02 -2.1149E+01  1.6317E+02
0008430   2.3240E+02 -8.0262E+01 -1.1992E+02
0008431   2.9843E+02  1.0855E+02  2.0167E-01
0008433   1.9259E+02  1.3939E+01 -1.9495E+01
0008434   1.8058E+02  4.3215E+00  3.5335E+01
0008435   1.2148E+02 -2.6923E+02  6.4729E+01
0008436   2.4948E+02 -2.9693E+02 -1.7695E+02
0008437   4.8132E+02 -7.4081E+01 -4.7838E+01
0008438   1.0757E+02  1.5951E+01 -5.3754E+01
0008439   3.2434E+02 -1.1222E+02  6.7530E+01
0008440   1.4864E+01 -1.0837E+01 -3.7100E+01
0008441   1.5550E+02 -4.8692E+01 -1.6843E+01
0008442   1.5565E+02  3.4200E+00 -3.1324E+01
0008443   1.3914E+02 -3.2213E+01  2.0684E+01
0008444   1.2470E+02  2.2772E+02 -2.8779E+02
0008445   3.0300E+02 -7.5941E+01  1.5341E+02
0008447   5.3718E+01 -1.1263E+02 -4.8518E+01
0008448   5.5052E+02  1.5740E+02 -1.0051E+02
0008449   4.5948E+02  8.5347E+01  9.2597E+01
0008450   5.6027E+01 -1.0417E+01  6.1760E+01
0008451   1.9070E+02 -1.2911E+02 -8.1962E+00
0008452   4.7830E+02 -2.9482E+02 -1.3903E+01
0008453   2.7101E+02  1.3381E+02  1.5311E+01
0008454   1.8082E+02  5.6691E+01 -2.3937E+02
0008455   1.4854E+02  2.9015E+01 -1.9161E+00
0008456   2.4038E+02  5.9797E+01 -6.0174E+01
0008457   3.7017E+02 -1.0287E+02  3.9383E+00
0008458   1.6439E+02  1.3522E+02 -1.5334E+02
0008459   2.9548E+02 -9.9522E+01 -7.9078E+01
0008460   1.2878E+02  9.6000E+01 -3.5911E+01
0008461   1.2763E+02 -1.0437E+02  2.7301E+02
0008462   3.9601E+02  1.0810E+02 -2.6708E+01
0008463   4.0127E+01 -1.3267E+02 -2.7930E+02
0008464   3.7011E+02 -2.2649E+02  6.6379E+01
0008465   4.0830E+02  1.6236E+02  1.4089E+02
0008466   3.4356E+02 -1.0637E+02  2.4785E+02
0008467   4.0140E+02  2.0566E+02 -3.5496E+01
0008468   3.0651E+02  1.4288E+01  1.7967E+02
0008469   2.6359E+02 -3.1772E+02  9.8266E+00
0008470   2.6364E+02 -1.0786E+02  5.5379E+01
0008471   2.1042E+02 -1.6471E+02 -1.3503E+02
0008472   3.8304E+02  6.6790E+01  8.0248E+01
0008473   4.8136E+02 -4.4451E+02  1.9949E+01
0008474   5.4322E+02  4.1126E+01  2.8927E+02
0008475   3.0102E+01  8.2568E+01 -2.3701E+02
0008476   3.6324E+02  6.0989E+01 -3.8984E+02
0008477   2.5104E+02  8.9454E+00 -2.1458E+02
0008478   3.0537E+02 -9.2405E+01 -2.9621E+02
0008479   1.8786E+02  5.9474E+01 -3.6509E+01
0008480   1.9022E+02  1.9935E+02 -1.6172E+02
0008481   2.4537E+02  2.0669E+01 -8.6389E+00
0008482   1.0460E+02 -1.0733E+02 -2.1885E+01
0008483   2.0137E+02 -2.5811E+01  4.4405E+01
0008484   3.9987E+02 -1.4410E+01 -6.8479E+01
0008485   5.9127E+02 -1.2553E+02  2.1198E+02
0008486   2.6424E+02  7.6827E+01  2.8356E+01
0008488   2.6912E+01 -1.1371E+01 -9.1973E+00
0008489   1.9488E+02  7.1752E+01 -2.1777E+02
0008490   1.6239E+02 -4.2908E+01 -1.2806E+02
0008491   3.2115E+02 -1.2356E+02 -9.1864E+01
0008492   3.3783E+02  4.4471E+01  6.4630E+01
0008493   1.8059E+02 -7.3374E+01 -5.7467E+01
0008494   2.6458E+02 -5.3039E+01  2.6161E+01
0008495   3.6457E+02  4.6163E+02  6.9556E+01
0008497   2.3224E+02  1.0701E+02 -1.5718E+02
0008498   5.0076E+01  7.2492E+00  3.2165E+01
0008499   6.2162E+01  1.7700E+02  4.5464E+02
0008500   2.4437E+02 -1.4107E+02 -1.5121E+02
0008501   3.6320E+02  4.0367E+01  1.5333E+02
0008502   6.4242E+02  4.8320E+01 -2.6395E+02
0008503   3.9657E+01  1.6411E+02  9.7314E+01
0008504   2.8749E+02  4.6216E+01 -3.0158E+01
0008505   1.3165E+02 -1.3678E+02  1.3923E+01
0008506   2.9330E+02  1.9340E+02  9.2956E+01
0008507   1.1493E+02 -1.1872E+02 -6.1256E+01
0008509   1.0327E+02  5.0761E+01 -5.3750E+01
0008510   4.8053E+01 -2.5560E+02 -1.5595E+02
0008511   2.4581E+02 -1.5595E+02  3.0300E+02
0008512   1.8364E+02 -1.4129E+02  5.3734E+01
0008513   2.4224E+02  7.1397E+01 -9.9106E+01
0008514   1.5774E+02 -2.7585E+02  1.5267E+02
0008515   2.0758E+02  3.2870E+01  6.0590E+01
0008516   3.8265E+02 -1.9097E+02 -3.9792E+01
0008517   2.3599E+02  9.4150E+01  9.6126E+01
0008518   3.5045E+02  1.3697E+02  1.6751E+01
0008519   2.3818E+02  1.4827E+02  1.7674E+02
0008520   4.5635E+02  7.9208E+01  9.4375E+01
0008521   1.3643E+02 -5.8416E+01  5.6494E+01
0008522   1.8335E+02 -4.6483E+02  1.3961E+02
0008523   4.1137E+01 -2.1376E+01 -6.2087E+01
0008524   1.9242E+02 -4.4393E+01 -1.1286E+02
0008525   9.9398E+01  1.9982E+02 -2.1203E+02
0008526   2.5543E+02  4.0455E+01  5.4866E+01
0008527   1.9294E+02  7.4127E+01  1.7995E+02
0008528   1.4114E+02  9.7529E+01 -9.4489E+01
0008529   2.4569E+02 -4.5609E+01 -1.0575E+02
0008531   1.5753E+02 -8.6516E+01  1.0347E+02
0008532   1.7289E+02  5.5279E+01  1.0162E+02
0008533   2.7303E+02  3.5398E+00  1.1376E+01
0008534   7.3906E+01  1.7083E+02  1.2307E+02
0008535   2.5337E+02 -1.0120E+01  2.1338E+01
0008536   3.5414E+02  1.5922E+02  1.7527E+02
0008537   4.4137E+02  2.1096E+02  4.5207E-01
0008538   4.4315E+02 -2.9705E+02 -5.3645E-01
0008539   9.2903E+01 -1.8779E+01  2.2597E+02
0008540   5.9939E+02  1.1130E+02 -1.4264E+02
0008541   2.2951E+02 -6.0991E+00  2.6138E+01
0008542   4.7257E+02 -2.1034E+02  4.5009E+01
0008543   3.7503E+02 -7.6658E+01 -4.8239E+01
0008544   1.7292E+02  1.4438E+01  8.4357E+01
0008545   4.1091E+02  8.7747E+01 -1.7242E+02
0008546   1.8470E+02 -1.5280E+02 -1.9097E+02
0008547   1.4908E+02 -2.5973E+01 -1.0039E+01
0008548   4.3013E+02 -1.7441E+02 -3.8759E+01
0008550   4.3577E+02  5.5761E+01 -2.5772E+02
0008551   8.4236E+01  2.5328E+01  5.2588E+01
0008552   2.5856E+02 -5.4233E+01  5.1953E+01
0008554   2.5734E+02  2.9798E+02 -1.6766E+02
0008555   4.2501E+02  8.4616E+00  2.9841E+01
0008556   1.5889E+02  1.5142E+02 -2.0489E+02
0008557   4.7653E+02 -9.6180E+00 -8.6506E+01
0008558   3.6485E+02  3.3287E+01  1.2182E+02
0008559   6.3356E+01 -1.1721E+02 -1.3173E+02
0008560   3.5199E+02 -3.1731E+01 -2.3174E+02
0008561   1.0080E+02 -1.0244E+01  3.3164E+02
0008562   2.9611E+02  2.5866E+02  1.2644E+02
0008563   3.5868E+02  8.8388E+01  1.4008E+02
0008564   7.6660E+01 -1.0422E+02  7.2574E+01
0008565   8.4484E+01  3.2089E+01  4.0452E+01
0008566   1.3792E+02  1.9999E+02 -9.7738E+01
0008567   2.8292E+02  6.8014E+01 -3.4040E+01
0008568   2.7638E+02 -1.5256E+02 -9.4879E+01
0008569   4.4779E+02  4.0002E+01  1.5183E+02
0008570   1.8082E+02 -7.5074E+01  7.8487E+01
0008571   1.9469E+02  6.8385E+01 -1.1440E+02
0008572   1.3288E+02 -1.6425E+02  9.7742E+00
0008573   9.4318E+01  1.9589E+01  1.1655E+02
0008574   5.6083E+01 -8.5635E+01 -5.2040E+01
0008575   4.7236E+02  2.0969E+02  7.2753E+01
0008576   5.9634E+02  6.9756E+01 -1.6468E+02
0008577   4.1023E+02  1.6257E+02 -5.9813E+01
0008578   2.7916E+02  1.5390E+02  2.6033E+01
0008579   3.5677E+01 -7.4717E+01  4.5817E+00
0008580   3.5415E+02  2.0531E+01 -5.6978E+01
0008581   4.9217E+02 -2.3119E+01 -4.0137E+01
0008582   2.5904E+02  5.8639E+01  2.4939E+01
0008583   4.0551E+02  2.4643E+02 -5.8615E+01
0008584   3.4592E+02 -2.8732E+01 -2.5017E+01
0008585   2.4423E+02 -3.3672E+01  8.4330E+01
0008587   1.7205E+02 -3.6376E+01 -5.1040E+00
0008588   2.4124E+02  1.2196E+02 -3.4967E+01
0008589   2.9078E+02  2.8226E+01  7.8853E+01
0008590   4.2248E+02  4.0605E+01 -1.9231E+02
0008591   4.6583E+02 -1.5630E+02  5.7505E+01
0008592   7.9983E+01  9.5435E+01 -2.3290E+00
0008593   3.9435E+02  3.5282E+02  2.2055E+02
0008594   1.4399E+02 -3.4176E+01  1.5600E+02
0008595   5.3091E+02  2.0494E+01  7.4079E+01
0008596   2.0721E+02 -9.6139E+01  3.1559E+01
0008597   2.6947E+02  6.8422E+01 -8.7997E+01
0008598   2.6748E+02 -5.7882E+01 -5.7625E+00
0008599   1.7413E+02 -2.5482E+01  3.8205E+02
0008600   4.1051E+02 -5.6655E+01 -1.5882E+02
0008601   2.3001E+02  1.5954E+01  2.0718E+01
0008602   3.4598E+02  3.5384E+02 -1.5225E+02
0008603   2.2658E+02  1.7552E+02  5.4152E+01
0008604   1.2222E+02 -7.8555E+01  9.5036E+01
0008605   2.2587E+02 -7.4443E+01 -8.9104E+00
0008606   1.0054E+02  1.1224E+02  1.3765E+01
0008607   2.8736E+02 -9.1597E+01  1.0875E+02
0008608   9.8707E+01 -1.5951E+02  1.6506E+02
0008609   4.4511E+01  2.7216E+01 -1.1722E+02
0008610   4.5130E+02 -6.7834E+01  7.5602E+01
0008611   2.0421E+02 -5.1453E+01  1.1598E+02
0008612   4.8078E+02  8.7085E+01 -5.3226E+01
0008613   1.7762E+01  1.0532E+02  4.9026E+01
0008614   3.8425E+02  6.6236E+01  2.9024E+02
0008615   2.2338E+02 -7.0443E+01 -1.1530E+02
0008616   4.2714E+02  1.2740E+02 -5.7772E+01
0008617   1.3009E+02  1.4381E+02 -7.1152E+01
0008618   1.6983E+02 -9.3144E+00 -2.0301E+02
0008619   3.0886E+02  5.4522E+01 -6.8547E+01
0008620   4.4296E+02 -2.0809E+02  1.8593E+02
0008621   3.1573E+02  3.4392E+02  1.0781E+02
0008622   7.0382E+01 -1.9990E+02  6.8254E+01
0008623   3.0512E+02  9.5403E+01 -4.0992E+01
0008624   1.8145E+02  1.2209E+02 -1.5010E+02
0008625   2.0496E+02 -5.5642E+01 -1.6220E+02
0008627   2.4936E+02  1.1203E+02  1.9525E+02
0008628   6.0665E+01  1.3962E+02 -1.4167E+02
0008631   2.9842E+02  3.6403E+02  3.2330E+02
0008632   3.8427E+02  7.1868E+01  2.1716E+02
0008633   3.9608E+02  9.8355E+01  4.1881E+02
0008634   1.2359E+02 -1.4549E+02 -1.4403E+02
0008636   5.8373E+02 -3.3011E+01  2.1941E+02
0008637   3.5869E+02  5.9614E+01  1.3784E+02
0008638   4.8945E+02 -2.2006E+02 -5.1742E+01
0008639   8.5057E+01  5.9573E+01  1.2728E+01
0008640   8.0924E+01  3.7317E+00 -2.5445E+01
0008641   1.1737E+02 -2.1843E+00  3.3589E+01
0008642   4.5368E+02  2.1782E+02 -3.2405E+02
0008643   2.6008E+02  3.2027E+01  1.2528E+02
0008644   2.7785E+02  3.0401E+01 -4.2146E+01
0008645   2.9426E+02 -1.7961E+02  1.3626E+02
0008646   1.1201E+02 -6.8667E+01  1.0898E+01
0008647   4.0317E+02 -1.7193E+02 -4.9113E+01
0008648   1.5382E+02  1.0752E+02  1.5258E+02
0008649   2.6562E+02  1.6982E+02  4.4947E+01
0008650   4.2337E+02 -1.0883E+02  5.7628E+01
0008651   4.6002E+02 -1.6677E+02 -2.0513E+01
0008652   1.5346E+02  2.6218E+01 -1.8053E+02
0008653   1.1166E+02  2.9107E+02 -2.3093E+02
0008655   3.7132E+02 -5.5104E+01  2.0315E+02
0008656   4.4927E+02  4.5903E+02  2.2117E+02
0008657   4.5127E+02  3.6835E+01  3.1772E+01
0008658   1.9790E+01  6.1346E+01  6.4703E+01
0008659   2.9016E+02 -7.4607E-01  1.7483E+01
0008660   2.3368E+02  8.5795E+01  1.0913E+02
0008661   2.4432E+02  1.7895E+02 -7.6619E+01
0008662   2.4419E+02  1.0140E+01  1.1170E+02
0008663   3.0555E+02  2.0543E+02 -2.4528E+01
0008664   3.4461E+02  5.0352E+01 -6.5473E+01
0008665   3.4739E+01 -1.2477E+02  2.0417E+01
0008666   2.8534E+02  2.2779E+02 -3.2911E+01
0008667   1.4480E+02  5.6643E-02  7.0717E+01
0008668   3.9411E+02 -3.2081E+02  1.1406E+02
0008669   4.5190E+02  1.4197E+02  2.6264E+02
0008670   5.8237E+02  3.6525E+01  3.4343E+01
0008671   1.6187E+02 -2.6760E+01  5.7856E+01
0008672   1.9022E+02 -9.4235E+01 -8.8246E+01
0008673   1.7280E+02  1.6272E+02 -2.0499E+01
0008674   3.1963E+02 -5.9560E+01  1.0988E+02
0008675   3.6827E+02 -1.3315E+02  1.4857E+02
0008676   1.4556E+02  1.4961E+02 -7.5664E+01
0008677   1.6932E+02  1.8295E+01 -6.0883E+01
0008678   2.1711E+02 -2.1392E+01  1.8692E+00
0008679   8.3489E+01  4.6017E+00  2.7583E+01
0008680   3.1677E+02 -6.8023E+01  5.3759E+01
0008681   2.6332E+02  7.5252E+01  2.5182E+01
0008682   3.6393E+02 -1.6609E+02 -2.1219E+02
0008683   2.6624E+02  9.6973E+01  2.4578E+02
0008684   1.6494E+00 -1.0916E+02  1.6168E+02
0008685   1.2399E+02 -1.0826E+02  2.1548E+01
0008686   8.4328E+01 -5.5427E+01  1.1520E+01
0008687   2.1677E+02  7.0472E+01  1.3361E+02
0008688   4.0141E+02 -9.1698E+01  2.1697E+01
0008689   3.5963E+02 -3.2458E+02  3.1925E+01
0008690   3.4178E+02 -1.2002E+02 -2.3934E+02
0008691   1.6717E+02  2.0068E+02 -7.5854E+01
0008692   3.1163E+02  1.8378E+02  2.0799E+02
0008693   3.5425E+02 -9.1725E+01  7.6545E+01
0008694   6.2369E+02  4.8490E+00 -8.7203E+01
0008695   2.0709E+02  7.6827E+01  1.8186E+02
0008696   1.9186E+02 -6.3832E+01  9.1286E+01
0008697   5.4169E+02  3.0756E+02 -2.5324E+02
0008698   5.5804E+02  9.3719E+00  1.3048E+02
0008699   4.0470E+02 -1.2625E+02 -1.3631E+02
0008700   3.4302E+02  1.1335E+01 -5.7602E+01
0008701   3.1363E+02  1.2384E+02 -1.6077E+02
0008702   1.9615E+02 -1.7830E+02  2.3160E+02
0008703   1.1080E+02 -3.0173E+01 -1.7928E+02
0008704   1.0006E+02  8.3275E+00 -6.3204E+01
0008705   3.3233E+02 -3.6802E+01  6.2848E+01
0008706   3.4665E+02  1.1857E+02 -1.1962E+02
0008707   6.2119E+01  3.2464E+01 -3.8411E+00
0008708   1.7304E+02 -5.1198E+01 -5.7519E+01
0008709   1.0716E+02  9.5985E+01  1.6083E+02
0008710   2.6207E+02  1.6385E+02  2.2384E+02
0008711   3.1003E+02 -2.2980E+02 -1.1099E+02
0008712   2.0536E+02 -4.6001E+01  1.3773E+02
0008713   1.8968E+02 -2.6594E+02  9.8820E+01
0008714   1.8030E+02 -5.3472E+01 -1.3814E+02
0008715   1.3196E+02 -1.9988E+02  2.4592E+01
0008717   2.8949E+02  6.4458E-01  9.2907E+01
0008718   4.4996E+02  1.0924E+01  1.4708E+02
0008719   2.7697E+02  1.7075E+02  7.7451E+01
0008720   2.8935E+02 -1.2816E+01 -1.7158E+02
0008721   4.5595E+02 -3.2569E+02 -6.3294E+01
0008722   2.5779E+02 -6.4231E+00  6.3566E+01
0008723   3.0405E+02 -6.9081E+01 -3.6465E+00
0008724   2.9990E+02 -1.5016E+02  2.3291E+02
0008725   2.6311E+02  1.8122E+02 -6.1789E+01
0008726   9.1365E+01 -2.9721E+01 -3.3115E+01
0008727   4.4966E+02  6.2687E+01 -1.2298E+02
0008728   1.8691E+02 -2.3991E+02  5.8555E+01
0008730   3.1268E+02 -2.0343E+02 -1.2938E+02
0008731   2.0078E+02  7.0048E+01 -4.8454E+01
0008732   3.0263E+02  1.8835E+02  1.0369E+02
0008733   8.2149E+01  1.0654E+02  7.4792E+01
0008734   2.5588E+02  9.7877E+01 -1.1624E+02
0008735   1.4565E+02 -3.4299E+01 -8.3664E+01
0008736   3.3801E+02 -2.0813E+02  1.6537E+02
0008737   9.8360E+01 -4.1910E+01 -9.2032E+00
0008738   1.2226E+02 -3.0464E+01  2.1063E+02
0008739   4.8918E+01 -2.1252E+01 -4.7157E+00
0008740   2.9978E+02 -1.3421E+02 -1.0544E+02
0008741   2.5348E+02  7.1237E+01 -2.0808E+02
0008742   1.8243E+02 -1.7189E+02 -4.0738E+02
0008743   3.2463E+02 -8.2476E+01 -1.1878E+02
0008744   3.4238E+02  2.1268E+02  1.0283E+02
0008745   1.4453E+02 -1.2370E+02 -1.0016E+02
0008746   2.2652E+02  2.6724E+01  3.1096E+01
0008747   2.1602E+02  7.0077E+01  1.2530E+02
0008748   1.4464E+02 -1.0392E+02  4.1256E+01
0008749   1.9643E+02 -1.6005E+02  7.5817E+01
0008750   3.3239E+02  9.8576E+01  4.9284E+01
0008751   2.1280E+02 -1.6273E+01 -1.8891E+02
0008752   1.5600E+02  7.1317E+01 -5.0426E+01
0008753   2.2896E+02  1.0513E+02 -1.8938E+02
0008754   3.4526E+02  1.2478E+02 -6.6875E+01
0008755   3.8902E+02 -6.2341E+01 -3.7558E+01
0008756   2.2620E+02  7.1779E+01 -2.9919E+02
0008757   3.5902E+02 -3.0043E+02  1.4465E+02
0008758   5.5351E+02 -2.4341E+02 -7.8215E+01
0008760   4.0135E+02  2.3934E+01  1.2353E+01
0008761   3.6850E+02 -1.8624E+02  2.0105E+02
0008762   1.0233E+02  9.1732E+01 -1.4452E+02
0008763   3.0273E+02 -1.3991E+02 -2.6690E+02
0008764   3.0596E+02  7.9090E+01 -1.3242E+02
0008765   4.7944E+01  1.6996E+01 -4.8605E+01
0008766   9.7598E+01  4.1761E+01  1.9555E+01
0008767   2.1776E+02 -7.2366E+00  2.0948E+02
0008768   2.9614E+02 -1.0621E+02 -3.2349E+02
0008769   4.4250E+02 -1.4412E+02  2.1071E+02
0008770   1.8642E+02 -9.4498E+01 -8.5743E+01
0008771   2.4481E+02  2.2483E+00  7.8296E+01
0008772   4.9734E+02 -9.2103E+01  1.4287E+02
0008773   4.1127E+02  6.8321E+00 -5.8006E+01
0008774   1.1524E+02 -9.9730E+01 -2.7591E+01
0008775   3.3948E+02 -1.2081E+01  4.7635E+01
0008776   2.1843E+02 -1.2262E+02 -9.9755E+00
0008777   7.3621E+01 -4.3200E+01  1.3112E+02
0008778   1.2611E+02 -2.6287E+02  4.0664E+02
0008779   3.0371E+02 -1.8564E+02  5.9945E+01
0008780   2.7389E+02 -2.1930E+02  8.9541E+01
0008781   1.8015E+02  1.2963E+02 -2.9348E+02
0008782   1.7460E+02  2.0228E+02  1.6842E+02
0008783   2.7841E+02 -7.0201E-01  6.7097E+01
0008784   2.0090E+02 -7.5626E+01  3.2537E+01
0008785   4.7537E+02 -1.5692E+02 -5.6427E+01
0008786   1.5243E+02 -1.2950E+02 -1.5101E+01
0008787   1.8081E+02 -4.8506E+01 -4.0015E+01
0008788   2.6115E+02 -2.4261E+02  6.8927E+01
0008789   3.3624E+02  2.4180E+02  3.2971E+02
0008790   2.7405E+02 -4.1728E+01 -1.6118E+02
0008792   2.1047E+02 -1.5452E+02  7.3622E+01
0008793   6.4407E+02 -9.3317E+01 -1.4829E+02
0008794   8.5358E+01 -3.1999E+01 -1.1523E+02
0008795   4.2991E+02 -1.5866E+02 -1.4947E+02
0008796   2.6095E+02  3.4302E+01 -7.3216E+01
0008797   4.6975E+02 -1.2214E+02  2.8514E+01
0008798   3.2734E+02 -1.3022E+02 -1.9708E+02
0008799   2.7914E+02  3.4922E+02 -2.8183E+02
0008800   6.5324E+01 -4.0515E+01 -1.8514E+02
0008802   2.8049E+02  1.3337E+02  3.0662E+00
0008803   4.0264E+02  1.1954E+02  9.1901E+01
0008804   3.4447E+02  1.4402E+02 -3.5435E+01
0008805   3.1220E+02  1.3654E+02  2.1747E+01
0008806   1.8901E+02  8.5628E+01 -5.7819E+01
0008807   1.5015E+02  1.0504E+02  1.3142E+02
0008808   4.5557E+02 -4.1051E+02  2.3120E+02
0008809   6.5827E+02 -2.2888E+01  1.1686E+02
0008810   4.8807E+02  1.4152E+02  1.1242E+02
0008811   1.8021E+02  5.0655E+01 -5.1025E+01
0008812   4.1055E+02  1.2974E+02 -2.1103E+02
0008813   4.7351E+02 -1.8283E+02 -3.3492E+02
0008814   4.2732E+02  1.5120E+02  1.5990E+01
0008815   3.0484E+02  1.2476E+02 -1.2285E+02
0008817   3.3814E+02  1.9243E+02 -8.1489E+01
0008818   8.5188E+01  7.6823E+01  2.3271E+01
0008819   3.6996E+02  1.8830E+02  1.0512E+02
0008820   3.6780E+02  5.4961E+00 -2.2879E+02
0008821   1.5999E+02  1.3547E+02  1.4355E+02
0008822   1.2808E+02 -6.7317E+01 -1.6253E+02
0008823   1.9541E+02  3.1655E+01  6.8718E+01
0008824   1.5290E+02 -8.6460E+01  2.0872E+01
0008825   5.5002E+02  3.2470E+02  5.4303E+01
0008826   2.3218E+02 -1.4068E+02 -1.7802E+02
0008827   4.3792E+02 -1.7497E+01 -5.2165E+01
0008828   3.7634E+02 -1.0517E+02 -1.0706E+01
0008829   2.2264E+02  1.1904E+02  1.4462E+02
0008831   1.2751E+02  1.4935E+01  7.0935E+01
0008832   5.5265E+02  5.8118E+01 -3.4757E+01
0008833   3.2386E+02 -1.4685E+02  2.5639E+02
0008834   1.0512E+02 -6.4090E+01  3.2549E+01
0008835   3.9514E+02  1.2224E+02  1.0760E+02
0008836   2.5047E+02  2.3621E+02  1.6010E+02
0008837   1.4499E+02  2.1528E+01  2.9645E+01
0008838   2.4347E+02  1.7427E+02 -5.0280E+01
0008839   1.6729E+02  3.7759E+01  2.1963E+02
0008840   1.3436E+02  2.3046E+01 -6.9763E+01
0008842   4.4702E+02  8.2341E+01  5.1564E+01
0008843   4.4375E+02 -2.0254E+02  3.8307E+00
0008844   3.3070E+02  1.5854E+02 -4.8260E+01
0008845   2.9683E+02 -1.3642E+01 -4.8221E+01
0008846   2.7286E+02 -8.2783E+01 -8.8704E+01
0008847   2.1726E+02 -9.2014E+01 -1.2968E+02
0008848   3.4946E+02 -2.6206E+02  2.1466E+01
0008849   2.8685E+02 -2.0541E+02 -2.3509E+02
0008850   4.8742E+02  1.8475E+02 -7.1467E+00
0008851   2.5670E+02 -1.4248E+02  2.1230E+02
0008852   6.7411E+01  7.1097E+01  1.6256E+02
0008853   1.6987E+02 -9.8277E+01 -5.2791E+01
0008854   2.4258E+02 -5.1975E+01 -1.9677E+02
0008855   1.7851E+02 -1.4824E+01 -7.1615E+01
0008856   5.0959E+02  6.0897E+01  2.4003E+02
0008857   2.8391E+02 -4.1451E+01 -7.6530E+01
0008858   2.4357E+02  1.4683E+02  1.4910E+02
0008859   3.8515E+01  1.4695E+02 -7.6918E+01
0008860   2.5752E+02 -3.0625E+01  8.1970E+01
0008861   2.0043E+02 -5.5736E+01 -8.9367E+01
0008862   3.5632E+02 -2.2106E+01  4.7564E+01
0008863   5.0460E+01 -1.5557E+02  8.5087E+01
0008864   6.4812E+02  3.8518E+01  1.8153E+02
0008865   2.7797E+02  1.6096E+02  9.7882E+01
0008866   2.3727E+02  1.1438E+02  5.6674E+01
0008867   1.0004E+02  7.1231E+01 -5.0417E+01
0008868   2.8943E+02  9.5492E+00 -1.5002E+02
0008869   2.5590E+02 -3.0424E+02  4.7403E+00
0008870   9.9308E+01  2.2884E+01  5.0475E+01
0008871   4.2516E+02  7.1033E+00 -2.0747E+02
0008872   3.1563E+02 -2.3505E+02 -2.6321E+01
0008873   4.2738E+02 -1.1594E+02  5.5647E+01
0008874   3.0961E+02 -6.2995E+01  1.8996E+02
0008875   5.7260E+01 -5.4713E+01  1.0088E+02
0008876   5.4336E+02  5.5683E+01 -1.2180E+02
0008877   2.9861E+02 -2.4063E+02  2.7561E+00
0008878   3.9807E+02  1.3656E+02 -1.3523E+02
0008879   1.5811E+02 -1.5060E+02  1.0637E+02
0008880   1.1117E+02 -2.2157E+02  2.7288E+02
0008881   8.0986E+01 -5.3758E+01  1.8259E+02
0008882   1.4260E+02  2.8590E+02 -6.1377E+01
0008883   2.1452E+02 -3.9566E+01  6.0447E+01
0008884   1.2297E+02  4.0105E+01  3.6818E+01
0008885   3.5880E+01 -8.7038E+01  1.1174E+01
0008886   2.0191E+02  2.3055E+02 -2.6953E+02
0008887   1.5151E+02  6.9530E+00  2.4971E+01
0008888   2.4541E+02 -9.3226E+01  4.2098E+02
0008889   1.5702E+02 -1.6908E+02  2.9401E+01
0008890   1.8490E+02  1.0489E+02  2.2241E+01
0008891   2.0151E+02  1.4517E+01 -1.0066E+01
0008892   2.3600E+02  1.3990E+02  3.3459E+01
0008893   2.5005E+02  7.4995E+01 -2.7784E+01
0008894   7.6215E+01  3.1667E+01  1.2335E+02
0008895   2.2412E+02 -1.2266E+02 -6.3887E+01
0008896   6.1287E+02  8.2705E+01 -1.4025E+02
0008897   2.6219E+02  1.4140E+02  3.2775E+02
0008898   1.5554E+02  7.7039E+01 -7.5089E+01
0008899   4.0147E+02  1.2566E+02 -2.0423E+02
0008900   4.0210E+02  2.3880E-01  2.2383E+02
0008901   7.6354E+01 -9.3252E+01 -8.9171E+01
0008902   1.5831E+02 -2.2006E+01  9.3480E+01
0008903   3.4837E+02  2.6758E+02 -5.8449E+01
0008904   4.1952E+02 -2.2268E+02  4.8829E+01
0008905   3.4733E+02  1.2519E+00 -7.2735E+01
0008907   4.8464E+02  6.5828E+01  1.4906E+02
0008909   1.8825E+02  3.3942E+01  1.8464E+01
0008912   7.0816E+02  7.1652E+01 -1.3614E+02
0008913   9.7744E+01  4.6657E+01  4.1950E+02
0008914   3.1878E+02  1.5608E+02  7.0974E+01
0008915   1.7363E+01  2.6978E+01 -3.0937E+01
0008916   4.1063E+02  4.8807E+01 -1.4687E+02
0008917   3.0343E+02  1.4216E+02  2.0093E+02
0008918   1.2945E+02 -6.8387E+00  1.1110E+01
0008919   3.0040E+02 -4.6686E+01  5.8209E+01
0008920   2.2092E+02  8.7169E+01  8.1012E+01
0008921   5.3603E+02  2.1155E+02  6.3730E+01
0008922   2.5869E+02  2.5317E+02  7.2391E+01
0008923   3.8044E+02 -9.5761E+01 -1.9569E+02
0008924   3.9795E+02 -1.6725E+02  1.7518E+02
0008925   5.7160E+02 -8.2096E+01  5.2503E+01
0008926   1.7631E+02 -1.0503E+02  1.0516E+02
0008927   3.4374E+02 -2.9694E+02 -3.9119E+02
0008928   2.4872E+02  1.5448E+02  2.2233E+02
0008929   2.6872E+02  4.7136E+01  1.5951E+02
0008930   4.8669E+02 -7.2700E+01 -1.1750E+02
0008931   3.1706E+02  2.4809E+00  8.0071E+01
0008932   1.5911E+02 -5.5267E+01  3.2813E+00
0008933   4.2824E+02  8.1454E+01  1.1642E+02
0008934   1.1160E+02  2.6917E+02 -1.9794E+02
0008935   3.4645E+02  1.5884E+02 -1.1501E+02
0008936   7.6290E+01 -1.9111E+02  8.2424E+01
0008937   5.6455E+02  6.7241E+01  3.6216E+01
0008938   1.4011E+02  1.2978E+02  9.3127E+01
0008939   4.3787E+02  1.4046E+02  2.7822E+02
0008940   4.5892E+02 -1.0561E+02  7.4949E+01
0008941   5.4694E+02 -2.8696E+01 -1.7141E+01
0008942   1.1056E+02 -2.1743E+02  1.4330E+02
0008943   3.6858E+02 -5.2174E+01 -1.3212E+02
0008945   9.0748E+01 -3.1556E+02 -7.2696E+01
0008946   3.7867E+01 -6.6509E+01  4.2323E+01
0008947   2.4183E+02 -7.0662E+01 -1.6164E+02
0008948   1.0890E+02 -8.2284E+01  1.1426E+02
0008949   1.4652E+02  5.6560E+00 -1.7436E+02
0008950   2.5280E+02 -1.7339E+02  2.5657E+01
0008951   3.1974E+02 -1.0628E+02 -1.1164E+02
0008952   1.3115E+02 -1.7310E+02 -5.5768E+01
0008953   9.8941E+01  1.8024E+01 -6.6037E+01
0008954   4.3252E+02  1.7248E+02 -6.8766E+00
0008955   4.4009E+02  1.4471E+02  1.8201E+02
0008956   1.7666E+02  1.1327E+02  4.6992E+00
0008957   2.7781E+02  1.2880E+01 -9.1958E-01
0008958   3.5919E+02  1.1466E+02  5.9370E+01
0008959   4.7002E+02 -4.4468E+01 -1.7130E+02
0008960   3.6048E+02  1.4803E+02  1.6855E+02
0008961   5.6625E+02  4.0696E+01  2.3134E+02
0008962   3.1066E+02 -6.9286E+01  6.2461E+01
0008963   1.8871E+02  1.0680E+02 -1.5471E+02
0008964   6.2918E+02 -1.9269E+01  5.2139E+01
0008965   2.5742E+02  6.3099E+01 -3.6822E+01
0008966   2.9487E+02  3.3861E+02 -4.5689E+00
0008967   4.6975E+01  8.6902E+00  7.0473E+01
0008968   5.3939E+02  5.2829E+01  1.9476E+01
0008969   5.0011E+02 -6.7932E+01 -1.0026E+02
0008970   3.1901E+02 -3.3586E+02 -1.2865E+02
0008971   3.5981E+02 -3.5984E+01 -1.1518E+02
0008972   3.6204E+02  1.4352E+02 -1.9710E+02
0008973   1.0411E+02  8.8875E+01  4.0074E+01
0008974   3.4512E+02 -1.1048E+02  5.4300E+00
0008975   3.7058E+02  1.3990E+01  3.1648E+01
0008976   2.3816E+02 -1.3834E+02 -2.9169E+01
0008977   2.1113E+02 -1.3722E+02  2.4353E+02
0008978   2.1596E+02 -1.6047E+02  1.4245E+01
0008979   4.8508E+01 -1.9112E+02 -1.2506E+02
0008980   2.3042E+02  9.4997E+01 -1.8039E+02
0008981   9.6260E+01  4.7849E+01  1.3940E+02
0008982   6.1062E+02 -1.4199E+02  2.0019E+02
0008983   1.4533E+02  1.0831E+01 -2.8057E+02
0008984   5.2784E+02  7.2932E+01 -1.0819E+02
0008985   3.0484E+02 -2.9219E+02  2.7787E+02
0008986   3.8873E+02 -2.5983E+01  1.0812E+02
0008988   1.2757E+02  4.1838E+01 -1.3772E+02
0008989   6.0525E+02 -2.2306E+00  1.9164E+02
0008990   7.7464E+01  9.8315E+01 -1.1964E+01
0008991   6.2742E+02  2.5807E+02  2.4575E+02
0008992   2.7375E+02  1.6974E+02  1.2819E+02
0008993   3.1666E+02  6.9093E+01 -8.2641E+01
0008994   4.4021E+02  8.3505E+01 -1.8212E+02
0008996   1.8733E+02  3.1864E+02 -2.2482E+02
0008997   2.9856E+02  5.3395E+01  1.1091E+02
0008998   3.8149E+02 -2.6324E+02 -3.4453E+02
0008999   7.9253E+01 -6.1413E+00  5.0424E+01
0009000   2.7400E+02 -3.0333E+01 -1.2233E+02
0009001   4.0574E+02 -1.3278E+02  2.0279E+02
0009002   6.2407E+01 -3.8504E+01 -3.2339E+01
0009003   1.6879E+02 -5.8039E+01 -1.3279E+02
0009004   1.5719E+02  1.6201E+02 -1.8247E+02
0009005   2.6795E+02 -1.7217E+02 -1.5123E+02
0009006   3.9570E+02 -1.6739E+01 -1.8021E+01
0009007   3.8202E+02  2.3699E+02 -1.5719E+02
0009008   2.1283E+02  7.3009E+00 -3.5763E+01
0009009   5.6858E+02 -2.1223E+02 -3.6604E+02
0009010   7.7599E+01 -6.9667E+01 -4.6361E+01
0009011   1.8271E+02  5.1500E+01  4.6863E+01
0009012   4.1779E+02  2.7589E+01 -1.3997E+02
0009013   1.2315E+02 -1.3029E+02 -4.9005E+01
0009014   1.4834E+02 -9.0257E+01  1.4764E+01
0009015   3.9652E+02 -3.0957E+01 -2.5595E+01
0009016   4.8179E+02  1.2035E+02 -8.4593E+01
0009017   8.3157E+01  1.3249E+02 -6.9685E+01
0009018   1.7804E+02 -1.2930E+02 -8.4241E+01
0009019   2.9773E+02  2.6707E+01 -9.5202E+01
0009020   7.1004E+01  3.0742E+01 -4.3346E+00
0009021   4.4789E+02 -1.5122E+02  2.2606E+02
0009022   2.8032E+02  3.5637E+01 -6.7470E+01
0009023   1.5793E+02  2.8381E+02 -6.2287E+01
0009024   2.8675E+02  1.1780E+01 -1.6806E+02
0009025   9.4988E+01 -5.9036E+01  7.4718E+01
0009026   3.3873E+02 -6.8301E+01 -4.4582E+01
0009027   5.3284E+01 -1.7986E+02 -8.5364E+01
0009028   3.8702E+02  2.6946E+01  1.1495E+01
0009029   3.8975E+02  2.5282E+01 -1.2481E+02
0009030   1.0205E+02 -7.9701E-01  5.5616E+00
0009031   2.7107E+02  9.5302E+01  1.8632E+02
0009032   3.1727E+01 -4.8769E+01 -5.4128E+01
0009033   2.9061E+02  4.9889E+01 -1.4980E+02
0009034   2.6081E+02  1.2624E+02 -2.3739E+02
0009035   6.9075E+01 -1.3295E+02 -8.3264E+01
0009036   1.5641E+02 -1.8222E+02  1.1172E+02
0009037   2.4391E+02 -7.9743E+01 -3.4195E+01
0009038   2.6331E+02 -3.7276E+01  6.6504E+01
0009039   1.5211E+02  8.7916E+01 -1.6948E+01
0009040   1.9438E+02  1.1422E+02 -2.9140E+02
0009041   1.8900E+02  4.5600E-01 -1.2927E+02
0009042   2.7547E+02  1.6114E+02  9.5052E-01
0009043   2.1650E+02  1.0332E+02 -9.7140E+00
0009044   3.7988E+02  7.1449E+01 -3.0509E+01
0009045   2.5141E+02 -4.5560E+01 -9.7853E+01
0009046   1.4734E+02 -5.0718E+01  2.4068E+02
0009047   3.3194E+02  2.6860E+02 -3.5824E+01
0009048   1.9137E+02 -4.7953E+01  1.6981E+01
0009049   1.8772E+02  6.6265E+01 -2.5818E+02
0009050   2.6518E+02  1.0413E+02 -6.2257E+01
0009051   1.2457E+02  1.3444E+01  8.1442E+01
0009052   2.1759E+02  1.2543E+02 -2.1807E+02
0009053   3.6211E+02 -3.1445E+01  1.4701E+02
0009054   4.9891E+02 -2.1024E+00 -3.3893E+01
0009055   1.1391E+02 -4.3257E+00  1.0767E+02
0009056   5.2569E+02  1.3637E+02 -1.6119E+02
0009057   1.0956E+01 -3.3507E+01  8.4224E+01
0009058   1.9347E+02  3.3329E+00 -4.5673E+01
0009059   5.6451E+02  1.9717E+02  9.5518E+00
0009060   1.7705E+02  2.1573E+02  1.8857E+02
0009061   2.6610E+02  2.9068E+02  8.9278E+01
0009062   5.2957E+02 -5.0967E+01  1.8943E+02
0009063   4.6070E+02 -2.3943E+01  1.3648E+02
0009064   6.2016E+01 -1.3543E+02 -3.6880E+01
0009066   3.5813E+02  1.2540E+02  3.3239E+02
0009067   2.0621E+02  1.6703E+02 -1.3974E+01
0009068   2.4277E+02 -3.3996E+02 -1.3213E+02
0009069   1.5893E+02  3.4894E+02 -6.0506E+01
0009070   4.2948E+02 -1.0886E+02 -3.0155E+02
0009071   3.4388E+02  1.6846E+02 -2.2148E+02
0009072   3.1503E+02  1.5160E+02 -1.2449E+02
0009073   9.1962E+01 -7.6565E+01 -1.0031E+02
0009074   1.6844E+02  3.5821E+00 -3.8088E+01
0009075   5.6975E+02 -2.7222E+02  2.1322E+01
0009076   6.6212E+02  1.1703E+01 -1.0393E+01
0009077   4.8610E+02  8.0754E+01 -7.4290E+01
0009078   3.6513E+02 -1.0448E+02 -2.0995E+01
0009079   9.6850E+01  1.7163E+02 -3.7078E+01
0009080   4.3978E+02 -1.8483E+02 -2.2230E+02
0009081   2.9272E+02  6.1385E+01  1.2546E+02
0009082   6.5234E+02 -6.9926E+01  1.9772E+02
0009083   3.9274E+02 -8.2647E+01 -1.4256E+02
0009084   6.2441E+02  1.3012E+01  5.8128E+01
0009085   2.9383E+02 -3.3316E+01  1.1686E+01
0009086   3.5243E+02  5.1258E+01  1.7673E+02
0009087   2.6753E+02 -1.0927E+01  1.2399E+02
0009088   2.6447E+02 -3.3163E+01  3.0247E+02
0009089   6.1398E+02 -8.4942E+01  1.1126E+01
0009090   2.3762E+02  2.0942E+01 -7.4988E+01
0009091   2.3373E+02 -6.5287E+01 -9.7791E+01
0009092   2.7558E+02 -9.6929E+00 -7.6336E+01
0009093   1.4949E+02  9.2263E+01  8.1796E+00
0009094   1.0553E+02  3.1624E+02 -9.1814E+01
0009095   5.9824E+02  4.6634E+01 -6.2526E+00
0009096   5.3975E+02  5.6638E+01 -5.3684E+01
0009097   4.8046E+02  4.0424E-01 -4.0126E+01
0009098   6.3569E+02 -2.1887E+02  1.3711E+02
0009099   4.9679E+02 -2.4261E+01  1.7528E+02
0009100   4.2353E+02 -3.3185E+02 -2.5920E+02
0009101   8.5181E+01 -8.6128E+01  2.0435E+02
0009102   2.7457E+02  1.4513E+02  2.3472E+02
0009103   5.3774E+02  2.5425E+01  1.8049E+02
0009105   2.8734E+02  1.1345E+02 -9.8280E+01
0009106   2.5804E+02 -3.2853E+01  3.2348E+01
0009107   3.4946E+02  3.3014E+02  2.3288E+02
0009108   4.8602E+02 -1.5955E+02 -4.8940E+01
0009109   9.6852E+01  3.3444E+02 -1.7588E+02
0009110   2.3775E+02  2.0079E+02  1.6660E+02
0009111   2.2202E+02  1.2601E+02 -5.0981E+01
0009112   2.2929E+02 -3.2184E+01  1.1764E+02
0009113   2.8584E+02  6.7928E+00 -2.7902E+01
0009114   1.0726E+02 -7.2679E+01  9.0920E+01
0009115   1.3283E+02 -2.3774E+02 -1.9088E+02
0009116   3.2651E+02  9.1806E+01 -2.7770E+02
0009117   1.2910E+02 -1.9393E+01  8.5821E+01
0009118   2.5745E+02 -1.3001E+02 -1.3012E+00
0009119   4.4834E+02 -1.9975E+01  4.6171E+01
0009120   3.5846E+01 -1.3784E+02 -1.6484E+02
0009121   2.9146E+02  2.8865E+00  2.9840E+01
0009122   3.8001E+02  1.8349E+02  8.9132E+01
0009123   2.4467E+02  1.9272E+02  9.1299E+01
0009124   8.8988E+01 -1.3036E+02 -3.1462E+01
0009125   6.8314E+02 -1.3065E+02 -8.2351E+01
0009126   4.0535E+02 -2.0021E+02  6.4748E+01
0009127   2.6618E+02 -2.2281E+02  6.9836E+01
0009128   2.3103E+02  1.6963E+02  1.8178E+02
0009129   1.9216E+02 -2.3203E+02 -4.9035E+01
0009130   2.6002E+02 -5.1502E+01 -1.4140E+02
0009131   3.9330E+02 -3.2319E+02 -3.4488E+01
0009132   2.0668E+02 -1.1467E+02  1.0472E+02
0009133   2.8761E+02 -3.1247E+01  2.7934E+02
0009134   2.1901E+02  4.5468E+01 -1.9303E+01
0009135   4.2143E+02 -2.2550E+02 -2.7529E+02
0009136   2.1714E+02 -6.5384E+01 -7.9388E+01
0009137   6.1365E+02 -9.9266E+01 -8.2740E+01
0009138   4.2150E+02 -1.0014E+02 -2.1567E+02
0009140   4.4625E+01 -4.0261E+01 -3.2535E+01
0009141   3.6191E+02  6.9588E+00  2.4679E+02
0009142   4.4719E+02 -1.1211E+02 -1.8143E+02
0009143   5.0657E+01  9.4119E+01 -5.0519E+01
0009144   3.5317E+02 -2.1847E+02 -9.4350E+01
0009145   2.7023E+02 -9.5789E+01 -1.1195E+02
0009146   7.7558E+01 -9.8756E+01  1.4085E+02
0009147   2.9757E+01  7.5364E+01  5.1211E+01
0009148   2.1279E+02  5.2770E+01  1.1558E+02
0009149   1.6786E+02 -6.4409E+01 -1.0103E+02
0009150   3.7008E+02 -5.0374E+00  1.0771E+02
0009151   3.8091E+01 -6.3976E+01  2.1735E+01
0009152   2.5016E+02 -1.8592E+01  1.1374E+02
0009153   1.6623E+02 -2.5189E+01 -3.4411E+01
0009154   5.3407E+01  1.4146E+02 -7.8168E+01
0009155   1.6373E+02 -8.3755E+01  1.2713E+01
0009157   1.4766E+02 -6.4097E+01 -9.0317E+01
0009158   2.6103E+02 -9.6160E+01 -9.7637E+01
0009159   1.1567E+02 -2.5776E+02  2.7953E+02
0009160   1.7699E+02 -1.6524E+02  7.8433E+01
0009161   3.9436E+02 -1.6695E+02  2.5282E+02
0009162   2.1966E+02 -1.1577E+02  8.1629E+01
0009163   6.0665E+02  1.1573E+02  2.0373E+02
0009164   2.7937E+02  4.2766E+01  3.1915E+02
0009165   1.6244E+02  9.5915E+01  2.1124E+01
0009166   3.4422E+02 -9.4638E+01 -9.1490E+00
0009167   2.3985E+02  5.8931E+01 -4.0291E+01
0009168   2.2083E+02  1.8851E+02 -1.1167E+02
0009169   2.2791E+02 -6.8392E+01  9.9191E+01
0009170   2.8692E+02 -2.8859E+01 -2.3140E+02
0009171   2.8458E+01  1.6462E+02 -2.1739E+02
0009172   3.9696E+02  1.6693E+02 -1.2716E+02
0009173   1.3039E+02  2.4175E+01 -5.9747E+01
0009174   3.6010E+02  5.2780E+01 -2.0291E+02
0009175   1.9035E+02 -3.4640E+01 -5.2911E+01
0009176   6.1849E+02 -2.3768E+02  6.2759E+01
0009177   2.2221E+02  5.0314E+01 -1.0779E+01
0009179   5.4229E+01 -6.9086E+01  7.1952E+01
0009180   2.1434E+02 -1.3952E+02 -1.3853E+02
0009181   2.6823E+02 -1.5499E+02  6.8657E+01
0009182   1.3282E+02  5.5016E+01 -1.5410E+01
0009183   3.0851E+02 -1.5990E+02  1.4027E+02
0009184   2.5859E+02  1.2275E+02  3.2128E+01
0009185   2.4738E+02 -9.0323E+01  3.7487E+01
0009186   3.9814E+02  3.1391E+02  5.0056E+01
0009187   1.7580E+02 -2.7716E+01 -3.3229E+00
0009188   2.4881E+02  2.3207E+02 -1.1703E+02
0009189   5.5274E+02 -8.6713E+01  9.8477E+01
0009190   8.8093E+01  4.3726E+00  5.8785E+01
0009191   1.9529E+02  1.8038E+01 -5.7982E+01
0009192   2.2065E+02 -1.5256E+02  1.0250E+02
0009193   3.4984E+02 -2.9624E+02  1.2334E+02
0009194   2.1440E+02 -2.0904E+01  2.5023E+01
0009195   6.0563E+01  4.0189E+01 -1.3426E+02
0009196   5.3925E+02 -1.1983E+02  1.1126E+02
0009197   5.7553E+02  1.5296E+02  2.9688E+02
0009198   3.7390E+02  1.0195E+02  1.8374E+02
0009199   1.8716E+02  2.6676E+01  8.0215E+01
0009200   3.3929E+02  2.7968E+01 -5.0488E+01
0009201   3.4446E+02 -2.5359E+02 -4.8411E+01
0009202   1.6928E+01  7.1816E+00  2.1980E+00
0009203   4.2954E+02  1.3110E+02 -8.9621E+01
0009204   3.7399E+01 -8.0526E+00 -2.5057E+01
0009205   4.2068E+01  2.3030E+01  5.1315E+01
0009206   4.1489E+02  1.1769E+02 -2.5068E+02
0009207   7.9536E+01  2.5077E+01  5.6733E+01
0009208   1.3323E+02 -2.4903E+00 -1.2888E+01
0009209   2.9142E+02  4.2914E+02  7.3960E+01
0009210   2.5829E+01  7.1479E+01 -1.2255E+01
0009211   3.4170E+02  5.0521E+01 -1.1657E+02
0009212   1.6216E+02 -1.4817E+02  1.9496E+02
0009213   2.6818E+02  4.7585E+01 -1.6860E+02
0009214   9.9108E+01 -1.8623E+02 -2.7703E+02
0009215   2.8517E+02  9.5436E+01  1.8091E+01
0009216   2.3224E+02  2.3316E+02  7.2855E+01
0009217   3.7366E+02  6.6770E+01 -2.9978E+01
0009219   1.7232E+02  1.3684E+02 -1.9161E+02
0009220   9.7647E+01  2.6008E+01  1.4010E+02
0009221   1.7966E+02 -2.5626E+01  6.1236E+01
0009222   4.4440E+02 -3.2569E+01 -1.6540E+02
0009223   5.0725E+02  5.8805E+01 -2.1076E+01
0009224   2.7904E+02 -9.0090E+01 -4.5007E+01
0009225   2.6259E+02  1.7246E+02  1.0576E+02
0009226   2.1549E+02 -7.3720E+01 -5.6082E+00
0009227   3.8251E+02  8.1205E+01 -1.6945E+02
0009228   7.0875E+01  1.5418E+02  7.2067E+01
0009229   2.7319E+02 -8.6623E+01  6.8643E+00
0009230   4.7875E+02 -8.3726E+01  7.4667E+01
0009231   2.4189E+02  3.6647E+02 -6.3496E+01
0009232   2.4159E+02 -2.0232E+02 -1.6808E+02
0009233   1.4059E+02 -1.1197E+02  1.6205E+00
0009234   1.9864E+02 -1.2000E+02  1.4184E+02
0009235   4.3924E+02 -8.2734E+01 -1.3228E+01
0009236   2.1505E+02  2.0367E+01  1.3521E+02
0009237   3.7117E+02  6.7031E+01  2.3938E+02
0009239   2.3418E+02 -7.3189E+01 -2.4324E+01
0009240   1.2516E+02  7.1667E+01 -5.7616E+01
0009242   1.5816E+02 -1.2638E+02 -1.4735E+02
0009243   2.7812E+02  6.2322E+01 -1.2448E+02
0009244   4.8596E+02  5.0055E+01  6.5072E+01
0009246   1.1974E+02 -1.4556E+02 -3.4037E+00
0009247   1.2853E+02  1.6417E+01 -7.0090E+01
0009248   1.0455E+02 -4.7543E+01  2.0024E+02
0009249   3.6738E+02  3.4829E+01 -2.1287E+00
0009250   1.8098E+02 -1.2154E+02  2.2664E+02
0009251   4.1482E+01  2.6495E+01 -2.1076E+00
0009253   1.5358E+02  6.3657E+01  5.6079E+01
0009254   1.0239E+02  1.1559E+02 -8.2129E+01
0009255   5.7139E+01 -1.0151E+02  1.4924E+02
0009256   5.2282E+02  2.5395E+00  1.8196E+01
0009257   3.8760E+02  1.9480E+02  4.8156E+01
0009258   1.4327E+02  2.1064E+01 -7.1367E+01
0009260   2.4496E+02 -1.5154E+02 -7.7945E+01
0009261   5.4298E+02  1.4865E+02  6.2957E-01
0009262   8.0486E+01 -1.7583E+02 -1.0219E+02
0009263   1.8560E+02  7.7826E+01 -6.0943E+01
0009264   2.5310E+02  1.3826E+02  7.1779E+01
0009265   2.2539E+02  2.4532E+02  7.7734E+01
0009266   2.7802E+02  1.1070E+02 -1.3380E+02
0009267   1.4383E+02  6.0165E+01 -1.2404E+02
0009268   2.5514E+02 -1.6776E+02  5.3989E+00
0009269   2.9997E+02 -7.4571E+01  1.1554E+01
0009270   2.3898E+02 -1.6267E+02  6.1673E+02
0009271   3.2150E+02  4.8792E+01 -7.9112E+01
0009272   1.6963E+02  2.2949E+02  5.9839E+01
0009273   3.4100E+02 -3.8637E+02 -7.1817E+01
0009274   1.5241E+02 -1.4109E+01  3.4998E+01
0009275   1.6918E+02  1.5606E+02 -1.0389E+02
0009276   4.6881E+02  3.5199E+02  1.7638E+01
0009277   6.4920E+02 -2.0172E+02  4.6865E+01
0009278   2.3047E+02  1.4899E+02  2.2998E+01
0009279   7.3061E+01 -3.9625E+01 -9.1539E+01
0009280   5.3927E+01  4.7771E+01  2.0536E+01
0009281   3.3501E+02  1.5027E+02  2.4046E+01
0009282   2.6793E+02 -8.5091E+01  8.1184E+01
0009284   3.8413E+01 -2.9426E+02  1.6294E+02
0009285   3.4425E+02 -1.7601E+02 -1.0645E+02
0009286   2.7413E+02 -1.9619E+02  5.9545E+01
0009287   2.3963E+02 -2.4124E+02 -6.4265E+01
0009288   3.7905E+02 -2.1835E+02 -5.8133E+01
0009289   1.8990E+02  3.3102E+00 -8.5149E+01
0009290   7.3096E+01 -1.1101E+01 -1.3918E+01
0009291   1.5828E+02  1.5589E+01 -6.4430E+01
0009292   1.9937E+02  2.0691E+01  1.5254E+02
0009293   4.5510E+02 -1.0483E+02 -1.4706E+02
0009294   8.9526E+01  1.9769E+02 -2.4055E+02
0009295   4.6861E+02 -1.5709E+01 -8.8834E+01
0009296   3.8956E+02  6.8925E+00 -1.9590E+01
0009297   2.2036E+02 -2.8122E+01  2.9033E+02
0009298   1.9633E+01  7.2058E+00 -1.2700E+02
0009299   2.0706E+02 -2.3924E+01 -9.7394E+01
0009300   2.9138E+02 -2.0943E+02  9.0717E+01
0009301   2.8577E+02 -5.4420E+01  1.4910E+02
0009302   1.5430E+02  1.1896E+02  3.2769E+01
0009303   1.8844E+02  2.6321E+01 -2.6261E+02
0009304   6.7276E+01  1.1782E+01 -5.7679E+00
0009306   7.3268E+01  6.1932E+01 -6.9512E+01
0009307   2.3892E+02  7.8021E+01  1.6494E+02
0009308   3.3855E+02 -4.1599E+01  4.9927E+01
0009309   2.6431E+02  2.5786E+02 -2.3020E+02
0009310   1.2870E+02  1.2032E+02  2.8779E+02
0009311   2.3661E+02  1.0358E+02  8.4269E+01
0009312   3.2180E+02  2.0643E+01  7.8215E+01
0009313   3.3979E+02 -1.6069E+02 -1.1678E+02
0009314   3.0206E+02  5.7930E+00  6.2932E+01
0009315   2.1221E+02 -8.3585E+01 -6.0640E+01
0009316   1.1929E+02 -3.0022E+01 -4.3040E+01
0009317   4.7504E+01 -5.0413E+01 -4.2925E+01
0009318   3.1163E+02  1.7301E+02  1.5844E+01
0009319   1.8476E+02  6.1783E+01 -2.5399E+02
0009320   2.7277E+02 -2.9471E+02 -2.5395E+01
0009321   1.5510E+01 -6.5279E+01  2.6953E+01
0009322   2.1792E+02  2.6975E+01  1.4005E+01
0009323   1.9643E+02 -7.9487E+01 -3.2106E+02
0009324   3.9638E+02  2.7982E+02  8.5983E+01
0009325   8.4269E+01 -1.2215E+02 -1.2407E+02
0009326   2.2051E+02  1.0475E+02 -1.0965E+01
0009327   5.1367E+02  3.9546E+01  5.2730E+01
0009328   3.1343E+02 -8.2759E+01  4.5091E+01
0009329   3.7782E+02 -1.4768E+02  1.1990E+02
0009330   5.6444E+01  8.1064E+01 -6.3007E+01
0009331   2.4935E+02  1.9853E+01 -5.5808E+01
0009333   4.1077E+02  1.4974E+02  1.1611E+02
0009334   4.1873E+02  1.8142E+02 -9.0866E+01
0009335   2.6848E+02 -1.2755E+02  1.5353E+02
0009336   1.7721E+02  1.5999E+02 -1.5559E+02
0009337   5.7671E+02 -1.9884E+02 -3.3109E+01
0009338   3.4526E+02  1.9326E+02 -4.0337E+02
0009339   1.9630E+02  5.0009E+01  1.0742E+02
0009340   2.7008E+02  1.1776E+02 -2.8638E+02
0009341   2.8967E+02  1.1616E+02 -4.0178E+01
0009342   1.4068E+02  2.2346E+01 -1.1996E+02
0009343   3.3922E+02  9.8771E+01 -2.9877E+01
0009344   1.3613E+02  9.0549E+00 -4.0937E+01
0009345   1.8794E+02  1.2380E+02 -5.5424E+01
0009346   3.2550E+02 -2.7856E+02  1.4594E+02
0009347   4.6302E+02  1.2834E+02  9.9305E+01
0009348   1.2408E+02 -3.2678E+01  8.3582E+01
0009349   1.3846E+02  6.3359E+01 -1.3092E+02
0009350   3.0833E+02  2.6364E+02 -9.4809E+01
0009351   1.6836E+02  2.7680E+02  9.2678E+01
0009352   2.2335E+02 -8.8701E+01  1.8915E+02
0009353   1.4145E+02 -1.3685E+02 -5.1803E+01
0009354   4.0972E+02  6.4671E+01 -1.7939E+02
0009355   1.1548E+01  1.0845E+02 -1.1957E+02
0009356   1.6082E+02  8.6183E+00  7.3357E+01
0009357   3.1905E+02  1.1107E+00  3.0822E+00
0009358   3.8612E+01  4.9509E+01 -4.1214E+01
0009359   3.7366E+02 -1.6047E+02  7.0197E+01
0009360   1.8347E+02 -9.8277E+01  8.5662E+00
0009361   1.7879E+02 -5.5920E+01  3.2042E+02
0009362   2.0143E+02 -1.6165E+02  1.4757E+02
0009363   2.2317E+02 -1.3419E+02 -1.9317E+02
0009364   4.9145E+02 -1.1899E+01  2.8131E+02
0009365   5.0051E+02  5.7451E+01  1.4846E+02
0009366   1.0486E+02 -3.7864E+01  5.3539E+01
0009367   4.4251E+02  7.6430E+01 -1.7161E+02
0009368   4.0009E+02  2.9813E+01  1.6353E+02
0009369   1.8728E+02  4.4185E+01  6.6255E+01
0009370   2.3941E+02  3.8702E+01 -3.5173E+01
0009371   3.5460E+02  1.9148E+01 -3.2173E+02
0009372   1.9425E+02 -5.9761E+01  1.8248E+01
0009373   3.3708E+02  1.8228E+01  4.3855E+01
0009374   2.9921E+02 -1.0569E+00  1.5122E+02
0009375   2.4448E+02  6.6871E+00  1.9221E+01
0009376   1.7927E+02 -6.3083E+01  1.3796E+01
0009377   4.0653E+02 -1.9853E+02 -8.0842E+01
0009378   1.4715E+02 -4.4509E+01  4.5164E+01
0009379   4.5750E+02 -1.1243E+02  4.2903E+02
0009380   1.1035E+01 -1.9598E+02 -3.1518E+00
0009382   5.0190E+02  6.5817E+01 -2.1725E+02
0009383   3.0364E+02  9.8014E+01 -5.2561E+00
0009384   2.0855E+02 -3.7626E+01  2.9654E+02
0009386   3.5319E+02 -1.2497E+02 -1.0887E+02
0009387   4.3165E+02 -4.9375E+02  9.7522E+01
0009388   3.5182E+02  6.9267E+01  1.0383E+02
0009389   1.6177E+02 -9.2281E+01 -1.7242E+02
0009390   3.8221E+01 -6.4519E+01 -5.4744E+01
0009391   4.1632E+01 -1.0492E+02 -6.8034E+01
0009392   3.1166E+02 -1.4840E+01  3.7951E+01
0009393   3.8311E+02 -8.4949E+01  2.5247E+01
0009394   2.3608E+02  1.4778E+02  9.4023E+01
0009395   4.5353E+02 -1.3679E+02  2.2358E+01
0009396   8.5839E+01 -3.3863E+01 -6.5119E+01
0009397   2.9298E+02  4.5038E+01  2.1208E+01
0009398   2.2162E+02  1.9453E+02  7.5540E+00
0009399   9.6097E+01  1.0473E+02  4.4581E+01
0009400   1.9679E+02 -2.1825E+02 -2.8246E+02
0009401   4.3986E+02 -1.1992E+02 -1.5678E+01
0009402   2.7969E+02 -3.5237E+00  2.1547E+02
0009403   3.8138E+02 -1.7291E+02  3.1183E+02
0009404   9.7538E+01  1.4993E+02  7.0265E+01
0009405   1.2420E+02 -3.8456E+00  6.0874E+01
0009406   3.3158E+02 -9.5529E+01 -2.0687E+02
0009407   1.1191E+02 -8.3396E+01 -1.0595E+02
0009408   2.2241E+02  7.3700E+01  1.8250E+00
0009409   5.0613E+02  1.6511E+02  2.5207E+02
0009410   8.7403E+01 -3.7424E+01  8.2482E+01
0009411   1.3612E+02 -4.7621E+01  8.0659E+00
0009412   2.8627E+02  1.2083E+02 -1.1945E+02
0009413   5.3991E+01 -1.9028E+02  1.7462E+01
0009414   2.6639E+02  4.0349E+01  5.3979E+01
0009415   1.9118E+02 -6.3958E+01  5.8420E+01
0009416   2.8139E+02 -8.0017E+01  2.0226E+02
0009417   2.2224E+02 -1.4008E+02  3.5825E+01
0009418   6.8039E+01  3.9482E+01 -2.0499E+02
0009419   3.1039E+02  6.0841E+01  5.3571E+01
0009420   9.8494E+01 -8.7914E+01  9.1271E+01
0009421   3.2078E+02 -1.6913E+02  1.8128E+01
0009422   4.0325E+02 -1.3719E+01 -1.2407E+02
0009423   6.5803E+01 -3.6579E+01 -2.2711E+01
0009424   5.3199E+02 -2.5167E+02 -2.6590E+02
0009425   5.3791E+02 -6.7817E+01 -2.2811E+01
0009426   1.5956E+02  1.3083E+02  1.2481E+02
0009427   1.9001E+02  1.8563E+02 -1.3772E+02
0009428   1.2484E+02 -3.7580E+01  5.7920E+00
0009429   1.4520E+02  1.6335E+02  6.9099E+01
0009430   4.2368E+02  9.7018E+00 -1.5626E+02
0009431   2.7557E+02  8.9452E+01 -1.4219E+02
0009432   1.0815E+01  3.8153E+01 -5.7833E+01
0009433   1.9045E+02 -7.4812E+01  3.9468E+02
0009434   3.4623E+02  3.6335E+01 -4.2577E+01
0009435   1.9517E+02  2.0185E+02  1.3571E+02
0009436   4.6165E+01 -1.4991E+01 -1.6116E+02
0009437   8.6303E+01  1.0406E+01  1.9402E+01
0009439   2.7349E+02  2.0228E+00  1.5651E+00
0009440   1.1817E+02  4.0844E-01 -1.5806E+01
0009441   1.4554E+02 -8.6463E+00  1.6871E+01
0009442   3.4249E+02 -2.0286E+02 -1.7334E+02
0009443   2.6058E+02 -1.4369E+02 -1.1851E+02
0009444   4.1379E+02  1.1573E+02 -2.4227E+01
0009445   2.4749E+02  3.9092E+01 -6.1941E+01
0009446   4.7792E+02  3.8818E+01 -1.9358E+02
0009447   5.9061E+01 -1.2336E+02  1.0949E+02
0009448   1.5431E+02  1.7141E+02  2.1020E+02
0009449   2.0408E+02 -7.7516E+01 -6.6239E+01
0009450   1.3251E+02  2.8277E+01  1.1366E+02
0009451   1.3322E+02  2.5596E+01  3.0001E+01
0009452   7.5000E+01 -1.0257E+02 -7.4163E+01
0009454   4.2665E+02  7.7838E+01 -1.5530E+01
0009455   2.5067E+02  1.4097E+01 -6.6512E+01
0009456   5.3105E+02  1.2393E+02  2.2730E+02
0009457   3.3583E+02 -4.9791E+01  1.0846E+02
0009458   1.5626E+02  3.3066E+02  3.9155E+01
0009459   4.3361E+01 -9.2153E+01 -1.5199E+01
0009460   6.1843E+01  1.3609E+01  3.1155E+01
0009461   9.0500E+01 -2.1651E+02  6.1464E+01
0009462   3.8080E+02  2.4835E+02  1.6290E+02
0009463   2.2963E+02 -5.0780E+01 -6.9825E+01
0009464   2.2879E+02 -1.6823E+02 -4.7244E+02
0009465   2.3543E+02 -1.4082E+01 -3.6730E+00
0009466   3.0891E+02  1.1969E+02  1.7117E+02
0009467   2.7121E+02  1.2687E+02 -1.2068E+02
0009468   2.0070E+02  7.5677E+00  1.1120E+02
0009469   1.6969E+02  9.6602E+01 -6.1315E+01
0009470   2.5202E+02 -1.3841E+02 -7.5030E+01
0009471   2.1597E+02  2.5508E+02 -1.8472E+01
0009472   3.0874E+02  2.2911E+02 -5.0105E+02
0009473   1.5639E+02 -3.6319E+01 -1.5087E+02
0009474   3.5760E+02 -8.1216E+00  8.6558E+01
0009475   1.0671E+02 -2.8081E+01  1.6034E+02
0009476   4.8394E+02  7.3600E+01 -1.8811E+02
0009478   2.9248E+02 -8.5526E+01  1.6880E+01
0009479   9.6463E+01  4.3988E+01 -2.4373E+01
0009480   2.4659E+02 -7.8637E+01  4.1005E+01
0009481   2.7200E+02 -3.2104E+02 -1.7361E+02
0009482   2.6572E+01  7.1413E+01  1.5609E+02
0009483   3.0078E+01 -2.0072E+02 -9.9540E+01
0009484   4.3993E+02  4.4071E+01  1.6731E+01
0009485   4.7239E+02  4.5933E+01  1.3478E+02
0009486   6.4459E+01  8.0663E+01 -6.2390E+01
0009488   4.7780E+02  1.5585E+02  7.8393E+01
0009489   2.2204E+02 -1.2402E+02  9.2825E+00
0009490   1.7747E+02  2.0417E+02  2.9290E+01
0009491   1.9521E+02  2.8168E+02  3.8224E+01
0009492   1.6332E+02  2.0534E+02 -6.8614E+01
0009493   2.5612E+02 -1.6265E+01 -1.0917E+02
0009494   2.5992E+02  8.3472E+00  3.3170E+01
0009495   2.9290E+02  9.3238E+01  3.9955E+01
0009496   3.1405E+02  3.5771E+02 -1.4352E+02
0009497   3.9799E+02  2.0393E+02 -3.5477E+01
0009499   4.4815E+02 -2.1144E+02 -4.4646E+01
0009500   2.7961E+02  1.2512E+02 -3.6227E+01
0009501   2.5497E+02  6.0454E+01 -1.2120E+02
0009502   3.3637E+02 -8.8477E+01 -5.9088E+01
0009503   3.0708E+02  1.4318E+02  4.2420E+01
0009504   3.0389E+02  2.4542E+02  3.4460E+01
0009505   2.7236E+02 -1.0865E+01 -2.2844E+02
0009506   4.7209E+02 -7.1856E+01  2.6646E+02
0009507   2.0582E+02 -3.0767E+02  6.5571E+00
0009508   1.5690E+02  6.9890E+01  1.2601E+02
0009509   4.2380E+02  8.3944E+01  5.4511E+00
0009510   2.7101E+02 -9.6273E+01 -2.2229E+01
0009511   4.6155E+02 -7.3170E+01 -1.4138E+02
0009512   1.0746E+02  1.6473E+01 -1.1229E+02
0009513   1.2651E+02 -2.3365E+01 -1.0707E+02
0009514   3.5038E+02  1.9310E+02 -1.5290E+02
0009515   1.4982E+02  1.2018E+02 -5.9425E+00
0009516   1.7921E+02 -1.6992E+02 -6.8400E+01
0009517   2.7267E+02 -1.0263E+02  6.9494E+01
0009518   3.9558E+02  4.8189E+00 -2.9793E+02
0009520   9.7869E+01 -1.7667E+02  5.1414E+01
0009521   6.6461E+02 -1.4014E+02  1.2755E+02
0009522   6.4336E+01 -3.8129E+01 -5.7430E+00
0009523   6.3163E+01  3.6982E+01 -1.0554E+02
0009524   2.7190E+02  4.3295E+01 -1.2113E+02
0009525   5.9407E+01  4.6944E+01  1.4382E+02
0009526   2.6279E+02  1.2747E+02 -1.0473E+02
0009527   1.9710E+02  1.5999E+02  3.6941E+01
0009528   6.8946E+00  2.7469E+00 -4.0059E+01
0009529   1.8614E+02 -2.9039E+02 -2.7902E+01
0009530   3.1877E+02 -1.3100E+02  1.2207E+02
0009531   4.3332E+02  1.7185E+02 -1.5924E+02
0009532   1.1742E+02 -5.1285E+01  1.4305E+02
0009533   3.9288E+02 -2.6909E+01  6.9184E+01
0009534   3.4144E+02 -8.1238E+01  3.7970E+00
0009535   2.5185E+01  2.7159E+02  3.1655E+01
0009536   3.5811E+02  1.2058E+02 -7.4242E+01
0009537   4.0150E+02  3.6163E+01 -7.4967E+01
0009538   3.2414E+02 -3.9156E+01 -2.3350E+02
0009539   2.0244E+02  2.0233E+02  2.3418E+02
0009540   2.0805E+01  5.4091E+01  1.2285E+02
0009541   2.5370E+02 -2.8510E+02  3.8206E+01
0009542   4.9715E+02 -6.8598E+01  2.0026E+02
0009543   3.8095E+02 -7.2782E+01 -1.5895E+02
0009544   4.0777E+02 -1.5411E+01  5.2910E+00
0009545   4.0322E+02  6.3115E-01 -8.4342E+01
0009546   1.4965E+02  6.1569E+01 -1.1833E+02
0009547   3.3622E+01  2.5300E+02  2.7085E+01
0009548   3.3325E+01  8.8878E+01  4.1023E+01
0009549   4.7600E+01 -2.8109E+01 -1.4017E+02
0009550   3.0502E+02  1.2223E+02 -1.2812E+02
0009551   3.8092E+02 -1.2423E+02  5.5182E+01
0009552   4.2085E+02  1.4523E+01  4.6294E+01
0009553   5.7778E+02  1.6716E+02 -2.1447E+02
0009555   3.1003E+02 -1.3482E+02 -2.2516E+02
0009556   5.0758E+01 -1.4894E+02 -2.7960E+02
0009557   5.9387E+02 -2.5874E+02  1.1743E+02
0009558   4.9949E+02  5.9429E+01 -3.4469E+01
0009560   2.4947E+02  3.9290E+01 -2.1690E+02
0009561   3.3113E+02 -5.9241E+01 -7.0459E+01
0009562   2.2150E+02 -4.7544E+01 -1.0979E+02
0009563   2.1461E+02 -3.3906E+01  1.6920E+02
0009564   1.6338E+02 -2.2702E+02 -3.9852E+01
0009565   2.7231E+02 -1.1889E+02 -1.8322E+02
0009566   4.8436E+02 -1.1181E+02  1.3773E+02
0009567   1.8669E+02  8.6851E+01  1.0613E+02
0009568   3.3339E+02  5.6987E+01 -8.5049E+01
0009569   2.2408E+02 -1.0939E+01 -7.2430E+01
0009570   6.5901E+02 -8.0796E+01 -3.0938E+02
0009571   2.0364E+02 -5.8140E+01  1.6634E+02
0009572   2.5279E+02  2.3933E+01 -1.8579E+02
0009573   3.2749E+02 -1.6897E+02 -8.9948E+01
0009574   2.7723E+02  1.5598E+02  2.5643E+02
0009575   3.5544E+02 -8.5841E+00 -1.1305E+02
0009576   3.2151E+02 -1.8634E+02  5.5363E+01
0009577   4.1751E+02  1.6186E+02 -2.3562E+01
0009578   2.6958E+02 -1.8556E+02 -1.9375E+02
0009579   1.2786E+02 -4.6631E+01  2.3068E+02
0009580   7.9219E+01  9.0833E+01  8.3882E+01
0009581   1.7130E+02  1.0799E+02 -5.7985E+01
0009582   2.6027E+02 -9.5822E+01  1.7046E+02
0009584   1.8953E+02 -2.8935E+01 -1.3048E+01
0009585   4.0116E+02  1.2675E+02 -8.1397E+01
0009586   2.8460E+02 -1.2312E+02  4.5030E+01
0009587   1.1916E+02 -2.8104E+02 -1.4450E+02
0009588   9.2667E+01  1.9159E+02 -1.1961E+02
0009589   1.2253E+02 -3.0833E+02  1.5474E+01
0009590   1.7901E+02  6.3947E+01  5.4463E+01
0009591   2.2049E+02  1.0275E+02 -2.8516E+01
0009592   3.7626E+02 -9.9876E+01  2.9302E+02
0009593   1.4088E+02 -2.7672E+02 -1.9762E+02
0009595   3.3427E+02  2.1880E+02  2.5588E+02
0009596   1.6719E+02 -4.1188E+01  1.7161E+01
0009597   2.8223E+02 -4.4041E+01  4.4163E+01
0009598   9.9846E+01  1.2062E+02 -9.2246E+01
0009599   3.0008E+02 -3.4702E+00  1.3864E+02
0009600   1.4649E+02  4.6213E+01 -4.1490E+01
0009601   2.1012E+02 -1.4860E+02 -7.1395E+01
0009602   5.3832E+02  2.9171E+02  1.7263E+02
0009603   1.4388E+02 -3.5975E+01  2.3885E+02
0009604   3.4867E+02  5.4816E+01  3.1120E+01
0009605   6.0965E+02 -7.4727E+01  7.3780E+01
0009606   1.8068E+02  1.1085E+02 -2.0322E+02
0009608   6.9677E+01  6.3946E+01 -1.2450E+02
0009609   1.2891E+02 -6.2136E+01  5.1449E+01
0009610   3.9136E+02 -1.6725E+02 -1.7720E+02
0009611   7.9452E+01  3.9865E+01 -2.5178E+01
0009612   2.2472E+02  1.2816E+01  8.3682E+01
0009613   2.7182E+02 -1.5371E+02  4.6610E+01
0009614   3.4921E+02 -8.4681E+01 -2.3006E+02
0009615   1.0374E+02  1.9400E+02  1.8848E+02
0009616   3.8245E+02 -1.0932E+02 -1.6718E+01
0009617   3.9699E+02  1.7471E+02 -1.7618E+02
0009618   4.5525E+02 -3.9635E+00  1.6037E+02
0009619   2.8371E+02  5.7402E+00 -2.0852E+02
0009620   7.6666E+01 -1.0830E+02 -3.6709E+01
0009621   4.4386E+02  2.2653E+02  2.0300E+02
0009622   2.6800E+02 -1.0889E+02 -1.2325E+02
0009623   3.0003E+02 -6.1558E+01 -8.9488E+01
0009624   2.3901E+02 -2.5625E+02  4.0123E+01
0009625   4.7065E+02  1.2645E+01 -5.2840E+00
0009626   1.0936E+02  4.7136E+01  7.7868E+01
0009627   5.2374E+02  4.1493E+01  1.3986E+01
0009628   1.6280E+02  3.3650E+01  8.5642E+01
0009629   2.9437E+02 -2.4179E+01 -5.7526E+01
0009630   3.8963E+02  1.7793E+02  8.1494E+00
0009631   9.3331E+01 -1.7696E+01 -8.9286E+01
0009632   2.9540E+02 -6.3334E+01 -1.5864E+01
0009633   1.3267E+01 -1.3423E+01  8.6629E+01
0009634   4.9970E+02  2.6681E+01  1.2507E+02
0009635   5.0738E+02 -2.2406E+01 -3.7622E+01
0009636   7.6524E+01 -2.1012E+01 -3.0271E+01
0009637   8.1523E+01  4.9064E+01  5.0740E+00
0009638   8.6441E+01  5.3438E-01  1.2598E+02
0009639   3.8090E+02 -2.8976E+01  6.3139E+01
0009640   2.2611E+02 -1.1465E+02  6.0519E+01
0009641   4.5271E+02  1.7767E+01 -1.2174E+02
0009642   1.9559E+02 -4.0875E+01  5.8238E+01
0009643   1.3864E+02  8.6444E+01 -2.8968E+01
0009644   1.2281E+02 -5.5717E+01 -2.4658E+02
0009645   3.3873E+02 -1.6309E+02 -2.5918E+01
0009646   3.9271E+02  2.5888E+02 -2.4234E+02
0009647   3.6465E+02 -2.1986E+02  7.9485E+01
0009648   5.2751E+02  1.3543E+01 -7.7443E+01
0009649   7.9889E+01  2.9699E+02  2.0319E+02
0009650   2.8350E+02  2.0748E+02 -2.6928E+02
0009651   6.0383E+02  7.3073E+01  2.7508E+02
0009652   3.0820E+02 -5.9096E+01  8.5152E+01
0009653   7.0124E+01 -3.3209E+02 -3.5333E+01
0009654   3.0782E+02 -8.4033E+01  1.2231E+01
0009655   1.1669E+02  5.2005E+01  5.7677E+00
0009656   2.6641E+02 -9.9203E+01  9.6182E+01
0009657   3.3474E+02 -1.3639E+02  5.2699E+01
0009658   5.6368E+02  7.1286E+01  9.6329E+01
0009659   2.1571E+02 -1.4707E+01 -1.9239E+02
0009660   4.3583E+02 -2.4082E+02 -9.9871E+01
0009661   1.9012E+02 -4.4583E+01  8.5222E+00
0009662   2.9221E+02  1.1791E+02  2.5515E+02
0009663   3.7179E+02 -1.4669E+02 -7.4879E+01
0009665   2.6827E+02  1.6605E+02 -1.2218E+01
0009666   1.3404E+02 -1.0462E+02  3.3479E+01
0009668   3.1648E+02  8.7158E+01 -2.1003E+02
0009669   1.9545E+02 -8.9026E+01 -1.9990E+02
0009670   1.8204E+02  4.8173E+01  2.0876E+02
0009671   3.1427E+02  1.5190E+02 -1.9575E+02
0009672   3.3811E+02  3.9062E+01  9.1264E+01
0009673   1.5022E+02  5.2215E+01  4.1963E+02
0009674   3.2713E+02  4.1117E+01  1.6702E+02
0009675   3.8698E+02 -2.5126E+02 -1.9420E+02
0009676   8.3286E+01 -3.1278E+01 -1.1194E+01
0009677   2.6546E+02 -8.7255E+01  1.0640E+02
0009678   2.5970E+02  2.4802E+02 -6.5792E+01
0009679   3.6493E+02 -8.7591E+01  2.1681E+01
0009681   1.6263E+02 -1.7015E+01 -2.8928E+01
0009683   2.0390E+02 -1.4758E+02  1.1568E+01
0009684   1.4224E+02 -2.6016E+02  3.3106E+01
0009685   1.8822E+02  3.7493E+01  1.2702E+02
0009686   2.0909E+01  6.7492E+01  2.8159E+02
0009687   5.5706E+02 -2.6083E+01 -3.9083E+01
0009688   1.2467E+02 -2.0757E+01 -1.2001E+02
0009689   5.4382E+02 -4.1141E+01  1.0233E+01
0009690   1.8063E+02  3.0367E+01 -1.1679E+02
0009691   3.5908E+02 -9.4917E+01  4.7090E+01
0009692   1.4906E+02 -1.8285E+02 -3.5814E+01
0009693   3.1996E+02 -3.8094E+01 -6.4855E+01
0009694   1.8101E+02  6.0465E+01  3.0013E+01
0009695   5.3330E+02 -3.5417E+01 -2.3144E+00
0009696   2.3252E+02 -3.8692E+00 -3.6197E+01
0009697   2.6941E+02  2.9303E+01  1.2307E+02
0009698   2.1210E+02 -1.1876E+01  8.4268E+01
0009699   5.4907E+02 -2.6528E+02 -1.1344E+02
0009700   1.7722E+02 -6.2241E+01 -9.3576E+01
0009702   2.6938E+02 -1.4810E+01  1.3220E+02
0009703   2.7777E+02 -5.3414E+01 -2.6384E+02
0009704   1.4399E+02 -1.6687E+02  9.1550E+01
0009705   1.7389E+02  6.6498E+01  5.1495E+01
0009706   1.9978E+01 -4.2676E+01  7.6697E+01
0009707   1.6325E+02  1.4390E+02 -1.1888E+02
0009708   1.5702E+02  3.2002E+00 -2.1175E+02
0009709   5.8561E+01  7.0416E+01 -2.2360E+01
0009710   1.5164E+02  2.1887E+01 -2.8006E+01
0009711   3.8623E+02 -2.9563E+02 -4.6582E+01
0009712   4.2417E+02 -5.1512E+01 -2.9749E+01
0009713   1.0925E+02  2.6736E+01  3.1099E+02
0009714   3.8060E+02  1.2027E+02  2.2131E+02
0009715   9.9714E+01  3.4287E+01 -2.3956E+01
0009716   8.7807E+01  6.7821E+01 -1.3169E+01
0009717   3.5400E+02 -7.8693E+01  2.7912E+02
0009718   1.6016E+02  2.7207E+01 -3.3380E+01
0009720   1.5452E+02  8.6121E+01 -1.3514E+02
0009721   2.8258E+02  2.5487E+02  8.3061E+01
0009722   1.6047E+02 -1.9920E+01  8.5749E+01
0009723   3.8738E+02  2.4438E+01  7.2193E+01
0009724   4.2127E+02 -1.7076E+02  3.2266E+02
0009725   9.2505E+01 -1.5926E+02 -1.5941E+02
0009726   2.2813E+02  8.7638E+01  2.4615E+01
0009727   3.3636E+02  3.0654E+01  5.0745E+01
0009728   2.6440E+02 -1.7298E+02  2.2014E+02
0009729   2.5272E+02 -7.0968E+01  2.1622E+00
0009730   4.9785E+01 -1.3161E+01 -2.0425E+02
0009731   3.6091E+02  5.9310E+01  7.3948E+01
0009732   4.7060E+02  2.6055E+02 -2.7939E+02
0009733   5.2832E+01  3.3177E+01  9.1853E+01
0009734   8.2404E+01 -1.4078E+02 -7.9270E+01
0009735   1.8578E+02  3.6865E+01 -9.8282E+01
0009736   4.6339E+02 -1.6121E+02  1.2097E+02
0009737   1.6071E+02 -6.4298E+01 -1.5697E+02
0009738   1.6337E+02 -8.8169E+01 -6.3937E+01
0009739   2.7185E+02 -1.4487E+00 -5.4167E+01
0009740   4.2961E+01 -5.3936E+01  4.2417E+01
0009741   2.7829E+02 -1.7072E+02 -1.0287E+02
0009742   3.0328E+02  1.7566E+02  1.2156E+02
0009743   6.1629E+01  9.8959E+00 -1.4735E+01
0009744   3.8744E+02  2.8474E+02 -5.6543E+01
0009745   4.6669E+02 -4.6047E+01  1.9179E+02
0009746   1.2904E+02 -7.3999E+01 -2.8119E+02
0009747   4.2571E+02 -1.1187E+02  1.0251E+02
0009748   2.0000E+02  4.4246E+00  8.5074E+01
0009749   4.0423E+02  2.5216E+02 -1.1168E+02
0009750   1.5642E+02  2.7252E+01  2.0992E+01
0009751   2.2054E+02  9.0290E+01  2.4123E+01
0009752   5.4706E+01 -5.6519E+01 -8.6616E+01
0009753   7.4569E+01 -7.6796E+01 -2.0160E+01
0009754   1.3526E+02  2.3745E+01 -8.2217E+01
0009755   5.2214E+02 -2.6046E+02 -2.4730E+02
0009756   1.7760E+02  3.7344E+01  1.5131E+02
0009757   1.5677E+02  1.1057E+02 -6.1265E+01
0009758   4.9374E+02  9.7442E+01  4.4594E+01
0009759   3.9704E+02 -9.1907E+01 -5.9913E+01
0009760   1.1313E+02  9.4871E+01 -5.5371E+00
0009761   1.1974E+02  2.0617E+01  3.5173E+01
0009762   2.6833E+02  5.5460E+01 -2.2135E+02
0009763   4.0754E+02 -1.1239E+02  2.8594E+02
0009764   2.9832E+02 -2.7787E+00  1.8752E+01
0009765   3.0537E+02 -8.3124E+01  2.4286E+02
0009766   3.1354E+02 -6.2540E+01  9.3680E+01
0009767   3.2140E+02  1.0326E+01 -3.6052E+01
0009768   3.0889E+02 -1.0452E+02 -3.2846E+02
0009769   2.8228E+02 -1.9309E+01  1.0768E+01
0009770   3.0085E+02  2.8271E+02 -1.0733E+02
0009771   5.8654E+02  1.1975E+02  1.4594E+01
0009772   1.6188E+02  1.8566E+02  5.5325E+01
0009773   2.3560E+02 -9.3096E+01 -2.1949E+02
0009774   2.7016E+02  1.5895E+01  2.9369E+01
0009775   2.4746E+02  2.6258E+02 -1.6057E+02
0009776   2.4147E+02 -1.3880E+01  3.2390E+02
0009777   5.1883E+01  3.8512E+01 -6.1021E+01
0009778   1.8633E+02 -6.0269E+01 -1.8928E+02
0009779   7.8864E+01  2.3944E+01  2.0503E+01
0009780   2.2104E+02 -1.9581E+02 -1.6191E+02
0009781   3.8072E+02  3.0030E+01  1.8607E+02
0009782   3.9893E+02  8.6532E+01  4.7485E+01
0009783   4.2631E+02  1.6946E+02  3.6094E+01
0009784   2.8643E+02 -8.5538E+01  5.0410E+01
0009785   1.7335E+02  5.0432E+01  9.5793E+01
0009786   1.4437E+02  9.6573E+00 -1.9900E+02
0009787   2.4681E+02 -2.4747E+02 -9.2287E+01
0009788   1.3556E+02  1.6576E+02 -1.8714E+01
0009789   6.4396E+02 -2.7000E+01 -4.1115E+01
0009790   2.8764E+02  8.7280E+01 -2.1760E+02
0009791   1.3511E+01 -5.1919E+01  1.8066E+01
0009792   5.2932E+02 -2.9664E+02  1.4869E+01
0009793   1.8274E+02 -3.7928E+00  1.6762E+02
0009794   1.1234E+02 -1.4215E+02 -4.8574E+01
0009795   4.1501E+02 -8.8620E+00 -1.3628E+02
0009796   3.3696E+02 -1.9765E+02  2.9415E+01
0009798   3.7301E+01 -9.7214E+01  5.5322E+01
0009799   1.5380E+02 -4.0307E+01  3.5220E+01
0009800   8.2115E+01  4.8225E+01 -3.3425E+01
0009801   1.9827E+02 -1.7511E+01  1.2122E+02
0009802   1.4128E+02  4.6743E+01 -1.1482E+02
0009803   4.8163E+01 -2.6592E+02  1.3243E+02
0009804   3.3462E+02 -1.9900E+02  9.1861E+01
0009805   1.1501E+02 -9.1016E+00  4.0823E+01
0009806   3.8630E+02  4.4432E+01 -1.9833E+02
0009807   4.2262E+02  1.2870E+02 -2.4595E+02
0009808   2.2392E+02  1.6381E+02 -7.0459E+01
0009809   6.0902E+02  1.8984E+02  6.1570E+01
0009810   2.2703E+02  1.7564E+02 -1.0800E+02
0009811   7.1967E+01  1.8127E+01 -8.2205E+01
0009812   2.0314E+02  2.8418E+01 -5.8062E+01
0009813   1.1891E+02 -2.7978E+01 -7.2579E+01
0009814   2.7009E+02 -8.7974E+01 -1.1722E+02
0009815   4.2015E+02  2.3029E+02  3.7166E+01
0009816   6.7570E+01  1.1715E+02 -2.6587E+02
0009817   1.2060E+02  2.9265E+01 -1.8910E+01
0009818   5.6933E+01  1.2592E+02  2.5081E+02
0009819   2.5519E+02 -2.3828E+02 -8.8749E+01
0009820   3.9499E+02 -2.4130E+02 -1.3037E+02
0009821   1.4810E+02 -2.3292E+01 -2.1973E+02
0009822   3.0880E+02  1.2875E+02  3.2222E+01
0009823   6.3488E+02 -3.3700E+02 -1.7580E+02
0009824   8.7733E+01  6.0810E+01 -1.3393E+02
0009825   4.2950E+02  1.1414E+02  4.3808E+02
0009826   3.9396E+01 -1.3654E+02  2.4574E+01
0009827   3.1785E+02  4.3718E+01 -2.7377E+02
0009828   5.6039E+02 -5.3758E+01 -1.2418E+02
0009829   2.3931E+02  9.5642E+00  1.9061E+02
0009830   5.7560E+01 -1.7848E+02 -7.5707E+00
0009831   3.0035E+02 -2.7039E+02  1.1340E+02
0009832   3.0248E+02 -3.0011E+02 -8.7217E+01
0009833   6.3773E+02  1.1651E+02  5.0406E+01
0009834   4.6357E+02  7.6434E+01  9.2428E+01
0009835   1.6443E+02 -1.2408E+02 -1.9537E+02
0009836   1.5301E+02 -4.5456E+01 -2.9330E+00
0009837   9.0407E+01 -1.2878E+01  2.3160E+01
0009839   4.6632E+02 -1.1890E+01 -5.1743E+01
0009840   4.8789E+02  1.7674E+02  1.1819E+02
0009841   2.8776E+02 -7.2663E+01  4.8050E+01
0009842   2.4594E+02  3.6685E+02 -1.4467E+01
0009843   4.4034E+02 -6.7203E+01  1.6980E+02
0009844   4.6973E+02  1.8907E+01 -3.5341E+02
0009845   4.8210E+02  6.0153E+01 -9.9216E+01
0009846   1.8729E+02 -4.9901E+01  1.0111E+01
0009847   3.0647E+02 -1.7629E+02 -2.2736E+02
0009849   2.0193E+02  2.0271E+02  1.4140E+02
0009850   2.6870E+02 -7.7032E+01  1.6385E+02
0009851   2.4860E+02 -3.8347E+01 -8.6975E+01
0009852   1.0694E+02 -1.7321E+02  1.4897E+02
0009853   2.2874E+02 -2.0536E+02  2.4282E+01
0009854   1.7570E+02  8.3040E+00  1.0234E+02
0009855   2.0938E+02 -1.6240E+02 -8.0511E+01
0009856   1.5432E+02 -1.0868E+02 -2.6642E+02
0009857   5.1160E+01 -2.4708E+01  3.7932E+01
0009858   4.7708E+02 -2.3809E+02 -6.6907E+01
0009859   3.5606E+02  2.0289E+02 -3.1998E+01
0009860   1.6929E+02 -3.2791E+01 -8.9679E+01
0009861   3.9916E+02  4.6013E+01  8.5774E+01
0009862   4.1214E+02 -2.0937E+02 -2.7460E+01
0009863   4.3568E+02  2.7134E+01  2.3882E+02
0009864   1.0207E+02  7.5978E+01 -2.9134E+00
0009865   3.6494E+02 -2.4010E+02  4.8500E+01
0009866   1.6889E+02 -7.8465E+01 -2.7720E+02
0009868   2.6813E+02 -1.1055E+02  2.6617E+02
0009869   1.9974E+02  1.2579E+02  2.2526E+01
0009870   3.9960E+02  9.2721E+01  4.3007E+01
0009871   1.9077E+02  3.3713E+01  8.3229E+01
0009872   6.6018E+02 -1.3020E+02  3.3673E+01
0009873   1.2751E+02  7.8555E+01  4.4251E+01
0009874   2.4751E+02  2.8215E+02  4.9547E+00
0009875   2.6316E+02 -3.9286E+01 -1.2190E+02
0009876   3.5688E+02  5.2033E+00 -8.0325E+01
0009877   3.8382E+02  1.4955E+02 -7.0244E+00
0009878   2.8456E+02  6.4015E+01 -5.5861E+01
0009879   2.5236E+02 -9.0330E+01 -1.0491E+02
0009880   1.9910E+02  7.1869E+01 -1.8332E+01
0009881   1.2108E+02  2.7459E+01  1.9654E+02
0009882   3.6512E+02 -2.1589E+02 -9.6352E+01
0009883   1.5398E+02 -2.4530E+02  1.8537E+02
0009884   3.3407E+02 -1.0415E+02 -2.1487E+02
0009885   4.0291E+02 -2.5043E+02 -8.0604E+00
0009886   1.0318E+02  6.6115E+01  2.0852E+02
0009887   1.3403E+02 -2.2038E+02  8.4427E+01
0009888   2.2987E+02 -8.5786E+01  6.7894E+01
0009889   3.0103E+02 -6.7468E+01 -5.4122E+01
0009890   3.3077E+02 -5.3930E+01  8.0304E+01
0009891   3.6083E+02 -7.6204E+01 -1.2958E+02
0009892   4.1984E+02  1.8361E+01 -1.4266E+02
0009893   3.2360E+02  3.6853E+01  6.7248E+01
0009894   2.9802E+02 -1.5113E+02 -2.9143E+02
0009895   6.0021E+02 -1.4327E+02 -9.4525E+01
0009896   5.0110E+02  1.6750E+02 -1.0523E+02
0009897   2.3129E+02  2.2203E+02 -1.3308E+01
0009898   3.9923E+01 -8.0288E+01  2.1591E+02
0009899   1.5534E+02 -4.7050E+01 -7.5460E+01
0009900   2.3529E+02  1.9689E+02 -1.7568E+02
0009901   3.9940E+02 -1.2763E+02  6.1788E+01
0009902   2.8073E+02  3.8445E+01 -7.7283E+01
0009903   4.4586E+02 -1.0846E+02 -1.4777E+02
0009904   1.1737E+02  2.9631E+02 -3.7968E+01
0009905   8.7264E+01 -3.5063E+01 -8.6357E+01
0009906   6.1146E+01  7.5444E+01  3.0225E+02
0009907   1.3444E+02 -4.6357E+01 -8.1763E+01
0009908   1.9092E+02 -1.0564E+02 -8.6929E+01
0009909   2.1539E+02  4.5354E+01  1.9441E+02
0009910   1.6050E+02  5.1690E+01  1.4068E+02
0009912   2.6849E+02  7.9676E+01 -1.7160E+02
0009913   1.0955E+02 -5.4524E+01 -2.0869E+02
0009914   2.6805E+02 -4.1890E+01  5.3730E+01
0009915   1.8305E+02 -2.1365E+02  1.8263E+02
0009916   9.3494E+01 -7.3027E+01  2.8295E+01
0009917   1.2409E+02  1.9938E+02  1.6239E+01
0009918   2.1207E+02  1.7190E+02 -9.4864E+01
0009919   3.5023E+02  1.1482E+02  1.3448E+02
0009920   2.4511E+02  1.9148E+01 -1.7650E+02
0009921   8.4803E+01 -1.5603E+01  1.7670E+01
0009922   2.4371E+02  1.2856E+02  1.0476E+02
0009923   3.1671E+02 -8.0645E+01 -6.0610E+01
0009924   4.0996E+02 -1.7007E+01 -1.8052E+02
0009925   4.0353E+02  2.3922E+02  8.7427E+00
0009926   2.1670E+02  8.4662E+00  9.2257E+01
0009928   1.8098E+02 -6.4555E+01  2.1210E+02
0009929   4.1621E+02 -1.5625E+02  1.9075E+02
0009930   2.4322E+02  1.6539E+02 -1.3468E+02
0009931   7.4985E+01 -1.6718E+00  1.3267E+02
0009932   1.2672E+02  1.4397E+02 -2.1776E+02
0009933   1.3385E+02  1.5608E+02 -6.5812E+01
0009934   7.7872E+01 -1.8158E+01 -1.5057E+01
0009935   2.4551E+02  4.8071E+01 -1.2749E+02
0009936   6.1640E+02  2.8816E+01 -3.5131E+01
0009937   1.4639E+02  4.6322E+01  8.5511E+01
0009938   1.6077E+02  1.6386E+01 -8.0082E+01
0009939   1.3065E+02  2.8920E+02  1.5873E+01
0009940   2.5878E+02  7.2929E+01  9.3722E+01
0009941   1.9929E+02 -9.6886E+01 -1.4045E+02
0009942   2.7629E+02  6.8837E+00  4.4453E+02
0009943   9.2841E+01 -4.8663E+02  1.4132E+02
0009944   4.9948E+02 -1.0849E+02 -3.5022E+02
0009945   3.0573E+02 -1.8444E+02  4.0959E+01
0009946   1.9880E+02  1.1255E+02  1.5474E+02
0009947   3.4335E+02 -1.2678E+01 -6.5199E+01
0009948   1.2356E+02  1.5687E+02 -1.6771E+02
0009949   5.7953E+02 -2.9149E+01  4.4882E+01
0009950   3.5416E+02  1.7886E+02  4.1271E+01
0009951   2.4277E+01  4.2768E+01  1.4204E+01
0009952   7.9235E+01  3.3950E+01 -1.6330E+02
0009953   1.6629E+02  1.3582E+01 -2.2613E+01
0009954   3.2280E+02  1.5868E+02  1.5499E+02
0009955   3.7730E+02 -1.0232E+02 -2.0798E+01
0009956   2.6032E+02 -1.3453E+02  1.8568E+01
0009957   3.3663E+02 -8.1613E+01 -1.6114E+02
0009958   2.2621E+02  6.7966E+01  3.1901E+02
0009959   3.3315E+02 -2.3054E+02 -1.2632E+02
0009960   2.3587E+02  1.4673E+02 -6.1925E+01
0009961   5.7323E+02  2.5872E+01  1.2459E+02
0009962   2.0736E+02  1.5960E+02 -4.7014E+01
0009963   2.8235E+02  4.6476E+01  7.7825E+01
0009964   4.3240E+02  9.1158E+01 -2.8140E+02
0009965   2.2128E+02  6.1514E+01  7.8708E+01
0009966   3.5918E+01  1.2004E+02  5.0140E+01
0009967   4.6851E+02  1.2167E+02  1.9999E+02
0009968   3.0059E+02 -1.0550E+02  1.0796E+02
0009969   5.3241E+02 -2.8785E+02  3.5292E+02
0009970   5.6902E+02  3.1011E+02  1.6351E+01
0009971   4.5621E+02 -9.3425E+01  2.3804E+02
0009972   4.4427E+01  1.7890E+02 -1.1051E+00
0009973   1.7169E+02 -1.1379E+02  1.0594E+02
0009974   3.4604E+02 -2.4885E+02 -9.4386E+01
0009975   2.0299E+02  1.6493E+02 -1.3538E+02
0009976   4.2471E+02  2.6739E+02 -3.2600E+02
0009977   5.5006E+02 -4.4399E+01  1.9046E+02
0009978   3.1897E+02 -5.9518E+01  1.0551E+02
0009979   2.3371E+02  1.7610E+01 -2.4567E+01
0009980   2.2817E+02  1.9125E+01 -1.3949E+02
0009981   3.7061E+02  2.9307E+02 -2.4351E+02
0009982   2.5740E+02 -9.2851E+01  7.0313E+01
0009983   2.0133E+02  1.5274E+01  6.7325E+01
0009984   1.4215E+02  8.8028E+01 -1.1332E+01
0009985   4.1419E+02  1.3524E+02 -2.0984E+02
0009986   2.1479E+02  1.0814E+02 -4.3848E+01
0009987   1.0591E+02 -4.6066E+01  8.2488E+01
0009988   1.6714E+02 -1.1049E+02 -3.0460E+01
0009989   1.6240E+02 -2.7889E+01  8.5907E+01
0009990   2.0991E+02 -1.0182E+02 -2.5579E+02
0009991   1.6681E+02 -1.9352E+02  3.5001E+02
0009992   2.7279E+02  4.7492E+01 -3.6413E+01
0009993   3.0033E+02 -1.6947E+02 -4.6880E+01
0009994   3.4982E+02  1.7518E+01  2.2978E+02
0009995   1.9994E+02 -1.1624E+00 -5.3414E+01
0009996   2.2523E+02 -1.6000E+02  2.5045E+01
0009997   1.9810E+02 -1.1092E+02 -1.6274E+02
0009998   4.7210E+02  1.9607E+02  4.7110E+01
0009999   4.9203E+02 -2.9939E+02  9.7207E+01
0010000   3.2607E+02  5.6105E+01 -8.8418E+01
0010001   2.8586E+02 -2.4695E+02  2.0429E+02
0010002   7.8488E+01 -6.1926E+01 -7.6059E+01
0010003   5.2779E+01  9.4541E+01  3.3185E+00
0010004   2.8503E+02  1.7223E+02  6.4534E+00
0010005   1.0721E+02  1.1451E+02 -1.3519E+02
0010006   3.0110E+02 -2.1321E+01 -6.0312E+00
0010007   1.3453E+02 -1.1334E+02  1.1481E+01
0010008   3.1214E+02  9.9829E+01  2.2424E+01
0010009   2.2996E+02 -1.5615E+01 -2.9301E+02
0010010   2.5254E+02  2.6496E+02 -1.0399E+02
0010011   9.6363E+01 -7.1124E+00 -3.2847E+00
0010012   2.0522E+02 -1.1038E+02 -5.6530E+01
0010013   4.7898E+02 -1.9707E+02 -1.3015E+02
0010014   4.5701E+02  3.0215E+02 -1.3138E+02
0010015   1.9747E+02  4.6617E+01  2.1366E+02
0010016   2.2834E+02  5.6617E+01 -1.1998E+02
0010017   4.4969E+02  6.0565E+01 -8.9781E+01
0010018   1.8122E+02  7.4590E+01 -9.6110E+01
0010019   3.2578E+02  8.5953E+01 -5.4279E+01
0010020   6.2280E+02 -2.9841E+01  1.7433E+02
0010021   2.5622E+02  5.8565E+01 -1.2416E+02
0010022   1.9658E+02  2.9980E+01  2.5949E+02
0010023   1.9540E+02  1.8516E+02  1.3751E+02
0010024   4.3969E+02  2.6658E+02 -3.2860E+01
0010025   2.8572E+02 -1.0125E+02  1.9402E+02
0010026   2.4944E+02  3.1849E+00  8.4764E+01
0010027   5.2018E+01  1.1658E+02  2.3900E+01
0010028   3.7672E+02  6.0088E+01 -8.4854E+01
0010029   3.4356E+02  1.0918E+00  4.6881E+00
0010030   2.2628E+02  1.5897E+02  4.2548E+00
0010031   8.5312E+00 -6.3906E+00 -4.1589E+01
0010032   4.2278E+02 -2.1887E+02  3.1305E+02
0010033   3.8994E+02  2.2974E+02 -1.1211E+00
0010034   3.9240E+02 -8.8908E+00  1.8302E+02
0010035   1.7696E+02  1.1315E+02  7.5776E+01
0010037   1.1299E+02  1.7652E+02 -1.2884E+02
0010038   4.3278E+02 -5.9497E+00  1.6383E+02
0010039   1.5820E+01 -2.0106E+02  1.7528E+01
0010040   1.5315E+02 -7.0144E+01  1.3643E+02
0010041   2.4057E+02  6.7266E+01 -9.8448E+01
0010042   9.9487E+01  1.2761E+02  9.4070E+01
0010043   3.2652E+02 -1.0061E+02  2.6842E+02
0010044   2.1691E+02  5.8391E+01 -2.6700E+01
0010045   1.9323E+02 -4.8903E+01 -6.2812E+01
0010046   3.5935E+01 -6.3812E+01 -1.1789E+02
0010047   2.7061E+02  1.2825E+02  1.5226E+02
0010049   3.1341E+02  1.4303E+02  8.6174E+01
0010050   5.7198E+01  7.2648E+00 -1.3447E+02
0010051   4.5096E+02  1.3502E+02  5.4747E+01
0010052   1.5622E+02 -1.0480E+02 -5.1537E+01
0010053   1.5615E+01  1.6606E+01  2.4153E+02
0010054   2.8932E+02 -7.0763E+01  2.0648E+02
0010055   3.0035E+02  1.0793E+02  1.5103E+02
0010056   3.9772E+02 -5.1500E+00 -5.9632E+01
0010057   4.2150E+02  1.1000E+02 -1.7050E+01
0010058   3.9323E+02  4.0887E+01  9.1754E+01
0010059   1.8609E+02 -1.4530E+02 -5.4342E+01
0010060   4.7516E+02  1.1471E+02  5.3082E+01
0010061   4.1194E+02 -1.3487E+02  1.8736E+02
0010062   3.2974E+02  3.8504E+01  1.0932E+02
0010063   1.7715E+02 -1.3800E+02 -1.4808E+02
0010064   6.7072E+02 -1.3125E+01  1.6569E+02
0010065   3.6129E+02  1.4067E+02 -1.3331E+02
0010066   3.2803E+02 -1.6327E+02 -1.1909E+02
0010067   2.4411E+02  4.3230E+01  1.8323E+01
0010068   2.2577E+02  2.5382E+02 -1.9324E+02
0010069   3.5992E+02  3.2980E+01 -1.4023E+02
0010070   3.9039E+02 -1.1582E+02 -1.3166E+02
0010071   4.8635E+02  2.5554E+02  1.9972E+02
0010072   4.0204E+02  1.5578E+02  2.3394E+02
0010073   3.4568E+02 -1.0919E-01  1.5851E+02
0010074   3.8616E+02  3.4116E+01  6.5969E+01
0010075   2.3414E+02 -1.2659E+02  3.1952E+01
0010076   2.9324E+02  2.0355E+02  2.2762E+02
0010077   9.6705E+01  1.5686E+02 -1.1245E+02
0010078   6.6622E+02 -9.7158E+01  2.0928E+01
0010079   6.6904E+01  4.5866E+01 -1.4174E+01
0010080   1.8737E+02 -1.6923E+02  1.4778E+02
0010081   2.7996E+02  1.4031E+02 -1.5398E+02
0010082   1.6766E+02 -6.8033E+01  1.3102E+02
0010083   4.3142E+02 -8.0921E+01 -1.6533E+02
0010084   2.3446E+02  5.3738E+01 -1.3373E+02
0010085   2.0932E+02 -1.2172E+02 -9.6031E+01
0010086   1.3509E+02 -1.3147E+01  3.5614E+01
0010087   3.8516E+02 -8.0134E+01  3.2359E+01
0010088   1.4113E+02 -5.0840E+01  8.7576E+00
0010089   1.1244E+02 -1.0756E+01 -1.6646E+02
0010090   2.9306E+02 -1.1900E+02  8.6309E+01
0010091   1.0804E+02  1.0154E+02  3.3097E+01
0010092   3.6839E+02  9.3537E+01 -2.7126E+02
0010093   1.7539E+02 -2.5885E+02  4.3360E+01
0010094   2.8390E+02 -8.8416E+01  1.9276E+02
0010095   2.4110E+02  1.1919E+02  6.6598E+00
0010096   3.3991E+02  1.1071E+02 -1.5076E+01
0010097   5.0863E+02  3.8277E+01 -7.5822E+01
0010098   4.5715E+02 -2.4122E+02  1.1668E+02
0010099   2.6222E+02  5.4176E+01  4.3476E+02
0010100   2.2716E+02 -1.0277E+02  2.2158E+02
0010101   4.5131E+02  6.5922E+01  1.5779E+02
0010102   2.8700E+02  3.3031E+01  1.8324E+02
0010103   5.4176E+02  1.1235E+02  1.3658E+02
0010104   4.4824E+02  1.9240E+02  1.5949E+02
0010105   3.5517E+01 -1.6634E+00 -5.8271E+01
0010106   6.8442E+02 -7.6451E+01 -1.4994E+02
0010107   3.9967E+02  2.9841E+01 -1.5019E+02
0010108   9.9699E+01 -7.6845E+00  1.0023E+01
0010109   1.8699E+02 -1.0742E+01 -1.0458E+02
0010110   1.7309E+02  3.1842E+01  1.3795E+01
0010111   9.1013E+01 -1.2314E+02 -1.8957E+01
0010112   2.0984E+02 -4.7822E+01 -2.1015E+02
0010113   2.3663E+02  1.4819E+01  2.8864E+01
0010114   7.5172E+01  5.8383E+02 -4.4038E+01
0010115   8.2183E+01 -9.3395E+01 -4.7356E+01
0010116   3.1290E+02  1.6096E+02 -9.5965E+01
0010117   4.6717E+02  9.2284E+01  1.8224E+02
0010118   1.9415E+02 -1.5698E+01 -3.9149E+01
0010119   1.9959E+02 -9.1694E+01 -1.4642E+01
0010120   3.3361E+02 -9.5302E+01 -4.3383E+01
0010121   2.9933E+02  8.5417E+01 -2.7374E+02
0010122   1.3377E+02 -2.0208E+01 -1.7731E+02
0010123   3.9657E+02 -2.6379E+02  3.1232E+01
0010124   1.5310E+02 -2.9827E+01 -5.3626E+01
0010125   2.5332E+02 -4.3811E+01  2.8377E+01
0010126   5.0137E+02 -4.2362E+02  1.2619E+02
0010127   3.4205E+02 -6.7524E+01 -8.4022E+00
0010128   3.5413E+02 -8.0393E+01  3.7338E+01
0010129   6.0339E+01  1.8056E+02 -3.4087E+01
0010130   4.4138E+02  6.9420E-01 -1.1213E+02
0010131   4.1332E+02  3.4016E+01 -7.2490E+01
0010132   3.3440E+02  1.5564E+02 -1.7249E+02
0010133   6.6659E+01 -4.4793E+02 -1.0635E+02
0010136   2.3910E+02  1.7708E+01  9.9094E+01
0010137   9.2392E+01  4.7357E+01 -8.2543E+01
0010138   8.1235E+01 -3.1982E+01 -2.6806E+02
0010139   1.1149E+02 -1.3638E+02 -1.2929E+02
0010140   2.2350E+02  1.1220E+02  1.2192E+02
0010141   3.1771E+02  3.0877E+02  4.9406E+01
0010142   3.8067E+02  7.2238E+01 -2.7627E+02
0010143   4.1200E+01 -2.0863E+02  4.8700E+01
0010144   2.0773E+02  6.9168E+01  1.8677E+02
0010145   1.1908E+02 -3.4467E+02 -6.3654E+01
0010146   1.7848E+02 -1.3243E+02  8.0106E+01
0010147   2.5277E+02 -3.9217E+02  1.7157E+02
0010148   3.5228E+02  5.1864E+01  9.7119E+01
0010149   2.8003E+02  1.4867E+02 -3.8028E+01
0010150   1.9882E+01  4.6545E+01  1.6180E+01
0010151   4.0104E+02  1.5866E+02 -5.0719E+01
0010152   3.0478E+02 -1.2178E+02  8.2903E+00
0010153   4.4427E+02  8.0990E+00  9.7243E+01
0010154   2.5596E+02 -3.0659E+01 -1.2543E+02
0010156   1.3326E+02 -5.7691E+01 -2.2066E+02
0010157   4.0454E+02 -1.4709E+02 -5.9089E+01
0010158   1.9282E+02  1.0834E+01  2.7830E+02
0010159   3.0000E+02  1.0891E+02 -3.6654E+01
0010160   3.7556E+02 -2.0192E+02 -7.6056E+01
0010162   2.4960E+02  4.3642E+01  9.3029E+00
0010164   4.6495E+02 -2.4593E+02  1.7709E+02
0010165   2.0114E+02 -1.6769E+02 -6.8036E+01
0010166   4.0035E+02  6.0608E+01 -5.9995E+01
0010167   3.6646E+02 -7.1758E+01  2.6625E+02
0010168   9.8563E+01 -8.3624E+01 -9.0558E+01
0010169   4.0621E+02 -2.6975E+02 -1.2086E+01
0010170   1.1450E+02  2.0241E+00  8.0232E+01
0010171   9.3768E+01 -1.2594E+02 -4.1999E+01
0010172   2.1360E+02 -2.0013E+02 -5.8827E+00
0010173   3.9998E+02 -1.7755E+02 -1.0530E+02
0010174   1.7004E+02 -2.6771E+02  5.3838E+01
0010175   3.3096E+02  7.3207E+01  2.4027E+01
0010176   1.9217E+02  2.2503E+02  2.2438E+01
0010177   5.1118E+02  1.0217E+01 -8.8762E+01
0010178   4.0972E+02  6.3658E+01  5.6390E+01
0010179   1.6830E+02 -1.4352E+02 -2.7266E+02
0010180   2.9037E+02  4.4871E+01 -3.5921E+02
0010181   2.2256E+02 -4.7900E+01 -5.7718E+01
0010182   1.9854E+02  5.0463E+01  2.7504E+02
0010183   3.0292E+02 -6.9603E+00  1.8388E+02
0010184   2.3300E+02 -1.4937E+02 -7.2166E+01
0010185   2.8346E+02 -9.0507E+01 -2.1987E+01
0010186   1.1350E+02  5.3709E+01 -8.3132E+01
0010187   3.1371E+02  8.3413E+01 -4.7736E+01
0010189   4.5065E+02 -3.2638E+02  9.4411E+01
0010190   1.0705E+02 -3.6225E+01 -5.1088E+01
0010191   1.7568E+02 -7.4214E+01 -1.2024E+02
0010192   1.3873E+02 -1.3101E+02  1.0231E+02
0010193   1.0786E+02  1.1895E+02 -2.2438E+01
0010194   2.4152E+02  7.8710E+01  1.6011E+02
0010195   2.4985E+02 -1.0375E+02  2.4251E+02
0010196   4.2370E+02  1.4540E+02  6.7057E+01
0010197   1.7471E+02 -7.3581E+01  1.6381E+02
0010198   3.7552E+02  7.7071E+01 -3.5543E+02
0010199   2.9216E+02 -2.8371E+01 -3.3176E+02
0010200   3.1399E+02 -2.8247E+01  1.3015E+02
0010201   4.0985E+02  3.6443E+01  1.2733E+02
0010202   1.3758E+02  7.3448E+01  1.5590E+02
0010203   1.5683E+02  1.4557E+02  3.5697E+01
0010204   2.1578E+02 -6.0292E+01  2.4438E+02
0010205   8.2820E+01 -4.1567E+01 -4.1184E+01
0010206   4.3489E+02  8.9157E+01 -5.7322E+01
0010207   4.0721E+02 -5.7359E+01 -7.2585E+01
0010208   2.1791E+02  6.2765E+00  2.1457E+02
0010209   2.2187E+02 -1.1420E+02 -1.0776E+02
0010210   4.9945E+02  2.1532E+02  1.3622E+02
0010211   4.6063E+02  7.2385E+00 -1.6417E+02
0010212   1.6479E+02 -1.2255E+02 -1.1128E+02
0010213   2.2264E+02 -2.1107E+02  1.3218E+02
0010214   1.4259E+02 -1.0428E+02  5.1282E+01
0010215   3.9378E+00 -4.9173E+01  8.7818E+01
0010216   5.0277E+02  5.8237E+01  3.3350E+01
0010217   1.2188E+02 -1.3005E+01 -1.0354E+02
0010218   1.7465E+02 -1.6379E+02  6.8606E+01
0010219   4.1069E+02  1.5671E+02 -1.3215E+01
0010220   2.8288E+02 -9.4417E+01  1.3143E+02
0010221   4.0149E+02  5.2521E+01 -5.0745E+01
0010223   4.3691E+02  8.7935E+01 -4.3662E+01
0010224   1.4300E+02  5.3179E+01 -3.0254E+01
0010225   2.8143E+02  4.7675E+00 -1.4062E+02
0010228   4.8612E+02 -1.1610E+02  1.3469E+02
0010229   2.0483E+02 -6.5816E+01  4.4968E+01
0010230   1.4205E+02 -3.1168E+01  5.3624E+01
0010231   3.0220E+02  1.0312E+02 -9.3466E+01
0010232   2.4001E+02 -1.8652E+02 -1.2100E+02
0010233   2.2250E+02  7.4808E-01  2.2802E+01
0010234   2.8244E+01 -2.1039E+01  1.5587E+02
0010235   3.0317E+02  5.7014E+01  4.3612E+01
0010236   4.5501E+02 -3.4402E-01 -9.0001E+01
0010237   4.9307E+02 -1.7796E+01  1.1685E+02
0010238   2.2021E+02 -2.1614E+02  4.5705E+01
0010239   5.5416E+02 -3.4568E+02 -5.1807E+01
0010240   1.5393E+02 -1.5095E+00 -1.1318E+01
0010241   1.4450E+02  1.3794E+02 -3.6641E+02
0010242   4.7476E+02 -6.0392E+01 -1.0620E+02
0010243   2.8654E+02 -9.2885E+01  1.0185E+02
0010244   3.2414E+02 -6.1041E+01 -1.2369E+02
0010245   6.9741E+01  2.2797E+02 -1.1869E+02
0010246   1.9974E+02  1.8518E+02  1.2860E+01
0010247   2.0618E+02  6.8168E+01  8.1652E+01
0010248   2.8402E+02  1.2298E+02  5.6277E+01
0010249   5.1399E+02 -3.0059E+01 -1.0634E+02
0010250   1.9152E+02  2.7919E+00 -1.2721E+02
0010251   2.0564E+02  2.4472E+02 -5.3619E+00
0010252   4.9298E+02  2.6834E+02 -4.8216E+01
0010253   3.3180E+02  1.3886E+02  2.7817E+02
0010254   2.6747E+01  1.6156E+02 -3.9838E+01
0010255   2.8701E+02 -5.2661E+01 -2.0741E+02
0010256   1.0434E+02  1.8064E+02  1.1755E+02
0010257   3.7917E+02  5.9383E+00 -5.5552E+00
0010258   2.4616E+02  9.8435E+01  4.2055E+01
0010259   5.0389E+02 -9.7198E+01 -5.9224E+01
0010260   9.3934E+01 -3.1545E+02  2.5865E+02
0010261   1.2141E+02 -8.6685E+00  1.3513E+02
0010262   3.2535E+02  1.8788E+01  3.2821E+01
0010263   3.9954E+02  2.9946E+02  3.5250E+01
0010264   4.9934E+02 -1.2244E+02  1.5165E+02
0010265   9.4733E+01 -6.7529E+01  8.5256E+01
0010266   2.3584E+02  3.1212E+00  6.6498E+01
0010267   3.3985E+02  9.2266E+00 -3.9509E+01
0010268   6.7243E+02  9.0190E+01 -1.1478E+02
0010269   2.1328E+02 -1.7813E+02 -6.4269E+01
0010270   1.8048E+02 -1.3601E+02  9.7890E+01
0010271   1.3490E+02 -1.7075E+02 -1.6929E+02
0010272   1.3764E+02 -3.1413E+01  1.4988E+02
0010273   6.0180E+02  2.0973E+02  5.2248E+02
0010274   2.1482E+02 -1.6262E+02 -1.1837E+02
0010275   2.0298E+02  9.4184E+01  9.8323E+01
0010276   2.2067E+02 -2.8917E+02 -5.6497E+00
0010277   2.0733E+02  9.4584E+01  9.6917E-01
0010278   1.5228E+01 -5.6768E+00 -1.5902E+00
0010279   2.5864E+02 -2.0750E+02 -6.9554E+01
0010280   3.1021E+02 -2.3189E+02  5.2798E+01
0010281   3.3033E+02 -6.2209E+01  2.6316E+02
0010282   1.4040E+02 -3.6682E+02 -2.2042E+02
0010283   9.8312E+01  5.1518E+01 -7.3263E+01
0010284   1.9725E+02  1.7739E+00 -1.5816E+02
0010285   1.0810E+02  1.5811E+00 -1.0785E+02
0010286   2.6829E+02  2.7661E+02 -3.1172E+02
0010287   3.5744E+02  2.2366E+02 -2.2215E+01
0010288   1.9498E+02 -9.1104E+01  1.8869E+02
0010289   4.4342E+02 -1.1055E+02  1.5968E+02
0010290   3.3265E+02  2.3972E+02  1.0776E+02
0010291   5.9657E+02 -6.3113E+00 -2.4286E+02
0010292   2.9411E+02 -8.1520E+01  1.1634E+01
0010293   1.3502E+02  6.1066E+01 -5.1140E+00
0010294   1.9430E+02 -1.2151E+02 -1.1159E+02
0010295   2.7698E+02 -3.1182E+02 -7.2688E+01
0010296   2.8263E+02 -1.6426E+01  1.1432E+01
0010297   1.1239E+02 -1.7337E+02  1.1279E+01
0010298   2.2804E+02 -3.1220E+01  3.2611E+02
0010299   2.2420E+02 -4.7133E+01 -7.9172E+01
0010300   4.2088E+02  2.6233E+02  2.3555E+02
0010301   1.2173E+02  1.4071E+02 -6.1752E+01
0010302   3.9711E+02  1.6670E+02  1.7423E+01
0010303   3.3983E+02 -4.3649E+01  1.2495E+01
0010304   2.0410E+02 -2.1078E+02 -2.5263E+01
0010305   4.0209E+02 -1.1205E+02 -2.6291E+01
0010306   3.2827E+02  4.9307E+01  2.3246E+02
0010307   5.3006E+02  1.0317E+02 -1.2383E+02
0010308   3.9387E+02 -2.5686E+02 -3.0738E+02
0010309   2.7209E+02 -2.0107E+02  1.1316E+02
0010310   3.2392E+02 -1.5506E+02  3.0810E+01
0010311   4.2770E+02 -1.4729E+02  2.1369E+02
0010312   3.6326E+00  1.5138E+02 -4.9932E+01
0010313   1.8806E+02  6.1077E+01  1.0540E+02
0010314   9.0842E+01 -5.6727E+00  1.4623E+02
0010315   2.4148E+02 -2.4565E+02 -7.3122E+01
0010316   4.7831E+02 -7.3302E+01  2.4054E+01
0010317   3.1911E+02  3.0811E+01  4.3205E+01
0010318   1.5965E+02  5.7754E+01  1.7767E+01
0010319   1.1595E+02 -1.7825E+02 -3.6970E+01
0010320   4.3309E+02  1.5288E+02  1.2241E+02
0010321   1.2107E+02  1.3674E+02 -3.0590E+01
0010322   1.2187E+02  2.1371E+02 -1.2031E+02
0010323   1.1350E+02  1.7394E+01 -8.2805E-01
0010324   3.3571E+01 -9.5440E+01  5.1280E+01
0010325   1.7909E+02  3.8084E+01  4.9796E+01
0010326   7.9836E+01 -4.7607E+01 -4.5173E+01
0010327   4.3404E+02  5.8777E+01  1.0273E+02
0010328   1.3702E+02  1.1610E+02 -5.1798E+01
0010329   3.0651E+02  2.7350E+02  4.7633E+02
0010331   1.2521E+02 -2.4631E+02 -2.1023E+02
0010332   3.8346E+02 -2.1856E+02 -1.1707E+02
0010333   4.5131E+02 -1.4511E+02 -1.0475E+02
0010334   2.6809E+02 -4.3488E+01  1.1340E+02
0010335   2.4240E+02  5.7455E+01 -5.2570E+00
0010336   2.1822E+02 -1.6785E+02  2.3432E+02
0010337   2.3230E+02 -1.2266E+02 -6.8094E+01
0010339   2.1434E+02  3.1918E+01  5.4256E+01
0010340   2.0181E+02  1.8284E+02 -2.5058E+02
0010341   2.5052E+02 -1.6433E+02 -3.3220E+01
0010342   3.8351E+02  2.2754E+02  1.6174E+01
0010343   4.3243E+02 -1.8032E+02 -1.1052E+01
0010344   1.4003E+02  6.6049E+01  5.2187E+02
0010345   1.2456E+02  2.7162E+01  3.0873E+01
0010346   8.3853E+01 -3.3518E+01  4.7606E+01
0010347   7.1349E+01  9.1942E+01  6.2195E+01
0010348   1.1143E+02  1.7056E+02 -3.7894E+01
0010349   3.6811E+02  2.3713E+02  1.9933E+02
0010350   2.1523E+02  2.0829E+02 -3.2631E+01
0010351   1.6039E+02  1.3183E+01  3.0597E+01
0010352   1.0399E+02  4.7953E+01  5.4643E+00
0010353   4.7379E+02 -6.4455E+01  1.4092E+02
0010354   1.2281E+02  3.8977E+01  6.6378E+01
0010355   1.3851E+02 -1.4441E+02  6.9709E+01
0010356   1.6999E+02 -5.0597E+01 -1.7491E+02
0010357   1.0690E+02 -2.2852E+02  5.0888E+01
0010358   1.2716E+02 -4.7502E+01 -1.4054E+01
0010359   1.6668E+02 -9.2567E+01 -2.2003E+01
0010360   2.4814E+02 -1.7409E+00  7.4155E+01
0010361   4.7868E+02 -2.3527E+01  1.8090E+02
0010362   2.7187E+02 -5.5902E+01 -2.7248E+02
0010363   2.3611E+02  2.2298E+02  3.4026E+01
0010364   4.8672E+02  1.0232E+02  9.7893E+01
0010365   7.5027E+02  4.0310E+01 -2.3598E+02
0010366   3.1702E+02 -6.4201E+01  7.2970E+01
0010367   1.3938E+02 -2.1753E+01 -1.3258E+01
0010368   1.8484E+02  1.0093E+02 -7.5310E+01
0010369   1.4004E+02 -9.9223E+01 -1.7516E+02
0010370   7.1966E+01  5.7383E+01 -8.3868E+01
0010371   1.6709E+02  1.2532E+02  1.0960E+01
0010373   7.0415E+01 -2.7244E+01  5.8963E+00
0010374   2.2261E+02  1.4510E+02  7.1600E+00
0010376   1.4726E+02 -5.4883E+01  2.7544E+02
0010377   1.9078E+02  1.2722E+02  2.2139E+01
0010378   2.1579E+02  1.5223E+02 -1.1551E+02
0010379   4.5502E+02  3.6335E+01  7.8555E+01
0010380   4.7467E+02  1.0875E+02  6.2766E+01
0010381   2.5930E+02 -1.2626E+02  3.1098E+01
0010382   5.0319E+02  2.5653E+02  6.5528E+01
0010383   2.0815E+02  2.7711E+02  9.4608E+01
0010384   1.2091E+02 -1.0836E+02 -1.7165E+02
0010385   2.8176E+02  6.6809E+01  1.2553E+00
0010386   2.9402E+02 -1.3304E+02 -8.8252E+01
0010387   2.4032E+02  3.5866E+01 -7.0431E+01
0010388   1.1406E+02  1.1639E+02 -1.0813E+02
0010389   2.6143E+02  6.8513E+01 -1.0509E+02
0010390   2.2237E+02 -3.7136E+01  3.1175E+01
0010391   3.3176E+02 -1.2896E+02  5.1173E+01
0010392   3.5490E+02  6.4696E+01 -2.0248E+02
0010393   7.0094E+01 -2.9338E+01  5.7036E+00
0010394   4.4630E+02  1.5011E+02  2.2293E+02
0010395   4.7450E+02  1.8013E+02  1.0163E+02
0010396   1.2221E+02 -8.2269E+01 -7.5440E+01
0010397   4.8707E+02  2.7846E+01  3.0359E+01
0010398   3.2268E+01  3.0621E+02 -1.5825E+02
0010399   4.0156E+02  3.0806E+02 -1.2028E+02
0010401   2.3695E+02  7.9848E+01  9.4485E-01
0010402   4.0447E+02 -1.2843E+02 -8.4874E+01
0010403   2.9687E+02  1.7927E+01 -1.8561E+02
0010404   2.8401E+02  1.3563E+02  2.5403E+01
0010405   2.4004E+02  1.6519E+02  6.9208E+01
0010406   3.6996E+02  1.7384E+02 -7.2630E+01
0010407   2.5336E+01  1.4802E+02 -1.2446E+02
0010408   3.8364E+02  1.3220E+02  1.4794E+02
0010409   3.7041E+02  1.1481E+02 -1.2431E+02
0010410   1.2848E+02  1.4844E+02 -1.6423E+01
0010411   2.4487E+02 -2.2572E+02  2.5464E+01
0010412   5.2115E+02  1.2100E+02 -1.4023E+02
0010413   7.8725E+00  7.1923E+01  1.2910E+02
0010414   3.3641E+01  7.4850E+01 -2.0893E+01
0010415   3.3404E+02  9.8374E+01 -1.4884E+02
0010416   2.5715E+02  3.8569E+02 -7.7134E+01
0010417   2.5497E+02 -1.7618E+02 -5.3913E+01
0010418   8.7520E+01 -1.1137E+00 -1.0328E+02
0010419   1.0832E+02 -5.9244E+01  1.0229E+01
0010420   1.8819E+01 -2.0222E+01  5.0662E+01
0010421   3.4884E+02  5.1156E+00 -1.7011E+02
0010422   1.9052E+02 -5.1397E+01 -1.0150E+01
0010423   5.8740E+01  2.3027E+01  1.2701E+02
0010424   1.3304E+02 -1.1859E+02 -1.5952E+02
0010425   1.6289E+02  5.8062E+01 -4.4611E+01
0010426   3.6094E+02  2.1978E+02 -2.2898E+02
0010427   5.5144E+02  7.8985E+01 -3.3871E+01
0010428   5.3262E+01  9.4176E+01  2.0656E+02
0010429   2.3947E+02 -1.4758E+01 -1.4149E+02
0010430   2.5759E+02  1.7277E+02 -1.4222E+02
0010431   1.0242E+02  1.5650E+02 -5.3197E+01
0010432   8.3974E+01 -3.0330E+01 -2.5825E+01
0010433   3.1253E+02 -1.3392E+02  3.9760E+02
0010434   4.2863E+02 -2.7635E+02 -6.0907E+01
0010435   7.8460E+01  7.2852E+01 -3.2460E+01
0010436   2.5658E+02 -1.2463E+02 -8.2484E+01
0010437   4.9443E+02  8.8101E+01 -8.9979E+01
0010438   5.6325E+02  6.9576E+01  1.7895E+02
0010439   1.2139E+02  2.0165E+02 -9.0026E+01
0010440   2.5661E+02 -4.4509E+02  6.8002E+01
0010441   1.3458E+02 -5.6166E+01  6.0626E+01
0010442   2.5921E+02  2.5777E+02  6.7704E+00
0010443   1.1018E+02 -5.5510E+01 -9.3333E+01
0010444   3.4054E+02  1.6731E+02 -1.3835E+01
0010445   3.5177E+02  1.8224E+02  6.8788E+01
0010446   1.8325E+02 -1.9165E+02 -7.1835E+01
0010447   3.5403E+02 -2.0546E+01 -1.6686E+02
0010448   5.0737E+02 -3.6599E+02 -3.8694E+02
0010449   4.4928E+02 -2.2449E+01 -1.2741E+02
0010450   4.7928E+02  3.1770E+01 -1.1834E+02
0010451   1.1905E+02  5.4727E+01  5.3920E+01
0010452   1.3819E+02 -2.4397E+01  3.1445E+02
0010453   1.6815E+02 -3.0382E+01  5.3964E+01
0010454   7.6666E+02  3.6660E+02  8.2167E+00
0010456   2.3508E+02 -2.1366E+00  1.7945E+01
0010457   1.1069E+02 -9.3207E+01  2.1075E+02
0010459   1.5536E+02 -2.1839E+02 -1.4264E+02
0010460   9.3952E+01  9.9176E+01 -1.0135E+02
0010461   1.2477E+02  2.4983E+02 -6.5241E+01
0010462   4.4387E+02  3.6998E+01 -1.7829E+01
0010463   5.8496E+02 -2.3737E+02  4.6133E+00
0010464   3.1670E+02 -9.1169E+01  1.5385E+02
0010465   4.7617E+02 -1.7385E+02  1.1436E+02
0010466   7.9849E+01  9.5986E+01 -6.8174E+01
0010467   3.0775E+02  1.1656E+02  1.1243E+02
0010468   2.4594E+02 -9.4889E+01  1.1515E+02
0010469   6.2884E+01  7.5216E+01 -7.4000E+01
0010470   1.3783E+02 -5.8569E+01 -1.5609E+02
0010471   3.9438E+02 -3.0181E+01 -5.4330E+01
0010472   3.6936E+02  3.0067E+02  1.5547E+02
0010473   4.5345E+02 -9.2463E+01  1.5720E+02
0010474   1.7772E+02 -8.1757E+01 -1.0696E+02
0010475   4.1194E+02 -9.2434E+01  3.1744E+02
0010476   3.2223E+02  1.8804E+02  1.0107E+02
0010477   1.4063E+02 -6.6535E+01 -7.3543E+01
0010478   2.7304E+02  7.1823E+01 -2.9860E+01
0010480   1.2345E+02  1.0390E+02  3.8769E+02
0010481   6.2887E+01  4.4269E+01  1.8199E+01
0010482   2.0049E+02  1.2291E+02  4.8150E+00
0010483   2.0019E+02  1.0017E+01  7.0990E+01
0010484   1.3986E+02 -2.6540E+01 -5.0556E+01
0010485   1.1036E+02 -3.6312E+01 -1.8478E+01
0010486   1.6096E+02  1.4073E+02 -1.3994E+02
0010487   2.9686E+02 -9.4147E+01  8.9862E+01
0010488   1.7735E+02 -1.2362E+02  1.6673E+02
0010489   1.1730E+02 -1.2938E+02  1.7595E+02
0010490   9.3296E+01 -1.5070E+02  2.1183E+01
0010491   5.2481E+02  5.5184E+01  3.3939E+02
0010492   3.7555E+02  4.1692E+01 -2.1661E+02
0010493   1.4054E+01 -1.4400E+02 -2.0416E+02
0010494   4.6957E+02  6.2577E+01 -4.0995E+00
0010495   5.9746E+02 -3.8590E+01 -1.9504E+02
0010496   2.3120E+02  1.4805E+02 -2.4224E+02
0010497   2.1220E+02  3.9001E+01  4.2566E+01
0010498   5.1948E+02 -2.1628E+02 -1.0846E+02
0010499   5.4224E+02 -1.9327E+02  3.3754E+01
0010500   6.3042E+01 -1.8395E+02 -2.2625E+02
0010501   4.6725E+02 -2.0864E+01  1.3488E+02
0010502   3.6866E+02  1.5115E+02  6.9012E+01
0010503   2.2032E+02  6.5616E+01 -5.2011E+01
0010504   8.7649E+01 -5.7851E+01 -7.0578E+01
0010505   9.4951E+01  6.0396E+01  1.8373E+01
0010506   3.2691E+02  1.0241E+02 -2.8529E+02
0010507   2.0557E+02  1.2497E+02  1.1439E+02
0010509   2.7706E+02 -2.2561E+02 -5.6586E+01
0010510   1.7425E+02  4.6931E+01  3.8159E+01
0010511   1.4721E+01 -9.3022E+01 -2.2378E+02
0010512   2.0641E+02 -1.1507E+02 -1.1703E+02
0010513   2.1868E+02 -5.9810E+01  1.3175E+02
0010514   3.5034E+02  1.4051E+02 -1.4552E+02
0010515   9.3915E+01  2.6290E+01 -2.1453E+02
0010516   1.7954E+02 -1.0426E+02 -1.7334E+02
0010517   2.4515E+02 -1.0615E+02  2.8593E+01
0010518   3.4554E+02 -1.7324E+02 -6.6926E+01
0010519   2.9931E+02 -2.3260E+02  8.6949E+01
0010520   1.5747E+02  4.6771E+01  1.6037E+02
0010521   8.1367E+01  4.7784E+01 -2.8065E+02
0010522   2.5813E+02  8.5731E+01  2.2978E+02
0010523   1.1580E+02  9.7351E+01  7.6418E+01
0010524   2.9530E+02  5.0044E+01 -9.0278E+00
0010525   3.4986E+02 -9.5201E+00  2.5085E+02
0010526   1.7117E+02  2.5712E+01 -2.7374E+01
0010528   3.5504E+02  2.8998E+02 -1.1496E+02
0010529   3.9006E+02  8.8799E+01 -1.0044E+02
0010531   3.3238E+02 -5.4174E+01 -7.4313E+01
0010532   1.0417E+02 -3.7975E-01  3.8542E+00
0010533   9.8197E+01  1.4458E+01  1.0886E+02
0010534   4.5781E+02 -1.7649E+02 -7.5446E+01
0010535   3.4881E+02  6.9183E+01 -6.9514E+01
0010536   3.9291E+02  6.4767E+01  1.0415E+02
0010537   3.5560E+02  2.5894E+02  2.2842E+01
0010538   2.0252E+02  4.2325E+01 -9.0673E+01
0010539   1.1497E+02  1.0232E+02 -7.7142E+01
0010540   2.1695E+02  3.6813E+01  4.4775E+01
0010541   4.5940E+02 -1.6151E+02  6.2205E+01
0010542   5.1721E+01 -6.5890E+01  7.3937E+01
0010543   2.5659E+02 -9.6865E+01 -6.4819E+01
0010544   2.3676E+02  5.1041E+01  1.5285E+02
0010545   3.3664E+02  6.7498E+01 -5.4783E+01
0010546   5.9421E+02 -4.1659E+02 -8.7232E+01
0010547   5.5309E+02 -2.8390E+01  3.4658E+01
0010548   4.4754E+01 -2.7628E+02 -1.8328E+02
0010549   4.8067E+02  1.6480E+02  1.2200E+02
0010550   1.0809E+02 -8.0546E+01 -7.0574E+01
0010551   2.0178E+02  2.7566E+02  2.0408E+02
0010552   3.1513E+02 -1.2007E+02 -3.0885E+02
0010553   4.9489E+02  1.8720E+02 -2.0217E+01
0010554   2.3814E+02 -1.4571E+02 -2.2993E+02
0010555   1.6406E+02 -7.7305E+00 -1.4295E+01
0010556   2.5936E+02  3.1096E+01 -1.1241E+01
0010557   4.0879E+02  4.3127E+00  4.4475E+00
0010558   1.9123E+02 -6.4339E+01  1.3860E+01
0010559   1.6967E+02  8.9247E+01  6.6045E+01
0010560   5.8132E+02 -2.3135E+01  6.2735E+01
0010561   1.9486E+02 -7.3122E+01  1.4703E+01
0010562   2.0170E+02  1.1061E+02  1.0595E+02
0010563   3.6327E+02 -9.8247E+01  1.0312E+02
0010564   9.8785E+01  4.9357E+01 -2.8629E+01
0010565   4.0492E+02  1.1232E+02  1.6414E+02
0010566   3.4460E+02 -9.7208E+01 -8.4968E+01
0010567   4.1208E+02  3.0957E+01 -7.6715E+01
0010569   1.0595E+02  8.6051E+01  3.4695E+01
0010570   3.4924E+02  1.0255E+02 -1.2787E+02
0010571   3.2651E+02 -3.1411E+01 -8.0192E+00
0010572   2.5861E+02 -1.8612E+01 -1.9387E+02
0010573   4.0370E+01  4.3858E+02 -2.6597E+02
0010574   1.6316E+02  1.7681E+02  3.0119E+02
0010575   4.4125E+02 -8.6526E+01 -1.0734E+01
0010576   2.7790E+02  1.8143E+02  2.0008E+02
0010577   4.5832E+02 -5.8238E+01  1.6708E+01
0010578   1.5612E+02 -1.3583E+02 -1.5140E+01
0010579   3.0207E+01 -1.7951E+02  1.0742E+02
0010580   1.2890E+02 -7.8093E+01 -5.0444E+01
0010581   2.7106E+02 -3.0859E+01 -2.4734E+02
0010582   1.1296E+02  2.8209E+02 -1.2821E+02
0010583   6.9880E+02 -5.1426E+01 -2.4908E+00
0010584   3.0192E+02  3.3529E+01 -1.7959E+02
0010585   8.7408E+01 -3.9154E+02  1.3106E+02
0010586   8.8155E+01 -1.3629E+02  2.5516E+02
0010587   1.8915E+02  2.8061E+01 -2.5180E+01
0010588   9.6017E+01  6.5350E+01 -9.5591E+01
0010589   3.2300E+02 -7.4109E+01 -1.8720E+02
0010590   2.4563E+02 -6.4393E+01  2.5064E+02
0010591   2.5886E+02  1.1999E+01 -1.3206E+02
0010592   6.6651E+02 -2.4338E+02  1.5166E+02
0010593   2.2309E+02 -1.0702E+02  2.5549E+02
0010594   1.4071E+02 -7.1556E+01 -4.7487E+01
0010595   4.6497E+02 -6.6885E+01 -2.1406E+02
0010596   2.4790E+02  7.6032E+00  1.4011E+02
0010597   2.1261E+02 -1.8964E+01  5.7771E+01
0010598   3.0676E+02  1.3093E+02 -1.2792E+02
0010599   4.1314E+01  1.1464E+02 -3.2390E+02
0010600   3.5965E+02  8.8898E+01 -5.3183E+01
0010601   2.9546E+02  1.9065E+01 -8.8238E+01
0010602   6.6624E+01 -7.2459E+01  1.6455E+02
0010603   4.4849E+02 -2.2017E+02  8.4872E+01
0010604   2.1095E+02 -2.4794E+02  1.1611E+02
0010605   2.7147E+01 -2.3787E+01 -1.0329E+01
0010606   9.7066E+01 -3.5211E+01  7.6189E+01
0010607   2.5998E+02  6.0624E+01  3.0284E+02
0010608   1.7617E+02  1.0149E+02  6.6906E+01
0010609   3.1384E+02 -2.8604E+02  6.5424E+01
0010610   4.0716E+02 -3.0436E+01 -1.5627E+02
0010611   3.8525E+02  1.6154E+02  7.1953E+01
0010612   2.8685E+01 -6.2010E+01 -1.0419E+00
0010613   5.3041E+02 -9.2317E+01  2.9707E+02
0010614   3.5579E+02 -7.3553E+01  1.2349E+02
0010615   3.5123E+02 -1.7797E+02 -6.6899E+01
0010616   5.1214E+02 -2.4931E+02  4.3205E+01
0010617   3.5084E+02  2.5092E+02 -1.7313E+02
0010618   3.7729E+02 -1.3382E+02  9.8769E+01
0010619   3.6822E+02 -2.0166E+02  1.1871E+02
0010620   1.2728E+02 -3.7011E+01 -7.6909E-01
0010621   6.7582E+02 -6.2006E+01  2.2061E+02
0010622   4.5648E+02 -2.3296E+02 -6.0041E+01
0010623   2.6148E+01 -2.3075E+01  2.1726E+02
0010624   5.6130E+02 -8.9577E+01  4.4147E+01
0010625   2.1449E+02 -1.9088E+02  2.8999E+02
0010626   3.3516E+02 -8.8388E+01  2.7200E+02
0010627   1.9449E+02  1.6742E+02  1.7041E+00
0010628   2.7736E+02 -4.5184E+02  8.4609E+00
0010629   2.2082E+02  2.4097E+02 -6.4604E+01
0010630   2.7090E+02 -2.9033E+01  3.1702E+02
0010631   1.6666E+02  1.2390E+02 -7.6849E+01
0010632   7.2161E+01  7.9766E+01  1.0235E+02
0010633   3.2858E+02  9.9203E+01  6.1907E+01
0010635   3.6771E+02  2.1092E+00  9.4460E+01
0010636   2.3578E+02 -5.0664E+01  1.1397E+02
0010637   2.1226E+02  1.1081E+02 -2.4336E+02
0010638   7.0371E+01  6.5342E+01  5.1911E+01
0010639   1.5880E+02 -1.1494E+02  4.4056E+02
0010642   3.1567E+02  1.8812E+02  8.8988E+01
0010643   2.2718E+02  1.7405E+01 -4.4454E+01
0010644   3.6840E+02 -1.1258E+02 -1.1327E+02
0010645   1.5902E+02 -1.5792E+02 -4.1934E+01
0010646   3.6887E+02  2.4848E+02  2.0114E+01
0010647   3.7631E+02 -1.6185E+02 -4.8423E+00
0010649   3.8850E+02 -4.9136E+00  5.0372E+01
0010650   2.0743E+02  6.0631E+01  6.6943E+01
0010651   1.1760E+02 -6.7521E+01  6.7447E+01
0010652   2.1608E+02  1.5549E+02 -1.0795E+02
0010653   3.2127E+02 -9.6309E+01  1.8002E+02
0010654   3.2826E+02 -3.1505E+01  1.4254E+02
0010655   2.0276E+02  1.2442E+02 -1.1555E+02
0010656   3.9521E+02  9.5618E+01 -2.4018E+02
0010657   4.9937E+02 -1.0442E+02 -5.3443E+01
0010658   1.4048E+02 -9.1065E+01  1.1848E+02
0010659   3.4674E+02  1.9428E+01 -1.5367E+02
0010660   1.8984E+02 -8.3810E+01 -1.1793E+02
0010661   3.2484E+02  6.3659E+01  1.8032E+02
0010662   4.3764E+02  6.2597E+01 -2.3003E-01
0010663   2.8893E+02 -1.0972E+02  6.8077E+01
0010664   1.0134E+02 -6.7911E+01 -7.8835E+01
0010665   2.5023E+02 -1.3677E+02 -1.3036E+02
0010666   5.2976E+02 -4.4819E+01 -6.2367E+01
0010667   4.6328E+02  3.0859E+02 -9.7155E+01
0010668   4.7051E+02 -3.1337E+02  7.2967E+01
0010669   2.9768E+02 -1.3123E+02  1.9242E+02
0010670   1.0646E+02 -1.4178E+02 -2.1867E+02
0010671   2.4659E+02  2.1950E+02 -1.0269E+02
0010672   3.6981E+02 -4.5575E+01  1.8699E+01
0010673   2.0811E+02 -4.4395E+01 -7.4983E+01
0010674   1.7044E+02  1.3651E+02 -1.1172E+02
0010675   1.9924E+02 -2.2491E+01 -2.4987E+02
0010676   2.0622E+02 -1.6357E+02  2.1411E+02
0010677   1.7517E+02  1.7555E+02 -2.4577E+01
0010678   3.6444E+02  1.7803E+02  3.4896E+01
0010679   4.0859E+02  2.1188E+02 -1.6292E+02
0010680   8.3942E+01  2.9040E+01  6.2518E+00
0010681   2.8252E+02  1.3910E+02  1.5589E+02
0010682   4.3677E+02 -1.8662E+02 -1.2817E+02
0010684   1.6938E+02  3.9055E+00 -6.2734E+01
0010685   7.9914E+01 -4.7179E+00  5.3381E+01
0010686   2.0388E+02  4.8422E+01  4.4900E+01
0010687   2.8755E+02 -1.4871E+02  5.8000E+01
0010688   3.7330E+01 -3.2234E+01  1.9097E+01
0010689   1.1974E+02  1.1640E+02 -1.0627E+02
0010690   4.6166E+02  1.2415E+02 -4.0379E+01
0010691   3.6423E+02 -1.2847E+02 -1.5541E+02
0010694   6.3566E+02  5.2767E+00  7.9579E+01
0010695   4.3985E+02  1.6823E+02  5.7089E+01
0010696   4.4970E+01  1.4852E+02 -3.0204E+00
0010697   2.4993E+02 -1.9436E+02  1.2620E+02
0010698   2.6483E+02 -1.1116E+02 -3.6338E+02
0010699   5.3976E+01  1.8094E+02  1.6960E+00
0010700   2.7576E+02  1.5348E+02 -2.2342E+02
0010701   3.4002E+02  1.2902E+02  1.7071E+02
0010702   3.6059E+02  1.5311E+02 -8.9394E+01
0010703   3.8815E+02  6.5925E+01  1.1735E+02
0010704   2.1521E+02 -2.1753E+02  3.3428E+02
0010705   3.0518E+02  1.7332E+01 -2.2713E+01
0010706   1.3067E+02 -3.8552E+01 -1.5141E+02
0010707   2.7038E+01  3.7985E+01  8.0058E+01
0010708   8.0286E+01 -2.5160E+01 -1.4055E+02
0010709   2.2960E+02 -6.3101E+01 -2.8929E+01
0010710   2.4891E+02  8.1271E+01 -3.2272E+01
0010711   1.3748E+02  2.0379E+02 -1.2646E+02
0010712   2.3058E+02 -1.0433E+02 -5.1750E+00
0010713   4.4671E+02 -1.7989E+02 -1.7554E+01
0010714   5.1954E+02 -2.8214E+02  1.9555E+02
0010715   1.1813E+02 -2.4045E+02 -6.4225E+01
0010716   9.5830E+00 -9.3304E+00 -6.0027E+01
0010717   1.2278E+02  1.7641E+01  1.6682E+01
0010718   3.2951E+02  2.8157E+02  5.1471E+01
0010719   1.3637E+02  9.7161E+01  1.0784E+02
0010720   2.1447E+02 -2.4941E+02  2.5852E+01
0010721   2.9082E+02  1.9873E+02  1.7738E+02
0010722   4.0628E+02 -3.2059E+01  1.2978E+02
0010723   3.3416E+02 -2.7347E+02  2.5235E+02
0010724   3.8370E+02 -1.2712E+02 -2.1853E+02
0010725   2.6470E+02  1.6473E+02  7.6974E+01
0010726   3.9925E+02  3.4895E+02  2.4193E+02
0010727   4.0024E+02  4.7464E+01  1.3113E+02
0010728   2.6245E+02 -6.7866E+01  4.2584E+01
0010729   3.4742E+02 -3.3504E+01  4.8421E+01
0010730   3.5410E+02  2.6336E+02 -6.7727E+01
0010731   2.9177E+02  8.5642E+01 -1.3360E+02
0010732   1.3759E+02  1.0700E+02  4.0675E+01
0010733   3.9419E+02  2.9375E+02 -2.5906E+01
0010734   1.9831E+02  1.1753E+02  1.7301E+02
0010735   2.6535E+02 -2.3603E+02  2.6540E+02
0010736   3.4933E+02  8.0611E+01  1.7219E+02
0010737   1.9926E+02  1.1211E+01 -2.3958E+02
0010738   4.5378E+02  3.2922E+01 -1.3601E+02
0010739   5.0119E+01 -2.8792E+02 -2.0098E+02
0010740   7.4785E+01  1.5477E+02 -2.7383E+02
0010741   4.5521E+01 -2.1374E+01 -1.1822E+01
0010742   3.7972E+02  9.5761E+01  6.3907E+01
0010743   2.6270E+02 -2.5712E+01 -1.1667E+01
0010744   4.7529E+02  5.1635E+02  9.2638E+01
0010745   1.7299E+02  1.4043E+02 -3.0411E+01
0010746   2.4714E+02 -8.6817E+01 -5.0672E+01
0010747   2.8616E+02 -1.6397E+02 -1.7486E+01
0010749   1.9350E+02  7.9953E+01 -5.2886E+01
0010750   2.2834E+02 -2.2681E+02 -1.9181E+02
0010751   3.7719E+02 -2.8354E+02 -1.1404E+02
0010752   1.5679E+02  1.2582E+00 -1.1575E+02
0010753   2.8213E+02  1.5100E+02  9.4819E+01
0010754   1.5713E+02 -4.4629E+00 -1.0860E+02
0010755   2.1490E+02 -1.3144E+02  3.7110E+01
0010756   2.0776E+02 -1.0516E+02 -1.7073E+01
0010757   3.2573E+02  9.9177E+01 -8.2874E+00
0010758   2.5717E+02 -4.4412E+01  1.6090E+02
0010760   1.2562E+02 -5.9955E+01 -1.1378E+02
0010761   3.6665E+02 -9.7495E+01 -1.2091E+02
0010762   2.8298E+02 -7.4393E+01  6.6879E+00
0010763   4.1995E+02 -1.1057E+01  2.0329E+01
0010764   4.9951E+02  1.4015E+02 -6.1448E+01
0010765   2.2918E+02  1.5044E+02 -1.4989E+01
0010766   4.8320E+02  1.1021E+02 -1.2786E+02
0010767   5.0899E+02  9.2216E+01  4.7869E+01
0010768   1.6088E+02  8.9603E+01 -6.0166E+01
0010769   1.7129E+02  1.0885E+02 -1.8243E+02
0010770   3.1140E+02 -6.2790E+01 -4.8620E+01
0010771   2.7534E+02 -6.2541E+01 -1.3664E+02
0010772   3.8637E+02 -7.4703E+01  2.7051E+02
0010773   3.5191E+02 -1.1219E+02 -5.8745E+01
0010774   1.4808E+02  4.4391E+01  1.0872E+02
0010775   3.0145E+02 -1.6168E+00 -2.1479E+01
0010776   1.5965E+02 -1.3279E+02  6.7616E+01
0010777   3.8048E+02 -2.7501E+02  1.2834E+01
0010778   3.0462E+02 -6.6003E+01 -1.9459E+02
0010779   3.0876E+02  1.7133E+02 -2.1790E+02
0010780   3.3954E+02 -7.6446E+01  1.1250E+02
0010781   3.5587E+02  6.0677E+01  1.4263E+02
0010782   2.1395E+02  2.1630E+02  5.8072E+01
0010783   8.7309E+01 -7.4057E+00  6.9325E+00
0010784   5.4638E+01 -5.6499E+01  1.0545E+02
0010785   2.8336E+02  3.8175E+02  1.7709E+01
0010786   7.8771E+01  2.6465E+01  9.8552E+01
0010787   3.3266E+02  7.0885E+01  5.4363E+01
0010788   3.2489E+02  1.9023E+02  8.5136E+01
0010789   3.3072E+02 -1.6207E+01  4.2659E+01
0010790   4.5226E+02  4.1255E+01  1.0205E+02
0010791   1.9408E+02 -1.6061E+02 -1.1940E+02
0010792   1.0067E+02 -2.5878E+02  4.3317E+01
0010793   4.0085E+02 -1.9580E+02  8.9881E+01
0010794   1.6054E+02 -3.3070E+01  3.4488E+01
0010795   3.0899E+02 -6.2836E+00 -1.3618E+01
0010796   3.8173E+02 -1.0640E+01  4.6892E+00
0010797   7.0039E+01  2.1779E+01 -5.9974E+01
0010798   3.1308E+02 -2.1468E+02  1.4987E+01
0010799   1.4570E+02 -1.0062E+01  6.0337E+01
0010800   3.9138E+02 -6.1773E+01  2.6598E+02
0010801   1.5477E+02  5.4973E+01 -9.6372E+01
0010802   6.5838E+01  2.0606E+02  1.1714E+02
0010803   3.6624E+02 -5.9564E+01  8.2604E+00
0010804   3.1605E+02  3.6457E+01 -3.5927E+01
0010805   7.8286E+01  8.7891E+01  3.6715E+01
0010806   1.2295E+02 -9.1487E+01  2.7207E+02
0010807   4.2409E+02 -3.1700E+01  9.6954E+01
0010808   2.9850E+02 -1.6673E+02 -1.7131E+02
0010809   1.5429E+02 -2.8577E+02  1.4103E+02
0010810   2.4810E+02 -1.5334E+02 -1.5081E+02
0010811   4.3204E+02  4.0300E+02 -2.1812E+02
0010812   2.2669E+02 -1.2724E+02 -4.9823E+01
0010813   4.2740E+02  1.6049E+01  1.7392E+02
0010814   4.6622E+02 -1.7311E+02 -3.4958E+01
0010815   2.7909E+02  4.8332E+02  2.5993E+02
0010817   3.0946E+02  1.3467E+02 -1.0878E+02
0010818   2.7362E+02  9.5492E+01  1.0429E+02
0010819   3.8303E+02  9.1355E+01 -1.3015E+02
0010820   5.2320E+01 -5.5514E+01 -2.2799E+02
0010821   1.9546E+02  2.6084E+02  1.3328E+02
0010822   3.0069E+02  1.4148E+02 -4.4545E+01
0010823   3.4379E+01  2.3303E+02  1.7010E+01
0010824   4.5712E+02 -1.2814E+02 -4.4080E+00
0010825   1.2736E+02 -1.3946E+01 -1.6811E+01
0010826   3.8398E+02  2.4311E+02  9.0602E+00
0010827   6.1791E+02  2.4692E+02 -9.7458E+01
0010829   2.3672E+01 -5.3762E+00 -3.9964E+01
0010830   2.3393E+02  5.7760E+01 -1.2321E+00
0010831   3.0926E+02 -2.3917E+01  1.0265E+02
0010832   2.7333E+02 -1.2033E+02 -1.1958E+02
0010833   2.0102E+02 -4.7250E+02 -1.2265E+01
0010836   1.1718E+02  1.1913E+02 -2.1450E+02
0010837   5.8589E+02  1.1014E+02 -1.0331E+02
0010838   1.6998E+02 -1.3758E+02  9.0033E+01
0010839   3.6587E+02 -5.0007E+00 -3.6733E+01
0010840   2.1915E+02  4.9025E+00  4.4267E+01
0010841   3.7820E+02  9.5859E+01  4.3096E+01
0010843   1.3748E+02 -3.9073E+02 -1.5019E+02
0010844   9.3487E+01  2.4223E+02  3.2737E+02
0010845   8.0850E+01 -2.0843E+01  8.0299E+01
0010846   1.4520E+02 -4.0190E+01  1.1121E+02
0010847   7.8724E+01  2.3701E+01 -5.7765E+01
0010848   2.9446E+02 -1.5837E+01 -4.1451E+01
0010849   3.6565E+02  3.3390E+01  2.0313E+01
0010851   1.0087E+02 -1.5940E+02  1.4756E+02
0010853   3.0259E+02 -1.3913E+01  1.5551E+02
0010854   2.4913E+02 -2.5132E+02  1.9441E+02
0010855   2.2878E+01 -1.2519E+02 -7.8366E+01
0010856   3.6163E+02 -9.1474E+01 -5.4370E+01
0010857   4.7858E+02 -4.9090E+01  4.9393E+01
0010858   2.2542E+02 -9.8207E+01 -2.1133E+02
0010859   2.8427E+02 -1.3766E+02  3.1356E+00
0010860   3.1942E+02  1.7484E+01 -1.7631E+02
0010861   1.2657E+02 -2.1473E+02  9.0707E+01
0010862   2.4962E+01 -1.4646E+01 -4.4883E+01
0010863   2.8638E+02 -3.3083E+01  1.1943E+02
0010864   4.0973E+02  4.5103E+01 -4.5800E+01
0010865   3.1320E+02  6.7881E+01 -6.8767E+00
0010866   3.7804E+02  8.8151E+01  1.1369E+02
0010867   2.6421E+02  6.5411E+01  4.1422E+01
0010868   2.3220E+02 -1.1819E+02 -2.6458E+02
0010869   3.4219E+02  6.8685E+01 -2.4707E+02
0010870   3.1179E+02 -9.4445E+01 -2.0864E+02
0010871   2.9130E+02  9.0198E+01 -3.0028E+01
0010872   2.8744E+02  4.5488E+01  1.4820E+02
0010873   7.0483E+01 -1.3157E+01 -1.1855E+02
0010874   2.0359E+02  2.1335E+02  8.3594E+01
0010875   5.9625E+01  1.4478E+02 -8.9150E+01
0010876   7.8929E+01  1.0714E+01  2.0239E+02
0010877   2.5160E+02  6.4478E+01  1.0914E+02
0010878   2.4150E+02 -1.4871E+02 -1.7141E+02
0010879   5.9085E+02  1.9586E+02  1.2421E+02
0010880   2.0073E+02  8.2426E+01  7.9383E+01
0010881   1.1931E+02 -1.2342E+02 -4.5134E+00
0010882   3.9356E+01 -2.2805E+01  8.9722E+00
0010883   1.6397E+02 -1.5374E+02  1.0700E+02
0010884   4.1047E+02  7.2372E+01  2.1090E+02
0010885   2.8767E+02 -1.0302E+02  3.3736E+01
0010886   1.1812E+02  1.8796E+02  6.7708E+01
0010887   1.2179E+02 -1.1233E+02 -1.7518E+02
0010888   2.1239E+02  6.4558E+00 -3.0146E+02
0010889   3.1980E+02  1.7625E+01  3.7348E+02
0010890   1.2286E+02 -1.8617E+01  1.1482E+02
0010891   1.3705E+02 -1.0693E+02 -1.0267E+01
0010892   1.0438E+02 -8.8444E+01  1.1044E+02
0010893   6.9722E+01 -3.8842E+01  7.9517E+01
0010894   3.7508E+02  1.6762E+02 -9.3161E+01
0010895   6.9618E+02  2.4205E+00  7.0805E+01
0010896   1.7778E+02 -1.4547E+02 -6.0547E+01
0010897   2.4732E+02  1.2255E+02 -1.9678E+02
0010898   3.0741E+02  1.6333E+02 -1.0117E+02
0010899   1.4937E+02  7.2486E+00 -7.9639E+01
0010900   5.0502E+01  8.6169E+01 -7.7574E+01
0010901   2.3683E+02  1.4944E+01 -1.2511E+02
0010902   1.7978E+02 -6.0551E+01 -3.3634E+01
0010903   2.2465E+02  4.3019E+01 -1.1771E+02
0010905   2.7464E+02  7.7481E+00 -1.9486E+01
0010906   1.9499E+02 -1.0990E+01  2.8316E+02
0010907   2.8785E+02  1.0629E+01  2.0235E+01
0010908   4.9752E+02  2.8453E+02 -3.1768E+02
0010909   3.3845E+02  9.0408E+01  1.6189E+02
0010910   1.8649E+02  8.6871E+01 -7.7554E+01
0010911   4.7945E+02  7.0898E+01 -7.5198E+01
0010912   4.6113E+02  2.4785E+02  1.4279E+02
0010913   1.6088E+02  1.0812E+02  5.5714E+01
0010914   3.7110E+01  5.6509E+01 -1.0029E+02
0010915   4.3832E+02 -2.5546E+02  4.8155E+01
0010916   1.3357E+02 -2.3617E+01 -5.6828E+01
0010917   3.8791E+02  1.6007E+02  5.1487E+01
0010918   1.2919E+02  1.5008E+02  1.1244E+02
0010919   4.2907E+02 -1.6235E+02 -2.7783E+01
0010920   2.3898E+02  1.6481E+02 -9.5923E+01
0010921   2.3085E+02 -1.8802E+02 -8.0551E+01
0010922   2.5915E+02 -2.3739E+01  1.3100E+02
0010923   3.3926E+02  7.7616E+01  5.0221E+01
0010924   1.3046E+02 -1.5801E+02  2.7547E+02
0010925   1.2759E+02  2.7079E+01 -1.7182E+02
0010926   2.0294E+02 -1.7985E+01  4.5946E+01
0010927   2.9858E+01 -9.2040E+01 -1.1274E+02
0010928   2.2529E+02 -3.4219E+02  1.6592E+01
0010929   2.3729E+02  8.6132E+01 -3.9469E+01
0010930   3.0845E+02 -5.9053E+01 -4.7067E+01
0010931   2.8224E+02 -1.7925E+02  1.4548E+02
0010932   2.3425E+01  5.6234E+01 -1.9782E+02
0010933   6.2899E+02 -1.6459E+02 -1.1223E+02
0010934   4.7465E+02  1.4002E+02 -3.0667E+02
0010935   5.9707E+01  2.2635E+01  1.5308E+02
0010937   3.3874E+02 -5.3193E+01  2.8244E+01
0010938   1.5048E+02 -1.1228E+02 -1.3190E+01
0010939   4.1805E+02  9.2149E+01 -1.4787E+01
0010940   3.0749E+02 -2.5897E+01  4.6127E+00
0010941   1.9576E+02  1.4033E+02 -2.0947E+02
0010942   1.3941E+01  4.7475E+01 -2.6734E+01
0010943   2.7401E+02 -3.5555E+02 -4.2293E+01
0010944   5.5013E+01  7.1602E+01 -3.9917E+01
0010945   2.6295E+02  1.3365E+02 -4.3224E+01
0010946   3.4644E+01  3.8956E+01 -9.4266E+01
0010947   5.3979E+02  9.4734E+01 -4.3266E+01
0010948   6.4788E+02 -1.5171E+02  1.3154E+02
0010949   3.7427E+02  6.2605E+01 -7.7302E+01
0010950   5.4015E+02  1.3297E+02  3.7551E+01
0010951   3.6040E+02  1.9476E+02 -3.7720E+00
0010952   5.7541E+02 -7.7475E+01 -1.1307E+02
0010953   4.3590E+02  7.3820E+01 -3.7744E+02
0010954   1.0336E+02 -2.2995E+01  9.7494E+01
0010955   2.2374E+02  2.4572E+02 -9.7731E+01
0010956   2.6686E+02 -1.9308E+02 -9.7952E+01
0010957   3.0814E+02  2.0182E+01  8.8192E+01
0010958   1.7839E+02 -7.4991E+01  5.9415E+01
0010959   4.7307E+02  2.2129E+02  2.7566E+02
0010960   3.8960E+02  1.5894E+02  1.6487E+02
0010961   1.2720E+02 -1.4327E+02  9.7449E+01
0010962   1.4938E+02 -2.9482E+01  1.2464E+02
0010963   2.4884E+02  1.7241E+02 -2.7352E+01
0010964   1.9387E+02 -4.4816E+01 -2.4321E+02
0010965   1.2658E+02  4.7851E+01  1.6748E+01
0010966   2.1261E+02 -8.7433E+01 -3.3275E+01
0010967   2.9623E+02 -4.8619E+01  5.7365E+01
0010968   1.6015E+02  1.7810E+01  5.5872E+01
0010969   4.9914E+02 -6.4921E+01 -7.9144E+00
0010970   7.5950E+01 -2.8778E-01 -3.2866E+01
0010971   1.1312E+02  4.9975E+01  2.0664E+02
0010972   3.4022E+02 -2.4936E+02 -3.3696E+02
0010973   5.1589E+01  4.9112E+01  3.4591E+01
0010974   7.4142E+02 -3.8671E+01 -1.1303E+02
0010975   2.7849E+02 -2.6111E+01 -1.9264E+02
0010976   1.0611E+02 -1.1798E+02 -1.2052E+02
0010977   4.9319E+02 -3.8648E+01  1.1344E+02
0010978   3.7781E+02  2.5767E+01 -2.3365E+01
0010979   1.5569E+02  4.0228E+01 -1.1425E+01
0010980   1.8147E+02  5.1744E+01 -1.3934E+02
0010981   2.2793E+02  2.7338E+02 -1.7799E+01
0010982   1.6877E+02 -2.5154E+01 -3.5771E+01
0010983   2.4971E+02  3.3305E+01  1.3512E+01
0010984   4.7236E+02  4.6649E+01 -1.1943E+02
0010985   1.5246E+02  2.2106E+02 -1.1204E+02
0010986   1.4956E+02 -2.0480E+02  5.3536E+01
0010987   4.6512E+02 -1.9862E+02 -2.0155E+02
0010988   1.6484E+02 -1.4214E+02  3.7258E+02
0010989   1.0324E+02  2.9802E+00 -2.8835E+02
0010990   2.5104E+02  1.0455E+01 -3.1751E+02
0010991   2.9983E+02  4.0480E+01  7.9009E+01
0010992   3.0815E+02 -1.6312E+02  8.0095E+01
0010994   3.7983E+02 -1.5362E+02  2.2274E+02
0010995   3.1521E+02 -8.2387E+01  1.7862E+02
0010996   3.2287E+02  8.7262E+01  1.7022E+02
0010997   4.0296E+02 -3.1981E+02 -4.8399E+01
0010998   2.3861E+02 -1.1772E+02 -1.5764E+02
0010999   2.5054E+02  6.1999E+00  5.4804E+01
0011000   6.5271E+01 -2.5586E+01  1.5959E+00
0011001   9.7623E+01  1.4321E+02 -3.4779E+00
0011002   3.8415E+02  5.6756E+01  2.6912E+02
0011003   3.0397E+02  4.6202E+00 -2.2724E+02
0011004   4.6464E+02 -1.3811E+02  5.8757E+01
0011005   5.0021E+02  2.9530E+01  7.3775E+01
0011006   1.7633E+02 -2.1444E+02 -7.1986E+01
0011007   3.0155E+02  7.7683E+01  7.0825E+01
0011008   2.3313E+02  7.2878E+01  5.4413E+01
0011009   2.9318E+02  2.0055E+02 -1.1403E+02
0011010   3.4476E+02 -1.8940E+02  2.4873E+02
0011011   3.0181E+02 -4.0331E+01  1.5757E+02
0011013   3.9683E+02  1.5809E+02 -1.5918E+02
0011014   7.3755E+01  8.8600E+01  1.7708E+01
0011015   5.9573E+00  7.2556E+01  1.4569E+02
0011016   4.4233E+01 -8.4656E+01 -4.5977E+01
0011017   8.7244E+01  9.3934E+01  1.3403E+02
0011018   5.7719E+02  1.8088E+02 -3.8662E+02
0011019   3.1696E+02 -5.7013E+01 -1.1660E+02
0011020   3.2832E+02  2.9897E+01  2.3606E+00
0011021   2.1250E+02  9.6917E+01 -2.5081E+01
0011022   2.0512E+02 -1.4829E+02  2.8998E+02
0011023   4.0039E+02  2.6289E+02 -8.2859E+01
0011024   1.6500E+02  8.5524E+01  2.1243E+02
0011025   1.7930E+02  4.4176E+01 -4.7263E+01
0011027   4.3643E+02  5.3194E+00  8.2444E+01
0011028   3.9978E+02  3.4654E+02  2.2912E+02
0011029   1.9320E+02  2.9772E+02 -1.2510E+02
0011030   5.3340E+01  1.2705E+02  9.2059E+00
0011031   1.8979E+02  2.3185E+02 -1.0204E+02
0011032   3.5467E+02 -1.7758E+01 -4.6384E+01
0011033   2.3732E+02  5.2727E+01  6.0064E+01
0011034   4.5480E+02 -1.1146E+02  8.8223E+01
0011035   5.0592E+02 -3.0989E+02  8.7393E+01
0011036   2.0161E+02  4.0836E+01 -1.6753E+02
0011037   2.2475E+02 -7.4791E+01 -7.3338E+01
0011038   1.4215E+02  2.3218E+02  2.5979E+02
0011039   3.5181E+02 -4.3411E+01 -2.2591E+02
0011040   9.4839E+00 -1.1051E+02 -2.7995E+02
0011041   1.7226E+02  1.5409E+02 -6.7280E+01
0011042   4.1455E+02  3.1442E+02 -2.2401E+02
0011043   7.3991E+01  1.6997E+01 -3.7848E+00
0011044   5.4458E+01  1.4590E+02 -1.8656E+02
0011046   3.3227E+02 -1.5511E+02 -1.6417E+02
0011047   1.9217E+02 -3.4611E+00 -4.9545E+01
0011048   2.3358E+02 -4.2170E+01  3.5154E+02
0011050   2.5942E+02  1.2938E+02  1.4408E+00
0011051   2.4114E+02 -1.8926E+02 -1.0393E+02
0011052   4.3052E+01  9.8881E+01 -5.6732E-01
0011053   1.1244E+02 -4.0457E+00 -4.3618E+01
0011054   3.1433E+02  7.8007E+01 -1.0403E+02
0011055   2.2099E+02  8.5822E+01 -1.2826E+02
0011056   3.1616E+02 -1.9323E+01 -6.4036E+01
0011057   1.7176E+02 -2.5751E+02 -1.3862E+02
0011058   1.4605E+02 -5.1894E+01  6.8338E+01
0011059   5.1377E+02 -1.5448E+02 -2.0113E+02
0011060   3.1886E+02 -3.1002E+01 -8.4372E+01
0011061   1.7427E+02 -6.2676E+01 -5.8081E+01
0011062   2.8564E+02  2.4341E+02  2.1498E+01
0011063   2.8130E+02  2.2950E+02 -3.0707E+02
0011064   3.4969E+02 -1.5578E+02 -3.7911E+01
0011065   2.9482E+02 -2.8156E+00 -8.5042E+01
0011066   3.9304E+02 -1.0325E+02 -1.7517E+02
0011067   4.5049E+02  2.5900E+01 -2.9761E+02
0011068   5.1144E+02 -5.2401E+01  1.6770E+01
0011069   1.5103E+01  8.9417E+01 -2.6036E+01
0011070   2.6050E+02 -3.6564E+01  1.2717E+02
0011071   3.5373E+02  1.1356E+01 -2.0268E+01
0011072   3.5242E+02  2.0671E+01 -1.0378E+02
0011073   1.1778E+02  1.6584E+02 -4.6732E+01
0011074   7.8368E+01  1.8388E+02 -2.9648E+02
0011075   3.0567E+02  5.4959E+01  1.1293E+02
0011076   2.2823E+02 -9.8536E+01 -2.2295E+02
0011077   3.5430E+02  4.5553E+00  7.8481E+01
0011078   2.2502E+02 -2.8235E+00 -1.1188E+02
0011079   2.0113E+02 -1.6932E+02 -5.7703E+01
0011080   2.1356E+02 -8.1222E+01 -4.3282E+01
0011081   1.8852E+02  1.1232E+02 -5.1146E+01
0011082   3.0569E+02 -1.4611E+02  3.8779E+01
0011083   5.8724E+01 -2.0035E+01  5.9606E-01
0011084   3.0132E+02 -1.2349E+02  2.1954E+01
0011085   2.5181E+02 -3.9723E+01 -1.6175E+02
0011086   1.7551E+02  4.0396E+02  1.4250E+02
0011087   3.8631E+02 -3.7579E+01 -1.5787E+02
0011088   3.8229E+02  2.3029E+02 -7.3603E+01
0011089   2.2198E+02 -2.2572E+02 -5.3194E+01
0011090   8.5430E+01 -3.4784E+01 -7.5721E+01
0011091   2.9306E+02 -3.4887E+02 -2.0940E+01
0011092   3.3913E+02  2.9952E+02 -1.0059E+02
0011093   3.8163E+02  1.4039E+02 -5.3115E+01
0011094   2.1410E+02 -1.6823E+01  2.6293E+02
0011095   4.9854E+02  1.6135E+02  1.0692E+02
0011096   1.0076E+02  1.6536E+02  1.2118E+02
0011097   4.7724E+02  1.5825E+02 -1.2384E+02
0011098   5.9450E+00 -3.2103E+01  2.5720E+01
0011099   2.4590E+02  1.3453E+02 -7.9254E+01
0011100   5.3714E+02  1.2267E+02 -9.8554E+01
0011101   4.8982E+02  1.7674E+02 -2.4264E+01
0011102   2.1028E+02  1.0404E+02  5.1743E+01
0011103   3.9745E+02 -4.5552E+01  2.7903E+02
0011104   1.5881E+02  1.2801E+02  1.1160E+02
0011105   4.0725E+02  1.1271E+02 -1.2810E+02
0011106   1.7610E+02 -5.0421E+01 -3.0687E+01
0011108   1.5531E+02 -1.0659E+02 -3.6165E+01
0011109   4.1892E+02 -2.9633E+01 -1.2479E+02
0011110   2.7243E+02  1.1719E+02 -1.3792E+01
0011111   2.0136E+02  1.8268E+02  2.6933E+00
0011112   4.0865E+02 -7.3323E+01 -2.7628E+02
0011113   2.7035E+02  3.2961E+01  8.3476E+01
0011114   1.2427E+02 -5.7176E+00 -1.9937E+01
0011115   4.4307E+02 -1.0257E+02 -1.8237E+02
0011116   1.3598E+01 -6.3767E+01 -3.7225E+00
0011117   1.9860E+02  5.6059E+01  1.6380E+02
0011118   4.6844E+02 -2.5811E+01  1.8246E+01
0011119   3.0897E+02 -1.0901E+02 -3.4947E+02
0011120   3.5922E+02 -1.9809E+01 -2.3097E+01
0011121   1.5886E+02 -5.8516E+01 -7.8044E+01
0011122   3.8279E+02  4.4739E+02  1.4505E+02
0011123   2.3791E+02 -1.8447E+01 -1.3890E+02
0011124   3.7021E+02  7.6692E+01 -1.1285E+02
0011125   2.0940E+02  3.2291E+01  3.1086E+01
0011126   1.5167E+02 -1.0002E+02 -4.0050E+02
0011127   3.7267E+02  7.8724E+01 -1.1736E+02
0011128   3.3392E+02 -1.0747E+02  4.6999E+01
0011129   3.8571E+02 -9.6880E+01  9.4025E+01
0011130   2.7626E+01 -1.2577E+02 -2.3180E+01
0011131   3.2216E+02 -1.8053E+00 -7.5982E+01
0011132   2.9699E+02 -1.2852E+02 -1.6685E+02
0011133   5.1891E+02  1.9815E+02  2.1265E+02
0011134   2.4029E+02 -7.2264E+01 -2.2223E+02
0011135   3.7999E+02 -2.6402E+01 -3.8666E+01
0011136   2.6645E+02  1.8795E+01  2.2822E+02
0011137   1.3784E+02  8.3271E+01  6.6205E+01
0011138   1.7059E+02  2.2484E+01  3.9426E+01
0011139   1.5938E+02 -1.4266E+02  2.4237E+02
0011140   1.7371E+02  2.4270E+01  9.5900E+01
0011141   3.3239E+02  1.0391E+02 -2.6186E+02
0011142   2.6684E+02 -5.8636E+01 -9.6521E+01
0011143   2.6118E+02  7.6376E+01 -1.0867E+02
0011144   3.3458E+02 -2.3735E+02 -2.4686E+02
0011145   2.0147E+02  5.3833E+01  2.5980E+01
0011146   5.0940E+02 -1.6454E+02 -2.5558E+02
0011147   1.1388E+02 -4.6541E+01 -9.9837E+01
0011148   4.5302E+02 -1.3325E+02 -2.7805E+02
0011149   3.2448E+02 -2.0029E+02  3.7116E+01
0011150   4.9109E+02  1.3168E+02 -2.6119E+02
0011151   3.9531E+02 -1.3602E+02 -2.8060E+01
0011152   4.1550E+02 -1.3179E+02  2.4303E+01
0011153   2.8484E+02  2.0125E+01  4.0966E+02
0011154   1.0972E+02 -9.3599E+00  1.1399E+02
0011155   6.9850E+01 -2.1924E+02 -2.2668E+02
0011156   1.7890E+02 -7.8221E+01  1.2751E+02
0011157   1.0722E+02  1.0225E+02  1.2262E+02
0011158   6.0660E+01  9.8067E+01 -1.6961E+02
0011159   2.4950E+01 -6.2628E+01  1.6832E+02
0011160   1.2540E+02  7.8567E+01  3.6829E+01
0011161   2.3439E+02  2.2078E+02 -1.5532E+02
0011162   2.3839E+02 -1.5658E+02  1.0382E+02
0011163   5.1310E+00 -1.2698E+02  1.4895E+02
0011164   2.9230E+02  5.7183E+01 -4.5759E+01
0011165   1.8899E+02  7.2327E+01  1.0309E+02
0011166   2.0359E+02  6.5172E+01 -6.0781E+00
0011167   4.3419E+02 -5.8228E+01 -3.1340E+01
0011168   1.8360E+02 -7.7674E+01 -1.1588E+01
0011169   1.1175E+02  1.0444E+02 -2.6461E+02
0011170   2.2001E+02  2.7285E+01  1.0714E+02
0011171   2.4613E+01 -1.7754E+01 -3.1971E+01
0011172   1.8025E+02  1.4806E+02 -1.9730E+02
0011173   3.3924E+02 -2.2338E+02  2.1540E+02
0011174   3.8717E+02 -9.8251E+01 -1.0505E+02
0011175   3.3152E+02  8.2872E+00  2.0202E+01
0011176   2.2406E+02  4.2098E+01  9.1901E+01
0011177   2.7175E+02 -1.6240E+02  6.2111E+01
0011178   1.9795E+02 -2.0385E+01  2.4741E+02
0011179   2.4198E+02 -1.2238E+02 -2.7877E+01
0011180   3.7138E+02 -2.6561E+01  4.8009E+01
0011181   2.6494E+02 -2.8567E+02 -5.1432E+01
0011182   2.7255E+02  9.3897E+00 -3.1450E+01
0011183   1.4909E+02  1.6459E+02  4.8194E+01
0011184   4.6147E+02  4.4384E+01  1.2670E+02
0011185   1.2619E+02 -6.2184E+01 -4.6598E+01
0011186   1.1322E+02  1.9405E+01 -1.5203E+02
0011187   3.3988E+02 -2.1805E+02  3.7151E+02
0011188   3.2347E+02 -6.9783E+01 -1.0495E+02
0011189   4.2143E+02  2.5473E+02  1.7258E+02
0011190   5.6705E+02  9.8173E+01 -9.7218E+01
0011191   1.3419E+02  2.0081E+02 -1.2019E+02
0011192   5.3154E+02 -5.0049E+01 -5.9943E+01
0011193   1.6945E+02 -3.6372E+01  1.1761E+02
0011194   5.8582E+02 -1.0580E+02  5.7989E+01
0011195   2.4380E+02 -2.6486E+01 -2.1632E+02
0011196   1.4341E+02 -1.3648E+01 -4.8420E+01
0011197   1.3048E+02 -1.0699E+02 -2.7601E+02
0011198   2.6352E+02  1.0019E+02  3.6608E+01
0011199   1.2323E+02 -1.3409E+02  1.4530E+02
0011200   1.5262E+02  1.7446E+02  3.6409E+01
0011201   3.6395E+02  2.3469E+02  4.9926E+01
0011202   3.9743E+02 -5.0421E+01 -3.9666E+01
0011203   1.5297E+02  1.1373E+01  3.7094E+01
0011206   2.7303E+02 -8.5858E+01  2.0686E+01
0011207   1.2459E+02 -5.1688E+01  1.3217E+02
0011210   2.1610E+02 -1.3890E+02 -3.6365E+01
0011211   3.4777E+02 -4.7656E+01 -1.0731E+01
0011212   4.3699E+02  4.3432E+01 -2.7345E+01
0011213   2.1284E+02  2.1206E+02 -7.2806E+01
0011215   3.5141E+02  5.6406E+01 -3.4892E+01
0011216   2.7578E+02  5.4750E+01  3.6369E+01
0011217   9.0756E+01  3.7797E+01 -5.8516E+01
0011218   4.2290E+02 -9.0899E+01 -1.6913E+02
0011219   5.7282E+02 -3.0111E+02  4.9416E+01
0011220   1.9640E+02  6.8755E+01  2.6201E+02
0011222   1.6160E+02 -1.7851E+02 -1.6855E+02
0011223   1.6760E+02 -2.9927E+02  4.4501E+01
0011224   4.7701E+01 -1.8627E+02 -5.4412E+01
0011225   2.2654E+02  6.8513E+01 -1.0702E+02
0011226   2.3481E+02  2.8016E+01 -3.1698E+01
0011227   1.8919E+02  7.2369E+01  2.4570E+02
0011228   2.3240E+02 -1.0379E+01  1.3557E+02
0011229   7.9694E+01 -1.1667E+02  8.0065E+01
0011230   6.5128E+01 -3.9513E+01  9.6292E+01
0011231   2.8215E+01  2.3983E+02  8.8058E+01
0011233   1.4834E+02  7.6809E+01  2.5198E+02
0011234   4.3938E+02 -6.2617E+01 -1.3678E+00
0011235   9.8238E+01  6.2458E+01 -6.2756E+01
0011236   2.1082E+01  6.1689E+01 -1.0246E+02
0011237   2.1709E+02  7.0720E+01 -1.2577E+02
0011238   2.7433E+02 -4.7777E+00 -1.6173E+02
0011239   1.3097E+02  1.1148E+02 -1.7577E+02
0011240   1.7399E+02  2.3967E+01  5.6412E+01
0011241   2.3563E+02  6.1688E+01 -2.2421E+01
0011242   2.5980E+02  7.1742E+00 -3.9525E+01
0011243   1.5804E+02 -6.6002E+00  2.1417E+01
0011244   3.5907E+02 -2.0270E+02 -5.5703E+01
0011245   3.9984E+02  1.4460E+01 -2.3194E+02
0011246   2.4255E+02  1.7832E+02  3.6251E+01
0011247   3.9474E+02  1.6062E+02  1.5484E+02
0011248   3.7646E+02  8.0304E+01  1.7623E+02
0011249   1.2893E+02  3.5924E+01  6.8662E+01
0011250   3.4938E+02 -1.9360E+02 -1.8208E+02
0011251   1.6582E+02 -4.8851E+01  8.1082E+01
0011252   1.2395E+02  1.9500E+01  4.3298E+01
0011253   4.4296E+02  5.4847E+01 -1.1526E+02
0011254   3.7742E+02 -1.7675E+01  9.6938E+01
0011255   2.1398E+02  4.7632E+01 -8.3705E+01
0011256   1.3158E+02 -1.3293E+00 -3.8024E+01
0011257   1.9333E+02 -1.5187E+02 -3.9737E+01
0011258   5.1682E+02 -2.1205E+02  1.9165E+02
0011259   2.8710E+02  1.2661E+02 -9.7271E+01
0011260   6.0109E+01 -1.3475E+02 -1.5137E+02
0011261   2.5260E+02 -5.1947E+01  6.4774E+01
0011262   6.1361E+01  1.5015E+00 -7.1543E+01
0011263   6.2630E+01 -4.3968E+01  1.2236E+02
0011264   7.7608E+01 -1.4099E+02  1.0819E+01
0011265   1.8603E+02 -1.8418E+02  1.8367E+02
0011266   2.7030E+02  7.9472E+01  3.8067E+01
0011267   2.5709E+02 -1.2551E+02 -1.3249E+01
0011268   2.2575E+02 -5.4712E+01 -7.9432E+00
0011269   4.2360E+02  1.7845E+02 -7.6575E+00
0011270   5.8233E+02  2.3092E+02 -5.6342E+01
0011271   2.2760E+02  1.9104E+02 -5.8644E+01
0011272   3.0784E+02 -2.9173E+02 -1.4639E+02
0011273   3.8254E+02 -4.2797E+01 -2.7749E+01
0011274   2.7818E+02 -1.4637E+02 -6.6608E+00
0011275   2.6730E+02  4.5387E+01 -1.6115E+01
0011276   3.2551E+02 -1.3054E+01  2.8161E+01
0011277   1.4909E+02 -1.8701E+02 -2.0382E+01
0011278   3.4908E+02 -2.0635E+02 -1.5075E+02
0011279   2.8631E+02  7.2171E+01 -4.9248E+00
0011280   1.1706E+02 -6.0598E+01  1.2152E+02
0011281   3.0363E+02  2.9795E+02 -6.1882E+01
0011282   2.5809E+02 -1.1975E+02 -3.6091E+01
0011283   2.2828E+02 -8.5370E+00  3.0024E+01
0011284   1.8546E+02 -8.9324E+01 -1.3499E+02
0011285   4.7680E+02 -4.1580E+01  1.6838E+01
0011286   3.9948E+02 -1.3498E+01 -9.1652E+01
0011287   2.9091E+02  2.4435E+02 -3.0753E+02
0011288   4.2084E+02 -3.0787E+02 -1.0481E+02
0011289   2.5643E+02 -1.4621E+01  2.6421E+01
0011290   2.3356E+02  1.0572E+01  3.1627E+02
0011291   7.2529E+01 -3.1282E+01  1.9813E+01
0011292   5.5517E+02  1.2399E+02  5.8526E+01
0011293   5.6911E+02 -3.0260E+01  6.1416E+01
0011294   3.3140E+02  8.0017E+01  7.8028E+01
0011295   4.0373E+02 -9.0337E+01  1.7605E+02
0011296   4.5233E+02  2.7531E+02  2.8969E+02
0011297   2.3523E+02  5.7050E+01 -4.7736E+01
0011298   3.1770E+02  1.3478E+02  5.1831E+01
0011299   3.1444E+02  2.3021E+00  2.0195E+02
0011300   1.4183E+02 -1.5561E+02  2.4951E+01
0011301   1.0670E+02  1.4820E+02 -1.1407E+02
0011302   2.2194E+02  1.2237E+01  2.1415E+02
0011303   3.2193E+02  3.8026E+01  2.7083E+01
0011304   4.5845E+02  1.8910E+02  1.7028E+02
0011305   2.9760E+02 -1.1640E+02  4.2484E+01
0011306   1.6205E+02 -3.2889E+01  1.0418E+02
0011308   3.7121E+02  7.8154E+00  1.4536E+02
0011309   3.0606E+02 -5.2602E+01  1.1515E+02
0011310   1.0907E+02 -5.4925E+01  5.8504E+00
0011311   2.4081E+02  9.8914E+01 -6.3275E+01
0011312   2.7879E+02 -2.2806E+02 -2.9783E+01
0011313   4.4645E+02 -1.6570E+02  2.1493E+02
0011314   1.9173E+02  1.7252E+02 -1.1034E+02
0011315   3.3045E+02 -1.9648E+02 -1.1095E+02
0011316   2.4854E+02  1.0668E+02  2.1835E+02
0011317   2.1664E+02 -1.4141E+02 -2.2076E+01
0011318   3.2580E+02 -1.1564E+02  1.0157E+01
0011319   8.7888E+01  4.0992E+01  7.6977E+01
0011320   2.6602E+02 -1.4340E+02 -5.8176E+01
0011321   7.2570E+02  2.5781E+02 -5.4175E+01
0011322   3.6254E+02  3.7846E+02 -6.4399E+01
0011323   4.1728E+02  9.5876E+01  1.7143E+02
0011324   2.0802E+02  1.5842E+01  1.2666E+01
0011325   3.4892E+02 -7.0243E+00 -3.1515E+01
0011326   2.3169E+01  2.5499E+02 -3.4851E+02
0011327   4.2173E+02  1.0525E+02 -1.7290E+02
0011328   3.3347E+02  3.5905E+01  1.4017E+01
0011329   3.2114E+02 -1.1373E+01  4.3422E+00
0011330   2.7889E+02  2.2969E+01  6.7534E+01
0011331   3.0823E+02 -1.7324E+02 -2.9334E+02
0011332   1.5088E+02 -4.9451E+01 -1.8429E+01
0011333   5.0530E+02 -2.0710E+02 -5.0608E+02
0011334   2.7040E+02  1.8224E+02  2.3016E+02
0011335   3.0959E+02  4.0670E+01 -3.6475E+02
0011336   2.5546E+02 -1.9113E+02  1.1469E+02
0011337   2.5072E+02  1.5668E+02 -1.7933E+02
0011338   3.4887E+02 -1.8985E+01  1.1137E+02
0011339   1.5139E+02 -7.4633E+01  4.2300E+01
0011340   5.9354E+01  1.2308E+02 -2.6583E+02
0011341   1.3872E+02 -1.9794E+01  1.6737E+02
0011342   1.5844E+02  1.0050E+02  4.2656E+01
0011343   3.3404E+02  5.6607E+01  1.9637E+02
0011344   5.2591E+02 -7.0465E+01  2.2753E+02
0011345   2.5373E+02 -1.2169E+02 -5.4781E+01
0011346   2.6699E+02 -2.2945E+02 -1.3245E+02
0011347   1.6002E+02 -8.5693E+01  2.1720E+01
0011348   6.5544E+02 -1.1126E+02 -1.2168E+02
0011349   3.2368E+02 -1.4520E+01 -1.5961E+02
0011350   2.8818E+02  1.0690E+02  3.3466E+01
0011351   2.6901E+02 -1.7031E+02 -6.6961E+01
0011352   2.5327E+02 -2.0902E+01  2.5807E+01
0011353   3.8957E+02 -1.1246E+02  1.7244E+02
0011354   3.3682E+02 -2.3096E+02 -2.2083E+02
0011355   4.9106E+01 -2.5495E+02 -5.0849E+01
0011356   3.4573E+02 -7.4087E+01 -1.4662E+02
0011357   2.8699E+02 -9.3417E+01 -7.2056E+01
0011358   5.6112E+02  5.2446E+01  6.4849E+01
0011359   1.5165E+02 -2.4466E+02 -2.5389E+02
0011360   1.4389E+02 -8.7477E+01  6.5105E+00
0011361   2.1773E+02 -8.3456E+01  1.1460E+02
0011362   4.2968E+02  2.1651E+01  2.4365E+02
0011363   1.2064E+02  1.7691E+02 -3.2250E+01
0011364   1.4198E+02  3.1150E+01  2.8302E+01
0011365   6.7599E+01 -5.2030E+00  8.9424E+01
0011367   2.8294E+02  1.7059E+01 -9.0418E+01
0011368   6.0988E+02 -2.2997E+02  6.6241E+01
0011370   2.3228E+02  1.0516E+02  3.1667E+02
0011371   1.1319E+02  5.9712E+01 -7.0507E+01
0011372   8.3028E+01  1.7181E+02  1.1915E+02
0011373   3.9162E+02  1.4750E+02  1.6323E+02
0011374   3.9604E+02 -9.5038E+01  2.8163E+01
0011375   2.2739E+02 -4.4255E+01  1.7923E+02
0011377   7.0461E+01  3.9720E+01 -1.7630E+02
0011378   6.0580E+02 -1.1920E+02 -3.3604E+02
0011379   6.6154E+02 -4.3765E+00  9.4518E+01
0011380   2.2205E+02 -5.6820E+01  6.4393E+01
0011381   1.1728E+02  6.2567E+01  4.4052E+01
0011382   2.2973E+02 -8.3571E+01 -3.9824E+01
0011383   2.1897E+02 -1.1555E+02  2.3492E+02
0011384   1.9161E+02  8.2567E+01 -1.6241E-01
0011385   3.7466E+02 -1.4515E+02 -2.2856E+01
0011386   3.0190E+02 -7.6582E+01 -1.3940E+02
0011387   2.1402E+02 -2.6055E+01  1.5624E+01
0011388   2.6660E+02  1.6282E+02 -6.6585E+00
0011389   1.4930E+02  7.0448E+01  1.5614E+02
0011390   3.7495E+02 -1.8151E+01  2.6279E+02
0011391   8.9648E+01  2.4992E+01  3.5137E+01
0011392   1.7111E+02  2.7327E+01  1.1351E+02
0011393   3.9967E+02  2.8888E+01  2.7707E+02
0011394   4.2996E+02 -9.9207E+01  3.4921E+02
0011395   6.0970E+02 -2.5327E+02 -2.8063E+02
0011396   1.0750E+02 -4.9782E+01  8.2150E+01
0011397   4.8420E+02 -7.6464E+00  2.0138E+02
0011399   2.8188E+02  8.3080E+01 -1.8919E+00
0011400   1.9048E+02  3.5333E+01 -2.9064E+02
0011401   4.1279E+02 -2.5641E+01  6.1123E+01
0011402   2.8826E+02 -1.0498E+02 -1.8831E+02
0011403   4.6895E+02  1.9916E+02 -3.0107E+02
0011404   1.7785E+02 -1.1371E+02  8.8990E+01
0011405   2.0111E+02 -4.2067E+01  1.5921E+01
0011406   2.9666E+02 -7.9495E+01 -6.5650E+01
0011407   2.6790E+02  4.2186E+01 -1.6580E+02
0011408   4.2961E+02 -1.5973E+02  7.6003E+01
0011409   3.1865E+02  2.2529E+02  2.9859E+02
0011410   3.9212E+02  9.5227E+01  6.7840E+01
0011411   7.3644E+01  2.8145E+02  8.4940E+01
0011412   1.6570E+02 -3.8984E-01  1.4810E+02
0011413   3.4581E+02 -3.7522E+01  2.8879E+02
0011414   2.0818E+02  3.3595E+01 -1.6045E+02
0011415   1.2000E+02  1.0670E+02 -1.1598E+02
0011416   9.9055E+01  4.0833E+01 -1.0281E+02
0011417   3.4403E+02 -1.4311E+02  2.1200E+02
0011418   8.9178E+01 -3.2954E+01  2.7966E+01
0011419   3.0210E+02 -8.8734E+00 -2.9186E+01
0011420   3.3263E+02 -9.9392E+01  2.3158E+02
0011421   8.4204E+01 -2.4583E+02 -4.1940E+01
0011422   2.0291E+02  8.0498E+01  7.2628E+01
0011423   4.1197E+02 -8.0540E+01  7.0594E+01
0011424   2.5362E+02  4.5322E+00 -1.5786E+00
0011425   7.0031E+02  6.7097E+00  4.6044E+01
0011427   1.5529E+01 -6.2961E+01  5.0699E+01
0011428   4.2546E+02  2.0438E+01  1.1433E+02
0011429   1.8462E+01 -1.1234E+02  3.2551E+02
0011430   1.8010E+02  3.1300E+01  5.8049E+01
0011431   1.2254E+02  8.4297E+01  2.4887E+02
0011432   1.2975E+02  6.3722E+01  6.3020E+01
0011433   2.9204E+02  1.9727E+01  1.3690E+02
0011434   2.1779E+02  1.5411E+02 -1.3876E+02
0011435   5.0543E+02 -9.5957E+01 -1.8184E+02
0011436   3.0171E+02 -4.6634E+01 -3.1715E+01
0011437   4.9374E+02 -2.6613E+02  2.4282E+02
0011438   2.3981E+02  6.5273E+01 -9.5343E+00
0011439   1.0082E+02  8.0772E+01  1.5852E+02
0011440   7.5245E+01 -4.2994E+01 -2.1558E+01
0011441   2.0814E+02  1.5068E+02 -1.0226E+02
0011443   1.8821E+02  1.6581E+02  2.1223E+02
0011444   4.3836E+02 -2.2374E+02  5.0736E+01
0011445   4.0606E+02  4.3766E+00 -1.2440E+01
0011446   2.2882E+02  7.8595E+01  8.2200E+01
0011447   1.0040E+02  1.3715E+02  9.7419E+01
0011448   5.5644E+01 -2.4820E+01 -3.1978E+00
0011449   2.1955E+02  1.6758E+02  5.4940E+00
0011450   3.7661E+02  1.8269E+02  2.1524E+02
0011451   3.9108E+02 -1.7090E+02  2.3110E+02
0011452   3.4127E+02 -6.5093E+01  6.2869E+01
0011453   3.0329E+01 -6.4024E+01 -9.5905E+01
0011454   1.9723E+02  7.7913E+01  3.0780E+01
0011455   3.7532E+02  1.3708E+02 -3.4964E+01
0011456   2.2636E+02 -1.3837E+02  2.3671E+02
0011457   2.7274E+02  7.0173E+01  2.2156E+02
0011458   4.5585E+01  3.1545E+01  4.8570E+01
0011459   1.1025E+02  6.9373E+01 -1.1312E+02
0011460   3.9067E+02 -1.0011E+02  1.3326E+02
0011461   3.1986E+02  1.2918E+01  6.2147E+01
0011462   4.2675E+02 -1.2265E+02  2.5325E+02
0011463   5.1095E+01  1.5203E+01 -1.4945E+01
0011464   4.4368E+02 -1.2498E+02  8.2779E+01
0011465   5.1429E+02  4.8592E+01 -4.5573E+01
0011466   5.7158E+02  3.6314E+02  3.3600E+02
0011467   3.0633E+02  4.6683E+01  6.7907E+01
0011468   5.1821E+02  6.6115E+01 -4.2333E+01
0011469   5.0269E+02  2.0681E+02 -1.8183E+02
0011470   1.2749E+02 -8.2048E+00 -1.3378E+02
0011471   2.7599E+02 -8.0486E+01 -2.1647E+02
0011472   4.7195E+02 -1.6264E+02 -9.7997E+01
0011473   2.4832E+02  6.6008E+01  2.2073E+02
0011474   1.0634E+02 -3.9372E+02 -1.3678E+02
0011475   3.1943E+02  2.4793E+02  2.6873E+02
0011477   2.5900E+02 -3.8879E+01  2.4242E+01
0011478   2.3627E+02 -6.3861E+01 -2.3055E+00
0011479   2.3382E+02 -1.5482E+02  8.5653E+01
0011480   3.1823E+02  2.2950E+02  4.3072E+01
0011481   3.1510E+02 -6.2529E+01 -1.6838E+02
0011482   6.9034E+02  2.9049E+02 -1.1035E+02
0011483   4.9243E+02  1.0970E+01  1.1537E+02
0011484   2.5046E+02  8.1195E+01  1.0354E+02
0011485   2.7739E+02 -1.2824E+01  2.9494E+01
0011486   2.6515E+02 -1.1459E+02 -1.7681E+02
0011487   3.7557E+02 -2.1542E+02 -4.1180E+01
0011489   2.1213E+02  4.4783E+01  3.9628E+01
0011490   4.8495E+02 -1.3202E+02 -1.4843E+02
0011491   2.2651E+02 -1.3222E+01 -7.5906E+01
0011493   1.7122E+02  1.4072E+01 -1.3612E+02
0011494   2.5057E+02 -1.5861E+02  3.3090E+02
0011495   1.0004E+02  1.5825E+02  2.1266E+02
0011496   2.9961E+02 -2.5600E+02 -2.5915E+02
0011497   1.9883E+02  1.8924E+02 -4.1105E+01
0011498   3.2801E+02 -1.3366E+02  1.5666E+02
0011499   3.1983E+02 -1.1421E+02 -2.6201E+01
0011500   5.4305E+02 -1.0988E+02 -5.8081E+01
0011501   1.1157E+02  1.3505E+02 -1.2631E+02
0011502   4.6664E+02  2.1154E+01  3.6630E+02
0011503   5.7423E+02  3.1901E+02 -3.4876E+02
0011504   3.2237E+02  1.6878E+02  8.8492E+01
0011505   1.9789E+02 -9.6679E+01 -2.1625E+02
0011506   4.4747E+02 -1.0213E+02 -1.4722E+02
0011507   2.5468E+02 -6.3752E+01 -3.9490E+01
0011508   2.9128E+02 -3.9918E+01  1.8028E+02
0011509   1.2036E+02  5.1226E+01 -1.1729E+01
0011510   4.3925E+02  4.0819E+02 -3.8092E+02
0011511   1.4608E+02  1.3755E+01 -3.3190E+01
0011512   2.9123E+02 -2.9935E+02 -1.3489E+01
0011513   3.2794E+02  8.6528E+01  1.1146E+02
0011514   8.2797E+01 -4.6016E+01  1.8085E+02
0011515   3.3285E+02  1.1469E+02 -4.1685E+01
0011516   1.9561E+02  1.8651E+00 -3.6206E+01
0011518   4.0165E+02  6.5092E+01 -5.4698E+01
0011519   2.1966E+02  1.1670E+02  1.4529E+02
0011520   4.3295E+01  5.7053E+01  2.2471E+01
0011521   2.3028E+02  3.4913E+01  1.2108E+02
0011522   4.9274E+01 -4.0910E+01 -1.0055E+02
0011523   2.2745E+02 -3.9015E+01 -4.2856E+01
0011524   1.9642E+02  5.5613E+01  4.0794E+01
0011525   3.1743E+02 -9.3517E+01  9.9332E+01
0011526   2.3410E+02  2.3703E+02 -1.2668E+02
0011527   3.3130E+02  1.6631E+02 -2.4003E+00
0011528   2.0499E+02 -3.7265E+00 -1.1777E+02
0011529   2.7656E+02  5.4830E+00  3.2423E+01
0011530   1.4842E+02 -2.0384E+01 -1.6877E+02
0011531   1.4402E+02 -1.0175E+02  3.8332E+01
0011532   1.4022E+02  2.6051E+01 -6.1431E+01
0011533   1.7325E+02  7.9404E+01  2.7641E+02
0011534   2.9177E+02  1.1480E+02 -1.5786E+02
0011536   6.3518E+01 -2.0237E+02 -1.2816E+02
0011537   2.7733E+02  1.1556E+02  1.3397E+02
0011538   3.2717E+02  6.5543E+01 -6.7519E+01
0011539   4.0387E+02 -3.9613E+01  2.6669E+02
0011540   2.0326E+02 -1.7589E+02  1.1377E+01
0011541   2.1359E+02  3.2854E+02  1.9012E+01
0011542   2.5466E+02  4.8764E+01 -2.3499E+02
0011543   4.9402E+01  3.6303E+01 -2.4331E+01
0011544   1.5688E+02 -1.3054E+02  1.0013E+02
0011545   2.0503E+02  2.1860E+01  3.2766E+01
0011546   2.2287E+02 -1.1019E+02  1.7490E+02
0011547   1.5090E+02 -3.5569E+01  7.5632E+01
0011548   3.0483E+02 -2.7192E+01  1.0872E+02
0011549   3.3250E+02  8.6304E+01 -1.3108E+01
0011550   2.0383E+02 -1.0348E+02 -2.9903E+01
0011551   4.3944E+02  1.4329E+02  7.8187E+01
0011552   4.5427E+02  1.7681E+02  2.6572E+02
0011553   2.3172E+02 -8.3546E+01 -1.5195E+02
0011554   1.0005E+02  1.4991E+01 -7.4710E+01
0011555   5.0844E+02 -8.5780E+00  4.1734E+01
0011556   2.0079E+02  3.1245E+01 -1.8856E+02
0011558   2.7101E+02  2.0112E+01  1.6833E+02
0011559   7.5588E+02 -2.8288E+02 -4.7101E+01
0011560   2.6007E+02 -2.9773E+01  1.0484E+02
0011561   5.0666E+02 -1.5419E+02 -2.4272E+02
0011562   7.2341E+01  5.2607E+01 -1.3643E+02
0011563   1.1519E+02 -1.0829E+02  1.9548E+02
0011564   3.7830E+02 -3.1812E+02 -1.1780E+02
0011565   2.5795E+02 -1.0144E+02  1.6026E+01
0011566   1.5644E+02 -1.0847E+01  4.0074E+02
0011567   2.8073E+02 -1.3340E+01  1.9263E+01
0011568   5.1617E+02 -1.0515E+02 -1.7130E+01
0011569   7.7439E+01 -1.0610E+02 -8.8891E+01
0011570   3.4447E+02 -3.7925E+01 -1.2279E+00
0011571   1.3729E+02 -5.0417E+01 -1.8015E+01
0011572   1.6276E+02 -6.4972E+00  2.3166E+01
0011573   4.5227E+02  8.1436E+01  2.7760E+02
0011574   2.5886E+02 -1.9053E+02 -1.8287E+02
0011575   3.7015E+02  1.3640E+02 -2.1443E+02
0011576   3.2550E+02  1.2690E+02  7.1442E+01
0011577   3.5792E+02  1.9824E+01 -1.0900E+02
0011578   3.3600E+02  1.2070E+02  1.8991E+01
0011579   5.2602E+02 -6.8646E+01 -7.8555E+01
0011580   4.8886E+02  8.9715E+01  1.8764E+02
0011581   2.6805E+02  6.9056E+01  2.0641E+02
0011582   3.0052E+02 -3.5420E+02 -2.7540E+01
0011583   2.7931E+02  2.5035E+02 -1.7500E+02
0011584   4.3720E+02 -9.5970E+01  1.7474E+02
0011585   1.4165E+02  2.1592E+01 -1.0419E+02
0011586   5.3049E+01 -3.0252E+01 -1.9711E+02
0011587   1.8356E+02  1.1451E+02  2.2759E+02
0011588   2.7560E+02 -3.1286E+01  7.7140E+01
0011589   3.3806E+02 -3.4278E+00 -1.0447E+02
0011591   3.8590E+01 -3.8563E+01 -4.6690E+01
0011592   2.9245E+02 -4.3104E+01  1.7486E+02
0011593   3.3539E+02 -1.0748E+02  1.3517E+02
0011594   9.3402E+01 -2.3630E+01 -2.3695E+02
0011595   3.4051E+02 -1.3463E+02  8.3971E+01
0011596   3.8421E+02  1.4003E+02 -2.2358E+02
0011597   1.6481E+02  2.1300E+02 -7.3125E+00
0011598   1.3414E+02 -1.9708E+02  6.1234E+01
0011599   1.3732E+02  8.8670E+01 -6.7821E+01
0011600   4.6345E+02  1.1019E+02 -3.4217E+02
0011601   1.8376E+02  7.4607E+01  1.7074E+02
0011602   5.3680E+02  2.4140E+02  1.3130E+02
0011603   1.0301E+02 -2.3595E+01  2.5209E+01
0011604   1.5913E+02 -4.8382E+01  1.0867E+01
0011605   1.6254E+02 -6.7169E+01  4.9916E+01
0011606   2.0516E+02  1.1908E+02  1.9713E+02
0011607   3.4960E+02 -6.0869E+01  8.6321E+01
0011608   3.4361E+01  2.0680E+02 -7.4791E+01
0011609   3.8629E+02  1.0705E+02 -2.0407E+02
0011610   9.8832E+01  5.2394E+01 -8.1459E+00
0011611   3.7485E+02  6.6544E+01  3.5789E+02
0011612   1.5583E+02  1.1258E+02  2.1113E+02
0011613   1.1267E+02 -1.0245E+02 -2.7088E+01
0011614   2.5474E+02 -3.1688E+01  2.5746E+02
0011615   5.2539E+02  3.9238E+01  2.4560E+01
0011616   1.2310E+02  1.3244E+02 -4.7316E+01
0011617   8.9348E+01 -4.3483E+01  1.2551E+02
0011618   2.2327E+02 -4.8167E+01  3.3529E+01
0011619   3.6224E+02  1.7884E+02 -1.4280E+02
0011620   4.6030E+02 -1.8523E+01  7.0939E+01
0011621   3.8783E+02 -5.3355E+01 -2.7131E+01
0011623   3.7911E+02  1.6205E+02  2.9416E+00
0011624   2.2942E+02 -7.7634E+00  3.5648E+02
0011625   3.9228E+02 -2.7084E+02 -1.9036E+02
0011626   1.3520E+02  2.3589E+02  2.7697E+01
0011627   6.4232E+02  2.6776E+02 -1.3247E+02
0011628   2.6591E+02  1.5055E+02 -4.3279E+01
0011629   6.5645E+01 -2.8629E+01  5.0780E+01
0011630   8.9412E+01  6.9452E+00  1.0531E+02
0011631   2.2019E+02  1.1306E+02  1.1651E+01
0011632   2.9808E+02  2.0236E+02 -1.4964E+02
0011634   4.0430E+02  4.9096E+01 -7.7153E+01
0011635   1.9222E+02  1.9131E+02 -1.1121E+02
0011636   9.1764E+01  1.5172E+02 -1.1282E+01
0011637   2.1495E+02 -7.8200E+01  3.6765E+02
0011638   1.7369E+02 -5.9293E+01  4.5626E+01
0011639   2.7706E+02  3.4327E+02  1.0227E+02
0011640   3.6892E+02 -9.9627E+01 -1.9219E+02
0011641   2.6301E+02 -1.7516E+02  1.5099E+02
0011642   5.5755E+02  1.1052E+01 -3.1914E+01
0011643   2.6598E+02 -3.0804E+01 -5.1408E+01
0011644   4.2271E+02  2.8091E+01  4.2294E+01
0011645   3.1014E+02 -2.1430E+02  3.0050E+01
0011646   2.0924E+02 -1.0863E+02  9.9103E+01
0011647   3.0863E+02  3.5721E+02 -2.9415E+00
0011648   3.3193E+02  2.7434E+02  1.7998E+02
0011649   3.3827E+02 -7.6393E+00 -2.0809E+02
0011650   2.0379E+02 -2.2834E+02 -1.8076E+02
0011651   1.8412E+02 -7.3541E+01 -2.2835E+02
0011652   1.5745E+02 -1.6928E+02  3.5977E+01
0011653   3.5569E+02  1.1518E+01  5.8492E+01
0011654   1.9398E+02  8.6953E+01 -9.4800E+01
0011655   3.1577E+02 -4.8060E+01 -3.9586E+01
0011656   3.2663E+02  4.3456E+00  2.0525E+02
0011657   1.5363E+02 -1.2897E+02 -4.4071E+01
0011658   2.0060E+02  5.3418E+00 -3.4903E+02
0011659   3.4414E+02 -5.5890E+01  1.1551E+02
0011660   1.5084E+02 -6.7270E+01  1.6502E+02
0011661   1.9794E+02  7.7820E+01  1.0050E+02
0011662   1.9529E+02  1.5881E+02 -2.2009E+01
0011663   4.0641E+02  9.7394E+01  3.3959E+01
0011664   1.1596E+02  1.2936E+02  1.5207E+02
0011665   1.4771E+02 -2.7394E+01 -1.9914E+02
0011666   5.7061E+02 -6.2081E+01  1.1249E+02
0011667   4.0226E+02  1.3315E+01 -2.3797E+01
0011668   2.9228E+02  6.0042E+01  1.4186E+02
0011669   3.6960E+02 -2.3152E+02  9.5540E+01
0011670   1.4353E+02 -3.0439E+01 -8.2235E+01
0011671   3.3826E+02 -2.9546E+02 -1.8736E+01
0011672   1.8964E+02 -1.6324E+02  3.4474E+02
0011673   1.8255E+02  2.6070E+02  3.0181E+02
0011674   1.0211E+02 -9.9737E+00  4.9325E+01
0011675   5.2695E+02 -1.8233E+02  2.2040E+02
0011676   3.3794E+02  1.7622E+01  7.0174E+01
0011677   5.2651E+02  4.7101E+01 -2.3044E+01
0011678   1.9180E+02 -5.0098E+01  1.9830E+02
0011679   3.4989E+02 -3.4202E+02 -1.0757E+02
0011680   1.3562E+02  7.2090E+00 -1.7854E+02
0011681   8.3571E+01 -2.6227E+01 -3.2380E+02
0011682   2.4301E+02 -8.5820E+01 -2.1138E+02
0011683   1.4506E+02  1.7968E+02 -1.0312E+02
0011684   2.2786E+02 -2.3690E+01  1.9430E+02
0011685   1.4085E+02 -1.2290E+02 -1.0102E+02
0011686   2.3623E+02 -5.4315E+01 -9.5532E+01
0011687   3.7540E+02  3.0123E+02 -2.0906E+00
0011688   1.0782E+02 -9.4290E+01 -1.1185E+02
0011689   8.4718E+01  1.0319E+02 -3.1154E+01
0011690   3.1965E+02 -2.9690E+01 -2.1204E+02
0011691   2.4202E+02  6.5565E+01  1.1058E+02
0011692   3.4323E+02  1.7336E+02  1.4415E+02
0011693   3.5898E+02 -8.9922E+01  9.7052E+01
0011694   1.3970E+02 -3.5218E+01 -3.5991E+01
0011695   3.5408E+02 -2.4855E+01  1.1430E+02
0011696   1.7288E+02  3.6064E+01  3.8561E+01
0011698   2.0613E+02 -2.5253E+01 -5.8082E+01
0011699   3.8703E+02  8.3400E+01  6.4870E+01
0011700   1.9202E+02  1.0876E+02  1.4860E+02
0011701   4.7805E+02 -9.5469E+01  2.1709E+02
0011702   3.3559E+02 -2.0375E+02  1.0900E+01
0011703   3.2407E+02 -8.9743E-01 -6.8751E+00
0011704   3.7620E+02  3.7935E+01 -4.3158E+01
0011705   1.8387E+02 -4.6938E+01  1.5808E+02
0011706   2.8162E+02  2.9944E+02  2.3591E+02
0011707   2.4111E+02 -3.3563E+01  6.0991E+01
0011708   4.8942E+02  3.7335E+01  2.6702E+02
0011709   2.3755E+02  1.3574E+02 -1.4495E+02
0011710   2.1743E+02 -6.3126E+01  8.0581E+00
0011711   1.9052E+02 -2.0199E+02  7.2439E+01
0011712   2.8466E+02 -2.5229E+02  1.5335E+01
0011713   3.7436E+02  3.0796E+02  1.3980E+02
0011714   2.7153E+02  1.1887E+02 -1.5896E+02
0011715   5.4738E+01 -5.2557E+01 -1.1927E+01
0011716   9.8989E+01 -4.9197E+01 -2.4536E+02
0011717   2.0709E+02  2.3070E+02 -3.3784E+01
0011718   3.3307E+02  2.5671E+02  5.5204E+01
0011719   2.6445E+02  2.5757E+02  2.0978E+02
0011720   1.9512E+02  1.5595E+02  1.0419E+02
0011721   1.2256E+02  1.5924E+02  1.5052E+02
0011722   3.6570E+02  4.1411E+01 -4.0911E+01
0011723   3.3566E+02 -8.7204E+01 -2.5632E+02
0011724   3.9032E+02  5.4369E+01  2.9772E+01
0011725   1.4295E+02 -2.0846E+02 -2.8483E+01
0011726   1.2234E+02  1.9227E+01  1.3938E+02
0011727   3.4141E+02 -7.6791E+00  2.3901E+02
0011728   1.4195E+02 -3.3084E+02  8.5137E+00
0011729   4.9906E+02 -1.0438E+02  2.4811E+02
0011730   4.7284E+02 -9.8562E+01 -1.8290E+01
0011731   2.7295E+02 -7.8011E+01 -2.1938E+01
0011732   2.1358E+02 -3.0340E+02 -3.7856E+01
0011734   3.9875E+02 -7.1116E+01 -1.2411E+02
0011735   1.3633E+02 -1.5783E+02 -1.2241E+02
0011736   5.4705E+02 -2.5016E+02  1.1838E+02
0011737   1.0166E+02 -1.1177E+02 -1.8155E+02
0011738   2.1245E+02  5.6114E+01  1.5395E+02
0011739   1.4386E+02 -8.9605E+00  1.3046E+01
0011740   1.9485E+02  2.3856E+02  2.2437E+02
0011741   1.9577E+02  1.3018E+02 -4.7051E+01
0011742   4.2683E+02  7.0371E+01 -8.8837E+01
0011743   2.6714E+02 -1.4028E+02  6.2068E+01
0011744   3.8588E+02  2.2755E+02  1.2730E+02
0011745   6.6139E+01 -5.3423E+01  3.0919E+01
0011746   1.3609E+02 -1.4587E+02  2.2356E+02
0011747   8.9524E+01 -8.6908E+01  4.3848E+01
0011748   1.7776E+02  3.7485E+01  1.6034E+02
0011749   3.4252E+02 -1.6659E+02 -1.5520E+02
0011750   1.8416E+02 -9.9942E+01 -2.0141E+02
0011751   1.7892E+02  8.5053E+01 -1.9933E+02
0011752   5.4712E+02  1.5563E+02 -3.6789E+01
0011753   8.9479E+01 -1.1713E+01 -1.9271E+02
0011754   6.0441E+01  7.5100E+01  7.6276E+00
0011755   3.1669E+02  1.3976E+02 -1.7306E+01
0011756   1.2615E+02 -7.3650E+01  2.7183E+01
0011757   3.2137E+02 -2.8702E+02 -1.0042E+02
0011758   3.3116E+02 -7.1549E+01  1.9760E+02
0011759   3.4663E+02 -7.8988E+01 -1.9508E+02
0011760   4.1941E+02  1.3948E+02  1.1987E+02
0011761   1.7522E+02 -1.5391E+02 -1.6189E+02
0011762   2.6809E+02 -6.8231E+01  2.7566E+01
0011763   1.8248E+02  2.0780E+02  1.1808E+02
0011764   1.4989E+02  5.0400E+01  6.2991E+00
0011765   3.9207E+02  1.4211E+01 -1.7619E+01
0011766   1.9248E+02 -8.7998E+00 -8.8379E+01
0011767   1.9899E+02 -3.4275E+01  1.5381E+02
0011768   2.3531E+02 -2.3551E+02  1.1010E+02
0011769   4.1802E+02 -1.2736E+02 -1.8836E+02
0011770   2.2577E+02  1.9295E+02  1.4819E+02
0011771   4.5679E+02  1.5315E+02 -4.9069E+00
0011772   2.7408E+02 -2.4447E+02 -1.7641E+00
0011773   1.1101E+02  1.2576E+02  2.1341E+02
0011774   2.1914E+02  3.9538E+01 -4.5825E+01
0011775   1.1741E+02 -1.2300E+02  1.9001E+02
0011776   7.2980E+01  1.3943E+01 -4.3190E+00
0011777   2.7851E+02 -6.6053E+00  1.0983E+02
0011778   2.7283E+02 -1.7236E+01 -1.2546E+01
0011780   3.5798E+02  1.4403E+02  7.5284E+01
0011781   1.6428E+02 -1.4887E+02  3.1595E+02
0011782   7.1727E+02 -2.0435E+01  4.8199E+01
0011783   2.3278E+02 -1.9516E+02 -5.6690E+01
0011784   7.5576E+02  7.6672E+01 -8.6214E+01
0011785   1.8178E+02 -1.3550E+02  2.4163E+01
0011786   7.6388E+01 -9.8397E+01 -1.7202E+02
0011787   2.4061E+02 -2.5399E+01  1.9797E+02
0011788   3.5252E+02  2.6274E+01 -2.1310E+02
0011789   3.1286E+02 -1.2473E+02 -1.4184E+02
0011790   2.6042E+02 -2.5785E+02  1.7628E+02
0011792   2.5579E+02  6.2919E+01 -7.7002E+01
0011793   2.0315E+02  1.6477E+02 -8.2779E+00
0011794   4.5413E+02  3.0464E+02  1.0676E+02
0011795   1.8173E+02 -3.2061E+02 -4.4062E+01
0011796   1.3984E+02  1.4221E+02  1.2169E+02
0011797   3.8683E+02 -3.6742E+02 -2.7993E+01
0011798   2.3648E+02 -2.3021E+02 -7.0769E+01
0011799   2.7488E+02  1.2854E+02  1.3751E+02
0011800   2.0422E+02  5.8314E+01  7.2616E+00
0011801   1.6718E+02  1.0718E+02 -1.1028E+02
0011802   2.3701E+02 -6.3068E+01 -2.3244E+02
0011803   9.3670E+01 -1.3892E+02 -1.4142E+02
0011804   1.5883E+01 -4.9319E+01 -5.0931E+01
0011805   4.6244E+02  1.3347E+02  7.2658E+01
0011806   2.7049E+02 -1.7318E+01  9.1097E+01
0011807   8.7705E+01 -1.3670E+02 -2.2240E+02
0011808   1.5645E+02 -4.5147E+02  1.1516E+02
0011809   8.5781E+01 -1.2308E+02  2.0198E+02
0011810   9.6474E+01  2.1625E+02  4.5564E+01
0011811   3.9801E+02  7.7532E+01  2.7988E+02
0011812   3.5095E+02 -5.2159E+00  2.4367E+02
0011813   2.6911E+02  9.2450E+01  4.3402E+01
0011814   2.1370E+02 -6.2168E+01  4.2585E+01
0011815   2.5950E+02 -1.4531E+02 -7.5242E+01
0011816   5.0420E+02 -9.3475E+01 -1.6664E+02
0011817   8.0107E+01 -7.7538E+01 -7.0167E+01
0011818   4.3834E+02 -2.5123E+00  5.7931E+01
0011819   4.1245E+02 -1.3135E+02 -4.3114E+01
0011820   2.3645E+02  1.4567E+02  2.3606E+02
0011821   1.2004E+02  1.2132E+02  1.8683E+02
0011822   1.9862E+02  1.1077E+02 -3.7726E+01
0011823   2.6778E+02 -1.2544E+01  1.0220E+02
0011824   1.8263E+02 -8.1533E+01  2.1092E+01
0011825   2.9117E+02 -1.3204E+02  1.1517E+02
0011826   2.8846E+02  1.6866E+01 -8.3073E+01
0011827   7.0948E+01  1.3623E+02  1.0445E+02
0011828   4.2923E+01  1.9351E+02 -7.5631E+01
0011829   4.2368E+02  7.5759E+00  1.5217E+02
0011830   6.7509E+01  8.0087E+01  1.5643E+02
0011831   3.8397E+02  1.4285E+01 -1.1319E+02
0011832   5.4534E+02 -2.9656E+02 -2.6987E+02
0011833   4.0748E+02 -1.4134E+02  9.9049E+01
0011834   4.5189E+01 -2.1095E+02  1.5832E+02
0011836   6.4025E+02  1.0724E+01 -8.9999E+01
0011837   1.1064E+02  1.1919E+02  1.2455E+00
0011838   3.3833E+02  5.1980E+02  2.9869E+02
0011840   2.7577E+02  4.8543E+02 -2.8221E+02
0011841   2.9160E+02  1.3280E+02  6.4962E+01
0011842   3.5258E+02  1.0594E+02  2.6161E+02
0011843   5.8439E+01 -3.0296E+01 -2.5002E+00
0011844   1.1186E+02  1.0044E+02  2.0371E+02
0011845   2.6223E+02  4.4971E+01 -2.9623E+02
0011846   1.3140E+02  1.0319E+02  1.3516E+02
0011847   1.8452E+02 -7.0535E+00  2.1912E+02
0011848   4.2498E+02  1.4145E+02  7.5057E+01
0011849   3.1920E+02 -7.6783E+01  1.1076E+02
0011850   3.6932E+02  1.1057E+01  1.8274E+01
0011851   6.8470E+02 -8.4496E+01  4.7945E+01
0011852   2.0815E+02  1.2257E+02 -1.7614E+02
0011853   1.2719E+02 -3.5020E+01 -1.0784E+02
0011854   6.5325E+01  3.4922E+01 -1.5538E+01
0011855   2.7041E+02 -2.0101E+01  1.3941E+02
0011856   3.3126E+02  4.0712E+02 -1.7868E+02
0011857   4.2099E+02  2.4321E+02 -1.7495E+02
0011858   3.3888E+02 -1.2405E+02  2.1518E+02
0011859   5.8961E+02  3.9018E+02 -1.8200E+02
0011860   3.0054E+02 -1.6830E+02  1.4446E+02
0011861   1.2952E+02  1.1559E+02  6.1609E+01
0011862   1.2713E+02 -2.2001E+02  1.5546E+02
0011863   2.6371E+02  1.8394E+02 -1.5239E+01
0011864   1.7890E+02  8.5087E+01 -2.6582E-01
0011865   2.4061E+02  1.2061E+02  2.2423E+01
0011866   1.8617E+02  1.7032E+02  2.1908E+01
0011867   5.2951E+02  1.0974E+02 -2.2909E+02
0011868   2.4490E+02 -6.8241E+01  9.9172E+01
0011869   1.4444E+02  7.1435E+01  7.3130E+01
0011870   1.8526E+02  6.9159E+01 -1.2582E+02
0011871   1.0764E+02 -6.3289E+01  1.2511E+02
0011872   2.7822E+02  5.0744E+01  8.1546E+01
0011873   8.5443E+01 -1.4828E+02  7.3481E+01
0011874   2.3630E+02 -1.2385E+02  2.0721E+01
0011875   3.3194E+02  2.6890E+00 -6.4045E+01
0011877   1.8636E+02 -3.6650E+01 -1.0505E+02
0011878   2.6142E+02  4.9255E+01 -1.4904E+02
0011879   1.1853E+02  3.2537E+02 -1.2102E+00
0011880   3.6681E+02 -2.6588E+02  3.1460E+00
0011881   1.0243E+02  6.0901E+01  1.6670E+02
0011882   3.2549E+02 -5.9591E+00  5.9569E+01
0011883   4.0170E+01  4.9388E+01  2.1518E+01
0011884   1.8980E+02 -1.9865E+02 -2.4622E+01
0011885   3.1684E+02  1.3686E+02 -1.2740E+02
0011886   2.1804E+02  3.8147E+01 -2.5907E+01
0011887   1.8084E+02 -1.0825E+02 -5.4167E+01
0011888   2.0353E+02 -3.7646E+01 -1.7838E+02
0011889   7.9528E+01  6.3796E+01  2.0269E+01
0011890   7.8081E+01  1.3004E+00  6.9911E+01
0011891   4.1477E+02  2.0823E+02  2.4858E+02
0011892   1.5387E+02 -1.3579E+02 -1.1110E+02
0011893   3.1949E+02  6.3386E+01 -2.5645E+02
0011894   1.2948E+02 -2.4070E+01 -1.6188E+02
0011895   1.6975E+02  4.8191E+00  2.5131E+02
0011896   2.0088E+02  1.6740E+02  1.0399E+02
0011897   2.9436E+02  1.5801E+02 -1.3025E+02
0011898   1.4272E+02 -1.7296E+02  5.9928E+01
0011899   1.8532E+02  1.1141E+02  9.4155E+01
0011900   2.2024E+02 -3.8980E+02 -2.7087E+02
0011901   2.0623E+02 -7.6705E+01  7.4661E+01
0011902   3.8991E+02  4.7416E+01  5.4010E+01
0011903   1.2255E+02  1.1557E+01  7.8383E+00
0011904   4.9085E+02  8.6389E+01 -1.0962E+02
0011905   3.6990E+02  4.3688E+01  1.2085E+02
0011906   3.2789E+02 -2.5555E+02  1.1433E+02
0011907   3.0041E+02 -1.2914E+02  7.2895E+01
0011908   4.3836E+02  8.7578E+01  5.5113E+01
0011910   1.2538E+02  1.3149E+01  6.1930E+01
0011911   4.4506E+02  1.6068E+01  4.0273E+02
0011912   3.6873E+02  1.7119E+02  5.3100E+01
0011913   1.9950E+02 -3.8914E+01 -1.0288E+01
0011914   2.6530E+02 -3.9918E+01 -4.5030E+01
0011915   1.5933E+02 -1.5394E+02 -9.2444E+01
0011916   1.1675E+02  2.1391E+02 -1.1269E+01
0011917   4.9143E+02 -1.8979E+02 -3.6357E+01
0011918   3.5853E+02  7.6776E+01  9.6265E+01
0011919   2.0174E+02  2.3730E+02  4.5356E+01
0011920   3.1352E+02  9.4228E+01 -7.3840E+01
0011921   1.6237E+02  1.0168E+02  1.4293E+02
0011922   6.1662E+01 -3.5686E+01 -3.4007E+00
0011923   2.4154E+02  1.2704E+01 -1.2114E+02
0011924   4.1439E+02  1.0880E+02 -1.5492E+02
0011925   2.0011E+02  3.5990E+01 -1.7983E+02
0011926   1.9244E+02 -9.3310E+01 -5.7522E+01
0011927   2.7132E+02  1.1231E+02  9.7807E+01
0011928   9.2773E+01  4.6140E+01  7.6779E+01
0011929   1.8971E+02  9.7455E+01  2.4643E+01
0011930   2.5318E+02 -1.7287E+02  2.3016E+02
0011931   2.4613E+02 -1.0617E+02  8.8372E+01
0011932   1.4150E+02  3.5497E+00 -2.1904E+01
0011933   2.2243E+02  2.6896E+01 -3.7096E+02
0011934   1.5627E+02  7.9008E+01  2.1380E+02
0011935   3.1157E+01  4.3110E+01 -2.3830E+01
0011936   4.5666E+02  1.2167E+02 -2.3304E+01
0011937   1.2200E+02 -1.7394E+02  1.4049E+02
0011938   4.3756E+02 -1.2375E+02 -5.9472E+01
0011939   2.2578E+02 -1.4137E+02  1.2640E+02
0011940   1.6478E+02  1.1148E+02  1.7889E+00
0011941   2.1166E+02  1.0740E+02  5.4638E+00
0011942   4.2748E+02 -1.1819E+02  2.1419E+02
0011943   2.5871E+02 -1.5776E+01 -9.9991E+01
0011944   3.4430E+02  4.8726E+01 -1.1908E+02
0011945   6.5609E+01 -2.2559E+02  1.5509E+02
0011946   2.1222E+02 -2.8775E+00  6.1013E+01
0011947   1.1350E+02 -2.7683E+01 -1.6684E+02
0011948   3.9833E+02 -1.1021E+02  5.0793E+01
0011949   3.6704E+02 -3.1905E+01  8.3919E+01
0011950   1.2113E+02 -5.6964E+01  3.6056E+01
0011951   1.8479E+02 -1.4070E+00  1.0208E+02
0011952   3.0012E+02 -8.5470E+01  1.4615E+02
0011953   4.3905E+02 -2.0972E+01 -1.5685E+02
0011954   5.0796E+02 -2.6807E+00  1.7446E+01
0011955   7.0280E+01  1.2840E+02  9.3934E+01
0011956   2.6585E+02 -9.5902E+01  1.0232E+02
0011957   1.9012E+02 -2.2004E+02 -1.0262E+02
0011958   1.7290E+02 -1.0146E+02  4.2918E+01
0011959   3.7475E+02 -4.0181E+01  2.3223E+01
0011960   2.2861E+01  6.0754E+01 -1.1024E+02
0011961   2.2531E+02 -1.8377E+02  6.4791E+01
0011962   4.7617E+02  1.9749E+02 -2.0444E+01
0011963   5.5880E+02  8.0581E+01 -1.5861E+02
0011964   2.7862E+02 -1.6264E+02 -1.8761E+02
0011965   4.3697E+02 -1.9545E+02 -3.9526E+01
0011966   5.6323E+01 -1.5395E+02 -1.0424E+02
0011967   4.5522E+02  5.7933E+01  1.9493E+02
0011968   2.8562E+02  8.2857E+01 -1.1458E+01
0011969   1.6703E+02 -1.8705E+02  3.4425E+01
0011970   4.0729E+02  5.6730E+01 -2.1754E+02
0011971   2.7842E+02  1.3195E+02  2.8239E+01
0011972   4.6568E+02 -2.3345E+02 -4.2562E+01
0011973   1.6903E+02  1.4859E+01  4.0646E+01
0011974   8.0688E+01  1.6982E+02  8.7959E+01
0011975   3.2749E+02 -1.0184E+02 -1.6363E+02
0011976   1.3218E+02  6.7593E+01  2.2328E+02
0011977   5.9440E+02 -3.4219E+01  1.5588E+01
0011978   5.4385E+02 -3.0730E+01 -2.7391E+02
0011979   2.7103E+02  1.7227E+02 -7.8299E+01
0011980   1.5177E+02 -7.4328E+01  2.3155E+02
0011981   2.5803E+02  1.0635E+02 -1.7771E+02
0011982   1.9892E+02 -2.8300E+01 -2.7031E+02
0011983   4.5934E+02  1.8196E+02 -1.8617E+02
0011984   3.7726E+02 -1.2288E+02 -7.1940E+01
0011985   6.6928E+01  1.3201E+02  1.6167E+02
0011986   3.3939E+02  1.1602E+02 -1.1603E+02
0011987   1.1269E+02 -6.5982E+00  2.0765E+02
0011988   2.4814E+02 -1.9054E+02 -1.1800E+02
0011989   2.3562E+02 -6.0486E+01  1.5449E+02
0011990   4.0902E+02 -7.7147E+00  9.4845E+00
0011991   1.1215E+02 -3.3022E+01 -5.4498E+01
0011992   1.2096E+02 -1.7149E+02  2.4714E+02
0011993   3.7086E+02  1.0251E+02  1.1762E+01
0011994   1.0377E+02  1.9495E+02  3.9120E+01
0011995   7.5565E+01  3.1027E+02  1.1579E+02
0011996   1.2282E+02  1.6193E+02  2.3706E+02
0011997   2.0665E+02  2.5646E+02  4.0173E+02
0011998   1.5710E+02  1.6155E+02 -1.6719E+02
0011999   2.3016E+02 -1.2363E+02  1.5236E+02
0012000   4.0779E+02 -1.0684E+02  5.2383E+01
0012001   1.5466E+02  1.2778E+01  5.4776E+01
0012002   2.2007E+02 -3.8647E+02 -2.6063E+02
0012003   8.1721E+01 -2.0704E+02  8.8239E+01
0012004   2.6229E+02 -1.5861E+02  4.9328E+01
0012005   1.2478E+02 -1.3515E+02  1.6595E+02
0012006   3.5676E+02  2.2882E+01  9.1320E+01
0012007   4.6418E+02 -3.5103E+01  6.8852E-01
0012008   1.5750E+02  6.4576E+01  9.4754E+01
0012009   5.3386E+02  2.7466E+02 -4.6471E+00
0012010   8.4451E+01  2.4307E+01 -1.1207E+02
0012011   2.3917E+02  2.7818E+01 -1.3537E+02
0012012   2.9016E+02 -5.8665E+01 -4.7517E+01
0012013   5.3986E+02 -1.2416E+02 -1.6951E+02
0012014   2.2083E+02 -9.3564E+01  3.8159E+01
0012015   2.5878E+02  2.0968E+02  1.1689E+02
0012016   6.2274E+01 -3.7160E+01  1.0743E+01
0012017   4.0309E+02 -4.1613E+01 -3.4007E+01
0012018   1.0977E+02 -6.2685E+01  6.7452E+01
0012019   3.7607E+02  1.6780E+02 -6.9863E+01
0012020   1.3447E+02 -7.6846E+01 -4.1952E+01
0012021   2.9212E+02  4.3273E+02  1.6426E+02
0012022   1.1614E+02  2.9219E+02 -5.7391E+01
0012023   3.2897E+02  4.7710E+01 -4.7706E+00
0012024   2.0433E+02  2.0252E+02 -1.4550E+02
0012025   2.2626E+02  4.0347E+02 -2.0478E+02
0012026   8.6090E+01 -1.0105E+02  1.2309E+02
0012027   3.3038E+01  2.5865E+01 -5.9755E+01
0012028   5.5450E+02 -7.4903E+01  8.5761E+01
0012029   1.7579E+02  2.6302E+01  1.6225E+01
0012030   2.3429E+02  7.3956E+01 -6.8236E+01
0012032   1.9964E+02  1.7252E+02  9.6128E+01
0012033   4.2651E+02 -2.7562E+01 -2.4255E+02
0012034   2.9295E+02  8.2045E+00 -1.6635E+02
0012035   2.4446E+02  1.8746E+02 -2.2633E+02
0012036   3.2426E+02 -2.7227E+02 -1.4389E+02
0012037   3.5341E+02  3.4472E+00  1.1668E+02
0012038   2.5230E+02 -3.4487E+02 -5.0561E+01
0012039   3.9947E+02 -1.1517E+02  3.8415E+01
0012040   3.5679E+02 -2.0227E+02 -2.2891E+02
0012041   2.1086E+02  2.2432E+02 -6.8927E+01
0012042   1.1148E+02  8.0178E+01  2.5437E+01
0012043   1.5182E+02 -2.0385E+02 -5.3453E+01
0012044   2.6165E+02 -4.0831E+01  1.2473E+02
0012045   1.8704E+02  2.5755E+01 -2.9436E+02
0012046   3.6083E+02 -2.4569E+01 -9.6054E+01
0012047   2.3744E+02  3.5945E+02  2.8072E+01
0012048   2.5723E+02 -1.5457E+02  2.7111E+01
0012049   3.2788E+02  2.5588E+02 -4.4004E+02
0012050   2.4368E+02  1.5212E+02 -1.0249E+02
0012051   3.3076E+02 -6.6951E+01 -1.3038E+02
0012052   1.7057E+02 -2.3274E+02 -1.8016E+02
0012053   1.8478E+02 -5.1407E+01 -2.5247E+02
0012054   3.2391E+02  6.1626E+00 -2.9019E+01
0012055   2.2018E+02  2.0484E+02 -4.8857E+01
0012056   2.5597E+02 -3.3111E+01 -4.0272E+02
0012057   4.1371E+02 -5.2845E+01  4.0274E+01
0012058   2.8182E+02 -1.2525E+02 -3.6389E+01
0012059   3.2745E+02  2.3610E+02 -2.4161E+02
0012060   4.8440E+01 -4.0838E+01  1.0949E+01
0012061   2.6546E+01  2.6362E+02 -1.1986E+02
0012062   2.8919E+02  2.1625E+01  3.1474E+01
0012063   6.6034E+02  1.8216E+02  4.2019E+01
0012064   2.0584E+02 -1.9309E+02 -3.4248E+02
0012065   2.9917E+02  3.7261E+01  4.6537E+01
0012066   3.2180E+02  1.4406E+02 -7.5958E+01
0012067   7.3694E+01 -3.1709E+02  2.7948E+01
0012068   6.8423E+01 -1.0496E+02 -7.2198E+01
0012069   3.5452E+02 -1.1330E+02 -1.6157E+02
0012070   9.4511E+01  4.6906E+01  6.9629E+01
0012071   2.6048E+02  9.3048E+01  2.6086E+01
0012072   2.3612E+02  3.2328E+01  6.9038E+01
0012073   2.8252E+02 -3.4510E+00 -1.5935E+02
0012074   4.9588E+02 -2.7941E+01  1.6172E+01
0012075   2.5514E+02  4.0718E+01  1.6075E+02
0012076   1.7490E+02  8.4996E+01  7.5391E+01
0012077   2.6207E+02  1.0190E+02 -2.3997E+02
0012078   4.7470E+02 -1.6440E+02  1.2295E+02
0012079   3.5419E+02  5.2674E+01  1.1598E+02
0012080   4.1582E+02  2.3912E+02  2.1840E+02
0012081   9.3739E+01  1.0489E+02 -2.1338E+00
0012082   3.6048E+01  2.5427E+02  1.0765E+02
0012083   1.9680E+02  8.2163E+01 -1.4253E+02
0012084   1.1480E+02 -4.4777E+01  5.3077E+01
0012085   2.8127E+02 -2.4121E+02 -3.6988E+01
0012086   3.0430E+02 -1.2751E+02 -1.2869E+02
0012087   2.1033E+02 -1.9712E+02 -3.4108E+01
0012088   3.0302E+02  1.0340E+02  2.1422E+02
0012089   4.2927E+02  5.7982E+01 -1.4842E+01
0012090   1.1439E+02  1.2168E+02  6.4062E+01
0012091   2.3302E+02  1.1916E+02 -5.2942E+01
0012092   2.8348E+02  3.0450E+01  2.9524E+01
0012093   3.3507E+02  3.5581E+01 -1.6527E+00
0012094   1.2681E+02  5.8804E+01 -1.6711E+02
0012095   1.6095E+02  1.9031E+02 -1.9095E+02
0012096   1.9940E+02 -2.8569E+02 -6.3918E+00
0012097   3.6537E+02  8.0230E+01  2.7814E+01
0012098   4.7408E+02 -4.0634E+01 -4.4482E+01
0012099   2.9597E+02  7.1313E-01 -7.4948E+01
0012100   4.9387E+02 -1.3024E+02 -2.1211E+02
0012101   5.0592E+02 -2.0458E+02 -1.4319E+01
0012102   2.5279E+02 -3.8923E+01 -1.1075E+02
0012103   1.0324E+02  3.5882E+02  2.4343E+01
0012104   2.8206E+02 -6.2497E+01  4.0911E+01
0012105   3.4073E+02  6.9187E+01 -5.3651E+01
0012106   2.1004E+02  1.5118E+02  6.5595E+01
0012107   3.5769E+02 -7.5282E+00  2.8753E+02
0012108   4.3037E+02 -6.7171E+01  8.5435E+01
0012109   4.1949E+02  5.7053E+01  7.5755E+01
0012110   1.3191E+02 -1.8407E+02 -1.1260E+02
0012111   3.5716E+02  9.9559E+01  2.3165E+02
0012112   4.5390E+02  6.2567E+00 -1.5514E+02
0012113   4.6942E+02  3.1587E+02 -1.2882E+02
0012114   5.9053E+01  1.4036E+01 -4.8920E+00
0012115   1.3592E+02  3.2515E+01  4.6022E+01
0012116   3.9606E+02  1.9853E+01 -3.1813E+01
0012117   4.1914E+02  1.8417E+02  9.6634E+00
0012118   4.1402E+02  8.2948E+01 -6.4012E+01
0012119   4.6704E+02 -3.3462E+02 -9.9121E+01
0012120   3.4903E+02  1.2203E+02 -6.3105E+00
0012121   1.0605E+02 -1.0265E+02  3.6273E+01
0012122   1.2487E+02  6.1430E+01 -1.1112E+02
0012123   1.4678E+02  1.3606E+02  1.3068E+01
0012124   2.0852E+02  1.5696E+02  8.0612E+00
0012125   2.6899E+02  6.2057E+01 -1.7397E+01
0012126   2.2145E+02 -1.3225E+02  1.7492E+00
0012128   1.6346E+02 -1.9687E+02  3.0086E+01
0012129   2.5562E+02  1.1299E+02 -6.6072E+01
0012130   2.8210E+02 -7.3007E+01 -8.4123E+01
0012132   5.4650E+02 -3.2648E+02 -1.5829E+02
0012133   2.1489E+02  1.2424E+02 -3.9782E+01
0012134   3.0325E+02  1.6887E+00 -1.0118E+02
0012135   1.4518E+02 -1.3414E+02  1.5637E+02
0012136   1.7258E+02 -1.1972E+02  7.4655E+01
0012137   4.6582E+02 -1.2606E+02 -6.7155E+01
0012138   2.0799E+02  1.0734E+02 -4.0875E+01
0012139   2.3875E+02  9.6310E+01  3.3410E+02
0012140   1.6978E+02 -7.9095E+01  4.7061E+01
0012141   1.2787E+02 -1.3657E+02  1.9045E+01
0012142   3.7919E+02  2.6982E+00 -9.9691E+01
0012143   1.1539E+02 -1.3418E+01 -3.1648E+01
0012144   3.6542E+01  1.1345E+02  2.1511E+01
0012145   3.2756E+02 -2.7312E+02 -1.4354E+02
0012146   1.2997E+02  7.6354E+01  9.6709E+01
0012147   1.0323E+02 -1.0021E+02  5.1825E+01
0012148   4.6132E+02 -1.8999E+02  1.2254E+02
0012149   7.1679E+01 -3.3292E+01 -9.3978E+00
0012150   1.9569E+02  1.7316E+02 -2.4464E+02
0012151   1.2177E+02  1.3238E+02  6.7509E+01
0012152   1.7840E+02  4.4479E+00 -3.1903E+00
0012154   2.9290E+02  4.5040E+01 -2.3479E+02
0012155   2.8503E+02  2.7167E+01 -2.3304E+02
0012156   4.3133E+02 -2.2311E+02 -3.3538E+01
0012157   2.0947E+02  3.4601E+02 -9.4715E+01
0012158   3.2249E+02 -1.3262E+01  3.6822E+01
0012159   1.1718E+02 -1.4612E+02 -2.5394E+01
0012160   1.5663E+02  2.7340E+02 -1.7608E+02
0012161   2.9868E+02  7.6636E+01 -1.4612E+01
0012162   2.8154E+02 -2.1795E+02 -5.8029E+01
0012163   3.0977E+02  9.3879E+01  7.1479E+01
0012164   3.6756E+02 -1.9038E+02  6.2727E+01
0012165   2.1679E+02 -1.0797E+02 -4.9374E+01
0012166   5.2286E+01  3.3279E+02  1.3845E+02
0012167   1.5696E+02 -2.5909E+01  1.7433E+02
0012169   2.2778E+02 -1.3030E+02  6.8487E+01
0012170   2.6174E+02 -1.3372E+02  4.8442E+01
0012171   6.2941E+01 -1.3054E+02  1.4485E+02
0012172   2.8853E+02  3.7192E+01  1.2674E+02
0012173   1.3524E+02 -1.5150E+02 -3.7006E+01
0012175   4.2372E+02 -1.9077E+02  9.8441E+01
0012176   8.0778E+01 -1.4686E+02  1.4188E+00
0012177   3.2983E+02 -4.7385E+01  1.7088E+02
0012178   5.8268E+01 -1.6042E+02 -8.0856E+01
0012180   4.9079E+02 -2.1942E+02 -3.4509E+01
0012181   3.6231E+02 -1.0832E+02  1.5395E+02
0012182   1.0445E+02  1.1753E+02 -2.5436E+01
0012183   4.6334E+02  1.6438E+02 -2.4119E+02
0012184   5.0306E+02 -7.4833E+01  5.1186E+01
0012185   2.0487E+02 -4.0605E+00 -1.9343E+02
0012186   7.9510E+02 -2.7513E+02 -1.4069E+02
0012187   2.9509E+02 -1.1275E+02  3.1912E+02
0012188   2.2546E+02 -2.8582E+02  2.0368E+02
0012189   3.1288E+02 -9.2288E+01 -1.9205E+02
0012190   3.1004E+02 -1.6482E+02  1.2047E+02
0012191   3.6787E+02 -5.4837E+01  5.5518E+01
0012192   2.0634E+02 -1.4046E+02 -2.4875E+02
0012193   4.2872E+02  2.4203E+01  1.2734E+02
0012194   1.7588E+02 -8.9552E+01  8.9921E+01
0012195   3.1610E+02 -1.1079E+01  7.5102E+01
0012196   3.9446E+02 -1.0859E+02  1.6056E+02
0012197   1.6162E+02 -1.2788E+01  5.4665E+01
0012198   3.7909E+02  1.4632E+01 -1.2253E+02
0012201   6.5604E+01 -1.0826E+02 -1.2198E+02
0012202   2.2812E+02  1.7427E+02 -1.7802E+02
0012203   4.5154E+02 -1.7581E+02  1.3504E+02
0012204   1.6719E+02  2.1162E+02  3.3688E+01
0012205   4.5893E+02 -1.1742E+02 -1.5885E+02
0012206   4.6225E+02  1.8399E+00  2.2320E+02
0012207   1.6230E+02 -9.3300E+01 -7.0328E+01
0012208   1.2824E+02 -1.2395E+01  1.1861E+02
0012209   5.2425E+02  5.7785E+01 -1.7134E+02
0012210   1.8849E+02  4.6194E+00 -1.1603E+02
0012211   7.3985E+01 -1.6366E+02  1.9256E+02
0012212   3.5946E+02 -1.1617E+01 -7.1274E+01
0012213   2.1179E+02  1.3236E+01  1.4461E+01
0012214   5.1191E+02  3.1398E+01  1.4782E+02
0012215   2.5196E+02 -1.0523E+02  6.2759E-01
0012216   1.4142E+02 -2.5494E+02 -2.8605E+02
0012217   3.5172E+02 -2.7934E+02 -3.5568E+01
0012218   1.9230E+02 -6.2774E+01 -8.3806E+01
0012220   2.3674E+02  1.5535E+02 -2.2019E+01
0012221   3.4021E+02  1.2350E+02 -9.2455E+01
0012222   7.7821E+01 -2.9852E+01  2.5022E+02
0012223   4.6539E+02  2.3976E+02  6.6437E+01
0012224   2.3986E+02 -2.3541E+01  6.4759E+01
0012225   5.5789E+01 -1.0910E+01  2.4333E+02
0012226   2.8387E+02 -3.4417E+00  1.2673E+01
0012227   8.7619E+01 -5.2443E+01  3.0290E+01
0012228   3.0885E+02 -9.8650E+01 -5.5157E+01
0012229   5.5727E+02  2.5010E+02  7.1030E+01
0012230   1.9345E+02 -3.5993E+01 -2.4255E+02
0012231   6.7468E+01  4.4706E+01 -3.1797E+01
0012232   2.1802E+02  1.1470E+02 -3.3007E+02
0012233   1.2256E+02 -8.6594E+01  1.3068E+02
0012234   1.7152E+02 -3.6454E+01 -1.1996E+02
0012235   3.2730E+02 -9.8161E+01  2.2661E+02
0012237   1.4522E+02  7.7478E+00  1.3950E+02
0012238   3.4947E+02  9.1414E+00 -3.6040E+01
0012239   2.5169E+02 -1.9200E+02  2.0100E+02
0012240   1.2237E+02 -1.0092E+02 -1.8595E+01
0012241   1.9706E+02 -2.6084E+02 -1.2812E+02
0012242   1.5176E+02  2.4404E+02  3.0796E+02
0012243   3.8606E+02  4.4228E+01  7.4886E+01
0012244   4.0867E+01  2.1457E+02 -5.8814E+01
0012245   3.9065E+02 -7.1861E+01  5.6204E+01
0012246   1.8097E+02  7.7724E+01 -6.7840E+01
0012247   1.3277E+02  2.4410E+02  6.8428E+01
0012248   2.0528E+02  1.6086E+01  2.7081E+02
0012249   3.2917E+02 -8.9932E+01 -7.0263E+01
0012250   1.8857E+02 -7.9626E+00 -1.4738E+02
0012251   4.1742E+02 -2.7404E+02 -2.3613E+01
0012252   6.2057E+02  7.0032E+01 -7.6745E+01
0012253   1.1995E+02 -1.3661E+01  1.5381E+00
0012254   2.6201E+02  2.5034E+01 -6.2106E+01
0012255   5.0031E+02  1.8849E+01 -1.5823E+02
0012256   1.3255E+02 -2.3103E+02 -3.4461E+01
0012257   5.1904E+02  3.0077E+02  9.3338E+01
0012258   1.1099E+02 -1.6377E+02  4.6359E+01
0012259   2.8074E+02 -4.8250E+01 -1.2242E+01
0012260   1.7890E+02  5.7316E+01  4.8428E+01
0012261   2.4571E+02 -1.9445E+02  4.9220E+00
0012262   3.3934E+02 -2.2566E+02 -2.6521E+02
0012263   3.0237E+02 -1.3430E+02  1.1680E+02
0012264   4.7872E+02 -9.5518E+01 -4.2835E+01
0012265   2.3092E+01  2.5578E+02  1.4478E+02
0012266   1.4439E+02  2.5732E+02 -1.8591E+02
0012268   2.8690E+02  1.0622E+02  1.3075E+02
0012269   1.7261E+02 -1.2092E+02  1.5124E+02
0012270   2.1551E+02  4.8945E+01 -9.1402E+01
0012271   4.3232E+02  1.9171E+02  4.6507E+02
0012272   3.0880E+02 -7.2231E+01  1.9224E+02
0012273   2.8120E+02 -6.9949E+00 -9.3085E+01
0012274   1.7608E+02 -1.2374E+02 -1.1404E+02
0012275   9.4454E+01 -8.1974E+00 -3.5124E+01
0012276   1.9014E+02  7.4772E+01  3.9430E+01
0012277   3.4219E+02 -4.9169E+01  3.3045E+01
0012278   5.2121E+02 -1.2573E+02 -4.1966E+01
0012279   8.6079E+01  2.4741E+01 -1.3060E+02
0012280   2.9214E+02 -2.5676E+02 -1.5469E+02
0012281   4.4150E+02 -1.4441E+01 -1.0859E+02
0012282   3.9180E+02  1.1506E+02  3.8210E+01
0012283   5.7309E+02 -5.9486E+01 -2.1723E+02
0012284   1.9082E+02  4.1632E+01 -1.2078E+01
0012285   4.1947E+02 -9.2131E+01  4.2144E+01
0012286   2.8900E+02  7.2253E+01 -2.7643E+01
0012287   3.6551E+02 -4.5844E+01 -1.8668E+01
0012288   3.1349E+02 -4.0104E+01  5.7000E+01
0012289   2.2573E+00 -4.0700E+00 -4.6706E+01
0012290   1.0373E+02 -3.5896E+01 -3.2800E+01
0012291   2.9210E+02 -1.7756E+02  1.9985E+02
0012292   5.1566E+02 -8.4239E+01 -3.9033E+02
0012293   8.3602E+01  1.1619E+01 -4.8101E+00
0012294   2.2568E+02 -1.3402E+02  2.7339E+01
0012295   8.1504E+01  4.2411E+01  1.8351E+02
0012296   3.8241E+02  6.2157E+01  4.4047E+01
0012297   4.7638E+02 -2.0449E+01  2.1714E+02
0012298   4.1627E+02 -1.6862E+02 -9.8216E+01
0012299   4.6597E+02  1.8027E+02 -2.5391E+01
0012300   9.8831E+01 -9.5976E+01  9.1586E+01
0012301   2.2304E+02  2.0161E+02  3.9920E+01
0012302   1.7474E+02  1.9765E+02 -2.2621E+02
0012303   1.0087E+02  1.1764E+02 -2.7282E+01
0012304   2.1349E+02  1.1160E+02  1.7746E+02
0012305   3.5364E+02 -6.9581E+01  3.5354E+01
0012306   5.5423E+02  8.5268E+01 -2.9539E+02
0012307   9.6210E+01 -2.0614E+02 -7.6724E+01
0012308   1.1335E+02  8.2255E+01  3.6250E+01
0012309   4.1725E+02 -1.1265E+02 -6.7513E+00
0012310   3.4749E+02  1.8892E+02 -3.4558E+01
0012311   2.8600E+02 -6.8494E+01  2.2322E+02
0012312   3.9691E+02 -9.6058E+01  2.2393E+01
0012313   2.3227E+01 -7.3357E+01 -2.9940E+01
0012314   5.2946E+02 -1.6971E+02  2.6519E+00
0012315   2.6274E+02  8.2455E+01 -3.8610E+01
0012316   3.6788E+02  8.1082E+01  1.0069E+02
0012317   6.2972E+02 -9.8525E+01 -1.6223E+02
0012318   1.6873E+02  7.7721E+01 -1.7060E+02
0012319   4.7936E+02  4.4582E+01  1.1796E+02
0012320   1.6085E+02  3.7749E+01 -1.2115E+02
0012321   5.0910E+02 -1.9829E+02 -1.1511E+01
0012322   4.7181E+02 -5.5055E+01 -1.1179E+01
0012323   4.7390E+02  6.3711E+01 -1.1366E+02
0012324   2.7327E+02 -1.9195E+02 -1.3982E+01
0012325   1.3510E+02  1.2891E+02  6.2118E+01
0012326   4.6983E+02  2.5259E+02 -1.6718E+02
0012327   4.5459E+02 -1.0948E+02 -3.5187E+02
0012328   6.3874E+01  1.3347E+02 -1.0668E+02
0012329   1.7620E+02  2.5997E+01  2.1662E+01
0012330   2.6160E+02 -7.7910E+01  5.4327E+01
0012331   5.7387E+02 -1.4888E+02  5.6686E+01
0012332   3.5565E+02 -5.1233E-01  1.2536E+02
0012333   1.5948E+02 -4.1640E+02  2.2773E+02
0012334   3.1806E+02  1.1433E+02  5.2523E+01
0012335   4.1389E+02 -1.8328E+02  2.9508E+02
0012336   2.8184E+02 -1.0282E+02  1.1440E+02
0012337   2.7010E+02  3.1984E+01  9.1713E+01
0012338   1.9237E+02  1.3518E+02  1.2096E+02
0012339   3.8259E+02 -6.9654E+01  7.2280E+01
0012340   1.4360E+02 -1.2884E+02 -1.4005E+02
0012341   2.9786E+02 -2.8104E+00  2.5617E+01
0012342   2.6442E+02 -1.5513E+02  3.6969E+01
0012343   2.8450E+02  1.3431E+02  5.1954E+00
0012344   2.7740E+02 -2.6391E+02  5.5932E+01
0012345   2.2481E+02  1.4366E+02 -2.6117E+01
0012346   4.2558E+02  1.4081E+02 -8.3187E+01
0012347   3.6330E+02  8.4022E+01  5.3928E+00
0012348   3.1800E+02 -1.0009E+01 -6.4007E+01
0012349   1.6006E+02 -7.9571E+01  1.3453E+02
0012350   1.8229E+02 -1.2579E+02  3.7871E+02
0012351   1.4439E+02 -2.8854E+02 -1.6729E+02
0012352   3.5783E+02  3.2291E+00 -2.5384E+01
0012353   2.6824E+02 -7.1810E+01  1.8269E+01
0012354   3.2201E+02  2.9606E+02  1.5010E+02
0012355   2.9530E+02  3.1969E+01  1.3472E+02
0012356   2.2337E+02  3.7150E+02  3.3142E+02
0012357   2.1805E+02  1.3857E+02 -1.1302E+02
0012358   4.5117E+02 -3.6840E+01 -1.0711E+02
0012359   1.0411E+02  6.2536E+01  7.2663E+01
0012360   3.1768E+02  1.1246E+02  3.1996E+01
0012363   2.3736E+02  1.6322E+02 -1.5686E+02
0012364   3.7550E+02 -1.4028E+02  3.8160E+01
0012365   4.6650E+02  2.0171E+02 -2.0617E+02
0012366   4.2192E+02 -1.3181E+02 -1.4880E+02
0012367   2.6958E+02  1.1396E+02 -2.7198E+01
0012368   1.0016E+02 -6.8694E+01  9.6420E+01
0012369   4.9376E+02  3.7574E+02 -3.1771E+02
0012370   1.9640E+02  8.9190E+01  4.3151E+01
0012371   4.0140E+02 -1.2252E+02  1.8629E+01
0012372   1.4691E+02  9.6080E+01 -2.9512E+01
0012373   2.9952E+02  1.3346E+02  2.8967E+01
0012374   1.0575E+02 -2.1983E+01 -4.7096E+01
0012375   2.4450E+02 -4.0454E+01 -1.3924E+02
0012376   1.0595E+02  1.2039E+02 -1.4663E+01
0012377   2.4431E+02 -1.1199E+02 -2.9616E+02
0012378   3.6695E+02  3.4846E+01  2.3967E+02
0012379   4.1635E+02 -1.9349E+01 -5.6146E+01
0012380   3.8922E+02 -9.4118E+01  1.9474E+02
0012381   1.6604E+02  6.5131E+01  3.0860E+01
0012382   2.9287E+02  2.0867E+02  2.0050E+02
0012383   3.2254E+02 -1.5593E+02 -1.0571E+02
0012384   1.4370E+02 -6.9481E+01  7.9409E+01
0012385   2.0678E+02  2.7385E+02  9.5133E+01
0012386   1.8083E+02  2.2348E+01  1.1432E+01
0012387   4.0140E+02  5.5762E+01  1.1782E+02
0012388   8.2308E+01 -5.1322E+01 -3.6098E+01
0012389   2.5567E+02  7.6592E+01 -1.8721E+02
0012390   6.4815E+01 -1.2077E+02  6.9487E+01
0012391   3.6566E+02 -2.2927E+02 -1.9652E+01
0012392   1.8697E+02  3.5949E+01  2.8918E+02
0012393   3.8289E+02 -3.6935E+01  1.3983E+02
0012394   5.3399E+01  7.1516E+01  3.0920E+01
0012395   2.2174E+02  2.4557E+02 -8.6619E+01
0012396   3.8859E+02 -3.6755E+01  1.4801E+02
0012397   2.9821E+02  1.4865E+02  5.5652E+01
0012398   2.8373E+02 -3.6613E+01 -2.5664E+02
0012399   4.9174E+02 -9.0900E+01  1.9606E+02
0012401   5.0940E+02 -8.2268E+01 -1.2012E+02
0012402   8.0778E+01  2.6854E+02  5.3696E+01
0012403   2.6232E+02 -2.4636E+02  1.8524E+02
0012404   9.5740E+01  7.3623E+01  4.3722E+01
0012405   4.1769E+02 -2.0894E+02 -1.1048E+02
0012406   1.0930E+02 -2.5725E+02 -1.7782E+02
0012407   3.1966E+02  2.3452E+02  2.0115E+01
0012408   2.8562E+02 -1.8929E-01  1.9597E+01
0012409   1.5076E+02  3.0331E+02 -1.2093E+02
0012411   2.9335E+02  9.9251E+01  8.1864E+01
0012412   3.2883E+01  3.9588E+00 -1.8768E+01
0012413   4.5985E+02  2.7365E+02  2.8468E+02
0012414   3.3842E+02  3.1257E+02 -1.6242E+02
0012415   2.7768E+02  6.5439E+01  1.4369E+02
0012416   3.7481E+02 -3.0265E+02  3.1000E+01
0012417   6.5298E+01 -2.4040E+01  3.4752E+01
0012418   1.9594E+02  2.5556E+01 -1.6141E+02
0012419   1.7771E+02  7.8735E+01  3.3171E+01
0012420   4.1762E+02 -6.0646E+01 -7.7033E+01
0012421   4.3211E+02  5.0193E+01  1.3332E+02
0012422   2.4185E+02 -2.1301E+01 -1.4069E+02
0012423   2.6253E+02 -7.6530E+01  1.2521E+02
0012424   4.3240E+02  1.9453E+02 -2.6299E+01
0012425   3.1909E+01 -2.4565E+00  3.2768E+01
0012426   4.2794E+02 -1.4849E+02 -4.9058E+01
0012427   8.1144E+01 -3.1922E+01  1.2342E+02
0012428   3.8813E+01  1.1128E+02  1.0995E+02
0012429   1.8219E+02 -1.2087E+02 -1.7054E+02
0012430   3.0749E+02  3.2849E+02  2.4494E+02
0012431   2.8247E+02  1.2188E+02 -3.2136E+01
0012432   3.8009E+02  1.2499E+02  1.2527E+02
0012433   1.5106E+02 -5.8036E+00  2.0071E+01
0012434   6.3556E+02  2.7850E+02  1.5918E+02
0012435   9.9455E+00 -1.9509E+02 -2.9961E+01
0012436   2.4983E+02 -6.9552E+01 -4.4011E+01
0012437   3.0603E+02 -9.5022E+01 -8.6281E+01
0012438   5.5412E+02  2.1572E+02  3.1323E+02
0012439   4.3034E+02  1.2032E+02  6.0272E+01
0012440   7.3419E+01 -2.5824E+01 -9.9748E+01
0012441   4.5659E+02  2.0759E+02 -1.6462E+01
0012442   3.7270E+02 -2.4712E+01 -9.9119E+01
0012443   2.3157E+02  3.5515E+00 -1.0842E+02
0012444   1.4423E+02  6.7040E+01  1.0777E+02
0012445   1.0151E+01  1.1409E+01  2.9071E+00
0012446   1.6030E+01 -6.1773E+00 -7.8103E+00
0012447   5.5991E+02  2.0259E+02  1.3078E+02
0012448   3.2947E+02 -3.2936E+01  3.5792E+01
0012449   1.6762E+02 -8.7057E+00  5.8144E+01
0012450   3.4320E+02 -1.4491E+02  1.8467E+02
0012451   1.4948E+02  9.3241E+01 -7.2067E+01
0012452   3.6540E+02  1.9118E+02  9.3770E+01
0012453   2.5559E+02  7.2281E+01  2.0217E+02
0012454   3.9805E+02  1.4264E+02  5.1743E+01
0012455   2.2241E+02  1.5436E+02 -1.1201E+02
0012456   2.8199E+02  1.4796E+02 -3.2638E+02
0012457   1.5111E+02  2.6282E+01 -1.1696E+02
0012458   1.0741E+02  3.2941E+01  3.4047E+01
0012459   3.4480E+02 -2.7782E+02  1.9424E+02
0012460   2.7845E+02 -6.4607E+01 -2.5200E+01
0012461   4.5589E+02 -1.9510E+01  7.6567E+01
0012462   2.2964E+02  8.9365E+01  1.5915E+02
0012463   2.6429E+02  1.0041E+02 -1.7340E+02
0012464   2.0709E+02  2.7824E+02  1.3612E+01
0012465   2.0725E+02  3.7668E+02 -2.9171E+02
0012466   3.6956E+02 -1.6707E+02 -4.9679E+01
0012467   8.5669E+01 -1.8740E+01  1.5470E+01
0012468   4.8560E+01 -8.1459E+01 -1.1770E+02
0012469   2.2445E+02  2.2154E+01 -2.3778E+02
0012470   1.9088E+02 -4.9112E+01  2.1606E+02
0012471   1.5316E+02 -8.1178E+01 -6.4350E+01
0012472   1.4795E+02 -2.7665E+01  2.2809E+02
0012473   2.9754E+02  7.0342E+01 -5.6339E+01
0012474   4.4552E+02  1.4491E+01  6.2545E+01
0012475   2.3123E+02 -3.6863E+02 -3.4861E+02
0012476   3.2015E+02  1.6550E+02 -6.0358E-01
0012477   7.5136E+01  9.8314E+01 -1.1157E+02
0012478   2.8211E+02  1.3565E+01  7.5087E+01
0012479   1.9391E+02  1.9902E+02 -3.5935E+02
0012480   1.6620E+02  7.8822E+01 -1.3332E+02
0012481   1.8411E+02  5.8811E+01 -1.0654E+02
0012482   4.2573E+01 -5.4636E+01 -3.3144E+01
0012483   2.7775E+02 -4.2172E+01  1.8597E+01
0012484   1.4096E+02 -2.6650E+00 -2.3920E+00
0012485   2.1237E+02  1.0876E+02 -4.8529E+01
0012486   2.2363E+02 -2.5523E+01  3.3508E+01
0012487   6.2325E+02 -2.1600E+02 -2.2614E+02
0012488   3.0467E+02 -1.2545E+02  4.3653E+01
0012489   3.6841E+02 -1.4199E+02 -9.0184E+01
0012490   4.2380E+02  2.6700E+01 -2.9113E+02
0012491   3.7421E+02 -6.7883E+01 -8.1919E+01
0012492   4.2469E+01 -4.0409E+01  7.9992E+01
0012493   2.6101E+02  6.2063E+01 -2.2634E+02
0012494   2.1390E+02  3.0026E+01  3.1122E+01
0012495   5.1308E+01 -1.8203E+02 -6.7307E+01
0012496   1.7898E+02  1.4441E+02 -1.0361E+02
0012497   1.7245E+02  2.0254E+01 -4.0697E+01
0012498   1.2977E+02  3.8833E+01  1.4302E+02
0012499   3.1567E+02  1.9324E+02  3.2141E+02
0012500   3.9292E+02  1.3943E+02  7.5470E+01
0012501   1.7176E+02  3.3430E+00  1.1318E+02
0012502   1.7548E+02  1.3007E+02  3.1089E+02
0012503   3.0176E+02 -7.0570E+01 -4.4262E+01
0012504   5.8877E+02  1.0712E+02  1.2372E+02
0012505   3.5533E+02 -1.4643E+02 -9.7221E+01
0012506   1.8895E+02  4.0817E+01 -1.4148E+02
0012507   5.0811E+02 -1.1004E+02  6.5592E+01
0012508   4.3552E+02  3.9819E+01  9.1953E+01
0012509   7.6385E+01 -4.3764E+01 -3.5933E+00
0012510   2.4242E+02 -3.6246E+01  1.5770E+02
0012511   2.3507E+02 -3.3391E+02  1.7241E+02
0012512   3.9218E+02 -1.4145E+02  2.0212E+02
0012513   8.9114E+01  5.4577E+01  7.3619E+01
0012514   3.6987E+02 -4.4754E+01  1.4374E+02
0012515   4.1972E+02 -6.7350E+01 -3.9175E+01
0012516   3.7661E+02  2.0610E+02  9.3876E+01
0012517   2.3804E+02 -3.1840E+02 -6.7188E+01
0012518   2.8973E+02 -1.2796E+02  9.8252E+00
0012519   3.2097E+02  7.9465E+01  2.0687E+02
0012520   2.4569E+02 -8.4584E+01 -1.9833E+02
0012521   4.2363E+02  1.0482E+02 -4.7065E+01
0012522   3.0963E+02 -1.9910E+02  4.6510E+01
0012523   4.1258E+02  3.6980E+01  2.2366E+02
0012524   2.5434E+02  9.8329E+00 -1.0932E+02
0012525   2.2915E+02  2.4342E+02 -1.5897E+02
0012526   4.5522E+02 -1.0921E+02 -1.4506E+02
0012527   2.4414E+02  8.2925E+01  9.0760E+01
0012528   1.3708E+02  9.8504E+01  1.4676E+01
0012529   3.2993E+02 -1.7707E+02 -2.2409E+02
0012530   3.4423E+02  4.5714E+01 -2.0264E+02
0012531   5.2690E+02 -3.6620E+01  8.2644E+01
0012532   2.1232E+02  2.2602E+02 -2.1245E+02
0012533   5.3392E+01  1.5883E+01  2.5675E+01
0012534   4.8798E+01  4.7796E+00 -2.5618E+02
0012535   1.4680E+02  5.2003E+01 -9.3662E+01
0012536   4.1073E+02 -8.1262E+01 -2.2190E+01
0012537   1.7966E+02  2.1587E+02  4.2132E+01
0012538   1.5097E+02  1.3758E+02  1.6130E+02
0012539   4.3260E+02 -2.2079E+02 -1.3036E+02
0012540   1.7494E+02  1.0941E+02 -2.1981E+02
0012541   3.4728E+02 -5.3769E+01  1.0022E+02
0012542   3.8556E+02  6.9247E+01 -7.9340E+01
0012543   1.3988E+02  1.3826E+02 -1.9714E+02
0012544   1.1240E+02 -7.7120E+01 -1.7765E+01
0012545   1.7987E+02  3.5472E+02 -2.4552E+02
0012546   6.3124E+02 -6.5398E+01  1.1567E+02
0012547   4.7251E+02  1.8020E+02 -3.4732E+00
0012548   3.9341E+02  2.3046E+02  1.5202E+02
0012549   1.2206E+02  5.0737E+01  1.7926E+02
0012550   5.3277E+01  7.7177E+01  2.2735E+01
0012551   4.6673E+02 -2.6305E+01 -6.0969E+01
0012552   4.0528E+02 -1.4057E+02  1.5664E+02
0012553   5.1227E+02  1.0408E+02  3.0042E+02
0012554   2.3217E+02  1.3887E+02  2.1082E+02
0012555   5.0173E+02 -8.3596E+01  4.9649E+01
0012556   2.5582E+02 -8.1249E+01  3.0719E+01
0012557   1.5218E+02  1.1112E+02 -7.2761E+01
0012558   3.3819E+02 -2.0279E+02  8.8909E+01
0012559   9.0124E+01 -8.6990E+01  8.6738E+01
0012560   1.0138E+02  8.9956E+01 -1.9220E+02
0012561   3.4866E+02 -1.4054E+02 -7.4902E+00
0012562   3.2567E+02  1.9350E+02  7.6257E+01
0012563   3.4389E+02  8.4757E+01  1.9349E+01
0012564   3.8507E+02 -3.4909E+02 -1.2813E+02
0012565   2.2105E+01 -6.8832E+01  1.0150E+01
0012566   3.6545E+02  1.0324E+02 -2.5030E+01
0012567   5.3913E+01  1.4370E+02  1.0962E+02
0012568   1.4113E+02 -3.3589E+01 -1.0205E+02
0012569   1.5746E+02  8.8396E+01  1.3246E+02
0012570   4.1751E+02  6.7041E+01  7.0531E+01
0012571   2.8748E+02  1.5602E+02  3.5261E+01
0012572   3.4397E+02 -2.2357E+02 -5.5768E+01
0012573   2.2939E+02  4.6595E+01  4.5047E+01
0012574   5.5700E+02  1.0458E+02  8.1982E+01
0012575   2.8670E+02 -1.9230E+02  1.2524E+02
0012576   4.9148E+02  2.0396E+01  2.1353E+02
0012577   1.0903E+02  2.4278E+01 -3.3928E+01
0012578   2.6941E+01 -2.2972E+00  3.9921E+01
0012579   8.5224E+01 -9.2144E+01 -1.8644E+01
0012580   4.9516E+02 -1.5900E+02  1.3910E+02
0012581   1.1390E+02 -2.0678E+02 -7.2030E+01
0012582   3.7044E+01 -4.6354E+00 -3.2017E+01
0012583   2.3742E+02 -1.4835E+02  7.0169E+01
0012584   3.5723E+02 -5.6543E+01 -1.2471E+02
0012585   2.9427E+02  1.1672E+02  2.6365E+02
0012587   1.0826E+02 -2.2946E+02  1.3989E+02
0012588   2.7441E+02  9.4604E+01 -2.6897E+02
0012589   6.7010E+02  8.5862E+01  1.6654E+02
0012590   5.2857E+02  1.2786E+02 -6.0756E+01
0012591   5.8691E+02 -5.6979E+01 -2.6203E+02
0012592   1.1421E+02  3.0842E+00  1.1853E+02
0012593   3.8585E+02  8.9814E+01  2.7609E+01
0012594   4.0947E+02  4.4715E+01  2.2911E+02
0012595   3.5026E+02  5.8369E+01  1.9109E+02
0012596   3.4179E+02  7.1840E+01 -1.4217E+01
0012597   1.9530E+02  7.1563E+01 -4.0163E+01
0012598   7.3502E+01 -1.4139E+02 -7.4307E+01
0012599   3.7895E+02 -2.7833E+02 -6.5762E+01
0012600   4.1256E+02  2.1528E+02  2.7162E+02
0012601   2.6844E+02 -9.3512E+01 -1.1476E+02
0012602   1.2376E+02  2.9450E+01 -4.0712E+01
0012603   3.2014E+02  2.4240E+02 -1.8321E+02
0012604   5.0261E+02 -7.3745E+01 -2.8354E+01
0012605   4.1632E+02 -1.6865E+02  1.7724E+02
0012606   4.5238E+02 -5.9519E+01 -2.0945E+02
0012607   4.7776E+02 -6.8557E+01  6.1931E+01
0012608   1.0811E+02 -3.1334E+02  2.6096E+01
0012609   1.7436E+02  9.1290E+01  2.3025E+02
0012610   2.6267E+02 -2.1751E+02 -4.1706E+00
0012611   1.1152E+01  2.2931E+01  6.9516E+01
0012612   4.1430E+02 -2.2079E+02  1.1022E+02
0012613   1.2161E+02  4.1292E+01 -1.0335E+01
0012614   7.4518E+01  4.2901E+01 -7.3769E+01
0012615   1.8113E+02 -6.1199E+01  1.1728E+02
0012616   1.7613E+02  6.3029E+01  1.0762E+02
0012617   1.1099E+02  1.2279E+02  1.2258E+02
0012618   1.2881E+02 -9.9550E+01  2.8894E+01
0012619   2.3921E+02 -1.1035E+02 -8.9445E+01
0012620   5.1096E+02 -2.7590E+01  1.2004E+02
0012621   1.8325E+01 -4.2631E+01 -1.2891E+02
0012622   3.0928E+01 -6.1590E+01  6.7782E+01
0012623   3.3288E+02 -1.7684E+02  1.4998E+02
0012624   1.2638E+02 -7.3531E+00  1.4527E+02
0012625   3.0623E+02  1.0266E+02  1.5378E+02
0012626   3.0756E+01  2.1975E+02  1.1518E+02
0012627   9.7107E+01 -3.1976E+01  1.7906E+02
0012628   2.4862E+02  9.2040E+01  9.7476E+01
0012629   2.8594E+02  1.1594E+02  3.6822E+02
0012630   2.2886E+02  1.6214E+02 -4.7356E+01
0012631   7.0962E+02 -7.3935E+00  9.0924E+01
0012632   2.5649E+02  4.3205E+01  1.7931E+02
0012633   5.0211E+01  4.9000E+01 -8.2986E+00
0012634   7.6643E+01 -1.4915E+02  5.4415E+01
0012635   3.3920E+02  2.5409E+01 -7.7070E+01
0012636   9.8871E+01  1.1232E+02 -4.1285E+01
0012637   2.6460E+02 -9.3545E+01 -1.8597E+02
0012638   3.8517E+02 -2.0415E+02 -7.4346E+01
0012639   4.1789E+02  7.8605E+01 -8.0615E+00
0012640   4.8035E+02 -5.6234E+01 -3.8964E+01
0012641   2.8258E+02  9.1720E+00  4.4818E+01
0012642   1.4042E+02 -1.9970E+02 -8.4852E+01
0012643   3.8235E+02 -6.8355E+01 -2.4564E+02
0012644   4.6617E+02  1.5718E+01  2.4555E+02
0012645   3.7332E+02 -1.2546E+02  1.0084E+02
0012646   2.2861E+02  4.6677E+01  3.6008E+01
0012647   2.2656E+02  1.3271E+02  7.2139E+01
0012648   4.3778E+02 -8.1907E+01  1.2464E+02
0012649   2.8702E+02  2.7070E+02 -3.5951E+02
0012650   5.6162E+01  2.5322E+01 -6.7830E+01
0012651   1.9009E+02  2.1075E+02 -2.8274E+02
0012652   2.4973E+01  1.1310E+02 -3.7628E+01
0012653   5.5567E+02 -5.6625E+01 -4.1580E+01
0012654   3.1565E+02  1.9868E+02 -1.5010E+02
0012655   8.1145E+01 -8.0246E+01 -1.2717E+02
0012656   4.1078E+02 -1.1578E+02  1.6659E+02
0012657   3.9541E+02 -1.0136E+02 -1.6582E+02
0012658   2.5444E+02 -6.0891E+01  1.3177E+01
0012659   2.6875E+02 -2.0679E+02 -1.8160E+02
0012660   3.8101E+02  2.0682E+02  2.4732E+02
0012661   1.4718E+02  6.1407E+00  1.7698E+02
0012662   2.2232E+02 -9.0700E+01 -1.0502E+02
0012663   3.6752E+02 -8.8912E+00 -8.5455E+01
0012664   2.3896E+02 -6.5347E+01  1.2013E+02
0012665   2.7816E+02 -1.9425E+02  2.3291E+02
0012666   7.2862E+01 -7.3877E+01 -5.1489E+01
0012667   1.8883E+02 -1.5067E+01  4.9346E+01
0012668   4.3373E+02 -6.2143E+01  1.6776E+02
0012669   4.3124E+02  1.1121E+02 -2.1551E+02
0012671   9.2529E+01 -1.6115E+02 -1.2541E+02
0012672   2.4916E+02 -1.1418E+02 -1.1782E+02
0012673   2.9692E+02 -6.9538E+00  1.3008E+02
0012674   2.1800E+01 -1.0819E+02  3.8092E+01
0012675   3.1785E+02 -1.5428E+02  5.3803E+01
0012676   3.2659E+02  1.4469E+02 -3.9532E+00
0012677   2.4808E+02 -1.5769E+02  9.4227E+00
0012678   3.1752E+02  2.1216E+01  2.2209E+02
0012679   2.3277E+01 -2.3342E+02  1.0899E+01
0012680   5.6121E+02 -7.1916E+01 -2.7466E+02
0012681   1.6835E+01 -1.0735E+02 -1.9624E+02
0012683   1.4913E+02 -3.4123E+00 -2.5454E+02
0012684   2.3519E+02 -1.2866E+02  1.7939E+02
0012685   3.3267E+02  1.5623E+02  8.1071E+00
0012686   1.9070E+02 -7.1946E+01  2.3855E+02
0012687   3.7738E+02 -3.8975E+01  2.9396E+02
0012688   2.2553E+02  1.0413E+02 -8.5791E+01
0012689   1.1722E+02 -5.4546E+01  1.3322E+02
0012690   2.8323E+02 -1.1460E+02 -1.3670E+02
0012691   3.5369E+02 -1.4697E+02  1.4700E+02
0012692   1.1793E+02 -1.1792E+02  1.0857E+02
0012693   5.5197E+02 -5.9883E+00  6.2966E+01
0012694   1.6198E+02  2.1127E+02 -1.1013E+02
0012695   1.6559E+02 -2.0905E+02 -1.6659E+01
0012696   1.2954E+02  2.1203E+02 -1.0035E+02
0012697   6.1237E+02  7.2266E+01 -3.1068E+00
0012698   3.0315E+02  8.7942E+01  5.1554E+01
0012699   5.1727E+02 -3.5061E+01  3.8578E+01
0012700   2.6093E+02  2.7226E+02 -1.9541E+02
0012701   1.2545E+02  5.5556E+01  4.5176E+02
0012702   2.7102E+02 -5.4616E+01  2.3916E+02
0012703   3.1997E+02 -5.9163E+01 -8.9299E+01
0012705   2.0557E+02  7.6188E+01  7.9177E+01
0012706   3.0763E+02 -7.1122E+01  2.0359E+02
0012707   2.1745E+02 -1.7621E+02  1.1853E+02
0012708   3.9965E+02  4.0377E+01 -1.0476E+01
0012709   2.1097E+02  1.9998E+02  2.3781E+02
0012710   5.2267E+02  1.3829E+02 -3.0237E+01
0012711   4.6257E+02  2.6289E+02  2.0462E+02
0012712   4.6855E+02 -3.1713E+02 -1.3727E+02
0012713   3.7310E+01 -2.7877E+01 -2.4270E+01
0012714   1.7749E+02  1.0898E+02  1.7116E+01
0012715   4.1296E+02  3.2488E+01 -1.1201E+02
0012716   2.1153E+02  1.3444E+02  1.8394E+02
0012717   7.6331E+01  6.2047E+01 -1.2778E+02
0012718   2.4038E+02 -8.7142E+01  1.6966E+02
0012719   2.9434E+02  3.0533E+01  1.5012E+02
0012720   1.8534E+02 -1.0177E+02  1.5453E+01
0012721   3.0503E+02 -4.2734E+01 -2.7870E+02
0012722   3.1669E+02 -2.6557E+02 -1.5355E+02
0012723   3.0227E+02 -2.1414E+02 -6.4338E+01
0012724   3.5016E+02 -3.0723E+02  4.7703E+02
0012725   2.7647E+02 -4.4735E+01 -2.0124E+02
0012726   1.0032E+02  6.2713E+01  2.0064E+02
0012727   2.1778E+02 -2.2524E+02 -4.9717E+01
0012728   1.5772E+02  1.9968E+02 -1.2608E+02
0012729   9.4175E+01 -9.0145E+01  8.8508E+01
0012730   3.4103E+02  2.9732E+01  9.7991E+01
0012731   3.1646E+02  6.7429E+01  1.6368E+02
0012732   3.9457E+02 -1.4377E+01  2.9728E+02
0012734   2.4307E+02 -2.6706E+01  5.7678E+01
0012735   4.7528E+02  6.1226E+01  8.3034E+01
0012736   3.9562E+02  2.5969E+01  1.1401E+01
0012737   2.8527E+02 -3.0271E+01  3.7600E+01
0012738   9.8537E+01  3.2440E+02  5.6992E+01
0012739   2.4590E+02  3.7588E+01 -6.6587E+01
0012740   1.9951E+02  1.0225E+01  1.0022E+02
0012741   3.4609E+02  8.5324E+01 -7.7520E+01
0012742   3.3618E+02  2.4358E+02  1.2003E+02
0012743   1.8461E+02 -7.4316E+01  2.2558E+01
0012744   2.0806E+02 -3.5135E+01  1.2209E+02
0012745   1.7663E+02 -3.1520E+02 -1.7469E+02
0012746   6.6471E+01 -1.7514E+02 -3.0769E+01
0012747   8.5509E+01  1.7050E+02  1.5864E+02
0012748   4.2380E+02 -8.0228E+01 -3.4813E+02
0012749   8.7015E+01 -1.1348E+02 -1.0568E+02
0012750   3.6796E+02 -1.0372E+02  1.2638E+00
0012751   2.0739E+02  2.6525E+02  8.7558E+01
0012752   2.6036E+02 -1.5380E+02 -3.4595E+02
0012753   2.8271E+02  1.7412E+02  4.5640E+01
0012754   5.2233E+01 -1.4697E+02 -6.0612E+01
0012755   1.7098E+02 -1.4860E+02  5.7938E+01
0012756   3.1307E+02 -2.9667E+02  2.6705E+02
0012757   1.1967E+02 -1.1951E+02 -1.6565E+02
0012758   3.8695E+02 -4.0555E+01 -2.6481E+02
0012759   5.0330E+02 -1.5138E+02  4.0534E+01
0012760   1.3770E+02  8.9159E+01  1.1719E+02
0012761   1.1273E+02  2.1679E+02 -1.5647E+02
0012762   2.8838E+02 -1.2415E+02  1.0250E+02
0012763   3.6787E+02 -7.6147E+01  2.6309E+02
0012764   2.3587E+02  1.3258E+02 -6.5437E+01
0012765   1.3568E+02  1.6429E+00 -1.3284E+02
0012767   4.4104E+01 -5.1626E+01 -1.6384E+02
0012768   5.8345E+01  3.1730E+01 -3.4738E+00
0012769   7.6693E+01  4.3359E+01 -6.2195E+01
0012770   5.8418E+02 -5.9148E+00 -1.2914E+02
0012771   3.0226E+02  6.4887E+01  2.9145E+01
0012772   2.7434E+02  1.3923E+02 -5.4785E+02
0012773   9.5663E+01 -3.7710E+02  8.8373E+01
0012774   2.7266E+02  2.1136E+02 -2.1158E+02
0012775   2.4967E+02  1.5698E+02 -4.3631E+01
0012776   4.1793E+02 -7.1441E+01  3.2468E+01
0012777   2.7090E+02  1.3932E+02 -5.5160E+01
0012778   4.8533E+02 -1.7602E+01 -2.4345E+02
0012779   3.9722E+02  2.5721E+01  1.5961E+02
0012780   1.9577E+02  5.9034E+01 -1.4006E+02
0012781   2.5369E+02  6.1598E+01 -1.6434E+01
0012783   1.7556E+02  1.1407E+02 -3.1236E+00
0012784   1.5347E+02 -3.7527E+01 -2.1866E+02
0012785   1.1516E+02  2.3067E+00 -4.8804E+01
0012786   2.7994E+02  1.3029E+02  6.5219E+01
0012787   1.0021E+02  8.0038E+00  8.3000E+01
0012789   8.3594E+00  3.4973E+02 -1.7325E+02
0012790   2.5797E+02  2.0759E+02 -2.3422E+01
0012791   1.5982E+02 -1.4336E+02  2.0085E+02
0012792   6.1899E+01 -4.3117E+01  1.8148E+02
0012793   1.7797E+02  3.8695E+01 -4.6485E+01
0012794   4.6913E+02  8.8105E+01 -5.9123E+01
0012795   4.8760E+02 -1.1332E+02  1.4117E+02
0012796   4.7536E+01  6.0341E+01 -6.5492E+01
0012797   2.3905E+02  1.0811E+02  9.1377E+01
0012798   3.3965E+02  1.9739E+02 -1.1579E+02
0012799   9.8021E+01  2.0831E+01  1.1868E+02
0012800   1.8971E+02 -8.3063E+01 -1.8086E+02
0012801   6.0318E+02 -1.3682E+01 -2.5704E+01
0012802   2.2163E+02 -1.1028E+02 -3.6955E+00
0012803   1.3068E+02  5.9175E+01  4.4508E+02
0012804   1.1225E+02 -8.1074E+00  1.3367E+02
0012806   2.0647E+02  3.3784E+01 -7.4843E+01
0012807   2.8399E+02  1.5845E+01  4.0571E+01
0012808   1.7897E+02  3.6202E+00 -1.3882E+02
0012809   1.9625E+02  1.4293E+02 -5.7780E+01
0012810   5.3763E+02  2.3502E+01  1.0056E+02
0012811   4.0487E+02 -2.1747E+02  1.0539E+02
0012812   1.8610E+02 -2.6516E+01 -1.0728E+01
0012813   5.4038E+02 -5.6836E+01  1.1582E+02
0012814   2.7595E+02 -3.9579E+01  1.7412E+02
0012815   5.0130E+02 -9.5356E+01 -1.3193E+02
0012816   2.2049E+02  3.9511E+01  1.5959E+02
0012817   4.8671E+02 -1.3134E+01  1.3438E+02
0012818   2.0561E+02 -2.3726E+01  5.8736E+01
0012819   1.0406E+02 -2.3608E+02  1.6550E+02
0012820   1.4643E+02 -2.7597E+01 -9.1872E+01
0012821   2.8592E+02  2.2121E+01  4.5444E+01
0012822   4.0102E+02  6.6009E+01 -1.7913E+01
0012824   1.9856E+02  2.5998E+01  2.7138E+01
0012825   3.5518E+02 -2.6337E+02 -1.0581E+02
0012826   5.5022E+02 -2.1810E+01  1.9707E+02
0012827   2.7011E+02 -2.5071E+02  3.0847E+01
0012828   2.0932E+02  1.3593E+02  1.3648E+02
0012829   2.2088E+02 -7.5914E+01  1.1035E+02
0012830   5.3344E+02 -1.2164E+01  8.3631E+01
0012831   2.3931E+02  8.3588E+01 -9.8580E+00
0012832   3.8492E+01 -2.9375E+02  9.6504E+01
0012833   4.0491E+02  6.6148E+01 -6.0639E+01
0012834   1.8821E+02  2.0587E+02 -1.1270E+02
0012835   9.3876E+01  1.0293E+01 -3.2553E+01
0012836   1.4288E+02 -1.3775E+02 -2.5072E+01
0012837   1.9599E+02 -3.8280E+01 -1.7240E+01
0012838   3.9685E+02 -1.7920E+02  4.1487E+01
0012839   3.0420E+02 -3.3859E+02  3.2349E+01
0012840   2.7767E+02  5.3552E+01 -6.4234E+00
0012841   1.4582E+02  2.6885E+01  1.6711E+01
0012842   1.0491E+02 -1.0084E+02 -5.2585E+01
0012843   2.7493E+02  2.7486E+01 -1.2252E+02
0012844   2.6484E+02  5.3655E+01  1.1389E+02
0012845   4.6471E+02  2.5720E+01 -1.9880E+02
0012846   2.7570E+02  3.1160E+01  1.3555E+02
0012847   1.8477E+02 -1.7784E+01  2.0742E+02
0012849   2.9041E+01  9.4371E+01 -3.6469E+01
0012850   1.0811E+02 -2.2187E+01 -3.0782E+01
0012851   1.9038E+02 -8.0696E+01  1.2564E+01
0012852   8.2804E+01 -8.5730E+01 -6.5216E+01
0012853   2.8012E+02  1.6643E+02  4.6875E+01
0012854   2.2762E+02 -1.7800E+02  1.2075E+02
0012855   2.9515E+02  2.4615E+01 -2.5498E+00
0012856   9.8216E+01 -9.5407E+01 -4.8336E+01
0012857   3.0387E+02  2.2602E+02 -1.4677E+02
0012858   3.2896E+02  1.6671E+02  1.4298E+02
0012859   4.3300E+02  1.1139E+02  1.3982E+00
0012860   8.1242E+01  1.0493E+01  2.6702E+01
0012861   2.6174E+02 -2.3439E+01  3.1944E+01
0012862   1.8868E+02  4.1570E+01  1.0058E+02
0012863   9.5745E+01  4.4315E+01 -1.6820E+01
0012864   3.6223E+02 -6.7064E+00  6.9282E+01
0012865   2.1383E+02  1.9390E+02 -7.3357E+00
0012866   3.7233E+02  1.4418E+02 -2.2518E+02
0012867   3.2305E+02 -2.1850E+01  1.0171E+01
0012868   1.1234E+02 -1.6093E+01  2.3020E+01
0012869   1.5815E+02 -5.8127E+01 -7.3951E+00
0012870   1.2201E+02  2.1283E+01 -3.6492E+01
0012872   3.4453E+02 -2.2067E+02  1.4532E+02
0012873   2.2335E+02 -2.7580E+00 -5.8822E+01
0012874   1.2416E+02 -1.9005E+02 -5.6948E+01
0012875   2.2901E+02  1.6039E+02 -2.0795E+01
0012876   3.9825E+02 -1.3100E+02 -3.2306E+01
0012877   3.5480E+02 -4.7274E+01  1.0325E+02
0012878   2.0181E+02  7.4428E+01 -2.6065E+02
0012879   1.1089E+02 -1.2308E+02 -9.2158E+01
0012880   1.2446E+02 -2.6241E+02  2.0797E+01
0012881   6.9418E+01 -2.2016E+01  7.5441E+01
0012882   8.8016E+01 -3.9441E+01 -2.2695E+02
0012883   2.6653E+02  5.2899E+01 -9.6335E+01
0012884   2.7392E+02  3.2135E+01 -2.8727E+01
0012885   6.4539E+02 -1.4473E+02 -1.0726E+02
0012886   4.2081E+02  2.8436E+02 -9.4719E+01
0012887   3.0336E+02 -1.3982E+02 -3.8775E+02
0012888   3.3004E+02 -5.4360E+01  2.4661E+02
0012889   1.6275E+02  3.3571E+01  6.0488E+01
0012890   2.2472E+02  9.5645E+00  7.7891E+01
0012891   1.8368E+02  1.3352E+02  4.7855E+01
0012892   1.9656E+02 -5.6660E+01 -1.0095E+02
0012893   6.2599E+02  8.0376E+00  3.3250E+02
0012894   3.3215E+02  1.0181E+02  1.6602E+02
0012895   2.7732E+02  2.5378E+02  1.1800E+02
0012896   2.3788E+02 -7.0958E+01 -1.1662E+02
0012897   3.2515E+02  1.1265E+02 -3.3246E+01
0012898   4.2785E+02 -7.9152E+00 -3.1098E+01
0012899   1.7570E+02 -2.6067E+01  3.9426E+01
0012900   4.8092E+02  2.2458E+01 -1.3571E+02
0012901   1.0654E+02 -3.6563E+02 -1.4811E+02
0012902   3.5283E+02  4.1106E+01 -1.0296E+01
0012903   2.2501E+02  1.6160E+02 -6.1146E+01
0012904   4.5627E+02 -1.3165E+02  2.0999E+02
0012905   4.7426E+01 -8.7402E+01 -1.1696E+02
0012906   4.6131E+02 -2.3902E+02 -2.2270E+01
0012908   4.6282E+02  8.5195E+01 -1.5415E+02
0012909   2.6532E+02 -2.6309E+02  3.8098E+01
0012910   3.7332E+02 -1.3429E+02  1.2845E+02
0012911   1.0408E+02 -1.9376E+02  5.6948E+00
0012912   2.4144E+02  2.0704E+01 -9.3934E+01
0012913   1.2692E+02 -1.8011E+01 -4.9920E+01
0012914   2.6219E+02 -1.5372E+02 -1.6764E+02
0012915   1.7102E+02 -1.8612E+01  7.4744E+00
0012916   2.1328E+02  1.5402E+02  2.8829E+02
0012917   2.6104E+02 -1.2387E-01 -5.5022E+00
0012918   1.6226E+02 -2.5969E+01  2.4392E+02
0012919   2.4563E+02 -1.3049E+02 -5.6882E+01
0012920   1.5113E+02 -1.0772E+02 -9.8188E+01
0012921   2.1882E+02  1.6797E+02 -9.0364E+01
0012922   1.5309E+02  7.1687E+01 -1.7616E+02
0012923   2.6117E+02 -8.7554E+01 -9.7798E+01
0012924   3.9547E+02  9.5175E+01  4.2896E+01
0012925   3.3185E+02  3.6407E+02 -5.9598E+01
0012926   4.8570E+02  1.7392E+02 -6.0860E+01
0012927   3.6703E+02 -1.7593E+02 -1.0682E+02
0012928   2.8594E+02 -1.6634E+02  1.6417E+00
0012929   1.9791E+02  2.1414E+02  1.0123E+02
0012930   2.2842E+01  3.4263E+01 -4.8271E+01
0012931   1.4326E+02 -8.6321E+01  7.0879E+01
0012932   2.1257E+02 -1.0089E+01  1.1951E+02
0012933   3.5176E+02 -2.0665E+02 -5.0199E+00
0012934   3.3311E+02  5.6087E+00 -1.2188E+01
0012935   1.6866E+02 -1.2332E+02 -4.1328E+01
0012936   3.8607E+02 -1.7035E+02 -6.5533E+01
0012937   3.7782E+02  3.0398E+01  3.6432E+00
0012938   8.0162E+01 -2.6108E+02  1.0313E+02
0012939   3.9427E+02  8.0200E+01  2.7937E+01
0012940   2.1674E+02  8.9839E+01  6.2414E+01
0012941   1.3338E+02  5.9823E+00  2.1032E+02
0012942   2.7092E+02  2.2249E+01  1.1695E+02
0012944   4.3007E+02  1.0309E+01  1.1841E+02
0012945   5.7093E+02 -1.9876E+02  1.6599E+01
0012946   5.5784E+02 -9.8201E+01  7.7612E+01
0012947   4.1282E+02 -7.2750E+01  1.5661E+02
0012948   3.1215E+02  1.3281E+02  2.0777E+01
0012949   3.4462E+02 -9.4706E+01 -9.8143E+01
0012950   3.0272E+02 -1.1056E+02  2.1055E+02
0012951   2.7096E+02 -3.1560E+02  3.9389E+01
0012952   1.6693E+02 -6.8926E+00 -4.0100E+01
0012953   2.5670E+02  3.5342E+02 -3.0948E+02
0012954   4.2436E+02  4.8954E+01  7.1179E+01
0012955   1.0488E+02 -1.5110E+02 -9.6187E+01
0012956   2.3448E+02  1.3309E+02 -3.7458E+01
0012957   3.7102E+02 -3.5742E+01  1.0509E+02
0012958   1.9326E+01 -1.7425E+02  1.5421E+02
0012959   2.9893E+02  1.8161E+01 -2.1299E+02
0012960   5.6450E+02 -2.1839E+02 -1.2537E+02
0012961   1.1171E+02 -1.6694E+01 -8.2130E+00
0012962   3.4014E+02  1.9226E+02  2.9532E+02
0012963   6.8394E+02 -1.8205E+02 -2.2603E+01
0012964   1.8854E+02 -1.3630E+02  3.8135E+00
0012965   7.3037E+01 -1.7602E+00  7.7329E+01
0012966   4.3319E+02 -3.4009E+02 -2.1269E+02
0012967   1.3718E+02 -2.2849E+01  6.6789E+01
0012968   1.1792E+02  1.5065E+02  1.8423E+02
0012969   2.6318E+02  1.0662E+02 -7.5060E+01
0012970   4.0794E+02  1.3594E+02  8.7441E+01
0012971   1.4783E+02 -5.6906E+01  1.8052E+01
0012972   5.8648E+02  2.6462E+01 -1.5127E+02
0012973   1.6091E+02  8.9054E+01  2.9703E+02
0012974   2.7038E+02 -6.4195E+00  2.0335E+02
0012975   3.8097E+02  2.5779E+02 -1.2819E+02
0012976   1.7786E+02 -8.1104E+01 -1.3129E+02
0012977   4.8580E+02  4.1957E+01 -1.9368E+00
0012978   3.2150E+02 -1.0073E+02  2.2026E+01
0012979   2.3540E+02 -6.0656E+01 -5.1011E+01
0012980   1.9722E+02 -1.5505E+02  5.3271E+01
0012981   3.4651E+02  8.7470E+01 -4.5848E+01
0012982   1.3434E+02  1.6833E+02 -2.7778E+02
0012983   3.7175E+02 -6.8784E+01 -2.1133E+01
0012984   3.6165E+02 -2.4939E+02 -3.3469E+02
0012985   2.8314E+02 -2.3724E+00 -1.6010E+02
0012986   6.5912E+02 -1.5470E+02  3.6248E+01
0012987   8.8595E+01  2.6118E+02  4.1548E+01
0012988   2.7980E+02 -1.3358E+02 -5.4142E+01
0012989   2.4396E+02  1.2042E+02  2.6792E+02
0012990   9.1099E+01  8.4820E+01  3.9832E+01
0012991   1.6634E+02 -2.2346E-01 -3.4983E+01
0012992   4.1688E+01 -3.2677E+01 -4.2359E+01
0012993   6.5173E+00  4.9938E+01  9.6227E+01
0012994   5.3963E+02 -3.7960E+01  1.3991E+02
0012995   2.2075E+02  3.5975E+00 -1.7659E+02
0012996   4.2040E+01  1.3721E+01  2.2195E+02
0012997   1.2841E+02  1.8869E+02  1.6030E+02
0012998   2.3419E+02 -9.7948E+01  7.5608E+01
0013000   2.8665E+02 -1.3530E+01 -5.4225E+01
0013001   2.9329E+02 -1.0306E+02  1.3736E+02
0013002   5.3167E+02  9.2715E+01  7.6386E+01
0013003   3.3795E+02 -2.3142E+02  1.5566E+02
0013004   4.9264E+02 -1.1837E+02  3.6278E+01
0013005   4.9183E+01 -1.1273E+02 -3.7360E+02
0013006   2.1268E+02 -5.8888E+01 -6.7869E+01
0013007   1.7060E+02  2.3196E+02  4.5046E+01
0013008   3.2107E+02 -4.2530E+01 -2.3894E+02
0013009   3.6040E+02  1.1758E+02  3.2103E+01
0013010   4.8515E+02  2.1061E+02 -2.2741E+02
0013011   4.8685E+02  2.8208E+02  1.1051E+02
0013012   2.0419E+02  2.7800E+02 -1.3514E+01
0013014   7.6912E+01 -2.4578E+02 -1.5398E+02
0013015   1.8379E+02 -1.7047E+02 -4.0045E+02
0013017   2.3112E+02 -2.1644E+02  7.2662E+01
0013018   2.2198E+02  1.6841E+01  9.7167E+01
0013019   1.1960E+02 -1.9749E+02 -8.1932E+00
0013020   2.0195E+02  9.4655E+01  4.2930E+01
0013021   3.6657E+02  1.5964E+02 -1.6662E+02
0013022   2.8377E+02  7.7450E+01  1.1235E+02
0013023   1.0888E+02 -4.2356E+01 -2.2422E+01
0013024   2.0405E+02 -4.3171E+01 -5.4593E+01
0013025   4.5656E+02  9.3949E+01 -9.7345E+01
0013026   1.5651E+02 -6.3639E+01  5.9888E+01
0013027   1.7868E+02  3.0339E+02  1.7000E+02
0013028   3.5060E+02  1.8670E+02  1.6033E+02
0013029   3.9255E+02 -1.6803E+01 -7.9576E+01
0013030   4.4767E+02  6.3304E+01  1.0495E+02
0013031   2.0831E+02  1.0560E+02 -8.3879E+01
0013032   1.8826E+02  1.5103E+02  3.9135E+01
0013033   3.5607E+02  2.5759E+02  1.8917E+01
0013034   8.2044E+00 -3.5920E+01  5.4117E-01
0013035   3.9220E+02 -5.8609E+01 -1.9436E+02
0013036   1.3191E+01 -2.1957E+02  1.2617E+01
0013037   5.4018E+01  4.7814E+01 -1.2549E+02
0013038   1.0686E+02 -8.7284E-01  2.7255E+02
0013039   3.4280E+02  4.8699E+00 -2.6724E+02
0013040   4.6966E+02 -1.7935E+02 -1.0862E+02
0013041   3.4573E+02  1.2857E+02 -1.2890E+02
0013042   1.4121E+02 -1.6583E+02 -7.6674E+00
0013043   5.0916E+02  2.1269E+02 -7.6710E+01
0013044   6.2099E+02 -3.4191E+02  1.2866E+02
0013045   1.2552E+01 -1.8312E+02 -1.1603E+01
0013046   2.0663E+02  6.2411E+01 -3.3229E+02
0013047   2.6460E+02 -2.2282E+02  5.3088E+01
0013048   1.4633E+02 -9.0282E+00 -9.7425E-01
0013049   2.0643E+02 -1.7619E+02  1.4472E+01
0013050   2.6055E+02  7.6310E+01 -6.0396E+00
0013051   2.7455E+02  1.6930E+02 -8.9461E+01
0013052   3.8380E+02 -1.8426E+02  1.7599E+02
0013053   3.0868E+02 -1.5244E+02 -1.1217E+02
0013054   8.0847E+01  1.5385E+02 -2.4722E+02
0013055   1.8523E+02  5.3591E+01  1.6112E+02
0013056   4.8751E+02 -7.3648E+01  2.1636E+02
0013057   3.6801E+01  2.5152E+02 -8.5311E+01
0013058   1.9545E+02 -7.7674E+01  3.8055E+01
0013059   6.3108E+01  2.3221E+02  5.0100E+01
0013060   1.0556E+02  2.2940E+01  1.8990E+02
0013061   2.7386E+02 -8.4825E+00  3.0573E+02
0013062   1.8834E+02 -4.9304E+01 -7.5014E+01
0013063   2.9391E+02  6.2699E+01 -1.2962E+02
0013064   2.0284E+02  1.7221E+02  1.4030E+01
0013065   2.6739E+01 -3.7832E+02 -1.2435E+02
0013066   4.0244E+02  1.0305E+02 -1.8341E+01
0013067   1.9147E+02 -2.9488E+01 -2.8657E+02
0013068   2.9997E+02 -9.9689E+01  5.1237E+01
0013069   1.7016E+02  1.1233E+02 -6.5270E+01
0013070   1.2488E+02  5.8118E+01  1.7586E+01
0013071   1.4159E+02 -2.5122E+01 -1.3638E+02
0013072   5.2478E+01  1.8930E+02  4.6037E+01
0013073   9.8386E+01  2.2017E+02 -2.1144E+01
0013074   4.4415E+02 -2.3666E+00  1.2843E+02
0013075   2.9129E+02  7.5054E+01  1.3086E+02
0013076   3.6601E+01 -3.5173E+01 -1.3544E+02
0013077   3.0001E+02  2.9288E+02  1.2853E+02
0013078   1.1089E+02 -9.3010E+01  1.3799E+01
0013079   3.1146E+02 -8.3834E+01  4.0024E+01
0013080   1.1291E+02 -8.4152E+00  1.4650E+02
0013081   3.6441E+02  1.8890E+01  1.4419E+02
0013082   1.5818E+02  1.4598E+02 -7.9419E+01
0013083   1.7133E+02  2.9625E+01 -9.7923E+01
0013084   7.5005E+01  1.1446E+02  1.1703E+01
0013085   1.9535E+02  2.0325E+02 -5.2990E+01
0013086   2.8831E+02 -2.3887E+01 -2.1106E+01
0013087   1.6711E+02 -1.0109E+02  7.8922E+01
0013088   2.9484E+02 -3.9692E+01  1.9646E+02
0013089   6.8816E+01 -1.7450E+01  1.3760E+02
0013091   2.8492E+02 -2.2106E+01  3.1284E+02
0013092   1.7992E+02  2.1202E+02 -1.1426E+02
0013093   7.0484E+02  1.8342E+02 -1.7106E+02
0013094   1.9847E+02  1.1482E+02 -3.0821E+01
0013096   2.7852E+01 -2.5048E+02  1.0314E+02
0013097   3.0765E+02  2.7529E+01 -1.6266E+01
0013098   4.0027E+02 -5.0726E+01  5.3872E+01
0013099   1.7956E+02  4.3450E+01 -1.3323E+02
0013100   3.8332E+02 -2.4207E+02 -4.2863E+01
0013101   4.9117E+02  1.1339E+01 -3.8259E+01
0013102   2.9367E+02 -1.1620E+02 -8.8175E+01
0013103   1.6949E+02 -1.9585E+02 -6.5072E+01
0013104   4.2690E+02 -8.9202E+01 -6.1788E+00
0013105   2.1436E+02 -1.0665E+02 -1.7340E+02
0013106   6.2568E+02  4.7156E+01  6.7900E+01
0013107   4.8691E+00 -1.0347E+02  6.3833E+01
0013108   2.4469E+01 -4.2930E+01  1.3898E+02
0013109   4.5932E+02 -2.9304E+02  6.9150E+01
0013110   2.1877E+02  4.1440E+00  2.0515E+02
0013111   2.5466E+02 -6.7161E+01 -6.4724E+01
0013112   3.6838E+02 -2.3519E+02 -3.2744E+02
0013113   3.4503E+02 -9.6647E+01  2.7460E+02
0013114   1.1746E+02 -6.7852E+01 -7.5442E+01
0013115   2.0717E+02  7.5519E+01 -8.9136E+01
0013116   2.5560E+02  1.3074E+02 -1.5017E+02
0013117   2.6683E+02  1.1462E+02 -1.6763E+02
0013118   2.9341E+02  8.7347E+01  7.5396E+00
0013119   1.8158E+02  8.5924E+01  1.3161E+02
0013120   1.8837E+02  3.3725E+00  3.6099E+01
0013121   2.7932E+02 -2.0337E+02 -9.1588E+01
0013123   3.1780E+02 -1.3410E+02 -1.2090E+01
0013124   1.8549E+02 -1.8556E+02 -1.3378E+02
0013125   3.0686E+02  6.2088E+01 -1.6629E+01
0013126   2.6720E+02 -5.1064E+01 -1.1007E+02
0013127   2.3379E+02  1.0411E+02  8.0621E+01
0013128   2.8113E+02  1.9973E+02 -2.8058E+02
0013129   4.2403E+02  2.1345E+02  6.1589E+01
0013130   2.0604E+02 -2.3615E+02  3.8671E+01
0013131   1.6021E+02  1.0257E+02  4.7640E+00
0013132   4.0761E+02 -2.2519E+01 -2.8771E+02
0013133   2.3937E+02 -9.1033E+01  2.2073E+01
0013134   1.6959E+01  2.7949E+02  7.4765E+01
0013135   3.1948E+02  2.6874E+00 -2.3119E+02
0013136   3.5251E+02  3.0610E+02 -5.5543E+01
0013137   2.0252E+02 -2.1048E+02 -5.4262E+01
0013138   1.4088E+02 -1.9696E+02  4.4171E+01
0013139   2.8911E+02  3.0439E+01 -2.1488E+02
0013140   3.6437E+02 -1.0972E+02 -3.3007E+01
0013141   2.6593E+02 -9.6588E+01  9.8645E+01
0013142   3.8544E+02 -1.6877E+01  4.0784E+00
0013143   2.6519E+02 -2.8237E+01  2.5794E+02
0013144   3.4586E+02 -2.0753E+02  4.2195E+01
0013145   2.3802E+02 -2.0194E+01 -2.0977E+01
0013146   1.2949E+02 -2.7453E+01  5.6509E+01
0013148   1.4119E+02 -8.5330E+00  1.0814E+01
0013149   2.1020E+02  1.2463E+02  2.9294E+02
0013150   2.9163E+02 -1.4983E+02 -1.0279E+02
0013151   3.1731E+02 -8.4968E+01 -4.5530E+01
0013152   4.5616E+02  7.5318E+01 -1.2342E+02
0013153   8.1441E+01  1.3063E+01  2.4311E+00
0013154   2.5097E+02 -2.4432E+02  1.2278E+02
0013155   3.9184E+02 -8.6248E+01  1.5428E+02
0013156   1.8195E+02  1.8244E+01 -5.8842E+01
0013157   1.6727E+02  1.2539E+02 -9.3589E+01
0013158   2.6514E+02  1.4599E+01  3.7692E+01
0013159   2.6058E+02  2.2856E+01 -9.3503E+01
0013160   2.9569E+02  9.4118E+01 -1.6660E+02
0013161   7.5248E+01 -2.3118E+02 -7.3972E+01
0013162   2.9631E+02 -3.4564E+01 -3.0266E+01
0013163   3.8670E+02  6.3095E+01 -2.8348E+02
0013164   3.5023E+01  6.8574E+01 -3.3469E+02
0013165   2.4072E+02 -3.0908E+01 -6.0057E+01
0013166   3.0077E+02  1.0826E+02 -1.4326E+01
0013167   4.2107E+02 -2.1780E+02 -5.1239E+01
0013168   1.1576E+02 -3.6218E+01 -6.4128E+01
0013169   2.4221E+02 -4.7984E+01 -9.3362E+00
0013170   6.3505E+01  4.9144E+00 -1.8937E+01
0013171   2.4924E+02 -1.1077E+02  3.1056E+01
0013172   2.4282E+02 -4.9742E+01  2.8329E+01
0013173   1.0012E+02 -9.1707E+01 -1.0336E+02
0013174   1.4598E+02 -9.1127E+01  1.5390E+02
0013175   4.2725E+02  2.9640E+02  2.1403E+02
0013176   5.2995E+02  1.1918E+02  8.8461E+01
0013177   5.1815E+02  1.4517E+02 -1.9847E+02
0013178   2.6777E+02 -2.6181E+02 -1.7631E+02
0013180   1.7395E+02  1.2175E+02 -9.9440E+01
0013181   3.2524E+02 -2.2268E+01  2.4907E+02
0013182   2.5491E+02 -2.8173E+01 -1.0810E+02
0013183   1.5160E+02 -1.2989E+02  1.0883E+02
0013184   1.8941E+02  8.0344E+01  1.7682E+02
0013185   4.0954E+02  2.5739E+01  2.6213E+00
0013186   3.0971E+02 -1.4958E+02  6.9386E+01
0013187   3.5764E+02 -1.8654E+01 -1.8291E+02
0013189   2.4221E+02  9.1575E+00  1.5487E+02
0013190   1.8061E+02  1.5249E+02  7.6914E+01
0013191   6.3774E+02  1.6768E+01 -1.7927E+01
0013192   8.0812E+01  9.0638E+01  5.6252E+01
0013193   9.4214E+01 -7.7715E+00  8.4566E+01
0013194   2.2331E+02  3.0057E+01 -2.3040E+01
0013195   4.3340E+02 -5.3634E+01 -1.5263E+02
0013196   2.6729E+02  5.6446E+01  2.1000E+02
0013197   5.2085E+02  1.1637E+02  5.5075E+01
0013198   5.0375E+02  1.0088E+02  9.7305E+01
0013199   3.2550E+02 -1.3090E+02 -6.3398E+01
0013200   2.7158E+02 -7.7166E+01 -1.2368E+02
0013201   3.0882E+02  8.3010E+00  2.7840E+01
0013202   3.2366E+02  2.2500E+02 -4.3594E+01
0013204   8.3317E+01 -1.9285E+02 -5.4725E+01
0013205   2.8340E+02  9.4380E+01 -3.6052E+02
0013206   1.2436E+02  4.5504E+01 -6.1915E+01
0013207   1.8901E+02 -2.3266E+02  7.9439E+01
0013208   1.8595E+02 -1.2300E+02 -4.8646E+01
0013209   4.0147E+02 -7.4756E+01 -2.1651E+01
0013210   3.4315E+02  2.8532E+02  7.3238E+01
0013211   1.1256E+02 -8.6878E+01 -1.4639E+02
0013212   4.0725E+02  1.1647E+02  3.9519E+00
0013213   5.8398E+02 -2.3850E+02  2.4119E+02
0013214   3.4506E+02 -4.9875E+01 -1.2583E+02
0013215   1.3612E+02  8.4128E+01 -1.2667E+02
0013216   1.4658E+02  5.4495E+00 -8.6902E+01
0013217   3.3634E+02 -1.2981E+02  9.9325E+01
0013218   2.8209E+02  1.7022E+02  1.9851E+02
0013219   3.9774E+01 -5.6994E+01 -2.8184E+02
0013220   3.7743E+02 -2.0226E+02  1.8575E+02
0013221   4.7951E+02  3.9973E+01 -2.8579E+02
0013222   2.5066E+02  4.3505E+00  2.1074E+02
0013223   2.6873E+02  1.5354E+02  6.1473E+01
0013224   6.4367E+01  6.2308E+01 -1.1241E+02
0013225   2.8176E+02 -3.3414E+02  1.1951E+01
0013226   4.2495E+02 -8.8800E+01  6.0515E+00
0013227   1.3003E+02 -4.5967E+01 -1.3685E+02
0013228   3.9573E+02  1.1399E+02 -2.0416E+02
0013229   3.2290E+02  2.2185E+02  1.1930E+01
0013230   3.0443E+02  5.3199E+01  2.3056E+02
0013231   1.7107E+02  1.5537E+02 -1.4588E+02
0013232   5.0449E+02 -1.9200E+02  1.1116E+02
0013233   7.8409E+01 -9.6207E+01  8.1862E+01
0013234   3.9448E+02  4.0466E+01 -2.1727E+02
0013235   4.2613E+02  7.0545E+01 -3.6740E+01
0013236   1.5429E+02 -3.0103E+02 -1.1768E+02
0013237   1.3610E+02  1.4546E+02 -3.1498E+01
0013238   1.3569E+02  1.2896E+02  3.4537E+01
0013239   3.2117E+02 -6.2107E+01  8.7833E+01
0013240   4.6070E+02 -8.9897E+01 -4.2939E+01
0013241   3.1412E+02 -5.6502E+01 -2.2614E+02
0013242   4.5209E+02  1.2759E+01 -2.0059E+01
0013243   1.6919E+02 -2.6614E+01  1.2824E+02
0013244   2.7796E+02 -2.1977E+02 -6.9347E+01
0013246   2.4451E+02 -2.0598E+02  8.6318E+00
0013247   3.5974E+02  4.9802E+01 -1.9998E+02
0013248   2.7619E+02 -1.5302E+02 -1.0012E+02
0013249   2.6783E+02 -7.8195E+01  1.1257E+02
0013250   2.7129E+02 -8.8638E+01  4.0719E+01
0013251   1.1391E+02  1.3711E+02  4.7205E+01
0013252   6.1348E+01 -1.6800E+02  2.4264E+02
0013253   2.0227E+02 -4.3709E+01 -3.0881E+01
0013254   4.3802E+02 -7.0391E+00 -1.0725E+02
0013255   1.7962E+02  1.2530E+02 -5.6810E+01
0013256   3.9701E+02  2.1738E+02  8.0860E+01
0013257   1.1093E+02 -3.6536E+02 -9.1970E+01
0013258   4.2101E+02  1.1705E+02 -1.1362E+02
0013260   2.9299E+02 -2.1564E+01  9.8511E+01
0013261   2.7373E+02  1.2260E+01 -1.1870E+02
0013262   2.6107E+02  5.7251E+01  1.3176E+02
0013263   9.4068E+01 -1.2452E+02  1.8732E+02
0013264   2.7332E+02 -1.0640E+02  7.9657E+01
0013265   2.5787E+02  3.3008E+02 -3.2275E+02
0013266   1.2477E+02  4.9390E+01 -1.3314E+02
0013267   1.6058E+02  6.0251E+01 -4.4808E+00
0013268   1.1144E+02  4.0607E+01 -8.7549E+01
0013269   3.5424E+02  3.6341E+01 -1.9898E+01
0013270   1.9251E+02  5.4855E+01  1.7604E+02
0013271   2.0009E+02 -4.2685E+01  2.5328E+00
0013272   1.2521E+02  5.3126E+00  1.1236E+01
0013273   3.0762E+02  2.6857E+01  1.0113E+02
0013274   1.9334E+02  3.5831E+01 -5.3633E+01
0013276   2.5640E+02 -3.5677E+02 -2.6131E+02
0013277   3.6245E+01  1.0727E+02 -2.1829E+01
0013278   3.4368E+02 -4.6112E+01  8.6585E+00
0013279   1.5251E+02  6.5899E+01  2.0954E+01
0013280   2.4921E+02  2.3092E+02 -1.0525E+02
0013281   1.7667E+02 -1.4616E+02 -3.4915E+01
0013282   3.3937E+02 -1.0262E+01 -8.5321E+00
0013283   2.9753E+02 -4.8921E+01  1.4399E+02
0013284   6.0866E+02 -1.6230E+02 -1.8781E+02
0013285   1.7389E+02 -1.7811E+01  1.9563E+02
0013286   3.2165E+02 -5.6011E+01  5.9550E+01
0013287   1.6065E+02 -7.0414E+01  8.5754E+01
0013288   5.2603E+02  9.3388E+01 -7.3420E+01
0013289   2.2895E+02  7.2910E+01 -2.8005E+01
0013290   1.5689E+02 -6.1705E+01  5.5382E+01
0013291   3.3491E+02 -2.2565E+02 -2.0791E+01
0013292   1.5165E+02  5.9174E+01 -1.0079E+02
0013293   1.5841E+02 -3.7530E+01 -1.3299E+02
0013294   1.4298E+02  2.0536E+00  3.8657E+01
0013295   5.5699E+02 -1.0367E+01 -1.3733E+02
0013296   3.6887E+02  1.0691E+02 -6.6748E+01
0013297   3.9270E+02  1.4071E+02 -6.5314E+01
0013298   2.0276E+02 -2.2281E+02 -5.5184E+00
0013300   2.0145E+02 -1.1663E+02  2.1895E+02
0013301   2.5680E+02  2.0571E+01 -1.3466E+02
0013302   1.2763E+02  9.5067E+00 -6.2509E+00
0013303   1.9418E+02  5.3015E+01  1.1864E+02
0013304   4.0617E+02 -1.4439E+01  1.1342E+02
0013305   1.6513E+02  4.9615E+01 -1.6399E+02
0013306   1.4485E+02  1.6165E+01  4.9438E+01
0013307   3.4398E+01  1.6633E+02  7.9262E+01
0013308   1.6326E+02 -5.8054E+01  1.1312E+01
0013309   2.6117E+02  4.8556E+01 -1.1633E+02
0013310   1.2247E+02 -1.0904E+02 -4.0643E+01
0013311   1.5283E+02  2.7096E+02 -1.3288E+02
0013312   3.2663E+02 -1.0672E+02  3.3851E+02
0013313   4.1294E+02 -5.4262E+01 -1.7484E+02
0013314   2.3335E+02 -4.3046E+01  3.5880E+01
0013315   3.3725E+02 -7.6793E+01 -7.0147E+01
0013316   3.2704E+02  2.0098E+02 -1.9059E+02
0013317   3.7685E+02 -1.5549E+02 -2.0987E+02
0013318   1.7382E+02  1.2920E+02  1.0590E+02
0013320   3.6336E+02 -1.3682E+02  8.7986E+01
0013321   4.7148E+02  9.2606E+01 -1.2183E+02
0013322   5.2585E+02  2.0251E+02  5.3160E-01
0013323   1.7726E+02  4.4754E+01  2.3478E+01
0013324   7.5677E+02  4.2962E+01 -5.9438E+00
0013325   6.4084E+02  4.0514E+01 -2.2358E+02
0013326   6.8773E+01 -1.4170E+02 -9.2199E+00
0013327   5.3864E+02  3.4631E+02 -4.5084E+01
0013328   3.3976E+02  2.4220E+01  3.7899E+01
0013329   3.6958E+02 -2.5430E+02  4.5787E+01
0013330   8.2892E+00  3.3744E+01 -1.4388E+02
0013331   4.4025E+02  1.2067E+02  1.8385E+02
0013332   1.7992E+02 -1.1473E+02  1.6879E+02
0013333   3.5500E+02  1.7532E+02  2.3690E+02
0013334   3.3864E+02 -1.6410E+01 -9.8772E+01
0013335   1.0971E+02 -6.7102E+00  1.2559E+02
0013336   2.8204E+02  5.2360E+01  8.7733E+01
0013337   3.2276E+02 -2.2842E+02 -1.1279E+02
0013338   3.4420E+02  3.1910E+01 -9.3423E+00
0013339   1.9096E+02  4.7750E+01 -1.0131E+02
0013340   4.4262E+01  7.1604E+01  1.3985E+01
0013341   2.8744E+02 -6.0324E+01  2.0132E+02
0013342   2.6733E+02  8.4354E+00 -1.3761E+02
0013343   4.3739E+02 -3.7284E+02 -1.0815E+02
0013344   2.3351E+02  7.2498E+01  8.3030E+01
0013345   1.5881E+02  1.5617E+02  1.3384E+02
0013346   5.2715E+02 -2.5028E+00  4.8513E+01
0013348   3.2847E+02  3.2375E+01 -1.5815E+02
0013350   4.8946E+02  2.1826E+02  2.0786E+02
0013351   2.6187E+01  6.6978E+01 -2.3601E+02
0013352   2.5271E+02 -2.4655E+01 -7.9404E+01
0013353   2.3503E+02 -4.6191E+01 -7.5587E+00
0013354   5.3177E+01 -3.7992E+01  7.2553E+01
0013355   1.2708E+02  2.0185E+00 -5.1377E+01
0013356   3.5241E+02  9.6775E+01 -3.0016E+01
0013357   2.1230E+02 -1.5798E+02 -5.5224E+01
0013358   4.9373E+02 -7.0876E+01 -6.6822E+01
0013359   2.8541E+02  7.9309E+01  7.2442E+01
0013360   4.7590E+01 -9.7954E+01 -1.6793E+02
0013361   2.9122E+02 -3.9064E+02 -9.1562E+01
0013362   3.9775E+02  1.4575E+02  2.8131E+02
0013363   2.8447E+02  2.6947E+00 -6.2593E+01
0013364   3.0278E+02  2.7382E+02  4.7632E+01
0013365   1.1887E+02 -5.0441E+01 -1.2520E+02
0013366   4.5129E+02 -2.7642E+01  1.7466E+01
0013367   2.5192E+02 -1.7680E+02 -1.4544E+01
0013368   4.6907E+02 -1.6991E+02 -2.1677E+02
0013369   4.3172E+02 -1.1675E+02  8.2868E+01
0013370   1.3920E+02  1.4450E+01 -1.2064E+02
0013371   8.8765E+01  7.7226E+01  8.8296E+01
0013372   2.0631E+02 -1.5519E+02 -6.8472E+01
0013373   3.0546E+02 -6.7405E+01  1.6397E+02
0013374   1.8386E+02 -2.1133E+02 -5.3961E+01
0013375   1.7824E+02 -1.0038E+02 -1.4027E+02
0013376   4.1172E+02  3.6684E+01 -2.5839E+02
0013377   4.7893E+02  3.2533E+02 -1.9469E+02
0013378   1.6840E+02 -1.2556E+02 -2.0679E+02
0013379   5.5754E+02  2.6251E+02  1.6945E+02
0013380   2.1039E+02  1.9650E+02  9.7447E+01
0013381   1.9873E+02  7.6752E+01 -5.0268E+01
0013382   1.5149E+02  1.6618E+02 -2.1256E+02
0013383   6.6770E+02 -2.9587E+01 -3.7875E+02
0013384   3.9239E+02 -1.3142E+02 -2.4403E+02
0013385   1.5034E+02 -2.5168E+01  2.0410E+02
0013386   1.2606E+02 -1.6615E+02  5.0122E+00
0013387   3.4601E+02  1.5560E+02 -6.5761E+01
0013388   2.4591E+02  4.3240E+01  1.4528E+02
0013389   6.2038E+01 -5.9567E+01 -8.0240E+01
0013390   1.4935E+02  8.1300E+01  4.1042E+01
0013391   6.3348E+01  6.0040E+01 -4.7198E+01
0013392   5.1939E+01 -2.3457E+01 -3.6847E+01
0013393   3.2131E+02  1.2063E+02 -4.2670E+01
0013394   2.3184E+02 -8.0653E+01  1.2262E+02
0013395   2.2469E+02  3.6034E+01 -8.7781E+01
0013396   3.2616E+02 -2.3490E+01 -4.4010E+01
0013397   5.0411E+02 -1.4295E+02 -1.0118E+02
0013398   3.0787E+02  1.5077E+02 -1.2506E+02
0013399   2.7496E+02 -4.8246E+01  2.3338E+02
0013400   2.9398E+02 -2.7412E+02  1.6495E+02
0013401   3.5315E+02 -8.3753E+01  3.9317E+00
0013402   1.7099E+02 -5.7059E+01  3.3516E+01
0013403   4.1623E+02 -7.2019E+01  7.3886E+01
0013404   4.8651E+02  3.7581E+01  1.6554E+02
0013405   1.2545E+02  5.0216E+01 -1.1670E+02
0013406   8.7285E+01  6.8607E+01  1.5939E+02
0013407   2.1140E+02 -2.3790E+02  2.1903E+02
0013408   4.8415E+01 -2.6833E+01  2.8194E+01
0013409   1.5801E+02 -2.7000E+01  8.8360E+01
0013410   1.2129E+02  9.7226E+01 -8.0199E+01
0013411   4.4378E+02 -4.2725E+01 -4.7347E+01
0013412   3.0068E+02  1.7975E+02  1.5640E+01
0013413   5.9449E+02 -1.2864E+02  1.3007E+02
0013415   5.5046E+02 -1.8750E+02 -2.0325E+02
0013416   5.4207E+02  1.3342E+02 -4.0042E+01
0013417   2.8543E+02 -2.1827E+02  1.8074E+02
0013418   2.7256E+02 -8.1642E+01  2.0422E+01
0013419   3.5014E+02 -1.0684E+02 -5.5493E+01
0013420   4.2308E+02  1.3176E+01  4.2415E+01
0013421   2.3507E+02  2.5814E+01  1.2952E+02
0013422   4.4584E+01 -3.3078E+01 -7.2223E+01
0013423   2.7647E+02 -1.3623E+02  5.2983E+01
0013424   9.4686E+01 -1.9328E+02 -1.1235E+02
0013425   6.0811E+01  1.5040E+02  7.1769E+01
0013426   4.4106E+02  2.3631E+00  1.7195E+02
0013427   2.6938E+02  2.2640E+02 -5.0727E+01
0013428   3.7176E+02  4.4759E+01 -1.0764E+02
0013429   3.4886E+02  2.6726E+02 -1.6622E+02
0013430   8.7023E+01 -4.7618E+01  6.6446E+01
0013431   2.2644E+02 -5.0087E+01 -1.0550E+02
0013432   2.8758E+02  8.2007E+01 -4.0240E+01
0013433   6.0766E+02 -1.5415E+02  1.4765E+01
0013435   1.7603E+02  7.9941E+01 -9.7054E+01
0013436   1.4358E+01 -8.3226E+01  1.3610E+02
0013437   5.0061E+02 -3.5233E+02 -2.1919E+02
0013438   3.3905E+02  6.4942E+01 -2.8446E+02
0013439   2.5829E+02  3.5296E+02 -1.1338E+02
0013440   2.8505E+02  8.6833E+01  4.5067E+01
0013441   2.3962E+02  2.9849E+02 -5.3022E+01
0013442   2.6029E+02 -2.9130E+01 -1.1265E+02
0013443   1.0541E+02  7.0816E+01  2.4843E+02
0013444   4.8927E+02 -1.6503E+02 -2.9970E+02
0013445   1.7819E+02 -2.0838E+01 -7.6687E+01
0013446   3.1786E+02 -1.0564E+02 -1.5046E+02
0013447   1.2207E+02 -3.4405E+01  3.7620E+01
0013448   2.1458E+02 -1.0412E+02  3.3534E+02
0013449   2.5159E+02  1.8340E+02  8.0233E+01
0013450   2.8575E+02  1.1112E+02 -1.3794E+02
0013451   1.9667E+02  5.4665E+01  3.0260E+00
0013452   1.4731E+02 -1.4100E+02 -1.0463E+02
0013453   2.0478E+02 -1.4341E+02 -1.3358E+02
0013454   2.5764E+02  1.3579E+02 -1.1676E+01
0013455   3.3771E+02  4.2372E+01  1.7461E+02
0013456   9.5712E+01 -4.8834E+01 -1.7069E+02
0013457   3.7613E+02 -2.8472E+01  1.4590E+02
0013458   3.0884E+02  2.6259E+02 -2.3532E+02
0013459   2.5551E+02  1.2573E+02 -2.5149E+02
0013460   4.0581E+02 -2.2598E+02 -8.3662E+01
0013461   1.7993E+02 -3.0849E+02  1.2218E+02
0013462   3.1812E+02 -4.3156E+01 -4.7546E+00
0013463   3.3932E+02 -3.8017E+00  1.0885E+02
0013464   1.6312E+02  8.6574E+01 -1.9440E+02
0013465   1.0594E+02  2.1847E+02 -3.8151E+00
0013466   3.4683E+02  8.6364E+01  3.0424E+02
0013467   2.5851E+02 -3.3254E+01  2.4589E+01
0013468   8.7339E+01 -4.9581E+01  7.8239E+01
0013469   2.7787E+02 -9.1770E+01 -4.2386E+01
0013470   2.3984E+02 -2.1461E+02  1.6203E+02
0013471   9.8346E+01 -2.4700E+01  1.2241E+02
0013472   5.8397E+02 -3.4072E+02 -9.0917E+01
0013473   3.7726E+02 -1.1174E+02  8.3302E+01
0013474   1.2232E+02  1.1125E+02 -6.0021E+00
0013476   2.4239E+02  2.3397E+02 -8.0092E+01
0013477   1.7990E+02  3.8579E+01 -3.4527E+01
0013478   9.4137E+01 -4.8891E+01 -1.1827E+02
0013479   4.7559E+02  9.9841E+01 -3.0462E+02
0013480   2.1294E+01 -1.1881E+02  2.1362E+02
0013481   8.9879E+01  5.4681E+01  8.6016E+01
0013482   1.0708E+02  1.4797E+01  1.1021E+02
0013483   3.6951E+02  1.6988E+02 -8.8425E+01
0013484   3.5072E+02 -1.4254E+01  8.1610E+00
0013485   2.6928E+02 -1.2333E+02 -3.3137E+01
0013486   3.2541E+02  1.6830E+00 -2.9956E+02
0013487   5.2737E+02 -9.7410E+01 -5.3818E+01
0013488   2.2602E+02 -4.1543E+01 -3.0105E+02
0013489   3.1637E+02 -3.7899E+01 -1.1616E+02
0013490   9.2282E+01  1.2403E+02 -4.8278E+01
0013491   3.7108E+02 -3.6113E+01  1.9406E+02
0013492   6.0441E+02  1.9983E+02 -2.5644E+02
0013493   2.5335E+02  2.3567E+02  1.4544E+02
0013494   2.7718E+02  7.4801E+01 -7.6745E+01
0013495   3.0805E+02 -8.8130E+01 -9.8134E+01
0013496   4.3845E+01 -4.5310E+01 -1.0078E+02
0013497   3.4587E+02 -1.4788E+02  2.9520E+01
0013498   1.7882E+02 -1.8647E+02 -7.1722E+01
0013499   3.0840E+02 -3.2786E+02  1.5988E+01
0013500   2.1565E+02 -3.1868E+02 -1.7502E+00
0013501   4.1281E+02 -3.1292E+02  7.0467E+01
0013502   5.2710E+02 -9.9130E+01  2.5797E+01
0013503   4.8772E+02  7.5564E+01  7.9502E+01
0013504   7.3872E+02  2.8786E+02 -5.5467E+01
0013505   1.9468E+02 -1.7386E+02  1.2416E+02
0013506   2.1263E+02 -6.5375E+00 -3.1324E+02
0013508   3.5366E+02  7.7574E+01  1.2224E+02
0013509   3.1891E+02 -2.1558E+02  8.3738E+01
0013511   2.9317E+02  3.2197E+02  1.2112E+02
0013512   1.0770E+02  2.3517E+01  1.4893E+01
0013514   2.2709E+02 -5.6187E+01  3.1992E+01
0013516   2.6173E+02 -8.3516E+01 -4.2193E+01
0013517   5.5028E+01  3.7855E+01 -4.3944E+01
0013518   3.6946E+02  5.0922E+01 -1.3506E+02
0013519   2.8101E+02  1.7977E+02  1.5389E+02
0013520   4.5480E+02 -1.0941E+01  9.5903E+01
0013521   3.9981E+02 -4.1407E+02 -3.7388E+01
0013522   3.2976E+02 -6.9001E+01 -1.8768E+02
0013523   1.1768E+02 -1.3618E+02 -3.9151E+01
0013524   1.6316E+02  3.2825E+02 -1.5609E+02
0013525   2.6375E+02  7.5274E+01  1.4056E+02
0013526   1.2124E+02 -1.0334E+02 -9.7272E+01
0013527   2.4535E+02  1.5745E+02 -8.3890E+01
0013528   3.0545E+02 -1.7329E+02 -1.3418E+02
0013529   5.9275E+02 -1.2821E+02  9.0446E+01
0013530   3.8465E+02 -1.2172E+02 -1.1251E+02
0013531   3.1409E+02  1.4005E+02 -4.7030E+01
0013532   4.5469E+02 -1.9513E+01 -1.8346E+01
0013533   3.0169E+02  2.9998E+01 -5.3077E+01
0013534   2.8867E+02 -8.8052E-01  6.8516E+01
0013535   3.9547E+02 -1.0703E+02  2.2519E+01
0013536   2.3990E+02  1.8006E+02  1.0234E+01
0013537   5.1203E+02 -1.5161E+02  2.3717E+02
0013538   4.0763E+02  2.1687E+02 -1.9735E+01
0013539   1.1077E+02  1.9207E+02  1.9073E+02
0013540   2.9886E+02 -1.8183E+02  1.2636E+02
0013541   3.0143E+02 -6.1577E+01 -1.0690E+02
0013542   1.7270E+02  3.4357E+01  2.6470E+01
0013543   4.5863E+02 -7.5493E+01 -4.0200E+01
0013544   4.2722E+02  1.6754E+02  8.7902E+00
0013545   4.5180E+02 -1.1287E+02 -1.7386E+02
0013546   1.5312E+02  1.0858E+01  6.5076E+01
0013547   1.6958E+02 -1.6488E+02  5.7388E+01
0013548   2.9401E+02  4.0093E+02 -5.9856E+01
0013549   1.7973E+02 -2.7534E+00  1.4551E+01
0013550   5.9970E+01  1.2359E+01 -7.6078E+00
0013551   2.0144E+02 -1.7536E+01  9.2143E+01
0013552   2.6345E+02  1.4982E+00 -3.4429E+02
0013553   2.4667E+02  4.6861E+01 -1.1991E+02
0013554   1.3859E+02  6.7423E+01 -1.7507E+00
0013555   2.2996E+02 -5.7169E+00  2.8683E+02
0013556   6.9061E+01  3.2764E+01  3.1644E+01
0013557   2.0421E+02  3.0334E+02  8.0034E+01
0013558   3.2952E+02 -9.0417E+01  9.9548E+01
0013559   3.5361E+02  1.5994E+02 -8.2967E+01
0013560   4.2469E+02 -5.9157E+01 -1.9330E+02
0013561   2.2303E+02  1.4804E+01 -7.8730E+01
0013562   2.2690E+02  5.4141E+01 -1.4839E+02
0013563   3.9394E+02  1.1596E+02  2.0458E+02
0013564   4.7835E+02 -2.2903E+02 -1.9043E+01
0013565   1.6847E+02  3.4792E+01 -7.5584E+01
0013566   4.3512E+02  3.9502E+01 -7.3448E+01
0013567   3.0327E+02  3.7335E+02 -6.1672E+01
0013568   2.9646E+02 -1.8101E+02  2.9598E+01
0013569   1.3059E+02 -3.8050E+01 -2.6776E+00
0013570   3.0235E+02 -2.5707E+01 -1.0941E+01
0013571   3.6461E+02  2.9876E+02 -1.7804E+02
0013572   3.3942E+02  1.6120E+02  8.7515E+01
0013573   1.9759E+02 -1.9020E+02  4.4196E+01
0013574   1.1156E+02  1.8841E+02  2.8833E+01
0013575   3.1557E+02  1.0456E+02  3.9747E+02
0013576   8.7539E+01 -2.0777E+00 -2.2211E+02
0013578   3.5613E+02 -1.0596E+02 -7.8961E+01
0013579   4.1441E+02  4.5301E+01 -4.1703E+01
0013580   9.2927E+01  3.3868E+02  1.1763E+02
0013581   2.5527E+02  8.5914E+00 -1.2034E+02
0013582   4.6665E+02  1.1141E+02  3.3941E+02
0013583   2.7772E+02 -8.9829E+01 -1.1418E+01
0013584   3.8533E+01  8.2075E+01  1.2625E+02
0013585   2.6613E+02  1.7326E+02 -3.0606E+02
0013586   2.9532E+02  3.0575E+01  2.9379E+01
0013587   1.6935E+02 -1.2101E+02 -2.2264E+02
0013588   3.3661E+02 -7.9850E+01  1.1977E+02
0013589   1.5930E+02 -9.9392E+01 -1.4223E+02
0013590   1.6783E+02  7.8449E+01 -7.1087E+01
0013591   5.5645E+02 -1.2325E+01  1.9680E+02
0013592   4.6926E+01 -4.9392E+01 -1.5335E+02
0013593   9.4931E+01  8.7735E+00  2.2507E+02
0013594   2.9153E+02 -2.6115E+02  1.3069E+02
0013595   2.2031E+02 -5.3892E+01 -1.5317E+02
0013596   2.8231E+02  1.1473E+02 -3.0548E+02
0013597   6.3670E+02  5.0445E+01 -2.1201E+01
0013598   2.0345E+01  2.7380E+01  7.9297E+01
0013599   2.0113E+01 -2.6525E+02 -1.7610E+02
0013600   2.9640E+02 -1.1364E+02 -6.4486E+00
0013601   2.8955E+02  7.4841E+00  1.8528E+01
0013602   2.5798E+02 -9.4359E+01  1.2364E+02
0013603   2.0971E+02  1.9668E+02  1.9354E+02
0013604   3.5986E+02  1.1418E+02 -8.2849E+01
0013605   3.5366E+02  6.6452E+01 -2.0521E+02
0013606   1.9648E+02 -2.6202E+01  3.0152E+02
0013607   5.5598E+02  1.2474E+02 -2.6613E+01
0013608   2.7887E+02  1.7460E+02 -3.3142E+01
0013609   5.9115E+02 -8.2520E+00 -3.4411E+02
0013610   2.4960E+02 -1.5308E+02 -4.2082E+01
0013611   2.7200E+02 -1.5617E+02  2.5018E+02
0013612   3.1952E+02  1.0455E+02  1.4226E+02
0013613   2.6490E+02 -5.8730E+01  8.0251E+01
0013614   3.3128E+02  1.0702E+02  1.6773E+02
0013615   7.3683E+01 -1.4857E+02  2.8051E+02
0013616   1.3868E+02 -1.0522E+02 -1.7543E+02
0013617   3.1745E+02  2.4841E+02  8.0226E+01
0013619   2.0725E+02 -1.5299E+02  2.8081E+02
0013620   7.4483E+01  1.3724E+02 -1.9953E+01
0013621   5.0274E+02  1.0060E+01 -2.5949E+02
0013622   5.4040E+02  8.9559E+01  2.9215E+02
0013623   5.3705E+02 -1.3475E+02 -1.3560E+01
0013624   3.0996E+02  1.2857E+02 -2.7253E+02
0013625   1.3510E+02  2.0868E+02 -1.7080E+02
0013626   5.4033E+02  4.6094E+01  2.5313E+02
0013627   5.7614E+02 -3.9932E+02  1.5532E+01
0013628   5.2581E+02  3.2112E+02  6.0843E+01
0013629   1.0717E+02 -6.8915E+01 -6.2847E+01
0013630   3.7014E+02  1.7555E+02 -2.5612E+02
0013631   2.9303E+02 -1.8917E+02 -5.6674E+01
0013632   8.8248E+01  2.8202E+01 -8.4906E+01
0013633   2.6460E+02 -7.4794E+01  5.2435E+01
0013634   1.4032E+02 -5.4515E+01  1.1573E+02
0013635   1.4781E+02 -1.7144E+02 -1.5525E+02
0013636   1.4559E+02  2.3087E+02 -4.3929E+01
0013638   1.8079E+02  5.4252E+01 -8.3125E+01
0013639   3.5352E+02  9.7854E+01 -1.1016E+02
0013640   3.3547E+02  1.5123E+02  1.1203E+02
0013641   3.9211E+02  1.8871E+02  2.1876E+02
0013642   2.8166E+02  7.9660E+01 -6.7146E+01
0013643   1.5762E+02 -1.0478E+01  5.4991E+00
0013644   3.1632E+02  3.0481E+02  1.4438E+02
0013645   1.4507E+02 -1.6072E+01 -2.7678E+02
0013646   2.2995E+02  1.0071E+02  9.4794E+01
0013647   4.3852E+02  1.8804E+01 -1.4161E+02
0013648   1.8765E+02  9.3502E+01 -6.8645E+01
0013649   9.5749E+01  2.7465E+01 -1.7858E+02
0013650   1.2349E+02  1.9020E+02 -1.9699E+01
0013651   3.6253E+02 -6.0538E+01  2.2511E+02
0013652   1.4763E+02 -2.5652E+02 -1.6783E+02
0013653   3.2601E+02  2.3801E+01 -2.2955E+02
0013654   3.1722E+01 -2.9225E+02 -2.1373E+02
0013655   1.0911E+02 -1.5238E+01  9.6670E+01
0013656   4.0800E+02  9.1095E+01 -1.4501E+02
0013657   1.7698E+02 -2.0149E+02  1.4563E+02
0013658   4.9107E+01 -1.5179E+01 -1.8768E+02
0013659   4.1285E+02  2.0879E+01 -4.4214E+01
0013660   2.9284E+02 -4.4444E+01  4.4415E+01
0013661   1.2870E+02  6.2451E+01 -2.1041E+02
0013662   3.8909E+02  2.1569E+02  1.2060E+02
0013663   1.9026E+02  6.1356E+01  1.1926E+02
0013664   4.8026E+02  1.5822E+02 -6.5201E+00
0013665   4.0908E+02 -5.0355E+01 -2.5628E+01
0013666   4.1194E+02 -1.8340E+02 -1.6292E+02
0013667   5.0566E+02  2.0082E+02 -1.5120E+02
0013668   2.2313E+02 -8.8325E+01  1.6023E+02
0013669   1.4673E+02  4.4112E+01  1.8323E+02
0013670   2.9255E+02 -1.9654E+02 -6.0840E+00
0013671   1.9513E+02  1.2511E+02  1.9041E+02
0013672   6.7316E+01  5.4707E+01  9.3688E+01
0013673   2.7326E+01  2.8239E+00  7.7534E+00
0013674   3.4633E+02  3.1863E+01  1.1374E+01
0013675   3.7893E+02 -9.4317E+01  1.0002E+02
0013676   4.7401E+02  1.0232E+01 -1.5394E+01
0013677   1.5653E+02 -5.6644E+01  7.5398E+01
0013678   3.8383E+02  1.9154E+02 -3.4488E+01
0013679   2.5272E+02 -2.8326E+01 -1.9485E+02
0013680   5.4498E+02  3.7009E+01  9.0128E+01
0013681   1.4665E+02 -4.2182E+01 -5.8981E+01
0013682   1.8629E+02  3.4117E+01  7.3492E+01
0013683   4.7625E+02 -1.1247E+01  1.0332E+02
0013684   2.9376E+02  1.5548E+01  1.1009E+02
0013685   3.2672E+02  5.8180E+01 -1.2806E+02
0013686   3.6554E+02 -3.2001E+02  9.5203E+01
0013687   3.1741E+02 -2.5993E+01 -4.6461E+01
0013688   4.7712E+02  1.2232E+01  7.1739E+01
0013689   5.4582E+01  1.9987E+02 -7.0338E+01
0013690   3.5228E+02 -8.5069E+00  8.8224E+01
0013691   1.5978E+02 -1.3428E+02 -1.5384E+02
0013692   4.7692E+02  2.1366E+02 -1.7420E+02
0013693   3.4308E+02  1.7115E+02  7.2518E+01
0013695   1.7091E+02 -4.1590E+01 -4.7863E+01
0013696   2.4444E+02  2.4389E+01  8.8564E+01
0013697   3.4544E+02  8.2909E+01 -4.5619E+01
0013698   1.9334E+02  1.7449E+02  7.0422E+01
0013699   2.3304E+02 -4.8402E+01 -2.4848E+02
0013700   4.5533E+02 -1.9657E+02 -1.3497E+02
0013701   1.4684E+02  3.6999E+02  1.3501E+02
0013702   6.6830E+01  4.1547E+01  9.2038E+00
0013703   2.4863E+02 -2.3272E+01  1.1343E+02
0013704   2.8201E+02  2.4200E+02  2.0264E+01
0013705   3.1976E+02 -4.2039E+02 -2.8986E+02
0013706   2.4507E+02  4.6532E+01  1.2869E+02
0013707   4.6990E+02 -8.3848E+01 -1.9569E+02
0013708   4.1660E+02 -6.8003E+01  3.0740E+01
0013709   2.5896E+02 -2.2827E+00 -1.1456E+02
0013710   3.2916E+02  1.3559E+02  3.8428E+01
0013711   1.0805E+02  1.0085E+02 -2.2373E+01
0013712   4.7073E+01 -5.0769E+01 -3.9566E+01
0013713   9.3851E+01  1.1994E+01  1.0738E+02
0013715   6.1325E+01 -1.8293E+01  6.0662E+01
0013716   1.6404E+02  1.2070E+02 -1.0387E+02
0013717   2.9774E+02 -7.4845E+00  2.5003E+02
0013719   1.6457E+01  4.1518E+01 -1.2116E+02
0013720   7.1431E+01 -1.4171E+02 -1.7653E+02
0013721   4.1041E+02 -3.1740E+02 -5.1612E+01
0013722   1.3602E+02  4.2492E+01  6.3483E+01
0013723   3.2388E+01 -3.5857E+02  1.2452E+02
0013724   2.3141E+02 -1.2613E+02  1.4143E+02
0013725   2.7196E+02 -7.0131E+01 -2.6137E+01
0013726   2.8591E+01  6.1153E+01  3.4421E+02
0013727   3.3983E+01  3.9563E+01 -4.0625E+01
0013728   4.8918E+02  6.0913E-01 -6.6963E+01
0013729   5.3956E+02 -1.2385E+02 -2.4926E+02
0013730   3.9740E+02 -2.1913E+02 -6.4892E+01
0013731   5.1972E+02 -1.1363E+02 -6.7853E+00
0013732   7.8289E+01 -1.9735E+01  4.5626E+01
0013733   4.4409E+01  2.8189E+01 -7.8092E+01
0013734   3.3762E+02 -1.5258E+02  8.4468E+01
0013735   4.8537E+01  4.2161E+01 -2.7481E+02
0013736   2.1073E+02 -2.2409E+02 -2.6586E+02
0013737   2.8047E+02  5.1448E+01  2.7321E+01
0013738   3.2302E+02  3.5818E+01  1.6289E+02
0013739   2.3445E+02 -2.5424E+02  2.2498E+02
0013740   1.2561E+02  1.8536E+02  8.7793E+01
0013741   2.3760E+02 -1.3354E+02  3.4073E+01
0013742   2.2652E+02  3.3696E-02  1.0931E+01
0013743   1.8391E+02 -1.2194E+02  1.6032E+02
0013744   2.5972E+02 -2.6333E+02 -2.5019E+01
0013745   3.6547E+02  2.3300E+02 -3.1206E+02
0013746   2.5220E+02  6.2517E+01 -1.8396E+02
0013747   2.2541E+02  3.1461E+02 -1.4416E+02
0013748   8.8772E+01 -2.0768E+02 -6.1693E+01
0013749   4.1519E+02  8.0709E+01  1.4467E+02
0013750   2.3361E+02 -6.7270E+01 -2.3986E+02
0013751   3.5218E+02 -4.2822E+01  7.2132E+01
0013752   3.1707E+02  2.9987E+02  3.6684E+02
0013753   1.3449E+02 -1.2009E+01  1.4229E+02
0013754   2.6057E+02  4.6992E+00  7.3720E+01
0013755   3.6674E+02  1.4137E+02  1.5283E+02
0013756   1.9787E+01 -1.5588E+02 -7.1939E+01
0013757   4.5502E+02 -1.6061E+02 -1.6477E+02
0013758   3.2245E+02  3.3901E+00  2.1509E+02
0013759   2.0897E+02  2.2918E+01  1.1598E+02
0013760   1.5320E+02 -1.3415E+02  1.1232E+01
0013761   3.0266E+02 -2.2328E+02  8.1373E+00
0013762   1.8189E+02  1.1862E+02  2.1478E+02
0013763   3.0142E+02  1.7012E+02 -2.3179E+01
0013765   1.4019E+02 -6.2078E+01 -7.7112E+00
0013766   4.3104E+02  9.8349E+01  1.1688E+02
0013767   4.7542E+02 -1.2475E+02  2.1660E+01
0013768   2.2679E+02 -7.3371E+01 -1.1212E+02
0013769   4.9857E+02 -2.0914E+02  9.4574E+01
0013770   8.9991E+01  4.6214E+00  8.4102E+01
0013771   2.8265E+02  2.4414E+02 -2.0180E+01
0013772   5.1493E+02 -2.5524E+02  2.0516E+02
0013773   1.1670E+02 -1.1370E+02 -4.0500E+02
0013774   9.3138E+01  1.2565E+01  2.1287E+02
0013775   2.2994E+02 -6.9235E+01 -4.6380E+01
0013776   1.3905E+02 -9.7655E+00 -1.3116E+02
0013777   3.6883E+02  2.3241E+01  3.2848E+01
0013778   4.7630E+02  7.4886E+01  1.5418E+02
0013779   1.0822E+02  6.8599E+01 -9.9969E+01
0013780   2.0898E+02  2.2597E+02 -4.4574E+01
0013781   4.0974E+02 -1.6909E+02 -2.5895E+02
0013782   1.9830E+02  1.8038E+01 -1.6209E+02
0013783   3.1297E+02 -1.2468E+02  3.0447E+01
0013784   2.2604E+01  3.0601E+01 -5.4863E+01
0013785   3.0651E+02  8.6808E+01  1.3055E+01
0013786   3.0801E+02 -2.8558E+01  5.5687E+01
0013787   4.6212E+02  2.7868E+02 -1.1166E+02
0013788   3.7878E+02  1.4997E+02 -1.1167E+02
0013789   4.2668E+02  1.3785E+02  1.1365E+02
0013790   6.2670E+01 -1.2274E+02  7.9154E+01
0013791   2.0872E+02 -1.8511E+02  9.9173E+01
0013792   8.3330E+01 -2.0584E+02  1.7387E+02
0013793   2.1421E+02  8.4373E+01 -1.3141E+02
0013794   8.4434E+01  1.5672E+02 -1.9763E+02
0013795   1.0298E+02  1.5545E+02 -6.8937E+01
0013796   3.6936E+02 -6.2692E+01 -2.5683E+02
0013797   4.4256E+02 -1.4416E+02  3.8344E+02
0013798   2.3306E+02 -2.5729E+02 -1.0403E+01
0013799   2.7614E+02 -6.0161E+01 -1.8803E+01
0013800   4.8853E+02 -5.5146E+00 -1.8539E+01
0013801   1.9822E+02 -4.4113E+01  1.2576E+02
0013802   3.4842E+02  2.8113E+02 -7.5175E+01
0013803   1.9796E+02 -1.3995E+02  5.9811E+01
0013804   2.5605E+02 -2.1357E+02 -1.6788E+01
0013805   1.3035E+02 -4.4887E+01 -1.9346E+01
0013806   3.2601E+02  1.4871E+02  1.5235E+02
0013807   4.2400E+02  6.5519E+01  1.6098E+02
0013808   1.9882E+02  6.1182E+01  2.6205E+01
0013809   2.6013E+02  2.1351E+02 -3.1411E+01
0013810   2.0299E+02 -1.8532E+02  2.2119E+01
0013811   2.2924E+02  2.3065E+01  5.9012E+00
0013812   2.2964E+02 -1.5939E+02  1.3161E+02
0013813   4.8061E+02  9.1366E+01 -1.0360E+02
0013814   7.1588E+01 -1.1314E+02  1.3547E+02
0013815   1.8565E+02  7.5048E+01  2.5377E+01
0013816   1.0067E+02 -2.4777E+02  1.3584E+02
0013817   1.1329E+02 -1.7973E+02  3.3812E+00
0013818   4.2041E+02 -8.3939E+01 -2.7520E+02
0013819   2.6423E+02 -1.1859E+02  1.5531E+02
0013821   1.6570E+02 -1.0474E+02 -6.0296E+01
0013822   3.1924E+02 -9.2665E+01  1.6997E+02
0013823   5.6238E+02 -6.6136E+01 -2.7472E+02
0013824   4.3209E+02 -1.8458E+02 -1.6366E+00
0013825   9.3466E+01 -5.2279E+01 -3.6343E-01
0013826   1.5807E+02  4.2303E+01 -3.1213E+02
0013827   2.1528E+02  2.6186E+02 -6.3928E+01
0013828   2.7610E+02  4.5498E+01 -5.7950E+01
0013829   3.6958E+02  2.4918E+02  7.5008E+01
0013830   5.5942E+02  3.4004E+01 -7.0166E+01
0013831   2.0165E+02 -1.4855E+01 -1.1690E+02
0013832   1.4980E+02 -9.7546E+01 -4.2142E+01
0013833   3.0238E+02 -9.8487E+01 -7.7883E+01
0013834   2.7541E+02  3.6258E+02 -2.4739E+02
0013835   3.4647E+02  1.4358E+02 -7.0647E+01
0013836   4.5476E+02 -1.0481E+02 -6.2949E+01
0013837   3.6510E+02  4.8611E+01 -1.1404E+02
0013838   3.1495E+02  1.2686E+02 -2.0889E+02
0013839   1.1452E+02 -1.4712E+01  1.6401E+02
0013840   2.1840E+02  7.2644E+00 -1.6328E+02
0013841   4.0280E+02  6.1481E+01  6.6746E+01
0013842   2.6135E+02  1.4652E+02 -2.9180E+02
0013843   1.9710E+02 -3.5158E+02 -3.2471E+02
0013844   1.9273E+02 -6.9683E+01  1.4203E+01
0013845   5.4278E+01 -8.1591E+01  6.4499E+00
0013846   4.1587E+02  4.5130E+01  2.4312E+02
0013847   4.0385E+02 -1.2958E+01  1.7028E+02
0013848   9.3504E+01 -4.2946E+01 -1.1386E+01
0013849   2.5566E+02  1.6774E+02  2.5379E+02
0013850   3.5975E+02  1.6956E+02 -7.1381E+00
0013851   3.2065E+02  2.0720E+01 -1.7839E+02
0013852   2.2066E+02 -1.0679E+02 -5.7957E+00
0013853   2.9167E+02  1.0313E+02 -4.5021E+00
0013854   2.7992E+02  1.2861E+01 -1.6671E+00
0013855   3.6576E+02 -1.2234E+02  6.1740E+01
0013856   6.1791E+02  4.9908E+01 -1.3721E+02
0013857   1.3764E+02  1.3951E+02  1.5676E+02
0013858   5.4022E+02  4.3184E+01  1.4455E+02
0013859   3.6888E+01 -2.5822E+02  3.4485E+01
0013860   3.0553E+02  8.0538E+01 -9.9407E+01
0013861   3.3239E+02 -1.6015E+02  1.8565E+02
0013862   3.8371E+02 -1.2567E+02 -2.0156E+02
0013863   3.5816E+02 -5.0230E+01 -2.3382E+02
0013864   4.4275E+02 -6.9009E+01  3.9473E+01
0013865   2.2568E+02 -6.4210E+01 -1.7708E+01
0013866   5.2861E+02  1.4134E+02  1.4955E+02
0013867   8.6251E+01  1.2677E+02  2.1899E+02
0013868   7.0152E+02  2.0262E+02 -1.6059E+02
0013870   2.9137E+02  1.0566E+02  6.2232E+01
0013871   3.7824E+02 -1.4120E+02  1.4519E+02
0013872   2.1134E+02  4.6285E+01  6.9122E+01
0013873   2.7840E+02 -1.4435E+02  5.6067E+01
0013875   2.8274E+02  2.1093E+02 -2.8720E+01
0013876   2.9646E+02  1.1279E+02  4.9598E+01
0013877   3.5361E+02  1.5200E+02 -3.6474E+02
0013878   2.2047E+02  2.0713E+02 -1.9567E+02
0013879   2.9266E+02 -3.0081E+02  1.2679E+01
0013880   2.8935E+02  2.1031E+01  7.0697E+01
0013881   1.8931E+02 -1.5564E+01  1.7690E+02
0013882   3.3818E+01  8.0012E+01 -7.4226E+01
0013883   5.3435E+02  2.5188E+02  8.7015E+01
0013884   1.4681E+02 -4.0198E+01 -2.3460E+01
0013885   3.1615E+02 -2.3096E+02  2.0466E+02
0013886   4.0702E+02 -4.4749E+01  3.1144E+02
0013887   1.6844E+02 -6.7886E+01  1.7766E+02
0013888   1.9817E+02 -1.3662E+02 -5.2026E+01
0013889   4.5416E+02 -1.3038E+02  1.0680E+02
0013890   4.7758E+02 -2.6566E+02 -5.4591E+01
0013891   3.0285E+02 -2.9198E+00 -2.4281E+01
0013892   2.9473E+02  3.2078E+02  5.4723E+01
0013893   2.6861E+02 -2.6152E+01  2.3058E+02
0013894   2.0613E+02  8.3252E+00 -3.5795E+01
0013895   2.6387E+02 -1.8115E+01  1.3143E+01
0013896   1.4661E+02  1.3873E+01  1.4977E+01
0013897   3.2224E+02 -6.7021E+01 -1.0943E+02
0013900   6.9259E+02 -7.7715E+00  2.6258E+01
0013901   5.8925E+02 -8.2412E+01  1.3514E+02
0013902   4.4248E+02 -9.8077E+01 -2.4747E+02
0013903   8.4502E+02  1.5962E+02  1.0731E+02
0013904   4.8118E+02  1.7171E+02 -2.4688E+01
0013905   3.3189E+02 -2.2451E+02  1.4009E+02
0013906   2.5273E+02 -3.0540E+01  1.6786E+01
0013907   1.8562E+02 -1.0885E+02 -7.5962E+01
0013908   1.3592E+02  2.0432E+02 -3.6677E+02
0013909   1.5226E+02 -9.9030E-01 -1.3109E+02
0013910   3.1950E+02  6.4203E+00  1.5669E+02
0013911   4.5583E+02  3.4397E+02  1.8250E+01
0013912   1.4074E+02  1.0790E+02  1.9696E+02
0013913   1.0581E+02  1.4404E+02 -8.4542E+01
0013914   3.9327E+02 -6.7983E+00  7.0901E+01
0013915   2.6494E+02 -1.5160E+02 -2.0590E+02
0013916   4.5540E+02  1.9897E+02 -1.9138E+02
0013917   5.4991E+02 -4.4256E+01  2.7841E+02
0013918   3.7921E+02  8.9215E+01  2.3703E+02
0013919   4.0682E+02  4.8295E-01  1.4791E+02
0013920   3.8272E+02  6.3443E+01 -2.6949E+02
0013921   1.7609E+02 -6.6298E+01 -1.2709E+02
0013922   3.1823E+02 -7.2915E+00  3.1925E+01
0013923   4.2140E+02 -3.6910E+01  1.5970E+02
0013924   2.0660E+02 -7.5196E+00  1.7293E+02
0013925   6.7802E+01  3.8187E+01 -1.1053E+01
0013926   2.8603E+02 -7.6912E+01 -1.0047E+02
0013927   2.1769E+02  2.2832E+02  3.1546E+01
0013928   2.6641E+02 -1.0397E+02  1.6224E+02
0013929   4.1823E+02 -5.0930E+01  4.1025E+01
0013930   1.6989E+02 -1.1370E+02  1.1290E+02
0013931   2.7425E+02 -1.3285E+02 -2.0423E+01
0013932   2.9006E+02 -1.2718E+01  1.2892E+02
0013933   2.8981E+02  1.1890E+02 -2.2210E+02
0013934   2.0249E+02 -8.7964E+01 -1.7039E+02
0013935   5.5739E+02  1.3953E+02 -2.3904E+02
0013936   1.5791E+02 -1.3907E+01  7.5171E+01
0013937   4.4036E+02  1.7515E+02 -9.4881E+01
0013938   2.5896E+02 -1.7166E+02  1.0564E+02
0013939   6.3129E+01  1.1762E+01 -1.3999E+02
0013940   1.8099E+02  2.5030E+01 -1.8641E+02
0013941   2.9985E+00  2.2202E+02 -7.1618E+01
0013942   5.1063E+02 -8.8581E+01  1.3888E+02
0013943   3.3992E+02 -8.6815E+01 -7.9614E+01
0013944   2.1284E+02  2.4751E+01 -1.2314E+02
0013945   5.3447E+02 -3.7528E+01  3.5003E+01
0013946   2.2950E+02 -1.1468E+02  2.0848E+02
0013947   4.6154E+02  1.5983E+02  1.3452E+02
0013948   1.1004E+02  3.6821E+01 -1.3263E+02
0013949   1.0552E+02 -6.1980E+01  5.8951E+01
0013950   5.9618E+02  1.7047E+01 -7.9378E+00
0013951   4.2997E+02 -1.5374E+02  2.4500E+01
0013952   1.3489E+02 -5.8450E+01 -7.1440E+01
0013953   1.1743E+02 -1.4628E+02  1.5085E+02
0013954   2.9195E+02  1.3973E+02  1.8382E+02
0013955   8.6066E+01 -3.8429E+01 -6.7765E+01
0013956   3.1629E+02 -2.9117E+01 -7.7783E+01
0013957   2.4613E+02  3.9292E+01  1.3546E+02
0013958   1.7628E+02 -2.2761E+02 -9.8640E+01
0013959   1.5435E+02 -8.7866E+01 -1.3289E+02
0013960   3.4900E+02 -1.2746E+02 -9.3374E+01
0013961   2.0749E+02 -1.2502E+02  4.7256E+00
0013962   4.4442E+02 -1.6168E+02  7.7153E+01
0013963   3.4101E+02  6.6816E+01 -3.5745E+02
0013964   3.0786E+02  1.7958E+02  2.3637E+01
0013965   2.4276E+02 -1.7986E+02  2.5972E+01
0013966   1.3043E+02 -1.6674E+01 -4.6035E+01
0013967   5.4409E+02 -7.7233E+01 -2.5590E+02
0013968   1.5019E+02  4.7552E+00  1.0775E+02
0013969   6.1604E+01 -1.2253E+02 -4.7798E+01
0013970   3.4524E+02 -2.7478E+02  2.3797E+02
0013971   3.3514E+02  1.5894E+02 -4.3364E+02
0013972   3.2389E+02 -1.7844E+01 -2.1960E+02
0013973   4.9966E+01  1.0286E+02  5.2487E+01
0013974   2.7664E+02 -1.8256E+01 -7.8399E+00
0013975   1.7493E+02 -8.2530E+01 -1.3560E+02
0013976   2.4560E+02  2.0209E+02  6.6355E+01
0013977   1.5587E+02 -3.8898E+02 -9.4638E-01
0013978   3.2634E+02 -1.3736E+02 -8.5245E+01
0013979   1.1018E+02 -2.1012E+02  2.7871E+01
0013980   3.5572E+02  1.5974E+02  3.1650E+01
0013981   2.8768E+02  1.8619E+02 -1.2353E+02
0013982   2.8488E+02 -8.6910E+01  1.4740E+02
0013983   3.8105E+02 -3.1534E+02  3.1008E+01
0013984   1.1391E+02 -3.5589E+00  7.1772E+01
0013985   2.2327E+02  1.4458E+02 -8.7240E+01
0013986   4.8366E+02  7.0933E+01  1.4346E+02
0013987   2.0503E+02 -3.0200E+00 -3.3561E+00
0013988   2.1873E+02  1.7475E+02 -2.4630E+00
0013989   2.0714E+02  4.2000E+01 -2.4984E+02
0013990   2.2721E+02  5.6984E+01  6.5540E+01
0013991   2.3205E+02 -7.4992E+01  7.4953E+01
0013993   3.2696E+02  6.2500E+01  2.4879E+01
0013994   2.2911E+02 -1.5782E+02  4.0041E+02
0013995   2.1906E+02 -1.4265E+00  9.6794E+01
0013996   1.6642E+02 -1.4601E+02  1.5904E+02
0013997   2.2842E+02 -6.3036E+00  1.7585E+02
0013998   8.0844E+01  1.2970E+02  7.3438E+01
0013999   2.0567E+02 -1.0355E+02 -3.1529E+01
0014000   3.3087E+02 -1.1368E+02  2.3899E+02
0014001   2.0626E+02  2.4077E+01 -5.1100E+01
0014002   1.2952E+02 -1.0042E+01  8.2819E+01
0014003   3.0352E+02  1.5676E+02 -2.6763E+02
0014004   5.1198E+01  4.1783E+01 -1.1631E+02
0014005   1.2350E+02 -1.1869E+02 -7.2904E+01
0014006   5.0031E+02  1.0436E+01  1.5534E+02
0014008   2.6681E+02  4.3066E+00 -8.6793E+00
0014009   3.6029E+02 -5.2912E+01  4.1856E+01
0014010   2.1301E+02 -9.7699E+01 -6.8696E+01
0014011   2.4508E+02 -1.0992E+02 -2.5168E+02
0014012   1.0329E+02  1.9380E+01  6.2318E+01
0014013   2.4436E+02  9.6148E+01 -1.8729E+01
0014014   3.3828E+02 -8.6158E+01  2.9849E+01
0014015   4.2856E+02 -1.3318E+02  2.0220E+02
0014016   1.8688E+02 -5.0780E+01 -6.1123E+01
0014017   3.5721E+02 -3.4903E+02  1.6094E+01
0014018   2.4600E+02  2.1670E+02  3.2223E+00
0014019   2.3072E+02 -1.6259E+01  1.3841E+02
0014020   3.0407E+02  9.1647E+01  4.2452E+01
0014021   1.6232E+02 -5.6072E+01 -3.4094E+01
0014022   3.2253E+02  2.3013E+02  1.8504E+02
0014023   7.2424E+02 -2.5601E+02 -1.6619E+01
0014024   2.5561E+02  2.6962E+01 -3.4263E+01
0014025   4.4587E+02  6.7133E+01  8.9467E+01
0014026   2.2588E+02 -7.5905E+00 -6.0725E+01
0014027   2.6476E+02 -6.4908E+00 -8.2247E+00
0014028   1.8555E+02 -1.8345E+02  1.8045E+02
0014029   1.6217E+02  2.0520E+02  1.5365E+02
0014030   1.7260E+02  2.6019E-01  6.1875E+00
0014031   2.2925E+02 -8.2424E+01 -9.9009E+01
0014032   4.0071E+02 -8.6582E+01 -8.5656E+00
0014033   1.5992E+02 -5.6026E+01 -1.1556E+02
0014034   2.5972E+02 -1.1915E+01  3.1233E+01
0014035   4.4890E+01  7.4626E+01  5.3632E+01
0014036   1.9398E+02  3.8077E+02  3.6358E+01
0014037   1.6851E+02 -1.2220E+02 -2.7552E+01
0014038   2.9771E+02 -2.5965E+02 -1.0208E+02
0014039   1.7644E+02 -7.8630E+01  6.0600E+01
0014040   5.0939E+02  3.2432E+01  1.9835E+00
0014041   3.0081E+02 -3.9734E+01 -1.4499E+02
0014042   1.6336E+02  6.7823E+01  1.3943E+02
0014043   3.6477E+02  7.2779E+01 -5.5458E+01
0014044   4.1540E+02 -4.8140E+01 -5.6676E+01
0014045   5.9783E+02  8.9596E+01 -7.4033E+01
0014046   9.7634E+01  1.3837E+01  1.1467E+01
0014047   2.2167E+02  2.4698E+02  2.5987E+02
0014048   2.7551E+02  8.4300E+01  1.2588E+02
0014049   2.0681E+02  8.3725E+01 -2.3284E+01
0014050   7.2687E+00  1.0771E+02 -3.1150E+01
0014052   9.6133E+01 -2.2964E+02 -8.3220E+01
0014053   1.2878E+02 -5.2342E+01 -1.1142E+02
0014054   2.7812E+02  2.1834E+02  2.1335E+02
0014055   2.5618E+02  1.4245E+02 -1.7335E+02
0014056   1.2560E+02  8.2870E+01 -3.3827E+01
0014057   3.9776E+02  1.1279E+02  5.4542E+01
0014058   6.3112E+01 -1.2830E+01  3.1425E+02
0014059   2.4425E+02  1.1132E+02 -4.0901E+02
0014060   4.0465E+02 -7.6283E+01  3.2208E+00
0014061   4.3690E+02  4.1727E+00  1.4295E+02
0014062   5.6240E+01  6.8644E+01 -2.4848E+02
0014063   1.2482E+02 -6.2494E+01  1.3350E+02
0014064   2.7475E+02 -1.0856E+02 -2.2251E+02
0014065   2.7368E+02  1.4193E+02 -1.5706E+02
0014066   1.4157E+02 -1.3221E+02  1.9874E+02
0014067   4.5782E+02 -1.4607E+02 -1.6830E+02
0014068   7.9626E+01  4.5022E+02 -2.5408E+01
0014070   3.7612E+02 -1.0936E+02  3.8172E+02
0014071   3.2685E+02  8.4712E+01 -1.4464E+02
0014072   2.0032E+02 -1.5364E+01 -1.3168E+02
0014074   3.6676E+02 -8.6289E+01 -2.2211E+02
0014075   1.8025E+02  2.4991E+01  2.2289E+01
0014076   1.7612E+02  3.9850E+01  5.3284E+01
0014077   3.7422E+02 -4.8747E+01  1.8585E+01
0014078   3.5580E+02  6.0300E+01  1.6216E+02
0014079   3.1113E+02 -1.4620E+02  1.5702E+01
0014081   2.9943E+02 -1.2383E+02  6.0640E+00
0014082   1.3242E+02 -2.5896E+01 -5.2855E+01
0014083   3.2500E+02  1.3252E+02 -1.6637E+01
0014084   1.5820E+02  1.0199E+02  6.8339E+00
0014085   3.0188E+01  5.8824E+01  1.0048E+01
0014086   3.5842E+02 -2.3148E+01  1.0977E+02
0014087   4.4288E+02 -4.3465E+01 -1.0817E+02
0014088   4.9613E+02 -1.3439E+02  5.3975E+01
0014089   2.5669E+01 -3.8397E+01 -8.2603E+01
0014090   2.3662E+02  1.0287E+02  4.0559E+01
0014091   4.4036E+02 -3.5520E+01  9.8398E+01
0014092   3.8442E+02 -8.7648E+01 -8.2638E+01
0014093   2.9457E+02 -2.8958E+01  4.2470E+01
0014095   3.7764E+02 -1.6487E+02 -9.1357E+01
0014096   1.1880E+02 -1.4096E+02  1.8793E+02
0014097   2.6357E+02 -1.7097E+02 -7.6637E+01
0014098   3.4917E+02 -2.1545E+02  1.4925E+02
0014099   3.7790E+02 -5.3792E+01  2.0352E+02
0014100   2.9105E+02 -2.5013E+02 -5.3093E+01
0014101   3.7150E+02  1.3781E+02 -7.0327E+01
0014102   5.1372E+02  1.8641E+02  4.8815E+01
0014103   1.4567E+02  1.0680E+02 -1.5926E+02
0014104   1.0949E+02 -1.5993E+02  2.0509E+01
0014105   5.1953E+02  2.9745E+02  1.2865E+02
0014106   1.9544E+02 -1.2219E+02  1.8115E+01
0014107   9.3105E+01  9.0147E+01 -4.8546E+01
0014108   2.7056E+02 -4.0534E+01 -1.3213E+02
0014109   6.0286E+01  5.8111E+01  9.7625E+01
0014110   1.5385E+02 -2.9445E+02 -3.0485E+01
0014111   4.5738E+02  4.0277E+01 -3.1847E+01
0014112   1.3747E+02  8.1542E+01 -1.1665E+02
0014113   1.6275E+02  6.5807E+01 -3.3553E+01
0014114   2.5551E+02 -2.3314E+01 -1.0410E+02
0014115   1.1826E+02  2.7029E+01  7.3595E+01
0014116   1.3166E+02 -3.4210E+01  1.3159E+02
0014117   1.6745E+02  1.6168E+01  1.8361E+02
0014118   3.8614E+02  1.5189E+02 -1.9761E+02
0014119   2.0811E+02 -7.0285E+01  2.7979E+02
0014120   6.7746E+01 -2.4809E+01  9.2236E+01
0014121   2.6271E+02 -1.7421E+02 -1.3837E+02
0014122   3.4706E+02 -9.3948E+01  1.0236E+02
0014123   1.9482E+02 -8.8784E+01 -3.0331E+02
0014124   4.3787E+02  1.5226E+02  4.3458E+01
0014125   3.4218E+02 -2.9306E+01  3.7620E-01
0014126   2.0659E+02 -3.5784E+01 -2.6616E+00
0014127   5.0008E+02 -3.2101E+01  1.5238E+02
0014128   5.1632E+02 -7.1439E+01  3.0210E+01
0014129   2.6401E+02  1.2787E+02 -1.2131E+02
0014130   3.7159E+02  1.2700E+02  1.1864E+02
0014132   3.2051E+02  1.8303E+01 -1.0168E+02
0014133   5.3572E+02  8.3023E+01  3.8818E+01
0014134   3.5941E+02 -1.6276E+01  4.3993E+01
0014135   3.0101E+02  3.3628E+01  2.3413E+02
0014136   1.3301E+02 -1.8115E+02  1.3413E+02
0014137   2.9022E+01  2.0323E+02 -1.5396E+02
0014138   4.5147E+02 -1.6986E+02 -6.9606E+01
0014139   2.7935E+02 -4.1962E+02  1.5104E+02
0014140   1.4749E+02 -4.2135E+01  1.7541E+02
0014141   1.1838E+02 -1.5764E+02  1.3987E+02
0014142   2.5370E+02  1.0910E+01 -1.1885E+02
0014144   4.8978E+02  3.4959E+02  9.0215E+01
0014145   2.2046E+02  6.7456E+01  9.9092E+00
0014146   3.8959E+02 -7.0172E+01  4.8562E+01
0014147   1.1845E+02  1.9869E+02 -1.9800E+01
0014148   1.2901E+02  1.2988E+01  2.6727E+01
0014149   8.0581E+01 -5.2095E+01 -1.9798E+01
0014150   4.2549E+02  3.6118E+00  1.0117E+02
0014151   4.3556E+02 -4.5537E+01  1.4454E+02
0014152   2.2785E+02 -1.4684E+00 -1.3140E+02
0014153   4.6786E+02  5.5485E+01 -6.9834E+01
0014154   1.1545E+02  1.6922E+02  8.9943E+01
0014155   4.9101E+02 -2.4218E+02  6.6126E+00
0014156   5.0210E+02 -1.9405E+02  2.8175E+01
0014157   4.1366E+02  1.2279E+02  1.8623E+02
0014158   2.2589E+02 -4.9962E+01  1.4456E+01
0014159   2.2572E+02  6.9545E+01  1.3078E+01
0014160   5.6951E+02  2.1827E+02 -6.7394E+00
0014161   5.9100E+02 -1.7601E+02  2.2123E+02
0014162   1.8977E+02  1.8126E+02 -1.6512E+02
0014164   1.8637E+02  1.6298E+02  1.9024E+02
0014165   1.3383E+02  4.4229E+01  1.1184E+02
0014166   3.6436E+01 -4.2765E+00  7.6626E+01
0014167   2.7814E+02  5.3757E+01 -7.8385E+01
0014168   3.5515E+02 -4.7021E+01  4.6180E+01
0014169   4.5060E+02 -1.5619E+02  1.0774E+02
0014170   2.8555E+02  7.3132E+01  3.4587E+01
0014171   4.5281E+02  1.2906E+02  1.2183E+02
0014172   3.5173E+02 -1.8471E+02 -3.1239E+01
0014173   1.3940E+02 -7.1892E+01 -2.6039E+02
0014174   5.0346E+02 -5.3916E+01 -1.1575E+02
0014175   5.3133E+02  7.2474E+01 -1.2889E+02
0014176   7.4322E+02 -1.0026E+02  8.3416E+00
0014177   2.5446E+02  4.3337E+01 -4.5901E+01
0014178   3.6420E+02 -2.1166E+02  1.1464E+02
0014179   3.6667E+02  2.7988E+01  2.7153E+02
0014180   2.2750E+02  1.6387E+02 -4.6125E+00
0014181   1.8590E+02  1.8621E+02 -2.8557E+02
0014183   4.8504E+02  2.0784E+02 -3.2074E+01
0014184   4.3281E+02  1.2107E+02 -1.9163E+02
0014185   1.5319E+02  8.1246E+01 -2.6086E+01
0014186   5.1461E+02 -1.1630E+02 -1.5820E+02
0014187   1.1235E+02 -7.7540E+01 -3.7498E+01
0014188   3.1284E+02 -1.3450E+02 -3.6032E+01
0014189   1.8943E+02 -1.1802E+02  2.8071E+02
0014190   3.2880E+02  3.3929E+01 -7.5427E+01
0014191   4.0793E+01  3.8805E+01 -1.2287E+02
0014192   5.6539E+02 -1.0657E+02  2.3699E+02
0014193   1.8902E+02 -2.0579E+02  4.2271E+01
0014194   2.7521E+02  8.7078E+01  3.4469E+01
0014195   4.2220E+02  1.6742E+02  1.5198E+02
0014196   3.0230E+02 -2.1351E+02  3.2963E+01
0014197   4.1080E+02 -3.5514E+02 -8.3118E+01
0014198   2.6852E+02 -1.8415E+02  4.0407E+01
0014199   1.9125E+02  3.5041E+01 -8.8823E+01
0014200   1.3960E+02 -1.1439E+01  5.5914E+01
0014201   2.6218E+02  1.3582E+02  2.2213E+02
0014202   2.2207E+02  1.5709E+02 -8.9774E+01
0014203   9.7362E+01  7.9888E+01  9.8442E+01
0014204   1.1418E+02 -1.3481E+02  1.9907E+02
0014205   4.9369E+01 -1.3401E+02 -3.5622E+01
0014206   4.4606E+02 -2.2357E+01 -6.8083E+01
0014208   6.4014E+01 -2.5989E+02  5.3728E+01
0014209   1.7170E+02  4.4137E+01  1.8325E+02
0014210   3.3351E+02 -6.5328E+00 -1.3414E+02
0014211   1.4478E+02  9.1958E+01  6.1779E+01
0014212   1.3871E+02  1.3180E+02 -1.1807E+02
0014213   3.7071E+02  4.3767E+01 -6.9084E+01
0014214   4.9302E+02 -8.2716E+01 -6.2841E+01
0014215   5.5730E+02  1.7670E+02  9.5870E+01
0014216   3.4993E+02 -3.9438E+01  1.5573E+02
0014217   4.3153E+02  3.2414E+02 -5.2240E+01
0014218   3.0579E+02 -2.6594E+01 -9.5270E+01
0014219   1.9370E+02  6.9544E+01  4.5450E+01
0014220   1.5778E+02  1.2810E+02 -1.1717E+02
0014221   4.0366E+02  2.5430E+01  1.9044E+01
0014222   8.4873E+01 -3.0438E+02 -1.5861E+02
0014223   1.1965E+02  1.5800E+01 -2.0608E+02
0014224   2.0390E+02  5.2974E+00 -2.2055E+02
0014225   3.4186E+02 -3.6127E+01  2.4799E+02
0014226   4.9791E+02  1.6946E+02  3.9463E+02
0014227   2.6566E+02  3.8632E+01  1.3712E+02
0014228   4.7924E+02 -3.3453E+02 -3.6668E+02
0014229   3.4713E+01 -1.6797E+02  2.4785E+02
0014230   5.5356E+02 -1.8009E+02  4.8778E+01
0014231   4.9849E+02  1.7549E+02  1.6394E+02
0014232   1.4416E+02  4.0557E+01 -4.8681E+01
0014233   1.9693E+02  1.9759E+00 -1.2360E+02
0014234   5.9310E+02 -1.6863E+02 -2.5352E+02
0014235   5.0509E+02  8.9445E+01  9.3735E+01
0014236   4.3951E+02 -9.3455E+01  1.1846E+02
0014237   2.6265E+01 -1.0284E+02  7.5691E+01
0014238   2.7977E+02 -3.8632E+01  4.7886E+00
0014239   4.3243E+02 -2.1629E+01  5.4542E+01
0014240   5.1046E+02 -1.2936E+02 -1.6584E+02
0014241   2.6033E+02 -1.1063E+02  1.9663E+02
0014242   1.1777E+02  1.1949E+02  1.9223E+02
0014243   1.4444E+02  1.5790E+02 -7.2019E+00
0014244   3.2190E+02 -1.6250E+02  3.0785E+00
0014245   4.2016E+02  1.5938E+02  9.0446E+01
0014247   2.8793E+02 -2.0788E+02 -1.5642E+02
0014248   2.9188E+02 -1.8095E+02 -1.8770E+02
0014249   1.1028E+02 -3.6012E+02  1.1219E+02
0014251   2.1019E+02  2.8808E+02  2.1395E+02
0014253   2.0723E+02  7.4612E+01  7.6333E-01
0014254   2.7030E+02 -1.0379E+02 -2.1136E+02
0014255   5.3477E+01  2.3634E+02  1.9172E+02
0014257   3.6659E+02  2.4893E+02  8.6240E+01
0014258   3.0676E+02  1.1249E+02 -1.2521E+02
0014259   3.8796E+02 -9.4562E+00 -2.8541E+02
0014260   3.7029E+02 -1.5751E+01  3.6921E+01
0014261   3.7347E+02 -2.3616E+01  7.4150E+00
0014262   5.8760E+02  1.2689E+02  1.3235E+02
0014263   1.2987E+02 -2.3724E+02 -1.3931E+02
0014264   1.1882E+02  3.4005E+00 -6.3998E+01
0014265   3.1304E+02 -7.9678E+01 -6.7830E+00
0014267   3.2210E+02 -1.1137E+02 -1.4402E+02
0014268   3.0527E+02  7.4305E+01  4.3891E+00
0014269   4.1500E+02  1.7243E+02 -2.0240E+02
0014270   3.3857E+02 -1.0811E+02 -4.2071E+01
0014271   5.0239E+01 -1.0585E+01  5.5234E+01
0014272   3.7838E+02  2.9870E+01  1.3797E+01
0014273   3.5765E+02  4.4956E+01 -1.3417E+02
0014274   3.8060E+02 -1.9748E+01 -1.3000E+02
0014275   5.7472E+01 -4.1715E+01  1.1288E+02
0014276   3.9870E+02  1.6042E+02 -3.5036E+01
0014277   1.1535E+02 -9.5129E+01 -1.9202E+01
0014278   1.5410E+02  7.0328E+01  6.2562E+01
0014279   2.2221E+02  2.2934E+01  5.3701E+01
0014280   1.8435E+02 -8.3952E+01 -1.0953E+02
0014281   1.5734E+02  1.6348E+02  1.3565E+02
0014282   1.4447E+02 -2.1360E+02  8.9449E+01
0014283   2.3050E+02  5.2305E+01 -1.4502E+00
0014284   5.0685E+02  5.4426E+01  1.4828E+02
0014285   4.3868E+02 -1.2473E+02  3.1969E+02
0014286   1.2467E+02 -3.7843E+01  8.2945E+01
0014287   4.2514E+02  1.3455E+02  1.7186E+02
0014288   4.2513E+02 -2.3681E+02 -5.5972E+01
0014289   4.5522E+02 -3.4337E+01  1.9269E+02
0014290   1.8976E+02 -1.5892E+01  3.7729E+01
0014291   3.7953E+01  2.3194E+01 -3.0885E+01
0014292   1.5995E+02  1.2123E+02  2.5248E+01
0014293   2.9617E+02 -8.8478E+01 -5.3227E+01
0014294   5.1377E+02  6.4690E+01  3.7878E+02
0014295   7.1510E+02  6.1257E+01 -1.1791E+01
0014296   2.6727E+02  1.9355E+01 -1.6469E+01
0014298   5.2703E+02  1.0111E+02  9.7591E+01
0014299   2.4607E+02  6.7795E+01  1.6294E+02
0014300   1.7287E+02 -1.7509E+01 -5.7448E+01
0014301   6.0287E+02 -2.8236E+02  1.7993E+01
0014302   1.8350E+02  1.5243E+01 -8.8992E+01
0014303   2.6836E+02 -6.9097E+01  6.7195E+01
0014304   3.0542E+02  8.6603E+01  7.4857E+01
0014305   4.9132E+02 -1.2458E+02  9.8681E+01
0014306   1.6148E+02 -5.1915E+01 -7.3190E+01
0014307   5.6051E+01  1.1744E+02 -8.1022E+01
0014308   2.2199E+02 -2.0216E+02 -3.4878E+01
0014309   1.6474E+02  1.2928E+02  1.0432E+02
0014310   2.8998E+02 -8.2752E+01  5.3634E+01
0014311   1.1745E+02 -2.0356E+02 -1.5718E+00
0014313   2.8566E+02  8.4167E+01  3.3831E+00
0014314   3.5284E+02  2.2626E+02 -2.7036E+01
0014315   6.7006E+02  1.5398E+02  1.8342E+02
0014316   5.2015E+02  6.0861E+01  3.9891E+01
0014317   3.9747E+02  5.4442E+00  1.4222E+02
0014318   1.6315E+02 -2.0556E+02 -6.8782E+00
0014319   1.2537E+02 -1.9905E+02  7.2929E+01
0014320   1.9619E+02  1.1841E+02  3.8439E+01
0014321   1.1749E+02 -9.0241E+01 -1.0288E+02
0014322   2.5303E+02  4.8737E+01 -2.9264E+02
0014323   4.7526E+02 -4.3163E+01  2.2940E+02
0014324   1.9051E+02 -1.9763E+02 -2.9736E+01
0014325   4.5036E+02 -5.9706E+01 -3.7995E+01
0014326   2.3063E+02  6.6408E+01  1.5714E+02
0014327   3.6459E+01  1.8827E+02  1.1620E+02
0014328   3.2786E+02 -4.0756E+01 -1.1131E+02
0014329   2.1851E+02  4.3091E+00 -6.7936E+01
0014330   3.5312E+02  9.3119E+01 -9.5719E+01
0014331   3.1291E+02 -7.9082E+01  1.5080E+02
0014332   4.6437E+02 -8.8454E+01 -1.6562E+02
0014333   1.4416E+02  1.7551E+02 -1.1832E+02
0014334   1.7693E+02 -4.3169E+01  1.2091E+02
0014335   4.5166E+02 -2.6665E+02 -1.3106E+02
0014336   1.3778E+02  5.9295E+01 -4.6374E+01
0014337   3.2742E+02 -2.3073E+02 -2.3333E+01
0014338   3.5540E+02 -1.3341E+02  1.8197E+02
0014339   1.1945E+02  1.2202E+02  1.3583E+02
0014340   1.5669E+02  7.2905E+01 -1.0499E+02
0014341   7.6740E+01  9.9378E+01 -1.1370E+02
0014342   2.0883E+02 -9.9118E+01 -1.4506E+01
0014343   2.8867E+02  2.1150E+01  1.6123E+02
0014344   2.6452E+02 -5.5180E+01 -3.7405E+01
0014345   3.9385E+02  3.0409E+01 -1.3911E+01
0014346   1.1563E+02 -6.8370E+01  1.3126E+02
0014347   3.0943E+02 -6.0772E+01 -1.3805E+02
0014348   4.6712E+02 -8.6161E+01  2.0386E+02
0014349   1.7036E+01  8.5425E-01 -2.3323E+02
0014350   2.0089E+02 -1.1580E+02 -6.9553E+01
0014351   2.6616E+02 -2.1428E+01  7.3984E+01
0014352   3.2104E+02 -7.8653E+01 -1.8021E+02
0014354   4.2007E+02 -1.1179E+02  2.4574E+01
0014355   2.7383E+02 -1.9729E+01  3.4997E+01
0014356   1.4734E+02 -7.8026E+01 -5.8054E+01
0014357   2.5014E+02  1.0272E+02  4.5606E+01
0014358   1.1217E+02  5.5106E+01 -1.0689E+02
0014359   1.4385E+02 -9.5153E+01  7.2216E+01
0014360   1.6135E+02 -2.2236E+01  4.0134E+01
0014361   5.2137E+02  1.4283E+02  2.7648E+02
0014362   3.1051E+02 -2.3569E+02  6.3254E+01
0014363   5.9192E+02  1.1734E+02 -7.3030E+01
0014364   8.9488E+01 -3.0483E+01 -1.4656E+01
0014365   2.8723E+02 -3.6367E+01 -1.5956E+02
0014366   5.0393E+02 -1.9614E+01 -5.0990E+01
0014367   1.4638E+02 -7.6312E+01 -5.4564E+01
0014368   5.1180E+02  2.0091E+02  1.4266E+01
0014369   1.2087E+02  3.8852E+01  4.7835E+02
0014370   4.0604E+02 -1.6382E+02 -1.3114E+02
0014371   3.3070E+01 -2.3569E+01 -8.1555E+01
0014372   3.1019E+02 -2.7235E+02  1.3741E+02
0014373   2.0957E+02  2.0323E+01 -7.6583E+01
0014374   4.2692E+01  2.7514E+02  1.0263E+02
0014375   1.4448E+02 -8.1465E+00  2.0747E+02
0014376   2.5829E+02 -4.2538E+01  8.1856E+01
0014377   3.4272E+02  1.1805E+02 -1.0356E+02
0014378   2.9280E+02 -7.6310E+01 -9.3898E+01
0014379   4.0684E+02  2.2133E+02  8.8612E+01
0014380   4.2635E+02  9.0805E+01  1.4189E+02
0014381   1.2689E+02  1.5520E+01 -1.4997E+02
0014382   4.5739E+02  7.1321E+01 -2.7157E+02
0014383   1.9169E+02  5.4474E+01  1.2842E+02
0014384   3.1621E+02 -6.7035E+01  7.6669E+01
0014385   2.7596E+02 -2.9958E+01 -1.6380E+02
0014386   3.9292E+02 -1.3821E+01  1.8102E+02
0014387   4.0748E+02  2.3685E+01  1.7803E+02
0014388   2.6327E+02 -4.4283E+01  1.1967E+02
0014389   3.7998E+02  7.0987E+01 -3.9233E+01
0014390   2.1585E+02  8.6115E+01  3.9485E+01
0014391   1.4021E+02 -3.0003E+01  1.9680E+02
0014392   3.0743E+02 -1.2776E+02 -7.5950E+01
0014393   3.2376E+02  4.2474E+01  5.3604E+01
0014394   1.1388E+02  6.8774E+00  9.4272E+01
0014395   2.7164E+02  4.7612E+01 -1.7710E+02
0014396   5.5647E+01  7.9885E+01 -4.8657E+01
0014397   9.3316E+01  2.8038E+00 -6.5833E+01
0014398   1.0240E+02 -5.9710E+01 -1.9519E+01
0014399   1.5442E+02  3.9341E+01  1.0201E+02
0014400   1.4235E+02  2.2272E+02  1.0981E+02
0014401   2.1014E+02 -1.7842E+02 -8.6138E+01
0014402   3.3183E+02 -1.2582E+02 -1.0351E+02
0014403   2.0338E+02  2.6027E+02  5.6682E+01
0014404   2.6428E+02  1.3549E+02 -1.6559E+00
0014405   3.2139E+02  2.1836E+02  5.7799E+01
0014406   2.3224E+02  6.8607E+01 -3.9809E+01
0014407   4.6750E+02  1.6605E+02 -3.4439E+01
0014408   8.4306E+01  1.1913E+02 -1.8268E+02
0014409   2.2342E+02  2.0039E+01  2.1437E+01
0014410   3.1947E+02 -1.6254E+02 -2.9868E+02
0014411   3.2160E+02  8.9634E+01 -1.9328E+02
0014412   3.5810E+02 -1.3704E+01 -1.7185E+02
0014413   5.0050E+01  9.1270E+01  4.4431E+01
0014414   1.4424E+02  1.8075E+01 -2.8600E+02
0014415   2.6678E+02  4.7803E+01 -1.6238E+02
0014416   1.6227E+02 -2.2264E+00 -7.8159E+01
0014417   2.2527E+02 -8.3027E+01  1.4716E+02
0014418   2.7096E+02  2.4773E+02 -2.8482E+02
0014419   7.3306E+00  6.1175E+00  1.6120E+00
0014420   2.5339E+02  9.3851E+01  1.9960E+02
0014421   3.7659E+02 -1.5091E+02  5.1399E+01
0014422   1.5844E+02  2.6330E+01  1.8910E+02
0014423   3.0009E+02 -2.8506E+01 -2.7002E+02
0014424   4.1147E+02  1.7636E+02 -9.1831E+01
0014425   3.3056E+02  4.8441E+01  5.1342E+01
0014426   5.1409E+02 -2.1623E+02  5.3126E+01
0014427   2.3635E+02 -3.6523E+01 -1.0917E+02
0014428   3.2734E+02  4.6335E+02 -3.0620E+02
0014429   5.1830E+02  8.9953E+01  2.0946E+02
0014430   4.2287E+01  1.8182E+02  3.0326E+02
0014431   4.1426E+02  2.0889E+02  2.6761E+02
0014432   1.8696E+02  1.5427E+02 -1.2952E+02
0014433   1.2779E+02  6.6356E+01 -2.2161E+02
0014434   6.0687E+02 -2.9732E+02 -2.6281E+02
0014436   2.8798E+02  7.0502E+01  1.0879E+02
0014437   3.5939E+02 -1.0448E+02 -4.6495E+01
0014438   1.1112E+01 -2.1959E+02 -7.3007E+01
0014439   2.8147E+01  1.1179E+02  5.3439E+01
0014441   1.4686E+02  3.2795E+01 -2.7348E-01
0014442   1.2634E+02  8.7904E+01  1.4439E+02
0014443   1.6134E+02 -4.3772E+01 -1.3107E+01
0014444   2.0918E+02  3.2033E+02 -1.3991E+02
0014445   1.5201E+02 -2.5079E+02 -3.5562E+01
0014447   7.6477E+01 -4.5942E+01  4.6735E+01
0014448   2.4007E+02 -1.5330E+02  8.0462E+01
0014449   6.8679E+02 -1.7469E+00 -2.9090E+02
0014450   1.7713E+02 -6.1520E+01  1.7307E+02
0014451   1.9782E+02 -1.1620E+02  1.6292E+02
0014452   4.6279E+02 -1.0712E+02 -2.0364E+02
0014453   4.1973E+02  1.1269E+02  1.4611E+01
0014454   1.6470E+02  4.0792E+00  1.6222E+02
0014455   2.3512E+02 -4.6384E+01  2.0897E+02
0014456   7.9098E+01 -6.2581E+01  1.7185E+01
0014458   9.8902E+01 -1.4222E+02  5.2469E+01
0014459   1.7837E+02 -3.7359E+01  7.3668E+01
0014460   1.1372E+02  7.4074E+01 -6.1113E-01
0014461   5.2292E+01  8.0783E+01  1.6115E+02
0014462   2.1384E+02 -1.0308E+02  2.1989E+01
0014463   2.2641E+02  1.2679E+02  5.5272E+01
0014464   3.4575E+02  7.0490E+01 -4.6933E+01
0014465   3.3238E+02 -1.9549E+02  2.7634E+02
0014466   4.8183E+02 -3.8677E+01 -5.4077E+01
0014467   2.2110E+02  3.5501E+01 -7.7643E+01
0014468   2.3856E+02  1.1125E+02 -5.6670E+00
0014469   3.5961E+02  1.1016E+02  6.3456E+01
0014470   6.7990E+02  1.0999E+02  7.0575E+01
0014471   1.5196E+02  7.9254E+01  4.5378E+01
0014472   2.7490E+02  5.2999E+01  6.8579E+01
0014473   2.4273E+02  4.2796E+01  1.2671E+02
0014474   2.1226E+02 -7.5688E+01  3.1287E+01
0014475   2.5568E+02 -1.2365E+01  2.1717E+01
0014476   3.2450E+02  2.5783E+02  1.9864E+02
0014477   3.5114E+02  1.9588E+01  1.1900E+02
0014478   2.1876E+02 -2.4181E+01 -8.3668E+01
0014479   2.1935E+02 -2.9603E+02  3.0970E+02
0014480   9.6746E+01  4.5044E+02  9.7723E+00
0014481   3.1747E+02  8.8620E+01 -2.1845E+02
0014482   2.5012E+02  1.3043E+02 -8.4373E+01
0014483   3.8765E+02  9.9846E+01 -6.3398E+01
0014484   2.7774E+02  2.7091E+01 -1.7849E+02
0014485   1.4637E+02  7.0009E+00  3.9175E+01
0014486   2.6245E+02 -1.2048E+02  2.8935E+01
0014487   1.9749E+02 -7.2037E+01  2.0554E+01
0014488   2.7694E+02  1.9681E+02  8.0926E+00
0014490   2.9163E+02  1.3514E+02  2.4467E+02
0014491   2.2457E+02  1.7663E+02 -3.8315E+01
0014492   1.5848E+02  1.1723E+02 -5.5025E+01
0014493   1.7293E+02 -1.8010E+02  1.3062E+02
0014494   2.0087E+01 -1.9270E+02 -1.9756E+02
0014495   2.5035E+02  1.3681E+02  1.5576E+02
0014496   2.1793E+02  4.0652E+01 -1.0029E+02
0014497   4.6054E+02  6.5166E+01 -5.7533E+01
0014498   3.7883E+02 -3.3873E+01  2.8537E+02
0014499   1.1273E+02  1.4457E+02 -3.4893E+01
0014500   3.0999E+02  9.8619E+01 -2.1918E+01
0014502   2.1806E+02  2.8775E+02 -7.3326E+01
0014503   3.2867E+02  6.3408E+01 -9.1356E+01
0014504   3.0085E+02 -2.1111E+02 -1.2562E+02
0014505   1.4260E+02 -7.1843E+01 -1.0561E+02
0014506   2.2184E+02 -5.9030E+00 -2.6597E+02
0014507   5.1031E+02 -1.1503E+02  1.2560E+02
0014508   2.2748E+02 -9.1297E+01  1.7545E+02
0014509   1.7680E+02  1.7487E+02 -3.6333E+01
0014510   2.9276E+02  2.0654E+02  8.0705E+01
0014511   4.7289E+02 -1.9037E+02  6.5204E+01
0014512   4.3208E+01  8.6701E+01 -4.9038E+01
0014513   4.9850E+02 -7.1984E+01 -2.7698E+02
0014514   2.3765E+02  4.6508E+01  4.1122E+01
0014515   2.2037E+02  2.6805E+01  2.0490E+01
0014516   8.7645E+01  3.5014E+01  3.8290E+01
0014517   2.7370E+01 -1.8741E+01 -4.1063E+01
0014518   2.3954E+02  6.3166E+01 -4.7730E+01
0014519   9.1907E+01 -1.9622E+02  1.4874E+01
0014520   1.0888E+02  5.6403E+01 -1.6605E+01
0014521   4.2003E+02 -2.6520E+00  5.4792E+01
0014522   4.6237E+02 -1.5885E+02  3.4485E+02
0014523   3.1143E+02 -2.0947E+02  1.1474E+02
0014524   2.9604E+02 -3.5567E+02  7.1406E+01
0014525   5.2679E+01  5.2319E+01  7.4605E+01
0014526   3.8422E+02 -1.7712E+02 -2.5759E+02
0014527   5.2214E+02 -1.7705E+02  7.3263E+01
0014528   4.1311E+02  1.0084E+02 -1.3413E+02
0014529   2.9454E+02  2.2624E+02 -3.6949E+00
0014530   3.6948E+02 -1.9150E+02  2.1810E+01
0014531   2.1327E+02  3.4043E+01 -3.4404E+01
0014532   3.0046E+02 -1.6776E+01 -5.9002E+01
0014533   3.4165E+02 -2.2019E+02 -8.4875E+01
0014534   4.2691E+02  2.1955E+01  8.4370E+01
0014535   4.8656E+02  1.1537E+02  2.2159E+02
0014536   5.5523E+02  4.3706E+01 -3.0434E+01
0014537   2.9883E+02  5.4813E+01  7.7043E+01
0014539   2.3462E+02 -3.7678E+02  1.8920E+02
0014540   4.9193E+02 -1.7230E+02 -2.3256E+01
0014541   2.5605E+02  2.2470E+02  8.6330E+01
0014542   3.9421E+02  1.4616E+02 -3.4905E+02
0014543   1.2334E+02  1.9625E+02  5.6476E+01
0014544   3.0761E+02 -1.0203E+02  3.1254E+01
0014546   2.5098E+02 -4.9318E+00 -5.4208E+01
0014547   1.4137E+01 -3.8127E+01  2.0374E+01
0014548   1.9840E+02  9.4854E+01 -5.1953E+01
0014549   3.7029E+02 -1.0215E+02  1.7759E+01
0014550   1.3941E+02  3.6339E+00  1.2011E+02
0014551   3.7010E+02  1.3076E+02 -2.5570E+02
0014552   2.2233E+02  4.5103E+01 -1.2708E+02
0014553   1.4519E+02 -1.3033E+02  8.7427E+01
0014554   3.9572E+02 -7.9227E+00 -4.2267E+01
0014555   3.9218E+02  5.5533E+02  1.1965E+02
0014556   3.2797E+02 -2.1052E+02 -3.2279E+01
0014557   3.3343E+02  1.1654E+02  1.8166E+02
0014558   1.9675E+02  1.9145E+02 -8.7730E+01
0014559   1.9199E+02 -4.1275E+01 -2.9677E+01
0014560   4.0003E+02 -7.0127E+01  5.7336E+02
0014561   6.5238E+01  4.8497E+01 -6.5003E+01
0014562   3.7902E+02  5.9710E+01 -2.1464E+01
0014563   2.5681E+02  3.3436E+02  9.2586E+01
0014564   1.2126E+02  4.6622E+01 -1.5512E+01
0014565   1.0255E+02  6.5163E+01  9.9062E+01
0014566   2.9940E+02  1.9345E+00 -2.0331E+02
0014567   1.9642E+02 -7.4839E+01  1.2639E+02
0014568   5.4973E+02  2.6579E+02  4.2900E+01
0014569   2.7803E+02 -3.0419E+00  1.2727E+02
0014570   2.1452E+02 -3.2449E+02  6.2956E+01
0014571   3.3866E+02  7.2789E+00 -6.8019E+01
0014572   1.4673E+02  3.5307E+01 -3.2311E+01
0014573   1.0588E+02 -4.7271E+01 -1.7509E+02
0014574   2.0559E+02 -1.9196E+02  9.8126E+01
0014575   5.8866E+02  2.5164E+02  4.3032E+01
0014576   2.9345E+02  4.5266E+01  1.3004E+02
0014577   1.0599E+02 -2.4820E+02 -3.2620E+02
0014578   1.4502E+02  1.1547E+02  3.8771E+01
0014579   1.2852E+02 -1.7362E+01 -7.9610E+01
0014580   7.6861E+01  1.6603E+01  7.3419E+01
0014581   5.3181E+01  4.8122E+01 -8.6169E+00
0014582   4.0062E+02 -2.1373E+02 -4.9347E+01
0014583   1.6847E+02 -1.0243E+02 -9.1415E+01
0014585   1.9713E+02 -1.2579E+02 -6.2302E+00
0014586   3.3461E+02  7.4363E+01  1.3681E+02
0014587   4.6165E+02  2.0543E+02  4.4363E+01
0014589   3.7271E+02 -2.5841E+02 -1.8360E+02
0014590   3.4819E+02  2.4311E+01  9.4165E+01
0014591   4.7115E+01  1.8183E+01 -1.8095E+02
0014592   3.2845E+02 -7.1858E+01  1.7640E+02
0014593   5.3895E+02 -3.8378E+01  5.7441E+01
0014594   2.5831E+02  2.0236E+02 -7.6879E+01
0014595   3.5991E+02 -9.8297E+01 -2.7584E+01
0014596   3.5449E+02 -9.7019E+01  3.2775E+01
0014597   2.1669E+02  1.1850E+02  1.5328E+01
0014598   9.0015E+01 -1.6819E+02  3.0391E+02
0014599   4.6181E+02 -1.4413E+01 -8.7928E+01
0014600   2.6020E+02  5.2920E+01 -1.5040E+02
0014601   2.7962E+02  1.8565E+01  2.2652E+01
0014602   5.0383E+02 -2.1872E+02 -1.5632E+02
0014603   3.6738E+02 -1.6206E+02 -5.7069E+01
0014604   2.3290E+02  8.1915E+01  1.7404E+01
0014605   3.3467E+02 -8.3367E+01  6.5530E+01
0014606   4.3205E+02  2.2485E+02  1.3907E+01
0014607   4.1992E+02  7.2719E+01  6.7052E+00
0014608   3.8711E+02  1.6348E+02 -1.0044E+02
0014610   2.1381E+02  7.6254E+01 -1.1023E+02
0014611   3.6817E+02 -3.7720E+01  2.9023E+00
0014612   3.5497E+02  1.1306E+02  5.5418E+00
0014613   2.6889E+02 -9.4669E+01  2.4045E+02
0014614   3.0359E+02  4.4944E+01 -5.4445E+01
0014615   1.9808E+02 -3.0491E+01 -5.8930E+01
0014616   4.3099E+02  2.5669E+00  2.9108E+01
0014617   2.5430E+02 -3.4707E+01 -4.2487E+02
0014618   1.1348E+02  2.1557E+01 -1.2539E+01
0014619   1.4785E+02 -2.0438E+02 -8.1624E+01
0014620   1.8837E+02  5.3982E+01  2.0079E+01
0014621   1.6754E+02 -8.1156E+01  2.9151E+02
0014622   5.1844E+02  2.6842E+02  3.5457E+01
0014623   2.6847E+02  8.5254E+01  1.2906E+02
0014624   2.6137E+02 -3.2755E+01  2.2306E+01
0014625   1.8077E+02 -1.1071E+02 -1.1362E+02
0014626   3.3375E+02  7.1339E+01 -7.1970E+01
0014627   4.1564E+02  1.0089E+02  1.5716E+02
0014628   1.5765E+02  1.8415E+02 -6.1761E+01
0014629   1.6326E+02  1.8542E+02  3.7116E+01
0014630   2.2158E+02  8.5792E+01 -1.3864E+02
0014631   1.3843E+02  7.7214E+01 -2.5030E+00
0014632   4.0300E+02 -8.2567E+01 -3.3327E+02
0014633   9.3140E+01 -1.2188E+02 -8.8785E+01
0014634   4.6004E+01  2.5874E+01  2.5245E+01
0014635   1.1986E+02  1.5070E+02  5.2622E+01
0014636   1.1523E+02  3.3704E+01  5.7055E+01
0014637   1.2409E+02 -3.6189E+01 -1.2961E+02
0014638   9.9364E+01 -8.0099E+01 -3.6703E+01
0014639   1.8697E+02  2.1643E+02 -2.4316E+01
0014640   7.6212E+01 -4.7484E+01 -4.3396E+01
0014641   2.8864E+02  1.2225E+02  4.0400E+02
0014642   1.4662E+02 -1.6874E+02 -1.1597E+02
0014643   3.2592E+02  4.7507E+01  3.6971E+01
0014644   5.4184E+00 -1.4283E+02 -2.2325E+01
0014645   5.9441E+02  6.6258E+01  6.1041E-01
0014646   5.0858E+02 -9.1027E+01  1.3007E+02
0014647   5.1040E+02  1.5258E+02  8.8670E+01
0014649   1.0893E+02 -2.5713E+02 -1.1309E+02
0014650   8.2056E+01  4.0142E+01 -8.6322E+01
0014651   2.8360E+02  8.7149E+01  8.4348E+00
0014652   2.5990E+02  4.8949E+02  4.0026E+02
0014653   6.6697E+02 -2.2244E+02  9.2624E+01
0014654   2.6747E+02  6.1043E+01  2.7441E+01
0014655   9.5295E+01  4.1819E+01  7.1312E+01
0014656   4.9353E+02  3.8278E+01 -2.2312E+02
0014657   3.6106E+02  3.8121E+01  4.7116E+01
0014658   2.7667E+02  8.4646E+01  1.7008E+02
0014659   3.6520E+02 -6.6566E+00 -1.0044E+02
0014660   9.4085E+01  7.4012E+01  8.3183E+01
0014661   6.2366E+02 -6.6440E+01 -1.9883E+02
0014662   1.9076E+01 -5.8870E+01 -1.0437E+02
0014663   2.6158E+02 -5.4187E+01 -2.2976E+02
0014664   1.5942E+02  6.1847E+01  7.7623E+01
0014665   5.4587E+02  2.5740E+02  1.2809E+01
0014667   2.1180E+02  3.7696E+02  9.9144E+01
0014668   4.6620E+01 -1.3044E+02  9.0174E+01
0014669   3.3728E+02  1.7943E+02  8.0794E+00
0014670   2.0030E+02  1.5546E+02 -5.4183E+01
0014671   3.8532E+02  1.8459E+02  2.0876E+02
0014672   2.1271E+02  1.5070E+02  3.1583E+00
0014673   4.1824E+02  1.2277E+02 -1.2375E+02
0014674   2.8273E+02 -1.8343E+02 -2.0249E+02
0014675   3.4130E+02 -1.2808E+02 -1.0195E+02
0014678   2.4393E+02 -2.1828E+02 -1.3263E+02
0014679   3.3572E+02  1.1142E+02 -6.5335E-01
0014680   3.8030E+02 -8.2959E+01 -5.9273E+01
0014681   4.2381E+02  1.4919E+01 -2.0782E+02
0014682   2.2701E+01 -2.8860E+01 -7.3585E+01
0014683   1.2164E+02 -7.2928E+01  4.6191E+01
0014684   1.9970E+02 -6.3715E+01 -3.9182E+01
0014685   5.4720E+02  8.2867E+01  1.2828E+02
0014687   1.1491E+02 -4.5443E+01 -5.7999E+01
0014688   2.4522E+02  1.0125E+02  1.3886E+02
0014689   2.6284E+02 -1.7762E+02 -6.3459E+01
0014690   3.0110E+02  1.7310E+02  1.6981E+02
0014691   2.7339E+02  5.7510E+01 -5.2498E+00
0014692   2.7755E+02 -1.1194E+02 -6.2940E+01
0014693   4.9851E+02 -8.0760E+01 -5.6671E+00
0014694   4.7259E+02  2.0736E+00  3.6670E+01
0014695   2.5091E+02 -2.5372E+01  6.9971E+01
0014696   2.3973E+02 -1.2534E+01 -2.2578E+02
0014697   2.3949E+02 -9.9875E+00 -1.1105E+01
0014698   2.5073E+02  1.6785E+01 -1.0477E+02
0014699   1.0990E+02  6.9266E+01  6.5910E+01
0014700   2.2275E+02  1.1071E+01 -2.5347E+01
0014701   3.2155E+02  1.0546E+02  1.0325E+02
0014702   3.7473E+02  3.0041E+01 -9.8009E+01
0014703   8.0792E+01 -1.3008E+02 -3.2334E+01
0014704   8.7399E+01  8.7433E+01 -1.4033E+02
0014705   1.6230E+02  1.6407E+01  2.7006E+02
0014706   5.2789E+02  1.2951E+02  1.1627E+02
0014707   1.8301E+02  5.8121E+01  1.7492E+02
0014708   3.4479E+02 -6.8751E+01 -6.7198E+01
0014709   1.6922E+02 -6.1163E+01  4.8902E+01
0014710   3.1874E+02 -3.5132E+01  4.0780E+01
0014711   3.6600E+02  1.0844E+02  1.0662E+02
0014712   2.0904E+02 -1.4419E+01  5.9116E+01
0014713   1.4259E+02 -2.8033E+01  1.3227E+02
0014714   1.8666E+02 -1.0384E+01  1.8633E+01
0014715   2.1502E+02 -1.5159E+02 -2.1108E+02
0014716   1.6036E+02 -7.0993E+00 -8.9103E+01
0014717   1.7011E+02 -1.9142E+01 -9.1730E+01
0014718   2.5574E+02  1.8917E+01 -1.2661E+02
0014719   1.2527E+02 -6.3623E+00  1.5977E+02
0014720   2.2993E+02  1.8200E+02  1.8336E+02
0014721   4.4389E+02  1.3169E+02 -1.9654E+02
0014722   4.9083E+02 -3.3704E+01 -4.6175E+02
0014723   9.9681E+01 -2.8938E+02 -8.8179E+01
0014724   1.4533E+02 -1.2618E+02 -8.9155E+01
0014725   4.0530E+02  1.5805E+02 -1.8082E+02
0014726   1.0090E+02  2.6198E+01 -5.6276E+01
0014727   2.9529E+02  4.5211E+01 -1.4117E+02
0014728   3.6437E+02 -3.0278E+01  1.1765E+02
0014729   5.1747E+02  5.4744E+01 -9.8764E+01
0014730   4.9924E+02 -9.9657E+01  4.6591E+01
0014731   1.7601E+02  1.0080E+02 -1.1909E+02
0014732   2.4227E+02  3.5310E+02 -6.6733E+00
0014733   2.4875E+02  2.5929E+02 -3.8579E+02
0014734   1.7656E+02  2.5101E+01  6.4184E+01
0014735   6.8580E+01 -2.0336E+01 -3.3691E+01
0014736   3.7033E+02  6.5860E+01 -3.0149E+02
0014737   1.1012E+02  3.3360E+01 -7.4595E+01
0014738   8.3454E+01 -2.4016E+01  4.3677E+01
0014739   2.1019E+02  3.1660E+01  2.1670E+01
0014740   3.6471E+02  3.9360E+02  1.7339E+02
0014741   4.5119E+02  8.9040E+01  2.9955E+01
0014742   8.3723E+01  1.6921E+02 -4.2665E+00
0014744   3.2712E+02  3.0009E+01 -9.2063E+01
0014745   2.9172E+02  1.5664E+02  4.5173E+01
0014746   2.1009E+02 -5.1822E+01  4.0520E+00
0014747   4.7675E+02  2.1850E+02 -7.8125E+01
0014748   1.5646E+02 -5.7532E+00  2.0855E+02
0014749   5.3175E+02 -3.3503E+02 -2.7780E+02
0014750   4.8531E+02  1.4694E+01 -1.5839E+02
0014751   1.6060E+02  9.1261E+00 -1.2578E+01
0014752   5.4620E+01 -2.6658E+01 -1.3370E+02
0014753   5.1407E+02  8.3823E+00 -1.4836E+02
0014754   2.1504E+02 -1.6248E+02 -1.7312E+02
0014755   4.7776E+02  3.3701E+01  1.1464E+02
0014756   2.3792E+02 -8.2748E+01 -3.2233E+01
0014757   8.4762E+01 -7.1040E+01  1.4730E+02
0014758   2.5717E+02 -2.5167E+01  3.6572E+02
0014759   3.7168E+02  2.2346E+02  1.7915E+01
0014760   4.6530E+02  1.6962E+02 -3.2147E+00
0014761   1.8097E+02 -9.0186E+01 -5.0074E+01
0014762   2.8691E+02 -6.3767E+01  1.9411E+00
0014763   6.4395E+01 -1.4880E+01 -2.0697E+01
0014764   3.6542E+02  1.6271E+01  1.9625E+02
0014765   1.6475E+01 -8.8628E+01 -8.9634E+01
0014766   2.6216E+02 -1.1696E+01 -1.5718E+01
0014767   1.4416E+02  7.0755E+01 -5.1699E+01
0014768   3.3679E+02 -9.8812E+01  1.0392E+02
0014769   4.1994E+02  1.5608E+01 -4.0860E+01
0014770   2.9412E+02  2.6100E+02 -1.1348E+02
0014771   8.9992E+01  1.3379E+02 -1.3915E+02
0014772   6.2876E+01 -6.1287E+01 -1.6087E+01
0014773   3.6807E+02  1.3007E+02  1.0629E+02
0014774   2.8792E+02  8.9312E+00 -4.7031E+01
0014775   1.8655E+02  1.9639E+02 -3.0865E+02
0014776   1.8947E+02 -1.1865E+02 -1.7794E+02
0014777   2.2107E+02 -1.5654E+02 -6.0683E+00
0014778   1.3954E+02  3.8242E+01 -3.2817E+01
0014779   3.9036E+02 -4.5873E+01  4.3998E+01
0014780   5.8162E+02  1.7847E+01 -2.9514E+02
0014781   3.6799E+02  4.4217E+02 -7.7165E+00
0014782   5.7625E+02 -3.0823E+02  2.2623E+02
0014783   3.9234E+02 -1.5200E+02 -2.7117E+02
0014784   3.5486E+02  1.4013E+02  8.2782E+01
0014785   2.5987E+02 -5.0577E+00 -1.5531E+01
0014787   3.0662E+02 -3.8990E+01  2.4294E+02
0014788   2.8813E+02  4.2602E+01 -5.9736E+01
0014789   2.6842E+02  2.7762E+00 -1.6986E+02
0014790   4.0117E+02 -1.9766E+02 -4.4758E+01
0014792   1.7993E+02  6.5982E+01  7.7236E+01
0014793   2.9113E+02  5.2549E+01 -8.0380E+00
0014795   2.1548E+02  3.2292E+02  3.4079E+02
0014796   1.7099E+02 -1.8757E+02 -3.9851E+01
0014797   3.6488E+01 -3.6363E+01 -5.8761E+01
0014798   5.5915E+02 -1.5644E+02 -2.0573E+02
0014799   3.0073E+02  1.5861E+02  3.0821E+02
0014800   4.6424E+02 -1.2173E+01  1.1035E+01
0014801   1.8472E+02  2.5535E+02  6.6810E+01
0014802   1.4515E+01 -7.3943E+01  1.9021E+02
0014803   2.1416E+02 -1.1163E+02 -1.0940E+02
0014805   2.8785E+02  4.7382E+01 -1.6013E+02
0014806   3.6929E+02  6.2840E+01  1.7979E+01
0014807   2.6727E+02 -1.0313E+02  6.0613E+01
0014808   3.7614E+02 -2.7961E+01  1.3380E+01
0014809   3.2409E+02  2.1123E+01 -2.1097E+02
0014810   2.4020E+02 -2.1071E+02  2.0308E+02
0014811   1.0458E+02  8.7242E+01  7.9706E+01
0014812   5.1427E+02  1.4686E+02  2.3271E+02
0014813   5.1295E+02  6.3409E+01  1.3373E+01
0014814   4.5022E+02  6.9894E+01 -5.2835E+01
0014815   3.0921E+02  1.2274E+02  1.0994E+02
0014816   1.0465E+02  1.9480E+01  1.0068E+00
0014817   1.6985E+02 -2.7021E+01 -9.9703E+01
0014818   1.6639E+02  4.4846E+01  1.9411E+02
0014819   4.2277E+02 -4.0675E+01  3.0098E+01
0014820   4.0442E+02  1.5235E+02 -1.6490E+02
0014821   1.5079E+02  9.8701E+01  6.8859E+00
0014822   3.0623E+02  1.3948E+02  1.1481E+02
0014823   2.7329E+02 -7.4533E+01  3.2820E+02
0014824   2.6144E+02 -1.6446E+02 -1.3814E+02
0014825   5.9769E+02  3.9115E+01  2.0806E+02
0014826   2.3624E+01  1.0755E+01 -8.6009E+01
0014827   2.6090E+01 -4.7851E+01 -2.5311E+01
0014828   4.8009E+02  2.0225E+02  2.6513E+01
0014829   5.0763E+02  7.1959E+01 -1.2530E+02
0014830   2.1405E+02 -1.8134E+02  9.7995E+01
0014831   5.3681E+01  4.6401E+01 -4.4605E+01
0014832   4.3136E+02 -2.3868E+02 -3.6538E+01
0014833   9.5592E+01  5.2811E+01  5.0913E+01
0014834   1.2405E+02  8.7990E+01  1.3065E+02
0014835   4.1946E+02  3.6693E+01 -2.0953E+02
0014836   1.7116E+02 -1.2651E+01 -1.5050E+02
0014837   4.6211E+02 -1.7290E+02 -1.5330E+02
0014838   3.2254E+02  1.3235E+02 -4.5525E+01
0014839   5.4085E+02  2.4151E+02  1.2713E+02
0014840   1.5921E+02 -1.1666E+02  6.8583E+01
0014841   5.8004E+02 -3.4092E+02  2.7990E+02
0014842   6.1180E+01  1.2452E+02 -1.8521E+02
0014843   1.8148E+02  1.1392E+01 -3.5116E+01
0014844   3.6872E+02  3.8637E+01  2.5742E+00
0014845   1.5475E+02 -3.0960E+01 -1.6998E+02
0014847   2.6284E+02 -9.8950E+01  9.5560E+01
0014848   1.7183E+02 -9.9978E+00  7.2071E+01
0014849   4.7923E+02  1.6085E+02 -3.5138E+01
0014850   6.8877E+02  1.2239E+02  1.5900E+01
0014851   4.0435E+02  1.2562E+02  6.7310E+01
0014852   3.8328E+02 -3.7441E+02 -6.5138E+01
0014853   4.6277E+02  6.5781E+01 -2.2109E+02
0014854   3.0182E+02  1.0638E+02  4.1291E+00
0014856   6.4958E+01 -1.5168E+02  8.7977E+00
0014857   1.4386E+02  5.0578E+00 -4.2087E+01
0014858   3.1962E+02  3.6756E+01 -2.3126E+02
0014859   3.3479E+02 -1.0030E+02  4.8007E+01
0014860   4.3916E+02  6.2359E+00 -1.3241E+01
0014861   8.3663E+01  1.6287E+00 -1.3021E+02
0014862   3.2118E+02  1.6416E+02  4.4685E+01
0014863   4.2133E+02  2.2882E+02 -9.6984E+01
0014864   3.4996E+02 -4.7489E+01 -9.2644E+01
0014865   3.7659E+02  7.3388E+01 -2.7067E+01
0014866   6.0687E+01 -2.0386E+01 -1.6642E+01
0014867   2.0357E+02 -8.8179E+01  1.7811E+02
0014868   6.2089E+02 -1.9663E+02  4.3366E+01
0014869   2.7144E+02  1.1363E+02 -1.3323E+02
0014870   3.0985E+02  9.6314E+01  2.5727E+01
0014871   4.4517E+02  5.2402E+01 -3.0604E+02
0014872   1.9005E+02  2.5580E+01 -1.1064E+02
0014873   2.8272E+02  2.8379E+01  1.1051E+02
0014874   2.0382E+02  9.8695E+01 -6.9559E+01
0014875   1.9791E+02 -2.6448E+02 -2.0934E+02
0014876   2.6894E+02 -2.7290E+01  5.6160E+00
0014877   5.4572E+02  4.1875E+01  2.6946E+00
0014878   1.5034E+02 -9.8836E+01  8.9033E+00
0014879   4.2447E+02 -1.9823E+02 -1.5744E+02
0014880   4.0563E+02  5.0790E+01 -1.4349E+02
0014881   2.7807E+02  5.7379E+01 -2.1958E+01
0014882   2.5444E+02 -1.8945E+02 -1.3643E+02
0014883   4.2014E+02  4.3984E+01  3.1234E+01
0014884   1.4817E+02  9.3646E+01  6.8859E+01
0014885   4.0101E+02 -8.9731E+00 -2.1092E+02
0014886   2.5079E+02 -8.3243E+01  4.3159E+01
0014887   4.1233E+02  5.1113E+01  5.7997E+00
0014888   2.7376E+02 -7.2905E+01  2.3615E+02
0014889   2.1455E+02 -9.6878E+01  1.6216E+02
0014890   2.2526E+02 -1.3897E+02  6.2303E-01
0014891   3.6950E+02 -7.6261E+01 -1.8413E+02
0014892   3.8795E+02  6.9384E+01 -6.3599E+01
0014893   2.8301E+02 -8.1450E+01  5.0606E+01
0014894   7.5278E+01 -5.2399E+01  7.5496E+01
0014895   3.8595E+02 -2.7138E+02 -1.6800E+02
0014896   4.6106E+02  4.3360E+01 -1.3579E+02
0014897   5.4457E+02 -2.0905E+02 -6.4583E+01
0014899   6.6728E+01  3.9783E+01  2.8732E-01
0014900   3.9568E+02 -1.7046E+02  2.1154E+02
0014901   3.7151E+02 -1.7189E+01  4.2969E+01
0014902   1.8259E+02 -2.0081E+02 -3.5504E+01
0014903   2.3038E+02  1.0586E+02 -1.4999E+02
0014904   1.5769E+02  6.0402E+00  3.6760E+01
0014905   3.6001E+02 -1.3909E+01 -1.2866E+02
0014906   1.3935E+02 -2.1903E+02  1.1871E+02
0014907   1.7946E+02  7.0494E+01  1.6190E+01
0014908   2.5788E+02  7.4892E+01 -1.0367E+02
0014909   7.5087E+02  3.3758E+01 -6.2877E+01
0014910   2.4141E+02 -5.2271E+01 -1.8459E+01
0014911   3.9430E+02  1.1774E+02 -4.6214E+01
0014912   1.3484E+02 -1.3235E+02  1.4293E+02
0014913   2.9442E+01  4.0698E+01 -1.3128E+01
0014914   5.7111E+02 -1.1282E+02  1.1710E+02
0014915   1.8531E+02  1.6166E+01  8.0160E+01
0014916   1.5039E+02 -3.1321E+02 -5.0832E+01
0014917   3.0754E+02 -8.2082E+01  5.3036E+00
0014918   2.6363E+02 -1.0846E+01 -1.1001E+02
0014919   2.9342E+02  8.3930E+01  1.4373E+02
0014920   1.7892E+02 -1.0547E+01 -7.8565E+01
0014921   3.9207E+02  7.7526E+01 -9.5399E+01
0014923   4.1281E+02 -9.5616E+01 -1.9901E+02
0014924   4.1197E+02 -5.2633E+01  1.1208E+02
0014925   4.5637E+01  9.6811E+01  8.2876E+01
0014926   3.9024E+02  1.1352E+02 -1.9886E+01
0014927   2.6103E+02  2.7345E+01 -3.1716E+02
0014928   4.2913E+02  4.6165E+01 -7.1758E+00
0014929   1.1220E+02 -2.4723E+01  1.5551E+01
0014930   1.5875E+02  1.8537E+01  1.4610E+02
0014931   4.1235E+02 -1.0084E+02  7.2685E+01
0014932   2.7505E+02 -9.1977E+01 -2.2955E+02
0014933   2.5383E+02 -6.3006E+01  9.9594E+01
0014934   2.3343E+02  1.8815E+01 -1.4490E+02
0014935   4.7629E+02 -2.5010E+02 -9.9911E+01
0014936   1.6001E+02 -2.5701E+02  4.4768E+01
0014937   4.8104E+02  5.8996E+01  2.1098E+00
0014938   3.1104E+01 -2.7518E+02  1.2883E+02
0014939   1.5583E+02 -2.2625E+01  1.9946E+01
0014940   2.3165E+02  1.9926E+02  1.5390E+02
0014941   5.3396E+02  9.2985E+01 -1.2690E+02
0014942   1.0305E+02  2.2730E+02 -5.8092E+01
0014943   2.1384E+02  3.9579E+01 -1.3001E+02
0014944   2.0808E+02  7.4381E+01 -1.1083E+02
0014945   3.6196E+02 -4.8854E+01  3.0471E+01
0014946   3.9720E+02 -8.8482E+00  4.2161E+01
0014947   1.4619E+02 -2.0023E+02  8.8008E+01
0014948   3.8034E+02  2.8253E+01 -5.4816E+01
0014949   3.2914E+02 -2.7499E+01 -1.1442E+02
0014950   2.4137E+02  4.7409E+01  6.8034E+01
0014951   4.7737E+02  1.1811E+02 -3.1523E+02
0014952   2.7277E+02  1.6173E+02 -1.0162E+02
0014953   3.5855E+02 -2.4390E+02 -1.4341E+02
0014954   1.4764E+02 -1.6536E+02 -1.6287E+02
0014955   1.9451E+02  1.1576E+02 -1.3327E+02
0014956   3.1470E+02 -1.7664E+02 -1.9188E+02
0014957   2.1176E+02 -2.4860E+02 -8.5368E+00
0014958   3.0357E+02 -1.5107E+02 -1.3970E+02
0014959   2.6164E+02  2.4664E+02 -3.1326E+02
0014960   3.7358E+02 -1.1586E+02  1.3349E+02
0014961   6.2593E+02  5.6857E+01 -2.4734E+01
0014962   3.7872E+02 -7.8807E+01 -9.5397E+01
0014963   1.2694E+02 -1.5117E+02 -2.7207E+01
0014964   1.0681E+02  9.3772E-01  1.2678E+02
0014965   3.2041E+02 -1.3291E+02  2.3588E+01
0014966   4.5730E+02  1.1797E+01 -9.0112E+01
0014967   1.8467E+02 -1.2072E+02 -1.7859E+02
0014968   2.9763E+02  2.3838E+01 -9.3090E+01
0014969   2.5845E+02 -4.4171E+01  5.3931E+01
0014970   3.7243E+02  1.2999E+02 -3.6283E+01
0014971   2.9046E+02 -1.2932E+02 -6.4110E+01
0014972   4.6072E+02 -2.0631E+02 -5.0230E+01
0014973   1.1331E+02 -4.1843E+01  5.6631E+01
0014974   2.4507E+02  6.2259E+01  8.5053E+01
0014975   3.0040E+02  6.4873E+01 -5.1553E+01
0014977   1.8326E+02  6.2768E+01 -2.9143E+01
0014978   4.6500E+02 -7.3518E+01  1.8938E+02
0014979   2.6627E+02  3.7635E+02 -1.6932E+02
0014981   1.2799E+02  8.0570E+01 -1.7533E+02
0014982   1.9545E+02  2.8619E+01  1.4819E+02
0014983   5.3306E+02  1.4115E+02  1.2260E+01
0014984   3.0267E+02  3.5184E+02 -1.6534E+02
0014985   1.8081E+02  1.2015E+02 -3.4538E+02
0014986   3.5563E+02  1.5444E+01  2.4898E+01
0014987   3.3500E+02  2.0263E+00 -6.9333E+01
0014988   3.4817E+02  1.7672E+02  1.6717E+02
0014990   3.4845E+02 -2.4346E+02  1.7550E+02
0014991   3.8284E+02  1.7313E+01  5.6691E+01
0014992   2.5232E+02 -2.2780E+01  3.8640E+01
0014993   4.0130E+02  1.2033E+02  2.1918E+01
0014994   7.1284E+01 -2.2158E+01 -3.7487E+01
0014995   4.7286E+02  1.5115E+02 -1.1151E+02
0014996   2.4634E+02  1.0452E+02 -2.7049E+02
0014997   1.8902E+02  4.2534E+01  1.7422E+02
0014998   3.2101E+02  9.0740E+00 -7.3445E+01
0014999   2.7097E+02  1.5991E+02  1.5119E+02
0015000   4.1073E+02  7.4069E+01 -1.6773E+02
0015001   6.5905E+01  1.9645E+00 -6.8534E+01
0015002   1.4380E+02  8.9105E+01 -5.7814E+00
0015003   1.6109E+02  1.8426E+02 -1.4654E+01
0015005   2.3476E+02 -6.9926E+00 -4.7916E+01
0015006   3.6753E+02 -2.8586E+01  2.0968E+02
0015007   1.6104E+02 -1.6969E+02  8.4016E+01
0015008   5.3233E+02 -2.1684E+02  1.8354E+01
0015009   2.8745E+02  8.0177E+01  1.2284E+01
0015010   3.1463E+02 -1.0870E+02  2.3281E+01
0015012   3.5640E+01  1.1478E+02 -9.9967E+01
0015013   3.5089E+02 -8.7343E+00 -1.9349E+01
0015014   2.9568E+02  8.7139E+01 -3.9629E+02
0015015   2.8407E+02  9.4224E+01  1.2091E+02
0015016   1.1656E+02 -9.4140E+01  1.5791E+02
0015017   7.5780E+01 -7.2372E+01 -2.4092E+01
0015018   2.5129E+02 -1.6282E+02 -1.3039E+02
0015019   8.1376E+01 -1.5942E+01 -1.2128E+02
0015020   2.6281E+02  5.0330E+01  1.7323E+02
0015021   3.2324E+02 -1.2983E+02 -1.1101E+02
0015022   1.0242E+02  3.3163E+00 -4.4685E+01
0015023   2.5702E+02  6.3412E+01 -4.0852E+01
0015025   4.1059E+02  2.6448E+01  1.9035E+02
0015026   9.8418E+00 -1.4160E+01 -8.5921E+01
0015027   1.5272E+02 -1.6785E+02  1.1051E+02
0015028   1.2944E+02  1.0868E+01 -5.7938E+01
0015029   2.0038E+02 -1.3676E+02 -4.0069E+01
0015030   3.1433E+02  3.4172E+01 -2.4862E+02
0015031   5.4045E+02  4.4722E+01  2.1453E+01
0015032   3.1081E+02 -1.1372E+02  1.6185E+02
0015033   4.8232E+02  1.2442E+02 -2.4004E+02
0015034   4.0212E+02  1.4261E+02  4.7115E+02
0015035   1.3982E+02  4.3591E+01 -1.2451E+02
0015036   2.6204E+02 -3.0450E+02  3.0318E+01
0015037   1.1596E+02 -1.8615E+02 -4.0301E+02
0015038   1.9358E+02 -2.2038E+02  1.7445E+01
0015039   8.8395E+01  5.9930E+01 -9.8626E+01
0015040   3.2281E+02  9.2111E+01 -8.5335E+00
0015041   3.4214E+02 -4.7194E+01 -9.7985E+00
0015042   4.2642E+02  4.7632E+01  8.1751E+01
0015043   1.5010E+02 -1.6780E+01  1.2755E+02
0015044   1.6184E+02  3.1620E+01 -8.1882E+01
0015045   3.1113E+02  1.1026E+02 -1.1175E+02
0015046   4.7179E+02  2.8092E+02  2.2341E+02
0015047   5.0311E+02 -1.1039E+02 -1.7142E+02
0015048   1.4820E+02 -1.2678E+02 -3.5353E+01
0015049   6.9546E+01 -1.1233E+02 -3.5374E+01
0015050   1.1763E+02  4.9311E+01 -8.5743E+01
0015051   2.5200E+02 -1.5665E+02 -2.0511E+02
0015052   5.1679E+01 -1.1648E+02  1.3908E+02
0015053   4.2563E+02 -2.0956E+02 -2.3629E+02
0015054   4.5596E+02 -1.4406E+02 -1.5975E+02
0015055   1.9380E+01  9.8032E+01  3.2209E+01
0015056   2.7021E+02  2.3294E+01  2.8409E+02
0015057   4.3473E+02  1.7627E+02  8.6472E+01
0015058   1.0342E+02 -8.6198E+01 -1.7185E+02
0015059   3.2058E+02 -2.1729E+01  8.5643E+00
0015060   4.0075E+02 -5.4394E+00  9.7115E+01
0015061   4.7616E+02 -7.1505E+01 -1.2852E+02
0015062   3.3632E+02  3.2705E+01  8.9257E+01
0015063   3.0734E+02  1.2545E+01  3.9487E+01
0015064   2.8181E+02  6.9401E+01 -6.6355E+01
0015065   2.9862E+02 -7.6247E+01 -2.4009E+01
0015066   2.4588E+02 -5.3305E+01  1.0415E+02
0015067   3.4537E+02  2.0107E+02 -7.8431E+01
0015068   2.7459E+02  3.6009E+01 -2.0818E+02
0015069   2.1909E+02 -8.8066E+01 -1.4316E+02
0015070   1.1377E+02  1.1651E+02 -1.5346E+02
0015071   2.1167E+02  1.6665E+02  4.9391E+01
0015072   2.7438E+02  2.3666E+01 -6.1984E+01
0015073   2.4307E+02  2.4238E+01 -1.9153E+02
0015074   4.3030E+02  1.3217E+01  1.6379E+02
0015076   5.1196E+02 -3.8839E+01  1.0773E+02
0015077   5.0183E+02  3.9492E+02 -1.2449E+02
0015078   3.1870E+02  3.0317E+01  8.7394E+01
0015079   3.3479E+02 -4.7934E+01 -7.0262E+01
0015080   1.3948E+02  1.0467E+02  3.6078E+02
0015081   1.7500E+02  5.5148E+01 -1.7810E+02
0015082   5.4639E+02  8.5290E+01 -2.7903E+02
0015083   3.5989E+02 -1.6456E+02  1.9918E+02
0015084   1.0729E+02  1.7187E+01  3.9667E+01
0015085   1.6702E+02 -8.9620E+01 -1.4208E+02
0015086   1.5913E+02 -5.9083E+01 -8.9797E+00
0015087   2.3968E+02 -1.8520E+00  2.1183E+02
0015088   7.7124E+01  1.8242E+02 -1.7594E+01
0015089   7.5450E+02 -1.1497E+02 -1.8973E+00
0015090   4.5097E+02 -5.0823E+01  2.8174E+02
0015091   3.4578E+02 -5.3766E+01  1.4250E+02
0015092   2.3051E+02  4.6753E+01  4.3228E+01
0015093   1.2633E+02  4.5991E+01 -9.9955E+01
0015094   2.5231E+02 -4.7784E+01 -1.9832E+02
0015095   2.4382E+02 -5.5947E+01  2.1328E+01
0015096   1.0950E+02  7.0476E+01  2.2149E+02
0015097   2.7046E+02  7.9200E+01  9.5350E+01
0015098   6.0218E+01  1.0349E+02  2.8393E+02
0015099   1.4566E+02  3.8387E+01  1.4624E+02
0015100   2.7779E+02 -9.4978E+01 -8.7692E+01
0015101   2.0415E+02  8.4171E+01 -2.1112E+02
0015102   2.3563E+02  3.7780E+01 -4.0283E+01
0015103   9.3192E+01  1.3347E+02 -3.3448E+00
0015104   4.6291E+02  2.6096E+01  6.8753E+01
0015105   1.0827E+02  1.7484E+02  1.6899E+02
0015106   4.4956E+01 -1.8964E+01 -7.1660E+00
0015107   2.0135E+02  2.2542E+01  1.0122E+02
0015108   3.3280E+02  4.6431E+01 -1.9101E+02
0015109   2.6534E+02 -3.2853E+01 -2.0524E+02
0015110   2.5045E+02 -1.1555E+02  1.8641E+02
0015111   5.0287E+02 -6.5099E+01 -7.0230E+01
0015112   8.2423E+01 -1.1840E+02 -1.5023E+02
0015113   2.7358E+02  2.8572E+01 -8.0415E+01
0015115   3.4856E+02 -7.8790E+01 -5.2373E+01
0015116   2.6356E+02 -2.6194E+02  6.8560E+01
0015117   4.1189E+02  4.1301E+01 -1.9112E+02
0015118   4.6018E+02  5.2589E+00 -3.2305E+01
0015119   5.0231E+00 -2.0645E+02  1.0773E+02
0015120   1.7132E+02 -5.9000E+01  3.7695E+01
0015121   1.8765E+02 -1.1427E+02  2.5710E+02
0015122   3.7758E+02  3.1348E+01  6.7547E+01
0015123   2.8617E+02  1.3364E+02 -3.4117E+02
0015124   2.4905E+02  3.4297E+02  1.4435E+02
0015125   1.1490E+01 -2.3644E+02  1.9566E+02
0015126   1.6593E+02 -2.3136E+01 -3.7323E+01
0015127   3.2982E+02 -3.9065E+01  2.6405E+02
0015128   1.8546E+02 -1.2198E+02  1.6806E+02
0015129   1.9242E+02  1.2066E+02 -2.4657E+02
0015130   2.6834E+02  6.1572E+00 -9.3548E+01
0015131   9.6223E+01  2.6562E+02 -1.3685E+01
0015132   3.5133E+02 -2.3217E+01  8.8079E+01
0015133   3.3749E+02 -7.4581E+01 -1.6646E+02
0015134   1.5494E+02 -2.8680E+01  6.9666E+01
0015135   5.3313E+01  8.4710E+00 -1.3986E+01
0015136   3.4895E+02  4.5433E+01  5.9685E+01
0015137   2.3496E+02 -2.0237E+02  2.2100E+01
0015138   4.8509E+02  7.3403E+01 -1.1073E+02
0015139   5.5256E+02 -1.9480E+02  8.2050E+01
0015140   2.2727E+02  1.2902E+02  1.7530E+02
0015141   4.3825E+02  5.8242E+01  9.8303E+01
0015142   2.2365E+02 -8.4165E+00  5.7496E+01
0015143   3.7418E+02  2.1247E+02 -1.3882E+02
0015144   2.7277E+02 -1.4443E+02 -9.5853E+00
0015145   2.6901E+02 -4.1800E+00  8.7930E+01
0015146   3.3726E+02 -1.0964E+01 -1.1795E+02
0015147   1.0154E+02 -1.9278E+02  1.2954E+02
0015149   2.8639E+02  1.1640E+02  6.3377E+01
0015150   6.3744E+01 -1.2396E+02 -9.0708E+00
0015151   6.8163E+01  2.0066E+01  1.9759E+01
0015152   3.7574E+02 -4.0687E+00 -5.0313E+01
0015153   7.3206E+01  3.9791E+00  2.2314E+02
0015154   2.1727E+02  1.0671E+02 -5.4524E+01
0015155   4.5799E+02  7.6741E+01  6.2635E+01
0015156   5.1316E+02 -1.1009E+01  2.8927E+02
0015157   4.0204E+02 -1.3157E+02  3.4046E+01
0015158   3.5094E+02 -1.9272E+01 -2.8133E+02
0015159   2.9944E+02  8.8769E+01 -2.0300E+02
0015160   3.6027E+02 -6.6718E-01  2.5873E+02
0015162   3.6484E+02 -1.0155E+01 -4.7795E+01
0015163   5.4838E+02  8.6892E+01 -5.5134E+01
0015164   1.2411E+02  4.2939E+01 -4.5520E+01
0015165   2.7734E+02 -2.1258E+01 -6.3004E+01
0015166   2.5419E+02 -5.7796E+01  1.0099E+01
0015167   1.3024E+02  1.1357E+02 -2.6145E+01
0015168   1.5847E+01  2.5850E+01  2.5205E+00
0015169   3.0973E+02  3.4585E+01  1.1810E+02
0015170   1.6132E+02  3.4847E+01 -5.5787E+01
0015171   4.6499E+02  7.4054E+01 -1.4062E+02
0015172   3.1049E+02 -3.5387E+01 -3.4340E+01
0015173   3.4425E+02  1.0871E+02  2.1368E+01
0015175   2.0336E+02  3.2793E+01  2.3789E+02
0015176   3.5557E+02  1.3397E+02  2.5992E+02
0015177   1.2141E+02 -8.0454E+00  1.7760E+02
0015178   3.5418E+02  3.1013E+01 -1.8628E+02
0015179   3.7584E+02 -1.7770E+02 -3.0210E+02
0015180   2.6615E+02 -1.2135E+01  2.7662E+02
0015181   5.1881E+01  5.4344E+01 -3.9842E+00
0015182   3.5664E+02  7.7553E+01 -4.2979E+01
0015183   1.9417E+02  1.1647E+02 -5.4599E+01
0015184   1.0962E+02  2.7915E+01  1.4754E+02
0015185   4.8618E+02 -5.1922E+01 -1.7619E+02
0015186   1.5095E+02 -2.6141E+02 -5.1298E+01
0015187   2.1946E+02  5.0198E+01 -3.0038E+02
0015188   4.7755E+02 -8.6474E+01 -3.8028E-01
0015189   3.0784E+02 -2.8657E+02  1.1902E+02
0015190   1.5506E+02 -2.2474E+01  7.8915E+01
0015191   9.9534E+01 -1.2432E+02 -1.7694E+02
0015192   4.0642E+02  8.0175E+01 -1.0005E+02
0015193   2.6833E+02  1.5003E+02 -3.4204E+01
0015194   1.0931E+02 -8.0352E+01  6.0585E+01
0015195   2.4976E+02  1.5500E+02  7.1424E-01
0015196   5.6190E+02  4.2051E+00 -4.9503E+01
0015198   1.2360E+02 -1.1185E+02  1.4811E+02
0015199   1.8321E+02 -2.6595E+01 -2.1516E+01
0015200   2.0461E+02 -1.9935E+02 -2.7407E+01
0015201   2.2998E+02 -1.3899E+02 -2.6108E+01
0015202   3.6580E+02  7.8714E+01  1.0838E+02
0015204   3.8675E+02  1.5535E+02  2.1497E+02
0015205   4.2824E+02  1.3697E+02 -8.1928E+01
0015206   2.5876E+02  6.9012E+01 -1.4088E+02
0015207   3.0380E+02 -2.0944E+02 -6.7059E+00
0015208   2.0767E+02 -2.7745E+02 -7.6006E+01
0015209   9.4710E+01 -3.2409E+02  6.2480E+01
0015211   9.6210E+01  3.1479E+01 -5.7157E+01
0015212   3.5850E+02 -1.2233E+02  8.2005E+01
0015213   6.8798E+02 -7.8129E+01  1.1087E+02
0015214   3.9345E+02  1.1766E+02 -4.8652E+01
0015216   5.2999E+02  2.8404E+01  1.6401E+02
0015217   1.6896E+02  1.0368E+02  5.8789E+01
0015218   4.8584E+02 -1.0097E+02 -2.1543E+02
0015219   2.4347E+02  1.7470E+02 -3.5478E+02
0015220   3.7017E+02 -1.2491E+02  1.0901E+02
0015221   1.6265E+02  8.3024E+01 -3.2883E+01
0015222   2.4613E+02 -1.3790E+02  2.2012E+01
0015223   2.1837E+02  8.3997E+01 -3.4689E+01
0015224   3.0172E+02  1.4506E+02  7.2942E+01
0015226   3.1925E+02 -1.1292E+01 -9.4104E+01
0015227   2.1965E+02 -1.1195E+02 -2.0992E+00
0015228   1.7668E+02 -3.6052E+01  7.6079E+01
0015229   2.8087E+02  1.1320E+02 -1.1768E+01
0015230   3.3811E+02  5.2799E+01 -4.7241E+01
0015231   2.7406E+02 -1.6900E+02  8.7091E+00
0015232   3.2500E+02 -1.2086E+02 -9.0509E+01
0015233   9.6487E+01  1.6369E+02 -1.5552E+01
0015234   1.6506E+02  1.2978E+02  1.0939E+02
0015236   3.6986E+02  1.0587E+00 -4.4344E+01
0015237   2.5312E+02  1.3541E+01  9.5835E+01
0015238   1.7116E+02 -4.2390E+01 -8.1578E+01
0015239   2.4597E+02  1.9957E+02 -1.1757E+02
0015240   1.2527E+02 -1.0066E+02  9.3286E+01
0015241   5.9011E+01  1.4984E+02  1.2569E+02
0015243   1.0373E+02  9.2303E+01  4.5612E+01
0015244   2.1612E+02  1.5314E+02 -6.2025E+01
0015245   2.5206E+01  2.2750E+01 -2.4479E+02
0015246   1.1605E+02  2.0186E+01 -2.0500E+02
0015247   6.4511E+02 -1.1963E+02  2.2590E+02
0015248   3.1006E+02  1.7031E+02 -4.4227E+01
0015249   1.9018E+02  7.8602E+01  2.4289E+02
0015250   3.2926E+01 -1.5617E+02 -3.7697E+01
0015251   3.2415E+01 -4.7376E+01  3.2340E+01
0015252   3.0382E+02  7.7470E+01 -9.8488E+01
0015253   8.0039E+01  8.6657E+01  1.9121E+02
0015254   1.8782E+02 -9.1827E+01  4.3417E+01
0015255   1.6673E+02 -3.0193E+02 -2.8977E+02
0015256   4.4602E+02  1.7668E+02 -6.8953E+01
0015258   1.9173E+02 -6.6860E+01 -5.8021E+01
0015259   2.1073E+02 -7.2024E+01 -7.8245E+01
0015260   2.5871E+02  7.6551E+01  4.7193E+01
0015261   4.9525E+02  7.4635E+01 -6.5395E+00
0015262   3.4712E+02 -9.6231E+01  3.4207E+02
0015263   3.0902E+01  7.9238E+01 -2.7510E+01
0015264   3.9305E+02  2.3614E+02 -2.5158E+01
0015265   4.1843E+02  1.3763E+02  1.1970E+02
0015266   1.4055E+02  1.8390E+02 -2.3569E+01
0015267   6.7549E+02  1.1225E+02  3.1826E+01
0015268   1.9908E+02 -6.6882E+01  3.4926E+02
0015270   2.3605E+02  1.2208E+02  7.0551E+01
0015271   1.7095E+02 -1.3662E+02  1.8984E+01
0015272   3.1698E+02  1.5540E+01 -1.1786E+02
0015273   2.5252E+02 -7.2691E+00  1.4298E+01
0015274   7.5003E+01  2.1581E+02 -1.7292E+02
0015275   3.0745E+01 -1.0052E+02  1.3830E+02
0015276   2.1488E+02 -8.5343E+01 -3.1293E+01
0015277   3.9380E+02 -9.6773E+01  4.8446E+01
0015278   1.1401E+02  2.1863E+02  1.7294E+02
0015279   3.9628E+02 -2.6118E+02  1.6590E+02
0015280   2.3415E+02  1.3108E+02 -2.8666E+01
0015281   5.3793E+01 -7.1865E+01 -1.7403E+01
0015282   1.6560E+02  8.0735E+01  8.9540E+01
0015283   1.8940E+02 -1.3211E+02 -2.3048E+02
0015284   8.8012E+01  3.1197E+02  1.3055E+02
0015285   3.6161E+02 -1.0126E+02 -1.2700E+02
0015286   4.8672E+02 -1.7735E+01 -2.3589E+01
0015287   2.2260E+02  4.8660E+01 -6.9401E+01
0015288   1.9520E+02 -6.6395E+01 -1.5017E+02
0015289   1.0187E+02 -5.0910E+01  7.2597E+00
0015290   5.2623E+02 -4.3569E+01  7.3501E+01
0015291   2.6154E+02 -1.1654E+02 -7.4202E+01
0015292   2.7428E+02  1.9656E+02 -1.5032E+02
0015293   2.8974E+02 -8.4323E+01 -7.5826E+01
0015294   1.0536E+02 -9.9911E+01  2.5120E+01
0015295   2.6849E+02  1.8479E+02  5.3513E+01
0015296   2.2069E+02 -4.1487E+01 -5.3107E+01
0015297   3.7998E+02 -1.0920E+02 -2.3124E+02
0015298   4.8936E+02 -3.7305E+02 -2.0586E+02
0015299   4.7880E+02  7.5463E+01  6.4413E+01
0015300   1.4683E+02 -1.3406E+01  3.9482E+01
0015301   1.5204E+01 -1.1691E+02  1.2385E+02
0015302   4.8750E+02 -2.8757E+01  1.8463E+02
0015303   1.3958E+02 -1.3391E+01 -6.5240E+01
0015304   1.9402E+02 -1.1426E+02  1.7091E+02
0015306   6.7904E+02  5.6088E+01  1.0938E+02
0015307   2.0092E+02 -2.2712E+00 -2.5171E+00
0015308   1.3565E+02  3.7603E+01  1.5514E+02
0015309   2.6137E+02 -2.4112E+01  1.7504E+02
0015310   2.3325E+02  9.8744E+01  1.2751E+01
0015311   1.8425E+02  4.8481E+01  6.3635E+01
0015312   1.3385E+02  4.0921E+01 -1.7431E+02
0015313   2.6868E+02  9.7477E+01  1.7474E+02
0015314   1.5269E+02 -3.5714E+02  1.9533E+02
0015315   5.6010E+01  2.8810E+00 -2.3804E+02
0015317   4.1017E+02 -1.0767E+02  1.2821E+02
0015318   1.0648E+02 -1.6695E+02  4.8998E+01
0015319   3.0583E+02 -1.0019E+02  6.7869E+01
0015320   1.0618E+02  4.9321E+01 -7.2218E+00
0015321   3.6257E+02  6.7230E+01  9.2864E+01
0015322   4.9053E+02  5.3297E+01  1.6680E+02
0015323   3.6144E+02  3.1620E+00  3.0907E+01
0015324   1.3020E+02 -1.0030E+01  2.1340E+02
0015325   1.0371E+02  1.5441E+02  1.9894E+01
0015326   4.9901E+02  1.1558E+02 -7.6496E+01
0015327   4.2940E+02 -9.0812E+01 -3.3536E+01
0015328   4.4647E+02  1.2238E+02  3.4466E+02
0015329   3.1708E+02 -3.0714E+01 -2.6629E+01
0015330   1.9444E+02 -1.5187E+00  1.2581E+02
0015331   1.8476E+02  5.9557E+00 -1.7877E+01
0015332   2.3176E+02 -3.6820E+01 -1.5357E+02
0015333   1.6052E+02  3.2204E+02 -5.3465E+01
0015334   2.8160E+02  1.6797E+02  1.9974E+02
0015335   1.8183E+02 -6.6864E+01 -7.0859E+00
0015336   2.7838E+02 -7.0474E+01  8.3483E+01
0015337   3.0177E+02 -2.0123E+02  2.2767E+01
0015338   2.6568E+02 -6.1143E+01 -8.9124E+01
0015339   2.5144E+02 -8.1590E+01 -3.1537E+01
0015340   2.7407E+02 -1.1395E+00  2.0817E+01
0015341   3.5452E+02 -3.0514E+02  1.1680E+02
0015342   2.6109E+02  2.7263E+02  1.4398E+02
0015343   1.5462E+02 -3.1771E+01 -3.3450E+01
0015344   3.3718E+02 -1.1064E+02  1.0735E+02
0015345   7.4776E+01  1.8385E+01  7.5437E+01
0015346   5.2395E+01 -3.2295E+01  1.0896E+01
0015347   2.3649E+02 -8.6107E+01 -2.2620E+02
0015348   1.0715E+02  1.7391E+02  2.1921E+02
0015349   4.6056E+02  2.9513E+02  1.9922E+02
0015350   9.1714E+01 -2.3940E+01  4.8582E+01
0015351   4.1604E+01  7.7015E+01 -1.8376E+01
0015352   4.6439E+02 -7.6756E+01 -6.8987E+01
0015353   6.2588E+01 -1.7699E+02 -2.5453E+01
0015354   3.5547E+02 -8.4822E+01  9.8563E+01
0015355   2.8199E+02  1.1964E+02 -3.5408E+02
0015356   2.5368E+02  2.4374E+01  6.2118E+01
0015357   2.0489E+02 -2.2007E+02 -1.8828E+02
0015358   5.7577E+02 -8.7484E+01 -1.0968E+02
0015359   3.8218E+02 -1.5549E+01 -2.6187E+02
0015360   4.5407E+02 -1.3667E+01  7.2428E+01
0015361   2.3861E+02 -2.1557E+01 -4.2865E+02
0015362   8.8211E+01  3.5998E+00  1.0412E+02
0015364   2.9989E+02  3.2977E+02  1.9495E+02
0015365   2.2974E+02  1.6799E+01  5.5759E+01
0015367   4.5554E+02  1.5721E+02  7.9339E+01
0015368   5.3935E+01  8.7885E+00  7.0279E+01
0015369   1.5831E+02  2.2961E+02  2.4393E+02
0015370   4.2521E+02 -5.1507E+01  6.4660E+01
0015371   1.5555E+02  6.2620E+01  4.8716E+00
0015372   3.1131E+02  4.3552E+01  1.6111E+02
0015373   3.9381E+02 -1.4989E+02 -2.9020E+01
0015374   3.6772E+01  9.6980E+01  3.9882E+02
0015375   3.3126E+02 -3.8718E+01  3.4190E+01
0015376   2.8772E+02 -1.3425E+02 -1.0413E+02
0015377   1.8805E+02  5.3999E+01  1.6788E+02
0015378   2.3540E+02 -2.9547E+02 -1.3240E+02
0015379   4.3827E+02 -2.4211E+01  7.7977E+01
0015380   2.1264E+02 -6.6436E+01 -1.8041E+01
0015381   1.1818E+02 -2.4195E+01 -4.6375E+00
0015382   1.5688E+02  1.5951E+02  5.2742E+00
0015383   3.1114E+02 -7.2818E+01  1.3783E+02
0015384   1.4923E+02  1.0952E+02 -3.6087E+01
0015385   2.3261E+02  8.9246E+01  4.9673E+00
0015386   3.8013E+02  6.5332E+01  1.5536E+02
0015387   1.7933E+01  5.1320E+01  3.7003E+01
0015388   5.7164E+02  5.5995E+01 -2.6753E+02
0015389   3.1198E+02  1.3261E+02 -1.0040E+02
0015390   7.6467E+01  1.8869E+01  9.9682E+01
0015391   1.0714E+02 -1.6504E+02 -4.3679E+01
0015392   1.1456E+02 -1.3515E+02 -1.0357E+02
0015393   3.3924E+02  2.1074E+02  1.4181E+02
0015394   3.7210E+02 -8.5329E+01  1.1241E+02
0015395   4.8040E+02  2.3642E+02  3.6857E+02
0015396   4.5469E+02 -1.0740E+02 -1.2416E+02
0015397   3.1017E+02  2.3464E+02  5.0050E+01
0015398   3.2317E+02 -1.2547E+02  1.7715E+02
0015399   3.2159E+02 -2.4023E+02 -1.6679E+01
0015400   2.4569E+02 -1.0820E+02 -1.2740E+02
0015401   4.1862E+02  1.7455E+02  2.5346E+02
0015402   2.9101E+02 -1.4610E+02  1.1904E+02
0015403   2.7939E+02  1.3283E+02 -4.1668E+02
0015404   3.3613E+02  3.8346E+02  1.6447E+02
0015406   1.9623E+02 -4.5474E+01  1.5222E+02
0015407   4.4636E+02 -1.1580E+02  1.7479E+02
0015408   2.7254E+02 -8.9440E+01 -1.0337E+02
0015409   3.1365E+02 -2.7482E+02 -9.2253E+01
0015410   4.9524E+02 -1.5630E+02  1.1893E+02
0015411   3.8809E+02 -1.2734E+02 -2.1266E+02
0015412   3.5813E+02 -9.8577E+01 -8.1160E+01
0015413   1.7244E+02  4.0179E+01  1.0892E+02
0015414   3.2422E+02 -2.4860E+02  2.2963E+02
0015415   1.6661E+02 -9.6516E+01  1.9838E+02
0015416   1.1926E+02 -1.7284E+01 -4.2699E+01
0015417   2.8446E+02  1.9816E+02  2.1048E+01
0015418   1.2522E+02 -6.7086E+01  5.2317E+01
0015419   6.5720E+02 -7.5126E+01  1.7885E+02
0015420   5.4164E+02  3.7131E+01 -1.7121E+01
0015421   3.7374E+02 -8.7246E+01 -9.6270E+01
0015422   2.5995E+02  3.8735E+01  1.2769E+02
0015423   4.8037E+02 -1.0511E+02  4.9663E+02
0015424   2.8261E+02  1.9456E+02  1.1908E+02
0015425   4.0257E+02  7.7444E+01 -1.9085E+02
0015426   4.9020E+02 -1.3064E+02  7.7987E+01
0015427   3.7020E+02 -1.7132E+02  3.2470E+01
0015428   4.0627E+02 -1.0745E+02 -2.3472E+02
0015429   2.0987E+02 -1.7240E+01 -1.7165E+02
0015430   2.8292E+02 -5.4089E+01 -3.5095E+01
0015431   8.7324E+01  1.5371E+02 -1.2633E+02
0015432   5.0855E+02 -9.3639E+01 -1.7719E+02
0015433   3.9201E+02  6.7634E+01 -1.2762E+02
0015434   2.4135E+02 -1.3947E+02  7.6192E+01
0015435   3.4805E+02 -2.8039E+02 -9.3126E+01
0015436   2.4981E+02 -4.5995E+01  1.4600E+02
0015437   2.5259E+02 -1.2853E+02 -2.2386E+02
0015438   2.1748E+02 -2.0914E+02 -8.7618E+01
0015439   5.6394E+02 -2.1450E+02 -8.2243E+01
0015440   2.0449E+02 -1.2241E+02 -9.3987E+01
0015441   1.6555E+02  3.6673E+01  5.1888E+01
0015442   3.6212E+02  1.1532E+02  9.9501E+01
0015443   2.3589E+02  1.2451E+01 -1.9444E+01
0015444   4.5769E+02  4.1205E+02  1.5713E+02
0015446   3.9022E+02  1.4578E+02 -5.4226E+01
0015447   3.4203E+02  1.0820E+02  1.0696E+02
0015448   2.7241E+02  3.1943E+02 -2.6730E+02
0015449   1.3212E+02  3.3341E+01  6.6689E+01
0015450   5.0714E+02  1.7002E+02  4.6287E+02
0015451   2.7929E+02 -5.7120E+01 -2.9584E+02
0015452   7.1579E+01 -2.6484E+02  1.8522E+02
0015453   3.1437E+02  2.6813E+01 -2.1385E+02
0015454   1.5745E+02  8.9796E+01 -2.3764E+01
0015455   5.0304E+00 -2.2511E+02  4.5413E+01
0015456   3.2965E+02 -2.2302E+02  4.4979E+01
0015457   1.6015E+02 -1.3782E+02 -2.2004E+01
0015458   4.0693E+02 -1.1437E+02 -1.3577E+02
0015459   3.1676E+02  2.2795E+01  1.0859E+02
0015461   6.2236E+01 -1.8508E+02  6.5604E+01
0015462   2.8754E+02  2.2707E+01 -1.5953E+02
0015463   2.0439E+02  8.9536E+01 -6.1709E+01
0015464   1.9105E+01  2.0136E+02 -1.3339E+01
0015465   2.1948E+02 -1.0208E+01  7.7109E+00
0015466   2.9073E+02  7.2885E+01 -2.8197E+01
0015467   5.3842E+02  1.9266E+02 -5.6859E+01
0015468   3.3921E+02  5.6135E+00  9.8316E+01
0015469   3.0555E+02 -1.9476E+02 -5.0135E+00
0015470   2.2470E+02 -1.7378E+00 -6.7376E+01
0015471   1.1937E+02 -1.0623E+02  2.2563E+02
0015472   1.7942E+01  1.2781E+02  6.5021E+01
0015473   1.6663E+02 -1.2110E+01  4.2723E+01
0015474   1.0428E+02  2.5471E+01  1.9982E+01
0015475   2.5931E+02  4.0000E+00  1.4921E+01
0015476   2.4779E+02  4.8042E+01  1.2633E+01
0015477   4.1723E+02 -2.2500E+02  1.3772E+02
0015478   1.5656E+02  1.4106E+02 -1.9066E+02
0015479   1.3202E+02  1.7055E+00 -1.5804E+02
0015480   1.2917E+02 -1.7212E+02  3.5170E+02
0015481   9.7376E+01 -1.8299E+01  1.8649E+01
0015482   4.0338E+02  2.2628E+02  5.9392E+01
0015483   2.1276E+02  4.9646E+01  1.8257E+02
0015484   4.0942E+02 -2.7400E+02 -2.3562E+02
0015485   4.1337E+02  9.5231E+01 -9.9321E+00
0015486   1.1307E+01 -2.8515E+01  2.8159E+00
0015488   1.4867E+02  1.3875E+02  1.6553E+02
0015489   3.6172E+02 -8.1035E+01  1.0527E+02
0015490   7.5890E+02 -2.1401E+02  1.9569E+01
0015491   2.8360E+02  1.7303E+02 -1.9047E+01
0015492   1.0907E+02 -2.2001E+02  1.9807E+02
0015493   4.0326E+02 -1.9394E+02 -2.7344E+02
0015494   8.3551E+01 -2.3450E+02 -5.2408E+01
0015495   2.6684E+02 -2.5038E+02  3.1148E+01
0015497   4.8518E+02 -2.7048E+00 -8.9330E+01
0015498   2.2514E+02  2.2682E+02  1.6468E+02
0015499   1.0880E+02  2.0941E+02 -2.0770E+02
0015500   3.4917E+02 -8.4907E+00  1.4727E+02
0015501   2.0802E+02  1.8675E+02  1.4844E+02
0015502   4.9441E+02 -1.9987E+01 -2.1197E+02
0015503   3.3108E+02  9.4301E+01  1.4666E+02
0015504   2.6555E+02 -1.3713E+02  1.4065E+02
0015505   1.8195E+02 -6.0416E+01  1.1128E+02
0015506   3.3265E+02  8.7854E+01  1.6904E+01
0015507   4.8254E+02 -1.1693E+02 -9.4036E+01
0015508   1.6442E+02 -9.5852E+01  2.2126E+02
0015509   4.5228E+01  4.9604E+01 -2.7170E+01
0015510   2.1550E+02  2.3521E+01 -7.2530E+01
0015511   3.6105E+02 -1.1353E+02 -1.3058E+02
0015512   2.7900E+02 -2.6880E+02 -1.1775E+02
0015513   2.8110E+02 -1.8280E+02 -2.4401E+02
0015514   6.5888E+01  3.8622E+01 -5.6584E+01
0015515   1.5834E+02 -9.6978E+00 -9.0169E+01
0015516   2.8882E+02  7.0196E+01 -5.5653E+01
0015517   1.6839E+02 -9.1311E+01 -1.6068E+02
0015518   1.5203E+02  1.5276E+02 -2.5978E+02
0015519   2.4892E+02 -2.0279E+02  2.9732E+01
0015520   4.7439E+02  1.4152E+02 -2.6444E+02
0015521   2.0763E+02 -1.1599E+02 -2.2610E+02
0015522   4.0234E+02  3.4166E+01 -2.0280E+02
0015524   1.2284E+02  1.0992E+02  3.8633E+01
0015525   5.7924E+02  4.5604E+01 -1.3980E+02
0015526   1.6672E+02  2.0244E+02  5.6598E+01
0015527   1.6052E+02 -1.9118E+01 -1.5343E+02
0015528   3.3400E+02  9.8295E+01  1.2282E+02
0015529   4.4470E+02  1.0721E+00  1.3263E+02
0015530   9.1529E+01  2.1601E+02 -2.3248E+01
0015531   2.7061E+02 -6.6559E+01 -1.2368E+02
0015532   2.9435E+02  5.1834E+01 -1.0248E+02
0015533   4.9236E+02 -2.8954E+02 -3.1342E+01
0015535   2.5636E+02  1.3631E+02 -1.4872E+02
0015536   2.4140E+02  2.9308E+01  8.2924E+01
0015538   3.9747E+02  2.0344E+02  1.8919E+02
0015539   1.3883E+02  1.0644E+00  8.0273E+00
0015540   1.6248E+02  8.3277E+01 -1.8358E+01
0015541   3.4404E+02 -1.3995E+02  5.4680E+01
0015542   1.2466E+02  4.6634E+01 -8.5117E+01
0015543   4.6542E+02  2.8531E+02 -2.6884E+01
0015544   2.5141E+02  1.9609E+02 -1.8045E+02
0015545   3.1972E+02 -7.3638E+01  6.0619E+01
0015546   5.0872E+02 -7.2338E+01  2.8099E+01
0015547   1.5622E+02  2.3665E+02 -9.3290E+01
0015548   3.3881E+02 -4.1049E+02 -1.2708E+01
0015549   2.7333E+02 -1.7485E+01 -8.4470E+01
0015550   4.4173E+02  1.0906E+02  8.3116E+01
0015551   4.8326E+02  3.0766E+02  3.6693E+01
0015553   4.1641E+02  2.0859E+02  2.4951E+02
0015554   4.8579E+02 -1.5190E+02 -1.3320E+02
0015555   2.5224E+02 -3.3843E+01  1.5440E+02
0015558   2.3917E+02 -1.6711E+02  2.8735E+01
0015559   4.3036E+02  1.7520E+01  1.1786E+02
0015560   1.8477E+02  5.0496E+01  7.6316E+01
0015561   3.1545E+02  4.7032E+01 -1.8266E+02
0015562   1.8396E+02  1.1991E+01 -1.3972E+02
0015563   1.2484E+02  4.6635E+01  3.0073E+01
0015564   8.8435E+01 -4.7632E+01  1.1994E+02
0015565   2.3242E+02 -8.0913E+01  1.2694E+02
0015566   8.0320E+01 -2.0866E+02 -1.6514E+01
0015567   3.7506E+02  5.5974E+01  1.3797E+02
0015568   2.7292E+02  2.6434E+02  2.2480E+02
0015569   4.0167E+01 -5.5614E+01 -1.1386E+02
0015570   2.3243E+02 -1.5088E+02 -5.0795E+01
0015571   7.2989E+01  5.5059E+01 -1.4368E+02
0015572   1.5747E+02  1.3588E+00  1.3687E+02
0015573   3.7628E+02 -1.4878E+02  9.1871E+01
0015574   5.0675E+02 -1.9576E+02 -3.6298E+02
0015575   3.1953E+02  1.4715E+02 -1.2550E+02
0015576   3.3385E+02  1.3539E+01  2.1547E+02
0015577   1.4276E+02  1.6051E+02 -2.3465E+01
0015578   5.1388E+02  2.3148E+00  1.7319E+02
0015579   4.8714E+02 -6.6393E+01  8.7159E+01
0015580   2.2089E+01  1.7674E+00 -5.2269E+00
0015581   3.6225E+02 -4.1854E+01  2.6857E+02
0015582   3.3414E+02  3.9703E+01  2.1788E+02
0015583   5.5285E+02 -1.0426E+02 -4.0029E+02
0015584   2.5582E+02 -1.6744E+02  1.4717E+01
0015585   3.3665E+02  1.8423E+02 -1.1079E+01
0015586   1.0017E+02 -3.1611E+02 -2.2569E+01
0015587   1.1267E+02 -1.8448E+01  1.0231E+02
0015588   1.1277E+02  1.7016E+02 -7.6817E+01
0015589   3.8942E+01 -1.0005E+02  5.6345E+01
0015590   3.4648E+02  1.2745E+02 -2.3325E+01
0015591   3.0518E+02 -8.9056E+01 -3.6422E+02
0015592   3.5617E+02  4.1310E+01  1.2282E+02
0015593   1.8597E+02  1.2260E+02  5.4250E+01
0015594   1.6432E+02  4.4642E+01 -7.8825E+01
0015595   1.1289E+02 -9.4143E+01 -1.0983E+02
0015596   2.2455E+02  9.4874E+01 -1.6578E+02
0015597   2.7077E+02 -8.4472E+01  6.3388E+01
0015599   4.3359E+02 -1.0457E+02  1.6846E+02
0015600   3.7835E+02  5.5078E+02 -1.7742E+02
0015601   4.2248E+02 -1.4840E+02 -1.3690E+02
0015602   1.2384E+02  3.9451E+01  1.2078E+01
0015603   1.1739E+02 -9.0199E+00 -1.5699E+02
0015604   2.8637E+02 -5.8336E+01 -2.5093E+02
0015605   1.8073E+01 -6.0543E+01 -2.6842E+01
0015606   6.6313E+01  1.5288E+02  9.7507E+01
0015607   5.2583E+02 -2.1931E+02 -1.5265E+02
0015609   4.4246E+02  1.3237E+02  1.3636E+01
0015610   1.9162E+02 -7.3552E+01 -6.7895E+01
0015611   2.5383E+02  1.7938E+01  2.8815E+01
0015612   2.1502E+02  1.1101E+02 -1.6055E+02
0015614   4.5058E+02  6.0926E+00 -4.3608E+01
0015615   3.0312E+02  4.2583E+01 -6.0045E+01
0015616   1.4923E+02  1.6712E+01 -3.4777E+01
0015617   4.9362E+02  4.1353E+01  1.0895E+02
0015618   2.7200E+02  5.7449E+01  1.8562E+02
0015619   2.2924E+02 -1.8618E+02  4.4556E+01
0015620   1.3850E+02  2.7201E+01  1.5600E+02
0015621   3.2340E+02  7.4642E+00  2.2883E+01
0015622   4.5911E+02 -5.6804E+01  4.2413E+00
0015623   4.4040E+02 -8.5854E+01 -1.6952E+02
0015624   2.4316E+02 -1.1892E+02 -3.4740E+01
0015625   4.1715E+02  4.1013E+01  5.0538E+01
0015626   3.1942E+02 -4.6080E+00 -1.4619E+02
0015627   2.7620E+01 -2.6086E+01 -1.3796E+02
0015628   1.4087E+02 -3.0822E+02 -1.5809E+02
0015629   6.8423E+01  1.2201E+02  1.9344E+02
0015630   6.9319E+01 -9.2899E-01 -9.7244E+01
0015631   1.5778E+02  1.1809E+02 -1.4100E+02
0015632   2.5752E+02 -3.6616E+02 -1.3241E+02
0015633   3.9165E+01  1.6304E+02  3.5116E+01
0015634   2.1222E+02  3.5503E+01  3.5931E+01
0015637   1.2006E+02 -4.8402E+00  8.2137E+01
0015638   1.1853E+02 -7.4460E+01  1.2862E+02
0015639   3.0831E+02  1.0312E+02 -3.7115E+01
0015640   3.8674E+02  5.3566E+01 -1.6685E+02
0015641   9.6196E+01  2.6104E+00 -2.1880E+01
0015642   6.5816E+02  1.3889E+02  2.5249E+02
0015643   3.0145E+02  6.9693E+01 -1.3311E+02
0015644   1.7487E+02 -2.1852E+01  3.0990E+01
0015645   5.2924E+02 -2.1846E+01  2.8959E+02
0015646   1.1106E+02  9.4395E+01  1.3080E+01
0015647   4.9523E+01  7.2905E+01  6.9173E+01
0015648   3.6897E+02 -8.8111E+01  1.2980E+02
0015649   2.2911E+02  4.0895E+02  1.7344E+02
0015650   2.0229E+02  1.7519E+02  1.1455E+02
0015651   3.5841E+02  9.8197E+01  4.4605E+01
0015652   1.8932E+02  9.2431E+01 -1.0174E+02
0015653   1.6033E+02 -2.6425E+02  5.5439E+01
0015654   3.0098E+02 -1.4365E+02 -1.8008E+01
0015655   1.1273E+02  1.4881E+02 -7.3789E+01
0015656   2.9279E+02 -2.5974E+02 -4.1587E+01
0015657   5.2938E+02  2.5710E+01  4.1818E+01
0015658   9.7925E+01  1.6506E+01  7.0248E+00
0015659   1.2364E+02 -4.3296E+00 -8.2284E+01
0015660   1.2944E+02  4.1297E+01  2.1553E+02
0015661   4.7258E+02 -1.2439E+02 -3.3353E+02
0015662   2.3892E+02  4.0996E+01  3.8162E+01
0015663   1.6524E+02 -3.0177E+01  3.4432E+01
0015664   2.4443E+02  2.8501E+02  1.0533E+02
0015665   1.9223E+02  3.3654E+02 -1.6500E+01
0015666   2.9203E+02  8.6166E+01 -5.5817E+01
0015667   2.5391E+02 -7.3485E+01  7.0450E+00
0015668   1.4285E+02 -2.0205E+01 -6.2676E+01
0015669   5.9077E+02  1.2740E+02  1.5832E+02
0015670   4.1517E+02  1.4454E+02 -1.3949E+02
0015671   3.2324E+02  1.3912E+01 -7.9242E+01
0015672   2.3983E+02  1.0634E+02 -8.4467E+01
0015674   3.0789E+02 -1.4068E+02 -2.1367E+02
0015675   2.3137E+02  4.8488E+01  1.7726E+01
0015676   2.3954E+02 -3.4156E+01  7.3338E+01
0015677   3.2227E+02  1.0079E+02 -1.0525E+02
0015678   4.3139E+02  4.9334E+01 -2.9060E+02
0015679   3.6878E+02  1.3295E+02  1.0623E+02
0015681   4.5539E+02  3.3035E+01  3.3392E+01
0015682   4.8330E+02  3.0755E+01 -4.2558E+01
0015683   1.2475E+02  1.8246E+02 -1.2626E+02
0015684   2.3219E+02  8.7579E+01  2.2724E+02
0015685   2.8400E+02  1.9013E+02 -1.5761E+02
0015686   3.2086E+02  3.3129E+02  3.4320E+02
0015688   3.6683E+02  2.2466E+02  8.7021E+01
0015689   3.1118E+02 -1.1202E+02  2.6691E+01
0015690   1.1907E+02  1.7440E+02 -3.9768E+01
0015691   3.2576E+02  1.5495E+02  7.9561E+01
0015692   1.0775E+02  1.2296E+02 -3.8682E+01
0015693   1.2804E+01 -2.5125E+02 -3.8449E+02
0015694   1.5650E+02  1.6193E+01  3.9529E+01
0015695   4.0928E+02  2.9489E+02 -1.7547E+02
0015696   4.9167E+02 -3.2383E+01 -7.3297E+01
0015697   3.7507E+02 -8.9944E+01  1.2982E+02
0015698   4.9205E+02  9.8758E+01 -7.3062E+00
0015699   4.8833E+02 -1.8472E+02 -3.2265E+00
0015700   3.5944E+02  4.8285E+01  1.3695E+02
0015701   5.3258E+02 -1.7483E+02 -1.5579E+02
0015702   6.3029E+02 -1.1616E+02 -1.8452E+02
0015703   2.5435E+02  6.8858E+01  5.1369E+01
0015704   3.8835E+02  2.8731E+01 -1.7285E+02
0015705   2.7306E+02 -2.7204E+00  5.5879E+01
0015706   3.3198E+02 -2.8312E+02 -5.7055E+00
0015707   3.7015E+02 -2.0115E+02  1.3872E+02
0015708   2.1565E+02 -3.0826E+01  4.6147E+01
0015709   1.6310E+02 -1.0800E+02  4.3237E+01
0015710   1.3127E+02 -1.5738E+01 -2.2044E+02
0015711   3.5382E+02 -7.3325E+00 -5.4166E+00
0015712   3.1629E+02 -2.0676E+02 -4.0237E+01
0015713   3.4178E+02 -3.2897E+01  7.1573E+01
0015714   1.2044E+02  1.6764E+02 -2.1753E+02
0015715   5.4174E+02  5.7440E+01  1.1330E+02
0015716   3.5457E+02 -3.4713E+01  1.8995E+02
0015717   2.1670E+02  1.3613E+02  2.3856E+01
0015719   2.2561E+02 -1.0236E+02  8.3928E+01
0015720   1.2064E+02  6.1918E+01  3.6226E+01
0015721   3.3371E+01 -5.5613E+01  8.5655E+01
0015722   6.2137E+01  1.2108E+02  3.4453E+02
0015723   3.0441E+02  1.9527E+02 -9.8298E+01
0015724   1.9467E+02  1.8810E+01 -1.2489E+02
0015725   5.5480E+01  2.1165E+01  1.1975E+02
0015726   2.0839E+02  1.1313E+02  3.7431E+01
0015727   1.7564E+01 -5.7785E+01 -2.4298E+02
0015728   1.9011E+02 -1.4991E+02  1.7406E+02
0015729   2.5031E+02 -8.6317E+01 -4.1404E+01
0015730   1.4895E+02  1.7596E+02 -1.3879E+02
0015731   1.9673E+02 -1.4626E+02 -1.6244E+01
0015732   2.9191E+02  3.5149E+01 -8.6152E+01
0015733   3.2310E+02 -6.3014E+01 -3.6911E+01
0015734   4.8737E+02  3.6313E+01 -5.9730E+01
0015735   1.9937E+02  1.8465E+02 -9.8709E+01
0015736   2.3266E+02  7.6458E+01 -1.0274E+02
0015737   9.3709E+01 -1.6342E+02  3.6735E+01
0015738   9.9209E+01 -5.0475E+01  2.2195E+01
0015740   5.1958E+02 -7.6872E+00  6.2041E+01
0015741   3.0512E+02  5.6520E+01  2.5007E+02
0015742   6.6114E+01 -3.5754E+01  1.1284E+02
0015743   3.3568E+02  1.0887E+02  4.2406E+01
0015744   2.0873E+02  7.6210E+01  5.8588E+01
0015745   2.2276E+02  2.3374E+02 -1.4310E+02
0015746   2.4390E+02 -1.0389E+01 -3.3761E+01
0015747   1.9114E+02 -9.3648E+01 -6.9787E+01
0015748   2.4838E+02 -8.2121E+01 -4.8637E+01
0015749   4.4090E+02 -9.8388E+01 -1.6689E+02
0015750   4.8377E+01 -5.2349E+01 -1.2998E+02
0015751   2.4079E+01  9.0925E+01  1.2595E+02
0015752   3.6535E+02 -1.3996E+02  1.1684E+02
0015753   7.1636E+01 -1.8311E+01 -1.2968E+02
0015754   3.2981E+02  1.5070E+02 -7.1790E+01
0015755   1.4114E+02 -2.0588E+01  1.3206E+02
0015756   2.9881E+02  8.3869E+01  3.0567E+02
0015757   4.8938E+02  9.7360E+01 -9.9727E+01
0015758   4.5712E+02 -1.6520E+02 -2.4825E+02
0015759   3.6177E+02  1.0918E+01  1.4926E+02
0015760   1.7650E+02  1.7174E+02 -2.0560E+02
0015761   2.4539E+02 -7.1157E+01  2.2092E+02
0015762   3.7897E+02 -1.1605E+01 -2.3151E+01
0015763   3.2052E+02 -3.7560E+01  1.4825E+02
0015764   3.9354E+02  2.0593E+02  2.2961E+02
0015765   2.5208E+02 -6.3073E+00  3.8579E+01
0015766   3.4254E+02  1.1390E+02 -5.5717E+01
0015767   5.1605E+02  1.1208E+02 -3.7692E+02
0015768   1.1085E+02 -4.6459E+01 -1.2415E+02
0015769   5.8988E+01 -3.4065E+02 -2.6777E+02
0015770   2.7538E+02 -2.1323E+01 -1.5341E+02
0015771   1.4371E+02 -3.1166E+01 -1.0684E+01
0015772   3.9450E+02  1.8606E+02 -1.7812E+02
0015773   3.4908E+02 -1.1956E+01 -2.8302E+00
0015775   4.6436E+02 -2.1890E+02  8.3580E+01
0015776   1.9798E+02  9.1168E+01  2.8217E+01
0015777   5.0298E+02  3.6846E+01 -9.4276E+01
0015778   2.8277E+02  3.5491E+02  8.8117E+01
0015779   8.1416E+01  1.0204E+02 -9.6953E+01
0015780   4.6210E+02 -1.7117E+02  1.9851E+02
0015781   8.7029E+01  2.1326E+02  1.6994E+02
0015782   1.1908E+02 -1.7523E+01  3.1634E+01
0015783   1.4914E+02 -2.6527E+01 -1.5811E+01
0015784   3.2027E+02 -3.9508E+01  7.8758E+01
0015785   8.6710E+01  1.8948E+01  3.4575E+01
0015786   2.4311E+02  2.5681E+00 -5.4737E+01
0015787   4.4549E+01  5.3993E+01  2.4056E+01
0015788   3.1681E+02  4.4207E+01 -2.3552E+02
0015789   1.6342E+02 -4.6467E+01  5.7728E+01
0015790   3.3894E+02 -7.3126E+01 -2.7480E+02
0015791   1.1099E+02  3.1968E+01  7.7792E+01
0015792   2.9416E+02  1.2414E+02  3.0759E-01
0015794   9.9527E+01  5.4062E+01 -7.6895E+01
0015795   9.3867E+01  1.2655E+02 -5.5853E+01
0015796   8.6502E+01 -1.6705E+02  1.8782E+02
0015797   2.1327E+02 -1.5205E+02 -2.2344E+02
0015798   3.9073E+02 -2.4320E+01 -5.8703E+01
0015799   3.5148E+02  1.5608E+02  1.6275E+02
0015800   2.3881E+02 -5.8820E+00 -8.0944E+01
0015801   1.8379E+02 -2.5070E-01  3.0287E+02
0015802   1.6380E+02  3.9320E+01 -1.6533E+01
0015803   1.3436E+02 -8.5035E+01  3.7612E+01
0015804   3.1123E+02 -1.1774E+02  6.8529E+01
0015805   1.7216E+02 -6.0336E+01  1.7282E+01
0015806   4.5179E+02 -7.3829E+01 -1.3070E+02
0015807   1.8144E+02 -9.3241E+01 -2.2366E+01
0015808   6.1288E+02 -6.1522E+01  1.7793E+01
0015809   3.0049E+02 -6.2095E+01  2.0554E+02
0015810   7.1709E+01  3.9909E+01 -8.3448E-01
0015812   5.7963E+01 -4.2507E+01 -2.0670E+02
0015813   3.5796E+02 -1.2072E+02  4.2262E+02
0015814   1.6820E+02 -3.3018E+01 -1.4252E+02
0015815   4.0619E+01  1.2694E+02  6.3394E+01
0015816   3.0047E+02  1.3955E+02  1.7077E+02
0015817   1.0901E+02  4.8385E+01 -1.2067E+02
0015818   1.5199E+02  2.9027E+02  3.1079E+01
0015819   3.5378E+02  1.6720E+01  2.8675E+01
0015820   2.7896E+02  3.3336E+01  2.0480E+02
0015821   1.3137E+02  6.3749E+00  5.8612E+01
0015822   2.3127E+02 -1.5154E+02  9.2768E+01
0015823   2.0285E+02 -1.1311E+02  9.7003E+01
0015824   2.4055E+02 -7.4535E+01 -2.0057E+02
0015825   8.7073E+01  1.3241E+02 -1.1186E+01
0015826   4.4385E+02 -1.5539E+02  1.0069E+02
0015827   2.5005E+02 -3.8629E+02 -1.0086E+02
0015828   2.8204E+02  3.9969E+01 -1.0143E+02
0015829   2.7123E+02 -1.0698E+01  6.7590E+01
0015830   9.3963E+01  1.3078E+02  4.6657E+01
0015831   1.7546E+02 -1.0288E+02 -1.3125E+02
0015832   4.8333E+01  2.3126E+02  8.2453E+00
0015833   1.4447E+02 -5.2488E+01  1.5537E+02
0015834   3.8096E+02 -1.6571E+01  1.2825E+02
0015835   1.4644E+02 -1.1510E+02  1.4188E+02
0015836   2.1436E+02  9.9123E+01 -2.4229E+01
0015837   9.5129E+01  1.2186E+02 -1.1598E+02
0015838   4.5148E+02  4.6317E+01  1.6368E+02
0015839   2.5656E+02  1.1063E+02  8.8292E+01
0015840   6.0431E+02  2.3400E+02  1.8871E+00
0015841   3.8453E+02  1.7066E+01 -1.0576E+02
0015842   5.7790E+01  1.1849E+01  1.2745E+02
0015843   8.4106E+01 -2.1052E+02  1.4537E+01
0015844   1.7639E+02 -1.7026E+02 -7.4922E+01
0015845   1.5600E+02  5.9962E+01  2.1889E+02
0015846   3.0150E+02 -8.2567E+01  3.5126E+01
0015847   4.7318E+02  1.5080E+02  1.1506E+02
0015848   2.0625E+02 -5.3003E+01  7.5106E+01
0015849   2.0929E+02  1.6044E+02  1.7057E+02
0015850   2.4906E+02 -3.1818E+02  8.0195E+00
0015851   1.7811E+02 -2.4298E+01 -2.9448E+01
0015852   3.4306E+02 -6.7044E+01 -1.2601E+02
0015853   2.2835E+02  4.6065E+01  3.9344E+01
0015854   9.8593E+01 -1.2560E+02 -9.3387E+01
0015855   3.0455E+02  7.3093E+01  4.5088E+01
0015856   1.3646E+02 -1.4055E+02 -1.7909E+02
0015857   2.5710E+02  8.6962E+01  6.3379E+00
0015858   5.2134E+01  2.2438E+01 -6.1389E+01
0015859   2.0239E+02 -1.7420E+02  1.2227E+01
0015860   2.2213E+02  2.9920E+02 -7.9359E+01
0015861   1.2623E+02  1.2781E+02 -9.0084E+01
0015862   2.1246E+01  1.1244E+02  4.7987E+02
0015863   2.1730E+02  8.5352E+01 -1.3392E+02
0015864   2.1968E+02 -2.8831E+02 -1.4986E+02
0015866   3.1840E+02  2.0211E+02  5.5565E+01
0015867   1.7952E+02 -6.4403E+01  3.1325E+01
0015868   1.0721E+02 -9.4057E+01  1.4233E+01
0015869   2.0549E+02 -2.3933E+01 -2.0239E+01
0015870   2.2694E+02 -3.1960E+02 -8.3559E+01
0015871   1.4207E+02 -2.3893E+02 -5.7094E+01
0015872   4.1511E+02 -3.7999E+02  6.8440E+01
0015873   3.4155E+02 -6.8138E+01  9.2458E+01
0015874   1.9501E+02 -3.6946E+01  9.2778E+01
0015875   1.1214E+02 -5.3342E+01 -1.3593E+02
0015876   1.3037E+02 -2.4009E+01 -2.8373E+02
0015877   5.2981E+02 -1.1184E+02  4.4093E+01
0015878   1.1257E+02 -8.6009E+01 -8.1655E+00
0015879   5.6715E+01 -9.5392E+01 -1.2105E+01
0015880   5.1972E+02 -3.3336E+01 -1.0996E+02
0015881   4.4599E+02 -2.0047E+02 -1.6632E+02
0015882   2.2670E+02  8.5676E+01 -9.9475E+00
0015883   1.0861E+02  1.1681E+02  1.2367E+02
0015885   2.0710E+02  3.5406E+02 -2.9469E+01
0015886   1.4622E+02  5.2129E+01  1.6978E+02
0015887   1.7424E+02  8.9599E+01  1.4203E+02
0015888   5.7731E+01 -3.5434E+01  3.0721E+02
0015889   3.6454E+02  1.0616E+01 -4.7462E+01
0015890   4.0381E+02  4.6220E+01 -5.8794E+01
0015891   1.8330E+02 -8.2412E+00 -9.7617E+00
0015892   3.0174E+01  2.2262E+01 -5.3864E+01
0015893   1.9318E+02  2.8178E+01 -4.3103E+01
0015894   1.5851E+02  3.9939E+01  8.8253E+01
0015895   3.2651E+02  2.3421E+01  3.0959E+01
0015896   2.7868E+02  7.4855E+01 -8.5549E+01
0015897   3.8640E+02  1.8048E+01 -1.1220E+02
0015898   5.2637E+01 -1.7934E+01 -1.6352E+01
0015899   5.0160E+01  1.7177E+02 -5.9502E+00
0015900   2.6651E+02  5.5010E+01  3.7944E+01
0015901   5.3004E+02 -8.9662E+01 -2.8325E+02
0015902   4.4333E+02  2.7463E+02 -5.8925E+01
0015903   2.0277E+02 -5.6698E+01  8.6807E+01
0015904   2.4295E+02  9.9972E+01  8.5158E+01
0015905   3.8598E+02  1.7707E+02  6.4458E+01
0015906   3.7509E+02 -2.7947E+01 -1.4277E+01
0015907   2.6409E+02 -8.8984E+01 -8.0600E+01
0015908   5.6980E+02  8.4104E+01  5.8481E+01
0015909   2.0724E+02  4.5379E+01 -1.0951E+02
0015910   4.0831E+02 -7.4568E+01 -1.1296E+02
0015911   2.1822E+02 -1.9136E+02 -9.6919E+01
0015912   1.1549E+02 -2.0484E+02 -1.2449E+02
0015913   2.6309E+02 -9.6582E+01  2.6791E+02
0015914   1.2595E+02 -1.0880E+02 -2.0519E+02
0015915   2.5151E+02 -1.3326E+01  3.1021E+01
0015916   2.9235E+02 -1.7737E+01 -5.1225E+00
0015917   2.0570E+02 -2.1849E+02 -8.9394E+01
0015918   5.7221E+02  1.2479E+02  8.3886E+01
0015919   3.3412E+02  2.1711E+02  3.2727E+01
0015920   2.9816E+02  5.6652E+01  2.7291E+00
0015921   1.2422E+02  2.3767E+02  9.4210E+01
0015922   1.0323E+02  1.3631E+02  1.4991E+02
0015924   1.3903E+02  5.2432E+00 -3.3805E+01
0015925   9.4033E+01 -1.9140E+02  1.9762E+02
0015926   1.1330E+02 -9.3959E+01  5.4645E+01
0015927   4.5085E+02 -2.9633E+01 -8.5171E+01
0015928   4.6204E+02 -1.2405E+02 -2.1232E+01
0015929   2.8329E+02  4.6728E+00  2.3717E+02
0015930   1.1696E+02  2.3735E+01 -8.6298E+01
0015931   4.5642E+02  2.6888E+01 -1.4658E+02
0015932   3.1763E+02  6.2056E+01 -1.3838E+02
0015933   1.3455E+02  3.4648E+01  4.0635E+01
0015934   2.1573E+02 -2.3784E+02  1.1983E+02
0015935   5.0607E+02  2.7705E+02  2.2067E+02
0015936   4.2225E+02 -9.1595E+01 -1.0114E+02
0015937   1.7538E+02 -9.0452E+01 -1.3723E+02
0015938   2.8377E+02 -1.3018E+01 -5.0188E+01
0015940   3.4339E+02  4.7510E+01 -1.3467E+02
0015941   3.6789E+02 -3.3232E+02 -4.6257E+01
0015942   3.3111E+02  7.1220E+01 -9.5214E+01
0015943   2.4461E+02  8.4519E+01  1.7158E+02
0015945   2.6965E+02 -2.8669E+02 -1.5788E+02
0015946   2.4455E+02  2.7190E+01  3.3113E+01
0015947   3.3369E+02 -1.1414E+00  2.7361E+01
0015948   4.8513E+02 -4.8768E+01 -2.3595E+02
0015949   2.5171E+02  1.8225E+02  7.5688E+01
0015950   2.3764E+02  7.5338E+01  1.3681E+02
0015951   1.9709E+02  1.9532E+01  2.3600E+01
0015952   7.3161E+02  1.0104E+02 -1.3364E+02
0015953   2.3134E+02  5.0369E+01 -2.5226E+02
0015954   2.4542E+02  3.0262E+01  4.8861E+01
0015955   1.4500E+02  6.7383E+01 -1.9434E+02
0015956   3.9913E+02  1.4953E+02 -2.1313E+01
0015957   4.0380E+02  2.8710E+02  6.0932E+01
0015958   2.8630E+02 -1.9823E+02 -1.1182E+02
0015959   6.4324E+01 -4.8859E+01 -6.6386E+01
0015960   4.3860E+02  3.2584E+02 -1.0721E+02
0015961   4.0306E+02 -6.7541E+01 -1.7228E+02
0015962   2.7225E+02  2.2044E+02 -6.2542E+01
0015963   2.4370E+02 -1.4911E+02  1.0480E+02
0015964   3.0424E+02  8.7825E+01 -1.4129E+02
0015965   3.5935E+02  4.0318E+01  1.0455E+02
0015966   3.0862E+02  1.5519E+02  1.0225E+02
0015967   3.7546E+02 -1.5802E+02 -8.3001E+01
0015968   1.2138E+02 -9.3249E+01 -6.0027E+01
0015969   3.4379E+02 -1.5218E+02 -2.0429E+02
0015970   2.6716E+02 -7.3351E+01 -5.6612E+01
0015971   4.2763E+02  3.2587E+02 -2.0546E+02
0015972   3.6921E+02  8.6319E+01 -2.7011E+01
0015973   3.5562E+02  1.3614E+02  2.4217E+02
0015974   9.7780E+01 -1.1156E+02  5.3469E+01
0015975   2.7726E+02 -1.5798E+02  4.8001E+01
0015976   1.4381E+02 -1.5662E+02 -5.2427E+01
0015977   2.6316E+02  1.2920E+02 -2.4351E+02
0015978   3.4037E+02  2.2602E+01 -1.7001E+02
0015979   2.4618E+02  1.0094E+02 -3.8301E+01
0015980   2.6282E+02 -2.0318E+02  2.2015E+02
0015981   5.6016E+02  1.0472E+02 -2.8420E+02
0015983   2.8821E+02  5.7048E+01 -1.5563E+02
0015984   3.3442E+02 -2.4003E+01 -7.4141E+01
0015985   1.0139E+02  3.6195E+02  8.1850E+01
0015986   1.4295E+02 -3.2375E+01 -3.2981E+02
0015987   1.5919E+02  2.5958E+01  2.1162E+02
0015989   1.8847E+02  8.2031E+01 -9.0453E+01
0015990   2.1071E+02 -1.3186E+02  9.8002E+01
0015991   2.8360E+02 -1.3074E+00 -1.8250E+01
0015992   4.3801E+02  2.7647E+02 -2.5195E+02
0015993   1.4665E+02 -1.5258E+01  2.7471E+01
0015994   1.7283E+02 -3.3536E+02  1.1495E+02
0015995   2.9740E+02 -1.1980E+02 -2.6294E+02
0015996   1.5312E+02 -1.2118E+01 -2.1581E+02
0015997   5.2551E+02 -2.4290E+02  3.9657E+01
0015998   3.0335E+02  4.3164E+01  4.4519E+01
0015999   1.7238E+02  9.5028E+01  9.3982E+01
0016000   4.0580E+02  1.0342E+02 -1.0225E+02
0016001   1.6461E+02  6.5758E+01 -4.6716E+02
0016003   1.1662E+02 -3.0471E+01  1.0145E+01
0016004   1.3652E+02  8.5005E+00 -9.1067E+01
0016005   1.9511E+02 -9.7653E+01 -6.7722E+01
0016006   3.6418E+02 -8.9485E+01  1.1411E+02
0016007   2.2013E+02 -1.2278E+02 -1.2208E+02
0016008   2.2191E+02  1.1152E+01 -2.6986E+01
0016009   4.5161E+01 -6.3469E-04 -5.6367E+01
0016010   1.0586E+02  2.4873E+02  8.7767E+01
0016011   1.1694E+02 -8.9370E+01 -9.8267E+01
0016012   4.0936E+02 -1.7328E+02  9.7486E+01
0016013   3.3699E+02 -2.3950E+01 -3.2256E+00
0016014   1.0895E+02 -2.1995E+01 -8.9016E+01
0016015   2.8765E+02 -4.8103E+01  4.2661E+01
0016016   3.5635E+02  6.8544E+01 -1.6977E+02
0016017   3.6402E+02  2.8932E+02  1.5733E+01
0016018   1.0971E+02  1.3644E+02  4.0143E+01
0016019   3.9886E+02 -8.2952E+01  1.4094E+02
0016020   4.3787E+02 -2.6249E+02  1.8829E+00
0016021   1.7971E+02 -2.3141E+01 -4.0914E+01
0016022   1.6780E+02 -2.8065E+01 -1.5959E+02
0016023   5.1815E+02  2.7526E+01 -3.3814E+01
0016024   2.9181E+02 -2.6898E+01  5.5963E+01
0016025   5.5825E+01  7.7054E+01 -2.3268E+01
0016026   6.0077E+02 -4.5353E+01 -1.1955E+02
0016028   4.2435E+02  4.0184E+01  8.6696E+01
0016029   2.0641E+02 -7.8244E+01  1.2642E+01
0016030   1.3151E+02  3.4561E+01 -5.9399E+01
0016031   1.9207E+02 -7.9234E+01  5.1210E+01
0016032   1.5982E+01  2.2180E+02 -6.6434E+01
0016034   3.4110E+02 -4.6572E+01  6.2805E+01
0016035   1.8691E+02  5.3488E+01 -1.3337E+02
0016036   3.6285E+02 -9.4165E+01 -1.6740E+02
0016037   3.8557E+02 -1.2850E+02 -1.0803E+02
0016038   3.4012E+02 -2.5316E+01 -2.0393E+02
0016039   4.1241E+02  1.8851E+02  2.1793E+01
0016040   2.4227E+02  1.1416E+02 -7.2905E+01
0016041   2.9483E+02  4.2967E+01 -1.1254E+02
0016042   1.3024E+02  1.6243E+02 -1.4949E+02
0016043   1.2030E+02  1.2496E+02 -2.6078E+01
0016044   3.1698E+02 -8.4234E+01  4.7999E+01
0016045   4.6304E+02 -1.0124E+02 -2.0649E+02
0016046   3.6179E+02  9.2564E+01  3.4431E+01
0016047   4.8846E+02 -1.7382E+02 -1.6774E+02
0016048   3.2919E+02 -1.9655E+01 -1.4723E+02
0016049   2.5639E+02 -5.7235E+01  5.2336E+01
0016050   4.6402E+02 -1.3839E+02 -2.8515E+02
0016051   3.1235E+02  1.6764E+02 -9.3726E+01
0016052   2.5370E+02  2.8749E+02 -7.9121E+00
0016053   1.2851E+02 -2.4827E+02  6.6319E+01
0016054   1.5055E+02 -1.4882E+02  6.7331E+01
0016055   1.0316E+02 -2.1768E+01 -6.6339E+01
0016056   4.5109E+02 -5.6027E+01  7.2260E+01
0016057   2.1183E+02 -5.1266E+01  5.5387E+01
0016058   5.6244E+02  3.4369E+01  2.3382E+02
0016059   1.0394E+02  5.7119E+01  2.0751E+02
0016060   2.4334E+02  8.7624E+01  1.4548E+02
0016061   1.3451E+02 -7.0294E+01  3.0703E+01
0016062   3.3196E+02 -2.1597E+01 -9.0541E+01
0016063   3.9404E+02 -1.5421E+02 -1.3581E+02
0016064   5.5212E+01 -8.7516E+01  6.6861E+01
0016065   2.0330E+02 -1.1126E+02  7.5341E+01
0016066   3.5056E+02  2.5754E+01  5.2344E+01
0016067   2.9906E+02  2.7295E+02 -2.3281E+02
0016068   4.0074E+02  1.3209E+02  2.9942E+02
0016069   5.7222E+02  9.0645E+01 -1.0589E+02
0016070   4.1531E+02 -1.9985E+02 -4.1788E+01
0016071   6.0337E+02 -7.1414E+01 -6.6354E+01
0016072   5.9427E+02 -2.7971E+02 -1.3100E+02
0016073   3.6169E+02  1.3871E+02 -2.6335E+02
0016074   4.2190E+02 -7.5314E+01 -9.4859E+01
0016075   6.7517E+02  1.6553E+02 -2.2187E+02
0016076   2.6976E+02  1.2219E+02  8.6633E+01
0016078   5.8968E+01 -1.9312E+01  4.5677E+01
0016079   2.4617E+02 -1.7370E+01 -1.2712E+01
0016080   3.0975E+02  7.8479E+01  7.6380E+01
0016081   9.1423E+01  9.0704E+01 -9.3521E+01
0016082   3.1901E+01  1.7163E+02  6.4797E+01
0016083   2.7395E+02  5.1230E+02  1.7597E+02
0016084   1.3259E+01  3.9630E+01  1.0574E+01
0016085   3.8851E+02  4.7359E+01 -1.6296E+02
0016086   2.6272E+02  1.5411E+02 -8.9316E+00
0016087   3.5381E+02 -3.1792E+02 -7.2936E+01
0016088   1.4270E+02 -1.0634E+02  1.0287E+02
0016089   5.5002E+02 -1.0743E+02 -2.7477E+02
0016090   3.6169E+02 -1.3114E+02 -2.4818E+02
0016091   3.0806E+02  7.7266E+01 -1.9133E+02
0016092   4.6318E+02  1.8232E+01 -1.6491E+02
0016093   1.6819E+02  2.2784E+01 -5.7265E+01
0016094   8.7307E+01 -6.8929E+01  8.7952E+01
0016095   1.5018E+02  7.4011E+01  2.0129E+01
0016096   2.8644E+02 -6.8179E+01 -1.2929E+02
0016097   2.7406E+02  6.6893E+01 -3.0526E+02
0016098   1.5081E+02 -1.2143E+02  5.9964E+01
0016099   2.9533E+02 -2.0156E+02 -3.8849E+01
0016100   1.5495E+02 -1.4005E+02  5.1891E+01
0016101   6.0779E+02 -1.0729E+01 -2.7348E+01
0016103   7.2298E+01  1.4165E+02  1.2581E+02
0016104   2.1723E+02  1.9817E+01  2.4314E+02
0016105   2.5633E+02 -9.5220E+00  2.1719E+02
0016106   2.4942E+02  5.3174E+01 -1.0431E+02
0016107   9.1916E+01  9.0473E+01  3.7894E+01
0016108   3.4875E+02 -1.8829E+02 -1.4505E+02
0016109   2.4827E+02 -1.5959E+01 -1.1778E+02
0016110   1.8014E+02  1.3149E+02  7.8578E+01
0016111   2.1093E+02 -2.4116E+01  2.1830E+01
0016112   3.9526E+01  2.0346E+00  3.4634E+01
0016113   1.9043E+02 -1.1012E+02 -1.9787E+02
0016114   4.6395E+02  1.8200E+02  9.0954E+01
0016115   1.2148E+02  5.4942E+01 -1.1032E+01
0016116   2.8901E+02  4.8160E+01 -1.4074E+01
0016117   3.1029E+02 -9.5957E+00 -1.4139E+02
0016118   1.1425E+02 -2.2181E+02 -1.0197E+01
0016120   4.9785E+02 -1.6856E+01  1.5050E+02
0016121   8.5635E+01 -2.0761E+01 -7.7732E+01
0016122   8.6897E+01  3.5303E+01 -3.5702E+01
0016123   1.9777E+02 -3.0862E+01 -1.4065E+01
0016124   5.1110E+02 -1.3228E+02 -1.0118E+02
0016125   3.5933E+02 -3.6459E+02  1.6285E+02
0016126   1.0772E+02 -1.0505E+02 -7.6609E+01
0016127   2.0487E+02  3.7023E+01  1.1614E+02
0016128   4.1203E+02  1.3811E+02 -1.4030E+01
0016129   2.7908E+01 -1.9622E+02  4.8152E+01
0016130   2.0083E+02 -1.9490E+02 -1.6564E+01
0016131   1.1543E+02 -1.5929E+02 -2.3595E+00
0016132   2.0774E+01  7.6064E+01  2.0820E+02
0016133   3.3017E+02  6.6105E+01 -1.1978E+02
0016134   1.8734E+02  8.5276E+01  2.4691E+01
0016135   3.3330E+02  1.8135E+02  3.7985E+01
0016136   8.1920E+01  2.2639E+01 -6.6233E+01
0016137   5.5263E+01 -8.8989E+01  1.5936E+02
0016138   2.4721E+02 -2.4624E+01 -1.3222E+02
0016139   2.8820E+02 -7.8304E+01 -2.4138E+02
0016140   2.2331E+02 -1.2735E+02  3.1238E+01
0016141   5.7169E+02 -2.2084E+01  3.6150E+02
0016142   2.2883E+02 -5.0505E+01  1.9904E+02
0016143   3.5264E+01  1.9636E+01 -1.1899E+02
0016144   3.1682E+02 -1.1157E+01 -4.2195E+01
0016145   3.6937E+02  3.5909E+00  1.1021E+02
0016146   1.5650E+02 -4.8714E+01  8.6232E+01
0016147   2.9654E+02 -1.5667E+02 -1.1435E+00
0016148   2.2179E+02  2.2340E+02  8.5505E+01
0016149   1.6170E+02 -1.1236E+02  6.6210E+00
0016150   3.8445E+02  9.2518E+01  5.5345E+01
0016151   1.4642E+02 -1.0621E+02  3.4068E+01
0016152   4.2991E+02 -2.6599E+02  4.4479E+01
0016153   3.0257E+02  2.1235E+02 -1.6487E+02
0016154   1.9866E+02 -1.6117E+02  1.0698E+02
0016155   4.1423E+02  1.3910E+02  7.7042E+01
0016156   1.9802E+02  1.0728E+02 -5.6619E+01
0016157   4.5820E+02 -2.2379E+00 -2.2692E+02
0016158   2.0312E+02 -2.3474E+02 -1.6941E+02
0016159   2.3965E+02  1.1552E+02 -6.1378E+01
0016160   2.5225E+02 -3.2929E+01  1.4796E+02
0016161   1.8827E+02 -6.7627E+01  2.3410E+02
0016162   2.9595E+02 -6.9225E+01  2.4043E+01
0016163   2.8229E+02  8.4626E+01  1.0744E+02
0016164   2.7168E+02  5.5004E+01 -5.8422E+01
0016165   1.3653E+02  7.1519E+01 -2.6044E+01
0016166   1.5533E+02  2.2063E+02  2.0900E+01
0016167   2.7487E+02  2.6327E+01  1.5556E+02
0016168   1.8706E+02  1.0231E+02 -1.7294E+02
0016169   2.7027E+02  1.5532E+02 -1.0647E+02
0016170   5.0718E+01  9.7981E+01  1.8891E+01
0016171   3.6919E+02  2.8707E+01  1.5218E+02
0016172   1.3714E+02  4.4000E+00  2.7390E+01
0016173   3.7778E+02 -7.0985E+00 -1.9370E+02
0016174   2.0681E+01  8.3071E+01  9.5678E+00
0016175   1.2241E+02 -3.6051E+02 -2.3414E+02
0016176   1.4667E+02 -2.7793E+02 -3.1334E+01
0016177   3.3097E+01  8.4371E+01 -9.1494E+00
0016178   5.8385E+02  1.8373E+02  2.1919E+02
0016179   1.6830E+02 -1.8893E+02 -5.9430E+01
0016180   2.4489E+02 -4.6931E+01 -6.1680E+01
0016181   2.3711E+02 -3.0894E+02  2.3614E+02
0016182   4.4830E+02 -1.8790E+02  1.5416E+02
0016183   2.1148E+02  3.1272E+02 -8.8874E+01
0016184   6.9745E+02  1.2719E+02 -5.5768E+01
0016185   1.0373E+02  9.3459E+01 -8.6248E+01
0016186   2.9647E+02  9.9464E+01  1.9200E+02
0016187   2.0147E+02  1.1363E+02  5.3460E+01
0016188   3.3103E+02  2.0049E+02 -9.8580E+01
0016189   2.9943E+02 -8.4662E+01  2.8706E+01
0016190   2.1801E+01 -6.0587E+01  7.7106E+01
0016191   3.1932E+02  3.0752E+02  2.6087E+02
0016192   3.5784E+02 -3.9039E+02 -1.8636E+01
0016193   2.1275E+02  2.5084E+02 -8.4088E+01
0016194   1.9877E+02  1.0639E+01 -1.8606E+02
0016195   9.3872E+01 -2.7788E+02  1.5428E+02
0016196   4.1945E+02 -1.0405E+02 -2.2008E+02
0016197   1.0397E+02 -1.7695E+01  3.8336E+01
0016198   3.1212E+02 -9.8290E+01  2.0942E+02
0016199   2.3397E+02 -3.8617E+01  4.6684E+01
0016200   9.7267E+01  4.6668E+01 -4.1826E+01
0016201   1.9810E+02  8.6472E+01  4.6412E+01
0016202   1.7792E+02  5.6721E+01  4.8649E+01
0016203   1.9391E+02 -2.8638E+02 -2.7749E+02
0016204   5.0762E+02  4.3492E+01  1.9520E+02
0016205   1.1964E+01 -2.7333E+01  7.5267E+00
0016206   3.3228E+02  2.1356E+01 -1.4764E+02
0016207   6.6851E+00  8.2647E+01 -1.6753E+01
0016208   2.8320E+02  9.7885E+01  1.2106E+02
0016209   2.7738E+02  6.0136E+01  8.9208E+01
0016210   6.8709E+01  1.6083E+02  4.3649E+01
0016211   5.4549E+02  1.1880E+01  3.6961E+01
0016212   9.6818E+01 -3.0111E+01  1.6355E+02
0016213   6.7859E+01  8.2821E+01 -1.4639E+02
0016214   2.4334E+02  1.0126E+02  4.5089E+01
0016215   1.4474E+02  1.4397E+02 -2.9888E+01
0016216   5.8695E+01 -1.2578E+02 -6.5867E+01
0016217   3.3420E+02 -2.4493E+02 -1.4281E+02
0016218   9.3441E+01  8.4015E+01 -2.7445E+02
0016219   4.7666E+02 -1.6994E+01  5.2572E+02
0016220   8.3509E+01  1.6485E+02 -1.6029E+02
0016221   3.6855E+02 -8.9394E+01  1.1831E+02
0016222   1.6596E+02 -8.8917E+01 -1.2444E+02
0016223   3.0624E+02  7.7299E+01  4.6018E+01
0016224   3.7123E+02  2.6068E+02  6.6063E+01
0016225   2.1943E+02  1.3047E+02 -1.2300E+01
0016227   1.9242E+02  5.7999E+01  2.4831E+01
0016228   2.5487E+02 -1.4808E+02 -3.0906E+01
0016229   3.4795E+02  2.4188E+02  2.3827E+02
0016230   1.0353E+02 -2.9703E+02 -5.4905E+00
0016231   9.2227E+01 -1.0510E-01  2.5952E+00
0016232   4.2296E+01  1.6836E+01  4.6123E+00
0016233   4.4303E+02 -1.8607E+01 -8.6965E+01
0016234   4.4413E+02  6.7800E+01  6.9303E+01
0016235   2.8143E+02  3.5740E+02 -9.7971E+01
0016236   8.1985E+01 -6.1039E+01 -3.4204E+01
0016237   8.0323E+01 -2.5856E+02  6.3168E+01
0016238   2.6994E+01  7.5536E+01 -7.5314E+01
0016239   3.0880E+02  1.0718E+02 -9.1307E+01
0016240   3.7788E+02  3.1867E+01  4.4280E+01
0016241   2.6658E+02  1.0442E+02  3.1877E+02
0016242   2.9412E+02  1.6289E+01 -1.1024E+02
0016243   3.1677E+02  7.5149E+01 -1.0126E+02
0016244   1.8011E+02 -1.0022E+02  1.1925E+02
0016245   3.6584E+02  2.0886E+02 -1.1644E+02
0016246   2.6175E+02  1.0620E+02  7.0137E+01
0016247   8.4394E+01 -1.7290E+00 -9.2821E+00
0016248   2.5087E+02  4.3492E+01 -2.4723E+02
0016249   3.2108E+02  6.2350E-01 -1.3963E+02
0016250   3.0043E+02 -1.1508E+02  1.9896E+02
0016251   1.2539E+02  2.0424E+02  6.7575E+01
0016252   9.4141E+01 -1.1015E+02 -2.2201E+02
0016253   1.6264E+02 -1.7621E+02 -2.3586E+02
0016254   2.0487E+01  1.8639E+02  3.1987E+01
0016255   3.0519E+02  2.0210E+02  8.2758E+01
0016256   2.4105E+02 -1.1842E+02 -2.1872E+01
0016257   1.6348E+02 -1.6439E+02 -1.4220E+02
0016259   3.9103E+02 -2.7614E+02 -3.6114E+01
0016260   2.7234E+02 -2.6930E+01 -1.0773E+02
0016261   2.0284E+02  5.7655E+01 -5.7763E+01
0016262   2.1396E+02 -1.0741E+02 -2.5721E+02
0016263   2.1831E+02 -1.4028E+02 -5.8481E+01
0016265   5.0325E+01 -4.3477E+01  2.0176E+01
0016266   8.1277E+01  8.6967E+01 -9.5271E+00
0016267   3.6242E+02  1.5864E+02 -6.7762E+01
0016268   1.5245E+02  1.1396E+02  6.4169E+00
0016269   6.7420E+02 -1.3314E+02  2.2068E+02
0016270   6.0565E+02  1.8948E+02  3.2612E+01
0016271   1.7082E+02 -2.2041E+02  2.2058E+02
0016272   7.8574E+01  5.6339E+01  2.0437E+01
0016273   2.7929E+02  1.8699E+01  4.7287E+01
0016274   3.6429E+02  1.0523E+02  2.7864E+02
0016275   3.7180E+02  5.1155E+01  2.9964E+02
0016276   3.1087E+02  2.3393E+02 -5.6385E+01
0016277   4.1157E+02  3.2733E+02  2.3287E+01
0016278   3.7327E+02 -1.6861E+02  6.4457E+01
0016279   3.8605E+02 -1.2239E+02 -1.6349E+02
0016280   2.8995E+02 -3.0374E+01 -1.0408E+02
0016281   2.8619E+02  2.5126E+01  4.6859E+01
0016282   8.1050E+01  1.7232E+02 -1.1599E+02
0016283   3.7081E+02  1.4000E+02 -1.8731E+01
0016284   4.5911E+01  3.1364E+01 -3.4741E+02
0016285   1.9111E+02 -7.8029E+01  2.0048E+01
0016286   3.8967E+02  1.5823E+02 -1.3719E+01
0016287   1.5590E+02  9.6972E+01 -2.1848E+02
0016288   2.5806E+02  2.9752E+00  3.5041E+02
0016289   8.5195E+01 -7.0549E+01 -3.4355E+01
0016290   2.8451E+02  1.3739E+02 -2.0956E+02
0016291   4.5153E+02 -4.1239E+01 -1.6381E+02
0016292   3.2430E+02 -1.5281E+02 -2.8138E+02
0016293   1.2753E+02 -2.4333E+00  2.2024E+01
0016294   2.7232E+02 -1.5334E+02  2.7598E+01
0016295   1.1527E+02  5.8803E+01  2.1936E+02
0016296   1.5372E+02 -1.1858E+02  1.0270E+02
0016297   6.9039E+01 -1.6448E+01 -8.0464E+01
0016298   1.3057E+02  4.4346E+01 -1.2931E+02
0016299   4.8590E+02 -2.5152E+01  5.5578E+02
0016300   3.5532E+02 -1.0916E+02  1.4279E+02
0016301   9.9466E+01 -8.7189E+01 -1.8532E+02
0016302   4.0441E+01 -4.3869E+01  3.0050E+01
0016303   3.8596E+02 -5.8201E+01 -1.4347E+02
0016304   4.0554E+02 -1.1514E+02  1.2464E+02
0016305   3.4078E+02 -1.2513E+02  1.3368E+02
0016306   2.4160E+02  1.4116E+01 -8.5365E+01
0016307   3.0645E+02 -1.3144E+01  1.4389E+01
0016308   1.2243E+02  1.3971E+02 -2.0913E+01
0016309   2.0245E+02 -1.8784E+01 -8.9214E+00
0016310   2.7743E+02  2.5867E+02  1.8585E+02
0016311   3.6244E+02 -8.7665E+01 -9.4693E+00
0016312   2.7338E+02  1.0316E+02  1.1953E+02
0016313   2.5597E+02 -2.0158E+02  4.8398E+00
0016314   6.8320E+01 -8.5243E+01  9.2381E+00
0016315   2.0526E+02 -2.3928E+02 -1.8065E+02
0016316   3.8970E+02  5.7852E+00  5.0678E+01
0016317   4.0016E+02  3.4047E+01  5.2431E+01
0016318   3.3592E+02 -3.6671E+01  4.1753E+02
0016319   2.6516E+02  7.5508E+00  1.5243E+01
0016320   4.5178E+02 -2.9911E+02  1.7717E+01
0016321   3.0153E+02 -7.1353E+01  1.4318E+02
0016322   2.1577E+02 -1.5846E+02 -1.5592E+02
0016323   4.8263E+01 -1.4528E+02  3.3357E+01
0016324   4.7319E+02  2.1952E+02 -2.6436E+02
0016325   1.9733E+02 -1.1243E+02  2.7643E+02
0016326   3.0392E+02 -5.5251E+01  8.1981E+00
0016327   8.9399E+01 -8.3526E+01 -2.5239E+01
0016328   1.0899E+02 -1.0211E+02  2.7544E+01
0016329   1.2452E+02 -1.9484E+01 -7.4311E+01
0016330   2.8938E+02  6.6456E+01 -8.0826E-01
0016331   1.4123E+02  1.5151E+02 -2.4234E+02
0016332   3.1032E+01 -1.4233E+01 -5.9614E+01
0016334   1.9795E+02 -1.2613E+00 -1.2413E+01
0016335   1.7740E+02 -1.4020E+02 -9.7044E+01
0016336   4.2571E+02  3.2802E+01 -8.3025E+01
0016337   1.8203E+02  5.0590E+01  5.7160E+01
0016338   1.3659E+02  2.3348E+01 -1.9954E+02
0016339   1.8317E+02  1.3000E+02  6.2792E+01
0016340   3.7633E+02  8.7468E+01  2.9292E+01
0016341   4.3052E+02  4.7114E+01  9.1772E+01
0016342   2.0556E+02  1.3739E+02 -2.5484E+02
0016343   2.5735E+02  2.1666E+02 -3.7154E+01
0016344   2.1108E+02  1.5586E+02 -7.2079E+01
0016345   1.4535E+02 -2.7885E+00 -4.8257E+00
0016346   8.7027E+01 -2.1026E+00 -1.7474E+02
0016348   4.4093E+02 -3.1300E+00  1.1204E+02
0016349   4.6733E+02  1.0864E+02 -2.6016E+01
0016350   4.3514E+02  4.8236E+01  2.1705E+02
0016351   2.0746E+02 -2.0000E+01  1.1421E+02
0016352   3.8300E+02 -5.3159E+02  1.4181E+02
0016353   5.3179E+02 -9.8248E+01  1.5548E+02
0016355   4.9087E+02  9.6833E+01  3.4101E+01
0016356   1.8677E+02  3.2610E+01 -2.0083E+01
0016357   8.5909E+01 -3.4011E+01  3.0600E+02
0016358   2.2083E+02  2.6934E+00 -2.8775E+01
0016359   3.5074E+02 -7.8510E+01  1.2822E+02
0016360   3.5962E+02 -1.3977E+02 -2.1017E+02
0016361   3.3747E+02 -2.1861E+02 -1.1615E+02
0016362   3.5182E+02  8.8329E+01 -9.4139E+01
0016363   3.8041E+02 -2.8335E+01 -2.0200E+02
0016364   5.9032E+02 -3.1083E+01 -1.4576E+02
0016365   2.3883E+02  8.7017E+01  1.3915E+02
0016366   3.4517E+02  2.4399E+02  4.9219E+01
0016367   8.8160E+01 -3.7840E+01 -5.1657E+01
0016368   5.7677E+02 -9.8867E+01  1.5936E+02
0016369   2.6223E+02  3.0377E+01 -1.2120E+02
0016370   5.1483E+02 -1.6751E+02 -9.3178E+01
0016371   5.2600E+02 -4.2167E+02  3.2628E+01
0016372   8.8967E+01  7.1396E+01 -1.0706E+02
0016373   3.9281E+01 -4.6400E+01  1.2614E+01
0016374   3.6356E+02 -2.9888E+02  7.1026E+01
0016375   2.1854E+02  8.6182E+01 -2.1278E+01
0016377   5.7619E+02  1.1125E+02  9.1262E+01
0016378   9.6729E+01 -7.1153E+01 -1.4541E+02
0016379   2.7932E+02  5.8557E+01 -1.9050E+02
0016380   1.0348E+02  4.3989E+00  2.2784E+01
0016381   3.9475E+02  1.1363E+02  1.7023E+01
0016382   2.6477E+02 -1.4548E+02  6.6623E+01
0016383   4.2482E+02 -1.1989E+02  1.4817E+02
0016384   2.6243E+02  2.4869E+02  1.5952E+02
0016385   2.2830E+02  6.1275E+01 -3.2067E+02
0016386   2.7500E+02  4.6817E+01 -4.2072E+01
0016387   3.8796E+02  6.6545E+01  3.6086E+02
0016388   6.4989E+02 -1.1396E+02  8.5411E+01
0016389   4.0320E+02  2.3610E+02 -1.5684E+02
0016390   1.7845E+02 -1.2788E+02  7.6576E+01
0016391   4.1126E+02 -7.3671E+01  3.5185E+00
0016392   3.4789E+02 -1.1089E+02  5.2036E+01
0016393   1.3970E+02  2.8292E+01 -1.6939E+02
0016394   3.9394E+02  6.6102E+01 -1.8264E+02
0016395   2.8303E+02  9.7029E+01 -7.0667E+01
0016396   4.5524E+02  3.3725E+02  8.4668E+01
0016400   6.0576E+01 -2.6456E+01  3.0152E+00
0016401   4.0419E+02  5.4736E+01 -1.3216E+02
0016402   2.1021E+02  2.0230E+02  9.7159E+01
0016403   3.1979E+02  1.8801E+02 -1.9046E+02
0016404   1.6788E+02 -4.2775E+01 -5.3310E+01
0016405   7.6073E+01 -2.1130E+01 -2.6287E+00
0016406   2.9372E+02 -1.2954E+02  2.1991E+02
0016407   2.0380E+02  7.8536E+01  1.0380E+02
0016408   2.9699E+02 -2.7569E+01 -7.3196E+01
0016409   2.4801E+02 -1.9786E+02  1.6977E+02
0016410   1.0784E+02 -1.4509E+01  1.1001E+02
0016411   1.4619E+02 -6.3106E+01 -1.8331E+00
0016412   2.2648E+02 -5.9959E+01  1.3658E+01
0016413   1.9574E+02  8.9020E+00 -5.7458E+01
0016414   2.9296E+02  1.5054E+02 -1.5916E+02
0016415   9.2236E+01  4.7018E+01 -2.2726E+01
0016416   2.8812E+02 -3.2162E+02  1.4272E+02
0016417   2.7818E+02 -7.5894E+01  1.7817E+02
0016418   2.2166E+02 -1.9174E+01 -8.6931E+01
0016419   2.5106E+02 -2.7256E+02  2.8657E+02
0016420   5.0337E+02  1.2457E+02  1.7636E+02
0016421   3.0604E+02  2.1950E+01  2.8270E+02
0016422   4.5215E+02 -4.0312E+01  1.5337E+01
0016423   1.1326E+02  3.3377E+01  1.0521E+02
0016424   3.7978E+02  4.8583E+00  1.6782E+02
0016425   4.0953E+02 -2.3601E+01 -6.0169E+01
0016426   2.3675E+02 -4.4802E+01  1.7085E+01
0016427   2.9826E+02  4.8434E+01  1.4095E+02
0016428   9.0778E+01  7.7229E+01  7.7020E+01
0016429   8.8238E+01 -5.6579E+01 -1.9374E+01
0016430   2.6942E+02  3.2334E+01 -2.0312E+02
0016431   1.5939E+02  1.4653E+02 -4.2640E+01
0016432   2.7862E+02  1.0781E+02 -3.5539E+02
0016433   4.5208E+02 -5.8701E+01  5.7641E+01
0016435   1.3954E+02 -2.5398E+01 -8.7368E+00
0016436   2.0576E+02 -1.3568E+01  3.8602E+01
0016437   1.7252E+02 -1.1995E+02 -5.2412E+00
0016438   2.8748E+02  2.5302E+02  5.6510E+00
0016439   5.4651E+01  2.2211E+01 -2.6178E+01
0016440   2.1290E+02  2.1783E+01 -2.9111E+01
0016442   1.6404E+02 -6.4153E+01 -1.1421E+01
0016443   9.1516E+01 -1.4110E+02  8.8365E+01
0016444   1.0897E+02 -6.3404E+01  2.9372E+02
0016445   1.7473E+02  4.7150E+00 -2.5281E+02
0016446   4.8572E+02 -2.6107E+02 -1.0493E+02
0016447   3.0025E+02 -1.2189E+02 -2.3942E+01
0016449   1.9254E+02 -3.7121E+02  7.6161E+01
0016450   3.1407E+02  1.0843E+01  6.4996E+01
0016451   2.3024E+02  4.9212E+01 -2.1604E+01
0016452   3.2848E+02  8.6948E+01 -9.3793E+01
0016453   2.3122E+02 -9.9865E+01 -4.0229E+01
0016454   1.2505E+02  5.2221E+01 -2.1829E+02
0016455   2.7078E+02  5.6990E+01 -1.1975E+02
0016456   2.5990E+02 -6.2388E+00  1.3149E+02
0016457   2.0193E+02  4.5263E+01  3.5974E+01
0016458   1.9124E+02 -5.8633E+01 -1.5386E+02
0016459   3.6989E+01  4.2327E+01 -5.5460E+01
0016460   8.3524E+01  2.3914E+00  1.2588E+01
0016461   2.2686E+02  2.7937E+01 -9.7904E+00
0016462   2.3932E+02  1.2466E+02  1.5147E+02
0016463   2.3853E+02  9.8893E+01  2.0617E+02
0016464   3.6897E+01 -7.5275E+00  2.0037E+02
0016465   4.0911E+02 -1.2573E+02  9.2813E+01
0016466   1.1093E+02 -8.3876E+00 -3.8120E+01
0016467   4.3540E+02 -3.3907E+02 -6.1613E+01
0016468   1.0843E+02  6.9872E+01  1.3672E+02
0016469   3.2472E+02  2.5108E+02  4.0264E+01
0016470   2.4799E+01  9.4947E+00  1.6213E+01
0016471   1.4172E+02 -4.9937E+01  2.4999E+02
0016472   4.0772E+02 -1.7419E+02  1.3196E+02
0016473   1.3572E+02  2.2891E+01 -1.3927E+02
0016474   4.1313E+02 -7.0438E+01  2.9988E+02
0016475   5.4690E+02 -2.1518E+01  5.9929E+01
0016476   9.1504E+01  6.2480E+01  1.7415E+02
0016477   2.6795E+02  1.1886E+01 -1.2331E+02
0016478   2.3930E+02 -1.7798E+01 -2.6052E+02
0016479   1.4604E+02 -1.3141E+00 -1.6415E+01
0016480   5.5837E+01 -2.1330E+01  1.0533E+02
0016481   3.3238E+02 -2.1913E+01  1.4784E+02
0016482   7.3416E+02  7.8643E+01  2.7429E+02
0016483   3.9845E+02  9.6158E+01  6.7115E+01
0016484   3.5222E+02  1.7316E+02 -1.3530E+02
0016485   2.0070E+02 -7.2379E+01  6.8729E+01
0016486   1.4997E+02  9.6997E+01  1.4866E+02
0016487   7.7013E+01 -1.9287E+01 -8.3923E+01
0016488   2.8865E+02 -5.4526E+01 -1.1334E+02
0016489   2.8357E+02  2.5690E+01  3.4917E+02
0016490   2.7461E+02  9.3768E+01 -6.9087E+01
0016491   7.2826E+02 -2.3612E+01  5.9029E+01
0016492   2.2699E+01 -3.6622E+00  2.2589E+01
0016493   1.0954E+02  5.6466E+01  1.8098E+02
0016494   3.4564E+02 -1.0836E+02 -1.4774E+02
0016495   1.7419E+02 -1.2015E+02  2.4741E+02
0016496   2.7988E+02 -1.4318E+02 -8.5212E+01
0016497   2.7028E+02 -1.1964E+02  1.1435E+02
0016498   1.1420E+02 -7.3888E+01  1.3413E+02
0016499   1.7351E+02  7.5665E+01 -3.8604E-01
0016500   2.6873E+02 -4.0675E+01 -4.4692E+01
0016501   8.1747E+01  1.5583E+02  5.7964E+01
0016502   2.6942E+02 -2.1778E+02 -2.0456E+02
0016503   4.3070E+02  1.8333E+02  2.8100E-01
0016504   2.9156E+01  8.1357E+01  1.5373E+01
0016505   1.7959E+02 -1.9635E+02  8.0466E+01
0016506   2.3975E+02  8.6520E+01 -1.2424E+02
0016507   5.1107E+01  1.8544E+01  1.0620E+01
0016508   6.4262E+02  2.7249E+02 -2.3093E+01
0016509   1.7985E+02 -2.1571E+02 -1.0750E+02
0016510   2.3207E+02 -8.0698E+00 -1.0206E+02
0016512   6.5428E+01  8.3676E-01 -1.3873E+02
0016513   4.7875E+02  1.6675E+02 -5.6822E+01
0016514   4.0505E+02 -7.9591E+01 -5.8893E+01
0016515   3.4078E+02 -4.9972E+01  7.7535E+01
0016516   2.7058E+02  2.5149E+02  2.3015E+01
0016517   1.8567E+02 -7.1555E+01 -4.5601E+01
0016518   1.3042E+02 -1.1039E+02 -1.3668E+01
0016519   3.0100E+02 -8.5114E+01 -2.6364E+01
0016520   4.9953E+02  5.9635E+01  3.4433E+01
0016521   2.7126E+02 -1.9377E+02  1.7973E+01
0016522   1.5559E+02  2.6528E+01 -1.2226E+02
0016523   3.6844E+02  1.4199E+02  1.4695E+02
0016524   4.2383E+02  1.9122E+02  1.5436E+02
0016525   4.2852E+02 -1.7137E+02  2.4742E+02
0016526   2.6590E+02  1.6933E+02 -3.7325E+01
0016527   3.2515E+02 -8.4903E+01  3.5346E+01
0016528   6.8209E+02 -1.1858E+02  2.6184E+01
0016529   2.0716E+02 -1.4375E+02  6.8674E+01
0016530   2.3774E+02  3.7845E+01  2.4011E+02
0016531   4.6145E+02  1.7655E+02  9.7314E+01
0016532   2.9676E+02 -5.7548E+01  2.3968E+02
0016533   1.2655E+02  4.0402E+01 -9.0321E+01
0016534   4.2023E+02  2.2552E+02  1.7019E+02
0016535   3.1442E+02 -2.7778E+02 -1.1176E+02
0016536   4.0321E+02  2.5926E+02 -1.5586E+02
0016538   1.2786E+02  8.0312E+01  8.0420E+01
0016539   7.0257E+02  3.6861E+01  2.5934E+01
0016540   2.9848E+02 -1.8902E+01 -5.5931E+01
0016541   2.9926E+01  6.3232E+01  2.2125E+02
0016542   4.3334E+02 -1.8614E+01 -1.3992E+02
0016543   3.4043E+02 -2.4824E+02 -3.9607E+02
0016544   2.4441E+02 -2.8593E+01  1.0643E+02
0016545   1.5307E+02  1.0175E+02 -8.8105E+01
0016546   3.3657E+02 -7.7203E+01  2.2840E+02
0016547   2.5677E+01  1.4568E+02 -2.8082E+02
0016548   3.6235E+02 -2.3614E+01 -9.8047E+01
0016549   2.2411E+02  2.0239E+02 -2.6534E+02
0016550   4.3905E+02 -9.0958E+00  2.3548E+02
0016551   5.0590E+02  9.4356E+01 -7.0929E+01
0016552   5.2810E+02 -7.1192E+01  7.9701E+01
0016553   1.7092E+02  3.7052E+01  4.3440E+01
0016554   1.1905E+02  1.4661E+02  1.5322E+02
0016555   3.3071E+02 -6.1719E+01  1.2636E+02
0016556   4.0719E+02  2.4660E+02  1.8072E+02
0016557   2.7151E+02  1.2765E+02 -8.9869E+01
0016558   1.6844E+02 -7.5806E+01 -6.7762E+01
0016559   2.3707E+02  2.9293E+02 -4.5761E+00
0016560   3.3142E+02  1.1378E+02  1.2419E+02
0016561   3.8597E+02 -4.2769E-01  1.3610E+02
0016562   1.7987E+02  3.2924E+01 -5.3743E+01
0016563   2.0167E+02 -2.2691E+02 -3.0715E+02
0016564   1.4129E+02 -3.0939E+02  2.7208E+01
0016565   4.5118E+02 -1.3954E+02  4.5679E+01
0016566   3.2566E+02 -1.4576E+02  3.1510E+01
0016567   1.8191E+02 -2.2385E+02  2.9476E+01
0016568   1.6347E+02  9.6090E+01 -3.0428E+02
0016569   6.3755E+02  1.0343E+02  9.4033E+00
0016570   1.7752E+02  8.3935E+00  1.3098E+02
0016571   5.6854E+01  2.6162E+01 -8.8078E+01
0016572   1.7393E+02 -1.7600E+02  1.0153E+01
0016573   2.7998E+02  9.2483E+01 -1.0857E+02
0016574   3.7755E+02 -2.8411E+02 -1.0868E+02
0016575   2.2009E+02 -2.3138E+02 -9.8141E+01
0016576   2.6342E+02  2.5754E+01 -1.3533E+02
0016577   3.5162E+02  1.4193E+02 -3.6084E+02
0016578   5.7355E+02 -3.6985E+02 -1.6111E+02
0016579   1.0487E+02  1.2354E+02  7.9913E+01
0016580   7.7076E+02  8.2317E+01  7.7534E+01
0016581   5.3924E+02 -1.8043E+02  2.6258E+02
0016582   2.9561E+01 -1.9324E+00  6.5676E+01
0016583   5.1547E+02  1.2160E+02  7.0901E+01
0016584   2.9153E+02  4.8817E+01 -1.3211E+01
0016585   2.8889E+02  1.5367E+02 -1.1404E+02
0016586   1.3827E+02 -7.0481E+00 -2.7824E+01
0016587   4.5710E+02  2.4848E+01 -1.8424E+01
0016588   9.1352E+01 -8.9690E+01  1.4095E+02
0016590   2.6186E+01  4.1436E+01 -3.2424E+02
0016591   2.0172E+02 -5.2464E+00 -2.3263E+01
0016592   1.8825E+02 -1.3714E+01  3.8120E+01
0016593   2.3337E+02 -2.5772E+01  7.0312E+01
0016595   3.2723E+02 -8.5281E+01  1.6785E+02
0016596   1.8765E+02  2.8053E+02  1.4260E+02
0016597   1.1758E+02 -1.5668E+02 -1.5414E+01
0016598   4.4497E+02 -3.0561E+02 -4.8951E+01
0016599   3.6269E+02  2.6423E+02 -9.7480E+01
0016600   4.1828E+02  2.0504E+02 -2.2677E+02
0016601   4.6646E+02  1.1336E+02 -3.3606E+02
0016602   4.9172E+02  1.3776E+02  6.0896E+00
0016603   1.6587E+02  7.4300E+01 -2.6288E+02
0016605   3.3151E+02 -7.8766E+01 -4.1784E+00
0016606   3.7272E+02 -1.5402E+02  8.7900E+01
0016607   1.0436E+02  1.1045E+01  1.0346E+02
0016608   3.4058E+02 -3.3196E+01 -1.2631E+02
0016609   2.1203E+02 -1.9091E+01  1.4043E+02
0016610   4.1314E+02  1.2897E+02 -1.1172E+01
0016611   2.6271E+02 -3.8793E+01 -9.9011E+01
0016612   2.6710E+02  2.5247E+02  6.9106E+01
0016613   3.5085E+02 -1.1157E+02 -1.5904E+02
0016614   2.5182E+02 -1.5726E+02  1.3090E+01
0016615   2.4051E+02  1.8451E+01  2.1129E+02
0016616   1.8072E+02 -8.1750E+01  2.8540E+02
0016617   2.3224E+02 -1.3650E+02 -8.5861E+00
0016618   2.6694E+02  1.6878E+02  2.8095E+02
0016619   4.3041E+02 -8.1432E+01  5.6156E+01
0016620   6.3300E+01  6.3549E+01 -1.2958E+02
0016621   2.4316E+02 -2.8488E+02  8.1065E+01
0016622   3.0409E+02  3.8673E+01  4.4942E+01
0016623   1.6123E+02 -2.3611E+02  1.9354E+01
0016624   3.0586E+02  2.3531E+02  3.9989E+01
0016625   8.8901E+01  2.5881E+00 -4.2780E+01
0016626   1.5392E+02 -2.0461E+02 -4.9687E+01
0016627   2.0764E+02 -6.4399E+01  1.7343E+02
0016628   1.3949E+02  6.6564E+01  1.3950E+02
0016629   1.4462E+02  1.8790E+02 -4.7816E+01
0016630   2.8098E+02 -3.3497E+02 -1.1318E+02
0016631   3.0361E+02  1.2270E+02 -9.6652E+00
0016632   3.0726E+02  5.4069E+01  9.9691E+00
0016633   3.9018E+02 -1.7348E+02 -1.6256E+02
0016634   5.8077E+02 -1.4961E+01 -1.3586E+02
0016635   2.2371E+02  2.4484E+01 -1.7092E+02
0016637   3.0224E+02 -2.8664E+02  1.3591E+02
0016638   2.7112E+02 -6.4791E+01  4.6401E+01
0016639   2.8347E+02 -9.7397E+01  2.5729E+01
0016640   5.1031E+02  2.6343E+01 -1.0238E+02
0016641   5.2523E+02  2.3982E+02  1.6119E+02
0016642   3.2928E+02  1.1815E+02 -5.2546E+01
0016643   1.4064E+02 -6.7599E+01 -1.4000E+02
0016644   2.1944E+02  3.6328E+01  1.9773E+02
0016645   3.1215E+02 -2.9874E+01  3.3839E+02
0016646   3.7967E+02 -1.4535E+02 -2.1667E+02
0016647   9.3035E+01 -2.2335E+02 -2.9346E+02
0016648   1.2722E+02 -1.5772E+01  2.5972E+01
0016649   1.0213E+02 -5.9496E+01 -1.1735E+02
0016650   2.1483E+02 -1.2348E+02 -8.8631E+01
0016651   6.2022E+02 -8.2017E+00 -1.0788E+02
0016652   4.3331E+02  1.7525E+02  1.9578E+02
0016653   2.8256E+02 -1.4465E+02 -1.1099E+02
0016654   3.7346E+02  3.2184E+02 -1.5243E+02
0016655   7.3908E+00  9.7190E+01 -9.8710E+01
0016656   1.4864E+02 -1.2242E+02  6.7690E+01
0016657   2.4329E+02 -2.5974E+00  6.7201E+00
0016658   1.8608E+02  1.3061E+02 -1.3778E+02
0016659   3.2046E+02 -4.6678E+01 -2.6637E+01
0016660   2.0708E+02 -9.1666E+01 -1.1360E+02
0016661   2.0086E+02 -4.7713E+01  1.8111E+02
0016662   1.1323E+02 -2.3370E+02 -1.6685E+02
0016663   4.0145E+02 -1.9472E+02  3.6169E+00
0016664   1.8262E+02 -1.7293E+02 -8.3420E+01
0016665   1.8704E+02  9.7230E+01  9.5523E+00
0016666   2.4294E+02 -1.0811E+02 -2.0411E+02
0016667   3.6682E+02 -1.0334E+02 -5.3149E+01
0016668   5.3222E+02  8.8417E+01  1.2171E+02
0016669   3.0422E+02  5.4869E+01  7.2892E+01
0016670   6.0368E+01 -3.1763E+02  1.4939E+02
0016671   1.3708E+02 -1.6778E+02 -5.3385E+01
0016672   1.2235E+02  2.2432E+02  1.0123E+02
0016673   3.7389E+02  2.4276E+01  1.4074E+02
0016674   2.2619E+02  2.1825E+02  1.8274E+02
0016675   3.9483E+02  2.4617E+02 -2.1368E+02
0016676   2.9013E+02 -8.2046E+01 -7.7688E-01
0016677   2.0151E+02  2.0856E+01 -4.9317E+01
0016678   1.8815E+02 -1.6517E+02  4.8732E+01
0016679   2.4279E+02  8.8471E+01  2.1202E+02
0016680   1.2650E+02  9.4475E+01  5.0247E+01
0016681   1.3265E+02 -2.7084E+01 -1.7039E+02
0016682   1.7923E+01 -1.4495E+02 -8.3297E+01
0016683   1.9126E+02 -5.8944E+01 -1.5598E+02
0016684   3.6445E+01  7.8439E+01  3.7484E+01
0016685   3.1846E+02  9.0958E+01 -1.3868E+02
0016686   6.5076E+02  8.3612E+01 -2.1701E+02
0016687   3.2590E+02  2.7163E+01  1.1543E+02
0016688   1.5370E+02 -4.3965E+01 -5.4881E+01
0016689   1.3491E+02  1.7885E+01 -1.6344E+02
0016690   6.9202E+02 -8.9603E+01  1.5404E+02
0016691   3.6406E+02  2.8321E+02  7.3189E+01
0016692   3.4012E+02  1.0505E+02  4.1995E+01
0016693   2.8345E+02 -2.0552E+02 -1.6466E+02
0016694   2.6661E+02 -2.3057E+02 -9.8643E+00
0016695   1.7505E+02  4.9502E+00  2.5320E+00
0016696   3.4745E+02 -3.9915E+01 -1.4601E+02
0016697   2.7088E+02 -4.3498E+01  4.5248E+01
0016698   2.9688E+02  1.0673E+02 -8.7063E+01
0016699   3.5302E+02 -6.3697E+01 -3.1206E+02
0016700   2.6363E+02 -1.5024E+02  3.2794E+02
0016701   1.8115E+02  3.7669E+01 -2.7057E+02
0016702   4.3871E+01 -9.7522E+01  5.2701E+01
0016703   2.3543E+02 -1.2588E+02 -6.8473E+01
0016704   3.0779E+02  9.5530E+01  1.1070E+02
0016705   1.3783E+02  3.2204E+02 -8.7849E+01
0016706   3.1912E+02  3.2333E+01 -1.5840E+02
0016707   3.4804E+02 -3.7259E+01 -5.6559E+01
0016708   3.3900E+02  1.0151E+02  2.6076E+02
0016709   5.0880E+02 -1.7593E+02 -2.2207E+02
0016711   2.1197E+02 -8.5503E-01 -1.9184E+02
0016712   4.0658E+02  3.0142E+01 -1.6685E+02
0016713   2.0575E+02 -1.9461E+02  8.7603E+01
0016714   2.1984E+02  1.5969E+00 -3.6389E+02
0016715   1.0485E+02 -1.5382E+02 -2.9780E+01
0016716   2.0887E+02 -1.1543E+01 -1.0799E+02
0016717   1.8958E+02  1.6557E+01 -2.1035E+01
0016718   2.9222E+02 -9.0475E+01 -4.1924E+01
0016719   1.2525E+02 -5.4382E+01  1.0586E+02
0016720   1.6511E+02 -6.5584E+01 -2.2584E+02
0016721   2.5295E+02 -1.1673E+02 -1.1864E+01
0016722   4.3347E+02 -3.0466E+02 -5.8721E+01
0016723   3.5011E+02 -4.4298E+01 -1.0009E+02
0016724   4.4428E+02  5.5462E+01  7.1233E+01
0016725   4.4904E+02  2.2543E+02  9.0666E+01
0016727   2.9018E+02 -1.5831E+01 -2.5388E+02
0016728   3.5434E+02 -1.3675E+02  8.3544E+01
0016729   2.7522E+02  1.7170E+02  8.7042E+01
0016730   3.7250E+02  9.3768E+00  9.7976E+01
0016731   1.8361E+02 -2.1679E+01  1.1116E+02
0016732   1.8403E+02 -1.1836E+02  3.3852E+01
0016733   1.2943E+02 -2.4559E+01  8.3894E+01
0016734   2.4121E+02 -7.6096E+01 -6.0229E+01
0016735   4.2683E+02 -1.1055E+02  1.2893E+02
0016736   3.5262E+02 -1.6853E+02 -7.0058E+01
0016737   3.2542E+02  1.4742E+02  1.3122E+01
0016738   2.6904E+02 -1.7793E+02  4.6773E+01
0016739   2.8720E+02 -2.2827E+02 -1.2729E+01
0016740   2.8294E+02 -3.0856E+01 -3.2197E+01
0016741   2.3547E+02  7.7568E+01  2.4191E+02
0016742   5.6498E+02 -1.1273E+02  1.3968E+02
0016743   2.8801E+02  1.0983E+02 -1.2593E+02
0016744   2.6444E+02  4.4149E+01 -1.0007E+02
0016745   1.3757E+02 -1.9643E+00 -1.1199E+02
0016746   4.7719E+02 -1.8412E+02  1.0329E+02
0016747   2.5278E+02  1.8539E+02 -8.2461E+01
0016748   3.8085E+02 -3.3337E+02  1.7397E+01
0016749   2.2339E+02  2.4721E+02 -2.8395E+01
0016750   2.0721E+02 -6.3045E+01 -3.5031E+01
0016751   3.9566E+02  2.6711E+02 -1.1480E+02
0016752   4.7380E+02 -2.2154E+02 -2.6971E+02
0016753   5.7294E+02 -6.0568E+01  1.1161E+02
0016754   4.8468E+02 -1.3607E+02  3.5085E+02
0016755   2.7055E+02 -9.7113E+01  2.7839E+02
0016756   2.7443E+00 -2.0939E+02  5.4477E+01
0016757   1.4142E+02  7.2120E+01 -6.0964E+01
0016758   3.3361E+02 -8.6277E+01 -8.4857E+01
0016759   4.5444E+02 -4.7971E+00 -2.3127E+02
0016760   1.9419E+02  1.8279E+02  7.3934E+01
0016761   1.7729E+01  1.0905E+02  1.3628E+02
0016762   3.8613E+02 -1.9324E+01 -1.5680E+02
0016763   3.7729E+02  5.9309E+01 -3.8561E+01
0016764   1.5014E+02 -1.4948E+02 -9.7612E+01
0016765   4.7130E+02  4.7669E+01 -1.6559E+02
0016766   1.1800E+02 -2.6881E+02  1.4913E+02
0016767   1.6173E+02 -1.9152E+01  1.0018E+02
0016768   4.1672E+02  6.0467E+00  1.2869E+02
0016769   2.0372E+02  5.1592E+01 -2.0385E+02
0016770   5.7037E+02 -8.6512E+00 -3.7649E+02
0016771   5.9649E+01 -1.1067E+01  8.2961E+01
0016772   3.0039E+02 -1.2562E+02 -4.5604E+01
0016773   2.1950E+01 -2.7093E+01 -2.4996E+02
0016774   2.0696E+02 -1.0284E+02 -1.9124E+01
0016775   2.1165E+02  5.2723E+01 -1.5485E+01
0016776   3.0641E+02  2.0521E+02 -3.4082E+02
0016777   3.4385E+02  1.3928E+00 -5.1827E+01
0016778   3.1174E+02 -1.1631E+02  1.4784E+02
0016779   4.3588E+02 -1.5464E+02  5.0904E+01
0016780   1.4383E+02  2.8154E+02  2.7038E+02
0016781   8.1982E+01 -9.6551E+00 -2.9701E+02
0016782   3.4644E+02  3.6385E+01  1.2414E+01
0016783   4.2363E+02  5.4623E+01  1.2501E+02
0016784   3.3818E+02 -9.2219E+01 -9.9181E+01
0016785   1.8660E+02  7.2367E+01  1.6447E+01
0016786   3.7394E+02  2.7256E+01  4.6291E+01
0016787   1.9352E+02 -1.2020E+02 -2.5195E+01
0016788   3.1509E+02  1.8006E+02 -2.2915E+02
0016789   3.0283E+02 -1.4361E+02 -4.3149E+00
0016790   3.2604E+02 -3.2229E+01 -3.7571E+01
0016791   2.9892E+02 -1.3503E+02  9.5007E+01
0016792   3.3668E+02  2.1532E+01 -1.5063E+01
0016793   1.4397E+02 -2.1737E+01 -1.2287E+02
0016794   2.8762E+02  3.9348E+02 -1.6777E+02
0016795   2.9414E+02  9.6514E+01  1.2272E+01
0016796   1.5927E+02 -9.0033E+01 -8.0634E+01
0016797   9.7288E+01 -3.6264E+01  3.3848E+01
0016798   1.8298E+02  1.0411E+02 -1.5374E+02
0016799   2.0187E+02  4.6475E+01  4.4896E+00
0016800   5.6595E+02 -1.5804E+02  1.4880E+02
0016801   1.7161E+02  2.3360E+02 -6.9656E+01
0016802   3.4948E+02 -1.0977E+01 -5.9854E+01
0016803   5.2300E+02 -6.5392E+01  1.8921E+02
0016804   1.7238E+02  1.7184E+01  1.1667E+02
0016806   5.6492E+02 -5.9497E+01 -2.8940E+02
0016808   2.7719E+01  1.3253E+02 -2.4274E+01
0016809   4.7592E+02 -6.9789E+01 -4.5541E+01
0016810   2.8922E+02 -6.3056E+00 -2.1964E+01
0016811   3.7019E+02  2.0456E+02  4.0180E+01
0016812   2.3985E+02 -2.0218E+02 -2.9258E+01
0016813   7.7778E+01  1.7586E+02  1.4035E+02
0016814   9.7795E+01 -9.3012E+01  3.4774E+01
0016815   4.0782E+02  6.7312E+01 -5.1393E+01
0016817   3.3178E+02 -1.7621E+02  8.8746E+01
0016818   4.0672E+01 -1.8626E+01 -7.5543E+01
0016819   3.1326E+02  1.7424E+01  1.0213E+02
0016820   3.1226E+02 -2.6608E+01  1.2950E+02
0016821   4.8083E+02  4.0134E+00 -1.3278E+02
0016823   4.2715E+02 -4.2952E+01  4.6823E+01
0016824   3.7944E+02  2.9134E+01 -1.0615E+02
0016825   3.1386E+02 -1.5702E+02 -4.5679E+01
0016826   2.4835E+02  4.9064E+01  4.0182E+02
0016827   5.6548E+02 -1.2793E+02  2.9641E+02
0016828   4.8906E+02 -1.8446E+02  2.2194E+01
0016829   1.5684E+02  3.7946E+01  1.4136E+01
0016830   4.3272E+02 -3.5815E+02 -1.3315E+01
0016831   4.7371E+02 -4.4302E+01 -3.6467E+01
0016833   1.3226E+02 -3.5400E+01 -5.4164E+01
0016834   1.0266E+02 -1.6983E+02  2.2557E+02
0016836   3.0447E+02 -7.9105E+01  1.3689E+02
0016837   3.3132E+02 -1.4032E+02 -2.3467E+02
0016838   8.5853E+01 -2.3262E+01 -6.9249E+01
0016839   3.0774E+02  3.7651E+01  7.4749E+00
0016840   3.5411E+01  2.9366E+00 -7.3630E+01
0016841   1.7494E+02  1.9019E+02  9.3505E+01
0016842   3.7023E+02  1.0672E+02 -1.6038E+02
0016843   8.0078E+01  2.1081E+02 -1.2064E+02
0016844   3.4979E+02  1.4753E+02  1.9210E+02
0016845   1.6367E+02 -1.2671E+02  9.6597E+01
0016846   2.0706E+02 -3.4360E+01 -7.5032E+01
0016847   3.5079E+02 -5.4770E+00  5.8760E+01
0016848   2.9253E+02  2.1947E+01 -9.8696E+01
0016849   3.8461E+01 -2.3026E+01  9.4660E+01
0016850   2.9625E+02 -2.8882E+01  3.1968E+01
0016851   3.7678E+02  5.5178E+01  7.6637E+00
0016852   1.2365E+02  2.1710E+01  6.7644E+01
0016853   4.1582E+02 -9.9907E+01  2.8196E+02
0016854   1.6868E+02 -7.9685E+00 -8.8696E+01
0016855   6.7231E+01 -2.4031E+02 -7.7926E+01
0016856   1.6764E+02  3.7488E+00  2.0637E+02
0016857   6.6996E+01 -1.0582E+02  4.4203E+01
0016858   3.8551E+02 -1.5241E+02  1.2374E+00
0016859   1.6160E+02  3.0162E+00  7.3642E+01
0016860   4.8791E+02 -2.9948E+01  2.0393E+02
0016861   3.2120E+02  2.4495E+01 -2.0075E+02
0016862   3.6267E+02 -3.2405E+00 -2.2974E+02
0016863   4.3028E+02 -5.3344E+01 -2.9203E+01
0016864   1.3744E+02 -1.2987E+02  1.5528E+01
0016865   1.7086E+02 -2.4967E+00  5.7747E+01
0016866   2.4678E+02 -9.5155E+00 -2.8453E+02
0016867   9.8240E+01  1.7951E+02 -8.6631E+01
0016868   1.6881E+02  7.7398E+01  5.7725E+01
0016869   1.0058E+02  1.6130E+02 -4.4409E+01
0016870   5.3068E+02 -9.1329E+00  1.5198E+02
0016871   1.9697E+02  8.5135E+01  6.4110E+01
0016872   1.4212E+02 -3.9260E+01  4.5956E+01
0016873   1.6572E+02  2.2636E+02  5.3958E+01
0016874   2.6085E+02 -1.1176E+02  2.2398E+02
0016875   2.4709E+02  1.5382E+02 -2.0234E+02
0016876   5.4581E+01 -2.0634E+01 -5.7823E+01
0016877   8.1448E+01  1.3097E+02  2.3053E+00
0016879   4.1590E+02  4.9142E+01 -4.8854E+00
0016880   2.0656E+02  3.6424E+01  1.3646E+02
0016881   4.8290E+02 -6.9740E+01 -8.5749E+01
0016882   1.7640E+02 -1.1015E+02  1.9628E+01
0016883   4.4917E+02 -1.0949E+02  1.5544E+02
0016884   2.6497E+02 -1.3941E+01  3.3221E+02
0016885   1.6166E+02  7.8678E+01  3.3124E+02
0016886   2.5473E+02 -9.4765E+01  2.4243E+02
0016887   1.0481E+02 -7.3699E+01  1.2232E+02
0016888   3.7147E+02 -4.9746E+01  2.2920E+01
0016890   7.8597E+01  6.0861E+01  1.4978E+01
0016891   2.9056E+02  1.0708E+02  1.0500E+02
0016892   1.4463E+02 -3.8742E+01  1.0039E+02
0016893   3.8396E+02  1.2515E+01  3.2942E+01
0016894   1.1971E+02  7.3848E+01  1.1413E+02
0016895   5.6989E+02 -1.0597E+02 -9.3185E+01
0016896   3.0016E+02 -1.1602E+02  1.2492E+02
0016897   2.9212E+02 -2.4186E+02  3.9562E+01
0016898   4.0112E+02 -5.8931E+01  8.5337E+01
0016899   7.7665E+00 -1.2752E+02  1.1479E+02
0016900   2.6628E+02  1.3438E+02  2.5457E+01
0016901   2.8892E+02  1.4113E+02  1.3458E+02
0016902   1.3834E+02  2.0355E+02 -5.7525E+01
0016903   2.3300E+02 -5.4710E+01 -1.4354E+02
0016904   3.5856E+02  2.2609E+02 -2.3033E+02
0016905   2.2673E+02 -1.0160E+02 -1.0406E+02
0016906   1.0226E+02 -5.8357E+01  3.2845E+01
0016907   3.4232E+02 -1.6051E+02  2.6934E+02
0016909   3.7856E+01  9.9617E+01 -1.8278E+02
0016910   2.0325E+02 -4.9315E+01  1.0288E+02
0016911   1.1013E+02  1.7206E+02  2.4941E+02
0016912   3.9636E+02  8.8040E+01  1.7918E+01
0016913   2.5986E+02 -3.3063E+01  2.6623E+01
0016914   3.4684E+02 -2.1151E+01 -9.1474E+01
0016915   5.5388E+01 -2.5767E+01  8.4305E+01
0016917   8.8590E+01 -1.3300E+02  3.5963E+01
0016918   2.2181E+02 -2.2059E+01  8.8149E+01
0016919   2.2127E+02 -1.5609E+02 -1.9604E+02
0016920   2.2908E+02 -2.6142E+02 -2.1456E+02
0016921   5.2421E+02  1.4749E+01 -3.3407E+02
0016922   4.9301E+02  1.9751E+02  3.8132E+01
0016923   2.9037E+02  3.6449E+01  1.8588E+02
0016924   5.6313E+01 -4.8904E+01 -2.8177E+00
0016925   3.8959E+02 -3.2876E+01  2.8313E+01
0016926   3.8949E+02  2.0063E+02 -9.8032E+01
0016927   1.7373E+02  4.0775E+01 -3.3970E+01
0016928   3.0082E+02 -1.2967E+02  7.2707E+01
0016929   1.9716E+02  2.5540E+02  2.6283E+02
0016930   3.3154E+01  1.4995E+02 -5.3250E+01
0016931   3.7757E+02 -5.6169E+01 -2.2038E+02
0016932   4.2785E+01  4.8862E+00 -1.6602E+02
0016933   6.9642E+01 -2.1449E+01 -1.3379E+02
0016934   5.1774E+02 -5.4519E+00  2.2483E+02
0016935   2.2387E+02  2.1339E+02 -1.8326E+02
0016936   4.8178E+02  1.1683E+02 -1.0996E+01
0016937   6.2122E+01 -8.5963E+01 -1.4063E+01
0016938   1.6521E+02  5.4712E+01 -8.8872E+01
0016939   3.3671E+02 -1.1761E+02 -7.5231E+00
0016940   4.9385E+02  1.6608E+02 -2.5419E+02
0016942   1.6571E+02 -1.2204E+00 -7.9669E+01
0016943   2.9752E+02 -2.7609E+02  5.9110E+01
0016944   2.6060E+02 -2.1481E+02 -2.5884E+02
0016945   1.2387E+02  2.2929E+02  1.8576E+02
0016946   4.2206E+02 -1.9554E+02  2.2209E+02
0016947   7.6268E+02 -1.5586E+02 -9.3952E+01
0016948   3.5291E+02 -1.8113E+01 -5.5437E+00
0016949   1.0755E+02  1.7647E+02 -5.8621E+01
0016951   2.7123E+02 -1.9496E+02 -1.7249E+02
0016952   1.8674E+02 -2.7768E+02 -6.9761E+01
0016953   3.2106E+02  9.1286E+01 -8.3752E+01
0016954   8.7037E+01  1.1374E+02  3.6231E+01
0016955   3.0705E+02 -8.0526E+01 -9.0086E+01
0016956   2.0217E+00  5.9793E+01 -9.4487E+01
0016957   5.9897E+02 -3.1426E+02  1.7800E+02
0016958   1.7755E+02  6.5460E+01  1.6966E+02
0016959   1.5084E+02 -1.7544E+02 -1.0054E+02
0016960   4.3104E+02 -1.6957E+02  3.1429E+01
0016961   1.8192E+02 -4.2581E+02 -8.4439E+00
0016962   2.5692E+02 -1.1496E+01  1.1090E+01
0016963   2.8366E+02  8.0159E+01 -3.9412E+01
0016964   8.1941E+01 -8.8075E+01  1.1792E+02
0016965   3.4089E+02 -6.5224E+01  1.9623E+02
0016966   4.8765E+02 -3.4917E+02  1.4643E+02
0016967   1.6044E+02 -3.8689E+01  7.0717E+00
0016968   2.5152E+02  1.5853E+02  6.0115E+01
0016969   1.9159E+02  4.6454E+01 -1.0653E+02
0016970   3.0040E+02  2.4057E+01  2.6358E+01
0016971   1.7697E+02  1.6800E+02 -1.2971E+02
0016972   4.0602E+02 -5.4068E+01 -2.0795E+02
0016973   5.7418E+02 -1.0375E+02 -1.5152E+02
0016974   2.7443E+02 -6.3769E+00  1.1873E+01
0016975   4.0425E+02 -2.5163E+02 -1.6023E+01
0016976   3.5984E+02  2.2875E+02 -3.5272E+01
0016977   2.2214E+02  5.7695E+01 -1.0365E+02
0016978   2.6303E+02 -7.6012E+01 -1.9556E+02
0016979   7.5785E+01 -9.0373E+01 -4.6227E+01
0016980   6.2921E+02  1.6174E+02  9.6082E+01
0016981   3.6824E+02 -1.2569E+02  9.9903E+01
0016982   4.2190E+02 -8.6172E+01 -9.7950E+01
0016983   3.0281E+01 -1.2099E+01 -1.9284E+01
0016984   2.0189E+02 -7.0176E+01 -1.1821E+02
0016985   4.2716E+02  7.7748E+00 -4.7192E+01
0016986   1.5905E+02 -4.4873E+02 -6.2613E+01
0016987   3.2858E+02  1.3472E+02  1.8347E+02
0016988   1.1907E+02 -1.5613E+02  8.1677E+01
0016989   3.1292E+02 -8.3643E+01 -2.0153E+02
0016990   4.0774E+02 -1.2051E+02 -1.2389E+02
0016991   5.1648E+02  2.3974E+02  9.5015E+01
0016992   3.0571E+02  4.1681E+01  5.7623E+01
0016993   4.8599E+02 -1.5427E+01  2.7340E+02
0016994   1.6125E+02 -2.2734E+02  7.1926E+01
0016995   8.0837E+01 -2.2479E+01 -5.5999E+01
0016996   4.9612E+01 -2.8472E+01 -2.8322E+01
0016997   2.8104E+02 -5.6830E+01  6.5599E+01
0016998   6.0855E+02 -5.5996E+01 -1.2384E+02
0017000   3.3467E+02  1.1470E+00  1.0281E+02
0017001   1.6298E+02  2.9229E+00  3.1238E+01
0017002   1.3672E+01 -1.2741E+02 -9.9749E+01
0017003   4.9908E+02  3.7949E+01 -7.8718E+01
0017004   9.6080E+01 -1.3781E+02 -1.3897E+02
0017005   2.9493E+02 -4.9622E+01 -2.0525E+01
0017006   2.2442E+02 -4.3019E+01 -2.3134E+02
0017007   2.4794E+02 -1.8095E+02  5.7414E+01
0017008   2.4202E+02  5.0000E+01 -8.6444E+01
0017009   5.4811E+02 -1.0527E+02  1.1092E+02
0017010   4.4778E+02 -1.1032E+02  5.8888E+00
0017011   2.8455E+02 -1.6034E+02 -1.0105E+02
0017013   2.8694E+02  1.2202E+02 -2.5021E+02
0017014   4.8876E+02 -6.9230E+01  1.4410E+02
0017015   2.1519E+02 -1.1408E+02  1.6205E+01
0017016   3.7887E+02 -1.9377E+02 -3.9291E+01
0017017   2.6430E+01  1.9017E+01  3.4953E+02
0017018   5.0439E+02 -8.4272E+01 -2.2179E+02
0017019   4.1436E+02 -2.1034E+02 -1.4163E+02
0017020   3.7603E+02 -2.7480E+02  9.9522E+01
0017021   5.0884E+02  4.1081E+02 -4.2202E+01
0017022   5.8763E+02 -5.0445E+01 -1.8425E+02
0017023   2.0481E+02 -2.1196E+02 -2.1102E+01
0017024   1.2472E+02 -1.6901E+02 -1.0938E+02
0017025   2.0589E+02 -1.6971E+02  2.7297E+02
0017026   1.7669E+02  1.7498E+02  2.1761E+00
0017027   3.1956E+02  3.4130E+01  5.2596E+01
0017028   2.9500E+02 -2.5005E+02  1.7392E+02
0017029   5.1921E+02 -1.7971E+01 -3.8057E+01
0017030   1.4504E+02 -9.8555E+01  8.1165E+01
0017031   1.0750E+02  9.4988E+01 -1.7176E+01
0017032   3.5030E+02 -7.5127E+01 -1.1883E+02
0017033   1.7238E+02 -5.1100E+01 -8.5699E+01
0017034   2.8010E+01  9.2601E+01 -4.4993E+01
0017035   3.0346E+02 -8.4873E+00 -8.8496E+01
0017036   5.0198E+02  1.1448E+02 -1.4388E+02
0017037   4.2996E+02  9.2984E+01  4.7597E+00
0017038   2.6594E+02  6.4324E+01 -3.3866E+01
0017039   2.5181E+02  1.0356E+02  4.1475E+00
0017040   4.3389E+02 -8.1633E+01  4.5229E+02
0017041   5.1789E+02 -5.1412E+01 -6.7756E+01
0017042   3.4724E+02 -9.5285E+01 -5.9434E-01
0017043   2.4296E+02 -6.3333E+01  3.5709E+01
0017044   3.4761E+01  7.0935E+01  2.0225E+02
0017045   4.2705E+01  1.7378E+02 -1.1915E+02
0017046   4.2734E+02  4.8319E+01  7.1827E+01
0017047   2.3705E+02  1.4721E+02  4.5848E+01
0017048   4.3859E+02  1.2535E+01  1.3713E+02
0017049   2.7405E+02 -1.4597E+02  1.7453E+02
0017050   2.2356E+02  4.0183E+01 -8.2541E+01
0017051   2.8683E+02  3.5991E+01  3.8737E+01
0017052   9.7703E+01  3.8651E+01 -1.8773E+01
0017053   4.4990E+02 -6.8252E+01 -6.8450E+01
0017054   2.9225E+02 -2.0620E+02 -1.8038E+02
0017055   1.7482E+02 -5.8101E+01 -1.0464E+02
0017056   1.4661E+02  1.1492E+02  7.8620E+01
0017057   1.7675E+02  2.9249E+02  9.1573E+01
0017058   2.2794E+02 -1.3548E+00 -6.2190E+01
0017060   3.2810E+02 -5.0470E+01  8.5079E+01
0017061   2.9484E+02 -4.6476E+01 -1.3432E+02
0017062   1.2841E+02 -1.7783E+01  1.1385E+02
0017063   5.0348E+02 -1.9733E+02 -7.8469E+01
0017064   3.7355E+02 -6.7041E+01  1.4087E+02
0017065   1.4860E+02 -1.2570E+02  4.4291E+01
0017066   6.8164E+02 -4.6429E+01  9.4075E+01
0017067   2.8455E+02 -1.5793E+01  1.5305E+02
0017068   2.4511E+02  1.1088E+02 -7.1588E+01
0017069   6.1167E+02  7.0817E+01  1.0501E+02
0017070   1.8484E+02 -5.2395E+01 -4.2096E+02
0017071   5.2297E+01  1.2719E+02 -6.2271E+01
0017072   5.5521E+02  2.9605E+02 -4.2441E+01
0017073   2.0796E+02  5.5744E+01  6.0634E+01
0017074   4.5915E+02 -1.4318E+02 -9.0017E+01
0017075   9.0883E+01  1.9066E+00  3.1180E+02
0017076   5.1076E+02  9.7425E+01 -8.8513E+01
0017077   6.1939E+02  4.2145E+01 -7.9838E+01
0017078   6.5914E+01 -8.1850E+01  1.1927E+02
0017079   2.3266E+02 -3.4138E+02 -3.5319E+02
0017080   5.4027E+02 -6.2096E+01 -7.2545E+01
0017081   1.0346E+02 -3.7375E+00  6.2199E+01
0017082   4.2669E+02  8.5204E+01 -1.2081E+02
0017083   2.8109E+01  7.0993E+01  3.1795E+01
0017084   2.8231E+02 -1.7746E+02  1.3901E+02
0017085   2.1637E+02 -5.1842E+01 -4.4500E+00
0017086   2.6436E+02  1.6545E+02 -1.1411E+02
0017087   3.6831E+02 -6.3435E+00  6.3205E+01
0017088   4.7659E+02 -2.4803E+01  2.3531E+02
0017089   3.0017E+02  2.2282E+02  1.1056E+02
0017090   2.6519E+02 -1.4374E+02  7.1024E+00
0017091   1.9947E+02 -1.3360E+02 -1.8912E+02
0017092   3.9387E+02  4.9766E+01 -5.8020E+01
0017093   3.4160E+02 -5.2693E+01  2.0916E+02
0017094   3.4925E+02 -1.3621E+02 -7.5505E+01
0017095   2.3689E+02 -7.5164E+01 -6.9220E+01
0017096   1.1929E+02 -1.7298E+01 -3.1415E+01
0017097   1.8031E+02 -2.5270E+01 -1.8656E+02
0017098   6.0781E+02  3.8361E+01  3.8291E+01
0017099   2.1042E+02 -1.1131E+01 -1.8218E+02
0017100   2.3526E+02 -2.3679E+02 -4.0557E+01
0017101   2.1277E+02  9.3397E+01  1.8343E+02
0017102   4.5675E+01 -6.9112E+00 -1.2138E+02
0017103   1.9822E+02  4.9146E+00 -3.1302E+01
0017104   1.8806E+02  3.6605E+02  1.5959E+02
0017105   1.5562E+02  7.8006E+01 -3.1400E+00
0017107   2.4091E+01 -1.1073E+01  1.9632E+01
0017108   2.9440E+02  1.6477E+02 -1.1727E+02
0017109   9.8861E+01  2.3838E+02  4.7490E+01
0017110   1.4646E+02  5.8931E+01  6.2073E+01
0017111   2.1990E+02  3.4691E+00 -8.8584E+01
0017112   4.3011E+02 -1.5261E+02  3.9207E+01
0017113   2.7420E+02 -2.5483E+02 -5.2763E+01
0017114   2.7676E+02  7.7974E+01 -1.3377E+02
0017115   3.7982E+02  3.4008E+01 -1.6397E+01
0017116   8.6049E+01  7.0239E+00 -6.6081E+01
0017117   1.1403E+02  1.9772E+01 -1.4802E+02
0017120   5.7361E+02 -7.3059E+01 -1.5109E+02
0017121   2.5653E+02  4.4141E+01  2.5866E+01
0017122   2.5820E+02  1.0759E+02  4.3738E+01
0017123   3.3807E+02 -3.7576E+01 -1.2652E+02
0017124   2.5485E+02 -8.7807E+00 -2.5348E+02
0017125   8.6341E+01  1.0342E+01 -1.8435E+02
0017126   9.0564E+01 -4.3108E+01  1.8638E+02
0017127   4.4994E+02 -9.3961E+01  8.7022E+01
0017128   2.2362E+02  2.7590E+02  1.2226E+02
0017129   5.7296E+02 -6.6722E+01  1.6091E+02
0017130   2.8174E+02 -1.4226E+02  7.5120E+01
0017131   3.7247E+02  3.8687E+01 -9.4619E+01
0017132   2.1428E+02 -2.7378E+01 -1.3993E+02
0017133   3.2256E+02 -4.8157E+01  2.3773E+01
0017134   1.8210E+02  4.8236E+01 -6.6696E+01
0017135   2.7219E+02 -1.6170E+02  2.7952E+01
0017136   1.4111E+02 -2.9006E+01 -1.1124E+02
0017137   2.8159E+02  1.8775E+02 -1.8614E+02
0017138   3.3780E+02 -4.8208E+01  1.1331E+02
0017139   1.1420E+02  9.8793E+00 -7.1722E+01
0017140   2.8706E+02 -1.3204E+02 -7.6017E+01
0017141   1.0211E+02 -1.4140E+02  6.2885E+01
0017142   1.7021E+02 -3.6152E+01  4.3503E+01
0017143   3.1797E+02  1.0561E+02  2.2264E+02
0017144   2.7621E+02 -1.8033E+02  4.0552E+01
0017146   4.5693E+02 -1.2960E+02 -1.1966E+02
0017147   2.2629E+02  2.0646E+01  2.4304E+02
0017148   1.9073E+02  5.6250E+00 -1.0678E+01
0017149   2.0289E+02  1.1173E+02 -9.4617E+01
0017150   1.0728E+02  1.1723E+02  1.3500E+01
0017151   3.3727E+02 -1.6267E+02  1.8775E+02
0017152   2.9498E+02 -9.0903E+01 -4.2770E+01
0017153   3.5666E+02  4.2305E+01 -1.8923E+02
0017154   3.9879E+02 -4.1415E+01  8.9924E+01
0017155   5.4059E+02  6.9912E+01 -2.6206E+02
0017156   4.1380E+02  9.5621E+01 -2.4501E+01
0017157   3.3554E+02  6.3085E+01 -9.5377E+01
0017158   6.2486E+01 -1.4136E+02 -8.2954E+01
0017159   1.6539E+02  3.9099E+00  2.8648E+01
0017160   1.1430E+02  8.4804E+01 -1.0615E+02
0017161   3.3211E+02  7.2319E+01  2.1035E+02
0017162   3.8038E+02  2.7856E+02 -3.5123E+02
0017163   2.5209E+02  2.2917E+02 -5.9845E+01
0017164   4.1400E+02  1.2801E+02  2.4002E+02
0017165   2.6067E+02 -1.4618E+02 -8.6990E+01
0017166   2.9631E+02  3.1316E+02 -1.8256E+01
0017167   5.4321E+02  8.4263E+00  1.4850E+02
0017168   2.1885E+02 -1.1008E+02  8.4789E+01
0017169   1.2702E+02 -1.7557E+02  2.2877E+01
0017170   1.9994E+01 -4.3957E+01 -2.8965E+01
0017171   4.8331E+01 -1.3848E+02 -1.3340E+02
0017172   1.1352E+02 -1.9482E+01 -2.2230E+01
0017173   4.2761E+01 -4.3725E+01 -3.0262E+01
0017174   1.3242E+02 -5.7230E+01  8.4952E+01
0017175   5.7849E+02 -2.3522E+01  9.4042E+00
0017176   9.2187E+01 -7.4496E+01 -1.2409E+02
0017177   3.7197E+02 -1.2886E+02  1.0502E+02
0017178   5.5486E+02  4.6912E+01 -3.0692E+02
0017179   4.2578E+02 -1.0582E+02 -1.3642E+02
0017180   3.6106E+02 -9.2265E+01  3.4112E+01
0017182   2.4597E+01 -1.2197E+02 -1.1055E+02
0017183   2.3275E+02  1.0392E+02  1.8093E+01
0017184   1.7919E+02  1.2820E+02 -3.8917E+02
0017185   1.3414E+02  3.1985E+01  1.3009E+02
0017186   5.7739E+02 -2.1416E+02 -1.7548E+01
0017187   3.9780E+02  1.0030E+02  4.8725E+01
0017188   5.6650E+02  9.3672E+01 -7.9613E+01
0017189   1.6087E+02 -6.7276E+00  2.2859E+01
0017191   3.9757E+02 -1.4744E+01  2.5377E+02
0017192   4.2706E+02 -1.8060E+02 -4.8787E+00
0017193   2.8270E+02 -9.8201E+01  8.7086E+01
0017194   2.4708E+02  1.4290E+02  1.9975E+02
0017195   2.5310E+02 -3.3877E+00  3.2553E+01
0017196   1.6785E+02 -1.0662E+02  1.0875E+01
0017197   3.4228E+02  8.2050E+01 -1.4292E+02
0017198   1.5944E+02  2.4650E+01 -1.6733E+02
0017199   1.0574E+02  9.0161E+01 -1.4736E+01
0017200   2.2402E+02 -9.7503E+00 -6.7248E+01
0017201   2.4639E+02 -1.4097E+02  9.5349E+01
0017202   5.3155E+02  6.2647E+01 -1.4266E+02
0017203   4.3728E+02  1.4164E+02  5.8773E+01
0017204   4.8993E+02 -1.5962E+01 -2.2527E+02
0017205   3.3210E+02 -1.4483E+02  1.3390E+02
0017206   1.5572E+02 -7.7215E+01 -2.1335E+01
0017208   6.8855E+02 -1.4359E+02 -7.6526E+01
0017209   3.8413E+02 -1.0275E+02 -6.9442E+01
0017210   7.5059E+01 -3.4216E+01  8.7054E+00
0017211   4.2543E+02  3.2162E+01 -2.9618E+01
0017212   2.4145E+02  7.8032E+01 -6.0851E+00
0017213   1.3566E+02  1.3655E+02  1.4491E+02
0017214   2.7889E+02  6.3120E+01  7.7078E+01
0017215   1.0230E+02  2.7515E+02 -2.3771E+02
0017216   3.5964E+02 -6.8629E+01  8.1654E+01
0017217   2.6617E+02 -9.4365E+01  5.6096E+01
0017218   1.2166E+02 -7.1939E+01 -1.2990E+02
0017219   1.6995E+02  5.1072E+01  6.5296E+01
0017220   1.2720E+02 -2.7988E+01  1.7569E+01
0017221   3.6494E+02  3.3594E+02 -1.7457E+02
0017222   2.4435E+02 -3.4322E+02 -2.0909E+01
0017223   4.0277E+02  4.1351E+01  1.7623E+02
0017224   2.3584E+02 -6.4110E+01  4.3760E+01
0017225   1.0545E+02  2.0842E+01  9.6178E+01
0017226   2.3089E+02 -3.4743E+02  1.3805E+02
0017227   2.8394E+02  2.6570E+02  8.9029E+00
0017228   2.4874E+02 -4.4320E+01  6.2604E+01
0017229   2.4814E+02  5.2721E+01  8.5791E+01
0017230   2.8866E+02  1.6055E+02 -2.4999E+02
0017231   2.2690E+02  8.7587E+01 -2.1467E+02
0017232   1.8121E+01  1.2703E+02 -3.8909E+01
0017234   4.5251E+02  1.0287E+01  1.1694E+02
0017235   5.3721E+02  2.8984E+02  2.3613E+02
0017236   1.1101E+02  1.3244E+02  6.5052E+01
0017237   2.0845E+02  4.2793E+01  6.2077E+01
0017238   3.5988E+02 -1.3084E+02 -1.3358E+02
0017239   2.8072E+02  2.7715E+01  4.1320E+01
0017240   2.0536E+02  1.7744E+02 -4.3612E+01
0017241   2.7271E+02  1.0244E+02  1.5358E+01
0017242   4.0729E+02  3.3000E+01 -2.3404E+02
0017243   3.7142E+01 -8.3022E+01 -2.8113E+02
0017244   1.3874E+02  1.3550E+02 -1.3429E+02
0017245   4.9211E+02  2.3750E+02 -2.4208E+01
0017246   1.8714E+02  3.4301E+01  7.4226E+01
0017247   2.8119E+02 -3.4452E+01 -1.5221E+02
0017248   2.6402E+02 -2.2473E+01 -4.9614E+01
0017249   3.1600E+02  5.6388E+01  8.6306E+01
0017250   3.4673E+02  1.3573E+02 -3.3732E+02
0017251   3.3744E+01 -4.7623E+01 -6.5496E+01
0017252   1.9888E+01 -5.4377E+01 -9.4696E+00
0017253   3.2736E+02 -4.2978E+01  2.0721E+02
0017255   1.6200E+02  6.2488E+01 -3.6462E+01
0017256   1.7559E+02  5.9037E+01  7.5139E+01
0017257   2.2080E+02 -2.3431E+00  2.5766E+02
0017258   3.3000E+02  6.6158E+01 -1.5891E+02
0017259   2.2543E+02 -3.2737E+02  1.2645E+02
0017261   6.6277E+02  1.5779E+01  1.0245E+02
0017262   4.5573E+02 -1.2693E+02  1.7696E+02
0017263   2.0590E+02 -2.8095E+01  1.0897E+02
0017264   2.3046E+02  6.5803E+01  6.7373E+01
0017265   2.1071E+02  1.7238E+02  3.9284E+01
0017266   2.5864E+02  4.5974E+01  6.7850E+01
0017267   5.5000E+01 -6.2243E+01 -1.1387E+02
0017269   2.1393E+02 -1.0156E+02 -2.6004E+02
0017270   1.6426E+02  1.5330E+02 -5.6047E+01
0017271   7.2654E+01  1.7153E+01 -2.3023E+00
0017272   4.4951E+02  9.9845E+01  4.3402E+02
0017273   1.9150E+02  1.2249E+02 -3.2866E+02
0017274   2.8987E+02  6.7906E+01 -4.9749E+01
0017275   3.2425E+02 -1.5863E+02  8.5544E+01
0017276   9.2181E+01 -3.1975E+02 -7.3732E+01
0017277   5.0636E+02 -1.3881E+02 -1.2790E+02
0017278   2.3115E+02  1.7498E+02  7.9520E+01
0017279   1.7106E+02 -1.4256E+02 -6.3146E+01
0017280   2.9101E+02 -1.3338E+02 -1.0703E+02
0017281   5.1176E+02  1.5876E+02  1.5660E+02
0017282   1.8343E+02  2.3561E+02  3.6016E+01
0017283   8.4934E+01 -1.9298E+02  1.8418E+02
0017284   2.2094E+02 -9.7074E+01 -1.0878E+00
0017286   1.8000E+02  9.0612E+01  1.1133E+02
0017287   4.8172E+01 -3.7332E+01  1.1946E+02
0017288   3.4092E+02  1.6270E+02 -9.4427E+01
0017289   1.4913E+02  1.4189E+02  1.7115E+02
0017290   1.2613E+02 -4.3385E+01  7.6574E+01
0017291   2.9173E+02  3.9887E+01 -8.7763E+01
0017292   1.8420E+02 -1.9790E+02 -1.6061E+00
0017293   1.4782E+02 -1.1808E+02  1.7524E+02
0017294   2.2719E+02 -4.0172E+01 -2.0821E+02
0017295   1.6622E+01 -1.9030E+02 -2.0377E+01
0017296   4.2676E+01  3.2088E+02  5.5415E+01
0017297   4.0442E+02 -8.9136E+01 -1.4735E+01
0017299   2.7471E+02  1.6340E+02 -2.6642E+01
0017300   1.8008E+02 -2.2430E+02  2.0373E+02
0017301   1.5509E+02 -5.5034E+01  5.5823E+01
0017302   2.8225E+02 -9.8993E+01 -4.9376E+00
0017303   3.1375E+02 -1.5510E+02  2.5386E+02
0017304   2.8315E+02 -1.6289E+02 -1.5593E+02
0017305   1.6732E+02 -1.0815E+02 -2.6271E+01
0017306   3.7347E+02  2.5293E+01  2.6260E+02
0017307   4.8604E+02 -1.8192E+02  2.1610E+02
0017308   4.0425E+02  1.9560E+01  1.5404E+02
0017309   1.2428E+02  1.7906E+02  4.1890E-01
0017310   1.6157E+02 -1.5937E+02 -1.8529E+02
0017311   4.3928E+01 -2.3879E+01 -1.1315E+02
0017312   2.3874E+02  2.4547E+02 -5.7350E+00
0017313   3.7057E+02  2.1728E+01 -1.9006E+01
0017314   1.3441E+02 -6.3355E+01 -8.0371E+01
0017315   6.6188E+02  5.4586E+01 -1.7967E+01
0017316   4.5936E+02 -2.2636E+02  1.3453E+02
0017317   5.6199E+02  3.0442E+01  1.9164E+02
0017318   4.6747E+01 -4.7245E+02 -7.1032E+01
0017319   3.6718E+02 -2.3708E+02  3.1174E+02
0017320   3.6072E+02 -2.0247E+02 -1.6469E+02
0017321   1.0749E+02 -8.3905E+01  4.6587E+00
0017322   1.0904E+02 -2.6835E+02  2.0758E+02
0017323   3.6267E+02 -6.3769E+01 -1.1182E+02
0017324   2.7874E+02  2.2316E+02  2.0265E+02
0017325   3.4112E+02 -1.3988E+02  5.0006E+01
0017326   3.4618E+02  1.7783E+01  1.1180E+01
0017327   2.4470E+02 -5.3260E+01  6.3571E+00
0017328   1.7968E+02 -8.9684E+01 -1.3286E+02
0017329   9.1313E+01  9.8353E+00  1.7675E+00
0017330   2.8739E+02 -3.6076E+01 -6.3814E+01
0017331   4.7501E+01  2.4546E+01  2.2076E+01
0017332   4.2806E+02  1.4429E+02  1.7992E+02
0017333   5.2097E+02 -1.1745E+02 -8.1258E+01
0017334   3.7957E+02  7.5316E+01 -2.4877E+02
0017335   1.1898E+02 -9.9484E+01 -9.5231E+01
0017336   3.8183E+02  1.5934E+02  2.5941E+01
0017337   3.8785E+02 -1.7165E+01 -5.4215E+01
0017338   4.3967E+02 -3.3974E+02  4.2677E+00
0017339   5.1802E+02  2.5726E+02 -1.1135E+01
0017340   4.1653E+02 -8.6472E+01  4.4645E+02
0017341   2.0146E+02 -1.4938E+02  5.1859E+00
0017342   3.2349E+02  4.7121E+01 -5.7887E+01
0017343   3.9302E+02  1.8802E+01  8.2276E+01
0017345   2.8285E+02  1.0489E+02 -1.0813E+01
0017346   1.1523E+02  1.4799E+00  1.0310E+02
0017347   2.5988E+02  8.7141E+00  1.2833E+02
0017348   2.8755E+02  1.7233E+02  2.7203E+02
0017349   2.6658E+02  1.5508E+02 -2.7686E+01
0017350   2.9832E+02 -1.6002E+02  7.4645E+01
0017351   1.6455E+02  7.8652E+01  2.3581E+01
0017352   3.1412E+02  1.1047E+02  4.8911E+01
0017353   2.7360E+02  3.1108E+02 -6.7002E+01
0017354   3.1215E+02  1.4480E+02 -9.0596E+01
0017355   3.6743E+02 -1.0455E+02  2.5092E+02
0017356   2.8930E+02 -7.2890E+01 -8.2495E+01
0017357   6.4815E+02 -3.8856E+01  3.9088E+02
0017358   2.8762E+02 -3.2798E+02 -5.8753E+01
0017359   4.6901E+02  3.7438E+02  1.1390E+02
0017360   2.2300E+02  1.4586E+01 -2.8968E+00
0017361   1.5962E+02 -9.9499E+01 -1.3701E+01
0017362   3.3818E+02 -3.4823E+02 -1.0621E+01
0017363   4.5282E+02 -2.2364E+02  7.4769E+01
0017364   2.8402E+02 -9.5974E+01  2.6786E+01
0017365   1.3210E+02  1.7509E+02  9.7275E+01
0017366   4.2460E+02 -1.5598E+02  1.2667E+02
0017367   3.1988E+02  6.6018E+01  6.7229E+01
0017368   2.4526E+02  1.5164E+02  2.2588E+02
0017369   1.8932E+02  1.0749E+02 -1.1853E+02
0017370   3.2773E+02 -2.8394E+02  6.5825E+01
0017371   8.3680E+01 -4.6794E+01  1.2098E+02
0017372   9.3296E+01  1.3633E+02 -1.8866E+02
0017373   2.5137E+02 -3.5805E+01  4.9830E+01
0017374   2.4193E+02  2.8654E+01 -1.0180E+02
0017375   2.0840E+02  5.5236E+01  2.9664E+00
0017376   4.2668E+02 -8.2961E+01  1.2272E+02
0017377   2.0641E+02  1.3240E+02  2.8149E+01
0017378   3.4577E+02  2.3860E+01 -2.4434E+01
0017379   2.6016E+02  9.7699E+01 -4.6742E+01
0017380   1.6634E+02 -1.6977E+02  6.0800E-01
0017381   4.9551E+02  1.4509E+02 -1.2546E+01
0017382   2.3508E+02  1.2395E+02 -6.2844E+01
0017383   1.2681E+02  5.8930E+00 -4.3700E-01
0017384   2.6717E+02 -3.2778E+01 -2.4573E+02
0017385   2.2876E+02 -1.2504E+02 -5.3378E+01
0017386   1.4115E+02 -1.7370E+02  7.2751E+01
0017387   2.5587E+02  1.2603E+02  7.4859E+00
0017388   5.9692E+02  6.2338E+01  1.1111E+02
0017389   3.2178E+02  3.1520E+01 -1.0378E+02
0017390   1.7962E+02  8.5611E+00  6.2274E+01
0017391   3.8761E+02  1.6184E+02  2.3182E+02
0017392   2.1998E+02 -1.8097E+02 -7.3945E+01
0017393   3.4689E+02  1.5802E+02  9.2842E+01
0017394   4.2201E+02  1.0033E+02  1.1313E+02
0017395   2.6261E+02  6.6370E+01 -3.3930E+01
0017396   2.4192E+02 -3.2463E+00 -1.4034E+02
0017397   1.5299E+02  1.8802E+02 -2.2093E+02
0017398   1.6072E+02  8.6394E+00  9.7424E+01
0017399   1.6471E+02  1.0623E+02 -5.6608E+01
0017400   5.0905E+02 -1.0212E+02 -3.6646E-01
0017401   2.8713E+01  1.0580E+02 -1.9552E+01
0017402   4.5738E+02 -2.7115E+02 -2.7636E+01
0017403   5.0645E+02 -9.7626E+01 -2.6432E+02
0017404   4.0888E+02  1.0614E+02 -1.2355E+02
0017405   4.1310E+02  9.4354E+01  1.4217E+02
0017406   2.4073E+02 -2.7618E+01 -7.3320E+01
0017407   5.5661E+02 -1.8084E+02 -1.4337E+02
0017408   1.9543E+02 -1.2548E+02 -8.6016E+01
0017409   3.5283E+02 -4.2312E+02  1.9479E+01
0017410   3.4703E+02  1.5193E+02 -1.0123E+01
0017411   1.9801E+02  5.8355E+01 -1.9768E+02
0017412   3.0638E+02  1.6370E+01 -6.2736E+01
0017413   2.4731E+02  8.4562E+01  3.9654E+00
0017414   1.9881E+02 -4.0924E+00 -8.1169E+01
0017415   4.5057E+02 -3.2993E+01  8.3969E+01
0017416   1.6741E+02  8.2379E+01  8.6214E+01
0017417   4.4329E+02  6.3948E+01 -1.5389E+02
0017418   2.4511E+02 -1.1482E+02 -1.0619E+02
0017419   1.5256E+02 -1.0767E+02  1.2280E+02
0017420   1.8746E+02  2.5592E+01  1.6337E+01
0017421   4.6634E+02  2.2487E+02  2.6948E+01
0017422   1.9136E+02  2.9982E+02 -6.7504E+01
0017423   2.6808E+02  1.3918E+02  2.8665E+01
0017424   2.7084E+02 -5.3307E+01 -1.4982E+02
0017425   2.3238E+02  1.4210E+02  1.4625E+02
0017426   3.6243E+01 -1.4505E+02  1.9379E+02
0017427   1.0619E+02 -2.3595E+02 -1.2062E+02
0017428   3.4845E+02  1.3168E+01 -4.8903E+01
0017429   1.7713E+02 -1.2328E+01 -1.8977E+02
0017430   6.8084E+01 -5.9202E+01  1.2298E+02
0017431   3.7145E+02 -1.2502E+02  1.1834E+02
0017432   3.5746E+02  9.6808E+01  2.3084E+01
0017433   2.6971E+02  8.4306E+01  2.5687E+01
0017434   2.2291E+02 -1.0026E+02  1.0332E+02
0017435   6.0920E+01  2.3048E+02  7.8526E+01
0017436   2.4809E+02 -1.6872E+02  8.3970E+00
0017437   2.5387E+02  1.1598E+01 -1.2729E+01
0017438   1.1604E+02  5.2286E+01  1.3564E+02
0017439   2.3815E+02 -3.6094E+01 -4.4117E+01
0017440   9.4477E+01  1.4028E+02 -8.6287E+01
0017441   3.4255E+02 -5.4673E+01 -3.9853E+02
0017442   4.1957E+02  1.2495E+02  2.4689E+02
0017443   4.8061E+02 -1.3446E+02  1.2898E+02
0017444   2.5221E+02  4.5337E+01 -5.6409E+01
0017445   1.0246E+02 -1.3100E+02  1.4310E+02
0017446   2.6723E+02 -4.1761E+02  1.3992E+02
0017447   2.0077E+02  1.8964E+02 -1.4339E+02
0017448   2.9593E+02  2.6440E+02  7.1708E+01
0017449   4.6406E+01 -1.9686E+01 -4.8198E+01
0017450   9.2186E+01  5.3293E+00 -2.0195E+01
0017451   2.6823E+02 -4.9038E+01 -6.8430E+01
0017452   5.8669E+02 -1.7125E+02  1.7840E+02
0017453   1.8164E+02 -2.3137E+01 -4.0803E+01
0017454   3.6822E+02  1.4177E+02  1.9382E+01
0017455   2.3108E+02 -3.9229E+01 -1.5414E+01
0017456   1.8235E+02 -2.8169E+01  2.1757E+01
0017457   3.5314E+02  1.9292E+02 -4.2656E+00
0017458   1.8587E+02  2.8757E+01 -2.5868E+01
0017459   4.4167E+02  1.0546E+02  8.3701E+01
0017460   3.2987E+02 -2.4704E+02  2.2184E+02
0017461   3.6215E+02 -1.0523E+02 -8.2012E+01
0017462   9.3447E+01 -1.4504E+01 -7.0738E+00
0017463   1.3499E+02 -3.3120E+01 -4.6572E+01
0017464   3.2013E+02  2.9994E+01 -2.2623E+01
0017465   4.8990E+01  1.1596E+01  3.2587E+02
0017466   2.1347E+02  9.5882E+01 -2.3956E+02
0017467   3.1407E+02  3.8180E+02  1.1085E+02
0017468   1.0515E+02 -1.1208E+02 -6.0446E+01
0017469   2.8223E+02  2.2272E+01 -2.2915E+02
0017470   3.5983E+02 -2.5223E+01  8.3087E+01
0017472   3.3328E+02 -2.3918E+02 -1.6340E+02
0017473   2.5928E+02 -1.6682E+01  1.2922E+02
0017474   1.9597E+02  2.9163E+02 -8.9199E+01
0017475   1.4046E+02  7.3529E+01  3.1842E+02
0017476   1.1597E+02  3.1241E+01 -9.3597E+01
0017477   3.8344E+02  1.0169E+02 -1.1971E+02
0017478   4.1910E+02  2.9869E+01  3.5322E+02
0017479   2.7535E+02 -5.8390E+01 -1.3251E+01
0017480   3.2626E+02  1.0416E+01 -2.2664E+02
0017481   3.3592E+02  1.3989E+02  7.1218E+01
0017482   3.4371E+02  1.6998E+00  1.4831E+02
0017483   2.2076E+02 -5.9363E+01 -3.6088E+01
0017484   2.3547E+02 -2.1685E+02 -2.1961E+02
0017485   2.9873E+02  2.8415E+02 -5.9942E+01
0017486   1.5301E+02  2.0143E+02  1.7012E+02
0017487   1.9587E+02  3.8185E+01  6.7165E+01
0017488   9.0695E+01  1.6439E+02 -9.3330E+01
0017489   5.9184E+02 -4.9694E+02  1.8855E+02
0017490   2.1941E+02  1.6443E+02  1.8819E+02
0017491   2.4898E+02 -3.4898E+02 -4.7028E+00
0017492   2.1166E+02  1.3987E+02  5.4653E+01
0017493   4.1641E+02  6.7005E+01 -7.9379E+01
0017494   3.8336E+02  2.8195E+02  6.0416E+01
0017495   2.0393E+02 -1.7399E+02  1.6932E+01
0017496   5.0169E+02 -5.6706E+01 -6.1039E+01
0017497   3.9493E+02 -5.7430E+01  8.8343E+01
0017498   4.4997E+02  1.5570E+01  1.5733E+02
0017499   3.9455E+02 -3.5420E+02 -2.7205E+02
0017500   9.5613E+01  1.5463E+02  1.1837E+02
0017501   5.1248E+02 -3.0465E+02 -9.1849E+01
0017502   1.0191E+01 -7.1685E+01 -1.5207E+02
0017503   1.0990E+02  5.0441E+01 -1.5087E+02
0017504   5.9760E+02  2.5493E+02  1.0014E+02
0017505   3.2032E+02  2.4429E+02  3.1183E+01
0017506   2.5806E+02  2.7939E+02 -6.7421E+01
0017507   1.9791E+02 -1.2458E+02  2.2499E+02
0017508   3.0332E+02 -2.7127E+02  2.2664E+02
0017509   3.4098E+02 -9.4440E+01  1.9541E+01
0017510   1.7598E+02  2.0410E+02  1.8705E+02
0017511   5.1778E+02  4.4936E+01 -1.5318E+02
0017512   3.8756E+02  1.5630E+01  8.6832E+01
0017513   4.2059E+02  1.7106E+02 -8.6037E+01
0017514   8.8949E+00  1.0391E+02 -6.4656E+01
0017515   4.3243E+02  1.8803E+02 -1.7613E+02
0017516   1.1891E+02 -9.6007E+01 -1.4644E+02
0017518   2.7575E+02  5.0187E+01 -2.7893E+02
0017519   6.6870E+01 -1.5697E+02  2.8240E+01
0017520   3.0209E+02  2.0997E+02 -1.8895E+02
0017521   1.5183E+02 -6.9092E+01 -3.2696E+01
0017522   3.9432E+02  8.8346E+01  3.6233E+01
0017523   4.1539E+02 -1.8621E+01 -9.9874E+01
0017525   1.3155E+02 -1.7378E+02  5.5094E+00
0017526   7.9757E+01 -4.5500E+01 -1.4785E+02
0017527   4.8102E+02  1.7345E+02  1.2135E+02
0017528   5.0240E+02  8.3807E+01  1.2435E+02
0017529   5.5779E+02  1.1510E+02 -8.3533E+00
0017530   1.5400E+02  3.2189E+01 -5.6210E+00
0017531   2.0705E+02  6.0115E+01 -5.8030E+01
0017532   3.6592E+02 -9.4861E+01 -1.2819E+02
0017533   5.1599E+02 -9.0286E+00 -1.1850E+02
0017534   2.6300E+02 -3.4457E+02 -1.0915E+00
0017535   2.0818E+02 -1.7472E+01  1.1123E+02
0017536   2.7494E+02 -1.2179E+00 -3.4941E+02
0017537   4.2832E+02  2.5503E+02  7.8759E+01
0017538   1.0428E+02  3.7626E+01 -1.0835E+02
0017539   2.7602E+02 -1.0882E+02 -1.5435E+02
0017540   3.6505E+02  9.6085E+01 -6.4562E+00
0017541   1.2043E+02  6.2157E+01  1.6783E+02
0017542   2.5739E+02  2.6623E+01  1.4369E+02
0017543   1.2560E+02 -1.1069E+02  2.0009E+02
0017544   2.0370E+02 -8.0789E+01  2.4777E+02
0017545   1.8577E+02 -2.3249E+02  4.9694E+01
0017547   2.9417E+02  5.8325E+00 -1.3885E+02
0017548   1.9437E+02 -6.9475E+01 -1.3188E+02
0017549   3.8311E+02  1.0681E+02  6.6234E+01
0017550   7.3610E+01 -3.0124E+00  9.2773E+01
0017551   2.3623E+02  1.1089E+02  7.4426E+01
0017552   3.2380E+02  1.2508E+02  2.5061E+02
0017553   1.6343E+02 -1.3300E+02 -1.3351E+02
0017554   1.9095E+02 -4.4574E+01  1.9002E+02
0017555   2.4924E+02  2.4065E+02  3.5208E+02
0017556   1.5422E+02  1.7699E+02  2.9694E+02
0017557   2.9729E+02  1.4404E+02  8.4598E+00
0017558   1.6429E+02 -5.5728E+01 -5.6034E+01
0017559   2.2040E+02 -1.6546E+02  5.8845E+00
0017560   3.2093E+02  3.7101E+02  5.3495E+01
0017561   1.1926E+02  8.0721E+01 -9.6272E+01
0017562   4.0763E+02  5.3317E+01  5.0895E+01
0017563   2.4982E+02 -4.3418E+01 -4.3355E+01
0017564   1.8381E+02  7.6629E+01  9.4244E+01
0017565   9.2816E+01 -2.4414E+01 -7.5902E+00
0017566   4.1338E+02 -9.4332E+01 -7.2575E+01
0017567   3.3311E+02  2.1054E+01 -1.5857E+02
0017568   2.6668E+02 -5.4869E+01  1.5337E+02
0017569   2.5331E+02 -9.0959E+01  5.3123E+01
0017570   3.5882E+02 -1.6988E+01 -1.6293E+02
0017571   2.8357E+02 -6.6815E+01  7.3556E+01
0017572   2.5802E+02  1.1954E+02  2.3260E+02
0017573   3.2619E+02  1.2575E+02  9.0048E+01
0017574   3.3867E+02  1.1076E+02  1.8508E+02
0017575   6.4700E+02 -6.0342E+01 -1.0581E+02
0017576   8.5320E+01 -4.8910E+01 -1.6320E+02
0017577   2.2589E+02 -2.8927E+00 -2.0636E+02
0017578   2.0534E+02 -9.3301E+01  7.7012E+01
0017579   3.4312E+02 -5.9679E+00 -2.9550E+02
0017580   3.6805E+01 -1.0310E+02  3.1171E+00
0017581   5.0876E+02  1.1089E+01 -1.5222E+02
0017582   4.1730E+02 -6.2607E+01 -2.6541E+02
0017583   1.6151E+02  3.4122E+01  1.3976E+02
0017584   2.1147E+02 -5.6856E+01  5.9233E+01
0017585   2.9309E+02  4.5713E+01 -1.7274E+02
0017587   8.1480E+00  8.5800E-01  2.4961E+01
0017588   4.5026E+02  4.3305E+01 -1.6984E+02
0017589   3.8079E+02 -1.6005E+02 -5.6936E+01
0017590   2.6696E+02  1.3719E+02 -1.9104E+02
0017591   5.9406E+02 -1.6164E+02  1.8731E+00
0017592   5.0002E+02 -3.8967E+01  2.4599E+02
0017593   1.9192E+02  6.6953E+01  1.2504E+02
0017594   5.1573E+02  3.7862E+02  1.9683E+02
0017595   2.6197E+02 -3.5490E+01  6.1679E+01
0017596   2.1919E+02 -2.7546E+01  2.4204E+02
0017597   1.6270E+02  9.9703E+01  7.3933E+01
0017598   1.1123E+02 -1.5600E+02 -7.5414E+01
0017599   3.9388E+02  1.5422E+02  1.0005E+02
0017600   2.3138E+02  4.0627E+01 -6.0443E+01
0017601   2.8298E+02  4.8475E+01 -3.6874E+02
0017602   2.0344E+02 -2.3327E+01  5.9942E+01
0017603   5.3210E+02 -2.8427E-01 -2.6674E+02
0017604   3.0012E+02  2.0632E+01 -1.0673E+02
0017605   5.7846E+02 -3.3551E+01  4.6172E+01
0017606   1.5233E+02  3.4449E+02  1.1250E+02
0017607   5.6685E+02 -2.7010E+02 -2.3037E+02
0017608   7.7043E+01  1.6908E+02  4.9188E+01
0017609   3.1864E+02  1.5841E+01  4.7532E+01
0017610   2.6935E+02  2.8832E+02  1.2384E+01
0017611   2.1173E+02 -4.6871E+00 -6.8823E+00
0017612   4.6364E+02  6.2939E+01 -3.9742E+00
0017613   2.1035E+02 -2.0943E+02 -2.4377E+02
0017614   2.8517E+02 -4.3520E+01  2.1087E+01
0017615   2.8680E+02 -1.6362E+01  7.2537E+01
0017616   2.2968E+02 -7.8614E+01  1.1508E+01
0017617   2.6502E+02 -1.4705E+02 -4.4287E+01
0017618   2.6344E+02  2.3526E+02  1.5405E+02
0017619   1.3983E+02  1.0481E+02 -5.2823E+00
0017620   3.3799E+02  2.1865E+02 -1.1962E+02
0017621   5.8256E+01 -1.9720E+02 -5.9285E+01
0017622   3.2676E+02 -1.3824E+02  1.2504E+01
0017623   4.9760E+02 -3.3585E+02 -7.0157E+01
0017624   3.3000E+02 -9.5350E+01  1.2388E+02
0017625   3.4334E+02  1.3333E+02 -4.2042E+01
0017626   5.4824E+02 -7.3471E+01  1.2747E+02
0017627   2.6018E+02  2.3162E+02  4.9293E+01
0017628   2.4282E+02  4.2113E+01  1.6879E+02
0017629   1.3201E+02  1.1248E+02 -1.4340E+02
0017630   2.6361E+02 -1.2703E+02 -1.2823E+02
0017631   4.3283E+01  2.4957E+01 -7.4971E+01
0017632   3.0048E+02  1.5825E+02 -3.7517E+01
0017634   2.0974E+02 -1.2660E+02 -8.0545E+00
0017635   1.5971E+02  4.2551E+01  9.3323E+01
0017636   4.0060E+02 -3.5916E+01  3.1612E+02
0017638   3.7226E+02 -5.1191E+01  2.0227E+02
0017639   1.4172E+02  8.2425E+01  5.0803E+02
0017640   3.2331E+02  1.5944E+02  1.0556E+02
0017641   2.7413E+02 -2.1680E+02  1.0426E+02
0017642   1.6050E+02  1.6323E+02  3.9673E+01
0017643   3.3602E+02 -1.4940E+02 -5.4192E+01
0017644   2.9139E+02 -6.2949E+01  1.3383E+02
0017645   2.7995E+02  1.2401E+02  8.3763E+01
0017646   1.9341E+02 -7.5824E+01  3.2375E+02
0017647   4.8827E+02 -4.7460E+01  3.2517E+02
0017648   3.2787E+02  8.6282E+01 -1.0864E+02
0017649   3.0431E+02  1.1042E+00 -1.2700E+01
0017650   2.4267E+02  4.3697E+01  3.7621E+01
0017651   4.6461E+02  6.1249E+01 -1.2456E+02
0017652   1.2047E+02 -1.8305E+01  6.6165E+01
0017653   2.7475E+02 -2.4733E+02  7.8370E+01
0017654   2.4501E+02  1.0219E+02  1.6191E+02
0017655   1.0108E+02 -5.3941E+01  2.6521E+01
0017656   2.0041E+02  2.4090E+02  5.6297E+01
0017657   2.5768E+02  6.5718E+01  1.4499E+02
0017658   3.0445E+02 -1.5684E+02 -6.2573E+01
0017659   4.2492E+02 -1.9619E+01  8.7125E+01
0017660   3.3807E+02 -1.5768E+02 -3.4630E+02
0017661   1.0064E+02  8.7073E+01 -1.4596E+02
0017662   3.1788E+02 -3.1921E+02  5.2563E+01
0017663   2.7842E+02  4.4413E+01 -4.9576E+01
0017664   2.3849E+02 -3.0212E+01 -1.6184E+02
0017665   7.6174E+01  1.6560E+02 -4.1040E+01
0017666   1.6919E+02  1.9712E+02  1.6780E+02
0017667   4.4840E+01 -9.0533E+01 -7.6920E+01
0017668   1.8882E+02  6.1583E+01 -7.0764E+01
0017669   5.4522E+02  1.4935E+01  3.5828E+01
0017670   6.3363E+02 -2.0546E+02 -3.4393E+00
0017671   2.0407E+02  2.6547E-01  1.8215E+02
0017672   7.8919E+01  1.9345E+01 -5.2400E+01
0017673   1.3963E+02  1.6346E+02 -1.6970E+02
0017674   5.1827E+02 -7.2344E+01  1.8293E+02
0017675   2.1438E+01 -4.8555E+01  4.1081E+01
0017676   5.4699E+02 -1.8497E+02  7.0749E+01
0017677   2.1177E+02  3.3041E+01 -2.0355E+02
0017678   3.5053E+02  5.9005E+01 -1.5107E+02
0017679   2.7566E+02 -2.1295E+01 -1.6954E+01
0017680   1.1449E+02 -9.3740E+01 -5.8985E+01
0017681   2.0792E+02 -3.8267E+00  2.5609E+01
0017682   2.4931E+02  8.0862E+01  2.7744E+02
0017683   5.5116E+02  1.1329E+02  1.6919E+02
0017684   1.3427E+02  3.9757E+01  1.6519E+02
0017686   2.3390E+02 -3.2840E+02  1.4350E+01
0017687   2.9000E+02 -9.2756E+01 -2.4913E+00
0017688   3.4172E+02 -1.2625E+02  1.3642E+02
0017689   1.8707E+02 -1.6144E+02  1.2786E+02
0017690   3.0135E+02 -1.3531E+02  1.8362E+02
0017691   3.5463E+02  9.9003E+01  1.2490E+02
0017692   9.2961E+01 -4.7149E+01 -4.8230E+01
0017693   2.0771E+02  2.7297E+02  6.6438E+01
0017694   3.8964E+02  2.9538E+02 -9.3669E+01
0017695   2.0120E+02  9.9143E+01  6.8174E+01
0017696   6.4258E+02 -1.9570E+01 -6.1828E+01
0017697   4.8110E+02 -8.6930E+01 -2.3734E+02
0017698   1.8988E+02 -3.6569E+01  7.1943E+01
0017699   3.1726E+02 -3.0118E+02  1.3478E+02
0017700   1.6197E+02  1.5213E+01 -3.1473E+01
0017701   2.0588E+02 -1.1846E+02  2.9706E+01
0017702   2.9237E+02 -3.6751E+01 -1.6302E+01
0017703   4.7938E+02 -4.5395E+01  9.2783E+00
0017704   2.8489E+02 -4.2628E+01  6.4160E+01
0017705   3.2532E+02 -1.5050E+02 -1.8392E+02
0017706   2.0586E+02 -1.3878E+02 -1.2063E+02
0017707   1.5898E+02 -2.3284E+02  2.6357E+01
0017708   1.5471E+02 -2.9436E+01  2.6994E+01
0017709   3.0604E+02  3.3883E+01 -6.1688E+01
0017710   3.5657E+02 -2.1620E+02 -1.2496E+02
0017711   4.5930E+02  1.0240E+02  1.4006E+02
0017713   2.2506E+02  1.6045E+02 -7.1026E+01
0017714   8.8051E+01  1.6884E+02 -5.3285E+01
0017715   1.5055E+02  4.2175E+01 -6.2039E+00
0017716   3.0822E+02  1.0709E+02 -7.7941E+01
0017717   3.2422E+02 -4.6388E+02 -6.9111E+01
0017718   2.9504E+02 -1.5073E+02 -9.1992E+01
0017719   1.4077E+02 -3.7226E+02 -2.0847E+01
0017720   2.9827E+02 -1.9359E+02  1.3111E+01
0017721   4.1190E+02 -3.3763E+01  2.8149E+01
0017722   1.8241E+02  1.3563E+02  2.5447E+02
0017723   3.5004E+02  1.0653E+02  4.9676E+01
0017724   1.9280E+02  2.2166E+01 -1.4050E+02
0017725   1.3853E+02 -4.1805E+01 -5.9690E+01
0017726   4.1703E+02 -6.4927E+01  8.6124E+01
0017727   1.9036E+02  3.0099E+01 -4.0374E+01
0017728   3.6515E+02 -1.8913E+02 -1.5341E+01
0017729   4.9509E+02  1.3383E+02 -9.5139E+01
0017730   6.4859E+02 -4.8608E+01 -1.2335E+01
0017731   1.6649E+02 -1.3764E+02  2.3559E+02
0017732   3.1775E+02  3.1187E+01  1.9235E+01
0017733   4.1953E+02 -5.1136E+01 -1.8887E+02
0017734   6.8401E+02  5.3244E+01  2.4584E+01
0017735   2.3845E+02  9.8292E+01  8.2308E+01
0017736   3.1098E+02  1.5459E+02 -4.1423E-02
0017737   2.7783E+02 -8.1988E+01 -7.7688E+01
0017738   2.8270E+02 -1.3540E+02  3.7003E+01
0017739   2.1919E+02 -1.0654E+01 -6.4734E+01
0017740   3.0494E+02  1.4943E+02  1.7500E+02
0017741   3.7062E+02  7.1014E+00  1.3249E+02
0017742   1.8185E+02  4.5031E+01 -1.0539E+02
0017743   1.8378E+02 -7.2246E+01 -1.6293E+02
0017744   1.8722E+02 -7.1300E+00  1.9088E+02
0017745   1.6516E+02  7.8562E+01 -2.1445E+02
0017746   3.2605E+02  1.2885E+02 -1.0184E+02
0017747   4.5903E+02  1.7792E+01 -5.6934E+01
0017748   5.1812E+02  1.2479E+02 -6.2914E+01
0017749   1.9493E+02 -2.4423E+00 -1.6467E+01
0017750   1.0010E+02  1.4860E+02  4.0579E+01
0017751   2.6757E+02 -1.5825E+02  1.8476E+02
0017752   2.5096E+02  2.2563E+01 -7.0378E+01
0017753   3.4983E+02  2.6926E+02  9.3381E+01
0017754   2.0007E+02  2.9356E+02  7.2731E+01
0017755   1.8250E+02 -6.8741E+01  4.4026E+01
0017756   4.3731E+02  2.0014E+02  1.3417E+01
0017757   1.6753E+02 -5.6298E+00 -3.8460E+01
0017758   3.9233E+02  3.5300E+01 -1.2329E+01
0017759   1.9553E+02 -2.3799E+02  6.3247E+01
0017760   1.5124E+02  2.1591E+02  2.5133E+02
0017761   1.2959E+02  2.7101E+02  8.4418E+01
0017762   4.5244E+02  1.5007E+02 -1.2625E+02
0017763   2.6541E+02  1.4990E+01 -7.5882E+00
0017764   6.0742E+01 -1.0165E+02  6.5565E+01
0017765   3.4962E+02  8.5911E+01 -9.5604E+01
0017766   2.1282E+02  1.2890E+01 -2.6215E+01
0017767   1.1140E+02 -2.5342E+02 -3.6500E+01
0017768   8.7824E+01 -1.4830E+01  8.1822E+01
0017769   2.9403E+02  1.7630E+02  7.2280E+01
0017770   2.8396E+02 -7.5905E+01 -7.3415E+01
0017771   1.7745E+02 -1.3947E+02  2.3273E+02
0017772   2.7621E+02 -4.3682E+01 -1.0500E+02
0017773   3.7941E+02  5.3834E+00  1.5408E+02
0017774   2.4881E+02 -8.3725E+01  4.3658E+00
0017775   1.2347E+02  2.0206E+02  7.7252E+01
0017776   1.0870E+02  6.8741E+01 -7.0254E+00
0017777   6.0213E+02  5.7973E+01  2.0308E+02
0017778   8.2063E+02  1.4239E+02  4.4887E+01
0017779   2.7139E+02  2.3947E+02  1.3131E+01
0017780   4.8371E+02  8.2391E+01  1.8369E+02
0017781   2.6483E+02 -1.9826E+01 -1.4154E+02
0017782   3.4572E+02  2.3589E+02  6.5998E+01
0017783   2.6618E+02 -5.1566E+01  3.1946E+00
0017784   5.0301E+02  1.3770E+01  7.9530E+01
0017785   2.8527E+02  1.3768E+02  3.3903E+01
0017786   1.7480E+02 -5.7116E+01  3.5236E+02
0017787   2.5073E+02  4.2787E+01 -6.4287E+00
0017788   3.9179E+02  1.6835E+02  1.5063E+02
0017789   1.4371E+02 -1.2823E+02 -6.2599E+01
0017790   1.0933E+02 -2.9344E+01  2.1209E+00
0017791   3.7510E+02 -1.2758E+01 -1.3644E+02
0017792   1.5224E+02  7.1988E+01 -1.3968E+02
0017793   1.8252E+02  3.5027E+01 -2.4435E+01
0017794   2.3866E+02  4.1426E+01  1.3695E+02
0017795   5.1940E+02 -9.5198E+00 -1.9046E+02
0017796   1.8407E+02 -1.2874E+02  2.7984E+02
0017797   1.6956E+02 -4.1534E+00 -1.3634E+02
0017798   4.8558E+02  5.2891E-01 -3.4702E+01
0017799   7.9538E+01  5.7484E+01  1.4372E+02
0017800   1.6894E+02  1.4768E+01 -9.8320E+00
0017801   8.6818E+01  8.9609E+01  2.1023E+01
0017802   1.7007E+02  2.5448E+01 -1.1342E+01
0017803   3.6203E+02  1.4160E+02  8.7001E+01
0017804   2.9912E+01 -2.1885E+01  1.7803E+00
0017805   4.8291E+02 -9.6580E+01  1.6190E+02
0017806   3.0614E+02 -1.6148E+02  1.8278E+01
0017807   2.1339E+02 -5.0260E+01 -1.2786E+01
0017808   3.8213E+02  4.4026E+01  9.9398E+01
0017809   2.1559E+02  3.7120E+01 -1.1421E+02
0017810   6.2365E+01 -3.7917E+01 -1.8133E+02
0017811   1.5767E+02  2.4721E+01 -6.7225E+01
0017812   1.9389E+02 -2.5955E+01 -8.2631E+01
0017813   1.5249E+02 -5.0156E+01  3.0001E+02
0017814   1.3808E+02  2.7665E+01 -5.4985E+01
0017815   1.7326E+02  1.5182E+02  7.9949E+01
0017816   3.3834E+02  1.2684E+01 -1.1662E+02
0017817   2.2917E+02  1.3332E+02  1.3047E+02
0017818   4.7283E+02 -2.1423E+02 -3.2368E+01
0017819   4.0509E+02 -6.0867E+01 -3.0228E+01
0017820   1.9106E+02  2.6374E+02  8.0241E+00
0017821   3.6125E+02  4.3310E+01  5.1122E+01
0017822   2.9437E+02  1.0688E+01 -9.7153E+01
0017824   4.1682E+02 -7.0893E+01 -6.8018E+01
0017825   3.8115E+02  3.3800E+01 -2.0401E+02
0017826   2.0293E+02  1.7839E+02  1.3145E+02
0017827   1.9209E+02  1.2955E+02 -1.7578E+02
0017828   4.1065E+02  5.4510E+01  3.5429E+01
0017829   1.2803E+02 -9.7055E+01  1.1479E+02
0017830   5.0159E+02 -4.4437E+01 -2.5014E+02
0017831   2.2147E+02  2.9141E+02 -4.9356E+01
0017832   1.8615E+02 -1.3048E+02 -9.1180E+01
0017833   4.2520E+02  1.2577E+02 -1.1519E+02
0017834   3.5949E+02 -1.2907E+02 -1.8835E+02
0017835   3.2753E+02  3.1853E+02  7.6144E+01
0017836   8.8444E+01 -7.0470E+01  1.2243E+01
0017837   4.3833E+02  3.4140E+01 -1.5954E+02
0017838   8.0303E+01 -3.8326E+01  5.8535E+01
0017839   2.1226E+02 -6.1486E+01  6.6680E+01
0017840   7.8193E+01 -1.2067E+01 -1.4681E+02
0017841   2.8748E+02  2.9886E+02 -2.9783E+01
0017842   3.1453E+02 -2.4022E+02 -2.1148E+02
0017843   2.0916E+02 -3.7990E+01 -9.5122E+01
0017844   1.4311E+02 -2.0069E+02  1.0424E+02
0017845   2.0396E+02 -2.0701E+02  4.7881E+01
0017846   2.7670E+02 -6.6586E+01 -2.1717E+01
0017847   2.0089E+02 -1.5225E+02  1.4075E+02
0017848   6.8565E+01 -5.2165E+01 -4.3801E+01
0017849   3.3882E+02 -1.1090E+02  5.6177E+01
0017850   4.4860E+01  1.3006E+01  3.6798E+02
0017851   1.1342E+02 -1.4566E+02  1.6753E+02
0017852   4.0740E+02 -2.2283E+02 -5.4545E+01
0017853   3.0618E+02 -3.8467E+01  1.7667E+01
0017854   3.5018E+02 -2.9286E+02 -1.6570E+02
0017855   2.4175E+02  7.4809E+01 -2.5070E+01
0017856   5.2832E+02  1.0148E+02 -1.9824E+02
0017857   1.0242E+02 -9.9715E+01  1.9640E+01
0017858   3.1842E+02  5.7014E+00  1.8862E+02
0017859   1.7561E+02  1.1520E+02 -5.3844E+01
0017860   3.4084E+02  3.7204E+02  2.5336E+02
0017861   2.8467E+02 -1.9467E+02 -1.2157E+01
0017862   5.0541E+02 -1.5870E+02 -1.9347E+02
0017863   2.0701E+02 -7.0422E+01  2.9469E+01
0017864   3.1213E+02 -5.4961E+01 -3.7956E+02
0017865   1.1609E+02 -4.1736E+01  9.3294E+01
0017866   3.3225E+02 -2.5586E+02 -4.1106E+02
0017867   1.5089E+02  1.8495E+02  1.0701E+02
0017868   1.0443E+02  2.0274E+01  1.6286E+02
0017869   2.6781E+02  2.7308E+02  9.6500E+01
0017870   3.3913E+02  4.8083E+01  2.0173E+02
0017871   4.2787E+02 -8.3144E+01 -5.5997E+01
0017872   3.3130E+02  7.3481E+01 -1.5327E+02
0017873   3.0349E+01 -1.7624E+02 -2.2583E+00
0017874   2.7596E+02 -1.3711E+00  6.5611E+01
0017875   1.3994E+02  1.3988E+02 -5.8068E+01
0017876   1.5671E+02 -2.5903E+01  2.7508E+01
0017878   2.7106E+02 -3.6247E+02  1.7012E+02
0017879   2.9477E+02 -9.2534E+01  4.8821E+01
0017880   8.4924E+01  6.0654E+01 -3.1352E+01
0017881   1.3019E+02  1.9535E+02  1.3905E+02
0017882   1.8994E+02 -1.9516E+01 -9.4474E+01
0017883   3.6015E+02 -1.7650E+02 -1.2870E+02
0017884   1.6751E+02 -9.4812E+01  3.0628E+02
0017885   7.5784E+01  4.5281E+01  9.8601E+01
0017886   2.4619E+02  1.0092E+02 -5.2973E+01
0017887   1.6016E+02  4.1908E+01 -3.2503E+02
0017888   1.9322E+02  1.4045E+02  1.7939E+02
0017889   1.3199E+02  1.3794E+01 -1.2532E+02
0017890   1.6160E+02 -3.1852E+00  2.1610E+01
0017891   1.7726E+02  7.2772E+01  4.8093E+01
0017892   1.2401E+02  2.2343E+02  2.6803E+02
0017893   3.1329E+02 -1.1373E+02 -1.8577E+02
0017894   1.8712E+02 -1.6208E+02  3.6415E+01
0017896   2.5467E+02 -1.8672E+02 -1.6217E+02
0017897   3.2476E+02 -8.0319E+00  1.6070E+02
0017898   3.5243E+01  8.7557E+01  2.4770E+02
0017899   4.1213E+02  1.8879E+02 -1.9259E+02
0017900   3.1978E+02 -8.4846E-01 -3.6038E+02
0017901   4.6048E+02 -1.1607E+02 -1.9628E+02
0017902   3.5986E+02 -4.2155E+01  3.6242E+01
0017903   2.9846E+02  1.2977E+01  2.4811E+01
0017904   3.2412E+02  3.8670E+02  7.2473E+01
0017905   1.8608E+02  2.7469E+02 -3.8811E+02
0017906   4.1939E+02  7.1061E+01 -3.5659E-01
0017907   2.3074E+02  1.1279E+02 -7.2527E+01
0017908   5.4445E+02 -1.9085E+02 -4.9058E+00
0017909   1.5711E+02 -1.1715E+02  8.0963E+01
0017910   3.7915E+02 -1.0332E+02 -4.7136E+00
0017911   6.4019E+01  1.8905E+02 -1.9252E+02
0017912   5.7001E+02 -1.9257E+02  5.4879E+01
0017913   3.7088E+02 -4.6981E+01  1.7016E+02
0017914   3.2789E+02  3.1171E+01  9.0094E+01
0017915   7.8385E+01 -5.1663E+01  1.6272E+01
0017916   5.0069E+01  1.1367E+01  5.3908E+01
0017917   9.3588E+01 -1.7065E+02 -9.6311E+01
0017918   3.7938E+02  1.9764E+01  2.6352E+02
0017919   4.0727E+02 -3.1991E+02 -3.7488E+02
0017920   1.4184E+02 -1.7444E+02 -5.3846E+01
0017921   3.5587E+02  3.2215E+02  2.4811E+00
0017922   2.1461E+02 -1.8418E+02  3.0954E+01
0017923   4.0151E+02 -1.9071E+02  6.3016E+01
0017924   1.5529E+02  5.8187E+00  2.2278E+01
0017925   2.1942E+02 -2.0399E+02  1.2528E+02
0017926   3.3189E+02  7.7543E+01  1.2080E+02
0017927   2.4252E+02 -8.1107E+01 -1.2030E+02
0017928   2.5535E+02  4.0011E+01  5.6508E+01
0017929   1.1810E+02 -1.0572E+01 -1.0866E+02
0017930   3.0206E+02 -6.3139E+01 -1.7588E+02
0017931   3.3521E+02  1.0539E+02  3.6260E+01
0017932   3.3372E+02  1.9894E+01 -4.4229E+00
0017933   2.3698E+02 -1.2346E+02 -2.0194E+02
0017934   4.2350E+02  4.1179E+01  6.5159E-01
0017936   2.5437E+02  3.1524E+01  1.5931E+02
0017937   3.0908E+02  1.7187E+02 -1.7575E+02
0017938   3.1441E+02 -9.5560E+01 -8.9959E+01
0017939   1.8871E+02 -4.9715E+01  1.3867E+02
0017940   1.0436E+02  9.7442E+01  2.3031E+02
0017941   1.0466E+02 -4.6447E+01  4.7234E+01
0017942   4.2977E+02  4.6095E+01 -5.8682E+01
0017943   2.0560E+02  1.3849E+00  2.0550E+02
0017944   1.3227E+02 -1.5806E+02 -3.6179E+01
0017945   2.6181E+02  2.7329E+01  2.5426E+01
0017946   2.6204E+02 -6.4365E+00  2.7228E+01
0017947   1.5584E+02 -1.9741E+02 -1.4810E+02
0017948   2.2883E+02  5.2465E+01  5.8080E+01
0017949   3.4551E+02 -4.2412E+01  3.4373E+01
0017950   1.0762E+02  5.1762E+01  1.3726E+02
0017951   1.5186E+02 -5.4217E-01  9.1983E+01
0017952   2.5637E+02 -8.4298E+00  9.9260E+01
0017953   3.4699E+02  5.4131E+02 -2.8679E+02
0017954   3.2900E+02  2.6992E+01  1.7474E+02
0017955   6.1593E+01 -1.0323E+01 -1.2205E+02
0017956   1.9576E+02 -2.8978E+01  2.6538E+01
0017957   2.3128E+02  1.3586E+02  9.9703E+01
0017958   2.1231E+02 -1.9567E+01 -3.9258E+01
0017959   2.1312E+02  7.1073E+01 -1.8237E+01
0017960   8.5157E+01 -7.2092E+01 -7.8368E+01
0017962   3.9546E+02 -3.0637E+02 -5.4634E+01
0017963   2.2415E+02  2.9146E+01  2.1421E+01
0017964   2.8054E+02  1.6371E+02  2.2267E+01
0017965   1.8529E+02 -2.2615E+00  9.5997E+01
0017966   3.3440E+02 -1.9460E+02  1.7455E+02
0017967   6.2707E+01 -7.2113E+01  1.5351E+02
0017968   3.6051E+02  2.3490E+02 -1.1238E+02
0017969   1.4728E+02  2.8695E+01 -1.0655E+02
0017970   2.8526E+02 -5.7112E+01  5.3900E+01
0017971   4.0473E+02  2.5188E+01 -1.9948E+02
0017972   2.7372E+02 -1.3362E+01 -9.2193E+01
0017973   1.9064E+02 -1.5740E+02 -4.7030E+01
0017974   3.4045E+02  1.0277E+02 -1.9132E+01
0017975   1.2289E+02  1.5058E+02 -1.6058E+02
0017976   2.8156E+02 -1.5244E+02 -1.2389E+02
0017977   1.0735E+02  5.9848E+01 -8.3223E+01
0017978   3.0950E+02  2.1630E+02  5.7267E+01
0017979   3.9368E+02  1.5280E+02  1.0968E+02
0017980   1.3969E+02 -5.1582E+01 -4.0217E+01
0017981   3.5860E+02  1.6527E+01  2.9976E+01
0017982   4.3455E+02  3.2329E+02 -1.3427E+02
0017983   3.6429E+01  1.3360E+02 -3.6207E+01
0017984   1.0573E+02  9.5018E+01  3.8148E+02
0017985   1.4590E+02 -7.0637E+00 -7.5564E+01
0017986   9.8517E+01  4.8870E+01 -4.8212E+02
0017987   1.2081E+02 -4.6268E+01 -1.0374E+02
0017989   2.1047E+02 -9.5053E+01 -2.2357E+02
0017990   4.2292E+02 -9.4051E+01  3.7222E+00
0017991   2.9023E+02 -1.7207E+02  2.2680E+02
0017992   4.1080E+02  2.1489E+02 -3.3720E+01
0017993   4.4481E+02 -2.1207E+02  2.8783E+02
0017994   2.4380E+02  2.5746E+00 -1.6787E+02
0017995   4.1770E+02 -4.3938E+01 -1.6627E+00
0017996   2.5320E+02 -2.5644E+02  7.3199E+01
0017997   1.7680E+02 -1.5935E+02 -2.6796E+02
0017998   9.3344E+01 -1.4968E+02  1.5003E+02
0017999   2.0951E+02  3.3870E+01  1.0609E+02
0018000   1.6528E+02  5.5486E+00 -2.2947E+02
0018001   1.4982E+02 -7.6753E+01 -2.7435E+01
0018002   3.0613E+02 -9.3711E+01  1.6538E+02
0018003   3.3132E+02  5.1393E+01 -1.7553E+01
0018004   3.3830E+02  2.5162E+01 -7.5154E+01
0018005   1.7312E+02  4.9205E+00 -1.7498E+02
0018006   3.4114E+02 -1.3424E+02  2.0630E+01
0018007   1.8647E+02  5.2918E+01 -4.6605E+01
0018008   4.1260E+02 -1.8429E+02 -3.7849E+02
0018009   2.4484E+02  4.5338E+01 -7.5904E+01
0018010   4.8410E+02  1.4087E+02  1.2545E+02
0018011   3.1423E+02  3.4557E+02  2.0881E+02
0018012   3.9092E+02 -3.7443E+01 -2.0323E+00
0018013   1.3462E+02  1.2590E+01 -2.5951E+01
0018014   5.1274E+02 -7.1018E+01  4.5060E+01
0018015   2.7263E+02 -4.5412E+01 -1.0356E+02
0018016   5.2737E+01  4.0052E+01  6.0503E+01
0018017   2.4306E+02  1.5077E+01  3.6670E+01
0018018   4.0875E+02  1.5658E+02  1.0574E+02
0018020   2.5699E+02  2.4036E+01  1.3256E+02
0018021   9.7563E+01 -1.0231E+02  4.4834E+01
0018022   2.9191E+02 -2.6956E+01 -6.6784E+01
0018023   3.3133E+02  3.2193E-01  1.5857E+01
0018025   3.7760E+02  1.7404E+02  1.4879E+02
0018026   1.2065E+02  3.9054E+01 -7.7350E+01
0018027   1.1278E+02  3.9740E+01 -2.2079E+00
0018028   1.7832E+02  2.6251E+02 -5.7755E+01
0018029   3.9125E+02 -5.9969E+01 -1.1694E+02
0018030   4.0657E+02  3.9422E+01 -1.3985E+02
0018031   8.5563E+01 -2.3143E+02 -1.3990E+02
0018032   3.6195E+02  7.6902E+01  1.6242E+02
0018033   3.4403E+02 -1.2746E+02 -5.9120E+01
0018034   6.5013E+01 -1.7577E+01 -1.9819E+02
0018035   2.4153E+02 -7.7455E+01  1.1754E+02
0018036   4.6718E+02 -1.0796E+02 -4.5245E+01
0018037   1.0333E+02  4.8520E+01 -2.7881E+01
0018038   5.9446E+02  1.4060E+02 -9.1247E+01
0018039   3.7779E+01  1.0899E+02 -3.7644E+01
0018040   3.7669E+02  9.1249E+01  2.1410E+01
0018041   2.4325E+02  1.8942E+02  1.5199E+02
0018042   1.8992E+02 -1.5858E+02 -2.4144E+02
0018043   1.9132E+02  2.2125E+02 -1.5692E+02
0018044   5.4041E+02  5.6197E+01 -8.6556E+01
0018045   5.0957E+01 -7.7187E+01  3.5029E+01
0018047   2.2699E+02  5.9843E+00 -2.6117E+02
0018048   4.8926E+02  3.2563E+01  9.3352E+01
0018049   2.7632E+02  7.5432E+01 -5.1875E-01
0018050   1.8292E+02  1.4112E+01  8.5317E+01
0018051   1.0394E+02  8.8802E+01 -1.3051E+02
0018052   2.6052E+02  6.1220E+01  4.7446E+01
0018053   1.4399E+02 -2.9136E+01  1.0969E+02
0018054   7.2510E+01 -1.4738E+02  5.9531E+01
0018055   4.2928E+02  5.8149E-01  2.4475E+02
0018056   3.2457E+02  2.0923E+02 -2.5874E+02
0018057   3.2542E+02  4.4302E+01 -1.5965E+01
0018058   1.7853E+02 -1.0397E+02 -6.1119E+01
0018059   4.1163E+02 -5.7335E+01 -3.6653E+02
0018060   5.5061E+00  1.1327E+02  1.8540E+02
0018061   3.3367E+02 -8.4075E+01  1.6728E+02
0018062   5.1349E+02  2.4756E+02  2.5837E+02
0018063   2.0096E+02  1.9472E+02 -1.7508E+02
0018064   2.4703E+02  1.4653E+02 -1.0753E+02
0018066   1.1616E+02 -1.2574E+02 -1.0959E+02
0018067   3.2743E+01  1.2477E+01 -9.7435E+00
0018068   8.7331E+00  1.0293E+02 -2.3659E+01
0018069   1.8565E+02 -1.0372E+02 -2.4027E+01
0018070   4.5734E+02 -1.0079E+02  2.8126E+00
0018071   3.4501E+02 -1.3833E+02  4.5836E+01
0018072   4.1532E+02 -8.2292E+00  8.2972E+01
0018073   2.2230E+02 -4.4295E+01  3.3120E+02
0018074   3.4770E+02 -7.5789E+01  1.0914E+01
0018075   1.2982E+02 -7.7328E+01  5.4260E+01
0018077   8.5744E+01  1.0814E+02 -8.4852E+01
0018078   3.0033E+00  1.4359E+02  1.2526E+02
0018079   1.8361E+02 -8.9982E+01  8.0782E+01
0018080   1.2424E+02  2.6989E+01 -6.7402E+01
0018081   3.7107E+02 -1.3586E+02  1.5982E+02
0018082   3.9846E+02  1.3473E+02 -2.8776E+02
0018083   1.5362E+02  1.0255E+02 -4.9165E+02
0018084   2.9577E+01 -8.1323E+01 -1.2726E+00
0018085   2.3570E+02  2.1173E+02 -8.7043E+01
0018086   1.2734E+02 -3.7044E+01  9.0148E+01
0018087   6.1496E+02 -2.4515E+02  7.1000E+01
0018088   2.6436E+02  1.2158E+02  2.0013E+02
0018089   2.6724E+02  9.9622E+01  4.8569E+01
0018090   3.5371E+02  9.5761E+00 -1.5112E+02
0018091   2.1057E+02 -1.1935E+02  6.6053E+01
0018092   9.4877E+01  1.4679E+02 -1.1748E+02
0018093   1.2528E+02  3.2737E+02  4.4417E+01
0018094   1.1511E+02 -5.8255E+01  6.7178E+00
0018095   1.5259E+02  2.0484E+02  4.7835E+01
0018096   2.2421E+02 -1.4184E+02  6.6546E+01
0018097   4.3480E+02  7.8292E+01  4.2226E+01
0018098   1.4812E+02 -1.4278E+01 -1.7378E+02
0018099   3.4422E+02  9.0915E+01  1.7509E+02
0018100   1.6079E+02  1.0556E+01 -1.7858E+02
0018101   2.0464E+02  5.7930E+01  1.0892E+02
0018102   3.4190E+02  1.3479E+01 -1.0847E+02
0018103   3.4180E+02  2.2075E+02 -6.2002E+01
0018104   5.7503E+01  1.9986E+02 -3.2157E+01
0018105   1.3771E+02 -8.0711E+00 -5.2368E+01
0018106   1.7686E+02  7.7445E+01 -4.8958E+01
0018107   5.8066E+02  2.4989E+02  3.5321E+01
0018108   9.5618E+01 -3.4945E+01 -1.0708E+02
0018109   1.6212E+02  1.2709E+02  1.0110E+02
0018110   9.5821E+01 -3.0110E+01 -3.8517E+01
0018111   1.9059E+02 -5.0045E+01 -1.1724E+02
0018112   1.9538E+02 -1.2531E+02 -3.1668E+02
0018113   1.7120E+02 -7.7179E+01 -1.0802E+02
0018114   7.1274E+01 -1.9117E+00  2.6638E+02
0018115   2.8113E+02  5.0549E+01 -1.6641E+02
0018116   2.7006E+02 -1.3626E+02  5.4722E+01
0018117   4.6252E+02  2.1275E+02 -3.7013E+01
0018118   8.2660E+01 -2.9783E+02  6.3356E+01
0018119   4.1735E+02 -3.4052E+02  2.0206E+02
0018120   2.4805E+02  9.3405E+01 -1.6479E+02
0018121   4.3909E+02  1.4166E+02  1.5540E+02
0018122   2.3164E+02 -1.9037E+02  1.0049E+02
0018123   3.1500E+02  4.5938E+01 -2.8591E+02
0018124   3.7687E+02  7.8579E+01 -1.0673E+01
0018125   1.1127E+02  9.4891E+01  5.2052E+01
0018126   2.7749E+02 -3.2169E+01  1.1706E+02
0018127   2.8377E+02  8.2153E+01  1.8232E+00
0018128   2.3560E+02 -7.4460E+01  1.1951E+02
0018129   6.7383E+01 -8.1333E+01 -2.1886E+02
0018130   1.0942E+02 -6.7038E+01  8.4062E+01
0018131   9.2216E+01 -1.9696E+01 -2.6726E+02
0018132   5.4510E+01  5.0246E+01  2.1224E+02
0018133   3.9350E+02  1.5789E+02 -8.8110E+01
0018134   2.0075E+02  4.0190E+01 -1.2796E+02
0018135   6.6859E+01  9.6677E+01  8.3023E-01
0018136   4.0525E+02 -2.8894E+01 -6.7214E+01
0018137   2.0008E+01  3.4217E+02 -7.4069E+01
0018138   9.6849E+01  1.2013E+02 -6.0470E+01
0018139   2.0206E+02  6.7228E+01  2.2410E+02
0018140   1.7207E+02  1.8267E+02 -1.5856E+02
0018141   3.5366E+02 -1.9399E+02  6.6870E+01
0018142   1.2612E+02 -3.2499E+01  2.6918E+02
0018143   8.9194E+01  6.1472E+01 -3.6945E+01
0018144   1.0115E+02  4.1951E+01  2.4745E+00
0018145   4.2238E+02 -1.0360E+02 -8.1742E+00
0018146   3.1771E+02  3.6129E+02 -8.4304E+01
0018147   2.9632E+02 -1.9385E+02 -1.2178E+02
0018148   6.6140E+02  3.3882E+02  7.1183E+01
0018149   3.1493E+02 -2.5220E+01 -1.9703E+01
0018150   2.9820E+02 -3.2308E+02  2.6817E+01
0018151   3.4357E+02 -6.7393E+01  2.5514E+02
0018152   1.2806E+02  2.3059E+02 -1.2888E+01
0018153   1.5799E+02 -5.2652E+01 -2.2546E+01
0018154   6.4784E+01  1.0363E+02 -9.5905E+00
0018155   1.0696E+02  4.1792E+00 -1.5817E+01
0018156   3.1048E+02 -1.9267E+02 -1.8925E+02
0018157   1.0632E+02 -2.4189E+02 -8.9642E+00
0018158   4.3735E+02 -8.0253E+01 -1.0202E+02
0018159   2.5429E+02 -1.1482E+01 -9.4804E+01
0018161   5.8528E+01  1.5008E+02 -8.9177E+01
0018162   2.3694E+02  1.6732E+02 -1.6519E+02
0018164   2.2086E+02  2.7352E+02 -1.9374E+02
0018165   1.6335E+02  3.7157E+01 -8.8938E+00
0018166   2.4190E+02  6.3166E+01 -6.9185E+01
0018168   4.3665E+02  6.9532E+01  1.0257E+02
0018169   3.6735E+02  7.1177E+01 -1.2911E+01
0018170   2.9666E+02 -6.5336E+01  7.2272E+01
0018172   2.0613E+02  5.9699E+01 -3.8658E+01
0018173   2.1325E+01 -8.4749E+01  2.4297E+02
0018174   4.4709E+02 -3.9732E+02 -1.4932E+02
0018175   1.6132E+02  5.6603E+01 -3.4315E+01
0018176   1.1758E+02  3.9000E+02 -2.6734E+02
0018177   1.0097E+02  2.0480E+02  2.3142E+02
0018178   8.1505E+01  1.0930E+02  1.2194E+01
0018179   9.2123E+01  1.1593E+02 -5.4964E+01
0018180   4.0987E+02 -3.4056E+02 -1.0420E+01
0018181   2.9310E+02 -7.9957E+01  9.4711E+01
0018182   1.8537E+02  9.4534E+01 -5.7474E+01
0018183   2.1590E+02 -4.4709E+01  4.3965E+00
0018184   1.3005E+02 -4.9492E+01  8.6144E+00
0018185   2.7411E+02  2.8941E+01  1.6635E+02
0018186   4.6859E+02 -1.8678E+02 -1.8423E+02
0018187   2.4593E+02  1.0206E+02  2.6599E+02
0018188   2.8654E+02  2.3023E+02  1.6472E+02
0018189   7.7394E+01 -1.0795E+01  3.2173E+01
0018190   1.8202E+02 -1.5074E+01 -1.8282E+01
0018191   3.2034E+02 -1.9059E+02  4.2314E+01
0018192   9.0089E+01 -2.9402E+01 -3.7284E+01
0018193   5.1138E+01 -3.4711E+01 -7.5896E+01
0018194   1.7070E+02  5.5843E+01 -1.1232E+02
0018195   3.2284E+02  1.4932E+01 -1.6967E+02
0018196   3.6622E+02 -7.1064E+01  2.4313E+02
0018197   3.5538E+02 -1.7707E+02  5.1267E+01
0018198   4.9324E+02  4.9680E+01 -4.5207E+01
0018199   1.1007E+02 -4.2014E+01  1.9667E+02
0018200   2.1155E+02 -2.6460E+01  1.6555E+02
0018201   2.5026E+02 -1.9649E+00 -1.1599E+02
0018202   6.6657E+02 -7.3348E+01  3.8784E+01
0018203   4.0134E+02 -2.0664E+02 -1.2448E+02
0018204   1.7081E+02  2.1211E+01 -6.1833E+01
0018205   4.9280E+02  5.9523E+01  1.1740E+02
0018206   4.6340E+02 -8.0839E+01  2.7644E+00
0018207   1.9088E+02  1.0862E+02  4.6114E+00
0018208   1.7253E+02 -2.7318E+01  1.4918E+02
0018209   1.3590E+02  7.4559E+01 -1.0211E+01
0018210   1.7719E+02 -9.6475E+01  2.4204E+02
0018211   1.2355E+02  2.1023E+00 -1.0102E+02
0018212   4.7826E+02  1.0034E+02 -1.6226E+01
0018213   2.3460E+02  7.0580E+01  2.7988E+02
0018214   2.1968E+02 -6.8713E+01  3.9350E+01
0018215   2.3814E+02 -9.2174E+01  8.7965E+00
0018216   2.8660E+02 -4.8584E+01  2.1619E+01
0018217   3.6115E+02  8.6824E+01  5.4173E+01
0018218   5.8962E+02 -7.5778E+01  5.9408E+01
0018219   9.4661E+01 -1.8379E+01 -8.4127E+01
0018220   1.0755E+02  1.7119E+00 -1.5680E+02
0018221   1.4981E+02  1.0355E+02  2.5456E+02
0018222   1.2630E+02 -1.7482E+02  4.5827E+00
0018223   2.6871E+02 -6.5154E+01  1.0611E+02
0018224   6.6559E+02  2.1305E+02  1.4512E+02
0018225   3.2514E+02 -1.8544E+01  7.4718E+01
0018226   3.5783E+02 -4.2427E+01  5.1951E+01
0018227   3.2874E+02  1.2730E+02 -8.0409E+00
0018228   2.6849E+02 -2.0743E+01 -1.3433E+02
0018229   1.0089E+02  1.1501E+02  2.3998E+01
0018230   1.7257E+02  7.5958E+00  7.8467E+01
0018231   7.5074E+01 -7.8016E+01  1.2287E+02
0018232   2.5240E+02  2.4870E+00 -2.5367E+02
0018233   1.7281E+02 -1.9490E+01  1.2536E+02
0018234   2.3456E+02 -1.6626E+02 -1.0368E+02
0018235   1.7119E+02  1.8535E+02  2.2711E+02
0018236   1.1517E+02  6.5173E+01  2.1207E+02
0018237   3.9452E+02 -1.5998E+02 -4.2553E+01
0018238   3.4243E+02 -9.4338E+01 -1.3354E+02
0018239   1.3387E+02 -1.3694E+02 -3.3127E+01
0018240   3.3039E+02  1.6383E+01  1.1198E+02
0018241   2.4550E+02  6.8970E+01 -2.6193E+01
0018242   5.6182E+01  8.0136E+01 -1.0035E+02
0018243   3.0397E+02  9.7433E+01  5.4317E+01
0018244   3.0726E+01  5.1212E-02  9.1728E+01
0018245   3.3490E+02  1.5947E+01 -6.9349E-01
0018246   2.4659E+02 -2.1724E+02  4.0779E+01
0018247   1.4005E+02  6.1896E+01 -9.4909E+00
0018248   3.8886E+02  3.5588E+01 -1.2241E+01
0018249   3.2748E+02 -4.1891E+01  3.8129E+01
0018250   9.3034E+01 -1.6746E+02  1.8516E+02
0018251   3.1496E+02 -6.1486E+01 -1.3379E+02
0018252   9.5134E+01  1.0546E+02  3.1740E+01
0018254   4.9878E+02  1.2462E+02  2.3840E+02
0018255   1.2836E+02 -4.4867E+01  1.3823E+01
0018256   3.5540E+02 -9.6419E+01 -6.2239E+01
0018257   1.0720E+02  1.5336E+02  5.0973E+02
0018258   1.0325E+02 -2.4811E+01  1.8620E+01
0018259   7.7291E+01  1.3856E+02 -5.5650E+01
0018260   1.2629E+02 -2.8673E+02  1.7950E+02
0018261   1.3167E+02 -1.5889E+02  1.1753E+02
0018262   2.1896E+02 -1.0926E+02  1.8750E+02
0018263   1.3164E+02 -1.1879E+02  1.4922E+01
0018264   9.1346E+01  4.4898E+01  7.2669E+01
0018265   6.6619E+01  1.8297E+02  1.6927E+02
0018266   3.2006E+02  3.0813E+01  1.4220E+02
0018267   1.0157E+02  7.7991E+01 -1.1638E+01
0018268   2.7664E+02 -3.0621E+01  4.1419E+01
0018269   1.8685E+02 -5.4703E+01 -1.2531E+02
0018270   3.4375E+02 -3.0761E+01 -1.3144E+02
0018271   3.7952E+02  1.2723E+02 -1.4221E+02
0018272   1.7343E+02 -1.5311E+02 -8.0198E+01
0018273   2.1429E+02  3.4646E+02 -3.6543E+00
0018274   3.1562E+02 -8.5947E+00 -2.3704E+02
0018275   4.4226E+02  4.1598E+01 -3.9062E+01
0018276   3.3686E+02  2.8600E+02  2.5556E+01
0018277   1.5939E+02 -2.0467E+02 -1.2418E+02
0018278   1.6827E+02 -5.8436E+01 -1.3256E+01
0018279   3.2961E+02  5.1913E+01  3.9331E+02
0018280   4.4700E+02  1.4030E+02 -7.5079E+01
0018281   1.6225E+02  1.6187E+01  3.1491E+01
0018282   6.4412E+02  2.6578E+02  1.9056E+02
0018283   2.9223E+02  8.9819E+01 -1.5731E+02
0018284   1.3532E+02  1.7010E+02  1.4359E+02
0018285   1.6788E+02  1.4775E+02 -1.5221E+00
0018286   6.8345E+01 -6.6037E+01  4.6785E+01
0018287   1.2513E+02  3.9037E+01 -1.0081E+02
0018288   2.6411E+02 -3.6046E+01 -1.8193E+02
0018289   5.3049E+02 -1.0136E+02  1.1446E+02
0018290   5.4463E+02  1.1223E+02 -2.6643E+02
0018291   3.3776E+01  5.2736E+01  1.1527E+02
0018292   2.0414E+02  8.6673E+01  6.5856E+01
0018294   6.1183E+01  3.5595E+01  1.3506E+01
0018295   5.3613E+02  1.2358E+02  2.3072E+02
0018296   4.0414E+02  1.8878E+02 -8.9105E+01
0018297   2.1073E+02  1.6421E+02 -8.3922E+01
0018298   3.7383E+02 -1.3192E+02 -9.0709E+01
0018299   2.8296E+02 -1.1105E+02  2.5506E+01
0018300   1.4426E+02  5.9158E+01 -4.7585E+01
0018301   4.2962E+02  2.7344E+02  3.8397E+02
0018302   1.0810E+02  6.3817E-02  1.3703E+01
0018303   2.2758E+02  1.1135E+02 -7.9488E+01
0018304   3.1249E+02 -2.7766E+01  6.8759E+01
0018305   2.5042E+02  8.4748E+00 -2.2949E+01
0018306   3.6038E+02 -4.2528E+01 -9.0582E+01
0018307   1.1217E+02 -1.5876E+02  1.3739E+02
0018308   2.9779E+02  7.7954E+01 -1.3261E+02
0018309   4.3308E+02 -2.1175E+02 -1.6752E+02
0018310   1.9872E+02  7.5033E+01  9.1251E+01
0018311   2.2290E+01 -1.8226E+00 -1.2167E+02
0018312   4.7009E+02 -1.9979E+02 -5.4139E+01
0018313   1.4675E+02  2.0014E+02  7.1093E+01
0018314   2.4016E+02 -1.5418E+01 -1.8392E+02
0018315   2.5093E+02  2.9078E+01 -7.5095E+01
0018316   5.1330E+01 -1.3341E+02  2.2711E+02
0018317   2.3829E+02 -2.2851E+02  6.6466E+00
0018318   3.0657E+02  2.0514E+02  2.4126E+01
0018319   4.2160E+02 -3.4704E+00  1.0483E+02
0018320   3.8442E+02 -1.6433E+02  4.8346E+01
0018321   5.7025E+01  4.8730E+01 -9.5905E+00
0018322   1.0077E+02 -4.2831E+01  6.9833E+00
0018323   4.8005E+02  5.3320E+00  1.4181E+02
0018324   1.7935E+02  4.4038E+01  5.6960E+01
0018325   4.0856E+01 -3.1588E+02  5.0007E+01
0018326   3.4699E+02 -1.2566E+02 -9.0123E+01
0018327   8.1381E+01 -1.2605E+02  8.8276E+00
0018328   1.2332E+02  8.9852E+01  3.8203E+01
0018329   5.6973E+02 -3.4135E+02  5.1034E+01
0018330   6.3689E+01  9.6642E+01  1.1242E+02
0018331   3.5427E+02  3.5346E+02 -6.7964E+01
0018332   2.0540E+02 -5.4561E+01 -5.0981E+01
0018333   3.7079E+02 -6.8419E+01 -9.5954E+01
0018334   2.0639E+02 -9.8754E+01 -1.1689E+02
0018335   1.0396E+02 -9.5249E+01  7.9576E+01
0018336   2.1397E+02  6.7115E+01  7.9028E+01
0018337   1.6109E+02 -1.1827E+02 -8.9019E+01
0018338   1.3535E+02  4.5195E+01 -1.8936E+02
0018339   3.3790E+01 -3.7025E+02  6.4201E+01
0018340   3.1343E+02  2.6150E+01  5.2410E+01
0018341   2.8095E+02 -1.8840E+02  5.0512E+01
0018342   3.5949E+01 -1.3752E+01  2.6894E+01
0018343   1.2190E+02  2.8597E+01 -2.3970E+01
0018344   1.6968E+02  1.6054E+02 -1.7036E+02
0018345   1.1088E+02  4.0285E+00  1.0698E+02
0018346   1.7467E+02 -7.2718E+01  6.0200E+01
0018347   3.1985E+02  1.7049E+02 -3.2634E+01
0018348   3.3177E+02  4.5409E+01  1.6909E+02
0018349   2.1002E+02  5.2813E+01  3.1372E+01
0018350   3.3519E+02  1.4690E+01  9.5303E+01
0018351   4.2726E+02  1.6017E+02  1.9231E+02
0018352   2.1594E+02  1.7337E+02 -3.8665E+01
0018353   1.1528E+02  8.7155E+01  1.2004E+02
0018354   3.5846E+02 -1.6232E+02 -3.3983E+02
0018355   2.2820E+02  1.7257E+02  2.9736E+00
0018356   1.6656E+02  8.6458E+00  6.3041E+01
0018357   6.4996E+02 -2.4163E+02  8.4099E+01
0018358   1.4403E+02 -5.7349E+01 -5.5803E+01
0018359   3.2325E+02  1.2128E+01  1.1347E+02
0018360   2.5105E+02  7.7500E+01 -1.0251E+02
0018361   4.8858E+02  7.2214E+00  6.9608E+01
0018362   3.1620E+02 -1.0323E+02 -2.7393E+02
0018363   6.5344E+01 -4.0147E+01  7.3463E+01
0018364   1.8569E+01  2.9621E+02 -3.4268E+02
0018365   4.5609E+02  2.3635E+02  3.0998E+02
0018366   1.1049E+02 -1.9791E+02  3.5386E+01
0018367   3.1890E+02 -3.8439E+01 -1.0937E+02
0018368   2.5769E+02  3.2760E+02 -1.6565E+02
0018369   6.5439E+02 -1.2304E+02  7.3094E+01
0018370   2.3423E+02 -7.3897E+01 -2.0635E+02
0018371   3.7602E+02 -2.2169E+00 -1.1172E+01
0018372   2.5484E+02 -8.2599E+01  7.2168E+01
0018374   4.0642E+02  1.2347E+02 -6.2316E+01
0018375   1.0004E+02 -3.6575E+01  7.4163E+01
0018376   1.1274E+02  5.7863E+01  2.6419E+01
0018377   1.6917E+02  8.1366E+01 -1.4525E+02
0018378   2.7154E+02 -7.2463E+01  1.0491E+02
0018379   3.8049E+02  2.5904E+01  1.3625E+02
0018380   4.4108E+02 -2.7210E+02  2.4345E+02
0018381   3.9216E+02 -2.0023E+02 -3.8737E+01
0018382   2.3509E+02 -8.6344E+01  4.1917E+02
0018383   3.1342E+02  1.0804E+02  2.6177E+01
0018384   3.8512E+02 -4.9669E+01  1.8646E+02
0018385   2.3744E+02 -1.5359E+02  7.6827E+01
0018386   4.5288E+02 -1.3076E+02 -1.3208E+01
0018387   2.4888E+02 -4.6625E+01 -7.8745E+01
0018388   1.3410E+02 -1.4965E+02  7.3139E+01
0018389   5.4863E+02 -3.4821E+02  3.9428E+01
0018390   4.1593E+02  1.1058E+01  1.2919E+02
0018391   2.1328E+02 -7.4203E+01  5.0398E+01
0018393   2.2722E+02 -1.5084E+02 -1.6529E+02
0018394   3.2440E+02  1.0652E+02  3.6338E+02
0018395   4.5063E+01 -9.0073E+01 -7.4490E+01
0018396   3.3976E+02  3.8920E+01  6.7315E+01
0018397   7.3269E+01 -2.0517E+02 -1.9697E+02
0018398   2.3208E+02  4.3656E+01  5.0069E+01
0018399   3.2074E+02 -1.0954E+02 -4.2058E+01
0018400   2.7460E+02 -7.9118E+01  5.4572E+01
0018401   1.3809E+02 -1.3803E+02  1.2086E+02
0018402   1.5985E+02  2.4397E+01 -9.3746E+01
0018403   3.6037E+02  7.6809E+01  8.9379E+01
0018404   1.5305E+02  3.8013E+01 -1.8167E+02
0018405   3.3193E+02  1.1261E+01 -1.4762E+02
0018406   5.7189E+01  3.8744E+01  1.6868E+01
0018407   4.1809E+02  1.0074E+02  9.0090E+01
0018408   3.7703E+01 -1.0871E+02  1.5771E+02
0018409   2.7947E+02 -1.6478E+02  3.8622E+01
0018410   4.2787E+02  6.1922E+01  1.2227E+02
0018411   2.9483E+02 -1.8989E+02 -1.4812E+02
0018412   7.4198E+01  1.4304E+01  1.1107E+02
0018413   3.6556E+02 -3.2511E+01 -3.0642E+02
0018414   2.3985E+02  1.1701E+02 -1.2838E+02
0018415   2.6992E+02  2.1533E+01  1.1143E+02
0018416   3.1733E+02 -2.9677E+02 -1.6882E+02
0018417   1.3416E+02  2.3836E+01 -8.3865E+01
0018418   4.8402E+02 -2.1939E+02 -1.6319E+02
0018419   2.4804E+02  2.4274E+02 -9.4937E+01
0018420   5.2410E+02 -2.2913E+02 -5.0031E+01
0018421   1.6079E+02  1.3626E+02 -2.5730E+02
0018422   1.8222E+02 -1.3543E+02 -1.6952E+02
0018423   4.3109E+02 -8.7318E+01  8.0310E+01
0018424   1.7676E+02 -1.6280E+02 -1.0732E+02
0018427   2.0235E+02  7.7326E+01 -8.8798E+01
0018428   4.5475E+01  7.3296E+01  9.0753E+01
0018429   2.0119E+02 -2.9621E+00 -1.8431E+02
0018430   4.3382E+01 -1.4279E+02 -2.4722E+02
0018431   1.1942E+02 -5.2277E+01 -5.4848E+01
0018432   2.6293E+02  1.3793E+02 -8.2634E+00
0018433   4.5518E+02  1.6510E+02  1.1089E+02
0018434   1.2759E+02  2.8503E+01  2.8790E+02
0018435   3.3947E+02 -2.2122E+02 -1.1342E+02
0018436   1.6867E+02 -4.7735E+01 -1.4932E+02
0018437   2.2269E+02 -9.5390E+00  2.5314E+01
0018438   2.3870E+02  9.7184E+01  1.4708E+00
0018439   2.0756E+02  1.3221E+02 -3.1148E+01
0018440   2.9006E+02 -1.6348E+00 -1.7956E+02
0018441   1.0615E+02  5.9183E+01  6.4990E+00
0018442   2.2964E+02  3.3485E+02  3.5559E+01
0018443   1.4935E+02  1.0068E+02  5.2453E+01
0018444   6.2435E+01 -1.8011E+02  5.9200E+00
0018445   2.4642E+02  4.0260E+01 -2.3270E+02
0018446   1.3412E+02  1.7860E+02 -4.6013E+01
0018447   3.4644E+02 -3.4192E+01 -2.5148E+02
0018448   3.1243E+02  8.6330E+00  3.1867E+02
0018449   3.4297E+02  1.5843E+02  1.4127E+02
0018450   1.4350E+02  2.0240E+02 -9.8405E+00
0018451   2.3848E+02 -2.6209E+02 -5.1117E+01
0018452   1.8540E+02 -1.9980E+02 -2.7832E+01
0018453   1.8046E+01 -1.7899E+02  5.5507E+01
0018454   1.7530E+02  1.1500E+02 -1.2979E+02
0018455   9.3153E+01  4.1154E+01 -8.8840E+00
0018456   2.0831E+02  8.8986E+01 -2.0589E+02
0018457   2.1473E+02  1.4958E+02  1.0903E+01
0018458   3.9674E+02  4.8013E+01  8.5329E+01
0018459   1.6347E+02  7.2602E+01  1.1624E+02
0018460   4.2235E+02  3.2882E+02  1.1468E+02
0018461   1.1190E+02  1.4256E+02  2.5064E+02
0018462   5.5735E+02 -2.3777E+02 -8.3247E+01
0018463   4.5224E+01  7.2274E+01 -2.0739E+02
0018464   2.6951E+02  1.0704E+02  9.9667E+01
0018465   4.2147E+02  5.6172E+01 -1.4620E+02
0018466   2.5210E+02  8.2570E+01 -2.0071E+01
0018467   5.4489E+02 -6.5875E+01  2.6279E+02
0018468   8.7408E+01  1.2412E+02 -2.1019E+02
0018469   2.7765E+02  7.6430E+00 -2.9883E+02
0018470   4.2002E+02  5.2808E+01 -9.6175E+01
0018471   3.5408E+02 -2.9651E+02  2.9591E+01
0018472   1.7046E+02 -2.0330E+01  5.5883E+01
0018473   1.9298E+02 -3.0223E+02  7.1521E+01
0018474   5.9413E+02  1.1865E+01 -4.5461E+01
0018475   4.1987E+02 -2.5751E+02  1.1989E+00
0018476   1.8057E+02  3.2860E+01  5.2425E+01
0018477   3.0137E+02 -1.4200E+02 -1.3353E+02
0018478   1.7677E+02 -3.7984E+00  8.1583E+01
0018479   3.0716E+02 -3.7347E+02 -3.8285E+01
0018480   1.8118E+01 -6.9219E+01  6.5785E+01
0018481   1.2090E+02  1.4521E+02  2.7429E+00
0018482   4.8113E+02  3.2166E+01 -9.9349E+01
0018483   1.7780E+02 -1.1641E+02  1.6331E+02
0018484   1.1868E+02  1.7311E+01 -1.2868E+01
0018485   2.8843E+02 -1.0561E+02  1.7580E+02
0018486   4.7061E+02  1.8141E+02  7.0486E+00
0018487   3.3705E+02 -1.5360E+01  2.4330E+01
0018489   2.0545E+02  1.9285E+02  4.4833E+01
0018490   2.3824E+02 -5.3614E+01  4.5288E+01
0018491   2.1462E+02  1.0300E+02 -2.6492E+00
0018492   1.7142E+02  3.7502E+01 -1.2226E+02
0018493   4.5101E+02  2.9317E+01 -2.6229E+02
0018494   1.9852E+02 -2.9698E+02 -4.5979E+00
0018495   1.5464E+02  1.9439E+02  1.5174E+02
0018496   2.0368E+02 -2.6506E+02 -8.0212E+01
0018497   2.7713E+02  7.7881E+01  8.7285E+01
0018498   3.1734E+02  1.3773E+02 -4.1437E+00
0018499   3.2310E+02 -1.9809E+02  3.9432E+01
0018500   1.1379E+02  2.0598E+02  1.3603E+02
0018501   1.2780E+02 -3.3744E+01 -5.7420E+01
0018502   9.2558E+01 -7.1526E+01 -8.1161E+01
0018503   2.4690E+02 -1.1873E+02  5.0661E+01
0018504   5.0615E+02  1.6687E+02 -1.5629E+01
0018505   6.5889E+01  4.1407E+02  1.1277E+02
0018506   3.0370E+02  1.0674E+02 -8.9661E+01
0018507   5.1162E+01 -4.9482E+01  2.4726E+01
0018508   1.1200E+02 -1.0589E+02  3.7385E+00
0018509   1.5346E+02  3.6765E+01  2.7611E+00
0018510   3.7579E+02 -1.9810E+01 -4.7523E+01
0018511   6.4167E+01  1.5130E+02 -5.7293E+01
0018512   2.7663E+02  6.5687E+01  1.2406E+02
0018513   1.4109E+02 -3.2796E+01  1.9511E+01
0018514   4.6931E+02 -1.8401E+02 -2.4660E+01
0018515   4.7896E+02  1.2381E+02  6.5125E+01
0018516   4.3576E+02  1.3341E+02 -2.8720E+02
0018517   3.4731E+02 -3.3402E+01 -4.7776E+01
0018518   7.5007E+01 -2.9659E+01  1.5498E+02
0018519   1.8967E+02  2.6480E+01 -1.1737E+02
0018520   3.7600E+02 -1.1174E+02  2.3124E+02
0018521   9.3917E+01 -2.6012E+02  8.3567E+01
0018522   3.9506E+02  1.4094E+02 -4.8178E+01
0018523   8.4618E+01 -2.7289E+02 -2.7110E+02
0018524   3.1216E+02  2.7904E+02 -1.2409E+01
0018525   3.5895E+02  1.7859E+02 -1.4391E+01
0018526   3.1239E+02  9.5395E+01 -1.3794E+02
0018527   5.7750E+02  9.2355E+01 -4.5509E+01
0018528   2.9967E+02 -3.9075E+01 -1.4258E+02
0018529   4.3339E+02 -3.7450E+01 -1.3881E+02
0018530   1.9213E+02  6.0458E+01  1.2209E+02
0018531   3.0553E+02 -1.1410E+02  7.3621E+01
0018532   2.5539E+02 -1.3699E+02 -2.1043E+02
0018533   1.0368E+02 -1.0968E+02 -4.7557E+00
0018534   7.2359E+02 -5.6616E+01 -9.2374E+01
0018535   4.1628E+02 -1.7510E+02  3.6555E+02
0018536   4.1496E+02  1.5030E+01  3.0597E+01
0018537   2.5652E+01  2.7026E+02  1.6612E+02
0018539   3.5107E+02  2.7589E+02  1.8169E+02
0018540   3.0213E+02  9.0497E+01  2.0069E+02
0018541   2.7352E+02  3.0362E+02 -2.9568E+02
0018542   2.5300E+01  8.8682E+01  1.0823E+02
0018543   2.3290E+02  3.7877E+02  4.0537E+01
0018544   8.7310E+01  1.3121E+02 -7.6890E+01
0018545   4.3130E+02 -9.9775E+01  7.3260E+01
0018546   1.5248E+02  8.0563E+01  1.4616E+02
0018547   1.0527E+02  4.8477E+01 -1.9404E+02
0018548   2.9412E+02 -1.5177E+01 -1.0424E+02
0018549   2.1873E+02 -1.1647E+01 -3.6283E+01
0018550   1.6713E+02  7.3559E+01 -2.9671E+01
0018551   6.0581E+02 -1.0995E+02 -2.2349E+02
0018552   1.4880E+02 -2.8678E+02  1.6408E+02
0018553   4.4211E+02 -6.6326E+01  1.0846E+02
0018554   1.5220E+02  2.1968E+02  1.8911E+02
0018555   1.3360E+02  6.4569E+01 -1.8964E+01
0018556   1.2883E+02  4.7407E+01  5.7034E+00
0018557   2.9574E+02 -6.0407E+00  1.5890E+01
0018558   2.0283E+02 -5.6448E+01  1.2965E+02
0018559   1.8956E+02 -4.4551E+01 -9.4290E+01
0018560   2.1058E+02  1.2978E+02 -4.9195E+01
0018561   2.0831E+02  6.7922E+01 -1.7497E+02
0018562   2.5908E+02  4.0373E+02  1.2761E+01
0018563   1.1425E+01 -2.3347E+01 -7.3226E+01
0018564   5.4946E+02 -3.4139E+01 -2.2234E+01
0018565   2.5011E+02 -1.8753E+02 -1.4654E+02
0018566   1.4454E+02  2.8317E+02  9.2013E+01
0018567   4.3223E+02  9.7294E+01  8.5841E+01
0018568   2.6153E+02 -9.3530E+01  1.8763E+01
0018569   5.9138E+02 -4.2056E+01 -1.6390E+02
0018570   3.3892E+02 -5.9859E+00  3.2736E+01
0018571   6.4624E+02 -5.3067E+01 -1.9962E+02
0018572   3.3425E+02 -2.5510E+02  2.0433E+02
0018573   2.8768E+02  5.0603E+01 -6.5980E+00
0018574   4.0050E+02 -7.8868E+01  2.7896E+01
0018575   1.8560E+02  1.3901E+02  1.0692E+02
0018576   3.2015E+02 -1.0871E+02 -1.9328E+01
0018577   4.0107E+02  7.9909E+00  8.3670E+01
0018578   2.8781E+02 -2.4722E+01 -3.6816E+01
0018579   7.1781E+01  1.2693E+02  1.1000E+02
0018580   2.3672E+02 -7.1835E+01  5.0043E+00
0018581   2.4404E+02  1.1391E+02  1.1293E+02
0018582   2.2998E+01  2.2951E+01 -3.3580E+00
0018583   2.9928E+02 -1.3616E+02  3.5150E+02
0018584   6.6533E+02 -3.5047E+01  1.1791E+02
0018585   4.0152E+02 -7.6475E+01 -1.0180E+02
0018586   4.9608E+02 -2.8211E+00  7.6045E+00
0018587   8.1867E+01 -9.5124E+01 -3.5804E+02
0018588   3.5826E+02 -1.1252E+02 -2.9364E+01
0018589   1.6262E+02  1.1151E+02  1.5700E+01
0018590   3.8747E+02 -2.8706E+02  8.3764E+01
0018591   2.2248E+02 -1.8479E+02 -1.1527E+02
0018592   2.9911E+02  1.3927E+02 -3.7160E+02
0018593   2.1137E+02 -4.9239E+01 -1.0590E+02
0018594   1.2648E+02  1.1286E+02 -1.5600E+02
0018595   1.4197E+02 -8.0706E+01 -9.0218E+01
0018596   6.8204E+01 -2.2682E+02  1.0471E+02
0018597   2.6113E+02 -1.4481E+02 -1.1440E+02
0018598   2.2147E+02  4.1915E+01 -2.0862E+01
0018599   7.5039E+02 -1.5281E+02 -7.0794E+01
0018600   2.3055E+02 -1.0419E+02 -4.2547E+01
0018601   4.2385E+02 -1.6215E+02 -1.4395E+02
0018602   4.5601E+02  2.5030E+01  2.8177E+02
0018603   1.4564E+02 -1.8264E+02 -2.1014E+02
0018604   4.6890E+01 -2.9930E+01 -3.8518E+01
0018605   1.2921E+02 -3.8768E+01 -3.1269E+01
0018606   2.6339E+02  2.0542E+02  1.4164E+02
0018607   3.7246E+02  7.4506E+01 -1.3561E+02
0018608   5.8142E+02 -8.2104E+01  1.5296E+01
0018609   3.4920E+02 -1.0039E+02 -7.8025E+01
0018610   3.9647E+02  2.0520E+02  1.4003E+02
0018611   5.2652E+02 -8.8069E+01  3.7116E+01
0018613   1.3916E+02 -2.9496E+02  1.1630E+02
0018614   1.1293E+02  4.9091E+00  1.1428E+01
0018615   3.7209E+02 -1.3330E+02 -4.9009E+01
0018616   2.1379E+02  2.9191E+02  1.8510E+02
0018617   1.5041E+02 -4.5188E+02 -1.0674E+02
0018618   1.9180E+02  8.0051E+01  6.6956E+00
0018619   2.0572E+02 -8.5952E+01 -4.1838E+01
0018620   7.1995E+02  2.7124E+02 -2.2236E+02
0018621   3.7337E+02  3.4396E+01 -1.1606E+02
0018622   3.5006E+02  1.1267E+02 -1.3627E+02
0018623   3.0297E+02  5.7523E+01 -1.0398E+02
0018624   6.4659E+01 -8.8955E+00 -6.5472E+01
0018625   5.2213E+02 -1.5016E+02 -2.5648E+02
0018626   3.7052E+02 -1.8776E+02 -9.0219E+01
0018627   3.5767E+02 -3.3326E+01  1.5845E+02
0018629   1.4042E+02 -8.1122E+01 -2.2099E+02
0018630   4.1367E+02  8.0687E+01 -7.6670E+01
0018631   2.2809E+02  7.3677E+01 -2.7606E+01
0018632   1.2430E+02 -2.0856E+02  5.7395E+01
0018633   3.6170E+02  5.4973E+01 -1.9943E+02
0018634   2.0446E+02  4.9802E+01  6.3118E+00
0018635   3.5188E+02  4.5095E+01  2.8005E+02
0018636   2.2261E+02 -5.1420E+01  2.4909E+02
0018637   2.8777E+02 -4.4840E+01 -3.5774E+00
0018638   1.2360E+02  1.2485E+02 -1.0521E+00
0018639   1.0070E+02 -1.0404E+02  5.9538E+01
0018640   2.7021E+02  3.1899E+01  2.1068E+02
0018641   4.1557E+02 -4.4181E+02  1.4056E+01
0018642   1.5938E+02 -1.3705E+02  2.1666E+02
0018643   3.2543E+02  2.5964E+02  8.0838E+01
0018644   2.5326E+02 -4.1686E+01 -6.5840E+01
0018645   1.4673E+02 -2.8462E+02  1.7653E+02
0018646   2.3357E+02 -1.0714E+02 -7.8165E+01
0018647   2.6174E+02 -4.5664E+01  5.9253E+01
0018648   1.6591E+02  1.4261E+02  2.3217E+01
0018649   3.0223E+02 -5.1145E+01  1.7497E+02
0018650   3.5830E+02  1.6982E+02  1.5252E+02
0018651   5.4778E+02 -9.6894E+01  2.3860E+02
0018652   3.0864E+01 -1.7926E+02  7.9948E+01
0018654   5.9125E+02  1.5243E+01 -2.7986E+01
0018655   4.0263E+02 -5.5352E+01 -6.3768E+01
0018656   3.5417E+02  6.1002E+01 -5.6293E+01
0018657   4.2186E+02  1.2799E+02 -3.9223E+01
0018658   8.9095E+01  2.9556E+01  6.2211E+01
0018659   3.1406E+02 -1.0160E+02 -8.8153E+00
0018660   1.0314E+02 -1.0162E+02 -2.7835E+02
0018661   5.2416E+02 -4.9857E+01  3.4343E+02
0018662   7.8487E+01 -1.0991E+02 -2.4818E+02
0018663   1.4296E+02 -2.4700E+02 -1.4873E+02
0018664   4.3984E+02  1.0289E+02  1.9029E+02
0018665   2.5892E+02  1.0100E+02 -2.8992E+01
0018666   2.4494E+02 -8.7325E+01 -5.4202E+01
0018667   2.6207E+02  1.1592E+02  3.2456E+02
0018668   3.1722E+02 -5.2957E+01  1.4436E+02
0018669   1.2975E+02 -1.0405E+01  2.8137E+01
0018670   2.2424E+02  9.9717E+01 -2.1244E+02
0018671   4.8248E+02 -1.4702E+02  2.2414E+02
0018672   1.4743E+02  3.4230E+02 -9.7200E+01
0018673   1.6015E+02  1.1329E+02 -7.3719E+01
0018674   3.0945E+01  1.4462E+02  1.4844E+02
0018675   1.0757E+02 -2.9150E+01 -3.5174E+01
0018676   3.1844E+02 -4.6975E+02 -4.2986E+01
0018677   4.5143E+02 -6.4737E+01  3.5259E+02
0018678   4.0852E+01  3.5039E+01 -8.5281E+00
0018679   5.4758E+01  9.9369E+01  5.5798E+01
0018680   1.5545E+02 -1.7416E+01 -6.2488E+01
0018681   3.9003E+02  5.4709E+01  6.0048E+01
0018682   1.9267E+02 -4.4025E+01 -1.8078E+02
0018683   2.5765E+02  2.5601E+01  9.4862E+01
0018684   2.7933E+02  1.2069E+02 -2.3250E+02
0018685   3.1935E+02  1.6327E+02 -1.2841E+02
0018686   2.7532E+02 -4.7566E+01  6.5787E+01
0018687   4.7303E+02  3.8395E+01  3.5062E+01
0018688   2.0106E+02  8.5092E+01 -5.5192E+01
0018689   1.1311E+02 -3.7794E+01 -6.7741E+01
0018690   1.3880E+02  4.4767E+01 -2.7021E+01
0018691   2.9722E+02  7.2505E+01  1.5705E+02
0018692   4.1176E+02 -6.7480E+01  5.5765E+01
0018693   2.3078E+02 -7.8452E+01 -1.5142E+02
0018694   2.1522E+02  1.1288E+02 -8.8176E+01
0018695   3.8505E+01 -1.9711E+02 -1.2841E+02
0018696   3.2630E+02 -1.1924E+02 -1.2456E+02
0018697   2.4227E+02  8.5398E+00  3.3535E+01
0018698   5.7855E+02 -1.3619E+02  1.0348E+01
0018699   1.2092E+02  2.5738E+02 -3.1601E+01
0018700   2.8952E+02 -3.1451E+01  3.8313E+01
0018701   1.3725E+02 -4.6446E+01 -3.2808E+01
0018702   4.0113E+02 -4.3200E+01 -1.4184E+02
0018703   2.1624E+02  5.3112E+01 -3.1194E+02
0018704   3.5500E+02  1.1846E+02  1.1316E+02
0018705   1.0877E+02  1.9854E+02 -7.5237E+01
0018706   1.4655E+02 -8.1201E+01 -3.0906E+01
0018707   1.9435E+02 -6.0713E+01  4.6084E-01
0018708   4.7716E+02 -2.0392E+02 -1.3059E+02
0018709   1.3614E+02  1.3512E+02 -9.4448E+01
0018710   4.0423E+02  5.1080E+01  6.9874E+00
0018711   4.2084E+02  3.2223E+00 -7.4110E+01
0018712   1.8870E+02 -3.3708E+01 -9.8252E+01
0018713   3.8380E+02 -1.3550E+02  1.7094E+01
0018714   1.7077E+02  8.5346E+01  9.3567E+01
0018715   1.4897E+02 -1.7062E+02  2.6115E+02
0018716   4.1872E+02  1.5696E+02  2.0673E+01
0018717   1.6771E+02 -2.3840E+02 -1.5214E+01
0018718   9.5924E+01 -6.3855E+01 -3.7935E+01
0018719   3.2907E+02  5.6521E+01  1.0177E+02
0018720   3.3380E+02 -3.1485E+02  4.9744E+02
0018721   1.1544E+02 -1.2124E+02  1.1081E+02
0018722   3.3660E+02 -2.8587E+02 -6.9820E+01
0018723   3.2447E+02 -4.9913E+01 -1.6567E+02
0018724   2.4678E+02 -2.1346E+02  3.6951E+01
0018725   1.2150E+02  2.1253E+02  5.6607E+01
0018726   1.4903E+02  1.2297E+02  1.9418E+02
0018727   3.1402E+02 -8.0123E+01 -7.7381E+01
0018728   2.6658E+02  1.2139E+01  1.5403E+02
0018729   8.1443E+01 -1.1795E+02 -1.9230E+01
0018730   8.1697E+01  9.8253E+00 -1.2966E+02
0018731   3.0710E+02  1.9379E-01  1.2777E+02
0018732   3.5623E+02 -8.4357E+01 -1.9458E+02
0018733   2.1554E+02 -3.3161E+01 -2.1172E+02
0018734   3.2504E+02  1.5300E+02 -8.1117E+01
0018735   4.7086E+02 -2.7024E+01 -1.0857E+02
0018736   3.1321E+02 -2.7163E+01 -6.5763E+01
0018737   2.0259E+02  1.1007E+02  8.9953E+01
0018738   3.3115E+02  2.6382E+00 -2.2519E+02
0018739   3.1358E+02  3.8913E+01 -3.8814E+01
0018740   2.2320E+02  2.4672E+01  9.0137E+01
0018741   9.2473E+01  1.0014E+02  4.6448E+01
0018742   5.5908E+02  4.2106E+00 -1.1043E+01
0018743   4.8278E+02  2.9344E+02  5.1125E+00
0018744   1.6367E+02 -1.3501E+02  1.1451E+02
0018745   1.4172E+02 -1.3241E+01  9.2054E+01
0018746   1.0933E+02 -2.4403E+02  3.3695E+01
0018747   2.0332E+02  2.6924E+02  1.3545E+02
0018748   3.8808E+02 -3.9877E+01 -6.8493E+01
0018749   1.3408E+02 -4.7352E+01 -7.8112E+01
0018750   1.7192E+02  6.3284E+01  5.9973E+01
0018751   2.7559E+02  1.1521E+02  7.1966E+01
0018752   8.3195E+01 -7.2717E+01  1.3648E+01
0018753   2.8774E+02 -1.2503E+02 -4.3352E+01
0018755   2.1502E+02 -2.3957E+02  1.5118E+01
0018756   3.2566E+02 -1.3057E+02 -1.4614E+02
0018757   4.7180E+01 -5.0475E+01  9.9832E+00
0018758   5.2142E+02 -2.4894E+02  1.3578E+01
0018759   2.8837E+02  1.4125E+01 -1.5109E+02
0018760   2.2340E+02  7.2995E+00  4.2336E+01
0018762   6.7619E+02 -1.5586E+02  3.4961E+01
0018763   3.4386E+02  7.2541E+01 -1.5783E+02
0018764   8.0536E+01 -4.1980E+01  2.8785E+02
0018765   3.5310E+02 -2.2307E+01  1.2512E+02
0018766   1.5014E+02  1.7205E+02  9.7372E+01
0018767   1.4766E+02  1.1106E+02  5.3968E+01
0018768   4.8930E+02 -8.9337E+01 -5.0732E+01
0018769   1.6656E+02 -1.3782E+02 -1.3359E+00
0018770   1.1191E+01  1.4879E+02  7.8394E+01
0018771   5.9568E+02  3.8132E+01  1.9140E+02
0018772   3.2495E+02 -7.9460E+01 -1.7266E+02
0018773   6.1145E+02  5.1641E+01  1.2778E+02
0018774   1.2779E+02  4.8490E+01 -1.0829E+02
0018775   1.3287E+02 -7.3732E+00  2.8506E+01
0018776   2.0442E+02  8.4268E+01 -1.0330E+02
0018777   4.9955E+02  7.7928E+01  3.6362E+00
0018778   2.0194E+02 -5.3211E+00  7.6877E+01
0018779   2.9243E+02  1.5468E+02 -4.5544E+01
0018781   8.2589E+01  8.5143E+01  2.1469E+01
0018782   2.3692E+02  1.8893E+01  1.8232E+02
0018783   3.3390E+02  4.3762E+01  3.8564E+01
0018784   3.1989E+02  6.9764E+01 -1.7315E+01
0018785   2.4364E+01  1.3406E+02  1.0273E+01
0018786   4.3321E+02  9.9917E+01  5.9811E+01
0018787   3.3800E+02 -2.7067E+01  1.0272E+01
0018789   1.2000E+02  7.7717E+01 -3.4288E+01
0018790   2.1375E+02  4.5534E+01  8.4880E+00
0018791   3.0960E+02  7.3675E+01 -5.6947E+01
0018792   1.2128E+02  2.1418E+02 -1.6921E+02
0018793   2.3981E+02  1.7695E+02 -6.4356E+01
0018794   9.6018E+01 -8.2603E+01 -8.1046E-01
0018795   3.6954E+02 -8.9423E+01  6.2358E+01
0018796   1.3063E+01 -2.5669E+02  3.2485E+02
0018797   3.2537E+02  3.3501E+01  1.4883E+02
0018798   3.1112E+02  1.1211E+02  7.3751E+00
0018799   2.4554E+02 -4.5852E+00  1.4486E+02
0018800   2.3318E+02 -4.3583E+02  2.5072E+02
0018801   3.2705E+02 -5.9405E+01  1.6207E+01
0018802   1.4365E+02  1.1986E+02  1.5159E+01
0018803   6.5938E+02 -5.8501E+01  2.1093E+02
0018804   2.9200E+02 -2.7079E+02 -2.0937E+01
0018806   2.7446E+02 -2.0353E+01 -7.4054E+01
0018807   1.6848E+02  1.1187E+02  7.3679E+01
0018808   1.0388E+02 -4.5602E+01 -1.8992E+02
0018809   2.3032E+02  4.1657E+01 -8.9151E+01
0018810   1.4287E+02  2.3199E+02  1.3173E+01
0018811   2.5667E+02 -8.7389E+01 -8.7939E+01
0018812   2.1047E+02  1.7123E+02  8.0905E+01
0018813   2.7390E+02  1.5074E+02  6.3678E+01
0018814   1.2368E+02 -1.4466E+02 -1.5555E+02
0018815   1.0066E+02  1.0535E+02  1.4896E+00
0018816   1.2626E+02  1.7783E+02  4.4968E+01
0018817   4.8865E+02  2.4836E+01 -1.1073E+01
0018819   4.2330E+02 -5.8486E+01  2.6908E+02
0018820   1.1817E+02 -1.6123E+02  1.4112E+02
0018821   9.3627E+01  8.8178E+01  4.8580E+01
0018822   5.8279E+02 -2.4351E+02  3.0237E+02
0018823   2.5041E+02 -1.5639E+02 -1.4141E+02
0018824   3.3360E+02 -2.5413E+02 -7.9932E+00
0018825   9.5303E+01 -3.5850E+01 -4.0094E+01
0018826   2.5034E+02  1.8797E+02 -4.7074E+01
0018827   1.0934E+02 -1.5893E+02 -9.5338E+01
0018828   5.0692E+02 -1.7603E+02 -2.9991E+02
0018829   3.4119E+02  9.7656E+01 -1.9745E+02
0018830   1.3102E+02 -2.8276E+01 -5.3300E+01
0018831   2.1953E+02 -9.2591E+00  1.9573E+02
0018832   2.8241E+02 -1.7498E+02  3.6496E+02
0018833   4.7444E+02  2.0100E+02 -1.8317E+02
0018834   2.0684E+00 -7.2499E+00 -8.4482E+01
0018835   2.4066E+02  3.5713E+02  1.4610E+02
0018836   1.7900E+02 -7.6736E+01 -1.8715E+01
0018837   9.2302E+01  6.2099E+01 -1.2905E+01
0018838   4.8178E+01 -1.4881E+02 -1.3411E+02
0018839   7.0382E+01  7.3312E+01 -2.5707E+01
0018840   2.9050E+02  1.4028E+02  1.1457E+02
0018841   2.6366E+02 -2.8938E+02  1.4055E+02
0018842   2.4730E+02  4.6859E+01  1.0060E+02
0018843   4.0245E+02  2.0513E+02  1.5291E+02
0018844   3.5975E+02  6.6015E+01  6.2882E+01
0018845   1.1508E+02 -4.3005E+01  9.5861E+01
0018846   2.9067E+02 -1.6960E+02 -4.7797E+01
0018847   2.5298E+02 -1.3273E+02  2.6433E+01
0018848   1.7430E+02  9.6793E+01  2.3969E+01
0018849   2.6199E+02 -6.7803E+00 -1.2051E+02
0018850   1.5678E+02 -1.5306E+00  1.4093E+02
0018851   5.8665E+01  1.3528E+02 -3.1214E+01
0018852   3.4416E+02  8.2012E+01  2.8119E+01
0018853   6.0717E+02 -5.2235E+01  1.6144E+02
0018854   3.1204E+02  4.2654E+01 -1.2289E+02
0018855   4.9134E+02  3.6707E+01  6.6151E+01
0018856   1.8622E+02  5.4440E+01 -1.1140E+02
0018857   4.2942E+02 -1.8265E+02 -2.1233E+01
0018858   1.4397E+02  6.5774E+01 -7.4750E+01
0018859   1.6281E+02  6.3522E+01 -3.1395E+01
0018860   4.6159E+02  1.7471E+02 -2.0869E+02
0018861   2.7113E+02 -3.2194E+01 -1.0949E+02
0018863   3.0287E+02  1.1477E+02  3.5227E+01
0018864   3.8219E+02  1.2526E+02 -1.2881E+02
0018865   3.6809E+02 -1.2631E+02  2.1676E+02
0018866   6.8174E+01 -1.1104E+02 -8.7860E+01
0018867   3.9618E+02  9.4280E+01  9.1254E+01
0018868   1.2361E+02  1.4518E+01  5.6939E-01
0018869   3.9197E+02  2.6662E+02  2.2592E+01
0018870   4.8024E+02  8.4368E+01  3.6460E+00
0018871   1.4824E+02 -7.0107E+01  4.6521E+01
0018872   1.3912E+02  4.4984E+01 -1.7115E+02
0018873   1.1087E+02 -7.2220E+01 -4.8647E+01
0018874   2.8755E+02 -7.5450E+01  2.2674E+02
0018875   3.0263E+02 -2.1295E+01  6.8804E+01
0018876   6.5104E+01 -2.4662E+01 -4.9523E+01
0018877   2.9421E+02  1.3642E+02 -3.7229E+00
0018878   3.3398E+02 -1.0484E+01 -1.3090E+02
0018879   1.3032E+02 -6.8577E+01  8.0340E+00
0018880   3.9025E+02  3.2943E+01 -2.5631E+01
0018881   5.9691E+02  2.8540E+02 -3.3036E+02
0018882   1.6047E+02 -1.6041E+02 -1.5081E+01
0018883   2.9709E+02 -6.3145E+01  9.3884E+01
0018884   2.1443E+02 -2.4996E+01  1.2300E+01
0018885   4.5388E+02 -1.4216E+02  9.8819E+01
0018886   4.5163E+02  5.3926E+01  1.4170E+01
0018887   3.1740E+02 -9.9311E+01 -7.4574E+00
0018888   1.1579E+02  7.8366E+01 -7.8107E+01
0018889   2.2037E+02  3.5215E+01  2.9523E+01
0018890   3.4363E+02 -3.2731E+01 -1.4301E+01
0018891   3.8591E+02 -3.1631E+01 -5.4766E+01
0018892   2.5613E+02 -1.0770E+02 -3.9994E+01
0018893   1.7248E+02 -1.8348E+02 -5.7614E+01
0018894   4.0915E+02 -6.3962E+01  3.6132E+02
0018895   1.5781E+02 -7.2464E+01 -2.7361E+01
0018897   3.0553E+02  1.0464E+02 -1.2496E+02
0018898   8.8086E+01 -6.8313E+00 -2.1839E+01
0018899   1.9870E+02  2.0844E+02  1.5641E+02
0018901   2.4873E+02  4.9240E+02  2.4919E+01
0018902   1.9177E+02  2.7172E+02  4.5281E+00
0018903   2.5269E+02  7.1560E+00 -8.9455E+01
0018904   3.0327E+02 -3.9848E+01  5.0161E+01
0018905   2.1877E+02  1.5709E+01 -1.2037E+02
0018906   1.8763E+02  5.4064E+01  1.2661E+02
0018907   3.6788E+02  1.5255E+02  8.3112E+01
0018909   2.5212E+02  2.8645E+02  1.2022E+02
0018910   3.4505E+02  4.4913E+01 -7.3720E+01
0018911   3.0249E+02 -1.2001E+02  5.7306E+01
0018912   4.4952E+02 -1.5146E+02 -5.1175E+01
0018913   1.3445E+02  6.2809E+01 -3.6499E+01
0018914   2.1954E+02 -1.4586E+02 -9.2588E+00
0018915   3.6107E+02  2.0572E+02  1.4609E+02
0018916   3.3051E+02  1.2505E+01  1.1255E+02
0018917   2.6059E+02  1.8531E+02 -2.5011E+02
0018918   1.2361E+02  7.7113E+01  1.7583E+02
0018919   1.0405E+02  1.6451E+02  2.0725E+00
0018920   4.0856E+02 -1.1515E+01 -7.7954E+01
0018921   3.0680E+02 -1.2529E+02 -1.2669E+02
0018922   1.5700E+02 -1.0482E+01  1.8879E+02
0018923   4.3838E+02  1.5557E+01  1.6530E+02
0018924   5.4652E+02 -3.7889E+02 -1.1210E+02
0018925   4.3657E+01  9.5532E+01  1.5551E+02
0018926   3.4265E+02 -1.3979E+02  1.9360E+01
0018927   1.3499E+02  4.4479E+01  8.0581E+01
0018928   1.3348E+02 -5.9336E+01  3.1393E+01
0018929   1.7849E+02  9.0798E+01 -5.3101E+01
0018930   3.2797E+02  3.9352E+00  1.9977E+02
0018931   2.9865E+02 -7.2019E+01 -1.0371E+02
0018932   3.6570E+01 -4.6842E+01 -4.3674E+00
0018933   1.0008E+02  1.6947E+02 -8.7449E+01
0018934   4.5497E+01  5.9828E+01 -1.1496E+01
0018935   1.9922E+02 -2.2296E+02 -7.8363E+01
0018936   3.7224E+01  1.0617E+02 -3.6247E+00
0018937   1.3217E+02 -1.3603E+02 -1.2246E+02
0018938   2.5169E+02 -1.8290E+02 -7.3285E+01
0018939   1.6996E+02  1.6890E+02  1.0903E+01
0018940   3.7330E+02  1.3122E+02  6.1270E+01
0018941   3.7256E+02 -1.6061E+02 -1.3004E+02
0018942   1.2665E+02  1.3302E+02  7.1873E+01
0018943   1.0891E+01  1.0754E+02 -1.9706E+01
0018944   2.5311E+02 -8.6424E+01  8.6687E+00
0018945   2.1687E+02  2.4025E+01 -1.4253E+02
0018946   3.1781E+02  6.1641E+01  2.1839E+02
0018947   4.0191E+02  8.2734E+01 -4.5318E+01
0018948   1.6176E+02  8.1391E+00  1.4279E+02
0018949   1.6630E+02  8.5856E+01  9.2432E+01
0018950   3.7477E+02 -2.1349E+01 -8.1977E+01
0018951   2.4904E+02  1.5039E+02 -1.1046E+02
0018952   8.7436E+01  7.0747E+01 -7.7445E+01
0018954   3.1012E+02 -1.1770E+02 -1.2100E+02
0018955   1.0164E+02  1.6988E+02 -4.6350E+01
0018957   6.5697E+02  1.0058E+02  7.8549E+01
0018958   1.3100E+02 -2.1327E+02  2.7630E+02
0018959   9.7263E+01 -6.7967E+01 -4.9516E+00
0018960   3.7036E+02 -7.5693E+01 -1.7620E+02
0018961   1.9295E+02  1.1696E+01 -1.3326E+02
0018962   2.7223E+02  2.5983E+02 -1.0032E+02
0018963   6.1897E+02 -1.9762E+02  1.4799E+02
0018964   4.3572E+01  4.1078E+01  9.4480E+01
0018965   4.1596E+02 -1.9334E+01 -8.1289E-01
0018966   2.9288E+02 -4.5771E+01 -6.3189E+00
0018967   2.2642E+02 -7.9973E+01 -1.3777E+02
0018968   2.4495E+02  1.6865E+02 -1.5671E+02
0018969   3.8670E+02  3.8659E+01 -1.4349E+01
0018970   1.5047E+02 -1.3443E+02 -6.3763E+01
0018971   3.0219E+02  1.2382E+02  7.5710E+01
0018972   7.7732E+01  1.7304E+02 -2.7850E+02
0018973   2.1937E+02  3.8927E+01 -3.9448E+01
0018974   2.9335E+02  8.4859E+01 -1.0958E+00
0018975   5.8378E+01 -3.8952E+01 -3.2529E+01
0018976   3.3573E+02 -6.2964E+01 -4.0075E+02
0018977   5.0419E+02 -1.4330E+02 -7.0013E+01
0018978   1.8915E+02 -3.4512E+02  7.0199E+00
0018979   1.8434E+02 -2.3943E+01 -1.0918E+02
0018980   3.5796E+02  2.4160E+01 -1.0394E+02
0018981   4.1264E+02 -2.1954E+02 -1.1063E+01
0018982   2.4130E+02  5.7915E+01  1.2359E+02
0018984   3.5654E+02  8.7590E+01 -3.5263E+01
0018985   9.2280E+01  2.3555E+02 -5.7275E+01
0018986   8.0633E+01  3.2729E+01  1.3331E+02
0018987   3.7175E+02 -1.6899E+02  5.9443E+01
0018988   5.7045E+02 -1.5638E+02  8.6606E+01
0018989   3.0481E+02  1.7353E+02 -1.1986E+01
0018990   2.1968E+02  1.0312E+02 -9.0991E+01
0018991   1.1945E+02 -1.0777E+02  4.4221E+01
0018992   2.3393E+02  8.0897E+01 -2.2147E+01
0018993   2.9277E+02  1.5792E+01 -7.8266E+01
0018994   1.7043E+02 -2.4978E+01  5.5619E+01
0018996   3.7009E+02 -6.3948E+01 -2.9687E+01
0018997   3.2620E+02  2.8918E+02 -2.3839E+02
0018998   3.5903E+02  1.5885E+02 -7.5108E+01
0018999   7.2757E+01  7.6897E+00  9.8331E+01
0019000   4.3498E+02  3.7645E+01  1.4420E+02
0019001   2.0155E+02 -1.4993E+02 -1.2452E+02
0019002   3.9068E+02 -6.7458E+01  4.5055E+01
0019003   3.8067E+02 -8.0621E+01  1.0466E+02
0019004   2.5960E+02 -8.6680E+01  2.3648E+02
0019005   2.4345E+02  2.0840E+02  1.2611E+02
0019006   1.1280E+02 -6.7679E+01  2.9735E+02
0019007   2.0250E+02 -3.1400E+01 -2.5588E+02
0019008   4.5383E+02 -2.1297E+02 -9.8594E+01
0019009   4.7120E+02  6.8321E+01 -6.5580E+01
0019010   1.1205E+02  1.6703E+02  9.8997E+01
0019011   3.3028E+02 -4.3069E+01  3.2483E+01
0019012   4.4690E+02 -8.4103E+01 -1.8962E+02
0019013   4.9900E+01  1.0354E+01 -4.6860E+01
0019014   4.1235E+02 -1.2612E+02 -8.4541E+01
0019015   1.3822E+02  1.6076E+02 -9.3308E+01
0019016   3.9839E+02  5.7484E+01  6.1019E+01
0019017   1.7867E+02 -6.3477E+01  1.2354E+02
0019018   2.5910E+02 -4.2186E+02 -6.3202E+01
0019020   2.6861E+02  1.6793E+02 -2.0012E+02
0019021   2.3471E+02 -4.6912E+01 -5.1768E+01
0019022   3.0454E+02 -1.2529E+01  1.2874E+02
0019023   6.7176E+02 -6.8499E+01  9.0818E+01
0019024   6.9210E+02 -8.6853E+01 -1.5885E+02
0019025   1.7320E+01  1.6440E+02  1.4033E+02
0019026   1.8859E+02 -2.5485E+02  5.8695E+01
0019027   3.8008E+02  5.3685E+01  2.1319E+01
0019028   9.3090E+01 -9.9031E+01 -3.4156E+01
0019029   5.5919E+02 -1.7818E+02  5.3180E+02
0019030   4.0171E+02  1.1116E+02  5.1454E+01
0019031   3.1572E+02 -3.2572E+02  1.1389E+02
0019032   7.6085E+02  2.2354E+02 -3.2743E+02
0019033   1.4476E+02  1.2602E+02  1.4092E+02
0019034   3.6068E+02  1.7300E+02  2.2932E+01
0019035   1.0311E+02 -9.3856E+00  2.1862E+02
0019036   3.1515E+02  6.5542E+01 -1.4342E+02
0019037   2.7644E+02 -6.9375E+01  6.7773E+01
0019038   2.1121E+02 -1.0805E+02  5.9445E-01
0019039   3.8259E+02  4.5821E+02 -4.6640E+01
0019040   7.5347E+02 -3.2663E+02  1.2144E+02
0019041   1.9407E+02 -1.7043E+02  2.2316E+02
0019042   1.5791E+02  1.1779E+02  1.2653E+02
0019043   1.2472E+02 -1.1357E+02  2.1660E+01
0019044   5.2068E+02 -1.0036E+02 -2.0216E+02
0019045   2.9877E+02  2.9867E+01 -1.6180E+02
0019046   2.0097E+02 -1.6225E+01  1.2452E+02
0019047   3.0008E+02  1.7520E+02 -1.9325E+02
0019048   3.9568E+02 -1.2948E+02 -1.9685E+02
0019049   3.7052E+02 -1.7696E+02 -1.7186E+02
0019050   4.8525E+01  1.7171E+02  7.5772E+01
0019051   1.5797E+02 -1.7580E+01 -4.4612E+01
0019052   5.6366E+01 -2.9699E+02  1.5410E+02
0019053   8.8916E+01  1.5982E+02  5.7356E+01
0019054   2.4173E+02  1.8529E+02  9.0057E+01
0019055   2.4337E+02 -3.8869E+01 -9.4449E+01
0019056   4.2167E+02 -9.6700E+01  9.1053E+01
0019057   3.2384E+02  1.5837E+01 -2.2406E+01
0019058   2.9726E+02 -9.4481E+01 -6.7432E+01
0019059   2.2570E+02 -9.3976E+01 -1.7140E+01
0019060   1.0056E+02 -1.9636E+01  4.0554E+01
0019061   6.7374E+02 -8.2655E+01 -4.8302E+00
0019062   1.7404E+02  1.7051E+02 -2.6790E+01
0019063   5.4577E+02 -3.2968E+02  5.5408E+01
0019064   1.8334E+02 -2.8788E+01  6.0354E+01
0019065   1.7459E+02  9.0680E+01  2.9768E+01
0019066   2.2786E+02  8.3705E+01  1.1979E+02
0019067   3.2158E+02 -1.0456E-02  1.0458E+02
0019068   3.7344E+02 -1.2984E+02 -6.4644E+01
0019069   2.6799E+02 -3.3250E+02  1.2325E+02
0019070   4.2959E+02  1.3826E+02 -8.8168E+01
0019071   2.4946E+02  8.5602E+01 -1.8379E+02
0019072   1.4011E+02 -3.7844E+01  6.2302E-01
0019073   2.4970E+02 -6.2235E+01  2.9056E+02
0019074   3.9369E+01 -4.8850E+00  2.6785E+01
0019075   3.9984E+02  6.5212E+00 -2.1641E+01
0019076   2.4631E+02  2.1527E+02  3.3016E+02
0019077   3.9952E+02 -7.8024E+01  1.6022E+02
0019078   3.2561E+02 -1.0394E+02 -1.5603E+01
0019079   5.9700E+02 -1.3579E+02  1.2413E+01
0019080   3.8422E+02  6.4206E+01 -1.8111E+02
0019081   3.3595E+02  1.2055E+02  8.1646E+00
0019082   5.4358E+02  1.1436E+02  4.4997E+01
0019083   2.2562E+02  5.8179E-01 -1.7912E+01
0019084   4.1950E+02 -6.9626E+00 -3.3334E+02
0019085   3.2798E+02 -9.4711E+01 -2.3266E+01
0019086   3.6146E+02 -1.3225E+02  2.0487E+02
0019087   1.6424E+02 -8.4493E+01  8.9079E+01
0019088   4.4475E+02  6.9689E+00 -1.0620E+02
0019089   1.7446E+02  5.0296E+01  2.8134E+02
0019090   2.0870E+02  1.4584E+01 -2.5837E+02
0019091   4.6101E+02 -1.2057E+02 -2.4507E+01
0019092   1.1666E+02  2.5098E+01 -5.6846E-01
0019093   2.3501E+02  1.5161E+02  4.2294E+00
0019094   9.2321E+01 -2.0498E+02  2.0990E+02
0019095   2.3509E+02 -1.0957E+02  1.1237E+02
0019096   2.1669E+02 -9.4356E+01  2.0125E+02
0019097   1.9640E+02  1.0274E+02 -8.5856E+01
0019098   2.7642E+02  4.0606E+01  1.0858E+02
0019099   1.1878E+02 -2.6281E+00 -1.6435E+02
0019100   1.3010E+02 -8.6598E+01 -3.7754E+02
0019101   3.6093E+02  3.7873E+01 -1.7960E+02
0019102   2.8027E+02  7.5932E+00 -3.1599E+02
0019103   3.7197E+02  7.9329E+01  1.1682E+02
0019104   1.0261E+02  1.6902E+02  2.2132E+02
0019105   6.5255E+02  1.2974E+02  2.1788E+01
0019106   4.4544E+02  8.1904E+01  6.6491E+01
0019107   4.3496E+02  9.3966E+01  7.7613E+01
0019108   3.2494E+02 -1.0100E+01 -1.1977E+02
0019109   6.8917E+01 -2.2270E+01  1.5758E+02
0019110   9.1269E+01 -2.5260E+02 -1.6642E+02
0019111   4.3090E+02 -2.2011E+02 -1.2810E+02
0019112   2.4690E+02  1.2522E+01 -9.8333E+01
0019113   5.3455E+02 -1.3256E+00 -7.2712E+01
0019114   4.9820E+02 -7.6138E+01 -2.2811E+02
0019115   2.3748E+02 -4.2695E+02  5.9703E+01
0019116   3.1103E+02  1.6204E+02 -2.5375E+02
0019117   1.3614E+02  6.4010E+01 -2.6179E+02
0019118   4.9285E+02 -1.3055E+02  2.1042E+01
0019119   9.6254E+01  1.1093E+02  2.7773E+02
0019120   8.5293E+01  3.4398E+01  1.4423E+01
0019121   3.6838E+02 -5.6214E+01 -8.1828E+00
0019122   3.8828E+02  3.7404E+01 -1.8130E+02
0019123   5.6570E+02  1.8987E+02 -1.1156E+02
0019124   2.2397E+02  7.3408E+01 -2.6059E+01
0019125   1.5641E+02 -8.0894E+01  3.8650E+01
0019126   4.7901E+02 -2.9361E+01  1.6093E+02
0019127   3.9239E+02  2.2724E+02  6.7457E+00
0019128   4.1211E+02  3.3135E+02 -9.8130E+01
0019129   2.5819E+02  4.3079E+01  5.7046E+01
0019130   4.4313E+02 -1.3852E+02 -3.1121E+02
0019131   2.1232E+02 -1.0818E+02 -9.0667E+01
0019132   1.4845E+02 -4.3873E+01  5.6330E+01
0019133   1.0503E+02  5.6278E+01  1.4084E+02
0019134   1.4702E+02  1.9860E+02 -1.0821E+01
0019135   1.9242E+02 -1.1246E+02  2.5639E+02
0019136   2.2095E+02  6.4094E+00  6.0756E+01
0019137   3.1219E+02 -2.0746E+00 -7.0396E+01
0019138   5.0536E+02 -1.0623E+02 -2.5222E+02
0019139   4.0139E+02  9.0615E+01  1.1167E+02
0019140   1.5557E+02 -2.5650E+02 -2.0148E+02
0019141   3.2092E+02 -1.1747E+02 -6.9096E+00
0019142   3.2295E+01 -2.8364E+00  1.1952E+01
0019143   3.6437E+02 -1.5312E+02  8.9206E+01
0019144   2.2611E+02  6.7029E+01 -1.8482E+02
0019145   1.9227E+02  5.5481E+01 -9.6386E+01
0019146   3.8176E+02  1.4960E+02  1.3722E+02
0019147   3.8395E+02  1.7745E+02 -7.8040E+00
0019148   5.1894E+02  2.4011E+01 -4.3360E+01
0019149   3.3504E+02 -2.0756E+02 -3.1702E+01
0019150   1.4472E+02  1.7117E+01  9.2071E+01
0019151   3.8712E+02  2.2458E+02  2.9512E+02
0019152   1.3820E+02  7.8033E+00 -6.8769E+01
0019153   5.9648E+01 -8.1270E+01 -5.7968E+01
0019154   1.9147E+02 -4.6352E+01  6.8486E+01
0019155   2.9285E+02  8.4433E+01 -1.3511E+02
0019156   3.5474E+02 -5.1758E+01  2.2438E+02
0019157   4.0038E+02 -2.3720E+02  2.2142E+01
0019158   3.6571E+02  6.2515E+01 -2.5103E+02
0019159   5.1920E+02  1.1399E+01 -9.1065E+01
0019160   2.8263E+02 -1.0776E+02  4.3315E+01
0019161   2.9061E+02  1.4501E+02  1.9406E+02
0019162   2.5808E+02  1.2813E+01 -6.2197E+01
0019163   3.7918E+02  3.3049E+01  3.8371E+01
0019165   1.5264E+02 -5.6125E+00  5.3166E+01
0019166   3.8839E+02 -3.8505E+01  2.0512E+02
0019167   4.4245E+02  8.9543E+01 -2.0349E+02
0019168   4.7617E+02 -2.1881E+02  3.2875E+01
0019169   3.4642E+02  2.7984E+02 -6.5066E+01
0019170   2.5224E+02  1.8033E+02 -3.7367E+01
0019171   7.1073E+01 -1.3707E+01 -8.3033E+01
0019172   4.4417E+02  2.3358E+00 -1.9988E+02
0019173   1.3533E+02 -1.7218E+01 -4.6256E+01
0019174   2.7347E+02  7.6633E+01 -6.4487E+01
0019175   4.3177E+02 -2.9875E+01  1.3016E+02
0019176   2.6494E+02  1.6715E+01 -1.1926E+02
0019177   3.2646E+02 -1.2174E+02  2.8049E+02
0019178   4.0005E+02  1.5469E+02  1.2451E+02
0019179   1.7399E+02  2.3433E+01  1.1779E+02
0019180   1.1181E+02  5.4708E+01 -8.8835E+01
0019181   5.6477E+00 -1.3381E+02 -7.0253E+01
0019182   2.1857E+02  3.2267E+02  5.3783E+01
0019183   1.7840E+02  1.4786E+02  4.6074E+01
0019184   4.8851E+02  1.5561E+02  6.4763E+01
0019185   2.3288E+02  5.7627E+01  1.1285E+02
0019186   4.2501E+02 -1.7168E+02  2.0433E+02
0019187   3.2909E+02  5.7552E+00  9.1597E+01
0019188   2.3987E+02 -1.8587E+02  1.1303E+02
0019189   4.3496E+02 -4.7979E+01  7.5377E+01
0019190   2.1578E+02  2.5539E+01 -5.7352E+01
0019191   6.6707E+02  3.3600E+02  3.2730E+02
0019192   3.1289E+02 -4.7330E+01 -3.5313E+01
0019193   3.1114E+02  6.4420E+01 -1.5685E+01
0019194   1.9246E+02  1.5668E+02  3.2075E+01
0019195   3.8847E+02  9.0645E+00  2.7210E+01
0019196   3.7617E+02  1.6189E+02 -3.8176E+01
0019197   4.4115E+02 -1.0332E+02 -6.8562E+00
0019198   7.1239E+01  1.6313E+02 -8.6550E+01
0019199   1.7884E+02  3.2521E+02  4.7202E+01
0019200   2.6976E+02 -1.0451E+02  2.0775E+02
0019201   7.6410E+01 -8.9697E+01 -1.1289E+01
0019202   1.6499E+02 -2.2132E+02 -2.7046E+02
0019203   7.7167E+01 -2.1550E+01  3.3130E+01
0019204   3.7618E+02  4.7252E+01  9.1203E+01
0019205   2.5297E+02 -3.5524E+01 -3.0972E+01
0019206   1.3426E+02 -2.3321E+02 -1.3324E+02
0019207   3.2424E+02  1.5369E+02  3.2323E+01
0019208   1.7196E+01 -1.6869E+01  5.6938E+01
0019209   1.8272E+02 -1.2370E+02 -8.0825E+01
0019210   3.0088E+02  1.2420E+02  1.3102E+02
0019211   1.7809E+02  2.1292E+01  1.7185E+02
0019212   2.8522E+02  5.7930E+01  1.3672E+02
0019213   2.7789E+02  1.4322E+02  1.2258E+02
0019214   5.9804E+02  1.0197E+02 -1.5331E+02
0019215   4.3416E+02 -3.2835E+01 -4.6248E+01
0019216   3.4139E+02  1.7279E+01 -3.6939E+01
0019217   6.7344E+01  1.8726E+01 -5.9353E+01
0019218   1.2213E+02  6.9217E+00 -1.0548E+02
0019219   3.0343E+02  7.8866E+01  7.1625E+01
0019220   4.1594E+02  3.3149E+01 -3.1315E+02
0019221   2.6426E+02  1.4797E+01 -1.0042E+02
0019222   3.8128E+02 -1.6471E+02 -3.8056E+01
0019223   5.2594E+02 -4.1106E+01 -1.8089E+02
0019224   5.8016E+02 -1.1766E+02  2.0631E+01
0019225   3.4498E+02 -1.0099E+02 -1.0035E+02
0019226   2.7190E+02  9.4934E+01 -3.3277E+01
0019227   2.1703E+02  1.1559E+01  6.3160E+00
0019228   3.2699E+02 -1.7096E+02  9.8462E+01
0019229   5.8625E+02  1.4614E+02  5.0616E+01
0019230   6.0184E+02  2.0908E+02 -1.3977E+02
0019231   6.1713E+01  7.3065E+01 -5.9377E+00
0019232   1.2122E+02 -1.2211E+02 -5.3137E+01
0019233   2.4339E+02  5.9665E+01  3.8455E+01
0019234   3.0523E+02  3.5758E+01  1.5822E+01
0019235   6.9308E+01  9.6044E+01 -1.8137E+02
0019236   1.6629E+02  2.4172E+02 -3.6430E+01
0019237   2.0478E+02  4.5766E+02  2.0546E+02
0019238   3.5422E+02 -4.0868E+01 -1.6183E+02
0019239   4.9895E+02 -5.5270E+01 -9.2606E+01
0019240   8.3513E+01  2.5521E+02 -1.1794E+02
0019241   4.1064E+02  3.1348E+02 -1.4285E+02
0019242   2.6018E+02  3.4171E+01  1.2883E+02
0019243   4.2283E+02 -1.4709E+02  1.5942E+02
0019244   1.4958E+02 -4.2845E+01  1.2245E+02
0019245   3.4476E+02 -1.0974E+02  2.2616E+02
0019246   3.1237E+02 -8.0255E+01 -2.3478E+02
0019247   1.9860E+02  5.8630E+00  8.6835E+01
0019248   3.2035E+02 -3.2182E+02 -7.7283E+01
0019249   1.4232E+02 -1.0109E+02  1.0374E+02
0019250   1.9332E+02  5.0043E+01  2.7843E+01
0019251   1.3021E+02 -4.5897E+01 -2.0156E+02
0019252   1.1670E+02  5.4391E+01 -1.2922E+01
0019253   3.6389E+02  1.8507E+02 -1.0608E+01
0019254   1.2927E+02 -2.4431E+02  1.2254E+02
0019255   3.9009E+02 -1.1385E+02  4.4595E+02
0019256   3.2274E+02 -2.0216E+02  6.4975E+01
0019259   4.3718E+02 -1.2647E+02  2.2635E+02
0019260   1.5295E+02 -2.3548E+01 -1.1702E+02
0019261   3.7267E+02 -1.8453E+02  3.0766E+00
0019262   1.2179E+02 -9.5454E+01  1.4367E+01
0019263   1.9555E+02  8.4567E+01 -2.6590E+02
0019264   5.3731E+01 -1.1798E+01 -8.5749E+01
0019265   6.8498E+01  5.6669E+01 -8.4645E+01
0019266   1.6565E+02 -1.3676E+02  9.5393E+01
0019267   3.3477E+02  7.4330E+01 -1.4829E+02
0019268   2.1007E+02 -1.0052E+02 -5.0265E+02
0019269   1.6038E+02  2.8381E+02 -1.4757E+02
0019270   1.0973E+02 -1.2777E+02  2.0702E+01
0019271   2.2227E+02 -2.0427E+02 -2.6138E+02
0019272   1.4980E+02 -7.1451E+01  9.0687E+01
0019273   1.0151E+02 -2.8903E+01  1.8155E+02
0019274   3.2563E+02 -4.7580E+02  2.1789E+02
0019275   2.8647E+02 -1.6475E+02 -2.3586E+01
0019276   1.5529E+02  2.2600E+01 -1.4732E+02
0019277   1.1498E+02 -3.3260E+01 -1.9241E+02
0019278   3.0674E+02 -6.1961E+01 -1.2224E+01
0019279   6.6207E+02  2.1509E+02 -2.0321E+02
0019280   2.3033E+02 -4.1574E+01 -8.7074E+00
0019281   2.1757E+02 -1.8777E+02  1.2317E+02
0019282   2.5308E+02 -2.1035E+02  1.2216E+02
0019283   1.3414E+02  9.4956E+01 -1.1197E+02
0019284   4.3223E+02 -4.1305E+00 -5.4886E+01
0019285   2.2603E+02 -1.2114E+02 -8.0357E+01
0019286   3.7034E+02 -3.8178E+01  1.1916E+02
0019287   2.3547E+02 -1.1851E+02 -1.3079E+02
0019288   1.6329E+02 -1.0031E+01  7.3500E+01
0019289   2.2293E+02 -2.4027E+02  9.9017E+01
0019290   1.5707E+02 -1.2735E+02 -3.1554E+02
0019291   4.0519E+02 -4.1177E+01  1.5404E+02
0019292   4.4782E+02 -9.1789E+01  2.3916E+02
0019293   4.0804E+02  3.0968E+02 -1.7170E+02
0019294   2.1079E+02 -1.1726E+02  2.4716E+02
0019295   1.3152E+02  3.9945E+02  1.5632E+02
0019296   1.4338E+02 -1.0229E+02  1.9531E+02
0019297   3.3806E+02  2.9625E+02 -1.3341E+00
0019298   1.6031E+02 -4.6714E+01  1.4661E+02
0019299   1.9701E+02  3.4314E+02  6.2759E+01
0019300   6.6568E+01 -2.1477E+01  3.3640E+01
0019301   1.7004E+02 -8.1902E+01  1.2807E+01
0019302   2.9529E+02 -4.3840E+01  1.8237E+01
0019303   3.0404E+02 -2.3717E+01  4.9729E+01
0019304   2.4661E+02  4.1878E+01  2.4990E+00
0019305   1.6315E+02 -8.7617E+01 -7.6133E+01
0019306   3.8632E+02  1.4242E+02 -8.4241E+01
0019307   8.0529E+01 -5.7999E+00 -9.0707E+01
0019308   3.6424E+02 -1.2443E+02 -1.7311E+02
0019309   3.2565E+02  4.2059E+01  4.1896E+00
0019310   2.3793E+02 -2.6959E+02 -1.2319E+01
0019311   2.6444E+02  2.1219E+02  9.0772E+01
0019313   1.7796E+02 -9.7920E+01 -8.5248E+01
0019314   3.9744E+02 -3.6851E+02  2.4967E+02
0019315   1.2413E+02 -1.9954E+02 -5.8540E+00
0019316   4.4121E+02 -5.5076E+01  2.0498E+02
0019317   7.9989E+01  1.7898E+01  9.2276E+01
0019318   2.9024E+02 -6.3602E+01  4.2170E-01
0019319   2.6486E+02  1.4369E+02 -4.0319E+02
0019321   4.0302E+02 -1.5181E+02  1.8559E+02
0019322   3.9391E+02 -6.6491E+01  2.0968E+02
0019323   1.4170E+02 -6.4293E+01  1.4040E+02
0019324   3.7346E+02 -2.3229E+02 -5.5522E+01
0019325   2.6895E+02  6.4301E+01 -1.3038E+02
0019326   2.4781E+01 -2.1979E+01 -2.4351E+01
0019327   2.7232E+02 -4.6656E+00 -1.0909E+02
0019328   2.1657E+02  3.7375E+02  5.3537E+01
0019329   1.1383E+02 -3.6109E+01  1.7685E+02
0019330   2.8514E+02  2.4755E+02 -4.1782E+01
0019331   2.7221E+02  2.5499E+02 -1.9118E+02
0019332   2.2920E+02  1.0615E+02 -1.2044E+02
0019333   1.5856E+02  1.8192E+02  5.1380E+01
0019334   4.1111E+02 -1.2471E+02  3.3204E+02
0019335   3.8183E+02  4.6861E+01  6.1757E+01
0019336   4.8421E+02  2.3717E+02  7.5587E+00
0019337   2.8046E+02 -1.0549E+02 -1.8597E+02
0019338   3.6177E+02  7.6842E+01  2.9575E+01
0019339   3.1743E+02  2.6747E+01  2.6249E+02
0019340   1.5326E+02 -3.2748E+02 -2.3005E+02
0019341   1.3406E+02 -3.2355E+02 -2.4609E+01
0019342   3.3042E+02 -1.7391E+01 -4.7723E+01
0019343   3.2015E+02 -4.1640E+02 -3.6932E+02
0019344   3.7823E+02  8.7970E+01  7.9754E+01
0019345   1.5035E+02 -1.1204E+02 -2.3360E+02
0019346   2.2480E+02 -1.6682E+01  2.2779E+02
0019347   2.0372E+02  7.0276E+01 -1.7561E+02
0019348   3.1911E+02  1.0441E+02  4.8432E+01
0019349   3.7471E+02  1.1955E+02 -3.2448E+02
0019350   2.7633E+02 -5.3143E+01 -7.6903E+01
0019351   3.9221E+02 -3.9220E+01 -4.6576E+01
0019352   4.3963E+02 -1.1509E-01 -1.0446E+02
0019353   2.9569E+02 -3.4616E-01 -1.0808E+02
0019355   4.4130E+02 -1.8918E+02  1.7951E+01
0019356   1.7997E+02  2.0814E+02 -4.2541E+01
0019357   1.7171E+02 -1.0213E+02  8.5889E+01
0019358   5.0176E+02 -2.0360E+02  1.6922E+02
0019359   3.3222E+02 -1.6822E+02 -2.1404E+02
0019360   1.7901E+02 -6.6040E+01  9.0976E+01
0019361   1.4339E+02 -1.5277E+01  1.5745E+02
0019362   3.2394E+02  3.3596E+02  1.3632E+02
0019363   1.6050E+02  2.3096E+02  2.3285E+01
0019364   2.1279E+02 -1.1564E+02  5.5751E+01
0019365   7.4106E+01 -4.3345E+01  4.7077E+01
0019366   9.8655E+01 -4.2254E+01  3.6391E+00
0019367   2.4715E+02 -8.4883E+00  4.7483E+01
0019368   2.4527E+02  2.0919E+02  2.0977E+02
0019369   2.0367E+02 -3.3743E+02 -1.7912E+02
0019370   1.5537E+02 -8.3040E+01  1.3126E+02
0019371   1.6697E+02 -9.2154E+01  1.6528E+02
0019372   3.0622E+02 -6.9704E+01 -2.9383E+02
0019373   3.5458E+01 -1.5938E+02 -1.1479E+02
0019374   1.1777E+02 -5.1286E+01 -8.9782E+01
0019375   1.2578E+02  7.0287E+01 -2.1148E+00
0019376   4.0606E+02  5.2515E+01 -3.2389E+01
0019377   1.4144E+02 -4.5839E+01  4.8752E+01
0019378   2.4080E+02 -1.1054E+02 -2.7805E+01
0019379   3.3055E+02 -1.2888E+02  2.0550E+02
0019380   4.0785E+02  9.4779E+01 -2.2077E+02
0019381   6.1153E+01 -9.2652E+01  9.2724E+01
0019382   1.9382E+02 -5.4056E+01 -2.0453E+02
0019383   3.5622E+02  3.5239E+01 -5.6616E+01
0019384   2.5740E+02 -1.2924E+02  2.0581E+02
0019385   3.1025E+02 -2.6128E+01 -1.9906E+01
0019386   3.2852E+02  5.0071E+01  4.9935E+01
0019387   4.0406E+02  1.8097E+02 -1.4431E+02
0019388   1.6477E+02  1.8971E+02  9.4754E+01
0019389   2.8124E+02 -6.3526E+01 -6.2357E+01
0019390   3.3993E+02  1.6997E+02  8.4304E+01
0019391   9.5022E+01 -5.4892E+01 -8.6522E+01
0019392   8.7611E+01  6.7400E+01 -8.0107E+01
0019393   1.8240E+02 -2.4417E+01  2.4731E+01
0019394   1.4103E+02  2.0915E+02  1.7735E+02
0019395   1.4582E+02  5.3138E+01  3.7591E+01
0019396   1.4838E+02  2.8976E+02 -2.0033E+02
0019397   4.0932E+02  1.2687E+02 -1.3127E+02
0019398   1.6194E+02  1.8634E+02  1.3371E+02
0019399   3.1667E+02 -7.4788E+01 -2.1236E+02
0019400   2.2088E+02  2.3360E+02 -1.8807E+02
0019402   4.0526E+02 -4.3121E+01 -1.0903E+02
0019403   5.6347E+02  1.9601E+02  9.9751E+01
0019404   1.8223E+02  1.8136E+02 -8.7871E+00
0019405   6.8134E+01 -8.9095E+00  2.7541E+01
0019406   2.1192E+02  2.0830E+01  8.8198E+00
0019407   1.8085E+02 -8.6881E+01 -1.8557E+02
0019408   3.4168E+02  4.7884E+01 -5.8745E+01
0019409   3.2293E+02  2.7298E+00  1.9506E+02
0019410   1.5709E+02 -1.2133E+02  2.3005E+02
0019411   2.7368E+02  9.1147E+01  1.5093E+02
0019412   1.7898E+02 -1.1859E+01 -1.6437E+02
0019413   3.2151E+02  1.2982E+02 -3.1321E+01
0019414   4.2364E+02 -6.7612E+01 -1.1964E+02
0019415   2.2755E+02 -9.5166E+01 -1.8365E+02
0019416   4.9999E+02 -8.1343E+01 -1.2475E-01
0019417   1.8785E+02  2.3560E+01  1.3355E+02
0019418   2.0497E+02  3.7495E+01  9.2439E+00
0019419   2.9293E+02 -1.8884E+02 -8.8836E+01
0019420   3.3976E+02  1.3732E+01  9.0525E+01
0019421   1.4105E+02 -3.9881E+01  2.2238E+02
0019422   1.7565E+02 -1.2837E+02  5.7563E+01
0019423   2.9828E+02 -1.0501E+02  2.6410E+02
0019424   2.0064E+02  2.7970E+01 -4.2069E+02
0019425   3.7022E+01 -1.2848E+02 -5.6063E+01
0019426   3.2966E+02  1.4244E+02  2.6994E+01
0019427   1.2395E+02  1.7530E+02  3.7259E+01
0019428   2.2695E+02 -1.5124E+02  1.2927E+02
0019429   4.0844E+02  9.2176E+01  1.0621E+02
0019430   2.1651E+02  8.2166E+01 -1.1078E+02
0019431   1.9511E+02  7.1904E+00 -1.7381E+02
0019432   5.9166E+02  8.8880E+01 -1.7882E+00
0019434   5.0855E+02  2.1257E+02  1.1106E+01
0019435   2.3499E+02 -4.2537E+01  1.1539E+01
0019436   4.7511E+02 -2.6684E+01  1.3585E+02
0019437   1.7560E+02  1.3781E+02  5.2024E+01
0019439   2.6685E+02  1.8165E+02 -1.2015E+02
0019440   1.9238E+01 -2.9091E+02  2.3197E+01
0019441   1.7849E+02  8.0317E+01  2.0854E+02
0019442   3.3906E+02  1.7081E+02 -3.6002E+00
0019443   3.4003E+02 -3.2292E+02 -2.8565E+01
0019444   2.8742E+02 -1.1010E+02  1.1774E+02
0019445   2.1285E+02 -1.2216E+02 -1.9544E+02
0019446   1.2378E+02 -2.1957E+02  9.7366E+01
0019447   1.2173E+02 -2.7544E+01  4.7053E+01
0019448   1.0410E+02  1.4383E+01  1.1404E+02
0019449   1.8738E+02 -4.8589E+00  1.4505E+01
0019450   4.0710E+02  5.1291E+01  7.3849E+01
0019452   2.5912E+02 -5.2596E+01  4.9808E+01
0019453   4.3731E+02 -8.7036E+01 -1.9101E+02
0019454   1.2954E+02  4.6862E+01  1.7788E+02
0019455   3.0391E+02 -2.3915E+01  7.6659E+01
0019456   1.6354E+02 -9.8275E+00  8.2617E+01
0019457   3.3476E+02  4.5216E+01  1.3333E+02
0019458   1.1880E+02 -3.6178E+01  4.6220E+01
0019459   3.0704E+02 -9.3817E+00  1.8071E+02
0019460   4.3661E+02 -2.0370E+02 -6.1165E+01
0019461   1.0871E+02 -1.6910E+01 -1.5647E+01
0019462   3.9627E+02  2.3661E+01  1.5990E+01
0019463   3.2049E+02  7.9133E+01 -1.1710E+02
0019464   5.5573E+02  1.2722E+02  3.8807E+02
0019465   2.3291E+02  6.6161E+01 -1.4587E+02
0019466   1.0351E+02  9.2455E+01  3.6020E+01
0019467   4.1814E+02  2.5986E+01 -2.2026E+02
0019468   5.8462E+02 -2.3743E+01 -7.1712E+01
0019469   3.6648E+02 -3.1051E+02  3.4100E+01
0019470   1.6584E+02  1.5665E+02  1.5635E+02
0019471   1.8514E+02 -1.4589E+01  1.1867E+00
0019472   2.8819E+02 -7.1122E+00  2.7933E+01
0019473   2.0568E+02 -4.8364E+01  1.4742E+02
0019475   2.9207E+02 -2.0713E+02  5.8467E+01
0019476   4.6597E+01  2.2530E+01  3.5186E+01
0019477   5.0374E+02  4.1142E+01  1.7979E+02
0019479   5.7174E+02 -1.4191E+02 -2.3323E+02
0019480   2.9831E+02 -2.6325E+01 -1.5009E+02
0019481   3.2076E+02  2.7063E+02  1.5658E+02
0019482   5.3930E+02  1.6634E+02 -2.6281E+01
0019483   4.7001E+02  4.5985E+01  1.9996E+02
0019484   3.1086E+02  1.9612E+02 -9.1460E+01
0019485   4.4046E+02 -1.0124E+02 -3.8124E+01
0019486   2.9147E+02  1.1619E+02 -1.4925E+01
0019487   3.0110E+01  1.6071E+02  5.4422E+00
0019488   1.8015E+02  3.8262E+01 -1.3073E+01
0019489   4.7095E+02  3.6269E+02 -6.2996E+00
0019490   1.1671E+02  8.0348E+01 -2.9725E+01
0019491   9.2743E+01  1.1025E+02  2.7131E+01
0019492   3.5686E+02 -8.1310E+01  9.1251E+01
0019493   1.5507E+02  1.4848E+02  2.3923E+02
0019494   1.7264E+02  6.5666E+01 -4.5679E+01
0019495   3.4368E+02  2.6768E+02 -6.4665E+01
0019496   8.9056E+01 -8.3484E+01  1.2895E+02
0019497   5.4573E+01 -2.8783E+00 -1.2753E+02
0019498   1.8222E+02 -1.0393E+02  5.7651E+00
0019499   3.1399E+02  4.2060E+01  1.0296E+02
0019500   3.5604E+02 -1.5695E+02 -9.8771E+00
0019501   3.7156E+02  3.3309E+02 -3.5854E+01
0019502   1.1491E+02  1.0746E+02 -8.4665E+01
0019503   2.5557E+02  1.4033E+02  2.4580E+02
0019504   3.8062E+02  7.1336E+01  6.5269E+01
0019505   6.7986E+01  7.7914E+01 -6.2056E+01
0019506   3.1673E+02 -1.4552E+02 -4.0553E+01
0019507   2.5819E+02  1.8795E+01  5.7621E+01
0019508   3.9087E+02  2.0805E+02  1.2695E+02
0019509   2.4280E+02 -5.4098E+01 -8.2674E+01
0019510   1.1648E+02  3.4549E+01 -8.8876E+01
0019511   3.7473E+02  2.6656E+02  1.7158E+01
0019512   2.7488E+02 -9.7641E+00  8.7127E+01
0019513   4.2284E+02 -3.6007E+01  1.3765E+02
0019514   3.1279E+02  5.9189E+01 -2.1503E+02
0019515   1.2559E+02  5.1537E+01  1.0190E+02
0019516   3.1898E+02  1.1077E+02 -1.5593E+02
0019517   6.0591E+01 -4.2450E+01  7.2035E+01
0019518   3.4995E+02 -4.4155E+01 -8.1987E+01
0019519   1.0240E+02 -9.3956E+01 -1.2293E+02
0019520   5.0973E+02 -2.1930E+02 -2.2896E+01
0019521   4.3104E+02 -1.2104E+01 -6.1844E+01
0019522   3.7339E+02  1.0927E+00 -6.8665E+01
0019523   1.9928E+02 -1.8636E+00  5.8302E+00
0019524   1.2842E+02  9.5518E+01 -6.0095E+01
0019525   2.8706E+02 -2.1343E+02  2.9179E+01
0019526   5.2722E+02  4.2681E+01  5.6667E+01
0019527   4.0125E+02 -1.6664E+02 -1.3907E+02
0019528   5.7587E+02  3.6845E+02  1.9697E+00
0019529   7.4336E+01 -5.1603E+01 -5.5260E+01
0019530   2.3461E+02  1.4585E+02 -5.6564E+01
0019531   2.0504E+02 -1.2242E+02  1.1458E+02
0019532   3.3633E+02 -4.8189E+01  1.9134E+02
0019533   2.3537E+02 -1.2488E+02  2.6185E+00
0019534   2.6422E+02 -5.3423E+01 -1.1905E+01
0019535   1.0087E+02  1.1620E+02 -1.5689E+02
0019536   8.4880E+01 -3.2344E+01 -2.2193E+01
0019537   6.4002E+00 -8.1947E+01 -1.2791E+02
0019538   3.3248E+02  7.5169E+01  4.1163E+01
0019539   1.2828E+02  1.7918E+02  1.0951E+02
0019540   1.0505E+02  4.8213E+01 -7.1451E+01
0019541   1.0834E+02  4.3981E+01  1.4998E+02
0019542   3.5594E+02 -2.2378E+02  1.9808E+02
0019543   1.8918E+02  8.0009E+01 -7.0399E+01
0019545   4.4619E+02 -2.3450E+02 -3.6588E+01
0019546   1.5258E+02  2.9127E+01 -1.4479E+02
0019547   3.9551E+02 -1.8007E+02  4.3465E+00
0019548   4.5437E+02  1.6482E+02 -3.0011E+01
0019549   4.5888E+02  1.4185E+02  2.7535E+02
0019550   3.6755E+02  2.1888E+02  7.7200E+01
0019551   3.8092E+02 -1.0398E+02 -2.9108E+02
0019552   3.4287E+02 -2.4114E+02  2.4820E+01
0019553   3.1153E+01 -3.5689E+01 -2.8826E+01
0019554   1.9502E+02  9.6365E+01 -3.3122E+00
0019556   2.5278E+02 -2.0487E+02 -1.4405E+00
0019557   3.0046E+02 -5.9456E+01  1.1954E+02
0019558   4.5215E+02  2.0952E+02  3.7157E+02
0019559   2.5978E+02  1.5109E+02 -2.4418E+02
0019560   3.8766E+02  8.6224E+01  1.3537E+02
0019561   1.9886E+02 -1.0766E+02 -1.2788E+01
0019562   1.1075E+02 -3.4859E+01 -2.6446E+02
0019563   1.9510E+02  4.9034E+01  4.7970E+01
0019564   1.7009E+02  1.7599E+02  1.3512E+02
0019565   7.4603E+01  4.6880E+01 -1.2628E+01
0019567   4.7293E+01  1.0870E+02 -1.4127E+02
0019568   2.7478E+02 -4.8938E+01 -9.5272E+00
0019569   2.3281E+02  5.5458E+01 -1.1406E+01
0019570   2.3331E+02 -2.7731E+02  2.3492E+02
0019571   2.0079E+02  1.1598E+02  1.0819E+02
0019572   4.8904E+02  6.1312E+01  5.9299E+01
0019573   1.9926E+02 -1.0499E+02  1.0070E+02
0019574   1.4525E+02 -7.3881E+01 -6.0155E+01
0019575   1.2403E+02 -8.4625E+00  3.6040E+00
0019577   2.9732E+02 -2.0488E+02  5.0442E+00
0019578   3.3964E+02  8.6493E+01  9.8375E+01
0019579   1.5826E+02  3.0253E+01  1.0477E+02
0019580   3.6686E+02 -1.0584E+02  1.0220E+02
0019581   1.6286E+02  3.9696E+01  2.4490E+01
0019582   2.5372E+02 -1.5499E+02 -1.1553E+02
0019583   3.3471E+02  1.7434E+02  2.1026E+01
0019584   2.8517E+02 -4.8729E+01  2.4826E+02
0019585   3.5186E+02 -8.8677E+01  2.6021E+02
0019586   2.1768E+02  8.3484E+01  3.6673E+01
0019587   1.0791E+02 -1.7234E+02  2.7806E+01
0019588   2.3457E+02  6.7751E+01 -6.2073E+01
0019589   1.3230E+02 -7.4722E+01 -2.7856E+02
0019590   2.0985E+02  5.7460E+01  9.3825E+01
0019591   1.5002E+02 -9.1631E+01 -2.3771E+01
0019592   5.9648E+02  1.6109E+02  1.5016E+02
0019593   3.0447E+02 -4.6332E+01  1.3539E+02
0019594   4.5276E+02 -1.3897E+02 -1.3361E+02
0019595   3.4032E+02 -1.1789E+02  1.5139E+02
0019596   2.9848E+02  2.0065E+01  8.0592E+01
0019597   3.4794E+02 -5.7625E+01  5.8928E+01
0019598   3.0552E+02  9.3118E+01 -1.2206E+02
0019599   1.3489E+02  1.6394E+02  8.4591E+01
0019600   2.2659E+02 -1.1479E+02  1.0266E+02
0019601   2.3040E+02 -1.7075E+02 -4.7888E+01
0019602   1.2446E+02  9.4343E+01  1.6346E+01
0019603   2.2517E+02  6.8166E+01  3.7060E+01
0019604   1.7309E+02  6.7620E+01 -1.4317E+02
0019605   4.7634E+01  3.4778E+01  1.2840E+02
0019606   3.5750E+02  2.2594E+02  3.8507E+02
0019607   2.2146E+02 -1.6180E+02 -5.0043E+01
0019608   3.3010E+02  2.9464E+02  3.8587E+01
0019609   1.0485E+02 -1.2672E+02  7.6465E+00
0019610   3.9751E+02  2.0352E+02  9.0921E+01
0019611   2.9309E+02  2.3604E+01  1.2998E+02
0019612   1.9851E+02  2.5554E+02 -6.4475E+01
0019613   4.9259E+02  1.3237E+02 -1.5233E+02
0019614   3.3301E+01 -3.4360E+02  5.1564E+01
0019615   1.3942E+02 -1.6522E+02 -1.6563E+02
0019616   1.6368E+02  2.1546E+02 -1.4716E+02
0019617   2.3444E+02 -6.0732E+01 -4.7497E+01
0019618   1.6350E+02 -1.1460E+02 -2.1101E+02
0019619   2.1681E+02  1.5109E+02 -3.5868E+01
0019620   3.9429E+02  2.0147E+01 -3.4930E+02
0019621   3.3668E+02  9.7166E+01 -1.1502E+02
0019622   4.4108E+02  8.4781E+01  1.5038E+02
0019623   2.6126E+02  8.8450E+01 -2.3703E+02
0019624   6.2066E+02 -5.4043E+00 -3.1223E+00
0019625   4.8778E+01  1.0011E+01 -1.6540E+01
0019626   1.1029E+02 -9.4231E+01  1.7947E+02
0019627   1.8273E+02 -1.6458E+02  1.6270E+02
0019628   2.9658E+02 -1.5754E+02  2.0173E+01
0019629   2.1468E+02 -1.3937E+02  2.3948E+01
0019630   3.6146E+02  1.1913E+02 -1.0997E+02
0019631   5.8782E+02 -1.5134E+02  1.0602E+02
0019632   4.1014E+02 -1.0948E+02 -1.4142E+02
0019633   3.4538E+01 -1.7681E+02 -3.2709E+01
0019634   1.7885E+02  2.5336E+01 -1.1654E+01
0019635   9.9689E+01 -5.6996E+01 -2.3580E+01
0019636   3.5053E+02  1.6528E+02 -3.2583E+00
0019637   4.6196E+02 -2.2070E+02 -1.3712E+02
0019638   3.3267E+02  7.2664E+00 -1.0331E+02
0019639   3.6813E+02 -2.4474E+02  2.3446E+02
0019640   2.0841E+02  5.6901E+01  5.8892E+01
0019641   1.6688E+02 -1.8495E+02 -2.2161E+02
0019642   2.6020E+02  1.0982E+00  1.6601E+02
0019643   3.2919E+02  5.9523E+01 -4.7298E+01
0019644   3.0382E+02  2.1568E+02  2.5901E+02
0019645   2.3146E+02  6.9867E+00  2.0457E+02
0019646   4.2843E+01 -6.5802E+01 -4.9097E+01
0019647   2.7444E+02 -6.6994E+01 -1.5787E+02
0019648   1.1993E+02 -1.4564E+02  2.9416E+02
0019649   1.4572E+02 -3.7952E+01 -1.4997E+02
0019650   1.1192E+02  2.4981E+01  8.9722E+01
0019652   5.5694E+01  1.0091E+02  6.2896E+01
0019653   5.4254E+02 -3.9414E+01  1.5732E+02
0019654   4.0439E+02 -1.0210E+02  9.1983E+01
0019655   5.9351E+00  3.5065E+01 -1.5191E+02
0019657   1.8042E+02  2.4256E+02 -7.4215E+01
0019658   3.9050E+02 -7.6957E+01 -1.6729E+02
0019659   3.0328E+02 -3.1954E+02  4.2954E+01
0019660   1.1520E+02  2.2750E+01  1.3178E+02
0019661   3.7755E+02  1.0435E+02 -1.0672E+02
0019662   3.3804E+02 -2.4991E+02  7.5222E+01
0019663   1.8897E+02  1.6897E+02  3.6953E+02
0019664   2.8991E+02  4.9753E+01  8.8585E+01
0019665   2.8866E+02  3.2484E+01  3.0973E+02
0019666   1.9497E+02  6.5701E+01 -7.4489E+01
0019667   4.8867E+02  8.7534E+01  3.5793E+01
0019668   4.5573E+02 -4.2829E+01 -3.0958E+01
0019669   4.1696E+02 -7.5850E+01  6.4375E+01
0019670   2.9169E+02 -6.0666E+01  4.7394E+01
0019671   2.8243E+02  7.7600E+01  7.0679E+01
0019672   2.9386E+02  2.5895E+01 -2.2573E+01
0019673   2.1612E+02 -1.1021E+02  1.9579E+01
0019674   5.4866E+02  5.6774E+01  3.5825E+02
0019675   5.5409E+01  1.6182E+02 -3.7140E+02
0019676   3.6463E+02  6.4457E+01  9.1005E+01
0019677   2.5814E+01  4.5046E+01  4.7764E+01
0019678   1.6767E+02 -1.1445E+01  5.3628E+01
0019679   3.2730E+02  1.7883E+02  2.3571E+02
0019680   4.7962E+02 -1.4061E+02 -3.0973E+02
0019681   7.9930E+01 -1.6359E+02  1.3306E+02
0019682   2.2888E+02 -4.7280E+01  1.5251E+02
0019683   2.8716E+02 -1.5609E+02  4.1201E+02
0019684   1.5033E+02  3.7810E+02 -2.8804E+02
0019685   3.9637E+02 -4.5008E+01 -1.5641E+01
0019686   3.0527E+02 -8.9680E+01 -1.8085E+02
0019687   2.2540E+02 -2.3449E+02  1.0130E+02
0019688   3.5423E+02  7.8441E+01  5.7115E+01
0019689   2.4943E+02  2.8287E+02  4.4883E+01
0019690   4.2178E+02 -3.5335E+02 -5.9072E+01
0019691   4.4765E+01 -2.5620E+02  1.6420E+02
0019692   2.2869E+02 -4.5874E+01 -7.6580E+01
0019693   9.3298E+00  5.8287E+01 -7.6065E+01
0019694   4.9175E+02 -6.6264E+01 -2.4718E+01
0019695   7.8876E+01 -2.9448E+01 -8.2907E+00
0019696   5.4516E+02  3.2973E+01  2.2541E+02
0019697   4.6421E+02 -3.3573E+02 -1.9794E+02
0019698   1.6220E+02 -7.6287E+01 -1.9059E+02
0019699   3.7608E+02 -8.5765E+01  6.1002E+01
0019700   2.1123E+02  9.9154E+01 -1.2533E+02
0019701   5.1241E+02 -3.0153E+01 -2.5275E+01
0019702   4.2030E+02  3.6126E+02  2.0589E+02
0019703   7.0974E+01 -2.0466E+01  1.2557E+01
0019704   3.5838E+02  1.8215E+00 -8.3150E+01
0019705   1.8977E+02  3.0061E+01 -3.4176E+01
0019706   3.5728E+02 -5.3868E+01  5.2842E+01
0019707   1.5771E+02  5.0159E+01 -3.0436E+02
0019708   1.2658E+02 -1.4396E+02 -6.6701E+00
0019709   1.9122E+02  3.8193E+01  2.1688E+02
0019710   6.3647E+01  3.4158E+01  1.5879E+02
0019711   3.7064E+02 -2.2871E+01 -7.6938E+01
0019712   2.3260E+02 -6.8565E+01 -6.8061E+01
0019713   1.1676E+02 -1.2488E+02 -8.1303E+01
0019714   1.9895E+02 -6.4646E+01  1.2164E+01
0019715   3.0498E+02 -6.6761E+01 -6.3539E+01
0019716   8.4899E+01 -1.0596E+02 -4.4330E+01
0019717   3.2230E+02  1.0331E+00 -5.9105E+01
0019718   1.8002E+02 -4.5281E+01 -1.3379E+02
0019719   3.6216E+02  1.5928E+02  3.1641E+02
0019720   1.3400E+02  2.5136E+01 -3.4330E+00
0019721   1.2911E+02 -8.6007E+01  3.0037E+01
0019723   6.0812E+02  6.5957E+00  1.3605E+02
0019724   1.9967E+02  7.3512E+01  2.5200E+01
0019725   1.1728E+02  6.5739E+01 -8.0525E+01
0019726   2.2249E+02  7.7081E+01 -5.5536E+01
0019727   1.7437E+02  3.3480E+01 -1.9541E+02
0019728   2.4736E+02  1.3135E+02 -7.1702E+01
0019729   1.6969E+02  7.9309E+01 -3.5541E+02
0019730   4.2422E+02 -7.7455E+01  4.4298E+01
0019731   1.1997E+02 -1.4032E+01  1.9703E+01
0019732   1.6519E+02  1.4531E+02 -7.1337E+01
0019733   1.3708E+02 -3.5738E+02 -1.5114E+02
0019734   1.4284E+02 -4.5529E+00  8.5475E+01
0019735   1.5569E+02 -2.0050E+01  2.6097E+01
0019736   5.3795E+02 -8.3901E+01 -1.4174E+02
0019737   9.7613E+01 -9.3819E+01 -2.4535E+02
0019738   3.1198E+02 -3.2084E+02 -6.8024E+01
0019740   1.8927E+02  1.0385E+02 -5.9948E+01
0019741   2.7039E+02 -3.0559E+02  1.9587E+02
0019742   2.0855E+02  7.2228E+01 -1.2472E+02
0019743   1.2700E+02  2.6203E+00 -2.6196E+01
0019744   3.6959E+02  9.4662E+00 -5.8665E+01
0019745   7.7418E+01 -3.9462E+01 -2.1892E+02
0019746   4.7885E+02  3.7434E+01 -1.6223E+02
0019747   7.0252E+01 -6.4263E+01 -2.0508E+01
0019748   6.3602E+02 -1.6403E+02  3.6528E+02
0019749   2.6976E+02 -1.3344E+00 -5.0777E+01
0019750   5.9081E+02  1.4513E+02  1.7405E+02
0019751   2.3640E+02  2.0409E+02 -5.8808E+01
0019752   3.2796E+02  7.4008E+01 -1.1227E+02
0019753   1.1701E+02  5.4719E+01  3.6394E+01
0019754   8.6827E+01  7.9388E+01  1.9677E+01
0019755   2.2022E+02  3.1639E+01  1.5642E+01
0019756   5.0445E+02  6.2618E+01  1.1615E+01
0019757   3.8075E+02 -2.7484E+00 -2.4535E+02
0019758   2.6220E+02  3.1066E+02 -1.5104E+02
0019759   3.9109E+02 -4.4922E+01 -1.8414E+01
0019760   1.1570E+02  7.3711E+00  1.3368E+02
0019761   2.7575E+02  2.6256E+01 -1.6831E+01
0019762   3.4471E+02 -3.5157E+01 -3.0376E+02
0019763   3.7285E+02  3.1439E+02  1.5756E+02
0019764   1.8578E+02  3.5731E+01 -7.2614E+01
0019765   2.1309E+02  2.3924E+02 -8.4090E+01
0019766   2.9089E+02  6.2180E+01  1.3904E+01
0019767   3.7938E+02  1.1883E+02 -1.5105E+02
0019768   2.7477E+02 -6.8810E+01  3.2324E+00
0019769   1.7325E+02 -7.8470E+01 -5.8695E+01
0019770   2.8759E+02  8.6894E+01 -1.1450E+02
0019771   2.2616E+02  7.0673E+01  1.6589E+02
0019772   1.2631E+02 -1.5189E+02  1.6181E+02
0019774   5.2893E+02  3.9655E+02 -2.5694E+01
0019775   2.5338E+02 -8.8179E+01  5.0301E+01
0019776   6.3932E+01 -4.4522E+00 -8.4061E+01
0019777   3.9888E+02 -4.0502E+02 -2.1730E+02
0019778   1.2817E+02 -1.0608E+02 -8.3598E+01
0019779   1.2665E+02 -1.0821E+02  5.6035E+01
0019780   3.9012E+02  1.7397E+02 -2.9843E+01
0019781   1.7605E+02  4.2163E+01  6.6595E+01
0019782   2.9415E+02  1.0722E+02  1.5196E+02
0019783   1.9416E+02 -3.3019E+01  2.6722E+00
0019784   1.3821E+02 -2.0118E+02  1.7290E+02
0019785   3.5564E+02  3.1203E+01 -2.9330E+02
0019786   8.9570E+01  1.8228E+01  8.3700E+00
0019787   2.2095E+02  2.4780E+01 -7.7418E+01
0019788   8.2695E+02  2.7988E+02  1.6327E+02
0019789   3.1952E+02  2.6024E+02  9.2115E+00
0019791   2.2123E+02 -7.0662E+01 -6.9547E+01
0019792   1.5239E+02 -2.2011E+02 -1.6030E+02
0019793   2.1437E+02 -2.8889E+02 -2.0091E+01
0019794   1.3313E+02 -2.6253E+00 -1.7097E+02
0019795   2.4885E+02  9.5475E+00  1.5632E+01
0019796   2.8055E+02  1.0029E+00 -4.0572E+01
0019797   2.4813E+02  5.6676E+01 -2.3366E+02
0019798   3.6554E+02 -1.3625E+02  1.9752E+02
0019799   1.5291E+02 -1.8000E+01 -3.1479E+01
0019800   4.3606E+02  1.9022E+02 -9.2559E+01
0019801   1.5099E+02 -1.7483E+02  1.1141E+02
0019802   4.1889E+02  2.5213E+01 -2.9323E+02
0019803   3.3733E+02  2.0364E+02 -1.0152E+02
0019804   2.3221E+02  1.1063E+02  2.3334E+01
0019805   7.3202E+01  1.5632E+01 -7.8420E+00
0019806   8.3796E+01 -3.1639E+01 -1.8574E+01
0019807   3.6993E+02  8.6659E+01 -1.9348E+01
0019808   3.7865E+02 -5.3079E+01 -2.3106E+02
0019809   2.5106E+02  6.6863E+01 -1.0105E+02
0019810   1.5174E+02  7.4152E-01  1.8429E+02
0019811   3.7286E+02 -6.8248E+01  5.5686E+00
0019812   8.9616E+01  2.3405E+02  1.0834E+02
0019813   4.1275E+02  1.1816E+02 -1.6261E+02
0019814   2.3406E+02  2.8581E+01  6.6969E+01
0019815   6.4538E+01 -1.1377E+02 -1.9474E+00
0019816   1.4070E+02 -3.4254E+02  2.0929E+02
0019817   2.4753E+02  1.7632E+02  1.3564E+02
0019818   3.1018E+02 -2.2509E+02 -2.3309E+01
0019819   3.4837E+02 -5.2523E+01  1.7129E+02
0019820   3.6700E+02  1.8490E+02 -1.4514E+02
0019821   2.1013E+02  7.9166E+01  6.0136E+01
0019822   2.3910E+02 -1.4741E+02  2.9114E+01
0019823   1.9068E+02  8.9309E-01  1.2801E+02
0019824   2.1190E+02  9.7110E+01  8.8210E+01
0019825   4.5112E+02 -4.4076E+02 -1.5169E+02
0019826   2.7584E+02  3.2510E+02  1.6960E+01
0019827   2.6980E+02 -1.7877E+02  8.3256E+01
0019828   4.4621E+02 -6.4643E+01 -3.7286E+02
0019829   2.3707E+02  7.0426E+01 -7.6553E+01
0019830   1.7447E+01  4.2852E+01 -3.6069E+00
0019831   3.7699E+02 -9.0512E+01  1.6490E+02
0019832   4.6223E+02  1.2696E+02 -8.8824E+01
0019833   1.5026E+02 -7.5950E+01  3.7490E+00
0019834   4.7627E+02 -1.7654E+02 -1.4511E+02
0019835   1.9008E+02 -7.8466E+01 -8.0406E+00
0019836   4.7690E+02  6.5866E+01  1.7275E+02
0019837   1.7223E+02 -3.5562E+02  1.5666E+01
0019838   2.8220E+02 -7.5326E+01  7.1464E+01
0019840   2.5754E+02  1.2344E+02 -1.9826E+02
0019841   4.9141E+02 -1.3368E+02 -1.3256E+01
0019842   2.8624E+02 -2.4932E+01 -3.6958E+00
0019843   3.9181E+02 -7.0972E+01 -7.9817E+01
0019844   5.8746E+01  4.7843E+01  3.7239E+01
0019845   2.1356E+02  1.8783E+02  1.4352E+02
0019846   5.3600E+02  1.1429E+02 -1.7431E+02
0019847   3.3710E+02 -6.3153E+01  4.4496E+01
0019848   4.0968E+02  1.0728E+02  2.0670E+02
0019849   1.7528E+02  3.2107E+01  6.7088E+01
0019850   3.4432E+02  1.3288E+02  1.3277E+01
0019851   1.4299E+02 -6.0867E+01 -7.4927E+01
0019852   1.0438E+02 -1.0431E+02 -3.6367E+01
0019853   1.6625E+02 -3.3691E+02 -3.4887E+01
0019854   4.1690E+02 -9.6339E+01 -9.1147E+01
0019855   2.9620E+02  2.2639E+01  1.5797E+02
0019856   1.9745E+02 -1.7727E+00 -8.9681E+01
0019857   4.8693E+02 -4.6248E+01 -1.1057E+02
0019858   9.7044E+01 -1.0359E+02 -1.5593E+01
0019859   8.9588E+01 -2.9969E+01  7.5779E+01
0019860   1.4318E+02  3.3848E+01 -1.1706E+02
0019862   1.4258E+02  1.8168E+02  1.8252E+02
0019863   2.4177E+02 -1.0805E+02  6.6657E+00
0019864   2.6162E+02 -1.6464E+02  2.5103E+01
0019865   2.1408E+01  5.6596E+01  1.3547E+01
0019866   5.4714E+02 -8.5362E+01  9.1698E+01
0019867   8.4708E+01  1.7250E+02 -1.5701E+02
0019868   1.9554E+02  1.9900E+02 -8.1365E+01
0019870   3.3646E+02  1.0079E+02  5.1779E+01
0019871   1.0917E+02  3.0408E+02 -2.2368E+02
0019872   4.4169E+02 -2.6431E+02  2.5893E+01
0019873   5.5065E+02  3.7785E+02  2.7014E+01
0019874   8.1027E+01  1.7740E+02  6.8474E+01
0019876   5.6387E+01 -2.8277E+00 -9.5887E+01
0019877   3.7226E+02 -2.2775E+02 -5.6725E+01
0019878   2.6854E+02 -1.0509E+02  6.1426E+01
0019879   3.4833E+01  1.0129E+02 -6.2961E+01
0019880   4.3122E+02  7.5748E+01 -1.3019E+02
0019881   7.0067E+01  1.3881E+01 -9.1285E+01
0019882   5.8882E+02 -7.5826E+01  2.9166E+02
0019883   1.7768E+02 -6.8556E+01 -3.0027E+02
0019884   9.7990E+01  4.0697E+01 -2.8524E+02
0019885   2.1517E+02  5.0296E+01 -1.0046E+01
0019886   3.4770E+02  3.1172E+01  1.6396E+02
0019887   3.8564E+02 -7.0450E+01  1.4543E+00
0019888   2.0184E+02 -5.9053E+01 -1.3225E+02
0019889   8.1038E+01 -8.5415E+01  1.9377E+02
0019890   4.3532E+02 -5.4942E+01  9.0443E+01
0019891   1.2527E+02  3.0572E+01  1.1998E+02
0019892   2.9783E+02 -6.2167E+01  1.1058E+02
0019893   3.0363E+02 -9.9134E+01 -3.7326E+01
0019894   1.9037E+02 -1.7704E+02 -2.4640E+02
0019895   3.1598E+02 -2.0276E+02  1.7041E+02
0019896   3.6351E+02  3.6553E+01  1.5919E+02
0019897   2.4175E+02 -5.0546E+01  5.7253E+01
0019898   2.0606E+02  1.3365E+02  2.2909E+01
0019899   4.8095E+02  1.4848E+02  7.0383E+01
0019900   3.8571E+02 -2.9210E+02  7.5803E+01
0019901   4.3922E+02 -4.0680E+01 -2.6203E+01
0019902   1.8153E+02 -3.1294E+00  5.5212E+01
0019903   7.5082E+01 -1.4956E+02 -1.0688E+02
0019904   2.6384E+02  1.1286E+02  1.0576E+02
0019905   3.4963E+02 -1.3688E+01  1.3968E+02
0019906   1.9022E+02 -2.3459E+01  2.3163E+02
0019907   4.2104E+02 -2.9594E+01 -4.9250E+01
0019908   6.5761E+01 -1.4647E+02  4.9610E+01
0019909   3.9913E+02 -1.5008E+02  4.6142E+01
0019910   5.2205E+02  1.4003E+02  7.4984E+01
0019911   3.7009E+02 -1.1293E+02 -1.5073E+01
0019912   3.9948E+01 -2.0157E+01 -1.3923E+01
0019913   4.3400E+02 -1.0318E+02 -1.7746E+02
0019914   1.3504E+02 -1.7261E+02 -2.5330E-01
0019915   1.9313E+02 -1.0605E+02  1.0334E+01
0019916   3.3789E+02 -2.1009E+02 -5.8586E+01
0019917   3.9127E+02  1.1125E+02 -1.6931E+00
0019918   2.8945E+02 -2.0092E+02 -1.5220E+01
0019919   1.9765E+02 -2.1833E+00 -1.1458E+02
0019920   2.0355E+02 -1.1205E+02 -1.6213E+02
0019921   2.8836E+02 -2.6440E+01 -8.7948E+01
0019922   3.8605E+02 -2.3918E+02 -2.5474E+02
0019924   3.0536E+02 -1.3783E+02 -1.0443E+01
0019925   5.3855E+01  4.8216E+01  1.0762E+02
0019926   2.4445E+02 -1.8393E+02 -1.2897E+02
0019927   3.8685E+01 -3.5492E+01  2.3702E+00
0019928   8.9862E+01  1.9191E+02  2.1950E+01
0019929   3.0072E+01  1.1092E+02 -8.7374E+01
0019930   1.8725E+02 -4.7702E+01 -1.5882E+02
0019931   2.1977E+02 -1.2469E+00 -2.3220E+01
0019932   2.0559E+02 -3.1071E+02  2.0910E+02
0019933   1.5535E+02 -1.7510E+02  9.9929E+01
0019934   2.7676E+02  1.0493E+01 -9.7253E+01
0019935   4.9637E+01 -1.5687E+01  1.1186E+02
0019936   9.6711E+01  1.4173E+01  1.7714E+02
0019937   1.3688E+02 -1.2543E+02 -1.3120E+02
0019938   1.5211E+02  6.7041E+01  7.9589E+00
0019939   3.4155E+02 -8.5313E+01  7.3060E+01
0019940   5.7923E+02  7.2324E+00  2.1989E+02
0019941   2.6697E+02 -5.5304E+01 -6.4628E+01
0019942   5.2535E+02  4.5201E+01 -7.6920E+01
0019944   1.3003E+02 -6.8107E+01 -1.6818E+01
0019945   1.8241E+02  3.4799E+02 -7.4160E+01
0019946   6.0509E+01 -3.6470E+01  2.2730E+02
0019947   1.0701E+02  1.2960E+02 -2.9619E+02
0019948   2.4923E+02  1.1972E+01  1.9079E+02
0019949   6.3501E+01  1.7154E+02 -9.9969E+01
0019950   4.2742E+02 -1.9932E+00  3.2982E+02
0019951   3.6590E+02 -5.0514E+01  5.4715E+01
0019952   2.5611E+02  6.6374E+01 -3.9982E+01
0019953   1.0453E+02  2.4109E+01  2.0052E+01
0019954   1.9745E+02  1.8615E+02 -1.2570E+02
0019955   1.9257E+02 -3.5614E+01 -1.1770E+01
0019956   2.4407E+02  1.7095E+02  2.6922E+01
0019957   2.9290E+02 -2.1873E+02  4.4084E+01
0019958   2.9629E+02 -1.4482E+02  9.2830E+01
0019959   3.7297E+02  1.0896E+02  1.3521E+02
0019960   5.2687E+02 -7.1333E+01  3.1122E+02
0019961   1.4260E+01 -2.6990E+02 -8.1623E+01
0019962   2.2196E+02  3.7664E+02  4.4861E+01
0019963   1.0666E+02  3.6034E+01 -4.2842E+01
0019964   9.6033E+01  2.9265E+01  7.7260E+01
0019965   2.5210E+02  7.7542E+01 -1.6667E+02
0019966   2.3492E+02 -3.4300E+01 -2.3729E+01
0019967   4.5217E+02 -3.4537E+02 -2.0205E+01
0019968   5.4090E+02  6.0598E+01 -1.7061E+01
0019969   1.4355E+02  4.9966E+01  1.0247E+02
0019970   2.1079E+02 -5.1066E+01 -2.7773E+00
0019971   1.8528E+02 -6.4384E+01  8.3247E+01
0019972   4.7957E+02 -1.1123E+02 -1.4212E+01
0019973   2.5650E+02  1.6780E+02 -9.5461E+00
0019974   9.3882E+01  3.6130E+01  1.2297E+02
0019975   3.6537E+02  3.9058E+01 -4.2849E+01
0019976   2.8084E+02  1.0363E+02 -4.5400E+01
0019977   1.1799E+02 -1.8591E+02 -1.1270E+02
0019978   4.3605E+02  1.5340E+02  2.1474E+02
0019979   1.8363E+02  1.1100E+02  1.6676E+02
0019980   2.6106E+02  4.2659E+02 -8.1010E+01
0019981   1.6594E+02 -2.3157E+02 -3.3770E+01
0019982   2.1735E+02  2.4708E+01 -1.3801E+01
0019983   2.1654E+02 -2.0584E+02  7.4343E+01
0019984   3.6351E+02  1.7461E+01 -1.9981E+02
0019985   3.7356E+02 -2.3381E+02  1.3638E+01
0019986   3.0790E+02 -1.1124E+02  4.0407E+01
0019987   4.7828E+02 -4.8085E+01  7.5440E+01
0019988   3.4846E+02 -2.2183E+02  4.1448E+01
0019989   8.5878E+01 -8.5114E+01  1.0068E+01
0019990   5.9101E+02 -8.9812E+01 -2.3987E+02
0019991   3.5183E+02  9.6439E+01  7.6029E-01
0019992   2.4047E+02  1.2756E+02 -7.3473E+01
0019993   2.9413E+02  1.6157E+02  1.3317E+02
0019995   3.1255E+02  2.4071E+02  2.9874E+01
0019996   5.6858E+02  2.2307E-01  4.5994E+02
0019997   8.3806E+01  2.2390E+02  1.6338E+02
0019998   3.6067E+02 -8.2087E+01  3.9871E+01
0019999   1.3982E+02  5.1713E+01  4.1558E+01
0020000   1.3168E+02  2.2361E+02 -1.8115E+01
